hypothesis_id,origin_id,direction,pivot_side,pivot_index,pivot_time_utc,pivot_confirm_index,pivot_confirm_time_utc,pivot_price,break_index,break_time_utc,hold_index,hold_time_utc,retest_index,retest_time_utc,decision_time_utc,passage_lag,entry_reference_available,entry_reference_index,entry_reference_time_utc,entry_reference_price,atr14_mt5_retest,complex_extreme,initial_stop,initial_risk_pips,geometry_valid,cost_r_0_5,cost_r_1_5,cost_r_2_25,cost_r_3_0,calendar_year
HYP-SCC-EURUSD-M5-001,HIGH:239:2019-01-03T00:15:00,LONG,HIGH,239,2019-01-03 00:00:00,241,2019-01-03 00:10:00,1.13368,242,2019-01-03 00:15:00,243,2019-01-03 00:20:00,244,2019-01-03 00:25:00,2019-01-03 00:25:00,1,True,245,2019-01-03 00:30:00,1.13412,0.000957142857143,1.13345,1.13321071429,9.09285714286,True,0.0549882168107,0.164964650432,0.247446975648,0.329929300864,2019
HYP-SCC-EURUSD-M5-001,LOW:4277:2019-01-23T01:05:00,SHORT,LOW,4277,2019-01-23 00:50:00,4279,2019-01-23 01:00:00,1.13616,4280,2019-01-23 01:05:00,4281,2019-01-23 01:10:00,4282,2019-01-23 01:15:00,2019-01-23 01:15:00,1,True,4283,2019-01-23 01:20:00,1.13614,0.000167857142857,1.13629,1.13633196429,1.91964285714,True,0.260465116279,0.781395348837,1.17209302325,1.56279069767,2019
HYP-SCC-EURUSD-M5-001,HIGH:5409:2019-01-29T00:00:00,LONG,HIGH,5409,2019-01-28 23:25:00,5411,2019-01-28 23:35:00,1.14308,5416,2019-01-29 00:00:00,5417,2019-01-29 00:05:00,5418,2019-01-29 00:10:00,2019-01-29 00:10:00,1,True,5419,2019-01-29 00:15:00,1.14311,0.000141428571429,1.14286,1.14282464286,2.85357142857,True,0.17521902378,0.525657071339,0.788485607009,1.05131414268,2019
HYP-SCC-EURUSD-M5-001,HIGH:5988:2019-01-31T00:00:00,LONG,HIGH,5988,2019-01-30 23:40:00,5990,2019-01-30 23:50:00,1.1489,5992,2019-01-31 00:00:00,5993,2019-01-31 00:05:00,5995,2019-01-31 00:15:00,2019-01-31 00:15:00,2,True,5996,2019-01-31 00:20:00,1.14906,0.000277857142857,1.14839,1.14832053571,7.39464285714,True,0.0676165177493,0.202849553248,0.304274329872,0.405699106496,2019
HYP-SCC-EURUSD-M5-001,HIGH:6275:2019-02-01T00:10:00,LONG,HIGH,6275,2019-01-31 23:35:00,6277,2019-01-31 23:45:00,1.14471,6282,2019-02-01 00:10:00,6283,2019-02-01 00:15:00,6285,2019-02-01 00:25:00,2019-02-01 00:25:00,2,True,6286,2019-02-01 00:30:00,1.14477,0.000148571428571,1.14459,1.14455285714,2.17142857143,True,0.230263157895,0.690789473684,1.03618421053,1.38157894737,2019
HYP-SCC-EURUSD-M5-001,HIGH:8867:2019-02-14T00:35:00,LONG,HIGH,8867,2019-02-13 23:55:00,8869,2019-02-14 00:05:00,1.12645,8875,2019-02-14 00:35:00,8876,2019-02-14 00:40:00,8878,2019-02-14 00:50:00,2019-02-14 00:50:00,2,True,8879,2019-02-14 00:55:00,1.12645,0.000198571428571,1.1263,1.12625035714,1.99642857143,True,0.250447227192,0.751341681575,1.12701252236,1.50268336315,2019
HYP-SCC-EURUSD-M5-001,LOW:9418:2019-02-17T22:25:00,SHORT,LOW,9418,2019-02-15 21:50:00,9420,2019-02-17 22:10:00,1.12901,9423,2019-02-17 22:25:00,9424,2019-02-17 22:30:00,9426,2019-02-17 22:40:00,2019-02-17 22:40:00,2,True,9427,2019-02-17 22:45:00,1.12899,0.000128571428571,1.12913,1.12916214286,1.72142857143,True,0.290456431535,0.871369294606,1.30705394191,1.74273858921,2019
HYP-SCC-EURUSD-M5-001,HIGH:10015:2019-02-20T00:00:00,LONG,HIGH,10015,2019-02-19 23:45:00,10017,2019-02-19 23:55:00,1.13406,10018,2019-02-20 00:00:00,10019,2019-02-20 00:05:00,10026,2019-02-20 00:40:00,2019-02-20 00:40:00,7,True,10027,2019-02-20 00:45:00,1.13411,0.000167857142857,1.13393,1.13388803571,2.21964285714,True,0.225261464199,0.675784392598,1.0136765889,1.3515687852,2019
HYP-SCC-EURUSD-M5-001,HIGH:14057:2019-03-12T01:35:00,LONG,HIGH,14057,2019-03-12 01:20:00,14059,2019-03-12 01:30:00,1.12596,14060,2019-03-12 01:35:00,14061,2019-03-12 01:40:00,14062,2019-03-12 01:45:00,2019-03-12 01:45:00,1,True,14063,2019-03-12 01:50:00,1.12598,0.000154285714286,1.12586,1.12582142857,1.58571428571,True,0.315315315316,0.945945945947,1.41891891892,1.89189189189,2019
HYP-SCC-EURUSD-M5-001,HIGH:15179:2019-03-18T00:25:00,LONG,HIGH,15179,2019-03-18 00:00:00,15181,2019-03-18 00:10:00,1.13223,15184,2019-03-18 00:25:00,15185,2019-03-18 00:30:00,15188,2019-03-18 00:45:00,2019-03-18 00:45:00,3,True,15189,2019-03-18 00:50:00,1.13224,0.000129285714286,1.13213,1.13209767857,1.42321428571,True,0.351317440402,1.05395232121,1.58092848181,2.10790464241,2019
HYP-SCC-EURUSD-M5-001,LOW:19468:2019-04-07T23:15:00,SHORT,LOW,19468,2019-04-07 23:00:00,19470,2019-04-07 23:10:00,1.12178,19471,2019-04-07 23:15:00,19472,2019-04-07 23:20:00,19478,2019-04-07 23:50:00,2019-04-07 23:50:00,6,True,19479,2019-04-07 23:55:00,1.12177,9.07142857143e-05,1.12187,1.12189267857,1.22678571429,True,0.407569141194,1.22270742358,1.83406113537,2.44541484716,2019
HYP-SCC-EURUSD-M5-001,HIGH:19764:2019-04-09T00:00:00,LONG,HIGH,19764,2019-04-08 23:40:00,19766,2019-04-08 23:50:00,1.12568,19768,2019-04-09 00:00:00,19769,2019-04-09 00:05:00,19772,2019-04-09 00:20:00,2019-04-09 00:20:00,3,True,19773,2019-04-09 00:25:00,1.12574,0.000116428571428,1.12551,1.12548089286,2.59107142857,True,0.192970365265,0.578911095796,0.868366643694,1.15782219159,2019
HYP-SCC-EURUSD-M5-001,LOW:20626:2019-04-12T00:05:00,SHORT,LOW,20626,2019-04-11 23:45:00,20628,2019-04-11 23:55:00,1.12597,20630,2019-04-12 00:05:00,20631,2019-04-12 00:10:00,20632,2019-04-12 00:15:00,2019-04-12 00:15:00,1,True,20633,2019-04-12 00:20:00,1.12592,0.000140714285714,1.12599,1.12602517857,1.05178571429,True,0.475382003396,1.42614601019,2.13921901528,2.85229202037,2019
HYP-SCC-EURUSD-M5-001,LOW:21211:2019-04-16T01:15:00,SHORT,LOW,21211,2019-04-16 00:45:00,21213,2019-04-16 00:55:00,1.1302,21217,2019-04-16 01:15:00,21218,2019-04-16 01:20:00,21220,2019-04-16 01:30:00,2019-04-16 01:30:00,2,True,21221,2019-04-16 01:35:00,1.12992,0.000171428571429,1.13043,1.13047285714,5.52857142857,True,0.0904392764858,0.271317829457,0.406976744186,0.542635658915,2019
HYP-SCC-EURUSD-M5-001,LOW:21778:2019-04-18T00:25:00,SHORT,LOW,21778,2019-04-18 00:00:00,21780,2019-04-18 00:10:00,1.12958,21783,2019-04-18 00:25:00,21784,2019-04-18 00:30:00,21786,2019-04-18 00:40:00,2019-04-18 00:40:00,2,True,21787,2019-04-18 00:45:00,1.12956,0.000145714285714,1.12976,1.12979642857,2.36428571428,True,0.211480362538,0.634441087614,0.95166163142,1.26888217523,2019
HYP-SCC-EURUSD-M5-001,HIGH:22067:2019-04-19T00:45:00,LONG,HIGH,22067,2019-04-19 00:10:00,22069,2019-04-19 00:20:00,1.12357,22074,2019-04-19 00:45:00,22075,2019-04-19 00:50:00,22076,2019-04-19 00:55:00,2019-04-19 00:55:00,1,True,22077,2019-04-19 01:00:00,1.12393,0.000104285714286,1.12354,1.12351392857,4.16071428571,True,0.12017167382,0.360515021459,0.540772532189,0.721030042918,2019
HYP-SCC-EURUSD-M5-001,LOW:22319:2019-04-21T22:00:00,SHORT,LOW,22319,2019-04-21 21:25:00,22321,2019-04-21 21:35:00,1.12402,22326,2019-04-21 22:00:00,22327,2019-04-21 22:05:00,22330,2019-04-21 22:20:00,2019-04-21 22:20:00,3,True,22331,2019-04-21 22:25:00,1.12401,0.000234285714286,1.12427,1.12432857143,3.18571428572,True,0.156950672646,0.470852017937,0.706278026905,0.941704035874,2019
HYP-SCC-EURUSD-M5-001,LOW:23209:2019-04-25T00:00:00,SHORT,LOW,23209,2019-04-24 23:35:00,23211,2019-04-24 23:45:00,1.11497,23214,2019-04-25 00:00:00,23215,2019-04-25 00:05:00,23219,2019-04-25 00:25:00,2019-04-25 00:25:00,4,True,23220,2019-04-25 00:30:00,1.11495,0.000242142857143,1.11533,1.11539053571,4.40535714286,True,0.113498175922,0.340494527766,0.51074179165,0.680989055533,2019
HYP-SCC-EURUSD-M5-001,LOW:23481:2019-04-26T00:00:00,SHORT,LOW,23481,2019-04-25 22:15:00,23483,2019-04-25 22:25:00,1.1134,23502,2019-04-26 00:00:00,23503,2019-04-26 00:05:00,23504,2019-04-26 00:10:00,2019-04-26 00:10:00,1,True,23505,2019-04-26 00:15:00,1.11332,0.000164285714286,1.11362,1.11366107143,3.41071428571,True,0.146596858639,0.439790575916,0.659685863874,0.879581151832,2019
HYP-SCC-EURUSD-M5-001,LOW:28091:2019-05-20T00:00:00,SHORT,LOW,28091,2019-05-19 23:30:00,28093,2019-05-19 23:40:00,1.11618,28097,2019-05-20 00:00:00,28098,2019-05-20 00:05:00,28101,2019-05-20 00:20:00,2019-05-20 00:20:00,3,True,28102,2019-05-20 00:25:00,1.1161,0.000173571428571,1.11651,1.11655339286,4.53392857143,True,0.110279637653,0.330838912958,0.496258369437,0.661677825916,2019
HYP-SCC-EURUSD-M5-001,LOW:29251:2019-05-24T00:45:00,SHORT,LOW,29251,2019-05-24 00:25:00,29253,2019-05-24 00:35:00,1.11802,29255,2019-05-24 00:45:00,29256,2019-05-24 00:50:00,29258,2019-05-24 01:00:00,2019-05-24 01:00:00,2,True,29259,2019-05-24 01:05:00,1.11801,0.000152857142857,1.11814,1.11817821429,1.68214285714,True,0.297239915074,0.891719745223,1.33757961783,1.78343949045,2019
HYP-SCC-EURUSD-M5-001,HIGH:33257:2019-06-13T00:10:00,LONG,HIGH,33257,2019-06-12 23:20:00,33259,2019-06-12 23:30:00,1.1294,33267,2019-06-13 00:10:00,33268,2019-06-13 00:15:00,33270,2019-06-13 00:25:00,2019-06-13 00:25:00,2,True,33271,2019-06-13 00:30:00,1.12943,0.000115714285714,1.12927,1.12924107143,1.88928571428,True,0.264650283554,0.793950850662,1.19092627599,1.58790170132,2019
HYP-SCC-EURUSD-M5-001,HIGH:33802:2019-06-16T21:30:00,LONG,HIGH,33802,2019-06-14 20:45:00,33804,2019-06-16 21:05:00,1.12121,33809,2019-06-16 21:30:00,33810,2019-06-16 21:35:00,33812,2019-06-16 21:45:00,2019-06-16 21:45:00,2,True,33813,2019-06-16 21:50:00,1.12124,0.000159285714286,1.12107,1.12103017857,2.09821428572,True,0.23829787234,0.714893617021,1.07234042553,1.42978723404,2019
HYP-SCC-EURUSD-M5-001,HIGH:35238:2019-06-23T21:40:00,LONG,HIGH,35238,2019-06-21 20:45:00,35240,2019-06-23 21:05:00,1.13726,35247,2019-06-23 21:40:00,35248,2019-06-23 21:45:00,35249,2019-06-23 21:50:00,2019-06-23 21:50:00,1,True,35250,2019-06-23 21:55:00,1.13728,0.000244285714286,1.13712,1.13705892857,2.21071428572,True,0.226171243942,0.678513731825,1.01777059774,1.35702746365,2019
HYP-SCC-EURUSD-M5-001,HIGH:35560:2019-06-25T00:05:00,LONG,HIGH,35560,2019-06-24 23:50:00,35562,2019-06-25 00:00:00,1.13999,35563,2019-06-25 00:05:00,35564,2019-06-25 00:10:00,35572,2019-06-25 00:50:00,2019-06-25 00:50:00,8,True,35573,2019-06-25 00:55:00,1.14013,0.000232857142857,1.13971,1.13965178571,4.78214285714,True,0.104555638536,0.313666915609,0.470500373413,0.627333831217,2019
HYP-SCC-EURUSD-M5-001,LOW:36131:2019-06-27T00:00:00,SHORT,LOW,36131,2019-06-26 23:25:00,36133,2019-06-26 23:35:00,1.13719,36138,2019-06-27 00:00:00,36139,2019-06-27 00:05:00,36141,2019-06-27 00:15:00,2019-06-27 00:15:00,2,True,36142,2019-06-27 00:20:00,1.13712,0.000122142857143,1.1374,1.13743053571,3.10535714286,True,0.161012075906,0.483036227717,0.724554341575,0.966072455434,2019
HYP-SCC-EURUSD-M5-001,LOW:36997:2019-07-02T00:05:00,SHORT,LOW,36997,2019-07-01 23:45:00,36999,2019-07-01 23:55:00,1.12855,37001,2019-07-02 00:05:00,37002,2019-07-02 00:10:00,37003,2019-07-02 00:15:00,2019-07-02 00:15:00,1,True,37004,2019-07-02 00:20:00,1.12854,0.000154285714286,1.12869,1.12872857143,1.88571428571,True,0.265151515152,0.795454545455,1.19318181818,1.59090909091,2019
HYP-SCC-EURUSD-M5-001,LOW:38716:2019-07-10T00:00:00,SHORT,LOW,38716,2019-07-09 23:15:00,38718,2019-07-09 23:25:00,1.1204,38725,2019-07-10 00:00:00,38726,2019-07-10 00:05:00,38729,2019-07-10 00:20:00,2019-07-10 00:20:00,3,True,38730,2019-07-10 00:25:00,1.12039,0.000117142857143,1.12042,1.12044928571,0.592857142856,True,0.843373493978,2.53012048193,3.7951807229,5.06024096387,2019
HYP-SCC-EURUSD-M5-001,HIGH:39581:2019-07-15T00:30:00,LONG,HIGH,39581,2019-07-14 23:30:00,39583,2019-07-14 23:40:00,1.12717,39593,2019-07-15 00:30:00,39594,2019-07-15 00:35:00,39595,2019-07-15 00:40:00,2019-07-15 00:40:00,1,True,39596,2019-07-15 00:45:00,1.12718,0.000127857142857,1.12702,1.12698803571,1.91964285714,True,0.260465116279,0.781395348837,1.17209302325,1.56279069767,2019
HYP-SCC-EURUSD-M5-001,LOW:40137:2019-07-17T00:05:00,SHORT,LOW,40137,2019-07-16 21:50:00,40139,2019-07-16 22:00:00,1.12092,40164,2019-07-17 00:05:00,40165,2019-07-17 00:10:00,40166,2019-07-17 00:15:00,2019-07-17 00:15:00,1,True,40167,2019-07-17 00:20:00,1.12091,0.000132142857143,1.12109,1.12112303571,2.13035714286,True,0.234702430847,0.70410729254,1.05616093881,1.40821458508,2019
HYP-SCC-EURUSD-M5-001,LOW:41883:2019-07-25T00:00:00,SHORT,LOW,41883,2019-07-24 23:30:00,41885,2019-07-24 23:40:00,1.11405,41889,2019-07-25 00:00:00,41890,2019-07-25 00:05:00,41901,2019-07-25 01:00:00,2019-07-25 01:00:00,11,True,41902,2019-07-25 01:05:00,1.11371,0.000197857142857,1.1142,1.11424946429,5.39464285714,True,0.0926845415425,0.278053624628,0.417080436941,0.556107249255,2019
HYP-SCC-EURUSD-M5-001,HIGH:42170:2019-07-26T00:20:00,LONG,HIGH,42170,2019-07-25 23:25:00,42172,2019-07-25 23:35:00,1.11474,42181,2019-07-26 00:20:00,42182,2019-07-26 00:25:00,42186,2019-07-26 00:45:00,2019-07-26 00:45:00,4,True,42187,2019-07-26 00:50:00,1.11487,0.000152142857143,1.11462,1.11458196429,2.88035714286,True,0.173589584625,0.520768753875,0.781153130812,1.04153750775,2019
HYP-SCC-EURUSD-M5-001,HIGH:42770:2019-07-30T02:00:00,LONG,HIGH,42770,2019-07-30 01:40:00,42772,2019-07-30 01:50:00,1.11393,42774,2019-07-30 02:00:00,42775,2019-07-30 02:05:00,42776,2019-07-30 02:10:00,2019-07-30 02:10:00,1,True,42777,2019-07-30 02:15:00,1.11396,0.000225,1.11374,1.11368375,2.7625,True,0.180995475113,0.542986425339,0.814479638008,1.08597285068,2019
HYP-SCC-EURUSD-M5-001,HIGH:43340:2019-08-01T01:30:00,LONG,HIGH,43340,2019-08-01 01:10:00,43342,2019-08-01 01:20:00,1.10444,43344,2019-08-01 01:30:00,43345,2019-08-01 01:35:00,43357,2019-08-01 02:35:00,2019-08-01 02:35:00,12,True,43358,2019-08-01 02:40:00,1.10459,0.000295714285714,1.10437,1.10429607143,2.93928571429,True,0.170109356015,0.510328068044,0.765492102066,1.02065613609,2019
HYP-SCC-EURUSD-M5-001,LOW:43870:2019-08-04T21:55:00,SHORT,LOW,43870,2019-08-04 21:30:00,43872,2019-08-04 21:40:00,1.11092,43875,2019-08-04 21:55:00,43876,2019-08-04 22:00:00,43878,2019-08-04 22:10:00,2019-08-04 22:10:00,2,True,43879,2019-08-04 22:15:00,1.11078,0.000255714285714,1.11098,1.11104392857,2.63928571429,True,0.189445196211,0.568335588633,0.85250338295,1.13667117727,2019
HYP-SCC-EURUSD-M5-001,HIGH:44752:2019-08-08T00:00:00,LONG,HIGH,44752,2019-08-07 23:00:00,44754,2019-08-07 23:10:00,1.12061,44764,2019-08-08 00:00:00,44765,2019-08-08 00:05:00,44766,2019-08-08 00:10:00,2019-08-08 00:10:00,1,True,44767,2019-08-08 00:15:00,1.12075,0.000208571428571,1.12033,1.12027785714,4.72142857143,True,0.105900151286,0.317700453858,0.476550680787,0.635400907716,2019
HYP-SCC-EURUSD-M5-001,HIGH:45328:2019-08-12T00:35:00,LONG,HIGH,45328,2019-08-11 23:10:00,45330,2019-08-11 23:20:00,1.12033,45345,2019-08-12 00:35:00,45346,2019-08-12 00:40:00,45353,2019-08-12 01:15:00,2019-08-12 01:15:00,7,True,45354,2019-08-12 01:20:00,1.12051,0.000180714285714,1.12028,1.12023482143,2.75178571429,True,0.181700194679,0.545100584036,0.817650876055,1.09020116807,2019
HYP-SCC-EURUSD-M5-001,HIGH:45902:2019-08-14T00:10:00,LONG,HIGH,45902,2019-08-13 23:00:00,45904,2019-08-13 23:10:00,1.11748,45916,2019-08-14 00:10:00,45917,2019-08-14 00:15:00,45923,2019-08-14 00:45:00,2019-08-14 00:45:00,6,True,45924,2019-08-14 00:50:00,1.11764,0.00022,1.1173,1.117245,3.95,True,0.126582278481,0.379746835443,0.569620253165,0.759493670886,2019
HYP-SCC-EURUSD-M5-001,HIGH:46215:2019-08-15T01:35:00,LONG,HIGH,46215,2019-08-15 01:05:00,46217,2019-08-15 01:15:00,1.11444,46221,2019-08-15 01:35:00,46222,2019-08-15 01:40:00,46223,2019-08-15 01:45:00,2019-08-15 01:45:00,1,True,46224,2019-08-15 01:50:00,1.11454,0.000255714285714,1.11424,1.11417607143,3.63928571429,True,0.137389597645,0.412168792934,0.618253189401,0.824337585868,2019
HYP-SCC-EURUSD-M5-001,LOW:46761:2019-08-19T00:00:00,SHORT,LOW,46761,2019-08-18 23:25:00,46763,2019-08-18 23:35:00,1.10918,46768,2019-08-19 00:00:00,46769,2019-08-19 00:05:00,46778,2019-08-19 00:50:00,2019-08-19 00:50:00,9,True,46779,2019-08-19 00:55:00,1.10917,0.000182857142857,1.10926,1.10930571429,1.35714285714,True,0.368421052632,1.1052631579,1.65789473684,2.21052631579,2019
HYP-SCC-EURUSD-M5-001,LOW:47632:2019-08-22T00:50:00,SHORT,LOW,47632,2019-08-22 00:00:00,47634,2019-08-22 00:10:00,1.1088,47642,2019-08-22 00:50:00,47643,2019-08-22 00:55:00,47649,2019-08-22 01:25:00,2019-08-22 01:25:00,6,True,47650,2019-08-22 01:30:00,1.10879,0.000138571428571,1.10881,1.10884464286,0.546428571431,True,0.915032679735,2.7450980392,4.11764705881,5.49019607841,2019
HYP-SCC-EURUSD-M5-001,LOW:47919:2019-08-23T00:30:00,SHORT,LOW,47919,2019-08-23 00:00:00,47921,2019-08-23 00:10:00,1.10807,47925,2019-08-23 00:30:00,47926,2019-08-23 00:35:00,47927,2019-08-23 00:40:00,2019-08-23 00:40:00,1,True,47928,2019-08-23 00:45:00,1.10801,0.000175,1.10817,1.10821375,2.0375,True,0.245398773006,0.736196319018,1.10429447853,1.47239263804,2019
HYP-SCC-EURUSD-M5-001,HIGH:48491:2019-08-27T00:05:00,LONG,HIGH,48491,2019-08-26 23:50:00,48493,2019-08-27 00:00:00,1.11024,48494,2019-08-27 00:05:00,48495,2019-08-27 00:10:00,48496,2019-08-27 00:15:00,2019-08-27 00:15:00,1,True,48497,2019-08-27 00:20:00,1.11029,0.000135714285714,1.11013,1.11009607143,1.93928571429,True,0.257826887661,0.773480662984,1.16022099448,1.54696132597,2019
HYP-SCC-EURUSD-M5-001,LOW:49638:2019-09-02T00:15:00,SHORT,LOW,49638,2019-09-01 23:35:00,49640,2019-09-01 23:45:00,1.09895,49646,2019-09-02 00:15:00,49647,2019-09-02 00:20:00,49648,2019-09-02 00:25:00,2019-09-02 00:25:00,1,True,49649,2019-09-02 00:30:00,1.09893,0.000150714285714,1.09905,1.09908767857,1.57678571429,True,0.317100792752,0.951302378255,1.42695356738,1.90260475651,2019
HYP-SCC-EURUSD-M5-001,HIGH:50230:2019-09-04T01:15:00,LONG,HIGH,50230,2019-09-04 01:00:00,50232,2019-09-04 01:10:00,1.09764,50233,2019-09-04 01:15:00,50234,2019-09-04 01:20:00,50235,2019-09-04 01:25:00,2019-09-04 01:25:00,1,True,50236,2019-09-04 01:30:00,1.09771,0.000234285714286,1.09756,1.09750142857,2.08571428571,True,0.239726027397,0.719178082192,1.07876712329,1.43835616438,2019
HYP-SCC-EURUSD-M5-001,LOW:51063:2019-09-08T23:00:00,SHORT,LOW,51063,2019-09-08 22:35:00,51065,2019-09-08 22:45:00,1.10238,51068,2019-09-08 23:00:00,51069,2019-09-08 23:05:00,51073,2019-09-08 23:25:00,2019-09-08 23:25:00,4,True,51074,2019-09-08 23:30:00,1.1023,7.71428571429e-05,1.10246,1.10247928571,1.79285714286,True,0.278884462151,0.836653386454,1.25498007968,1.67330677291,2019
HYP-SCC-EURUSD-M5-001,LOW:51078:2019-09-09T00:45:00,SHORT,LOW,51078,2019-09-08 23:50:00,51080,2019-09-09 00:00:00,1.10194,51089,2019-09-09 00:45:00,51090,2019-09-09 00:50:00,51094,2019-09-09 01:10:00,2019-09-09 01:10:00,4,True,51095,2019-09-09 01:15:00,1.10188,0.000218571428571,1.10208,1.10213464286,2.54642857143,True,0.196353436185,0.589060308555,0.883590462833,1.17812061711,2019
HYP-SCC-EURUSD-M5-001,HIGH:51649:2019-09-11T00:10:00,LONG,HIGH,51649,2019-09-10 23:25:00,51651,2019-09-10 23:35:00,1.105,51658,2019-09-11 00:10:00,51659,2019-09-11 00:15:00,51661,2019-09-11 00:25:00,2019-09-11 00:25:00,2,True,51662,2019-09-11 00:30:00,1.1055,0.00021,1.10494,1.1048875,6.125,True,0.0816326530612,0.244897959184,0.367346938776,0.489795918367,2019
HYP-SCC-EURUSD-M5-001,LOW:52483:2019-09-15T21:20:00,SHORT,LOW,52483,2019-09-15 21:00:00,52485,2019-09-15 21:10:00,1.1072,52487,2019-09-15 21:20:00,52488,2019-09-15 21:25:00,52492,2019-09-15 21:45:00,2019-09-15 21:45:00,4,True,52493,2019-09-15 21:50:00,1.10707,0.000175,1.10734,1.10738375,3.1375,True,0.159362549801,0.478087649403,0.717131474104,0.956175298805,2019
HYP-SCC-EURUSD-M5-001,HIGH:53927:2019-09-22T22:00:00,LONG,HIGH,53927,2019-09-22 21:30:00,53929,2019-09-22 21:40:00,1.10176,53933,2019-09-22 22:00:00,53934,2019-09-22 22:05:00,53937,2019-09-22 22:20:00,2019-09-22 22:20:00,3,True,53938,2019-09-22 22:25:00,1.10177,0.000171428571429,1.10156,1.10151714286,2.52857142857,True,0.197740112994,0.593220338983,0.889830508475,1.18644067797,2019
HYP-SCC-EURUSD-M5-001,HIGH:54241:2019-09-24T00:05:00,LONG,HIGH,54241,2019-09-23 23:40:00,54243,2019-09-23 23:50:00,1.09929,54246,2019-09-24 00:05:00,54247,2019-09-24 00:10:00,54248,2019-09-24 00:15:00,2019-09-24 00:15:00,1,True,54249,2019-09-24 00:20:00,1.09942,0.000162857142857,1.09922,1.09917928571,2.40714285714,True,0.207715133531,0.623145400593,0.93471810089,1.24629080119,2019
HYP-SCC-EURUSD-M5-001,HIGH:55363:2019-09-29T22:05:00,LONG,HIGH,55363,2019-09-29 21:20:00,55365,2019-09-29 21:30:00,1.09426,55372,2019-09-29 22:05:00,55373,2019-09-29 22:10:00,55380,2019-09-29 22:45:00,2019-09-29 22:45:00,7,True,55381,2019-09-29 22:50:00,1.09432,0.000127857142857,1.09417,1.09413803571,1.81964285714,True,0.27477919529,0.824337585869,1.2365063788,1.64867517174,2019
HYP-SCC-EURUSD-M5-001,LOW:55989:2019-10-02T02:00:00,SHORT,LOW,55989,2019-10-02 01:30:00,55991,2019-10-02 01:40:00,1.0937,55995,2019-10-02 02:00:00,55996,2019-10-02 02:05:00,56006,2019-10-02 02:55:00,2019-10-02 02:55:00,10,True,56007,2019-10-02 03:00:00,1.09369,0.000163571428571,1.09375,1.09379089286,1.00892857143,True,0.495575221239,1.48672566372,2.23008849557,2.97345132743,2019
HYP-SCC-EURUSD-M5-001,LOW:57404:2019-10-09T00:20:00,SHORT,LOW,57404,2019-10-08 23:35:00,57406,2019-10-08 23:45:00,1.09584,57413,2019-10-09 00:20:00,57414,2019-10-09 00:25:00,57420,2019-10-09 00:55:00,2019-10-09 00:55:00,6,True,57421,2019-10-09 01:00:00,1.09577,0.000125714285714,1.09591,1.09594142857,1.71428571428,True,0.291666666667,0.875,1.3125,1.75,2019
HYP-SCC-EURUSD-M5-001,LOW:58228:2019-10-13T21:10:00,SHORT,LOW,58228,2019-10-11 20:15:00,58230,2019-10-11 20:25:00,1.10349,58237,2019-10-13 21:10:00,58238,2019-10-13 21:15:00,58239,2019-10-13 21:20:00,2019-10-13 21:20:00,1,True,58240,2019-10-13 21:25:00,1.10341,0.000260714285714,1.10365,1.10371517857,3.05178571429,True,0.163838502048,0.491515506144,0.737273259216,0.983031012288,2019
HYP-SCC-EURUSD-M5-001,HIGH:59998:2019-10-22T00:35:00,LONG,HIGH,59998,2019-10-22 00:05:00,60000,2019-10-22 00:15:00,1.11524,60004,2019-10-22 00:35:00,60005,2019-10-22 00:40:00,60009,2019-10-22 01:00:00,2019-10-22 01:00:00,4,True,60010,2019-10-22 01:05:00,1.11525,0.000122142857143,1.11519,1.11515946429,0.90535714286,True,0.552268244574,1.65680473372,2.48520710058,3.31360946745,2019
HYP-SCC-EURUSD-M5-001,LOW:61136:2019-10-28T00:25:00,SHORT,LOW,61136,2019-10-28 00:00:00,61138,2019-10-28 00:10:00,1.10822,61141,2019-10-28 00:25:00,61142,2019-10-28 00:30:00,61143,2019-10-28 00:35:00,2019-10-28 00:35:00,1,True,61144,2019-10-28 00:40:00,1.10818,9.28571428571e-05,1.10828,1.10830321429,1.23214285714,True,0.405797101449,1.21739130435,1.82608695652,2.43478260869,2019
HYP-SCC-EURUSD-M5-001,HIGH:61995:2019-10-31T00:05:00,LONG,HIGH,61995,2019-10-30 23:35:00,61997,2019-10-30 23:45:00,1.11553,62001,2019-10-31 00:05:00,62002,2019-10-31 00:10:00,62005,2019-10-31 00:25:00,2019-10-31 00:25:00,3,True,62006,2019-10-31 00:30:00,1.11569,0.000155,1.11541,1.11537125,3.1875,True,0.156862745098,0.470588235294,0.705882352941,0.941176470588,2019
HYP-SCC-EURUSD-M5-001,LOW:62546:2019-11-03T23:00:00,SHORT,LOW,62546,2019-11-03 22:40:00,62548,2019-11-03 22:50:00,1.11647,62550,2019-11-03 23:00:00,62551,2019-11-03 23:05:00,62552,2019-11-03 23:10:00,2019-11-03 23:10:00,1,True,62553,2019-11-03 23:15:00,1.11646,0.000132142857143,1.11654,1.11657303571,1.13035714286,True,0.44233807267,1.32701421801,1.99052132701,2.65402843602,2019
HYP-SCC-EURUSD-M5-001,HIGH:62849:2019-11-05T00:15:00,LONG,HIGH,62849,2019-11-04 23:55:00,62851,2019-11-05 00:05:00,1.11283,62853,2019-11-05 00:15:00,62854,2019-11-05 00:20:00,62855,2019-11-05 00:25:00,2019-11-05 00:25:00,1,True,62856,2019-11-05 00:30:00,1.11289,0.000140714285714,1.11281,1.11277482143,1.15178571428,True,0.434108527132,1.3023255814,1.9534883721,2.60465116279,2019
HYP-SCC-EURUSD-M5-001,HIGH:64863:2019-11-14T00:05:00,LONG,HIGH,64863,2019-11-13 23:50:00,64865,2019-11-14 00:00:00,1.10097,64866,2019-11-14 00:05:00,64867,2019-11-14 00:10:00,64869,2019-11-14 00:20:00,2019-11-14 00:20:00,2,True,64870,2019-11-14 00:25:00,1.10101,8e-05,1.1009,1.10088,1.3,True,0.384615384615,1.15384615385,1.73076923077,2.30769230769,2019
HYP-SCC-EURUSD-M5-001,LOW:66596:2019-11-22T00:45:00,SHORT,LOW,66596,2019-11-22 00:30:00,66598,2019-11-22 00:40:00,1.10643,66599,2019-11-22 00:45:00,66600,2019-11-22 00:50:00,66609,2019-11-22 01:35:00,2019-11-22 01:35:00,9,True,66610,2019-11-22 01:40:00,1.10637,0.000106428571429,1.10651,1.10653660714,1.66607142857,True,0.300107181136,0.900321543408,1.35048231511,1.80064308682,2019
HYP-SCC-EURUSD-M5-001,HIGH:66876:2019-11-25T00:15:00,LONG,HIGH,66876,2019-11-25 00:00:00,66878,2019-11-25 00:10:00,1.10227,66879,2019-11-25 00:15:00,66880,2019-11-25 00:20:00,66881,2019-11-25 00:25:00,2019-11-25 00:25:00,1,True,66882,2019-11-25 00:30:00,1.10234,0.00012,1.10215,1.10212,2.2,True,0.227272727273,0.681818181818,1.02272727273,1.36363636364,2019
HYP-SCC-EURUSD-M5-001,LOW:67161:2019-11-26T00:30:00,SHORT,LOW,67161,2019-11-25 23:50:00,67163,2019-11-26 00:00:00,1.10096,67169,2019-11-26 00:30:00,67170,2019-11-26 00:35:00,67171,2019-11-26 00:40:00,2019-11-26 00:40:00,1,True,67172,2019-11-26 00:45:00,1.1009,0.000122142857143,1.10105,1.10108053571,1.80535714286,True,0.276953511375,0.830860534124,1.24629080119,1.66172106825,2019
HYP-SCC-EURUSD-M5-001,HIGH:68311:2019-12-02T00:50:00,LONG,HIGH,68311,2019-12-01 23:55:00,68313,2019-12-02 00:05:00,1.10192,68322,2019-12-02 00:50:00,68323,2019-12-02 00:55:00,68324,2019-12-02 01:00:00,2019-12-02 01:00:00,1,True,68325,2019-12-02 01:05:00,1.10194,0.00012,1.10181,1.10178,1.6,True,0.3125,0.9375,1.40625,1.875,2019
HYP-SCC-EURUSD-M5-001,HIGH:68885:2019-12-04T00:00:00,LONG,HIGH,68885,2019-12-03 23:45:00,68887,2019-12-03 23:55:00,1.10831,68888,2019-12-04 00:00:00,68889,2019-12-04 00:05:00,68890,2019-12-04 00:10:00,2019-12-04 00:10:00,1,True,68891,2019-12-04 00:15:00,1.10838,9.57142857142e-05,1.10807,1.10804607143,3.33928571428,True,0.149732620321,0.449197860963,0.673796791444,0.898395721926,2019
HYP-SCC-EURUSD-M5-001,LOW:69172:2019-12-05T00:30:00,SHORT,LOW,69172,2019-12-05 00:00:00,69174,2019-12-05 00:10:00,1.10815,69178,2019-12-05 00:30:00,69179,2019-12-05 00:35:00,69180,2019-12-05 00:40:00,2019-12-05 00:40:00,1,True,69181,2019-12-05 00:45:00,1.10802,0.000138571428571,1.10841,1.10844464286,4.24642857143,True,0.117746005046,0.353238015139,0.529857022708,0.706476030277,2019
HYP-SCC-EURUSD-M5-001,LOW:70315:2019-12-11T00:20:00,SHORT,LOW,70315,2019-12-10 23:35:00,70317,2019-12-10 23:45:00,1.10915,70324,2019-12-11 00:20:00,70325,2019-12-11 00:25:00,70326,2019-12-11 00:30:00,2019-12-11 00:30:00,1,True,70327,2019-12-11 00:35:00,1.10904,0.000117142857143,1.10932,1.10934928571,3.09285714286,True,0.161662817552,0.484988452656,0.727482678984,0.969976905312,2019
HYP-SCC-EURUSD-M5-001,HIGH:72046:2019-12-19T00:20:00,LONG,HIGH,72046,2019-12-19 00:05:00,72048,2019-12-19 00:15:00,1.11162,72049,2019-12-19 00:20:00,72050,2019-12-19 00:25:00,72053,2019-12-19 00:40:00,2019-12-19 00:40:00,3,True,72054,2019-12-19 00:45:00,1.11166,0.000127142857143,1.11158,1.11154821429,1.11785714286,True,0.447284345047,1.34185303514,2.01277955271,2.68370607028,2019
HYP-SCC-EURUSD-M5-001,HIGH:72902:2019-12-24T00:00:00,LONG,HIGH,72902,2019-12-23 23:35:00,72904,2019-12-23 23:45:00,1.10928,72907,2019-12-24 00:00:00,72908,2019-12-24 00:05:00,72909,2019-12-24 00:10:00,2019-12-24 00:10:00,1,True,72910,2019-12-24 00:15:00,1.10932,0.000101428571429,1.10917,1.10914464286,1.75357142857,True,0.285132382892,0.855397148675,1.28309572301,1.71079429735,2019
HYP-SCC-EURUSD-M5-001,HIGH:73658:2019-12-30T00:25:00,LONG,HIGH,73658,2019-12-29 23:45:00,73660,2019-12-29 23:55:00,1.11839,73666,2019-12-30 00:25:00,73667,2019-12-30 00:30:00,73668,2019-12-30 00:35:00,2019-12-30 00:35:00,1,True,73669,2019-12-30 00:40:00,1.11843,0.000137857142857,1.11832,1.11828553571,1.44464285714,True,0.346106304079,1.03831891224,1.55747836836,2.07663782448,2019
HYP-SCC-EURUSD-M5-001,LOW:76130:2020-01-12T22:15:00,SHORT,LOW,76130,2020-01-10 20:55:00,76132,2020-01-10 21:05:00,1.11197,76144,2020-01-12 22:15:00,76145,2020-01-12 22:20:00,76146,2020-01-12 22:25:00,2020-01-12 22:25:00,1,True,76147,2020-01-12 22:30:00,1.11192,0.00011,1.11203,1.1120575,1.375,True,0.363636363636,1.09090909091,1.63636363636,2.18181818182,2020
HYP-SCC-EURUSD-M5-001,HIGH:76449:2020-01-14T00:00:00,LONG,HIGH,76449,2020-01-13 23:40:00,76451,2020-01-13 23:50:00,1.11366,76453,2020-01-14 00:00:00,76454,2020-01-14 00:05:00,76466,2020-01-14 01:05:00,2020-01-14 01:05:00,12,True,76467,2020-01-14 01:10:00,1.11369,0.000159285714286,1.11339,1.11335017857,3.39821428571,True,0.147136100893,0.44140830268,0.66211245402,0.88281660536,2020
HYP-SCC-EURUSD-M5-001,HIGH:77319:2020-01-17T00:30:00,LONG,HIGH,77319,2020-01-17 00:10:00,77321,2020-01-17 00:20:00,1.1137,77323,2020-01-17 00:30:00,77324,2020-01-17 00:35:00,77328,2020-01-17 00:55:00,2020-01-17 00:55:00,4,True,77329,2020-01-17 01:00:00,1.11375,0.000102857142857,1.1136,1.11357428571,1.75714285714,True,0.284552845528,0.853658536585,1.28048780488,1.70731707317,2020
HYP-SCC-EURUSD-M5-001,LOW:78751:2020-01-24T00:00:00,SHORT,LOW,78751,2020-01-23 23:45:00,78753,2020-01-23 23:55:00,1.10538,78754,2020-01-24 00:00:00,78755,2020-01-24 00:05:00,78765,2020-01-24 00:55:00,2020-01-24 00:55:00,10,True,78766,2020-01-24 01:00:00,1.10527,0.000141428571429,1.10555,1.10558535714,3.15357142857,True,0.158550396376,0.475651189128,0.713476783692,0.951302378256,2020
HYP-SCC-EURUSD-M5-001,LOW:79325:2020-01-28T00:30:00,SHORT,LOW,79325,2020-01-27 23:45:00,79327,2020-01-27 23:55:00,1.1018,79334,2020-01-28 00:30:00,79335,2020-01-28 00:35:00,79336,2020-01-28 00:40:00,2020-01-28 00:40:00,1,True,79337,2020-01-28 00:45:00,1.10176,8.57142857143e-05,1.10187,1.10189142857,1.31428571428,True,0.380434782609,1.14130434783,1.71195652174,2.28260869565,2020
HYP-SCC-EURUSD-M5-001,LOW:81050:2020-02-05T00:00:00,SHORT,LOW,81050,2020-02-04 23:40:00,81052,2020-02-04 23:50:00,1.10439,81054,2020-02-05 00:00:00,81055,2020-02-05 00:05:00,81056,2020-02-05 00:10:00,2020-02-05 00:10:00,1,True,81057,2020-02-05 00:15:00,1.10437,7.5e-05,1.10449,1.10450875,1.3875,True,0.360360360361,1.08108108108,1.62162162162,2.16216216216,2020
HYP-SCC-EURUSD-M5-001,LOW:83060:2020-02-14T00:00:00,SHORT,LOW,83060,2020-02-13 23:20:00,83062,2020-02-13 23:30:00,1.08381,83068,2020-02-14 00:00:00,83069,2020-02-14 00:05:00,83079,2020-02-14 00:55:00,2020-02-14 00:55:00,10,True,83080,2020-02-14 01:00:00,1.0838,0.000235714285714,1.08417,1.08422892857,4.28928571429,True,0.116569525396,0.349708576187,0.52456286428,0.699417152373,2020
HYP-SCC-EURUSD-M5-001,HIGH:84777:2020-02-23T23:00:00,LONG,HIGH,84777,2020-02-23 22:45:00,84779,2020-02-23 22:55:00,1.08338,84780,2020-02-23 23:00:00,84781,2020-02-23 23:05:00,84786,2020-02-23 23:30:00,2020-02-23 23:30:00,5,True,84787,2020-02-23 23:35:00,1.08343,0.000327142857143,1.08283,1.08274821429,6.81785714286,True,0.0733368255631,0.220010476689,0.330015715034,0.440020953379,2020
HYP-SCC-EURUSD-M5-001,LOW:85356:2020-02-26T00:05:00,SHORT,LOW,85356,2020-02-25 23:00:00,85358,2020-02-25 23:10:00,1.08775,85369,2020-02-26 00:05:00,85370,2020-02-26 00:10:00,85371,2020-02-26 00:15:00,2020-02-26 00:15:00,1,True,85372,2020-02-26 00:20:00,1.08757,0.000166428571429,1.08775,1.08779160714,2.21607142857,True,0.225624496374,0.676873489122,1.01531023368,1.35374697824,2020
HYP-SCC-EURUSD-M5-001,LOW:87951:2020-03-10T00:45:00,SHORT,LOW,87951,2020-03-09 23:50:00,87953,2020-03-10 00:00:00,1.13942,87962,2020-03-10 00:45:00,87963,2020-03-10 00:50:00,87967,2020-03-10 01:10:00,2020-03-10 01:10:00,4,True,87968,2020-03-10 01:15:00,1.13907,0.00095,1.1398,1.1400375,9.675,True,0.0516795865633,0.15503875969,0.232558139535,0.31007751938,2020
HYP-SCC-EURUSD-M5-001,HIGH:89074:2020-03-15T23:20:00,LONG,HIGH,89074,2020-03-15 22:35:00,89076,2020-03-15 22:45:00,1.1176,89083,2020-03-15 23:20:00,89084,2020-03-15 23:25:00,89085,2020-03-15 23:30:00,2020-03-15 23:30:00,1,True,89086,2020-03-15 23:35:00,1.11777,0.00120357142857,1.1166,1.11629910714,14.7089285714,True,0.0339929586014,0.101978875804,0.152968313706,0.203957751609,2020
HYP-SCC-EURUSD-M5-001,HIGH:89380:2020-03-17T00:25:00,LONG,HIGH,89380,2020-03-17 00:05:00,89382,2020-03-17 00:15:00,1.11637,89384,2020-03-17 00:25:00,89385,2020-03-17 00:30:00,89396,2020-03-17 01:25:00,2020-03-17 01:25:00,11,True,89397,2020-03-17 01:30:00,1.11674,0.000475714285714,1.11604,1.11592107143,8.18928571429,True,0.0610553859573,0.183166157872,0.274749236808,0.366332315744,2020
HYP-SCC-EURUSD-M5-001,LOW:89660:2020-03-18T00:00:00,SHORT,LOW,89660,2020-03-17 23:25:00,89662,2020-03-17 23:35:00,1.10135,89667,2020-03-18 00:00:00,89668,2020-03-18 00:05:00,89674,2020-03-18 00:35:00,2020-03-18 00:35:00,6,True,89675,2020-03-18 00:40:00,1.10103,0.000555714285714,1.10169,1.10182892857,7.98928571429,True,0.0625838176129,0.187751452839,0.281627179258,0.375502905677,2020
HYP-SCC-EURUSD-M5-001,LOW:89955:2020-03-19T00:30:00,SHORT,LOW,89955,2020-03-19 00:00:00,89957,2020-03-19 00:10:00,1.09261,89961,2020-03-19 00:30:00,89962,2020-03-19 00:35:00,89963,2020-03-19 00:40:00,2020-03-19 00:40:00,1,True,89964,2020-03-19 00:45:00,1.09234,0.00151571428571,1.09341,1.09378892857,14.4892857143,True,0.034508257333,0.103524771999,0.155287157999,0.207049543998,2020
HYP-SCC-EURUSD-M5-001,HIGH:90239:2020-03-20T00:25:00,LONG,HIGH,90239,2020-03-19 23:40:00,90241,2020-03-19 23:50:00,1.06647,90248,2020-03-20 00:25:00,90249,2020-03-20 00:30:00,90250,2020-03-20 00:35:00,2020-03-20 00:35:00,1,True,90251,2020-03-20 00:40:00,1.0667,0.000555,1.06621,1.06607125,6.2875,True,0.0795228628231,0.238568588469,0.357852882704,0.477137176938,2020
HYP-SCC-EURUSD-M5-001,LOW:90488:2020-03-22T22:20:00,SHORT,LOW,90488,2020-03-20 20:25:00,90490,2020-03-20 20:35:00,1.06622,90498,2020-03-22 22:20:00,90499,2020-03-22 22:25:00,90502,2020-03-22 22:40:00,2020-03-22 22:40:00,3,True,90503,2020-03-22 22:45:00,1.06562,0.00118642857143,1.06679,1.06708660714,14.6660714286,True,0.0340922927067,0.10227687812,0.15341531718,0.20455375624,2020
HYP-SCC-EURUSD-M5-001,LOW:90520:2020-03-23T00:25:00,SHORT,LOW,90520,2020-03-23 00:10:00,90522,2020-03-23 00:20:00,1.06821,90523,2020-03-23 00:25:00,90524,2020-03-23 00:30:00,90525,2020-03-23 00:35:00,2020-03-23 00:35:00,1,True,90526,2020-03-23 00:40:00,1.06755,0.001285,1.06998,1.07030125,27.5125,True,0.0181735574739,0.0545206724216,0.0817810086324,0.109041344843,2020
HYP-SCC-EURUSD-M5-001,LOW:91087:2020-03-25T00:00:00,SHORT,LOW,91087,2020-03-24 23:25:00,91089,2020-03-24 23:35:00,1.07968,91094,2020-03-25 00:00:00,91095,2020-03-25 00:05:00,91096,2020-03-25 00:10:00,2020-03-25 00:10:00,1,True,91097,2020-03-25 00:15:00,1.07928,0.000657857142857,1.0802,1.08036446429,10.8446428571,True,0.0461057138152,0.138317141446,0.207475712169,0.276634282891,2020
HYP-SCC-EURUSD-M5-001,LOW:91664:2020-03-27T00:15:00,SHORT,LOW,91664,2020-03-26 23:30:00,91666,2020-03-26 23:40:00,1.10399,91673,2020-03-27 00:15:00,91674,2020-03-27 00:20:00,91675,2020-03-27 00:25:00,2020-03-27 00:25:00,1,True,91676,2020-03-27 00:30:00,1.1036,0.00061,1.1042,1.1043525,7.525,True,0.0664451827242,0.199335548173,0.299003322259,0.398671096345,2020
HYP-SCC-EURUSD-M5-001,LOW:91932:2020-03-29T22:15:00,SHORT,LOW,91932,2020-03-29 22:00:00,91934,2020-03-29 22:10:00,1.11149,91935,2020-03-29 22:15:00,91936,2020-03-29 22:20:00,91938,2020-03-29 22:30:00,2020-03-29 22:30:00,2,True,91939,2020-03-29 22:35:00,1.11106,0.000722857142857,1.11188,1.11206071429,10.0071428571,True,0.0499643112063,0.149892933619,0.224839400428,0.299785867238,2020
HYP-SCC-EURUSD-M5-001,LOW:93099:2020-04-03T00:00:00,SHORT,LOW,93099,2020-04-02 23:25:00,93101,2020-04-02 23:35:00,1.08415,93106,2020-04-03 00:00:00,93107,2020-04-03 00:05:00,93108,2020-04-03 00:10:00,2020-04-03 00:10:00,1,True,93109,2020-04-03 00:15:00,1.08395,0.000327857142857,1.08459,1.08467196429,7.21964285714,True,0.0692555033391,0.207766510017,0.311649765026,0.415533020035,2020
HYP-SCC-EURUSD-M5-001,LOW:95399:2020-04-15T00:00:00,SHORT,LOW,95399,2020-04-14 23:30:00,95401,2020-04-14 23:40:00,1.09832,95405,2020-04-15 00:00:00,95406,2020-04-15 00:05:00,95407,2020-04-15 00:10:00,2020-04-15 00:10:00,1,True,95408,2020-04-15 00:15:00,1.0981,0.000187857142857,1.09834,1.09838696429,2.86964285714,True,0.174237710019,0.522713130056,0.784069695084,1.04542626011,2020
HYP-SCC-EURUSD-M5-001,LOW:96241:2020-04-19T22:05:00,SHORT,LOW,96241,2020-04-19 21:50:00,96243,2020-04-19 22:00:00,1.08687,96244,2020-04-19 22:05:00,96245,2020-04-19 22:10:00,96247,2020-04-19 22:20:00,2020-04-19 22:20:00,2,True,96248,2020-04-19 22:25:00,1.08684,0.000311428571429,1.08705,1.08712785714,2.87857142857,True,0.173697270471,0.521091811414,0.781637717121,1.04218362283,2020
HYP-SCC-EURUSD-M5-001,LOW:100562:2020-05-10T23:05:00,SHORT,LOW,100562,2020-05-10 22:30:00,100564,2020-05-10 22:40:00,1.08314,100569,2020-05-10 23:05:00,100570,2020-05-10 23:10:00,100573,2020-05-10 23:25:00,2020-05-10 23:25:00,3,True,100574,2020-05-10 23:30:00,1.08293,0.000202857142857,1.08328,1.08333071429,4.00714285714,True,0.124777183601,0.374331550802,0.561497326203,0.748663101604,2020
HYP-SCC-EURUSD-M5-001,HIGH:101992:2020-05-17T22:40:00,LONG,HIGH,101992,2020-05-17 22:00:00,101994,2020-05-17 22:10:00,1.08205,102000,2020-05-17 22:40:00,102001,2020-05-17 22:45:00,102004,2020-05-17 23:00:00,2020-05-17 23:00:00,3,True,102005,2020-05-17 23:05:00,1.08225,0.000227142857143,1.08186,1.08180321429,4.46785714286,True,0.111910471623,0.335731414868,0.503597122302,0.671462829736,2020
HYP-SCC-EURUSD-M5-001,LOW:102016:2020-05-18T00:55:00,SHORT,LOW,102016,2020-05-18 00:00:00,102018,2020-05-18 00:10:00,1.08169,102027,2020-05-18 00:55:00,102028,2020-05-18 01:00:00,102029,2020-05-18 01:05:00,2020-05-18 01:05:00,1,True,102030,2020-05-18 01:10:00,1.08153,0.000199285714286,1.08194,1.08198982143,4.59821428571,True,0.108737864078,0.326213592233,0.48932038835,0.652427184466,2020
HYP-SCC-EURUSD-M5-001,HIGH:102298:2020-05-19T00:00:00,LONG,HIGH,102298,2020-05-18 23:30:00,102300,2020-05-18 23:40:00,1.09157,102304,2020-05-19 00:00:00,102305,2020-05-19 00:05:00,102314,2020-05-19 00:50:00,2020-05-19 00:50:00,9,True,102315,2020-05-19 00:55:00,1.09175,0.000316428571429,1.09134,1.09126089286,4.89107142857,True,0.102227090179,0.306681270537,0.460021905805,0.613362541073,2020
HYP-SCC-EURUSD-M5-001,HIGH:105173:2020-06-02T00:10:00,LONG,HIGH,105173,2020-06-01 23:35:00,105175,2020-06-01 23:45:00,1.11314,105180,2020-06-02 00:10:00,105181,2020-06-02 00:15:00,105182,2020-06-02 00:20:00,2020-06-02 00:20:00,1,True,105183,2020-06-02 00:25:00,1.11329,0.00027,1.1126,1.1125325,7.575,True,0.06600660066,0.19801980198,0.29702970297,0.39603960396,2020
HYP-SCC-EURUSD-M5-001,LOW:105746:2020-06-04T00:00:00,SHORT,LOW,105746,2020-06-03 23:20:00,105748,2020-06-03 23:30:00,1.12315,105754,2020-06-04 00:00:00,105755,2020-06-04 00:05:00,105756,2020-06-04 00:10:00,2020-06-04 00:10:00,1,True,105757,2020-06-04 00:15:00,1.12299,0.000186428571429,1.12352,1.12356660714,5.76607142857,True,0.0867141529885,0.260142458966,0.390213688448,0.520284917931,2020
HYP-SCC-EURUSD-M5-001,LOW:106048:2020-06-05T00:50:00,SHORT,LOW,106048,2020-06-05 00:30:00,106050,2020-06-05 00:40:00,1.13368,106052,2020-06-05 00:50:00,106053,2020-06-05 00:55:00,106054,2020-06-05 01:00:00,2020-06-05 01:00:00,1,True,106055,2020-06-05 01:05:00,1.13358,0.000364285714286,1.13397,1.13406107143,4.81071428571,True,0.103934669636,0.311804008909,0.467706013363,0.623608017818,2020
HYP-SCC-EURUSD-M5-001,HIGH:106891:2020-06-10T00:15:00,LONG,HIGH,106891,2020-06-09 23:00:00,106893,2020-06-09 23:10:00,1.1341,106906,2020-06-10 00:15:00,106907,2020-06-10 00:20:00,106908,2020-06-10 00:25:00,2020-06-10 00:25:00,1,True,106909,2020-06-10 00:30:00,1.13412,0.000237857142857,1.13362,1.13356053571,5.59464285714,True,0.0893712097032,0.268113629109,0.402170443664,0.536227258219,2020
HYP-SCC-EURUSD-M5-001,LOW:109171:2020-06-21T22:00:00,SHORT,LOW,109171,2020-06-21 21:45:00,109173,2020-06-21 21:55:00,1.11819,109174,2020-06-21 22:00:00,109175,2020-06-21 22:05:00,109180,2020-06-21 22:30:00,2020-06-21 22:30:00,5,True,109181,2020-06-21 22:35:00,1.11808,0.000322857142857,1.1184,1.11848071429,4.00714285714,True,0.124777183601,0.374331550802,0.561497326203,0.748663101604,2020
HYP-SCC-EURUSD-M5-001,HIGH:109784:2020-06-24T01:15:00,LONG,HIGH,109784,2020-06-24 00:50:00,109786,2020-06-24 01:00:00,1.13184,109789,2020-06-24 01:15:00,109790,2020-06-24 01:20:00,109796,2020-06-24 01:50:00,2020-06-24 01:50:00,6,True,109797,2020-06-24 01:55:00,1.13189,0.000267857142857,1.13179,1.13172303571,1.66964285714,True,0.299465240642,0.898395721925,1.34759358289,1.79679144385,2020
HYP-SCC-EURUSD-M5-001,LOW:110352:2020-06-26T00:35:00,SHORT,LOW,110352,2020-06-26 00:10:00,110354,2020-06-26 00:20:00,1.12126,110357,2020-06-26 00:35:00,110358,2020-06-26 00:40:00,110359,2020-06-26 00:45:00,2020-06-26 00:45:00,1,True,110360,2020-06-26 00:50:00,1.12094,0.000284285714286,1.12133,1.12140107143,4.61071428571,True,0.10844306739,0.325329202169,0.487993803253,0.650658404338,2020
HYP-SCC-EURUSD-M5-001,HIGH:110638:2020-06-29T00:40:00,LONG,HIGH,110638,2020-06-29 00:10:00,110640,2020-06-29 00:20:00,1.12252,110644,2020-06-29 00:40:00,110645,2020-06-29 00:45:00,110647,2020-06-29 00:55:00,2020-06-29 00:55:00,2,True,110648,2020-06-29 01:00:00,1.12294,0.000290714285714,1.12235,1.12227732143,6.62678571429,True,0.0754513608192,0.226354082457,0.339531123686,0.452708164915,2020
HYP-SCC-EURUSD-M5-001,HIGH:112643:2020-07-08T00:15:00,LONG,HIGH,112643,2020-07-07 23:40:00,112645,2020-07-07 23:50:00,1.12777,112650,2020-07-08 00:15:00,112651,2020-07-08 00:20:00,112652,2020-07-08 00:25:00,2020-07-08 00:25:00,1,True,112653,2020-07-08 00:30:00,1.12784,0.000228571428571,1.1276,1.12754285714,2.97142857143,True,0.168269230769,0.504807692308,0.757211538462,1.00961538462,2020
HYP-SCC-EURUSD-M5-001,LOW:112935:2020-07-09T00:50:00,SHORT,LOW,112935,2020-07-09 00:00:00,112937,2020-07-09 00:10:00,1.13362,112945,2020-07-09 00:50:00,112946,2020-07-09 00:55:00,112955,2020-07-09 01:40:00,2020-07-09 01:40:00,9,True,112956,2020-07-09 01:45:00,1.13361,0.000337142857143,1.13375,1.13383428571,2.24285714286,True,0.222929936306,0.668789808917,1.00318471338,1.33757961783,2020
HYP-SCC-EURUSD-M5-001,LOW:113212:2020-07-10T00:00:00,SHORT,LOW,113212,2020-07-09 23:05:00,113214,2020-07-09 23:15:00,1.12846,113223,2020-07-10 00:00:00,113224,2020-07-10 00:05:00,113229,2020-07-10 00:30:00,2020-07-10 00:30:00,5,True,113230,2020-07-10 00:35:00,1.12841,0.000218571428571,1.12888,1.12893464286,5.24642857143,True,0.0953029271613,0.285908781484,0.428863172226,0.571817562968,2020
HYP-SCC-EURUSD-M5-001,HIGH:113489:2020-07-12T22:45:00,LONG,HIGH,113489,2020-07-12 22:20:00,113491,2020-07-12 22:30:00,1.13139,113494,2020-07-12 22:45:00,113495,2020-07-12 22:50:00,113496,2020-07-12 22:55:00,2020-07-12 22:55:00,1,True,113497,2020-07-12 23:00:00,1.13156,0.000231428571429,1.13131,1.13125214286,3.07857142857,True,0.16241299304,0.487238979119,0.730858468678,0.974477958237,2020
HYP-SCC-EURUSD-M5-001,LOW:113788:2020-07-14T00:15:00,SHORT,LOW,113788,2020-07-13 23:15:00,113790,2020-07-13 23:25:00,1.13449,113800,2020-07-14 00:15:00,113801,2020-07-14 00:20:00,113805,2020-07-14 00:40:00,2020-07-14 00:40:00,4,True,113806,2020-07-14 00:45:00,1.13446,0.000255714285714,1.1346,1.13466392857,2.03928571429,True,0.245183887916,0.735551663748,1.10332749562,1.4711033275,2020
HYP-SCC-EURUSD-M5-001,HIGH:114077:2020-07-15T00:00:00,LONG,HIGH,114077,2020-07-14 23:20:00,114079,2020-07-14 23:30:00,1.14109,114085,2020-07-15 00:00:00,114086,2020-07-15 00:05:00,114090,2020-07-15 00:25:00,2020-07-15 00:25:00,4,True,114091,2020-07-15 00:30:00,1.14128,0.000350714285714,1.14091,1.14082232143,4.57678571429,True,0.1092469762,0.327740928599,0.491611392899,0.655481857199,2020
HYP-SCC-EURUSD-M5-001,LOW:114368:2020-07-16T00:00:00,SHORT,LOW,114368,2020-07-15 23:35:00,114370,2020-07-15 23:45:00,1.14147,114373,2020-07-16 00:00:00,114374,2020-07-16 00:05:00,114376,2020-07-16 00:15:00,2020-07-16 00:15:00,2,True,114377,2020-07-16 00:20:00,1.14138,0.000170714285714,1.14169,1.14173267857,3.52678571429,True,0.141772151899,0.425316455696,0.637974683544,0.850632911393,2020
HYP-SCC-EURUSD-M5-001,HIGH:116660:2020-07-28T00:05:00,LONG,HIGH,116660,2020-07-27 22:55:00,116662,2020-07-27 23:05:00,1.17642,116674,2020-07-28 00:05:00,116675,2020-07-28 00:10:00,116676,2020-07-28 00:15:00,2020-07-28 00:15:00,1,True,116677,2020-07-28 00:20:00,1.17649,0.000393571428571,1.17636,1.17626160714,2.28392857143,True,0.218921032056,0.656763096169,0.985144644253,1.31352619234,2020
HYP-SCC-EURUSD-M5-001,HIGH:116958:2020-07-29T00:15:00,LONG,HIGH,116958,2020-07-28 23:45:00,116960,2020-07-28 23:55:00,1.17215,116964,2020-07-29 00:15:00,116965,2020-07-29 00:20:00,116966,2020-07-29 00:25:00,2020-07-29 00:25:00,1,True,116967,2020-07-29 00:30:00,1.17223,0.000259285714286,1.1719,1.17183517857,3.94821428571,True,0.126639529625,0.379918588874,0.569877883311,0.759837177748,2020
HYP-SCC-EURUSD-M5-001,HIGH:118682:2020-08-06T00:05:00,LONG,HIGH,118682,2020-08-05 23:35:00,118684,2020-08-05 23:45:00,1.18752,118688,2020-08-06 00:05:00,118689,2020-08-06 00:10:00,118701,2020-08-06 01:10:00,2020-08-06 01:10:00,12,True,118702,2020-08-06 01:15:00,1.1877,0.000485,1.18731,1.18718875,5.1125,True,0.0977995110025,0.293398533007,0.440097799511,0.586797066015,2020
HYP-SCC-EURUSD-M5-001,LOW:119834:2020-08-12T00:25:00,SHORT,LOW,119834,2020-08-11 23:55:00,119836,2020-08-12 00:05:00,1.17347,119840,2020-08-12 00:25:00,119841,2020-08-12 00:30:00,119845,2020-08-12 00:50:00,2020-08-12 00:50:00,4,True,119846,2020-08-12 00:55:00,1.17342,0.000384285714286,1.17419,1.17428607143,8.66071428572,True,0.0577319587629,0.173195876289,0.259793814433,0.346391752577,2020
HYP-SCC-EURUSD-M5-001,HIGH:120132:2020-08-13T01:00:00,LONG,HIGH,120132,2020-08-13 00:45:00,120134,2020-08-13 00:55:00,1.18103,120135,2020-08-13 01:00:00,120136,2020-08-13 01:05:00,120138,2020-08-13 01:15:00,2020-08-13 01:15:00,2,True,120139,2020-08-13 01:20:00,1.18114,0.000395714285714,1.18043,1.18033107143,8.08928571429,True,0.0618101545254,0.185430463576,0.278145695364,0.370860927152,2020
HYP-SCC-EURUSD-M5-001,HIGH:120982:2020-08-18T00:00:00,LONG,HIGH,120982,2020-08-17 23:45:00,120984,2020-08-17 23:55:00,1.18754,120985,2020-08-18 00:00:00,120986,2020-08-18 00:05:00,120988,2020-08-18 00:15:00,2020-08-18 00:15:00,2,True,120989,2020-08-18 00:20:00,1.18757,0.000152857142857,1.18741,1.18737178571,1.98214285714,True,0.252252252252,0.756756756757,1.13513513514,1.51351351351,2020
HYP-SCC-EURUSD-M5-001,HIGH:121856:2020-08-21T00:50:00,LONG,HIGH,121856,2020-08-21 00:35:00,121858,2020-08-21 00:45:00,1.18725,121859,2020-08-21 00:50:00,121860,2020-08-21 00:55:00,121861,2020-08-21 01:00:00,2020-08-21 01:00:00,1,True,121862,2020-08-21 01:05:00,1.18723,0.000332142857143,1.1871,1.18701696429,2.13035714286,True,0.234702430847,0.70410729254,1.05616093881,1.40821458508,2020
HYP-SCC-EURUSD-M5-001,LOW:122707:2020-08-26T00:35:00,SHORT,LOW,122707,2020-08-26 00:00:00,122709,2020-08-26 00:10:00,1.18302,122714,2020-08-26 00:35:00,122715,2020-08-26 00:40:00,122716,2020-08-26 00:45:00,2020-08-26 00:45:00,1,True,122717,2020-08-26 00:50:00,1.18294,0.000285,1.18329,1.18336125,4.2125,True,0.118694362018,0.356083086053,0.53412462908,0.712166172107,2020
HYP-SCC-EURUSD-M5-001,LOW:124144:2020-09-02T00:15:00,SHORT,LOW,124144,2020-09-02 00:00:00,124146,2020-09-02 00:10:00,1.19172,124147,2020-09-02 00:15:00,124148,2020-09-02 00:20:00,124151,2020-09-02 00:35:00,2020-09-02 00:35:00,3,True,124152,2020-09-02 00:40:00,1.19169,0.00037,1.19207,1.1921625,4.725,True,0.10582010582,0.31746031746,0.47619047619,0.634920634921,2020
HYP-SCC-EURUSD-M5-001,HIGH:127587:2020-09-18T00:05:00,LONG,HIGH,127587,2020-09-17 23:30:00,127589,2020-09-17 23:40:00,1.1856,127594,2020-09-18 00:05:00,127595,2020-09-18 00:10:00,127596,2020-09-18 00:15:00,2020-09-18 00:15:00,1,True,127597,2020-09-18 00:20:00,1.18564,0.000335714285714,1.18498,1.18489607143,7.43928571429,True,0.0672107537206,0.201632261162,0.302448391743,0.403264522324,2020
HYP-SCC-EURUSD-M5-001,HIGH:128731:2020-09-24T00:00:00,LONG,HIGH,128731,2020-09-23 23:00:00,128733,2020-09-23 23:10:00,1.16623,128743,2020-09-24 00:00:00,128744,2020-09-24 00:05:00,128745,2020-09-24 00:10:00,2020-09-24 00:10:00,1,True,128746,2020-09-24 00:15:00,1.1667,0.000351428571429,1.16568,1.16559214286,11.0785714286,True,0.0451321727917,0.135396518375,0.203094777563,0.27079303675,2020
HYP-SCC-EURUSD-M5-001,LOW:129312:2020-09-28T00:05:00,SHORT,LOW,129312,2020-09-27 23:35:00,129314,2020-09-27 23:45:00,1.16322,129318,2020-09-28 00:05:00,129319,2020-09-28 00:10:00,129321,2020-09-28 00:20:00,2020-09-28 00:20:00,2,True,129322,2020-09-28 00:25:00,1.16317,0.000312142857143,1.16331,1.16338803571,2.18035714286,True,0.22932022932,0.68796068796,1.03194103194,1.37592137592,2020
HYP-SCC-EURUSD-M5-001,HIGH:129603:2020-09-29T00:10:00,LONG,HIGH,129603,2020-09-28 23:50:00,129605,2020-09-29 00:00:00,1.16793,129607,2020-09-29 00:10:00,129608,2020-09-29 00:15:00,129609,2020-09-29 00:20:00,2020-09-29 00:20:00,1,True,129610,2020-09-29 00:25:00,1.16799,0.000316428571429,1.16757,1.16749089286,4.99107142857,True,0.100178890877,0.30053667263,0.450805008944,0.601073345259,2020
HYP-SCC-EURUSD-M5-001,LOW:131612:2020-10-08T00:00:00,SHORT,LOW,131612,2020-10-07 23:45:00,131614,2020-10-07 23:55:00,1.17651,131615,2020-10-08 00:00:00,131616,2020-10-08 00:05:00,131618,2020-10-08 00:15:00,2020-10-08 00:15:00,2,True,131619,2020-10-08 00:20:00,1.17639,0.000166428571429,1.17656,1.17660160714,2.11607142857,True,0.236286919831,0.708860759494,1.06329113924,1.41772151899,2020
HYP-SCC-EURUSD-M5-001,HIGH:133036:2020-10-15T00:00:00,LONG,HIGH,133036,2020-10-14 23:05:00,133038,2020-10-14 23:15:00,1.17454,133047,2020-10-15 00:00:00,133048,2020-10-15 00:05:00,133058,2020-10-15 00:55:00,2020-10-15 00:55:00,10,True,133059,2020-10-15 01:00:00,1.17477,0.000299285714286,1.17443,1.17435517857,4.14821428572,True,0.12053379251,0.361601377529,0.542402066293,0.723202755058,2020
HYP-SCC-EURUSD-M5-001,LOW:134771:2020-10-23T00:30:00,SHORT,LOW,134771,2020-10-23 00:05:00,134773,2020-10-23 00:15:00,1.17917,134776,2020-10-23 00:30:00,134777,2020-10-23 00:35:00,134779,2020-10-23 00:45:00,2020-10-23 00:45:00,2,True,134780,2020-10-23 00:50:00,1.17901,0.000504285714286,1.17965,1.17977607143,7.66071428572,True,0.0652680652681,0.195804195804,0.293706293706,0.391608391608,2020
HYP-SCC-EURUSD-M5-001,LOW:136755:2020-11-03T00:00:00,SHORT,LOW,136755,2020-11-02 23:45:00,136757,2020-11-02 23:55:00,1.16396,136758,2020-11-03 00:00:00,136759,2020-11-03 00:05:00,136761,2020-11-03 00:15:00,2020-11-03 00:15:00,2,True,136762,2020-11-03 00:20:00,1.16393,0.000166428571429,1.16415,1.16419160714,2.61607142857,True,0.191126279863,0.57337883959,0.860068259386,1.14675767918,2020
HYP-SCC-EURUSD-M5-001,LOW:137905:2020-11-09T00:05:00,SHORT,LOW,137905,2020-11-08 23:45:00,137907,2020-11-08 23:55:00,1.18904,137909,2020-11-09 00:05:00,137910,2020-11-09 00:10:00,137911,2020-11-09 00:15:00,2020-11-09 00:15:00,1,True,137912,2020-11-09 00:20:00,1.189,0.000386428571429,1.18925,1.18934660714,3.46607142857,True,0.144255538382,0.432766615147,0.64914992272,0.865533230294,2020
HYP-SCC-EURUSD-M5-001,LOW:138771:2020-11-12T00:15:00,SHORT,LOW,138771,2020-11-12 00:00:00,138773,2020-11-12 00:10:00,1.17772,138774,2020-11-12 00:15:00,138775,2020-11-12 00:20:00,138778,2020-11-12 00:35:00,2020-11-12 00:35:00,3,True,138779,2020-11-12 00:40:00,1.17766,0.000184285714286,1.17781,1.17785607143,1.96071428572,True,0.255009107468,0.765027322404,1.14754098361,1.53005464481,2020
HYP-SCC-EURUSD-M5-001,HIGH:139622:2020-11-17T00:05:00,LONG,HIGH,139622,2020-11-16 23:10:00,139624,2020-11-16 23:20:00,1.18606,139633,2020-11-17 00:05:00,139634,2020-11-17 00:10:00,139635,2020-11-17 00:15:00,2020-11-17 00:15:00,1,True,139636,2020-11-17 00:20:00,1.18612,0.000175714285714,1.18596,1.18591607143,2.03928571429,True,0.245183887916,0.735551663747,1.10332749562,1.47110332749,2020
HYP-SCC-EURUSD-M5-001,HIGH:140498:2020-11-20T00:30:00,LONG,HIGH,140498,2020-11-20 00:10:00,140500,2020-11-20 00:20:00,1.18724,140502,2020-11-20 00:30:00,140503,2020-11-20 00:35:00,140504,2020-11-20 00:40:00,2020-11-20 00:40:00,1,True,140505,2020-11-20 00:45:00,1.18727,0.000226428571429,1.18708,1.18702339286,2.46607142857,True,0.202751629254,0.608254887762,0.912382331643,1.21650977552,2020
HYP-SCC-EURUSD-M5-001,HIGH:140764:2020-11-22T23:05:00,LONG,HIGH,140764,2020-11-22 22:30:00,140766,2020-11-22 22:40:00,1.18587,140771,2020-11-22 23:05:00,140772,2020-11-22 23:10:00,140773,2020-11-22 23:15:00,2020-11-22 23:15:00,1,True,140774,2020-11-22 23:20:00,1.18589,0.000256428571429,1.1858,1.18573589286,1.54107142857,True,0.324449594438,0.973348783313,1.46002317497,1.94669756663,2020
HYP-SCC-EURUSD-M5-001,HIGH:142207:2020-11-29T23:35:00,LONG,HIGH,142207,2020-11-29 23:00:00,142209,2020-11-29 23:10:00,1.19696,142214,2020-11-29 23:35:00,142215,2020-11-29 23:40:00,142217,2020-11-29 23:50:00,2020-11-29 23:50:00,2,True,142218,2020-11-29 23:55:00,1.19699,0.000313571428571,1.19686,1.19678160714,2.08392857143,True,0.239931448158,0.719794344473,1.07969151671,1.43958868895,2020
HYP-SCC-EURUSD-M5-001,LOW:143075:2020-12-03T00:15:00,SHORT,LOW,143075,2020-12-02 23:20:00,143077,2020-12-02 23:30:00,1.21088,143086,2020-12-03 00:15:00,143087,2020-12-03 00:20:00,143088,2020-12-03 00:25:00,2020-12-03 00:25:00,1,True,143089,2020-12-03 00:30:00,1.21084,0.000239285714286,1.21104,1.21109982143,2.59821428572,True,0.192439862543,0.577319587628,0.865979381443,1.15463917526,2020
HYP-SCC-EURUSD-M5-001,HIGH:143370:2020-12-04T00:25:00,LONG,HIGH,143370,2020-12-03 23:55:00,143372,2020-12-04 00:05:00,1.21466,143376,2020-12-04 00:25:00,143377,2020-12-04 00:30:00,143385,2020-12-04 01:10:00,2020-12-04 01:10:00,8,True,143386,2020-12-04 01:15:00,1.21478,0.00029,1.21451,1.2144375,3.425,True,0.14598540146,0.43795620438,0.65693430657,0.875912408759,2020
HYP-SCC-EURUSD-M5-001,HIGH:143663:2020-12-07T00:45:00,LONG,HIGH,143663,2020-12-07 00:30:00,143665,2020-12-07 00:40:00,1.21276,143666,2020-12-07 00:45:00,143667,2020-12-07 00:50:00,143668,2020-12-07 00:55:00,2020-12-07 00:55:00,1,True,143669,2020-12-07 01:00:00,1.21276,0.000272142857143,1.21269,1.21262196429,1.38035714286,True,0.362225097025,1.08667529107,1.63001293661,2.17335058215,2020
HYP-SCC-EURUSD-M5-001,HIGH:144223:2020-12-09T00:20:00,LONG,HIGH,144223,2020-12-08 23:10:00,144225,2020-12-08 23:20:00,1.21101,144237,2020-12-09 00:20:00,144238,2020-12-09 00:25:00,144246,2020-12-09 01:05:00,2020-12-09 01:05:00,8,True,144247,2020-12-09 01:10:00,1.21106,0.000225,1.21097,1.21091375,1.4625,True,0.34188034188,1.02564102564,1.53846153846,2.05128205128,2020
HYP-SCC-EURUSD-M5-001,HIGH:144801:2020-12-11T00:00:00,LONG,HIGH,144801,2020-12-10 23:20:00,144803,2020-12-10 23:30:00,1.21438,144809,2020-12-11 00:00:00,144810,2020-12-11 00:05:00,144812,2020-12-11 00:15:00,2020-12-11 00:15:00,2,True,144813,2020-12-11 00:20:00,1.2144,0.000184285714286,1.21427,1.21422392857,1.76071428571,True,0.283975659229,0.851926977687,1.27789046653,1.70385395537,2020
HYP-SCC-EURUSD-M5-001,LOW:146247:2020-12-18T00:20:00,SHORT,LOW,146247,2020-12-18 00:00:00,146249,2020-12-18 00:10:00,1.22596,146251,2020-12-18 00:20:00,146252,2020-12-18 00:25:00,146253,2020-12-18 00:30:00,2020-12-18 00:30:00,1,True,146254,2020-12-18 00:35:00,1.22564,0.000227142857143,1.22628,1.22633678571,6.96785714286,True,0.0717580727832,0.21527421835,0.322911327524,0.430548436699,2020
HYP-SCC-EURUSD-M5-001,LOW:146529:2020-12-21T00:05:00,SHORT,LOW,146529,2020-12-20 23:40:00,146531,2020-12-20 23:50:00,1.22117,146534,2020-12-21 00:05:00,146535,2020-12-21 00:10:00,146536,2020-12-21 00:15:00,2020-12-21 00:15:00,1,True,146537,2020-12-21 00:20:00,1.22063,0.000452857142857,1.22136,1.22147321429,8.43214285714,True,0.0592969080898,0.177890724269,0.266836086404,0.355781448539,2020
HYP-SCC-EURUSD-M5-001,LOW:146821:2020-12-22T00:40:00,SHORT,LOW,146821,2020-12-22 00:00:00,146823,2020-12-22 00:10:00,1.22328,146829,2020-12-22 00:40:00,146830,2020-12-22 00:45:00,146833,2020-12-22 01:00:00,2020-12-22 01:00:00,3,True,146834,2020-12-22 01:05:00,1.22326,0.000317857142857,1.22366,1.22373946429,4.79464285714,True,0.104283054004,0.312849162011,0.469273743017,0.625698324022,2020
HYP-SCC-EURUSD-M5-001,HIGH:147125:2020-12-23T01:35:00,LONG,HIGH,147125,2020-12-23 01:20:00,147127,2020-12-23 01:30:00,1.21758,147128,2020-12-23 01:35:00,147129,2020-12-23 01:40:00,147133,2020-12-23 02:00:00,2020-12-23 02:00:00,4,True,147134,2020-12-23 02:05:00,1.21767,0.000400714285714,1.21735,1.21724982143,4.20178571429,True,0.118997025074,0.356991075223,0.535486612835,0.713982150446,2020
HYP-SCC-EURUSD-M5-001,HIGH:148510:2020-12-31T00:25:00,LONG,HIGH,148510,2020-12-30 23:55:00,148512,2020-12-31 00:05:00,1.22997,148516,2020-12-31 00:25:00,148517,2020-12-31 00:30:00,148528,2020-12-31 01:25:00,2020-12-31 01:25:00,11,True,148529,2020-12-31 01:30:00,1.23001,0.000349285714286,1.2297,1.22961267857,3.97321428572,True,0.125842696629,0.377528089888,0.566292134831,0.755056179775,2020
HYP-SCC-EURUSD-M5-001,HIGH:148780:2021-01-04T01:05:00,LONG,HIGH,148780,2021-01-04 00:45:00,148782,2021-01-04 00:55:00,1.22443,148784,2021-01-04 01:05:00,148785,2021-01-04 01:10:00,148787,2021-01-04 01:20:00,2021-01-04 01:20:00,2,True,148788,2021-01-04 01:25:00,1.22471,0.000392142857143,1.22417,1.22407196429,6.38035714286,True,0.0783655191716,0.235096557515,0.352644836272,0.470193115029,2021
HYP-SCC-EURUSD-M5-001,LOW:149919:2021-01-08T00:00:00,SHORT,LOW,149919,2021-01-07 23:40:00,149921,2021-01-07 23:50:00,1.22673,149923,2021-01-08 00:00:00,149924,2021-01-08 00:05:00,149925,2021-01-08 00:10:00,2021-01-08 00:10:00,1,True,149926,2021-01-08 00:15:00,1.22664,0.000217142857143,1.22697,1.22702428571,3.84285714286,True,0.130111524163,0.39033457249,0.585501858736,0.780669144981,2021
HYP-SCC-EURUSD-M5-001,HIGH:150778:2021-01-13T00:00:00,LONG,HIGH,150778,2021-01-12 23:40:00,150780,2021-01-12 23:50:00,1.22091,150782,2021-01-13 00:00:00,150783,2021-01-13 00:05:00,150784,2021-01-13 00:10:00,2021-01-13 00:10:00,1,True,150785,2021-01-13 00:15:00,1.22114,0.000302142857143,1.22086,1.22078446429,3.55535714286,True,0.140632847815,0.421898543446,0.632847815168,0.843797086891,2021
HYP-SCC-EURUSD-M5-001,HIGH:151068:2021-01-14T00:10:00,LONG,HIGH,151068,2021-01-13 23:50:00,151070,2021-01-14 00:00:00,1.21639,151072,2021-01-14 00:10:00,151073,2021-01-14 00:15:00,151078,2021-01-14 00:40:00,2021-01-14 00:40:00,5,True,151079,2021-01-14 00:45:00,1.21644,0.000258571428571,1.21611,1.21604535714,3.94642857143,True,0.126696832579,0.380090497738,0.570135746606,0.760180995475,2021
HYP-SCC-EURUSD-M5-001,HIGH:151350:2021-01-15T00:10:00,LONG,HIGH,151350,2021-01-14 23:20:00,151352,2021-01-14 23:30:00,1.21559,151360,2021-01-15 00:10:00,151361,2021-01-15 00:15:00,151365,2021-01-15 00:35:00,2021-01-15 00:35:00,4,True,151366,2021-01-15 00:40:00,1.21562,0.000272142857143,1.21554,1.21547196429,1.48035714286,True,0.337756332932,1.01326899879,1.51990349819,2.02653799759,2021
HYP-SCC-EURUSD-M5-001,HIGH:151934:2021-01-19T00:35:00,LONG,HIGH,151934,2021-01-19 00:15:00,151936,2021-01-19 00:25:00,1.20857,151938,2021-01-19 00:35:00,151939,2021-01-19 00:40:00,151940,2021-01-19 00:45:00,2021-01-19 00:45:00,1,True,151941,2021-01-19 00:50:00,1.2086,0.000282857142857,1.20845,1.20837928571,2.20714285714,True,0.226537216828,0.679611650485,1.01941747573,1.35922330097,2021
HYP-SCC-EURUSD-M5-001,HIGH:152779:2021-01-22T00:00:00,LONG,HIGH,152779,2021-01-21 22:40:00,152781,2021-01-21 22:50:00,1.21666,152795,2021-01-22 00:00:00,152796,2021-01-22 00:05:00,152807,2021-01-22 01:00:00,2021-01-22 01:00:00,11,True,152808,2021-01-22 01:05:00,1.2167,0.000312142857143,1.2164,1.21632196429,3.78035714286,True,0.132262635805,0.396787907416,0.595181861124,0.793575814832,2021
HYP-SCC-EURUSD-M5-001,LOW:154496:2021-01-31T23:00:00,SHORT,LOW,154496,2021-01-31 22:25:00,154498,2021-01-31 22:35:00,1.21272,154503,2021-01-31 23:00:00,154504,2021-01-31 23:05:00,154509,2021-01-31 23:30:00,2021-01-31 23:30:00,5,True,154510,2021-01-31 23:35:00,1.2126,0.000366428571429,1.21313,1.21322160714,6.21607142857,True,0.0804366561333,0.2413099684,0.3619649526,0.4826199368,2021
HYP-SCC-EURUSD-M5-001,HIGH:154509:2021-02-01T00:55:00,LONG,HIGH,154509,2021-01-31 23:30:00,154511,2021-01-31 23:40:00,1.21284,154526,2021-02-01 00:55:00,154527,2021-02-01 01:00:00,154529,2021-02-01 01:10:00,2021-02-01 01:10:00,2,True,154530,2021-02-01 01:15:00,1.21287,0.000315714285714,1.2127,1.21262107143,2.48928571429,True,0.200860832137,0.602582496412,0.903873744619,1.20516499282,2021
HYP-SCC-EURUSD-M5-001,HIGH:155372:2021-02-04T00:10:00,LONG,HIGH,155372,2021-02-03 23:25:00,155374,2021-02-03 23:35:00,1.20409,155381,2021-02-04 00:10:00,155382,2021-02-04 00:15:00,155383,2021-02-04 00:20:00,2021-02-04 00:20:00,1,True,155384,2021-02-04 00:25:00,1.2042,0.000204285714286,1.20383,1.20377892857,4.21071428572,True,0.118744698897,0.356234096692,0.534351145038,0.712468193384,2021
HYP-SCC-EURUSD-M5-001,LOW:155661:2021-02-05T00:00:00,SHORT,LOW,155661,2021-02-04 23:30:00,155663,2021-02-04 23:40:00,1.19662,155667,2021-02-05 00:00:00,155668,2021-02-05 00:05:00,155671,2021-02-05 00:20:00,2021-02-05 00:20:00,3,True,155672,2021-02-05 00:25:00,1.19654,0.000216428571429,1.19678,1.19683410714,2.94107142857,True,0.170006071645,0.510018214936,0.765027322404,1.02003642987,2021
HYP-SCC-EURUSD-M5-001,LOW:156521:2021-02-10T00:00:00,SHORT,LOW,156521,2021-02-09 23:25:00,156523,2021-02-09 23:35:00,1.21162,156528,2021-02-10 00:00:00,156529,2021-02-10 00:05:00,156530,2021-02-10 00:10:00,2021-02-10 00:10:00,1,True,156531,2021-02-10 00:15:00,1.21159,0.000182857142857,1.21171,1.21175571429,1.65714285714,True,0.301724137931,0.905172413793,1.35775862069,1.81034482759,2021
HYP-SCC-EURUSD-M5-001,LOW:156819:2021-02-11T00:30:00,SHORT,LOW,156819,2021-02-11 00:15:00,156821,2021-02-11 00:25:00,1.2116,156822,2021-02-11 00:30:00,156823,2021-02-11 00:35:00,156824,2021-02-11 00:40:00,2021-02-11 00:40:00,1,True,156825,2021-02-11 00:45:00,1.21148,0.000149285714286,1.21178,1.21181732143,3.37321428572,True,0.148226574907,0.444679724722,0.667019587083,0.889359449444,2021
HYP-SCC-EURUSD-M5-001,LOW:157385:2021-02-15T01:05:00,SHORT,LOW,157385,2021-02-14 23:35:00,157387,2021-02-14 23:45:00,1.21208,157403,2021-02-15 01:05:00,157404,2021-02-15 01:10:00,157406,2021-02-15 01:20:00,2021-02-15 01:20:00,2,True,157407,2021-02-15 01:25:00,1.21204,0.000183571428571,1.21218,1.21222589286,1.85892857143,True,0.268972142171,0.806916426512,1.21037463977,1.61383285302,2021
HYP-SCC-EURUSD-M5-001,HIGH:159988:2021-02-26T00:55:00,LONG,HIGH,159988,2021-02-26 00:40:00,159990,2021-02-26 00:50:00,1.21569,159991,2021-02-26 00:55:00,159992,2021-02-26 01:00:00,159993,2021-02-26 01:05:00,2021-02-26 01:05:00,1,True,159994,2021-02-26 01:10:00,1.2157,0.000816428571429,1.21525,1.21504589286,6.54107142857,True,0.0764400764401,0.22932022932,0.34398034398,0.45864045864,2021
HYP-SCC-EURUSD-M5-001,LOW:162274:2021-03-10T00:00:00,SHORT,LOW,162274,2021-03-09 23:40:00,162276,2021-03-09 23:50:00,1.18963,162278,2021-03-10 00:00:00,162279,2021-03-10 00:05:00,162290,2021-03-10 01:00:00,2021-03-10 01:00:00,11,True,162291,2021-03-10 01:05:00,1.18957,0.000265714285714,1.18972,1.18978642857,2.16428571428,True,0.23102310231,0.693069306931,1.0396039604,1.38613861386,2021
HYP-SCC-EURUSD-M5-001,LOW:162566:2021-03-11T00:20:00,SHORT,LOW,162566,2021-03-11 00:00:00,162568,2021-03-11 00:10:00,1.19238,162570,2021-03-11 00:20:00,162571,2021-03-11 00:25:00,162583,2021-03-11 01:25:00,2021-03-11 01:25:00,12,True,162584,2021-03-11 01:30:00,1.19218,0.000270714285714,1.19266,1.19272767857,5.47678571429,True,0.0912944245191,0.273883273557,0.410824910336,0.547766547114,2021
HYP-SCC-EURUSD-M5-001,HIGH:162859:2021-03-12T01:00:00,LONG,HIGH,162859,2021-03-12 00:25:00,162861,2021-03-12 00:35:00,1.19841,162866,2021-03-12 01:00:00,162867,2021-03-12 01:05:00,162875,2021-03-12 01:45:00,2021-03-12 01:45:00,8,True,162876,2021-03-12 01:50:00,1.19852,0.000225714285714,1.1983,1.19824357143,2.76428571429,True,0.180878552971,0.542635658914,0.813953488372,1.08527131783,2021
HYP-SCC-EURUSD-M5-001,HIGH:163131:2021-03-15T00:00:00,LONG,HIGH,163131,2021-03-14 23:10:00,163133,2021-03-14 23:20:00,1.1953,163141,2021-03-15 00:00:00,163142,2021-03-15 00:05:00,163143,2021-03-15 00:10:00,2021-03-15 00:10:00,1,True,163144,2021-03-15 00:15:00,1.19539,0.000275714285714,1.19499,1.19492107143,4.68928571429,True,0.10662604722,0.31987814166,0.479817212491,0.639756283321,2021
HYP-SCC-EURUSD-M5-001,HIGH:163424:2021-03-16T00:05:00,LONG,HIGH,163424,2021-03-15 23:35:00,163426,2021-03-15 23:45:00,1.19271,163430,2021-03-16 00:05:00,163431,2021-03-16 00:10:00,163434,2021-03-16 00:25:00,2021-03-16 00:25:00,3,True,163435,2021-03-16 00:30:00,1.19285,0.000189285714286,1.19266,1.19261267857,2.37321428571,True,0.210684725357,0.632054176072,0.948081264109,1.26410835214,2021
HYP-SCC-EURUSD-M5-001,HIGH:164550:2021-03-21T23:00:00,LONG,HIGH,164550,2021-03-21 22:35:00,164552,2021-03-21 22:45:00,1.18887,164555,2021-03-21 23:00:00,164556,2021-03-21 23:05:00,164557,2021-03-21 23:10:00,2021-03-21 23:10:00,1,True,164558,2021-03-21 23:15:00,1.18899,0.000344285714286,1.18843,1.18834392857,6.46071428572,True,0.0773908236595,0.232172470978,0.348258706468,0.464344941957,2021
HYP-SCC-EURUSD-M5-001,LOW:164571:2021-03-22T00:55:00,SHORT,LOW,164571,2021-03-22 00:20:00,164573,2021-03-22 00:30:00,1.18852,164578,2021-03-22 00:55:00,164579,2021-03-22 01:00:00,164580,2021-03-22 01:05:00,2021-03-22 01:05:00,1,True,164581,2021-03-22 01:10:00,1.18843,0.000298571428571,1.18869,1.18876464286,3.34642857143,True,0.149413020277,0.448239060832,0.672358591249,0.896478121665,2021
HYP-SCC-EURUSD-M5-001,HIGH:165156:2021-03-24T01:35:00,LONG,HIGH,165156,2021-03-24 01:15:00,165158,2021-03-24 01:25:00,1.18468,165160,2021-03-24 01:35:00,165161,2021-03-24 01:40:00,165164,2021-03-24 01:55:00,2021-03-24 01:55:00,3,True,165165,2021-03-24 02:00:00,1.18481,0.000275714285714,1.18446,1.18439107143,4.18928571428,True,0.119352088662,0.358056265985,0.537084398977,0.71611253197,2021
HYP-SCC-EURUSD-M5-001,LOW:166001:2021-03-29T00:35:00,SHORT,LOW,166001,2021-03-29 00:15:00,166003,2021-03-29 00:25:00,1.17848,166005,2021-03-29 00:35:00,166006,2021-03-29 00:40:00,166017,2021-03-29 01:35:00,2021-03-29 01:35:00,11,True,166018,2021-03-29 01:40:00,1.17837,0.000302142857143,1.17872,1.17879553571,4.25535714286,True,0.117498950902,0.352496852707,0.52874527906,0.704993705413,2021
HYP-SCC-EURUSD-M5-001,LOW:168883:2021-04-12T01:15:00,SHORT,LOW,168883,2021-04-12 01:00:00,168885,2021-04-12 01:10:00,1.18941,168886,2021-04-12 01:15:00,168887,2021-04-12 01:20:00,168892,2021-04-12 01:45:00,2021-04-12 01:45:00,5,True,168893,2021-04-12 01:50:00,1.18892,0.000365,1.18969,1.18978125,8.6125,True,0.0580551523948,0.174165457184,0.261248185776,0.348330914369,2021
HYP-SCC-EURUSD-M5-001,LOW:170279:2021-04-18T22:05:00,SHORT,LOW,170279,2021-04-18 21:30:00,170281,2021-04-18 21:40:00,1.19729,170286,2021-04-18 22:05:00,170287,2021-04-18 22:10:00,170298,2021-04-18 23:05:00,2021-04-18 23:05:00,11,True,170299,2021-04-18 23:10:00,1.19714,0.000168571428571,1.19735,1.19739214286,2.52142857143,True,0.198300283286,0.594900849859,0.892351274788,1.18980169972,2021
HYP-SCC-EURUSD-M5-001,LOW:170304:2021-04-19T00:05:00,SHORT,LOW,170304,2021-04-18 23:35:00,170306,2021-04-18 23:45:00,1.19681,170310,2021-04-19 00:05:00,170311,2021-04-19 00:10:00,170312,2021-04-19 00:15:00,2021-04-19 00:15:00,1,True,170313,2021-04-19 00:20:00,1.1967,0.000215714285714,1.19694,1.19699392857,2.93928571429,True,0.170109356015,0.510328068044,0.765492102066,1.02065613609,2021
HYP-SCC-EURUSD-M5-001,HIGH:171445:2021-04-23T00:10:00,LONG,HIGH,171445,2021-04-22 22:55:00,171447,2021-04-22 23:05:00,1.20168,171460,2021-04-23 00:10:00,171461,2021-04-23 00:15:00,171462,2021-04-23 00:20:00,2021-04-23 00:20:00,1,True,171463,2021-04-23 00:25:00,1.2017,0.000186428571429,1.20152,1.20147339286,2.26607142857,True,0.220646178093,0.661938534279,0.992907801418,1.32387706856,2021
HYP-SCC-EURUSD-M5-001,LOW:172032:2021-04-27T00:30:00,SHORT,LOW,172032,2021-04-27 00:00:00,172034,2021-04-27 00:10:00,1.20779,172038,2021-04-27 00:30:00,172039,2021-04-27 00:35:00,172040,2021-04-27 00:40:00,2021-04-27 00:40:00,1,True,172041,2021-04-27 00:45:00,1.20771,0.000198571428571,1.20802,1.20806964286,3.59642857143,True,0.139026812314,0.417080436941,0.625620655412,0.834160873883,2021
HYP-SCC-EURUSD-M5-001,LOW:174048:2021-05-06T00:30:00,SHORT,LOW,174048,2021-05-06 00:10:00,174050,2021-05-06 00:20:00,1.20051,174052,2021-05-06 00:30:00,174053,2021-05-06 00:35:00,174061,2021-05-06 01:15:00,2021-05-06 01:15:00,8,True,174062,2021-05-06 01:20:00,1.20047,0.000175,1.20059,1.20063375,1.6375,True,0.30534351145,0.916030534351,1.37404580153,1.8320610687,2021
HYP-SCC-EURUSD-M5-001,HIGH:174331:2021-05-07T00:00:00,LONG,HIGH,174331,2021-05-06 23:45:00,174333,2021-05-06 23:55:00,1.20664,174334,2021-05-07 00:00:00,174335,2021-05-07 00:05:00,174336,2021-05-07 00:10:00,2021-05-07 00:10:00,1,True,174337,2021-05-07 00:15:00,1.20678,0.000162857142857,1.20645,1.20640928571,3.70714285714,True,0.134874759152,0.404624277457,0.606936416185,0.809248554914,2021
HYP-SCC-EURUSD-M5-001,LOW:175479:2021-05-13T00:00:00,SHORT,LOW,175479,2021-05-12 23:35:00,175481,2021-05-12 23:45:00,1.20738,175484,2021-05-13 00:00:00,175485,2021-05-13 00:05:00,175487,2021-05-13 00:15:00,2021-05-13 00:15:00,2,True,175488,2021-05-13 00:20:00,1.20737,0.000219285714286,1.20785,1.20790482143,5.34821428571,True,0.093489148581,0.280467445743,0.420701168614,0.560934891486,2021
HYP-SCC-EURUSD-M5-001,LOW:175768:2021-05-14T00:00:00,SHORT,LOW,175768,2021-05-13 23:40:00,175770,2021-05-13 23:50:00,1.20754,175772,2021-05-14 00:00:00,175773,2021-05-14 00:05:00,175774,2021-05-14 00:10:00,2021-05-14 00:10:00,1,True,175775,2021-05-14 00:15:00,1.20753,0.000166428571429,1.20777,1.20781160714,2.81607142857,True,0.177552314521,0.532656943564,0.798985415346,1.06531388713,2021
HYP-SCC-EURUSD-M5-001,HIGH:177491:2021-05-24T00:10:00,LONG,HIGH,177491,2021-05-23 23:40:00,177493,2021-05-23 23:50:00,1.21843,177497,2021-05-24 00:10:00,177498,2021-05-24 00:15:00,177499,2021-05-24 00:20:00,2021-05-24 00:20:00,1,True,177500,2021-05-24 00:25:00,1.21849,0.000244285714286,1.21834,1.21827892857,2.11071428571,True,0.236886632826,0.710659898477,1.06598984772,1.42131979695,2021
HYP-SCC-EURUSD-M5-001,HIGH:177781:2021-05-25T00:15:00,LONG,HIGH,177781,2021-05-24 23:50:00,177783,2021-05-25 00:00:00,1.22154,177786,2021-05-25 00:15:00,177787,2021-05-25 00:20:00,177788,2021-05-25 00:25:00,2021-05-25 00:25:00,1,True,177789,2021-05-25 00:30:00,1.22162,0.000187857142857,1.22141,1.22136303571,2.56964285714,True,0.194579569145,0.583738707436,0.875608061154,1.16747741487,2021
HYP-SCC-EURUSD-M5-001,HIGH:178066:2021-05-26T00:00:00,LONG,HIGH,178066,2021-05-25 23:35:00,178068,2021-05-25 23:45:00,1.22503,178071,2021-05-26 00:00:00,178072,2021-05-26 00:05:00,178073,2021-05-26 00:10:00,2021-05-26 00:10:00,1,True,178074,2021-05-26 00:15:00,1.22513,0.000217857142857,1.22451,1.22445553571,6.74464285714,True,0.0741329097167,0.22239872915,0.333598093725,0.4447974583,2021
HYP-SCC-EURUSD-M5-001,LOW:178638:2021-05-28T00:00:00,SHORT,LOW,178638,2021-05-27 23:15:00,178640,2021-05-27 23:25:00,1.21905,178647,2021-05-28 00:00:00,178648,2021-05-28 00:05:00,178649,2021-05-28 00:10:00,2021-05-28 00:10:00,1,True,178650,2021-05-28 00:15:00,1.21899,0.000191428571429,1.21928,1.21932785714,3.37857142857,True,0.14799154334,0.443974630021,0.665961945032,0.887949260043,2021
HYP-SCC-EURUSD-M5-001,LOW:179211:2021-06-01T00:00:00,SHORT,LOW,179211,2021-05-31 23:20:00,179213,2021-05-31 23:30:00,1.22291,179219,2021-06-01 00:00:00,179220,2021-06-01 00:05:00,179226,2021-06-01 00:35:00,2021-06-01 00:35:00,6,True,179227,2021-06-01 00:40:00,1.22288,0.000207142857143,1.22345,1.22350178571,6.21785714286,True,0.0804135554279,0.241240666284,0.361860999426,0.482481332568,2021
HYP-SCC-EURUSD-M5-001,LOW:181229:2021-06-10T00:50:00,SHORT,LOW,181229,2021-06-10 00:00:00,181231,2021-06-10 00:10:00,1.21753,181239,2021-06-10 00:50:00,181240,2021-06-10 00:55:00,181242,2021-06-10 01:05:00,2021-06-10 01:05:00,2,True,181243,2021-06-10 01:10:00,1.21729,0.00023,1.21759,1.2176475,3.575,True,0.13986013986,0.41958041958,0.629370629371,0.839160839161,2021
HYP-SCC-EURUSD-M5-001,HIGH:182366:2021-06-16T00:35:00,LONG,HIGH,182366,2021-06-16 00:00:00,182368,2021-06-16 00:10:00,1.21257,182373,2021-06-16 00:35:00,182374,2021-06-16 00:40:00,182375,2021-06-16 00:45:00,2021-06-16 00:45:00,1,True,182376,2021-06-16 00:50:00,1.21259,0.000115,1.2125,1.21247125,1.1875,True,0.421052631578,1.26315789474,1.8947368421,2.52631578947,2021
HYP-SCC-EURUSD-M5-001,HIGH:183133:2021-06-20T21:35:00,LONG,HIGH,183133,2021-06-18 20:45:00,183135,2021-06-20 21:05:00,1.18619,183141,2021-06-20 21:35:00,183142,2021-06-20 21:40:00,183143,2021-06-20 21:45:00,2021-06-20 21:45:00,1,True,183144,2021-06-20 21:50:00,1.1863,0.000417142857143,1.18601,1.18590571429,3.94285714286,True,0.126811594203,0.380434782609,0.570652173913,0.760869565218,2021
HYP-SCC-EURUSD-M5-001,LOW:184601:2021-06-28T00:00:00,SHORT,LOW,184601,2021-06-27 23:25:00,184603,2021-06-27 23:35:00,1.19369,184608,2021-06-28 00:00:00,184609,2021-06-28 00:05:00,184611,2021-06-28 00:15:00,2021-06-28 00:15:00,2,True,184612,2021-06-28 00:20:00,1.19365,0.000216428571429,1.19417,1.19422410714,5.74107142857,True,0.0870917573872,0.261275272162,0.391912908242,0.522550544323,2021
HYP-SCC-EURUSD-M5-001,LOW:185191:2021-06-30T00:50:00,SHORT,LOW,185191,2021-06-30 00:35:00,185193,2021-06-30 00:45:00,1.19015,185194,2021-06-30 00:50:00,185195,2021-06-30 00:55:00,185196,2021-06-30 01:00:00,2021-06-30 01:00:00,1,True,185197,2021-06-30 01:05:00,1.18999,0.000252857142857,1.19029,1.19035321429,3.63214285714,True,0.137659783677,0.412979351032,0.619469026548,0.825958702065,2021
HYP-SCC-EURUSD-M5-001,LOW:186912:2021-07-08T00:45:00,SHORT,LOW,186912,2021-07-08 00:20:00,186914,2021-07-08 00:30:00,1.17914,186917,2021-07-08 00:45:00,186918,2021-07-08 00:50:00,186920,2021-07-08 01:00:00,2021-07-08 01:00:00,2,True,186921,2021-07-08 01:05:00,1.17881,0.000218571428571,1.17922,1.17927464286,4.64642857143,True,0.10760953113,0.32282859339,0.484242890085,0.645657186779,2021
HYP-SCC-EURUSD-M5-001,HIGH:187759:2021-07-13T00:00:00,LONG,HIGH,187759,2021-07-12 23:05:00,187761,2021-07-12 23:15:00,1.18637,187770,2021-07-13 00:00:00,187771,2021-07-13 00:05:00,187782,2021-07-13 01:00:00,2021-07-13 01:00:00,11,True,187783,2021-07-13 01:05:00,1.18639,0.000206428571429,1.18632,1.18626839286,1.21607142857,True,0.411160058737,1.23348017621,1.85022026432,2.46696035242,2021
HYP-SCC-EURUSD-M5-001,LOW:188054:2021-07-14T00:05:00,SHORT,LOW,188054,2021-07-13 23:40:00,188056,2021-07-13 23:50:00,1.17737,188059,2021-07-14 00:05:00,188060,2021-07-14 00:10:00,188061,2021-07-14 00:15:00,2021-07-14 00:15:00,1,True,188062,2021-07-14 00:20:00,1.17726,0.000137142857143,1.17751,1.17754428571,2.84285714286,True,0.175879396985,0.527638190955,0.791457286432,1.05527638191,2021
HYP-SCC-EURUSD-M5-001,HIGH:190642:2021-07-27T00:05:00,LONG,HIGH,190642,2021-07-26 23:45:00,190644,2021-07-26 23:55:00,1.18068,190646,2021-07-27 00:05:00,190647,2021-07-27 00:10:00,190655,2021-07-27 00:50:00,2021-07-27 00:50:00,8,True,190656,2021-07-27 00:55:00,1.18063,0.000215714285714,1.18038,1.18032607143,3.03928571429,True,0.164512338425,0.493537015276,0.740305522914,0.987074030552,2021
HYP-SCC-EURUSD-M5-001,HIGH:190930:2021-07-28T00:00:00,LONG,HIGH,190930,2021-07-27 23:45:00,190932,2021-07-27 23:55:00,1.18214,190933,2021-07-28 00:00:00,190934,2021-07-28 00:05:00,190936,2021-07-28 00:15:00,2021-07-28 00:15:00,2,True,190937,2021-07-28 00:20:00,1.18221,0.000127857142857,1.182,1.18196803571,2.41964285714,True,0.206642066421,0.619926199262,0.929889298893,1.23985239852,2021
HYP-SCC-EURUSD-M5-001,LOW:191521:2021-07-30T01:20:00,SHORT,LOW,191521,2021-07-30 01:00:00,191523,2021-07-30 01:10:00,1.18808,191525,2021-07-30 01:20:00,191526,2021-07-30 01:25:00,191527,2021-07-30 01:30:00,2021-07-30 01:30:00,1,True,191528,2021-07-30 01:35:00,1.18805,0.000212857142857,1.18821,1.18826321429,2.13214285714,True,0.234505862647,0.70351758794,1.05527638191,1.40703517588,2021
HYP-SCC-EURUSD-M5-001,LOW:193211:2021-08-08T22:45:00,SHORT,LOW,193211,2021-08-08 22:20:00,193213,2021-08-08 22:30:00,1.17546,193216,2021-08-08 22:45:00,193217,2021-08-08 22:50:00,193219,2021-08-08 23:00:00,2021-08-08 23:00:00,2,True,193220,2021-08-08 23:05:00,1.17532,0.000263571428571,1.1757,1.17576589286,4.45892857143,True,0.112134561474,0.336403684421,0.504605526632,0.672807368843,2021
HYP-SCC-EURUSD-M5-001,LOW:194379:2021-08-13T00:05:00,SHORT,LOW,194379,2021-08-12 23:45:00,194381,2021-08-12 23:55:00,1.1735,194383,2021-08-13 00:05:00,194384,2021-08-13 00:10:00,194387,2021-08-13 00:25:00,2021-08-13 00:25:00,3,True,194388,2021-08-13 00:30:00,1.17345,0.000117142857143,1.17358,1.17360928571,1.59285714286,True,0.313901345291,0.941704035874,1.41255605381,1.88340807175,2021
HYP-SCC-EURUSD-M5-001,HIGH:195805:2021-08-20T00:00:00,LONG,HIGH,195805,2021-08-19 22:50:00,195807,2021-08-19 23:00:00,1.16788,195819,2021-08-20 00:00:00,195820,2021-08-20 00:05:00,195822,2021-08-20 00:15:00,2021-08-20 00:15:00,2,True,195823,2021-08-20 00:20:00,1.16801,0.000119285714286,1.16763,1.16760017857,4.09821428571,True,0.122004357298,0.366013071895,0.549019607843,0.732026143791,2021
HYP-SCC-EURUSD-M5-001,LOW:196052:2021-08-22T21:10:00,SHORT,LOW,196052,2021-08-20 19:25:00,196054,2021-08-20 19:35:00,1.16965,196071,2021-08-22 21:10:00,196072,2021-08-22 21:15:00,196074,2021-08-22 21:25:00,2021-08-22 21:25:00,2,True,196075,2021-08-22 21:30:00,1.16957,0.000218571428571,1.16969,1.16974464286,1.74642857143,True,0.286298568507,0.858895705521,1.28834355828,1.71779141104,2021
HYP-SCC-EURUSD-M5-001,HIGH:198950:2021-09-05T22:00:00,LONG,HIGH,198950,2021-09-05 21:35:00,198952,2021-09-05 21:50:00,1.18801,198954,2021-09-05 22:00:00,198955,2021-09-05 22:05:00,198956,2021-09-05 22:10:00,2021-09-05 22:10:00,1,True,198957,2021-09-05 22:15:00,1.18806,0.000244285714286,1.18791,1.18784892857,2.11071428571,True,0.236886632826,0.710659898477,1.06598984772,1.42131979695,2021
HYP-SCC-EURUSD-M5-001,LOW:198978:2021-09-06T00:25:00,SHORT,LOW,198978,2021-09-06 00:00:00,198980,2021-09-06 00:10:00,1.18795,198983,2021-09-06 00:25:00,198984,2021-09-06 00:30:00,198990,2021-09-06 01:00:00,2021-09-06 01:00:00,6,True,198991,2021-09-06 01:05:00,1.18792,0.000245714285714,1.18825,1.18831142857,3.91428571429,True,0.127737226277,0.383211678832,0.574817518248,0.766423357664,2021
HYP-SCC-EURUSD-M5-001,HIGH:202726:2021-09-23T01:35:00,LONG,HIGH,202726,2021-09-23 01:05:00,202728,2021-09-23 01:15:00,1.16904,202732,2021-09-23 01:35:00,202733,2021-09-23 01:40:00,202738,2021-09-23 02:05:00,2021-09-23 02:05:00,5,True,202739,2021-09-23 02:10:00,1.16908,0.000197857142857,1.16883,1.16878053571,2.99464285714,True,0.166964818128,0.500894454383,0.751341681574,1.00178890877,2021
HYP-SCC-EURUSD-M5-001,LOW:203291:2021-09-27T00:50:00,SHORT,LOW,203291,2021-09-27 00:25:00,203293,2021-09-27 00:35:00,1.17195,203296,2021-09-27 00:50:00,203297,2021-09-27 00:55:00,203300,2021-09-27 01:10:00,2021-09-27 01:10:00,3,True,203301,2021-09-27 01:15:00,1.17184,0.000212142857143,1.17204,1.17209303571,2.53035714286,True,0.197600564573,0.592801693719,0.889202540579,1.18560338744,2021
HYP-SCC-EURUSD-M5-001,LOW:205898:2021-10-08T02:10:00,SHORT,LOW,205898,2021-10-08 01:50:00,205900,2021-10-08 02:00:00,1.15547,205902,2021-10-08 02:10:00,205903,2021-10-08 02:15:00,205910,2021-10-08 02:50:00,2021-10-08 02:50:00,7,True,205911,2021-10-08 02:55:00,1.15545,0.000153571428571,1.15549,1.15552839286,0.783928571426,True,0.637813211847,1.91343963554,2.87015945331,3.82687927108,2021
HYP-SCC-EURUSD-M5-001,HIGH:206132:2021-10-10T22:00:00,LONG,HIGH,206132,2021-10-10 21:30:00,206134,2021-10-10 21:40:00,1.15712,206138,2021-10-10 22:00:00,206139,2021-10-10 22:05:00,206141,2021-10-10 22:15:00,2021-10-10 22:15:00,2,True,206142,2021-10-10 22:20:00,1.15721,0.000224285714286,1.15703,1.15697392857,2.36071428571,True,0.211800302572,0.635400907716,0.953101361573,1.27080181543,2021
HYP-SCC-EURUSD-M5-001,LOW:206450:2021-10-12T00:20:00,SHORT,LOW,206450,2021-10-12 00:00:00,206452,2021-10-12 00:10:00,1.155,206454,2021-10-12 00:20:00,206455,2021-10-12 00:25:00,206458,2021-10-12 00:40:00,2021-10-12 00:40:00,3,True,206459,2021-10-12 00:45:00,1.15496,0.000167857142857,1.15508,1.15512196429,1.61964285714,True,0.308710033076,0.926130099228,1.38919514884,1.85226019846,2021
HYP-SCC-EURUSD-M5-001,HIGH:209013:2021-10-25T00:00:00,LONG,HIGH,209013,2021-10-24 22:05:00,209015,2021-10-24 22:15:00,1.1644,209036,2021-10-25 00:00:00,209037,2021-10-25 00:05:00,209038,2021-10-25 00:10:00,2021-10-25 00:10:00,1,True,209039,2021-10-25 00:15:00,1.16458,0.000204285714286,1.16389,1.16383892857,7.41071428571,True,0.0674698795181,0.202409638554,0.303614457831,0.404819277108,2021
HYP-SCC-EURUSD-M5-001,LOW:209314:2021-10-26T00:05:00,SHORT,LOW,209314,2021-10-25 23:10:00,209316,2021-10-25 23:20:00,1.16056,209325,2021-10-26 00:05:00,209326,2021-10-26 00:10:00,209327,2021-10-26 00:15:00,2021-10-26 00:15:00,1,True,209328,2021-10-26 00:20:00,1.16022,0.000143571428571,1.1608,1.16083589286,6.15892857143,True,0.0811829515802,0.24354885474,0.365323282111,0.487097709481,2021
HYP-SCC-EURUSD-M5-001,HIGH:210175:2021-10-29T00:00:00,LONG,HIGH,210175,2021-10-28 23:00:00,210177,2021-10-28 23:10:00,1.16843,210187,2021-10-29 00:00:00,210188,2021-10-29 00:05:00,210191,2021-10-29 00:20:00,2021-10-29 00:20:00,3,True,210192,2021-10-29 00:25:00,1.16846,0.000229285714286,1.16814,1.16808267857,3.77321428572,True,0.132513014671,0.397539044013,0.59630856602,0.795078088026,2021
HYP-SCC-EURUSD-M5-001,HIGH:211042:2021-11-03T00:55:00,LONG,HIGH,211042,2021-11-03 00:20:00,211044,2021-11-03 00:30:00,1.15789,211049,2021-11-03 00:55:00,211050,2021-11-03 01:00:00,211055,2021-11-03 01:25:00,2021-11-03 01:25:00,5,True,211056,2021-11-03 01:30:00,1.1579,0.000165714285714,1.1577,1.15765857143,2.41428571429,True,0.207100591716,0.621301775148,0.931952662722,1.2426035503,2021
HYP-SCC-EURUSD-M5-001,LOW:211328:2021-11-04T01:00:00,SHORT,LOW,211328,2021-11-04 00:10:00,211330,2021-11-04 00:20:00,1.16113,211338,2021-11-04 01:00:00,211339,2021-11-04 01:05:00,211342,2021-11-04 01:20:00,2021-11-04 01:20:00,3,True,211343,2021-11-04 01:25:00,1.16091,0.000185714285714,1.16127,1.16131642857,4.06428571429,True,0.1230228471,0.3690685413,0.553602811951,0.738137082601,2021
HYP-SCC-EURUSD-M5-001,HIGH:211869:2021-11-07T23:05:00,LONG,HIGH,211869,2021-11-07 22:25:00,211871,2021-11-07 22:35:00,1.15641,211877,2021-11-07 23:05:00,211878,2021-11-07 23:10:00,211882,2021-11-07 23:30:00,2021-11-07 23:30:00,4,True,211883,2021-11-07 23:35:00,1.1566,0.000262142857143,1.15638,1.15631446429,2.85535714286,True,0.175109443402,0.525328330206,0.787992495309,1.05065666041,2021
HYP-SCC-EURUSD-M5-001,HIGH:213322:2021-11-15T00:00:00,LONG,HIGH,213322,2021-11-14 23:40:00,213324,2021-11-14 23:50:00,1.14428,213326,2021-11-15 00:00:00,213327,2021-11-15 00:05:00,213332,2021-11-15 00:30:00,2021-11-15 00:30:00,5,True,213333,2021-11-15 00:35:00,1.1444,0.000129285714286,1.1441,1.14406767857,3.32321428572,True,0.150456743686,0.451370231058,0.677055346588,0.902740462117,2021
HYP-SCC-EURUSD-M5-001,HIGH:215052:2021-11-23T00:20:00,LONG,HIGH,215052,2021-11-23 00:00:00,215054,2021-11-23 00:10:00,1.12419,215056,2021-11-23 00:20:00,215057,2021-11-23 00:25:00,215059,2021-11-23 00:35:00,2021-11-23 00:35:00,2,True,215060,2021-11-23 00:40:00,1.12419,0.000132857142857,1.12409,1.12405678571,1.33214285714,True,0.375335120644,1.12600536193,1.6890080429,2.25201072386,2021
HYP-SCC-EURUSD-M5-001,LOW:215344:2021-11-24T00:55:00,SHORT,LOW,215344,2021-11-24 00:25:00,215346,2021-11-24 00:35:00,1.12433,215350,2021-11-24 00:55:00,215351,2021-11-24 01:00:00,215352,2021-11-24 01:05:00,2021-11-24 01:05:00,1,True,215353,2021-11-24 01:10:00,1.12431,0.000239285714286,1.12437,1.12442982143,1.19821428572,True,0.417287630402,1.25186289121,1.87779433681,2.50372578241,2021
HYP-SCC-EURUSD-M5-001,LOW:217061:2021-12-02T00:10:00,SHORT,LOW,217061,2021-12-01 23:55:00,217063,2021-12-02 00:05:00,1.13179,217064,2021-12-02 00:10:00,217065,2021-12-02 00:15:00,217068,2021-12-02 00:30:00,2021-12-02 00:30:00,3,True,217069,2021-12-02 00:35:00,1.13168,0.000135714285714,1.13184,1.13187392857,1.93928571429,True,0.257826887661,0.773480662984,1.16022099448,1.54696132597,2021
HYP-SCC-EURUSD-M5-001,HIGH:218206:2021-12-08T00:00:00,LONG,HIGH,218206,2021-12-07 23:35:00,218208,2021-12-07 23:45:00,1.12727,218211,2021-12-08 00:00:00,218212,2021-12-08 00:05:00,218222,2021-12-08 00:55:00,2021-12-08 00:55:00,10,True,218223,2021-12-08 01:00:00,1.12738,0.000172142857143,1.12719,1.12714696429,2.33035714286,True,0.214559386973,0.643678160919,0.965517241379,1.28735632184,2021
HYP-SCC-EURUSD-M5-001,LOW:219029:2021-12-12T22:10:00,SHORT,LOW,219029,2021-12-10 20:15:00,219031,2021-12-10 20:25:00,1.1311,219050,2021-12-12 22:10:00,219051,2021-12-12 22:15:00,219053,2021-12-12 22:25:00,2021-12-12 22:25:00,2,True,219054,2021-12-12 22:30:00,1.13117,0.000336428571429,1.13143,1.13151410714,3.44107142857,True,0.145303580695,0.435910742086,0.653866113129,0.871821484172,2021
HYP-SCC-EURUSD-M5-001,LOW:219076:2021-12-13T00:50:00,SHORT,LOW,219076,2021-12-13 00:20:00,219078,2021-12-13 00:30:00,1.1311,219082,2021-12-13 00:50:00,219083,2021-12-13 00:55:00,219087,2021-12-13 01:15:00,2021-12-13 01:15:00,4,True,219088,2021-12-13 01:20:00,1.13105,0.000195714285714,1.13115,1.13119892857,1.48928571428,True,0.335731414869,1.00719424461,1.51079136691,2.01438848921,2021
HYP-SCC-EURUSD-M5-001,HIGH:219645:2021-12-15T00:05:00,LONG,HIGH,219645,2021-12-14 23:50:00,219647,2021-12-15 00:00:00,1.12588,219648,2021-12-15 00:05:00,219649,2021-12-15 00:10:00,219650,2021-12-15 00:15:00,2021-12-15 00:15:00,1,True,219651,2021-12-15 00:20:00,1.12589,0.000149285714286,1.12574,1.12570267857,1.87321428571,True,0.266920877026,0.800762631077,1.20114394662,1.60152526215,2021
HYP-SCC-EURUSD-M5-001,HIGH:220208:2021-12-17T00:10:00,LONG,HIGH,220208,2021-12-16 22:45:00,220210,2021-12-16 22:55:00,1.13312,220225,2021-12-17 00:10:00,220226,2021-12-17 00:15:00,220229,2021-12-17 00:30:00,2021-12-17 00:30:00,3,True,220230,2021-12-17 00:35:00,1.13317,0.000208571428571,1.13303,1.13297785714,1.92142857143,True,0.260223048327,0.780669144981,1.17100371747,1.56133828996,2021
HYP-SCC-EURUSD-M5-001,HIGH:221079:2021-12-22T00:05:00,LONG,HIGH,221079,2021-12-21 23:40:00,221081,2021-12-21 23:50:00,1.12868,221084,2021-12-22 00:05:00,221085,2021-12-22 00:10:00,221086,2021-12-22 00:15:00,2021-12-22 00:15:00,1,True,221087,2021-12-22 00:20:00,1.12873,0.000175714285714,1.12859,1.12854607143,1.83928571429,True,0.271844660194,0.815533980582,1.22330097087,1.63106796116,2021
HYP-SCC-EURUSD-M5-001,LOW:224734:2022-01-09T22:10:00,SHORT,LOW,224734,2022-01-07 20:40:00,224736,2022-01-07 20:50:00,1.13573,224750,2022-01-09 22:10:00,224751,2022-01-09 22:15:00,224753,2022-01-09 22:25:00,2022-01-09 22:25:00,2,True,224754,2022-01-09 22:30:00,1.13549,0.000255,1.13581,1.13587375,3.8375,True,0.130293159609,0.390879478827,0.586319218241,0.781758957654,2022
HYP-SCC-EURUSD-M5-001,HIGH:224775:2022-01-10T00:30:00,LONG,HIGH,224775,2022-01-10 00:15:00,224777,2022-01-10 00:25:00,1.13547,224778,2022-01-10 00:30:00,224779,2022-01-10 00:35:00,224785,2022-01-10 01:05:00,2022-01-10 01:05:00,6,True,224786,2022-01-10 01:10:00,1.13552,0.00018,1.13529,1.135245,2.75,True,0.181818181818,0.545454545454,0.818181818181,1.09090909091,2022
HYP-SCC-EURUSD-M5-001,HIGH:225053:2022-01-11T00:20:00,LONG,HIGH,225053,2022-01-10 23:25:00,225055,2022-01-10 23:35:00,1.13322,225064,2022-01-11 00:20:00,225065,2022-01-11 00:25:00,225066,2022-01-11 00:30:00,2022-01-11 00:30:00,1,True,225067,2022-01-11 00:35:00,1.13325,0.000157142857143,1.13317,1.13313071429,1.19285714286,True,0.419161676647,1.25748502994,1.88622754491,2.51497005988,2022
HYP-SCC-EURUSD-M5-001,LOW:227350:2022-01-21T00:25:00,SHORT,LOW,227350,2022-01-20 23:15:00,227352,2022-01-20 23:35:00,1.13071,227362,2022-01-21 00:25:00,227363,2022-01-21 00:30:00,227364,2022-01-21 00:35:00,2022-01-21 00:35:00,1,True,227365,2022-01-21 00:40:00,1.13062,0.000306428571429,1.13097,1.13104660714,4.26607142857,True,0.117203850984,0.351611552951,0.527417329427,0.703223105902,2022
HYP-SCC-EURUSD-M5-001,LOW:228781:2022-01-28T00:10:00,SHORT,LOW,228781,2022-01-27 22:55:00,228783,2022-01-27 23:05:00,1.11418,228796,2022-01-28 00:10:00,228797,2022-01-28 00:15:00,228799,2022-01-28 00:25:00,2022-01-28 00:25:00,2,True,228800,2022-01-28 00:30:00,1.11415,0.000212857142857,1.11427,1.11432321429,1.73214285714,True,0.288659793814,0.865979381442,1.29896907216,1.73195876288,2022
HYP-SCC-EURUSD-M5-001,LOW:229367:2022-02-01T00:15:00,SHORT,LOW,229367,2022-02-01 00:00:00,229369,2022-02-01 00:10:00,1.12279,229370,2022-02-01 00:15:00,229371,2022-02-01 00:20:00,229373,2022-02-01 00:30:00,2022-02-01 00:30:00,2,True,229374,2022-02-01 00:35:00,1.12245,0.000187142857143,1.12289,1.12293678571,4.86785714286,True,0.102714600147,0.30814380044,0.46221570066,0.616287600881,2022
HYP-SCC-EURUSD-M5-001,LOW:229934:2022-02-03T00:20:00,SHORT,LOW,229934,2022-02-02 23:15:00,229936,2022-02-02 23:25:00,1.1298,229947,2022-02-03 00:20:00,229948,2022-02-03 00:25:00,229952,2022-02-03 00:45:00,2022-02-03 00:45:00,4,True,229953,2022-02-03 00:50:00,1.12969,0.000165714285714,1.12984,1.12988142857,1.91428571428,True,0.261194029851,0.783582089553,1.17537313433,1.56716417911,2022
HYP-SCC-EURUSD-M5-001,LOW:230219:2022-02-04T00:00:00,SHORT,LOW,230219,2022-02-03 23:05:00,230221,2022-02-03 23:15:00,1.14352,230230,2022-02-04 00:00:00,230231,2022-02-04 00:05:00,230232,2022-02-04 00:10:00,2022-02-04 00:10:00,1,True,230233,2022-02-04 00:15:00,1.14339,0.000205,1.14359,1.14364125,2.5125,True,0.199004975124,0.597014925373,0.895522388059,1.19402985075,2022
HYP-SCC-EURUSD-M5-001,HIGH:230803:2022-02-08T00:35:00,LONG,HIGH,230803,2022-02-08 00:00:00,230805,2022-02-08 00:10:00,1.14412,230810,2022-02-08 00:35:00,230811,2022-02-08 00:40:00,230813,2022-02-08 00:50:00,2022-02-08 00:50:00,2,True,230814,2022-02-08 00:55:00,1.14424,0.000232857142857,1.14407,1.14401178571,2.28214285714,True,0.219092331768,0.657276995305,0.985915492958,1.31455399061,2022
HYP-SCC-EURUSD-M5-001,HIGH:231935:2022-02-13T22:35:00,LONG,HIGH,231935,2022-02-13 22:20:00,231937,2022-02-13 22:30:00,1.13431,231938,2022-02-13 22:35:00,231939,2022-02-13 22:40:00,231940,2022-02-13 22:45:00,2022-02-13 22:45:00,1,True,231941,2022-02-13 22:50:00,1.1344,0.000353571428571,1.13402,1.13393160714,4.68392857143,True,0.106747998475,0.320243995425,0.480365993138,0.64048799085,2022
HYP-SCC-EURUSD-M5-001,LOW:233383:2022-02-20T23:25:00,SHORT,LOW,233383,2022-02-20 23:00:00,233385,2022-02-20 23:10:00,1.13163,233388,2022-02-20 23:25:00,233389,2022-02-20 23:30:00,233390,2022-02-20 23:35:00,2022-02-20 23:35:00,1,True,233391,2022-02-20 23:40:00,1.13157,0.000265714285714,1.13202,1.13208642857,5.16428571429,True,0.0968188105118,0.290456431535,0.435684647303,0.580912863071,2022
HYP-SCC-EURUSD-M5-001,LOW:237426:2022-03-11T00:40:00,SHORT,LOW,237426,2022-03-11 00:10:00,237428,2022-03-11 00:20:00,1.10078,237432,2022-03-11 00:40:00,237433,2022-03-11 00:45:00,237434,2022-03-11 00:50:00,2022-03-11 00:50:00,1,True,237435,2022-03-11 00:55:00,1.10056,0.000483571428571,1.10107,1.10119089286,6.30892857143,True,0.0792527596943,0.237758279083,0.356637418624,0.475516558166,2022
HYP-SCC-EURUSD-M5-001,LOW:238291:2022-03-16T00:40:00,SHORT,LOW,238291,2022-03-16 00:15:00,238293,2022-03-16 00:25:00,1.09632,238296,2022-03-16 00:40:00,238297,2022-03-16 00:45:00,238301,2022-03-16 01:05:00,2022-03-16 01:05:00,4,True,238302,2022-03-16 01:10:00,1.09602,0.000430714285714,1.0968,1.09690767857,8.87678571429,True,0.05632669483,0.16898008449,0.253470126735,0.33796016898,2022
HYP-SCC-EURUSD-M5-001,HIGH:239135:2022-03-21T00:35:00,LONG,HIGH,239135,2022-03-20 23:40:00,239137,2022-03-20 23:50:00,1.10464,239146,2022-03-21 00:35:00,239147,2022-03-21 00:40:00,239148,2022-03-21 00:45:00,2022-03-21 00:45:00,1,True,239149,2022-03-21 00:50:00,1.10465,0.000307857142857,1.10451,1.10443303571,2.16964285714,True,0.230452674897,0.691358024692,1.03703703704,1.38271604938,2022
HYP-SCC-EURUSD-M5-001,HIGH:239995:2022-03-24T00:00:00,LONG,HIGH,239995,2022-03-23 23:20:00,239997,2022-03-23 23:30:00,1.10069,240003,2022-03-24 00:00:00,240004,2022-03-24 00:05:00,240008,2022-03-24 00:25:00,2022-03-24 00:25:00,4,True,240009,2022-03-24 00:30:00,1.10073,0.000267142857143,1.10048,1.10041321429,3.16785714286,True,0.157835400225,0.473506200676,0.710259301014,0.947012401353,2022
HYP-SCC-EURUSD-M5-001,LOW:241957:2022-04-03T21:10:00,SHORT,LOW,241957,2022-04-01 19:00:00,241959,2022-04-01 19:10:00,1.10389,241982,2022-04-03 21:10:00,241983,2022-04-03 21:15:00,241984,2022-04-03 21:20:00,2022-04-03 21:20:00,1,True,241985,2022-04-03 21:25:00,1.10378,0.000302857142857,1.10392,1.10399571429,2.15714285714,True,0.23178807947,0.695364238411,1.04304635762,1.39072847682,2022
HYP-SCC-EURUSD-M5-001,HIGH:242300:2022-04-05T00:00:00,LONG,HIGH,242300,2022-04-04 23:40:00,242302,2022-04-04 23:50:00,1.0976,242304,2022-04-05 00:00:00,242305,2022-04-05 00:05:00,242306,2022-04-05 00:10:00,2022-04-05 00:10:00,1,True,242307,2022-04-05 00:15:00,1.09759,0.000211428571429,1.09731,1.09725714286,3.32857142857,True,0.150214592275,0.450643776824,0.675965665236,0.901287553648,2022
HYP-SCC-EURUSD-M5-001,HIGH:242873:2022-04-07T00:00:00,LONG,HIGH,242873,2022-04-06 23:25:00,242875,2022-04-06 23:35:00,1.08996,242880,2022-04-07 00:00:00,242881,2022-04-07 00:05:00,242885,2022-04-07 00:25:00,2022-04-07 00:25:00,4,True,242886,2022-04-07 00:30:00,1.09013,0.000260714285714,1.08967,1.08960482143,5.25178571429,True,0.0952057123427,0.285617137028,0.428425705542,0.571234274056,2022
HYP-SCC-EURUSD-M5-001,LOW:243441:2022-04-11T00:15:00,SHORT,LOW,243441,2022-04-10 22:50:00,243443,2022-04-10 23:00:00,1.0886,243458,2022-04-11 00:15:00,243459,2022-04-11 00:20:00,243460,2022-04-11 00:25:00,2022-04-11 00:25:00,1,True,243461,2022-04-11 00:30:00,1.08846,0.000310714285714,1.08912,1.08919767857,7.37678571429,True,0.0677801984992,0.203340595497,0.305010893246,0.406681190995,2022
HYP-SCC-EURUSD-M5-001,HIGH:244861:2022-04-17T21:35:00,LONG,HIGH,244861,2022-04-17 21:20:00,244863,2022-04-17 21:30:00,1.0807,244864,2022-04-17 21:35:00,244865,2022-04-17 21:40:00,244866,2022-04-17 21:45:00,2022-04-17 21:45:00,1,True,244867,2022-04-17 21:50:00,1.08072,0.000335714285714,1.08042,1.08033607143,3.83928571428,True,0.13023255814,0.390697674419,0.586046511628,0.781395348837,2022
HYP-SCC-EURUSD-M5-001,LOW:245181:2022-04-19T00:40:00,SHORT,LOW,245181,2022-04-19 00:00:00,245183,2022-04-19 00:10:00,1.07762,245189,2022-04-19 00:40:00,245190,2022-04-19 00:45:00,245191,2022-04-19 00:50:00,2022-04-19 00:50:00,1,True,245192,2022-04-19 00:55:00,1.07748,0.00038,1.07808,1.078175,6.95,True,0.0719424460432,0.21582733813,0.323741007194,0.431654676259,2022
HYP-SCC-EURUSD-M5-001,HIGH:245469:2022-04-20T01:00:00,LONG,HIGH,245469,2022-04-20 00:00:00,245471,2022-04-20 00:10:00,1.07971,245481,2022-04-20 01:00:00,245482,2022-04-20 01:05:00,245483,2022-04-20 01:10:00,2022-04-20 01:10:00,1,True,245484,2022-04-20 01:15:00,1.0798,0.000349285714286,1.0795,1.07941267857,3.87321428572,True,0.129091747349,0.387275242047,0.58091286307,0.774550484094,2022
HYP-SCC-EURUSD-M5-001,HIGH:246042:2022-04-22T00:05:00,LONG,HIGH,246042,2022-04-21 23:45:00,246044,2022-04-21 23:55:00,1.08371,246046,2022-04-22 00:05:00,246047,2022-04-22 00:10:00,246048,2022-04-22 00:15:00,2022-04-22 00:15:00,1,True,246049,2022-04-22 00:20:00,1.08379,0.000268571428571,1.08359,1.08352285714,2.67142857143,True,0.187165775401,0.561497326203,0.842245989305,1.12299465241,2022
HYP-SCC-EURUSD-M5-001,HIGH:246289:2022-04-24T21:15:00,LONG,HIGH,246289,2022-04-22 20:20:00,246291,2022-04-22 20:30:00,1.08006,246298,2022-04-24 21:15:00,246299,2022-04-24 21:20:00,246301,2022-04-24 21:30:00,2022-04-24 21:30:00,2,True,246302,2022-04-24 21:35:00,1.08019,0.000407142857143,1.07974,1.07963821429,5.51785714286,True,0.0906148867314,0.271844660194,0.407766990291,0.543689320388,2022
HYP-SCC-EURUSD-M5-001,HIGH:246616:2022-04-26T00:05:00,LONG,HIGH,246616,2022-04-25 23:45:00,246618,2022-04-25 23:55:00,1.07146,246620,2022-04-26 00:05:00,246621,2022-04-26 00:10:00,246622,2022-04-26 00:15:00,2022-04-26 00:15:00,1,True,246623,2022-04-26 00:20:00,1.07167,0.000261428571429,1.07132,1.07125464286,4.15357142857,True,0.1203783319,0.361134995701,0.541702493551,0.722269991402,2022
HYP-SCC-EURUSD-M5-001,LOW:246907:2022-04-27T00:20:00,SHORT,LOW,246907,2022-04-27 00:00:00,246909,2022-04-27 00:10:00,1.06401,246911,2022-04-27 00:20:00,246912,2022-04-27 00:25:00,246913,2022-04-27 00:30:00,2022-04-27 00:30:00,1,True,246914,2022-04-27 00:35:00,1.06395,0.000293571428571,1.06408,1.06415339286,2.03392857143,True,0.245829675154,0.737489025461,1.10623353819,1.47497805092,2022
HYP-SCC-EURUSD-M5-001,LOW:247189:2022-04-28T00:20:00,SHORT,LOW,247189,2022-04-27 23:30:00,247191,2022-04-27 23:40:00,1.05491,247199,2022-04-28 00:20:00,247200,2022-04-28 00:25:00,247204,2022-04-28 00:45:00,2022-04-28 00:45:00,4,True,247205,2022-04-28 00:50:00,1.05486,0.000280714285714,1.05508,1.05515017857,2.90178571429,True,0.172307692308,0.516923076923,0.775384615384,1.03384615385,2022
HYP-SCC-EURUSD-M5-001,LOW:249170:2022-05-08T21:20:00,SHORT,LOW,249170,2022-05-06 20:45:00,249172,2022-05-06 20:55:00,1.05401,249176,2022-05-08 21:20:00,249177,2022-05-08 21:25:00,249178,2022-05-08 21:30:00,2022-05-08 21:30:00,1,True,249179,2022-05-08 21:35:00,1.0539,0.000375714285714,1.05424,1.05433392857,4.33928571429,True,0.115226337449,0.345679012346,0.518518518519,0.691358024691,2022
HYP-SCC-EURUSD-M5-001,LOW:249200:2022-05-09T00:10:00,SHORT,LOW,249200,2022-05-08 23:20:00,249202,2022-05-08 23:30:00,1.05308,249210,2022-05-09 00:10:00,249211,2022-05-09 00:15:00,249212,2022-05-09 00:20:00,2022-05-09 00:20:00,1,True,249213,2022-05-09 00:25:00,1.05289,0.000373571428571,1.0533,1.05339339286,5.03392857143,True,0.0993260021284,0.297978006385,0.446967009578,0.595956012771,2022
HYP-SCC-EURUSD-M5-001,HIGH:250652:2022-05-16T00:45:00,LONG,HIGH,250652,2022-05-16 00:30:00,250654,2022-05-16 00:40:00,1.04057,250655,2022-05-16 00:45:00,250656,2022-05-16 00:50:00,250665,2022-05-16 01:35:00,2022-05-16 01:35:00,9,True,250666,2022-05-16 01:40:00,1.04059,0.000422142857143,1.04026,1.04015446429,4.35535714286,True,0.114801148012,0.344403444035,0.516605166052,0.688806888069,2022
HYP-SCC-EURUSD-M5-001,LOW:254091:2022-06-01T00:00:00,SHORT,LOW,254091,2022-05-31 23:25:00,254093,2022-05-31 23:35:00,1.07323,254098,2022-06-01 00:00:00,254099,2022-06-01 00:05:00,254100,2022-06-01 00:10:00,2022-06-01 00:10:00,1,True,254101,2022-06-01 00:15:00,1.0732,0.000225714285714,1.07346,1.07351642857,3.16428571429,True,0.158013544018,0.474040632054,0.711060948081,0.948081264108,2022
HYP-SCC-EURUSD-M5-001,LOW:255249:2022-06-07T00:20:00,SHORT,LOW,255249,2022-06-07 00:05:00,255251,2022-06-07 00:15:00,1.06876,255252,2022-06-07 00:20:00,255253,2022-06-07 00:25:00,255257,2022-06-07 00:45:00,2022-06-07 00:45:00,4,True,255258,2022-06-07 00:50:00,1.06866,0.000321428571429,1.06887,1.06895035714,2.90357142857,True,0.172201722017,0.516605166052,0.774907749077,1.0332103321,2022
HYP-SCC-EURUSD-M5-001,LOW:255540:2022-06-08T00:45:00,SHORT,LOW,255540,2022-06-08 00:25:00,255542,2022-06-08 00:35:00,1.06952,255544,2022-06-08 00:45:00,255545,2022-06-08 00:50:00,255546,2022-06-08 00:55:00,2022-06-08 00:55:00,1,True,255547,2022-06-08 01:00:00,1.06931,0.000297142857143,1.06985,1.06992428571,6.14285714286,True,0.0813953488372,0.244186046512,0.366279069767,0.488372093023,2022
HYP-SCC-EURUSD-M5-001,HIGH:257256:2022-06-16T00:00:00,LONG,HIGH,257256,2022-06-15 23:40:00,257258,2022-06-15 23:50:00,1.04589,257260,2022-06-16 00:00:00,257261,2022-06-16 00:05:00,257268,2022-06-16 00:40:00,2022-06-16 00:40:00,7,True,257269,2022-06-16 00:45:00,1.04622,0.000469285714286,1.04575,1.04563267857,5.87321428571,True,0.0851322590453,0.255396777136,0.383095165704,0.510793554272,2022
HYP-SCC-EURUSD-M5-001,HIGH:258115:2022-06-21T00:00:00,LONG,HIGH,258115,2022-06-20 23:15:00,258117,2022-06-20 23:25:00,1.05182,258124,2022-06-21 00:00:00,258125,2022-06-21 00:05:00,258127,2022-06-21 00:15:00,2022-06-21 00:15:00,2,True,258128,2022-06-21 00:20:00,1.05191,0.000314285714286,1.05166,1.05158142857,3.28571428571,True,0.152173913044,0.456521739131,0.684782608696,0.913043478261,2022
HYP-SCC-EURUSD-M5-001,HIGH:259245:2022-06-26T22:05:00,LONG,HIGH,259245,2022-06-26 21:35:00,259247,2022-06-26 21:45:00,1.05553,259251,2022-06-26 22:05:00,259252,2022-06-26 22:10:00,259253,2022-06-26 22:15:00,2022-06-26 22:15:00,1,True,259254,2022-06-26 22:20:00,1.05555,0.000247142857143,1.05529,1.05522821429,3.21785714286,True,0.15538290788,0.46614872364,0.699223085461,0.932297447281,2022
HYP-SCC-EURUSD-M5-001,LOW:260132:2022-06-30T00:05:00,SHORT,LOW,260132,2022-06-29 23:30:00,260134,2022-06-29 23:40:00,1.04414,260139,2022-06-30 00:05:00,260140,2022-06-30 00:10:00,260141,2022-06-30 00:15:00,2022-06-30 00:15:00,1,True,260142,2022-06-30 00:20:00,1.04393,0.000271428571429,1.0445,1.04456785714,6.37857142857,True,0.0783874580067,0.23516237402,0.35274356103,0.47032474804,2022
HYP-SCC-EURUSD-M5-001,LOW:260422:2022-07-01T00:05:00,SHORT,LOW,260422,2022-06-30 23:40:00,260424,2022-06-30 23:50:00,1.04747,260427,2022-07-01 00:05:00,260428,2022-07-01 00:10:00,260436,2022-07-01 00:50:00,2022-07-01 00:50:00,8,True,260437,2022-07-01 00:55:00,1.04725,0.000351428571429,1.04776,1.04784785714,5.97857142857,True,0.0836320191159,0.250896057348,0.376344086022,0.501792114695,2022
HYP-SCC-EURUSD-M5-001,HIGH:260672:2022-07-03T22:10:00,LONG,HIGH,260672,2022-07-01 20:30:00,260674,2022-07-01 20:40:00,1.0433,260687,2022-07-03 22:10:00,260688,2022-07-03 22:15:00,260690,2022-07-03 22:25:00,2022-07-03 22:25:00,2,True,260691,2022-07-03 22:30:00,1.04338,0.000358571428571,1.04297,1.04288035714,4.99642857143,True,0.100071479628,0.300214438885,0.450321658327,0.60042887777,2022
HYP-SCC-EURUSD-M5-001,LOW:261884:2022-07-08T02:25:00,SHORT,LOW,261884,2022-07-08 02:00:00,261886,2022-07-08 02:10:00,1.01738,261889,2022-07-08 02:25:00,261890,2022-07-08 02:30:00,261892,2022-07-08 02:40:00,2022-07-08 02:40:00,2,True,261893,2022-07-08 02:45:00,1.01734,0.000361428571429,1.0177,1.01779035714,4.50357142857,True,0.111022997621,0.333068992863,0.499603489294,0.666137985725,2022
HYP-SCC-EURUSD-M5-001,LOW:262160:2022-07-11T01:35:00,SHORT,LOW,262160,2022-07-11 01:05:00,262162,2022-07-11 01:15:00,1.01456,262166,2022-07-11 01:35:00,262167,2022-07-11 01:40:00,262175,2022-07-11 02:20:00,2022-07-11 02:20:00,8,True,262176,2022-07-11 02:25:00,1.01456,0.000394285714286,1.01465,1.01474857143,1.88571428572,True,0.265151515151,0.795454545454,1.19318181818,1.59090909091,2022
HYP-SCC-EURUSD-M5-001,LOW:265022:2022-07-25T00:30:00,SHORT,LOW,265022,2022-07-25 00:05:00,265024,2022-07-25 00:15:00,1.01914,265027,2022-07-25 00:30:00,265028,2022-07-25 00:35:00,265029,2022-07-25 00:40:00,2022-07-25 00:40:00,1,True,265030,2022-07-25 00:45:00,1.01912,0.000353571428571,1.01946,1.01954839286,4.28392857143,True,0.116715298041,0.350145894123,0.525218841184,0.700291788245,2022
HYP-SCC-EURUSD-M5-001,HIGH:265585:2022-07-27T00:05:00,LONG,HIGH,265585,2022-07-26 23:20:00,265587,2022-07-26 23:30:00,1.01337,265594,2022-07-27 00:05:00,265595,2022-07-27 00:10:00,265599,2022-07-27 00:30:00,2022-07-27 00:30:00,4,True,265600,2022-07-27 00:35:00,1.0134,0.000295,1.01316,1.01308625,3.1375,True,0.159362549801,0.478087649402,0.717131474103,0.956175298804,2022
HYP-SCC-EURUSD-M5-001,HIGH:266439:2022-08-01T00:15:00,LONG,HIGH,266439,2022-07-31 23:00:00,266441,2022-07-31 23:10:00,1.02168,266454,2022-08-01 00:15:00,266455,2022-08-01 00:20:00,266458,2022-08-01 00:35:00,2022-08-01 00:35:00,3,True,266459,2022-08-01 00:40:00,1.02185,0.000412142857143,1.0216,1.02149696429,3.53035714286,True,0.1416287304,0.424886191199,0.637329286798,0.849772382398,2022
HYP-SCC-EURUSD-M5-001,HIGH:267308:2022-08-04T00:30:00,LONG,HIGH,267308,2022-08-04 00:05:00,267310,2022-08-04 00:15:00,1.01614,267313,2022-08-04 00:30:00,267314,2022-08-04 00:35:00,267315,2022-08-04 00:40:00,2022-08-04 00:40:00,1,True,267316,2022-08-04 00:45:00,1.01629,0.000341428571429,1.01581,1.01572464286,5.65357142857,True,0.0884396715098,0.265319014529,0.397978521794,0.530638029059,2022
HYP-SCC-EURUSD-M5-001,LOW:267875:2022-08-08T00:00:00,SHORT,LOW,267875,2022-08-07 23:40:00,267877,2022-08-07 23:50:00,1.01713,267879,2022-08-08 00:00:00,267880,2022-08-08 00:05:00,267891,2022-08-08 01:00:00,2022-08-08 01:00:00,11,True,267892,2022-08-08 01:05:00,1.0166,0.000402142857143,1.01742,1.01752053571,9.20535714286,True,0.0543161978661,0.162948593598,0.244422890398,0.325897187197,2022
HYP-SCC-EURUSD-M5-001,LOW:268443:2022-08-10T00:00:00,SHORT,LOW,268443,2022-08-09 23:35:00,268445,2022-08-09 23:45:00,1.02053,268448,2022-08-10 00:00:00,268449,2022-08-10 00:05:00,268450,2022-08-10 00:10:00,2022-08-10 00:10:00,1,True,268451,2022-08-10 00:15:00,1.02052,0.000195714285714,1.02085,1.02089892857,3.78928571428,True,0.131950989632,0.395852968897,0.593779453346,0.791705937795,2022
HYP-SCC-EURUSD-M5-001,HIGH:269273:2022-08-14T22:10:00,LONG,HIGH,269273,2022-08-14 21:35:00,269275,2022-08-14 21:45:00,1.02595,269280,2022-08-14 22:10:00,269281,2022-08-14 22:15:00,269282,2022-08-14 22:20:00,2022-08-14 22:20:00,1,True,269283,2022-08-14 22:25:00,1.02596,0.000242142857143,1.02586,1.02579946429,1.60535714286,True,0.311457174638,0.934371523915,1.40155728587,1.86874304783,2022
HYP-SCC-EURUSD-M5-001,LOW:269583:2022-08-16T00:00:00,SHORT,LOW,269583,2022-08-15 23:45:00,269585,2022-08-15 23:55:00,1.01605,269586,2022-08-16 00:00:00,269587,2022-08-16 00:05:00,269588,2022-08-16 00:10:00,2022-08-16 00:10:00,1,True,269589,2022-08-16 00:15:00,1.01581,0.000226428571429,1.01616,1.01621660714,4.06607142857,True,0.122968818621,0.368906455863,0.553359683795,0.737812911726,2022
HYP-SCC-EURUSD-M5-001,LOW:270703:2022-08-21T23:10:00,SHORT,LOW,270703,2022-08-21 22:30:00,270705,2022-08-21 22:40:00,1.00349,270711,2022-08-21 23:10:00,270712,2022-08-21 23:15:00,270713,2022-08-21 23:20:00,2022-08-21 23:20:00,1,True,270714,2022-08-21 23:25:00,1.0034,0.000305,1.00367,1.00374625,3.4625,True,0.14440433213,0.43321299639,0.649819494585,0.86642599278,2022
HYP-SCC-EURUSD-M5-001,LOW:272140:2022-08-29T00:40:00,SHORT,LOW,272140,2022-08-29 00:05:00,272142,2022-08-29 00:15:00,0.99341,272147,2022-08-29 00:40:00,272148,2022-08-29 00:45:00,272149,2022-08-29 00:50:00,2022-08-29 00:50:00,1,True,272150,2022-08-29 00:55:00,0.9932,0.000459285714286,0.99354,0.993654821429,4.54821428571,True,0.10993325481,0.329799764429,0.494699646643,0.659599528857,2022
HYP-SCC-EURUSD-M5-001,LOW:275233:2022-09-13T01:15:00,SHORT,LOW,275233,2022-09-13 00:25:00,275235,2022-09-13 00:35:00,1.01321,275243,2022-09-13 01:15:00,275244,2022-09-13 01:20:00,275248,2022-09-13 01:40:00,2022-09-13 01:40:00,4,True,275249,2022-09-13 01:45:00,1.01315,0.000379285714286,1.01348,1.01357482143,4.24821428571,True,0.117696511139,0.353089533417,0.529634300126,0.706179066835,2022
HYP-SCC-EURUSD-M5-001,LOW:276922:2022-09-21T00:25:00,SHORT,LOW,276922,2022-09-20 23:45:00,276924,2022-09-20 23:55:00,0.99676,276930,2022-09-21 00:25:00,276931,2022-09-21 00:30:00,276932,2022-09-21 00:35:00,2022-09-21 00:35:00,1,True,276933,2022-09-21 00:40:00,0.99606,0.000355,0.99694,0.99702875,9.6875,True,0.0516129032258,0.154838709677,0.232258064516,0.309677419355,2022
HYP-SCC-EURUSD-M5-001,LOW:277497:2022-09-23T00:15:00,SHORT,LOW,277497,2022-09-22 23:45:00,277499,2022-09-22 23:55:00,0.98365,277503,2022-09-23 00:15:00,277504,2022-09-23 00:20:00,277506,2022-09-23 00:30:00,2022-09-23 00:30:00,2,True,277507,2022-09-23 00:35:00,0.98363,0.000244285714286,0.98386,0.983921071429,2.91071428571,True,0.171779141104,0.515337423313,0.773006134969,1.03067484663,2022
HYP-SCC-EURUSD-M5-001,HIGH:277755:2022-09-25T22:15:00,LONG,HIGH,277755,2022-09-25 21:15:00,277757,2022-09-25 21:30:00,0.96932,277766,2022-09-25 22:15:00,277767,2022-09-25 22:20:00,277773,2022-09-25 22:50:00,2022-09-25 22:50:00,6,True,277774,2022-09-25 22:55:00,0.96971,0.000749285714286,0.96898,0.968792678571,9.17321428571,True,0.0545065213159,0.163519563948,0.245279345922,0.327039127896,2022
HYP-SCC-EURUSD-M5-001,LOW:278644:2022-09-29T00:10:00,SHORT,LOW,278644,2022-09-28 23:45:00,278646,2022-09-28 23:55:00,0.97045,278649,2022-09-29 00:10:00,278650,2022-09-29 00:15:00,278651,2022-09-29 00:20:00,2022-09-29 00:20:00,1,True,278652,2022-09-29 00:25:00,0.97041,0.000493571428571,0.97058,0.970703392857,2.93392857143,True,0.170419963481,0.511259890444,0.766889835666,1.02251978089,2022
HYP-SCC-EURUSD-M5-001,LOW:279182:2022-10-02T21:10:00,SHORT,LOW,279182,2022-09-30 20:35:00,279184,2022-09-30 20:45:00,0.97998,279188,2022-10-02 21:10:00,279189,2022-10-02 21:15:00,279191,2022-10-02 21:25:00,2022-10-02 21:25:00,2,True,279192,2022-10-02 21:30:00,0.97972,0.000640714285714,0.98086,0.981020178571,13.0017857143,True,0.0384562560088,0.115368768026,0.17305315204,0.230737536053,2022
HYP-SCC-EURUSD-M5-001,LOW:279506:2022-10-04T00:00:00,SHORT,LOW,279506,2022-10-03 23:40:00,279508,2022-10-03 23:50:00,0.98304,279510,2022-10-04 00:00:00,279511,2022-10-04 00:05:00,279513,2022-10-04 00:15:00,2022-10-04 00:15:00,2,True,279514,2022-10-04 00:20:00,0.983,0.000397857142857,0.98379,0.983889464286,8.89464285714,True,0.0562136117245,0.168640835174,0.25296125276,0.337281670347,2022
HYP-SCC-EURUSD-M5-001,LOW:283234:2022-10-21T00:05:00,SHORT,LOW,283234,2022-10-20 23:35:00,283236,2022-10-20 23:45:00,0.97732,283240,2022-10-21 00:05:00,283241,2022-10-21 00:10:00,283242,2022-10-21 00:15:00,2022-10-21 00:15:00,1,True,283243,2022-10-21 00:20:00,0.97728,0.000309285714286,0.97769,0.977767321429,4.87321428571,True,0.102601685599,0.307805056797,0.461707585196,0.615610113595,2022
HYP-SCC-EURUSD-M5-001,HIGH:285527:2022-11-02T00:30:00,LONG,HIGH,285527,2022-11-02 00:15:00,285529,2022-11-02 00:25:00,0.98807,285530,2022-11-02 00:30:00,285531,2022-11-02 00:35:00,285534,2022-11-02 00:50:00,2022-11-02 00:50:00,3,True,285535,2022-11-02 00:55:00,0.9881,0.000352142857143,0.9879,0.987811964286,2.88035714286,True,0.173589584625,0.520768753875,0.781153130812,1.04153750775,2022
HYP-SCC-EURUSD-M5-001,HIGH:286358:2022-11-06T23:10:00,LONG,HIGH,286358,2022-11-06 22:45:00,286360,2022-11-06 22:55:00,0.99298,286363,2022-11-06 23:10:00,286364,2022-11-06 23:15:00,286366,2022-11-06 23:25:00,2022-11-06 23:25:00,2,True,286367,2022-11-06 23:30:00,0.99316,0.000755,0.99248,0.99229125,8.6875,True,0.0575539568345,0.172661870504,0.258992805755,0.345323741007,2022
HYP-SCC-EURUSD-M5-001,HIGH:287820:2022-11-14T00:55:00,LONG,HIGH,287820,2022-11-14 00:40:00,287822,2022-11-14 00:50:00,1.03304,287823,2022-11-14 00:55:00,287824,2022-11-14 01:00:00,287829,2022-11-14 01:25:00,2022-11-14 01:25:00,5,True,287830,2022-11-14 01:30:00,1.03319,0.000711428571429,1.03269,1.03251214286,6.77857142857,True,0.0737618545838,0.221285563751,0.331928345627,0.442571127503,2022
HYP-SCC-EURUSD-M5-001,HIGH:293833:2022-12-13T00:30:00,LONG,HIGH,293833,2022-12-13 00:05:00,293835,2022-12-13 00:15:00,1.05433,293838,2022-12-13 00:30:00,293839,2022-12-13 00:35:00,293840,2022-12-13 00:40:00,2022-12-13 00:40:00,1,True,293841,2022-12-13 00:45:00,1.05466,0.000252857142857,1.05387,1.05380678571,8.53214285714,True,0.0586019254919,0.175805776476,0.263708664713,0.351611552951,2022
HYP-SCC-EURUSD-M5-001,HIGH:297259:2022-12-29T00:50:00,LONG,HIGH,297259,2022-12-29 00:25:00,297261,2022-12-29 00:35:00,1.06271,297264,2022-12-29 00:50:00,297265,2022-12-29 00:55:00,297268,2022-12-29 01:10:00,2022-12-29 01:10:00,3,True,297269,2022-12-29 01:15:00,1.06315,0.000332857142857,1.06251,1.06242678571,7.23214285714,True,0.0691358024691,0.207407407407,0.311111111111,0.414814814815,2022
