position_id,open_time,close_time,decision_time,direction,volume,entry,exit,planned_stop,planned_target,risk_points,initial_risk_account,net,realized_r
2,2019.01.03 02:20:00,2019.01.03 03:29:36,2019.01.03 02:15:00,BUY,0.2,1.13381,1.13479,1.13333,1.13477,48.0,9.6,18.8,1.9583333333333335
4,2019.01.04 02:25:00,2019.01.04 02:59:33,2019.01.04 02:20:00,BUY,0.25,1.13969,1.1405,1.13929,1.14049,40.0,10.0,19.25,1.925
6,2019.01.07 03:45:00,2019.01.07 05:45:00,2019.01.07 03:40:00,BUY,0.11,1.14202,1.14212,1.14116,1.14374,86.0,9.46,0.6600000000000001,0.06976744186046513
8,2019.01.08 02:05:00,2019.01.08 02:33:16,2019.01.08 02:00:00,BUY,0.16,1.14837,1.14777,1.14778,1.14955,59.0,9.44,-10.24,-1.0847457627118644
10,2019.01.09 03:35:00,2019.01.09 04:12:12,2019.01.09 03:30:00,BUY,0.14,1.14626,1.14559,1.14559,1.1476,67.0,9.38,-9.940000000000001,-1.0597014925373134
12,2019.01.10 03:05:00,2019.01.10 03:09:29,2019.01.10 03:00:00,BUY,0.21,1.15592,1.15545,1.15545,1.15686,47.0,9.87,-10.709999999999999,-1.0851063829787233
14,2019.01.11 02:05:00,2019.01.11 02:09:52,2019.01.11 02:00:00,BUY,0.23,1.15115,1.15072,1.15073,1.15199,42.0,9.66,-10.81,-1.119047619047619
16,2019.01.14 01:05:00,2019.01.14 01:20:04,2019.01.14 01:00:00,BUY,0.15,1.14682,1.14617,1.14618,1.1481,64.0,9.6,-10.35,-1.078125
18,2019.01.14 03:10:00,2019.01.14 03:14:59,2019.01.14 03:05:00,BUY,0.32,1.14678,1.14646,1.14647,1.1474,31.0,9.92,-11.52,-1.161290322580645
20,2019.01.15 02:30:00,2019.01.15 03:09:34,2019.01.15 02:25:00,BUY,0.29,1.14753,1.14719,1.14719,1.14821,34.0,9.86,-11.02,-1.1176470588235294
22,2019.01.16 03:20:00,2019.01.16 05:20:00,2019.01.16 03:15:00,SELL,0.19,1.14046,1.13994,1.14098,1.13942,52.0,9.88,9.120000000000001,0.9230769230769231
24,2019.01.17 02:45:00,2019.01.17 02:45:40,2019.01.17 02:40:00,SELL,0.52,1.13945,1.13964,1.13964,1.13907,19.0,9.88,-11.96,-1.2105263157894737
26,2019.01.18 02:35:00,2019.01.18 04:35:00,2019.01.18 02:30:00,BUY,0.23,1.13927,1.13958,1.13885,1.14011,42.0,9.66,6.21,0.6428571428571428
28,2019.01.21 01:30:00,2019.01.21 01:32:14,2019.01.21 01:25:00,BUY,0.33,1.13687,1.13655,1.13657,1.13747,30.0,9.9,-11.88,-1.2
30,2019.01.21 02:05:00,2019.01.21 04:00:38,2019.01.21 02:00:00,BUY,0.2,1.13687,1.13784,1.13639,1.13783,48.0,9.6,18.599999999999998,1.9374999999999998
32,2019.01.22 02:10:00,2019.01.22 02:22:42,2019.01.22 02:05:00,BUY,0.26,1.13718,1.13678,1.1368,1.13794,38.0,9.88,-11.440000000000001,-1.1578947368421053
34,2019.01.23 03:10:00,2019.01.23 03:13:09,2019.01.23 03:05:00,SELL,0.41,1.13608,1.13632,1.13632,1.1356,24.0,9.84,-11.48,-1.1666666666666667
36,2019.01.24 02:50:00,2019.01.24 02:54:28,2019.01.24 02:45:00,BUY,0.29,1.13895,1.1386,1.13861,1.13963,34.0,9.86,-11.31,-1.147058823529412
38,2019.01.25 04:25:00,2019.01.25 04:39:26,2019.01.25 04:20:00,BUY,0.49,1.13113,1.13154,1.13093,1.13153,20.0,9.8,18.13,1.8499999999999999
40,2019.01.28 01:05:00,2019.01.28 03:05:00,2019.01.28 01:00:00,BUY,0.23,1.14119,1.14136,1.14077,1.14203,42.0,9.66,2.99,0.30952380952380953
42,2019.01.29 02:05:00,2019.01.29 02:21:15,2019.01.29 02:00:00,BUY,0.22,1.14327,1.14282,1.14283,1.14415,44.0,9.68,-10.780000000000001,-1.1136363636363638
44,2019.01.30 02:25:00,2019.01.30 02:30:14,2019.01.30 02:20:00,SELL,0.27,1.14316,1.14353,1.14353,1.14242,37.0,9.99,-11.07,-1.1081081081081081
46,2019.01.31 02:05:00,2019.01.31 04:05:00,2019.01.31 02:00:00,BUY,0.15,1.149,1.14923,1.14834,1.15032,66.0,9.9,2.85,0.2878787878787879
48,2019.02.01 02:15:00,2019.02.01 03:06:40,2019.02.01 02:10:00,BUY,0.31,1.14488,1.14453,1.14456,1.14552,32.0,9.92,-12.09,-1.21875
50,2019.02.04 01:05:00,2019.02.04 02:57:38,2019.02.04 01:00:00,BUY,0.17,1.14583,1.14525,1.14526,1.14697,57.0,9.69,-10.54,-1.087719298245614
52,2019.02.05 02:10:00,2019.02.05 02:12:05,2019.02.05 02:05:00,SELL,0.41,1.14337,1.14361,1.14361,1.14289,24.0,9.84,-11.48,-1.1666666666666667
54,2019.02.06 03:10:00,2019.02.06 03:10:24,2019.02.06 03:05:00,SELL,0.47,1.14043,1.14064,1.14064,1.14001,21.0,9.87,-11.75,-1.1904761904761905
56,2019.02.08 02:35:00,2019.02.08 02:55:34,2019.02.08 02:30:00,SELL,0.24,1.13355,1.13396,1.13396,1.13273,41.0,9.84,-10.8,-1.0975609756097562
58,2019.02.11 01:55:00,2019.02.11 02:07:05,2019.02.11 01:50:00,BUY,0.34,1.13253,1.13224,1.13224,1.13311,29.0,9.86,-11.219999999999999,-1.1379310344827587
60,2019.02.11 03:10:00,2019.02.11 05:01:04,2019.02.11 03:05:00,BUY,0.38,1.1326,1.13234,1.13234,1.13312,26.0,9.88,-11.4,-1.1538461538461537
62,2019.02.12 02:05:00,2019.02.12 02:35:13,2019.02.12 02:00:00,SELL,0.14,1.12727,1.12795,1.12795,1.12591,68.0,9.52,-10.08,-1.0588235294117647
64,2019.02.13 02:50:00,2019.02.13 02:50:13,2019.02.13 02:45:00,SELL,0.45,1.13276,1.13298,1.13298,1.13232,22.0,9.9,-11.700000000000001,-1.1818181818181819
66,2019.02.14 02:40:00,2019.02.14 03:03:30,2019.02.14 02:35:00,BUY,0.25,1.12664,1.12625,1.12625,1.12742,39.0,9.75,-10.75,-1.1025641025641026
68,2019.02.15 02:35:00,2019.02.15 02:55:39,2019.02.15 02:30:00,SELL,0.35,1.12908,1.12936,1.12936,1.12852,28.0,9.8,-11.200000000000001,-1.1428571428571428
70,2019.02.18 00:10:30,2019.02.18 00:16:04,2019.02.18 00:05:00,BUY,0.39,1.12941,1.12916,1.12916,1.12991,25.0,9.75,-11.31,-1.1600000000000001
72,2019.02.18 03:55:00,2019.02.18 04:09:27,2019.02.18 03:50:00,BUY,0.23,1.13109,1.13196,1.13066,1.13195,43.0,9.89,19.09,1.9302325581395348
74,2019.02.19 02:10:00,2019.02.19 02:19:59,2019.02.19 02:05:00,BUY,0.34,1.13132,1.13102,1.13103,1.1319,29.0,9.86,-11.559999999999999,-1.1724137931034482
76,2019.02.20 02:05:00,2019.02.20 03:29:33,2019.02.20 02:00:00,BUY,0.21,1.13436,1.13531,1.13389,1.1353,47.0,9.87,19.11,1.9361702127659575
78,2019.02.21 02:55:00,2019.02.21 04:55:00,2019.02.21 02:50:00,SELL,0.15,1.13406,1.13395,1.13469,1.1328,63.0,9.45,1.0499999999999998,0.1111111111111111
80,2019.02.22 03:10:00,2019.02.22 03:22:28,2019.02.22 03:05:00,SELL,0.39,1.13372,1.13397,1.13397,1.13322,25.0,9.75,-11.31,-1.1600000000000001
82,2019.02.25 02:10:00,2019.02.25 04:10:00,2019.02.25 02:05:00,BUY,0.18,1.13426,1.13442,1.13372,1.13534,54.0,9.72,2.16,0.2222222222222222
84,2019.02.26 03:05:00,2019.02.26 03:09:29,2019.02.26 03:00:00,SELL,0.45,1.13596,1.13619,1.13618,1.13552,22.0,9.9,-12.15,-1.2272727272727273
86,2019.02.27 02:10:00,2019.02.27 02:16:41,2019.02.27 02:05:00,BUY,0.35,1.13948,1.13917,1.1392,1.14004,28.0,9.8,-12.25,-1.25
88,2019.02.28 03:00:00,2019.02.28 04:02:05,2019.02.28 02:55:00,SELL,0.25,1.13745,1.13785,1.13784,1.13667,39.0,9.75,-11.0,-1.1282051282051282
90,2019.03.01 02:45:00,2019.03.01 02:56:31,2019.03.01 02:40:00,BUY,0.35,1.13726,1.13698,1.13698,1.13782,28.0,9.8,-11.200000000000001,-1.1428571428571428
92,2019.03.04 02:05:00,2019.03.04 04:05:00,2019.03.04 02:00:00,SELL,0.18,1.13699,1.13693,1.13752,1.13593,53.0,9.54,0.3600000000000001,0.037735849056603786
94,2019.03.05 03:15:00,2019.03.05 03:16:22,2019.03.05 03:10:00,SELL,0.47,1.13329,1.1335,1.1335,1.13287,21.0,9.87,-11.75,-1.1904761904761905
96,2019.03.07 02:40:00,2019.03.07 03:58:35,2019.03.07 02:35:00,BUY,0.25,1.13127,1.13088,1.13088,1.13205,39.0,9.75,-10.75,-1.1025641025641026
98,2019.03.08 02:10:00,2019.03.08 02:23:27,2019.03.08 02:05:00,SELL,0.23,1.11881,1.11924,1.11924,1.11795,43.0,9.89,-10.81,-1.0930232558139534
100,2019.03.11 01:05:30,2019.03.11 01:44:42,2019.03.11 01:00:00,BUY,0.33,1.12365,1.12334,1.12335,1.12425,30.0,9.9,-11.55,-1.1666666666666667
102,2019.03.11 03:55:00,2019.03.11 03:58:34,2019.03.11 03:50:00,BUY,0.52,1.12302,1.12283,1.12283,1.1234,19.0,9.88,-11.96,-1.2105263157894737
104,2019.03.12 03:40:00,2019.03.12 04:00:32,2019.03.12 03:35:00,BUY,0.34,1.12611,1.12581,1.12582,1.12669,29.0,9.86,-11.559999999999999,-1.1724137931034482
106,2019.03.14 02:10:00,2019.03.14 02:15:32,2019.03.14 02:05:00,SELL,0.47,1.13293,1.13314,1.13314,1.13251,21.0,9.87,-11.75,-1.1904761904761905
108,2019.03.15 02:05:00,2019.03.15 02:28:59,2019.03.15 02:00:00,BUY,0.24,1.13096,1.13055,1.13056,1.13176,40.0,9.6,-10.8,-1.1250000000000002
110,2019.03.18 01:10:00,2019.03.18 02:35:33,2019.03.18 01:05:00,SELL,0.45,1.13227,1.13249,1.13249,1.13183,22.0,9.9,-11.700000000000001,-1.1818181818181819
112,2019.03.20 02:40:00,2019.03.20 03:03:04,2019.03.20 02:35:00,SELL,0.39,1.13511,1.1346,1.13536,1.13461,25.0,9.75,18.330000000000002,1.8800000000000001
114,2019.03.21 02:05:00,2019.03.21 02:12:33,2019.03.21 02:00:00,BUY,0.14,1.14339,1.14267,1.14269,1.14479,70.0,9.8,-10.64,-1.0857142857142856
116,2019.03.25 02:05:00,2019.03.25 02:11:52,2019.03.25 02:00:00,SELL,0.23,1.12915,1.12957,1.12957,1.12831,42.0,9.66,-10.58,-1.0952380952380951
118,2019.03.28 02:10:00,2019.03.28 02:54:37,2019.03.28 02:05:00,BUY,0.16,1.12533,1.1247,1.12471,1.12657,62.0,9.92,-10.72,-1.0806451612903227
120,2019.03.29 02:10:00,2019.03.29 02:51:35,2019.03.29 02:05:00,BUY,0.35,1.1231,1.12282,1.12282,1.12366,28.0,9.8,-11.200000000000001,-1.1428571428571428
122,2019.04.01 03:30:00,2019.04.01 03:34:10,2019.04.01 03:25:00,BUY,0.35,1.12255,1.12225,1.12227,1.12311,28.0,9.8,-11.9,-1.2142857142857142
124,2019.04.02 03:15:00,2019.04.02 03:56:17,2019.04.02 03:10:00,BUY,0.36,1.12072,1.12045,1.12045,1.12126,27.0,9.72,-11.16,-1.1481481481481481
126,2019.04.04 03:05:00,2019.04.04 03:55:33,2019.04.04 03:00:00,BUY,0.28,1.12473,1.12438,1.12438,1.12543,35.0,9.8,-10.920000000000002,-1.1142857142857143
128,2019.04.05 03:10:00,2019.04.05 03:53:28,2019.04.05 03:05:00,BUY,0.36,1.12248,1.1222,1.12221,1.12302,27.0,9.72,-11.52,-1.1851851851851851
130,2019.04.08 03:35:00,2019.04.08 03:46:25,2019.04.08 03:30:00,BUY,0.38,1.12207,1.12181,1.12181,1.12259,26.0,9.88,-11.4,-1.1538461538461537
132,2019.04.09 03:05:00,2019.04.09 05:05:00,2019.04.09 03:00:00,BUY,0.22,1.12592,1.12636,1.12548,1.1268,44.0,9.68,8.799999999999999,0.9090909090909091
134,2019.04.11 03:10:00,2019.04.11 03:29:10,2019.04.11 03:05:00,BUY,0.2,1.12785,1.12737,1.12737,1.12881,48.0,9.6,-10.4,-1.0833333333333335
136,2019.04.15 01:05:00,2019.04.15 03:05:00,2019.04.15 01:00:00,BUY,0.26,1.13041,1.13025,1.13004,1.13115,37.0,9.62,-5.2,-0.5405405405405406
138,2019.04.15 03:05:00,2019.04.15 03:09:38,2019.04.15 03:00:00,SELL,0.26,1.13025,1.13063,1.13063,1.12949,38.0000000000047,9.880000000001221,-10.920000000000002,-1.1052631578946004
140,2019.04.16 04:20:00,2019.04.16 04:47:26,2019.04.16 04:15:00,SELL,0.35,1.13019,1.12962,1.13047,1.12963,28.0,9.8,18.55,1.8928571428571428
142,2019.04.17 04:00:00,2019.04.17 04:01:59,2019.04.17 03:55:00,BUY,0.47,1.12869,1.12848,1.12848,1.12911,21.0,9.87,-11.75,-1.1904761904761905
144,2019.04.18 03:30:00,2019.04.18 03:57:42,2019.04.18 03:25:00,SELL,0.26,1.12942,1.12981,1.12979,1.12868,37.0,9.62,-11.18,-1.1621621621621623
146,2019.04.22 01:05:00,2019.04.22 01:44:38,2019.04.22 01:00:00,SELL,0.19,1.12383,1.12435,1.12434,1.12281,51.0,9.69,-10.64,-1.0980392156862746
148,2019.04.22 03:40:00,2019.04.22 03:55:04,2019.04.22 03:35:00,BUY,0.29,1.12457,1.12423,1.12423,1.12525,34.0,9.86,-11.02,-1.1176470588235294
150,2019.04.23 03:55:00,2019.04.23 05:55:00,2019.04.23 03:50:00,SELL,0.15,1.12453,1.12508,1.12516,1.12327,63.0,9.45,-8.85,-0.9365079365079365
152,2019.04.24 03:05:00,2019.04.24 04:30:17,2019.04.24 03:00:00,SELL,0.3,1.12208,1.12133,1.12241,1.12142,33.0,9.9,21.3,2.1515151515151514
154,2019.04.25 03:05:00,2019.04.25 03:41:36,2019.04.25 03:00:00,SELL,0.13,1.11467,1.11539,1.11539,1.11323,72.0,9.36,-9.879999999999999,-1.0555555555555556
156,2019.04.26 03:05:00,2019.04.26 03:11:07,2019.04.26 03:00:00,SELL,0.3,1.11332,1.11365,1.11365,1.11266,33.0,9.9,-11.1,-1.121212121212121
158,2019.04.29 01:05:00,2019.04.29 01:10:36,2019.04.29 01:00:00,BUY,0.34,1.11505,1.11476,1.11476,1.11563,29.0,9.86,-11.219999999999999,-1.1379310344827587
160,2019.04.29 04:30:00,2019.04.29 04:35:59,2019.04.29 04:25:00,SELL,0.55,1.11458,1.11476,1.11476,1.11422,18.0,9.9,-12.100000000000001,-1.2222222222222223
162,2019.05.01 04:00:00,2019.05.01 05:30:09,2019.05.01 03:55:00,BUY,0.3,1.12189,1.12156,1.12156,1.12255,33.0,9.9,-11.1,-1.121212121212121
164,2019.05.02 03:40:00,2019.05.02 05:40:00,2019.05.02 03:35:00,BUY,0.28,1.12039,1.1204,1.12004,1.12109,35.0,9.8,-0.8400000000000001,-0.08571428571428572
166,2019.05.06 01:15:00,2019.05.06 02:56:27,2019.05.06 01:10:00,BUY,0.16,1.11886,1.11824,1.11824,1.1201,62.0,9.92,-10.56,-1.0645161290322582
168,2019.05.06 03:30:00,2019.05.06 03:33:34,2019.05.06 03:25:00,SELL,0.28,1.11802,1.11837,1.11837,1.11732,35.0,9.8,-10.920000000000002,-1.1142857142857143
170,2019.05.07 03:10:00,2019.05.07 03:17:34,2019.05.07 03:05:00,BUY,0.31,1.12028,1.11995,1.11996,1.12092,32.0,9.92,-11.47,-1.15625
172,2019.05.08 04:00:00,2019.05.08 05:28:59,2019.05.08 03:55:00,BUY,0.23,1.11929,1.12017,1.11886,1.12015,43.0,9.89,19.319999999999997,1.9534883720930227
174,2019.05.09 03:15:00,2019.05.09 04:52:25,2019.05.09 03:10:00,SELL,0.39,1.11952,1.11901,1.11977,1.11902,25.0,9.75,18.330000000000002,1.8800000000000001
176,2019.05.10 03:05:00,2019.05.10 04:50:33,2019.05.10 03:00:00,BUY,0.17,1.12228,1.1234,1.12172,1.1234,56.0,9.52,18.36,1.9285714285714286
178,2019.05.14 04:35:00,2019.05.14 05:30:13,2019.05.14 04:30:00,SELL,0.39,1.1233,1.12355,1.12355,1.1228,25.0,9.75,-11.31,-1.1600000000000001
180,2019.05.15 03:50:00,2019.05.15 05:50:00,2019.05.15 03:45:00,BUY,0.33,1.12041,1.12042,1.12011,1.12101,30.0,9.9,-0.99,-0.09999999999999999
182,2019.05.16 03:50:00,2019.05.16 04:06:39,2019.05.16 03:45:00,BUY,0.35,1.12083,1.12052,1.12055,1.12139,28.0,9.8,-12.25,-1.25
184,2019.05.20 00:10:00,2019.05.20 02:10:00,2019.05.20 00:05:00,BUY,0.23,1.11635,1.11624,1.11592,1.11721,43.0,9.89,-3.4499999999999997,-0.34883720930232553
186,2019.05.20 03:05:00,2019.05.20 04:01:59,2019.05.20 03:00:00,SELL,0.22,1.11611,1.11656,1.11655,1.11523,44.0,9.68,-10.780000000000001,-1.1136363636363638
188,2019.05.24 03:50:00,2019.05.24 04:00:07,2019.05.24 03:45:00,SELL,0.35,1.11783,1.11811,1.11811,1.11727,28.0,9.8,-11.200000000000001,-1.1428571428571428
190,2019.05.27 04:00:00,2019.05.27 05:14:32,2019.05.27 03:55:00,BUY,0.32,1.12075,1.12137,1.12044,1.12137,31.0,9.92,18.56,1.8709677419354838
192,2019.05.28 03:05:00,2019.05.28 03:32:59,2019.05.28 03:00:00,BUY,0.26,1.11958,1.1192,1.1192,1.12034,38.0,9.88,-10.920000000000002,-1.105263157894737
194,2019.05.29 03:50:00,2019.05.29 03:54:27,2019.05.29 03:45:00,BUY,0.43,1.11724,1.11701,1.11701,1.1177,23.0,9.89,-11.610000000000001,-1.173913043478261
196,2019.05.30 03:10:00,2019.05.30 05:10:00,2019.05.30 03:05:00,BUY,0.24,1.1139,1.1137,1.11349,1.11472,41.0,9.84,-5.76,-0.5853658536585366
198,2019.05.31 03:25:00,2019.05.31 05:25:00,2019.05.31 03:20:00,BUY,0.25,1.11357,1.11347,1.11318,1.11435,39.0,9.75,-3.5,-0.358974358974359
200,2019.06.03 01:05:00,2019.06.03 03:05:00,2019.06.03 01:00:00,BUY,0.17,1.11723,1.1175,1.11667,1.11835,56.0,9.52,3.9099999999999997,0.4107142857142857
202,2019.06.03 03:05:00,2019.06.03 04:36:22,2019.06.03 03:00:00,BUY,0.25,1.11758,1.11836,1.11719,1.11836,39.00000000001125,9.750000000002812,18.5,1.8974358974353502
204,2019.06.04 03:05:00,2019.06.04 04:52:03,2019.06.04 03:00:00,BUY,0.19,1.12491,1.1244,1.1244,1.12593,51.0,9.69,-10.45,-1.0784313725490196
206,2019.06.05 03:05:00,2019.06.05 03:11:37,2019.06.05 03:00:00,BUY,0.23,1.12571,1.12529,1.12529,1.12655,42.0,9.66,-10.58,-1.0952380952380951
208,2019.06.06 03:50:00,2019.06.06 03:53:59,2019.06.06 03:45:00,BUY,0.43,1.12326,1.12302,1.12303,1.12372,23.0,9.89,-12.040000000000001,-1.2173913043478262
210,2019.06.07 03:05:00,2019.06.07 03:05:32,2019.06.07 03:00:00,SELL,0.52,1.12739,1.12758,1.12758,1.12701,19.0,9.88,-11.96,-1.2105263157894737
212,2019.06.10 00:30:00,2019.06.10 00:30:34,2019.06.10 00:25:00,SELL,0.32,1.13211,1.13243,1.13242,1.13149,31.0,9.92,-11.52,-1.161290322580645
214,2019.06.10 03:55:00,2019.06.10 04:03:04,2019.06.10 03:50:00,SELL,0.47,1.13189,1.13147,1.1321,1.13147,21.0,9.87,17.86,1.8095238095238095
216,2019.06.11 03:10:00,2019.06.11 04:16:26,2019.06.11 03:05:00,SELL,0.22,1.1313,1.13174,1.13174,1.13042,44.0,9.68,-10.56,-1.090909090909091
218,2019.06.12 03:35:00,2019.06.12 03:42:01,2019.06.12 03:30:00,BUY,0.23,1.13315,1.13273,1.13273,1.13399,42.0,9.66,-10.58,-1.0952380952380951
220,2019.06.13 03:15:00,2019.06.13 03:51:18,2019.06.13 03:10:00,BUY,0.39,1.12951,1.12926,1.12926,1.13001,25.0,9.75,-11.31,-1.1600000000000001
222,2019.06.14 03:05:00,2019.06.14 04:02:24,2019.06.14 03:00:00,BUY,0.3,1.12811,1.12777,1.12778,1.12877,33.0,9.9,-11.399999999999999,-1.1515151515151514
224,2019.06.17 00:35:00,2019.06.17 00:59:36,2019.06.17 00:30:00,BUY,0.27,1.12139,1.12101,1.12103,1.12211,36.0,9.72,-11.34,-1.1666666666666665
226,2019.06.17 03:10:00,2019.06.17 04:53:15,2019.06.17 03:05:00,BUY,0.47,1.12174,1.12216,1.12153,1.12216,21.0,9.87,17.86,1.8095238095238095
228,2019.06.18 03:05:00,2019.06.18 03:19:37,2019.06.18 03:00:00,BUY,0.39,1.12259,1.12234,1.12234,1.12309,25.0,9.75,-11.31,-1.1600000000000001
230,2019.06.19 04:35:00,2019.06.19 06:35:30,2019.06.19 04:30:00,SELL,0.34,1.11961,1.11929,1.1199,1.11903,29.0,9.86,9.520000000000001,0.9655172413793105
232,2019.06.20 03:05:00,2019.06.20 03:58:32,2019.06.20 03:00:00,BUY,0.13,1.12416,1.12561,1.12344,1.1256,72.0,9.36,18.330000000000002,1.9583333333333337
234,2019.06.24 04:40:00,2019.06.24 04:48:32,2019.06.24 04:35:00,SELL,0.47,1.13785,1.13806,1.13806,1.13743,21.0,9.87,-11.75,-1.1904761904761905
236,2019.06.25 03:10:00,2019.06.25 03:51:38,2019.06.25 03:05:00,BUY,0.26,1.14018,1.1398,1.1398,1.14094,38.0,9.88,-10.920000000000002,-1.105263157894737
238,2019.06.26 03:25:00,2019.06.26 04:08:36,2019.06.26 03:20:00,SELL,0.19,1.13653,1.1355,1.13704,1.13551,51.0,9.69,18.81,1.9411764705882353
240,2019.06.27 03:05:00,2019.06.27 04:10:37,2019.06.27 03:00:00,SELL,0.35,1.13715,1.13743,1.13743,1.13659,28.0,9.8,-11.200000000000001,-1.1428571428571428
242,2019.06.28 03:55:00,2019.06.28 04:05:26,2019.06.28 03:50:00,SELL,0.38,1.13695,1.13721,1.13721,1.13643,26.0,9.88,-11.4,-1.1538461538461537
244,2019.07.01 00:45:00,2019.07.01 01:03:02,2019.07.01 00:40:00,BUY,0.15,1.13696,1.13633,1.13633,1.13822,63.0,9.45,-10.049999999999999,-1.0634920634920635
246,2019.07.01 03:45:00,2019.07.01 04:38:05,2019.07.01 03:40:00,SELL,0.36,1.13564,1.1351,1.13591,1.1351,27.0,9.72,18.0,1.8518518518518516
248,2019.07.02 03:10:00,2019.07.02 03:25:10,2019.07.02 03:05:00,SELL,0.3,1.1284,1.12873,1.12873,1.12774,33.0,9.9,-11.1,-1.121212121212121
250,2019.07.05 03:05:00,2019.07.05 05:05:00,2019.07.05 03:00:00,SELL,0.33,1.12829,1.12802,1.12859,1.12769,30.0,9.9,7.59,0.7666666666666666
252,2019.07.08 03:05:00,2019.07.08 03:10:30,2019.07.08 03:00:00,SELL,0.43,1.12255,1.12278,1.12278,1.12209,23.0,9.89,-11.610000000000001,-1.173913043478261
254,2019.07.09 03:10:00,2019.07.09 03:46:04,2019.07.09 03:05:00,BUY,0.43,1.1217,1.12147,1.12147,1.12216,23.0,9.89,-11.610000000000001,-1.173913043478261
256,2019.07.11 03:05:00,2019.07.11 05:05:00,2019.07.11 03:00:00,BUY,0.35,1.12606,1.12634,1.12578,1.12662,28.0,9.8,8.4,0.8571428571428571
258,2019.07.12 04:00:00,2019.07.12 04:40:32,2019.07.12 03:55:00,BUY,0.47,1.12588,1.1263,1.12567,1.1263,21.0,9.87,17.86,1.8095238095238095
260,2019.07.15 03:35:00,2019.07.15 04:16:25,2019.07.15 03:30:00,BUY,0.43,1.12722,1.12699,1.12699,1.12768,23.0,9.89,-11.610000000000001,-1.173913043478261
262,2019.07.17 03:10:00,2019.07.17 03:52:05,2019.07.17 03:05:00,SELL,0.31,1.1208,1.12112,1.12112,1.12016,32.0,9.92,-11.16,-1.125
264,2019.07.18 03:10:00,2019.07.18 03:15:13,2019.07.18 03:05:00,SELL,0.55,1.12257,1.12275,1.12275,1.12221,18.0,9.9,-12.100000000000001,-1.2222222222222223
266,2019.07.19 05:10:00,2019.07.19 05:26:05,2019.07.19 05:05:00,BUY,0.45,1.12656,1.12633,1.12634,1.127,22.0,9.9,-12.15,-1.2272727272727273
268,2019.07.22 01:25:00,2019.07.22 01:31:32,2019.07.22 01:20:00,SELL,0.41,1.12154,1.1218,1.12178,1.12106,24.0,9.84,-12.3,-1.25
270,2019.07.22 03:15:00,2019.07.22 03:18:35,2019.07.22 03:10:00,BUY,0.7,1.12189,1.12175,1.12175,1.12217,14.0,9.8,-12.600000000000001,-1.2857142857142858
272,2019.07.23 04:10:00,2019.07.23 06:10:00,2019.07.23 04:05:00,SELL,0.16,1.11978,1.11983,1.12038,1.11858,60.0,9.6,-1.44,-0.15
274,2019.07.24 03:05:00,2019.07.24 03:51:33,2019.07.24 03:00:00,SELL,0.18,1.11458,1.11513,1.11512,1.1135,54.0,9.72,-10.620000000000001,-1.0925925925925926
276,2019.07.25 03:05:00,2019.07.25 05:05:00,2019.07.25 03:00:00,SELL,0.22,1.11379,1.11386,1.11423,1.11291,44.0,9.68,-2.42,-0.25
278,2019.07.26 03:25:00,2019.07.26 03:55:30,2019.07.26 03:20:00,BUY,0.36,1.11486,1.11458,1.11459,1.1154,27.0,9.72,-11.52,-1.1851851851851851
280,2019.07.29 01:05:00,2019.07.29 03:05:00,2019.07.29 01:00:00,BUY,0.23,1.11313,1.11306,1.1127,1.11399,43.0,9.89,-2.5300000000000002,-0.2558139534883721
282,2019.07.29 03:20:00,2019.07.29 05:20:00,2019.07.29 03:15:00,BUY,0.3,1.11333,1.11326,1.113,1.11399,33.0,9.9,-3.3,-0.3333333333333333
284,2019.07.30 05:05:00,2019.07.30 07:05:00,2019.07.30 05:00:00,BUY,0.27,1.11404,1.11421,1.11368,1.11476,36.0,9.72,3.51,0.36111111111111105
286,2019.07.31 03:10:00,2019.07.31 03:15:34,2019.07.31 03:05:00,BUY,0.32,1.1159,1.11557,1.11559,1.11652,31.0,9.92,-11.84,-1.1935483870967742
288,2019.08.01 04:35:00,2019.08.01 06:35:00,2019.08.01 04:30:00,BUY,0.19,1.10474,1.10482,1.10423,1.10576,51.0,9.69,0.76,0.0784313725490196
290,2019.08.02 03:20:00,2019.08.02 03:52:15,2019.08.02 03:15:00,BUY,0.16,1.10847,1.10965,1.10788,1.10965,59.0,9.44,18.24,1.9322033898305084
292,2019.08.05 01:00:00,2019.08.05 01:00:38,2019.08.05 00:55:00,SELL,0.31,1.11069,1.11103,1.11101,1.11005,32.0,9.92,-11.78,-1.1875
294,2019.08.05 03:05:00,2019.08.05 05:05:00,2019.08.05 03:00:00,BUY,0.1,1.11152,1.11194,1.11061,1.11334,91.0,9.1,3.8000000000000003,0.41758241758241765
296,2019.08.06 03:15:00,2019.08.06 04:00:26,2019.08.06 03:10:00,BUY,0.19,1.12457,1.12405,1.12405,1.12561,52.0,9.88,-10.64,-1.0769230769230769
298,2019.08.07 04:50:00,2019.08.07 04:53:20,2019.08.07 04:45:00,BUY,0.21,1.12184,1.12137,1.12137,1.12278,47.0,9.87,-10.709999999999999,-1.0851063829787233
300,2019.08.08 03:05:00,2019.08.08 04:15:28,2019.08.08 03:00:00,BUY,0.21,1.12074,1.12027,1.12028,1.12166,46.0,9.66,-10.709999999999999,-1.1086956521739129
302,2019.08.09 03:15:00,2019.08.09 03:18:00,2019.08.09 03:10:00,SELL,0.43,1.11851,1.11874,1.11874,1.11805,23.0,9.89,-11.610000000000001,-1.173913043478261
304,2019.08.12 01:05:00,2019.08.12 03:05:00,2019.08.12 01:00:00,BUY,0.16,1.12027,1.12063,1.11967,1.12147,60.0,9.6,5.12,0.5333333333333333
306,2019.08.12 03:40:00,2019.08.12 04:58:59,2019.08.12 03:35:00,BUY,0.55,1.12041,1.12077,1.12023,1.12077,18.0,9.9,17.6,1.777777777777778
308,2019.08.13 03:10:00,2019.08.13 03:12:22,2019.08.13 03:05:00,SELL,0.47,1.12135,1.12156,1.12156,1.12093,21.0,9.87,-11.75,-1.1904761904761905
310,2019.08.14 03:15:00,2019.08.14 04:37:23,2019.08.14 03:10:00,BUY,0.34,1.11755,1.11726,1.11726,1.11813,29.0,9.86,-11.219999999999999,-1.1379310344827587
312,2019.08.15 04:40:00,2019.08.15 04:59:06,2019.08.15 04:35:00,BUY,0.24,1.11459,1.11418,1.11418,1.11541,41.0,9.84,-10.8,-1.0975609756097562
314,2019.08.16 03:05:00,2019.08.16 05:05:00,2019.08.16 03:00:00,SELL,0.16,1.11057,1.10977,1.11117,1.10937,60.0,9.6,12.16,1.2666666666666668
316,2019.08.19 00:30:00,2019.08.19 00:37:59,2019.08.19 00:25:00,BUY,0.22,1.10962,1.10918,1.10918,1.1105,44.0,9.68,-10.56,-1.090909090909091
318,2019.08.19 03:05:00,2019.08.19 04:46:00,2019.08.19 03:00:00,SELL,0.26,1.10893,1.10931,1.10931,1.10817,38.0,9.88,-10.920000000000002,-1.105263157894737
320,2019.08.20 03:05:00,2019.08.20 05:05:00,2019.08.20 03:00:00,BUY,0.28,1.10847,1.10856,1.10812,1.10917,35.0,9.8,1.4,0.14285714285714285
322,2019.08.21 04:50:00,2019.08.21 05:08:04,2019.08.21 04:45:00,BUY,0.34,1.10961,1.11019,1.10932,1.11019,29.0,9.86,18.36,1.8620689655172413
324,2019.08.22 03:55:00,2019.08.22 04:29:32,2019.08.22 03:50:00,SELL,0.45,1.10862,1.10884,1.10884,1.10818,22.0,9.9,-11.700000000000001,-1.1818181818181819
326,2019.08.23 03:35:00,2019.08.23 03:55:02,2019.08.23 03:30:00,SELL,0.49,1.10802,1.10822,1.10822,1.10762,20.0,9.8,-11.760000000000002,-1.2000000000000002
328,2019.08.26 00:10:00,2019.08.26 00:11:38,2019.08.26 00:05:00,BUY,0.38,1.11489,1.11459,1.11463,1.11541,26.0,9.88,-12.92,-1.3076923076923075
330,2019.08.26 03:15:00,2019.08.26 04:51:35,2019.08.26 03:10:00,SELL,0.18,1.11415,1.1147,1.1147,1.11305,55.0,9.9,-10.620000000000001,-1.0727272727272728
332,2019.08.27 03:10:00,2019.08.27 04:01:15,2019.08.27 03:05:00,BUY,0.38,1.11036,1.11008,1.1101,1.11088,26.0,9.88,-12.16,-1.2307692307692306
334,2019.08.28 03:35:00,2019.08.28 05:35:00,2019.08.28 03:30:00,SELL,0.45,1.10891,1.10884,1.10913,1.10847,22.0,9.9,1.3499999999999999,0.13636363636363635
336,2019.08.29 04:35:00,2019.08.29 04:47:59,2019.08.29 04:30:00,BUY,0.43,1.10875,1.10852,1.10852,1.10921,23.0,9.89,-11.610000000000001,-1.173913043478261
338,2019.08.30 03:10:00,2019.08.30 03:19:30,2019.08.30 03:05:00,SELL,0.31,1.10538,1.10569,1.10569,1.10476,31.0,9.61,-10.85,-1.1290322580645162
340,2019.09.02 03:20:00,2019.09.02 03:25:37,2019.09.02 03:15:00,SELL,0.43,1.09878,1.09902,1.09901,1.09832,23.0,9.89,-12.040000000000001,-1.2173913043478262
342,2019.09.03 03:05:00,2019.09.03 04:04:27,2019.09.03 03:00:00,SELL,0.13,1.09573,1.0942,1.09647,1.09425,74.0,9.62,19.37,2.0135135135135136
344,2019.09.04 04:20:00,2019.09.04 04:57:27,2019.09.04 04:15:00,BUY,0.19,1.098,1.0975,1.0975,1.099,50.0,9.5,-10.26,-1.08
346,2019.09.05 03:05:00,2019.09.05 03:13:36,2019.09.05 03:00:00,BUY,0.36,1.10366,1.10339,1.10339,1.1042,27.0,9.72,-11.16,-1.1481481481481481
348,2019.09.06 03:35:00,2019.09.06 04:10:59,2019.09.06 03:30:00,SELL,0.52,1.10311,1.10331,1.1033,1.10273,19.0,9.88,-12.48,-1.263157894736842
350,2019.09.09 02:05:00,2019.09.09 02:50:46,2019.09.09 02:00:00,SELL,0.66,1.10234,1.10204,1.10249,1.10204,15.0,9.9,17.16,1.7333333333333334
352,2019.09.09 03:50:00,2019.09.09 04:17:41,2019.09.09 03:45:00,SELL,0.19,1.10163,1.10213,1.10213,1.10063,50.0,9.5,-10.26,-1.08
354,2019.09.10 03:15:00,2019.09.10 04:24:31,2019.09.10 03:10:00,SELL,0.39,1.10441,1.10467,1.10466,1.10391,25.0,9.75,-11.700000000000001,-1.2000000000000002
356,2019.09.11 03:15:00,2019.09.11 03:37:07,2019.09.11 03:10:00,BUY,0.34,1.10519,1.10489,1.1049,1.10577,29.0,9.86,-11.559999999999999,-1.1724137931034482
358,2019.09.12 03:05:00,2019.09.12 04:14:04,2019.09.12 03:00:00,SELL,0.3,1.10113,1.10147,1.10146,1.10047,33.0,9.9,-11.399999999999999,-1.1515151515151514
360,2019.09.13 03:55:00,2019.09.13 05:55:00,2019.09.13 03:50:00,BUY,0.23,1.10647,1.10658,1.10605,1.10731,42.0,9.66,1.6099999999999999,0.16666666666666666
362,2019.09.16 01:05:00,2019.09.16 02:21:59,2019.09.16 01:00:00,BUY,0.2,1.10738,1.10836,1.10689,1.10836,49.0,9.8,18.8,1.9183673469387754
364,2019.09.16 03:05:00,2019.09.16 05:05:00,2019.09.16 03:00:00,SELL,0.19,1.10797,1.10749,1.10849,1.10693,52.0,9.88,8.36,0.846153846153846
366,2019.09.17 03:05:00,2019.09.17 03:29:39,2019.09.17 03:00:00,SELL,0.22,1.1002,1.10065,1.10064,1.09932,44.0,9.68,-10.780000000000001,-1.1136363636363638
368,2019.09.18 03:20:00,2019.09.18 05:20:00,2019.09.18 03:15:00,SELL,0.22,1.10689,1.10676,1.10734,1.10599,45.0,9.9,1.98,0.19999999999999998
370,2019.09.19 03:30:00,2019.09.19 04:22:38,2019.09.19 03:25:00,SELL,0.3,1.1026,1.10292,1.10292,1.10196,32.0,9.6,-10.799999999999999,-1.125
372,2019.09.20 04:05:00,2019.09.20 05:50:39,2019.09.20 04:00:00,BUY,0.38,1.10522,1.10575,1.10496,1.10574,26.0,9.88,18.62,1.8846153846153846
374,2019.09.23 01:05:00,2019.09.23 03:05:00,2019.09.23 01:00:00,BUY,0.3,1.10182,1.10182,1.1015,1.10246,32.0,9.6,-1.2,-0.125
376,2019.09.23 03:15:00,2019.09.23 03:17:38,2019.09.23 03:10:00,SELL,0.7,1.10168,1.10182,1.10182,1.1014,14.0,9.8,-12.600000000000001,-1.2857142857142858
378,2019.09.24 03:10:00,2019.09.24 03:37:31,2019.09.24 03:05:00,BUY,0.3,1.09951,1.09917,1.09918,1.10017,33.0,9.9,-11.399999999999999,-1.1515151515151514
380,2019.09.25 03:30:00,2019.09.25 04:38:13,2019.09.25 03:25:00,SELL,0.35,1.10117,1.10061,1.10145,1.10061,28.0,9.8,18.200000000000003,1.8571428571428572
382,2019.09.26 03:45:00,2019.09.26 03:52:39,2019.09.26 03:40:00,SELL,0.43,1.09507,1.0953,1.0953,1.09461,23.0,9.89,-11.610000000000001,-1.173913043478261
384,2019.09.27 03:30:00,2019.09.27 03:35:28,2019.09.27 03:25:00,SELL,0.39,1.09188,1.09138,1.09213,1.09138,25.0,9.75,17.94,1.84
386,2019.09.30 00:20:00,2019.09.30 02:20:00,2019.09.30 00:15:00,BUY,0.34,1.09423,1.0944,1.09394,1.09481,29.0,9.86,4.42,0.4482758620689655
388,2019.09.30 03:05:00,2019.09.30 03:53:03,2019.09.30 03:00:00,SELL,0.49,1.09405,1.09365,1.09425,1.09365,20.0,9.8,17.64,1.7999999999999998
390,2019.10.03 03:55:00,2019.10.03 05:55:00,2019.10.03 03:50:00,SELL,0.33,1.09592,1.09581,1.09622,1.09532,30.0,9.9,2.3099999999999996,0.23333333333333328
392,2019.10.04 03:10:00,2019.10.04 04:05:07,2019.10.04 03:05:00,BUY,0.55,1.0977,1.09806,1.09752,1.09806,18.0,9.9,17.6,1.777777777777778
394,2019.10.07 00:10:00,2019.10.07 00:18:13,2019.10.07 00:05:00,BUY,0.33,1.09819,1.09789,1.09789,1.09879,30.0,9.9,-11.22,-1.1333333333333333
396,2019.10.07 03:15:00,2019.10.07 04:02:27,2019.10.07 03:10:00,BUY,0.47,1.09842,1.09884,1.09821,1.09884,21.0,9.87,17.86,1.8095238095238095
398,2019.10.08 03:10:00,2019.10.08 03:19:27,2019.10.08 03:05:00,BUY,0.34,1.09744,1.09715,1.09715,1.09802,29.0,9.86,-11.219999999999999,-1.1379310344827587
400,2019.10.09 03:25:00,2019.10.09 03:56:40,2019.10.09 03:20:00,SELL,0.36,1.09566,1.09593,1.09593,1.09512,27.0,9.72,-11.16,-1.1481481481481481
402,2019.10.10 04:05:00,2019.10.10 04:16:05,2019.10.10 04:00:00,SELL,0.61,1.09806,1.09822,1.09822,1.09774,16.0,9.76,-12.2,-1.25
404,2019.10.11 04:00:00,2019.10.11 04:22:59,2019.10.11 03:55:00,SELL,0.26,1.1006,1.10098,1.10097,1.09986,37.0,9.62,-10.920000000000002,-1.1351351351351353
406,2019.10.14 03:35:00,2019.10.14 03:57:28,2019.10.14 03:30:00,SELL,0.52,1.10248,1.10267,1.10267,1.1021,19.0,9.88,-11.96,-1.2105263157894737
408,2019.10.15 04:20:00,2019.10.15 06:20:00,2019.10.15 04:15:00,BUY,0.33,1.10275,1.10301,1.10245,1.10335,30.0,9.9,7.26,0.7333333333333333
410,2019.10.16 03:15:00,2019.10.16 04:09:26,2019.10.16 03:10:00,SELL,0.66,1.10321,1.10291,1.10336,1.10291,15.0,9.9,17.16,1.7333333333333334
412,2019.10.17 03:30:00,2019.10.17 03:52:34,2019.10.17 03:25:00,BUY,0.39,1.10788,1.10838,1.10763,1.10838,25.0,9.75,17.94,1.84
414,2019.10.18 03:05:00,2019.10.18 03:46:43,2019.10.18 03:00:00,BUY,0.39,1.11267,1.11241,1.11242,1.11317,25.0,9.75,-11.700000000000001,-1.2000000000000002
416,2019.10.21 00:20:00,2019.10.21 02:20:00,2019.10.21 00:15:00,SELL,0.16,1.11582,1.11536,1.11642,1.11462,60.0,9.6,6.720000000000001,0.7000000000000001
418,2019.10.21 03:30:00,2019.10.21 03:36:31,2019.10.21 03:25:00,BUY,0.23,1.11624,1.11581,1.11582,1.11708,42.0,9.66,-10.81,-1.119047619047619
420,2019.10.22 03:40:30,2019.10.22 04:49:33,2019.10.22 03:35:00,BUY,0.55,1.11534,1.11515,1.11516,1.1157,18.0,9.9,-12.649999999999999,-1.2777777777777777
422,2019.10.23 03:10:00,2019.10.23 03:30:09,2019.10.23 03:05:00,SELL,0.49,1.11274,1.11294,1.11294,1.11234,20.0,9.8,-11.760000000000002,-1.2000000000000002
424,2019.10.24 03:05:00,2019.10.24 03:45:40,2019.10.24 03:00:00,SELL,0.61,1.11307,1.11323,1.11323,1.11275,16.0,9.76,-12.2,-1.25
426,2019.10.28 00:15:00,2019.10.28 02:15:00,2019.10.28 00:10:00,BUY,0.35,1.10816,1.10831,1.10788,1.10872,28.0,9.8,3.85,0.39285714285714285
428,2019.10.29 02:05:00,2019.10.29 02:10:39,2019.10.29 02:00:00,SELL,0.58,1.10967,1.10985,1.10984,1.10933,17.0,9.86,-12.76,-1.2941176470588236
430,2019.10.30 03:35:00,2019.10.30 03:39:39,2019.10.30 03:30:00,BUY,0.47,1.11123,1.11101,1.11102,1.11165,21.0,9.87,-12.219999999999999,-1.2380952380952381
432,2019.10.31 02:10:00,2019.10.31 02:52:37,2019.10.31 02:05:00,BUY,0.49,1.11558,1.11598,1.11538,1.11598,20.0,9.8,17.64,1.7999999999999998
434,2019.11.04 01:05:00,2019.11.04 01:16:08,2019.11.04 01:00:00,SELL,0.66,1.11643,1.11658,1.11658,1.11613,15.0,9.9,-12.540000000000001,-1.2666666666666666
436,2019.11.04 02:35:00,2019.11.04 02:46:06,2019.11.04 02:30:00,SELL,0.52,1.11639,1.116,1.11658,1.11601,19.0,9.88,18.200000000000003,1.842105263157895
438,2019.11.05 02:20:00,2019.11.05 03:08:35,2019.11.05 02:15:00,BUY,0.3,1.11311,1.11277,1.11279,1.11375,32.0,9.6,-11.399999999999999,-1.1875
440,2019.11.06 02:05:00,2019.11.06 03:33:04,2019.11.06 02:00:00,SELL,0.19,1.10692,1.10744,1.10743,1.1059,51.0,9.69,-10.64,-1.0980392156862746
442,2019.11.07 02:05:00,2019.11.07 02:31:18,2019.11.07 02:00:00,SELL,0.26,1.10668,1.10706,1.10706,1.10592,38.0,9.88,-10.920000000000002,-1.105263157894737
444,2019.11.08 02:05:00,2019.11.08 03:48:00,2019.11.08 02:00:00,SELL,0.27,1.10494,1.1053,1.1053,1.10422,36.0,9.72,-10.8,-1.1111111111111112
446,2019.11.11 02:05:00,2019.11.11 02:28:30,2019.11.11 02:00:00,BUY,0.43,1.10237,1.10213,1.10214,1.10283,23.0,9.89,-12.040000000000001,-1.2173913043478262
448,2019.11.12 02:05:00,2019.11.12 02:49:24,2019.11.12 02:00:00,BUY,0.33,1.10359,1.10329,1.10329,1.10419,30.0,9.9,-11.22,-1.1333333333333333
450,2019.11.13 03:15:00,2019.11.13 03:24:30,2019.11.13 03:10:00,BUY,0.7,1.10135,1.10121,1.10121,1.10163,14.0,9.8,-12.600000000000001,-1.2857142857142858
452,2019.11.14 02:10:00,2019.11.14 02:30:14,2019.11.14 02:05:00,BUY,0.76,1.10101,1.10088,1.10088,1.10127,13.0,9.88,-12.920000000000002,-1.3076923076923077
454,2019.11.15 02:50:00,2019.11.15 03:31:41,2019.11.15 02:45:00,BUY,0.58,1.10247,1.10229,1.1023,1.10281,17.0,9.86,-12.76,-1.2941176470588236
456,2019.11.18 01:05:00,2019.11.18 03:05:00,2019.11.18 01:00:00,BUY,0.34,1.10536,1.1056,1.10507,1.10594,29.0,9.86,6.8,0.6896551724137931
458,2019.11.19 02:05:00,2019.11.19 02:33:05,2019.11.19 02:00:00,BUY,0.49,1.10735,1.10715,1.10715,1.10775,20.0,9.8,-11.760000000000002,-1.2000000000000002
460,2019.11.20 02:10:00,2019.11.20 02:12:19,2019.11.20 02:05:00,BUY,0.7,1.10792,1.10778,1.10778,1.1082,14.0,9.8,-12.600000000000001,-1.2857142857142858
462,2019.11.25 00:25:00,2019.11.25 02:25:00,2019.11.25 00:20:00,BUY,0.34,1.10217,1.10228,1.10188,1.10275,29.0,9.86,2.38,0.2413793103448276
464,2019.11.26 02:35:00,2019.11.26 03:24:40,2019.11.26 02:30:00,SELL,0.52,1.10089,1.10109,1.10108,1.10051,19.0,9.88,-12.48,-1.263157894736842
466,2019.11.27 02:05:00,2019.11.27 04:05:00,2019.11.27 02:00:00,SELL,0.26,1.10186,1.10159,1.10223,1.10112,37.0,9.62,5.9799999999999995,0.6216216216216216
468,2019.11.28 02:05:00,2019.11.28 02:29:59,2019.11.28 02:00:00,SELL,0.28,1.10033,1.10068,1.10068,1.09963,35.0,9.8,-10.920000000000002,-1.1142857142857143
470,2019.11.29 02:40:00,2019.11.29 03:09:59,2019.11.29 02:35:00,SELL,0.3,1.10082,1.10114,1.10114,1.10018,32.0,9.6,-10.799999999999999,-1.125
472,2019.12.02 01:05:00,2019.12.02 03:05:00,2019.12.02 01:00:00,SELL,0.29,1.10186,1.10197,1.10219,1.1012,33.0,9.57,-4.35,-0.4545454545454545
474,2019.12.04 02:05:00,2019.12.04 03:01:31,2019.12.04 02:00:00,BUY,0.31,1.10836,1.10805,1.10805,1.10898,31.0,9.61,-10.85,-1.1290322580645162
476,2019.12.05 02:35:00,2019.12.05 03:47:35,2019.12.05 02:30:00,SELL,0.22,1.108,1.10844,1.10844,1.10712,44.0,9.68,-10.56,-1.090909090909091
478,2019.12.06 03:00:00,2019.12.06 03:14:10,2019.12.06 02:55:00,SELL,0.65,1.1103,1.11045,1.11045,1.11,15.0,9.75,-12.35,-1.2666666666666666
480,2019.12.09 01:05:00,2019.12.09 02:03:37,2019.12.09 01:00:00,BUY,0.3,1.10594,1.10562,1.10562,1.10658,32.0,9.6,-10.799999999999999,-1.125
482,2019.12.09 02:05:00,2019.12.09 02:27:42,2019.12.09 02:00:00,SELL,0.27,1.10554,1.10592,1.1059,1.10482,36.0,9.72,-11.34,-1.1666666666666665
484,2019.12.10 03:35:00,2019.12.10 05:35:30,2019.12.10 03:30:00,BUY,0.31,1.10669,1.10676,1.10638,1.10731,31.0,9.61,0.9299999999999999,0.0967741935483871
486,2019.12.11 02:25:00,2019.12.11 03:17:36,2019.12.11 02:20:00,SELL,0.43,1.10912,1.10935,1.10935,1.10866,23.0,9.89,-11.610000000000001,-1.173913043478261
488,2019.12.12 02:05:00,2019.12.12 02:13:00,2019.12.12 02:00:00,SELL,0.43,1.11317,1.1134,1.1134,1.11271,23.0,9.89,-11.610000000000001,-1.173913043478261
490,2019.12.13 02:10:00,2019.12.13 02:11:15,2019.12.13 02:05:00,SELL,0.44,1.11746,1.11768,1.11768,1.11702,22.0,9.68,-11.44,-1.1818181818181819
492,2019.12.16 01:00:00,2019.12.16 01:18:35,2019.12.16 00:55:00,BUY,0.18,1.11301,1.11247,1.11247,1.11409,54.0,9.72,-10.440000000000001,-1.0740740740740742
494,2019.12.16 03:40:00,2019.12.16 04:06:23,2019.12.16 03:35:00,BUY,0.82,1.11279,1.11303,1.11267,1.11303,12.0,9.84,16.4,1.6666666666666665
496,2019.12.17 03:05:00,2019.12.17 05:05:00,2019.12.17 03:00:00,BUY,0.28,1.11398,1.11448,1.11363,1.11468,35.0,9.8,12.879999999999999,1.314285714285714
498,2019.12.18 02:05:00,2019.12.18 04:05:00,2019.12.18 02:00:00,SELL,0.21,1.11469,1.11408,1.11516,1.11375,47.0,9.87,11.97,1.2127659574468086
500,2019.12.20 02:30:00,2019.12.20 02:32:36,2019.12.20 02:25:00,SELL,0.76,1.112,1.11215,1.11213,1.11174,13.0,9.88,-14.440000000000001,-1.4615384615384615
502,2019.12.23 01:15:00,2019.12.23 01:32:07,2019.12.23 01:10:00,BUY,0.52,1.10798,1.10778,1.10779,1.10836,19.0,9.88,-12.48,-1.263157894736842
504,2019.12.23 02:25:00,2019.12.23 02:53:41,2019.12.23 02:20:00,SELL,0.76,1.10772,1.10746,1.10785,1.10746,13.0,9.88,16.720000000000002,1.6923076923076925
506,2019.12.24 02:05:00,2019.12.24 02:38:42,2019.12.24 02:00:00,BUY,0.47,1.10935,1.10914,1.10914,1.10977,21.0,9.87,-11.75,-1.1904761904761905
508,2019.12.26 06:20:00,2019.12.26 06:42:20,2019.12.26 06:15:00,BUY,0.58,1.10913,1.10896,1.10896,1.10947,17.0,9.86,-12.18,-1.2352941176470589
510,2019.12.27 02:55:00,2019.12.27 02:57:30,2019.12.27 02:50:00,BUY,0.23,1.11048,1.11005,1.11006,1.11132,42.0,9.66,-10.81,-1.119047619047619
512,2019.12.30 00:15:00,2019.12.30 02:15:00,2019.12.30 00:10:00,BUY,0.17,1.11776,1.11828,1.11718,1.11892,58.0,9.86,8.16,0.8275862068965518
514,2019.12.30 02:30:00,2019.12.30 02:54:24,2019.12.30 02:25:00,BUY,0.7,1.11842,1.11871,1.11828,1.1187,14.0,9.8,17.5,1.7857142857142856
516,2019.12.31 02:35:00,2019.12.31 03:24:36,2019.12.31 02:30:00,BUY,0.47,1.12048,1.12091,1.12027,1.1209,21.0,9.87,18.330000000000002,1.8571428571428574
518,2020.01.06 01:10:00,2020.01.06 03:10:00,2020.01.06 01:05:00,BUY,0.21,1.11641,1.11637,1.11594,1.11735,47.0,9.87,-1.68,-0.1702127659574468
520,2020.01.07 02:05:00,2020.01.07 03:19:04,2020.01.07 02:00:00,SELL,0.44,1.11936,1.11959,1.11958,1.11892,22.0,9.68,-11.879999999999999,-1.2272727272727273
522,2020.01.08 02:10:00,2020.01.08 02:14:26,2020.01.08 02:05:00,BUY,0.24,1.11563,1.11643,1.11523,1.11643,40.0,9.6,18.24,1.9
524,2020.01.09 02:35:00,2020.01.09 02:46:59,2020.01.09 02:30:00,BUY,0.52,1.11147,1.11127,1.11128,1.11185,19.0,9.88,-12.48,-1.263157894736842
526,2020.01.14 02:05:00,2020.01.14 03:32:59,2020.01.14 02:00:00,BUY,0.24,1.11377,1.11335,1.11336,1.11459,41.0,9.84,-11.04,-1.121951219512195
528,2020.01.15 02:05:00,2020.01.15 04:05:00,2020.01.15 02:00:00,BUY,0.38,1.11293,1.11301,1.11267,1.11345,26.0,9.88,1.52,0.15384615384615383
530,2020.01.17 02:35:00,2020.01.17 03:23:38,2020.01.17 02:30:00,BUY,0.61,1.11374,1.11358,1.11358,1.11406,16.0,9.76,-12.2,-1.25
532,2020.01.20 01:30:00,2020.01.20 02:16:59,2020.01.20 01:25:00,BUY,0.47,1.10918,1.10961,1.10897,1.1096,21.0,9.87,18.330000000000002,1.8571428571428574
534,2020.01.20 03:10:00,2020.01.20 05:10:00,2020.01.20 03:05:00,BUY,0.44,1.10952,1.10973,1.1093,1.10996,22.0,9.68,7.48,0.7727272727272728
536,2020.01.21 02:40:00,2020.01.21 02:54:18,2020.01.21 02:35:00,SELL,0.47,1.10911,1.10932,1.10932,1.10869,21.0,9.87,-11.75,-1.1904761904761905
538,2020.01.23 02:55:00,2020.01.23 04:55:00,2020.01.23 02:50:00,SELL,0.06,1.10811,1.10895,1.10957,1.10519,146.0,8.76,-5.28,-0.6027397260273973
540,2020.01.24 02:05:00,2020.01.24 04:05:00,2020.01.24 02:00:00,SELL,0.39,1.10533,1.10536,1.10558,1.10483,25.0,9.75,-2.73,-0.27999999999999997
542,2020.01.27 01:20:00,2020.01.27 01:43:37,2020.01.27 01:15:00,BUY,0.27,1.10325,1.10288,1.10289,1.10397,36.0,9.72,-11.07,-1.1388888888888888
544,2020.01.27 03:10:00,2020.01.27 03:18:06,2020.01.27 03:05:00,SELL,0.7,1.10311,1.10325,1.10325,1.10283,14.0,9.8,-12.600000000000001,-1.2857142857142858
546,2020.01.29 02:05:00,2020.01.29 02:21:06,2020.01.29 02:00:00,SELL,0.52,1.10209,1.10228,1.10228,1.10171,19.0,9.88,-11.96,-1.2105263157894737
548,2020.01.30 02:35:00,2020.01.30 02:59:05,2020.01.30 02:30:00,BUY,0.54,1.10158,1.10139,1.1014,1.10194,18.0,9.72,-12.42,-1.2777777777777777
550,2020.01.31 02:40:00,2020.01.31 03:26:12,2020.01.31 02:35:00,BUY,0.39,1.10308,1.10283,1.10283,1.10358,25.0,9.75,-11.31,-1.1600000000000001
552,2020.02.03 02:35:00,2020.02.03 03:26:39,2020.02.03 02:30:00,SELL,0.3,1.10831,1.10863,1.10863,1.10767,32.0,9.6,-10.799999999999999,-1.125
554,2020.02.05 02:05:00,2020.02.05 04:05:00,2020.02.05 02:00:00,SELL,0.39,1.10426,1.1041,1.10451,1.10376,25.0,9.75,4.68,0.48
556,2020.02.06 02:15:00,2020.02.06 02:19:00,2020.02.06 02:10:00,SELL,0.65,1.09977,1.09994,1.09992,1.09947,15.0,9.75,-13.65,-1.4000000000000001
558,2020.02.07 02:05:00,2020.02.07 02:47:00,2020.02.07 02:00:00,SELL,0.34,1.09781,1.0981,1.0981,1.09723,29.0,9.86,-11.219999999999999,-1.1379310344827587
560,2020.02.10 01:10:00,2020.02.10 01:55:59,2020.02.10 01:05:00,BUY,0.38,1.0945,1.09502,1.09424,1.09502,26.0,9.88,18.240000000000002,1.8461538461538463
562,2020.02.10 02:30:00,2020.02.10 03:48:33,2020.02.10 02:25:00,BUY,0.65,1.09514,1.09499,1.09499,1.09544,15.0,9.75,-12.35,-1.2666666666666666
564,2020.02.11 02:15:00,2020.02.11 02:32:59,2020.02.11 02:10:00,SELL,0.61,1.09084,1.091,1.091,1.09052,16.0,9.76,-12.2,-1.25
566,2020.02.12 02:05:00,2020.02.12 03:45:38,2020.02.12 02:00:00,SELL,0.26,1.09156,1.09195,1.09193,1.09082,37.0,9.62,-11.18,-1.1621621621621623
568,2020.02.13 02:10:00,2020.02.13 02:14:59,2020.02.13 02:05:00,BUY,0.31,1.08754,1.08723,1.08723,1.08816,31.0,9.61,-10.85,-1.1290322580645162
570,2020.02.14 02:05:00,2020.02.14 04:05:00,2020.02.14 02:00:00,SELL,0.19,1.08371,1.08361,1.08421,1.08271,50.0,9.5,1.14,0.12
572,2020.02.17 01:25:00,2020.02.17 02:02:05,2020.02.17 01:20:00,BUY,0.61,1.08398,1.08381,1.08382,1.0843,16.0,9.76,-12.809999999999999,-1.3125
574,2020.02.17 02:25:00,2020.02.17 02:28:22,2020.02.17 02:20:00,SELL,0.65,1.08355,1.0837,1.0837,1.08325,15.0,9.75,-12.35,-1.2666666666666666
576,2020.02.18 02:05:00,2020.02.18 03:43:25,2020.02.18 02:00:00,SELL,0.24,1.08329,1.08249,1.08369,1.08249,40.0,9.6,18.24,1.9
578,2020.02.20 02:05:00,2020.02.20 02:12:37,2020.02.20 02:00:00,SELL,0.21,1.08057,1.08105,1.08104,1.07963,47.0,9.87,-10.92,-1.1063829787234043
580,2020.02.21 02:05:00,2020.02.21 04:05:00,2020.02.21 02:00:00,BUY,0.37,1.07895,1.07901,1.07869,1.07947,26.0,9.62,0.7400000000000002,0.07692307692307696
582,2020.02.24 01:05:00,2020.02.24 03:05:00,2020.02.24 01:00:00,BUY,0.1,1.08364,1.08315,1.08269,1.08554,95.0,9.5,-5.300000000000001,-0.5578947368421053
584,2020.02.25 02:55:00,2020.02.25 03:11:21,2020.02.25 02:50:00,SELL,0.47,1.08508,1.08466,1.08529,1.08466,21.0,9.87,17.86,1.8095238095238095
586,2020.02.26 02:10:00,2020.02.26 02:20:39,2020.02.26 02:05:00,SELL,0.75,1.08766,1.0874,1.08779,1.0874,13.0,9.75,16.5,1.6923076923076923
588,2020.02.27 04:00:00,2020.02.27 04:25:26,2020.02.27 03:55:00,BUY,0.3,1.09014,1.09079,1.08982,1.09078,32.0,9.6,18.3,1.9062500000000002
590,2020.02.28 02:05:00,2020.02.28 03:00:35,2020.02.28 02:00:00,BUY,0.09,1.10049,1.09941,1.09941,1.10265,108.0,9.72,-10.08,-1.037037037037037
592,2020.03.02 02:05:00,2020.03.02 02:44:27,2020.03.02 02:00:00,SELL,0.11,1.10462,1.10545,1.10545,1.10296,83.0,9.13,-9.57,-1.0481927710843373
594,2020.03.03 02:15:00,2020.03.03 02:45:30,2020.03.03 02:10:00,SELL,0.31,1.11402,1.11339,1.11433,1.1134,31.0,9.61,18.290000000000003,1.9032258064516132
596,2020.03.04 02:10:00,2020.03.04 04:10:00,2020.03.04 02:05:00,SELL,0.1,1.11704,1.11624,1.118,1.11512,96.0,9.6,7.6,0.7916666666666666
598,2020.03.05 02:40:00,2020.03.05 02:54:34,2020.03.05 02:35:00,BUY,0.16,1.11417,1.11357,1.11357,1.11537,60.0,9.6,-10.24,-1.0666666666666667
600,2020.03.06 02:55:00,2020.03.06 03:01:40,2020.03.06 02:50:00,SELL,0.09,1.12113,1.12214,1.12214,1.11911,101.0,9.09,-9.45,-1.0396039603960396
602,2020.03.09 00:35:00,2020.03.09 00:49:39,2020.03.09 00:30:00,BUY,0.06,1.13586,1.13898,1.1343,1.13898,156.0,9.36,18.48,1.9743589743589745
604,2020.03.09 02:05:00,2020.03.09 02:57:37,2020.03.09 02:00:00,SELL,0.09,1.13799,1.13597,1.13899,1.13599,100.0,9.0,17.82,1.98
606,2020.03.10 02:50:00,2020.03.10 03:04:39,2020.03.10 02:45:00,SELL,0.1,1.13911,1.1373,1.14001,1.13731,90.0,9.0,17.700000000000003,1.966666666666667
608,2020.03.11 03:45:00,2020.03.11 04:13:53,2020.03.11 03:40:00,BUY,0.16,1.13274,1.13215,1.13215,1.13392,59.0,9.44,-10.08,-1.0677966101694916
610,2020.03.12 02:05:00,2020.03.12 03:15:17,2020.03.12 02:00:00,BUY,0.1,1.12682,1.12875,1.12586,1.12874,96.0,9.6,18.900000000000002,1.9687500000000002
612,2020.03.13 02:05:00,2020.03.13 03:29:17,2020.03.13 02:00:00,SELL,0.06,1.11686,1.11841,1.11841,1.11376,155.0,9.3,-9.540000000000001,-1.0258064516129033
614,2020.03.16 01:25:00,2020.03.16 01:53:37,2020.03.16 01:20:00,BUY,0.05,1.11794,1.11621,1.11622,1.12138,172.0,8.6,-8.85,-1.0290697674418605
616,2020.03.16 02:05:00,2020.03.16 02:24:40,2020.03.16 02:00:00,SELL,0.03,1.11367,1.11666,1.11666,1.10769,299.0,8.97,-9.09,-1.0133779264214047
618,2020.03.17 02:30:00,2020.03.17 04:30:00,2020.03.17 02:25:00,BUY,0.11,1.11681,1.11815,1.11596,1.11851,85.0,9.35,14.3,1.5294117647058825
620,2020.03.18 02:05:00,2020.03.18 04:05:00,2020.03.18 02:00:00,SELL,0.08,1.10062,1.10047,1.1018,1.09826,118.0,9.44,0.8799999999999999,0.09322033898305083
622,2020.03.19 02:35:00,2020.03.19 04:35:00,2020.03.19 02:30:00,SELL,0.03,1.09105,1.09013,1.0938,1.08555,275.0,8.25,2.6399999999999997,0.31999999999999995
624,2020.03.20 02:30:00,2020.03.20 03:17:41,2020.03.20 02:25:00,BUY,0.22,1.06652,1.0674,1.06608,1.0674,44.0,9.68,18.48,1.9090909090909092
626,2020.03.23 00:25:00,2020.03.23 01:09:20,2020.03.23 00:20:00,SELL,0.06,1.06554,1.06708,1.06708,1.06246,154.0,9.24,-9.48,-1.025974025974026
628,2020.03.23 02:30:00,2020.03.23 03:39:31,2020.03.23 02:25:00,SELL,0.04,1.06789,1.07031,1.07029,1.06309,240.0,9.6,-9.84,-1.0250000000000001
630,2020.03.24 02:10:00,2020.03.24 02:15:38,2020.03.24 02:05:00,BUY,0.13,1.0769,1.07618,1.07619,1.07832,71.0,9.23,-9.879999999999999,-1.0704225352112675
632,2020.03.25 02:05:00,2020.03.25 02:52:40,2020.03.25 02:00:00,SELL,0.08,1.07919,1.07683,1.08037,1.07683,118.0,9.44,18.56,1.966101694915254
634,2020.03.26 02:10:00,2020.03.26 02:21:18,2020.03.26 02:05:00,SELL,0.13,1.08767,1.08845,1.08843,1.08615,76.0,9.88,-10.66,-1.0789473684210527
636,2020.03.27 02:20:00,2020.03.27 02:53:15,2020.03.27 02:15:00,SELL,0.12,1.10355,1.10435,1.10434,1.10197,79.0,9.48,-10.08,-1.0632911392405062
638,2020.03.30 01:20:00,2020.03.30 02:22:53,2020.03.30 01:15:00,SELL,0.14,1.11141,1.11209,1.11209,1.11005,68.0,9.52,-10.08,-1.0588235294117647
640,2020.03.30 03:35:00,2020.03.30 05:07:04,2020.03.30 03:30:00,SELL,0.08,1.11121,1.10883,1.11239,1.10885,118.0,9.44,18.72,1.9830508474576272
642,2020.03.31 03:20:00,2020.03.31 03:51:01,2020.03.31 03:15:00,BUY,0.15,1.10335,1.1027,1.1027,1.10465,65.0,9.75,-10.35,-1.0615384615384615
644,2020.04.01 03:30:00,2020.04.01 03:35:39,2020.04.01 03:25:00,BUY,0.26,1.1032,1.10283,1.10283,1.10394,37.0,9.62,-10.66,-1.1081081081081081
646,2020.04.02 03:25:00,2020.04.02 03:31:30,2020.04.02 03:20:00,SELL,0.31,1.09443,1.09474,1.09474,1.09381,31.0,9.61,-10.85,-1.1290322580645162
648,2020.04.03 03:05:00,2020.04.03 04:30:24,2020.04.03 03:00:00,SELL,0.14,1.08397,1.08467,1.08467,1.08257,70.0,9.8,-10.360000000000001,-1.0571428571428572
650,2020.04.06 02:55:00,2020.04.06 03:33:38,2020.04.06 02:50:00,SELL,0.17,1.08062,1.08122,1.0812,1.07946,58.0,9.86,-10.879999999999999,-1.103448275862069
652,2020.04.06 03:45:00,2020.04.06 05:13:05,2020.04.06 03:40:00,BUY,0.12,1.08202,1.08122,1.08122,1.08362,80.0,9.6,-10.08,-1.05
654,2020.04.07 03:40:00,2020.04.07 04:20:35,2020.04.07 03:35:00,SELL,0.21,1.07957,1.08006,1.08004,1.07863,47.0,9.87,-11.129999999999999,-1.127659574468085
656,2020.04.08 03:20:00,2020.04.08 03:33:38,2020.04.08 03:15:00,SELL,0.16,1.08894,1.08772,1.08955,1.08772,61.0,9.76,18.88,1.9344262295081966
658,2020.04.09 03:20:00,2020.04.09 03:43:36,2020.04.09 03:15:00,BUY,0.27,1.08631,1.08703,1.08595,1.08703,36.0,9.72,18.36,1.8888888888888886
660,2020.04.10 03:20:00,2020.04.10 03:21:15,2020.04.10 03:15:00,SELL,0.3,1.09199,1.09232,1.09231,1.09135,32.0,9.6,-11.1,-1.15625
662,2020.04.13 00:20:00,2020.04.13 01:13:14,2020.04.13 00:15:00,BUY,0.34,1.09379,1.0935,1.0935,1.09437,29.0,9.86,-11.219999999999999,-1.1379310344827587
664,2020.04.13 03:55:00,2020.04.13 04:10:05,2020.04.13 03:50:00,SELL,0.26,1.09298,1.09335,1.09335,1.09224,37.0,9.62,-10.66,-1.1081081081081081
666,2020.04.14 04:45:00,2020.04.14 04:55:38,2020.04.14 04:40:00,BUY,0.16,1.09259,1.09381,1.09198,1.09381,61.0,9.76,18.88,1.9344262295081966
668,2020.04.15 03:05:00,2020.04.15 03:05:38,2020.04.15 03:00:00,SELL,0.49,1.09817,1.09838,1.09837,1.09777,20.0,9.8,-12.25,-1.25
670,2020.04.16 03:10:00,2020.04.16 03:12:34,2020.04.16 03:05:00,BUY,0.29,1.0907,1.09036,1.09036,1.09138,34.0,9.86,-11.02,-1.1176470588235294
672,2020.04.17 03:05:00,2020.04.17 03:31:36,2020.04.17 03:00:00,SELL,0.18,1.08555,1.08609,1.08609,1.08447,54.0,9.72,-10.440000000000001,-1.0740740740740742
674,2020.04.20 01:10:00,2020.04.20 03:10:00,2020.04.20 01:05:00,SELL,0.21,1.08672,1.08609,1.08717,1.08582,45.0,9.45,12.39,1.3111111111111113
676,2020.04.20 04:35:00,2020.04.20 04:51:28,2020.04.20 04:30:00,SELL,0.2,1.08587,1.08635,1.08635,1.08491,48.0,9.6,-10.4,-1.0833333333333335
678,2020.04.21 03:05:00,2020.04.21 04:46:04,2020.04.21 03:00:00,SELL,0.22,1.086,1.08514,1.08643,1.08514,43.0,9.46,18.040000000000003,1.9069767441860466
680,2020.04.22 03:05:00,2020.04.22 03:22:59,2020.04.22 03:00:00,BUY,0.36,1.0858,1.08552,1.08553,1.08634,27.0,9.72,-11.52,-1.1851851851851851
682,2020.04.23 03:40:00,2020.04.23 03:54:31,2020.04.23 03:35:00,BUY,0.24,1.08136,1.08094,1.08095,1.08218,41.0,9.84,-11.04,-1.121951219512195
684,2020.04.24 03:10:00,2020.04.24 03:17:19,2020.04.24 03:05:00,SELL,0.29,1.07761,1.07693,1.07795,1.07693,34.0,9.86,18.56,1.8823529411764706
686,2020.04.27 00:50:00,2020.04.27 01:13:05,2020.04.27 00:45:00,BUY,0.19,1.08242,1.08192,1.08192,1.08342,50.0,9.5,-10.26,-1.08
688,2020.04.27 03:05:00,2020.04.27 04:01:37,2020.04.27 03:00:00,SELL,0.14,1.08151,1.08218,1.08218,1.08017,67.0,9.38,-9.940000000000001,-1.0597014925373134
690,2020.04.28 03:25:00,2020.04.28 03:55:05,2020.04.28 03:20:00,BUY,0.44,1.08315,1.08359,1.08293,1.08359,22.0,9.68,17.599999999999998,1.8181818181818181
692,2020.04.29 03:35:00,2020.04.29 04:29:35,2020.04.29 03:30:00,BUY,0.18,1.0837,1.08474,1.08318,1.08474,52.0,9.36,18.0,1.9230769230769231
694,2020.04.30 03:10:00,2020.04.30 03:16:27,2020.04.30 03:05:00,SELL,0.61,1.08725,1.08692,1.08741,1.08693,16.0,9.76,17.689999999999998,1.8124999999999998
696,2020.05.01 03:10:00,2020.05.01 03:55:37,2020.05.01 03:05:00,SELL,0.18,1.09385,1.09438,1.09438,1.09279,53.0,9.54,-10.26,-1.0754716981132075
698,2020.05.04 01:15:00,2020.05.04 01:29:21,2020.05.04 01:10:00,SELL,0.34,1.09675,1.09617,1.09704,1.09617,29.0,9.86,18.36,1.8620689655172413
700,2020.05.04 03:05:00,2020.05.04 05:05:00,2020.05.04 03:00:00,SELL,0.14,1.09548,1.09502,1.09615,1.09414,67.0,9.38,5.880000000000001,0.6268656716417911
702,2020.05.05 03:10:00,2020.05.05 03:35:12,2020.05.05 03:05:00,BUY,0.49,1.0907,1.0911,1.0905,1.0911,20.0,9.8,17.64,1.7999999999999998
704,2020.05.06 03:05:00,2020.05.06 03:11:37,2020.05.06 03:00:00,BUY,0.21,1.08426,1.08378,1.08379,1.0852,47.0,9.87,-10.92,-1.1063829787234043
706,2020.05.07 03:15:00,2020.05.07 03:21:59,2020.05.07 03:10:00,BUY,0.31,1.07999,1.07968,1.07968,1.08061,31.0,9.61,-10.85,-1.1290322580645162
708,2020.05.08 03:40:00,2020.05.08 05:40:00,2020.05.08 03:35:00,BUY,0.08,1.08448,1.08538,1.08338,1.08668,110.0,8.8,6.88,0.7818181818181817
710,2020.05.11 02:10:00,2020.05.11 02:11:59,2020.05.11 02:05:00,SELL,0.49,1.08308,1.08331,1.08328,1.08268,20.0,9.8,-13.23,-1.3499999999999999
712,2020.05.11 03:20:00,2020.05.11 05:20:30,2020.05.11 03:15:00,BUY,0.19,1.08427,1.08467,1.08375,1.08531,52.0,9.88,6.84,0.6923076923076923
714,2020.05.12 03:10:00,2020.05.12 03:25:03,2020.05.12 03:05:00,SELL,0.15,1.08036,1.07912,1.08098,1.07912,62.0,9.3,18.0,1.9354838709677418
716,2020.05.13 03:25:00,2020.05.13 05:25:00,2020.05.13 03:20:00,BUY,0.13,1.08531,1.08521,1.0846,1.08673,71.0,9.23,-1.82,-0.19718309859154928
718,2020.05.14 03:05:00,2020.05.14 03:24:36,2020.05.14 03:00:00,SELL,0.24,1.08182,1.08222,1.08222,1.08102,40.0,9.6,-10.559999999999999,-1.0999999999999999
720,2020.05.15 03:50:00,2020.05.15 03:54:37,2020.05.15 03:45:00,SELL,0.23,1.08003,1.08046,1.08045,1.07919,42.0,9.66,-10.81,-1.119047619047619
722,2020.05.18 01:45:00,2020.05.18 03:02:24,2020.05.18 01:40:00,BUY,0.29,1.08212,1.08176,1.08178,1.0828,34.0,9.86,-11.6,-1.1764705882352942
724,2020.05.18 04:00:00,2020.05.18 04:22:33,2020.05.18 03:55:00,SELL,0.31,1.08168,1.08199,1.08199,1.08106,31.0,9.61,-10.85,-1.1290322580645162
726,2020.05.19 03:05:00,2020.05.19 04:24:36,2020.05.19 03:00:00,BUY,0.14,1.09199,1.09129,1.0913,1.09337,69.0,9.66,-10.360000000000001,-1.0724637681159421
728,2020.05.20 03:05:00,2020.05.20 03:50:02,2020.05.20 03:00:00,BUY,0.28,1.09291,1.09363,1.09256,1.09361,35.0,9.8,19.04,1.9428571428571426
730,2020.05.21 03:05:00,2020.05.21 03:26:42,2020.05.21 03:00:00,SELL,0.36,1.09771,1.09715,1.09798,1.09717,27.0,9.72,18.72,1.9259259259259256
732,2020.05.22 03:25:00,2020.05.22 03:51:03,2020.05.22 03:20:00,BUY,0.36,1.09532,1.09505,1.09505,1.09586,27.0,9.72,-11.16,-1.1481481481481481
734,2020.05.25 01:25:00,2020.05.25 02:32:37,2020.05.25 01:20:00,BUY,0.29,1.09004,1.09072,1.0897,1.09072,34.0,9.86,18.56,1.8823529411764706
736,2020.05.25 03:10:00,2020.05.25 03:30:25,2020.05.25 03:05:00,SELL,0.28,1.09026,1.09062,1.09061,1.08956,35.0,9.8,-11.2,-1.1428571428571428
738,2020.05.26 03:40:00,2020.05.26 05:40:00,2020.05.26 03:35:00,BUY,0.19,1.09048,1.09096,1.08996,1.09152,52.0,9.88,8.36,0.846153846153846
740,2020.05.27 03:05:00,2020.05.27 03:45:28,2020.05.27 03:00:00,SELL,0.3,1.09765,1.09701,1.09797,1.09701,32.0,9.6,18.0,1.875
742,2020.05.28 03:05:00,2020.05.28 03:32:24,2020.05.28 03:00:00,SELL,0.18,1.10118,1.10172,1.10171,1.10012,53.0,9.54,-10.440000000000001,-1.0943396226415096
744,2020.05.29 03:10:00,2020.05.29 03:15:38,2020.05.29 03:05:00,BUY,0.25,1.10767,1.10727,1.10728,1.10845,39.0,9.75,-11.0,-1.1282051282051282
746,2020.06.01 00:50:00,2020.06.01 01:00:36,2020.06.01 00:45:00,SELL,0.35,1.11134,1.11078,1.11162,1.11078,28.0,9.8,18.200000000000003,1.8571428571428572
748,2020.06.01 03:20:00,2020.06.01 03:36:59,2020.06.01 03:15:00,BUY,0.12,1.1125,1.11167,1.11168,1.11414,82.0,9.84,-10.440000000000001,-1.0609756097560976
750,2020.06.02 03:15:00,2020.06.02 04:51:36,2020.06.02 03:10:00,BUY,0.13,1.11329,1.11254,1.11254,1.11479,75.0,9.75,-10.27,-1.0533333333333332
752,2020.06.03 03:20:00,2020.06.03 03:45:39,2020.06.03 03:15:00,BUY,0.16,1.11888,1.12007,1.11829,1.12006,59.0,9.44,18.4,1.9491525423728813
754,2020.06.04 03:05:00,2020.06.04 03:33:21,2020.06.04 03:00:00,SELL,0.23,1.12314,1.12229,1.12356,1.1223,42.0,9.66,18.63,1.9285714285714284
756,2020.06.05 03:55:00,2020.06.05 05:55:00,2020.06.05 03:50:00,SELL,0.18,1.13351,1.13319,1.13405,1.13243,54.0,9.72,5.04,0.5185185185185185
758,2020.06.08 01:25:00,2020.06.08 02:00:35,2020.06.08 01:20:00,BUY,0.25,1.13044,1.13004,1.13005,1.13122,39.0,9.75,-11.0,-1.1282051282051282
760,2020.06.08 03:10:00,2020.06.08 03:39:59,2020.06.08 03:05:00,SELL,0.26,1.1311,1.13033,1.13148,1.13034,38.0,9.88,18.98,1.9210526315789473
762,2020.06.09 03:40:00,2020.06.09 04:20:26,2020.06.09 03:35:00,SELL,0.15,1.13008,1.12882,1.13071,1.12882,63.0,9.45,18.299999999999997,1.9365079365079363
764,2020.06.10 03:20:00,2020.06.10 05:20:00,2020.06.10 03:15:00,BUY,0.15,1.13418,1.13394,1.13356,1.13542,62.0,9.3,-4.2,-0.45161290322580644
766,2020.06.11 03:10:00,2020.06.11 03:58:24,2020.06.11 03:05:00,BUY,0.17,1.13751,1.13861,1.13696,1.13861,55.0,9.35,18.02,1.9272727272727272
768,2020.06.12 03:05:00,2020.06.12 03:24:35,2020.06.12 03:00:00,SELL,0.25,1.12875,1.12914,1.12914,1.12797,39.0,9.75,-10.75,-1.1025641025641026
770,2020.06.15 01:10:00,2020.06.15 01:26:14,2020.06.15 01:05:00,SELL,0.08,1.12275,1.12392,1.12392,1.12041,117.0,9.36,-9.68,-1.0341880341880343
772,2020.06.15 03:40:00,2020.06.15 03:43:40,2020.06.15 03:35:00,BUY,0.22,1.12584,1.12539,1.1254,1.12672,44.0,9.68,-10.780000000000001,-1.1136363636363638
774,2020.06.16 04:40:00,2020.06.16 05:05:27,2020.06.16 04:35:00,SELL,0.21,1.13276,1.13323,1.13323,1.13182,47.0,9.87,-10.709999999999999,-1.0851063829787233
776,2020.06.17 03:50:00,2020.06.17 04:15:16,2020.06.17 03:45:00,BUY,0.14,1.12711,1.12644,1.12645,1.12843,66.0,9.24,-9.940000000000001,-1.075757575757576
778,2020.06.18 03:10:00,2020.06.18 04:30:37,2020.06.18 03:05:00,BUY,0.11,1.12465,1.12377,1.12378,1.12639,87.0,9.57,-10.12,-1.057471264367816
780,2020.06.19 03:05:00,2020.06.19 04:32:38,2020.06.19 03:00:00,SELL,0.24,1.12045,1.12086,1.12086,1.11963,41.0,9.84,-10.8,-1.0975609756097562
782,2020.06.22 01:05:00,2020.06.22 02:16:31,2020.06.22 01:00:00,SELL,0.26,1.1181,1.11733,1.11848,1.11734,38.0,9.88,18.98,1.9210526315789473
784,2020.06.22 04:10:00,2020.06.22 05:29:16,2020.06.22 04:05:00,BUY,0.36,1.11862,1.11916,1.11835,1.11916,27.0,9.72,18.0,1.8518518518518516
786,2020.06.23 03:40:00,2020.06.23 04:09:38,2020.06.23 03:35:00,SELL,0.26,1.1268,1.12604,1.12718,1.12604,38.0,9.88,18.720000000000002,1.8947368421052633
788,2020.06.24 04:20:00,2020.06.24 04:58:13,2020.06.24 04:15:00,BUY,0.22,1.13216,1.13173,1.13173,1.13302,43.0,9.46,-10.340000000000002,-1.0930232558139537
790,2020.06.25 03:25:00,2020.06.25 05:04:12,2020.06.25 03:20:00,BUY,0.19,1.12522,1.12469,1.1247,1.12626,52.0,9.88,-10.83,-1.096153846153846
792,2020.06.26 03:40:00,2020.06.26 03:55:39,2020.06.26 03:35:00,SELL,0.21,1.12092,1.1214,1.12139,1.11998,47.0,9.87,-10.92,-1.1063829787234043
794,2020.06.29 02:45:00,2020.06.29 02:56:12,2020.06.29 02:40:00,BUY,0.35,1.1227,1.1224,1.12242,1.12326,28.0,9.8,-11.9,-1.2142857142857142
796,2020.06.29 03:45:00,2020.06.29 04:14:43,2020.06.29 03:40:00,BUY,0.29,1.12262,1.1233,1.12228,1.1233,34.0,9.86,18.56,1.8823529411764706
798,2020.06.30 03:15:00,2020.06.30 03:53:30,2020.06.30 03:10:00,SELL,0.32,1.12436,1.12374,1.12466,1.12376,30.0,9.6,18.56,1.9333333333333333
800,2020.07.01 04:10:00,2020.07.01 06:10:00,2020.07.01 04:05:00,BUY,0.18,1.12364,1.12368,1.1231,1.12472,54.0,9.72,0.0,0.0
802,2020.07.02 03:20:00,2020.07.02 03:48:59,2020.07.02 03:15:00,SELL,0.39,1.12495,1.12521,1.1252,1.12445,25.0,9.75,-11.700000000000001,-1.2000000000000002
804,2020.07.03 03:05:00,2020.07.03 03:09:11,2020.07.03 03:00:00,SELL,0.38,1.12367,1.12393,1.12393,1.12315,26.0,9.88,-11.4,-1.1538461538461537
806,2020.07.06 02:05:00,2020.07.06 03:04:39,2020.07.06 02:00:00,BUY,0.26,1.12476,1.1255,1.12439,1.1255,37.0,9.62,18.2,1.8918918918918919
808,2020.07.06 03:05:00,2020.07.06 04:49:24,2020.07.06 03:00:00,BUY,0.11,1.12547,1.12721,1.1246,1.12721,87.0,9.57,18.7,1.954022988505747
810,2020.07.07 03:05:00,2020.07.07 03:27:59,2020.07.07 03:00:00,BUY,0.15,1.13153,1.13283,1.13088,1.13283,65.0,9.75,18.9,1.9384615384615382
812,2020.07.08 03:20:00,2020.07.08 03:34:32,2020.07.08 03:15:00,BUY,0.23,1.12797,1.12753,1.12755,1.12881,42.0,9.66,-11.04,-1.1428571428571428
814,2020.07.09 03:55:00,2020.07.09 04:54:25,2020.07.09 03:50:00,SELL,0.24,1.13343,1.13384,1.13383,1.13263,40.0,9.6,-10.8,-1.1250000000000002
816,2020.07.10 03:05:00,2020.07.10 03:51:35,2020.07.10 03:00:00,SELL,0.17,1.12834,1.12717,1.12892,1.12718,58.0,9.86,19.21,1.9482758620689657
818,2020.07.13 01:50:00,2020.07.13 02:10:39,2020.07.13 01:45:00,BUY,0.35,1.13153,1.13125,1.13125,1.13209,28.0,9.8,-11.200000000000001,-1.1428571428571428
820,2020.07.13 03:40:00,2020.07.13 03:45:36,2020.07.13 03:35:00,SELL,0.29,1.13086,1.1312,1.1312,1.13018,34.0,9.86,-11.02,-1.1176470588235294
822,2020.07.14 03:20:00,2020.07.14 03:50:04,2020.07.14 03:15:00,SELL,0.39,1.1344,1.13465,1.13465,1.1339,25.0,9.75,-11.31,-1.1600000000000001
824,2020.07.15 03:05:00,2020.07.15 05:05:00,2020.07.15 03:00:00,BUY,0.15,1.14151,1.14091,1.14086,1.14281,65.0,9.75,-9.6,-0.9846153846153846
826,2020.07.16 03:05:00,2020.07.16 03:29:40,2020.07.16 03:00:00,SELL,0.19,1.14122,1.14173,1.14173,1.1402,51.0,9.69,-10.45,-1.0784313725490196
828,2020.07.17 03:55:00,2020.07.17 05:55:00,2020.07.17 03:50:00,SELL,0.11,1.13831,1.13856,1.13914,1.13665,83.0,9.13,-3.19,-0.34939759036144574
830,2020.07.20 01:05:00,2020.07.20 01:22:36,2020.07.20 01:00:00,BUY,0.14,1.14239,1.14373,1.14173,1.14371,66.0,9.24,18.200000000000003,1.96969696969697
832,2020.07.20 03:05:00,2020.07.20 04:12:34,2020.07.20 03:00:00,SELL,0.1,1.14334,1.14139,1.14431,1.1414,97.0,9.7,19.1,1.969072164948454
834,2020.07.21 03:35:00,2020.07.21 03:43:24,2020.07.21 03:30:00,BUY,0.15,1.1463,1.14565,1.14565,1.1476,65.0,9.75,-10.35,-1.0615384615384615
836,2020.07.22 03:35:00,2020.07.22 03:40:00,2020.07.22 03:30:00,SELL,0.39,1.15314,1.15339,1.15339,1.15264,25.0,9.75,-11.31,-1.1600000000000001
838,2020.07.23 03:10:00,2020.07.23 03:17:11,2020.07.23 03:05:00,BUY,0.24,1.1571,1.15669,1.15669,1.15792,41.0,9.84,-10.8,-1.0975609756097562
840,2020.07.24 03:25:00,2020.07.24 04:01:23,2020.07.24 03:20:00,BUY,0.15,1.1604,1.16164,1.15978,1.16164,62.0,9.3,18.0,1.9354838709677418
842,2020.07.27 01:30:00,2020.07.27 02:06:33,2020.07.27 01:25:00,BUY,0.13,1.16519,1.16448,1.16448,1.16661,71.0,9.23,-9.75,-1.056338028169014
844,2020.07.27 03:05:00,2020.07.27 03:38:15,2020.07.27 03:00:00,BUY,0.09,1.16583,1.16783,1.16483,1.16783,100.0,9.0,17.64,1.96
846,2020.07.28 03:10:00,2020.07.28 03:21:27,2020.07.28 03:05:00,BUY,0.36,1.17655,1.17626,1.17628,1.17709,27.0,9.72,-11.879999999999999,-1.222222222222222
848,2020.07.29 03:20:00,2020.07.29 03:42:31,2020.07.29 03:15:00,BUY,0.16,1.17243,1.17184,1.17184,1.17361,59.0,9.44,-10.08,-1.0677966101694916
850,2020.07.30 04:15:00,2020.07.30 06:07:28,2020.07.30 04:10:00,SELL,0.13,1.17712,1.17789,1.17788,1.1756,76.0,9.88,-10.53,-1.0657894736842104
852,2020.07.31 03:05:00,2020.07.31 03:08:35,2020.07.31 03:00:00,BUY,0.11,1.18758,1.18672,1.18673,1.18928,85.0,9.35,-9.9,-1.0588235294117647
854,2020.08.03 01:05:00,2020.08.03 03:05:00,2020.08.03 01:00:00,BUY,0.09,1.17818,1.17824,1.17713,1.18028,105.0,9.45,0.18000000000000005,0.019047619047619053
856,2020.08.03 03:15:00,2020.08.03 05:15:00,2020.08.03 03:10:00,SELL,0.05,1.17649,1.1767,1.17818,1.17311,169.0,8.45,-1.25,-0.14792899408284024
858,2020.08.04 03:15:00,2020.08.04 03:25:32,2020.08.04 03:10:00,SELL,0.26,1.17532,1.1757,1.1757,1.17456,38.0,9.88,-10.920000000000002,-1.105263157894737
860,2020.08.05 04:45:00,2020.08.05 05:03:59,2020.08.05 04:40:00,BUY,0.16,1.18135,1.18073,1.18074,1.18257,61.0,9.76,-10.56,-1.0819672131147542
862,2020.08.06 03:10:00,2020.08.06 04:48:59,2020.08.06 03:05:00,BUY,0.19,1.18776,1.18724,1.18725,1.18878,51.0,9.69,-10.64,-1.0980392156862746
864,2020.08.07 03:55:00,2020.08.07 05:26:00,2020.08.07 03:50:00,SELL,0.2,1.18715,1.18617,1.18764,1.18617,49.0,9.8,18.8,1.9183673469387754
866,2020.08.10 01:20:00,2020.08.10 01:24:33,2020.08.10 01:15:00,SELL,0.19,1.1784,1.17738,1.1789,1.1774,50.0,9.5,18.619999999999997,1.9599999999999997
868,2020.08.10 03:05:00,2020.08.10 03:49:36,2020.08.10 03:00:00,BUY,0.23,1.17848,1.17933,1.17806,1.17932,42.0,9.66,18.63,1.9285714285714284
870,2020.08.11 03:25:00,2020.08.11 04:32:04,2020.08.11 03:20:00,SELL,0.19,1.17275,1.17326,1.17325,1.17175,50.0,9.5,-10.45,-1.0999999999999999
872,2020.08.12 03:30:00,2020.08.12 05:30:00,2020.08.12 03:25:00,SELL,0.11,1.17337,1.17257,1.17426,1.17159,89.0,9.79,8.360000000000001,0.8539325842696631
874,2020.08.13 04:05:00,2020.08.13 06:05:00,2020.08.13 04:00:00,BUY,0.12,1.18111,1.18128,1.18034,1.18265,77.0,9.24,1.56,0.16883116883116883
876,2020.08.14 03:50:00,2020.08.14 03:53:08,2020.08.14 03:45:00,SELL,0.19,1.18079,1.18131,1.18131,1.17975,52.0,9.88,-10.64,-1.0769230769230769
878,2020.08.17 04:00:00,2020.08.17 05:34:16,2020.08.17 03:55:00,BUY,0.13,1.18476,1.18622,1.18403,1.18622,73.0,9.49,18.46,1.9452054794520548
880,2020.08.18 03:05:00,2020.08.18 03:50:17,2020.08.18 03:00:00,BUY,0.19,1.18787,1.18887,1.18737,1.18887,50.0,9.5,18.24,1.92
882,2020.08.19 05:05:00,2020.08.19 06:53:33,2020.08.19 05:00:00,SELL,0.26,1.19376,1.19299,1.19413,1.19302,37.0,9.62,18.98,1.9729729729729732
884,2020.08.20 03:40:00,2020.08.20 04:17:34,2020.08.20 03:35:00,BUY,0.22,1.18469,1.18425,1.18425,1.18557,44.0,9.68,-10.56,-1.090909090909091
886,2020.08.21 03:55:00,2020.08.21 04:09:32,2020.08.21 03:50:00,BUY,0.24,1.18742,1.18702,1.18702,1.18822,40.0,9.6,-10.559999999999999,-1.0999999999999999
888,2020.08.24 03:05:00,2020.08.24 03:19:40,2020.08.24 03:00:00,SELL,0.11,1.17915,1.18003,1.18001,1.17743,86.0,9.46,-10.12,-1.069767441860465
890,2020.08.25 03:05:00,2020.08.25 03:35:27,2020.08.25 03:00:00,SELL,0.11,1.17875,1.17958,1.17958,1.17709,83.0,9.13,-9.57,-1.0481927710843373
892,2020.08.26 03:40:00,2020.08.26 04:49:59,2020.08.26 03:35:00,SELL,0.27,1.18301,1.1834,1.18337,1.18229,36.0,9.72,-11.61,-1.1944444444444442
894,2020.08.27 04:05:00,2020.08.27 04:14:36,2020.08.27 04:00:00,BUY,0.12,1.18468,1.18386,1.18386,1.18632,82.0,9.84,-10.32,-1.048780487804878
896,2020.08.28 03:05:00,2020.08.28 04:32:13,2020.08.28 03:00:00,SELL,0.14,1.18148,1.18216,1.18216,1.18012,68.0,9.52,-10.08,-1.0588235294117647
898,2020.08.31 00:30:00,2020.08.31 02:30:00,2020.08.31 00:25:00,BUY,0.1,1.19074,1.19108,1.18984,1.19254,90.0,9.0,3.0,0.3333333333333333
900,2020.08.31 04:05:00,2020.08.31 05:30:53,2020.08.31 04:00:00,SELL,0.2,1.19044,1.19093,1.19093,1.18946,49.0,9.8,-10.600000000000001,-1.0816326530612246
902,2020.09.01 03:05:00,2020.09.01 03:54:04,2020.09.01 03:00:00,BUY,0.13,1.19435,1.19361,1.19361,1.19583,74.0,9.62,-10.139999999999999,-1.054054054054054
904,2020.09.02 03:20:00,2020.09.02 03:54:38,2020.09.02 03:15:00,SELL,0.2,1.19166,1.19065,1.19215,1.19068,49.0,9.8,19.4,1.9795918367346936
906,2020.09.03 03:40:00,2020.09.03 04:30:30,2020.09.03 03:35:00,SELL,0.16,1.1838,1.18256,1.1844,1.1826,60.0,9.6,19.2,2.0
908,2020.09.04 03:10:00,2020.09.04 03:47:05,2020.09.04 03:05:00,BUY,0.29,1.18472,1.18541,1.18438,1.1854,34.0,9.86,18.85,1.9117647058823533
910,2020.09.07 01:55:00,2020.09.07 02:18:59,2020.09.07 01:50:00,BUY,0.36,1.18423,1.18395,1.18396,1.18477,27.0,9.72,-11.52,-1.1851851851851851
912,2020.09.07 03:15:00,2020.09.07 03:16:26,2020.09.07 03:10:00,SELL,0.27,1.18334,1.18371,1.1837,1.18262,36.0,9.72,-11.07,-1.1388888888888888
914,2020.09.08 03:05:00,2020.09.08 03:16:23,2020.09.08 03:00:00,BUY,0.29,1.18208,1.18174,1.18174,1.18276,34.0,9.86,-11.02,-1.1176470588235294
916,2020.09.09 03:05:00,2020.09.09 03:07:03,2020.09.09 03:00:00,BUY,0.24,1.17697,1.17657,1.17657,1.17777,40.0,9.6,-10.559999999999999,-1.0999999999999999
918,2020.09.10 03:10:00,2020.09.10 05:10:00,2020.09.10 03:05:00,BUY,0.15,1.18106,1.18165,1.18042,1.18234,64.0,9.6,8.25,0.859375
920,2020.09.11 03:20:00,2020.09.11 05:20:00,2020.09.11 03:15:00,BUY,0.16,1.18324,1.18368,1.18264,1.18444,60.0,9.6,6.4,0.6666666666666667
922,2020.09.14 01:05:00,2020.09.14 03:05:00,2020.09.14 01:00:00,BUY,0.22,1.18403,1.18409,1.1836,1.18489,43.0,9.46,0.44000000000000006,0.046511627906976744
924,2020.09.14 03:15:00,2020.09.14 04:07:38,2020.09.14 03:10:00,SELL,0.29,1.18369,1.18404,1.18403,1.18301,34.0,9.86,-11.31,-1.147058823529412
926,2020.09.15 03:05:00,2020.09.15 03:10:42,2020.09.15 03:00:00,BUY,0.21,1.18694,1.18647,1.18647,1.18788,47.0,9.87,-10.709999999999999,-1.0851063829787233
928,2020.09.16 03:10:00,2020.09.16 04:58:02,2020.09.16 03:05:00,SELL,0.19,1.1838,1.18432,1.18432,1.18276,52.0,9.88,-10.64,-1.0769230769230769
930,2020.09.17 04:35:00,2020.09.17 04:39:15,2020.09.17 04:30:00,BUY,0.16,1.17905,1.17845,1.17845,1.18025,60.0,9.6,-10.24,-1.0666666666666667
932,2020.09.18 03:10:00,2020.09.18 03:51:36,2020.09.18 03:05:00,BUY,0.1,1.18585,1.1849,1.18491,1.18773,94.0,9.4,-9.9,-1.053191489361702
934,2020.09.21 03:10:00,2020.09.21 03:17:38,2020.09.21 03:05:00,SELL,0.2,1.18436,1.18489,1.18484,1.1834,48.0,9.6,-11.4,-1.1875
936,2020.09.22 03:15:00,2020.09.22 03:24:23,2020.09.22 03:10:00,BUY,0.18,1.17702,1.17647,1.17648,1.1781,54.0,9.72,-10.620000000000001,-1.0925925925925926
938,2020.09.23 03:05:00,2020.09.23 03:47:27,2020.09.23 03:00:00,SELL,0.17,1.1704,1.16927,1.17096,1.16928,56.0,9.52,18.53,1.9464285714285716
940,2020.09.24 03:05:00,2020.09.24 05:05:00,2020.09.24 03:00:00,BUY,0.12,1.16641,1.16616,1.16561,1.16801,80.0,9.6,-3.48,-0.3625
942,2020.09.25 03:05:00,2020.09.25 05:05:00,2020.09.25 03:00:00,SELL,0.14,1.16685,1.16662,1.16752,1.16551,67.0,9.38,2.66,0.2835820895522388
944,2020.09.28 03:10:00,2020.09.28 03:28:11,2020.09.28 03:05:00,SELL,0.17,1.1628,1.16336,1.16336,1.16168,56.0,9.52,-10.2,-1.0714285714285714
946,2020.09.29 03:15:00,2020.09.29 04:08:12,2020.09.29 03:10:00,BUY,0.14,1.1682,1.16749,1.1675,1.1696,70.0,9.8,-10.5,-1.0714285714285714
948,2020.09.30 03:05:00,2020.09.30 03:48:33,2020.09.30 03:00:00,BUY,0.17,1.17466,1.17408,1.17409,1.1758,57.0,9.69,-10.54,-1.087719298245614
950,2020.10.01 03:55:00,2020.10.01 04:15:23,2020.10.01 03:50:00,SELL,0.14,1.17185,1.17253,1.17253,1.17049,68.0,9.52,-10.08,-1.0588235294117647
952,2020.10.02 03:10:00,2020.10.02 04:00:29,2020.10.02 03:05:00,SELL,0.25,1.17409,1.17332,1.17447,1.17333,38.0,9.5,18.25,1.9210526315789473
954,2020.10.05 00:55:00,2020.10.05 01:00:25,2020.10.05 00:50:00,SELL,0.2,1.17109,1.17159,1.17157,1.17013,48.0,9.6,-10.8,-1.1250000000000002
956,2020.10.05 03:40:00,2020.10.05 04:03:05,2020.10.05 03:35:00,BUY,0.15,1.17278,1.17213,1.17213,1.17408,65.0,9.75,-10.35,-1.0615384615384615
958,2020.10.06 05:00:00,2020.10.06 05:00:37,2020.10.06 04:55:00,SELL,0.51,1.17863,1.17884,1.17882,1.17825,19.0,9.69,-12.75,-1.3157894736842106
960,2020.10.07 03:15:00,2020.10.07 03:39:42,2020.10.07 03:10:00,BUY,0.54,1.17376,1.17357,1.17358,1.17412,18.0,9.72,-12.42,-1.2777777777777777
962,2020.10.08 03:05:00,2020.10.08 03:20:35,2020.10.08 03:00:00,SELL,0.24,1.1762,1.1766,1.1766,1.1754,40.0,9.6,-10.559999999999999,-1.0999999999999999
964,2020.10.09 03:15:00,2020.10.09 04:15:22,2020.10.09 03:10:00,SELL,0.36,1.17619,1.17647,1.17646,1.17565,27.0,9.72,-11.52,-1.1851851851851851
966,2020.10.12 00:35:00,2020.10.12 01:01:36,2020.10.12 00:30:00,SELL,0.24,1.18158,1.182,1.18199,1.18076,41.0,9.84,-11.04,-1.121951219512195
968,2020.10.12 03:05:00,2020.10.12 03:27:05,2020.10.12 03:00:00,SELL,0.37,1.18137,1.18163,1.18163,1.18085,26.0,9.62,-11.1,-1.153846153846154
970,2020.10.13 03:05:00,2020.10.13 05:05:00,2020.10.13 03:00:00,SELL,0.1,1.18047,1.17935,1.18142,1.17857,95.0,9.5,10.799999999999999,1.1368421052631579
972,2020.10.14 03:05:00,2020.10.14 03:11:22,2020.10.14 03:00:00,SELL,0.21,1.17383,1.17429,1.17428,1.17293,45.0,9.45,-10.5,-1.1111111111111112
974,2020.10.15 03:05:00,2020.10.15 05:05:00,2020.10.15 03:00:00,BUY,0.18,1.17491,1.17507,1.17438,1.17597,53.0,9.54,2.16,0.22641509433962267
976,2020.10.16 03:05:00,2020.10.16 03:07:59,2020.10.16 03:00:00,SELL,0.29,1.17035,1.17069,1.17068,1.16969,33.0,9.57,-11.02,-1.1515151515151514
978,2020.10.19 00:15:00,2020.10.19 00:16:00,2020.10.19 00:10:00,BUY,0.32,1.17199,1.17169,1.17169,1.17259,30.0,9.6,-10.879999999999999,-1.1333333333333333
980,2020.10.19 03:05:00,2020.10.19 05:00:14,2020.10.19 03:00:00,BUY,0.15,1.17204,1.17142,1.17142,1.17328,62.0,9.3,-9.9,-1.064516129032258
982,2020.10.20 03:05:00,2020.10.20 04:49:27,2020.10.20 03:00:00,BUY,0.2,1.17717,1.17668,1.17669,1.17813,48.0,9.6,-10.600000000000001,-1.104166666666667
984,2020.10.21 03:20:00,2020.10.21 04:22:38,2020.10.21 03:15:00,BUY,0.41,1.18332,1.18305,1.18308,1.1838,24.0,9.84,-12.71,-1.2916666666666667
986,2020.10.22 03:05:00,2020.10.22 05:05:00,2020.10.22 03:00:00,SELL,0.26,1.1849,1.18429,1.18527,1.18416,37.0,9.62,14.82,1.5405405405405408
988,2020.10.23 03:35:00,2020.10.23 03:54:27,2020.10.23 03:30:00,SELL,0.14,1.17909,1.17977,1.17976,1.17775,67.0,9.38,-10.08,-1.0746268656716418
990,2020.10.26 01:35:00,2020.10.26 01:49:41,2020.10.26 01:30:00,SELL,0.26,1.1841,1.18447,1.18447,1.18336,37.0,9.62,-10.66,-1.1081081081081081
992,2020.10.26 03:15:00,2020.10.26 03:15:59,2020.10.26 03:10:00,BUY,0.42,1.18489,1.18463,1.18466,1.18535,23.0,9.66,-12.6,-1.3043478260869565
994,2020.10.27 02:10:00,2020.10.27 02:54:15,2020.10.27 02:05:00,BUY,0.27,1.18112,1.18184,1.18076,1.18184,36.0,9.72,18.36,1.8888888888888886
996,2020.10.28 02:10:00,2020.10.28 03:16:21,2020.10.28 02:05:00,SELL,0.1,1.17734,1.17827,1.17826,1.1755,92.0,9.2,-9.700000000000001,-1.0543478260869568
998,2020.10.29 02:25:00,2020.10.29 02:38:37,2020.10.29 02:20:00,BUY,0.36,1.17545,1.17517,1.17518,1.17599,27.0,9.72,-11.52,-1.1851851851851851
1000,2020.10.30 02:10:00,2020.10.30 03:42:22,2020.10.30 02:05:00,BUY,0.22,1.1673,1.16816,1.16687,1.16816,43.0,9.46,18.040000000000003,1.9069767441860466
1002,2020.11.02 00:10:00,2020.11.02 00:12:13,2020.11.02 00:05:00,BUY,0.28,1.16501,1.16466,1.16466,1.16571,35.0,9.8,-10.920000000000002,-1.1142857142857143
1004,2020.11.02 03:15:00,2020.11.02 03:27:04,2020.11.02 03:10:00,BUY,0.21,1.16479,1.1643,1.16433,1.16571,46.0,9.66,-11.129999999999999,-1.152173913043478
1006,2020.11.03 02:05:00,2020.11.03 02:23:18,2020.11.03 02:00:00,SELL,0.3,1.16387,1.16419,1.16419,1.16323,32.0,9.6,-10.799999999999999,-1.125
1008,2020.11.04 02:05:00,2020.11.04 02:12:13,2020.11.04 02:00:00,SELL,0.05,1.1749,1.17663,1.17662,1.17146,172.0,8.6,-8.85,-1.0290697674418605
1010,2020.11.05 03:05:00,2020.11.05 04:58:59,2020.11.05 03:00:00,SELL,0.12,1.17251,1.1733,1.1733,1.17093,79.0,9.48,-9.96,-1.0506329113924051
1012,2020.11.06 03:00:00,2020.11.06 04:15:59,2020.11.06 02:55:00,SELL,0.09,1.18045,1.18154,1.18151,1.17833,106.0,9.54,-10.17,-1.0660377358490567
1014,2020.11.09 01:10:00,2020.11.09 02:10:00,2020.11.09 01:05:00,BUY,0.15,1.1891,1.18845,1.18848,1.19034,62.0,9.3,-10.35,-1.1129032258064515
1016,2020.11.10 02:30:00,2020.11.10 02:38:38,2020.11.10 02:25:00,SELL,0.18,1.1808,1.18134,1.18134,1.17972,54.0,9.72,-10.440000000000001,-1.0740740740740742
1018,2020.11.11 02:05:00,2020.11.11 02:06:01,2020.11.11 02:00:00,BUY,0.39,1.18201,1.18176,1.18176,1.18251,25.0,9.75,-11.31,-1.1600000000000001
1020,2020.11.12 02:20:00,2020.11.12 02:48:37,2020.11.12 02:15:00,SELL,0.28,1.17751,1.17785,1.17785,1.17683,34.0,9.52,-10.64,-1.1176470588235294
1022,2020.11.13 02:15:00,2020.11.13 02:56:04,2020.11.13 02:10:00,BUY,0.35,1.1808,1.18136,1.18052,1.18136,28.0,9.8,18.200000000000003,1.8571428571428572
1024,2020.11.16 03:10:00,2020.11.16 03:14:16,2020.11.16 03:05:00,SELL,0.25,1.18388,1.18427,1.18426,1.18312,38.0,9.5,-10.75,-1.131578947368421
1026,2020.11.17 02:10:00,2020.11.17 03:17:01,2020.11.17 02:05:00,BUY,0.46,1.18612,1.18657,1.18591,1.18654,21.0,9.66,18.86,1.9523809523809523
1028,2020.11.18 02:05:00,2020.11.18 02:09:24,2020.11.18 02:00:00,BUY,0.36,1.18654,1.18627,1.18627,1.18708,27.0,9.72,-11.16,-1.1481481481481481
1030,2020.11.19 03:55:00,2020.11.19 04:26:36,2020.11.19 03:50:00,BUY,0.35,1.18412,1.18468,1.18384,1.18468,28.0,9.8,18.200000000000003,1.8571428571428572
1032,2020.11.20 02:35:00,2020.11.20 04:35:00,2020.11.20 02:30:00,BUY,0.3,1.18734,1.18716,1.18702,1.18798,32.0,9.6,-6.6000000000000005,-0.6875000000000001
1034,2020.11.23 01:10:00,2020.11.23 01:54:07,2020.11.23 01:05:00,BUY,0.46,1.18596,1.18638,1.18575,1.18638,21.0,9.66,17.48,1.8095238095238095
1036,2020.11.23 02:20:00,2020.11.23 02:26:07,2020.11.23 02:15:00,BUY,0.57,1.18663,1.18697,1.18646,1.18697,17.0,9.69,17.099999999999998,1.7647058823529411
1038,2020.11.24 03:05:00,2020.11.24 05:05:00,2020.11.24 03:00:00,BUY,0.1,1.1847,1.18453,1.1838,1.1865,90.0,9.0,-2.1,-0.23333333333333334
1040,2020.11.25 03:10:00,2020.11.25 04:01:24,2020.11.25 03:05:00,BUY,0.16,1.19027,1.18967,1.18967,1.19147,60.0,9.6,-10.24,-1.0666666666666667
1042,2020.11.26 02:05:00,2020.11.26 02:15:26,2020.11.26 02:00:00,BUY,0.37,1.19187,1.19239,1.19161,1.19239,26.0,9.62,17.759999999999998,1.846153846153846
1044,2020.11.27 02:15:00,2020.11.27 02:18:22,2020.11.27 02:10:00,BUY,0.57,1.19134,1.19117,1.19117,1.19168,17.0,9.69,-11.969999999999999,-1.2352941176470589
1046,2020.11.30 00:10:00,2020.11.30 02:10:00,2020.11.30 00:05:00,BUY,0.18,1.19655,1.19698,1.19603,1.19759,52.0,9.36,7.0200000000000005,0.7500000000000001
1048,2020.11.30 02:10:00,2020.11.30 02:19:51,2020.11.30 02:05:00,BUY,0.35,1.197,1.19672,1.19672,1.19756,28.000000000005794,9.800000000002028,-11.200000000000001,-1.1428571428569065
1050,2020.12.01 02:30:00,2020.12.01 03:52:22,2020.12.01 02:25:00,BUY,0.24,1.19411,1.19491,1.19371,1.19491,40.0,9.6,18.24,1.9
1052,2020.12.02 02:10:00,2020.12.02 02:27:06,2020.12.02 02:05:00,SELL,0.36,1.20667,1.20694,1.20694,1.20613,27.0,9.72,-11.16,-1.1481481481481481
1054,2020.12.03 02:20:00,2020.12.03 03:43:17,2020.12.03 02:15:00,SELL,0.28,1.21075,1.21112,1.2111,1.21005,35.0,9.8,-11.48,-1.1714285714285715
1056,2020.12.04 02:30:00,2020.12.04 03:33:35,2020.12.04 02:25:00,BUY,0.2,1.21493,1.21445,1.21445,1.21589,48.0,9.6,-10.4,-1.0833333333333335
1058,2020.12.07 01:40:00,2020.12.07 02:20:33,2020.12.07 01:35:00,SELL,0.32,1.21233,1.21263,1.21263,1.21173,30.0,9.6,-10.879999999999999,-1.1333333333333333
1060,2020.12.07 02:50:00,2020.12.07 03:00:39,2020.12.07 02:45:00,BUY,0.3,1.21295,1.21261,1.21263,1.21359,32.0,9.6,-11.399999999999999,-1.1875
1062,2020.12.08 04:00:00,2020.12.08 04:35:25,2020.12.08 03:55:00,SELL,0.29,1.2107,1.21103,1.21103,1.21004,33.0,9.57,-10.73,-1.1212121212121213
1064,2020.12.09 02:25:00,2020.12.09 03:15:28,2020.12.09 02:20:00,BUY,0.51,1.21112,1.21093,1.21093,1.2115,19.0,9.69,-11.73,-1.210526315789474
1066,2020.12.10 02:05:00,2020.12.10 04:05:00,2020.12.10 02:00:00,BUY,0.18,1.20831,1.20817,1.20779,1.20935,52.0,9.36,-3.24,-0.3461538461538462
1068,2020.12.11 02:05:00,2020.12.11 02:33:37,2020.12.11 02:00:00,BUY,0.27,1.21459,1.21422,1.21423,1.21531,36.0,9.72,-11.07,-1.1388888888888888
1070,2020.12.14 02:05:00,2020.12.14 02:38:30,2020.12.14 02:00:00,SELL,0.32,1.21311,1.21251,1.21341,1.21251,30.0,9.6,17.919999999999998,1.8666666666666665
1072,2020.12.15 02:10:00,2020.12.15 02:17:20,2020.12.15 02:05:00,BUY,0.33,1.21507,1.21478,1.21478,1.21565,29.0,9.57,-10.89,-1.1379310344827587
1074,2020.12.16 02:35:00,2020.12.16 02:57:12,2020.12.16 02:30:00,SELL,0.41,1.215,1.21452,1.21524,1.21452,24.0,9.84,18.04,1.8333333333333333
1076,2020.12.17 03:20:00,2020.12.17 05:20:00,2020.12.17 03:15:00,BUY,0.1,1.22034,1.22101,1.21943,1.22216,91.0,9.1,6.3,0.6923076923076923
1078,2020.12.18 02:25:00,2020.12.18 02:53:55,2020.12.18 02:20:00,SELL,0.24,1.22592,1.2251,1.22633,1.2251,41.0,9.84,18.72,1.9024390243902438
1080,2020.12.21 02:10:00,2020.12.21 02:33:28,2020.12.21 02:05:00,SELL,0.16,1.22091,1.22149,1.22149,1.21975,58.0,9.28,-9.92,-1.0689655172413794
1082,2020.12.22 02:45:00,2020.12.22 03:29:37,2020.12.22 02:40:00,SELL,0.2,1.22325,1.22375,1.22374,1.22227,49.0,9.8,-10.8,-1.1020408163265305
1084,2020.12.23 03:40:00,2020.12.23 04:21:37,2020.12.23 03:35:00,BUY,0.14,1.21793,1.21723,1.21724,1.21931,69.0,9.66,-10.360000000000001,-1.0724637681159421
1086,2020.12.24 03:00:00,2020.12.24 03:21:28,2020.12.24 02:55:00,BUY,0.33,1.22024,1.22082,1.21995,1.22082,29.0,9.57,17.82,1.8620689655172413
1088,2020.12.28 02:05:00,2020.12.28 04:05:00,2020.12.28 02:00:00,SELL,0.08,1.21979,1.22071,1.22093,1.21751,114.0,9.12,-7.680000000000001,-0.8421052631578949
1090,2020.12.29 02:05:00,2020.12.29 04:05:00,2020.12.29 02:00:00,BUY,0.15,1.22248,1.22271,1.22184,1.22376,64.0,9.6,2.85,0.296875
1092,2020.12.30 02:25:00,2020.12.30 02:34:35,2020.12.30 02:20:00,BUY,0.42,1.226,1.22577,1.22577,1.22646,23.0,9.66,-11.34,-1.1739130434782608
1094,2020.12.31 02:30:00,2020.12.31 04:30:00,2020.12.31 02:25:00,BUY,0.22,1.23009,1.23075,1.22965,1.23097,44.0,9.68,13.639999999999999,1.409090909090909
1096,2021.01.04 01:35:00,2021.01.04 03:35:00,2021.01.04 01:30:00,BUY,0.19,1.22435,1.22419,1.22384,1.22537,51.0,9.69,-3.8,-0.39215686274509803
1098,2021.01.05 02:35:00,2021.01.05 03:16:23,2021.01.05 02:30:00,BUY,0.27,1.22549,1.22621,1.22513,1.22621,36.0,9.72,18.36,1.8888888888888886
1100,2021.01.06 02:10:00,2021.01.06 02:50:17,2021.01.06 02:05:00,SELL,0.1,1.22924,1.23016,1.23014,1.22744,90.0,9.0,-9.6,-1.0666666666666667
1102,2021.01.07 02:05:00,2021.01.07 02:11:35,2021.01.07 02:00:00,SELL,0.17,1.2334,1.23395,1.23395,1.2323,55.0,9.35,-10.03,-1.0727272727272728
1104,2021.01.08 02:05:00,2021.01.08 02:28:35,2021.01.08 02:00:00,SELL,0.22,1.22659,1.22703,1.22703,1.22571,44.0,9.68,-10.56,-1.090909090909091
1106,2021.01.11 03:00:00,2021.01.11 03:07:13,2021.01.11 02:55:00,BUY,0.46,1.21888,1.21867,1.21867,1.2193,21.0,9.66,-11.5,-1.1904761904761905
1108,2021.01.12 02:10:00,2021.01.12 03:00:27,2021.01.12 02:05:00,SELL,0.17,1.21547,1.21603,1.21603,1.21435,56.0,9.52,-10.2,-1.0714285714285714
1110,2021.01.13 02:05:00,2021.01.13 02:32:04,2021.01.13 02:00:00,BUY,0.21,1.22125,1.22078,1.22079,1.22217,46.0,9.66,-10.709999999999999,-1.1086956521739129
1112,2021.01.14 02:15:00,2021.01.14 04:15:00,2021.01.14 02:10:00,BUY,0.21,1.21651,1.2166,1.21605,1.21743,46.0,9.66,1.0499999999999998,0.10869565217391303
1114,2021.01.15 02:15:00,2021.01.15 02:21:05,2021.01.15 02:10:00,BUY,0.39,1.21574,1.21624,1.21549,1.21624,25.0,9.75,17.94,1.84
1116,2021.01.18 01:25:00,2021.01.18 01:33:00,2021.01.18 01:20:00,BUY,0.23,1.20856,1.20814,1.20814,1.2094,42.0,9.66,-10.58,-1.0952380952380951
1118,2021.01.18 03:50:00,2021.01.18 04:10:42,2021.01.18 03:45:00,BUY,0.27,1.20796,1.20758,1.2076,1.20868,36.0,9.72,-11.34,-1.1666666666666665
1120,2021.01.19 02:40:00,2021.01.19 02:53:36,2021.01.19 02:35:00,BUY,0.17,1.20896,1.20839,1.20839,1.2101,57.0,9.69,-10.37,-1.0701754385964912
1122,2021.01.20 02:05:00,2021.01.20 02:14:37,2021.01.20 02:00:00,SELL,0.12,1.21328,1.21408,1.21408,1.21168,80.0,9.6,-10.08,-1.05
1124,2021.01.21 02:05:00,2021.01.21 02:40:59,2021.01.21 02:00:00,SELL,0.49,1.21134,1.21094,1.21154,1.21094,20.0,9.8,17.64,1.7999999999999998
1126,2021.01.22 02:05:00,2021.01.22 03:02:35,2021.01.22 02:00:00,BUY,0.16,1.217,1.21642,1.21642,1.21816,58.0,9.28,-9.92,-1.0689655172413794
1128,2021.01.25 02:30:00,2021.01.25 02:56:03,2021.01.25 02:25:00,BUY,0.41,1.21713,1.21689,1.21689,1.21761,24.0,9.84,-11.48,-1.1666666666666667
1130,2021.01.26 02:05:00,2021.01.26 03:51:35,2021.01.26 02:00:00,SELL,0.28,1.21396,1.2143,1.2143,1.21328,34.0,9.52,-10.64,-1.1176470588235294
1132,2021.01.27 04:05:00,2021.01.27 06:05:00,2021.01.27 04:00:00,SELL,0.24,1.21578,1.21565,1.21618,1.21498,40.0,9.6,2.16,0.22500000000000003
1134,2021.01.28 02:20:00,2021.01.28 02:30:19,2021.01.28 02:15:00,SELL,0.29,1.20938,1.20872,1.20971,1.20872,33.0,9.57,17.98,1.8787878787878787
1136,2021.01.29 02:25:00,2021.01.29 02:52:05,2021.01.29 02:20:00,SELL,0.2,1.2116,1.21064,1.21208,1.21064,48.0,9.6,18.4,1.9166666666666665
1138,2021.02.01 01:05:00,2021.02.01 03:00:36,2021.02.01 01:00:00,SELL,0.12,1.21239,1.21322,1.21321,1.21075,82.0,9.84,-10.440000000000001,-1.0609756097560976
1140,2021.02.02 02:05:00,2021.02.02 02:08:12,2021.02.02 02:00:00,SELL,0.28,1.20646,1.20681,1.20681,1.20576,35.0,9.8,-10.920000000000002,-1.1142857142857143
1142,2021.02.03 02:40:00,2021.02.03 04:40:00,2021.02.03 02:35:00,BUY,0.21,1.20425,1.20473,1.2038,1.20515,45.0,9.45,9.24,0.9777777777777779
1144,2021.02.04 02:15:00,2021.02.04 02:36:08,2021.02.04 02:10:00,BUY,0.2,1.20425,1.20377,1.20377,1.20521,48.0,9.6,-10.4,-1.0833333333333335
1146,2021.02.05 02:05:00,2021.02.05 02:23:22,2021.02.05 02:00:00,SELL,0.61,1.19658,1.19674,1.19674,1.19626,16.0,9.76,-12.2,-1.25
1148,2021.02.08 02:35:00,2021.02.08 04:35:00,2021.02.08 02:30:00,SELL,0.17,1.20394,1.20349,1.20451,1.2028,57.0,9.69,6.970000000000001,0.7192982456140352
1150,2021.02.09 02:10:00,2021.02.09 03:20:35,2021.02.09 02:05:00,BUY,0.24,1.20529,1.2061,1.20489,1.20609,40.0,9.6,18.48,1.925
1152,2021.02.10 02:05:00,2021.02.10 03:12:22,2021.02.10 02:00:00,SELL,0.41,1.21152,1.21104,1.21176,1.21104,24.0,9.84,18.04,1.8333333333333333
1154,2021.02.11 02:35:00,2021.02.11 04:00:34,2021.02.11 02:30:00,SELL,0.37,1.21155,1.21182,1.21181,1.21103,26.0,9.62,-11.47,-1.1923076923076925
1156,2021.02.12 02:55:00,2021.02.12 04:55:00,2021.02.12 02:50:00,SELL,0.18,1.21261,1.21198,1.21314,1.21155,53.0,9.54,10.62,1.1132075471698113
1158,2021.02.15 01:05:00,2021.02.15 01:35:02,2021.02.15 01:00:00,BUY,0.26,1.21249,1.21212,1.21212,1.21323,37.0,9.62,-10.66,-1.1081081081081081
1160,2021.02.15 03:10:00,2021.02.15 03:28:28,2021.02.15 03:05:00,SELL,0.41,1.21199,1.21223,1.21223,1.21151,24.0,9.84,-11.48,-1.1666666666666667
1162,2021.02.16 03:35:00,2021.02.16 05:35:00,2021.02.16 03:30:00,BUY,0.22,1.21433,1.21471,1.21389,1.21521,44.0,9.68,7.4799999999999995,0.7727272727272727
1164,2021.02.17 03:05:00,2021.02.17 03:41:20,2021.02.17 03:00:00,SELL,0.16,1.20852,1.20911,1.20911,1.20734,59.0,9.44,-10.08,-1.0677966101694916
1166,2021.02.18 02:50:00,2021.02.18 02:55:37,2021.02.18 02:45:00,BUY,0.39,1.20494,1.20469,1.20469,1.20544,25.0,9.75,-11.31,-1.1600000000000001
1168,2021.02.19 02:05:00,2021.02.19 02:16:30,2021.02.19 02:00:00,SELL,0.27,1.20896,1.20932,1.20932,1.20824,36.0,9.72,-10.8,-1.1111111111111112
1170,2021.02.22 02:35:00,2021.02.22 02:52:35,2021.02.22 02:30:00,BUY,0.16,1.21288,1.21229,1.2123,1.21404,58.0,9.28,-10.08,-1.0862068965517242
1172,2021.02.23 02:50:00,2021.02.23 03:05:35,2021.02.23 02:45:00,BUY,0.29,1.21684,1.21651,1.21651,1.2175,33.0,9.57,-10.73,-1.1212121212121213
1174,2021.02.24 02:20:00,2021.02.24 03:01:29,2021.02.24 02:15:00,BUY,0.29,1.2156,1.21527,1.21527,1.21626,33.0,9.57,-10.73,-1.1212121212121213
1176,2021.02.25 02:25:00,2021.02.25 03:06:35,2021.02.25 02:20:00,SELL,0.37,1.2164,1.21588,1.21666,1.21588,26.0,9.62,17.759999999999998,1.846153846153846
1178,2021.02.26 03:00:00,2021.02.26 03:22:36,2021.02.26 02:55:00,BUY,0.16,1.21573,1.21515,1.21515,1.21689,58.0,9.28,-9.92,-1.0689655172413794
1180,2021.03.01 02:15:00,2021.03.01 02:16:38,2021.03.01 02:10:00,BUY,0.16,1.20947,1.20886,1.20886,1.21069,61.0,9.76,-10.4,-1.0655737704918034
1182,2021.03.02 02:55:00,2021.03.02 03:50:26,2021.03.02 02:50:00,SELL,0.16,1.20404,1.20288,1.20462,1.20288,58.0,9.28,17.919999999999998,1.9310344827586206
1184,2021.03.03 02:20:00,2021.03.03 02:27:38,2021.03.03 02:15:00,BUY,0.65,1.2089,1.20874,1.20875,1.2092,15.0,9.75,-13.0,-1.3333333333333333
1186,2021.03.04 03:05:00,2021.03.04 03:59:59,2021.03.04 03:00:00,SELL,0.11,1.20538,1.20621,1.20621,1.20372,83.0,9.13,-9.57,-1.0481927710843373
1188,2021.03.05 02:35:00,2021.03.05 02:47:35,2021.03.05 02:30:00,SELL,0.2,1.19604,1.19653,1.19652,1.19508,48.0,9.6,-10.600000000000001,-1.104166666666667
1190,2021.03.08 02:15:00,2021.03.08 02:32:11,2021.03.08 02:10:00,SELL,0.13,1.192,1.19272,1.19272,1.19056,72.0,9.36,-9.879999999999999,-1.0555555555555556
1192,2021.03.09 02:10:00,2021.03.09 02:14:15,2021.03.09 02:05:00,SELL,0.37,1.18483,1.18509,1.18509,1.18431,26.0,9.62,-11.1,-1.153846153846154
1194,2021.03.10 02:05:00,2021.03.10 03:06:02,2021.03.10 02:00:00,SELL,0.2,1.18926,1.18974,1.18974,1.1883,48.0,9.6,-10.4,-1.0833333333333335
1196,2021.03.11 02:25:00,2021.03.11 02:54:29,2021.03.11 02:20:00,SELL,0.28,1.19236,1.19165,1.19271,1.19166,35.0,9.8,18.759999999999998,1.914285714285714
1198,2021.03.12 03:05:00,2021.03.12 04:04:02,2021.03.12 03:00:00,BUY,0.36,1.19852,1.19825,1.19825,1.19906,27.0,9.72,-11.16,-1.1481481481481481
1200,2021.03.15 00:35:00,2021.03.15 01:08:13,2021.03.15 00:30:00,SELL,0.15,1.19441,1.19503,1.19503,1.19317,62.0,9.3,-9.9,-1.064516129032258
1202,2021.03.15 02:05:00,2021.03.15 03:29:37,2021.03.15 02:00:00,BUY,0.18,1.19544,1.19648,1.19492,1.19648,52.0,9.36,18.0,1.9230769230769231
1204,2021.03.16 02:10:00,2021.03.16 02:33:26,2021.03.16 02:05:00,BUY,0.51,1.19281,1.19262,1.19262,1.19319,19.0,9.69,-11.73,-1.210526315789474
1206,2021.03.17 02:15:00,2021.03.17 02:16:04,2021.03.17 02:10:00,BUY,0.44,1.19058,1.19036,1.19036,1.19102,22.0,9.68,-11.44,-1.1818181818181819
1208,2021.03.18 02:15:00,2021.03.18 03:10:03,2021.03.18 02:10:00,BUY,0.25,1.19843,1.19804,1.19804,1.19921,39.0,9.75,-10.75,-1.1025641025641026
1210,2021.03.19 02:35:00,2021.03.19 04:35:00,2021.03.19 02:30:00,SELL,0.17,1.19112,1.19074,1.19169,1.18998,57.0,9.69,5.78,0.5964912280701755
1212,2021.03.22 01:05:00,2021.03.22 01:54:28,2021.03.22 01:00:00,BUY,0.14,1.18895,1.18829,1.18829,1.19027,66.0,9.24,-9.8,-1.0606060606060606
1214,2021.03.22 03:00:00,2021.03.22 03:12:27,2021.03.22 02:55:00,SELL,0.36,1.1885,1.18795,1.18877,1.18796,27.0,9.72,18.36,1.8888888888888886
1216,2021.03.23 02:05:00,2021.03.23 02:25:26,2021.03.23 02:00:00,BUY,0.15,1.1938,1.19317,1.19318,1.19504,62.0,9.3,-10.049999999999999,-1.0806451612903223
1218,2021.03.24 03:40:00,2021.03.24 04:23:26,2021.03.24 03:35:00,BUY,0.21,1.18485,1.18438,1.18439,1.18577,46.0,9.66,-10.709999999999999,-1.1086956521739129
1220,2021.03.25 02:40:00,2021.03.25 03:08:30,2021.03.25 02:35:00,BUY,0.25,1.18157,1.18118,1.18118,1.18235,39.0,9.75,-10.75,-1.1025641025641026
1222,2021.03.26 02:05:00,2021.03.26 02:13:28,2021.03.26 02:00:00,BUY,0.36,1.17775,1.17747,1.17748,1.17829,27.0,9.72,-11.52,-1.1851851851851851
1224,2021.03.29 03:40:00,2021.03.29 04:19:15,2021.03.29 03:35:00,SELL,0.28,1.17842,1.17772,1.17877,1.17772,35.0,9.8,18.48,1.8857142857142857
1226,2021.03.30 03:15:00,2021.03.30 03:20:14,2021.03.30 03:10:00,SELL,0.2,1.17649,1.17697,1.17696,1.17555,47.0,9.4,-10.4,-1.1063829787234043
1228,2021.03.31 04:25:00,2021.03.31 05:05:37,2021.03.31 04:20:00,SELL,0.28,1.17175,1.17105,1.1721,1.17105,35.0,9.8,18.48,1.8857142857142857
1230,2021.04.01 03:10:00,2021.04.01 03:15:35,2021.04.01 03:05:00,SELL,0.42,1.17243,1.17267,1.17266,1.17197,23.0,9.66,-11.76,-1.217391304347826
1232,2021.04.02 03:35:00,2021.04.02 05:35:00,2021.04.02 03:30:00,SELL,0.2,1.17732,1.17729,1.17779,1.17638,47.0,9.4,-0.20000000000000007,-0.021276595744680857
1234,2021.04.05 04:25:00,2021.04.05 06:25:00,2021.04.05 04:20:00,BUY,0.3,1.17679,1.177,1.17647,1.17743,32.0,9.6,5.1,0.53125
1236,2021.04.06 03:05:00,2021.04.06 03:33:40,2021.04.06 03:00:00,BUY,0.39,1.18188,1.18163,1.18163,1.18238,25.0,9.75,-11.31,-1.1600000000000001
1238,2021.04.07 03:35:00,2021.04.07 03:45:37,2021.04.07 03:30:00,SELL,0.28,1.18687,1.18723,1.18722,1.18617,35.0,9.8,-11.2,-1.1428571428571428
1240,2021.04.08 03:15:00,2021.04.08 03:16:26,2021.04.08 03:10:00,BUY,0.7,1.18738,1.18723,1.18724,1.18766,14.0,9.8,-13.3,-1.3571428571428572
1242,2021.04.09 04:35:00,2021.04.09 05:10:22,2021.04.09 04:30:00,SELL,0.32,1.19129,1.19069,1.19159,1.19069,30.0,9.6,17.919999999999998,1.8666666666666665
1244,2021.04.12 01:55:00,2021.04.12 01:59:38,2021.04.12 01:50:00,BUY,0.46,1.19002,1.18981,1.18981,1.19044,21.0,9.66,-11.5,-1.1904761904761905
1246,2021.04.12 04:20:00,2021.04.12 06:20:00,2021.04.12 04:15:00,SELL,0.19,1.18926,1.18896,1.18976,1.18826,50.0,9.5,4.94,0.52
1248,2021.04.13 03:05:00,2021.04.13 03:25:34,2021.04.13 03:00:00,SELL,0.28,1.19093,1.19025,1.19127,1.19025,34.0,9.52,17.919999999999998,1.8823529411764706
1250,2021.04.14 04:20:00,2021.04.14 04:31:00,2021.04.14 04:15:00,BUY,0.42,1.19592,1.19569,1.19569,1.19638,23.0,9.66,-11.34,-1.1739130434782608
1252,2021.04.15 03:10:00,2021.04.15 04:02:23,2021.04.15 03:05:00,BUY,0.44,1.19841,1.19885,1.19819,1.19885,22.0,9.68,17.599999999999998,1.8181818181818181
1254,2021.04.16 03:05:00,2021.04.16 03:18:06,2021.04.16 03:00:00,BUY,0.21,1.19725,1.19678,1.19679,1.19817,46.0,9.66,-10.709999999999999,-1.1086956521739129
1256,2021.04.19 01:10:00,2021.04.19 03:10:00,2021.04.19 01:05:00,SELL,0.25,1.19703,1.19676,1.19742,1.19625,39.0,9.75,5.75,0.5897435897435898
1258,2021.04.19 03:10:00,2021.04.19 03:36:24,2021.04.19 03:05:00,SELL,0.39,1.19675,1.19701,1.197,1.19625,25.000000000008345,9.750000000003254,-11.700000000000001,-1.1999999999995996
1260,2021.04.20 05:30:00,2021.04.20 05:30:40,2021.04.20 05:25:00,BUY,0.23,1.20504,1.20462,1.20463,1.20586,41.0,9.43,-10.58,-1.1219512195121952
1262,2021.04.21 03:20:00,2021.04.21 03:58:14,2021.04.21 03:15:00,BUY,0.2,1.20389,1.2034,1.2034,1.20487,49.0,9.8,-10.600000000000001,-1.0816326530612246
1264,2021.04.22 03:05:00,2021.04.22 03:08:19,2021.04.22 03:00:00,BUY,0.51,1.20388,1.20369,1.20369,1.20426,19.0,9.69,-11.73,-1.210526315789474
1266,2021.04.23 03:15:00,2021.04.23 03:45:16,2021.04.23 03:10:00,BUY,0.37,1.20174,1.20148,1.20148,1.20226,26.0,9.62,-11.1,-1.153846153846154
1268,2021.04.26 00:55:00,2021.04.26 02:55:00,2021.04.26 00:50:00,SELL,0.25,1.2094,1.20925,1.20978,1.20864,38.0,9.5,2.75,0.2894736842105263
1270,2021.04.26 03:10:00,2021.04.26 04:02:31,2021.04.26 03:05:00,BUY,0.2,1.20967,1.21063,1.2092,1.21061,47.0,9.4,18.4,1.957446808510638
1272,2021.04.27 03:35:00,2021.04.27 04:01:33,2021.04.27 03:30:00,SELL,0.31,1.20775,1.20806,1.20806,1.20713,31.0,9.61,-10.85,-1.1290322580645162
1274,2021.04.28 03:05:00,2021.04.28 05:05:00,2021.04.28 03:00:00,SELL,0.18,1.20843,1.2078,1.20896,1.20737,53.0,9.54,10.62,1.1132075471698113
1276,2021.04.29 06:35:00,2021.04.29 08:10:20,2021.04.29 06:30:00,SELL,0.25,1.21318,1.21358,1.21357,1.2124,39.0,9.75,-11.0,-1.1282051282051282
1278,2021.04.30 03:55:00,2021.04.30 03:58:37,2021.04.30 03:50:00,SELL,0.21,1.21185,1.21231,1.2123,1.21095,45.0,9.45,-10.5,-1.1111111111111112
1280,2021.05.03 01:10:00,2021.05.03 01:47:05,2021.05.03 01:05:00,SELL,0.57,1.20255,1.20272,1.20272,1.20221,17.0,9.69,-11.969999999999999,-1.2352941176470589
1282,2021.05.03 03:05:00,2021.05.03 03:17:32,2021.05.03 03:00:00,SELL,0.16,1.20221,1.20282,1.2028,1.20103,59.0,9.44,-10.4,-1.1016949152542375
1284,2021.05.04 03:10:00,2021.05.04 04:28:36,2021.05.04 03:05:00,SELL,0.23,1.20556,1.20472,1.20598,1.20472,42.0,9.66,18.4,1.9047619047619047
1286,2021.05.05 03:05:00,2021.05.05 05:05:00,2021.05.05 03:00:00,BUY,0.23,1.2018,1.20214,1.20138,1.20264,42.0,9.66,6.9,0.7142857142857143
1288,2021.05.06 03:35:00,2021.05.06 03:55:34,2021.05.06 03:30:00,SELL,0.54,1.20045,1.20009,1.20063,1.20009,18.0,9.72,17.28,1.7777777777777777
1290,2021.05.07 03:05:00,2021.05.07 03:50:33,2021.05.07 03:00:00,BUY,0.18,1.20693,1.2064,1.20641,1.20797,52.0,9.36,-10.26,-1.0961538461538463
1292,2021.05.10 01:05:00,2021.05.10 01:25:30,2021.05.10 01:00:00,BUY,0.23,1.21711,1.2167,1.2167,1.21793,41.0,9.43,-10.35,-1.0975609756097562
1294,2021.05.10 03:25:00,2021.05.10 05:25:00,2021.05.10 03:20:00,SELL,0.18,1.21621,1.21544,1.21673,1.21517,52.0,9.36,13.139999999999999,1.4038461538461537
1296,2021.05.11 03:55:00,2021.05.11 04:39:16,2021.05.11 03:50:00,SELL,0.13,1.21283,1.21358,1.21357,1.21135,74.0,9.62,-10.27,-1.0675675675675675
1298,2021.05.12 03:25:00,2021.05.12 03:39:34,2021.05.12 03:20:00,SELL,0.7,1.21436,1.21408,1.2145,1.21408,14.0,9.8,16.8,1.7142857142857142
1300,2021.05.13 03:05:00,2021.05.13 03:44:49,2021.05.13 03:00:00,SELL,0.18,1.20736,1.2079,1.2079,1.20628,54.0,9.72,-10.440000000000001,-1.0740740740740742
1302,2021.05.14 03:05:00,2021.05.14 03:17:10,2021.05.14 03:00:00,SELL,0.22,1.20737,1.20781,1.20781,1.20649,44.0,9.68,-10.56,-1.090909090909091
1304,2021.05.17 01:10:00,2021.05.17 03:10:00,2021.05.17 01:05:00,BUY,0.22,1.21476,1.21453,1.21433,1.21562,43.0,9.46,-5.9399999999999995,-0.6279069767441859
1306,2021.05.18 03:20:00,2021.05.18 03:32:34,2021.05.18 03:15:00,BUY,0.32,1.21588,1.21558,1.21558,1.21648,30.0,9.6,-10.879999999999999,-1.1333333333333333
1308,2021.05.19 03:25:00,2021.05.19 04:22:34,2021.05.19 03:20:00,BUY,0.22,1.22263,1.2222,1.2222,1.22349,43.0,9.46,-10.340000000000002,-1.0930232558139537
1310,2021.05.20 03:20:00,2021.05.20 04:21:13,2021.05.20 03:15:00,BUY,0.14,1.21795,1.21729,1.21729,1.21927,66.0,9.24,-9.8,-1.0606060606060606
1312,2021.05.21 03:05:00,2021.05.21 05:05:00,2021.05.21 03:00:00,BUY,0.18,1.22289,1.22306,1.22236,1.22395,53.0,9.54,2.34,0.24528301886792453
1314,2021.05.24 03:15:00,2021.05.24 03:31:59,2021.05.24 03:10:00,BUY,0.3,1.2186,1.21826,1.21828,1.21924,32.0,9.6,-11.399999999999999,-1.1875
1316,2021.05.25 03:20:00,2021.05.25 03:26:03,2021.05.25 03:15:00,BUY,0.2,1.22193,1.22146,1.22146,1.22287,47.0,9.4,-10.200000000000001,-1.0851063829787235
1318,2021.05.26 03:05:00,2021.05.26 04:18:32,2021.05.26 03:00:00,BUY,0.14,1.22515,1.22446,1.22446,1.22653,69.0,9.66,-10.22,-1.0579710144927537
1320,2021.05.27 03:20:00,2021.05.27 04:09:35,2021.05.27 03:15:00,SELL,0.2,1.21872,1.21775,1.2192,1.21776,48.0,9.6,18.599999999999998,1.9374999999999998
1322,2021.05.28 03:05:00,2021.05.28 05:05:00,2021.05.28 03:00:00,SELL,0.23,1.2189,1.21828,1.21932,1.21806,42.0,9.66,13.34,1.380952380952381
1324,2021.05.31 03:30:00,2021.05.31 03:31:36,2021.05.31 03:25:00,SELL,0.89,1.21854,1.21867,1.21865,1.21832,11.0,9.79,-15.13,-1.5454545454545456
1326,2021.06.01 03:05:00,2021.06.01 04:17:31,2021.06.01 03:00:00,SELL,0.16,1.22288,1.22349,1.22349,1.22166,61.0,9.76,-10.4,-1.0655737704918034
1328,2021.06.02 04:20:00,2021.06.02 04:36:38,2021.06.02 04:15:00,BUY,0.26,1.22259,1.22222,1.22222,1.22333,37.0,9.62,-10.66,-1.1081081081081081
1330,2021.06.03 03:05:00,2021.06.03 03:08:01,2021.06.03 03:00:00,SELL,0.39,1.22079,1.22106,1.22104,1.22029,25.0,9.75,-12.09,-1.24
1332,2021.06.04 03:05:00,2021.06.04 03:56:40,2021.06.04 03:00:00,SELL,0.12,1.21225,1.21306,1.21306,1.21063,81.0,9.72,-10.200000000000001,-1.0493827160493827
1334,2021.06.07 01:10:00,2021.06.07 01:14:24,2021.06.07 01:05:00,BUY,0.46,1.2165,1.21629,1.21629,1.21692,21.0,9.66,-11.5,-1.1904761904761905
1336,2021.06.07 03:55:00,2021.06.07 04:34:33,2021.06.07 03:50:00,SELL,0.26,1.2168,1.21606,1.21717,1.21606,37.0,9.62,18.2,1.8918918918918919
1338,2021.06.08 03:20:00,2021.06.08 03:23:53,2021.06.08 03:15:00,BUY,0.61,1.21935,1.21919,1.21919,1.21967,16.0,9.76,-12.2,-1.25
1340,2021.06.09 03:05:00,2021.06.09 05:05:00,2021.06.09 03:00:00,BUY,0.25,1.21751,1.21809,1.21712,1.21829,39.0,9.75,13.5,1.3846153846153846
1342,2021.06.10 03:55:00,2021.06.10 05:05:38,2021.06.10 03:50:00,SELL,0.35,1.21736,1.2168,1.21764,1.2168,28.0,9.8,18.200000000000003,1.8571428571428572
1344,2021.06.11 03:05:00,2021.06.11 04:27:32,2021.06.11 03:00:00,BUY,0.25,1.21755,1.21833,1.21716,1.21833,39.0,9.75,18.5,1.8974358974358974
1346,2021.06.14 01:00:00,2021.06.14 01:00:04,2021.06.14 00:55:00,BUY,0.18,1.21112,1.21055,1.2106,1.21216,52.0,9.36,-10.98,-1.1730769230769231
1348,2021.06.14 03:05:00,2021.06.14 04:15:35,2021.06.14 03:00:00,SELL,0.22,1.21064,1.20976,1.21108,1.20976,44.0,9.68,18.48,1.9090909090909092
1350,2021.06.15 03:05:00,2021.06.15 05:05:00,2021.06.15 03:00:00,SELL,0.13,1.21155,1.21176,1.21228,1.21009,73.0,9.49,-3.25,-0.3424657534246575
1352,2021.06.16 03:40:00,2021.06.16 03:51:25,2021.06.16 03:35:00,BUY,0.51,1.21266,1.21247,1.21247,1.21304,19.0,9.69,-11.73,-1.210526315789474
1354,2021.06.17 03:15:00,2021.06.17 03:33:27,2021.06.17 03:10:00,SELL,0.11,1.19859,1.19945,1.19945,1.19687,86.0,9.46,-9.9,-1.0465116279069766
1356,2021.06.18 03:10:00,2021.06.18 03:23:40,2021.06.18 03:05:00,SELL,0.2,1.19067,1.19115,1.19115,1.18971,48.0,9.6,-10.4,-1.0833333333333335
1358,2021.06.21 00:40:00,2021.06.21 01:07:53,2021.06.21 00:35:00,BUY,0.21,1.18637,1.18729,1.18591,1.18729,46.0,9.66,18.48,1.9130434782608696
1360,2021.06.21 04:10:00,2021.06.21 04:20:38,2021.06.21 04:05:00,SELL,0.17,1.18654,1.18709,1.18709,1.18544,55.0,9.35,-10.03,-1.0727272727272728
1362,2021.06.22 03:05:00,2021.06.22 03:18:34,2021.06.22 03:00:00,SELL,0.36,1.19102,1.1913,1.19129,1.19048,27.0,9.72,-11.52,-1.1851851851851851
1364,2021.06.23 03:25:00,2021.06.23 04:39:13,2021.06.23 03:20:00,SELL,0.35,1.1934,1.19284,1.19368,1.19284,28.0,9.8,18.200000000000003,1.8571428571428572
1366,2021.06.24 03:55:00,2021.06.24 04:11:59,2021.06.24 03:50:00,BUY,0.24,1.19327,1.19284,1.19287,1.19407,40.0,9.6,-11.280000000000001,-1.1750000000000003
1368,2021.06.25 03:30:00,2021.06.25 04:05:59,2021.06.25 03:25:00,BUY,0.61,1.19309,1.19341,1.19293,1.19341,16.0,9.76,17.08,1.7499999999999998
1370,2021.06.28 00:50:00,2021.06.28 02:50:00,2021.06.28 00:45:00,BUY,0.2,1.19368,1.19393,1.1932,1.19464,48.0,9.6,4.2,0.43750000000000006
1372,2021.06.28 03:05:00,2021.06.28 05:05:00,2021.06.28 03:00:00,SELL,0.12,1.19344,1.19232,1.19422,1.19188,78.0,9.36,12.959999999999999,1.3846153846153846
1374,2021.06.29 03:20:00,2021.06.29 03:25:32,2021.06.29 03:15:00,SELL,0.7,1.19242,1.19214,1.19256,1.19214,14.0,9.8,16.8,1.7142857142857142
1376,2021.06.30 03:55:00,2021.06.30 04:43:36,2021.06.30 03:50:00,SELL,0.21,1.1899,1.19035,1.19035,1.189,45.0,9.45,-10.29,-1.0888888888888888
1378,2021.07.01 03:10:00,2021.07.01 05:10:00,2021.07.01 03:05:00,SELL,0.27,1.1853,1.18496,1.18566,1.18458,36.0,9.72,8.1,0.8333333333333333
1380,2021.07.02 05:10:00,2021.07.02 05:11:51,2021.07.02 05:05:00,SELL,0.37,1.18414,1.1844,1.1844,1.18362,26.0,9.62,-11.1,-1.153846153846154
1382,2021.07.05 01:00:00,2021.07.05 01:43:15,2021.07.05 00:55:00,BUY,0.15,1.18679,1.18615,1.18615,1.18807,64.0,9.6,-10.2,-1.0625
1384,2021.07.05 04:05:00,2021.07.05 04:20:38,2021.07.05 04:00:00,SELL,0.36,1.18564,1.18591,1.18591,1.1851,27.0,9.72,-11.16,-1.1481481481481481
1386,2021.07.06 04:10:00,2021.07.06 04:37:06,2021.07.06 04:05:00,SELL,0.4,1.18598,1.18622,1.18622,1.1855,24.0,9.6,-11.2,-1.1666666666666667
1388,2021.07.07 03:20:00,2021.07.07 03:37:32,2021.07.07 03:15:00,SELL,0.22,1.18163,1.18207,1.18207,1.18075,44.0,9.68,-10.56,-1.090909090909091
1390,2021.07.08 03:50:00,2021.07.08 04:04:05,2021.07.08 03:45:00,SELL,0.61,1.17911,1.17879,1.17927,1.17879,16.0,9.76,17.08,1.7499999999999998
1392,2021.07.09 03:35:00,2021.07.09 05:35:00,2021.07.09 03:30:00,SELL,0.22,1.18422,1.18371,1.18465,1.18336,43.0,9.46,10.34,1.0930232558139534
1394,2021.07.12 01:10:00,2021.07.12 01:52:59,2021.07.12 01:05:00,SELL,0.15,1.18698,1.18764,1.18763,1.18568,65.0,9.75,-10.5,-1.0769230769230769
1396,2021.07.12 03:15:00,2021.07.12 04:44:29,2021.07.12 03:10:00,BUY,0.28,1.18761,1.18726,1.18726,1.18831,35.0,9.8,-10.920000000000002,-1.1142857142857143
1398,2021.07.13 03:05:00,2021.07.13 03:27:35,2021.07.13 03:00:00,BUY,0.51,1.18647,1.18685,1.18628,1.18685,19.0,9.69,17.34,1.7894736842105263
1400,2021.07.14 03:10:00,2021.07.14 03:28:28,2021.07.14 03:05:00,SELL,0.51,1.17735,1.17754,1.17754,1.17697,19.0,9.69,-11.73,-1.210526315789474
1402,2021.07.15 03:10:00,2021.07.15 03:33:04,2021.07.15 03:05:00,SELL,0.46,1.18332,1.1829,1.18353,1.1829,21.0,9.66,17.48,1.8095238095238095
1404,2021.07.16 03:10:00,2021.07.16 03:16:38,2021.07.16 03:05:00,BUY,0.39,1.18156,1.1813,1.18131,1.18206,25.0,9.75,-11.700000000000001,-1.2000000000000002
1406,2021.07.19 03:25:00,2021.07.19 03:51:15,2021.07.19 03:20:00,SELL,0.36,1.18079,1.18025,1.18106,1.18025,27.0,9.72,18.0,1.8518518518518516
1408,2021.07.20 03:05:00,2021.07.20 05:05:00,2021.07.20 03:00:00,BUY,0.12,1.17972,1.17977,1.17896,1.18124,76.0,9.12,0.12,0.013157894736842106
1410,2021.07.22 03:10:00,2021.07.22 04:46:38,2021.07.22 03:05:00,SELL,0.25,1.17909,1.17947,1.17947,1.17833,38.0,9.5,-10.5,-1.105263157894737
1412,2021.07.23 03:20:00,2021.07.23 05:06:00,2021.07.23 03:15:00,BUY,0.44,1.17768,1.17744,1.17746,1.17812,22.0,9.68,-12.32,-1.2727272727272727
1414,2021.07.26 00:40:00,2021.07.26 01:01:04,2021.07.26 00:35:00,BUY,0.42,1.17721,1.17694,1.17698,1.17767,23.0,9.66,-13.02,-1.3478260869565217
1416,2021.07.26 03:05:00,2021.07.26 03:36:37,2021.07.26 03:00:00,SELL,0.36,1.17711,1.17656,1.17738,1.17657,27.0,9.72,18.36,1.8888888888888886
1418,2021.07.27 03:10:00,2021.07.27 04:46:35,2021.07.27 03:05:00,BUY,0.25,1.18071,1.18033,1.18033,1.18147,38.0,9.5,-10.5,-1.105263157894737
1420,2021.07.28 03:05:00,2021.07.28 03:17:33,2021.07.28 03:00:00,BUY,0.7,1.18218,1.18204,1.18204,1.18246,14.0,9.8,-12.600000000000001,-1.2857142857142858
1422,2021.07.29 03:25:00,2021.07.29 03:52:03,2021.07.29 03:20:00,SELL,0.35,1.18424,1.18452,1.18452,1.18368,28.0,9.8,-11.200000000000001,-1.1428571428571428
1424,2021.07.30 04:25:00,2021.07.30 04:31:34,2021.07.30 04:20:00,SELL,0.36,1.18793,1.1882,1.1882,1.18739,27.0,9.72,-11.16,-1.1481481481481481
1426,2021.08.02 01:40:00,2021.08.02 02:16:59,2021.08.02 01:35:00,BUY,0.32,1.18669,1.18639,1.18639,1.18729,30.0,9.6,-10.879999999999999,-1.1333333333333333
1428,2021.08.02 03:40:00,2021.08.02 03:49:05,2021.08.02 03:35:00,BUY,0.33,1.18705,1.18676,1.18676,1.18763,29.0,9.57,-10.89,-1.1379310344827587
1430,2021.08.03 03:15:00,2021.08.03 03:49:31,2021.08.03 03:10:00,BUY,0.29,1.18758,1.18725,1.18725,1.18824,33.0,9.57,-10.73,-1.1212121212121213
1432,2021.08.04 03:05:00,2021.08.04 04:53:03,2021.08.04 03:00:00,SELL,0.18,1.18641,1.18695,1.18695,1.18533,54.0,9.72,-10.440000000000001,-1.0740740740740742
1434,2021.08.06 03:15:00,2021.08.06 03:26:59,2021.08.06 03:10:00,SELL,0.89,1.18314,1.18292,1.18325,1.18292,11.0,9.79,16.02,1.6363636363636365
1436,2021.08.09 01:50:00,2021.08.09 02:10:59,2021.08.09 01:45:00,SELL,0.23,1.17533,1.17448,1.17575,1.17449,42.0,9.66,18.63,1.9285714285714284
1438,2021.08.09 04:00:00,2021.08.09 04:37:38,2021.08.09 03:55:00,BUY,0.33,1.17508,1.17567,1.17479,1.17566,29.0,9.57,18.15,1.8965517241379308
1440,2021.08.10 03:05:00,2021.08.10 03:19:32,2021.08.10 03:00:00,SELL,0.25,1.17332,1.17372,1.17371,1.17254,39.0,9.75,-11.0,-1.1282051282051282
1442,2021.08.11 03:05:00,2021.08.11 04:00:01,2021.08.11 03:00:00,SELL,0.4,1.17178,1.1713,1.17202,1.1713,24.0,9.6,17.599999999999998,1.8333333333333333
1444,2021.08.12 03:10:00,2021.08.12 03:42:25,2021.08.12 03:05:00,BUY,0.33,1.17435,1.17406,1.17406,1.17493,29.0,9.57,-10.89,-1.1379310344827587
1446,2021.08.13 03:10:00,2021.08.13 03:59:06,2021.08.13 03:05:00,SELL,0.7,1.17347,1.17362,1.17361,1.17319,14.0,9.8,-13.3,-1.3571428571428572
1448,2021.08.16 03:05:00,2021.08.16 03:08:39,2021.08.16 03:00:00,BUY,0.32,1.17967,1.17937,1.17937,1.18027,30.0,9.6,-10.879999999999999,-1.1333333333333333
1450,2021.08.17 03:05:00,2021.08.17 04:32:26,2021.08.17 03:00:00,SELL,0.49,1.1776,1.1772,1.1778,1.1772,20.0,9.8,17.64,1.7999999999999998
1452,2021.08.18 04:30:00,2021.08.18 04:38:36,2021.08.18 04:25:00,BUY,0.75,1.1714,1.17127,1.17127,1.17166,13.0,9.75,-12.75,-1.3076923076923077
1454,2021.08.19 04:35:00,2021.08.19 04:45:00,2021.08.19 04:30:00,BUY,0.32,1.16914,1.16884,1.16884,1.16974,30.0,9.6,-10.879999999999999,-1.1333333333333333
1456,2021.08.20 03:05:00,2021.08.20 05:05:00,2021.08.20 03:00:00,BUY,0.26,1.16797,1.16799,1.1676,1.16871,37.0,9.62,-0.52,-0.05405405405405406
1458,2021.08.23 03:35:00,2021.08.23 03:43:14,2021.08.23 03:30:00,SELL,0.35,1.16954,1.16983,1.16982,1.16898,28.0,9.8,-11.55,-1.1785714285714286
1460,2021.08.24 03:05:00,2021.08.24 03:24:00,2021.08.24 03:00:00,BUY,0.23,1.17474,1.17433,1.17433,1.17556,41.0,9.43,-10.35,-1.0975609756097562
1462,2021.08.25 03:35:00,2021.08.25 04:38:24,2021.08.25 03:30:00,SELL,0.19,1.17483,1.17383,1.17533,1.17383,50.0,9.5,18.24,1.92
1464,2021.08.26 03:05:00,2021.08.26 03:18:31,2021.08.26 03:00:00,BUY,0.31,1.17731,1.17699,1.177,1.17793,31.0,9.61,-11.16,-1.1612903225806452
1466,2021.08.27 04:20:00,2021.08.27 04:50:15,2021.08.27 04:15:00,BUY,0.54,1.17472,1.17508,1.17454,1.17508,18.0,9.72,17.28,1.7777777777777777
1468,2021.08.30 03:25:00,2021.08.30 04:18:16,2021.08.30 03:20:00,BUY,0.33,1.18007,1.18066,1.17978,1.18065,29.0,9.57,18.15,1.8965517241379308
1470,2021.08.31 03:10:00,2021.08.31 03:18:36,2021.08.31 03:05:00,BUY,0.49,1.17984,1.18024,1.17964,1.18024,20.0,9.8,17.64,1.7999999999999998
1472,2021.09.01 03:10:00,2021.09.01 03:17:59,2021.09.01 03:05:00,BUY,0.42,1.18105,1.18081,1.18082,1.18151,23.0,9.66,-11.76,-1.217391304347826
1474,2021.09.02 03:05:00,2021.09.02 03:27:36,2021.09.02 03:00:00,BUY,0.25,1.18442,1.18403,1.18404,1.18518,38.0,9.5,-10.75,-1.131578947368421
1476,2021.09.03 03:05:00,2021.09.03 03:40:34,2021.09.03 03:00:00,BUY,0.4,1.18755,1.18804,1.18731,1.18803,24.0,9.6,18.0,1.875
1478,2021.09.06 01:05:00,2021.09.06 03:05:00,2021.09.06 01:00:00,BUY,0.2,1.18834,1.18804,1.18786,1.1893,48.0,9.6,-6.8,-0.7083333333333334
1480,2021.09.06 03:30:00,2021.09.06 05:30:00,2021.09.06 03:25:00,SELL,0.24,1.1879,1.18756,1.1883,1.1871,40.0,9.6,7.2,0.75
1482,2021.09.07 03:35:00,2021.09.07 04:25:04,2021.09.07 03:30:00,BUY,0.44,1.18797,1.18841,1.18775,1.18841,22.0,9.68,17.599999999999998,1.8181818181818181
1484,2021.09.08 03:15:00,2021.09.08 03:24:39,2021.09.08 03:10:00,SELL,0.57,1.18416,1.18433,1.18433,1.18382,17.0,9.69,-11.969999999999999,-1.2352941176470589
1486,2021.09.09 03:05:00,2021.09.09 04:46:00,2021.09.09 03:00:00,SELL,0.25,1.18152,1.18191,1.18191,1.18074,39.0,9.75,-10.75,-1.1025641025641026
1488,2021.09.10 03:10:00,2021.09.10 03:36:33,2021.09.10 03:05:00,BUY,0.32,1.18271,1.18241,1.18241,1.18331,30.0,9.6,-10.879999999999999,-1.1333333333333333
1490,2021.09.13 01:10:00,2021.09.13 01:13:50,2021.09.13 01:05:00,SELL,0.44,1.18103,1.18125,1.18125,1.18059,22.0,9.68,-11.44,-1.1818181818181819
1492,2021.09.13 03:10:00,2021.09.13 05:10:00,2021.09.13 03:05:00,SELL,0.22,1.18086,1.18034,1.1813,1.17998,44.0,9.68,10.559999999999999,1.0909090909090908
1494,2021.09.14 03:05:00,2021.09.14 03:33:37,2021.09.14 03:00:00,SELL,0.46,1.18089,1.1811,1.1811,1.18047,21.0,9.66,-11.5,-1.1904761904761905
1496,2021.09.15 03:55:00,2021.09.15 05:55:00,2021.09.15 03:50:00,BUY,0.23,1.18066,1.18052,1.18024,1.1815,42.0,9.66,-4.140000000000001,-0.4285714285714286
1498,2021.09.16 03:05:00,2021.09.16 03:43:33,2021.09.16 03:00:00,SELL,0.35,1.18166,1.18194,1.18194,1.1811,28.0,9.8,-11.200000000000001,-1.1428571428571428
1500,2021.09.17 03:05:00,2021.09.17 04:16:59,2021.09.17 03:00:00,SELL,0.39,1.17633,1.17661,1.17658,1.17583,25.0,9.75,-12.48,-1.28
1502,2021.09.20 03:40:00,2021.09.20 04:58:36,2021.09.20 03:35:00,SELL,0.37,1.17236,1.17184,1.17262,1.17184,26.0,9.62,17.759999999999998,1.846153846153846
1504,2021.09.21 03:10:00,2021.09.21 03:24:32,2021.09.21 03:05:00,BUY,0.25,1.17304,1.17264,1.17265,1.17382,39.0,9.75,-11.0,-1.1282051282051282
1506,2021.09.22 03:30:00,2021.09.22 03:44:04,2021.09.22 03:25:00,SELL,0.54,1.17221,1.17185,1.17239,1.17185,18.0,9.72,17.28,1.7777777777777777
1508,2021.09.23 04:40:00,2021.09.23 05:42:32,2021.09.23 04:35:00,BUY,0.3,1.1691,1.16975,1.16878,1.16974,32.0,9.6,18.3,1.9062500000000002
1510,2021.09.24 03:05:00,2021.09.24 04:58:27,2021.09.24 03:00:00,BUY,0.16,1.17455,1.17393,1.17394,1.17577,61.0,9.76,-10.56,-1.0819672131147542
1512,2021.09.27 03:55:00,2021.09.27 04:16:41,2021.09.27 03:50:00,SELL,0.54,1.17191,1.17209,1.17209,1.17155,18.0,9.72,-11.88,-1.2222222222222223
1514,2021.09.28 03:20:00,2021.09.28 03:24:34,2021.09.28 03:15:00,SELL,0.7,1.16941,1.16955,1.16955,1.16913,14.0,9.8,-12.600000000000001,-1.2857142857142858
1516,2021.09.30 03:10:00,2021.09.30 03:13:35,2021.09.30 03:05:00,SELL,0.65,1.15988,1.16003,1.16003,1.15958,15.0,9.75,-12.35,-1.2666666666666666
1518,2021.10.01 03:45:00,2021.10.01 04:02:27,2021.10.01 03:40:00,SELL,0.35,1.15693,1.15636,1.15721,1.15637,28.0,9.8,18.55,1.8928571428571428
1520,2021.10.04 03:10:00,2021.10.04 03:32:38,2021.10.04 03:05:00,BUY,0.4,1.16095,1.1607,1.16071,1.16143,24.0,9.6,-11.6,-1.2083333333333333
1522,2021.10.05 03:10:00,2021.10.05 03:23:24,2021.10.05 03:05:00,BUY,0.4,1.16194,1.1617,1.1617,1.16242,24.0,9.6,-11.2,-1.1666666666666667
1524,2021.10.06 03:15:00,2021.10.06 05:15:00,2021.10.06 03:10:00,SELL,0.31,1.15941,1.15892,1.15972,1.15879,31.0,9.61,13.95,1.4516129032258065
1526,2021.10.07 03:10:00,2021.10.07 04:13:27,2021.10.07 03:05:00,BUY,0.32,1.15573,1.15542,1.15543,1.15633,30.0,9.6,-11.2,-1.1666666666666667
1528,2021.10.08 05:15:00,2021.10.08 05:55:38,2021.10.08 05:10:00,SELL,0.51,1.15533,1.15553,1.15552,1.15495,19.0,9.69,-12.239999999999998,-1.263157894736842
1530,2021.10.11 01:05:00,2021.10.11 01:30:35,2021.10.11 01:00:00,BUY,0.17,1.1575,1.15695,1.15695,1.1586,55.0,9.35,-10.03,-1.0727272727272728
1532,2021.10.11 03:10:00,2021.10.11 03:22:30,2021.10.11 03:05:00,BUY,0.51,1.15719,1.15757,1.157,1.15757,19.0,9.69,17.34,1.7894736842105263
1534,2021.10.12 03:25:00,2021.10.12 03:54:36,2021.10.12 03:20:00,SELL,0.4,1.15488,1.15512,1.15512,1.1544,24.0,9.6,-11.2,-1.1666666666666667
1536,2021.10.13 03:05:00,2021.10.13 03:54:38,2021.10.13 03:00:00,BUY,0.23,1.15336,1.1542,1.15294,1.1542,42.0,9.66,18.4,1.9047619047619047
1538,2021.10.15 03:25:00,2021.10.15 03:29:37,2021.10.15 03:20:00,SELL,0.61,1.15889,1.15905,1.15905,1.15857,16.0,9.76,-12.2,-1.25
1540,2021.10.18 02:15:00,2021.10.18 02:57:54,2021.10.18 02:10:00,BUY,0.29,1.16005,1.15972,1.15972,1.16071,33.0,9.57,-10.73,-1.1212121212121213
1542,2021.10.18 06:05:00,2021.10.18 06:30:01,2021.10.18 06:00:00,SELL,0.35,1.15893,1.15837,1.15921,1.15837,28.0,9.8,18.200000000000003,1.8571428571428572
1544,2021.10.19 04:00:00,2021.10.19 04:54:36,2021.10.19 03:55:00,BUY,0.17,1.16252,1.16367,1.16195,1.16366,57.0,9.69,18.87,1.9473684210526319
1546,2021.10.20 03:05:00,2021.10.20 03:25:33,2021.10.20 03:00:00,BUY,0.28,1.16328,1.16294,1.16294,1.16396,34.0,9.52,-10.64,-1.1176470588235294
1548,2021.10.21 03:10:00,2021.10.21 04:39:26,2021.10.21 03:05:00,BUY,0.29,1.16546,1.16612,1.16513,1.16612,33.0,9.57,17.98,1.8787878787878787
1550,2021.10.22 03:25:00,2021.10.22 03:51:24,2021.10.22 03:20:00,BUY,0.57,1.1625,1.16233,1.16233,1.16284,17.0,9.69,-11.969999999999999,-1.2352941176470589
1552,2021.10.25 03:05:00,2021.10.25 05:05:00,2021.10.25 03:00:00,BUY,0.15,1.16447,1.16443,1.16384,1.16573,63.0,9.45,-1.2,-0.12698412698412698
1554,2021.10.26 03:10:00,2021.10.26 03:21:33,2021.10.26 03:05:00,SELL,0.35,1.16055,1.15997,1.16083,1.15999,28.0,9.8,18.900000000000002,1.9285714285714286
1556,2021.10.27 03:35:00,2021.10.27 03:55:00,2021.10.27 03:30:00,BUY,0.32,1.16024,1.15993,1.15994,1.16084,30.0,9.6,-11.2,-1.1666666666666667
1558,2021.10.29 03:05:00,2021.10.29 03:49:24,2021.10.29 03:00:00,BUY,0.15,1.16872,1.16809,1.16809,1.16998,63.0,9.45,-10.049999999999999,-1.0634920634920635
1560,2021.11.01 00:45:00,2021.11.01 00:51:53,2021.11.01 00:40:00,SELL,0.32,1.15584,1.15614,1.15614,1.15524,30.0,9.6,-10.879999999999999,-1.1333333333333333
1562,2021.11.01 02:20:00,2021.11.01 02:22:53,2021.11.01 02:15:00,SELL,0.32,1.15533,1.15563,1.15563,1.15473,30.0,9.6,-10.879999999999999,-1.1333333333333333
1564,2021.11.02 02:20:00,2021.11.02 04:20:00,2021.11.02 02:15:00,SELL,0.26,1.15969,1.15965,1.16006,1.15895,37.0,9.62,0.0,0.0
1566,2021.11.03 03:00:00,2021.11.03 03:27:24,2021.11.03 02:55:00,BUY,0.44,1.15798,1.15776,1.15776,1.15842,22.0,9.68,-11.44,-1.1818181818181819
1568,2021.11.04 03:05:00,2021.11.04 03:37:13,2021.11.04 03:00:00,SELL,0.46,1.16111,1.16068,1.16132,1.16069,21.0,9.66,17.94,1.8571428571428572
1570,2021.11.05 02:35:00,2021.11.05 02:56:16,2021.11.05 02:30:00,SELL,0.36,1.15493,1.1552,1.1552,1.15439,27.0,9.72,-11.16,-1.1481481481481481
1572,2021.11.08 01:10:00,2021.11.08 02:42:36,2021.11.08 01:05:00,BUY,0.25,1.15666,1.15628,1.15628,1.15742,38.0,9.5,-10.5,-1.105263157894737
1574,2021.11.09 02:35:00,2021.11.09 02:55:31,2021.11.09 02:30:00,SELL,0.44,1.1584,1.15796,1.15862,1.15796,22.0,9.68,17.599999999999998,1.8181818181818181
1576,2021.11.10 02:05:00,2021.11.10 02:07:34,2021.11.10 02:00:00,BUY,0.51,1.15946,1.15926,1.15927,1.15984,19.0,9.69,-12.239999999999998,-1.263157894736842
1578,2021.11.11 02:20:00,2021.11.11 02:30:26,2021.11.11 02:15:00,BUY,0.28,1.14869,1.14834,1.14835,1.14937,34.0,9.52,-10.920000000000002,-1.147058823529412
1580,2021.11.12 02:05:00,2021.11.12 02:23:36,2021.11.12 02:00:00,SELL,0.26,1.14447,1.14485,1.14484,1.14373,37.0,9.62,-10.920000000000002,-1.1351351351351353
1582,2021.11.15 02:05:00,2021.11.15 03:33:59,2021.11.15 02:00:00,BUY,0.31,1.14438,1.145,1.14407,1.145,31.0,9.61,17.98,1.870967741935484
1584,2021.11.16 02:35:00,2021.11.16 04:18:37,2021.11.16 02:30:00,BUY,0.28,1.13742,1.13811,1.13708,1.1381,34.0,9.52,18.2,1.911764705882353
1586,2021.11.17 02:25:00,2021.11.17 02:36:59,2021.11.17 02:20:00,BUY,0.24,1.13232,1.13192,1.13192,1.13312,40.0,9.6,-10.559999999999999,-1.0999999999999999
1588,2021.11.18 02:10:00,2021.11.18 02:33:36,2021.11.18 02:05:00,BUY,0.33,1.13209,1.13179,1.1318,1.13267,29.0,9.57,-11.22,-1.1724137931034484
1590,2021.11.19 03:10:00,2021.11.19 04:59:30,2021.11.19 03:05:00,SELL,0.25,1.13618,1.13539,1.13657,1.1354,39.0,9.75,18.75,1.9230769230769231
1592,2021.11.22 02:25:00,2021.11.22 02:36:21,2021.11.22 02:20:00,BUY,0.28,1.12868,1.12834,1.12834,1.12936,34.0,9.52,-10.64,-1.1176470588235294
1594,2021.11.23 02:25:00,2021.11.23 02:37:25,2021.11.23 02:20:00,BUY,0.39,1.12437,1.12412,1.12412,1.12487,25.0,9.75,-11.31,-1.1600000000000001
1596,2021.11.24 03:00:00,2021.11.24 03:12:04,2021.11.24 02:55:00,SELL,0.46,1.12421,1.12443,1.12442,1.12379,21.0,9.66,-11.959999999999999,-1.238095238095238
1598,2021.11.25 02:05:00,2021.11.25 02:17:33,2021.11.25 02:00:00,BUY,0.46,1.1204,1.12082,1.12019,1.12082,21.0,9.66,17.48,1.8095238095238095
1600,2021.11.26 02:25:00,2021.11.26 04:25:00,2021.11.26 02:20:00,BUY,0.11,1.12144,1.12131,1.12059,1.12314,85.0,9.35,-1.8699999999999999,-0.19999999999999998
1602,2021.11.29 01:00:00,2021.11.29 01:11:25,2021.11.29 00:55:00,SELL,0.15,1.12992,1.12868,1.13054,1.12868,62.0,9.3,18.0,1.9354838709677418
1604,2021.11.29 02:05:00,2021.11.29 02:07:24,2021.11.29 02:00:00,BUY,0.16,1.12934,1.12875,1.12875,1.13052,59.0,9.44,-10.08,-1.0677966101694916
1606,2021.11.30 02:20:00,2021.11.30 02:54:15,2021.11.30 02:15:00,SELL,0.39,1.12872,1.12897,1.12897,1.12822,25.0,9.75,-11.31,-1.1600000000000001
1608,2021.12.01 02:55:00,2021.12.01 03:27:13,2021.12.01 02:50:00,SELL,0.2,1.13288,1.1319,1.13337,1.1319,49.0,9.8,18.8,1.9183673469387754
1610,2021.12.02 02:15:00,2021.12.02 02:45:02,2021.12.02 02:10:00,SELL,0.46,1.13167,1.13188,1.13188,1.13125,21.0,9.66,-11.5,-1.1904761904761905
1612,2021.12.03 02:35:00,2021.12.03 03:03:34,2021.12.03 02:30:00,SELL,0.4,1.13026,1.12978,1.1305,1.12978,24.0,9.6,17.599999999999998,1.8333333333333333
1614,2021.12.06 02:15:00,2021.12.06 02:15:30,2021.12.06 02:10:00,SELL,0.49,1.13007,1.13027,1.13027,1.12967,20.0,9.8,-11.760000000000002,-1.2000000000000002
1616,2021.12.07 02:20:00,2021.12.07 02:26:59,2021.12.07 02:15:00,SELL,0.46,1.12816,1.12837,1.12837,1.12774,21.0,9.66,-11.5,-1.1904761904761905
1618,2021.12.08 02:05:00,2021.12.08 04:05:00,2021.12.08 02:00:00,BUY,0.24,1.12755,1.12807,1.12715,1.12835,40.0,9.6,11.52,1.2
1620,2021.12.10 02:25:00,2021.12.10 02:45:33,2021.12.10 02:20:00,BUY,0.36,1.1296,1.12933,1.12933,1.13014,27.0,9.72,-11.16,-1.1481481481481481
1622,2021.12.13 02:55:00,2021.12.13 03:21:05,2021.12.13 02:50:00,SELL,0.24,1.1308,1.1312,1.1312,1.13,40.0,9.6,-10.559999999999999,-1.0999999999999999
1624,2021.12.14 02:15:00,2021.12.14 02:20:00,2021.12.14 02:10:00,BUY,0.32,1.12854,1.12823,1.12824,1.12914,30.0,9.6,-11.2,-1.1666666666666667
1626,2021.12.15 02:10:00,2021.12.15 02:54:31,2021.12.15 02:05:00,BUY,0.27,1.12606,1.12678,1.1257,1.12678,36.0,9.72,18.36,1.8888888888888886
1628,2021.12.16 02:05:00,2021.12.16 04:05:00,2021.12.16 02:00:00,SELL,0.19,1.12877,1.12864,1.12928,1.12775,51.0,9.69,1.7100000000000002,0.17647058823529416
1630,2021.12.17 02:15:00,2021.12.17 02:43:38,2021.12.17 02:10:00,BUY,0.42,1.13321,1.13298,1.13298,1.13367,23.0,9.66,-11.34,-1.1739130434782608
1632,2021.12.20 01:05:00,2021.12.20 01:21:59,2021.12.20 01:00:00,BUY,0.21,1.12404,1.12359,1.12359,1.12494,45.0,9.45,-10.29,-1.0888888888888888
1634,2021.12.20 03:00:00,2021.12.20 03:00:27,2021.12.20 02:55:00,BUY,0.33,1.12503,1.12473,1.12474,1.12561,29.0,9.57,-11.22,-1.1724137931034484
1636,2021.12.22 02:10:00,2021.12.22 02:31:39,2021.12.22 02:05:00,BUY,0.28,1.12889,1.12854,1.12854,1.12959,35.0,9.8,-10.920000000000002,-1.1142857142857143
1638,2021.12.23 04:00:00,2021.12.23 04:09:59,2021.12.23 03:55:00,BUY,0.29,1.13419,1.13384,1.13386,1.13485,33.0,9.57,-11.31,-1.1818181818181819
1640,2021.12.27 01:30:00,2021.12.27 02:07:08,2021.12.27 01:25:00,BUY,0.16,1.13265,1.13207,1.13207,1.13381,58.0,9.28,-9.92,-1.0689655172413794
1642,2021.12.27 02:55:00,2021.12.27 03:07:05,2021.12.27 02:50:00,SELL,0.15,1.13133,1.13198,1.13198,1.13003,65.0,9.75,-10.35,-1.0615384615384615
1644,2021.12.28 02:10:00,2021.12.28 02:21:00,2021.12.28 02:05:00,BUY,0.51,1.13299,1.13278,1.1328,1.13337,19.0,9.69,-12.75,-1.3157894736842106
1646,2021.12.29 02:55:00,2021.12.29 02:58:08,2021.12.29 02:50:00,SELL,0.31,1.13076,1.13107,1.13107,1.13014,31.0,9.61,-10.85,-1.1290322580645162
1648,2021.12.30 03:25:00,2021.12.30 05:25:00,2021.12.30 03:20:00,SELL,0.25,1.13465,1.13441,1.13504,1.13387,39.0,9.75,5.0,0.5128205128205128
1650,2021.12.31 02:10:00,2021.12.31 03:14:22,2021.12.31 02:05:00,BUY,0.37,1.13262,1.13236,1.13236,1.13314,26.0,9.62,-11.1,-1.153846153846154
1652,2022.01.03 01:20:00,2022.01.03 02:35:40,2022.01.03 01:15:00,SELL,0.18,1.13714,1.13609,1.13766,1.1361,52.0,9.36,18.18,1.9423076923076923
1654,2022.01.04 02:05:00,2022.01.04 04:05:00,2022.01.04 02:00:00,BUY,0.2,1.13052,1.13063,1.13005,1.13146,47.0,9.4,1.4000000000000001,0.14893617021276598
1656,2022.01.05 02:10:00,2022.01.05 02:31:31,2022.01.05 02:05:00,BUY,0.32,1.12854,1.12822,1.12824,1.12914,30.0,9.6,-11.52,-1.2
1658,2022.01.06 03:00:00,2022.01.06 03:39:23,2022.01.06 02:55:00,SELL,0.48,1.13079,1.13099,1.13099,1.13039,20.0,9.6,-11.52,-1.2
1660,2022.01.07 02:55:00,2022.01.07 02:58:13,2022.01.07 02:50:00,SELL,0.2,1.12901,1.12948,1.12948,1.12807,47.0,9.4,-10.200000000000001,-1.0851063829787235
1662,2022.01.10 02:35:00,2022.01.10 03:48:38,2022.01.10 02:30:00,BUY,0.29,1.13557,1.13524,1.13524,1.13623,33.0,9.57,-10.73,-1.1212121212121213
1664,2022.01.11 02:25:00,2022.01.11 02:41:37,2022.01.11 02:20:00,BUY,0.48,1.13333,1.13312,1.13313,1.13373,20.0,9.6,-12.0,-1.25
1666,2022.01.12 02:05:00,2022.01.12 03:29:59,2022.01.12 02:00:00,BUY,0.13,1.13726,1.13649,1.13651,1.13876,75.0,9.75,-10.53,-1.0799999999999998
1668,2022.01.13 02:10:00,2022.01.13 02:13:22,2022.01.13 02:05:00,BUY,0.22,1.14478,1.14434,1.14435,1.14564,43.0,9.46,-10.56,-1.1162790697674418
1670,2022.01.14 02:05:00,2022.01.14 02:06:30,2022.01.14 02:00:00,SELL,0.27,1.14537,1.14572,1.14572,1.14467,35.0,9.45,-10.53,-1.1142857142857143
1672,2022.01.17 01:05:00,2022.01.17 03:05:00,2022.01.17 01:00:00,SELL,0.16,1.14091,1.14081,1.14152,1.13969,61.0,9.76,0.9600000000000001,0.09836065573770493
1674,2022.01.18 02:20:00,2022.01.18 04:20:00,2022.01.18 02:15:00,BUY,0.19,1.14139,1.14174,1.14088,1.14241,51.0,9.69,5.890000000000001,0.607843137254902
1676,2022.01.19 02:05:00,2022.01.19 03:00:04,2022.01.19 02:00:00,SELL,0.15,1.13241,1.13304,1.13303,1.13117,62.0,9.3,-10.049999999999999,-1.0806451612903223
1678,2022.01.20 02:05:00,2022.01.20 02:57:10,2022.01.20 02:00:00,BUY,0.31,1.13455,1.13517,1.13424,1.13517,31.0,9.61,17.98,1.870967741935484
1680,2022.01.21 02:10:00,2022.01.21 02:19:25,2022.01.21 02:05:00,BUY,0.42,1.13147,1.13123,1.13124,1.13193,23.0,9.66,-11.76,-1.217391304347826
1682,2022.01.24 02:05:00,2022.01.24 04:05:00,2022.01.24 02:00:00,SELL,0.2,1.13369,1.13361,1.13417,1.13273,48.0,9.6,0.8,0.08333333333333334
1684,2022.01.25 02:05:00,2022.01.25 04:05:00,2022.01.25 02:00:00,SELL,0.26,1.13209,1.1318,1.13246,1.13135,37.0,9.62,6.5,0.6756756756756758
1686,2022.01.26 02:30:00,2022.01.26 02:54:41,2022.01.26 02:25:00,BUY,0.32,1.13064,1.13034,1.13034,1.13124,30.0,9.6,-10.879999999999999,-1.1333333333333333
1688,2022.01.27 02:10:00,2022.01.27 04:10:00,2022.01.27 02:05:00,SELL,0.15,1.12372,1.12276,1.12437,1.12242,65.0,9.75,13.8,1.4153846153846155
1690,2022.01.28 02:15:00,2022.01.28 02:32:00,2022.01.28 02:10:00,SELL,0.2,1.11385,1.11432,1.11432,1.11291,47.0,9.4,-10.200000000000001,-1.0851063829787235
1692,2022.01.31 01:05:00,2022.01.31 01:21:38,2022.01.31 01:00:00,SELL,0.14,1.11392,1.1146,1.1146,1.11256,68.0,9.52,-10.08,-1.0588235294117647
1694,2022.01.31 02:55:00,2022.01.31 03:37:39,2022.01.31 02:50:00,SELL,0.18,1.11459,1.11511,1.11511,1.11355,52.0,9.36,-10.08,-1.076923076923077
1696,2022.02.01 02:20:00,2022.02.01 02:54:37,2022.02.01 02:15:00,SELL,0.39,1.12268,1.12218,1.12293,1.12218,25.0,9.75,17.94,1.84
1698,2022.02.02 02:10:00,2022.02.02 02:15:36,2022.02.02 02:05:00,BUY,0.33,1.1274,1.1271,1.12711,1.12798,29.0,9.57,-11.22,-1.1724137931034484
1700,2022.02.03 02:25:00,2022.02.03 03:06:24,2022.02.03 02:20:00,SELL,0.57,1.12972,1.12989,1.12989,1.12938,17.0,9.69,-11.969999999999999,-1.2352941176470589
1702,2022.02.07 03:10:00,2022.02.07 05:10:00,2022.02.07 03:05:00,SELL,0.09,1.14433,1.14256,1.14536,1.14227,103.0,9.27,15.57,1.679611650485437
1704,2022.02.08 02:40:00,2022.02.08 03:08:35,2022.02.08 02:35:00,BUY,0.57,1.14418,1.14455,1.14401,1.14452,17.0,9.69,18.81,1.9411764705882353
1706,2022.02.09 02:40:00,2022.02.09 02:54:35,2022.02.09 02:35:00,SELL,0.21,1.14129,1.14175,1.14175,1.14037,46.0,9.66,-10.5,-1.0869565217391304
1708,2022.02.10 02:05:00,2022.02.10 02:11:59,2022.02.10 02:00:00,SELL,0.54,1.14198,1.14216,1.14216,1.14162,18.0,9.72,-11.88,-1.2222222222222223
1710,2022.02.11 02:25:00,2022.02.11 03:43:39,2022.02.11 02:20:00,SELL,0.08,1.13933,1.14051,1.1405,1.13699,117.0,9.36,-9.76,-1.0427350427350428
1712,2022.02.14 02:15:00,2022.02.14 02:34:15,2022.02.14 02:10:00,BUY,0.12,1.13679,1.13599,1.13599,1.13839,80.0,9.6,-10.08,-1.05
1714,2022.02.15 02:05:00,2022.02.15 04:05:00,2022.02.15 02:00:00,BUY,0.19,1.13078,1.13102,1.13029,1.13176,49.0,9.31,3.8,0.4081632653061224
1716,2022.02.16 02:05:00,2022.02.16 03:02:11,2022.02.16 02:00:00,BUY,0.16,1.13589,1.13531,1.13531,1.13705,58.0,9.28,-9.92,-1.0689655172413794
1718,2022.02.17 02:35:00,2022.02.17 03:04:22,2022.02.17 02:30:00,BUY,0.17,1.13828,1.13773,1.13773,1.13938,55.0,9.35,-10.03,-1.0727272727272728
1720,2022.02.18 02:50:00,2022.02.18 02:56:41,2022.02.18 02:45:00,SELL,0.57,1.13589,1.13607,1.13606,1.13555,17.0,9.69,-12.54,-1.2941176470588236
1722,2022.02.21 01:30:00,2022.02.21 02:51:20,2022.02.21 01:25:00,SELL,0.16,1.13149,1.13208,1.13208,1.13031,59.0,9.44,-10.08,-1.0677966101694916
1724,2022.02.21 02:55:00,2022.02.21 04:55:00,2022.02.21 02:50:00,BUY,0.07,1.13324,1.13562,1.13187,1.13598,137.0,9.59,16.38,1.7080291970802919
1726,2022.02.22 03:05:00,2022.02.22 05:05:00,2022.02.22 03:00:00,SELL,0.13,1.13097,1.13021,1.13169,1.12953,72.0,9.36,9.360000000000001,1.0000000000000002
1728,2022.02.23 02:10:00,2022.02.23 03:59:05,2022.02.23 02:05:00,BUY,0.39,1.13311,1.13361,1.13286,1.13361,25.0,9.75,17.94,1.84
1730,2022.02.24 02:10:00,2022.02.24 02:43:25,2022.02.24 02:05:00,SELL,0.18,1.12992,1.12887,1.13044,1.12888,52.0,9.36,18.18,1.9423076923076923
1732,2022.02.25 02:05:00,2022.02.25 02:22:30,2022.02.25 02:00:00,SELL,0.33,1.11892,1.11921,1.11921,1.11834,29.0,9.57,-10.89,-1.1379310344827587
1734,2022.02.28 01:10:00,2022.02.28 01:35:39,2022.02.28 01:05:00,BUY,0.07,1.1158,1.1183,1.11455,1.1183,125.0,8.75,17.22,1.968
1736,2022.02.28 02:05:00,2022.02.28 03:02:38,2022.02.28 02:00:00,BUY,0.07,1.11889,1.11753,1.11753,1.12161,136.0,9.52,-9.799999999999999,-1.0294117647058822
1738,2022.03.01 02:05:00,2022.03.01 04:05:00,2022.03.01 02:00:00,SELL,0.13,1.1208,1.12041,1.12153,1.11934,73.0,9.49,4.550000000000001,0.47945205479452063
1740,2022.03.02 02:05:00,2022.03.02 03:33:59,2022.03.02 02:00:00,SELL,0.08,1.11223,1.11344,1.11344,1.10981,121.0,9.68,-10.0,-1.0330578512396695
1742,2022.03.03 02:25:00,2022.03.03 04:04:38,2022.03.03 02:20:00,SELL,0.13,1.11088,1.10938,1.11163,1.10938,75.0,9.75,18.98,1.9466666666666668
1744,2022.03.04 02:10:00,2022.03.04 02:37:40,2022.03.04 02:05:00,SELL,0.06,1.10493,1.10193,1.10643,1.10193,150.0,9.0,17.76,1.9733333333333336
1746,2022.03.07 02:10:00,2022.03.07 02:22:26,2022.03.07 02:05:00,BUY,0.15,1.0884,1.08776,1.08776,1.08968,64.0,9.6,-10.2,-1.0625
1748,2022.03.08 02:10:00,2022.03.08 02:41:54,2022.03.08 02:05:00,BUY,0.14,1.08643,1.08576,1.08577,1.08775,66.0,9.24,-9.940000000000001,-1.075757575757576
1750,2022.03.09 02:55:00,2022.03.09 04:55:00,2022.03.09 02:50:00,BUY,0.1,1.09104,1.09134,1.09008,1.09296,96.0,9.6,2.6,0.27083333333333337
1752,2022.03.10 02:10:00,2022.03.10 02:18:34,2022.03.10 02:05:00,SELL,0.16,1.10644,1.10527,1.10702,1.10528,58.0,9.28,18.08,1.9482758620689655
1754,2022.03.11 02:45:00,2022.03.11 03:10:14,2022.03.11 02:40:00,SELL,0.15,1.10055,1.09924,1.1012,1.09925,65.0,9.75,19.049999999999997,1.9538461538461536
1756,2022.03.14 02:05:00,2022.03.14 03:04:31,2022.03.14 02:00:00,SELL,0.09,1.09242,1.09344,1.09342,1.09042,100.0,9.0,-9.54,-1.0599999999999998
1758,2022.03.15 03:20:00,2022.03.15 04:00:41,2022.03.15 03:15:00,SELL,0.06,1.09417,1.09571,1.09568,1.09115,151.0,9.06,-9.48,-1.0463576158940397
1760,2022.03.16 02:45:00,2022.03.16 03:51:44,2022.03.16 02:40:00,SELL,0.15,1.09631,1.09693,1.09693,1.09507,62.0,9.3,-9.9,-1.064516129032258
1762,2022.03.17 02:05:00,2022.03.17 02:38:15,2022.03.17 02:00:00,BUY,0.12,1.10273,1.10431,1.10195,1.10429,78.0,9.36,18.48,1.9743589743589745
1764,2022.03.18 03:00:00,2022.03.18 04:13:41,2022.03.18 02:55:00,SELL,0.11,1.10998,1.10828,1.11083,1.10828,85.0,9.35,18.259999999999998,1.9529411764705882
1766,2022.03.21 00:10:00,2022.03.21 00:16:04,2022.03.21 00:05:00,SELL,0.15,1.10438,1.10504,1.10502,1.1031,64.0,9.6,-10.5,-1.09375
1768,2022.03.21 02:40:00,2022.03.21 04:03:33,2022.03.21 02:35:00,BUY,0.28,1.10477,1.10443,1.10443,1.10545,34.0,9.52,-10.64,-1.1176470588235294
1770,2022.03.22 02:10:00,2022.03.22 02:34:30,2022.03.22 02:05:00,SELL,0.19,1.10134,1.10036,1.10183,1.10036,49.0,9.31,17.86,1.9183673469387754
1772,2022.03.23 02:10:00,2022.03.23 03:04:04,2022.03.23 02:05:00,SELL,0.2,1.1027,1.10317,1.10317,1.10176,47.0,9.4,-10.200000000000001,-1.0851063829787235
1774,2022.03.24 02:05:00,2022.03.24 02:54:28,2022.03.24 02:00:00,BUY,0.25,1.10082,1.10043,1.10043,1.1016,39.0,9.75,-10.75,-1.1025641025641026
1776,2022.03.25 02:35:00,2022.03.25 02:45:15,2022.03.25 02:30:00,BUY,0.26,1.10106,1.10069,1.10069,1.1018,37.0,9.62,-10.66,-1.1081081081081081
1778,2022.03.28 03:20:00,2022.03.28 03:54:26,2022.03.28 03:15:00,SELL,0.22,1.09794,1.09708,1.09837,1.09708,43.0,9.46,18.040000000000003,1.9069767441860466
1780,2022.03.29 03:30:00,2022.03.29 03:40:17,2022.03.29 03:25:00,SELL,0.28,1.09877,1.09912,1.09911,1.09809,34.0,9.52,-10.920000000000002,-1.147058823529412
1782,2022.03.30 03:05:00,2022.03.30 05:05:00,2022.03.30 03:00:00,BUY,0.11,1.10959,1.11035,1.10877,1.11123,82.0,9.02,7.919999999999999,0.8780487804878048
1784,2022.03.31 03:50:00,2022.03.31 05:50:00,2022.03.31 03:45:00,BUY,0.13,1.11728,1.11695,1.11656,1.11872,72.0,9.36,-4.8100000000000005,-0.513888888888889
1786,2022.04.01 03:30:00,2022.04.01 03:54:42,2022.04.01 03:25:00,SELL,0.19,1.1063,1.1068,1.10679,1.10532,49.0,9.31,-10.26,-1.1020408163265305
1788,2022.04.04 03:55:00,2022.04.04 04:35:26,2022.04.04 03:50:00,SELL,0.19,1.10479,1.1053,1.1053,1.10377,51.0,9.69,-10.45,-1.0784313725490196
1790,2022.04.05 03:05:00,2022.04.05 03:16:39,2022.04.05 03:00:00,BUY,0.19,1.09775,1.09725,1.09726,1.09873,49.0,9.31,-10.26,-1.1020408163265305
1792,2022.04.06 03:05:00,2022.04.06 03:46:18,2022.04.06 03:00:00,SELL,0.37,1.09041,1.08989,1.09067,1.08989,26.0,9.62,17.759999999999998,1.846153846153846
1794,2022.04.07 03:05:00,2022.04.07 03:54:37,2022.04.07 03:00:00,BUY,0.22,1.09005,1.09092,1.08962,1.09091,43.0,9.46,18.26,1.930232558139535
1796,2022.04.08 03:35:00,2022.04.08 03:44:59,2022.04.08 03:30:00,BUY,0.12,1.08706,1.08627,1.08628,1.08862,78.0,9.36,-9.96,-1.0641025641025643
1798,2022.04.11 01:05:00,2022.04.11 01:10:36,2022.04.11 01:00:00,BUY,0.12,1.09119,1.09038,1.09038,1.09281,81.0,9.72,-10.200000000000001,-1.0493827160493827
1800,2022.04.11 03:20:00,2022.04.11 03:55:04,2022.04.11 03:15:00,SELL,0.16,1.0886,1.08921,1.0892,1.0874,60.0,9.6,-10.4,-1.0833333333333335
1802,2022.04.12 03:05:00,2022.04.12 03:08:38,2022.04.12 03:00:00,SELL,0.22,1.08762,1.08805,1.08805,1.08676,43.0,9.46,-10.340000000000002,-1.0930232558139537
1804,2022.04.13 03:25:00,2022.04.13 04:43:28,2022.04.13 03:20:00,SELL,0.2,1.08207,1.08254,1.08254,1.08113,47.0,9.4,-10.200000000000001,-1.0851063829787235
1806,2022.04.14 03:05:00,2022.04.14 03:08:31,2022.04.14 03:00:00,BUY,0.2,1.08996,1.08947,1.08948,1.09092,48.0,9.6,-10.600000000000001,-1.104166666666667
1808,2022.04.15 03:25:00,2022.04.15 03:45:00,2022.04.15 03:20:00,SELL,0.46,1.08138,1.08159,1.08159,1.08096,21.0,9.66,-11.5,-1.1904761904761905
1810,2022.04.18 00:40:00,2022.04.18 01:51:37,2022.04.18 00:35:00,BUY,0.2,1.0808,1.08176,1.08032,1.08176,48.0,9.6,18.4,1.9166666666666665
1812,2022.04.18 03:05:00,2022.04.18 03:35:28,2022.04.18 03:00:00,SELL,0.21,1.08122,1.0803,1.08168,1.0803,46.0,9.66,18.48,1.9130434782608696
1814,2022.04.19 03:45:00,2022.04.19 04:01:35,2022.04.19 03:40:00,SELL,0.13,1.07746,1.07818,1.07817,1.07604,71.0,9.23,-9.879999999999999,-1.0704225352112675
1816,2022.04.20 04:05:00,2022.04.20 04:18:28,2022.04.20 04:00:00,BUY,0.29,1.07975,1.07942,1.07942,1.08041,33.0,9.57,-10.73,-1.1212121212121213
1818,2022.04.21 03:15:00,2022.04.21 03:53:18,2022.04.21 03:10:00,SELL,0.21,1.08442,1.0835,1.08488,1.0835,46.0,9.66,18.48,1.9130434782608696
1820,2022.04.22 03:10:00,2022.04.22 03:42:14,2022.04.22 03:05:00,BUY,0.18,1.08405,1.08352,1.08352,1.08511,53.0,9.54,-10.26,-1.0754716981132075
1822,2022.04.25 04:10:00,2022.04.25 04:20:27,2022.04.25 04:05:00,SELL,0.25,1.07997,1.08036,1.08036,1.07919,39.0,9.75,-10.75,-1.1025641025641026
1824,2022.04.26 03:10:00,2022.04.26 03:27:29,2022.04.26 03:05:00,BUY,0.34,1.07158,1.07214,1.0713,1.07214,28.0,9.52,17.68,1.8571428571428572
1826,2022.04.27 03:25:00,2022.04.27 03:43:30,2022.04.27 03:20:00,SELL,0.48,1.06395,1.06355,1.06415,1.06355,20.0,9.6,17.28,1.8000000000000003
1828,2022.04.28 03:25:00,2022.04.28 03:55:37,2022.04.28 03:20:00,SELL,0.23,1.05472,1.05383,1.05514,1.05388,42.0,9.66,19.549999999999997,2.0238095238095233
1830,2022.04.29 03:05:00,2022.04.29 03:11:39,2022.04.29 03:00:00,BUY,0.21,1.05059,1.05149,1.05014,1.05149,45.0,9.45,18.06,1.9111111111111112
1832,2022.05.02 01:25:00,2022.05.02 02:09:32,2022.05.02 01:20:00,SELL,0.19,1.05441,1.05492,1.05492,1.05339,51.0,9.69,-10.45,-1.0784313725490196
1834,2022.05.02 03:10:00,2022.05.02 03:30:37,2022.05.02 03:05:00,BUY,0.12,1.05501,1.0542,1.05421,1.05661,80.0,9.6,-10.200000000000001,-1.0625000000000002
1836,2022.05.03 03:35:00,2022.05.03 03:53:28,2022.05.03 03:30:00,BUY,0.19,1.05143,1.05243,1.05093,1.05243,50.0,9.5,18.24,1.92
1838,2022.05.04 04:15:00,2022.05.04 04:15:32,2022.05.04 04:10:00,SELL,0.57,1.05196,1.05214,1.05213,1.05162,17.0,9.69,-12.54,-1.2941176470588236
1840,2022.05.05 03:05:00,2022.05.05 03:07:27,2022.05.05 03:00:00,BUY,0.13,1.06255,1.06182,1.06183,1.06399,72.0,9.36,-10.01,-1.0694444444444444
1842,2022.05.06 03:15:00,2022.05.06 03:16:14,2022.05.06 03:10:00,SELL,0.36,1.05354,1.05382,1.05381,1.053,27.0,9.72,-11.52,-1.1851851851851851
1844,2022.05.09 03:15:00,2022.05.09 03:16:04,2022.05.09 03:10:00,SELL,0.44,1.05304,1.05326,1.05326,1.0526,22.0,9.68,-11.44,-1.1818181818181819
1846,2022.05.10 03:20:00,2022.05.10 03:27:37,2022.05.10 03:15:00,SELL,0.18,1.05544,1.05598,1.05598,1.05436,54.0,9.72,-10.440000000000001,-1.0740740740740742
1848,2022.05.11 03:35:00,2022.05.11 03:58:31,2022.05.11 03:30:00,BUY,0.19,1.05365,1.05316,1.05316,1.05463,49.0,9.31,-10.07,-1.0816326530612244
1850,2022.05.12 03:10:00,2022.05.12 03:22:42,2022.05.12 03:05:00,SELL,0.27,1.05113,1.0515,1.05149,1.05041,36.0,9.72,-11.07,-1.1388888888888888
1852,2022.05.13 03:05:00,2022.05.13 03:09:39,2022.05.13 03:00:00,SELL,0.2,1.0375,1.03798,1.03798,1.03654,48.0,9.6,-10.4,-1.0833333333333335
1854,2022.05.16 03:50:00,2022.05.16 04:08:35,2022.05.16 03:45:00,BUY,0.2,1.04063,1.04159,1.04015,1.04159,48.0,9.6,18.4,1.9166666666666665
1856,2022.05.17 03:35:00,2022.05.17 04:00:15,2022.05.17 03:30:00,BUY,0.29,1.04492,1.04458,1.04459,1.04558,33.0,9.57,-11.02,-1.1515151515151514
1858,2022.05.18 03:10:00,2022.05.18 04:30:19,2022.05.18 03:05:00,BUY,0.07,1.05606,1.05474,1.05475,1.05868,131.0,9.17,-9.52,-1.0381679389312977
1860,2022.05.19 03:10:00,2022.05.19 03:46:03,2022.05.19 03:05:00,BUY,0.12,1.0475,1.04902,1.04674,1.04902,76.0,9.12,17.759999999999998,1.9473684210526316
1862,2022.05.20 03:20:00,2022.05.20 04:35:05,2022.05.20 03:15:00,SELL,0.18,1.05761,1.05814,1.05813,1.05657,52.0,9.36,-10.26,-1.0961538461538463
1864,2022.05.23 01:05:00,2022.05.23 03:05:00,2022.05.23 01:00:00,BUY,0.09,1.05671,1.05704,1.05566,1.05881,105.0,9.45,2.6100000000000003,0.27619047619047626
1866,2022.05.23 03:20:00,2022.05.23 03:33:04,2022.05.23 03:15:00,BUY,0.18,1.05774,1.0588,1.05721,1.0588,53.0,9.54,18.36,1.9245283018867925
1868,2022.05.24 03:05:00,2022.05.24 03:57:21,2022.05.24 03:00:00,SELL,0.16,1.06808,1.06687,1.06868,1.06688,60.0,9.6,18.72,1.95
1870,2022.05.25 03:10:00,2022.05.25 03:28:41,2022.05.25 03:05:00,SELL,0.27,1.0731,1.07238,1.07345,1.0724,35.0,9.45,18.36,1.9428571428571428
1872,2022.05.26 03:35:00,2022.05.26 04:38:24,2022.05.26 03:30:00,BUY,0.14,1.06989,1.06922,1.06922,1.07123,67.0,9.38,-9.940000000000001,-1.0597014925373134
1874,2022.05.27 03:10:00,2022.05.27 03:49:36,2022.05.27 03:05:00,BUY,0.24,1.07345,1.07304,1.07305,1.07425,40.0,9.6,-10.8,-1.1250000000000002
1876,2022.05.30 03:05:00,2022.05.30 03:20:28,2022.05.30 03:00:00,BUY,0.23,1.07329,1.07288,1.07288,1.07411,41.0,9.43,-10.35,-1.0975609756097562
1878,2022.05.31 03:20:00,2022.05.31 03:31:31,2022.05.31 03:15:00,SELL,0.13,1.07676,1.07532,1.07748,1.07532,72.0,9.36,18.2,1.9444444444444444
1880,2022.06.01 03:05:00,2022.06.01 04:31:15,2022.06.01 03:00:00,SELL,0.18,1.07297,1.07185,1.07351,1.07189,54.0,9.72,19.44,2.0
1882,2022.06.02 03:05:00,2022.06.02 03:15:38,2022.06.02 03:00:00,SELL,0.17,1.06458,1.06514,1.06513,1.06348,55.0,9.35,-10.2,-1.0909090909090908
1884,2022.06.03 03:25:00,2022.06.03 03:32:29,2022.06.03 03:20:00,BUY,0.22,1.07513,1.07601,1.07469,1.07601,44.0,9.68,18.48,1.9090909090909092
1886,2022.06.06 01:35:00,2022.06.06 03:35:00,2022.06.06 01:30:00,BUY,0.17,1.07234,1.07253,1.07179,1.07344,55.0,9.35,2.55,0.2727272727272727
1888,2022.06.07 03:25:00,2022.06.07 04:15:16,2022.06.07 03:20:00,SELL,0.29,1.06861,1.06794,1.06894,1.06795,33.0,9.57,18.27,1.909090909090909
1890,2022.06.08 03:50:00,2022.06.08 04:08:40,2022.06.08 03:45:00,SELL,0.21,1.06946,1.06855,1.06991,1.06856,45.0,9.45,18.27,1.9333333333333333
1892,2022.06.09 03:05:00,2022.06.09 05:05:00,2022.06.09 03:00:00,SELL,0.2,1.07138,1.0714,1.07186,1.07042,48.0,9.6,-1.2000000000000002,-0.12500000000000003
1894,2022.06.10 03:25:00,2022.06.10 03:34:27,2022.06.10 03:20:00,SELL,0.19,1.06115,1.06164,1.06164,1.06017,49.0,9.31,-10.07,-1.0816326530612244
1896,2022.06.13 00:35:00,2022.06.13 00:35:40,2022.06.13 00:30:00,SELL,0.31,1.05129,1.05162,1.0516,1.05067,31.0,9.61,-11.47,-1.1935483870967742
1898,2022.06.13 03:30:00,2022.06.13 03:36:16,2022.06.13 03:25:00,BUY,0.13,1.04956,1.04881,1.04885,1.05098,71.0,9.23,-10.27,-1.112676056338028
1900,2022.06.14 03:05:00,2022.06.14 03:10:41,2022.06.14 03:00:00,SELL,0.1,1.04061,1.0416,1.04157,1.03869,96.0,9.6,-10.3,-1.0729166666666667
1902,2022.06.15 04:15:00,2022.06.15 06:15:00,2022.06.15 04:10:00,BUY,0.16,1.04419,1.04454,1.0436,1.04537,59.0,9.44,4.96,0.5254237288135594
1904,2022.06.16 03:05:00,2022.06.16 03:58:41,2022.06.16 03:00:00,BUY,0.08,1.04681,1.04565,1.04565,1.04913,116.0,9.28,-9.6,-1.0344827586206897
1906,2022.06.17 03:05:00,2022.06.17 03:11:35,2022.06.17 03:00:00,BUY,0.11,1.05513,1.05423,1.05424,1.05691,89.0,9.79,-10.34,-1.056179775280899
1908,2022.06.20 01:05:00,2022.06.20 03:04:37,2022.06.20 01:00:00,SELL,0.07,1.04804,1.04934,1.04934,1.04544,130.0,9.1,-9.379999999999999,-1.0307692307692307
1910,2022.06.20 03:05:00,2022.06.20 03:11:35,2022.06.20 03:00:00,BUY,0.15,1.04921,1.04858,1.04858,1.05047,63.0,9.45,-10.049999999999999,-1.0634920634920635
1912,2022.06.21 03:05:00,2022.06.21 04:06:12,2022.06.21 03:00:00,BUY,0.13,1.0523,1.05372,1.05159,1.05372,71.0,9.23,17.94,1.943661971830986
1914,2022.06.22 03:05:00,2022.06.22 03:13:37,2022.06.22 03:00:00,SELL,0.27,1.05288,1.05216,1.05324,1.05216,36.0,9.72,18.36,1.8888888888888886
1916,2022.06.23 03:15:00,2022.06.23 03:29:17,2022.06.23 03:10:00,BUY,0.19,1.05708,1.05658,1.05659,1.05806,49.0,9.31,-10.26,-1.1020408163265305
1918,2022.06.24 03:20:00,2022.06.24 03:20:38,2022.06.24 03:15:00,SELL,0.34,1.05178,1.05206,1.05206,1.05122,28.0,9.52,-10.879999999999999,-1.1428571428571428
1920,2022.06.27 01:10:00,2022.06.27 01:52:35,2022.06.27 01:05:00,BUY,0.27,1.05557,1.05628,1.05522,1.05627,35.0,9.45,18.090000000000003,1.9142857142857148
1922,2022.06.27 03:50:00,2022.06.27 05:37:36,2022.06.27 03:45:00,SELL,0.08,1.05549,1.0566,1.0566,1.05327,111.0,8.88,-9.200000000000001,-1.0360360360360361
1924,2022.06.28 03:05:00,2022.06.28 03:24:31,2022.06.28 03:00:00,BUY,0.51,1.05804,1.05842,1.05785,1.05842,19.0,9.69,17.34,1.7894736842105263
1926,2022.06.29 03:05:00,2022.06.29 03:54:27,2022.06.29 03:00:00,BUY,0.17,1.05256,1.05201,1.05201,1.05366,55.0,9.35,-10.03,-1.0727272727272728
1928,2022.06.30 03:10:00,2022.06.30 03:46:25,2022.06.30 03:05:00,SELL,0.23,1.04415,1.04457,1.04457,1.04331,42.0,9.66,-10.58,-1.0952380952380951
1930,2022.07.01 03:10:00,2022.07.01 05:10:00,2022.07.01 03:05:00,SELL,0.15,1.0472,1.04707,1.04782,1.04596,62.0,9.3,1.35,0.14516129032258066
1932,2022.07.04 00:20:00,2022.07.04 00:24:06,2022.07.04 00:15:00,SELL,0.18,1.04193,1.04246,1.04246,1.04087,53.0,9.54,-10.26,-1.0754716981132075
1934,2022.07.04 03:05:00,2022.07.04 03:51:59,2022.07.04 03:00:00,BUY,0.11,1.044,1.04315,1.04315,1.0457,85.0,9.35,-9.79,-1.0470588235294118
1936,2022.07.05 03:25:00,2022.07.05 03:46:40,2022.07.05 03:20:00,SELL,0.15,1.04281,1.04343,1.04343,1.04157,62.0,9.3,-9.9,-1.064516129032258
1938,2022.07.06 04:00:00,2022.07.06 04:23:16,2022.07.06 03:55:00,BUY,0.18,1.02665,1.02613,1.02613,1.02769,52.0,9.36,-10.08,-1.076923076923077
1940,2022.07.07 03:05:00,2022.07.07 03:26:14,2022.07.07 03:00:00,SELL,0.22,1.0181,1.01853,1.01853,1.01724,43.0,9.46,-10.340000000000002,-1.0930232558139537
1942,2022.07.08 05:30:00,2022.07.08 05:45:38,2022.07.08 05:25:00,SELL,0.21,1.01732,1.0164,1.01778,1.0164,46.0,9.66,18.48,1.9130434782608696
1944,2022.07.11 00:50:00,2022.07.11 00:58:59,2022.07.11 00:45:00,BUY,0.29,1.01826,1.0179,1.01793,1.01892,33.0,9.57,-11.6,-1.2121212121212122
1946,2022.07.11 04:40:00,2022.07.11 04:50:36,2022.07.11 04:35:00,SELL,0.24,1.01435,1.01355,1.01475,1.01355,40.0,9.6,18.24,1.9
1948,2022.07.12 03:05:00,2022.07.12 03:27:24,2022.07.12 03:00:00,BUY,0.13,1.00513,1.00442,1.00442,1.00655,71.0,9.23,-9.75,-1.056338028169014
1950,2022.07.13 03:05:00,2022.07.13 03:17:04,2022.07.13 03:00:00,BUY,0.13,1.00359,1.00288,1.00289,1.00499,70.0,9.1,-9.75,-1.0714285714285714
1952,2022.07.14 03:30:00,2022.07.14 04:13:42,2022.07.14 03:25:00,SELL,0.15,1.0028,1.0015,1.00344,1.00152,64.0,9.6,18.9,1.96875
1954,2022.07.15 03:25:00,2022.07.15 03:49:12,2022.07.15 03:20:00,SELL,0.14,1.00131,1.00197,1.00197,0.99999,66.0,9.24,-9.8,-1.0606060606060606
1956,2022.07.18 01:20:00,2022.07.18 01:46:29,2022.07.18 01:15:00,SELL,0.27,1.00794,1.0083,1.0083,1.00722,36.0,9.72,-10.8,-1.1111111111111112
1958,2022.07.18 03:15:00,2022.07.18 03:30:40,2022.07.18 03:10:00,SELL,0.18,1.00909,1.00963,1.00962,1.00803,53.0,9.54,-10.440000000000001,-1.0943396226415096
1960,2022.07.19 03:10:00,2022.07.19 03:17:43,2022.07.19 03:05:00,BUY,0.21,1.01432,1.01387,1.01387,1.01522,45.0,9.45,-10.29,-1.0888888888888888
1962,2022.07.20 03:05:00,2022.07.20 03:31:02,2022.07.20 03:00:00,BUY,0.18,1.02356,1.02464,1.02302,1.02464,54.0,9.72,18.720000000000002,1.925925925925926
1964,2022.07.21 03:10:00,2022.07.21 03:12:37,2022.07.21 03:05:00,SELL,0.22,1.01794,1.01839,1.01838,1.01706,44.0,9.68,-10.780000000000001,-1.1136363636363638
1966,2022.07.22 05:15:00,2022.07.22 07:15:00,2022.07.22 05:10:00,SELL,0.13,1.01967,1.01908,1.02039,1.01823,72.0,9.36,7.15,0.763888888888889
1968,2022.07.25 00:45:00,2022.07.25 01:00:21,2022.07.25 00:40:00,BUY,0.27,1.02176,1.02139,1.0214,1.02248,36.0,9.72,-11.07,-1.1388888888888888
1970,2022.07.25 03:35:00,2022.07.25 04:00:40,2022.07.25 03:30:00,SELL,0.2,1.01907,1.01811,1.01955,1.01811,48.0,9.6,18.4,1.9166666666666665
1972,2022.07.26 03:05:00,2022.07.26 03:15:32,2022.07.26 03:00:00,BUY,0.33,1.02251,1.02222,1.02222,1.02309,29.0,9.57,-10.89,-1.1379310344827587
1974,2022.07.27 03:10:00,2022.07.27 04:23:03,2022.07.27 03:05:00,BUY,0.21,1.01356,1.01448,1.0131,1.01448,46.0,9.66,18.48,1.9130434782608696
1976,2022.07.28 03:05:00,2022.07.28 03:10:39,2022.07.28 03:00:00,BUY,0.16,1.02103,1.02044,1.02044,1.02221,59.0,9.44,-10.08,-1.0677966101694916
1978,2022.07.29 03:20:00,2022.07.29 05:20:00,2022.07.29 03:15:00,BUY,0.13,1.01968,1.01943,1.01893,1.02118,75.0,9.75,-3.77,-0.38666666666666666
1980,2022.08.01 01:20:00,2022.08.01 01:30:13,2022.08.01 01:15:00,SELL,0.17,1.02113,1.0217,1.02169,1.02001,56.0,9.52,-10.37,-1.0892857142857142
1982,2022.08.01 03:20:00,2022.08.01 04:12:59,2022.08.01 03:15:00,BUY,0.18,1.02203,1.02309,1.0215,1.02309,53.0,9.54,18.36,1.9245283018867925
1984,2022.08.02 03:10:00,2022.08.02 03:11:41,2022.08.02 03:05:00,SELL,0.33,1.02585,1.02614,1.02614,1.02527,29.0,9.57,-10.89,-1.1379310344827587
1986,2022.08.03 03:05:00,2022.08.03 03:14:38,2022.08.03 03:00:00,BUY,0.16,1.01617,1.01556,1.01556,1.01739,61.0,9.76,-10.4,-1.0655737704918034
1988,2022.08.04 03:35:00,2022.08.04 05:35:00,2022.08.04 03:30:00,BUY,0.14,1.01641,1.01653,1.01573,1.01777,68.0,9.52,1.1199999999999999,0.11764705882352941
1990,2022.08.05 03:05:00,2022.08.05 05:05:00,2022.08.05 03:00:00,SELL,0.11,1.02402,1.02328,1.02489,1.02228,87.0,9.57,7.7,0.8045977011494253
1992,2022.08.08 01:30:00,2022.08.08 01:30:29,2022.08.08 01:25:00,SELL,0.57,1.01706,1.01723,1.01723,1.01672,17.0,9.69,-11.969999999999999,-1.2352941176470589
1994,2022.08.08 03:05:00,2022.08.08 04:44:57,2022.08.08 03:00:00,SELL,0.14,1.0168,1.01749,1.01749,1.01542,69.0,9.66,-10.22,-1.0579710144927537
1996,2022.08.09 03:05:00,2022.08.09 03:08:30,2022.08.09 03:00:00,BUY,0.21,1.02004,1.01958,1.01958,1.02096,46.0,9.66,-10.5,-1.0869565217391304
1998,2022.08.10 03:05:00,2022.08.10 03:54:27,2022.08.10 03:00:00,SELL,0.2,1.02044,1.02091,1.02091,1.0195,47.0,9.4,-10.200000000000001,-1.0851063829787235
2000,2022.08.11 03:15:00,2022.08.11 03:42:36,2022.08.11 03:10:00,SELL,0.36,1.02969,1.02996,1.02996,1.02915,27.0,9.72,-11.16,-1.1481481481481481
2002,2022.08.12 03:15:00,2022.08.12 05:15:00,2022.08.12 03:10:00,SELL,0.18,1.03135,1.03064,1.03189,1.03027,54.0,9.72,12.059999999999999,1.2407407407407405
2004,2022.08.15 03:35:00,2022.08.15 04:22:00,2022.08.15 03:30:00,BUY,0.27,1.02636,1.026,1.026,1.02708,36.0,9.72,-10.8,-1.1111111111111112
2006,2022.08.16 03:05:00,2022.08.16 03:38:30,2022.08.16 03:00:00,SELL,0.27,1.01585,1.01512,1.01621,1.01513,36.0,9.72,18.630000000000003,1.9166666666666667
2008,2022.08.17 03:45:00,2022.08.17 03:54:27,2022.08.17 03:40:00,BUY,0.29,1.01718,1.01685,1.01685,1.01784,33.0,9.57,-10.73,-1.1212121212121213
2010,2022.08.18 03:05:00,2022.08.18 05:05:00,2022.08.18 03:00:00,BUY,0.12,1.01815,1.01853,1.01738,1.01969,77.0,9.24,4.08,0.44155844155844154
2012,2022.08.19 03:05:00,2022.08.19 03:12:33,2022.08.19 03:00:00,SELL,0.32,1.00887,1.00827,1.00917,1.00827,30.0,9.6,17.919999999999998,1.8666666666666665
2014,2022.08.22 01:05:00,2022.08.22 01:13:36,2022.08.22 01:00:00,SELL,0.19,1.00349,1.00399,1.00399,1.00249,50.0,9.5,-10.26,-1.08
2016,2022.08.22 03:30:00,2022.08.22 03:35:43,2022.08.22 03:25:00,SELL,0.23,1.00269,1.00311,1.0031,1.00187,41.0,9.43,-10.58,-1.1219512195121952
2018,2022.08.23 03:05:00,2022.08.23 03:25:03,2022.08.23 03:00:00,SELL,0.1,0.99306,0.99399,0.99398,0.99122,92.0,9.2,-9.700000000000001,-1.0543478260869568
2020,2022.08.24 03:15:00,2022.08.24 03:59:34,2022.08.24 03:10:00,SELL,0.19,0.99621,0.99522,0.9967,0.99523,49.0,9.31,18.049999999999997,1.9387755102040811
2022,2022.08.25 03:05:00,2022.08.25 03:07:00,2022.08.25 03:00:00,SELL,0.24,0.9964,0.9968,0.9968,0.9956,40.0,9.6,-10.559999999999999,-1.0999999999999999
2024,2022.08.26 03:10:00,2022.08.26 03:43:17,2022.08.26 03:05:00,SELL,0.24,0.99659,0.99699,0.99699,0.99579,40.0,9.6,-10.559999999999999,-1.0999999999999999
2026,2022.08.29 03:45:00,2022.08.29 04:07:36,2022.08.29 03:40:00,SELL,0.32,0.99336,0.99366,0.99366,0.99276,30.0,9.6,-10.879999999999999,-1.1333333333333333
2028,2022.08.30 03:40:00,2022.08.30 03:48:17,2022.08.30 03:35:00,SELL,0.39,1.0003,1.00055,1.00055,0.9998,25.0,9.75,-11.31,-1.1600000000000001
2030,2022.08.31 03:35:00,2022.08.31 03:52:52,2022.08.31 03:30:00,BUY,0.33,1.00323,1.00294,1.00294,1.00381,29.0,9.57,-10.89,-1.1379310344827587
2032,2022.09.01 03:40:00,2022.09.01 04:16:17,2022.09.01 03:35:00,SELL,0.15,1.00225,1.00288,1.00287,1.00101,62.0,9.3,-10.049999999999999,-1.0806451612903223
2034,2022.09.02 03:30:00,2022.09.02 03:33:31,2022.09.02 03:25:00,BUY,0.33,0.99582,0.99551,0.99553,0.9964,29.0,9.57,-11.55,-1.206896551724138
2036,2022.09.05 00:55:00,2022.09.05 01:01:42,2022.09.05 00:50:00,SELL,0.06,0.99176,0.99324,0.99318,0.98892,142.0,8.52,-9.120000000000001,-1.0704225352112677
2038,2022.09.05 03:10:00,2022.09.05 03:19:35,2022.09.05 03:05:00,BUY,0.18,0.99257,0.99203,0.99204,0.99363,53.0,9.54,-10.440000000000001,-1.0943396226415096
2040,2022.09.06 03:10:00,2022.09.06 05:10:00,2022.09.06 03:05:00,BUY,0.09,0.99595,0.99576,0.99496,0.99793,99.0,8.91,-2.07,-0.2323232323232323
2042,2022.09.07 03:10:00,2022.09.07 03:15:39,2022.09.07 03:05:00,BUY,0.21,0.99032,0.98987,0.98987,0.99122,45.0,9.45,-10.29,-1.0888888888888888
2044,2022.09.08 03:10:00,2022.09.08 03:48:40,2022.09.08 03:05:00,SELL,0.22,0.99926,0.99837,0.9997,0.99838,44.0,9.68,18.7,1.9318181818181819
2046,2022.09.09 04:20:00,2022.09.09 04:30:38,2022.09.09 04:15:00,BUY,0.22,1.00523,1.00479,1.00479,1.00611,44.0,9.68,-10.56,-1.090909090909091
2048,2022.09.12 01:10:00,2022.09.12 01:19:29,2022.09.12 01:05:00,SELL,0.14,1.00841,1.00705,1.00909,1.00705,68.0,9.52,18.48,1.9411764705882355
2050,2022.09.12 03:55:00,2022.09.12 04:28:37,2022.09.12 03:50:00,BUY,0.27,1.00716,1.00786,1.00681,1.00786,35.0,9.45,17.82,1.885714285714286
2052,2022.09.13 04:20:00,2022.09.13 04:54:54,2022.09.13 04:15:00,SELL,0.18,1.01304,1.01357,1.01357,1.01198,53.0,9.54,-10.26,-1.0754716981132075
2054,2022.09.14 03:20:00,2022.09.14 03:29:38,2022.09.14 03:15:00,SELL,0.12,0.99712,0.99788,0.99788,0.9956,76.0,9.12,-9.6,-1.0526315789473684
2056,2022.09.15 03:05:00,2022.09.15 05:00:37,2022.09.15 03:00:00,SELL,0.15,0.99762,0.99827,0.99827,0.99632,65.0,9.75,-10.35,-1.0615384615384615
2058,2022.09.16 03:10:00,2022.09.16 03:26:59,2022.09.16 03:05:00,BUY,0.2,0.99922,1.00022,0.99875,1.00016,47.0,9.4,19.2,2.0425531914893615
2060,2022.09.19 01:00:00,2022.09.19 01:01:01,2022.09.19 00:55:00,BUY,0.21,1.00166,1.0012,1.0012,1.00258,46.0,9.66,-10.5,-1.0869565217391304
2062,2022.09.19 03:20:00,2022.09.19 04:03:21,2022.09.19 03:15:00,SELL,0.22,1.00184,1.00096,1.00228,1.00096,44.0,9.68,18.48,1.9090909090909092
2064,2022.09.20 03:05:00,2022.09.20 03:52:35,2022.09.20 03:00:00,BUY,0.08,1.0041,1.00291,1.00291,1.00648,119.0,9.52,-9.84,-1.0336134453781514
2066,2022.09.21 03:30:00,2022.09.21 03:31:35,2022.09.21 03:25:00,SELL,0.27,0.99652,0.99687,0.99687,0.99582,35.0,9.45,-10.53,-1.1142857142857143
2068,2022.09.22 03:05:00,2022.09.22 03:17:39,2022.09.22 03:00:00,SELL,0.17,0.9828,0.98166,0.98337,0.98166,57.0,9.69,18.7,1.9298245614035088
2070,2022.09.23 03:20:00,2022.09.23 03:39:21,2022.09.23 03:15:00,SELL,0.16,0.98331,0.98393,0.98392,0.98209,61.0,9.76,-10.56,-1.0819672131147542
2072,2022.09.26 01:15:00,2022.09.26 03:15:00,2022.09.26 01:10:00,BUY,0.05,0.96909,0.96819,0.96738,0.97251,171.0,8.55,-4.7,-0.5497076023391813
2074,2022.09.26 03:30:00,2022.09.26 03:30:40,2022.09.26 03:25:00,SELL,0.31,0.96812,0.96845,0.96843,0.9675,31.0,9.61,-11.47,-1.1935483870967742
2076,2022.09.27 03:45:00,2022.09.27 03:51:20,2022.09.27 03:40:00,SELL,0.17,0.96311,0.96367,0.96367,0.96199,56.0,9.52,-10.2,-1.0714285714285714
2078,2022.09.28 03:45:00,2022.09.28 05:16:27,2022.09.28 03:40:00,SELL,0.07,0.95744,0.9548,0.95876,0.9548,132.0,9.24,18.2,1.9696969696969695
2080,2022.09.29 03:15:00,2022.09.29 03:31:38,2022.09.29 03:10:00,SELL,0.15,0.97008,0.9707,0.9707,0.96884,62.0,9.3,-9.9,-1.064516129032258
2082,2022.09.30 04:45:00,2022.09.30 05:18:29,2022.09.30 04:40:00,SELL,0.15,0.98141,0.9801,0.98206,0.98011,65.0,9.75,19.049999999999997,1.9538461538461536
2084,2022.10.03 04:05:00,2022.10.03 04:46:35,2022.10.03 04:00:00,BUY,0.13,0.9807,0.9821,0.98,0.9821,70.0,9.1,17.68,1.9428571428571428
2086,2022.10.04 03:05:00,2022.10.04 05:05:00,2022.10.04 03:00:00,SELL,0.08,0.98271,0.98153,0.98388,0.98037,117.0,9.36,9.12,0.9743589743589743
2088,2022.10.05 03:10:00,2022.10.05 03:22:40,2022.10.05 03:05:00,BUY,0.15,0.99886,0.99818,0.99821,1.00016,65.0,9.75,-10.799999999999999,-1.1076923076923075
2090,2022.10.06 04:05:00,2022.10.06 04:06:37,2022.10.06 04:00:00,SELL,0.22,0.99142,0.99187,0.99186,0.99054,44.0,9.68,-10.780000000000001,-1.1136363636363638
2092,2022.10.07 04:40:00,2022.10.07 06:40:00,2022.10.07 04:35:00,BUY,0.11,0.97976,0.98065,0.97893,0.98142,83.0,9.13,9.35,1.0240963855421685
2094,2022.10.10 00:35:30,2022.10.10 01:03:28,2022.10.10 00:30:00,BUY,0.14,0.97389,0.97321,0.97322,0.97523,67.0,9.38,-10.08,-1.0746268656716418
2096,2022.10.10 03:35:00,2022.10.10 03:36:28,2022.10.10 03:30:00,SELL,0.34,0.97272,0.97302,0.973,0.97216,28.0,9.52,-11.559999999999999,-1.2142857142857142
2098,2022.10.11 03:05:00,2022.10.11 03:19:27,2022.10.11 03:00:00,SELL,0.09,0.97022,0.9713,0.9713,0.96806,108.0,9.72,-10.08,-1.037037037037037
2100,2022.10.12 03:45:00,2022.10.12 04:08:39,2022.10.12 03:40:00,BUY,0.17,0.97034,0.96978,0.96978,0.97146,56.0,9.52,-10.2,-1.0714285714285714
2102,2022.10.13 03:05:00,2022.10.13 03:05:37,2022.10.13 03:00:00,SELL,0.39,0.9703,0.97055,0.97055,0.9698,25.0,9.75,-11.31,-1.1600000000000001
2104,2022.10.14 03:20:00,2022.10.14 03:54:40,2022.10.14 03:15:00,SELL,0.1,0.97629,0.97729,0.97726,0.97435,97.0,9.7,-10.4,-1.0721649484536084
2106,2022.10.17 01:05:00,2022.10.17 03:05:00,2022.10.17 01:00:00,BUY,0.06,0.97357,0.97409,0.97214,0.97643,143.0,8.58,2.88,0.3356643356643356
2108,2022.10.17 03:10:00,2022.10.17 03:15:40,2022.10.17 03:05:00,BUY,0.12,0.97478,0.97393,0.97397,0.9764,81.0,9.72,-10.68,-1.0987654320987654
2110,2022.10.18 03:05:00,2022.10.18 03:22:59,2022.10.18 03:00:00,BUY,0.16,0.98486,0.98427,0.98427,0.98604,59.0,9.44,-10.08,-1.0677966101694916
2112,2022.10.19 04:15:00,2022.10.19 04:20:39,2022.10.19 04:10:00,BUY,0.16,0.98633,0.98575,0.98575,0.98749,58.0,9.28,-9.92,-1.0689655172413794
2114,2022.10.20 03:05:00,2022.10.20 03:23:28,2022.10.20 03:00:00,SELL,0.09,0.97588,0.97692,0.97692,0.9738,104.0,9.36,-9.719999999999999,-1.0384615384615383
2116,2022.10.21 03:10:00,2022.10.21 05:10:00,2022.10.21 03:05:00,SELL,0.21,0.9773,0.97687,0.97776,0.97638,46.0,9.66,8.19,0.8478260869565217
2118,2022.10.24 00:50:00,2022.10.24 01:13:35,2022.10.24 00:45:00,BUY,0.11,0.98819,0.9873,0.98731,0.98995,88.0,9.68,-10.229999999999999,-1.0568181818181817
2120,2022.10.24 03:55:00,2022.10.24 05:04:27,2022.10.24 03:50:00,SELL,0.13,0.98447,0.983,0.98519,0.98303,72.0,9.36,18.59,1.9861111111111112
2122,2022.10.25 03:05:00,2022.10.25 03:28:30,2022.10.25 03:00:00,SELL,0.09,0.98801,0.98908,0.98904,0.98595,103.0,9.27,-9.99,-1.0776699029126213
2124,2022.10.26 03:15:00,2022.10.26 03:47:36,2022.10.26 03:10:00,SELL,0.22,0.99569,0.99482,0.99612,0.99483,43.0,9.46,18.26,1.930232558139535
2126,2022.10.27 03:55:00,2022.10.27 04:02:28,2022.10.27 03:50:00,SELL,0.2,1.00766,1.00814,1.00814,1.0067,48.0,9.6,-10.4,-1.0833333333333335
2128,2022.10.28 04:05:00,2022.10.28 04:53:27,2022.10.28 04:00:00,BUY,0.1,0.99728,0.99915,0.99635,0.99914,93.0,9.3,18.3,1.967741935483871
2130,2022.10.31 01:55:00,2022.10.31 02:00:54,2022.10.31 01:50:00,SELL,0.27,0.99546,0.99581,0.99581,0.99476,35.0,9.45,-10.53,-1.1142857142857143
2132,2022.10.31 02:15:00,2022.10.31 02:26:28,2022.10.31 02:10:00,BUY,0.2,0.99628,0.99581,0.99581,0.99722,47.0,9.4,-10.200000000000001,-1.0851063829787235
2134,2022.11.01 02:10:00,2022.11.01 02:55:28,2022.11.01 02:05:00,BUY,0.17,0.98888,0.98831,0.98831,0.99002,57.0,9.69,-10.37,-1.0701754385964912
2136,2022.11.02 02:35:00,2022.11.02 03:07:36,2022.11.02 02:30:00,BUY,0.29,0.98816,0.98882,0.98783,0.98882,33.0,9.57,17.98,1.8787878787878787
2138,2022.11.03 02:55:00,2022.11.03 03:14:39,2022.11.03 02:50:00,BUY,0.23,0.9819,0.98274,0.98148,0.98274,42.0,9.66,18.4,1.9047619047619047
2140,2022.11.04 02:05:00,2022.11.04 03:36:39,2022.11.04 02:00:00,BUY,0.17,0.97527,0.97642,0.9747,0.97641,57.0,9.69,18.87,1.9473684210526319
2142,2022.11.07 01:15:00,2022.11.07 03:15:00,2022.11.07 01:10:00,BUY,0.05,0.99415,0.99269,0.9923,0.99785,185.0,9.25,-7.5,-0.8108108108108109
2144,2022.11.08 02:25:00,2022.11.08 02:32:35,2022.11.08 02:20:00,BUY,0.27,1.00212,1.00285,1.00176,1.00284,36.0,9.72,18.630000000000003,1.9166666666666667
2146,2022.11.09 02:05:00,2022.11.09 04:05:00,2022.11.09 02:00:00,SELL,0.1,1.00723,1.00648,1.00814,1.00541,91.0,9.1,7.1,0.7802197802197802
2148,2022.11.10 02:10:00,2022.11.10 02:38:26,2022.11.10 02:05:00,BUY,0.27,1.00184,1.00257,1.00148,1.00256,36.0,9.72,18.630000000000003,1.9166666666666667
2150,2022.11.11 02:20:00,2022.11.11 02:26:25,2022.11.11 02:15:00,SELL,0.23,1.0189,1.01932,1.01931,1.01808,41.0,9.43,-10.58,-1.1219512195121952
2152,2022.11.14 01:25:00,2022.11.14 03:25:00,2022.11.14 01:20:00,BUY,0.07,1.03293,1.03352,1.0316,1.03559,133.0,9.31,3.8499999999999996,0.4135338345864661
2154,2022.11.15 02:55:00,2022.11.15 03:00:35,2022.11.15 02:50:00,SELL,0.14,1.03149,1.03217,1.03217,1.03013,68.0,9.52,-10.08,-1.0588235294117647
2156,2022.11.16 02:30:00,2022.11.16 02:37:59,2022.11.16 02:25:00,SELL,0.14,1.03392,1.03462,1.03459,1.03258,67.0,9.38,-10.360000000000001,-1.1044776119402986
2158,2022.11.17 02:35:00,2022.11.17 03:45:59,2022.11.17 02:30:00,SELL,0.18,1.03895,1.03787,1.03948,1.03789,53.0,9.54,18.720000000000002,1.9622641509433967
2160,2022.11.18 02:05:00,2022.11.18 02:12:37,2022.11.18 02:00:00,SELL,0.33,1.03589,1.03619,1.03618,1.03531,29.0,9.57,-11.22,-1.1724137931034484
2162,2022.11.21 01:05:00,2022.11.21 02:29:03,2022.11.21 01:00:00,BUY,0.17,1.03281,1.03224,1.03225,1.03393,56.0,9.52,-10.37,-1.0892857142857142
2164,2022.11.22 03:10:00,2022.11.22 05:10:00,2022.11.22 03:05:00,BUY,0.17,1.02583,1.02649,1.02528,1.02693,55.0,9.35,10.540000000000001,1.1272727272727274
2166,2022.11.23 03:00:00,2022.11.23 03:00:31,2022.11.23 02:55:00,SELL,0.33,1.03055,1.03093,1.03084,1.02997,29.0,9.57,-13.86,-1.4482758620689655
2168,2022.11.24 02:10:00,2022.11.24 02:57:38,2022.11.24 02:05:00,SELL,0.09,1.04062,1.04167,1.04167,1.03852,105.0,9.45,-9.809999999999999,-1.038095238095238
2170,2022.11.25 02:05:00,2022.11.25 02:11:59,2022.11.25 02:00:00,BUY,0.27,1.04097,1.04059,1.04061,1.04169,36.0,9.72,-11.34,-1.1666666666666665
2172,2022.11.28 01:40:00,2022.11.28 01:49:40,2022.11.28 01:35:00,SELL,0.39,1.03687,1.03712,1.03712,1.03637,25.0,9.75,-11.31,-1.1600000000000001
2174,2022.11.28 02:30:00,2022.11.28 03:00:36,2022.11.28 02:25:00,BUY,0.13,1.03838,1.03764,1.03765,1.03984,73.0,9.49,-10.139999999999999,-1.0684931506849313
2176,2022.11.29 02:15:00,2022.11.29 02:48:42,2022.11.29 02:10:00,BUY,0.21,1.0348,1.03435,1.03435,1.0357,45.0,9.45,-10.29,-1.0888888888888888
2178,2022.11.30 02:15:00,2022.11.30 04:15:00,2022.11.30 02:10:00,BUY,0.09,1.03335,1.03441,1.03231,1.03543,104.0,9.36,9.18,0.9807692307692308
2180,2022.12.01 02:20:00,2022.12.01 04:02:59,2022.12.01 02:15:00,BUY,0.11,1.04319,1.04231,1.04233,1.04491,86.0,9.46,-10.12,-1.069767441860465
2182,2022.12.02 02:05:00,2022.12.02 04:05:00,2022.12.02 02:00:00,SELL,0.12,1.05215,1.05163,1.05293,1.05059,78.0,9.36,5.76,0.6153846153846154
2184,2022.12.05 01:10:00,2022.12.05 01:49:05,2022.12.05 01:05:00,SELL,0.12,1.05324,1.05401,1.054,1.05172,76.0,9.12,-9.72,-1.0657894736842106
2186,2022.12.05 02:15:00,2022.12.05 03:25:01,2022.12.05 02:10:00,BUY,0.29,1.05427,1.05493,1.05394,1.05493,33.0,9.57,17.98,1.8787878787878787
2188,2022.12.06 03:00:00,2022.12.06 03:01:36,2022.12.06 02:55:00,BUY,0.25,1.05107,1.05068,1.05069,1.05183,38.0,9.5,-10.75,-1.131578947368421
2190,2022.12.07 02:05:00,2022.12.07 03:53:37,2022.12.07 02:00:00,SELL,0.16,1.04628,1.04689,1.04688,1.04508,60.0,9.6,-10.4,-1.0833333333333335
2192,2022.12.08 02:15:00,2022.12.08 02:33:34,2022.12.08 02:10:00,SELL,0.36,1.05113,1.05059,1.0514,1.05059,27.0,9.72,18.0,1.8518518518518516
2194,2022.12.09 02:05:00,2022.12.09 02:26:23,2022.12.09 02:00:00,BUY,0.19,1.0559,1.05541,1.05541,1.05688,49.0,9.31,-10.07,-1.0816326530612244
2196,2022.12.12 01:05:00,2022.12.12 01:52:01,2022.12.12 01:00:00,SELL,0.2,1.05306,1.05208,1.05354,1.0521,48.0,9.6,18.8,1.9583333333333335
2198,2022.12.12 02:10:00,2022.12.12 02:33:21,2022.12.12 02:05:00,SELL,0.16,1.05171,1.0523,1.0523,1.05053,59.0,9.44,-10.08,-1.0677966101694916
2200,2022.12.13 02:35:00,2022.12.13 04:35:00,2022.12.13 02:30:00,BUY,0.13,1.05454,1.05462,1.05381,1.056,73.0,9.49,0.52,0.05479452054794521
2202,2022.12.14 02:05:00,2022.12.14 04:05:00,2022.12.14 02:00:00,BUY,0.13,1.06296,1.06342,1.06223,1.06442,73.0,9.49,5.460000000000001,0.5753424657534247
2204,2022.12.15 02:05:00,2022.12.15 02:48:16,2022.12.15 02:00:00,SELL,0.12,1.06689,1.06767,1.06767,1.06533,78.0,9.36,-9.84,-1.0512820512820513
2206,2022.12.16 02:30:00,2022.12.16 02:51:35,2022.12.16 02:25:00,BUY,0.2,1.0643,1.06381,1.06383,1.06524,47.0,9.4,-10.600000000000001,-1.1276595744680853
2208,2022.12.20 02:15:00,2022.12.20 04:02:13,2022.12.20 02:10:00,SELL,0.22,1.06037,1.0608,1.0608,1.05951,43.0,9.46,-10.340000000000002,-1.0930232558139537
2210,2022.12.22 02:55:00,2022.12.22 03:12:34,2022.12.22 02:50:00,BUY,0.21,1.06117,1.06209,1.06071,1.06209,46.0,9.66,18.48,1.9130434782608696
2212,2022.12.23 02:20:00,2022.12.23 02:26:08,2022.12.23 02:15:00,BUY,0.42,1.06037,1.06012,1.06014,1.06083,23.0,9.66,-12.18,-1.2608695652173914
2214,2022.12.26 01:10:00,2022.12.26 01:51:27,2022.12.26 01:05:00,BUY,0.22,1.06101,1.06187,1.06058,1.06187,43.0,9.46,18.040000000000003,1.9069767441860466
2216,2022.12.26 02:05:00,2022.12.26 02:45:36,2022.12.26 02:00:00,BUY,0.05,1.06317,1.06149,1.06151,1.06649,166.0,8.3,-8.6,-1.0361445783132528
2218,2022.12.27 02:15:00,2022.12.27 04:15:00,2022.12.27 02:10:00,BUY,0.1,1.06439,1.06508,1.06348,1.06621,91.0,9.1,6.5,0.7142857142857143
2220,2022.12.28 02:05:00,2022.12.28 02:17:31,2022.12.28 02:00:00,BUY,0.14,1.06414,1.06347,1.06347,1.06548,67.0,9.38,-9.940000000000001,-1.0597014925373134
2222,2022.12.29 02:55:00,2022.12.29 02:57:35,2022.12.29 02:50:00,BUY,0.36,1.06273,1.06328,1.06246,1.06327,27.0,9.72,18.36,1.8888888888888886
2224,2022.12.30 03:00:00,2022.12.30 03:07:35,2022.12.30 02:55:00,BUY,0.13,1.06684,1.06612,1.06612,1.06828,72.0,9.36,-9.879999999999999,-1.0555555555555556
