ask,bid,flags,last,symbol,time_msc,time_utc,volume_real
162.192,162.189,1026,0.0,USDJPY,1784061235187,2026-07-14T20:33:55.187000Z,0.0
162.19,162.188,1026,0.0,USDJPY,1784061236129,2026-07-14T20:33:56.129000Z,0.0
162.19,162.188,1026,0.0,USDJPY,1784061237552,2026-07-14T20:33:57.552000Z,0.0
162.191,162.188,1028,0.0,USDJPY,1784061238435,2026-07-14T20:33:58.435000Z,0.0
162.191,162.188,1026,0.0,USDJPY,1784061239299,2026-07-14T20:33:59.299000Z,0.0
162.191,162.189,1026,0.0,USDJPY,1784061240942,2026-07-14T20:34:00.942000Z,0.0
162.191,162.189,1026,0.0,USDJPY,1784061241952,2026-07-14T20:34:01.952000Z,0.0
162.191,162.189,1026,0.0,USDJPY,1784061244056,2026-07-14T20:34:04.056000Z,0.0
162.191,162.188,1026,0.0,USDJPY,1784061248810,2026-07-14T20:34:08.810000Z,0.0
162.191,162.188,1026,0.0,USDJPY,1784061249091,2026-07-14T20:34:09.091000Z,0.0
162.19,162.188,1028,0.0,USDJPY,1784061251949,2026-07-14T20:34:11.949000Z,0.0
162.192,162.189,1030,0.0,USDJPY,1784061254148,2026-07-14T20:34:14.148000Z,0.0
162.191,162.188,1028,0.0,USDJPY,1784061255463,2026-07-14T20:34:15.463000Z,0.0
162.192,162.189,1030,0.0,USDJPY,1784061257023,2026-07-14T20:34:17.023000Z,0.0
162.191,162.189,1028,0.0,USDJPY,1784061258558,2026-07-14T20:34:18.558000Z,0.0
162.191,162.189,1028,0.0,USDJPY,1784061260000,2026-07-14T20:34:20Z,0.0
162.191,162.188,1026,0.0,USDJPY,1784061260443,2026-07-14T20:34:20.443000Z,0.0
162.191,162.189,1026,0.0,USDJPY,1784061261947,2026-07-14T20:34:21.947000Z,0.0
162.19,162.188,1026,0.0,USDJPY,1784061263702,2026-07-14T20:34:23.702000Z,0.0
162.19,162.188,1028,0.0,USDJPY,1784061267537,2026-07-14T20:34:27.537000Z,0.0
162.191,162.188,1028,0.0,USDJPY,1784061267765,2026-07-14T20:34:27.765000Z,0.0
162.191,162.188,1026,0.0,USDJPY,1784061269890,2026-07-14T20:34:29.890000Z,0.0
162.192,162.189,1030,0.0,USDJPY,1784061270978,2026-07-14T20:34:30.978000Z,0.0
162.191,162.188,1030,0.0,USDJPY,1784061271688,2026-07-14T20:34:31.688000Z,0.0
162.191,162.189,1026,0.0,USDJPY,1784061273994,2026-07-14T20:34:33.994000Z,0.0
162.19,162.188,1030,0.0,USDJPY,1784061276537,2026-07-14T20:34:36.537000Z,0.0
162.19,162.187,1026,0.0,USDJPY,1784061277439,2026-07-14T20:34:37.439000Z,0.0
162.19,162.187,1028,0.0,USDJPY,1784061278850,2026-07-14T20:34:38.850000Z,0.0
162.187,162.184,1028,0.0,USDJPY,1784061279789,2026-07-14T20:34:39.789000Z,0.0
162.187,162.185,1026,0.0,USDJPY,1784061280357,2026-07-14T20:34:40.357000Z,0.0
162.186,162.184,1030,0.0,USDJPY,1784061281512,2026-07-14T20:34:41.512000Z,0.0
162.187,162.185,1030,0.0,USDJPY,1784061283976,2026-07-14T20:34:43.976000Z,0.0
162.186,162.184,1030,0.0,USDJPY,1784061285328,2026-07-14T20:34:45.328000Z,0.0
162.187,162.185,1030,0.0,USDJPY,1784061289478,2026-07-14T20:34:49.478000Z,0.0
162.187,162.185,1030,0.0,USDJPY,1784061291003,2026-07-14T20:34:51.003000Z,0.0
162.188,162.186,1030,0.0,USDJPY,1784061291944,2026-07-14T20:34:51.944000Z,0.0
162.188,162.186,1030,0.0,USDJPY,1784061293184,2026-07-14T20:34:53.184000Z,0.0
162.188,162.186,1030,0.0,USDJPY,1784061294269,2026-07-14T20:34:54.269000Z,0.0
162.192,162.19,1030,0.0,USDJPY,1784061295552,2026-07-14T20:34:55.552000Z,0.0
162.192,162.189,1030,0.0,USDJPY,1784061296247,2026-07-14T20:34:56.247000Z,0.0
162.193,162.191,1030,0.0,USDJPY,1784061297480,2026-07-14T20:34:57.480000Z,0.0
162.192,162.19,1030,0.0,USDJPY,1784061299518,2026-07-14T20:34:59.518000Z,0.0
162.192,162.189,1026,0.0,USDJPY,1784061304425,2026-07-14T20:35:04.425000Z,0.0
162.192,162.19,1026,0.0,USDJPY,1784061304910,2026-07-14T20:35:04.910000Z,0.0
162.193,162.191,1030,0.0,USDJPY,1784061306452,2026-07-14T20:35:06.452000Z,0.0
162.192,162.19,1030,0.0,USDJPY,1784061309955,2026-07-14T20:35:09.955000Z,0.0
162.193,162.19,1030,0.0,USDJPY,1784061312397,2026-07-14T20:35:12.397000Z,0.0
162.197,162.195,1028,0.0,USDJPY,1784061318808,2026-07-14T20:35:18.808000Z,0.0
162.197,162.194,1028,0.0,USDJPY,1784061319937,2026-07-14T20:35:19.937000Z,0.0
162.198,162.196,1030,0.0,USDJPY,1784061320638,2026-07-14T20:35:20.638000Z,0.0
162.198,162.196,1030,0.0,USDJPY,1784061321786,2026-07-14T20:35:21.786000Z,0.0
162.199,162.197,1030,0.0,USDJPY,1784061323106,2026-07-14T20:35:23.106000Z,0.0
162.198,162.196,1030,0.0,USDJPY,1784061325293,2026-07-14T20:35:25.293000Z,0.0
162.199,162.197,1030,0.0,USDJPY,1784061326160,2026-07-14T20:35:26.160000Z,0.0
162.2,162.198,1030,0.0,USDJPY,1784061327688,2026-07-14T20:35:27.688000Z,0.0
162.199,162.197,1030,0.0,USDJPY,1784061329833,2026-07-14T20:35:29.833000Z,0.0
162.2,162.198,1030,0.0,USDJPY,1784061335812,2026-07-14T20:35:35.812000Z,0.0
162.199,162.197,1030,0.0,USDJPY,1784061337470,2026-07-14T20:35:37.470000Z,0.0
162.2,162.198,1026,0.0,USDJPY,1784061344294,2026-07-14T20:35:44.294000Z,0.0
162.2,162.198,1030,0.0,USDJPY,1784061345248,2026-07-14T20:35:45.248000Z,0.0
162.2,162.197,1028,0.0,USDJPY,1784061346672,2026-07-14T20:35:46.672000Z,0.0
162.199,162.196,1026,0.0,USDJPY,1784061347582,2026-07-14T20:35:47.582000Z,0.0
162.199,162.197,1026,0.0,USDJPY,1784061348752,2026-07-14T20:35:48.752000Z,0.0
162.192,162.19,1030,0.0,USDJPY,1784061350066,2026-07-14T20:35:50.066000Z,0.0
162.195,162.193,1030,0.0,USDJPY,1784061350881,2026-07-14T20:35:50.881000Z,0.0
162.196,162.194,1030,0.0,USDJPY,1784061351920,2026-07-14T20:35:51.920000Z,0.0
162.192,162.19,1026,0.0,USDJPY,1784061361102,2026-07-14T20:36:01.102000Z,0.0
162.192,162.189,1026,0.0,USDJPY,1784061362189,2026-07-14T20:36:02.189000Z,0.0
162.191,162.188,1028,0.0,USDJPY,1784061362822,2026-07-14T20:36:02.822000Z,0.0
162.191,162.188,1028,0.0,USDJPY,1784061364369,2026-07-14T20:36:04.369000Z,0.0
162.191,162.188,1028,0.0,USDJPY,1784061365182,2026-07-14T20:36:05.182000Z,0.0
162.191,162.188,1026,0.0,USDJPY,1784061366157,2026-07-14T20:36:06.157000Z,0.0
162.191,162.189,1026,0.0,USDJPY,1784061366680,2026-07-14T20:36:06.680000Z,0.0
162.191,162.188,1026,0.0,USDJPY,1784061368370,2026-07-14T20:36:08.370000Z,0.0
162.191,162.188,1026,0.0,USDJPY,1784061370149,2026-07-14T20:36:10.149000Z,0.0
162.19,162.188,1028,0.0,USDJPY,1784061371941,2026-07-14T20:36:11.941000Z,0.0
162.191,162.189,1026,0.0,USDJPY,1784061373513,2026-07-14T20:36:13.513000Z,0.0
162.191,162.189,1030,0.0,USDJPY,1784061375163,2026-07-14T20:36:15.163000Z,0.0
162.189,162.186,1030,0.0,USDJPY,1784061376683,2026-07-14T20:36:16.683000Z,0.0
162.187,162.185,1030,0.0,USDJPY,1784061377788,2026-07-14T20:36:17.788000Z,0.0
162.189,162.186,1030,0.0,USDJPY,1784061378136,2026-07-14T20:36:18.136000Z,0.0
162.187,162.185,1030,0.0,USDJPY,1784061379565,2026-07-14T20:36:19.565000Z,0.0
162.186,162.184,1030,0.0,USDJPY,1784061383020,2026-07-14T20:36:23.020000Z,0.0
162.187,162.185,1030,0.0,USDJPY,1784061384522,2026-07-14T20:36:24.522000Z,0.0
162.188,162.186,1030,0.0,USDJPY,1784061385113,2026-07-14T20:36:25.113000Z,0.0
162.188,162.185,1026,0.0,USDJPY,1784061386126,2026-07-14T20:36:26.126000Z,0.0
162.191,162.188,1026,0.0,USDJPY,1784061387929,2026-07-14T20:36:27.929000Z,0.0
162.192,162.19,1026,0.0,USDJPY,1784061389063,2026-07-14T20:36:29.063000Z,0.0
162.192,162.189,1026,0.0,USDJPY,1784061389181,2026-07-14T20:36:29.181000Z,0.0
162.192,162.189,1028,0.0,USDJPY,1784061390997,2026-07-14T20:36:30.997000Z,0.0
162.191,162.188,1030,0.0,USDJPY,1784061391714,2026-07-14T20:36:31.714000Z,0.0
162.191,162.188,1028,0.0,USDJPY,1784061395715,2026-07-14T20:36:35.715000Z,0.0
162.191,162.188,1026,0.0,USDJPY,1784061401788,2026-07-14T20:36:41.788000Z,0.0
162.192,162.189,1026,0.0,USDJPY,1784061405339,2026-07-14T20:36:45.339000Z,0.0
162.19,162.188,4,0.0,USDJPY,1784061416447,2026-07-14T20:36:56.447000Z,0.0
162.192,162.187,4,0.0,USDJPY,1784061417806,2026-07-14T20:36:57.806000Z,0.0
162.191,162.188,1030,0.0,USDJPY,1784061423888,2026-07-14T20:37:03.888000Z,0.0
162.191,162.188,1026,0.0,USDJPY,1784061424364,2026-07-14T20:37:04.364000Z,0.0
162.191,162.189,1026,0.0,USDJPY,1784061427227,2026-07-14T20:37:07.227000Z,0.0
162.191,162.188,1028,0.0,USDJPY,1784061429271,2026-07-14T20:37:09.271000Z,0.0
162.19,162.187,1030,0.0,USDJPY,1784061434692,2026-07-14T20:37:14.692000Z,0.0
162.191,162.188,1028,0.0,USDJPY,1784061435833,2026-07-14T20:37:15.833000Z,0.0
162.191,162.188,1028,0.0,USDJPY,1784061437171,2026-07-14T20:37:17.171000Z,0.0
162.192,162.189,1030,0.0,USDJPY,1784061437562,2026-07-14T20:37:17.562000Z,0.0
162.192,162.189,1028,0.0,USDJPY,1784061439700,2026-07-14T20:37:19.700000Z,0.0
162.192,162.189,1026,0.0,USDJPY,1784061441533,2026-07-14T20:37:21.533000Z,0.0
162.193,162.19,1028,0.0,USDJPY,1784061442511,2026-07-14T20:37:22.511000Z,0.0
162.194,162.191,1026,0.0,USDJPY,1784061446625,2026-07-14T20:37:26.625000Z,0.0
162.193,162.191,1026,0.0,USDJPY,1784061448109,2026-07-14T20:37:28.109000Z,0.0
162.195,162.192,1028,0.0,USDJPY,1784061448335,2026-07-14T20:37:28.335000Z,0.0
162.193,162.191,1028,0.0,USDJPY,1784061450199,2026-07-14T20:37:30.199000Z,0.0
162.193,162.191,1028,0.0,USDJPY,1784061451459,2026-07-14T20:37:31.459000Z,0.0
162.192,162.189,1030,0.0,USDJPY,1784061454688,2026-07-14T20:37:34.688000Z,0.0
162.194,162.191,1030,0.0,USDJPY,1784061457013,2026-07-14T20:37:37.013000Z,0.0
162.196,162.192,1026,0.0,USDJPY,1784061460240,2026-07-14T20:37:40.240000Z,0.0
162.194,162.192,1028,0.0,USDJPY,1784061460391,2026-07-14T20:37:40.391000Z,0.0
162.193,162.191,1030,0.0,USDJPY,1784061462779,2026-07-14T20:37:42.779000Z,0.0
162.197,162.194,1028,0.0,USDJPY,1784061464678,2026-07-14T20:37:44.678000Z,0.0
162.196,162.194,1028,0.0,USDJPY,1784061465007,2026-07-14T20:37:45.007000Z,0.0
162.196,162.194,1030,0.0,USDJPY,1784061466355,2026-07-14T20:37:46.355000Z,0.0
162.195,162.193,1030,0.0,USDJPY,1784061468836,2026-07-14T20:37:48.836000Z,0.0
162.194,162.192,1028,0.0,USDJPY,1784061469344,2026-07-14T20:37:49.344000Z,0.0
162.194,162.192,1030,0.0,USDJPY,1784061472316,2026-07-14T20:37:52.316000Z,0.0
162.192,162.19,1026,0.0,USDJPY,1784061477009,2026-07-14T20:37:57.009000Z,0.0
162.191,162.189,1026,0.0,USDJPY,1784061480262,2026-07-14T20:38:00.262000Z,0.0
162.191,162.189,1026,0.0,USDJPY,1784061483502,2026-07-14T20:38:03.502000Z,0.0
162.198,162.195,1028,0.0,USDJPY,1784061484618,2026-07-14T20:38:04.618000Z,0.0
162.196,162.194,1028,0.0,USDJPY,1784061485126,2026-07-14T20:38:05.126000Z,0.0
162.197,162.195,1030,0.0,USDJPY,1784061486730,2026-07-14T20:38:06.730000Z,0.0
162.196,162.194,1026,0.0,USDJPY,1784061488076,2026-07-14T20:38:08.076000Z,0.0
162.193,162.191,1026,0.0,USDJPY,1784061489216,2026-07-14T20:38:09.216000Z,0.0
162.193,162.19,1026,0.0,USDJPY,1784061490305,2026-07-14T20:38:10.305000Z,0.0
162.198,162.196,1026,0.0,USDJPY,1784061492951,2026-07-14T20:38:12.951000Z,0.0
162.198,162.195,1026,0.0,USDJPY,1784061494086,2026-07-14T20:38:14.086000Z,0.0
162.198,162.196,1030,0.0,USDJPY,1784061495072,2026-07-14T20:38:15.072000Z,0.0
162.199,162.196,1030,0.0,USDJPY,1784061496102,2026-07-14T20:38:16.102000Z,0.0
162.198,162.196,1030,0.0,USDJPY,1784061497191,2026-07-14T20:38:17.191000Z,0.0
162.198,162.195,1030,0.0,USDJPY,1784061498362,2026-07-14T20:38:18.362000Z,0.0
162.198,162.196,1026,0.0,USDJPY,1784061499366,2026-07-14T20:38:19.366000Z,0.0
162.199,162.196,1028,0.0,USDJPY,1784061500296,2026-07-14T20:38:20.296000Z,0.0
162.197,162.195,1026,0.0,USDJPY,1784061501606,2026-07-14T20:38:21.606000Z,0.0
162.198,162.195,1026,0.0,USDJPY,1784061502187,2026-07-14T20:38:22.187000Z,0.0
162.196,162.192,1030,0.0,USDJPY,1784061504987,2026-07-14T20:38:24.987000Z,0.0
162.193,162.191,1026,0.0,USDJPY,1784061506032,2026-07-14T20:38:26.032000Z,0.0
162.194,162.191,1028,0.0,USDJPY,1784061510057,2026-07-14T20:38:30.057000Z,0.0
162.194,162.191,1028,0.0,USDJPY,1784061511280,2026-07-14T20:38:31.280000Z,0.0
162.194,162.191,1026,0.0,USDJPY,1784061512292,2026-07-14T20:38:32.292000Z,0.0
162.197,162.195,1028,0.0,USDJPY,1784061513194,2026-07-14T20:38:33.194000Z,0.0
162.197,162.194,1026,0.0,USDJPY,1784061514538,2026-07-14T20:38:34.538000Z,0.0
162.196,162.194,1028,0.0,USDJPY,1784061515047,2026-07-14T20:38:35.047000Z,0.0
162.197,162.194,1026,0.0,USDJPY,1784061516361,2026-07-14T20:38:36.361000Z,0.0
162.197,162.195,1026,0.0,USDJPY,1784061517792,2026-07-14T20:38:37.792000Z,0.0
162.197,162.195,1026,0.0,USDJPY,1784061518521,2026-07-14T20:38:38.521000Z,0.0
162.198,162.195,1028,0.0,USDJPY,1784061519898,2026-07-14T20:38:39.898000Z,0.0
162.198,162.195,1028,0.0,USDJPY,1784061520636,2026-07-14T20:38:40.636000Z,0.0
162.197,162.194,1026,0.0,USDJPY,1784061522044,2026-07-14T20:38:42.044000Z,0.0
162.196,162.193,1028,0.0,USDJPY,1784061528432,2026-07-14T20:38:48.432000Z,0.0
162.197,162.194,1026,0.0,USDJPY,1784061528588,2026-07-14T20:38:48.588000Z,0.0
162.198,162.195,1028,0.0,USDJPY,1784061532231,2026-07-14T20:38:52.231000Z,0.0
162.196,162.193,1026,0.0,USDJPY,1784061533431,2026-07-14T20:38:53.431000Z,0.0
162.197,162.194,1028,0.0,USDJPY,1784061533929,2026-07-14T20:38:53.929000Z,0.0
162.194,162.191,1030,0.0,USDJPY,1784061535854,2026-07-14T20:38:55.854000Z,0.0
162.193,162.191,1028,0.0,USDJPY,1784061536137,2026-07-14T20:38:56.137000Z,0.0
162.194,162.191,1028,0.0,USDJPY,1784061539056,2026-07-14T20:38:59.056000Z,0.0
162.194,162.191,1026,0.0,USDJPY,1784061539575,2026-07-14T20:38:59.575000Z,0.0
162.196,162.194,1028,0.0,USDJPY,1784061541064,2026-07-14T20:39:01.064000Z,0.0
162.197,162.194,1028,0.0,USDJPY,1784061543042,2026-07-14T20:39:03.042000Z,0.0
162.197,162.195,1026,0.0,USDJPY,1784061545217,2026-07-14T20:39:05.217000Z,0.0
162.198,162.195,1028,0.0,USDJPY,1784061546164,2026-07-14T20:39:06.164000Z,0.0
162.198,162.196,1026,0.0,USDJPY,1784061546943,2026-07-14T20:39:06.943000Z,0.0
162.197,162.194,1026,0.0,USDJPY,1784061549452,2026-07-14T20:39:09.452000Z,0.0
162.197,162.194,1026,0.0,USDJPY,1784061550942,2026-07-14T20:39:10.942000Z,0.0
162.199,162.197,1026,0.0,USDJPY,1784061552056,2026-07-14T20:39:12.056000Z,0.0
162.199,162.196,1028,0.0,USDJPY,1784061552932,2026-07-14T20:39:12.932000Z,0.0
162.197,162.195,1028,0.0,USDJPY,1784061554206,2026-07-14T20:39:14.206000Z,0.0
162.198,162.195,1026,0.0,USDJPY,1784061555267,2026-07-14T20:39:15.267000Z,0.0
162.198,162.195,1028,0.0,USDJPY,1784061556324,2026-07-14T20:39:16.324000Z,0.0
162.199,162.196,1026,0.0,USDJPY,1784061556538,2026-07-14T20:39:16.538000Z,0.0
162.199,162.196,1030,0.0,USDJPY,1784061559540,2026-07-14T20:39:19.540000Z,0.0
162.199,162.196,1030,0.0,USDJPY,1784061560545,2026-07-14T20:39:20.545000Z,0.0
162.199,162.196,1030,0.0,USDJPY,1784061561253,2026-07-14T20:39:21.253000Z,0.0
162.196,162.193,1028,0.0,USDJPY,1784061562618,2026-07-14T20:39:22.618000Z,0.0
162.197,162.194,1028,0.0,USDJPY,1784061563762,2026-07-14T20:39:23.762000Z,0.0
162.197,162.194,1026,0.0,USDJPY,1784061564341,2026-07-14T20:39:24.341000Z,0.0
162.197,162.195,1026,0.0,USDJPY,1784061565989,2026-07-14T20:39:25.989000Z,0.0
162.197,162.194,1026,0.0,USDJPY,1784061568039,2026-07-14T20:39:28.039000Z,0.0
162.197,162.195,1026,0.0,USDJPY,1784061568326,2026-07-14T20:39:28.326000Z,0.0
162.197,162.194,1028,0.0,USDJPY,1784061570107,2026-07-14T20:39:30.107000Z,0.0
162.198,162.196,1026,0.0,USDJPY,1784061571197,2026-07-14T20:39:31.197000Z,0.0
162.199,162.196,1028,0.0,USDJPY,1784061572204,2026-07-14T20:39:32.204000Z,0.0
162.199,162.197,1026,0.0,USDJPY,1784061572423,2026-07-14T20:39:32.423000Z,0.0
162.2,162.198,1030,0.0,USDJPY,1784061574501,2026-07-14T20:39:34.501000Z,0.0
162.199,162.196,1028,0.0,USDJPY,1784061575604,2026-07-14T20:39:35.604000Z,0.0
162.198,162.196,1030,0.0,USDJPY,1784061575885,2026-07-14T20:39:35.885000Z,0.0
162.197,162.195,1028,0.0,USDJPY,1784061578827,2026-07-14T20:39:38.827000Z,0.0
162.197,162.195,1026,0.0,USDJPY,1784061579492,2026-07-14T20:39:39.492000Z,0.0
162.198,162.196,1028,0.0,USDJPY,1784061581951,2026-07-14T20:39:41.951000Z,0.0
162.197,162.195,1028,0.0,USDJPY,1784061582951,2026-07-14T20:39:42.951000Z,0.0
162.194,162.192,1030,0.0,USDJPY,1784061584249,2026-07-14T20:39:44.249000Z,0.0
162.195,162.193,1026,0.0,USDJPY,1784061584393,2026-07-14T20:39:44.393000Z,0.0
162.195,162.193,1030,0.0,USDJPY,1784061585576,2026-07-14T20:39:45.576000Z,0.0
162.193,162.191,1028,0.0,USDJPY,1784061588516,2026-07-14T20:39:48.516000Z,0.0
162.194,162.192,1030,0.0,USDJPY,1784061588680,2026-07-14T20:39:48.680000Z,0.0
162.194,162.192,1030,0.0,USDJPY,1784061590731,2026-07-14T20:39:50.731000Z,0.0
162.194,162.192,1026,0.0,USDJPY,1784061592648,2026-07-14T20:39:52.648000Z,0.0
162.194,162.192,1026,0.0,USDJPY,1784061593159,2026-07-14T20:39:53.159000Z,0.0
162.189,162.186,1030,0.0,USDJPY,1784061596137,2026-07-14T20:39:56.137000Z,0.0
162.188,162.186,1028,0.0,USDJPY,1784061596383,2026-07-14T20:39:56.383000Z,0.0
162.19,162.187,1030,0.0,USDJPY,1784061598243,2026-07-14T20:39:58.243000Z,0.0
162.19,162.187,1026,0.0,USDJPY,1784061599339,2026-07-14T20:39:59.339000Z,0.0
162.191,162.188,1030,0.0,USDJPY,1784061599360,2026-07-14T20:39:59.360000Z,0.0
162.19,162.187,1026,0.0,USDJPY,1784061601474,2026-07-14T20:40:01.474000Z,0.0
162.189,162.187,1030,0.0,USDJPY,1784061602471,2026-07-14T20:40:02.471000Z,0.0
162.188,162.185,1026,0.0,USDJPY,1784061603588,2026-07-14T20:40:03.588000Z,0.0
162.187,162.185,1026,0.0,USDJPY,1784061604329,2026-07-14T20:40:04.329000Z,0.0
162.187,162.185,1030,0.0,USDJPY,1784061606692,2026-07-14T20:40:06.692000Z,0.0
162.186,162.184,1028,0.0,USDJPY,1784061607266,2026-07-14T20:40:07.266000Z,0.0
162.185,162.183,1028,0.0,USDJPY,1784061608510,2026-07-14T20:40:08.510000Z,0.0
162.185,162.183,1026,0.0,USDJPY,1784061610166,2026-07-14T20:40:10.166000Z,0.0
162.184,162.182,1028,0.0,USDJPY,1784061610374,2026-07-14T20:40:10.374000Z,0.0
162.185,162.183,1030,0.0,USDJPY,1784061611867,2026-07-14T20:40:11.867000Z,0.0
162.185,162.183,1030,0.0,USDJPY,1784061613633,2026-07-14T20:40:13.633000Z,0.0
162.185,162.183,1030,0.0,USDJPY,1784061613840,2026-07-14T20:40:13.840000Z,0.0
162.185,162.183,1030,0.0,USDJPY,1784061615766,2026-07-14T20:40:15.766000Z,0.0
162.184,162.182,1030,0.0,USDJPY,1784061617644,2026-07-14T20:40:17.644000Z,0.0
162.185,162.183,1030,0.0,USDJPY,1784061618425,2026-07-14T20:40:18.425000Z,0.0
162.185,162.183,1026,0.0,USDJPY,1784061620194,2026-07-14T20:40:20.194000Z,0.0
162.184,162.182,1030,0.0,USDJPY,1784061621237,2026-07-14T20:40:21.237000Z,0.0
162.185,162.182,1028,0.0,USDJPY,1784061622493,2026-07-14T20:40:22.493000Z,0.0
162.186,162.183,1026,0.0,USDJPY,1784061623154,2026-07-14T20:40:23.154000Z,0.0
162.184,162.182,1028,0.0,USDJPY,1784061625277,2026-07-14T20:40:25.277000Z,0.0
162.185,162.183,1030,0.0,USDJPY,1784061628818,2026-07-14T20:40:28.818000Z,0.0
162.187,162.184,1026,0.0,USDJPY,1784061630465,2026-07-14T20:40:30.465000Z,0.0
162.187,162.185,1026,0.0,USDJPY,1784061630820,2026-07-14T20:40:30.820000Z,0.0
162.187,162.184,1026,0.0,USDJPY,1784061632863,2026-07-14T20:40:32.863000Z,0.0
162.187,162.185,1026,0.0,USDJPY,1784061634165,2026-07-14T20:40:34.165000Z,0.0
162.187,162.185,1030,0.0,USDJPY,1784061634863,2026-07-14T20:40:34.863000Z,0.0
162.187,162.185,1030,0.0,USDJPY,1784061636504,2026-07-14T20:40:36.504000Z,0.0
162.186,162.184,1030,0.0,USDJPY,1784061636574,2026-07-14T20:40:36.574000Z,0.0
162.187,162.185,1026,0.0,USDJPY,1784061638114,2026-07-14T20:40:38.114000Z,0.0
162.185,162.183,1030,0.0,USDJPY,1784061641095,2026-07-14T20:40:41.095000Z,0.0
162.186,162.184,1030,0.0,USDJPY,1784061642115,2026-07-14T20:40:42.115000Z,0.0
162.182,162.18,1030,0.0,USDJPY,1784061644422,2026-07-14T20:40:44.422000Z,0.0
162.182,162.18,1030,0.0,USDJPY,1784061644692,2026-07-14T20:40:44.692000Z,0.0
162.185,162.183,1030,0.0,USDJPY,1784061645841,2026-07-14T20:40:45.841000Z,0.0
162.186,162.184,1030,0.0,USDJPY,1784061646927,2026-07-14T20:40:46.927000Z,0.0
162.187,162.185,1030,0.0,USDJPY,1784061650157,2026-07-14T20:40:50.157000Z,0.0
162.188,162.186,1030,0.0,USDJPY,1784061650405,2026-07-14T20:40:50.405000Z,0.0
162.188,162.185,1026,0.0,USDJPY,1784061654971,2026-07-14T20:40:54.971000Z,0.0
162.188,162.186,1030,0.0,USDJPY,1784061656063,2026-07-14T20:40:56.063000Z,0.0
162.188,162.186,1030,0.0,USDJPY,1784061659186,2026-07-14T20:40:59.186000Z,0.0
162.187,162.185,1030,0.0,USDJPY,1784061660035,2026-07-14T20:41:00.035000Z,0.0
162.188,162.186,1030,0.0,USDJPY,1784061662038,2026-07-14T20:41:02.038000Z,0.0
162.187,162.185,1030,0.0,USDJPY,1784061663245,2026-07-14T20:41:03.245000Z,0.0
162.188,162.186,1030,0.0,USDJPY,1784061664586,2026-07-14T20:41:04.586000Z,0.0
162.188,162.185,1026,0.0,USDJPY,1784061667053,2026-07-14T20:41:07.053000Z,0.0
162.187,162.185,1030,0.0,USDJPY,1784061668557,2026-07-14T20:41:08.557000Z,0.0
162.186,162.184,1030,0.0,USDJPY,1784061669050,2026-07-14T20:41:09.050000Z,0.0
162.186,162.184,1030,0.0,USDJPY,1784061670309,2026-07-14T20:41:10.309000Z,0.0
162.186,162.184,1030,0.0,USDJPY,1784061671972,2026-07-14T20:41:11.972000Z,0.0
162.185,162.183,1028,0.0,USDJPY,1784061677353,2026-07-14T20:41:17.353000Z,0.0
162.186,162.184,1030,0.0,USDJPY,1784061678551,2026-07-14T20:41:18.551000Z,0.0
162.186,162.184,1030,0.0,USDJPY,1784061681062,2026-07-14T20:41:21.062000Z,0.0
162.186,162.184,1030,0.0,USDJPY,1784061684061,2026-07-14T20:41:24.061000Z,0.0
162.186,162.183,1026,0.0,USDJPY,1784061691299,2026-07-14T20:41:31.299000Z,0.0
162.186,162.184,1026,0.0,USDJPY,1784061691357,2026-07-14T20:41:31.357000Z,0.0
162.186,162.184,1026,0.0,USDJPY,1784061696724,2026-07-14T20:41:36.724000Z,0.0
162.188,162.186,1030,0.0,USDJPY,1784061700323,2026-07-14T20:41:40.323000Z,0.0
162.187,162.185,1030,0.0,USDJPY,1784061700735,2026-07-14T20:41:40.735000Z,0.0
162.188,162.186,1026,0.0,USDJPY,1784061703400,2026-07-14T20:41:43.400000Z,0.0
162.187,162.184,1026,0.0,USDJPY,1784061703944,2026-07-14T20:41:43.944000Z,0.0
162.188,162.186,1026,0.0,USDJPY,1784061708397,2026-07-14T20:41:48.397000Z,0.0
162.187,162.184,1030,0.0,USDJPY,1784061709293,2026-07-14T20:41:49.293000Z,0.0
162.187,162.184,1026,0.0,USDJPY,1784061711624,2026-07-14T20:41:51.624000Z,0.0
162.187,162.184,1026,0.0,USDJPY,1784061712527,2026-07-14T20:41:52.527000Z,0.0
162.187,162.184,1026,0.0,USDJPY,1784061713704,2026-07-14T20:41:53.704000Z,0.0
162.186,162.183,1030,0.0,USDJPY,1784061715073,2026-07-14T20:41:55.073000Z,0.0
162.187,162.184,1026,0.0,USDJPY,1784061716951,2026-07-14T20:41:56.951000Z,0.0
162.185,162.183,1026,0.0,USDJPY,1784061718489,2026-07-14T20:41:58.489000Z,0.0
162.186,162.183,1026,0.0,USDJPY,1784061718904,2026-07-14T20:41:58.904000Z,0.0
162.186,162.183,1026,0.0,USDJPY,1784061720495,2026-07-14T20:42:00.495000Z,0.0
162.187,162.184,1028,0.0,USDJPY,1784061721829,2026-07-14T20:42:01.829000Z,0.0
162.187,162.184,1028,0.0,USDJPY,1784061722931,2026-07-14T20:42:02.931000Z,0.0
162.186,162.183,1030,0.0,USDJPY,1784061723214,2026-07-14T20:42:03.214000Z,0.0
162.187,162.184,1026,0.0,USDJPY,1784061724603,2026-07-14T20:42:04.603000Z,0.0
162.186,162.184,1028,0.0,USDJPY,1784061727282,2026-07-14T20:42:07.282000Z,0.0
162.187,162.184,1028,0.0,USDJPY,1784061728336,2026-07-14T20:42:08.336000Z,0.0
162.186,162.183,1026,0.0,USDJPY,1784061729085,2026-07-14T20:42:09.085000Z,0.0
162.185,162.182,1028,0.0,USDJPY,1784061730444,2026-07-14T20:42:10.444000Z,0.0
162.185,162.183,1026,0.0,USDJPY,1784061731581,2026-07-14T20:42:11.581000Z,0.0
162.185,162.182,1026,0.0,USDJPY,1784061732238,2026-07-14T20:42:12.238000Z,0.0
162.184,162.182,1028,0.0,USDJPY,1784061733359,2026-07-14T20:42:13.359000Z,0.0
162.185,162.182,1026,0.0,USDJPY,1784061734719,2026-07-14T20:42:14.719000Z,0.0
162.185,162.183,1026,0.0,USDJPY,1784061735848,2026-07-14T20:42:15.848000Z,0.0
162.186,162.184,1030,0.0,USDJPY,1784061738573,2026-07-14T20:42:18.573000Z,0.0
162.186,162.184,1026,0.0,USDJPY,1784061739690,2026-07-14T20:42:19.690000Z,0.0
162.185,162.183,1030,0.0,USDJPY,1784061742672,2026-07-14T20:42:22.672000Z,0.0
162.181,162.178,1028,0.0,USDJPY,1784061745721,2026-07-14T20:42:25.721000Z,0.0
162.18,162.178,1028,0.0,USDJPY,1784061745847,2026-07-14T20:42:25.847000Z,0.0
162.18,162.178,1026,0.0,USDJPY,1784061753299,2026-07-14T20:42:33.299000Z,0.0
162.184,162.181,1028,0.0,USDJPY,1784061754386,2026-07-14T20:42:34.386000Z,0.0
162.182,162.18,1026,0.0,USDJPY,1784061755635,2026-07-14T20:42:35.635000Z,0.0
162.182,162.18,1030,0.0,USDJPY,1784061756208,2026-07-14T20:42:36.208000Z,0.0
162.183,162.181,1026,0.0,USDJPY,1784061762183,2026-07-14T20:42:42.183000Z,0.0
162.183,162.181,1030,0.0,USDJPY,1784061762420,2026-07-14T20:42:42.420000Z,0.0
162.184,162.182,1028,0.0,USDJPY,1784061764352,2026-07-14T20:42:44.352000Z,0.0
162.183,162.181,1030,0.0,USDJPY,1784061765521,2026-07-14T20:42:45.521000Z,0.0
162.182,162.18,1030,0.0,USDJPY,1784061766390,2026-07-14T20:42:46.390000Z,0.0
162.182,162.18,1030,0.0,USDJPY,1784061767261,2026-07-14T20:42:47.261000Z,0.0
162.183,162.181,1030,0.0,USDJPY,1784061767879,2026-07-14T20:42:47.879000Z,0.0
162.185,162.183,1028,0.0,USDJPY,1784061771515,2026-07-14T20:42:51.515000Z,0.0
162.185,162.183,1030,0.0,USDJPY,1784061772227,2026-07-14T20:42:52.227000Z,0.0
162.186,162.184,1030,0.0,USDJPY,1784061773840,2026-07-14T20:42:53.840000Z,0.0
162.186,162.183,1026,0.0,USDJPY,1784061776089,2026-07-14T20:42:56.089000Z,0.0
162.186,162.183,1028,0.0,USDJPY,1784061778112,2026-07-14T20:42:58.112000Z,0.0
162.185,162.183,1026,0.0,USDJPY,1784061780524,2026-07-14T20:43:00.524000Z,0.0
162.186,162.183,1026,0.0,USDJPY,1784061781549,2026-07-14T20:43:01.549000Z,0.0
162.187,162.184,1026,0.0,USDJPY,1784061781930,2026-07-14T20:43:01.930000Z,0.0
162.184,162.181,1028,0.0,USDJPY,1784061783566,2026-07-14T20:43:03.566000Z,0.0
162.183,162.18,1026,0.0,USDJPY,1784061784772,2026-07-14T20:43:04.772000Z,0.0
162.182,162.179,1026,0.0,USDJPY,1784061785846,2026-07-14T20:43:05.846000Z,0.0
162.182,162.18,1030,0.0,USDJPY,1784061786136,2026-07-14T20:43:06.136000Z,0.0
162.182,162.179,1026,0.0,USDJPY,1784061788071,2026-07-14T20:43:08.071000Z,0.0
162.183,162.18,1028,0.0,USDJPY,1784061793114,2026-07-14T20:43:13.114000Z,0.0
162.176,162.174,1030,0.0,USDJPY,1784061793928,2026-07-14T20:43:13.928000Z,0.0
162.177,162.175,1030,0.0,USDJPY,1784061795477,2026-07-14T20:43:15.477000Z,0.0
162.177,162.175,1028,0.0,USDJPY,1784061796319,2026-07-14T20:43:16.319000Z,0.0
162.176,162.174,1030,0.0,USDJPY,1784061797299,2026-07-14T20:43:17.299000Z,0.0
162.177,162.174,1026,0.0,USDJPY,1784061799438,2026-07-14T20:43:19.438000Z,0.0
162.177,162.175,1028,0.0,USDJPY,1784061800683,2026-07-14T20:43:20.683000Z,0.0
162.178,162.175,1028,0.0,USDJPY,1784061801870,2026-07-14T20:43:21.870000Z,0.0
162.177,162.175,1028,0.0,USDJPY,1784061802012,2026-07-14T20:43:22.012000Z,0.0
162.176,162.174,1028,0.0,USDJPY,1784061804019,2026-07-14T20:43:24.019000Z,0.0
162.177,162.174,1026,0.0,USDJPY,1784061806041,2026-07-14T20:43:26.041000Z,0.0
162.177,162.175,1030,0.0,USDJPY,1784061808039,2026-07-14T20:43:28.039000Z,0.0
162.176,162.174,1030,0.0,USDJPY,1784061808622,2026-07-14T20:43:28.622000Z,0.0
162.176,162.174,1026,0.0,USDJPY,1784061810445,2026-07-14T20:43:30.445000Z,0.0
162.177,162.174,1030,0.0,USDJPY,1784061810857,2026-07-14T20:43:30.857000Z,0.0
162.176,162.173,1028,0.0,USDJPY,1784061812496,2026-07-14T20:43:32.496000Z,0.0
162.174,162.172,1028,0.0,USDJPY,1784061813555,2026-07-14T20:43:33.555000Z,0.0
162.175,162.173,1030,0.0,USDJPY,1784061814266,2026-07-14T20:43:34.266000Z,0.0
162.176,162.174,1030,0.0,USDJPY,1784061815271,2026-07-14T20:43:35.271000Z,0.0
162.177,162.175,1030,0.0,USDJPY,1784061817648,2026-07-14T20:43:37.648000Z,0.0
162.178,162.176,1030,0.0,USDJPY,1784061818799,2026-07-14T20:43:38.799000Z,0.0
162.178,162.175,1028,0.0,USDJPY,1784061819918,2026-07-14T20:43:39.918000Z,0.0
162.177,162.175,1030,0.0,USDJPY,1784061820781,2026-07-14T20:43:40.781000Z,0.0
162.177,162.175,1030,0.0,USDJPY,1784061821776,2026-07-14T20:43:41.776000Z,0.0
162.177,162.175,1028,0.0,USDJPY,1784061825376,2026-07-14T20:43:45.376000Z,0.0
162.178,162.176,1030,0.0,USDJPY,1784061826485,2026-07-14T20:43:46.485000Z,0.0
162.177,162.175,1030,0.0,USDJPY,1784061828414,2026-07-14T20:43:48.414000Z,0.0
162.177,162.175,1028,0.0,USDJPY,1784061828701,2026-07-14T20:43:48.701000Z,0.0
162.177,162.174,1026,0.0,USDJPY,1784061835164,2026-07-14T20:43:55.164000Z,0.0
162.178,162.176,1026,0.0,USDJPY,1784061837085,2026-07-14T20:43:57.085000Z,0.0
162.177,162.175,1030,0.0,USDJPY,1784061838177,2026-07-14T20:43:58.177000Z,0.0
162.177,162.175,1030,0.0,USDJPY,1784061839242,2026-07-14T20:43:59.242000Z,0.0
162.176,162.174,1030,0.0,USDJPY,1784061839535,2026-07-14T20:43:59.535000Z,0.0
162.176,162.173,1026,0.0,USDJPY,1784061842695,2026-07-14T20:44:02.695000Z,0.0
162.175,162.173,1030,0.0,USDJPY,1784061843216,2026-07-14T20:44:03.216000Z,0.0
162.174,162.172,1028,0.0,USDJPY,1784061844863,2026-07-14T20:44:04.863000Z,0.0
162.173,162.171,1030,0.0,USDJPY,1784061845221,2026-07-14T20:44:05.221000Z,0.0
162.173,162.171,1030,0.0,USDJPY,1784061846401,2026-07-14T20:44:06.401000Z,0.0
162.174,162.172,1030,0.0,USDJPY,1784061850317,2026-07-14T20:44:10.317000Z,0.0
162.175,162.173,1030,0.0,USDJPY,1784061851056,2026-07-14T20:44:11.056000Z,0.0
162.174,162.172,1030,0.0,USDJPY,1784061853720,2026-07-14T20:44:13.720000Z,0.0
162.175,162.173,1030,0.0,USDJPY,1784061855707,2026-07-14T20:44:15.707000Z,0.0
162.174,162.172,1030,0.0,USDJPY,1784061856067,2026-07-14T20:44:16.067000Z,0.0
162.175,162.173,1026,0.0,USDJPY,1784061857881,2026-07-14T20:44:17.881000Z,0.0
162.174,162.172,1030,0.0,USDJPY,1784061858905,2026-07-14T20:44:18.905000Z,0.0
162.174,162.172,1030,0.0,USDJPY,1784061864381,2026-07-14T20:44:24.381000Z,0.0
162.176,162.173,1030,0.0,USDJPY,1784061867664,2026-07-14T20:44:27.664000Z,0.0
162.171,162.169,1030,0.0,USDJPY,1784061869044,2026-07-14T20:44:29.044000Z,0.0
162.165,162.162,1026,0.0,USDJPY,1784061870142,2026-07-14T20:44:30.142000Z,0.0
162.165,162.163,1026,0.0,USDJPY,1784061872229,2026-07-14T20:44:32.229000Z,0.0
162.164,162.162,1028,0.0,USDJPY,1784061874411,2026-07-14T20:44:34.411000Z,0.0
162.164,162.162,1026,0.0,USDJPY,1784061875177,2026-07-14T20:44:35.177000Z,0.0
162.164,162.161,1026,0.0,USDJPY,1784061876541,2026-07-14T20:44:36.541000Z,0.0
162.164,162.162,1026,0.0,USDJPY,1784061877286,2026-07-14T20:44:37.286000Z,0.0
162.164,162.162,1026,0.0,USDJPY,1784061878439,2026-07-14T20:44:38.439000Z,0.0
162.167,162.164,1030,0.0,USDJPY,1784061879521,2026-07-14T20:44:39.521000Z,0.0
162.166,162.164,1028,0.0,USDJPY,1784061881023,2026-07-14T20:44:41.023000Z,0.0
162.166,162.164,1028,0.0,USDJPY,1784061884412,2026-07-14T20:44:44.412000Z,0.0
162.167,162.165,1030,0.0,USDJPY,1784061885235,2026-07-14T20:44:45.235000Z,0.0
162.169,162.167,1030,0.0,USDJPY,1784061886484,2026-07-14T20:44:46.484000Z,0.0
162.168,162.166,1030,0.0,USDJPY,1784061887432,2026-07-14T20:44:47.432000Z,0.0
162.169,162.167,1030,0.0,USDJPY,1784061888141,2026-07-14T20:44:48.141000Z,0.0
162.168,162.166,1030,0.0,USDJPY,1784061889583,2026-07-14T20:44:49.583000Z,0.0
162.166,162.164,1030,0.0,USDJPY,1784061890346,2026-07-14T20:44:50.346000Z,0.0
162.167,162.165,1030,0.0,USDJPY,1784061894036,2026-07-14T20:44:54.036000Z,0.0
162.167,162.165,1030,0.0,USDJPY,1784061900810,2026-07-14T20:45:00.810000Z,0.0
162.167,162.165,1030,0.0,USDJPY,1784061905004,2026-07-14T20:45:05.004000Z,0.0
162.168,162.165,1028,0.0,USDJPY,1784061905898,2026-07-14T20:45:05.898000Z,0.0
162.168,162.166,1026,0.0,USDJPY,1784061906380,2026-07-14T20:45:06.380000Z,0.0
162.168,162.166,1030,0.0,USDJPY,1784061907794,2026-07-14T20:45:07.794000Z,0.0
162.17,162.168,1028,0.0,USDJPY,1784061909345,2026-07-14T20:45:09.345000Z,0.0
162.17,162.168,1030,0.0,USDJPY,1784061910155,2026-07-14T20:45:10.155000Z,0.0
162.171,162.169,1030,0.0,USDJPY,1784061911479,2026-07-14T20:45:11.479000Z,0.0
162.17,162.167,1028,0.0,USDJPY,1784061912259,2026-07-14T20:45:12.259000Z,0.0
162.169,162.167,1028,0.0,USDJPY,1784061913695,2026-07-14T20:45:13.695000Z,0.0
162.17,162.168,1026,0.0,USDJPY,1784061913969,2026-07-14T20:45:13.969000Z,0.0
162.17,162.167,1030,0.0,USDJPY,1784061917133,2026-07-14T20:45:17.133000Z,0.0
162.168,162.166,1028,0.0,USDJPY,1784061918198,2026-07-14T20:45:18.198000Z,0.0
162.168,162.166,1030,0.0,USDJPY,1784061920878,2026-07-14T20:45:20.878000Z,0.0
162.168,162.166,1030,0.0,USDJPY,1784061922574,2026-07-14T20:45:22.574000Z,0.0
162.166,162.164,1026,0.0,USDJPY,1784061923427,2026-07-14T20:45:23.427000Z,0.0
162.165,162.163,1030,0.0,USDJPY,1784061933007,2026-07-14T20:45:33.007000Z,0.0
162.165,162.163,1028,0.0,USDJPY,1784061934412,2026-07-14T20:45:34.412000Z,0.0
162.166,162.164,1030,0.0,USDJPY,1784061936034,2026-07-14T20:45:36.034000Z,0.0
162.165,162.163,1030,0.0,USDJPY,1784061938842,2026-07-14T20:45:38.842000Z,0.0
162.166,162.164,1030,0.0,USDJPY,1784061939407,2026-07-14T20:45:39.407000Z,0.0
162.166,162.163,1026,0.0,USDJPY,1784061940754,2026-07-14T20:45:40.754000Z,0.0
162.166,162.163,1026,0.0,USDJPY,1784061941739,2026-07-14T20:45:41.739000Z,0.0
162.166,162.164,1026,0.0,USDJPY,1784061942608,2026-07-14T20:45:42.608000Z,0.0
162.165,162.163,1030,0.0,USDJPY,1784061943406,2026-07-14T20:45:43.406000Z,0.0
162.165,162.163,1030,0.0,USDJPY,1784061947590,2026-07-14T20:45:47.590000Z,0.0
162.167,162.165,1030,0.0,USDJPY,1784061948346,2026-07-14T20:45:48.346000Z,0.0
162.165,162.163,1030,0.0,USDJPY,1784061949333,2026-07-14T20:45:49.333000Z,0.0
162.176,162.173,1030,0.0,USDJPY,1784061950966,2026-07-14T20:45:50.966000Z,0.0
162.176,162.174,1026,0.0,USDJPY,1784061951796,2026-07-14T20:45:51.796000Z,0.0
162.177,162.175,1030,0.0,USDJPY,1784061952542,2026-07-14T20:45:52.542000Z,0.0
162.178,162.176,1026,0.0,USDJPY,1784061953910,2026-07-14T20:45:53.910000Z,0.0
162.177,162.175,1028,0.0,USDJPY,1784061956363,2026-07-14T20:45:56.363000Z,0.0
162.177,162.175,1028,0.0,USDJPY,1784061957910,2026-07-14T20:45:57.910000Z,0.0
162.179,162.177,1030,0.0,USDJPY,1784061960615,2026-07-14T20:46:00.615000Z,0.0
162.179,162.177,1026,0.0,USDJPY,1784061963998,2026-07-14T20:46:03.998000Z,0.0
162.178,162.176,1030,0.0,USDJPY,1784061964963,2026-07-14T20:46:04.963000Z,0.0
162.178,162.176,1026,0.0,USDJPY,1784061966108,2026-07-14T20:46:06.108000Z,0.0
162.178,162.176,1026,0.0,USDJPY,1784061967971,2026-07-14T20:46:07.971000Z,0.0
162.179,162.177,1030,0.0,USDJPY,1784061970428,2026-07-14T20:46:10.428000Z,0.0
162.179,162.177,1030,0.0,USDJPY,1784061971721,2026-07-14T20:46:11.721000Z,0.0
162.179,162.177,1030,0.0,USDJPY,1784061972947,2026-07-14T20:46:12.947000Z,0.0
162.178,162.176,1030,0.0,USDJPY,1784061973035,2026-07-14T20:46:13.035000Z,0.0
162.178,162.176,1028,0.0,USDJPY,1784061975967,2026-07-14T20:46:15.967000Z,0.0
162.179,162.176,1028,0.0,USDJPY,1784061976750,2026-07-14T20:46:16.750000Z,0.0
162.177,162.175,1030,0.0,USDJPY,1784061978177,2026-07-14T20:46:18.177000Z,0.0
162.178,162.176,1030,0.0,USDJPY,1784061983705,2026-07-14T20:46:23.705000Z,0.0
162.177,162.175,1030,0.0,USDJPY,1784061984711,2026-07-14T20:46:24.711000Z,0.0
162.178,162.176,1028,0.0,USDJPY,1784061985211,2026-07-14T20:46:25.211000Z,0.0
162.178,162.176,1028,0.0,USDJPY,1784061987198,2026-07-14T20:46:27.198000Z,0.0
162.178,162.176,1030,0.0,USDJPY,1784061987555,2026-07-14T20:46:27.555000Z,0.0
162.178,162.176,1030,0.0,USDJPY,1784061989305,2026-07-14T20:46:29.305000Z,0.0
162.178,162.176,1030,0.0,USDJPY,1784061995902,2026-07-14T20:46:35.902000Z,0.0
162.179,162.177,1030,0.0,USDJPY,1784061997046,2026-07-14T20:46:37.046000Z,0.0
162.18,162.178,1030,0.0,USDJPY,1784061997421,2026-07-14T20:46:37.421000Z,0.0
162.181,162.179,1028,0.0,USDJPY,1784061999953,2026-07-14T20:46:39.953000Z,0.0
162.182,162.179,1028,0.0,USDJPY,1784062000460,2026-07-14T20:46:40.460000Z,0.0
162.181,162.179,1028,0.0,USDJPY,1784062001865,2026-07-14T20:46:41.865000Z,0.0
162.181,162.179,1030,0.0,USDJPY,1784062005229,2026-07-14T20:46:45.229000Z,0.0
162.181,162.179,1028,0.0,USDJPY,1784062009053,2026-07-14T20:46:49.053000Z,0.0
162.18,162.178,1030,0.0,USDJPY,1784062010051,2026-07-14T20:46:50.051000Z,0.0
162.181,162.179,1028,0.0,USDJPY,1784062012806,2026-07-14T20:46:52.806000Z,0.0
162.182,162.18,1030,0.0,USDJPY,1784062015388,2026-07-14T20:46:55.388000Z,0.0
162.185,162.183,1026,0.0,USDJPY,1784062016256,2026-07-14T20:46:56.256000Z,0.0
162.184,162.182,1030,0.0,USDJPY,1784062017056,2026-07-14T20:46:57.056000Z,0.0
162.183,162.181,1028,0.0,USDJPY,1784062018735,2026-07-14T20:46:58.735000Z,0.0
162.183,162.181,1030,0.0,USDJPY,1784062019856,2026-07-14T20:46:59.856000Z,0.0
162.183,162.181,1026,0.0,USDJPY,1784062020743,2026-07-14T20:47:00.743000Z,0.0
162.181,162.178,1028,0.0,USDJPY,1784062023118,2026-07-14T20:47:03.118000Z,0.0
162.182,162.18,1026,0.0,USDJPY,1784062024200,2026-07-14T20:47:04.200000Z,0.0
162.18,162.177,1028,0.0,USDJPY,1784062025021,2026-07-14T20:47:05.021000Z,0.0
162.178,162.176,1026,0.0,USDJPY,1784062031893,2026-07-14T20:47:11.893000Z,0.0
162.178,162.176,1026,0.0,USDJPY,1784062032522,2026-07-14T20:47:12.522000Z,0.0
162.18,162.177,1030,0.0,USDJPY,1784062037500,2026-07-14T20:47:17.500000Z,0.0
162.18,162.177,1026,0.0,USDJPY,1784062037525,2026-07-14T20:47:17.525000Z,0.0
162.183,162.18,1028,0.0,USDJPY,1784062041777,2026-07-14T20:47:21.777000Z,0.0
162.182,162.18,1030,0.0,USDJPY,1784062042956,2026-07-14T20:47:22.956000Z,0.0
162.183,162.181,1030,0.0,USDJPY,1784062043825,2026-07-14T20:47:23.825000Z,0.0
162.182,162.18,1030,0.0,USDJPY,1784062044196,2026-07-14T20:47:24.196000Z,0.0
162.183,162.181,1030,0.0,USDJPY,1784062045813,2026-07-14T20:47:25.813000Z,0.0
162.183,162.181,1026,0.0,USDJPY,1784062046679,2026-07-14T20:47:26.679000Z,0.0
162.182,162.18,1028,0.0,USDJPY,1784062048690,2026-07-14T20:47:28.690000Z,0.0
162.178,162.176,1030,0.0,USDJPY,1784062055374,2026-07-14T20:47:35.374000Z,0.0
162.175,162.173,1028,0.0,USDJPY,1784062060396,2026-07-14T20:47:40.396000Z,0.0
162.175,162.173,1026,0.0,USDJPY,1784062061464,2026-07-14T20:47:41.464000Z,0.0
162.174,162.172,1028,0.0,USDJPY,1784062063580,2026-07-14T20:47:43.580000Z,0.0
162.175,162.172,1026,0.0,USDJPY,1784062064816,2026-07-14T20:47:44.816000Z,0.0
162.175,162.173,1026,0.0,USDJPY,1784062065690,2026-07-14T20:47:45.690000Z,0.0
162.176,162.174,1026,0.0,USDJPY,1784062066804,2026-07-14T20:47:46.804000Z,0.0
162.176,162.174,1026,0.0,USDJPY,1784062068043,2026-07-14T20:47:48.043000Z,0.0
162.175,162.173,1026,0.0,USDJPY,1784062069038,2026-07-14T20:47:49.038000Z,0.0
162.175,162.173,1026,0.0,USDJPY,1784062069535,2026-07-14T20:47:49.535000Z,0.0
162.176,162.173,1028,0.0,USDJPY,1784062071047,2026-07-14T20:47:51.047000Z,0.0
162.175,162.173,1028,0.0,USDJPY,1784062074512,2026-07-14T20:47:54.512000Z,0.0
162.175,162.172,1026,0.0,USDJPY,1784062075270,2026-07-14T20:47:55.270000Z,0.0
162.177,162.174,1028,0.0,USDJPY,1784062076586,2026-07-14T20:47:56.586000Z,0.0
162.174,162.172,1030,0.0,USDJPY,1784062077243,2026-07-14T20:47:57.243000Z,0.0
162.176,162.173,1026,0.0,USDJPY,1784062078364,2026-07-14T20:47:58.364000Z,0.0
162.176,162.173,1026,0.0,USDJPY,1784062080107,2026-07-14T20:48:00.107000Z,0.0
162.176,162.173,1026,0.0,USDJPY,1784062081099,2026-07-14T20:48:01.099000Z,0.0
162.175,162.172,1030,0.0,USDJPY,1784062084569,2026-07-14T20:48:04.569000Z,0.0
162.174,162.171,1030,0.0,USDJPY,1784062087810,2026-07-14T20:48:07.810000Z,0.0
162.169,162.167,1028,0.0,USDJPY,1784062088903,2026-07-14T20:48:08.903000Z,0.0
162.169,162.166,1028,0.0,USDJPY,1784062089843,2026-07-14T20:48:09.843000Z,0.0
162.167,162.165,1026,0.0,USDJPY,1784062090789,2026-07-14T20:48:10.789000Z,0.0
162.167,162.164,1026,0.0,USDJPY,1784062091529,2026-07-14T20:48:11.529000Z,0.0
162.167,162.165,1026,0.0,USDJPY,1784062093019,2026-07-14T20:48:13.019000Z,0.0
162.166,162.164,1030,0.0,USDJPY,1784062094559,2026-07-14T20:48:14.559000Z,0.0
162.166,162.164,1030,0.0,USDJPY,1784062096003,2026-07-14T20:48:16.003000Z,0.0
162.164,162.162,1026,0.0,USDJPY,1784062100054,2026-07-14T20:48:20.054000Z,0.0
162.164,162.162,1028,0.0,USDJPY,1784062101801,2026-07-14T20:48:21.801000Z,0.0
162.165,162.162,1028,0.0,USDJPY,1784062102089,2026-07-14T20:48:22.089000Z,0.0
162.166,162.163,1028,0.0,USDJPY,1784062107380,2026-07-14T20:48:27.380000Z,0.0
162.165,162.162,1030,0.0,USDJPY,1784062108450,2026-07-14T20:48:28.450000Z,0.0
162.165,162.163,1030,0.0,USDJPY,1784062109026,2026-07-14T20:48:29.026000Z,0.0
162.166,162.163,1028,0.0,USDJPY,1784062110811,2026-07-14T20:48:30.811000Z,0.0
162.165,162.162,1026,0.0,USDJPY,1784062112929,2026-07-14T20:48:32.929000Z,0.0
162.166,162.163,1030,0.0,USDJPY,1784062114048,2026-07-14T20:48:34.048000Z,0.0
162.164,162.162,1028,0.0,USDJPY,1784062114848,2026-07-14T20:48:34.848000Z,0.0
162.165,162.163,1030,0.0,USDJPY,1784062119446,2026-07-14T20:48:39.446000Z,0.0
162.164,162.161,1026,0.0,USDJPY,1784062120354,2026-07-14T20:48:40.354000Z,0.0
162.164,162.162,1026,0.0,USDJPY,1784062120971,2026-07-14T20:48:40.971000Z,0.0
162.162,162.16,1028,0.0,USDJPY,1784062123846,2026-07-14T20:48:43.846000Z,0.0
162.162,162.16,1026,0.0,USDJPY,1784062124069,2026-07-14T20:48:44.069000Z,0.0
162.163,162.161,1030,0.0,USDJPY,1784062128105,2026-07-14T20:48:48.105000Z,0.0
162.162,162.16,1030,0.0,USDJPY,1784062128831,2026-07-14T20:48:48.831000Z,0.0
162.162,162.16,1030,0.0,USDJPY,1784062131055,2026-07-14T20:48:51.055000Z,0.0
162.163,162.161,1030,0.0,USDJPY,1784062131921,2026-07-14T20:48:51.921000Z,0.0
162.163,162.161,1030,0.0,USDJPY,1784062133395,2026-07-14T20:48:53.395000Z,0.0
162.163,162.161,1030,0.0,USDJPY,1784062135149,2026-07-14T20:48:55.149000Z,0.0
162.162,162.16,1026,0.0,USDJPY,1784062140386,2026-07-14T20:49:00.386000Z,0.0
162.163,162.161,1030,0.0,USDJPY,1784062140598,2026-07-14T20:49:00.598000Z,0.0
162.163,162.161,1028,0.0,USDJPY,1784062143740,2026-07-14T20:49:03.740000Z,0.0
162.16,162.158,1030,0.0,USDJPY,1784062144686,2026-07-14T20:49:04.686000Z,0.0
162.158,162.156,1030,0.0,USDJPY,1784062145044,2026-07-14T20:49:05.044000Z,0.0
162.159,162.156,1026,0.0,USDJPY,1784062150317,2026-07-14T20:49:10.317000Z,0.0
162.159,162.156,1026,0.0,USDJPY,1784062150963,2026-07-14T20:49:10.963000Z,0.0
162.159,162.157,1026,0.0,USDJPY,1784062152580,2026-07-14T20:49:12.580000Z,0.0
162.159,162.157,1030,0.0,USDJPY,1784062153302,2026-07-14T20:49:13.302000Z,0.0
162.161,162.159,1026,0.0,USDJPY,1784062154588,2026-07-14T20:49:14.588000Z,0.0
162.16,162.158,1028,0.0,USDJPY,1784062156728,2026-07-14T20:49:16.728000Z,0.0
162.161,162.158,1028,0.0,USDJPY,1784062159062,2026-07-14T20:49:19.062000Z,0.0
162.161,162.159,1030,0.0,USDJPY,1784062159971,2026-07-14T20:49:19.971000Z,0.0
162.16,162.158,1030,0.0,USDJPY,1784062161199,2026-07-14T20:49:21.199000Z,0.0
162.161,162.158,1028,0.0,USDJPY,1784062162186,2026-07-14T20:49:22.186000Z,0.0
162.162,162.16,1030,0.0,USDJPY,1784062163424,2026-07-14T20:49:23.424000Z,0.0
162.161,162.158,1026,0.0,USDJPY,1784062164373,2026-07-14T20:49:24.373000Z,0.0
162.161,162.159,1026,0.0,USDJPY,1784062164996,2026-07-14T20:49:24.996000Z,0.0
162.16,162.158,1030,0.0,USDJPY,1784062166572,2026-07-14T20:49:26.572000Z,0.0
162.16,162.158,1030,0.0,USDJPY,1784062168662,2026-07-14T20:49:28.662000Z,0.0
162.161,162.159,1030,0.0,USDJPY,1784062169797,2026-07-14T20:49:29.797000Z,0.0
162.161,162.159,1030,0.0,USDJPY,1784062171126,2026-07-14T20:49:31.126000Z,0.0
162.161,162.159,1030,0.0,USDJPY,1784062174463,2026-07-14T20:49:34.463000Z,0.0
162.162,162.16,1030,0.0,USDJPY,1784062177360,2026-07-14T20:49:37.360000Z,0.0
162.162,162.159,1026,0.0,USDJPY,1784062180969,2026-07-14T20:49:40.969000Z,0.0
162.163,162.16,1026,0.0,USDJPY,1784062181906,2026-07-14T20:49:41.906000Z,0.0
162.164,162.162,1030,0.0,USDJPY,1784062183246,2026-07-14T20:49:43.246000Z,0.0
162.163,162.161,1030,0.0,USDJPY,1784062183325,2026-07-14T20:49:43.325000Z,0.0
162.163,162.16,1028,0.0,USDJPY,1784062186403,2026-07-14T20:49:46.403000Z,0.0
162.162,162.16,1030,0.0,USDJPY,1784062187274,2026-07-14T20:49:47.274000Z,0.0
162.162,162.16,1030,0.0,USDJPY,1784062188636,2026-07-14T20:49:48.636000Z,0.0
162.163,162.161,1030,0.0,USDJPY,1784062190003,2026-07-14T20:49:50.003000Z,0.0
162.163,162.161,1030,0.0,USDJPY,1784062192053,2026-07-14T20:49:52.053000Z,0.0
162.163,162.16,1028,0.0,USDJPY,1784062193097,2026-07-14T20:49:53.097000Z,0.0
162.163,162.161,1028,0.0,USDJPY,1784062193355,2026-07-14T20:49:53.355000Z,0.0
162.163,162.161,1030,0.0,USDJPY,1784062195839,2026-07-14T20:49:55.839000Z,0.0
162.162,162.16,1030,0.0,USDJPY,1784062196589,2026-07-14T20:49:56.589000Z,0.0
162.161,162.159,1030,0.0,USDJPY,1784062197839,2026-07-14T20:49:57.839000Z,0.0
162.162,162.16,1030,0.0,USDJPY,1784062201589,2026-07-14T20:50:01.589000Z,0.0
162.161,162.159,1030,0.0,USDJPY,1784062202081,2026-07-14T20:50:02.081000Z,0.0
162.162,162.16,1030,0.0,USDJPY,1784062203967,2026-07-14T20:50:03.967000Z,0.0
162.161,162.159,1030,0.0,USDJPY,1784062205089,2026-07-14T20:50:05.089000Z,0.0
162.157,162.155,1030,0.0,USDJPY,1784062206351,2026-07-14T20:50:06.351000Z,0.0
162.156,162.154,1030,0.0,USDJPY,1784062207405,2026-07-14T20:50:07.405000Z,0.0
162.161,162.159,1030,0.0,USDJPY,1784062208570,2026-07-14T20:50:08.570000Z,0.0
162.165,162.163,1030,0.0,USDJPY,1784062210749,2026-07-14T20:50:10.749000Z,0.0
162.165,162.163,1030,0.0,USDJPY,1784062211503,2026-07-14T20:50:11.503000Z,0.0
162.165,162.163,1030,0.0,USDJPY,1784062214090,2026-07-14T20:50:14.090000Z,0.0
162.165,162.163,1030,0.0,USDJPY,1784062215114,2026-07-14T20:50:15.114000Z,0.0
162.168,162.166,1030,0.0,USDJPY,1784062216568,2026-07-14T20:50:16.568000Z,0.0
162.164,162.162,1028,0.0,USDJPY,1784062217823,2026-07-14T20:50:17.823000Z,0.0
162.162,162.16,1030,0.0,USDJPY,1784062220045,2026-07-14T20:50:20.045000Z,0.0
162.163,162.161,1030,0.0,USDJPY,1784062220803,2026-07-14T20:50:20.803000Z,0.0
162.165,162.163,1030,0.0,USDJPY,1784062223937,2026-07-14T20:50:23.937000Z,0.0
162.167,162.165,1028,0.0,USDJPY,1784062224402,2026-07-14T20:50:24.402000Z,0.0
162.163,162.161,1028,0.0,USDJPY,1784062227152,2026-07-14T20:50:27.152000Z,0.0
162.163,162.161,1030,0.0,USDJPY,1784062228252,2026-07-14T20:50:28.252000Z,0.0
162.164,162.162,1030,0.0,USDJPY,1784062228377,2026-07-14T20:50:28.377000Z,0.0
162.163,162.161,1030,0.0,USDJPY,1784062230489,2026-07-14T20:50:30.489000Z,0.0
162.163,162.161,1030,0.0,USDJPY,1784062231358,2026-07-14T20:50:31.358000Z,0.0
162.164,162.162,1028,0.0,USDJPY,1784062232472,2026-07-14T20:50:32.472000Z,0.0
162.165,162.163,1030,0.0,USDJPY,1784062235092,2026-07-14T20:50:35.092000Z,0.0
162.159,162.157,1030,0.0,USDJPY,1784062237952,2026-07-14T20:50:37.952000Z,0.0
162.16,162.158,1030,0.0,USDJPY,1784062239314,2026-07-14T20:50:39.314000Z,0.0
162.158,162.156,1030,0.0,USDJPY,1784062240288,2026-07-14T20:50:40.288000Z,0.0
162.159,162.157,1030,0.0,USDJPY,1784062241295,2026-07-14T20:50:41.295000Z,0.0
162.158,162.156,1030,0.0,USDJPY,1784062243407,2026-07-14T20:50:43.407000Z,0.0
162.159,162.157,1030,0.0,USDJPY,1784062246263,2026-07-14T20:50:46.263000Z,0.0
162.153,162.151,1028,0.0,USDJPY,1784062247968,2026-07-14T20:50:47.968000Z,0.0
162.153,162.151,1030,0.0,USDJPY,1784062248750,2026-07-14T20:50:48.750000Z,0.0
162.153,162.151,1030,0.0,USDJPY,1784062249902,2026-07-14T20:50:49.902000Z,0.0
162.154,162.152,1030,0.0,USDJPY,1784062251231,2026-07-14T20:50:51.231000Z,0.0
162.159,162.157,1030,0.0,USDJPY,1784062252103,2026-07-14T20:50:52.103000Z,0.0
162.16,162.158,1030,0.0,USDJPY,1784062253468,2026-07-14T20:50:53.468000Z,0.0
162.16,162.158,1030,0.0,USDJPY,1784062255330,2026-07-14T20:50:55.330000Z,0.0
162.161,162.159,1030,0.0,USDJPY,1784062256201,2026-07-14T20:50:56.201000Z,0.0
162.161,162.159,1030,0.0,USDJPY,1784062258188,2026-07-14T20:50:58.188000Z,0.0
162.164,162.162,1030,0.0,USDJPY,1784062260052,2026-07-14T20:51:00.052000Z,0.0
162.164,162.162,1030,0.0,USDJPY,1784062260319,2026-07-14T20:51:00.319000Z,0.0
162.163,162.16,1030,0.0,USDJPY,1784062262974,2026-07-14T20:51:02.974000Z,0.0
162.163,162.161,1026,0.0,USDJPY,1784062263422,2026-07-14T20:51:03.422000Z,0.0
162.162,162.16,1028,0.0,USDJPY,1784062265538,2026-07-14T20:51:05.538000Z,0.0
162.162,162.16,1026,0.0,USDJPY,1784062266569,2026-07-14T20:51:06.569000Z,0.0
162.163,162.161,1030,0.0,USDJPY,1784062268401,2026-07-14T20:51:08.401000Z,0.0
162.162,162.16,1030,0.0,USDJPY,1784062268994,2026-07-14T20:51:08.994000Z,0.0
162.162,162.159,1026,0.0,USDJPY,1784062270468,2026-07-14T20:51:10.468000Z,0.0
162.163,162.16,1028,0.0,USDJPY,1784062274333,2026-07-14T20:51:14.333000Z,0.0
162.162,162.159,1028,0.0,USDJPY,1784062274898,2026-07-14T20:51:14.898000Z,0.0
162.162,162.16,1026,0.0,USDJPY,1784062279965,2026-07-14T20:51:19.965000Z,0.0
162.16,162.157,1028,0.0,USDJPY,1784062280917,2026-07-14T20:51:20.917000Z,0.0
162.161,162.158,1026,0.0,USDJPY,1784062281905,2026-07-14T20:51:21.905000Z,0.0
162.162,162.159,1030,0.0,USDJPY,1784062283192,2026-07-14T20:51:23.192000Z,0.0
162.163,162.16,1028,0.0,USDJPY,1784062283507,2026-07-14T20:51:23.507000Z,0.0
162.162,162.159,1030,0.0,USDJPY,1784062285121,2026-07-14T20:51:25.121000Z,0.0
162.159,162.157,1030,0.0,USDJPY,1784062287632,2026-07-14T20:51:27.632000Z,0.0
162.16,162.157,1028,0.0,USDJPY,1784062288124,2026-07-14T20:51:28.124000Z,0.0
162.158,162.156,1030,0.0,USDJPY,1784062289865,2026-07-14T20:51:29.865000Z,0.0
162.159,162.156,1028,0.0,USDJPY,1784062289951,2026-07-14T20:51:29.951000Z,0.0
162.16,162.158,1030,0.0,USDJPY,1784062294016,2026-07-14T20:51:34.016000Z,0.0
162.16,162.157,1028,0.0,USDJPY,1784062295397,2026-07-14T20:51:35.397000Z,0.0
162.16,162.158,1028,0.0,USDJPY,1784062295557,2026-07-14T20:51:35.557000Z,0.0
162.159,162.156,1028,0.0,USDJPY,1784062296777,2026-07-14T20:51:36.777000Z,0.0
162.158,162.155,1030,0.0,USDJPY,1784062298724,2026-07-14T20:51:38.724000Z,0.0
162.159,162.156,1026,0.0,USDJPY,1784062299476,2026-07-14T20:51:39.476000Z,0.0
162.159,162.156,1028,0.0,USDJPY,1784062300540,2026-07-14T20:51:40.540000Z,0.0
162.158,162.155,1030,0.0,USDJPY,1784062302043,2026-07-14T20:51:42.043000Z,0.0
162.158,162.155,1028,0.0,USDJPY,1784062305356,2026-07-14T20:51:45.356000Z,0.0
162.157,162.155,1028,0.0,USDJPY,1784062306276,2026-07-14T20:51:46.276000Z,0.0
162.158,162.155,1026,0.0,USDJPY,1784062307526,2026-07-14T20:51:47.526000Z,0.0
162.156,162.153,1028,0.0,USDJPY,1784062308244,2026-07-14T20:51:48.244000Z,0.0
162.155,162.152,1028,0.0,USDJPY,1784062309600,2026-07-14T20:51:49.600000Z,0.0
162.156,162.154,1030,0.0,USDJPY,1784062310516,2026-07-14T20:51:50.516000Z,0.0
162.152,162.15,1030,0.0,USDJPY,1784062312931,2026-07-14T20:51:52.931000Z,0.0
162.151,162.149,1026,0.0,USDJPY,1784062313398,2026-07-14T20:51:53.398000Z,0.0
162.151,162.148,1026,0.0,USDJPY,1784062315587,2026-07-14T20:51:55.587000Z,0.0
162.151,162.149,1026,0.0,USDJPY,1784062317145,2026-07-14T20:51:57.145000Z,0.0
162.151,162.149,1030,0.0,USDJPY,1784062318541,2026-07-14T20:51:58.541000Z,0.0
162.151,162.149,1030,0.0,USDJPY,1784062319052,2026-07-14T20:51:59.052000Z,0.0
162.151,162.149,1026,0.0,USDJPY,1784062320410,2026-07-14T20:52:00.410000Z,0.0
162.152,162.15,1030,0.0,USDJPY,1784062323654,2026-07-14T20:52:03.654000Z,0.0
162.153,162.151,1030,0.0,USDJPY,1784062327146,2026-07-14T20:52:07.146000Z,0.0
162.152,162.149,1026,0.0,USDJPY,1784062330521,2026-07-14T20:52:10.521000Z,0.0
162.152,162.15,1026,0.0,USDJPY,1784062331595,2026-07-14T20:52:11.595000Z,0.0
162.153,162.151,1030,0.0,USDJPY,1784062338004,2026-07-14T20:52:18.004000Z,0.0
162.152,162.15,1030,0.0,USDJPY,1784062339370,2026-07-14T20:52:19.370000Z,0.0
162.153,162.151,1030,0.0,USDJPY,1784062341025,2026-07-14T20:52:21.025000Z,0.0
162.154,162.152,1026,0.0,USDJPY,1784062345362,2026-07-14T20:52:25.362000Z,0.0
162.154,162.151,1026,0.0,USDJPY,1784062352321,2026-07-14T20:52:32.321000Z,0.0
162.154,162.152,1026,0.0,USDJPY,1784062353063,2026-07-14T20:52:33.063000Z,0.0
162.154,162.151,1026,0.0,USDJPY,1784062356440,2026-07-14T20:52:36.440000Z,0.0
162.154,162.151,1026,0.0,USDJPY,1784062357160,2026-07-14T20:52:37.160000Z,0.0
162.154,162.152,1026,0.0,USDJPY,1784062359721,2026-07-14T20:52:39.721000Z,0.0
162.154,162.152,1026,0.0,USDJPY,1784062363371,2026-07-14T20:52:43.371000Z,0.0
162.164,162.162,1030,0.0,USDJPY,1784062366679,2026-07-14T20:52:46.679000Z,0.0
162.164,162.162,1026,0.0,USDJPY,1784062367322,2026-07-14T20:52:47.322000Z,0.0
162.164,162.161,1026,0.0,USDJPY,1784062368526,2026-07-14T20:52:48.526000Z,0.0
162.167,162.164,1026,0.0,USDJPY,1784062369472,2026-07-14T20:52:49.472000Z,0.0
162.166,162.164,1026,0.0,USDJPY,1784062370569,2026-07-14T20:52:50.569000Z,0.0
162.166,162.164,1030,0.0,USDJPY,1784062375169,2026-07-14T20:52:55.169000Z,0.0
162.166,162.163,1026,0.0,USDJPY,1784062377782,2026-07-14T20:52:57.782000Z,0.0
162.164,162.162,1028,0.0,USDJPY,1784062380986,2026-07-14T20:53:00.986000Z,0.0
162.166,162.163,1030,0.0,USDJPY,1784062381515,2026-07-14T20:53:01.515000Z,0.0
162.166,162.163,1028,0.0,USDJPY,1784062383850,2026-07-14T20:53:03.850000Z,0.0
162.165,162.163,1026,0.0,USDJPY,1784062386346,2026-07-14T20:53:06.346000Z,0.0
162.164,162.162,1028,0.0,USDJPY,1784062387442,2026-07-14T20:53:07.442000Z,0.0
162.165,162.162,1028,0.0,USDJPY,1784062387770,2026-07-14T20:53:07.770000Z,0.0
162.166,162.163,1028,0.0,USDJPY,1784062389699,2026-07-14T20:53:09.699000Z,0.0
162.166,162.163,1028,0.0,USDJPY,1784062390320,2026-07-14T20:53:10.320000Z,0.0
162.166,162.164,1026,0.0,USDJPY,1784062395193,2026-07-14T20:53:15.193000Z,0.0
162.166,162.163,1026,0.0,USDJPY,1784062395478,2026-07-14T20:53:15.478000Z,0.0
162.165,162.162,1028,0.0,USDJPY,1784062397036,2026-07-14T20:53:17.036000Z,0.0
162.165,162.163,1026,0.0,USDJPY,1784062398855,2026-07-14T20:53:18.855000Z,0.0
162.166,162.163,1026,0.0,USDJPY,1784062400603,2026-07-14T20:53:20.603000Z,0.0
162.167,162.164,1026,0.0,USDJPY,1784062400898,2026-07-14T20:53:20.898000Z,0.0
162.167,162.164,1028,0.0,USDJPY,1784062402240,2026-07-14T20:53:22.240000Z,0.0
162.165,162.163,1028,0.0,USDJPY,1784062405022,2026-07-14T20:53:25.022000Z,0.0
162.166,162.163,1028,0.0,USDJPY,1784062405045,2026-07-14T20:53:25.045000Z,0.0
162.165,162.163,1028,0.0,USDJPY,1784062407209,2026-07-14T20:53:27.209000Z,0.0
162.164,162.161,1026,0.0,USDJPY,1784062408228,2026-07-14T20:53:28.228000Z,0.0
162.166,162.163,1030,0.0,USDJPY,1784062409079,2026-07-14T20:53:29.079000Z,0.0
162.165,162.163,1026,0.0,USDJPY,1784062409961,2026-07-14T20:53:29.961000Z,0.0
162.166,162.163,1026,0.0,USDJPY,1784062413775,2026-07-14T20:53:33.775000Z,0.0
162.165,162.163,1028,0.0,USDJPY,1784062414786,2026-07-14T20:53:34.786000Z,0.0
162.167,162.164,1028,0.0,USDJPY,1784062417756,2026-07-14T20:53:37.756000Z,0.0
162.165,162.163,1026,0.0,USDJPY,1784062419702,2026-07-14T20:53:39.702000Z,0.0
162.165,162.162,1028,0.0,USDJPY,1784062421119,2026-07-14T20:53:41.119000Z,0.0
162.165,162.163,1028,0.0,USDJPY,1784062422392,2026-07-14T20:53:42.392000Z,0.0
162.166,162.163,1028,0.0,USDJPY,1784062423059,2026-07-14T20:53:43.059000Z,0.0
162.165,162.162,1030,0.0,USDJPY,1784062429822,2026-07-14T20:53:49.822000Z,0.0
162.167,162.164,1030,0.0,USDJPY,1784062430964,2026-07-14T20:53:50.964000Z,0.0
162.166,162.164,1026,0.0,USDJPY,1784062433048,2026-07-14T20:53:53.048000Z,0.0
162.166,162.164,1028,0.0,USDJPY,1784062434283,2026-07-14T20:53:54.283000Z,0.0
162.167,162.164,1028,0.0,USDJPY,1784062437385,2026-07-14T20:53:57.385000Z,0.0
162.166,162.163,1028,0.0,USDJPY,1784062439853,2026-07-14T20:53:59.853000Z,0.0
162.166,162.163,1026,0.0,USDJPY,1784062440873,2026-07-14T20:54:00.873000Z,0.0
162.167,162.164,1026,0.0,USDJPY,1784062441280,2026-07-14T20:54:01.280000Z,0.0
162.167,162.164,1028,0.0,USDJPY,1784062443099,2026-07-14T20:54:03.099000Z,0.0
162.166,162.164,1030,0.0,USDJPY,1784062447314,2026-07-14T20:54:07.314000Z,0.0
162.166,162.163,1028,0.0,USDJPY,1784062448572,2026-07-14T20:54:08.572000Z,0.0
162.166,162.163,1028,0.0,USDJPY,1784062450773,2026-07-14T20:54:10.773000Z,0.0
162.166,162.164,1028,0.0,USDJPY,1784062453033,2026-07-14T20:54:13.033000Z,0.0
162.167,162.164,1028,0.0,USDJPY,1784062453162,2026-07-14T20:54:13.162000Z,0.0
162.167,162.164,1030,0.0,USDJPY,1784062455143,2026-07-14T20:54:15.143000Z,0.0
162.166,162.163,1026,0.0,USDJPY,1784062464328,2026-07-14T20:54:24.328000Z,0.0
162.166,162.163,1028,0.0,USDJPY,1784062466146,2026-07-14T20:54:26.146000Z,0.0
162.164,162.161,1030,0.0,USDJPY,1784062469553,2026-07-14T20:54:29.553000Z,0.0
162.165,162.162,1026,0.0,USDJPY,1784062470472,2026-07-14T20:54:30.472000Z,0.0
162.164,162.162,1028,0.0,USDJPY,1784062471066,2026-07-14T20:54:31.066000Z,0.0
162.165,162.163,1030,0.0,USDJPY,1784062474018,2026-07-14T20:54:34.018000Z,0.0
162.165,162.163,1028,0.0,USDJPY,1784062474796,2026-07-14T20:54:34.796000Z,0.0
162.165,162.162,1026,0.0,USDJPY,1784062475260,2026-07-14T20:54:35.260000Z,0.0
162.165,162.163,1026,0.0,USDJPY,1784062480077,2026-07-14T20:54:40.077000Z,0.0
162.164,162.162,1026,0.0,USDJPY,1784062481632,2026-07-14T20:54:41.632000Z,0.0
162.164,162.161,1026,0.0,USDJPY,1784062481716,2026-07-14T20:54:41.716000Z,0.0
162.165,162.163,1028,0.0,USDJPY,1784062483510,2026-07-14T20:54:43.510000Z,0.0
162.165,162.162,1028,0.0,USDJPY,1784062483956,2026-07-14T20:54:43.956000Z,0.0
162.164,162.161,1026,0.0,USDJPY,1784062486011,2026-07-14T20:54:46.011000Z,0.0
162.165,162.163,1026,0.0,USDJPY,1784062487139,2026-07-14T20:54:47.139000Z,0.0
162.164,162.162,1028,0.0,USDJPY,1784062488085,2026-07-14T20:54:48.085000Z,0.0
162.165,162.162,1028,0.0,USDJPY,1784062488423,2026-07-14T20:54:48.423000Z,0.0
162.165,162.163,1026,0.0,USDJPY,1784062490037,2026-07-14T20:54:50.037000Z,0.0
162.165,162.163,1028,0.0,USDJPY,1784062491401,2026-07-14T20:54:51.401000Z,0.0
162.165,162.163,1026,0.0,USDJPY,1784062492491,2026-07-14T20:54:52.491000Z,0.0
162.165,162.163,1026,0.0,USDJPY,1784062493655,2026-07-14T20:54:53.655000Z,0.0
162.165,162.163,1028,0.0,USDJPY,1784062496159,2026-07-14T20:54:56.159000Z,0.0
162.165,162.163,1026,0.0,USDJPY,1784062501207,2026-07-14T20:55:01.207000Z,0.0
162.167,162.164,1028,0.0,USDJPY,1784062503571,2026-07-14T20:55:03.571000Z,0.0
162.166,162.164,1026,0.0,USDJPY,1784062505435,2026-07-14T20:55:05.435000Z,0.0
162.167,162.164,1028,0.0,USDJPY,1784062507073,2026-07-14T20:55:07.073000Z,0.0
162.167,162.165,1026,0.0,USDJPY,1784062509644,2026-07-14T20:55:09.644000Z,0.0
162.167,162.164,1028,0.0,USDJPY,1784062510671,2026-07-14T20:55:10.671000Z,0.0
162.167,162.165,1026,0.0,USDJPY,1784062513260,2026-07-14T20:55:13.260000Z,0.0
162.17,162.167,1028,0.0,USDJPY,1784062514356,2026-07-14T20:55:14.356000Z,0.0
162.167,162.165,1028,0.0,USDJPY,1784062515141,2026-07-14T20:55:15.141000Z,0.0
162.168,162.165,1028,0.0,USDJPY,1784062518070,2026-07-14T20:55:18.070000Z,0.0
162.168,162.166,1026,0.0,USDJPY,1784062522096,2026-07-14T20:55:22.096000Z,0.0
162.167,162.164,1028,0.0,USDJPY,1784062523365,2026-07-14T20:55:23.365000Z,0.0
162.167,162.165,1028,0.0,USDJPY,1784062524042,2026-07-14T20:55:24.042000Z,0.0
162.167,162.165,1030,0.0,USDJPY,1784062528156,2026-07-14T20:55:28.156000Z,0.0
162.173,162.171,1026,0.0,USDJPY,1784062529274,2026-07-14T20:55:29.274000Z,0.0
162.173,162.171,1030,0.0,USDJPY,1784062530136,2026-07-14T20:55:30.136000Z,0.0
162.172,162.17,1030,0.0,USDJPY,1784062531387,2026-07-14T20:55:31.387000Z,0.0
162.173,162.17,1028,0.0,USDJPY,1784062532953,2026-07-14T20:55:32.953000Z,0.0
162.17,162.168,1030,0.0,USDJPY,1784062534033,2026-07-14T20:55:34.033000Z,0.0
162.169,162.167,1026,0.0,USDJPY,1784062534316,2026-07-14T20:55:34.316000Z,0.0
162.171,162.169,1030,0.0,USDJPY,1784062539381,2026-07-14T20:55:39.381000Z,0.0
162.17,162.168,1030,0.0,USDJPY,1784062539557,2026-07-14T20:55:39.557000Z,0.0
162.17,162.168,1028,0.0,USDJPY,1784062541483,2026-07-14T20:55:41.483000Z,0.0
162.17,162.168,1030,0.0,USDJPY,1784062541941,2026-07-14T20:55:41.941000Z,0.0
162.171,162.169,1030,0.0,USDJPY,1784062543436,2026-07-14T20:55:43.436000Z,0.0
162.17,162.168,1030,0.0,USDJPY,1784062548275,2026-07-14T20:55:48.275000Z,0.0
162.176,162.174,1030,0.0,USDJPY,1784062549599,2026-07-14T20:55:49.599000Z,0.0
162.176,162.174,1030,0.0,USDJPY,1784062550761,2026-07-14T20:55:50.761000Z,0.0
162.176,162.173,1026,0.0,USDJPY,1784062551879,2026-07-14T20:55:51.879000Z,0.0
162.176,162.173,1028,0.0,USDJPY,1784062552252,2026-07-14T20:55:52.252000Z,0.0
162.176,162.174,1028,0.0,USDJPY,1784062555135,2026-07-14T20:55:55.135000Z,0.0
162.177,162.174,1028,0.0,USDJPY,1784062556226,2026-07-14T20:55:56.226000Z,0.0
162.176,162.174,1028,0.0,USDJPY,1784062556774,2026-07-14T20:55:56.774000Z,0.0
162.176,162.174,1030,0.0,USDJPY,1784062557970,2026-07-14T20:55:57.970000Z,0.0
162.175,162.172,1028,0.0,USDJPY,1784062559502,2026-07-14T20:55:59.502000Z,0.0
162.17,162.167,1028,0.0,USDJPY,1784062560360,2026-07-14T20:56:00.360000Z,0.0
162.169,162.167,1026,0.0,USDJPY,1784062561268,2026-07-14T20:56:01.268000Z,0.0
162.168,162.166,1030,0.0,USDJPY,1784062562025,2026-07-14T20:56:02.025000Z,0.0
162.169,162.167,1030,0.0,USDJPY,1784062565769,2026-07-14T20:56:05.769000Z,0.0
162.169,162.166,1026,0.0,USDJPY,1784062566499,2026-07-14T20:56:06.499000Z,0.0
162.169,162.167,1026,0.0,USDJPY,1784062568314,2026-07-14T20:56:08.314000Z,0.0
162.172,162.169,1026,0.0,USDJPY,1784062571543,2026-07-14T20:56:11.543000Z,0.0
162.168,162.166,1030,0.0,USDJPY,1784062572738,2026-07-14T20:56:12.738000Z,0.0
162.169,162.167,1026,0.0,USDJPY,1784062573818,2026-07-14T20:56:13.818000Z,0.0
162.172,162.169,1026,0.0,USDJPY,1784062574611,2026-07-14T20:56:14.611000Z,0.0
162.17,162.168,1030,0.0,USDJPY,1784062575968,2026-07-14T20:56:15.968000Z,0.0
162.172,162.169,1028,0.0,USDJPY,1784062577086,2026-07-14T20:56:17.086000Z,0.0
162.172,162.169,1028,0.0,USDJPY,1784062578202,2026-07-14T20:56:18.202000Z,0.0
162.172,162.169,1028,0.0,USDJPY,1784062582511,2026-07-14T20:56:22.511000Z,0.0
162.173,162.17,1028,0.0,USDJPY,1784062583161,2026-07-14T20:56:23.161000Z,0.0
162.171,162.169,1028,0.0,USDJPY,1784062583913,2026-07-14T20:56:23.913000Z,0.0
162.172,162.169,1026,0.0,USDJPY,1784062587398,2026-07-14T20:56:27.398000Z,0.0
162.172,162.169,1030,0.0,USDJPY,1784062589126,2026-07-14T20:56:29.126000Z,0.0
162.172,162.17,1026,0.0,USDJPY,1784062589210,2026-07-14T20:56:29.210000Z,0.0
162.171,162.168,1028,0.0,USDJPY,1784062593579,2026-07-14T20:56:33.579000Z,0.0
162.173,162.17,1028,0.0,USDJPY,1784062594590,2026-07-14T20:56:34.590000Z,0.0
162.172,162.169,1028,0.0,USDJPY,1784062600018,2026-07-14T20:56:40.018000Z,0.0
162.172,162.169,1026,0.0,USDJPY,1784062603284,2026-07-14T20:56:43.284000Z,0.0
162.173,162.17,1030,0.0,USDJPY,1784062604461,2026-07-14T20:56:44.461000Z,0.0
162.173,162.17,1028,0.0,USDJPY,1784062605149,2026-07-14T20:56:45.149000Z,0.0
162.172,162.17,1028,0.0,USDJPY,1784062606386,2026-07-14T20:56:46.386000Z,0.0
162.173,162.171,1028,0.0,USDJPY,1784062608473,2026-07-14T20:56:48.473000Z,0.0
162.173,162.17,1028,0.0,USDJPY,1784062609874,2026-07-14T20:56:49.874000Z,0.0
162.174,162.171,1028,0.0,USDJPY,1784062612109,2026-07-14T20:56:52.109000Z,0.0
162.173,162.17,1026,0.0,USDJPY,1784062612241,2026-07-14T20:56:52.241000Z,0.0
162.172,162.17,1026,0.0,USDJPY,1784062614159,2026-07-14T20:56:54.159000Z,0.0
162.172,162.169,1028,0.0,USDJPY,1784062615124,2026-07-14T20:56:55.124000Z,0.0
162.17,162.167,1028,0.0,USDJPY,1784062619076,2026-07-14T20:56:59.076000Z,0.0
162.172,162.169,1026,0.0,USDJPY,1784062620720,2026-07-14T20:57:00.720000Z,0.0
162.171,162.168,1026,0.0,USDJPY,1784062622100,2026-07-14T20:57:02.100000Z,0.0
162.169,162.166,1026,0.0,USDJPY,1784062623153,2026-07-14T20:57:03.153000Z,0.0
162.169,162.167,1028,0.0,USDJPY,1784062624239,2026-07-14T20:57:04.239000Z,0.0
162.171,162.169,1028,0.0,USDJPY,1784062624723,2026-07-14T20:57:04.723000Z,0.0
162.171,162.169,1026,0.0,USDJPY,1784062629733,2026-07-14T20:57:09.733000Z,0.0
162.172,162.169,1028,0.0,USDJPY,1784062630063,2026-07-14T20:57:10.063000Z,0.0
162.171,162.168,1026,0.0,USDJPY,1784062631471,2026-07-14T20:57:11.471000Z,0.0
162.172,162.169,1026,0.0,USDJPY,1784062633671,2026-07-14T20:57:13.671000Z,0.0
162.172,162.17,1026,0.0,USDJPY,1784062635206,2026-07-14T20:57:15.206000Z,0.0
162.171,162.168,1030,0.0,USDJPY,1784062636325,2026-07-14T20:57:16.325000Z,0.0
162.172,162.169,1030,0.0,USDJPY,1784062637431,2026-07-14T20:57:17.431000Z,0.0
162.172,162.17,1030,0.0,USDJPY,1784062638366,2026-07-14T20:57:18.366000Z,0.0
162.171,162.169,1030,0.0,USDJPY,1784062640532,2026-07-14T20:57:20.532000Z,0.0
162.168,162.166,1030,0.0,USDJPY,1784062641652,2026-07-14T20:57:21.652000Z,0.0
162.169,162.166,1030,0.0,USDJPY,1784062642584,2026-07-14T20:57:22.584000Z,0.0
162.169,162.166,1030,0.0,USDJPY,1784062643865,2026-07-14T20:57:23.865000Z,0.0
162.168,162.166,1026,0.0,USDJPY,1784062644883,2026-07-14T20:57:24.883000Z,0.0
162.168,162.165,1026,0.0,USDJPY,1784062646249,2026-07-14T20:57:26.249000Z,0.0
162.168,162.166,1026,0.0,USDJPY,1784062647739,2026-07-14T20:57:27.739000Z,0.0
162.169,162.166,1026,0.0,USDJPY,1784062649117,2026-07-14T20:57:29.117000Z,0.0
162.173,162.171,1026,0.0,USDJPY,1784062650472,2026-07-14T20:57:30.472000Z,0.0
162.17,162.167,1028,0.0,USDJPY,1784062651601,2026-07-14T20:57:31.601000Z,0.0
162.17,162.168,1030,0.0,USDJPY,1784062652670,2026-07-14T20:57:32.670000Z,0.0
162.17,162.167,1030,0.0,USDJPY,1784062653616,2026-07-14T20:57:33.616000Z,0.0
162.175,162.173,1030,0.0,USDJPY,1784062654827,2026-07-14T20:57:34.827000Z,0.0
162.176,162.174,1026,0.0,USDJPY,1784062655663,2026-07-14T20:57:35.663000Z,0.0
162.176,162.173,1030,0.0,USDJPY,1784062657066,2026-07-14T20:57:37.066000Z,0.0
162.174,162.172,1028,0.0,USDJPY,1784062658147,2026-07-14T20:57:38.147000Z,0.0
162.174,162.172,1026,0.0,USDJPY,1784062658358,2026-07-14T20:57:38.358000Z,0.0
162.175,162.173,1026,0.0,USDJPY,1784062660319,2026-07-14T20:57:40.319000Z,0.0
162.176,162.174,1026,0.0,USDJPY,1784062660983,2026-07-14T20:57:40.983000Z,0.0
162.177,162.175,1026,0.0,USDJPY,1784062661650,2026-07-14T20:57:41.650000Z,0.0
162.176,162.174,1028,0.0,USDJPY,1784062663081,2026-07-14T20:57:43.081000Z,0.0
162.176,162.174,1030,0.0,USDJPY,1784062664632,2026-07-14T20:57:44.632000Z,0.0
162.176,162.174,1030,0.0,USDJPY,1784062665001,2026-07-14T20:57:45.001000Z,0.0
162.178,162.176,1030,0.0,USDJPY,1784062668958,2026-07-14T20:57:48.958000Z,0.0
162.177,162.175,1030,0.0,USDJPY,1784062670054,2026-07-14T20:57:50.054000Z,0.0
162.178,162.176,1030,0.0,USDJPY,1784062670229,2026-07-14T20:57:50.229000Z,0.0
162.179,162.177,1030,0.0,USDJPY,1784062673065,2026-07-14T20:57:53.065000Z,0.0
162.18,162.178,1030,0.0,USDJPY,1784062673638,2026-07-14T20:57:53.638000Z,0.0
162.181,162.179,1030,0.0,USDJPY,1784062675589,2026-07-14T20:57:55.589000Z,0.0
162.181,162.178,1026,0.0,USDJPY,1784062678667,2026-07-14T20:57:58.667000Z,0.0
162.182,162.179,1030,0.0,USDJPY,1784062679969,2026-07-14T20:57:59.969000Z,0.0
162.183,162.18,1028,0.0,USDJPY,1784062680735,2026-07-14T20:58:00.735000Z,0.0
162.181,162.179,1028,0.0,USDJPY,1784062681560,2026-07-14T20:58:01.560000Z,0.0
162.18,162.178,1030,0.0,USDJPY,1784062682897,2026-07-14T20:58:02.897000Z,0.0
162.188,162.185,1028,0.0,USDJPY,1784062683829,2026-07-14T20:58:03.829000Z,0.0
162.185,162.183,1030,0.0,USDJPY,1784062685035,2026-07-14T20:58:05.035000Z,0.0
162.185,162.183,1030,0.0,USDJPY,1784062686132,2026-07-14T20:58:06.132000Z,0.0
162.186,162.184,1030,0.0,USDJPY,1784062688613,2026-07-14T20:58:08.613000Z,0.0
162.186,162.184,1030,0.0,USDJPY,1784062689858,2026-07-14T20:58:09.858000Z,0.0
162.186,162.184,1030,0.0,USDJPY,1784062692964,2026-07-14T20:58:12.964000Z,0.0
162.182,162.179,1030,0.0,USDJPY,1784062695329,2026-07-14T20:58:15.329000Z,0.0
162.183,162.18,1028,0.0,USDJPY,1784062696367,2026-07-14T20:58:16.367000Z,0.0
162.182,162.179,1026,0.0,USDJPY,1784062697194,2026-07-14T20:58:17.194000Z,0.0
162.184,162.181,1030,0.0,USDJPY,1784062698051,2026-07-14T20:58:18.051000Z,0.0
162.182,162.18,1030,0.0,USDJPY,1784062698922,2026-07-14T20:58:18.922000Z,0.0
162.183,162.18,1030,0.0,USDJPY,1784062700785,2026-07-14T20:58:20.785000Z,0.0
162.185,162.181,1028,0.0,USDJPY,1784062701263,2026-07-14T20:58:21.263000Z,0.0
162.185,162.182,1028,0.0,USDJPY,1784062702793,2026-07-14T20:58:22.793000Z,0.0
162.181,162.179,1028,0.0,USDJPY,1784062705131,2026-07-14T20:58:25.131000Z,0.0
162.186,162.184,1026,0.0,USDJPY,1784062706234,2026-07-14T20:58:26.234000Z,0.0
162.185,162.183,1030,0.0,USDJPY,1784062707123,2026-07-14T20:58:27.123000Z,0.0
162.189,162.186,1030,0.0,USDJPY,1784062708263,2026-07-14T20:58:28.263000Z,0.0
162.189,162.186,1028,0.0,USDJPY,1784062709191,2026-07-14T20:58:29.191000Z,0.0
162.188,162.186,1030,0.0,USDJPY,1784062710060,2026-07-14T20:58:30.060000Z,0.0
162.191,162.188,1030,0.0,USDJPY,1784062711701,2026-07-14T20:58:31.701000Z,0.0
162.189,162.186,1030,0.0,USDJPY,1784062712455,2026-07-14T20:58:32.455000Z,0.0
162.189,162.186,1030,0.0,USDJPY,1784062713270,2026-07-14T20:58:33.270000Z,0.0
162.191,162.188,1028,0.0,USDJPY,1784062714518,2026-07-14T20:58:34.518000Z,0.0
162.191,162.188,1028,0.0,USDJPY,1784062715955,2026-07-14T20:58:35.955000Z,0.0
162.19,162.188,1028,0.0,USDJPY,1784062716950,2026-07-14T20:58:36.950000Z,0.0
162.19,162.188,1028,0.0,USDJPY,1784062718278,2026-07-14T20:58:38.278000Z,0.0
162.191,162.189,1028,0.0,USDJPY,1784062719167,2026-07-14T20:58:39.167000Z,0.0
162.192,162.19,1026,0.0,USDJPY,1784062719713,2026-07-14T20:58:39.713000Z,0.0
162.193,162.191,1028,0.0,USDJPY,1784062724856,2026-07-14T20:58:44.856000Z,0.0
162.193,162.191,1028,0.0,USDJPY,1784062725307,2026-07-14T20:58:45.307000Z,0.0
162.193,162.191,1026,0.0,USDJPY,1784062728155,2026-07-14T20:58:48.155000Z,0.0
162.192,162.19,1028,0.0,USDJPY,1784062729230,2026-07-14T20:58:49.230000Z,0.0
162.19,162.188,1030,0.0,USDJPY,1784062731077,2026-07-14T20:58:51.077000Z,0.0
162.192,162.189,1030,0.0,USDJPY,1784062734515,2026-07-14T20:58:54.515000Z,0.0
162.191,162.189,1028,0.0,USDJPY,1784062735074,2026-07-14T20:58:55.074000Z,0.0
162.192,162.19,1030,0.0,USDJPY,1784062737054,2026-07-14T20:58:57.054000Z,0.0
162.191,162.189,1028,0.0,USDJPY,1784062739973,2026-07-14T20:58:59.973000Z,0.0
162.191,162.189,1026,0.0,USDJPY,1784062740632,2026-07-14T20:59:00.632000Z,0.0
162.192,162.19,1030,0.0,USDJPY,1784062747621,2026-07-14T20:59:07.621000Z,0.0
162.189,162.186,1030,0.0,USDJPY,1784062752328,2026-07-14T20:59:12.328000Z,0.0
162.19,162.187,1028,0.0,USDJPY,1784062752662,2026-07-14T20:59:12.662000Z,0.0
162.188,162.186,1030,0.0,USDJPY,1784062754125,2026-07-14T20:59:14.125000Z,0.0
162.187,162.185,1030,0.0,USDJPY,1784062754750,2026-07-14T20:59:14.750000Z,0.0
162.188,162.185,1028,0.0,USDJPY,1784062757460,2026-07-14T20:59:17.460000Z,0.0
162.188,162.185,1030,0.0,USDJPY,1784062761081,2026-07-14T20:59:21.081000Z,0.0
162.189,162.186,1028,0.0,USDJPY,1784062762097,2026-07-14T20:59:22.097000Z,0.0
162.188,162.186,1028,0.0,USDJPY,1784062762384,2026-07-14T20:59:22.384000Z,0.0
162.188,162.186,1028,0.0,USDJPY,1784062764261,2026-07-14T20:59:24.261000Z,0.0
162.188,162.186,1030,0.0,USDJPY,1784062765498,2026-07-14T20:59:25.498000Z,0.0
162.188,162.186,1028,0.0,USDJPY,1784062766349,2026-07-14T20:59:26.349000Z,0.0
162.188,162.186,1030,0.0,USDJPY,1784062767645,2026-07-14T20:59:27.645000Z,0.0
162.189,162.187,1030,0.0,USDJPY,1784062767857,2026-07-14T20:59:27.857000Z,0.0
162.188,162.186,1026,0.0,USDJPY,1784062770843,2026-07-14T20:59:30.843000Z,0.0
162.188,162.186,1030,0.0,USDJPY,1784062771836,2026-07-14T20:59:31.836000Z,0.0
162.189,162.186,1030,0.0,USDJPY,1784062773196,2026-07-14T20:59:33.196000Z,0.0
162.188,162.185,1026,0.0,USDJPY,1784062774204,2026-07-14T20:59:34.204000Z,0.0
162.188,162.186,1026,0.0,USDJPY,1784062775343,2026-07-14T20:59:35.343000Z,0.0
162.187,162.184,1030,0.0,USDJPY,1784062777550,2026-07-14T20:59:37.550000Z,0.0
162.186,162.184,1030,0.0,USDJPY,1784062778395,2026-07-14T20:59:38.395000Z,0.0
162.187,162.185,1030,0.0,USDJPY,1784062779774,2026-07-14T20:59:39.774000Z,0.0
162.186,162.184,1030,0.0,USDJPY,1784062780767,2026-07-14T20:59:40.767000Z,0.0
162.187,162.185,1030,0.0,USDJPY,1784062781885,2026-07-14T20:59:41.885000Z,0.0
162.186,162.184,1028,0.0,USDJPY,1784062782754,2026-07-14T20:59:42.754000Z,0.0
162.187,162.185,1030,0.0,USDJPY,1784062783876,2026-07-14T20:59:43.876000Z,0.0
162.187,162.185,1030,0.0,USDJPY,1784062785282,2026-07-14T20:59:45.282000Z,0.0
162.188,162.186,1030,0.0,USDJPY,1784062785570,2026-07-14T20:59:45.570000Z,0.0
162.189,162.187,1030,0.0,USDJPY,1784062787521,2026-07-14T20:59:47.521000Z,0.0
162.188,162.185,1026,0.0,USDJPY,1784062791822,2026-07-14T20:59:51.822000Z,0.0
162.188,162.186,1030,0.0,USDJPY,1784062792814,2026-07-14T20:59:52.814000Z,0.0
162.188,162.186,1030,0.0,USDJPY,1784062794056,2026-07-14T20:59:54.056000Z,0.0
162.19,162.188,1026,0.0,USDJPY,1784062795186,2026-07-14T20:59:55.186000Z,0.0
162.193,162.19,1028,0.0,USDJPY,1784062796295,2026-07-14T20:59:56.295000Z,0.0
162.192,162.19,1028,0.0,USDJPY,1784062796834,2026-07-14T20:59:56.834000Z,0.0
162.192,162.19,1030,0.0,USDJPY,1784062798280,2026-07-14T20:59:58.280000Z,0.0
162.193,162.191,1030,0.0,USDJPY,1784062799149,2026-07-14T20:59:59.149000Z,0.0
162.193,162.191,1030,0.0,USDJPY,1784062800640,2026-07-14T21:00:00.640000Z,0.0
162.195,162.192,1030,0.0,USDJPY,1784062801492,2026-07-14T21:00:01.492000Z,0.0
162.196,162.194,1026,0.0,USDJPY,1784062802411,2026-07-14T21:00:02.411000Z,0.0
162.196,162.194,1026,0.0,USDJPY,1784062803654,2026-07-14T21:00:03.654000Z,0.0
162.196,162.194,1030,0.0,USDJPY,1784062804673,2026-07-14T21:00:04.673000Z,0.0
162.196,162.193,1028,0.0,USDJPY,1784062805535,2026-07-14T21:00:05.535000Z,0.0
162.194,162.192,1030,0.0,USDJPY,1784062807091,2026-07-14T21:00:07.091000Z,0.0
162.193,162.191,1030,0.0,USDJPY,1784062807607,2026-07-14T21:00:07.607000Z,0.0
162.192,162.19,1030,0.0,USDJPY,1784062809257,2026-07-14T21:00:09.257000Z,0.0
162.192,162.19,1030,0.0,USDJPY,1784062810514,2026-07-14T21:00:10.514000Z,0.0
162.192,162.19,1030,0.0,USDJPY,1784062811390,2026-07-14T21:00:11.390000Z,0.0
162.191,162.189,1030,0.0,USDJPY,1784062812473,2026-07-14T21:00:12.473000Z,0.0
162.19,162.188,1028,0.0,USDJPY,1784062813224,2026-07-14T21:00:13.224000Z,0.0
162.191,162.189,1030,0.0,USDJPY,1784062817044,2026-07-14T21:00:17.044000Z,0.0
162.194,162.192,1030,0.0,USDJPY,1784062819078,2026-07-14T21:00:19.078000Z,0.0
162.194,162.191,1026,0.0,USDJPY,1784062821217,2026-07-14T21:00:21.217000Z,0.0
162.193,162.191,1028,0.0,USDJPY,1784062823893,2026-07-14T21:00:23.893000Z,0.0
162.193,162.191,1030,0.0,USDJPY,1784062825273,2026-07-14T21:00:25.273000Z,0.0
162.192,162.19,1030,0.0,USDJPY,1784062826507,2026-07-14T21:00:26.507000Z,0.0
162.193,162.191,1030,0.0,USDJPY,1784062829019,2026-07-14T21:00:29.019000Z,0.0
162.194,162.192,1030,0.0,USDJPY,1784062829965,2026-07-14T21:00:29.965000Z,0.0
162.194,162.191,1026,0.0,USDJPY,1784062830326,2026-07-14T21:00:30.326000Z,0.0
162.193,162.191,1028,0.0,USDJPY,1784062834476,2026-07-14T21:00:34.476000Z,0.0
162.192,162.19,1028,0.0,USDJPY,1784062835194,2026-07-14T21:00:35.194000Z,0.0
162.193,162.191,1028,0.0,USDJPY,1784062836545,2026-07-14T21:00:36.545000Z,0.0
162.193,162.191,1030,0.0,USDJPY,1784062838102,2026-07-14T21:00:38.102000Z,0.0
162.192,162.19,1030,0.0,USDJPY,1784062839322,2026-07-14T21:00:39.322000Z,0.0
162.192,162.189,1030,0.0,USDJPY,1784062840814,2026-07-14T21:00:40.814000Z,0.0
162.192,162.189,1026,0.0,USDJPY,1784062842126,2026-07-14T21:00:42.126000Z,0.0
162.191,162.189,1030,0.0,USDJPY,1784062846197,2026-07-14T21:00:46.197000Z,0.0
162.191,162.189,1030,0.0,USDJPY,1784062848500,2026-07-14T21:00:48.500000Z,0.0
162.191,162.189,1030,0.0,USDJPY,1784062851135,2026-07-14T21:00:51.135000Z,0.0
162.192,162.19,1030,0.0,USDJPY,1784062853059,2026-07-14T21:00:53.059000Z,0.0
162.191,162.189,1030,0.0,USDJPY,1784062854421,2026-07-14T21:00:54.421000Z,0.0
162.19,162.188,1028,0.0,USDJPY,1784062854783,2026-07-14T21:00:54.783000Z,0.0
162.19,162.187,1026,0.0,USDJPY,1784062858778,2026-07-14T21:00:58.778000Z,0.0
162.189,162.187,1030,0.0,USDJPY,1784062859763,2026-07-14T21:00:59.763000Z,0.0
162.19,162.188,1030,0.0,USDJPY,1784062860885,2026-07-14T21:01:00.885000Z,0.0
162.19,162.188,1030,0.0,USDJPY,1784062861504,2026-07-14T21:01:01.504000Z,0.0
162.189,162.187,1030,0.0,USDJPY,1784062864540,2026-07-14T21:01:04.540000Z,0.0
162.19,162.188,1030,0.0,USDJPY,1784062866072,2026-07-14T21:01:06.072000Z,0.0
162.189,162.187,1030,0.0,USDJPY,1784062866859,2026-07-14T21:01:06.859000Z,0.0
162.19,162.188,1030,0.0,USDJPY,1784062868574,2026-07-14T21:01:08.574000Z,0.0
162.191,162.189,1030,0.0,USDJPY,1784062869698,2026-07-14T21:01:09.698000Z,0.0
162.192,162.19,1030,0.0,USDJPY,1784062870320,2026-07-14T21:01:10.320000Z,0.0
162.191,162.189,1030,0.0,USDJPY,1784062872129,2026-07-14T21:01:12.129000Z,0.0
162.191,162.189,1030,0.0,USDJPY,1784062874155,2026-07-14T21:01:14.155000Z,0.0
162.192,162.19,1030,0.0,USDJPY,1784062876302,2026-07-14T21:01:16.302000Z,0.0
162.193,162.191,1030,0.0,USDJPY,1784062877400,2026-07-14T21:01:17.400000Z,0.0
162.194,162.192,1030,0.0,USDJPY,1784062879059,2026-07-14T21:01:19.059000Z,0.0
162.193,162.191,1030,0.0,USDJPY,1784062880002,2026-07-14T21:01:20.002000Z,0.0
162.194,162.192,1030,0.0,USDJPY,1784062885052,2026-07-14T21:01:25.052000Z,0.0
162.203,162.2,1028,0.0,USDJPY,1784062886338,2026-07-14T21:01:26.338000Z,0.0
162.201,162.199,1030,0.0,USDJPY,1784062887059,2026-07-14T21:01:27.059000Z,0.0
162.202,162.2,1030,0.0,USDJPY,1784062888595,2026-07-14T21:01:28.595000Z,0.0
162.203,162.201,1026,0.0,USDJPY,1784062888707,2026-07-14T21:01:28.707000Z,0.0
162.203,162.2,1026,0.0,USDJPY,1784062894053,2026-07-14T21:01:34.053000Z,0.0
162.202,162.2,1026,0.0,USDJPY,1784062894674,2026-07-14T21:01:34.674000Z,0.0
162.201,162.199,1030,0.0,USDJPY,1784062895735,2026-07-14T21:01:35.735000Z,0.0
162.2,162.198,1030,0.0,USDJPY,1784062896653,2026-07-14T21:01:36.653000Z,0.0
162.201,162.198,1026,0.0,USDJPY,1784062898142,2026-07-14T21:01:38.142000Z,0.0
162.201,162.199,1030,0.0,USDJPY,1784062898763,2026-07-14T21:01:38.763000Z,0.0
162.202,162.2,1030,0.0,USDJPY,1784062900936,2026-07-14T21:01:40.936000Z,0.0
162.202,162.2,1030,0.0,USDJPY,1784062903607,2026-07-14T21:01:43.607000Z,0.0
162.201,162.199,1030,0.0,USDJPY,1784062904354,2026-07-14T21:01:44.354000Z,0.0
162.201,162.199,1028,0.0,USDJPY,1784062905314,2026-07-14T21:01:45.314000Z,0.0
162.201,162.199,1028,0.0,USDJPY,1784062908192,2026-07-14T21:01:48.192000Z,0.0
162.198,162.196,1028,0.0,USDJPY,1784062911415,2026-07-14T21:01:51.415000Z,0.0
162.194,162.192,1028,0.0,USDJPY,1784062912275,2026-07-14T21:01:52.275000Z,0.0
162.194,162.192,1028,0.0,USDJPY,1784062913519,2026-07-14T21:01:53.519000Z,0.0
162.195,162.192,1026,0.0,USDJPY,1784062914541,2026-07-14T21:01:54.541000Z,0.0
162.194,162.192,1028,0.0,USDJPY,1784062914952,2026-07-14T21:01:54.952000Z,0.0
162.195,162.192,1028,0.0,USDJPY,1784062917004,2026-07-14T21:01:57.004000Z,0.0
162.194,162.192,1030,0.0,USDJPY,1784062920941,2026-07-14T21:02:00.941000Z,0.0
162.195,162.193,1030,0.0,USDJPY,1784062924106,2026-07-14T21:02:04.106000Z,0.0
162.194,162.192,1030,0.0,USDJPY,1784062924970,2026-07-14T21:02:04.970000Z,0.0
162.193,162.19,1026,0.0,USDJPY,1784062926834,2026-07-14T21:02:06.834000Z,0.0
162.192,162.19,1030,0.0,USDJPY,1784062927956,2026-07-14T21:02:07.956000Z,0.0
162.192,162.19,1028,0.0,USDJPY,1784062929043,2026-07-14T21:02:09.043000Z,0.0
162.193,162.191,1030,0.0,USDJPY,1784062931211,2026-07-14T21:02:11.211000Z,0.0
162.196,162.193,1028,0.0,USDJPY,1784062933269,2026-07-14T21:02:13.269000Z,0.0
162.195,162.193,1030,0.0,USDJPY,1784062934039,2026-07-14T21:02:14.039000Z,0.0
162.195,162.193,1030,0.0,USDJPY,1784062936156,2026-07-14T21:02:16.156000Z,0.0
162.201,162.199,1028,0.0,USDJPY,1784062937685,2026-07-14T21:02:17.685000Z,0.0
162.2,162.198,1028,0.0,USDJPY,1784062938780,2026-07-14T21:02:18.780000Z,0.0
162.201,162.199,1030,0.0,USDJPY,1784062939381,2026-07-14T21:02:19.381000Z,0.0
162.196,162.194,1030,0.0,USDJPY,1784062940376,2026-07-14T21:02:20.376000Z,0.0
162.196,162.194,1030,0.0,USDJPY,1784062942239,2026-07-14T21:02:22.239000Z,0.0
162.197,162.195,1030,0.0,USDJPY,1784062944223,2026-07-14T21:02:24.223000Z,0.0
162.196,162.194,1030,0.0,USDJPY,1784062944845,2026-07-14T21:02:24.845000Z,0.0
162.196,162.193,1028,0.0,USDJPY,1784062949746,2026-07-14T21:02:29.746000Z,0.0
162.196,162.193,1026,0.0,USDJPY,1784062950862,2026-07-14T21:02:30.862000Z,0.0
162.199,162.197,1028,0.0,USDJPY,1784062952056,2026-07-14T21:02:32.056000Z,0.0
162.201,162.198,1026,0.0,USDJPY,1784062958576,2026-07-14T21:02:38.576000Z,0.0
162.201,162.199,1026,0.0,USDJPY,1784062959085,2026-07-14T21:02:39.085000Z,0.0
162.201,162.198,1026,0.0,USDJPY,1784062960245,2026-07-14T21:02:40.245000Z,0.0
162.201,162.198,1026,0.0,USDJPY,1784062962002,2026-07-14T21:02:42.002000Z,0.0
162.202,162.199,1030,0.0,USDJPY,1784062963123,2026-07-14T21:02:43.123000Z,0.0
162.202,162.2,1026,0.0,USDJPY,1784062964275,2026-07-14T21:02:44.275000Z,0.0
162.2,162.198,1028,0.0,USDJPY,1784062965359,2026-07-14T21:02:45.359000Z,0.0
162.201,162.198,1026,0.0,USDJPY,1784062965703,2026-07-14T21:02:45.703000Z,0.0
162.202,162.199,1028,0.0,USDJPY,1784062966636,2026-07-14T21:02:46.636000Z,0.0
162.2,162.198,1028,0.0,USDJPY,1784062968060,2026-07-14T21:02:48.060000Z,0.0
162.2,162.198,1028,0.0,USDJPY,1784062969679,2026-07-14T21:02:49.679000Z,0.0
162.199,162.197,1030,0.0,USDJPY,1784062970740,2026-07-14T21:02:50.740000Z,0.0
162.201,162.198,1030,0.0,USDJPY,1784062971980,2026-07-14T21:02:51.980000Z,0.0
162.201,162.199,1030,0.0,USDJPY,1784062973068,2026-07-14T21:02:53.068000Z,0.0
162.202,162.199,1028,0.0,USDJPY,1784062973846,2026-07-14T21:02:53.846000Z,0.0
162.199,162.197,1030,0.0,USDJPY,1784062975219,2026-07-14T21:02:55.219000Z,0.0
162.196,162.193,1030,0.0,USDJPY,1784062976267,2026-07-14T21:02:56.267000Z,0.0
162.197,162.194,1030,0.0,USDJPY,1784062976647,2026-07-14T21:02:56.647000Z,0.0
162.197,162.195,1028,0.0,USDJPY,1784062978059,2026-07-14T21:02:58.059000Z,0.0
162.198,162.195,1030,0.0,USDJPY,1784062980014,2026-07-14T21:03:00.014000Z,0.0
162.201,162.199,1028,0.0,USDJPY,1784062981731,2026-07-14T21:03:01.731000Z,0.0
162.202,162.199,1028,0.0,USDJPY,1784062982847,2026-07-14T21:03:02.847000Z,0.0
162.201,162.199,1026,0.0,USDJPY,1784062983964,2026-07-14T21:03:03.964000Z,0.0
162.202,162.199,1028,0.0,USDJPY,1784062984064,2026-07-14T21:03:04.064000Z,0.0
162.202,162.199,1026,0.0,USDJPY,1784062985962,2026-07-14T21:03:05.962000Z,0.0
162.202,162.199,1028,0.0,USDJPY,1784062986851,2026-07-14T21:03:06.851000Z,0.0
162.202,162.199,1030,0.0,USDJPY,1784062987847,2026-07-14T21:03:07.847000Z,0.0
162.203,162.2,1028,0.0,USDJPY,1784062989219,2026-07-14T21:03:09.219000Z,0.0
162.202,162.199,1030,0.0,USDJPY,1784062989799,2026-07-14T21:03:09.799000Z,0.0
162.202,162.199,1030,0.0,USDJPY,1784062991425,2026-07-14T21:03:11.425000Z,0.0
162.201,162.198,1030,0.0,USDJPY,1784062992675,2026-07-14T21:03:12.675000Z,0.0
162.202,162.2,1026,0.0,USDJPY,1784062993404,2026-07-14T21:03:13.404000Z,0.0
162.202,162.2,1028,0.0,USDJPY,1784062997177,2026-07-14T21:03:17.177000Z,0.0
162.2,162.197,1026,0.0,USDJPY,1784062998257,2026-07-14T21:03:18.257000Z,0.0
162.199,162.196,1028,0.0,USDJPY,1784062998741,2026-07-14T21:03:18.741000Z,0.0
162.198,162.195,1026,0.0,USDJPY,1784063002515,2026-07-14T21:03:22.515000Z,0.0
162.198,162.195,1028,0.0,USDJPY,1784063003471,2026-07-14T21:03:23.471000Z,0.0
162.197,162.195,1028,0.0,USDJPY,1784063004703,2026-07-14T21:03:24.703000Z,0.0
162.198,162.195,1028,0.0,USDJPY,1784063005821,2026-07-14T21:03:25.821000Z,0.0
162.197,162.195,1028,0.0,USDJPY,1784063006940,2026-07-14T21:03:26.940000Z,0.0
162.198,162.195,1028,0.0,USDJPY,1784063007810,2026-07-14T21:03:27.810000Z,0.0
162.197,162.194,1030,0.0,USDJPY,1784063008940,2026-07-14T21:03:28.940000Z,0.0
162.198,162.195,1028,0.0,USDJPY,1784063011346,2026-07-14T21:03:31.346000Z,0.0
162.2,162.197,1028,0.0,USDJPY,1784063012510,2026-07-14T21:03:32.510000Z,0.0
162.199,162.197,1028,0.0,USDJPY,1784063012544,2026-07-14T21:03:32.544000Z,0.0
162.199,162.196,1028,0.0,USDJPY,1784063014638,2026-07-14T21:03:34.638000Z,0.0
162.201,162.199,1028,0.0,USDJPY,1784063016828,2026-07-14T21:03:36.828000Z,0.0
162.201,162.198,1026,0.0,USDJPY,1784063017629,2026-07-14T21:03:37.629000Z,0.0
162.2,162.198,1028,0.0,USDJPY,1784063018111,2026-07-14T21:03:38.111000Z,0.0
162.201,162.198,1028,0.0,USDJPY,1784063021036,2026-07-14T21:03:41.036000Z,0.0
162.2,162.197,1030,0.0,USDJPY,1784063023419,2026-07-14T21:03:43.419000Z,0.0
162.2,162.198,1028,0.0,USDJPY,1784063024499,2026-07-14T21:03:44.499000Z,0.0
162.2,162.197,1026,0.0,USDJPY,1784063026649,2026-07-14T21:03:46.649000Z,0.0
162.2,162.198,1026,0.0,USDJPY,1784063030222,2026-07-14T21:03:50.222000Z,0.0
162.201,162.198,1028,0.0,USDJPY,1784063033264,2026-07-14T21:03:53.264000Z,0.0
162.201,162.198,1028,0.0,USDJPY,1784063034268,2026-07-14T21:03:54.268000Z,0.0
162.2,162.198,1026,0.0,USDJPY,1784063035377,2026-07-14T21:03:55.377000Z,0.0
162.198,162.196,1028,0.0,USDJPY,1784063036153,2026-07-14T21:03:56.153000Z,0.0
162.198,162.196,1028,0.0,USDJPY,1784063037368,2026-07-14T21:03:57.368000Z,0.0
162.199,162.196,1028,0.0,USDJPY,1784063037791,2026-07-14T21:03:57.791000Z,0.0
162.198,162.195,1028,0.0,USDJPY,1784063039864,2026-07-14T21:03:59.864000Z,0.0
162.199,162.196,1028,0.0,USDJPY,1784063040345,2026-07-14T21:04:00.345000Z,0.0
162.2,162.198,1026,0.0,USDJPY,1784063042031,2026-07-14T21:04:02.031000Z,0.0
162.198,162.196,1030,0.0,USDJPY,1784063042083,2026-07-14T21:04:02.083000Z,0.0
162.2,162.197,1028,0.0,USDJPY,1784063044081,2026-07-14T21:04:04.081000Z,0.0
162.2,162.197,1026,0.0,USDJPY,1784063044372,2026-07-14T21:04:04.372000Z,0.0
162.201,162.198,1028,0.0,USDJPY,1784063046278,2026-07-14T21:04:06.278000Z,0.0
162.199,162.197,1028,0.0,USDJPY,1784063047090,2026-07-14T21:04:07.090000Z,0.0
162.2,162.198,1028,0.0,USDJPY,1784063049547,2026-07-14T21:04:09.547000Z,0.0
162.198,162.196,1028,0.0,USDJPY,1784063050776,2026-07-14T21:04:10.776000Z,0.0
162.198,162.195,1028,0.0,USDJPY,1784063051579,2026-07-14T21:04:11.579000Z,0.0
162.198,162.196,1028,0.0,USDJPY,1784063052016,2026-07-14T21:04:12.016000Z,0.0
162.199,162.196,1028,0.0,USDJPY,1784063053880,2026-07-14T21:04:13.880000Z,0.0
162.199,162.196,1028,0.0,USDJPY,1784063055075,2026-07-14T21:04:15.075000Z,0.0
162.199,162.197,1028,0.0,USDJPY,1784063055362,2026-07-14T21:04:15.362000Z,0.0
162.2,162.198,1028,0.0,USDJPY,1784063057341,2026-07-14T21:04:17.341000Z,0.0
162.201,162.198,1026,0.0,USDJPY,1784063058392,2026-07-14T21:04:18.392000Z,0.0
162.201,162.198,1026,0.0,USDJPY,1784063058725,2026-07-14T21:04:18.725000Z,0.0
162.202,162.2,1028,0.0,USDJPY,1784063060322,2026-07-14T21:04:20.322000Z,0.0
162.203,162.201,1026,0.0,USDJPY,1784063060711,2026-07-14T21:04:20.711000Z,0.0
162.204,162.201,1028,0.0,USDJPY,1784063063935,2026-07-14T21:04:23.935000Z,0.0
162.203,162.201,1028,0.0,USDJPY,1784063065534,2026-07-14T21:04:25.534000Z,0.0
162.202,162.199,1028,0.0,USDJPY,1784063066783,2026-07-14T21:04:26.783000Z,0.0
162.201,162.199,1028,0.0,USDJPY,1784063067283,2026-07-14T21:04:27.283000Z,0.0
162.202,162.199,1028,0.0,USDJPY,1784063070057,2026-07-14T21:04:30.057000Z,0.0
162.202,162.199,1026,0.0,USDJPY,1784063071262,2026-07-14T21:04:31.262000Z,0.0
162.201,162.198,1026,0.0,USDJPY,1784063071866,2026-07-14T21:04:31.866000Z,0.0
162.201,162.198,1026,0.0,USDJPY,1784063073648,2026-07-14T21:04:33.648000Z,0.0
162.202,162.199,1028,0.0,USDJPY,1784063075861,2026-07-14T21:04:35.861000Z,0.0
162.201,162.198,1028,0.0,USDJPY,1784063076316,2026-07-14T21:04:36.316000Z,0.0
162.202,162.199,1026,0.0,USDJPY,1784063077689,2026-07-14T21:04:37.689000Z,0.0
162.202,162.199,1030,0.0,USDJPY,1784063080592,2026-07-14T21:04:40.592000Z,0.0
162.201,162.198,1028,0.0,USDJPY,1784063083604,2026-07-14T21:04:43.604000Z,0.0
162.202,162.199,1030,0.0,USDJPY,1784063085875,2026-07-14T21:04:45.875000Z,0.0
162.201,162.198,1030,0.0,USDJPY,1784063086385,2026-07-14T21:04:46.385000Z,0.0
162.202,162.199,1028,0.0,USDJPY,1784063087817,2026-07-14T21:04:47.817000Z,0.0
162.202,162.199,1026,0.0,USDJPY,1784063089514,2026-07-14T21:04:49.514000Z,0.0
162.2,162.197,1026,0.0,USDJPY,1784063092501,2026-07-14T21:04:52.501000Z,0.0
162.201,162.198,1028,0.0,USDJPY,1784063093377,2026-07-14T21:04:53.377000Z,0.0
162.201,162.198,1028,0.0,USDJPY,1784063094619,2026-07-14T21:04:54.619000Z,0.0
162.2,162.198,1028,0.0,USDJPY,1784063095229,2026-07-14T21:04:55.229000Z,0.0
162.194,162.191,1026,0.0,USDJPY,1784063096795,2026-07-14T21:04:56.795000Z,0.0
162.193,162.191,1030,0.0,USDJPY,1784063097964,2026-07-14T21:04:57.964000Z,0.0
162.194,162.191,1030,0.0,USDJPY,1784063099047,2026-07-14T21:04:59.047000Z,0.0
162.194,162.192,1026,0.0,USDJPY,1784063100184,2026-07-14T21:05:00.184000Z,0.0
162.192,162.189,1026,0.0,USDJPY,1784063101284,2026-07-14T21:05:01.284000Z,0.0
162.194,162.192,1030,0.0,USDJPY,1784063102248,2026-07-14T21:05:02.248000Z,0.0
162.193,162.191,1030,0.0,USDJPY,1784063104361,2026-07-14T21:05:04.361000Z,0.0
162.194,162.192,1030,0.0,USDJPY,1784063106423,2026-07-14T21:05:06.423000Z,0.0
162.193,162.19,1026,0.0,USDJPY,1784063107786,2026-07-14T21:05:07.786000Z,0.0
162.193,162.19,1028,0.0,USDJPY,1784063108596,2026-07-14T21:05:08.596000Z,0.0
162.193,162.191,1026,0.0,USDJPY,1784063109918,2026-07-14T21:05:09.918000Z,0.0
162.193,162.191,1026,0.0,USDJPY,1784063110735,2026-07-14T21:05:10.735000Z,0.0
162.194,162.191,1026,0.0,USDJPY,1784063112140,2026-07-14T21:05:12.140000Z,0.0
162.193,162.191,1026,0.0,USDJPY,1784063112356,2026-07-14T21:05:12.356000Z,0.0
162.193,162.19,1026,0.0,USDJPY,1784063118746,2026-07-14T21:05:18.746000Z,0.0
162.193,162.19,1028,0.0,USDJPY,1784063119091,2026-07-14T21:05:19.091000Z,0.0
162.193,162.19,1028,0.0,USDJPY,1784063122642,2026-07-14T21:05:22.642000Z,0.0
162.192,162.189,1026,0.0,USDJPY,1784063123850,2026-07-14T21:05:23.850000Z,0.0
162.191,162.189,1028,0.0,USDJPY,1784063125329,2026-07-14T21:05:25.329000Z,0.0
162.192,162.189,1026,0.0,USDJPY,1784063125433,2026-07-14T21:05:25.433000Z,0.0
162.192,162.189,1026,0.0,USDJPY,1784063127513,2026-07-14T21:05:27.513000Z,0.0
162.193,162.19,1028,0.0,USDJPY,1784063128635,2026-07-14T21:05:28.635000Z,0.0
162.192,162.19,1028,0.0,USDJPY,1784063128758,2026-07-14T21:05:28.758000Z,0.0
162.192,162.19,1026,0.0,USDJPY,1784063133000,2026-07-14T21:05:33Z,0.0
162.193,162.19,1028,0.0,USDJPY,1784063133724,2026-07-14T21:05:33.724000Z,0.0
162.192,162.19,1028,0.0,USDJPY,1784063135617,2026-07-14T21:05:35.617000Z,0.0
162.193,162.19,1026,0.0,USDJPY,1784063140207,2026-07-14T21:05:40.207000Z,0.0
162.194,162.191,1030,0.0,USDJPY,1784063141241,2026-07-14T21:05:41.241000Z,0.0
162.194,162.191,1030,0.0,USDJPY,1784063147656,2026-07-14T21:05:47.656000Z,0.0
162.193,162.19,1026,0.0,USDJPY,1784063149182,2026-07-14T21:05:49.182000Z,0.0
162.194,162.191,1028,0.0,USDJPY,1784063151120,2026-07-14T21:05:51.120000Z,0.0
162.193,162.19,1026,0.0,USDJPY,1784063151997,2026-07-14T21:05:51.997000Z,0.0
162.194,162.191,1030,0.0,USDJPY,1784063153668,2026-07-14T21:05:53.668000Z,0.0
162.194,162.191,1026,0.0,USDJPY,1784063155719,2026-07-14T21:05:55.719000Z,0.0
162.193,162.19,1030,0.0,USDJPY,1784063156862,2026-07-14T21:05:56.862000Z,0.0
162.192,162.189,1026,0.0,USDJPY,1784063160197,2026-07-14T21:06:00.197000Z,0.0
162.192,162.19,1028,0.0,USDJPY,1784063161351,2026-07-14T21:06:01.351000Z,0.0
162.197,162.194,1026,0.0,USDJPY,1784063163645,2026-07-14T21:06:03.645000Z,0.0
162.199,162.197,1030,0.0,USDJPY,1784063164736,2026-07-14T21:06:04.736000Z,0.0
162.2,162.197,1028,0.0,USDJPY,1784063165890,2026-07-14T21:06:05.890000Z,0.0
162.201,162.198,1028,0.0,USDJPY,1784063166988,2026-07-14T21:06:06.988000Z,0.0
162.201,162.198,1028,0.0,USDJPY,1784063167972,2026-07-14T21:06:07.972000Z,0.0
162.201,162.198,1026,0.0,USDJPY,1784063168932,2026-07-14T21:06:08.932000Z,0.0
162.201,162.198,1028,0.0,USDJPY,1784063169918,2026-07-14T21:06:09.918000Z,0.0
162.202,162.199,1030,0.0,USDJPY,1784063171365,2026-07-14T21:06:11.365000Z,0.0
162.201,162.199,1030,0.0,USDJPY,1784063171485,2026-07-14T21:06:11.485000Z,0.0
162.202,162.2,1030,0.0,USDJPY,1784063172548,2026-07-14T21:06:12.548000Z,0.0
162.201,162.198,1026,0.0,USDJPY,1784063174232,2026-07-14T21:06:14.232000Z,0.0
162.202,162.199,1030,0.0,USDJPY,1784063175548,2026-07-14T21:06:15.548000Z,0.0
162.201,162.198,1026,0.0,USDJPY,1784063178376,2026-07-14T21:06:18.376000Z,0.0
162.202,162.2,1030,0.0,USDJPY,1784063179688,2026-07-14T21:06:19.688000Z,0.0
162.202,162.199,1028,0.0,USDJPY,1784063180786,2026-07-14T21:06:20.786000Z,0.0
162.203,162.2,1026,0.0,USDJPY,1784063181315,2026-07-14T21:06:21.315000Z,0.0
162.203,162.2,1028,0.0,USDJPY,1784063183206,2026-07-14T21:06:23.206000Z,0.0
162.204,162.202,1028,0.0,USDJPY,1784063184131,2026-07-14T21:06:24.131000Z,0.0
162.204,162.201,1026,0.0,USDJPY,1784063188381,2026-07-14T21:06:28.381000Z,0.0
162.204,162.201,1026,0.0,USDJPY,1784063190935,2026-07-14T21:06:30.935000Z,0.0
162.204,162.201,1028,0.0,USDJPY,1784063192112,2026-07-14T21:06:32.112000Z,0.0
162.204,162.201,1026,0.0,USDJPY,1784063192405,2026-07-14T21:06:32.405000Z,0.0
162.204,162.202,1028,0.0,USDJPY,1784063195489,2026-07-14T21:06:35.489000Z,0.0
162.204,162.201,1026,0.0,USDJPY,1784063195582,2026-07-14T21:06:35.582000Z,0.0
162.205,162.202,1028,0.0,USDJPY,1784063198572,2026-07-14T21:06:38.572000Z,0.0
162.205,162.202,1028,0.0,USDJPY,1784063199575,2026-07-14T21:06:39.575000Z,0.0
162.204,162.201,1026,0.0,USDJPY,1784063200345,2026-07-14T21:06:40.345000Z,0.0
162.204,162.201,1026,0.0,USDJPY,1784063203026,2026-07-14T21:06:43.026000Z,0.0
162.205,162.202,1028,0.0,USDJPY,1784063203804,2026-07-14T21:06:43.804000Z,0.0
162.203,162.2,1026,0.0,USDJPY,1784063205391,2026-07-14T21:06:45.391000Z,0.0
162.204,162.201,1028,0.0,USDJPY,1784063205882,2026-07-14T21:06:45.882000Z,0.0
162.203,162.2,1028,0.0,USDJPY,1784063207386,2026-07-14T21:06:47.386000Z,0.0
162.201,162.198,1026,0.0,USDJPY,1784063208739,2026-07-14T21:06:48.739000Z,0.0
162.2,162.197,1030,0.0,USDJPY,1784063210318,2026-07-14T21:06:50.318000Z,0.0
162.2,162.198,1028,0.0,USDJPY,1784063212022,2026-07-14T21:06:52.022000Z,0.0
162.201,162.198,1026,0.0,USDJPY,1784063213101,2026-07-14T21:06:53.101000Z,0.0
162.201,162.198,1026,0.0,USDJPY,1784063213212,2026-07-14T21:06:53.212000Z,0.0
162.202,162.199,1026,0.0,USDJPY,1784063217621,2026-07-14T21:06:57.621000Z,0.0
162.202,162.199,1026,0.0,USDJPY,1784063218754,2026-07-14T21:06:58.754000Z,0.0
162.202,162.199,1026,0.0,USDJPY,1784063219108,2026-07-14T21:06:59.108000Z,0.0
162.203,162.2,1030,0.0,USDJPY,1784063220748,2026-07-14T21:07:00.748000Z,0.0
162.202,162.199,1028,0.0,USDJPY,1784063221606,2026-07-14T21:07:01.606000Z,0.0
162.202,162.199,1026,0.0,USDJPY,1784063225390,2026-07-14T21:07:05.390000Z,0.0
162.202,162.199,1026,0.0,USDJPY,1784063226335,2026-07-14T21:07:06.335000Z,0.0
162.202,162.2,1026,0.0,USDJPY,1784063227874,2026-07-14T21:07:07.874000Z,0.0
162.203,162.2,1026,0.0,USDJPY,1784063228704,2026-07-14T21:07:08.704000Z,0.0
162.203,162.2,1028,0.0,USDJPY,1784063230248,2026-07-14T21:07:10.248000Z,0.0
162.203,162.2,1026,0.0,USDJPY,1784063231544,2026-07-14T21:07:11.544000Z,0.0
162.202,162.199,1028,0.0,USDJPY,1784063233530,2026-07-14T21:07:13.530000Z,0.0
162.202,162.199,1026,0.0,USDJPY,1784063234870,2026-07-14T21:07:14.870000Z,0.0
162.203,162.2,1030,0.0,USDJPY,1784063236146,2026-07-14T21:07:16.146000Z,0.0
162.202,162.199,1028,0.0,USDJPY,1784063237198,2026-07-14T21:07:17.198000Z,0.0
162.201,162.198,1028,0.0,USDJPY,1784063239079,2026-07-14T21:07:19.079000Z,0.0
162.2,162.198,1026,0.0,USDJPY,1784063242399,2026-07-14T21:07:22.399000Z,0.0
162.201,162.198,1026,0.0,USDJPY,1784063243210,2026-07-14T21:07:23.210000Z,0.0
162.202,162.199,1028,0.0,USDJPY,1784063244256,2026-07-14T21:07:24.256000Z,0.0
162.202,162.199,1026,0.0,USDJPY,1784063245484,2026-07-14T21:07:25.484000Z,0.0
162.201,162.198,1026,0.0,USDJPY,1784063246541,2026-07-14T21:07:26.541000Z,0.0
162.202,162.199,1026,0.0,USDJPY,1784063246974,2026-07-14T21:07:26.974000Z,0.0
162.202,162.199,1026,0.0,USDJPY,1784063248820,2026-07-14T21:07:28.820000Z,0.0
162.201,162.198,1026,0.0,USDJPY,1784063251220,2026-07-14T21:07:31.220000Z,0.0
162.201,162.198,1028,0.0,USDJPY,1784063251724,2026-07-14T21:07:31.724000Z,0.0
162.201,162.198,1028,0.0,USDJPY,1784063253079,2026-07-14T21:07:33.079000Z,0.0
162.202,162.199,1030,0.0,USDJPY,1784063255188,2026-07-14T21:07:35.188000Z,0.0
162.201,162.198,1026,0.0,USDJPY,1784063256434,2026-07-14T21:07:36.434000Z,0.0
162.201,162.198,1026,0.0,USDJPY,1784063257535,2026-07-14T21:07:37.535000Z,0.0
162.201,162.198,1028,0.0,USDJPY,1784063258812,2026-07-14T21:07:38.812000Z,0.0
162.201,162.198,1030,0.0,USDJPY,1784063262305,2026-07-14T21:07:42.305000Z,0.0
162.2,162.198,1026,0.0,USDJPY,1784063263377,2026-07-14T21:07:43.377000Z,0.0
162.2,162.197,1026,0.0,USDJPY,1784063264044,2026-07-14T21:07:44.044000Z,0.0
162.201,162.198,1026,0.0,USDJPY,1784063265493,2026-07-14T21:07:45.493000Z,0.0
162.2,162.197,1028,0.0,USDJPY,1784063266068,2026-07-14T21:07:46.068000Z,0.0
162.2,162.197,1026,0.0,USDJPY,1784063268774,2026-07-14T21:07:48.774000Z,0.0
162.2,162.197,1028,0.0,USDJPY,1784063269782,2026-07-14T21:07:49.782000Z,0.0
162.201,162.198,1026,0.0,USDJPY,1784063270353,2026-07-14T21:07:50.353000Z,0.0
162.201,162.198,1026,0.0,USDJPY,1784063272211,2026-07-14T21:07:52.211000Z,0.0
162.201,162.198,1026,0.0,USDJPY,1784063273185,2026-07-14T21:07:53.185000Z,0.0
162.201,162.198,1026,0.0,USDJPY,1784063276310,2026-07-14T21:07:56.310000Z,0.0
162.201,162.198,1030,0.0,USDJPY,1784063277685,2026-07-14T21:07:57.685000Z,0.0
162.201,162.199,1026,0.0,USDJPY,1784063278071,2026-07-14T21:07:58.071000Z,0.0
162.201,162.198,1026,0.0,USDJPY,1784063279083,2026-07-14T21:07:59.083000Z,0.0
162.202,162.199,1026,0.0,USDJPY,1784063280894,2026-07-14T21:08:00.894000Z,0.0
162.202,162.2,1026,0.0,USDJPY,1784063281099,2026-07-14T21:08:01.099000Z,0.0
162.202,162.199,1026,0.0,USDJPY,1784063283007,2026-07-14T21:08:03.007000Z,0.0
162.202,162.2,1030,0.0,USDJPY,1784063283622,2026-07-14T21:08:03.622000Z,0.0
162.201,162.199,1030,0.0,USDJPY,1784063285865,2026-07-14T21:08:05.865000Z,0.0
162.201,162.198,1030,0.0,USDJPY,1784063287682,2026-07-14T21:08:07.682000Z,0.0
162.2,162.198,1028,0.0,USDJPY,1784063288047,2026-07-14T21:08:08.047000Z,0.0
162.2,162.198,1026,0.0,USDJPY,1784063289346,2026-07-14T21:08:09.346000Z,0.0
162.2,162.198,1026,0.0,USDJPY,1784063290955,2026-07-14T21:08:10.955000Z,0.0
162.201,162.198,1030,0.0,USDJPY,1784063291608,2026-07-14T21:08:11.608000Z,0.0
162.201,162.198,1026,0.0,USDJPY,1784063292205,2026-07-14T21:08:12.205000Z,0.0
162.2,162.197,1026,0.0,USDJPY,1784063298786,2026-07-14T21:08:18.786000Z,0.0
162.2,162.197,1026,0.0,USDJPY,1784063299407,2026-07-14T21:08:19.407000Z,0.0
162.2,162.197,1028,0.0,USDJPY,1784063300039,2026-07-14T21:08:20.039000Z,0.0
162.2,162.197,1026,0.0,USDJPY,1784063302028,2026-07-14T21:08:22.028000Z,0.0
162.2,162.197,1028,0.0,USDJPY,1784063302505,2026-07-14T21:08:22.505000Z,0.0
162.2,162.197,1026,0.0,USDJPY,1784063304269,2026-07-14T21:08:24.269000Z,0.0
162.2,162.197,1026,0.0,USDJPY,1784063305309,2026-07-14T21:08:25.309000Z,0.0
162.201,162.198,1026,0.0,USDJPY,1784063306486,2026-07-14T21:08:26.486000Z,0.0
162.201,162.198,1026,0.0,USDJPY,1784063307125,2026-07-14T21:08:27.125000Z,0.0
162.201,162.198,1026,0.0,USDJPY,1784063309755,2026-07-14T21:08:29.755000Z,0.0
162.2,162.198,1030,0.0,USDJPY,1784063310203,2026-07-14T21:08:30.203000Z,0.0
162.201,162.199,1030,0.0,USDJPY,1784063311697,2026-07-14T21:08:31.697000Z,0.0
162.201,162.199,1028,0.0,USDJPY,1784063316908,2026-07-14T21:08:36.908000Z,0.0
162.201,162.199,1030,0.0,USDJPY,1784063320074,2026-07-14T21:08:40.074000Z,0.0
162.203,162.2,1028,0.0,USDJPY,1784063321587,2026-07-14T21:08:41.587000Z,0.0
162.202,162.2,1030,0.0,USDJPY,1784063322545,2026-07-14T21:08:42.545000Z,0.0
162.201,162.199,1028,0.0,USDJPY,1784063324051,2026-07-14T21:08:44.051000Z,0.0
162.198,162.195,1030,0.0,USDJPY,1784063325192,2026-07-14T21:08:45.192000Z,0.0
162.198,162.195,1030,0.0,USDJPY,1784063326128,2026-07-14T21:08:46.128000Z,0.0
162.2,162.197,1028,0.0,USDJPY,1784063327837,2026-07-14T21:08:47.837000Z,0.0
162.2,162.197,1030,0.0,USDJPY,1784063329452,2026-07-14T21:08:49.452000Z,0.0
162.199,162.197,1026,0.0,USDJPY,1784063329721,2026-07-14T21:08:49.721000Z,0.0
162.2,162.197,1028,0.0,USDJPY,1784063338244,2026-07-14T21:08:58.244000Z,0.0
162.199,162.196,1030,0.0,USDJPY,1784063339224,2026-07-14T21:08:59.224000Z,0.0
162.2,162.197,1030,0.0,USDJPY,1784063340513,2026-07-14T21:09:00.513000Z,0.0
162.2,162.197,1030,0.0,USDJPY,1784063341622,2026-07-14T21:09:01.622000Z,0.0
162.201,162.198,1030,0.0,USDJPY,1784063342747,2026-07-14T21:09:02.747000Z,0.0
162.201,162.198,1030,0.0,USDJPY,1784063343856,2026-07-14T21:09:03.856000Z,0.0
162.199,162.196,1030,0.0,USDJPY,1784063345475,2026-07-14T21:09:05.475000Z,0.0
162.199,162.196,1030,0.0,USDJPY,1784063346724,2026-07-14T21:09:06.724000Z,0.0
162.199,162.197,1026,0.0,USDJPY,1784063348041,2026-07-14T21:09:08.041000Z,0.0
162.199,162.196,1028,0.0,USDJPY,1784063348746,2026-07-14T21:09:08.746000Z,0.0
162.199,162.197,1026,0.0,USDJPY,1784063350809,2026-07-14T21:09:10.809000Z,0.0
162.2,162.198,1028,0.0,USDJPY,1784063353665,2026-07-14T21:09:13.665000Z,0.0
162.199,162.197,1030,0.0,USDJPY,1784063354085,2026-07-14T21:09:14.085000Z,0.0
162.199,162.197,1028,0.0,USDJPY,1784063355406,2026-07-14T21:09:15.406000Z,0.0
162.199,162.197,1030,0.0,USDJPY,1784063356520,2026-07-14T21:09:16.520000Z,0.0
162.2,162.197,1030,0.0,USDJPY,1784063362976,2026-07-14T21:09:22.976000Z,0.0
162.2,162.198,1026,0.0,USDJPY,1784063364038,2026-07-14T21:09:24.038000Z,0.0
162.201,162.198,1030,0.0,USDJPY,1784063365585,2026-07-14T21:09:25.585000Z,0.0
162.202,162.199,1030,0.0,USDJPY,1784063366853,2026-07-14T21:09:26.853000Z,0.0
162.201,162.199,1030,0.0,USDJPY,1784063367832,2026-07-14T21:09:27.832000Z,0.0
162.202,162.199,1030,0.0,USDJPY,1784063369017,2026-07-14T21:09:29.017000Z,0.0
162.2,162.198,1030,0.0,USDJPY,1784063369217,2026-07-14T21:09:29.217000Z,0.0
162.201,162.198,1028,0.0,USDJPY,1784063370372,2026-07-14T21:09:30.372000Z,0.0
162.2,162.198,1028,0.0,USDJPY,1784063371755,2026-07-14T21:09:31.755000Z,0.0
162.201,162.198,1028,0.0,USDJPY,1784063372626,2026-07-14T21:09:32.626000Z,0.0
162.202,162.199,1028,0.0,USDJPY,1784063374525,2026-07-14T21:09:34.525000Z,0.0
162.201,162.199,1028,0.0,USDJPY,1784063375022,2026-07-14T21:09:35.022000Z,0.0
