symbol,direction,entry_time,exit_time,gross_pips,net_a_pips,net_b_pips,family,exit_reason
EURUSD,-1,2018-03-05T00:00:00+00:00,2018-03-09T00:00:00+00:00,30.000000000001137,28.500000000001137,27.000000000001137,candidate_bond_diff,friday_flat
EURUSD,-1,2018-03-12T00:00:00+00:00,2018-03-16T00:00:00+00:00,45.699999999999626,44.199999999999626,42.699999999999626,candidate_bond_diff,friday_flat
EURUSD,-1,2018-03-19T00:00:00+00:00,2018-03-23T00:00:00+00:00,-17.299999999997873,-18.799999999997873,-20.299999999997873,candidate_bond_diff,friday_flat
EURUSD,-1,2018-03-26T00:00:00+00:00,2018-03-30T00:00:00+00:00,121.29999999999974,119.79999999999974,118.29999999999974,candidate_bond_diff,friday_flat
EURUSD,-1,2018-04-02T00:00:00+00:00,2018-04-06T00:00:00+00:00,20.700000000000163,19.200000000000163,17.700000000000163,candidate_bond_diff,friday_flat
EURUSD,-1,2018-04-09T00:00:00+00:00,2018-04-13T00:00:00+00:00,-8.599999999998609,-10.099999999998609,-11.599999999998609,candidate_bond_diff,friday_flat
EURUSD,-1,2018-04-16T00:00:00+00:00,2018-04-20T00:00:00+00:00,91.89999999999809,90.39999999999809,88.89999999999809,candidate_bond_diff,friday_flat
EURUSD,-1,2018-04-23T00:00:00+00:00,2018-04-27T00:00:00+00:00,79.00000000000017,77.50000000000017,76.00000000000017,candidate_bond_diff,friday_flat
EURUSD,-1,2018-04-30T00:00:00+00:00,2018-05-04T00:00:00+00:00,116.50000000000159,115.00000000000159,113.50000000000159,candidate_bond_diff,friday_flat
EURUSD,-1,2018-05-07T00:00:00+00:00,2018-05-11T00:00:00+00:00,-19.899999999999363,-21.399999999999363,-22.899999999999363,candidate_bond_diff,friday_flat
EURUSD,-1,2018-05-14T00:00:00+00:00,2018-05-18T00:00:00+00:00,155.70000000000084,154.20000000000084,152.70000000000084,candidate_bond_diff,friday_flat
EURUSD,-1,2018-05-21T00:00:00+00:00,2018-05-25T00:00:00+00:00,141.90000000000146,140.40000000000146,138.90000000000146,candidate_bond_diff,friday_flat
EURUSD,-1,2018-05-28T00:00:00+00:00,2018-06-01T00:00:00+00:00,-35.80000000000138,-37.30000000000138,-38.80000000000138,candidate_bond_diff,friday_flat
EURUSD,-1,2018-06-04T00:00:00+00:00,2018-06-07T00:00:00+00:00,-139.49071477704854,-140.99071477704854,-142.49071477704854,candidate_bond_diff,stop
EURUSD,-1,2018-06-07T00:00:00+00:00,2018-06-08T00:00:00+00:00,28.600000000000847,27.100000000000847,25.600000000000847,candidate_bond_diff,friday_flat
EURUSD,-1,2018-06-11T00:00:00+00:00,2018-06-12T00:00:00+00:00,37.400000000000766,35.900000000000766,34.400000000000766,candidate_bond_diff,signal_flat
EURUSD,-1,2018-06-14T00:00:00+00:00,2018-06-15T00:00:00+00:00,-41.10000000000058,-42.60000000000058,-44.10000000000058,candidate_bond_diff,friday_flat
EURUSD,-1,2018-06-18T00:00:00+00:00,2018-06-22T00:00:00+00:00,-31.69999999999895,-33.19999999999895,-34.69999999999895,candidate_bond_diff,friday_flat
EURUSD,-1,2018-06-25T00:00:00+00:00,2018-06-29T00:00:00+00:00,19.599999999999618,18.099999999999618,16.599999999999618,candidate_bond_diff,friday_flat
EURUSD,-1,2018-07-02T00:00:00+00:00,2018-07-06T00:00:00+00:00,-104.69999999999979,-106.19999999999979,-107.69999999999979,candidate_bond_diff,friday_flat
EURUSD,-1,2018-07-09T00:00:00+00:00,2018-07-13T00:00:00+00:00,63.99999999999961,62.49999999999961,60.99999999999961,candidate_bond_diff,friday_flat
EURUSD,-1,2018-07-16T00:00:00+00:00,2018-07-20T00:00:00+00:00,-10.100000000001774,-11.600000000001774,-13.100000000001774,candidate_bond_diff,friday_flat
EURUSD,-1,2018-07-23T00:00:00+00:00,2018-07-27T00:00:00+00:00,34.999999999998366,33.499999999998366,31.999999999998366,candidate_bond_diff,friday_flat
EURUSD,-1,2018-07-30T00:00:00+00:00,2018-08-03T00:00:00+00:00,137.80000000000126,136.30000000000126,134.80000000000126,candidate_bond_diff,friday_flat
EURUSD,-1,2018-08-06T00:00:00+00:00,2018-08-10T00:00:00+00:00,142.10000000000056,140.60000000000056,139.10000000000056,candidate_bond_diff,friday_flat
EURUSD,-1,2018-08-13T00:00:00+00:00,2018-08-17T00:00:00+00:00,-28.500000000000192,-30.000000000000192,-31.500000000000192,candidate_bond_diff,friday_flat
EURUSD,-1,2018-08-20T00:00:00+00:00,2018-08-21T00:00:00+00:00,-115.88432970874862,-117.38432970874862,-118.88432970874862,candidate_bond_diff,stop
EURUSD,1,2018-08-27T00:00:00+00:00,2018-08-29T00:00:00+00:00,28.600000000000847,27.100000000000847,25.600000000000847,candidate_bond_diff,signal_flat
EURUSD,1,2018-08-30T00:00:00+00:00,2018-08-31T00:00:00+00:00,-67.60000000000099,-69.10000000000099,-70.60000000000099,candidate_bond_diff,friday_flat
EURUSD,-1,2018-09-05T00:00:00+00:00,2018-09-06T00:00:00+00:00,6.299999999999084,4.799999999999084,3.299999999999084,candidate_bond_diff,signal_flat
EURUSD,-1,2018-09-10T00:00:00+00:00,2018-09-11T00:00:00+00:00,-11.499999999999844,-12.999999999999844,-14.499999999999844,candidate_bond_diff,signal_flat
EURUSD,-1,2018-09-13T00:00:00+00:00,2018-09-14T00:00:00+00:00,67.80000000000008,66.30000000000008,64.80000000000008,candidate_bond_diff,friday_flat
EURUSD,-1,2018-09-19T00:00:00+00:00,2018-09-21T00:00:00+00:00,-121.04231657723784,-122.54231657723784,-124.04231657723784,candidate_bond_diff,stop
EURUSD,-1,2018-09-24T00:00:00+00:00,2018-09-27T00:00:00+00:00,106.50000000000048,105.00000000000048,103.50000000000048,candidate_bond_diff,signal_flat
EURUSD,-1,2018-10-01T00:00:00+00:00,2018-10-05T00:00:00+00:00,54.400000000001114,52.900000000001114,51.400000000001114,candidate_bond_diff,friday_flat
EURUSD,-1,2018-10-08T00:00:00+00:00,2018-10-12T00:00:00+00:00,-67.69999999999942,-69.19999999999942,-70.69999999999942,candidate_bond_diff,friday_flat
EURUSD,-1,2018-10-15T00:00:00+00:00,2018-10-19T00:00:00+00:00,64.20000000000093,62.70000000000093,61.20000000000093,candidate_bond_diff,friday_flat
EURUSD,-1,2018-10-22T00:00:00+00:00,2018-10-26T00:00:00+00:00,61.60000000000165,60.10000000000165,58.60000000000165,candidate_bond_diff,friday_flat
EURUSD,-1,2018-10-29T00:00:00+00:00,2018-11-02T00:00:00+00:00,-13.900000000000023,-15.400000000000023,-16.900000000000023,candidate_bond_diff,friday_flat
EURUSD,-1,2018-11-05T00:00:00+00:00,2018-11-09T00:00:00+00:00,72.40000000000136,70.90000000000136,69.40000000000136,candidate_bond_diff,friday_flat
EURUSD,-1,2018-11-12T00:00:00+00:00,2018-11-14T00:00:00+00:00,-119.84546717470178,-121.34546717470178,-122.84546717470178,candidate_bond_diff,stop
EURUSD,-1,2018-11-14T00:00:00+00:00,2018-11-15T00:00:00+00:00,-17.499999999999183,-18.999999999999183,-20.499999999999183,candidate_bond_diff,signal_flat
EURUSD,1,2018-12-10T00:00:00+00:00,2018-12-12T00:00:00+00:00,12.799999999999478,11.299999999999478,9.799999999999478,candidate_bond_diff,signal_flat
EURUSD,1,2018-12-17T00:00:00+00:00,2018-12-21T00:00:00+00:00,19.399999999998307,17.899999999998307,16.399999999998307,candidate_bond_diff,friday_flat
EURUSD,1,2018-12-24T00:00:00+00:00,2018-12-28T00:00:00+00:00,23.400000000000087,21.900000000000087,20.400000000000087,candidate_bond_diff,friday_flat
EURUSD,1,2018-12-31T00:00:00+00:00,2019-01-02T00:00:00+00:00,-117.54349841337496,-119.04349841337496,-120.54349841337496,candidate_bond_diff,stop
EURUSD,1,2019-01-03T00:00:00+00:00,2019-01-04T00:00:00+00:00,2.60000000000149,1.10000000000149,-0.39999999999851,candidate_bond_diff,friday_flat
EURUSD,1,2019-01-07T00:00:00+00:00,2019-01-11T00:00:00+00:00,-11.299999999998533,-12.799999999998533,-14.299999999998533,candidate_bond_diff,friday_flat
EURUSD,1,2019-01-14T00:00:00+00:00,2019-01-18T00:00:00+00:00,-102.29999999999961,-103.79999999999961,-105.29999999999961,candidate_bond_diff,friday_flat
EURUSD,1,2019-01-21T00:00:00+00:00,2019-01-25T00:00:00+00:00,39.39999999999832,37.89999999999832,36.39999999999832,candidate_bond_diff,friday_flat
EURUSD,1,2019-01-30T00:00:00+00:00,2019-02-01T00:00:00+00:00,-25.000000000001688,-26.500000000001688,-28.000000000001688,candidate_bond_diff,friday_flat
EURUSD,-1,2019-03-12T00:00:00+00:00,2019-03-13T00:00:00+00:00,-42.40000000000021,-43.90000000000021,-45.40000000000021,candidate_bond_diff,signal_flat
EURUSD,1,2019-03-20T00:00:00+00:00,2019-03-22T00:00:00+00:00,-88.82645208391659,-90.32645208391659,-91.82645208391659,candidate_bond_diff,stop
EURUSD,1,2019-03-25T00:00:00+00:00,2019-03-28T00:00:00+00:00,-96.12028616194256,-97.62028616194256,-99.12028616194256,candidate_bond_diff,stop
EURUSD,1,2019-03-28T00:00:00+00:00,2019-03-29T00:00:00+00:00,-9.299999999998754,-10.799999999998754,-12.299999999998754,candidate_bond_diff,friday_flat
EURUSD,1,2019-04-01T00:00:00+00:00,2019-04-02T00:00:00+00:00,-8.399999999999519,-9.899999999999519,-11.399999999999519,candidate_bond_diff,signal_flat
EURUSD,1,2019-04-08T00:00:00+00:00,2019-04-09T00:00:00+00:00,0.0,-1.5,-3.0,candidate_bond_diff,signal_flat
EURUSD,1,2019-04-16T00:00:00+00:00,2019-04-17T00:00:00+00:00,14.699999999998603,13.199999999998603,11.699999999998603,candidate_bond_diff,signal_flat
EURUSD,1,2019-05-01T00:00:00+00:00,2019-05-03T00:00:00+00:00,7.999999999999119,6.499999999999119,4.999999999999119,candidate_bond_diff,friday_flat
EURUSD,1,2019-05-07T00:00:00+00:00,2019-05-09T00:00:00+00:00,22.200000000001108,20.700000000001108,19.200000000001108,candidate_bond_diff,signal_flat
EURUSD,1,2019-05-13T00:00:00+00:00,2019-05-17T00:00:00+00:00,-64.29999999999936,-65.79999999999936,-67.29999999999936,candidate_bond_diff,friday_flat
EURUSD,1,2019-05-20T00:00:00+00:00,2019-05-24T00:00:00+00:00,39.400000000000546,37.900000000000546,36.400000000000546,candidate_bond_diff,friday_flat
EURUSD,1,2019-05-27T00:00:00+00:00,2019-05-30T00:00:00+00:00,-70.85730590314698,-72.35730590314698,-73.85730590314698,candidate_bond_diff,stop
EURUSD,1,2019-05-30T00:00:00+00:00,2019-05-31T00:00:00+00:00,39.29999999999989,37.79999999999989,36.29999999999989,candidate_bond_diff,friday_flat
EURUSD,1,2019-06-03T00:00:00+00:00,2019-06-07T00:00:00+00:00,91.60000000000056,90.10000000000056,88.60000000000056,candidate_bond_diff,friday_flat
EURUSD,1,2019-06-10T00:00:00+00:00,2019-06-14T00:00:00+00:00,-87.62497040686323,-89.12497040686323,-90.62497040686323,candidate_bond_diff,stop
EURUSD,1,2019-06-17T00:00:00+00:00,2019-06-21T00:00:00+00:00,152.09999999999945,150.59999999999945,149.09999999999945,candidate_bond_diff,friday_flat
EURUSD,1,2019-06-24T00:00:00+00:00,2019-06-28T00:00:00+00:00,-28.500000000000192,-30.000000000000192,-31.500000000000192,candidate_bond_diff,friday_flat
EURUSD,1,2019-07-01T00:00:00+00:00,2019-07-05T00:00:00+00:00,-60.2999999999998,-61.7999999999998,-63.2999999999998,candidate_bond_diff,friday_flat
EURUSD,1,2019-07-11T00:00:00+00:00,2019-07-12T00:00:00+00:00,16.700000000000603,15.200000000000603,13.700000000000603,candidate_bond_diff,friday_flat
EURUSD,1,2019-07-15T00:00:00+00:00,2019-07-16T00:00:00+00:00,-47.399999999999665,-48.899999999999665,-50.399999999999665,candidate_bond_diff,signal_flat
EURUSD,-1,2019-07-25T00:00:00+00:00,2019-07-26T00:00:00+00:00,19.700000000000273,18.200000000000273,16.700000000000273,candidate_bond_diff,friday_flat
EURUSD,-1,2019-07-29T00:00:00+00:00,2019-08-02T00:00:00+00:00,39.29999999999989,37.79999999999989,36.29999999999989,candidate_bond_diff,friday_flat
EURUSD,1,2019-08-06T00:00:00+00:00,2019-08-08T00:00:00+00:00,-17.899999999999583,-19.399999999999583,-20.899999999999583,candidate_bond_diff,signal_flat
EURUSD,1,2019-08-12T00:00:00+00:00,2019-08-15T00:00:00+00:00,-88.43527784244908,-89.93527784244908,-91.43527784244908,candidate_bond_diff,stop
EURUSD,1,2019-08-15T00:00:00+00:00,2019-08-16T00:00:00+00:00,-17.199999999999438,-18.699999999999438,-20.199999999999438,candidate_bond_diff,friday_flat
EURUSD,1,2019-08-19T00:00:00+00:00,2019-08-23T00:00:00+00:00,60.80000000000085,59.30000000000085,57.80000000000085,candidate_bond_diff,friday_flat
EURUSD,1,2019-08-26T00:00:00+00:00,2019-08-30T00:00:00+00:00,-86.90756863893867,-88.40756863893867,-89.90756863893867,candidate_bond_diff,stop
EURUSD,1,2019-09-02T00:00:00+00:00,2019-09-06T00:00:00+00:00,54.89999999999995,53.39999999999995,51.89999999999995,candidate_bond_diff,friday_flat
EURUSD,1,2019-09-09T00:00:00+00:00,2019-09-11T00:00:00+00:00,-37.4999999999992,-38.9999999999992,-40.4999999999992,candidate_bond_diff,signal_flat
EURUSD,-1,2019-09-16T00:00:00+00:00,2019-09-17T00:00:00+00:00,-72.20000000000005,-73.70000000000005,-75.20000000000005,candidate_bond_diff,signal_flat
EURUSD,1,2019-09-25T00:00:00+00:00,2019-09-26T00:00:00+00:00,-22.100000000000453,-23.600000000000453,-25.100000000000453,candidate_bond_diff,signal_flat
EURUSD,1,2019-10-02T00:00:00+00:00,2019-10-04T00:00:00+00:00,18.199999999999328,16.699999999999328,15.199999999999328,candidate_bond_diff,friday_flat
EURUSD,1,2019-10-07T00:00:00+00:00,2019-10-11T00:00:00+00:00,65.59999999999899,64.09999999999899,62.599999999998985,candidate_bond_diff,friday_flat
EURUSD,1,2019-10-17T00:00:00+00:00,2019-10-18T00:00:00+00:00,45.499999999998316,43.999999999998316,42.499999999998316,candidate_bond_diff,friday_flat
EURUSD,1,2019-10-21T00:00:00+00:00,2019-10-25T00:00:00+00:00,-69.30000000000102,-70.80000000000102,-72.30000000000102,candidate_bond_diff,friday_flat
EURUSD,1,2019-10-28T00:00:00+00:00,2019-10-30T00:00:00+00:00,52.200000000000024,50.700000000000024,49.200000000000024,candidate_bond_diff,signal_flat
EURUSD,1,2019-10-31T00:00:00+00:00,2019-11-01T00:00:00+00:00,13.399999999998968,11.899999999998968,10.399999999998968,candidate_bond_diff,friday_flat
EURUSD,1,2019-11-04T00:00:00+00:00,2019-11-06T00:00:00+00:00,-61.40000000000034,-62.90000000000034,-64.40000000000035,candidate_bond_diff,signal_flat
EURUSD,1,2019-11-07T00:00:00+00:00,2019-11-08T00:00:00+00:00,-30.799999999999716,-32.29999999999971,-33.79999999999971,candidate_bond_diff,friday_flat
EURUSD,1,2019-11-19T00:00:00+00:00,2019-11-22T00:00:00+00:00,-59.80000000000096,-61.30000000000096,-62.80000000000096,candidate_bond_diff,friday_flat
EURUSD,1,2019-11-25T00:00:00+00:00,2019-11-29T00:00:00+00:00,2.60000000000149,1.10000000000149,-0.39999999999851,candidate_bond_diff,friday_flat
EURUSD,1,2019-12-02T00:00:00+00:00,2019-12-06T00:00:00+00:00,-18.899999999999473,-20.399999999999473,-21.899999999999473,candidate_bond_diff,friday_flat
EURUSD,1,2019-12-09T00:00:00+00:00,2019-12-10T00:00:00+00:00,28.399999999999537,26.899999999999537,25.399999999999537,candidate_bond_diff,signal_flat
EURUSD,1,2019-12-12T00:00:00+00:00,2019-12-13T00:00:00+00:00,-11.299999999998533,-12.799999999998533,-14.299999999998533,candidate_bond_diff,friday_flat
EURUSD,1,2019-12-16T00:00:00+00:00,2019-12-17T00:00:00+00:00,5.300000000001415,3.8000000000014147,2.3000000000014147,candidate_bond_diff,signal_flat
EURUSD,1,2019-12-31T00:00:00+00:00,2020-01-03T00:00:00+00:00,-70.14060387404264,-71.64060387404264,-73.14060387404264,candidate_bond_diff,stop
EURUSD,1,2020-01-06T00:00:00+00:00,2020-01-08T00:00:00+00:00,-71.86662052159897,-73.36662052159897,-74.86662052159897,candidate_bond_diff,stop
EURUSD,1,2020-01-08T00:00:00+00:00,2020-01-09T00:00:00+00:00,-0.1999999999990898,-1.6999999999990898,-3.19999999999909,candidate_bond_diff,signal_flat
EURUSD,1,2020-01-13T00:00:00+00:00,2020-01-17T00:00:00+00:00,-44.50000000000065,-46.00000000000065,-47.50000000000065,candidate_bond_diff,friday_flat
EURUSD,1,2020-01-20T00:00:00+00:00,2020-01-24T00:00:00+00:00,-68.6034766463517,-70.1034766463517,-71.6034766463517,candidate_bond_diff,stop
EURUSD,1,2020-01-27T00:00:00+00:00,2020-01-31T00:00:00+00:00,75.89999999999985,74.39999999999985,72.89999999999985,candidate_bond_diff,friday_flat
EURUSD,1,2020-02-03T00:00:00+00:00,2020-02-06T00:00:00+00:00,-68.36418953897638,-69.86418953897638,-71.36418953897638,candidate_bond_diff,stop
EURUSD,1,2020-02-06T00:00:00+00:00,2020-02-07T00:00:00+00:00,-39.70000000000029,-41.20000000000029,-42.70000000000029,candidate_bond_diff,friday_flat
EURUSD,1,2020-02-10T00:00:00+00:00,2020-02-13T00:00:00+00:00,-68.56000917864424,-70.06000917864424,-71.56000917864424,candidate_bond_diff,stop
EURUSD,1,2020-02-13T00:00:00+00:00,2020-02-14T00:00:00+00:00,-10.699999999999044,-12.199999999999044,-13.699999999999044,candidate_bond_diff,friday_flat
EURUSD,1,2020-02-17T00:00:00+00:00,2020-02-21T00:00:00+00:00,12.799999999999478,11.299999999999478,9.799999999999478,candidate_bond_diff,friday_flat
EURUSD,1,2020-02-24T00:00:00+00:00,2020-02-28T00:00:00+00:00,177.30000000000024,175.80000000000024,174.30000000000024,candidate_bond_diff,friday_flat
EURUSD,1,2020-03-02T00:00:00+00:00,2020-03-06T00:00:00+00:00,156.8999999999998,155.3999999999998,153.8999999999998,candidate_bond_diff,friday_flat
EURUSD,1,2020-03-09T00:00:00+00:00,2020-03-10T00:00:00+00:00,-132.50655944320843,-134.00655944320843,-135.50655944320843,candidate_bond_diff,stop
EURUSD,1,2020-03-10T00:00:00+00:00,2020-03-12T00:00:00+00:00,-142.65966234012106,-144.15966234012106,-145.65966234012106,candidate_bond_diff,stop
EURUSD,1,2020-03-12T00:00:00+00:00,2020-03-13T00:00:00+00:00,-64.20000000000093,-65.70000000000093,-67.20000000000093,candidate_bond_diff,friday_flat
EURUSD,1,2020-03-16T00:00:00+00:00,2020-03-17T00:00:00+00:00,-174.49440639567325,-175.99440639567325,-177.49440639567325,candidate_bond_diff,stop
EURUSD,1,2020-03-17T00:00:00+00:00,2020-03-18T00:00:00+00:00,-187.1019487959824,-188.6019487959824,-190.1019487959824,candidate_bond_diff,stop
EURUSD,1,2020-03-18T00:00:00+00:00,2020-03-19T00:00:00+00:00,-199.81609531055653,-201.31609531055653,-202.81609531055653,candidate_bond_diff,stop
EURUSD,1,2020-03-19T00:00:00+00:00,2020-03-20T00:00:00+00:00,34.600000000000186,33.100000000000186,31.600000000000186,candidate_bond_diff,friday_flat
EURUSD,1,2020-03-23T00:00:00+00:00,2020-03-27T00:00:00+00:00,417.39999999999884,415.89999999999884,414.39999999999884,candidate_bond_diff,friday_flat
EURUSD,1,2020-03-30T00:00:00+00:00,2020-04-03T00:00:00+00:00,-234.52329574456863,-236.02329574456863,-237.52329574456863,candidate_bond_diff,stop
EURUSD,1,2020-04-06T00:00:00+00:00,2020-04-10T00:00:00+00:00,142.70000000000005,141.20000000000005,139.70000000000005,candidate_bond_diff,friday_flat
EURUSD,1,2020-04-13T00:00:00+00:00,2020-04-17T00:00:00+00:00,-38.09999999999869,-39.59999999999869,-41.09999999999869,candidate_bond_diff,friday_flat
EURUSD,1,2020-04-20T00:00:00+00:00,2020-04-24T00:00:00+00:00,-36.30000000000022,-37.80000000000022,-39.30000000000022,candidate_bond_diff,friday_flat
EURUSD,1,2020-04-27T00:00:00+00:00,2020-05-01T00:00:00+00:00,152.2000000000001,150.7000000000001,149.2000000000001,candidate_bond_diff,friday_flat
EURUSD,1,2020-05-04T00:00:00+00:00,2020-05-06T00:00:00+00:00,-113.59999999999815,-115.09999999999815,-116.59999999999815,candidate_bond_diff,signal_flat
EURUSD,1,2020-06-02T00:00:00+00:00,2020-06-03T00:00:00+00:00,64.80000000000041,63.30000000000041,61.80000000000041,candidate_bond_diff,signal_flat
EURUSD,-1,2020-06-18T00:00:00+00:00,2020-06-19T00:00:00+00:00,28.399999999999537,26.899999999999537,25.399999999999537,candidate_bond_diff,friday_flat
EURUSD,-1,2020-06-23T00:00:00+00:00,2020-06-25T00:00:00+00:00,90.40000000000158,88.90000000000158,87.40000000000158,candidate_bond_diff,signal_flat
EURUSD,-1,2020-07-01T00:00:00+00:00,2020-07-02T00:00:00+00:00,11.900000000000244,10.400000000000244,8.900000000000244,candidate_bond_diff,signal_flat
EURUSD,-1,2020-07-13T00:00:00+00:00,2020-07-14T00:00:00+00:00,-55.800000000001404,-57.300000000001404,-58.800000000001404,candidate_bond_diff,signal_flat
EURUSD,1,2020-07-27T00:00:00+00:00,2020-07-28T00:00:00+00:00,-36.000000000000476,-37.500000000000476,-39.000000000000476,candidate_bond_diff,signal_flat
EURUSD,1,2020-08-04T00:00:00+00:00,2020-08-05T00:00:00+00:00,60.100000000000705,58.600000000000705,57.100000000000705,candidate_bond_diff,signal_flat
EURUSD,1,2020-08-06T00:00:00+00:00,2020-08-07T00:00:00+00:00,-90.79999999999977,-92.29999999999977,-93.79999999999977,candidate_bond_diff,friday_flat
EURUSD,-1,2020-08-11T00:00:00+00:00,2020-08-14T00:00:00+00:00,-101.79999999999855,-103.29999999999855,-104.79999999999855,candidate_bond_diff,friday_flat
EURUSD,-1,2020-08-17T00:00:00+00:00,2020-08-21T00:00:00+00:00,73.39999999999903,71.89999999999903,70.39999999999903,candidate_bond_diff,friday_flat
EURUSD,-1,2020-08-24T00:00:00+00:00,2020-08-27T00:00:00+00:00,-34.399999999998876,-35.899999999998876,-37.399999999998876,candidate_bond_diff,signal_flat
EURUSD,-1,2020-08-31T00:00:00+00:00,2020-09-01T00:00:00+00:00,24.800000000000377,23.300000000000377,21.800000000000377,candidate_bond_diff,signal_flat
EURUSD,-1,2020-09-07T00:00:00+00:00,2020-09-11T00:00:00+00:00,-32.30000000000066,-33.80000000000066,-35.30000000000066,candidate_bond_diff,friday_flat
EURUSD,-1,2020-09-15T00:00:00+00:00,2020-09-18T00:00:00+00:00,4.900000000001015,3.4000000000010147,1.9000000000010147,candidate_bond_diff,friday_flat
EURUSD,-1,2020-09-21T00:00:00+00:00,2020-09-25T00:00:00+00:00,141.10000000000068,139.60000000000068,138.10000000000068,candidate_bond_diff,friday_flat
EURUSD,-1,2020-09-28T00:00:00+00:00,2020-10-02T00:00:00+00:00,-51.49999999999988,-52.99999999999988,-54.49999999999988,candidate_bond_diff,friday_flat
EURUSD,-1,2020-10-05T00:00:00+00:00,2020-10-09T00:00:00+00:00,-46.800000000000175,-48.300000000000175,-49.800000000000175,candidate_bond_diff,friday_flat
EURUSD,-1,2020-10-12T00:00:00+00:00,2020-10-16T00:00:00+00:00,96.00000000000053,94.50000000000053,93.00000000000053,candidate_bond_diff,friday_flat
EURUSD,-1,2020-10-19T00:00:00+00:00,2020-10-21T00:00:00+00:00,-107.32515926569208,-108.82515926569208,-110.32515926569208,candidate_bond_diff,stop
EURUSD,-1,2020-10-21T00:00:00+00:00,2020-10-23T00:00:00+00:00,-0.0,-1.5,-3.0,candidate_bond_diff,friday_flat
EURUSD,-1,2020-10-26T00:00:00+00:00,2020-10-30T00:00:00+00:00,162.50000000000097,161.00000000000097,159.50000000000097,candidate_bond_diff,friday_flat
EURUSD,-1,2020-11-02T00:00:00+00:00,2020-11-04T00:00:00+00:00,-102.77736995823128,-104.27736995823128,-105.77736995823128,candidate_bond_diff,stop
EURUSD,-1,2020-11-04T00:00:00+00:00,2020-11-05T00:00:00+00:00,-117.34808940276008,-118.84808940276008,-120.34808940276008,candidate_bond_diff,stop
EURUSD,-1,2020-11-05T00:00:00+00:00,2020-11-06T00:00:00+00:00,-47.900000000000716,-49.400000000000716,-50.900000000000716,candidate_bond_diff,friday_flat
EURUSD,-1,2020-11-09T00:00:00+00:00,2020-11-13T00:00:00+00:00,-19.899999999999363,-21.399999999999363,-22.899999999999363,candidate_bond_diff,friday_flat
EURUSD,-1,2020-11-16T00:00:00+00:00,2020-11-20T00:00:00+00:00,-7.099999999999884,-8.599999999999884,-10.099999999999884,candidate_bond_diff,friday_flat
EURUSD,-1,2020-11-23T00:00:00+00:00,2020-11-27T00:00:00+00:00,-110.94010590448455,-112.44010590448455,-113.94010590448455,candidate_bond_diff,stop
EURUSD,-1,2020-11-30T00:00:00+00:00,2020-12-01T00:00:00+00:00,-104.77304544161957,-106.27304544161957,-107.77304544161957,candidate_bond_diff,stop
EURUSD,-1,2020-12-02T00:00:00+00:00,2020-12-04T00:00:00+00:00,-6.500000000000394,-8.000000000000394,-9.500000000000394,candidate_bond_diff,friday_flat
EURUSD,-1,2020-12-07T00:00:00+00:00,2020-12-11T00:00:00+00:00,-3.4000000000000696,-4.90000000000007,-6.40000000000007,candidate_bond_diff,friday_flat
EURUSD,-1,2020-12-14T00:00:00+00:00,2020-12-17T00:00:00+00:00,-109.81136513005474,-111.31136513005474,-112.81136513005474,candidate_bond_diff,stop
EURUSD,-1,2020-12-17T00:00:00+00:00,2020-12-18T00:00:00+00:00,14.199999999999768,12.699999999999768,11.199999999999768,candidate_bond_diff,friday_flat
EURUSD,-1,2020-12-21T00:00:00+00:00,2020-12-29T00:00:00+00:00,-5.800000000000249,-7.300000000000249,-8.80000000000025,candidate_bond_diff,time_stop
EURUSD,-1,2020-12-29T00:00:00+00:00,2021-01-06T00:00:00+00:00,-77.0000000000004,-78.5000000000004,-80.0000000000004,candidate_bond_diff,time_stop
EURUSD,-1,2021-01-06T00:00:00+00:00,2021-01-08T00:00:00+00:00,103.40000000000015,101.90000000000015,100.40000000000015,candidate_bond_diff,friday_flat
EURUSD,-1,2021-01-11T00:00:00+00:00,2021-01-15T00:00:00+00:00,73.1000000000015,71.6000000000015,70.1000000000015,candidate_bond_diff,friday_flat
EURUSD,-1,2021-01-18T00:00:00+00:00,2021-01-22T00:00:00+00:00,-94.69999999999867,-96.19999999999867,-97.69999999999867,candidate_bond_diff,friday_flat
EURUSD,-1,2021-01-25T00:00:00+00:00,2021-01-29T00:00:00+00:00,5.999999999999339,4.499999999999339,2.999999999999339,candidate_bond_diff,friday_flat
EURUSD,-1,2021-02-01T00:00:00+00:00,2021-02-05T00:00:00+00:00,10.200000000000209,8.700000000000209,7.200000000000209,candidate_bond_diff,friday_flat
EURUSD,-1,2021-02-08T00:00:00+00:00,2021-02-12T00:00:00+00:00,-69.59999999999854,-71.09999999999854,-72.59999999999854,candidate_bond_diff,friday_flat
EURUSD,-1,2021-02-15T00:00:00+00:00,2021-02-19T00:00:00+00:00,9.999999999998899,8.499999999998899,6.999999999998899,candidate_bond_diff,friday_flat
EURUSD,-1,2021-02-22T00:00:00+00:00,2021-02-26T00:00:00+00:00,82.69999999999999,81.19999999999999,79.69999999999999,candidate_bond_diff,friday_flat
EURUSD,-1,2021-03-01T00:00:00+00:00,2021-03-05T00:00:00+00:00,136.79999999999913,135.29999999999913,133.79999999999913,candidate_bond_diff,friday_flat
EURUSD,-1,2021-03-08T00:00:00+00:00,2021-03-11T00:00:00+00:00,-114.6522962392149,-116.1522962392149,-117.6522962392149,candidate_bond_diff,stop
EURUSD,-1,2021-03-11T00:00:00+00:00,2021-03-12T00:00:00+00:00,33.199999999999896,31.699999999999896,30.199999999999896,candidate_bond_diff,friday_flat
EURUSD,-1,2021-03-15T00:00:00+00:00,2021-03-19T00:00:00+00:00,22.699999999999942,21.199999999999942,19.699999999999942,candidate_bond_diff,friday_flat
EURUSD,-1,2021-03-22T00:00:00+00:00,2021-03-26T00:00:00+00:00,139.89999999999947,138.39999999999947,136.89999999999947,candidate_bond_diff,friday_flat
EURUSD,-1,2021-03-29T00:00:00+00:00,2021-04-02T00:00:00+00:00,3.4000000000000696,1.9000000000000696,0.40000000000006963,candidate_bond_diff,friday_flat
EURUSD,-1,2021-04-05T00:00:00+00:00,2021-04-07T00:00:00+00:00,-99.22142196561178,-100.72142196561178,-102.22142196561178,candidate_bond_diff,stop
EURUSD,-1,2021-04-07T00:00:00+00:00,2021-04-09T00:00:00+00:00,-34.19999999999978,-35.69999999999978,-37.19999999999978,candidate_bond_diff,friday_flat
EURUSD,-1,2021-04-12T00:00:00+00:00,2021-04-16T00:00:00+00:00,-71.00000000000107,-72.50000000000107,-74.00000000000107,candidate_bond_diff,friday_flat
EURUSD,1,2021-05-17T00:00:00+00:00,2021-05-21T00:00:00+00:00,29.50000000000008,28.00000000000008,26.50000000000008,candidate_bond_diff,friday_flat
EURUSD,1,2021-05-24T00:00:00+00:00,2021-05-28T00:00:00+00:00,-25.399999999999867,-26.899999999999867,-28.399999999999867,candidate_bond_diff,friday_flat
EURUSD,1,2021-05-31T00:00:00+00:00,2021-06-03T00:00:00+00:00,-97.77119881787532,-99.27119881787532,-100.77119881787532,candidate_bond_diff,stop
EURUSD,1,2021-06-03T00:00:00+00:00,2021-06-04T00:00:00+00:00,39.70000000000029,38.20000000000029,36.70000000000029,candidate_bond_diff,friday_flat
EURUSD,1,2021-06-07T00:00:00+00:00,2021-06-11T00:00:00+00:00,-82.99999999999973,-84.49999999999973,-85.99999999999973,candidate_bond_diff,friday_flat
EURUSD,1,2021-06-14T00:00:00+00:00,2021-06-16T00:00:00+00:00,-93.61073142991171,-95.11073142991171,-96.61073142991171,candidate_bond_diff,stop
EURUSD,1,2021-06-16T00:00:00+00:00,2021-06-17T00:00:00+00:00,-100.36767148803527,-101.86767148803527,-103.36767148803527,candidate_bond_diff,stop
EURUSD,1,2021-06-21T00:00:00+00:00,2021-06-25T00:00:00+00:00,18.499999999999073,16.999999999999073,15.499999999999073,candidate_bond_diff,friday_flat
EURUSD,1,2021-06-28T00:00:00+00:00,2021-07-02T00:00:00+00:00,-96.79564752154367,-98.29564752154367,-99.79564752154367,candidate_bond_diff,stop
EURUSD,1,2021-07-05T00:00:00+00:00,2021-07-09T00:00:00+00:00,14.000000000000679,12.500000000000679,11.000000000000679,candidate_bond_diff,friday_flat
EURUSD,1,2021-07-12T00:00:00+00:00,2021-07-14T00:00:00+00:00,-24.799999999998157,-26.299999999998157,-27.799999999998157,candidate_bond_diff,signal_flat
EURUSD,1,2021-07-15T00:00:00+00:00,2021-07-16T00:00:00+00:00,-6.299999999999084,-7.799999999999084,-9.299999999999084,candidate_bond_diff,friday_flat
EURUSD,1,2021-07-19T00:00:00+00:00,2021-07-22T00:00:00+00:00,-27.999999999999137,-29.499999999999137,-30.999999999999137,candidate_bond_diff,signal_flat
EURUSD,1,2021-08-03T00:00:00+00:00,2021-08-04T00:00:00+00:00,-26.999999999999247,-28.499999999999247,-29.999999999999247,candidate_bond_diff,signal_flat
EURUSD,-1,2021-08-09T00:00:00+00:00,2021-08-13T00:00:00+00:00,-59.99999999999783,-61.49999999999783,-62.99999999999783,candidate_bond_diff,friday_flat
EURUSD,-1,2021-08-16T00:00:00+00:00,2021-08-18T00:00:00+00:00,66.0000000000016,64.5000000000016,63.000000000001606,candidate_bond_diff,signal_flat
EURUSD,-1,2021-08-19T00:00:00+00:00,2021-08-20T00:00:00+00:00,-24.000000000001798,-25.500000000001798,-27.000000000001798,candidate_bond_diff,friday_flat
EURUSD,-1,2021-08-23T00:00:00+00:00,2021-08-24T00:00:00+00:00,-9.799999999999809,-11.299999999999809,-12.799999999999809,candidate_bond_diff,signal_flat
EURUSD,-1,2021-08-25T00:00:00+00:00,2021-08-27T00:00:00+00:00,-23.899999999998922,-25.399999999998922,-26.899999999998922,candidate_bond_diff,friday_flat
EURUSD,1,2021-09-09T00:00:00+00:00,2021-09-10T00:00:00+00:00,-13.699999999998713,-15.199999999998713,-16.699999999998713,candidate_bond_diff,friday_flat
EURUSD,1,2021-09-14T00:00:00+00:00,2021-09-17T00:00:00+00:00,-70.44397966952998,-71.94397966952998,-73.44397966952998,candidate_bond_diff,stop
EURUSD,1,2021-09-20T00:00:00+00:00,2021-09-24T00:00:00+00:00,-5.099999999997884,-6.599999999997884,-8.099999999997884,candidate_bond_diff,friday_flat
EURUSD,-1,2021-09-30T00:00:00+00:00,2021-10-01T00:00:00+00:00,-15.799999999999148,-17.299999999999148,-18.799999999999148,candidate_bond_diff,friday_flat
EURUSD,-1,2021-10-11T00:00:00+00:00,2021-10-13T00:00:00+00:00,-42.29999999999956,-43.79999999999956,-45.29999999999956,candidate_bond_diff,signal_flat
EURUSD,-1,2021-10-21T00:00:00+00:00,2021-10-22T00:00:00+00:00,-19.700000000000273,-21.200000000000273,-22.700000000000273,candidate_bond_diff,friday_flat
EURUSD,1,2021-11-01T00:00:00+00:00,2021-11-03T00:00:00+00:00,9.00000000000123,7.500000000001229,6.000000000001229,candidate_bond_diff,signal_flat
EURUSD,-1,2021-11-04T00:00:00+00:00,2021-11-05T00:00:00+00:00,-12.600000000000389,-14.100000000000389,-15.600000000000389,candidate_bond_diff,friday_flat
EURUSD,-1,2021-11-09T00:00:00+00:00,2021-11-12T00:00:00+00:00,150.1999999999981,148.6999999999981,147.1999999999981,candidate_bond_diff,friday_flat
EURUSD,-1,2021-11-15T00:00:00+00:00,2021-11-19T00:00:00+00:00,84.29999999999937,82.79999999999937,81.29999999999937,candidate_bond_diff,friday_flat
EURUSD,-1,2021-11-22T00:00:00+00:00,2021-11-26T00:00:00+00:00,-85.10000000000016,-86.60000000000016,-88.10000000000016,candidate_bond_diff,friday_flat
EURUSD,-1,2021-11-29T00:00:00+00:00,2021-12-01T00:00:00+00:00,-29.100000000001902,-30.600000000001902,-32.1000000000019,candidate_bond_diff,signal_flat
EURUSD,-1,2021-12-07T00:00:00+00:00,2021-12-10T00:00:00+00:00,-49.099999999999696,-50.599999999999696,-52.099999999999696,candidate_bond_diff,friday_flat
EURUSD,-1,2021-12-13T00:00:00+00:00,2021-12-14T00:00:00+00:00,25.899999999998702,24.399999999998702,22.899999999998702,candidate_bond_diff,signal_flat
EURUSD,-1,2021-12-16T00:00:00+00:00,2021-12-17T00:00:00+00:00,92.39999999999914,90.89999999999914,89.39999999999914,candidate_bond_diff,friday_flat
EURUSD,1,2021-12-28T00:00:00+00:00,2021-12-29T00:00:00+00:00,39.80000000000094,38.30000000000094,36.80000000000094,candidate_bond_diff,signal_flat
EURUSD,1,2022-01-03T00:00:00+00:00,2022-01-04T00:00:00+00:00,-10.900000000000354,-12.400000000000354,-13.900000000000354,candidate_bond_diff,signal_flat
EURUSD,-1,2022-01-06T00:00:00+00:00,2022-01-07T00:00:00+00:00,-61.39999999999812,-62.89999999999812,-64.39999999999813,candidate_bond_diff,friday_flat
EURUSD,-1,2022-01-10T00:00:00+00:00,2022-01-12T00:00:00+00:00,-101.30270628843307,-102.80270628843307,-104.30270628843307,candidate_bond_diff,stop
EURUSD,-1,2022-01-17T00:00:00+00:00,2022-01-21T00:00:00+00:00,64.10000000000026,62.600000000000264,61.100000000000264,candidate_bond_diff,friday_flat
EURUSD,-1,2022-01-25T00:00:00+00:00,2022-01-28T00:00:00+00:00,153.70000000000104,152.20000000000104,150.70000000000104,candidate_bond_diff,friday_flat
EURUSD,1,2022-02-03T00:00:00+00:00,2022-02-04T00:00:00+00:00,12.199999999999989,10.699999999999989,9.199999999999989,candidate_bond_diff,friday_flat
EURUSD,1,2022-02-07T00:00:00+00:00,2022-02-11T00:00:00+00:00,-94.19999999999983,-95.69999999999983,-97.19999999999983,candidate_bond_diff,friday_flat
EURUSD,1,2022-02-14T00:00:00+00:00,2022-02-18T00:00:00+00:00,16.900000000001913,15.400000000001913,13.900000000001913,candidate_bond_diff,friday_flat
EURUSD,1,2022-02-21T00:00:00+00:00,2022-02-24T00:00:00+00:00,-111.6505722591321,-113.1505722591321,-114.6505722591321,candidate_bond_diff,stop
EURUSD,1,2022-02-24T00:00:00+00:00,2022-02-25T00:00:00+00:00,79.70000000000032,78.20000000000032,76.70000000000032,candidate_bond_diff,friday_flat
EURUSD,1,2022-02-28T00:00:00+00:00,2022-03-02T00:00:00+00:00,-133.4842679497572,-134.9842679497572,-136.4842679497572,candidate_bond_diff,stop
EURUSD,1,2022-03-02T00:00:00+00:00,2022-03-03T00:00:00+00:00,-52.499999999999766,-53.999999999999766,-55.499999999999766,candidate_bond_diff,flip
EURUSD,-1,2022-03-03T00:00:00+00:00,2022-03-04T00:00:00+00:00,135.39999999999884,133.89999999999884,132.39999999999884,candidate_bond_diff,friday_flat
EURUSD,1,2022-03-09T00:00:00+00:00,2022-03-11T00:00:00+00:00,-163.16083378822066,-164.66083378822066,-166.16083378822066,candidate_bond_diff,stop
EURUSD,1,2022-03-14T00:00:00+00:00,2022-03-15T00:00:00+00:00,4.199999999998649,2.6999999999986493,1.1999999999986493,candidate_bond_diff,signal_flat
EURUSD,-1,2022-03-22T00:00:00+00:00,2022-03-24T00:00:00+00:00,31.200000000000117,29.700000000000117,28.200000000000117,candidate_bond_diff,signal_flat
EURUSD,-1,2022-03-28T00:00:00+00:00,2022-03-29T00:00:00+00:00,-141.28760285743613,-142.78760285743613,-144.28760285743613,candidate_bond_diff,stop
EURUSD,-1,2022-03-29T00:00:00+00:00,2022-03-30T00:00:00+00:00,-71.70000000000121,-73.20000000000121,-74.70000000000121,candidate_bond_diff,signal_flat
EURUSD,1,2022-03-31T00:00:00+00:00,2022-04-01T00:00:00+00:00,-21.799999999998487,-23.299999999998487,-24.799999999998487,candidate_bond_diff,friday_flat
EURUSD,-1,2022-04-05T00:00:00+00:00,2022-04-08T00:00:00+00:00,29.400000000001647,27.900000000001647,26.400000000001647,candidate_bond_diff,friday_flat
EURUSD,-1,2022-04-11T00:00:00+00:00,2022-04-15T00:00:00+00:00,71.60000000000055,70.10000000000055,68.60000000000055,candidate_bond_diff,friday_flat
EURUSD,-1,2022-04-18T00:00:00+00:00,2022-04-21T00:00:00+00:00,-128.73106609452512,-130.23106609452512,-131.73106609452512,candidate_bond_diff,stop
EURUSD,-1,2022-04-21T00:00:00+00:00,2022-04-22T00:00:00+00:00,32.70000000000106,31.20000000000106,29.70000000000106,candidate_bond_diff,friday_flat
EURUSD,-1,2022-04-25T00:00:00+00:00,2022-04-29T00:00:00+00:00,166.50000000000054,165.00000000000054,163.50000000000054,candidate_bond_diff,friday_flat
EURUSD,-1,2022-05-02T00:00:00+00:00,2022-05-06T00:00:00+00:00,-36.6999999999984,-38.1999999999984,-39.6999999999984,candidate_bond_diff,friday_flat
EURUSD,-1,2022-05-09T00:00:00+00:00,2022-05-10T00:00:00+00:00,28.900000000000592,27.400000000000592,25.900000000000592,candidate_bond_diff,signal_flat
EURUSD,-1,2022-05-11T00:00:00+00:00,2022-05-12T00:00:00+00:00,131.30000000000086,129.80000000000086,128.30000000000086,candidate_bond_diff,signal_flat
EURUSD,-1,2022-05-16T00:00:00+00:00,2022-05-17T00:00:00+00:00,-115.40000000000106,-116.90000000000106,-118.40000000000106,candidate_bond_diff,signal_flat
EURUSD,1,2022-05-23T00:00:00+00:00,2022-05-24T00:00:00+00:00,45.199999999998575,43.699999999998575,42.199999999998575,candidate_bond_diff,signal_flat
EURUSD,1,2022-05-25T00:00:00+00:00,2022-05-27T00:00:00+00:00,51.900000000000276,50.400000000000276,48.900000000000276,candidate_bond_diff,friday_flat
EURUSD,1,2022-05-30T00:00:00+00:00,2022-06-01T00:00:00+00:00,-140.7286809790986,-142.2286809790986,-143.7286809790986,candidate_bond_diff,stop
EURUSD,1,2022-06-01T00:00:00+00:00,2022-06-03T00:00:00+00:00,68.09999999999982,66.59999999999982,65.09999999999982,candidate_bond_diff,friday_flat
EURUSD,1,2022-06-06T00:00:00+00:00,2022-06-10T00:00:00+00:00,-137.98451890724817,-139.48451890724817,-140.98451890724817,candidate_bond_diff,stop
EURUSD,1,2022-06-13T00:00:00+00:00,2022-06-14T00:00:00+00:00,7.500000000000284,6.000000000000284,4.500000000000284,candidate_bond_diff,signal_flat
EURUSD,1,2022-06-16T00:00:00+00:00,2022-06-17T00:00:00+00:00,-52.09999999999937,-53.59999999999937,-55.09999999999937,candidate_bond_diff,friday_flat
EURUSD,1,2022-06-20T00:00:00+00:00,2022-06-24T00:00:00+00:00,42.9999999999997,41.4999999999997,39.9999999999997,candidate_bond_diff,friday_flat
EURUSD,1,2022-06-27T00:00:00+00:00,2022-06-30T00:00:00+00:00,-151.9674522345715,-153.4674522345715,-154.9674522345715,candidate_bond_diff,stop
EURUSD,1,2022-06-30T00:00:00+00:00,2022-07-01T00:00:00+00:00,-56.59999999999998,-58.09999999999998,-59.59999999999998,candidate_bond_diff,friday_flat
EURUSD,1,2022-07-04T00:00:00+00:00,2022-07-05T00:00:00+00:00,-148.5934162338065,-150.0934162338065,-151.5934162338065,candidate_bond_diff,stop
EURUSD,1,2022-07-05T00:00:00+00:00,2022-07-07T00:00:00+00:00,-106.89999999999866,-108.39999999999866,-109.89999999999866,candidate_bond_diff,signal_flat
EURUSD,-1,2022-08-03T00:00:00+00:00,2022-08-05T00:00:00+00:00,-11.499999999999844,-12.999999999999844,-14.499999999999844,candidate_bond_diff,friday_flat
EURUSD,-1,2022-08-08T00:00:00+00:00,2022-08-10T00:00:00+00:00,-159.9007334724023,-161.4007334724023,-162.9007334724023,candidate_bond_diff,stop
EURUSD,-1,2022-08-10T00:00:00+00:00,2022-08-12T00:00:00+00:00,42.79999999999839,41.29999999999839,39.79999999999839,candidate_bond_diff,friday_flat
EURUSD,-1,2022-08-15T00:00:00+00:00,2022-08-17T00:00:00+00:00,-21.100000000000563,-22.600000000000563,-24.100000000000563,candidate_bond_diff,signal_flat
EURUSD,1,2022-08-29T00:00:00+00:00,2022-08-31T00:00:00+00:00,57.29999999999902,55.79999999999902,54.29999999999902,candidate_bond_diff,signal_flat
EURUSD,1,2022-09-21T00:00:00+00:00,2022-09-23T00:00:00+00:00,-163.90563506406218,-165.40563506406218,-166.90563506406218,candidate_bond_diff,stop
EURUSD,-1,2022-09-27T00:00:00+00:00,2022-09-29T00:00:00+00:00,-173.95388101480336,-175.45388101480336,-176.95388101480336,candidate_bond_diff,stop
EURUSD,1,2022-09-29T00:00:00+00:00,2022-09-30T00:00:00+00:00,-15.699999999999603,-17.199999999999605,-18.699999999999605,candidate_bond_diff,friday_flat
EURUSD,1,2022-10-10T00:00:00+00:00,2022-10-14T00:00:00+00:00,20.49999999999996,18.99999999999996,17.49999999999996,candidate_bond_diff,friday_flat
EURUSD,-1,2022-10-25T00:00:00+00:00,2022-10-28T00:00:00+00:00,-1.2999999999996348,-2.799999999999635,-4.299999999999635,candidate_bond_diff,friday_flat
EURUSD,-1,2022-10-31T00:00:00+00:00,2022-11-04T00:00:00+00:00,-76.70000000000066,-78.20000000000066,-79.70000000000066,candidate_bond_diff,friday_flat
EURUSD,-1,2022-11-07T00:00:00+00:00,2022-11-09T00:00:00+00:00,9.699999999999154,8.199999999999154,6.699999999999154,candidate_bond_diff,signal_flat
EURUSD,1,2022-11-17T00:00:00+00:00,2022-11-18T00:00:00+00:00,-43.59999999999919,-45.09999999999919,-46.59999999999919,candidate_bond_diff,friday_flat
EURUSD,-1,2022-11-22T00:00:00+00:00,2022-11-23T00:00:00+00:00,-90.59999999999846,-92.09999999999846,-93.59999999999846,candidate_bond_diff,signal_flat
EURUSD,-1,2022-11-30T00:00:00+00:00,2022-12-01T00:00:00+00:00,-119.1999999999993,-120.6999999999993,-122.1999999999993,candidate_bond_diff,signal_flat
EURUSD,1,2022-12-05T00:00:00+00:00,2022-12-06T00:00:00+00:00,-26.600000000001067,-28.100000000001067,-29.600000000001067,candidate_bond_diff,signal_flat
EURUSD,1,2022-12-08T00:00:00+00:00,2022-12-09T00:00:00+00:00,-18.899999999999473,-20.399999999999473,-21.899999999999473,candidate_bond_diff,friday_flat
EURUSD,1,2022-12-12T00:00:00+00:00,2022-12-13T00:00:00+00:00,94.1000000000014,92.6000000000014,91.1000000000014,candidate_bond_diff,signal_flat
EURUSD,1,2022-12-14T00:00:00+00:00,2022-12-16T00:00:00+00:00,-92.79999999999954,-94.29999999999954,-95.79999999999954,candidate_bond_diff,friday_flat
EURUSD,1,2022-12-19T00:00:00+00:00,2022-12-23T00:00:00+00:00,9.900000000000464,8.400000000000464,6.900000000000464,candidate_bond_diff,friday_flat
EURUSD,1,2022-12-26T00:00:00+00:00,2022-12-30T00:00:00+00:00,62.40000000000023,60.90000000000023,59.40000000000023,candidate_bond_diff,friday_flat
EURUSD,1,2023-01-02T00:00:00+00:00,2023-01-03T00:00:00+00:00,-125.71172767414262,-127.21172767414262,-128.71172767414262,candidate_bond_diff,stop
EURUSD,1,2023-01-03T00:00:00+00:00,2023-01-06T00:00:00+00:00,95.70000000000078,94.20000000000078,92.70000000000078,candidate_bond_diff,friday_flat
EURUSD,1,2023-01-09T00:00:00+00:00,2023-01-13T00:00:00+00:00,100.49999999999892,98.99999999999892,97.49999999999892,candidate_bond_diff,friday_flat
EURUSD,1,2023-01-16T00:00:00+00:00,2023-01-20T00:00:00+00:00,34.69999999999862,33.19999999999862,31.699999999998617,candidate_bond_diff,friday_flat
EURUSD,1,2023-01-23T00:00:00+00:00,2023-01-27T00:00:00+00:00,-4.20000000000087,-5.70000000000087,-7.20000000000087,candidate_bond_diff,friday_flat
EURUSD,1,2023-01-30T00:00:00+00:00,2023-02-03T00:00:00+00:00,-56.79999999999907,-58.29999999999907,-59.79999999999907,candidate_bond_diff,friday_flat
EURUSD,1,2023-02-09T00:00:00+00:00,2023-02-10T00:00:00+00:00,-60.40000000000045,-61.90000000000045,-63.40000000000045,candidate_bond_diff,friday_flat
EURUSD,1,2023-03-01T00:00:00+00:00,2023-03-02T00:00:00+00:00,-72.20000000000005,-73.70000000000005,-75.20000000000005,candidate_bond_diff,signal_flat
EURUSD,1,2023-03-06T00:00:00+00:00,2023-03-07T00:00:00+00:00,-120.74300796870219,-122.24300796870219,-123.74300796870219,candidate_bond_diff,stop
EURUSD,1,2023-03-07T00:00:00+00:00,2023-03-09T00:00:00+00:00,31.90000000000026,30.40000000000026,28.90000000000026,candidate_bond_diff,signal_flat
EURUSD,1,2023-03-13T00:00:00+00:00,2023-03-14T00:00:00+00:00,2.300000000001745,0.8000000000017451,-0.6999999999982549,candidate_bond_diff,signal_flat
EURUSD,1,2023-03-15T00:00:00+00:00,2023-03-16T00:00:00+00:00,34.89999999999993,33.39999999999993,31.899999999999928,candidate_bond_diff,signal_flat
EURUSD,1,2023-03-20T00:00:00+00:00,2023-03-21T00:00:00+00:00,49.000000000001265,47.500000000001265,46.000000000001265,candidate_bond_diff,signal_flat
EURUSD,1,2023-03-23T00:00:00+00:00,2023-03-24T00:00:00+00:00,-71.90000000000029,-73.40000000000029,-74.90000000000029,candidate_bond_diff,friday_flat
EURUSD,1,2023-03-27T00:00:00+00:00,2023-03-31T00:00:00+00:00,45.20000000000079,43.70000000000079,42.20000000000079,candidate_bond_diff,friday_flat
EURUSD,1,2023-04-03T00:00:00+00:00,2023-04-07T00:00:00+00:00,-4.700000000001925,-6.200000000001925,-7.700000000001925,candidate_bond_diff,friday_flat
EURUSD,1,2023-04-10T00:00:00+00:00,2023-04-14T00:00:00+00:00,133.30000000000064,131.80000000000064,130.30000000000064,candidate_bond_diff,friday_flat
EURUSD,1,2023-04-17T00:00:00+00:00,2023-04-21T00:00:00+00:00,60.700000000000195,59.200000000000195,57.700000000000195,candidate_bond_diff,friday_flat
EURUSD,1,2023-04-24T00:00:00+00:00,2023-04-28T00:00:00+00:00,-28.29999999999888,-29.79999999999888,-31.29999999999888,candidate_bond_diff,friday_flat
EURUSD,1,2023-05-01T00:00:00+00:00,2023-05-05T00:00:00+00:00,42.29999999999956,40.79999999999956,39.29999999999956,candidate_bond_diff,friday_flat
EURUSD,-1,2023-05-25T00:00:00+00:00,2023-05-26T00:00:00+00:00,-0.700000000000145,-2.200000000000145,-3.700000000000145,candidate_bond_diff,friday_flat
EURUSD,-1,2023-05-31T00:00:00+00:00,2023-06-02T00:00:00+00:00,-17.499999999999183,-18.999999999999183,-20.499999999999183,candidate_bond_diff,friday_flat
EURUSD,-1,2023-06-05T00:00:00+00:00,2023-06-09T00:00:00+00:00,-37.00000000000036,-38.50000000000036,-40.00000000000036,candidate_bond_diff,friday_flat
EURUSD,-1,2023-06-12T00:00:00+00:00,2023-06-14T00:00:00+00:00,-103.55957228242784,-105.05957228242784,-106.55957228242784,candidate_bond_diff,stop
EURUSD,-1,2023-06-14T00:00:00+00:00,2023-06-15T00:00:00+00:00,-106.16947814148014,-107.66947814148014,-109.16947814148014,candidate_bond_diff,stop
EURUSD,-1,2023-06-15T00:00:00+00:00,2023-06-16T00:00:00+00:00,4.8000000000003595,3.3000000000003595,1.8000000000003595,candidate_bond_diff,friday_flat
EURUSD,-1,2023-06-19T00:00:00+00:00,2023-06-23T00:00:00+00:00,32.69999999999884,31.199999999998838,29.699999999998838,candidate_bond_diff,friday_flat
EURUSD,-1,2023-06-26T00:00:00+00:00,2023-06-30T00:00:00+00:00,-3.900000000001125,-5.400000000001125,-6.900000000001125,candidate_bond_diff,friday_flat
EURUSD,-1,2023-07-03T00:00:00+00:00,2023-07-07T00:00:00+00:00,-57.70000000000053,-59.20000000000053,-60.70000000000053,candidate_bond_diff,friday_flat
EURUSD,-1,2023-07-10T00:00:00+00:00,2023-07-12T00:00:00+00:00,-106.62531905684335,-108.12531905684335,-109.62531905684335,candidate_bond_diff,stop
EURUSD,-1,2023-07-17T00:00:00+00:00,2023-07-18T00:00:00+00:00,3.4000000000000696,1.9000000000000696,0.40000000000006963,candidate_bond_diff,signal_flat
EURUSD,-1,2023-07-19T00:00:00+00:00,2023-07-20T00:00:00+00:00,69.60000000000078,68.10000000000078,66.60000000000078,candidate_bond_diff,signal_flat
EURUSD,-1,2023-07-24T00:00:00+00:00,2023-07-28T00:00:00+00:00,49.999999999998934,48.499999999998934,46.999999999998934,candidate_bond_diff,friday_flat
EURUSD,-1,2023-07-31T00:00:00+00:00,2023-08-04T00:00:00+00:00,-9.099999999999664,-10.599999999999664,-12.099999999999664,candidate_bond_diff,friday_flat
EURUSD,-1,2023-08-07T00:00:00+00:00,2023-08-11T00:00:00+00:00,56.99999999999816,55.49999999999816,53.99999999999816,candidate_bond_diff,friday_flat
EURUSD,-1,2023-08-14T00:00:00+00:00,2023-08-18T00:00:00+00:00,35.60000000000007,34.10000000000007,32.60000000000007,candidate_bond_diff,friday_flat
EURUSD,-1,2023-08-21T00:00:00+00:00,2023-08-25T00:00:00+00:00,100.50000000000114,99.00000000000114,97.50000000000114,candidate_bond_diff,friday_flat
EURUSD,-1,2023-08-28T00:00:00+00:00,2023-08-30T00:00:00+00:00,-104.12994420662125,-105.62994420662125,-107.12994420662125,candidate_bond_diff,stop
EURUSD,-1,2023-08-30T00:00:00+00:00,2023-09-01T00:00:00+00:00,149.90000000000057,148.40000000000057,146.90000000000057,candidate_bond_diff,friday_flat
EURUSD,-1,2023-09-04T00:00:00+00:00,2023-09-08T00:00:00+00:00,94.09999999999918,92.59999999999918,91.09999999999918,candidate_bond_diff,friday_flat
EURUSD,-1,2023-09-11T00:00:00+00:00,2023-09-15T00:00:00+00:00,90.90000000000042,89.40000000000042,87.90000000000042,candidate_bond_diff,friday_flat
EURUSD,-1,2023-09-18T00:00:00+00:00,2023-09-19T00:00:00+00:00,11.699999999998933,10.199999999998933,8.699999999998933,candidate_bond_diff,signal_flat
EURUSD,-1,2023-09-20T00:00:00+00:00,2023-09-22T00:00:00+00:00,17.999999999998018,16.499999999998018,14.999999999998018,candidate_bond_diff,friday_flat
EURUSD,-1,2023-09-25T00:00:00+00:00,2023-09-29T00:00:00+00:00,18.400000000000638,16.900000000000638,15.400000000000638,candidate_bond_diff,friday_flat
EURUSD,-1,2023-10-02T00:00:00+00:00,2023-10-06T00:00:00+00:00,-108.60495037723571,-110.10495037723571,-111.60495037723571,candidate_bond_diff,stop
EURUSD,-1,2023-10-09T00:00:00+00:00,2023-10-13T00:00:00+00:00,58.700000000000415,57.200000000000415,55.700000000000415,candidate_bond_diff,friday_flat
EURUSD,-1,2023-10-16T00:00:00+00:00,2023-10-20T00:00:00+00:00,-33.90000000000004,-35.40000000000004,-36.90000000000004,candidate_bond_diff,friday_flat
EURUSD,-1,2023-10-23T00:00:00+00:00,2023-10-27T00:00:00+00:00,105.29999999999927,103.79999999999927,102.29999999999927,candidate_bond_diff,friday_flat
EURUSD,-1,2023-10-30T00:00:00+00:00,2023-11-03T00:00:00+00:00,-106.72959573996276,-108.22959573996276,-109.72959573996276,candidate_bond_diff,stop
EURUSD,-1,2023-11-06T00:00:00+00:00,2023-11-09T00:00:00+00:00,49.399999999999444,47.899999999999444,46.399999999999444,candidate_bond_diff,signal_flat
EURUSD,-1,2023-11-13T00:00:00+00:00,2023-11-14T00:00:00+00:00,-103.07086069653248,-104.57086069653248,-106.07086069653248,candidate_bond_diff,stop
EURUSD,-1,2023-12-05T00:00:00+00:00,2023-12-06T00:00:00+00:00,32.00000000000092,30.500000000000917,29.000000000000917,candidate_bond_diff,signal_flat
EURUSD,1,2024-01-04T00:00:00+00:00,2024-01-05T00:00:00+00:00,-2.6999999999999247,-4.199999999999925,-5.699999999999925,candidate_bond_diff,friday_flat
EURUSD,1,2024-01-09T00:00:00+00:00,2024-01-12T00:00:00+00:00,19.199999999999218,17.699999999999218,16.199999999999218,candidate_bond_diff,friday_flat
EURUSD,1,2024-01-15T00:00:00+00:00,2024-01-17T00:00:00+00:00,-100.60026177250325,-102.10026177250325,-103.60026177250325,candidate_bond_diff,stop
EURUSD,1,2024-01-18T00:00:00+00:00,2024-01-19T00:00:00+00:00,21.100000000000563,19.600000000000563,18.100000000000563,candidate_bond_diff,friday_flat
EURUSD,1,2024-01-22T00:00:00+00:00,2024-01-25T00:00:00+00:00,-36.50000000000153,-38.00000000000153,-39.50000000000153,candidate_bond_diff,signal_flat
EURUSD,1,2024-01-29T00:00:00+00:00,2024-02-02T00:00:00+00:00,-46.299999999999116,-47.799999999999116,-49.299999999999116,candidate_bond_diff,friday_flat
EURUSD,1,2024-02-05T00:00:00+00:00,2024-02-06T00:00:00+00:00,11.800000000001809,10.300000000001809,8.800000000001809,candidate_bond_diff,signal_flat
EURUSD,1,2024-02-07T00:00:00+00:00,2024-02-09T00:00:00+00:00,13.300000000000534,11.800000000000534,10.300000000000534,candidate_bond_diff,friday_flat
EURUSD,1,2024-02-12T00:00:00+00:00,2024-02-14T00:00:00+00:00,-43.8000000000005,-45.3000000000005,-46.8000000000005,candidate_bond_diff,flip
EURUSD,-1,2024-02-14T00:00:00+00:00,2024-02-15T00:00:00+00:00,-45.699999999999626,-47.199999999999626,-48.699999999999626,candidate_bond_diff,signal_flat
EURUSD,-1,2024-02-22T00:00:00+00:00,2024-02-23T00:00:00+00:00,3.60000000000138,2.10000000000138,0.6000000000013799,candidate_bond_diff,friday_flat
EURUSD,1,2024-03-04T00:00:00+00:00,2024-03-05T00:00:00+00:00,1.500000000000945,9.450218385609332e-13,-1.499999999999055,candidate_bond_diff,signal_flat
EURUSD,1,2024-03-12T00:00:00+00:00,2024-03-13T00:00:00+00:00,21.199999999998997,19.699999999998997,18.199999999998997,candidate_bond_diff,signal_flat
EURUSD,-1,2024-03-18T00:00:00+00:00,2024-03-20T00:00:00+00:00,-47.699999999999406,-49.199999999999406,-50.699999999999406,candidate_bond_diff,signal_flat
EURUSD,-1,2024-03-25T00:00:00+00:00,2024-03-29T00:00:00+00:00,43.8000000000005,42.3000000000005,40.8000000000005,candidate_bond_diff,friday_flat
EURUSD,-1,2024-04-01T00:00:00+00:00,2024-04-03T00:00:00+00:00,-79.29990708174682,-80.79990708174682,-82.29990708174682,candidate_bond_diff,stop
EURUSD,-1,2024-04-03T00:00:00+00:00,2024-04-05T00:00:00+00:00,-0.8000000000008001,-2.3000000000008,-3.8000000000008,candidate_bond_diff,friday_flat
EURUSD,-1,2024-04-08T00:00:00+00:00,2024-04-12T00:00:00+00:00,217.89999999999975,216.39999999999975,214.89999999999975,candidate_bond_diff,friday_flat
EURUSD,-1,2024-04-15T00:00:00+00:00,2024-04-19T00:00:00+00:00,-31.999999999998696,-33.49999999999869,-34.99999999999869,candidate_bond_diff,friday_flat
EURUSD,-1,2024-04-22T00:00:00+00:00,2024-04-26T00:00:00+00:00,-89.21676266025135,-90.71676266025135,-92.21676266025135,candidate_bond_diff,stop
EURUSD,-1,2024-04-29T00:00:00+00:00,2024-05-03T00:00:00+00:00,-89.0845761966985,-90.5845761966985,-92.0845761966985,candidate_bond_diff,stop
EURUSD,-1,2024-05-07T00:00:00+00:00,2024-05-09T00:00:00+00:00,-27.800000000000047,-29.300000000000047,-30.800000000000047,candidate_bond_diff,signal_flat
EURUSD,1,2024-05-27T00:00:00+00:00,2024-05-29T00:00:00+00:00,-57.79999999999896,-59.29999999999896,-60.79999999999896,candidate_bond_diff,signal_flat
EURUSD,1,2024-06-03T00:00:00+00:00,2024-06-07T00:00:00+00:00,-79.82544192220774,-81.32544192220774,-82.82544192220774,candidate_bond_diff,stop
EURUSD,1,2024-06-10T00:00:00+00:00,2024-06-14T00:00:00+00:00,-83.86562547900932,-85.36562547900932,-86.86562547900932,candidate_bond_diff,stop
EURUSD,1,2024-06-17T00:00:00+00:00,2024-06-21T00:00:00+00:00,-41.10000000000058,-42.60000000000058,-44.10000000000058,candidate_bond_diff,friday_flat
EURUSD,1,2024-06-24T00:00:00+00:00,2024-06-27T00:00:00+00:00,-28.099999999999792,-29.599999999999792,-31.099999999999792,candidate_bond_diff,signal_flat
EURUSD,1,2024-07-04T00:00:00+00:00,2024-07-05T00:00:00+00:00,29.700000000001392,28.200000000001392,26.700000000001392,candidate_bond_diff,friday_flat
EURUSD,1,2024-07-08T00:00:00+00:00,2024-07-12T00:00:00+00:00,82.29999999999959,80.79999999999959,79.29999999999959,candidate_bond_diff,friday_flat
EURUSD,1,2024-07-15T00:00:00+00:00,2024-07-19T00:00:00+00:00,-9.799999999999809,-11.299999999999809,-12.799999999999809,candidate_bond_diff,friday_flat
EURUSD,1,2024-08-05T00:00:00+00:00,2024-08-09T00:00:00+00:00,-35.30000000000033,-36.80000000000033,-38.30000000000033,candidate_bond_diff,friday_flat
EURUSD,1,2024-08-12T00:00:00+00:00,2024-08-16T00:00:00+00:00,96.60000000000001,95.10000000000001,93.60000000000001,candidate_bond_diff,friday_flat
EURUSD,1,2024-08-19T00:00:00+00:00,2024-08-23T00:00:00+00:00,107.9999999999992,106.4999999999992,104.9999999999992,candidate_bond_diff,friday_flat
EURUSD,1,2024-08-26T00:00:00+00:00,2024-08-29T00:00:00+00:00,-92.11765824103546,-93.61765824103546,-95.11765824103546,candidate_bond_diff,stop
EURUSD,1,2024-08-29T00:00:00+00:00,2024-08-30T00:00:00+00:00,-29.700000000001392,-31.200000000001392,-32.700000000001396,candidate_bond_diff,friday_flat
EURUSD,1,2024-09-02T00:00:00+00:00,2024-09-06T00:00:00+00:00,14.899999999999913,13.399999999999913,11.899999999999913,candidate_bond_diff,friday_flat
EURUSD,1,2024-09-09T00:00:00+00:00,2024-09-13T00:00:00+00:00,42.099999999998246,40.599999999998246,39.099999999998246,candidate_bond_diff,friday_flat
EURUSD,1,2024-09-16T00:00:00+00:00,2024-09-20T00:00:00+00:00,31.30000000000077,29.80000000000077,28.30000000000077,candidate_bond_diff,friday_flat
EURUSD,1,2024-09-23T00:00:00+00:00,2024-09-26T00:00:00+00:00,65.70000000000186,64.20000000000186,62.700000000001864,candidate_bond_diff,signal_flat
EURUSD,-1,2024-10-08T00:00:00+00:00,2024-10-11T00:00:00+00:00,35.89999999999982,34.39999999999982,32.89999999999982,candidate_bond_diff,friday_flat
EURUSD,-1,2024-10-14T00:00:00+00:00,2024-10-18T00:00:00+00:00,41.50000000000098,40.00000000000098,38.50000000000098,candidate_bond_diff,friday_flat
EURUSD,-1,2024-10-21T00:00:00+00:00,2024-10-25T00:00:00+00:00,19.499999999998963,17.999999999998963,16.499999999998963,candidate_bond_diff,friday_flat
EURUSD,-1,2024-10-28T00:00:00+00:00,2024-11-01T00:00:00+00:00,-81.8298158015307,-83.3298158015307,-84.8298158015307,candidate_bond_diff,stop
EURUSD,-1,2024-11-04T00:00:00+00:00,2024-11-08T00:00:00+00:00,158.79999999999893,157.29999999999893,155.79999999999893,candidate_bond_diff,friday_flat
EURUSD,-1,2024-11-11T00:00:00+00:00,2024-11-15T00:00:00+00:00,112.00000000000098,110.50000000000098,109.00000000000098,candidate_bond_diff,friday_flat
EURUSD,-1,2024-11-18T00:00:00+00:00,2024-11-22T00:00:00+00:00,179.59999999999974,178.09999999999974,176.59999999999974,candidate_bond_diff,friday_flat
EURUSD,-1,2024-11-25T00:00:00+00:00,2024-11-29T00:00:00+00:00,-82.69999999999999,-84.19999999999999,-85.69999999999999,candidate_bond_diff,friday_flat
EURUSD,-1,2024-12-02T00:00:00+00:00,2024-12-06T00:00:00+00:00,-70.5,-72.0,-73.5,candidate_bond_diff,friday_flat
EURUSD,-1,2024-12-09T00:00:00+00:00,2024-12-13T00:00:00+00:00,47.099999999999916,45.599999999999916,44.099999999999916,candidate_bond_diff,friday_flat
EURUSD,-1,2024-12-16T00:00:00+00:00,2024-12-20T00:00:00+00:00,80.10000000000072,78.60000000000072,77.10000000000072,candidate_bond_diff,friday_flat
EURUSD,-1,2024-12-23T00:00:00+00:00,2024-12-27T00:00:00+00:00,-20.700000000000163,-22.200000000000163,-23.700000000000163,candidate_bond_diff,friday_flat
EURUSD,-1,2024-12-30T00:00:00+00:00,2025-01-03T00:00:00+00:00,95.19999999999972,93.69999999999972,92.19999999999972,candidate_bond_diff,friday_flat
EURUSD,-1,2025-01-06T00:00:00+00:00,2025-01-10T00:00:00+00:00,145.59999999999906,144.09999999999906,142.59999999999906,candidate_bond_diff,friday_flat
EURUSD,-1,2025-01-13T00:00:00+00:00,2025-01-15T00:00:00+00:00,-46.30000000000134,-47.80000000000134,-49.30000000000134,candidate_bond_diff,signal_flat
EURUSD,1,2025-01-28T00:00:00+00:00,2025-01-30T00:00:00+00:00,-41.89999999999916,-43.39999999999916,-44.89999999999916,candidate_bond_diff,signal_flat
EURUSD,-1,2025-02-04T00:00:00+00:00,2025-02-05T00:00:00+00:00,-23.899999999998922,-25.399999999998922,-26.899999999998922,candidate_bond_diff,signal_flat
EURUSD,1,2025-02-17T00:00:00+00:00,2025-02-19T00:00:00+00:00,-61.500000000000995,-63.000000000000995,-64.500000000001,candidate_bond_diff,signal_flat
EURUSD,1,2025-02-20T00:00:00+00:00,2025-02-21T00:00:00+00:00,-42.90000000000127,-44.40000000000127,-45.90000000000127,candidate_bond_diff,friday_flat
EURUSD,1,2025-02-24T00:00:00+00:00,2025-02-28T00:00:00+00:00,-92.20000000000006,-93.70000000000006,-95.20000000000006,candidate_bond_diff,friday_flat
EURUSD,1,2025-03-03T00:00:00+00:00,2025-03-07T00:00:00+00:00,347.3999999999999,345.8999999999999,344.3999999999999,candidate_bond_diff,friday_flat
EURUSD,1,2025-03-10T00:00:00+00:00,2025-03-14T00:00:00+00:00,40.70000000000018,39.20000000000018,37.70000000000018,candidate_bond_diff,friday_flat
EURUSD,1,2025-03-17T00:00:00+00:00,2025-03-21T00:00:00+00:00,-108.59999999999869,-110.09999999999869,-111.59999999999869,candidate_bond_diff,friday_flat
EURUSD,1,2025-03-24T00:00:00+00:00,2025-03-28T00:00:00+00:00,28.399999999999537,26.899999999999537,25.399999999999537,candidate_bond_diff,friday_flat
EURUSD,1,2025-03-31T00:00:00+00:00,2025-04-04T00:00:00+00:00,148.39999999999964,146.89999999999964,145.39999999999964,candidate_bond_diff,friday_flat
EURUSD,1,2025-04-07T00:00:00+00:00,2025-04-10T00:00:00+00:00,286.6000000000013,285.1000000000013,283.6000000000013,candidate_bond_diff,signal_flat
EURUSD,-1,2025-05-19T00:00:00+00:00,2025-05-23T00:00:00+00:00,-125.900000000001,-127.400000000001,-128.900000000001,candidate_bond_diff,friday_flat
EURUSD,-1,2025-05-26T00:00:00+00:00,2025-05-30T00:00:00+00:00,35.39999999999876,33.89999999999876,32.39999999999876,candidate_bond_diff,friday_flat
EURUSD,-1,2025-06-02T00:00:00+00:00,2025-06-05T00:00:00+00:00,-5.5000000000005045,-7.0000000000005045,-8.500000000000504,candidate_bond_diff,signal_flat
EURUSD,-1,2025-06-09T00:00:00+00:00,2025-06-12T00:00:00+00:00,-140.3840965228298,-141.8840965228298,-143.3840965228298,candidate_bond_diff,stop
EURUSD,-1,2025-06-12T00:00:00+00:00,2025-06-13T00:00:00+00:00,30.90000000000037,29.40000000000037,27.90000000000037,candidate_bond_diff,friday_flat
EURUSD,-1,2025-06-16T00:00:00+00:00,2025-06-18T00:00:00+00:00,81.90000000000141,80.40000000000141,78.90000000000141,candidate_bond_diff,signal_flat
EURUSD,1,2025-06-30T00:00:00+00:00,2025-07-04T00:00:00+00:00,-19.899999999999363,-21.399999999999363,-22.899999999999363,candidate_bond_diff,friday_flat
EURUSD,1,2025-07-10T00:00:00+00:00,2025-07-11T00:00:00+00:00,-11.200000000000099,-12.700000000000099,-14.200000000000099,candidate_bond_diff,friday_flat
EURUSD,1,2025-07-14T00:00:00+00:00,2025-07-16T00:00:00+00:00,-30.49999999999997,-31.99999999999997,-33.49999999999997,candidate_bond_diff,signal_flat
EURUSD,1,2025-07-28T00:00:00+00:00,2025-07-29T00:00:00+00:00,-42.10000000000047,-43.60000000000047,-45.10000000000047,candidate_bond_diff,signal_flat
EURUSD,1,2025-07-30T00:00:00+00:00,2025-08-01T00:00:00+00:00,186.10000000000014,184.60000000000014,183.10000000000014,candidate_bond_diff,friday_flat
EURUSD,1,2025-08-04T00:00:00+00:00,2025-08-08T00:00:00+00:00,65.3999999999999,63.899999999999906,62.399999999999906,candidate_bond_diff,friday_flat
EURUSD,1,2025-08-11T00:00:00+00:00,2025-08-15T00:00:00+00:00,91.70000000000122,90.20000000000122,88.70000000000122,candidate_bond_diff,friday_flat
EURUSD,1,2025-08-18T00:00:00+00:00,2025-08-22T00:00:00+00:00,60.80000000000085,59.30000000000085,57.80000000000085,candidate_bond_diff,friday_flat
EURUSD,1,2025-08-25T00:00:00+00:00,2025-08-29T00:00:00+00:00,64.60000000000132,63.100000000001316,61.600000000001316,candidate_bond_diff,friday_flat
EURUSD,1,2025-09-01T00:00:00+00:00,2025-09-05T00:00:00+00:00,6.099999999999994,4.599999999999994,3.0999999999999943,candidate_bond_diff,friday_flat
EURUSD,1,2025-09-08T00:00:00+00:00,2025-09-12T00:00:00+00:00,-28.200000000000447,-29.700000000000447,-31.200000000000447,candidate_bond_diff,friday_flat
EURUSD,1,2025-09-15T00:00:00+00:00,2025-09-19T00:00:00+00:00,-18.599999999999728,-20.099999999999728,-21.599999999999728,candidate_bond_diff,friday_flat
EURUSD,1,2025-09-22T00:00:00+00:00,2025-09-25T00:00:00+00:00,-119.9650291404386,-121.4650291404386,-122.9650291404386,candidate_bond_diff,stop
EURUSD,1,2025-09-25T00:00:00+00:00,2025-09-26T00:00:00+00:00,34.49999999999953,32.99999999999953,31.49999999999953,candidate_bond_diff,friday_flat
EURUSD,1,2025-09-29T00:00:00+00:00,2025-10-03T00:00:00+00:00,14.899999999999913,13.399999999999913,11.899999999999913,candidate_bond_diff,friday_flat
EURUSD,1,2025-10-06T00:00:00+00:00,2025-10-07T00:00:00+00:00,-55.300000000000345,-56.800000000000345,-58.300000000000345,candidate_bond_diff,signal_flat
EURUSD,1,2025-10-08T00:00:00+00:00,2025-10-09T00:00:00+00:00,-63.59999999999921,-65.09999999999921,-66.59999999999921,candidate_bond_diff,signal_flat
EURUSD,1,2025-10-13T00:00:00+00:00,2025-10-16T00:00:00+00:00,117.19999999999952,115.69999999999952,114.19999999999952,candidate_bond_diff,signal_flat
EURUSD,1,2025-10-21T00:00:00+00:00,2025-10-22T00:00:00+00:00,10.099999999999554,8.599999999999554,7.099999999999554,candidate_bond_diff,signal_flat
EURUSD,1,2025-10-23T00:00:00+00:00,2025-10-24T00:00:00+00:00,7.800000000000029,6.300000000000029,4.800000000000029,candidate_bond_diff,friday_flat
EURUSD,1,2025-10-27T00:00:00+00:00,2025-10-30T00:00:00+00:00,-92.79031827980288,-94.29031827980288,-95.79031827980288,candidate_bond_diff,stop
EURUSD,-1,2025-11-06T00:00:00+00:00,2025-11-07T00:00:00+00:00,-17.199999999999438,-18.699999999999438,-20.199999999999438,candidate_bond_diff,friday_flat
EURUSD,1,2025-11-24T00:00:00+00:00,2025-11-28T00:00:00+00:00,77.69999999999833,76.19999999999833,74.69999999999833,candidate_bond_diff,friday_flat
EURUSD,1,2025-12-01T00:00:00+00:00,2025-12-05T00:00:00+00:00,33.90000000000004,32.40000000000004,30.90000000000004,candidate_bond_diff,friday_flat
EURUSD,1,2025-12-08T00:00:00+00:00,2025-12-12T00:00:00+00:00,103.60000000000146,102.10000000000146,100.60000000000146,candidate_bond_diff,friday_flat
EURUSD,1,2025-12-15T00:00:00+00:00,2025-12-19T00:00:00+00:00,-42.399999999997995,-43.899999999997995,-45.399999999997995,candidate_bond_diff,friday_flat
EURUSD,1,2025-12-22T00:00:00+00:00,2025-12-26T00:00:00+00:00,11.200000000000099,9.700000000000099,8.200000000000099,candidate_bond_diff,friday_flat
EURUSD,1,2025-12-30T00:00:00+00:00,2026-01-02T00:00:00+00:00,-27.900000000000702,-29.400000000000702,-30.900000000000702,candidate_bond_diff,friday_flat
EURUSD,1,2026-01-05T00:00:00+00:00,2026-01-07T00:00:00+00:00,-47.80000000000006,-49.30000000000006,-50.80000000000006,candidate_bond_diff,signal_flat
EURUSD,-1,2026-01-19T00:00:00+00:00,2026-01-20T00:00:00+00:00,-74.90241895131032,-76.40241895131032,-77.90241895131032,candidate_bond_diff,stop
EURUSD,-1,2026-01-20T00:00:00+00:00,2026-01-22T00:00:00+00:00,-30.300000000000882,-31.800000000000882,-33.30000000000088,candidate_bond_diff,signal_flat
EURUSD,-1,2026-01-29T00:00:00+00:00,2026-01-30T00:00:00+00:00,120.09999999999853,118.59999999999853,117.09999999999853,candidate_bond_diff,friday_flat
EURUSD,-1,2026-02-02T00:00:00+00:00,2026-02-06T00:00:00+00:00,-23.699999999999832,-25.199999999999832,-26.699999999999832,candidate_bond_diff,friday_flat
EURUSD,1,2026-03-04T00:00:00+00:00,2026-03-05T00:00:00+00:00,-24.999999999999467,-26.499999999999467,-27.999999999999467,candidate_bond_diff,signal_flat
EURUSD,1,2026-03-10T00:00:00+00:00,2026-03-11T00:00:00+00:00,-37.10000000000102,-38.60000000000102,-40.10000000000102,candidate_bond_diff,signal_flat
EURUSD,-1,2026-03-23T00:00:00+00:00,2026-03-24T00:00:00+00:00,4.299999999999304,2.7999999999993044,1.2999999999993044,candidate_bond_diff,signal_flat
EURUSD,-1,2026-03-25T00:00:00+00:00,2026-03-27T00:00:00+00:00,53.399999999999004,51.899999999999004,50.399999999999004,candidate_bond_diff,friday_flat
EURUSD,1,2026-04-01T00:00:00+00:00,2026-04-02T00:00:00+00:00,-50.99999999999882,-52.49999999999882,-53.99999999999882,candidate_bond_diff,signal_flat
EURUSD,1,2026-04-06T00:00:00+00:00,2026-04-09T00:00:00+00:00,157.00000000000045,155.50000000000045,154.00000000000045,candidate_bond_diff,signal_flat
EURUSD,1,2026-04-13T00:00:00+00:00,2026-04-17T00:00:00+00:00,3.1000000000003247,1.6000000000003247,0.10000000000032472,candidate_bond_diff,friday_flat
EURUSD,1,2026-04-20T00:00:00+00:00,2026-04-22T00:00:00+00:00,-82.19999999999894,-83.69999999999894,-85.19999999999894,candidate_bond_diff,signal_flat
EURUSD,-1,2026-05-04T00:00:00+00:00,2026-05-08T00:00:00+00:00,-91.699999999999,-93.199999999999,-94.699999999999,candidate_bond_diff,friday_flat
EURUSD,-1,2026-05-11T00:00:00+00:00,2026-05-15T00:00:00+00:00,157.40000000000086,155.90000000000086,154.40000000000086,candidate_bond_diff,friday_flat
EURUSD,-1,2026-05-18T00:00:00+00:00,2026-05-22T00:00:00+00:00,52.200000000000024,50.700000000000024,49.200000000000024,candidate_bond_diff,friday_flat
EURUSD,-1,2026-05-25T00:00:00+00:00,2026-05-29T00:00:00+00:00,-17.400000000000748,-18.900000000000748,-20.400000000000748,candidate_bond_diff,friday_flat
EURUSD,-1,2026-06-01T00:00:00+00:00,2026-06-05T00:00:00+00:00,111.39999999999927,109.89999999999927,108.39999999999927,candidate_bond_diff,friday_flat
EURUSD,-1,2026-06-08T00:00:00+00:00,2026-06-12T00:00:00+00:00,-33.8000000000016,-35.3000000000016,-36.8000000000016,candidate_bond_diff,friday_flat
EURUSD,-1,2026-06-15T00:00:00+00:00,2026-06-19T00:00:00+00:00,123.59999999999926,122.09999999999926,120.59999999999926,candidate_bond_diff,friday_flat
EURUSD,-1,2026-06-22T00:00:00+00:00,2026-06-26T00:00:00+00:00,44.599999999999085,43.099999999999085,41.599999999999085,candidate_bond_diff,friday_flat
EURUSD,-1,2026-06-29T00:00:00+00:00,2026-06-30T00:00:00+00:00,1.500000000000945,9.450218385609332e-13,-1.499999999999055,candidate_bond_diff,end
EURUSD,-1,2018-03-05T00:00:00+00:00,2018-03-06T00:00:00+00:00,-67.99999999999918,-69.49999999999918,-70.99999999999918,control_mom_fade,flip
EURUSD,1,2018-03-06T00:00:00+00:00,2018-03-09T00:00:00+00:00,-98.0000000000003,-99.5000000000003,-101.0000000000003,control_mom_fade,friday_flat
EURUSD,1,2018-03-12T00:00:00+00:00,2018-03-14T00:00:00+00:00,33.40000000000121,31.900000000001207,30.400000000001207,control_mom_fade,flip
EURUSD,-1,2018-03-14T00:00:00+00:00,2018-03-16T00:00:00+00:00,79.10000000000083,77.60000000000083,76.10000000000083,control_mom_fade,friday_flat
EURUSD,-1,2018-03-19T00:00:00+00:00,2018-03-21T00:00:00+00:00,-4.399999999997739,-5.899999999997739,-7.399999999997739,control_mom_fade,flip
EURUSD,1,2018-03-21T00:00:00+00:00,2018-03-22T00:00:00+00:00,-32.89999999999793,-34.39999999999793,-35.89999999999793,control_mom_fade,flip
EURUSD,-1,2018-03-22T00:00:00+00:00,2018-03-23T00:00:00+00:00,-45.799999999998064,-47.299999999998064,-48.799999999998064,control_mom_fade,friday_flat
EURUSD,1,2018-03-26T00:00:00+00:00,2018-03-28T00:00:00+00:00,-140.0285696352288,-141.5285696352288,-143.0285696352288,control_mom_fade,stop
EURUSD,1,2018-03-28T00:00:00+00:00,2018-03-30T00:00:00+00:00,14.500000000001734,13.000000000001734,11.500000000001734,control_mom_fade,friday_flat
EURUSD,-1,2018-04-02T00:00:00+00:00,2018-04-06T00:00:00+00:00,20.700000000000163,19.200000000000163,17.700000000000163,control_mom_fade,friday_flat
EURUSD,-1,2018-04-09T00:00:00+00:00,2018-04-12T00:00:00+00:00,-5.699999999999594,-7.199999999999594,-8.699999999999594,control_mom_fade,flip
EURUSD,1,2018-04-12T00:00:00+00:00,2018-04-13T00:00:00+00:00,2.8999999999990145,1.3999999999990145,-0.10000000000098552,control_mom_fade,friday_flat
EURUSD,1,2018-04-16T00:00:00+00:00,2018-04-20T00:00:00+00:00,-114.79508788443393,-116.29508788443393,-117.79508788443393,control_mom_fade,stop
EURUSD,-1,2018-04-23T00:00:00+00:00,2018-04-27T00:00:00+00:00,79.00000000000017,77.50000000000017,76.00000000000017,control_mom_fade,friday_flat
EURUSD,-1,2018-04-30T00:00:00+00:00,2018-05-04T00:00:00+00:00,116.50000000000159,115.00000000000159,113.50000000000159,control_mom_fade,friday_flat
EURUSD,-1,2018-05-07T00:00:00+00:00,2018-05-11T00:00:00+00:00,-19.899999999999363,-21.399999999999363,-22.899999999999363,control_mom_fade,friday_flat
EURUSD,-1,2018-05-14T00:00:00+00:00,2018-05-18T00:00:00+00:00,155.70000000000084,154.20000000000084,152.70000000000084,control_mom_fade,friday_flat
EURUSD,-1,2018-05-21T00:00:00+00:00,2018-05-25T00:00:00+00:00,141.90000000000146,140.40000000000146,138.90000000000146,control_mom_fade,friday_flat
EURUSD,-1,2018-05-28T00:00:00+00:00,2018-06-01T00:00:00+00:00,-35.80000000000138,-37.30000000000138,-38.80000000000138,control_mom_fade,friday_flat
EURUSD,-1,2018-06-04T00:00:00+00:00,2018-06-07T00:00:00+00:00,-139.49071477704854,-140.99071477704854,-142.49071477704854,control_mom_fade,stop
EURUSD,-1,2018-06-07T00:00:00+00:00,2018-06-08T00:00:00+00:00,28.600000000000847,27.100000000000847,25.600000000000847,control_mom_fade,friday_flat
EURUSD,-1,2018-06-11T00:00:00+00:00,2018-06-12T00:00:00+00:00,37.400000000000766,35.900000000000766,34.400000000000766,control_mom_fade,signal_flat
EURUSD,-1,2018-06-14T00:00:00+00:00,2018-06-15T00:00:00+00:00,-41.10000000000058,-42.60000000000058,-44.10000000000058,control_mom_fade,friday_flat
EURUSD,-1,2018-06-18T00:00:00+00:00,2018-06-22T00:00:00+00:00,-31.69999999999895,-33.19999999999895,-34.69999999999895,control_mom_fade,friday_flat
EURUSD,1,2018-06-25T00:00:00+00:00,2018-06-27T00:00:00+00:00,-142.03581264099262,-143.53581264099262,-145.03581264099262,control_mom_fade,stop
EURUSD,-1,2018-06-27T00:00:00+00:00,2018-06-29T00:00:00+00:00,-130.69999999999914,-132.19999999999914,-133.69999999999914,control_mom_fade,friday_flat
EURUSD,-1,2018-07-02T00:00:00+00:00,2018-07-06T00:00:00+00:00,-104.69999999999979,-106.19999999999979,-107.69999999999979,control_mom_fade,friday_flat
EURUSD,-1,2018-07-09T00:00:00+00:00,2018-07-12T00:00:00+00:00,79.10000000000083,77.60000000000083,76.10000000000083,control_mom_fade,flip
EURUSD,1,2018-07-12T00:00:00+00:00,2018-07-13T00:00:00+00:00,15.100000000001224,13.600000000001224,12.100000000001224,control_mom_fade,friday_flat
EURUSD,1,2018-07-16T00:00:00+00:00,2018-07-19T00:00:00+00:00,-121.37851293801515,-122.87851293801515,-124.37851293801515,control_mom_fade,stop
EURUSD,1,2018-07-19T00:00:00+00:00,2018-07-20T00:00:00+00:00,80.00000000000007,78.50000000000007,77.00000000000007,control_mom_fade,friday_flat
EURUSD,-1,2018-07-23T00:00:00+00:00,2018-07-24T00:00:00+00:00,5.899999999998684,4.399999999998684,2.899999999998684,control_mom_fade,flip
EURUSD,1,2018-07-24T00:00:00+00:00,2018-07-27T00:00:00+00:00,-29.09999999999968,-30.59999999999968,-32.09999999999968,control_mom_fade,friday_flat
EURUSD,1,2018-07-30T00:00:00+00:00,2018-08-02T00:00:00+00:00,-119.0011989444284,-120.5011989444284,-122.0011989444284,control_mom_fade,stop
EURUSD,-1,2018-08-02T00:00:00+00:00,2018-08-03T00:00:00+00:00,16.80000000000126,15.300000000001258,13.800000000001258,control_mom_fade,friday_flat
EURUSD,-1,2018-08-06T00:00:00+00:00,2018-08-10T00:00:00+00:00,142.10000000000056,140.60000000000056,139.10000000000056,control_mom_fade,friday_flat
EURUSD,-1,2018-08-13T00:00:00+00:00,2018-08-17T00:00:00+00:00,-28.500000000000192,-30.000000000000192,-31.500000000000192,control_mom_fade,friday_flat
EURUSD,-1,2018-08-20T00:00:00+00:00,2018-08-21T00:00:00+00:00,-115.88432970874862,-117.38432970874862,-118.88432970874862,control_mom_fade,stop
EURUSD,-1,2018-08-27T00:00:00+00:00,2018-08-28T00:00:00+00:00,-16.199999999999548,-17.699999999999548,-19.199999999999548,control_mom_fade,flip
EURUSD,1,2018-08-28T00:00:00+00:00,2018-08-29T00:00:00+00:00,12.400000000001299,10.900000000001299,9.400000000001299,control_mom_fade,signal_flat
EURUSD,1,2018-08-30T00:00:00+00:00,2018-08-31T00:00:00+00:00,-67.60000000000099,-69.10000000000099,-70.60000000000099,control_mom_fade,friday_flat
EURUSD,1,2018-09-05T00:00:00+00:00,2018-09-06T00:00:00+00:00,-6.299999999999084,-7.799999999999084,-9.299999999999084,control_mom_fade,signal_flat
EURUSD,1,2018-09-10T00:00:00+00:00,2018-09-11T00:00:00+00:00,11.499999999999844,9.999999999999844,8.499999999999844,control_mom_fade,signal_flat
EURUSD,1,2018-09-13T00:00:00+00:00,2018-09-14T00:00:00+00:00,-67.80000000000008,-69.30000000000008,-70.80000000000008,control_mom_fade,friday_flat
EURUSD,1,2018-09-19T00:00:00+00:00,2018-09-21T00:00:00+00:00,81.7000000000001,80.2000000000001,78.7000000000001,control_mom_fade,friday_flat
EURUSD,1,2018-09-24T00:00:00+00:00,2018-09-27T00:00:00+00:00,-106.50000000000048,-108.00000000000048,-109.50000000000048,control_mom_fade,signal_flat
EURUSD,-1,2018-10-01T00:00:00+00:00,2018-10-05T00:00:00+00:00,54.400000000001114,52.900000000001114,51.400000000001114,control_mom_fade,friday_flat
EURUSD,-1,2018-10-08T00:00:00+00:00,2018-10-12T00:00:00+00:00,-67.69999999999942,-69.19999999999942,-70.69999999999942,control_mom_fade,friday_flat
EURUSD,-1,2018-10-15T00:00:00+00:00,2018-10-19T00:00:00+00:00,64.20000000000093,62.70000000000093,61.20000000000093,control_mom_fade,friday_flat
EURUSD,-1,2018-10-22T00:00:00+00:00,2018-10-26T00:00:00+00:00,61.60000000000165,60.10000000000165,58.60000000000165,control_mom_fade,friday_flat
EURUSD,-1,2018-10-29T00:00:00+00:00,2018-11-02T00:00:00+00:00,-13.900000000000023,-15.400000000000023,-16.900000000000023,control_mom_fade,friday_flat
EURUSD,-1,2018-11-05T00:00:00+00:00,2018-11-09T00:00:00+00:00,72.40000000000136,70.90000000000136,69.40000000000136,control_mom_fade,friday_flat
EURUSD,-1,2018-11-12T00:00:00+00:00,2018-11-14T00:00:00+00:00,-119.84546717470178,-121.34546717470178,-122.84546717470178,control_mom_fade,stop
EURUSD,-1,2018-11-14T00:00:00+00:00,2018-11-15T00:00:00+00:00,-17.499999999999183,-18.999999999999183,-20.499999999999183,control_mom_fade,signal_flat
EURUSD,1,2018-12-10T00:00:00+00:00,2018-12-12T00:00:00+00:00,12.799999999999478,11.299999999999478,9.799999999999478,control_mom_fade,signal_flat
EURUSD,-1,2018-12-17T00:00:00+00:00,2018-12-20T00:00:00+00:00,-117.78690127440372,-119.28690127440372,-120.78690127440372,control_mom_fade,stop
EURUSD,1,2018-12-20T00:00:00+00:00,2018-12-21T00:00:00+00:00,-78.70000000000043,-80.20000000000043,-81.70000000000043,control_mom_fade,friday_flat
EURUSD,1,2018-12-24T00:00:00+00:00,2018-12-28T00:00:00+00:00,23.400000000000087,21.900000000000087,20.400000000000087,control_mom_fade,friday_flat
EURUSD,1,2018-12-31T00:00:00+00:00,2019-01-02T00:00:00+00:00,-117.54349841337496,-119.04349841337496,-120.54349841337496,control_mom_fade,stop
EURUSD,1,2019-01-03T00:00:00+00:00,2019-01-04T00:00:00+00:00,2.60000000000149,1.10000000000149,-0.39999999999851,control_mom_fade,friday_flat
EURUSD,1,2019-01-07T00:00:00+00:00,2019-01-11T00:00:00+00:00,-11.299999999998533,-12.799999999998533,-14.299999999998533,control_mom_fade,friday_flat
EURUSD,1,2019-01-14T00:00:00+00:00,2019-01-18T00:00:00+00:00,-102.29999999999961,-103.79999999999961,-105.29999999999961,control_mom_fade,friday_flat
EURUSD,-1,2019-01-21T00:00:00+00:00,2019-01-25T00:00:00+00:00,-39.39999999999832,-40.89999999999832,-42.39999999999832,control_mom_fade,friday_flat
EURUSD,1,2019-01-30T00:00:00+00:00,2019-02-01T00:00:00+00:00,-25.000000000001688,-26.500000000001688,-28.000000000001688,control_mom_fade,friday_flat
EURUSD,-1,2019-03-12T00:00:00+00:00,2019-03-13T00:00:00+00:00,-42.40000000000021,-43.90000000000021,-45.40000000000021,control_mom_fade,signal_flat
EURUSD,1,2019-03-20T00:00:00+00:00,2019-03-22T00:00:00+00:00,-88.82645208391659,-90.32645208391659,-91.82645208391659,control_mom_fade,stop
EURUSD,-1,2019-03-25T00:00:00+00:00,2019-03-29T00:00:00+00:00,95.89999999999986,94.39999999999986,92.89999999999986,control_mom_fade,friday_flat
EURUSD,-1,2019-04-01T00:00:00+00:00,2019-04-02T00:00:00+00:00,8.399999999999519,6.899999999999519,5.399999999999519,control_mom_fade,signal_flat
EURUSD,1,2019-04-08T00:00:00+00:00,2019-04-09T00:00:00+00:00,0.0,-1.5,-3.0,control_mom_fade,signal_flat
EURUSD,-1,2019-04-16T00:00:00+00:00,2019-04-17T00:00:00+00:00,-14.699999999998603,-16.199999999998603,-17.699999999998603,control_mom_fade,signal_flat
EURUSD,-1,2019-05-01T00:00:00+00:00,2019-05-03T00:00:00+00:00,-7.999999999999119,-9.499999999999119,-10.999999999999119,control_mom_fade,friday_flat
EURUSD,-1,2019-05-07T00:00:00+00:00,2019-05-09T00:00:00+00:00,-22.200000000001108,-23.700000000001108,-25.200000000001108,control_mom_fade,signal_flat
EURUSD,-1,2019-05-13T00:00:00+00:00,2019-05-17T00:00:00+00:00,64.29999999999936,62.79999999999936,61.29999999999936,control_mom_fade,friday_flat
EURUSD,-1,2019-05-20T00:00:00+00:00,2019-05-23T00:00:00+00:00,-15.699999999998493,-17.199999999998493,-18.699999999998493,control_mom_fade,flip
EURUSD,1,2019-05-23T00:00:00+00:00,2019-05-24T00:00:00+00:00,23.700000000002053,22.200000000002053,20.700000000002053,control_mom_fade,friday_flat
EURUSD,1,2019-05-27T00:00:00+00:00,2019-05-28T00:00:00+00:00,-31.70000000000117,-33.20000000000117,-34.70000000000117,control_mom_fade,flip
EURUSD,-1,2019-05-28T00:00:00+00:00,2019-05-31T00:00:00+00:00,-8.500000000000174,-10.000000000000174,-11.500000000000174,control_mom_fade,friday_flat
EURUSD,1,2019-06-03T00:00:00+00:00,2019-06-07T00:00:00+00:00,91.60000000000056,90.10000000000056,88.60000000000056,control_mom_fade,friday_flat
EURUSD,1,2019-06-10T00:00:00+00:00,2019-06-14T00:00:00+00:00,-87.62497040686323,-89.12497040686323,-90.62497040686323,control_mom_fade,stop
EURUSD,1,2019-06-17T00:00:00+00:00,2019-06-21T00:00:00+00:00,152.09999999999945,150.59999999999945,149.09999999999945,control_mom_fade,friday_flat
EURUSD,1,2019-06-24T00:00:00+00:00,2019-06-28T00:00:00+00:00,-28.500000000000192,-30.000000000000192,-31.500000000000192,control_mom_fade,friday_flat
EURUSD,1,2019-07-01T00:00:00+00:00,2019-07-05T00:00:00+00:00,-60.2999999999998,-61.7999999999998,-63.2999999999998,control_mom_fade,friday_flat
EURUSD,-1,2019-07-11T00:00:00+00:00,2019-07-12T00:00:00+00:00,-16.700000000000603,-18.200000000000603,-19.700000000000603,control_mom_fade,friday_flat
EURUSD,1,2019-07-15T00:00:00+00:00,2019-07-16T00:00:00+00:00,-47.399999999999665,-48.899999999999665,-50.399999999999665,control_mom_fade,signal_flat
EURUSD,-1,2019-07-25T00:00:00+00:00,2019-07-26T00:00:00+00:00,19.700000000000273,18.200000000000273,16.700000000000273,control_mom_fade,friday_flat
EURUSD,-1,2019-07-29T00:00:00+00:00,2019-08-02T00:00:00+00:00,39.29999999999989,37.79999999999989,36.29999999999989,control_mom_fade,friday_flat
EURUSD,-1,2019-08-06T00:00:00+00:00,2019-08-08T00:00:00+00:00,17.899999999999583,16.399999999999583,14.899999999999583,control_mom_fade,signal_flat
EURUSD,-1,2019-08-12T00:00:00+00:00,2019-08-16T00:00:00+00:00,123.80000000000057,122.30000000000057,120.80000000000057,control_mom_fade,friday_flat
EURUSD,-1,2019-08-19T00:00:00+00:00,2019-08-23T00:00:00+00:00,-60.80000000000085,-62.30000000000085,-63.80000000000085,control_mom_fade,friday_flat
EURUSD,-1,2019-08-26T00:00:00+00:00,2019-08-28T00:00:00+00:00,24.800000000000377,23.300000000000377,21.800000000000377,control_mom_fade,flip
EURUSD,1,2019-08-28T00:00:00+00:00,2019-08-29T00:00:00+00:00,-20.699999999997942,-22.199999999997942,-23.699999999997942,control_mom_fade,flip
EURUSD,-1,2019-08-29T00:00:00+00:00,2019-08-30T00:00:00+00:00,67.0000000000015,65.5000000000015,64.0000000000015,control_mom_fade,friday_flat
EURUSD,-1,2019-09-02T00:00:00+00:00,2019-09-05T00:00:00+00:00,-83.04973854394326,-84.54973854394326,-86.04973854394326,control_mom_fade,stop
EURUSD,-1,2019-09-05T00:00:00+00:00,2019-09-06T00:00:00+00:00,9.500000000000064,8.000000000000064,6.500000000000064,control_mom_fade,friday_flat
EURUSD,-1,2019-09-09T00:00:00+00:00,2019-09-11T00:00:00+00:00,37.4999999999992,35.9999999999992,34.4999999999992,control_mom_fade,signal_flat
EURUSD,-1,2019-09-16T00:00:00+00:00,2019-09-17T00:00:00+00:00,-72.20000000000005,-73.70000000000005,-75.20000000000005,control_mom_fade,signal_flat
EURUSD,-1,2019-09-25T00:00:00+00:00,2019-09-26T00:00:00+00:00,22.100000000000453,20.600000000000453,19.100000000000453,control_mom_fade,signal_flat
EURUSD,-1,2019-10-02T00:00:00+00:00,2019-10-04T00:00:00+00:00,-18.199999999999328,-19.699999999999328,-21.199999999999328,control_mom_fade,friday_flat
EURUSD,-1,2019-10-07T00:00:00+00:00,2019-10-11T00:00:00+00:00,-89.18831275083194,-90.68831275083194,-92.18831275083194,control_mom_fade,stop
EURUSD,1,2019-10-17T00:00:00+00:00,2019-10-18T00:00:00+00:00,45.499999999998316,43.999999999998316,42.499999999998316,control_mom_fade,friday_flat
EURUSD,1,2019-10-21T00:00:00+00:00,2019-10-25T00:00:00+00:00,-69.30000000000102,-70.80000000000102,-72.30000000000102,control_mom_fade,friday_flat
EURUSD,1,2019-10-28T00:00:00+00:00,2019-10-30T00:00:00+00:00,52.200000000000024,50.700000000000024,49.200000000000024,control_mom_fade,signal_flat
EURUSD,1,2019-10-31T00:00:00+00:00,2019-11-01T00:00:00+00:00,13.399999999998968,11.899999999998968,10.399999999998968,control_mom_fade,friday_flat
EURUSD,1,2019-11-04T00:00:00+00:00,2019-11-06T00:00:00+00:00,-61.40000000000034,-62.90000000000034,-64.40000000000035,control_mom_fade,signal_flat
EURUSD,1,2019-11-07T00:00:00+00:00,2019-11-08T00:00:00+00:00,-30.799999999999716,-32.29999999999971,-33.79999999999971,control_mom_fade,friday_flat
EURUSD,-1,2019-11-19T00:00:00+00:00,2019-11-22T00:00:00+00:00,59.80000000000096,58.30000000000096,56.80000000000096,control_mom_fade,friday_flat
EURUSD,-1,2019-11-25T00:00:00+00:00,2019-11-29T00:00:00+00:00,-2.60000000000149,-4.10000000000149,-5.60000000000149,control_mom_fade,friday_flat
EURUSD,-1,2019-12-02T00:00:00+00:00,2019-12-03T00:00:00+00:00,-2.500000000000835,-4.000000000000835,-5.500000000000835,control_mom_fade,flip
EURUSD,1,2019-12-03T00:00:00+00:00,2019-12-06T00:00:00+00:00,-21.400000000000308,-22.900000000000308,-24.400000000000308,control_mom_fade,friday_flat
EURUSD,1,2019-12-09T00:00:00+00:00,2019-12-10T00:00:00+00:00,28.399999999999537,26.899999999999537,25.399999999999537,control_mom_fade,signal_flat
EURUSD,1,2019-12-12T00:00:00+00:00,2019-12-13T00:00:00+00:00,-11.299999999998533,-12.799999999998533,-14.299999999998533,control_mom_fade,friday_flat
EURUSD,1,2019-12-16T00:00:00+00:00,2019-12-17T00:00:00+00:00,5.300000000001415,3.8000000000014147,2.3000000000014147,control_mom_fade,signal_flat
EURUSD,1,2019-12-31T00:00:00+00:00,2020-01-03T00:00:00+00:00,-70.14060387404264,-71.64060387404264,-73.14060387404264,control_mom_fade,stop
EURUSD,1,2020-01-06T00:00:00+00:00,2020-01-08T00:00:00+00:00,-71.86662052159897,-73.36662052159897,-74.86662052159897,control_mom_fade,stop
EURUSD,1,2020-01-08T00:00:00+00:00,2020-01-09T00:00:00+00:00,-0.1999999999990898,-1.6999999999990898,-3.19999999999909,control_mom_fade,signal_flat
EURUSD,1,2020-01-13T00:00:00+00:00,2020-01-16T00:00:00+00:00,1.9999999999997797,0.49999999999977973,-1.0000000000002203,control_mom_fade,flip
EURUSD,-1,2020-01-16T00:00:00+00:00,2020-01-17T00:00:00+00:00,46.500000000000426,45.000000000000426,43.500000000000426,control_mom_fade,friday_flat
EURUSD,-1,2020-01-20T00:00:00+00:00,2020-01-21T00:00:00+00:00,12.499999999999734,10.999999999999734,9.499999999999734,control_mom_fade,flip
EURUSD,1,2020-01-21T00:00:00+00:00,2020-01-23T00:00:00+00:00,-27.69999999999939,-29.19999999999939,-30.69999999999939,control_mom_fade,flip
EURUSD,-1,2020-01-23T00:00:00+00:00,2020-01-24T00:00:00+00:00,28.700000000001502,27.200000000001502,25.700000000001502,control_mom_fade,friday_flat
EURUSD,-1,2020-01-27T00:00:00+00:00,2020-01-31T00:00:00+00:00,-66.6019673805085,-68.1019673805085,-69.6019673805085,control_mom_fade,stop
EURUSD,-1,2020-02-03T00:00:00+00:00,2020-02-07T00:00:00+00:00,116.30000000000028,114.80000000000028,113.30000000000028,control_mom_fade,friday_flat
EURUSD,-1,2020-02-10T00:00:00+00:00,2020-02-14T00:00:00+00:00,80.40000000000046,78.90000000000046,77.40000000000046,control_mom_fade,friday_flat
EURUSD,-1,2020-02-17T00:00:00+00:00,2020-02-21T00:00:00+00:00,-12.799999999999478,-14.299999999999478,-15.799999999999478,control_mom_fade,friday_flat
EURUSD,-1,2020-02-24T00:00:00+00:00,2020-02-27T00:00:00+00:00,-71.38550417266742,-72.88550417266742,-74.38550417266742,control_mom_fade,stop
EURUSD,-1,2020-02-27T00:00:00+00:00,2020-02-28T00:00:00+00:00,-29.50000000000008,-31.00000000000008,-32.500000000000085,control_mom_fade,friday_flat
EURUSD,1,2020-03-02T00:00:00+00:00,2020-03-06T00:00:00+00:00,156.8999999999998,155.3999999999998,153.8999999999998,control_mom_fade,friday_flat
EURUSD,1,2020-03-09T00:00:00+00:00,2020-03-10T00:00:00+00:00,-132.50655944320843,-134.00655944320843,-135.50655944320843,control_mom_fade,stop
EURUSD,1,2020-03-10T00:00:00+00:00,2020-03-12T00:00:00+00:00,-142.65966234012106,-144.15966234012106,-145.65966234012106,control_mom_fade,stop
EURUSD,1,2020-03-12T00:00:00+00:00,2020-03-13T00:00:00+00:00,-64.20000000000093,-65.70000000000093,-67.20000000000093,control_mom_fade,friday_flat
EURUSD,1,2020-03-16T00:00:00+00:00,2020-03-17T00:00:00+00:00,-174.49440639567325,-175.99440639567325,-177.49440639567325,control_mom_fade,stop
EURUSD,1,2020-03-17T00:00:00+00:00,2020-03-18T00:00:00+00:00,-187.1019487959824,-188.6019487959824,-190.1019487959824,control_mom_fade,stop
EURUSD,1,2020-03-18T00:00:00+00:00,2020-03-19T00:00:00+00:00,-199.81609531055653,-201.31609531055653,-202.81609531055653,control_mom_fade,stop
EURUSD,-1,2020-03-19T00:00:00+00:00,2020-03-20T00:00:00+00:00,-34.600000000000186,-36.100000000000186,-37.600000000000186,control_mom_fade,friday_flat
EURUSD,-1,2020-03-23T00:00:00+00:00,2020-03-26T00:00:00+00:00,-230.05078768122854,-231.55078768122854,-233.05078768122854,control_mom_fade,stop
EURUSD,1,2020-03-26T00:00:00+00:00,2020-03-27T00:00:00+00:00,113.99999999999854,112.49999999999854,110.99999999999854,control_mom_fade,friday_flat
EURUSD,-1,2020-03-30T00:00:00+00:00,2020-04-03T00:00:00+00:00,230.0000000000013,228.5000000000013,227.0000000000013,control_mom_fade,friday_flat
EURUSD,-1,2020-04-06T00:00:00+00:00,2020-04-10T00:00:00+00:00,-142.70000000000005,-144.20000000000005,-145.70000000000005,control_mom_fade,friday_flat
EURUSD,-1,2020-04-13T00:00:00+00:00,2020-04-16T00:00:00+00:00,73.39999999999903,71.89999999999903,70.39999999999903,control_mom_fade,flip
EURUSD,1,2020-04-16T00:00:00+00:00,2020-04-17T00:00:00+00:00,35.30000000000033,33.80000000000033,32.30000000000033,control_mom_fade,friday_flat
EURUSD,1,2020-04-20T00:00:00+00:00,2020-04-22T00:00:00+00:00,-37.80000000000116,-39.30000000000116,-40.80000000000116,control_mom_fade,flip
EURUSD,-1,2020-04-22T00:00:00+00:00,2020-04-24T00:00:00+00:00,-1.500000000000945,-3.000000000000945,-4.500000000000945,control_mom_fade,friday_flat
EURUSD,-1,2020-04-27T00:00:00+00:00,2020-04-30T00:00:00+00:00,-122.70000000000003,-124.20000000000003,-125.70000000000003,control_mom_fade,flip
EURUSD,1,2020-04-30T00:00:00+00:00,2020-05-01T00:00:00+00:00,29.50000000000008,28.00000000000008,26.50000000000008,control_mom_fade,friday_flat
EURUSD,1,2020-05-04T00:00:00+00:00,2020-05-05T00:00:00+00:00,-67.49999999999811,-68.99999999999811,-70.49999999999811,control_mom_fade,flip
EURUSD,-1,2020-05-05T00:00:00+00:00,2020-05-06T00:00:00+00:00,46.10000000000003,44.60000000000003,43.10000000000003,control_mom_fade,signal_flat
EURUSD,1,2020-06-02T00:00:00+00:00,2020-06-03T00:00:00+00:00,64.80000000000041,63.30000000000041,61.80000000000041,control_mom_fade,signal_flat
EURUSD,1,2020-06-18T00:00:00+00:00,2020-06-19T00:00:00+00:00,-28.399999999999537,-29.899999999999537,-31.399999999999537,control_mom_fade,friday_flat
EURUSD,1,2020-06-23T00:00:00+00:00,2020-06-25T00:00:00+00:00,-90.40000000000158,-91.90000000000158,-93.40000000000158,control_mom_fade,signal_flat
EURUSD,1,2020-07-01T00:00:00+00:00,2020-07-02T00:00:00+00:00,-11.900000000000244,-13.400000000000244,-14.900000000000244,control_mom_fade,signal_flat
EURUSD,1,2020-07-13T00:00:00+00:00,2020-07-14T00:00:00+00:00,55.800000000001404,54.300000000001404,52.800000000001404,control_mom_fade,signal_flat
EURUSD,1,2020-07-27T00:00:00+00:00,2020-07-28T00:00:00+00:00,-36.000000000000476,-37.500000000000476,-39.000000000000476,control_mom_fade,signal_flat
EURUSD,1,2020-08-04T00:00:00+00:00,2020-08-05T00:00:00+00:00,60.100000000000705,58.600000000000705,57.100000000000705,control_mom_fade,signal_flat
EURUSD,1,2020-08-06T00:00:00+00:00,2020-08-07T00:00:00+00:00,-90.79999999999977,-92.29999999999977,-93.79999999999977,control_mom_fade,friday_flat
EURUSD,1,2020-08-11T00:00:00+00:00,2020-08-14T00:00:00+00:00,101.79999999999855,100.29999999999855,98.79999999999855,control_mom_fade,friday_flat
EURUSD,1,2020-08-17T00:00:00+00:00,2020-08-21T00:00:00+00:00,-73.39999999999903,-74.89999999999903,-76.39999999999903,control_mom_fade,friday_flat
EURUSD,1,2020-08-24T00:00:00+00:00,2020-08-27T00:00:00+00:00,34.399999999998876,32.899999999998876,31.399999999998876,control_mom_fade,signal_flat
EURUSD,1,2020-08-31T00:00:00+00:00,2020-09-01T00:00:00+00:00,-24.800000000000377,-26.300000000000377,-27.800000000000377,control_mom_fade,signal_flat
EURUSD,1,2020-09-07T00:00:00+00:00,2020-09-11T00:00:00+00:00,32.30000000000066,30.800000000000658,29.300000000000658,control_mom_fade,friday_flat
EURUSD,-1,2020-09-15T00:00:00+00:00,2020-09-18T00:00:00+00:00,4.900000000001015,3.4000000000010147,1.9000000000010147,control_mom_fade,friday_flat
EURUSD,-1,2020-09-21T00:00:00+00:00,2020-09-25T00:00:00+00:00,141.10000000000068,139.60000000000068,138.10000000000068,control_mom_fade,friday_flat
EURUSD,-1,2020-09-28T00:00:00+00:00,2020-10-02T00:00:00+00:00,-51.49999999999988,-52.99999999999988,-54.49999999999988,control_mom_fade,friday_flat
EURUSD,-1,2020-10-05T00:00:00+00:00,2020-10-09T00:00:00+00:00,-46.800000000000175,-48.300000000000175,-49.800000000000175,control_mom_fade,friday_flat
EURUSD,-1,2020-10-12T00:00:00+00:00,2020-10-16T00:00:00+00:00,96.00000000000053,94.50000000000053,93.00000000000053,control_mom_fade,friday_flat
EURUSD,-1,2020-10-19T00:00:00+00:00,2020-10-20T00:00:00+00:00,-51.600000000000534,-53.100000000000534,-54.600000000000534,control_mom_fade,flip
EURUSD,1,2020-10-20T00:00:00+00:00,2020-10-23T00:00:00+00:00,38.7000000000004,37.2000000000004,35.7000000000004,control_mom_fade,friday_flat
EURUSD,1,2020-10-26T00:00:00+00:00,2020-10-29T00:00:00+00:00,-104.60139396761159,-106.10139396761159,-107.60139396761159,control_mom_fade,stop
EURUSD,-1,2020-10-29T00:00:00+00:00,2020-10-30T00:00:00+00:00,27.800000000000047,26.300000000000047,24.800000000000047,control_mom_fade,friday_flat
EURUSD,-1,2020-11-02T00:00:00+00:00,2020-11-04T00:00:00+00:00,-102.77736995823128,-104.27736995823128,-105.77736995823128,control_mom_fade,stop
EURUSD,-1,2020-11-04T00:00:00+00:00,2020-11-05T00:00:00+00:00,-117.34808940276008,-118.84808940276008,-120.34808940276008,control_mom_fade,stop
EURUSD,1,2020-11-05T00:00:00+00:00,2020-11-06T00:00:00+00:00,47.900000000000716,46.400000000000716,44.900000000000716,control_mom_fade,friday_flat
EURUSD,1,2020-11-09T00:00:00+00:00,2020-11-13T00:00:00+00:00,19.899999999999363,18.399999999999363,16.899999999999363,control_mom_fade,friday_flat
EURUSD,1,2020-11-16T00:00:00+00:00,2020-11-18T00:00:00+00:00,0.9999999999998899,-0.5000000000001101,-2.00000000000011,control_mom_fade,flip
EURUSD,-1,2020-11-18T00:00:00+00:00,2020-11-19T00:00:00+00:00,-21.900000000001363,-23.400000000001363,-24.900000000001363,control_mom_fade,flip
EURUSD,1,2020-11-19T00:00:00+00:00,2020-11-20T00:00:00+00:00,-15.800000000001369,-17.30000000000137,-18.80000000000137,control_mom_fade,friday_flat
EURUSD,1,2020-11-23T00:00:00+00:00,2020-11-27T00:00:00+00:00,119.39999999999839,117.89999999999839,116.39999999999839,control_mom_fade,friday_flat
EURUSD,1,2020-11-30T00:00:00+00:00,2020-12-01T00:00:00+00:00,143.59999999999928,142.09999999999928,140.59999999999928,control_mom_fade,signal_flat
EURUSD,1,2020-12-02T00:00:00+00:00,2020-12-04T00:00:00+00:00,6.500000000000394,5.000000000000394,3.5000000000003944,control_mom_fade,friday_flat
EURUSD,1,2020-12-07T00:00:00+00:00,2020-12-11T00:00:00+00:00,3.4000000000000696,1.9000000000000696,0.40000000000006963,control_mom_fade,friday_flat
EURUSD,1,2020-12-14T00:00:00+00:00,2020-12-18T00:00:00+00:00,110.99999999999888,109.49999999999888,107.99999999999888,control_mom_fade,friday_flat
EURUSD,1,2020-12-21T00:00:00+00:00,2020-12-29T00:00:00+00:00,5.800000000000249,4.300000000000249,2.8000000000002494,control_mom_fade,time_stop
EURUSD,1,2020-12-29T00:00:00+00:00,2021-01-06T00:00:00+00:00,77.0000000000004,75.5000000000004,74.0000000000004,control_mom_fade,time_stop
EURUSD,1,2021-01-06T00:00:00+00:00,2021-01-08T00:00:00+00:00,-113.70906291300109,-115.20906291300109,-116.70906291300109,control_mom_fade,stop
EURUSD,1,2021-01-11T00:00:00+00:00,2021-01-15T00:00:00+00:00,-73.1000000000015,-74.6000000000015,-76.1000000000015,control_mom_fade,friday_flat
EURUSD,-1,2021-01-18T00:00:00+00:00,2021-01-21T00:00:00+00:00,-88.29999999999893,-89.79999999999893,-91.29999999999893,control_mom_fade,flip
EURUSD,1,2021-01-21T00:00:00+00:00,2021-01-22T00:00:00+00:00,6.399999999999739,4.899999999999739,3.3999999999997392,control_mom_fade,friday_flat
EURUSD,-1,2021-01-25T00:00:00+00:00,2021-01-29T00:00:00+00:00,5.999999999999339,4.499999999999339,2.999999999999339,control_mom_fade,friday_flat
EURUSD,-1,2021-02-01T00:00:00+00:00,2021-02-05T00:00:00+00:00,10.200000000000209,8.700000000000209,7.200000000000209,control_mom_fade,friday_flat
EURUSD,-1,2021-02-08T00:00:00+00:00,2021-02-12T00:00:00+00:00,-69.59999999999854,-71.09999999999854,-72.59999999999854,control_mom_fade,friday_flat
EURUSD,1,2021-02-15T00:00:00+00:00,2021-02-16T00:00:00+00:00,-22.100000000000453,-23.600000000000453,-25.100000000000453,control_mom_fade,flip
EURUSD,-1,2021-02-16T00:00:00+00:00,2021-02-19T00:00:00+00:00,-12.100000000001554,-13.600000000001554,-15.100000000001554,control_mom_fade,friday_flat
EURUSD,1,2021-02-22T00:00:00+00:00,2021-02-23T00:00:00+00:00,-6.099999999999994,-7.599999999999994,-9.099999999999994,control_mom_fade,flip
EURUSD,-1,2021-02-23T00:00:00+00:00,2021-02-24T00:00:00+00:00,-17.199999999999438,-18.699999999999438,-20.199999999999438,control_mom_fade,flip
EURUSD,1,2021-02-24T00:00:00+00:00,2021-02-26T00:00:00+00:00,-97.1929880459954,-98.6929880459954,-100.1929880459954,control_mom_fade,stop
EURUSD,-1,2021-03-01T00:00:00+00:00,2021-03-02T00:00:00+00:00,-40.50000000000109,-42.00000000000109,-43.50000000000109,control_mom_fade,flip
EURUSD,1,2021-03-02T00:00:00+00:00,2021-03-04T00:00:00+00:00,-109.20910900618752,-110.70910900618752,-112.20910900618752,control_mom_fade,stop
EURUSD,1,2021-03-04T00:00:00+00:00,2021-03-05T00:00:00+00:00,-57.40000000000078,-58.90000000000078,-60.40000000000078,control_mom_fade,friday_flat
EURUSD,-1,2021-03-08T00:00:00+00:00,2021-03-11T00:00:00+00:00,-114.6522962392149,-116.1522962392149,-117.6522962392149,control_mom_fade,stop
EURUSD,-1,2021-03-11T00:00:00+00:00,2021-03-12T00:00:00+00:00,33.199999999999896,31.699999999999896,30.199999999999896,control_mom_fade,friday_flat
EURUSD,-1,2021-03-15T00:00:00+00:00,2021-03-19T00:00:00+00:00,22.699999999999942,21.199999999999942,19.699999999999942,control_mom_fade,friday_flat
EURUSD,-1,2021-03-22T00:00:00+00:00,2021-03-26T00:00:00+00:00,139.89999999999947,138.39999999999947,136.89999999999947,control_mom_fade,friday_flat
EURUSD,-1,2021-03-29T00:00:00+00:00,2021-04-02T00:00:00+00:00,3.4000000000000696,1.9000000000000696,0.40000000000006963,control_mom_fade,friday_flat
EURUSD,-1,2021-04-05T00:00:00+00:00,2021-04-07T00:00:00+00:00,-99.22142196561178,-100.72142196561178,-102.22142196561178,control_mom_fade,stop
EURUSD,-1,2021-04-07T00:00:00+00:00,2021-04-09T00:00:00+00:00,-34.19999999999978,-35.69999999999978,-37.19999999999978,control_mom_fade,friday_flat
EURUSD,-1,2021-04-12T00:00:00+00:00,2021-04-13T00:00:00+00:00,-37.4999999999992,-38.9999999999992,-40.4999999999992,control_mom_fade,flip
EURUSD,1,2021-04-13T00:00:00+00:00,2021-04-14T00:00:00+00:00,31.000000000001027,29.500000000001027,28.000000000001027,control_mom_fade,flip
EURUSD,-1,2021-04-14T00:00:00+00:00,2021-04-15T00:00:00+00:00,12.900000000000134,11.400000000000134,9.900000000000134,control_mom_fade,flip
EURUSD,1,2021-04-15T00:00:00+00:00,2021-04-16T00:00:00+00:00,15.400000000000968,13.900000000000968,12.400000000000968,control_mom_fade,friday_flat
EURUSD,1,2021-05-17T00:00:00+00:00,2021-05-21T00:00:00+00:00,29.50000000000008,28.00000000000008,26.50000000000008,control_mom_fade,friday_flat
EURUSD,1,2021-05-24T00:00:00+00:00,2021-05-28T00:00:00+00:00,-25.399999999999867,-26.899999999999867,-28.399999999999867,control_mom_fade,friday_flat
EURUSD,1,2021-05-31T00:00:00+00:00,2021-06-03T00:00:00+00:00,-97.77119881787532,-99.27119881787532,-100.77119881787532,control_mom_fade,stop
EURUSD,1,2021-06-03T00:00:00+00:00,2021-06-04T00:00:00+00:00,39.70000000000029,38.20000000000029,36.70000000000029,control_mom_fade,friday_flat
EURUSD,1,2021-06-07T00:00:00+00:00,2021-06-11T00:00:00+00:00,-82.99999999999973,-84.49999999999973,-85.99999999999973,control_mom_fade,friday_flat
EURUSD,-1,2021-06-14T00:00:00+00:00,2021-06-17T00:00:00+00:00,213.0999999999994,211.5999999999994,210.0999999999994,control_mom_fade,signal_flat
EURUSD,-1,2021-06-21T00:00:00+00:00,2021-06-25T00:00:00+00:00,-18.499999999999073,-19.999999999999073,-21.499999999999073,control_mom_fade,friday_flat
EURUSD,-1,2021-06-28T00:00:00+00:00,2021-07-02T00:00:00+00:00,59.59999999999965,58.09999999999965,56.59999999999965,control_mom_fade,friday_flat
EURUSD,-1,2021-07-05T00:00:00+00:00,2021-07-09T00:00:00+00:00,-14.000000000000679,-15.500000000000679,-17.00000000000068,control_mom_fade,friday_flat
EURUSD,-1,2021-07-12T00:00:00+00:00,2021-07-14T00:00:00+00:00,24.799999999998157,23.299999999998157,21.799999999998157,control_mom_fade,signal_flat
EURUSD,-1,2021-07-15T00:00:00+00:00,2021-07-16T00:00:00+00:00,6.299999999999084,4.799999999999084,3.299999999999084,control_mom_fade,friday_flat
EURUSD,-1,2021-07-19T00:00:00+00:00,2021-07-22T00:00:00+00:00,27.999999999999137,26.499999999999137,24.999999999999137,control_mom_fade,signal_flat
EURUSD,1,2021-08-03T00:00:00+00:00,2021-08-04T00:00:00+00:00,-26.999999999999247,-28.499999999999247,-29.999999999999247,control_mom_fade,signal_flat
EURUSD,-1,2021-08-09T00:00:00+00:00,2021-08-13T00:00:00+00:00,-59.99999999999783,-61.49999999999783,-62.99999999999783,control_mom_fade,friday_flat
EURUSD,-1,2021-08-16T00:00:00+00:00,2021-08-18T00:00:00+00:00,66.0000000000016,64.5000000000016,63.000000000001606,control_mom_fade,signal_flat
EURUSD,-1,2021-08-19T00:00:00+00:00,2021-08-20T00:00:00+00:00,-24.000000000001798,-25.500000000001798,-27.000000000001798,control_mom_fade,friday_flat
EURUSD,-1,2021-08-23T00:00:00+00:00,2021-08-24T00:00:00+00:00,-9.799999999999809,-11.299999999999809,-12.799999999999809,control_mom_fade,signal_flat
EURUSD,-1,2021-08-25T00:00:00+00:00,2021-08-27T00:00:00+00:00,-23.899999999998922,-25.399999999998922,-26.899999999998922,control_mom_fade,friday_flat
EURUSD,1,2021-09-09T00:00:00+00:00,2021-09-10T00:00:00+00:00,-13.699999999998713,-15.199999999998713,-16.699999999998713,control_mom_fade,friday_flat
EURUSD,1,2021-09-14T00:00:00+00:00,2021-09-17T00:00:00+00:00,-70.44397966952998,-71.94397966952998,-73.44397966952998,control_mom_fade,stop
EURUSD,-1,2021-09-20T00:00:00+00:00,2021-09-24T00:00:00+00:00,5.099999999997884,3.599999999997884,2.099999999997884,control_mom_fade,friday_flat
EURUSD,-1,2021-09-30T00:00:00+00:00,2021-10-01T00:00:00+00:00,-15.799999999999148,-17.299999999999148,-18.799999999999148,control_mom_fade,friday_flat
EURUSD,-1,2021-10-11T00:00:00+00:00,2021-10-13T00:00:00+00:00,-42.29999999999956,-43.79999999999956,-45.29999999999956,control_mom_fade,signal_flat
EURUSD,-1,2021-10-21T00:00:00+00:00,2021-10-22T00:00:00+00:00,-19.700000000000273,-21.200000000000273,-22.700000000000273,control_mom_fade,friday_flat
EURUSD,-1,2021-11-01T00:00:00+00:00,2021-11-03T00:00:00+00:00,-9.00000000000123,-10.50000000000123,-12.00000000000123,control_mom_fade,signal_flat
EURUSD,1,2021-11-04T00:00:00+00:00,2021-11-05T00:00:00+00:00,12.600000000000389,11.100000000000389,9.600000000000389,control_mom_fade,friday_flat
EURUSD,1,2021-11-09T00:00:00+00:00,2021-11-10T00:00:00+00:00,-86.86144326708555,-88.36144326708555,-89.86144326708555,control_mom_fade,stop
EURUSD,-1,2021-11-10T00:00:00+00:00,2021-11-12T00:00:00+00:00,35.599999999997856,34.099999999997856,32.599999999997856,control_mom_fade,friday_flat
EURUSD,-1,2021-11-15T00:00:00+00:00,2021-11-19T00:00:00+00:00,84.29999999999937,82.79999999999937,81.29999999999937,control_mom_fade,friday_flat
EURUSD,-1,2021-11-22T00:00:00+00:00,2021-11-26T00:00:00+00:00,-85.10000000000016,-86.60000000000016,-88.10000000000016,control_mom_fade,friday_flat
EURUSD,-1,2021-11-29T00:00:00+00:00,2021-12-01T00:00:00+00:00,-29.100000000001902,-30.600000000001902,-32.1000000000019,control_mom_fade,signal_flat
EURUSD,-1,2021-12-07T00:00:00+00:00,2021-12-10T00:00:00+00:00,-49.099999999999696,-50.599999999999696,-52.099999999999696,control_mom_fade,friday_flat
EURUSD,-1,2021-12-13T00:00:00+00:00,2021-12-14T00:00:00+00:00,25.899999999998702,24.399999999998702,22.899999999998702,control_mom_fade,signal_flat
EURUSD,-1,2021-12-16T00:00:00+00:00,2021-12-17T00:00:00+00:00,92.39999999999914,90.89999999999914,89.39999999999914,control_mom_fade,friday_flat
EURUSD,-1,2021-12-28T00:00:00+00:00,2021-12-29T00:00:00+00:00,-39.80000000000094,-41.30000000000094,-42.80000000000094,control_mom_fade,signal_flat
EURUSD,1,2022-01-03T00:00:00+00:00,2022-01-04T00:00:00+00:00,-10.900000000000354,-12.400000000000354,-13.900000000000354,control_mom_fade,signal_flat
EURUSD,1,2022-01-06T00:00:00+00:00,2022-01-07T00:00:00+00:00,61.39999999999812,59.89999999999812,58.39999999999812,control_mom_fade,friday_flat
EURUSD,1,2022-01-10T00:00:00+00:00,2022-01-12T00:00:00+00:00,115.89999999999989,114.39999999999989,112.89999999999989,control_mom_fade,signal_flat
EURUSD,1,2022-01-17T00:00:00+00:00,2022-01-20T00:00:00+00:00,-100.52446251180847,-102.02446251180847,-103.52446251180847,control_mom_fade,stop
EURUSD,-1,2022-01-20T00:00:00+00:00,2022-01-21T00:00:00+00:00,-31.29999999999855,-32.79999999999855,-34.29999999999855,control_mom_fade,friday_flat
EURUSD,-1,2022-01-25T00:00:00+00:00,2022-01-28T00:00:00+00:00,153.70000000000104,152.20000000000104,150.70000000000104,control_mom_fade,friday_flat
EURUSD,1,2022-02-03T00:00:00+00:00,2022-02-04T00:00:00+00:00,12.199999999999989,10.699999999999989,9.199999999999989,control_mom_fade,friday_flat
EURUSD,1,2022-02-07T00:00:00+00:00,2022-02-09T00:00:00+00:00,-18.599999999999728,-20.099999999999728,-21.599999999999728,control_mom_fade,flip
EURUSD,-1,2022-02-09T00:00:00+00:00,2022-02-11T00:00:00+00:00,75.60000000000011,74.10000000000011,72.60000000000011,control_mom_fade,friday_flat
EURUSD,-1,2022-02-14T00:00:00+00:00,2022-02-15T00:00:00+00:00,-52.400000000001334,-53.900000000001334,-55.400000000001334,control_mom_fade,flip
EURUSD,1,2022-02-15T00:00:00+00:00,2022-02-18T00:00:00+00:00,-35.49999999999942,-36.99999999999942,-38.49999999999942,control_mom_fade,friday_flat
EURUSD,-1,2022-02-21T00:00:00+00:00,2022-02-22T00:00:00+00:00,-14.799999999999258,-16.299999999999258,-17.799999999999258,control_mom_fade,flip
EURUSD,1,2022-02-22T00:00:00+00:00,2022-02-24T00:00:00+00:00,-112.16124566919561,-113.66124566919561,-115.16124566919561,control_mom_fade,stop
EURUSD,1,2022-02-24T00:00:00+00:00,2022-02-25T00:00:00+00:00,79.70000000000032,78.20000000000032,76.70000000000032,control_mom_fade,friday_flat
EURUSD,-1,2022-02-28T00:00:00+00:00,2022-03-04T00:00:00+00:00,287.2999999999992,285.7999999999992,284.2999999999992,control_mom_fade,friday_flat
EURUSD,-1,2022-03-09T00:00:00+00:00,2022-03-11T00:00:00+00:00,161.29999999999976,159.79999999999976,158.29999999999976,control_mom_fade,friday_flat
EURUSD,-1,2022-03-14T00:00:00+00:00,2022-03-15T00:00:00+00:00,-4.199999999998649,-5.699999999998649,-7.199999999998649,control_mom_fade,signal_flat
EURUSD,-1,2022-03-22T00:00:00+00:00,2022-03-24T00:00:00+00:00,31.200000000000117,29.700000000000117,28.200000000000117,control_mom_fade,signal_flat
EURUSD,-1,2022-03-28T00:00:00+00:00,2022-03-29T00:00:00+00:00,-141.28760285743613,-142.78760285743613,-144.28760285743613,control_mom_fade,stop
EURUSD,-1,2022-03-29T00:00:00+00:00,2022-03-30T00:00:00+00:00,-71.70000000000121,-73.20000000000121,-74.70000000000121,control_mom_fade,signal_flat
EURUSD,1,2022-03-31T00:00:00+00:00,2022-04-01T00:00:00+00:00,-21.799999999998487,-23.299999999998487,-24.799999999998487,control_mom_fade,friday_flat
EURUSD,1,2022-04-05T00:00:00+00:00,2022-04-06T00:00:00+00:00,-8.500000000000174,-10.000000000000174,-11.500000000000174,control_mom_fade,flip
EURUSD,-1,2022-04-06T00:00:00+00:00,2022-04-08T00:00:00+00:00,20.900000000001473,19.400000000001473,17.900000000001473,control_mom_fade,friday_flat
EURUSD,-1,2022-04-11T00:00:00+00:00,2022-04-15T00:00:00+00:00,71.60000000000055,70.10000000000055,68.60000000000055,control_mom_fade,friday_flat
EURUSD,-1,2022-04-18T00:00:00+00:00,2022-04-21T00:00:00+00:00,-128.73106609452512,-130.23106609452512,-131.73106609452512,control_mom_fade,stop
EURUSD,-1,2022-04-21T00:00:00+00:00,2022-04-22T00:00:00+00:00,32.70000000000106,31.20000000000106,29.70000000000106,control_mom_fade,friday_flat
EURUSD,-1,2022-04-25T00:00:00+00:00,2022-04-29T00:00:00+00:00,166.50000000000054,165.00000000000054,163.50000000000054,control_mom_fade,friday_flat
EURUSD,-1,2022-05-02T00:00:00+00:00,2022-05-06T00:00:00+00:00,-36.6999999999984,-38.1999999999984,-39.6999999999984,control_mom_fade,friday_flat
EURUSD,-1,2022-05-09T00:00:00+00:00,2022-05-10T00:00:00+00:00,28.900000000000592,27.400000000000592,25.900000000000592,control_mom_fade,signal_flat
EURUSD,-1,2022-05-11T00:00:00+00:00,2022-05-12T00:00:00+00:00,131.30000000000086,129.80000000000086,128.30000000000086,control_mom_fade,signal_flat
EURUSD,-1,2022-05-16T00:00:00+00:00,2022-05-17T00:00:00+00:00,-115.40000000000106,-116.90000000000106,-118.40000000000106,control_mom_fade,signal_flat
EURUSD,-1,2022-05-23T00:00:00+00:00,2022-05-24T00:00:00+00:00,-45.199999999998575,-46.699999999998575,-48.199999999998575,control_mom_fade,signal_flat
EURUSD,1,2022-05-25T00:00:00+00:00,2022-05-27T00:00:00+00:00,51.900000000000276,50.400000000000276,48.900000000000276,control_mom_fade,friday_flat
EURUSD,1,2022-05-30T00:00:00+00:00,2022-06-01T00:00:00+00:00,-140.7286809790986,-142.2286809790986,-143.7286809790986,control_mom_fade,stop
EURUSD,1,2022-06-01T00:00:00+00:00,2022-06-03T00:00:00+00:00,68.09999999999982,66.59999999999982,65.09999999999982,control_mom_fade,friday_flat
EURUSD,1,2022-06-06T00:00:00+00:00,2022-06-10T00:00:00+00:00,-137.98451890724817,-139.48451890724817,-140.98451890724817,control_mom_fade,stop
EURUSD,-1,2022-06-13T00:00:00+00:00,2022-06-14T00:00:00+00:00,-7.500000000000284,-9.000000000000284,-10.500000000000284,control_mom_fade,signal_flat
EURUSD,-1,2022-06-16T00:00:00+00:00,2022-06-17T00:00:00+00:00,52.09999999999937,50.59999999999937,49.09999999999937,control_mom_fade,friday_flat
EURUSD,-1,2022-06-20T00:00:00+00:00,2022-06-24T00:00:00+00:00,-42.9999999999997,-44.4999999999997,-45.9999999999997,control_mom_fade,friday_flat
EURUSD,-1,2022-06-27T00:00:00+00:00,2022-07-01T00:00:00+00:00,156.79999999999916,155.29999999999916,153.79999999999916,control_mom_fade,friday_flat
EURUSD,-1,2022-07-04T00:00:00+00:00,2022-07-07T00:00:00+00:00,263.40000000000026,261.90000000000026,260.40000000000026,control_mom_fade,signal_flat
EURUSD,-1,2022-08-03T00:00:00+00:00,2022-08-04T00:00:00+00:00,-78.59999999999978,-80.09999999999978,-81.59999999999978,control_mom_fade,flip
EURUSD,1,2022-08-04T00:00:00+00:00,2022-08-05T00:00:00+00:00,-67.09999999999994,-68.59999999999994,-70.09999999999994,control_mom_fade,friday_flat
EURUSD,1,2022-08-08T00:00:00+00:00,2022-08-12T00:00:00+00:00,61.70000000000009,60.20000000000009,58.70000000000009,control_mom_fade,friday_flat
EURUSD,1,2022-08-15T00:00:00+00:00,2022-08-16T00:00:00+00:00,10.600000000000609,9.100000000000609,7.600000000000609,control_mom_fade,flip
EURUSD,-1,2022-08-16T00:00:00+00:00,2022-08-17T00:00:00+00:00,-10.499999999999954,-11.999999999999954,-13.499999999999954,control_mom_fade,signal_flat
EURUSD,-1,2022-08-29T00:00:00+00:00,2022-08-31T00:00:00+00:00,-57.29999999999902,-58.79999999999902,-60.29999999999902,control_mom_fade,signal_flat
EURUSD,-1,2022-09-21T00:00:00+00:00,2022-09-23T00:00:00+00:00,149.20000000000044,147.70000000000044,146.20000000000044,control_mom_fade,friday_flat
EURUSD,-1,2022-09-27T00:00:00+00:00,2022-09-29T00:00:00+00:00,-173.95388101480336,-175.45388101480336,-176.95388101480336,control_mom_fade,stop
EURUSD,-1,2022-09-29T00:00:00+00:00,2022-09-30T00:00:00+00:00,15.699999999999603,14.199999999999603,12.699999999999603,control_mom_fade,friday_flat
EURUSD,-1,2022-10-10T00:00:00+00:00,2022-10-14T00:00:00+00:00,-20.49999999999996,-21.99999999999996,-23.49999999999996,control_mom_fade,friday_flat
EURUSD,1,2022-10-25T00:00:00+00:00,2022-10-28T00:00:00+00:00,1.2999999999996348,-0.20000000000036522,-1.7000000000003652,control_mom_fade,friday_flat
EURUSD,1,2022-10-31T00:00:00+00:00,2022-11-01T00:00:00+00:00,-7.899999999999574,-9.399999999999574,-10.899999999999574,control_mom_fade,flip
EURUSD,-1,2022-11-01T00:00:00+00:00,2022-11-04T00:00:00+00:00,-84.60000000000022,-86.10000000000022,-87.60000000000022,control_mom_fade,friday_flat
EURUSD,1,2022-11-07T00:00:00+00:00,2022-11-09T00:00:00+00:00,-9.699999999999154,-11.199999999999154,-12.699999999999154,control_mom_fade,signal_flat
EURUSD,1,2022-11-17T00:00:00+00:00,2022-11-18T00:00:00+00:00,-43.59999999999919,-45.09999999999919,-46.59999999999919,control_mom_fade,friday_flat
EURUSD,1,2022-11-22T00:00:00+00:00,2022-11-23T00:00:00+00:00,90.59999999999846,89.09999999999846,87.59999999999846,control_mom_fade,signal_flat
EURUSD,1,2022-11-30T00:00:00+00:00,2022-12-01T00:00:00+00:00,119.1999999999993,117.6999999999993,116.1999999999993,control_mom_fade,signal_flat
EURUSD,1,2022-12-05T00:00:00+00:00,2022-12-06T00:00:00+00:00,-26.600000000001067,-28.100000000001067,-29.600000000001067,control_mom_fade,signal_flat
EURUSD,1,2022-12-08T00:00:00+00:00,2022-12-09T00:00:00+00:00,-18.899999999999473,-20.399999999999473,-21.899999999999473,control_mom_fade,friday_flat
EURUSD,1,2022-12-12T00:00:00+00:00,2022-12-13T00:00:00+00:00,94.1000000000014,92.6000000000014,91.1000000000014,control_mom_fade,signal_flat
EURUSD,1,2022-12-14T00:00:00+00:00,2022-12-16T00:00:00+00:00,-92.79999999999954,-94.29999999999954,-95.79999999999954,control_mom_fade,friday_flat
EURUSD,1,2022-12-19T00:00:00+00:00,2022-12-23T00:00:00+00:00,9.900000000000464,8.400000000000464,6.900000000000464,control_mom_fade,friday_flat
EURUSD,1,2022-12-26T00:00:00+00:00,2022-12-30T00:00:00+00:00,62.40000000000023,60.90000000000023,59.40000000000023,control_mom_fade,friday_flat
EURUSD,1,2023-01-02T00:00:00+00:00,2023-01-03T00:00:00+00:00,-125.71172767414262,-127.21172767414262,-128.71172767414262,control_mom_fade,stop
EURUSD,1,2023-01-03T00:00:00+00:00,2023-01-05T00:00:00+00:00,-26.299999999999102,-27.799999999999102,-29.299999999999102,control_mom_fade,flip
EURUSD,-1,2023-01-05T00:00:00+00:00,2023-01-06T00:00:00+00:00,-121.99999999999989,-123.49999999999989,-124.99999999999989,control_mom_fade,friday_flat
EURUSD,1,2023-01-09T00:00:00+00:00,2023-01-13T00:00:00+00:00,100.49999999999892,98.99999999999892,97.49999999999892,control_mom_fade,friday_flat
EURUSD,1,2023-01-16T00:00:00+00:00,2023-01-20T00:00:00+00:00,34.69999999999862,33.19999999999862,31.699999999998617,control_mom_fade,friday_flat
EURUSD,1,2023-01-23T00:00:00+00:00,2023-01-27T00:00:00+00:00,-4.20000000000087,-5.70000000000087,-7.20000000000087,control_mom_fade,friday_flat
EURUSD,1,2023-01-30T00:00:00+00:00,2023-02-03T00:00:00+00:00,-56.79999999999907,-58.29999999999907,-59.79999999999907,control_mom_fade,friday_flat
EURUSD,-1,2023-02-09T00:00:00+00:00,2023-02-10T00:00:00+00:00,60.40000000000045,58.90000000000045,57.40000000000045,control_mom_fade,friday_flat
EURUSD,-1,2023-03-01T00:00:00+00:00,2023-03-02T00:00:00+00:00,72.20000000000005,70.70000000000005,69.20000000000005,control_mom_fade,signal_flat
EURUSD,-1,2023-03-06T00:00:00+00:00,2023-03-09T00:00:00+00:00,101.59999999999947,100.09999999999947,98.59999999999947,control_mom_fade,signal_flat
EURUSD,1,2023-03-13T00:00:00+00:00,2023-03-14T00:00:00+00:00,2.300000000001745,0.8000000000017451,-0.6999999999982549,control_mom_fade,signal_flat
EURUSD,-1,2023-03-15T00:00:00+00:00,2023-03-16T00:00:00+00:00,-34.89999999999993,-36.39999999999993,-37.89999999999993,control_mom_fade,signal_flat
EURUSD,1,2023-03-20T00:00:00+00:00,2023-03-21T00:00:00+00:00,49.000000000001265,47.500000000001265,46.000000000001265,control_mom_fade,signal_flat
EURUSD,1,2023-03-23T00:00:00+00:00,2023-03-24T00:00:00+00:00,-71.90000000000029,-73.40000000000029,-74.90000000000029,control_mom_fade,friday_flat
EURUSD,1,2023-03-27T00:00:00+00:00,2023-03-31T00:00:00+00:00,45.20000000000079,43.70000000000079,42.20000000000079,control_mom_fade,friday_flat
EURUSD,1,2023-04-03T00:00:00+00:00,2023-04-07T00:00:00+00:00,-4.700000000001925,-6.200000000001925,-7.700000000001925,control_mom_fade,friday_flat
EURUSD,1,2023-04-10T00:00:00+00:00,2023-04-14T00:00:00+00:00,133.30000000000064,131.80000000000064,130.30000000000064,control_mom_fade,friday_flat
EURUSD,1,2023-04-17T00:00:00+00:00,2023-04-21T00:00:00+00:00,60.700000000000195,59.200000000000195,57.700000000000195,control_mom_fade,friday_flat
EURUSD,1,2023-04-24T00:00:00+00:00,2023-04-28T00:00:00+00:00,-28.29999999999888,-29.79999999999888,-31.29999999999888,control_mom_fade,friday_flat
EURUSD,1,2023-05-01T00:00:00+00:00,2023-05-05T00:00:00+00:00,42.29999999999956,40.79999999999956,39.29999999999956,control_mom_fade,friday_flat
EURUSD,-1,2023-05-25T00:00:00+00:00,2023-05-26T00:00:00+00:00,-0.700000000000145,-2.200000000000145,-3.700000000000145,control_mom_fade,friday_flat
EURUSD,-1,2023-05-31T00:00:00+00:00,2023-06-02T00:00:00+00:00,-17.499999999999183,-18.999999999999183,-20.499999999999183,control_mom_fade,friday_flat
EURUSD,-1,2023-06-05T00:00:00+00:00,2023-06-09T00:00:00+00:00,-37.00000000000036,-38.50000000000036,-40.00000000000036,control_mom_fade,friday_flat
EURUSD,-1,2023-06-12T00:00:00+00:00,2023-06-14T00:00:00+00:00,-103.55957228242784,-105.05957228242784,-106.55957228242784,control_mom_fade,stop
EURUSD,-1,2023-06-14T00:00:00+00:00,2023-06-15T00:00:00+00:00,-106.16947814148014,-107.66947814148014,-109.16947814148014,control_mom_fade,stop
EURUSD,1,2023-06-15T00:00:00+00:00,2023-06-16T00:00:00+00:00,-4.8000000000003595,-6.3000000000003595,-7.8000000000003595,control_mom_fade,friday_flat
EURUSD,1,2023-06-19T00:00:00+00:00,2023-06-23T00:00:00+00:00,-32.69999999999884,-34.19999999999884,-35.69999999999884,control_mom_fade,friday_flat
EURUSD,1,2023-06-26T00:00:00+00:00,2023-06-30T00:00:00+00:00,3.900000000001125,2.400000000001125,0.9000000000011248,control_mom_fade,friday_flat
EURUSD,1,2023-07-03T00:00:00+00:00,2023-07-07T00:00:00+00:00,57.70000000000053,56.20000000000053,54.70000000000053,control_mom_fade,friday_flat
EURUSD,1,2023-07-10T00:00:00+00:00,2023-07-12T00:00:00+00:00,128.49999999999807,126.99999999999807,125.49999999999807,control_mom_fade,signal_flat
EURUSD,1,2023-07-17T00:00:00+00:00,2023-07-18T00:00:00+00:00,-3.4000000000000696,-4.90000000000007,-6.40000000000007,control_mom_fade,signal_flat
EURUSD,1,2023-07-19T00:00:00+00:00,2023-07-20T00:00:00+00:00,-69.60000000000078,-71.10000000000078,-72.60000000000078,control_mom_fade,signal_flat
EURUSD,1,2023-07-24T00:00:00+00:00,2023-07-28T00:00:00+00:00,-109.01613022511025,-110.51613022511025,-112.01613022511025,control_mom_fade,stop
EURUSD,1,2023-07-31T00:00:00+00:00,2023-08-04T00:00:00+00:00,9.099999999999664,7.599999999999664,6.099999999999664,control_mom_fade,friday_flat
EURUSD,1,2023-08-07T00:00:00+00:00,2023-08-08T00:00:00+00:00,-46.49999999999821,-47.99999999999821,-49.49999999999821,control_mom_fade,flip
EURUSD,-1,2023-08-08T00:00:00+00:00,2023-08-11T00:00:00+00:00,10.499999999999954,8.999999999999954,7.499999999999954,control_mom_fade,friday_flat
EURUSD,-1,2023-08-14T00:00:00+00:00,2023-08-18T00:00:00+00:00,35.60000000000007,34.10000000000007,32.60000000000007,control_mom_fade,friday_flat
EURUSD,-1,2023-08-21T00:00:00+00:00,2023-08-25T00:00:00+00:00,100.50000000000114,99.00000000000114,97.50000000000114,control_mom_fade,friday_flat
EURUSD,-1,2023-08-28T00:00:00+00:00,2023-08-30T00:00:00+00:00,-104.12994420662125,-105.62994420662125,-107.12994420662125,control_mom_fade,stop
EURUSD,-1,2023-08-30T00:00:00+00:00,2023-09-01T00:00:00+00:00,149.90000000000057,148.40000000000057,146.90000000000057,control_mom_fade,friday_flat
EURUSD,-1,2023-09-04T00:00:00+00:00,2023-09-08T00:00:00+00:00,94.09999999999918,92.59999999999918,91.09999999999918,control_mom_fade,friday_flat
EURUSD,-1,2023-09-11T00:00:00+00:00,2023-09-15T00:00:00+00:00,90.90000000000042,89.40000000000042,87.90000000000042,control_mom_fade,friday_flat
EURUSD,-1,2023-09-18T00:00:00+00:00,2023-09-19T00:00:00+00:00,11.699999999998933,10.199999999998933,8.699999999998933,control_mom_fade,signal_flat
EURUSD,-1,2023-09-20T00:00:00+00:00,2023-09-22T00:00:00+00:00,17.999999999998018,16.499999999998018,14.999999999998018,control_mom_fade,friday_flat
EURUSD,-1,2023-09-25T00:00:00+00:00,2023-09-29T00:00:00+00:00,18.400000000000638,16.900000000000638,15.400000000000638,control_mom_fade,friday_flat
EURUSD,-1,2023-10-02T00:00:00+00:00,2023-10-06T00:00:00+00:00,-108.60495037723571,-110.10495037723571,-111.60495037723571,control_mom_fade,stop
EURUSD,-1,2023-10-09T00:00:00+00:00,2023-10-13T00:00:00+00:00,58.700000000000415,57.200000000000415,55.700000000000415,control_mom_fade,friday_flat
EURUSD,-1,2023-10-16T00:00:00+00:00,2023-10-20T00:00:00+00:00,-33.90000000000004,-35.40000000000004,-36.90000000000004,control_mom_fade,friday_flat
EURUSD,1,2023-10-23T00:00:00+00:00,2023-10-26T00:00:00+00:00,-109.28099910111344,-110.78099910111344,-112.28099910111344,control_mom_fade,stop
EURUSD,-1,2023-10-26T00:00:00+00:00,2023-10-27T00:00:00+00:00,-2.500000000000835,-4.000000000000835,-5.500000000000835,control_mom_fade,friday_flat
EURUSD,1,2023-10-30T00:00:00+00:00,2023-11-03T00:00:00+00:00,115.20000000000196,113.70000000000196,112.20000000000196,control_mom_fade,friday_flat
EURUSD,1,2023-11-06T00:00:00+00:00,2023-11-09T00:00:00+00:00,-49.399999999999444,-50.899999999999444,-52.399999999999444,control_mom_fade,signal_flat
EURUSD,1,2023-11-13T00:00:00+00:00,2023-11-14T00:00:00+00:00,180.10000000000082,178.60000000000082,177.10000000000082,control_mom_fade,signal_flat
EURUSD,1,2023-12-05T00:00:00+00:00,2023-12-06T00:00:00+00:00,-32.00000000000092,-33.50000000000092,-35.00000000000092,control_mom_fade,signal_flat
EURUSD,1,2024-01-04T00:00:00+00:00,2024-01-05T00:00:00+00:00,-2.6999999999999247,-4.199999999999925,-5.699999999999925,control_mom_fade,friday_flat
EURUSD,1,2024-01-09T00:00:00+00:00,2024-01-12T00:00:00+00:00,19.199999999999218,17.699999999999218,16.199999999999218,control_mom_fade,friday_flat
EURUSD,1,2024-01-15T00:00:00+00:00,2024-01-16T00:00:00+00:00,-73.39999999999903,-74.89999999999903,-76.39999999999903,control_mom_fade,flip
EURUSD,-1,2024-01-16T00:00:00+00:00,2024-01-17T00:00:00+00:00,-7.500000000000284,-9.000000000000284,-10.500000000000284,control_mom_fade,signal_flat
EURUSD,-1,2024-01-18T00:00:00+00:00,2024-01-19T00:00:00+00:00,-21.100000000000563,-22.600000000000563,-24.100000000000563,control_mom_fade,friday_flat
EURUSD,-1,2024-01-22T00:00:00+00:00,2024-01-25T00:00:00+00:00,36.50000000000153,35.00000000000153,33.50000000000153,control_mom_fade,signal_flat
EURUSD,-1,2024-01-29T00:00:00+00:00,2024-02-02T00:00:00+00:00,46.299999999999116,44.799999999999116,43.299999999999116,control_mom_fade,friday_flat
EURUSD,-1,2024-02-05T00:00:00+00:00,2024-02-06T00:00:00+00:00,-11.800000000001809,-13.300000000001809,-14.800000000001809,control_mom_fade,signal_flat
EURUSD,-1,2024-02-07T00:00:00+00:00,2024-02-09T00:00:00+00:00,-13.300000000000534,-14.800000000000534,-16.300000000000534,control_mom_fade,friday_flat
EURUSD,-1,2024-02-12T00:00:00+00:00,2024-02-15T00:00:00+00:00,-1.8999999999991246,-3.3999999999991246,-4.899999999999125,control_mom_fade,signal_flat
EURUSD,-1,2024-02-22T00:00:00+00:00,2024-02-23T00:00:00+00:00,3.60000000000138,2.10000000000138,0.6000000000013799,control_mom_fade,friday_flat
EURUSD,1,2024-03-04T00:00:00+00:00,2024-03-05T00:00:00+00:00,1.500000000000945,9.450218385609332e-13,-1.499999999999055,control_mom_fade,signal_flat
EURUSD,1,2024-03-12T00:00:00+00:00,2024-03-13T00:00:00+00:00,21.199999999998997,19.699999999998997,18.199999999998997,control_mom_fade,signal_flat
EURUSD,1,2024-03-18T00:00:00+00:00,2024-03-20T00:00:00+00:00,47.699999999999406,46.199999999999406,44.699999999999406,control_mom_fade,signal_flat
EURUSD,-1,2024-03-25T00:00:00+00:00,2024-03-29T00:00:00+00:00,43.8000000000005,42.3000000000005,40.8000000000005,control_mom_fade,friday_flat
EURUSD,-1,2024-04-01T00:00:00+00:00,2024-04-03T00:00:00+00:00,-79.29990708174682,-80.79990708174682,-82.29990708174682,control_mom_fade,stop
EURUSD,-1,2024-04-03T00:00:00+00:00,2024-04-05T00:00:00+00:00,-0.8000000000008001,-2.3000000000008,-3.8000000000008,control_mom_fade,friday_flat
EURUSD,-1,2024-04-08T00:00:00+00:00,2024-04-12T00:00:00+00:00,217.89999999999975,216.39999999999975,214.89999999999975,control_mom_fade,friday_flat
EURUSD,-1,2024-04-15T00:00:00+00:00,2024-04-19T00:00:00+00:00,-31.999999999998696,-33.49999999999869,-34.99999999999869,control_mom_fade,friday_flat
EURUSD,-1,2024-04-22T00:00:00+00:00,2024-04-26T00:00:00+00:00,-89.21676266025135,-90.71676266025135,-92.21676266025135,control_mom_fade,stop
EURUSD,-1,2024-04-29T00:00:00+00:00,2024-05-03T00:00:00+00:00,-89.0845761966985,-90.5845761966985,-92.0845761966985,control_mom_fade,stop
EURUSD,-1,2024-05-07T00:00:00+00:00,2024-05-08T00:00:00+00:00,6.200000000000649,4.700000000000649,3.2000000000006494,control_mom_fade,flip
EURUSD,1,2024-05-08T00:00:00+00:00,2024-05-09T00:00:00+00:00,34.000000000000696,32.500000000000696,31.000000000000696,control_mom_fade,signal_flat
EURUSD,1,2024-05-27T00:00:00+00:00,2024-05-29T00:00:00+00:00,-57.79999999999896,-59.29999999999896,-60.79999999999896,control_mom_fade,signal_flat
EURUSD,1,2024-06-03T00:00:00+00:00,2024-06-07T00:00:00+00:00,-79.82544192220774,-81.32544192220774,-82.82544192220774,control_mom_fade,stop
EURUSD,-1,2024-06-10T00:00:00+00:00,2024-06-12T00:00:00+00:00,-83.86562547900932,-85.36562547900932,-86.86562547900932,control_mom_fade,stop
EURUSD,-1,2024-06-12T00:00:00+00:00,2024-06-14T00:00:00+00:00,106.30000000000139,104.80000000000139,103.30000000000139,control_mom_fade,friday_flat
EURUSD,-1,2024-06-17T00:00:00+00:00,2024-06-21T00:00:00+00:00,41.10000000000058,39.60000000000058,38.10000000000058,control_mom_fade,friday_flat
EURUSD,-1,2024-06-24T00:00:00+00:00,2024-06-27T00:00:00+00:00,28.099999999999792,26.599999999999792,25.099999999999792,control_mom_fade,signal_flat
EURUSD,-1,2024-07-04T00:00:00+00:00,2024-07-05T00:00:00+00:00,-29.700000000001392,-31.200000000001392,-32.700000000001396,control_mom_fade,friday_flat
EURUSD,1,2024-07-08T00:00:00+00:00,2024-07-12T00:00:00+00:00,82.29999999999959,80.79999999999959,79.29999999999959,control_mom_fade,friday_flat
EURUSD,1,2024-07-15T00:00:00+00:00,2024-07-19T00:00:00+00:00,-9.799999999999809,-11.299999999999809,-12.799999999999809,control_mom_fade,friday_flat
EURUSD,1,2024-08-05T00:00:00+00:00,2024-08-09T00:00:00+00:00,-35.30000000000033,-36.80000000000033,-38.30000000000033,control_mom_fade,friday_flat
EURUSD,1,2024-08-12T00:00:00+00:00,2024-08-16T00:00:00+00:00,96.60000000000001,95.10000000000001,93.60000000000001,control_mom_fade,friday_flat
EURUSD,1,2024-08-19T00:00:00+00:00,2024-08-23T00:00:00+00:00,107.9999999999992,106.4999999999992,104.9999999999992,control_mom_fade,friday_flat
EURUSD,1,2024-08-26T00:00:00+00:00,2024-08-29T00:00:00+00:00,-92.11765824103546,-93.61765824103546,-95.11765824103546,control_mom_fade,stop
EURUSD,1,2024-08-29T00:00:00+00:00,2024-08-30T00:00:00+00:00,-29.700000000001392,-31.200000000001392,-32.700000000001396,control_mom_fade,friday_flat
EURUSD,1,2024-09-02T00:00:00+00:00,2024-09-06T00:00:00+00:00,14.899999999999913,13.399999999999913,11.899999999999913,control_mom_fade,friday_flat
EURUSD,1,2024-09-09T00:00:00+00:00,2024-09-13T00:00:00+00:00,42.099999999998246,40.599999999998246,39.099999999998246,control_mom_fade,friday_flat
EURUSD,1,2024-09-16T00:00:00+00:00,2024-09-17T00:00:00+00:00,-19.199999999999218,-20.699999999999218,-22.199999999999218,control_mom_fade,flip
EURUSD,-1,2024-09-17T00:00:00+00:00,2024-09-19T00:00:00+00:00,-48.09999999999981,-49.59999999999981,-51.09999999999981,control_mom_fade,flip
EURUSD,1,2024-09-19T00:00:00+00:00,2024-09-20T00:00:00+00:00,2.4000000000001798,0.9000000000001798,-0.5999999999998202,control_mom_fade,friday_flat
EURUSD,-1,2024-09-23T00:00:00+00:00,2024-09-25T00:00:00+00:00,-94.2175809437229,-95.7175809437229,-97.2175809437229,control_mom_fade,stop
EURUSD,1,2024-09-25T00:00:00+00:00,2024-09-26T00:00:00+00:00,43.50000000000076,42.00000000000076,40.50000000000076,control_mom_fade,signal_flat
EURUSD,-1,2024-10-08T00:00:00+00:00,2024-10-11T00:00:00+00:00,35.89999999999982,34.39999999999982,32.89999999999982,control_mom_fade,friday_flat
EURUSD,-1,2024-10-14T00:00:00+00:00,2024-10-18T00:00:00+00:00,41.50000000000098,40.00000000000098,38.50000000000098,control_mom_fade,friday_flat
EURUSD,-1,2024-10-21T00:00:00+00:00,2024-10-25T00:00:00+00:00,19.499999999998963,17.999999999998963,16.499999999998963,control_mom_fade,friday_flat
EURUSD,-1,2024-10-28T00:00:00+00:00,2024-11-01T00:00:00+00:00,-81.8298158015307,-83.3298158015307,-84.8298158015307,control_mom_fade,stop
EURUSD,-1,2024-11-04T00:00:00+00:00,2024-11-08T00:00:00+00:00,158.79999999999893,157.29999999999893,155.79999999999893,control_mom_fade,friday_flat
EURUSD,-1,2024-11-11T00:00:00+00:00,2024-11-15T00:00:00+00:00,112.00000000000098,110.50000000000098,109.00000000000098,control_mom_fade,friday_flat
EURUSD,-1,2024-11-18T00:00:00+00:00,2024-11-22T00:00:00+00:00,179.59999999999974,178.09999999999974,176.59999999999974,control_mom_fade,friday_flat
EURUSD,-1,2024-11-25T00:00:00+00:00,2024-11-29T00:00:00+00:00,-82.69999999999999,-84.19999999999999,-85.69999999999999,control_mom_fade,friday_flat
EURUSD,-1,2024-12-02T00:00:00+00:00,2024-12-06T00:00:00+00:00,-70.5,-72.0,-73.5,control_mom_fade,friday_flat
EURUSD,-1,2024-12-09T00:00:00+00:00,2024-12-13T00:00:00+00:00,47.099999999999916,45.599999999999916,44.099999999999916,control_mom_fade,friday_flat
EURUSD,-1,2024-12-16T00:00:00+00:00,2024-12-20T00:00:00+00:00,80.10000000000072,78.60000000000072,77.10000000000072,control_mom_fade,friday_flat
EURUSD,-1,2024-12-23T00:00:00+00:00,2024-12-27T00:00:00+00:00,-20.700000000000163,-22.200000000000163,-23.700000000000163,control_mom_fade,friday_flat
EURUSD,-1,2024-12-30T00:00:00+00:00,2025-01-03T00:00:00+00:00,95.19999999999972,93.69999999999972,92.19999999999972,control_mom_fade,friday_flat
EURUSD,-1,2025-01-06T00:00:00+00:00,2025-01-10T00:00:00+00:00,145.59999999999906,144.09999999999906,142.59999999999906,control_mom_fade,friday_flat
EURUSD,-1,2025-01-13T00:00:00+00:00,2025-01-15T00:00:00+00:00,-46.30000000000134,-47.80000000000134,-49.30000000000134,control_mom_fade,signal_flat
EURUSD,1,2025-01-28T00:00:00+00:00,2025-01-30T00:00:00+00:00,-41.89999999999916,-43.39999999999916,-44.89999999999916,control_mom_fade,signal_flat
EURUSD,1,2025-02-04T00:00:00+00:00,2025-02-05T00:00:00+00:00,23.899999999998922,22.399999999998922,20.899999999998922,control_mom_fade,signal_flat
EURUSD,1,2025-02-17T00:00:00+00:00,2025-02-19T00:00:00+00:00,-61.500000000000995,-63.000000000000995,-64.500000000001,control_mom_fade,signal_flat
EURUSD,1,2025-02-20T00:00:00+00:00,2025-02-21T00:00:00+00:00,-42.90000000000127,-44.40000000000127,-45.90000000000127,control_mom_fade,friday_flat
EURUSD,-1,2025-02-24T00:00:00+00:00,2025-02-25T00:00:00+00:00,-44.99999999999948,-46.49999999999948,-47.99999999999948,control_mom_fade,flip
EURUSD,1,2025-02-25T00:00:00+00:00,2025-02-27T00:00:00+00:00,-115.44659999237705,-116.94659999237705,-118.44659999237705,control_mom_fade,stop
EURUSD,1,2025-02-27T00:00:00+00:00,2025-02-28T00:00:00+00:00,-21.999999999999797,-23.499999999999797,-24.999999999999797,control_mom_fade,friday_flat
EURUSD,1,2025-03-03T00:00:00+00:00,2025-03-07T00:00:00+00:00,347.3999999999999,345.8999999999999,344.3999999999999,control_mom_fade,friday_flat
EURUSD,1,2025-03-10T00:00:00+00:00,2025-03-14T00:00:00+00:00,40.70000000000018,39.20000000000018,37.70000000000018,control_mom_fade,friday_flat
EURUSD,1,2025-03-17T00:00:00+00:00,2025-03-21T00:00:00+00:00,-108.59999999999869,-110.09999999999869,-111.59999999999869,control_mom_fade,friday_flat
EURUSD,1,2025-03-24T00:00:00+00:00,2025-03-28T00:00:00+00:00,28.399999999999537,26.899999999999537,25.399999999999537,control_mom_fade,friday_flat
EURUSD,1,2025-03-31T00:00:00+00:00,2025-04-04T00:00:00+00:00,148.39999999999964,146.89999999999964,145.39999999999964,control_mom_fade,friday_flat
EURUSD,1,2025-04-07T00:00:00+00:00,2025-04-10T00:00:00+00:00,286.6000000000013,285.1000000000013,283.6000000000013,control_mom_fade,signal_flat
EURUSD,-1,2025-05-19T00:00:00+00:00,2025-05-21T00:00:00+00:00,-90.50000000000001,-92.00000000000001,-93.50000000000001,control_mom_fade,flip
EURUSD,1,2025-05-21T00:00:00+00:00,2025-05-22T00:00:00+00:00,-46.10000000000003,-47.60000000000003,-49.10000000000003,control_mom_fade,flip
EURUSD,-1,2025-05-22T00:00:00+00:00,2025-05-23T00:00:00+00:00,-81.50000000000101,-83.00000000000101,-84.50000000000101,control_mom_fade,friday_flat
EURUSD,-1,2025-05-26T00:00:00+00:00,2025-05-29T00:00:00+00:00,16.099999999998893,14.599999999998893,13.099999999998893,control_mom_fade,flip
EURUSD,1,2025-05-29T00:00:00+00:00,2025-05-30T00:00:00+00:00,-19.299999999999873,-20.799999999999873,-22.299999999999873,control_mom_fade,friday_flat
EURUSD,1,2025-06-02T00:00:00+00:00,2025-06-05T00:00:00+00:00,5.5000000000005045,4.0000000000005045,2.5000000000005045,control_mom_fade,signal_flat
EURUSD,1,2025-06-09T00:00:00+00:00,2025-06-13T00:00:00+00:00,129.60000000000082,128.10000000000082,126.60000000000082,control_mom_fade,friday_flat
EURUSD,1,2025-06-16T00:00:00+00:00,2025-06-18T00:00:00+00:00,-81.90000000000141,-83.40000000000141,-84.90000000000141,control_mom_fade,signal_flat
EURUSD,1,2025-06-30T00:00:00+00:00,2025-07-04T00:00:00+00:00,-19.899999999999363,-21.399999999999363,-22.899999999999363,control_mom_fade,friday_flat
EURUSD,1,2025-07-10T00:00:00+00:00,2025-07-11T00:00:00+00:00,-11.200000000000099,-12.700000000000099,-14.200000000000099,control_mom_fade,friday_flat
EURUSD,1,2025-07-14T00:00:00+00:00,2025-07-16T00:00:00+00:00,-30.49999999999997,-31.99999999999997,-33.49999999999997,control_mom_fade,signal_flat
EURUSD,-1,2025-07-28T00:00:00+00:00,2025-07-29T00:00:00+00:00,42.10000000000047,40.60000000000047,39.10000000000047,control_mom_fade,signal_flat
EURUSD,-1,2025-07-30T00:00:00+00:00,2025-08-01T00:00:00+00:00,-139.34757772314566,-140.84757772314566,-142.34757772314566,control_mom_fade,stop
EURUSD,-1,2025-08-04T00:00:00+00:00,2025-08-08T00:00:00+00:00,-65.3999999999999,-66.8999999999999,-68.3999999999999,control_mom_fade,friday_flat
EURUSD,-1,2025-08-11T00:00:00+00:00,2025-08-12T00:00:00+00:00,-57.200000000001694,-58.700000000001694,-60.200000000001694,control_mom_fade,flip
EURUSD,1,2025-08-12T00:00:00+00:00,2025-08-15T00:00:00+00:00,34.49999999999953,32.99999999999953,31.49999999999953,control_mom_fade,friday_flat
EURUSD,-1,2025-08-18T00:00:00+00:00,2025-08-22T00:00:00+00:00,-60.80000000000085,-62.30000000000085,-63.80000000000085,control_mom_fade,friday_flat
EURUSD,1,2025-08-25T00:00:00+00:00,2025-08-29T00:00:00+00:00,64.60000000000132,63.100000000001316,61.600000000001316,control_mom_fade,friday_flat
EURUSD,1,2025-09-01T00:00:00+00:00,2025-09-04T00:00:00+00:00,-60.80000000000085,-62.30000000000085,-63.80000000000085,control_mom_fade,flip
EURUSD,-1,2025-09-04T00:00:00+00:00,2025-09-05T00:00:00+00:00,-66.90000000000084,-68.40000000000084,-69.90000000000084,control_mom_fade,friday_flat
EURUSD,1,2025-09-08T00:00:00+00:00,2025-09-10T00:00:00+00:00,-68.30000000000113,-69.80000000000113,-71.30000000000113,control_mom_fade,flip
EURUSD,-1,2025-09-10T00:00:00+00:00,2025-09-11T00:00:00+00:00,-41.29999999999967,-42.79999999999967,-44.29999999999967,control_mom_fade,flip
EURUSD,1,2025-09-11T00:00:00+00:00,2025-09-12T00:00:00+00:00,-1.1999999999989797,-2.6999999999989797,-4.19999999999898,control_mom_fade,friday_flat
EURUSD,1,2025-09-15T00:00:00+00:00,2025-09-19T00:00:00+00:00,-18.599999999999728,-20.099999999999728,-21.599999999999728,control_mom_fade,friday_flat
EURUSD,1,2025-09-22T00:00:00+00:00,2025-09-25T00:00:00+00:00,-119.9650291404386,-121.4650291404386,-122.9650291404386,control_mom_fade,stop
EURUSD,-1,2025-09-25T00:00:00+00:00,2025-09-26T00:00:00+00:00,-34.49999999999953,-35.99999999999953,-37.49999999999953,control_mom_fade,friday_flat
EURUSD,1,2025-09-29T00:00:00+00:00,2025-10-03T00:00:00+00:00,14.899999999999913,13.399999999999913,11.899999999999913,control_mom_fade,friday_flat
EURUSD,-1,2025-10-06T00:00:00+00:00,2025-10-07T00:00:00+00:00,55.300000000000345,53.800000000000345,52.300000000000345,control_mom_fade,signal_flat
EURUSD,-1,2025-10-08T00:00:00+00:00,2025-10-09T00:00:00+00:00,63.59999999999921,62.09999999999921,60.59999999999921,control_mom_fade,signal_flat
EURUSD,-1,2025-10-13T00:00:00+00:00,2025-10-16T00:00:00+00:00,-113.36597863920827,-114.86597863920827,-116.36597863920827,control_mom_fade,stop
EURUSD,-1,2025-10-21T00:00:00+00:00,2025-10-22T00:00:00+00:00,-10.099999999999554,-11.599999999999554,-13.099999999999554,control_mom_fade,signal_flat
EURUSD,-1,2025-10-23T00:00:00+00:00,2025-10-24T00:00:00+00:00,-7.800000000000029,-9.30000000000003,-10.80000000000003,control_mom_fade,friday_flat
EURUSD,-1,2025-10-27T00:00:00+00:00,2025-10-30T00:00:00+00:00,76.30000000000025,74.80000000000025,73.30000000000025,control_mom_fade,signal_flat
EURUSD,-1,2025-11-06T00:00:00+00:00,2025-11-07T00:00:00+00:00,-17.199999999999438,-18.699999999999438,-20.199999999999438,control_mom_fade,friday_flat
EURUSD,-1,2025-11-24T00:00:00+00:00,2025-11-27T00:00:00+00:00,-84.33373965174518,-85.83373965174518,-87.33373965174518,control_mom_fade,stop
EURUSD,1,2025-11-27T00:00:00+00:00,2025-11-28T00:00:00+00:00,3.1999999999987594,1.6999999999987594,0.1999999999987594,control_mom_fade,friday_flat
EURUSD,1,2025-12-01T00:00:00+00:00,2025-12-05T00:00:00+00:00,33.90000000000004,32.40000000000004,30.90000000000004,control_mom_fade,friday_flat
EURUSD,1,2025-12-08T00:00:00+00:00,2025-12-12T00:00:00+00:00,103.60000000000146,102.10000000000146,100.60000000000146,control_mom_fade,friday_flat
EURUSD,1,2025-12-15T00:00:00+00:00,2025-12-19T00:00:00+00:00,-42.399999999997995,-43.899999999997995,-45.399999999997995,control_mom_fade,friday_flat
EURUSD,1,2025-12-22T00:00:00+00:00,2025-12-26T00:00:00+00:00,11.200000000000099,9.700000000000099,8.200000000000099,control_mom_fade,friday_flat
EURUSD,1,2025-12-30T00:00:00+00:00,2026-01-02T00:00:00+00:00,-27.900000000000702,-29.400000000000702,-30.900000000000702,control_mom_fade,friday_flat
EURUSD,1,2026-01-05T00:00:00+00:00,2026-01-07T00:00:00+00:00,-47.80000000000006,-49.30000000000006,-50.80000000000006,control_mom_fade,signal_flat
EURUSD,-1,2026-01-19T00:00:00+00:00,2026-01-20T00:00:00+00:00,-74.90241895131032,-76.40241895131032,-77.90241895131032,control_mom_fade,stop
EURUSD,1,2026-01-20T00:00:00+00:00,2026-01-21T00:00:00+00:00,-42.10000000000047,-43.60000000000047,-45.10000000000047,control_mom_fade,flip
EURUSD,-1,2026-01-21T00:00:00+00:00,2026-01-22T00:00:00+00:00,-72.40000000000136,-73.90000000000136,-75.40000000000136,control_mom_fade,signal_flat
EURUSD,1,2026-01-29T00:00:00+00:00,2026-01-30T00:00:00+00:00,-120.09999999999853,-121.59999999999853,-123.09999999999853,control_mom_fade,friday_flat
EURUSD,1,2026-02-02T00:00:00+00:00,2026-02-06T00:00:00+00:00,23.699999999999832,22.199999999999832,20.699999999999832,control_mom_fade,friday_flat
EURUSD,-1,2026-03-04T00:00:00+00:00,2026-03-05T00:00:00+00:00,24.999999999999467,23.499999999999467,21.999999999999467,control_mom_fade,signal_flat
EURUSD,-1,2026-03-10T00:00:00+00:00,2026-03-11T00:00:00+00:00,37.10000000000102,35.60000000000102,34.10000000000102,control_mom_fade,signal_flat
EURUSD,-1,2026-03-23T00:00:00+00:00,2026-03-24T00:00:00+00:00,4.299999999999304,2.7999999999993044,1.2999999999993044,control_mom_fade,signal_flat
EURUSD,-1,2026-03-25T00:00:00+00:00,2026-03-27T00:00:00+00:00,53.399999999999004,51.899999999999004,50.399999999999004,control_mom_fade,friday_flat
EURUSD,-1,2026-04-01T00:00:00+00:00,2026-04-02T00:00:00+00:00,50.99999999999882,49.49999999999882,47.99999999999882,control_mom_fade,signal_flat
EURUSD,-1,2026-04-06T00:00:00+00:00,2026-04-08T00:00:00+00:00,-125.77126545481931,-127.27126545481931,-128.77126545481931,control_mom_fade,stop
EURUSD,1,2026-04-08T00:00:00+00:00,2026-04-09T00:00:00+00:00,36.89999999999971,35.39999999999971,33.89999999999971,control_mom_fade,signal_flat
EURUSD,1,2026-04-13T00:00:00+00:00,2026-04-17T00:00:00+00:00,3.1000000000003247,1.6000000000003247,0.10000000000032472,control_mom_fade,friday_flat
EURUSD,1,2026-04-20T00:00:00+00:00,2026-04-22T00:00:00+00:00,-82.19999999999894,-83.69999999999894,-85.19999999999894,control_mom_fade,signal_flat
EURUSD,1,2026-05-04T00:00:00+00:00,2026-05-08T00:00:00+00:00,91.699999999999,90.199999999999,88.699999999999,control_mom_fade,friday_flat
EURUSD,1,2026-05-11T00:00:00+00:00,2026-05-12T00:00:00+00:00,-41.90000000000138,-43.40000000000138,-44.90000000000138,control_mom_fade,flip
EURUSD,-1,2026-05-12T00:00:00+00:00,2026-05-15T00:00:00+00:00,115.49999999999949,113.99999999999949,112.49999999999949,control_mom_fade,friday_flat
EURUSD,-1,2026-05-18T00:00:00+00:00,2026-05-22T00:00:00+00:00,52.200000000000024,50.700000000000024,49.200000000000024,control_mom_fade,friday_flat
EURUSD,-1,2026-05-25T00:00:00+00:00,2026-05-29T00:00:00+00:00,-17.400000000000748,-18.900000000000748,-20.400000000000748,control_mom_fade,friday_flat
EURUSD,-1,2026-06-01T00:00:00+00:00,2026-06-05T00:00:00+00:00,111.39999999999927,109.89999999999927,108.39999999999927,control_mom_fade,friday_flat
EURUSD,-1,2026-06-08T00:00:00+00:00,2026-06-12T00:00:00+00:00,-33.8000000000016,-35.3000000000016,-36.8000000000016,control_mom_fade,friday_flat
EURUSD,-1,2026-06-15T00:00:00+00:00,2026-06-16T00:00:00+00:00,-19.400000000000528,-20.900000000000528,-22.400000000000528,control_mom_fade,flip
EURUSD,1,2026-06-16T00:00:00+00:00,2026-06-17T00:00:00+00:00,-86.52197878535439,-88.02197878535439,-89.52197878535439,control_mom_fade,stop
EURUSD,-1,2026-06-17T00:00:00+00:00,2026-06-19T00:00:00+00:00,36.000000000000476,34.500000000000476,33.000000000000476,control_mom_fade,friday_flat
EURUSD,-1,2026-06-22T00:00:00+00:00,2026-06-26T00:00:00+00:00,44.599999999999085,43.099999999999085,41.599999999999085,control_mom_fade,friday_flat
EURUSD,-1,2026-06-29T00:00:00+00:00,2026-06-30T00:00:00+00:00,1.500000000000945,9.450218385609332e-13,-1.499999999999055,control_mom_fade,end
