symbol,direction,entry_time,exit_time,gross_pips,net_a_pips,net_b_pips,family,exit_reason
EURUSD,1,2019-12-04T00:00:00+00:00,2019-12-06T00:00:00+00:00,-18.000000000000238,-19.500000000000238,-21.000000000000238,candidate_ois_rfr_diff,friday_flat
EURUSD,1,2019-12-09T00:00:00+00:00,2019-12-13T00:00:00+00:00,53.800000000001624,52.300000000001624,50.800000000001624,candidate_ois_rfr_diff,friday_flat
EURUSD,1,2019-12-16T00:00:00+00:00,2019-12-17T00:00:00+00:00,5.300000000001415,3.8000000000014147,2.3000000000014147,candidate_ois_rfr_diff,signal_flat
EURUSD,1,2019-12-18T00:00:00+00:00,2019-12-20T00:00:00+00:00,-37.59999999999985,-39.09999999999985,-40.59999999999985,candidate_ois_rfr_diff,friday_flat
EURUSD,1,2019-12-23T00:00:00+00:00,2019-12-27T00:00:00+00:00,86.49999999999824,84.99999999999824,83.49999999999824,candidate_ois_rfr_diff,friday_flat
EURUSD,1,2019-12-30T00:00:00+00:00,2020-01-03T00:00:00+00:00,-70.73603494127667,-72.23603494127667,-73.73603494127667,candidate_ois_rfr_diff,stop
EURUSD,-1,2020-02-03T00:00:00+00:00,2020-02-07T00:00:00+00:00,116.30000000000028,114.80000000000028,113.30000000000028,candidate_ois_rfr_diff,friday_flat
EURUSD,-1,2020-02-10T00:00:00+00:00,2020-02-13T00:00:00+00:00,69.70000000000142,68.20000000000142,66.70000000000142,candidate_ois_rfr_diff,signal_flat
EURUSD,-1,2020-02-17T00:00:00+00:00,2020-02-21T00:00:00+00:00,-12.799999999999478,-14.299999999999478,-15.799999999999478,candidate_ois_rfr_diff,friday_flat
EURUSD,-1,2020-02-24T00:00:00+00:00,2020-02-27T00:00:00+00:00,-71.38550417266742,-72.88550417266742,-74.38550417266742,candidate_ois_rfr_diff,stop
EURUSD,-1,2020-02-27T00:00:00+00:00,2020-02-28T00:00:00+00:00,-29.50000000000008,-31.00000000000008,-32.500000000000085,candidate_ois_rfr_diff,friday_flat
EURUSD,-1,2020-03-02T00:00:00+00:00,2020-03-05T00:00:00+00:00,-97.454432957218,-98.954432957218,-100.454432957218,candidate_ois_rfr_diff,stop
EURUSD,1,2020-03-05T00:00:00+00:00,2020-03-06T00:00:00+00:00,53.000000000000824,51.500000000000824,50.000000000000824,candidate_ois_rfr_diff,friday_flat
EURUSD,1,2020-03-09T00:00:00+00:00,2020-03-10T00:00:00+00:00,-132.50655944320843,-134.00655944320843,-135.50655944320843,candidate_ois_rfr_diff,stop
EURUSD,1,2020-03-10T00:00:00+00:00,2020-03-12T00:00:00+00:00,-142.65966234012106,-144.15966234012106,-145.65966234012106,candidate_ois_rfr_diff,stop
EURUSD,1,2020-03-12T00:00:00+00:00,2020-03-13T00:00:00+00:00,-64.20000000000093,-65.70000000000093,-67.20000000000093,candidate_ois_rfr_diff,friday_flat
EURUSD,1,2020-03-16T00:00:00+00:00,2020-03-17T00:00:00+00:00,-174.49440639567325,-175.99440639567325,-177.49440639567325,candidate_ois_rfr_diff,stop
EURUSD,1,2020-03-17T00:00:00+00:00,2020-03-18T00:00:00+00:00,-187.1019487959824,-188.6019487959824,-190.1019487959824,candidate_ois_rfr_diff,stop
EURUSD,1,2020-03-18T00:00:00+00:00,2020-03-19T00:00:00+00:00,-199.81609531055653,-201.31609531055653,-202.81609531055653,candidate_ois_rfr_diff,stop
EURUSD,1,2020-03-19T00:00:00+00:00,2020-03-20T00:00:00+00:00,34.600000000000186,33.100000000000186,31.600000000000186,candidate_ois_rfr_diff,friday_flat
EURUSD,1,2020-03-23T00:00:00+00:00,2020-03-27T00:00:00+00:00,417.39999999999884,415.89999999999884,414.39999999999884,candidate_ois_rfr_diff,friday_flat
EURUSD,1,2020-03-30T00:00:00+00:00,2020-04-03T00:00:00+00:00,-234.52329574456863,-236.02329574456863,-237.52329574456863,candidate_ois_rfr_diff,stop
EURUSD,1,2020-04-06T00:00:00+00:00,2020-04-10T00:00:00+00:00,142.70000000000005,141.20000000000005,139.70000000000005,candidate_ois_rfr_diff,friday_flat
EURUSD,1,2020-04-13T00:00:00+00:00,2020-04-17T00:00:00+00:00,-38.09999999999869,-39.59999999999869,-41.09999999999869,candidate_ois_rfr_diff,friday_flat
EURUSD,1,2020-04-20T00:00:00+00:00,2020-04-24T00:00:00+00:00,-36.30000000000022,-37.80000000000022,-39.30000000000022,candidate_ois_rfr_diff,friday_flat
EURUSD,1,2020-04-27T00:00:00+00:00,2020-05-01T00:00:00+00:00,152.2000000000001,150.7000000000001,149.2000000000001,candidate_ois_rfr_diff,friday_flat
EURUSD,1,2020-05-04T00:00:00+00:00,2020-05-08T00:00:00+00:00,-67.89999999999851,-69.39999999999851,-70.89999999999851,candidate_ois_rfr_diff,friday_flat
EURUSD,1,2020-05-11T00:00:00+00:00,2020-05-12T00:00:00+00:00,40.89999999999927,39.39999999999927,37.89999999999927,candidate_ois_rfr_diff,signal_flat
EURUSD,-1,2020-06-16T00:00:00+00:00,2020-06-19T00:00:00+00:00,86.80000000000021,85.30000000000021,83.80000000000021,candidate_ois_rfr_diff,friday_flat
EURUSD,-1,2020-06-22T00:00:00+00:00,2020-06-26T00:00:00+00:00,41.3999999999981,39.8999999999981,38.3999999999981,candidate_ois_rfr_diff,friday_flat
EURUSD,-1,2020-06-29T00:00:00+00:00,2020-07-03T00:00:00+00:00,-7.199999999998319,-8.699999999998319,-10.199999999998319,candidate_ois_rfr_diff,friday_flat
EURUSD,-1,2020-07-06T00:00:00+00:00,2020-07-10T00:00:00+00:00,11.999999999998678,10.499999999998678,8.999999999998678,candidate_ois_rfr_diff,friday_flat
EURUSD,-1,2020-07-13T00:00:00+00:00,2020-07-17T00:00:00+00:00,-82.29999999999959,-83.79999999999959,-85.29999999999959,candidate_ois_rfr_diff,friday_flat
EURUSD,-1,2020-07-20T00:00:00+00:00,2020-07-22T00:00:00+00:00,-118.68545664622809,-120.18545664622809,-121.68545664622809,candidate_ois_rfr_diff,stop
EURUSD,-1,2020-07-22T00:00:00+00:00,2020-07-24T00:00:00+00:00,-85.39999999999992,-86.89999999999992,-88.39999999999992,candidate_ois_rfr_diff,friday_flat
EURUSD,-1,2020-07-27T00:00:00+00:00,2020-07-30T00:00:00+00:00,-95.70000000000078,-97.20000000000078,-98.70000000000078,candidate_ois_rfr_diff,signal_flat
EURUSD,-1,2020-08-03T00:00:00+00:00,2020-08-05T00:00:00+00:00,-139.94980441845993,-141.44980441845993,-142.94980441845993,candidate_ois_rfr_diff,stop
EURUSD,-1,2020-08-12T00:00:00+00:00,2020-08-13T00:00:00+00:00,-29.600000000000737,-31.100000000000737,-32.60000000000073,candidate_ois_rfr_diff,signal_flat
EURUSD,-1,2020-08-18T00:00:00+00:00,2020-08-19T00:00:00+00:00,92.0999999999994,90.5999999999994,89.0999999999994,candidate_ois_rfr_diff,signal_flat
EURUSD,1,2020-08-24T00:00:00+00:00,2020-08-25T00:00:00+00:00,46.99999999999926,45.49999999999926,43.99999999999926,candidate_ois_rfr_diff,signal_flat
EURUSD,1,2020-08-27T00:00:00+00:00,2020-08-28T00:00:00+00:00,83.80000000000054,82.30000000000054,80.80000000000054,candidate_ois_rfr_diff,friday_flat
EURUSD,1,2020-08-31T00:00:00+00:00,2020-09-01T00:00:00+00:00,-24.800000000000377,-26.300000000000377,-27.800000000000377,candidate_ois_rfr_diff,signal_flat
EURUSD,-1,2020-09-17T00:00:00+00:00,2020-09-18T00:00:00+00:00,6.300000000001305,4.800000000001305,3.3000000000013046,candidate_ois_rfr_diff,friday_flat
EURUSD,1,2020-09-22T00:00:00+00:00,2020-09-25T00:00:00+00:00,-78.10000000000095,-79.60000000000095,-81.10000000000095,candidate_ois_rfr_diff,friday_flat
EURUSD,1,2020-09-28T00:00:00+00:00,2020-10-01T00:00:00+00:00,81.49999999999879,79.99999999999879,78.49999999999879,candidate_ois_rfr_diff,signal_flat
EURUSD,-1,2020-10-05T00:00:00+00:00,2020-10-06T00:00:00+00:00,49.099999999999696,47.599999999999696,46.099999999999696,candidate_ois_rfr_diff,signal_flat
EURUSD,-1,2020-10-07T00:00:00+00:00,2020-10-08T00:00:00+00:00,4.599999999999049,3.0999999999990493,1.5999999999990493,candidate_ois_rfr_diff,signal_flat
EURUSD,1,2020-10-21T00:00:00+00:00,2020-10-23T00:00:00+00:00,0.0,-1.5,-3.0,candidate_ois_rfr_diff,friday_flat
EURUSD,-1,2020-11-03T00:00:00+00:00,2020-11-05T00:00:00+00:00,-106.93255781835775,-108.43255781835775,-109.93255781835775,candidate_ois_rfr_diff,stop
EURUSD,-1,2020-11-05T00:00:00+00:00,2020-11-06T00:00:00+00:00,-47.900000000000716,-49.400000000000716,-50.900000000000716,candidate_ois_rfr_diff,friday_flat
EURUSD,-1,2020-11-09T00:00:00+00:00,2020-11-13T00:00:00+00:00,-19.899999999999363,-21.399999999999363,-22.899999999999363,candidate_ois_rfr_diff,friday_flat
EURUSD,-1,2020-11-17T00:00:00+00:00,2020-11-18T00:00:00+00:00,7.900000000000684,6.400000000000684,4.900000000000684,candidate_ois_rfr_diff,signal_flat
EURUSD,1,2020-11-19T00:00:00+00:00,2020-11-20T00:00:00+00:00,-15.800000000001369,-17.30000000000137,-18.80000000000137,candidate_ois_rfr_diff,friday_flat
EURUSD,1,2020-11-23T00:00:00+00:00,2020-11-26T00:00:00+00:00,72.79999999999953,71.29999999999953,69.79999999999953,candidate_ois_rfr_diff,signal_flat
EURUSD,1,2020-12-09T00:00:00+00:00,2020-12-10T00:00:00+00:00,59.59999999999965,58.09999999999965,56.59999999999965,candidate_ois_rfr_diff,signal_flat
EURUSD,1,2020-12-23T00:00:00+00:00,2020-12-28T00:00:00+00:00,30.000000000001137,28.500000000001137,27.000000000001137,candidate_ois_rfr_diff,signal_flat
EURUSD,-1,2020-12-30T00:00:00+00:00,2020-12-31T00:00:00+00:00,80.60000000000177,79.10000000000177,77.60000000000177,candidate_ois_rfr_diff,signal_flat
EURUSD,-1,2021-01-04T00:00:00+00:00,2021-01-08T00:00:00+00:00,25.500000000000522,24.000000000000522,22.500000000000522,candidate_ois_rfr_diff,friday_flat
EURUSD,-1,2021-01-12T00:00:00+00:00,2021-01-13T00:00:00+00:00,49.399999999999444,47.899999999999444,46.399999999999444,candidate_ois_rfr_diff,signal_flat
EURUSD,1,2021-01-21T00:00:00+00:00,2021-01-22T00:00:00+00:00,6.399999999999739,4.899999999999739,3.3999999999997392,candidate_ois_rfr_diff,friday_flat
EURUSD,1,2021-01-25T00:00:00+00:00,2021-01-29T00:00:00+00:00,-5.999999999999339,-7.499999999999339,-8.99999999999934,candidate_ois_rfr_diff,friday_flat
EURUSD,1,2021-02-01T00:00:00+00:00,2021-02-02T00:00:00+00:00,-16.599999999999948,-18.099999999999948,-19.599999999999948,candidate_ois_rfr_diff,signal_flat
EURUSD,1,2021-02-08T00:00:00+00:00,2021-02-11T00:00:00+00:00,80.99999999999996,79.49999999999996,77.99999999999996,candidate_ois_rfr_diff,signal_flat
EURUSD,1,2021-02-15T00:00:00+00:00,2021-02-17T00:00:00+00:00,-95.77930152051772,-97.27930152051772,-98.77930152051772,candidate_ois_rfr_diff,stop
EURUSD,1,2021-02-22T00:00:00+00:00,2021-02-26T00:00:00+00:00,-82.69999999999999,-84.19999999999999,-85.69999999999999,candidate_ois_rfr_diff,friday_flat
EURUSD,1,2021-03-01T00:00:00+00:00,2021-03-05T00:00:00+00:00,-105.73673277589401,-107.23673277589401,-108.73673277589401,candidate_ois_rfr_diff,stop
EURUSD,1,2021-03-08T00:00:00+00:00,2021-03-12T00:00:00+00:00,105.89999999999877,104.39999999999877,102.89999999999877,candidate_ois_rfr_diff,friday_flat
EURUSD,1,2021-03-15T00:00:00+00:00,2021-03-19T00:00:00+00:00,-22.699999999999942,-24.199999999999942,-25.699999999999942,candidate_ois_rfr_diff,friday_flat
EURUSD,1,2021-03-22T00:00:00+00:00,2021-03-24T00:00:00+00:00,-112.69981251143645,-114.19981251143645,-115.69981251143645,candidate_ois_rfr_diff,stop
EURUSD,1,2021-03-24T00:00:00+00:00,2021-03-26T00:00:00+00:00,-19.000000000000128,-20.500000000000128,-22.000000000000128,candidate_ois_rfr_diff,friday_flat
EURUSD,1,2021-03-29T00:00:00+00:00,2021-04-01T00:00:00+00:00,11.699999999998933,10.199999999998933,8.699999999998933,candidate_ois_rfr_diff,signal_flat
EURUSD,1,2021-04-05T00:00:00+00:00,2021-04-09T00:00:00+00:00,88.50000000000024,87.00000000000024,85.50000000000024,candidate_ois_rfr_diff,friday_flat
EURUSD,1,2021-04-12T00:00:00+00:00,2021-04-16T00:00:00+00:00,71.00000000000107,69.50000000000107,68.00000000000107,candidate_ois_rfr_diff,friday_flat
EURUSD,1,2021-04-19T00:00:00+00:00,2021-04-20T00:00:00+00:00,-2.4000000000001798,-3.9000000000001798,-5.40000000000018,candidate_ois_rfr_diff,signal_flat
EURUSD,1,2021-04-22T00:00:00+00:00,2021-04-23T00:00:00+00:00,83.29999999999949,81.79999999999949,80.29999999999949,candidate_ois_rfr_diff,friday_flat
EURUSD,1,2021-04-28T00:00:00+00:00,2021-04-29T00:00:00+00:00,-6.299999999999084,-7.799999999999084,-9.299999999999084,candidate_ois_rfr_diff,signal_flat
EURUSD,1,2021-05-19T00:00:00+00:00,2021-05-20T00:00:00+00:00,52.499999999999766,50.999999999999766,49.499999999999766,candidate_ois_rfr_diff,signal_flat
EURUSD,1,2021-06-03T00:00:00+00:00,2021-06-04T00:00:00+00:00,39.70000000000029,38.20000000000029,36.70000000000029,candidate_ois_rfr_diff,friday_flat
EURUSD,1,2021-06-07T00:00:00+00:00,2021-06-08T00:00:00+00:00,-16.700000000000603,-18.200000000000603,-19.700000000000603,candidate_ois_rfr_diff,signal_flat
EURUSD,1,2021-06-09T00:00:00+00:00,2021-06-10T00:00:00+00:00,-3.5999999999991594,-5.099999999999159,-6.599999999999159,candidate_ois_rfr_diff,signal_flat
EURUSD,1,2021-06-16T00:00:00+00:00,2021-06-17T00:00:00+00:00,-100.36767148803527,-101.86767148803527,-103.36767148803527,candidate_ois_rfr_diff,stop
EURUSD,1,2021-06-17T00:00:00+00:00,2021-06-18T00:00:00+00:00,-47.20000000000057,-48.70000000000057,-50.20000000000057,candidate_ois_rfr_diff,friday_flat
EURUSD,-1,2021-06-21T00:00:00+00:00,2021-06-25T00:00:00+00:00,-18.499999999999073,-19.999999999999073,-21.499999999999073,candidate_ois_rfr_diff,friday_flat
EURUSD,-1,2021-06-28T00:00:00+00:00,2021-07-02T00:00:00+00:00,59.59999999999965,58.09999999999965,56.59999999999965,candidate_ois_rfr_diff,friday_flat
EURUSD,-1,2021-07-05T00:00:00+00:00,2021-07-09T00:00:00+00:00,-14.000000000000679,-15.500000000000679,-17.00000000000068,candidate_ois_rfr_diff,friday_flat
EURUSD,-1,2021-07-12T00:00:00+00:00,2021-07-16T00:00:00+00:00,55.099999999999035,53.599999999999035,52.099999999999035,candidate_ois_rfr_diff,friday_flat
EURUSD,-1,2021-07-19T00:00:00+00:00,2021-07-23T00:00:00+00:00,29.799999999999827,28.299999999999827,26.799999999999827,candidate_ois_rfr_diff,friday_flat
EURUSD,-1,2021-07-26T00:00:00+00:00,2021-07-29T00:00:00+00:00,-87.55608816894078,-89.05608816894078,-90.55608816894078,candidate_ois_rfr_diff,stop
EURUSD,-1,2021-07-29T00:00:00+00:00,2021-07-30T00:00:00+00:00,13.499999999999623,11.999999999999623,10.499999999999623,candidate_ois_rfr_diff,friday_flat
EURUSD,-1,2021-08-02T00:00:00+00:00,2021-08-06T00:00:00+00:00,107.69999999999946,106.19999999999946,104.69999999999946,candidate_ois_rfr_diff,friday_flat
EURUSD,-1,2021-08-09T00:00:00+00:00,2021-08-13T00:00:00+00:00,-59.99999999999783,-61.49999999999783,-62.99999999999783,candidate_ois_rfr_diff,friday_flat
EURUSD,-1,2021-08-16T00:00:00+00:00,2021-08-18T00:00:00+00:00,66.0000000000016,64.5000000000016,63.000000000001606,candidate_ois_rfr_diff,signal_flat
EURUSD,-1,2021-09-14T00:00:00+00:00,2021-09-15T00:00:00+00:00,-14.000000000000679,-15.500000000000679,-17.00000000000068,candidate_ois_rfr_diff,signal_flat
EURUSD,-1,2021-09-16T00:00:00+00:00,2021-09-17T00:00:00+00:00,40.200000000001346,38.700000000001346,37.200000000001346,candidate_ois_rfr_diff,friday_flat
EURUSD,-1,2021-09-20T00:00:00+00:00,2021-09-21T00:00:00+00:00,0.4999999999988347,-1.0000000000011653,-2.5000000000011653,candidate_ois_rfr_diff,signal_flat
EURUSD,-1,2021-09-22T00:00:00+00:00,2021-09-23T00:00:00+00:00,-51.49999999999988,-52.99999999999988,-54.49999999999988,candidate_ois_rfr_diff,signal_flat
EURUSD,-1,2021-09-28T00:00:00+00:00,2021-10-01T00:00:00+00:00,89.90000000000053,88.40000000000053,86.90000000000053,candidate_ois_rfr_diff,friday_flat
EURUSD,-1,2021-10-04T00:00:00+00:00,2021-10-05T00:00:00+00:00,22.099999999998232,20.599999999998232,19.099999999998232,candidate_ois_rfr_diff,signal_flat
EURUSD,1,2021-10-13T00:00:00+00:00,2021-10-14T00:00:00+00:00,1.900000000001345,0.40000000000134506,-1.099999999998655,candidate_ois_rfr_diff,signal_flat
EURUSD,-1,2021-10-18T00:00:00+00:00,2021-10-20T00:00:00+00:00,-40.79999999999861,-42.29999999999861,-43.79999999999861,candidate_ois_rfr_diff,flip
EURUSD,1,2021-10-20T00:00:00+00:00,2021-10-22T00:00:00+00:00,-6.800000000000139,-8.30000000000014,-9.80000000000014,candidate_ois_rfr_diff,friday_flat
EURUSD,1,2021-10-26T00:00:00+00:00,2021-10-27T00:00:00+00:00,6.900000000000794,5.400000000000794,3.9000000000007944,candidate_ois_rfr_diff,signal_flat
EURUSD,-1,2021-10-28T00:00:00+00:00,2021-10-29T00:00:00+00:00,118.09999999999876,116.59999999999876,115.09999999999876,candidate_ois_rfr_diff,friday_flat
EURUSD,-1,2021-11-01T00:00:00+00:00,2021-11-03T00:00:00+00:00,-9.00000000000123,-10.50000000000123,-12.00000000000123,candidate_ois_rfr_diff,signal_flat
EURUSD,-1,2021-11-04T00:00:00+00:00,2021-11-05T00:00:00+00:00,-12.600000000000389,-14.100000000000389,-15.600000000000389,candidate_ois_rfr_diff,friday_flat
EURUSD,-1,2021-11-09T00:00:00+00:00,2021-11-12T00:00:00+00:00,150.1999999999981,148.6999999999981,147.1999999999981,candidate_ois_rfr_diff,friday_flat
EURUSD,-1,2021-11-24T00:00:00+00:00,2021-11-25T00:00:00+00:00,-10.099999999999554,-11.599999999999554,-13.099999999999554,candidate_ois_rfr_diff,signal_flat
EURUSD,-1,2021-12-01T00:00:00+00:00,2021-12-03T00:00:00+00:00,11.000000000001009,9.500000000001009,8.000000000001009,candidate_ois_rfr_diff,friday_flat
EURUSD,-1,2021-12-06T00:00:00+00:00,2021-12-10T00:00:00+00:00,-31.49999999999986,-32.99999999999986,-34.49999999999986,candidate_ois_rfr_diff,friday_flat
EURUSD,-1,2021-12-13T00:00:00+00:00,2021-12-17T00:00:00+00:00,46.99999999999926,45.49999999999926,43.99999999999926,candidate_ois_rfr_diff,friday_flat
EURUSD,1,2021-12-21T00:00:00+00:00,2021-12-22T00:00:00+00:00,43.59999999999919,42.09999999999919,40.59999999999919,candidate_ois_rfr_diff,signal_flat
EURUSD,-1,2021-12-30T00:00:00+00:00,2021-12-31T00:00:00+00:00,-49.900000000000496,-51.400000000000496,-52.900000000000496,candidate_ois_rfr_diff,friday_flat
EURUSD,-1,2022-01-03T00:00:00+00:00,2022-01-07T00:00:00+00:00,-61.899999999999174,-63.399999999999174,-64.89999999999918,candidate_ois_rfr_diff,friday_flat
EURUSD,-1,2022-01-10T00:00:00+00:00,2022-01-12T00:00:00+00:00,-101.30270628843307,-102.80270628843307,-104.30270628843307,candidate_ois_rfr_diff,stop
EURUSD,-1,2022-01-12T00:00:00+00:00,2022-01-13T00:00:00+00:00,-12.799999999999478,-14.299999999999478,-15.799999999999478,candidate_ois_rfr_diff,signal_flat
EURUSD,-1,2022-01-19T00:00:00+00:00,2022-01-20T00:00:00+00:00,31.200000000000117,29.700000000000117,28.200000000000117,candidate_ois_rfr_diff,signal_flat
EURUSD,-1,2022-01-24T00:00:00+00:00,2022-01-25T00:00:00+00:00,24.800000000000377,23.300000000000377,21.800000000000377,candidate_ois_rfr_diff,flip
EURUSD,1,2022-01-25T00:00:00+00:00,2022-01-26T00:00:00+00:00,-60.100000000000705,-61.600000000000705,-63.100000000000705,candidate_ois_rfr_diff,signal_flat
EURUSD,1,2022-01-27T00:00:00+00:00,2022-01-28T00:00:00+00:00,2.4999999999986144,0.9999999999986144,-0.5000000000013856,candidate_ois_rfr_diff,friday_flat
EURUSD,-1,2022-02-01T00:00:00+00:00,2022-02-02T00:00:00+00:00,-31.69999999999895,-33.19999999999895,-34.69999999999895,candidate_ois_rfr_diff,signal_flat
EURUSD,1,2022-02-10T00:00:00+00:00,2022-02-11T00:00:00+00:00,-79.79999999999876,-81.29999999999876,-82.79999999999876,candidate_ois_rfr_diff,friday_flat
EURUSD,-1,2022-03-01T00:00:00+00:00,2022-03-02T00:00:00+00:00,4.500000000000615,3.0000000000006146,1.5000000000006146,candidate_ois_rfr_diff,signal_flat
EURUSD,-1,2022-03-10T00:00:00+00:00,2022-03-11T00:00:00+00:00,72.20000000000005,70.70000000000005,69.20000000000005,candidate_ois_rfr_diff,friday_flat
EURUSD,1,2022-03-16T00:00:00+00:00,2022-03-17T00:00:00+00:00,59.10000000000082,57.60000000000082,56.10000000000082,candidate_ois_rfr_diff,signal_flat
EURUSD,-1,2022-03-21T00:00:00+00:00,2022-03-25T00:00:00+00:00,33.39999999999898,31.899999999998983,30.399999999998983,candidate_ois_rfr_diff,friday_flat
EURUSD,-1,2022-03-28T00:00:00+00:00,2022-03-29T00:00:00+00:00,-141.28760285743613,-142.78760285743613,-144.28760285743613,candidate_ois_rfr_diff,stop
EURUSD,-1,2022-03-29T00:00:00+00:00,2022-04-01T00:00:00+00:00,41.09999999999836,39.59999999999836,38.09999999999836,candidate_ois_rfr_diff,friday_flat
EURUSD,-1,2022-04-04T00:00:00+00:00,2022-04-08T00:00:00+00:00,96.80000000000132,95.30000000000132,93.80000000000132,candidate_ois_rfr_diff,friday_flat
EURUSD,-1,2022-04-11T00:00:00+00:00,2022-04-15T00:00:00+00:00,71.60000000000055,70.10000000000055,68.60000000000055,candidate_ois_rfr_diff,friday_flat
EURUSD,-1,2022-04-18T00:00:00+00:00,2022-04-21T00:00:00+00:00,-128.73106609452512,-130.23106609452512,-131.73106609452512,candidate_ois_rfr_diff,stop
EURUSD,-1,2022-04-21T00:00:00+00:00,2022-04-22T00:00:00+00:00,32.70000000000106,31.20000000000106,29.70000000000106,candidate_ois_rfr_diff,friday_flat
EURUSD,-1,2022-04-25T00:00:00+00:00,2022-04-29T00:00:00+00:00,166.50000000000054,165.00000000000054,163.50000000000054,candidate_ois_rfr_diff,friday_flat
EURUSD,-1,2022-05-02T00:00:00+00:00,2022-05-06T00:00:00+00:00,-36.6999999999984,-38.1999999999984,-39.6999999999984,candidate_ois_rfr_diff,friday_flat
EURUSD,-1,2022-05-09T00:00:00+00:00,2022-05-13T00:00:00+00:00,149.3000000000011,147.8000000000011,146.3000000000011,candidate_ois_rfr_diff,friday_flat
EURUSD,-1,2022-05-16T00:00:00+00:00,2022-05-19T00:00:00+00:00,-142.73743137249716,-144.23743137249716,-145.73743137249716,candidate_ois_rfr_diff,stop
EURUSD,-1,2022-05-19T00:00:00+00:00,2022-05-20T00:00:00+00:00,27.200000000000557,25.700000000000557,24.200000000000557,candidate_ois_rfr_diff,friday_flat
EURUSD,-1,2022-05-23T00:00:00+00:00,2022-05-27T00:00:00+00:00,-42.800000000000615,-44.300000000000615,-45.800000000000615,candidate_ois_rfr_diff,friday_flat
EURUSD,-1,2022-05-30T00:00:00+00:00,2022-06-03T00:00:00+00:00,61.500000000000995,60.000000000000995,58.500000000000995,candidate_ois_rfr_diff,friday_flat
EURUSD,-1,2022-06-06T00:00:00+00:00,2022-06-10T00:00:00+00:00,174.7999999999994,173.2999999999994,171.7999999999994,candidate_ois_rfr_diff,friday_flat
EURUSD,-1,2022-06-13T00:00:00+00:00,2022-06-15T00:00:00+00:00,-35.400000000000986,-36.900000000000986,-38.400000000000986,candidate_ois_rfr_diff,signal_flat
EURUSD,-1,2022-06-20T00:00:00+00:00,2022-06-24T00:00:00+00:00,-42.9999999999997,-44.4999999999997,-45.9999999999997,candidate_ois_rfr_diff,friday_flat
EURUSD,-1,2022-06-27T00:00:00+00:00,2022-07-01T00:00:00+00:00,156.79999999999916,155.29999999999916,153.79999999999916,candidate_ois_rfr_diff,friday_flat
EURUSD,-1,2022-07-04T00:00:00+00:00,2022-07-08T00:00:00+00:00,239.0000000000003,237.5000000000003,236.0000000000003,candidate_ois_rfr_diff,friday_flat
EURUSD,-1,2022-07-11T00:00:00+00:00,2022-07-15T00:00:00+00:00,-45.80000000000028,-47.30000000000028,-48.80000000000028,candidate_ois_rfr_diff,friday_flat
EURUSD,-1,2022-07-18T00:00:00+00:00,2022-07-22T00:00:00+00:00,-69.09999999999971,-70.59999999999971,-72.09999999999971,candidate_ois_rfr_diff,friday_flat
EURUSD,-1,2022-07-25T00:00:00+00:00,2022-07-28T00:00:00+00:00,22.499999999998632,20.999999999998632,19.499999999998632,candidate_ois_rfr_diff,signal_flat
EURUSD,-1,2022-08-01T00:00:00+00:00,2022-08-05T00:00:00+00:00,84.10000000000028,82.60000000000028,81.10000000000028,candidate_ois_rfr_diff,friday_flat
EURUSD,-1,2022-08-08T00:00:00+00:00,2022-08-10T00:00:00+00:00,-159.9007334724023,-161.4007334724023,-162.9007334724023,candidate_ois_rfr_diff,stop
EURUSD,-1,2022-08-10T00:00:00+00:00,2022-08-12T00:00:00+00:00,42.79999999999839,41.29999999999839,39.79999999999839,candidate_ois_rfr_diff,friday_flat
EURUSD,-1,2022-08-15T00:00:00+00:00,2022-08-19T00:00:00+00:00,120.29999999999984,118.79999999999984,117.29999999999984,candidate_ois_rfr_diff,friday_flat
EURUSD,-1,2022-08-22T00:00:00+00:00,2022-08-26T00:00:00+00:00,-21.600000000000506,-23.100000000000506,-24.600000000000506,candidate_ois_rfr_diff,friday_flat
EURUSD,-1,2022-08-29T00:00:00+00:00,2022-09-02T00:00:00+00:00,40.10000000000069,38.60000000000069,37.10000000000069,candidate_ois_rfr_diff,friday_flat
EURUSD,-1,2022-09-05T00:00:00+00:00,2022-09-08T00:00:00+00:00,-67.30000000000014,-68.80000000000014,-70.30000000000014,candidate_ois_rfr_diff,signal_flat
EURUSD,-1,2022-09-13T00:00:00+00:00,2022-09-15T00:00:00+00:00,-28.000000000000245,-29.500000000000245,-31.000000000000245,candidate_ois_rfr_diff,flip
EURUSD,1,2022-09-15T00:00:00+00:00,2022-09-16T00:00:00+00:00,16.300000000000203,14.800000000000203,13.300000000000203,candidate_ois_rfr_diff,friday_flat
EURUSD,1,2022-09-19T00:00:00+00:00,2022-09-21T00:00:00+00:00,-158.84470102104254,-160.34470102104254,-161.84470102104254,candidate_ois_rfr_diff,stop
EURUSD,1,2022-09-21T00:00:00+00:00,2022-09-23T00:00:00+00:00,-163.90563506406218,-165.40563506406218,-166.90563506406218,candidate_ois_rfr_diff,stop
EURUSD,1,2022-11-03T00:00:00+00:00,2022-11-04T00:00:00+00:00,210.29999999999993,208.79999999999993,207.29999999999993,candidate_ois_rfr_diff,friday_flat
EURUSD,-1,2022-12-19T00:00:00+00:00,2022-12-22T00:00:00+00:00,9.300000000000974,7.800000000000974,6.300000000000974,candidate_ois_rfr_diff,signal_flat
EURUSD,-1,2023-02-06T00:00:00+00:00,2023-02-09T00:00:00+00:00,-13.700000000000934,-15.200000000000934,-16.700000000000934,candidate_ois_rfr_diff,flip
EURUSD,1,2023-02-09T00:00:00+00:00,2023-02-10T00:00:00+00:00,-60.40000000000045,-61.90000000000045,-63.40000000000045,candidate_ois_rfr_diff,friday_flat
EURUSD,1,2023-02-13T00:00:00+00:00,2023-02-17T00:00:00+00:00,-30.799999999999716,-32.29999999999971,-33.79999999999971,candidate_ois_rfr_diff,friday_flat
EURUSD,1,2023-02-20T00:00:00+00:00,2023-02-24T00:00:00+00:00,-126.55083407808742,-128.0508340780874,-129.5508340780874,candidate_ois_rfr_diff,stop
EURUSD,1,2023-02-27T00:00:00+00:00,2023-03-03T00:00:00+00:00,23.200000000000998,21.700000000000998,20.200000000000998,candidate_ois_rfr_diff,friday_flat
EURUSD,1,2023-03-06T00:00:00+00:00,2023-03-07T00:00:00+00:00,-120.74300796870219,-122.24300796870219,-123.74300796870219,candidate_ois_rfr_diff,stop
EURUSD,1,2023-03-07T00:00:00+00:00,2023-03-10T00:00:00+00:00,88.59999999999867,87.09999999999867,85.59999999999867,candidate_ois_rfr_diff,friday_flat
EURUSD,1,2023-03-13T00:00:00+00:00,2023-03-15T00:00:00+00:00,-128.81894784859682,-130.31894784859682,-131.81894784859682,candidate_ois_rfr_diff,stop
EURUSD,1,2023-03-15T00:00:00+00:00,2023-03-17T00:00:00+00:00,88.69999999999933,87.19999999999933,85.69999999999933,candidate_ois_rfr_diff,friday_flat
EURUSD,1,2023-03-20T00:00:00+00:00,2023-03-24T00:00:00+00:00,42.40000000000021,40.90000000000021,39.40000000000021,candidate_ois_rfr_diff,friday_flat
EURUSD,1,2023-03-27T00:00:00+00:00,2023-03-31T00:00:00+00:00,45.20000000000079,43.70000000000079,42.20000000000079,candidate_ois_rfr_diff,friday_flat
EURUSD,1,2023-04-03T00:00:00+00:00,2023-04-07T00:00:00+00:00,-4.700000000001925,-6.200000000001925,-7.700000000001925,candidate_ois_rfr_diff,friday_flat
EURUSD,1,2023-04-10T00:00:00+00:00,2023-04-14T00:00:00+00:00,133.30000000000064,131.80000000000064,130.30000000000064,candidate_ois_rfr_diff,friday_flat
EURUSD,1,2023-04-17T00:00:00+00:00,2023-04-21T00:00:00+00:00,60.700000000000195,59.200000000000195,57.700000000000195,candidate_ois_rfr_diff,friday_flat
EURUSD,1,2023-04-24T00:00:00+00:00,2023-04-28T00:00:00+00:00,-28.29999999999888,-29.79999999999888,-31.29999999999888,candidate_ois_rfr_diff,friday_flat
EURUSD,1,2023-05-01T00:00:00+00:00,2023-05-05T00:00:00+00:00,42.29999999999956,40.79999999999956,39.29999999999956,candidate_ois_rfr_diff,friday_flat
EURUSD,-1,2023-05-09T00:00:00+00:00,2023-05-11T00:00:00+00:00,43.89999999999894,42.39999999999894,40.89999999999894,candidate_ois_rfr_diff,flip
EURUSD,1,2023-05-11T00:00:00+00:00,2023-05-12T00:00:00+00:00,-66.69999999999953,-68.19999999999953,-69.69999999999953,candidate_ois_rfr_diff,friday_flat
EURUSD,1,2023-05-15T00:00:00+00:00,2023-05-19T00:00:00+00:00,-69.2999999999988,-70.7999999999988,-72.2999999999988,candidate_ois_rfr_diff,friday_flat
EURUSD,1,2023-05-22T00:00:00+00:00,2023-05-25T00:00:00+00:00,-87.99999999999919,-89.49999999999919,-90.99999999999919,candidate_ois_rfr_diff,signal_flat
EURUSD,1,2023-06-22T00:00:00+00:00,2023-06-23T00:00:00+00:00,-106.96681032783539,-108.46681032783539,-109.96681032783539,candidate_ois_rfr_diff,stop
EURUSD,1,2023-06-26T00:00:00+00:00,2023-06-30T00:00:00+00:00,3.900000000001125,2.400000000001125,0.9000000000011248,candidate_ois_rfr_diff,friday_flat
EURUSD,1,2023-07-03T00:00:00+00:00,2023-07-07T00:00:00+00:00,57.70000000000053,56.20000000000053,54.70000000000053,candidate_ois_rfr_diff,friday_flat
EURUSD,1,2023-07-10T00:00:00+00:00,2023-07-14T00:00:00+00:00,229.5999999999987,228.0999999999987,226.5999999999987,candidate_ois_rfr_diff,friday_flat
EURUSD,1,2023-07-17T00:00:00+00:00,2023-07-20T00:00:00+00:00,-108.45567051409377,-109.95567051409377,-111.45567051409377,candidate_ois_rfr_diff,stop
EURUSD,1,2023-07-20T00:00:00+00:00,2023-07-21T00:00:00+00:00,-4.3999999999999595,-5.8999999999999595,-7.3999999999999595,candidate_ois_rfr_diff,friday_flat
EURUSD,1,2023-07-24T00:00:00+00:00,2023-07-28T00:00:00+00:00,-109.01613022511025,-110.51613022511025,-112.01613022511025,candidate_ois_rfr_diff,stop
EURUSD,1,2023-08-03T00:00:00+00:00,2023-08-04T00:00:00+00:00,57.49999999999922,55.99999999999922,54.49999999999922,candidate_ois_rfr_diff,friday_flat
EURUSD,1,2023-08-07T00:00:00+00:00,2023-08-11T00:00:00+00:00,-56.99999999999816,-58.49999999999816,-59.99999999999816,candidate_ois_rfr_diff,friday_flat
EURUSD,1,2023-08-14T00:00:00+00:00,2023-08-18T00:00:00+00:00,-35.60000000000007,-37.10000000000007,-38.60000000000007,candidate_ois_rfr_diff,friday_flat
EURUSD,1,2023-08-21T00:00:00+00:00,2023-08-24T00:00:00+00:00,-85.30000000000148,-86.80000000000148,-88.30000000000148,candidate_ois_rfr_diff,signal_flat
EURUSD,1,2023-09-21T00:00:00+00:00,2023-09-22T00:00:00+00:00,-17.599999999999838,-19.099999999999838,-20.599999999999838,candidate_ois_rfr_diff,friday_flat
EURUSD,1,2023-09-25T00:00:00+00:00,2023-09-27T00:00:00+00:00,-102.5412345012877,-104.0412345012877,-105.5412345012877,candidate_ois_rfr_diff,stop
EURUSD,1,2023-09-27T00:00:00+00:00,2023-09-29T00:00:00+00:00,72.00000000000095,70.50000000000095,69.00000000000095,candidate_ois_rfr_diff,friday_flat
EURUSD,1,2023-10-02T00:00:00+00:00,2023-10-06T00:00:00+00:00,108.39999999999961,106.89999999999961,105.39999999999961,candidate_ois_rfr_diff,friday_flat
EURUSD,1,2023-10-09T00:00:00+00:00,2023-10-13T00:00:00+00:00,-58.700000000000415,-60.200000000000415,-61.700000000000415,candidate_ois_rfr_diff,friday_flat
EURUSD,1,2023-10-16T00:00:00+00:00,2023-10-20T00:00:00+00:00,33.90000000000004,32.40000000000004,30.90000000000004,candidate_ois_rfr_diff,friday_flat
EURUSD,1,2023-10-23T00:00:00+00:00,2023-10-26T00:00:00+00:00,-109.28099910111344,-110.78099910111344,-112.28099910111344,candidate_ois_rfr_diff,stop
EURUSD,1,2023-10-26T00:00:00+00:00,2023-10-27T00:00:00+00:00,2.500000000000835,1.0000000000008349,-0.4999999999991651,candidate_ois_rfr_diff,friday_flat
EURUSD,1,2023-10-30T00:00:00+00:00,2023-11-01T00:00:00+00:00,-45.29999999999923,-46.79999999999923,-48.29999999999923,candidate_ois_rfr_diff,signal_flat
EURUSD,1,2023-11-02T00:00:00+00:00,2023-11-03T00:00:00+00:00,109.2000000000004,107.7000000000004,106.2000000000004,candidate_ois_rfr_diff,friday_flat
EURUSD,1,2023-11-06T00:00:00+00:00,2023-11-10T00:00:00+00:00,-32.30000000000066,-33.80000000000066,-35.30000000000066,candidate_ois_rfr_diff,friday_flat
EURUSD,1,2023-11-13T00:00:00+00:00,2023-11-14T00:00:00+00:00,180.10000000000082,178.60000000000082,177.10000000000082,candidate_ois_rfr_diff,signal_flat
EURUSD,-1,2023-12-28T00:00:00+00:00,2023-12-29T00:00:00+00:00,24.900000000001032,23.400000000001032,21.900000000001032,candidate_ois_rfr_diff,friday_flat
EURUSD,-1,2024-01-02T00:00:00+00:00,2024-01-05T00:00:00+00:00,-0.09999999999843467,-1.5999999999984347,-3.0999999999984347,candidate_ois_rfr_diff,friday_flat
EURUSD,1,2024-01-30T00:00:00+00:00,2024-02-01T00:00:00+00:00,25.799999999998047,24.299999999998047,22.799999999998047,candidate_ois_rfr_diff,signal_flat
EURUSD,1,2024-02-07T00:00:00+00:00,2024-02-09T00:00:00+00:00,13.300000000000534,11.800000000000534,10.300000000000534,candidate_ois_rfr_diff,friday_flat
EURUSD,1,2024-02-12T00:00:00+00:00,2024-02-14T00:00:00+00:00,-43.8000000000005,-45.3000000000005,-46.8000000000005,candidate_ois_rfr_diff,signal_flat
EURUSD,1,2024-02-15T00:00:00+00:00,2024-02-16T00:00:00+00:00,5.5000000000005045,4.0000000000005045,2.5000000000005045,candidate_ois_rfr_diff,friday_flat
EURUSD,1,2024-02-19T00:00:00+00:00,2024-02-23T00:00:00+00:00,40.19999999999912,38.69999999999912,37.19999999999912,candidate_ois_rfr_diff,friday_flat
EURUSD,-1,2024-04-01T00:00:00+00:00,2024-04-03T00:00:00+00:00,-79.29990708174682,-80.79990708174682,-82.29990708174682,candidate_ois_rfr_diff,stop
EURUSD,-1,2024-04-03T00:00:00+00:00,2024-04-04T00:00:00+00:00,-0.700000000000145,-2.200000000000145,-3.700000000000145,candidate_ois_rfr_diff,signal_flat
EURUSD,-1,2024-04-29T00:00:00+00:00,2024-05-03T00:00:00+00:00,-89.0845761966985,-90.5845761966985,-92.0845761966985,candidate_ois_rfr_diff,stop
EURUSD,1,2024-05-22T00:00:00+00:00,2024-05-23T00:00:00+00:00,-7.699999999999374,-9.199999999999374,-10.699999999999374,candidate_ois_rfr_diff,signal_flat
EURUSD,-1,2024-05-30T00:00:00+00:00,2024-05-31T00:00:00+00:00,-16.100000000001113,-17.600000000001113,-19.100000000001113,candidate_ois_rfr_diff,friday_flat
EURUSD,-1,2024-06-03T00:00:00+00:00,2024-06-06T00:00:00+00:00,16.599999999999948,15.099999999999948,13.599999999999948,candidate_ois_rfr_diff,signal_flat
EURUSD,-1,2024-06-10T00:00:00+00:00,2024-06-11T00:00:00+00:00,24.800000000000377,23.300000000000377,21.800000000000377,candidate_ois_rfr_diff,signal_flat
EURUSD,-1,2024-06-13T00:00:00+00:00,2024-06-14T00:00:00+00:00,34.50000000000175,33.00000000000175,31.500000000001748,candidate_ois_rfr_diff,friday_flat
EURUSD,-1,2024-06-17T00:00:00+00:00,2024-06-21T00:00:00+00:00,41.10000000000058,39.60000000000058,38.10000000000058,candidate_ois_rfr_diff,friday_flat
EURUSD,-1,2024-06-24T00:00:00+00:00,2024-06-28T00:00:00+00:00,19.700000000000273,18.200000000000273,16.700000000000273,candidate_ois_rfr_diff,friday_flat
EURUSD,-1,2024-07-01T00:00:00+00:00,2024-07-05T00:00:00+00:00,-84.52334831629659,-86.02334831629659,-87.52334831629659,candidate_ois_rfr_diff,stop
EURUSD,-1,2024-07-08T00:00:00+00:00,2024-07-12T00:00:00+00:00,-81.0890036822509,-82.5890036822509,-84.0890036822509,candidate_ois_rfr_diff,stop
EURUSD,-1,2024-07-15T00:00:00+00:00,2024-07-19T00:00:00+00:00,9.799999999999809,8.299999999999809,6.799999999999809,candidate_ois_rfr_diff,friday_flat
EURUSD,-1,2024-07-22T00:00:00+00:00,2024-07-26T00:00:00+00:00,35.00000000000058,33.50000000000058,32.00000000000058,candidate_ois_rfr_diff,friday_flat
EURUSD,-1,2024-07-29T00:00:00+00:00,2024-08-02T00:00:00+00:00,-69.75519933368534,-71.25519933368534,-72.75519933368534,candidate_ois_rfr_diff,stop
EURUSD,-1,2024-08-05T00:00:00+00:00,2024-08-06T00:00:00+00:00,21.999999999999797,20.499999999999797,18.999999999999797,candidate_ois_rfr_diff,signal_flat
EURUSD,1,2024-09-12T00:00:00+00:00,2024-09-13T00:00:00+00:00,1.5999999999993797,0.0999999999993797,-1.4000000000006203,candidate_ois_rfr_diff,friday_flat
EURUSD,-1,2024-09-17T00:00:00+00:00,2024-09-20T00:00:00+00:00,-50.499999999999986,-51.999999999999986,-53.499999999999986,candidate_ois_rfr_diff,friday_flat
EURUSD,1,2024-09-23T00:00:00+00:00,2024-09-27T00:00:00+00:00,53.000000000000824,51.500000000000824,50.000000000000824,candidate_ois_rfr_diff,friday_flat
EURUSD,1,2024-09-30T00:00:00+00:00,2024-10-02T00:00:00+00:00,-90.90000000000042,-92.40000000000042,-93.90000000000042,candidate_ois_rfr_diff,signal_flat
EURUSD,1,2024-10-03T00:00:00+00:00,2024-10-04T00:00:00+00:00,-56.89999999999973,-58.39999999999973,-59.89999999999973,candidate_ois_rfr_diff,friday_flat
EURUSD,1,2024-10-07T00:00:00+00:00,2024-10-11T00:00:00+00:00,-37.70000000000051,-39.20000000000051,-40.70000000000051,candidate_ois_rfr_diff,friday_flat
EURUSD,1,2024-10-14T00:00:00+00:00,2024-10-17T00:00:00+00:00,-90.17144828288747,-91.67144828288747,-93.17144828288747,candidate_ois_rfr_diff,stop
EURUSD,1,2024-10-17T00:00:00+00:00,2024-10-18T00:00:00+00:00,36.599999999999966,35.099999999999966,33.599999999999966,candidate_ois_rfr_diff,friday_flat
EURUSD,1,2024-10-21T00:00:00+00:00,2024-10-24T00:00:00+00:00,11.900000000000244,10.400000000000244,8.900000000000244,candidate_ois_rfr_diff,signal_flat
EURUSD,-1,2024-11-04T00:00:00+00:00,2024-11-05T00:00:00+00:00,-49.600000000000755,-51.100000000000755,-52.600000000000755,candidate_ois_rfr_diff,signal_flat
EURUSD,1,2024-11-11T00:00:00+00:00,2024-11-14T00:00:00+00:00,-119.38854901323514,-120.88854901323514,-122.38854901323514,candidate_ois_rfr_diff,stop
EURUSD,1,2024-11-14T00:00:00+00:00,2024-11-15T00:00:00+00:00,9.099999999999664,7.599999999999664,6.099999999999664,candidate_ois_rfr_diff,friday_flat
EURUSD,1,2024-11-18T00:00:00+00:00,2024-11-21T00:00:00+00:00,-120.14796249102177,-121.64796249102177,-123.14796249102177,candidate_ois_rfr_diff,stop
EURUSD,1,2024-11-21T00:00:00+00:00,2024-11-22T00:00:00+00:00,-123.46187084284698,-124.96187084284698,-126.46187084284698,candidate_ois_rfr_diff,stop
EURUSD,1,2024-11-25T00:00:00+00:00,2024-11-29T00:00:00+00:00,82.69999999999999,81.19999999999999,79.69999999999999,candidate_ois_rfr_diff,friday_flat
EURUSD,1,2024-12-02T00:00:00+00:00,2024-12-03T00:00:00+00:00,8.899999999998354,7.399999999998354,5.899999999998354,candidate_ois_rfr_diff,signal_flat
EURUSD,-1,2024-12-19T00:00:00+00:00,2024-12-20T00:00:00+00:00,-66.69999999999953,-68.19999999999953,-69.69999999999953,candidate_ois_rfr_diff,friday_flat
EURUSD,1,2024-12-23T00:00:00+00:00,2024-12-25T00:00:00+00:00,-6.00000000000156,-7.50000000000156,-9.00000000000156,candidate_ois_rfr_diff,signal_flat
EURUSD,-1,2025-01-02T00:00:00+00:00,2025-01-03T00:00:00+00:00,-52.00000000000093,-53.50000000000093,-55.00000000000093,candidate_ois_rfr_diff,friday_flat
EURUSD,1,2025-01-06T00:00:00+00:00,2025-01-10T00:00:00+00:00,-119.8264669938509,-121.3264669938509,-122.8264669938509,candidate_ois_rfr_diff,stop
EURUSD,1,2025-01-13T00:00:00+00:00,2025-01-17T00:00:00+00:00,29.300000000000992,27.800000000000992,26.300000000000992,candidate_ois_rfr_diff,friday_flat
EURUSD,1,2025-01-20T00:00:00+00:00,2025-01-24T00:00:00+00:00,78.80000000000109,77.30000000000109,75.80000000000109,candidate_ois_rfr_diff,friday_flat
EURUSD,-1,2025-02-06T00:00:00+00:00,2025-02-07T00:00:00+00:00,55.600000000000094,54.100000000000094,52.600000000000094,candidate_ois_rfr_diff,friday_flat
EURUSD,-1,2025-02-10T00:00:00+00:00,2025-02-13T00:00:00+00:00,-127.38369669028415,-128.88369669028415,-130.38369669028415,candidate_ois_rfr_diff,stop
EURUSD,-1,2025-02-13T00:00:00+00:00,2025-02-14T00:00:00+00:00,-27.099999999999902,-28.599999999999902,-30.099999999999902,candidate_ois_rfr_diff,friday_flat
EURUSD,-1,2025-02-17T00:00:00+00:00,2025-02-21T00:00:00+00:00,25.700000000001832,24.200000000001832,22.700000000001832,candidate_ois_rfr_diff,friday_flat
EURUSD,-1,2025-02-24T00:00:00+00:00,2025-02-28T00:00:00+00:00,92.20000000000006,90.70000000000006,89.20000000000006,candidate_ois_rfr_diff,friday_flat
EURUSD,-1,2025-03-03T00:00:00+00:00,2025-03-04T00:00:00+00:00,-119.30632529108419,-120.80632529108419,-122.30632529108419,candidate_ois_rfr_diff,stop
EURUSD,-1,2025-03-04T00:00:00+00:00,2025-03-05T00:00:00+00:00,-127.49873062743555,-128.99873062743555,-130.49873062743555,candidate_ois_rfr_diff,stop
EURUSD,-1,2025-03-05T00:00:00+00:00,2025-03-07T00:00:00+00:00,-44.50000000000065,-46.00000000000065,-47.50000000000065,candidate_ois_rfr_diff,friday_flat
EURUSD,-1,2025-03-10T00:00:00+00:00,2025-03-14T00:00:00+00:00,-40.70000000000018,-42.20000000000018,-43.70000000000018,candidate_ois_rfr_diff,friday_flat
EURUSD,-1,2025-03-17T00:00:00+00:00,2025-03-21T00:00:00+00:00,108.59999999999869,107.09999999999869,105.59999999999869,candidate_ois_rfr_diff,friday_flat
EURUSD,-1,2025-03-24T00:00:00+00:00,2025-03-28T00:00:00+00:00,-28.399999999999537,-29.899999999999537,-31.399999999999537,candidate_ois_rfr_diff,friday_flat
EURUSD,-1,2025-03-31T00:00:00+00:00,2025-04-03T00:00:00+00:00,-120.86274629820481,-122.36274629820481,-123.86274629820481,candidate_ois_rfr_diff,stop
EURUSD,-1,2025-04-03T00:00:00+00:00,2025-04-04T00:00:00+00:00,88.39999999999958,86.89999999999958,85.39999999999958,candidate_ois_rfr_diff,friday_flat
EURUSD,-1,2025-04-07T00:00:00+00:00,2025-04-09T00:00:00+00:00,-168.0879656937928,-169.5879656937928,-171.0879656937928,candidate_ois_rfr_diff,stop
EURUSD,-1,2025-04-09T00:00:00+00:00,2025-04-10T00:00:00+00:00,-174.60620511352553,-176.10620511352553,-177.60620511352553,candidate_ois_rfr_diff,stop
EURUSD,-1,2025-04-10T00:00:00+00:00,2025-04-11T00:00:00+00:00,-194.10576189113237,-195.60576189113237,-197.10576189113237,candidate_ois_rfr_diff,stop
EURUSD,-1,2025-04-14T00:00:00+00:00,2025-04-18T00:00:00+00:00,-41.400000000000325,-42.900000000000325,-44.400000000000325,candidate_ois_rfr_diff,friday_flat
EURUSD,-1,2025-04-21T00:00:00+00:00,2025-04-23T00:00:00+00:00,200.40000000000057,198.90000000000057,197.40000000000057,candidate_ois_rfr_diff,signal_flat
EURUSD,-1,2025-04-24T00:00:00+00:00,2025-04-25T00:00:00+00:00,22.100000000000453,20.600000000000453,19.100000000000453,candidate_ois_rfr_diff,friday_flat
EURUSD,-1,2025-04-28T00:00:00+00:00,2025-05-02T00:00:00+00:00,116.40000000000094,114.90000000000094,113.40000000000094,candidate_ois_rfr_diff,friday_flat
EURUSD,-1,2025-05-05T00:00:00+00:00,2025-05-09T00:00:00+00:00,65.99999999999939,64.49999999999939,62.99999999999939,candidate_ois_rfr_diff,friday_flat
EURUSD,-1,2025-05-12T00:00:00+00:00,2025-05-14T00:00:00+00:00,-168.87507629968155,-170.37507629968155,-171.87507629968155,candidate_ois_rfr_diff,stop
EURUSD,-1,2025-05-14T00:00:00+00:00,2025-05-16T00:00:00+00:00,7.600000000000939,6.100000000000939,4.600000000000939,candidate_ois_rfr_diff,friday_flat
EURUSD,-1,2025-05-19T00:00:00+00:00,2025-05-23T00:00:00+00:00,-125.900000000001,-127.400000000001,-128.900000000001,candidate_ois_rfr_diff,friday_flat
EURUSD,-1,2025-05-26T00:00:00+00:00,2025-05-30T00:00:00+00:00,35.39999999999876,33.89999999999876,32.39999999999876,candidate_ois_rfr_diff,friday_flat
EURUSD,-1,2025-06-02T00:00:00+00:00,2025-06-05T00:00:00+00:00,-5.5000000000005045,-7.0000000000005045,-8.500000000000504,candidate_ois_rfr_diff,signal_flat
EURUSD,-1,2025-06-12T00:00:00+00:00,2025-06-13T00:00:00+00:00,30.90000000000037,29.40000000000037,27.90000000000037,candidate_ois_rfr_diff,friday_flat
EURUSD,-1,2025-06-16T00:00:00+00:00,2025-06-20T00:00:00+00:00,35.60000000000007,34.10000000000007,32.60000000000007,candidate_ois_rfr_diff,friday_flat
EURUSD,-1,2025-06-23T00:00:00+00:00,2025-06-26T00:00:00+00:00,-140.54139174477953,-142.04139174477953,-143.54139174477953,candidate_ois_rfr_diff,stop
EURUSD,-1,2025-06-26T00:00:00+00:00,2025-06-27T00:00:00+00:00,-15.600000000000058,-17.10000000000006,-18.60000000000006,candidate_ois_rfr_diff,friday_flat
EURUSD,-1,2025-06-30T00:00:00+00:00,2025-07-04T00:00:00+00:00,19.899999999999363,18.399999999999363,16.899999999999363,candidate_ois_rfr_diff,friday_flat
EURUSD,-1,2025-07-07T00:00:00+00:00,2025-07-11T00:00:00+00:00,18.499999999999073,16.999999999999073,15.499999999999073,candidate_ois_rfr_diff,friday_flat
EURUSD,-1,2025-07-14T00:00:00+00:00,2025-07-18T00:00:00+00:00,39.400000000000546,37.900000000000546,36.400000000000546,candidate_ois_rfr_diff,friday_flat
EURUSD,-1,2025-07-21T00:00:00+00:00,2025-07-22T00:00:00+00:00,-65.90000000000096,-67.40000000000096,-68.90000000000096,candidate_ois_rfr_diff,signal_flat
EURUSD,-1,2025-07-28T00:00:00+00:00,2025-08-01T00:00:00+00:00,-0.9999999999998899,-2.49999999999989,-3.99999999999989,candidate_ois_rfr_diff,friday_flat
EURUSD,-1,2025-08-04T00:00:00+00:00,2025-08-08T00:00:00+00:00,-65.3999999999999,-66.8999999999999,-68.3999999999999,candidate_ois_rfr_diff,friday_flat
EURUSD,-1,2025-08-11T00:00:00+00:00,2025-08-12T00:00:00+00:00,-57.200000000001694,-58.700000000001694,-60.200000000001694,candidate_ois_rfr_diff,signal_flat
EURUSD,-1,2025-08-13T00:00:00+00:00,2025-08-14T00:00:00+00:00,56.59999999999998,55.09999999999998,53.59999999999998,candidate_ois_rfr_diff,signal_flat
EURUSD,-1,2025-08-27T00:00:00+00:00,2025-08-28T00:00:00+00:00,-44.30000000000156,-45.80000000000156,-47.30000000000156,candidate_ois_rfr_diff,signal_flat
EURUSD,-1,2025-09-03T00:00:00+00:00,2025-09-05T00:00:00+00:00,-56.499999999999325,-57.999999999999325,-59.499999999999325,candidate_ois_rfr_diff,friday_flat
EURUSD,-1,2025-09-08T00:00:00+00:00,2025-09-12T00:00:00+00:00,28.200000000000447,26.700000000000447,25.200000000000447,candidate_ois_rfr_diff,friday_flat
EURUSD,-1,2025-09-15T00:00:00+00:00,2025-09-16T00:00:00+00:00,-111.60812157090749,-113.10812157090749,-114.60812157090749,candidate_ois_rfr_diff,stop
EURUSD,-1,2025-09-16T00:00:00+00:00,2025-09-17T00:00:00+00:00,53.900000000000055,52.400000000000055,50.900000000000055,candidate_ois_rfr_diff,signal_flat
EURUSD,1,2025-09-22T00:00:00+00:00,2025-09-25T00:00:00+00:00,-119.9650291404386,-121.4650291404386,-122.9650291404386,candidate_ois_rfr_diff,stop
EURUSD,1,2025-09-25T00:00:00+00:00,2025-09-26T00:00:00+00:00,34.49999999999953,32.99999999999953,31.49999999999953,candidate_ois_rfr_diff,friday_flat
EURUSD,1,2025-09-29T00:00:00+00:00,2025-10-03T00:00:00+00:00,14.899999999999913,13.399999999999913,11.899999999999913,candidate_ois_rfr_diff,friday_flat
EURUSD,1,2025-10-06T00:00:00+00:00,2025-10-08T00:00:00+00:00,-110.45568027313823,-111.95568027313823,-113.45568027313823,candidate_ois_rfr_diff,stop
EURUSD,1,2025-10-08T00:00:00+00:00,2025-10-10T00:00:00+00:00,-5.1000000000001044,-6.6000000000001044,-8.100000000000104,candidate_ois_rfr_diff,friday_flat
EURUSD,1,2025-10-13T00:00:00+00:00,2025-10-16T00:00:00+00:00,117.19999999999952,115.69999999999952,114.19999999999952,candidate_ois_rfr_diff,signal_flat
EURUSD,1,2025-10-20T00:00:00+00:00,2025-10-22T00:00:00+00:00,-31.49999999999986,-32.99999999999986,-34.49999999999986,candidate_ois_rfr_diff,signal_flat
EURUSD,1,2025-10-23T00:00:00+00:00,2025-10-24T00:00:00+00:00,7.800000000000029,6.300000000000029,4.800000000000029,candidate_ois_rfr_diff,friday_flat
EURUSD,1,2025-11-04T00:00:00+00:00,2025-11-07T00:00:00+00:00,81.59999999999944,80.09999999999944,78.59999999999944,candidate_ois_rfr_diff,friday_flat
EURUSD,1,2025-11-10T00:00:00+00:00,2025-11-14T00:00:00+00:00,63.69999999999987,62.19999999999987,60.69999999999987,candidate_ois_rfr_diff,friday_flat
EURUSD,1,2025-11-17T00:00:00+00:00,2025-11-20T00:00:00+00:00,-85.08164009141116,-86.58164009141116,-88.08164009141116,candidate_ois_rfr_diff,stop
EURUSD,1,2025-11-20T00:00:00+00:00,2025-11-21T00:00:00+00:00,-14.300000000000423,-15.800000000000423,-17.300000000000423,candidate_ois_rfr_diff,friday_flat
EURUSD,1,2025-11-24T00:00:00+00:00,2025-11-28T00:00:00+00:00,77.69999999999833,76.19999999999833,74.69999999999833,candidate_ois_rfr_diff,friday_flat
EURUSD,1,2025-12-03T00:00:00+00:00,2025-12-05T00:00:00+00:00,-27.900000000000702,-29.400000000000702,-30.900000000000702,candidate_ois_rfr_diff,friday_flat
EURUSD,1,2025-12-08T00:00:00+00:00,2025-12-12T00:00:00+00:00,103.60000000000146,102.10000000000146,100.60000000000146,candidate_ois_rfr_diff,friday_flat
EURUSD,1,2025-12-15T00:00:00+00:00,2025-12-19T00:00:00+00:00,-42.399999999997995,-43.899999999997995,-45.399999999997995,candidate_ois_rfr_diff,friday_flat
EURUSD,1,2025-12-22T00:00:00+00:00,2025-12-26T00:00:00+00:00,11.200000000000099,9.700000000000099,8.200000000000099,candidate_ois_rfr_diff,friday_flat
EURUSD,1,2025-12-30T00:00:00+00:00,2026-01-02T00:00:00+00:00,-27.900000000000702,-29.400000000000702,-30.900000000000702,candidate_ois_rfr_diff,friday_flat
EURUSD,1,2026-01-05T00:00:00+00:00,2026-01-08T00:00:00+00:00,-75.52260171626912,-77.02260171626912,-78.52260171626912,candidate_ois_rfr_diff,stop
EURUSD,1,2026-01-08T00:00:00+00:00,2026-01-09T00:00:00+00:00,-22.599999999999287,-24.099999999999287,-25.599999999999287,candidate_ois_rfr_diff,friday_flat
EURUSD,1,2026-01-12T00:00:00+00:00,2026-01-16T00:00:00+00:00,-75.74942826842789,-77.24942826842789,-78.74942826842789,candidate_ois_rfr_diff,stop
EURUSD,1,2026-01-19T00:00:00+00:00,2026-01-23T00:00:00+00:00,185.50000000000065,184.00000000000065,182.50000000000065,candidate_ois_rfr_diff,friday_flat
EURUSD,1,2026-01-26T00:00:00+00:00,2026-01-30T00:00:00+00:00,-29.90000000000048,-31.40000000000048,-32.90000000000048,candidate_ois_rfr_diff,friday_flat
EURUSD,1,2026-02-02T00:00:00+00:00,2026-02-04T00:00:00+00:00,16.399999999998638,14.899999999998638,13.399999999998638,candidate_ois_rfr_diff,signal_flat
EURUSD,1,2026-02-05T00:00:00+00:00,2026-02-06T00:00:00+00:00,37.20000000000167,35.70000000000167,34.20000000000167,candidate_ois_rfr_diff,friday_flat
EURUSD,1,2026-02-09T00:00:00+00:00,2026-02-13T00:00:00+00:00,-43.400000000000105,-44.900000000000105,-46.400000000000105,candidate_ois_rfr_diff,friday_flat
EURUSD,1,2026-03-19T00:00:00+00:00,2026-03-20T00:00:00+00:00,-10.200000000000209,-11.700000000000209,-13.200000000000209,candidate_ois_rfr_diff,friday_flat
EURUSD,1,2026-03-23T00:00:00+00:00,2026-03-26T00:00:00+00:00,-81.50000000000101,-83.00000000000101,-84.50000000000101,candidate_ois_rfr_diff,signal_flat
EURUSD,1,2026-03-30T00:00:00+00:00,2026-04-01T00:00:00+00:00,127.99999999999922,126.49999999999922,124.99999999999922,candidate_ois_rfr_diff,flip
EURUSD,-1,2026-04-01T00:00:00+00:00,2026-04-02T00:00:00+00:00,50.99999999999882,49.49999999999882,47.99999999999882,candidate_ois_rfr_diff,signal_flat
EURUSD,1,2026-04-08T00:00:00+00:00,2026-04-10T00:00:00+00:00,63.99999999999961,62.49999999999961,60.99999999999961,candidate_ois_rfr_diff,friday_flat
EURUSD,1,2026-04-13T00:00:00+00:00,2026-04-15T00:00:00+00:00,40.09999999999847,38.59999999999847,37.09999999999847,candidate_ois_rfr_diff,signal_flat
EURUSD,-1,2026-04-16T00:00:00+00:00,2026-04-17T00:00:00+00:00,20.299999999999763,18.799999999999763,17.299999999999763,candidate_ois_rfr_diff,friday_flat
EURUSD,1,2026-04-21T00:00:00+00:00,2026-04-23T00:00:00+00:00,-59.70000000000031,-61.20000000000031,-62.70000000000031,candidate_ois_rfr_diff,signal_flat
EURUSD,1,2026-04-30T00:00:00+00:00,2026-05-01T00:00:00+00:00,-12.699999999998823,-14.199999999998823,-15.699999999998823,candidate_ois_rfr_diff,friday_flat
EURUSD,1,2026-05-05T00:00:00+00:00,2026-05-08T00:00:00+00:00,89.99999999999896,88.49999999999896,86.99999999999896,candidate_ois_rfr_diff,friday_flat
EURUSD,1,2026-05-11T00:00:00+00:00,2026-05-14T00:00:00+00:00,-102.74588287571883,-104.24588287571883,-105.74588287571883,candidate_ois_rfr_diff,stop
EURUSD,1,2026-05-14T00:00:00+00:00,2026-05-15T00:00:00+00:00,-44.599999999999085,-46.099999999999085,-47.599999999999085,candidate_ois_rfr_diff,friday_flat
EURUSD,1,2026-05-18T00:00:00+00:00,2026-05-22T00:00:00+00:00,-52.200000000000024,-53.700000000000024,-55.200000000000024,candidate_ois_rfr_diff,friday_flat
EURUSD,1,2026-05-25T00:00:00+00:00,2026-05-27T00:00:00+00:00,-17.700000000000493,-19.200000000000493,-20.700000000000493,candidate_ois_rfr_diff,signal_flat
EURUSD,-1,2026-06-16T00:00:00+00:00,2026-06-17T00:00:00+00:00,106.99999999999932,105.49999999999932,103.99999999999932,candidate_ois_rfr_diff,signal_flat
EURUSD,1,2026-06-18T00:00:00+00:00,2026-06-19T00:00:00+00:00,7.600000000000939,6.100000000000939,4.600000000000939,candidate_ois_rfr_diff,friday_flat
EURUSD,1,2026-06-22T00:00:00+00:00,2026-06-24T00:00:00+00:00,-95.56120460455286,-97.06120460455286,-98.56120460455286,candidate_ois_rfr_diff,stop
EURUSD,1,2026-06-24T00:00:00+00:00,2026-06-26T00:00:00+00:00,25.399999999999867,23.899999999999867,22.399999999999867,candidate_ois_rfr_diff,friday_flat
EURUSD,1,2026-06-29T00:00:00+00:00,2026-06-30T00:00:00+00:00,-1.500000000000945,-3.000000000000945,-4.500000000000945,candidate_ois_rfr_diff,end
EURUSD,1,2019-12-04T00:00:00+00:00,2019-12-06T00:00:00+00:00,-18.000000000000238,-19.500000000000238,-21.000000000000238,control_mom_follow,friday_flat
EURUSD,1,2019-12-09T00:00:00+00:00,2019-12-13T00:00:00+00:00,53.800000000001624,52.300000000001624,50.800000000001624,control_mom_follow,friday_flat
EURUSD,1,2019-12-16T00:00:00+00:00,2019-12-17T00:00:00+00:00,5.300000000001415,3.8000000000014147,2.3000000000014147,control_mom_follow,signal_flat
EURUSD,1,2019-12-18T00:00:00+00:00,2019-12-20T00:00:00+00:00,-37.59999999999985,-39.09999999999985,-40.59999999999985,control_mom_follow,friday_flat
EURUSD,1,2019-12-23T00:00:00+00:00,2019-12-27T00:00:00+00:00,86.49999999999824,84.99999999999824,83.49999999999824,control_mom_follow,friday_flat
EURUSD,1,2019-12-30T00:00:00+00:00,2020-01-03T00:00:00+00:00,-70.73603494127667,-72.23603494127667,-73.73603494127667,control_mom_follow,stop
EURUSD,-1,2020-02-03T00:00:00+00:00,2020-02-07T00:00:00+00:00,116.30000000000028,114.80000000000028,113.30000000000028,control_mom_follow,friday_flat
EURUSD,-1,2020-02-10T00:00:00+00:00,2020-02-13T00:00:00+00:00,69.70000000000142,68.20000000000142,66.70000000000142,control_mom_follow,signal_flat
EURUSD,-1,2020-02-17T00:00:00+00:00,2020-02-21T00:00:00+00:00,-12.799999999999478,-14.299999999999478,-15.799999999999478,control_mom_follow,friday_flat
EURUSD,-1,2020-02-24T00:00:00+00:00,2020-02-27T00:00:00+00:00,-71.38550417266742,-72.88550417266742,-74.38550417266742,control_mom_follow,stop
EURUSD,-1,2020-02-27T00:00:00+00:00,2020-02-28T00:00:00+00:00,-29.50000000000008,-31.00000000000008,-32.500000000000085,control_mom_follow,friday_flat
EURUSD,1,2020-03-02T00:00:00+00:00,2020-03-06T00:00:00+00:00,156.8999999999998,155.3999999999998,153.8999999999998,control_mom_follow,friday_flat
EURUSD,1,2020-03-09T00:00:00+00:00,2020-03-10T00:00:00+00:00,-132.50655944320843,-134.00655944320843,-135.50655944320843,control_mom_follow,stop
EURUSD,1,2020-03-10T00:00:00+00:00,2020-03-12T00:00:00+00:00,-142.65966234012106,-144.15966234012106,-145.65966234012106,control_mom_follow,stop
EURUSD,1,2020-03-12T00:00:00+00:00,2020-03-13T00:00:00+00:00,-64.20000000000093,-65.70000000000093,-67.20000000000093,control_mom_follow,friday_flat
EURUSD,1,2020-03-16T00:00:00+00:00,2020-03-17T00:00:00+00:00,-174.49440639567325,-175.99440639567325,-177.49440639567325,control_mom_follow,stop
EURUSD,1,2020-03-17T00:00:00+00:00,2020-03-18T00:00:00+00:00,-187.1019487959824,-188.6019487959824,-190.1019487959824,control_mom_follow,stop
EURUSD,1,2020-03-18T00:00:00+00:00,2020-03-19T00:00:00+00:00,-199.81609531055653,-201.31609531055653,-202.81609531055653,control_mom_follow,stop
EURUSD,-1,2020-03-19T00:00:00+00:00,2020-03-20T00:00:00+00:00,-34.600000000000186,-36.100000000000186,-37.600000000000186,control_mom_follow,friday_flat
EURUSD,-1,2020-03-23T00:00:00+00:00,2020-03-26T00:00:00+00:00,-230.05078768122854,-231.55078768122854,-233.05078768122854,control_mom_follow,stop
EURUSD,1,2020-03-26T00:00:00+00:00,2020-03-27T00:00:00+00:00,113.99999999999854,112.49999999999854,110.99999999999854,control_mom_follow,friday_flat
EURUSD,-1,2020-03-30T00:00:00+00:00,2020-04-03T00:00:00+00:00,230.0000000000013,228.5000000000013,227.0000000000013,control_mom_follow,friday_flat
EURUSD,-1,2020-04-06T00:00:00+00:00,2020-04-10T00:00:00+00:00,-142.70000000000005,-144.20000000000005,-145.70000000000005,control_mom_follow,friday_flat
EURUSD,-1,2020-04-13T00:00:00+00:00,2020-04-16T00:00:00+00:00,73.39999999999903,71.89999999999903,70.39999999999903,control_mom_follow,flip
EURUSD,1,2020-04-16T00:00:00+00:00,2020-04-17T00:00:00+00:00,35.30000000000033,33.80000000000033,32.30000000000033,control_mom_follow,friday_flat
EURUSD,1,2020-04-20T00:00:00+00:00,2020-04-22T00:00:00+00:00,-37.80000000000116,-39.30000000000116,-40.80000000000116,control_mom_follow,flip
EURUSD,-1,2020-04-22T00:00:00+00:00,2020-04-24T00:00:00+00:00,-1.500000000000945,-3.000000000000945,-4.500000000000945,control_mom_follow,friday_flat
EURUSD,-1,2020-04-27T00:00:00+00:00,2020-04-30T00:00:00+00:00,-122.70000000000003,-124.20000000000003,-125.70000000000003,control_mom_follow,flip
EURUSD,1,2020-04-30T00:00:00+00:00,2020-05-01T00:00:00+00:00,29.50000000000008,28.00000000000008,26.50000000000008,control_mom_follow,friday_flat
EURUSD,1,2020-05-04T00:00:00+00:00,2020-05-05T00:00:00+00:00,-67.49999999999811,-68.99999999999811,-70.49999999999811,control_mom_follow,flip
EURUSD,-1,2020-05-05T00:00:00+00:00,2020-05-08T00:00:00+00:00,0.40000000000040004,-1.0999999999996,-2.5999999999996,control_mom_follow,friday_flat
EURUSD,-1,2020-05-11T00:00:00+00:00,2020-05-12T00:00:00+00:00,-40.89999999999927,-42.39999999999927,-43.89999999999927,control_mom_follow,signal_flat
EURUSD,1,2020-06-16T00:00:00+00:00,2020-06-19T00:00:00+00:00,-86.80000000000021,-88.30000000000021,-89.80000000000021,control_mom_follow,friday_flat
EURUSD,1,2020-06-22T00:00:00+00:00,2020-06-26T00:00:00+00:00,-41.3999999999981,-42.8999999999981,-44.3999999999981,control_mom_follow,friday_flat
EURUSD,1,2020-06-29T00:00:00+00:00,2020-07-02T00:00:00+00:00,-2.20000000000109,-3.70000000000109,-5.20000000000109,control_mom_follow,flip
EURUSD,-1,2020-07-02T00:00:00+00:00,2020-07-03T00:00:00+00:00,-9.399999999999409,-10.899999999999409,-12.399999999999409,control_mom_follow,friday_flat
EURUSD,1,2020-07-06T00:00:00+00:00,2020-07-07T00:00:00+00:00,-35.799999999999166,-37.299999999999166,-38.799999999999166,control_mom_follow,flip
EURUSD,-1,2020-07-07T00:00:00+00:00,2020-07-10T00:00:00+00:00,-23.800000000000487,-25.300000000000487,-26.800000000000487,control_mom_follow,friday_flat
EURUSD,1,2020-07-13T00:00:00+00:00,2020-07-17T00:00:00+00:00,82.29999999999959,80.79999999999959,79.29999999999959,control_mom_follow,friday_flat
EURUSD,1,2020-07-20T00:00:00+00:00,2020-07-24T00:00:00+00:00,207.69999999999953,206.19999999999953,204.69999999999953,control_mom_follow,friday_flat
EURUSD,1,2020-07-27T00:00:00+00:00,2020-07-30T00:00:00+00:00,95.70000000000078,94.20000000000078,92.70000000000078,control_mom_follow,signal_flat
EURUSD,1,2020-08-03T00:00:00+00:00,2020-08-05T00:00:00+00:00,101.20000000000128,99.70000000000128,98.20000000000128,control_mom_follow,signal_flat
EURUSD,1,2020-08-12T00:00:00+00:00,2020-08-13T00:00:00+00:00,29.600000000000737,28.100000000000737,26.600000000000737,control_mom_follow,signal_flat
EURUSD,1,2020-08-18T00:00:00+00:00,2020-08-19T00:00:00+00:00,-92.0999999999994,-93.5999999999994,-95.0999999999994,control_mom_follow,signal_flat
EURUSD,1,2020-08-24T00:00:00+00:00,2020-08-25T00:00:00+00:00,46.99999999999926,45.49999999999926,43.99999999999926,control_mom_follow,signal_flat
EURUSD,-1,2020-08-27T00:00:00+00:00,2020-08-28T00:00:00+00:00,-83.80000000000054,-85.30000000000054,-86.80000000000054,control_mom_follow,friday_flat
EURUSD,1,2020-08-31T00:00:00+00:00,2020-09-01T00:00:00+00:00,-24.800000000000377,-26.300000000000377,-27.800000000000377,control_mom_follow,signal_flat
EURUSD,-1,2020-09-17T00:00:00+00:00,2020-09-18T00:00:00+00:00,6.300000000001305,4.800000000001305,3.3000000000013046,control_mom_follow,friday_flat
EURUSD,-1,2020-09-22T00:00:00+00:00,2020-09-25T00:00:00+00:00,78.10000000000095,76.60000000000095,75.10000000000095,control_mom_follow,friday_flat
EURUSD,-1,2020-09-28T00:00:00+00:00,2020-10-01T00:00:00+00:00,-81.49999999999879,-82.99999999999879,-84.49999999999879,control_mom_follow,signal_flat
EURUSD,-1,2020-10-05T00:00:00+00:00,2020-10-06T00:00:00+00:00,49.099999999999696,47.599999999999696,46.099999999999696,control_mom_follow,signal_flat
EURUSD,-1,2020-10-07T00:00:00+00:00,2020-10-08T00:00:00+00:00,4.599999999999049,3.0999999999990493,1.5999999999990493,control_mom_follow,signal_flat
EURUSD,1,2020-10-21T00:00:00+00:00,2020-10-23T00:00:00+00:00,0.0,-1.5,-3.0,control_mom_follow,friday_flat
EURUSD,-1,2020-11-03T00:00:00+00:00,2020-11-05T00:00:00+00:00,-106.93255781835775,-108.43255781835775,-109.93255781835775,control_mom_follow,stop
EURUSD,1,2020-11-05T00:00:00+00:00,2020-11-06T00:00:00+00:00,47.900000000000716,46.400000000000716,44.900000000000716,control_mom_follow,friday_flat
EURUSD,1,2020-11-09T00:00:00+00:00,2020-11-13T00:00:00+00:00,19.899999999999363,18.399999999999363,16.899999999999363,control_mom_follow,friday_flat
EURUSD,1,2020-11-17T00:00:00+00:00,2020-11-18T00:00:00+00:00,-7.900000000000684,-9.400000000000684,-10.900000000000684,control_mom_follow,signal_flat
EURUSD,1,2020-11-19T00:00:00+00:00,2020-11-20T00:00:00+00:00,-15.800000000001369,-17.30000000000137,-18.80000000000137,control_mom_follow,friday_flat
EURUSD,1,2020-11-23T00:00:00+00:00,2020-11-26T00:00:00+00:00,72.79999999999953,71.29999999999953,69.79999999999953,control_mom_follow,signal_flat
EURUSD,1,2020-12-09T00:00:00+00:00,2020-12-10T00:00:00+00:00,59.59999999999965,58.09999999999965,56.59999999999965,control_mom_follow,signal_flat
EURUSD,1,2020-12-23T00:00:00+00:00,2020-12-28T00:00:00+00:00,30.000000000001137,28.500000000001137,27.000000000001137,control_mom_follow,signal_flat
EURUSD,1,2020-12-30T00:00:00+00:00,2020-12-31T00:00:00+00:00,-80.60000000000177,-82.10000000000177,-83.60000000000177,control_mom_follow,signal_flat
EURUSD,1,2021-01-04T00:00:00+00:00,2021-01-08T00:00:00+00:00,-25.500000000000522,-27.000000000000522,-28.500000000000522,control_mom_follow,friday_flat
EURUSD,1,2021-01-12T00:00:00+00:00,2021-01-13T00:00:00+00:00,-49.399999999999444,-50.899999999999444,-52.399999999999444,control_mom_follow,signal_flat
EURUSD,1,2021-01-21T00:00:00+00:00,2021-01-22T00:00:00+00:00,6.399999999999739,4.899999999999739,3.3999999999997392,control_mom_follow,friday_flat
EURUSD,-1,2021-01-25T00:00:00+00:00,2021-01-29T00:00:00+00:00,5.999999999999339,4.499999999999339,2.999999999999339,control_mom_follow,friday_flat
EURUSD,-1,2021-02-01T00:00:00+00:00,2021-02-02T00:00:00+00:00,16.599999999999948,15.099999999999948,13.599999999999948,control_mom_follow,signal_flat
EURUSD,-1,2021-02-08T00:00:00+00:00,2021-02-11T00:00:00+00:00,-80.99999999999996,-82.49999999999996,-83.99999999999996,control_mom_follow,signal_flat
EURUSD,1,2021-02-15T00:00:00+00:00,2021-02-16T00:00:00+00:00,-22.100000000000453,-23.600000000000453,-25.100000000000453,control_mom_follow,flip
EURUSD,-1,2021-02-16T00:00:00+00:00,2021-02-17T00:00:00+00:00,67.89999999999851,66.39999999999851,64.89999999999851,control_mom_follow,signal_flat
EURUSD,1,2021-02-22T00:00:00+00:00,2021-02-23T00:00:00+00:00,-6.099999999999994,-7.599999999999994,-9.099999999999994,control_mom_follow,flip
EURUSD,-1,2021-02-23T00:00:00+00:00,2021-02-24T00:00:00+00:00,-17.199999999999438,-18.699999999999438,-20.199999999999438,control_mom_follow,flip
EURUSD,1,2021-02-24T00:00:00+00:00,2021-02-26T00:00:00+00:00,-97.1929880459954,-98.6929880459954,-100.1929880459954,control_mom_follow,stop
EURUSD,-1,2021-03-01T00:00:00+00:00,2021-03-02T00:00:00+00:00,-40.50000000000109,-42.00000000000109,-43.50000000000109,control_mom_follow,flip
EURUSD,1,2021-03-02T00:00:00+00:00,2021-03-04T00:00:00+00:00,-109.20910900618752,-110.70910900618752,-112.20910900618752,control_mom_follow,stop
EURUSD,1,2021-03-04T00:00:00+00:00,2021-03-05T00:00:00+00:00,-57.40000000000078,-58.90000000000078,-60.40000000000078,control_mom_follow,friday_flat
EURUSD,-1,2021-03-08T00:00:00+00:00,2021-03-11T00:00:00+00:00,-114.6522962392149,-116.1522962392149,-117.6522962392149,control_mom_follow,stop
EURUSD,-1,2021-03-11T00:00:00+00:00,2021-03-12T00:00:00+00:00,33.199999999999896,31.699999999999896,30.199999999999896,control_mom_follow,friday_flat
EURUSD,-1,2021-03-15T00:00:00+00:00,2021-03-19T00:00:00+00:00,22.699999999999942,21.199999999999942,19.699999999999942,control_mom_follow,friday_flat
EURUSD,-1,2021-03-22T00:00:00+00:00,2021-03-26T00:00:00+00:00,139.89999999999947,138.39999999999947,136.89999999999947,control_mom_follow,friday_flat
EURUSD,-1,2021-03-29T00:00:00+00:00,2021-04-01T00:00:00+00:00,-11.699999999998933,-13.199999999998933,-14.699999999998933,control_mom_follow,signal_flat
EURUSD,-1,2021-04-05T00:00:00+00:00,2021-04-07T00:00:00+00:00,-99.22142196561178,-100.72142196561178,-102.22142196561178,control_mom_follow,stop
EURUSD,-1,2021-04-07T00:00:00+00:00,2021-04-09T00:00:00+00:00,-34.19999999999978,-35.69999999999978,-37.19999999999978,control_mom_follow,friday_flat
EURUSD,-1,2021-04-12T00:00:00+00:00,2021-04-13T00:00:00+00:00,-37.4999999999992,-38.9999999999992,-40.4999999999992,control_mom_follow,flip
EURUSD,1,2021-04-13T00:00:00+00:00,2021-04-14T00:00:00+00:00,31.000000000001027,29.500000000001027,28.000000000001027,control_mom_follow,flip
EURUSD,-1,2021-04-14T00:00:00+00:00,2021-04-15T00:00:00+00:00,12.900000000000134,11.400000000000134,9.900000000000134,control_mom_follow,flip
EURUSD,1,2021-04-15T00:00:00+00:00,2021-04-16T00:00:00+00:00,15.400000000000968,13.900000000000968,12.400000000000968,control_mom_follow,friday_flat
EURUSD,1,2021-04-19T00:00:00+00:00,2021-04-20T00:00:00+00:00,-2.4000000000001798,-3.9000000000001798,-5.40000000000018,control_mom_follow,signal_flat
EURUSD,1,2021-04-22T00:00:00+00:00,2021-04-23T00:00:00+00:00,83.29999999999949,81.79999999999949,80.29999999999949,control_mom_follow,friday_flat
EURUSD,1,2021-04-28T00:00:00+00:00,2021-04-29T00:00:00+00:00,-6.299999999999084,-7.799999999999084,-9.299999999999084,control_mom_follow,signal_flat
EURUSD,1,2021-05-19T00:00:00+00:00,2021-05-20T00:00:00+00:00,52.499999999999766,50.999999999999766,49.499999999999766,control_mom_follow,signal_flat
EURUSD,1,2021-06-03T00:00:00+00:00,2021-06-04T00:00:00+00:00,39.70000000000029,38.20000000000029,36.70000000000029,control_mom_follow,friday_flat
EURUSD,1,2021-06-07T00:00:00+00:00,2021-06-08T00:00:00+00:00,-16.700000000000603,-18.200000000000603,-19.700000000000603,control_mom_follow,signal_flat
EURUSD,1,2021-06-09T00:00:00+00:00,2021-06-10T00:00:00+00:00,-3.5999999999991594,-5.099999999999159,-6.599999999999159,control_mom_follow,signal_flat
EURUSD,-1,2021-06-16T00:00:00+00:00,2021-06-18T00:00:00+00:00,134.60000000000028,133.10000000000028,131.60000000000028,control_mom_follow,friday_flat
EURUSD,-1,2021-06-21T00:00:00+00:00,2021-06-25T00:00:00+00:00,-18.499999999999073,-19.999999999999073,-21.499999999999073,control_mom_follow,friday_flat
EURUSD,-1,2021-06-28T00:00:00+00:00,2021-07-02T00:00:00+00:00,59.59999999999965,58.09999999999965,56.59999999999965,control_mom_follow,friday_flat
EURUSD,-1,2021-07-05T00:00:00+00:00,2021-07-09T00:00:00+00:00,-14.000000000000679,-15.500000000000679,-17.00000000000068,control_mom_follow,friday_flat
EURUSD,-1,2021-07-12T00:00:00+00:00,2021-07-16T00:00:00+00:00,55.099999999999035,53.599999999999035,52.099999999999035,control_mom_follow,friday_flat
EURUSD,-1,2021-07-19T00:00:00+00:00,2021-07-23T00:00:00+00:00,29.799999999999827,28.299999999999827,26.799999999999827,control_mom_follow,friday_flat
EURUSD,-1,2021-07-26T00:00:00+00:00,2021-07-29T00:00:00+00:00,-87.55608816894078,-89.05608816894078,-90.55608816894078,control_mom_follow,stop
EURUSD,1,2021-07-29T00:00:00+00:00,2021-07-30T00:00:00+00:00,-13.499999999999623,-14.999999999999623,-16.499999999999623,control_mom_follow,friday_flat
EURUSD,1,2021-08-02T00:00:00+00:00,2021-08-05T00:00:00+00:00,-36.09999999999891,-37.59999999999891,-39.09999999999891,control_mom_follow,flip
EURUSD,-1,2021-08-05T00:00:00+00:00,2021-08-06T00:00:00+00:00,71.60000000000055,70.10000000000055,68.60000000000055,control_mom_follow,friday_flat
EURUSD,-1,2021-08-09T00:00:00+00:00,2021-08-13T00:00:00+00:00,-59.99999999999783,-61.49999999999783,-62.99999999999783,control_mom_follow,friday_flat
EURUSD,-1,2021-08-16T00:00:00+00:00,2021-08-18T00:00:00+00:00,66.0000000000016,64.5000000000016,63.000000000001606,control_mom_follow,signal_flat
EURUSD,1,2021-09-14T00:00:00+00:00,2021-09-15T00:00:00+00:00,14.000000000000679,12.500000000000679,11.000000000000679,control_mom_follow,signal_flat
EURUSD,1,2021-09-16T00:00:00+00:00,2021-09-17T00:00:00+00:00,-40.200000000001346,-41.700000000001346,-43.200000000001346,control_mom_follow,friday_flat
EURUSD,-1,2021-09-20T00:00:00+00:00,2021-09-21T00:00:00+00:00,0.4999999999988347,-1.0000000000011653,-2.5000000000011653,control_mom_follow,signal_flat
EURUSD,-1,2021-09-22T00:00:00+00:00,2021-09-23T00:00:00+00:00,-51.49999999999988,-52.99999999999988,-54.49999999999988,control_mom_follow,signal_flat
EURUSD,-1,2021-09-28T00:00:00+00:00,2021-10-01T00:00:00+00:00,89.90000000000053,88.40000000000053,86.90000000000053,control_mom_follow,friday_flat
EURUSD,-1,2021-10-04T00:00:00+00:00,2021-10-05T00:00:00+00:00,22.099999999998232,20.599999999998232,19.099999999998232,control_mom_follow,signal_flat
EURUSD,-1,2021-10-13T00:00:00+00:00,2021-10-14T00:00:00+00:00,-1.900000000001345,-3.400000000001345,-4.900000000001345,control_mom_follow,signal_flat
EURUSD,-1,2021-10-18T00:00:00+00:00,2021-10-22T00:00:00+00:00,-33.99999999999847,-35.49999999999847,-36.99999999999847,control_mom_follow,friday_flat
EURUSD,-1,2021-10-26T00:00:00+00:00,2021-10-27T00:00:00+00:00,-6.900000000000794,-8.400000000000794,-9.900000000000794,control_mom_follow,signal_flat
EURUSD,1,2021-10-28T00:00:00+00:00,2021-10-29T00:00:00+00:00,-79.34861933308167,-80.84861933308167,-82.34861933308167,control_mom_follow,stop
EURUSD,-1,2021-11-01T00:00:00+00:00,2021-11-03T00:00:00+00:00,-9.00000000000123,-10.50000000000123,-12.00000000000123,control_mom_follow,signal_flat
EURUSD,1,2021-11-04T00:00:00+00:00,2021-11-05T00:00:00+00:00,12.600000000000389,11.100000000000389,9.600000000000389,control_mom_follow,friday_flat
EURUSD,1,2021-11-09T00:00:00+00:00,2021-11-10T00:00:00+00:00,-86.86144326708555,-88.36144326708555,-89.86144326708555,control_mom_follow,stop
EURUSD,-1,2021-11-10T00:00:00+00:00,2021-11-12T00:00:00+00:00,35.599999999997856,34.099999999997856,32.599999999997856,control_mom_follow,friday_flat
EURUSD,-1,2021-11-24T00:00:00+00:00,2021-11-25T00:00:00+00:00,-10.099999999999554,-11.599999999999554,-13.099999999999554,control_mom_follow,signal_flat
EURUSD,-1,2021-12-01T00:00:00+00:00,2021-12-03T00:00:00+00:00,11.000000000001009,9.500000000001009,8.000000000001009,control_mom_follow,friday_flat
EURUSD,-1,2021-12-06T00:00:00+00:00,2021-12-10T00:00:00+00:00,-31.49999999999986,-32.99999999999986,-34.49999999999986,control_mom_follow,friday_flat
EURUSD,-1,2021-12-13T00:00:00+00:00,2021-12-17T00:00:00+00:00,46.99999999999926,45.49999999999926,43.99999999999926,control_mom_follow,friday_flat
EURUSD,1,2021-12-21T00:00:00+00:00,2021-12-22T00:00:00+00:00,43.59999999999919,42.09999999999919,40.59999999999919,control_mom_follow,signal_flat
EURUSD,1,2021-12-30T00:00:00+00:00,2021-12-31T00:00:00+00:00,49.900000000000496,48.400000000000496,46.900000000000496,control_mom_follow,friday_flat
EURUSD,1,2022-01-03T00:00:00+00:00,2022-01-05T00:00:00+00:00,16.40000000000086,14.900000000000858,13.400000000000858,control_mom_follow,flip
EURUSD,-1,2022-01-05T00:00:00+00:00,2022-01-06T00:00:00+00:00,15.899999999999803,14.399999999999803,12.899999999999803,control_mom_follow,flip
EURUSD,1,2022-01-06T00:00:00+00:00,2022-01-07T00:00:00+00:00,61.39999999999812,59.89999999999812,58.39999999999812,control_mom_follow,friday_flat
EURUSD,1,2022-01-10T00:00:00+00:00,2022-01-13T00:00:00+00:00,128.69999999999936,127.19999999999936,125.69999999999936,control_mom_follow,signal_flat
EURUSD,1,2022-01-19T00:00:00+00:00,2022-01-20T00:00:00+00:00,-31.200000000000117,-32.70000000000012,-34.20000000000012,control_mom_follow,signal_flat
EURUSD,-1,2022-01-24T00:00:00+00:00,2022-01-26T00:00:00+00:00,84.90000000000109,83.40000000000109,81.90000000000109,control_mom_follow,signal_flat
EURUSD,-1,2022-01-27T00:00:00+00:00,2022-01-28T00:00:00+00:00,-2.4999999999986144,-3.9999999999986144,-5.499999999998614,control_mom_follow,friday_flat
EURUSD,-1,2022-02-01T00:00:00+00:00,2022-02-02T00:00:00+00:00,-31.69999999999895,-33.19999999999895,-34.69999999999895,control_mom_follow,signal_flat
EURUSD,-1,2022-02-10T00:00:00+00:00,2022-02-11T00:00:00+00:00,79.79999999999876,78.29999999999876,76.79999999999876,control_mom_follow,friday_flat
EURUSD,-1,2022-03-01T00:00:00+00:00,2022-03-02T00:00:00+00:00,4.500000000000615,3.0000000000006146,1.5000000000006146,control_mom_follow,signal_flat
EURUSD,-1,2022-03-10T00:00:00+00:00,2022-03-11T00:00:00+00:00,72.20000000000005,70.70000000000005,69.20000000000005,control_mom_follow,friday_flat
EURUSD,-1,2022-03-16T00:00:00+00:00,2022-03-17T00:00:00+00:00,-59.10000000000082,-60.60000000000082,-62.10000000000082,control_mom_follow,signal_flat
EURUSD,-1,2022-03-21T00:00:00+00:00,2022-03-25T00:00:00+00:00,33.39999999999898,31.899999999998983,30.399999999998983,control_mom_follow,friday_flat
EURUSD,-1,2022-03-28T00:00:00+00:00,2022-03-29T00:00:00+00:00,-141.28760285743613,-142.78760285743613,-144.28760285743613,control_mom_follow,stop
EURUSD,-1,2022-03-29T00:00:00+00:00,2022-03-30T00:00:00+00:00,-71.70000000000121,-73.20000000000121,-74.70000000000121,control_mom_follow,flip
EURUSD,1,2022-03-30T00:00:00+00:00,2022-04-01T00:00:00+00:00,-112.79999999999956,-114.29999999999956,-115.79999999999956,control_mom_follow,friday_flat
EURUSD,1,2022-04-04T00:00:00+00:00,2022-04-06T00:00:00+00:00,-75.89999999999985,-77.39999999999985,-78.89999999999985,control_mom_follow,flip
EURUSD,-1,2022-04-06T00:00:00+00:00,2022-04-08T00:00:00+00:00,20.900000000001473,19.400000000001473,17.900000000001473,control_mom_follow,friday_flat
EURUSD,-1,2022-04-11T00:00:00+00:00,2022-04-15T00:00:00+00:00,71.60000000000055,70.10000000000055,68.60000000000055,control_mom_follow,friday_flat
EURUSD,-1,2022-04-18T00:00:00+00:00,2022-04-21T00:00:00+00:00,-128.73106609452512,-130.23106609452512,-131.73106609452512,control_mom_follow,stop
EURUSD,-1,2022-04-21T00:00:00+00:00,2022-04-22T00:00:00+00:00,32.70000000000106,31.20000000000106,29.70000000000106,control_mom_follow,friday_flat
EURUSD,-1,2022-04-25T00:00:00+00:00,2022-04-29T00:00:00+00:00,166.50000000000054,165.00000000000054,163.50000000000054,control_mom_follow,friday_flat
EURUSD,-1,2022-05-02T00:00:00+00:00,2022-05-06T00:00:00+00:00,-36.6999999999984,-38.1999999999984,-39.6999999999984,control_mom_follow,friday_flat
EURUSD,-1,2022-05-09T00:00:00+00:00,2022-05-13T00:00:00+00:00,149.3000000000011,147.8000000000011,146.3000000000011,control_mom_follow,friday_flat
EURUSD,-1,2022-05-16T00:00:00+00:00,2022-05-19T00:00:00+00:00,-142.73743137249716,-144.23743137249716,-145.73743137249716,control_mom_follow,stop
EURUSD,-1,2022-05-19T00:00:00+00:00,2022-05-20T00:00:00+00:00,27.200000000000557,25.700000000000557,24.200000000000557,control_mom_follow,friday_flat
EURUSD,-1,2022-05-23T00:00:00+00:00,2022-05-24T00:00:00+00:00,-45.199999999998575,-46.699999999998575,-48.199999999998575,control_mom_follow,flip
EURUSD,1,2022-05-24T00:00:00+00:00,2022-05-27T00:00:00+00:00,-2.3999999999979593,-3.8999999999979593,-5.399999999997959,control_mom_follow,friday_flat
EURUSD,1,2022-05-30T00:00:00+00:00,2022-06-01T00:00:00+00:00,-140.7286809790986,-142.2286809790986,-143.7286809790986,control_mom_follow,stop
EURUSD,1,2022-06-01T00:00:00+00:00,2022-06-03T00:00:00+00:00,68.09999999999982,66.59999999999982,65.09999999999982,control_mom_follow,friday_flat
EURUSD,1,2022-06-06T00:00:00+00:00,2022-06-10T00:00:00+00:00,-137.98451890724817,-139.48451890724817,-140.98451890724817,control_mom_follow,stop
EURUSD,-1,2022-06-13T00:00:00+00:00,2022-06-15T00:00:00+00:00,-35.400000000000986,-36.900000000000986,-38.400000000000986,control_mom_follow,signal_flat
EURUSD,-1,2022-06-20T00:00:00+00:00,2022-06-24T00:00:00+00:00,-42.9999999999997,-44.4999999999997,-45.9999999999997,control_mom_follow,friday_flat
EURUSD,-1,2022-06-27T00:00:00+00:00,2022-07-01T00:00:00+00:00,156.79999999999916,155.29999999999916,153.79999999999916,control_mom_follow,friday_flat
EURUSD,-1,2022-07-04T00:00:00+00:00,2022-07-08T00:00:00+00:00,239.0000000000003,237.5000000000003,236.0000000000003,control_mom_follow,friday_flat
EURUSD,-1,2022-07-11T00:00:00+00:00,2022-07-15T00:00:00+00:00,-45.80000000000028,-47.30000000000028,-48.80000000000028,control_mom_follow,friday_flat
EURUSD,-1,2022-07-18T00:00:00+00:00,2022-07-22T00:00:00+00:00,-69.09999999999971,-70.59999999999971,-72.09999999999971,control_mom_follow,friday_flat
EURUSD,-1,2022-07-25T00:00:00+00:00,2022-07-28T00:00:00+00:00,22.499999999998632,20.999999999998632,19.499999999998632,control_mom_follow,signal_flat
EURUSD,-1,2022-08-01T00:00:00+00:00,2022-08-04T00:00:00+00:00,17.000000000000348,15.500000000000348,14.000000000000348,control_mom_follow,flip
EURUSD,1,2022-08-04T00:00:00+00:00,2022-08-05T00:00:00+00:00,-67.09999999999994,-68.59999999999994,-70.09999999999994,control_mom_follow,friday_flat
EURUSD,1,2022-08-08T00:00:00+00:00,2022-08-12T00:00:00+00:00,61.70000000000009,60.20000000000009,58.70000000000009,control_mom_follow,friday_flat
EURUSD,1,2022-08-15T00:00:00+00:00,2022-08-16T00:00:00+00:00,10.600000000000609,9.100000000000609,7.600000000000609,control_mom_follow,flip
EURUSD,-1,2022-08-16T00:00:00+00:00,2022-08-17T00:00:00+00:00,-10.499999999999954,-11.999999999999954,-13.499999999999954,control_mom_follow,flip
EURUSD,1,2022-08-17T00:00:00+00:00,2022-08-18T00:00:00+00:00,-93.19999999999995,-94.69999999999995,-96.19999999999995,control_mom_follow,flip
EURUSD,-1,2022-08-18T00:00:00+00:00,2022-08-19T00:00:00+00:00,48.200000000000465,46.700000000000465,45.200000000000465,control_mom_follow,friday_flat
EURUSD,-1,2022-08-22T00:00:00+00:00,2022-08-26T00:00:00+00:00,-21.600000000000506,-23.100000000000506,-24.600000000000506,control_mom_follow,friday_flat
EURUSD,-1,2022-08-29T00:00:00+00:00,2022-09-02T00:00:00+00:00,40.10000000000069,38.60000000000069,37.10000000000069,control_mom_follow,friday_flat
EURUSD,-1,2022-09-05T00:00:00+00:00,2022-09-08T00:00:00+00:00,-67.30000000000014,-68.80000000000014,-70.30000000000014,control_mom_follow,signal_flat
EURUSD,-1,2022-09-13T00:00:00+00:00,2022-09-16T00:00:00+00:00,-44.300000000000445,-45.800000000000445,-47.300000000000445,control_mom_follow,friday_flat
EURUSD,1,2022-09-19T00:00:00+00:00,2022-09-21T00:00:00+00:00,-158.84470102104254,-160.34470102104254,-161.84470102104254,control_mom_follow,stop
EURUSD,-1,2022-09-21T00:00:00+00:00,2022-09-23T00:00:00+00:00,149.20000000000044,147.70000000000044,146.20000000000044,control_mom_follow,friday_flat
EURUSD,-1,2022-11-03T00:00:00+00:00,2022-11-04T00:00:00+00:00,-176.92004696270746,-178.42004696270746,-179.92004696270746,control_mom_follow,stop
EURUSD,1,2022-12-19T00:00:00+00:00,2022-12-22T00:00:00+00:00,-9.300000000000974,-10.800000000000974,-12.300000000000974,control_mom_follow,signal_flat
EURUSD,-1,2023-02-06T00:00:00+00:00,2023-02-10T00:00:00+00:00,46.69999999999952,45.19999999999952,43.69999999999952,control_mom_follow,friday_flat
EURUSD,-1,2023-02-13T00:00:00+00:00,2023-02-17T00:00:00+00:00,30.799999999999716,29.299999999999716,27.799999999999716,control_mom_follow,friday_flat
EURUSD,-1,2023-02-20T00:00:00+00:00,2023-02-24T00:00:00+00:00,140.70000000000027,139.20000000000027,137.70000000000027,control_mom_follow,friday_flat
EURUSD,-1,2023-02-27T00:00:00+00:00,2023-03-03T00:00:00+00:00,-23.200000000000998,-24.700000000000998,-26.200000000000998,control_mom_follow,friday_flat
EURUSD,-1,2023-03-06T00:00:00+00:00,2023-03-10T00:00:00+00:00,44.90000000000105,43.40000000000105,41.90000000000105,control_mom_follow,friday_flat
EURUSD,1,2023-03-13T00:00:00+00:00,2023-03-14T00:00:00+00:00,2.300000000001745,0.8000000000017451,-0.6999999999982549,control_mom_follow,flip
EURUSD,-1,2023-03-14T00:00:00+00:00,2023-03-17T00:00:00+00:00,65.60000000000122,64.10000000000122,62.60000000000122,control_mom_follow,friday_flat
EURUSD,1,2023-03-20T00:00:00+00:00,2023-03-24T00:00:00+00:00,42.40000000000021,40.90000000000021,39.40000000000021,control_mom_follow,friday_flat
EURUSD,1,2023-03-27T00:00:00+00:00,2023-03-31T00:00:00+00:00,45.20000000000079,43.70000000000079,42.20000000000079,control_mom_follow,friday_flat
EURUSD,1,2023-04-03T00:00:00+00:00,2023-04-07T00:00:00+00:00,-4.700000000001925,-6.200000000001925,-7.700000000001925,control_mom_follow,friday_flat
EURUSD,1,2023-04-10T00:00:00+00:00,2023-04-14T00:00:00+00:00,133.30000000000064,131.80000000000064,130.30000000000064,control_mom_follow,friday_flat
EURUSD,1,2023-04-17T00:00:00+00:00,2023-04-21T00:00:00+00:00,60.700000000000195,59.200000000000195,57.700000000000195,control_mom_follow,friday_flat
EURUSD,1,2023-04-24T00:00:00+00:00,2023-04-28T00:00:00+00:00,-28.29999999999888,-29.79999999999888,-31.29999999999888,control_mom_follow,friday_flat
EURUSD,1,2023-05-01T00:00:00+00:00,2023-05-05T00:00:00+00:00,42.29999999999956,40.79999999999956,39.29999999999956,control_mom_follow,friday_flat
EURUSD,1,2023-05-09T00:00:00+00:00,2023-05-10T00:00:00+00:00,22.600000000001508,21.100000000001508,19.600000000001508,control_mom_follow,flip
EURUSD,-1,2023-05-10T00:00:00+00:00,2023-05-12T00:00:00+00:00,133.2,131.7,130.2,control_mom_follow,friday_flat
EURUSD,-1,2023-05-15T00:00:00+00:00,2023-05-19T00:00:00+00:00,69.2999999999988,67.7999999999988,66.2999999999988,control_mom_follow,friday_flat
EURUSD,-1,2023-05-22T00:00:00+00:00,2023-05-25T00:00:00+00:00,87.99999999999919,86.49999999999919,84.99999999999919,control_mom_follow,signal_flat
EURUSD,1,2023-06-22T00:00:00+00:00,2023-06-23T00:00:00+00:00,-106.96681032783539,-108.46681032783539,-109.96681032783539,control_mom_follow,stop
EURUSD,1,2023-06-26T00:00:00+00:00,2023-06-30T00:00:00+00:00,3.900000000001125,2.400000000001125,0.9000000000011248,control_mom_follow,friday_flat
EURUSD,1,2023-07-03T00:00:00+00:00,2023-07-07T00:00:00+00:00,57.70000000000053,56.20000000000053,54.70000000000053,control_mom_follow,friday_flat
EURUSD,1,2023-07-10T00:00:00+00:00,2023-07-14T00:00:00+00:00,229.5999999999987,228.0999999999987,226.5999999999987,control_mom_follow,friday_flat
EURUSD,1,2023-07-17T00:00:00+00:00,2023-07-20T00:00:00+00:00,-108.45567051409377,-109.95567051409377,-111.45567051409377,control_mom_follow,stop
EURUSD,1,2023-07-20T00:00:00+00:00,2023-07-21T00:00:00+00:00,-4.3999999999999595,-5.8999999999999595,-7.3999999999999595,control_mom_follow,friday_flat
EURUSD,1,2023-07-24T00:00:00+00:00,2023-07-28T00:00:00+00:00,-109.01613022511025,-110.51613022511025,-112.01613022511025,control_mom_follow,stop
EURUSD,1,2023-08-03T00:00:00+00:00,2023-08-04T00:00:00+00:00,57.49999999999922,55.99999999999922,54.49999999999922,control_mom_follow,friday_flat
EURUSD,1,2023-08-07T00:00:00+00:00,2023-08-08T00:00:00+00:00,-46.49999999999821,-47.99999999999821,-49.49999999999821,control_mom_follow,flip
EURUSD,-1,2023-08-08T00:00:00+00:00,2023-08-11T00:00:00+00:00,10.499999999999954,8.999999999999954,7.499999999999954,control_mom_follow,friday_flat
EURUSD,-1,2023-08-14T00:00:00+00:00,2023-08-18T00:00:00+00:00,35.60000000000007,34.10000000000007,32.60000000000007,control_mom_follow,friday_flat
EURUSD,-1,2023-08-21T00:00:00+00:00,2023-08-24T00:00:00+00:00,85.30000000000148,83.80000000000148,82.30000000000148,control_mom_follow,signal_flat
EURUSD,-1,2023-09-21T00:00:00+00:00,2023-09-22T00:00:00+00:00,17.599999999999838,16.099999999999838,14.599999999999838,control_mom_follow,friday_flat
EURUSD,-1,2023-09-25T00:00:00+00:00,2023-09-29T00:00:00+00:00,18.400000000000638,16.900000000000638,15.400000000000638,control_mom_follow,friday_flat
EURUSD,-1,2023-10-02T00:00:00+00:00,2023-10-06T00:00:00+00:00,-108.60495037723571,-110.10495037723571,-111.60495037723571,control_mom_follow,stop
EURUSD,-1,2023-10-09T00:00:00+00:00,2023-10-13T00:00:00+00:00,58.700000000000415,57.200000000000415,55.700000000000415,control_mom_follow,friday_flat
EURUSD,-1,2023-10-16T00:00:00+00:00,2023-10-20T00:00:00+00:00,-33.90000000000004,-35.40000000000004,-36.90000000000004,control_mom_follow,friday_flat
EURUSD,1,2023-10-23T00:00:00+00:00,2023-10-26T00:00:00+00:00,-109.28099910111344,-110.78099910111344,-112.28099910111344,control_mom_follow,stop
EURUSD,-1,2023-10-26T00:00:00+00:00,2023-10-27T00:00:00+00:00,-2.500000000000835,-4.000000000000835,-5.500000000000835,control_mom_follow,friday_flat
EURUSD,1,2023-10-30T00:00:00+00:00,2023-11-01T00:00:00+00:00,-45.29999999999923,-46.79999999999923,-48.29999999999923,control_mom_follow,signal_flat
EURUSD,1,2023-11-02T00:00:00+00:00,2023-11-03T00:00:00+00:00,109.2000000000004,107.7000000000004,106.2000000000004,control_mom_follow,friday_flat
EURUSD,1,2023-11-06T00:00:00+00:00,2023-11-10T00:00:00+00:00,-32.30000000000066,-33.80000000000066,-35.30000000000066,control_mom_follow,friday_flat
EURUSD,1,2023-11-13T00:00:00+00:00,2023-11-14T00:00:00+00:00,180.10000000000082,178.60000000000082,177.10000000000082,control_mom_follow,signal_flat
EURUSD,1,2023-12-28T00:00:00+00:00,2023-12-29T00:00:00+00:00,-24.900000000001032,-26.400000000001032,-27.900000000001032,control_mom_follow,friday_flat
EURUSD,1,2024-01-02T00:00:00+00:00,2024-01-05T00:00:00+00:00,0.09999999999843467,-1.4000000000015653,-2.9000000000015653,control_mom_follow,friday_flat
EURUSD,-1,2024-01-30T00:00:00+00:00,2024-02-01T00:00:00+00:00,-25.799999999998047,-27.299999999998047,-28.799999999998047,control_mom_follow,signal_flat
EURUSD,-1,2024-02-07T00:00:00+00:00,2024-02-09T00:00:00+00:00,-13.300000000000534,-14.800000000000534,-16.300000000000534,control_mom_follow,friday_flat
EURUSD,-1,2024-02-12T00:00:00+00:00,2024-02-14T00:00:00+00:00,43.8000000000005,42.3000000000005,40.8000000000005,control_mom_follow,signal_flat
EURUSD,-1,2024-02-15T00:00:00+00:00,2024-02-16T00:00:00+00:00,-5.5000000000005045,-7.0000000000005045,-8.500000000000504,control_mom_follow,friday_flat
EURUSD,-1,2024-02-19T00:00:00+00:00,2024-02-22T00:00:00+00:00,-90.3385122379352,-91.8385122379352,-93.3385122379352,control_mom_follow,stop
EURUSD,-1,2024-02-22T00:00:00+00:00,2024-02-23T00:00:00+00:00,3.60000000000138,2.10000000000138,0.6000000000013799,control_mom_follow,friday_flat
EURUSD,-1,2024-04-01T00:00:00+00:00,2024-04-03T00:00:00+00:00,-79.29990708174682,-80.79990708174682,-82.29990708174682,control_mom_follow,stop
EURUSD,-1,2024-04-03T00:00:00+00:00,2024-04-04T00:00:00+00:00,-0.700000000000145,-2.200000000000145,-3.700000000000145,control_mom_follow,signal_flat
EURUSD,-1,2024-04-29T00:00:00+00:00,2024-05-03T00:00:00+00:00,-89.0845761966985,-90.5845761966985,-92.0845761966985,control_mom_follow,stop
EURUSD,1,2024-05-22T00:00:00+00:00,2024-05-23T00:00:00+00:00,-7.699999999999374,-9.199999999999374,-10.699999999999374,control_mom_follow,signal_flat
EURUSD,1,2024-05-30T00:00:00+00:00,2024-05-31T00:00:00+00:00,16.100000000001113,14.600000000001113,13.100000000001113,control_mom_follow,friday_flat
EURUSD,1,2024-06-03T00:00:00+00:00,2024-06-06T00:00:00+00:00,-16.599999999999948,-18.099999999999948,-19.599999999999948,control_mom_follow,signal_flat
EURUSD,-1,2024-06-10T00:00:00+00:00,2024-06-11T00:00:00+00:00,24.800000000000377,23.300000000000377,21.800000000000377,control_mom_follow,signal_flat
EURUSD,-1,2024-06-13T00:00:00+00:00,2024-06-14T00:00:00+00:00,34.50000000000175,33.00000000000175,31.500000000001748,control_mom_follow,friday_flat
EURUSD,-1,2024-06-17T00:00:00+00:00,2024-06-21T00:00:00+00:00,41.10000000000058,39.60000000000058,38.10000000000058,control_mom_follow,friday_flat
EURUSD,-1,2024-06-24T00:00:00+00:00,2024-06-28T00:00:00+00:00,19.700000000000273,18.200000000000273,16.700000000000273,control_mom_follow,friday_flat
EURUSD,-1,2024-07-01T00:00:00+00:00,2024-07-05T00:00:00+00:00,-84.52334831629659,-86.02334831629659,-87.52334831629659,control_mom_follow,stop
EURUSD,1,2024-07-08T00:00:00+00:00,2024-07-12T00:00:00+00:00,82.29999999999959,80.79999999999959,79.29999999999959,control_mom_follow,friday_flat
EURUSD,1,2024-07-15T00:00:00+00:00,2024-07-19T00:00:00+00:00,-9.799999999999809,-11.299999999999809,-12.799999999999809,control_mom_follow,friday_flat
EURUSD,1,2024-07-22T00:00:00+00:00,2024-07-26T00:00:00+00:00,-35.00000000000058,-36.50000000000058,-38.00000000000058,control_mom_follow,friday_flat
EURUSD,1,2024-07-29T00:00:00+00:00,2024-08-01T00:00:00+00:00,-29.700000000001392,-31.200000000001392,-32.700000000001396,control_mom_follow,flip
EURUSD,-1,2024-08-01T00:00:00+00:00,2024-08-02T00:00:00+00:00,-70.21591579304153,-71.71591579304153,-73.21591579304153,control_mom_follow,stop
EURUSD,1,2024-08-05T00:00:00+00:00,2024-08-06T00:00:00+00:00,-21.999999999999797,-23.499999999999797,-24.999999999999797,control_mom_follow,signal_flat
EURUSD,1,2024-09-12T00:00:00+00:00,2024-09-13T00:00:00+00:00,1.5999999999993797,0.0999999999993797,-1.4000000000006203,control_mom_follow,friday_flat
EURUSD,-1,2024-09-17T00:00:00+00:00,2024-09-19T00:00:00+00:00,-48.09999999999981,-49.59999999999981,-51.09999999999981,control_mom_follow,flip
EURUSD,1,2024-09-19T00:00:00+00:00,2024-09-20T00:00:00+00:00,2.4000000000001798,0.9000000000001798,-0.5999999999998202,control_mom_follow,friday_flat
EURUSD,-1,2024-09-23T00:00:00+00:00,2024-09-25T00:00:00+00:00,-94.2175809437229,-95.7175809437229,-97.2175809437229,control_mom_follow,stop
EURUSD,1,2024-09-25T00:00:00+00:00,2024-09-27T00:00:00+00:00,30.799999999999716,29.299999999999716,27.799999999999716,control_mom_follow,friday_flat
EURUSD,1,2024-09-30T00:00:00+00:00,2024-10-02T00:00:00+00:00,-90.90000000000042,-92.40000000000042,-93.90000000000042,control_mom_follow,signal_flat
EURUSD,-1,2024-10-03T00:00:00+00:00,2024-10-04T00:00:00+00:00,56.89999999999973,55.39999999999973,53.89999999999973,control_mom_follow,friday_flat
EURUSD,-1,2024-10-07T00:00:00+00:00,2024-10-11T00:00:00+00:00,37.70000000000051,36.20000000000051,34.70000000000051,control_mom_follow,friday_flat
EURUSD,-1,2024-10-14T00:00:00+00:00,2024-10-18T00:00:00+00:00,41.50000000000098,40.00000000000098,38.50000000000098,control_mom_follow,friday_flat
EURUSD,-1,2024-10-21T00:00:00+00:00,2024-10-24T00:00:00+00:00,-11.900000000000244,-13.400000000000244,-14.900000000000244,control_mom_follow,signal_flat
EURUSD,-1,2024-11-04T00:00:00+00:00,2024-11-05T00:00:00+00:00,-49.600000000000755,-51.100000000000755,-52.600000000000755,control_mom_follow,signal_flat
EURUSD,-1,2024-11-11T00:00:00+00:00,2024-11-15T00:00:00+00:00,112.00000000000098,110.50000000000098,109.00000000000098,control_mom_follow,friday_flat
EURUSD,-1,2024-11-18T00:00:00+00:00,2024-11-22T00:00:00+00:00,179.59999999999974,178.09999999999974,176.59999999999974,control_mom_follow,friday_flat
EURUSD,-1,2024-11-25T00:00:00+00:00,2024-11-29T00:00:00+00:00,-82.69999999999999,-84.19999999999999,-85.69999999999999,control_mom_follow,friday_flat
EURUSD,-1,2024-12-02T00:00:00+00:00,2024-12-03T00:00:00+00:00,-8.899999999998354,-10.399999999998354,-11.899999999998354,control_mom_follow,signal_flat
EURUSD,-1,2024-12-19T00:00:00+00:00,2024-12-20T00:00:00+00:00,-66.69999999999953,-68.19999999999953,-69.69999999999953,control_mom_follow,friday_flat
EURUSD,-1,2024-12-23T00:00:00+00:00,2024-12-25T00:00:00+00:00,6.00000000000156,4.50000000000156,3.0000000000015596,control_mom_follow,signal_flat
EURUSD,-1,2025-01-02T00:00:00+00:00,2025-01-03T00:00:00+00:00,-52.00000000000093,-53.50000000000093,-55.00000000000093,control_mom_follow,friday_flat
EURUSD,-1,2025-01-06T00:00:00+00:00,2025-01-10T00:00:00+00:00,145.59999999999906,144.09999999999906,142.59999999999906,control_mom_follow,friday_flat
EURUSD,-1,2025-01-13T00:00:00+00:00,2025-01-17T00:00:00+00:00,-29.300000000000992,-30.800000000000992,-32.30000000000099,control_mom_follow,friday_flat
EURUSD,-1,2025-01-20T00:00:00+00:00,2025-01-21T00:00:00+00:00,-11.099999999999444,-12.599999999999444,-14.099999999999444,control_mom_follow,flip
EURUSD,1,2025-01-21T00:00:00+00:00,2025-01-24T00:00:00+00:00,67.70000000000165,66.20000000000165,64.70000000000165,control_mom_follow,friday_flat
EURUSD,1,2025-02-06T00:00:00+00:00,2025-02-07T00:00:00+00:00,-55.600000000000094,-57.100000000000094,-58.600000000000094,control_mom_follow,friday_flat
EURUSD,1,2025-02-10T00:00:00+00:00,2025-02-14T00:00:00+00:00,183.8000000000006,182.3000000000006,180.8000000000006,control_mom_follow,friday_flat
EURUSD,1,2025-02-17T00:00:00+00:00,2025-02-21T00:00:00+00:00,-25.700000000001832,-27.200000000001832,-28.700000000001832,control_mom_follow,friday_flat
EURUSD,-1,2025-02-24T00:00:00+00:00,2025-02-25T00:00:00+00:00,-44.99999999999948,-46.49999999999948,-47.99999999999948,control_mom_follow,flip
EURUSD,1,2025-02-25T00:00:00+00:00,2025-02-27T00:00:00+00:00,-115.44659999237705,-116.94659999237705,-118.44659999237705,control_mom_follow,stop
EURUSD,1,2025-02-27T00:00:00+00:00,2025-02-28T00:00:00+00:00,-21.999999999999797,-23.499999999999797,-24.999999999999797,control_mom_follow,friday_flat
EURUSD,1,2025-03-03T00:00:00+00:00,2025-03-07T00:00:00+00:00,347.3999999999999,345.8999999999999,344.3999999999999,control_mom_follow,friday_flat
EURUSD,1,2025-03-10T00:00:00+00:00,2025-03-14T00:00:00+00:00,40.70000000000018,39.20000000000018,37.70000000000018,control_mom_follow,friday_flat
EURUSD,1,2025-03-17T00:00:00+00:00,2025-03-21T00:00:00+00:00,-108.59999999999869,-110.09999999999869,-111.59999999999869,control_mom_follow,friday_flat
EURUSD,1,2025-03-24T00:00:00+00:00,2025-03-28T00:00:00+00:00,28.399999999999537,26.899999999999537,25.399999999999537,control_mom_follow,friday_flat
EURUSD,1,2025-03-31T00:00:00+00:00,2025-04-04T00:00:00+00:00,148.39999999999964,146.89999999999964,145.39999999999964,control_mom_follow,friday_flat
EURUSD,1,2025-04-07T00:00:00+00:00,2025-04-11T00:00:00+00:00,451.5000000000002,450.0000000000002,448.5000000000002,control_mom_follow,friday_flat
EURUSD,1,2025-04-14T00:00:00+00:00,2025-04-18T00:00:00+00:00,41.400000000000325,39.900000000000325,38.400000000000325,control_mom_follow,friday_flat
EURUSD,1,2025-04-21T00:00:00+00:00,2025-04-23T00:00:00+00:00,-197.40104119130297,-198.90104119130297,-200.40104119130297,control_mom_follow,stop
EURUSD,1,2025-04-24T00:00:00+00:00,2025-04-25T00:00:00+00:00,-22.100000000000453,-23.600000000000453,-25.100000000000453,control_mom_follow,friday_flat
EURUSD,1,2025-04-28T00:00:00+00:00,2025-05-02T00:00:00+00:00,-116.40000000000094,-117.90000000000094,-119.40000000000094,control_mom_follow,friday_flat
EURUSD,1,2025-05-05T00:00:00+00:00,2025-05-09T00:00:00+00:00,-65.99999999999939,-67.49999999999939,-68.99999999999939,control_mom_follow,friday_flat
EURUSD,-1,2025-05-12T00:00:00+00:00,2025-05-14T00:00:00+00:00,-168.87507629968155,-170.37507629968155,-171.87507629968155,control_mom_follow,stop
EURUSD,-1,2025-05-14T00:00:00+00:00,2025-05-16T00:00:00+00:00,7.600000000000939,6.100000000000939,4.600000000000939,control_mom_follow,friday_flat
EURUSD,-1,2025-05-19T00:00:00+00:00,2025-05-21T00:00:00+00:00,-90.50000000000001,-92.00000000000001,-93.50000000000001,control_mom_follow,flip
EURUSD,1,2025-05-21T00:00:00+00:00,2025-05-22T00:00:00+00:00,-46.10000000000003,-47.60000000000003,-49.10000000000003,control_mom_follow,flip
EURUSD,-1,2025-05-22T00:00:00+00:00,2025-05-23T00:00:00+00:00,-81.50000000000101,-83.00000000000101,-84.50000000000101,control_mom_follow,friday_flat
EURUSD,-1,2025-05-26T00:00:00+00:00,2025-05-29T00:00:00+00:00,16.099999999998893,14.599999999998893,13.099999999998893,control_mom_follow,flip
EURUSD,1,2025-05-29T00:00:00+00:00,2025-05-30T00:00:00+00:00,-19.299999999999873,-20.799999999999873,-22.299999999999873,control_mom_follow,friday_flat
EURUSD,1,2025-06-02T00:00:00+00:00,2025-06-05T00:00:00+00:00,5.5000000000005045,4.0000000000005045,2.5000000000005045,control_mom_follow,signal_flat
EURUSD,1,2025-06-12T00:00:00+00:00,2025-06-13T00:00:00+00:00,-30.90000000000037,-32.400000000000375,-33.900000000000375,control_mom_follow,friday_flat
EURUSD,1,2025-06-16T00:00:00+00:00,2025-06-20T00:00:00+00:00,-35.60000000000007,-37.10000000000007,-38.60000000000007,control_mom_follow,friday_flat
EURUSD,1,2025-06-23T00:00:00+00:00,2025-06-27T00:00:00+00:00,141.70000000000016,140.20000000000016,138.70000000000016,control_mom_follow,friday_flat
EURUSD,1,2025-06-30T00:00:00+00:00,2025-07-04T00:00:00+00:00,-19.899999999999363,-21.399999999999363,-22.899999999999363,control_mom_follow,friday_flat
EURUSD,1,2025-07-07T00:00:00+00:00,2025-07-11T00:00:00+00:00,-18.499999999999073,-19.999999999999073,-21.499999999999073,control_mom_follow,friday_flat
EURUSD,1,2025-07-14T00:00:00+00:00,2025-07-18T00:00:00+00:00,-39.400000000000546,-40.900000000000546,-42.400000000000546,control_mom_follow,friday_flat
EURUSD,1,2025-07-21T00:00:00+00:00,2025-07-22T00:00:00+00:00,65.90000000000096,64.40000000000096,62.90000000000096,control_mom_follow,signal_flat
EURUSD,-1,2025-07-28T00:00:00+00:00,2025-08-01T00:00:00+00:00,-0.9999999999998899,-2.49999999999989,-3.99999999999989,control_mom_follow,friday_flat
EURUSD,-1,2025-08-04T00:00:00+00:00,2025-08-08T00:00:00+00:00,-65.3999999999999,-66.8999999999999,-68.3999999999999,control_mom_follow,friday_flat
EURUSD,-1,2025-08-11T00:00:00+00:00,2025-08-12T00:00:00+00:00,-57.200000000001694,-58.700000000001694,-60.200000000001694,control_mom_follow,signal_flat
EURUSD,1,2025-08-13T00:00:00+00:00,2025-08-14T00:00:00+00:00,-56.59999999999998,-58.09999999999998,-59.59999999999998,control_mom_follow,signal_flat
EURUSD,1,2025-08-27T00:00:00+00:00,2025-08-28T00:00:00+00:00,44.30000000000156,42.80000000000156,41.30000000000156,control_mom_follow,signal_flat
EURUSD,1,2025-09-03T00:00:00+00:00,2025-09-04T00:00:00+00:00,-10.40000000000152,-11.90000000000152,-13.40000000000152,control_mom_follow,flip
EURUSD,-1,2025-09-04T00:00:00+00:00,2025-09-05T00:00:00+00:00,-66.90000000000084,-68.40000000000084,-69.90000000000084,control_mom_follow,friday_flat
EURUSD,1,2025-09-08T00:00:00+00:00,2025-09-10T00:00:00+00:00,-68.30000000000113,-69.80000000000113,-71.30000000000113,control_mom_follow,flip
EURUSD,-1,2025-09-10T00:00:00+00:00,2025-09-11T00:00:00+00:00,-41.29999999999967,-42.79999999999967,-44.29999999999967,control_mom_follow,flip
EURUSD,1,2025-09-11T00:00:00+00:00,2025-09-12T00:00:00+00:00,-1.1999999999989797,-2.6999999999989797,-4.19999999999898,control_mom_follow,friday_flat
EURUSD,1,2025-09-15T00:00:00+00:00,2025-09-17T00:00:00+00:00,51.49999999999988,49.99999999999988,48.49999999999988,control_mom_follow,signal_flat
EURUSD,1,2025-09-22T00:00:00+00:00,2025-09-25T00:00:00+00:00,-119.9650291404386,-121.4650291404386,-122.9650291404386,control_mom_follow,stop
EURUSD,-1,2025-09-25T00:00:00+00:00,2025-09-26T00:00:00+00:00,-34.49999999999953,-35.99999999999953,-37.49999999999953,control_mom_follow,friday_flat
EURUSD,1,2025-09-29T00:00:00+00:00,2025-10-03T00:00:00+00:00,14.899999999999913,13.399999999999913,11.899999999999913,control_mom_follow,friday_flat
EURUSD,-1,2025-10-06T00:00:00+00:00,2025-10-10T00:00:00+00:00,89.20000000000039,87.70000000000039,86.20000000000039,control_mom_follow,friday_flat
EURUSD,-1,2025-10-13T00:00:00+00:00,2025-10-16T00:00:00+00:00,-113.36597863920827,-114.86597863920827,-116.36597863920827,control_mom_follow,stop
EURUSD,-1,2025-10-20T00:00:00+00:00,2025-10-22T00:00:00+00:00,31.49999999999986,29.99999999999986,28.49999999999986,control_mom_follow,signal_flat
EURUSD,-1,2025-10-23T00:00:00+00:00,2025-10-24T00:00:00+00:00,-7.800000000000029,-9.30000000000003,-10.80000000000003,control_mom_follow,friday_flat
EURUSD,-1,2025-11-04T00:00:00+00:00,2025-11-07T00:00:00+00:00,-92.90817884871183,-94.40817884871183,-95.90817884871183,control_mom_follow,stop
EURUSD,-1,2025-11-10T00:00:00+00:00,2025-11-13T00:00:00+00:00,-88.09829878430929,-89.59829878430929,-91.09829878430929,control_mom_follow,stop
EURUSD,-1,2025-11-13T00:00:00+00:00,2025-11-14T00:00:00+00:00,13.700000000000934,12.200000000000934,10.700000000000934,control_mom_follow,friday_flat
EURUSD,-1,2025-11-17T00:00:00+00:00,2025-11-21T00:00:00+00:00,78.00000000000028,76.50000000000028,75.00000000000028,control_mom_follow,friday_flat
EURUSD,-1,2025-11-24T00:00:00+00:00,2025-11-27T00:00:00+00:00,-84.33373965174518,-85.83373965174518,-87.33373965174518,control_mom_follow,stop
EURUSD,1,2025-11-27T00:00:00+00:00,2025-11-28T00:00:00+00:00,3.1999999999987594,1.6999999999987594,0.1999999999987594,control_mom_follow,friday_flat
EURUSD,1,2025-12-03T00:00:00+00:00,2025-12-05T00:00:00+00:00,-27.900000000000702,-29.400000000000702,-30.900000000000702,control_mom_follow,friday_flat
EURUSD,1,2025-12-08T00:00:00+00:00,2025-12-12T00:00:00+00:00,103.60000000000146,102.10000000000146,100.60000000000146,control_mom_follow,friday_flat
EURUSD,1,2025-12-15T00:00:00+00:00,2025-12-19T00:00:00+00:00,-42.399999999997995,-43.899999999997995,-45.399999999997995,control_mom_follow,friday_flat
EURUSD,1,2025-12-22T00:00:00+00:00,2025-12-26T00:00:00+00:00,11.200000000000099,9.700000000000099,8.200000000000099,control_mom_follow,friday_flat
EURUSD,1,2025-12-30T00:00:00+00:00,2026-01-02T00:00:00+00:00,-27.900000000000702,-29.400000000000702,-30.900000000000702,control_mom_follow,friday_flat
EURUSD,1,2026-01-05T00:00:00+00:00,2026-01-08T00:00:00+00:00,-75.52260171626912,-77.02260171626912,-78.52260171626912,control_mom_follow,stop
EURUSD,1,2026-01-08T00:00:00+00:00,2026-01-09T00:00:00+00:00,-22.599999999999287,-24.099999999999287,-25.599999999999287,control_mom_follow,friday_flat
EURUSD,-1,2026-01-12T00:00:00+00:00,2026-01-16T00:00:00+00:00,67.80000000000008,66.30000000000008,64.80000000000008,control_mom_follow,friday_flat
EURUSD,-1,2026-01-19T00:00:00+00:00,2026-01-20T00:00:00+00:00,-74.90241895131032,-76.40241895131032,-77.90241895131032,control_mom_follow,stop
EURUSD,1,2026-01-20T00:00:00+00:00,2026-01-21T00:00:00+00:00,-42.10000000000047,-43.60000000000047,-45.10000000000047,control_mom_follow,flip
EURUSD,-1,2026-01-21T00:00:00+00:00,2026-01-23T00:00:00+00:00,-85.3018306263853,-86.8018306263853,-88.3018306263853,control_mom_follow,stop
EURUSD,1,2026-01-26T00:00:00+00:00,2026-01-30T00:00:00+00:00,-29.90000000000048,-31.40000000000048,-32.90000000000048,control_mom_follow,friday_flat
EURUSD,1,2026-02-02T00:00:00+00:00,2026-02-04T00:00:00+00:00,16.399999999998638,14.899999999998638,13.399999999998638,control_mom_follow,signal_flat
EURUSD,1,2026-02-05T00:00:00+00:00,2026-02-06T00:00:00+00:00,37.20000000000167,35.70000000000167,34.20000000000167,control_mom_follow,friday_flat
EURUSD,1,2026-02-09T00:00:00+00:00,2026-02-13T00:00:00+00:00,-43.400000000000105,-44.900000000000105,-46.400000000000105,control_mom_follow,friday_flat
EURUSD,-1,2026-03-19T00:00:00+00:00,2026-03-20T00:00:00+00:00,10.200000000000209,8.700000000000209,7.200000000000209,control_mom_follow,friday_flat
EURUSD,-1,2026-03-23T00:00:00+00:00,2026-03-26T00:00:00+00:00,81.50000000000101,80.00000000000101,78.50000000000101,control_mom_follow,signal_flat
EURUSD,-1,2026-03-30T00:00:00+00:00,2026-04-01T00:00:00+00:00,-128.0118408426012,-129.5118408426012,-131.0118408426012,control_mom_follow,stop
EURUSD,-1,2026-04-01T00:00:00+00:00,2026-04-02T00:00:00+00:00,50.99999999999882,49.49999999999882,47.99999999999882,control_mom_follow,signal_flat
EURUSD,1,2026-04-08T00:00:00+00:00,2026-04-10T00:00:00+00:00,63.99999999999961,62.49999999999961,60.99999999999961,control_mom_follow,friday_flat
EURUSD,1,2026-04-13T00:00:00+00:00,2026-04-15T00:00:00+00:00,40.09999999999847,38.59999999999847,37.09999999999847,control_mom_follow,signal_flat
EURUSD,1,2026-04-16T00:00:00+00:00,2026-04-17T00:00:00+00:00,-20.299999999999763,-21.799999999999763,-23.299999999999763,control_mom_follow,friday_flat
EURUSD,1,2026-04-21T00:00:00+00:00,2026-04-23T00:00:00+00:00,-59.70000000000031,-61.20000000000031,-62.70000000000031,control_mom_follow,signal_flat
EURUSD,1,2026-04-30T00:00:00+00:00,2026-05-01T00:00:00+00:00,-12.699999999998823,-14.199999999998823,-15.699999999998823,control_mom_follow,friday_flat
EURUSD,1,2026-05-05T00:00:00+00:00,2026-05-08T00:00:00+00:00,89.99999999999896,88.49999999999896,86.99999999999896,control_mom_follow,friday_flat
EURUSD,1,2026-05-11T00:00:00+00:00,2026-05-12T00:00:00+00:00,-41.90000000000138,-43.40000000000138,-44.90000000000138,control_mom_follow,flip
EURUSD,-1,2026-05-12T00:00:00+00:00,2026-05-15T00:00:00+00:00,115.49999999999949,113.99999999999949,112.49999999999949,control_mom_follow,friday_flat
EURUSD,-1,2026-05-18T00:00:00+00:00,2026-05-22T00:00:00+00:00,52.200000000000024,50.700000000000024,49.200000000000024,control_mom_follow,friday_flat
EURUSD,-1,2026-05-25T00:00:00+00:00,2026-05-27T00:00:00+00:00,17.700000000000493,16.200000000000493,14.700000000000493,control_mom_follow,signal_flat
EURUSD,1,2026-06-16T00:00:00+00:00,2026-06-17T00:00:00+00:00,-86.52197878535439,-88.02197878535439,-89.52197878535439,control_mom_follow,stop
EURUSD,-1,2026-06-18T00:00:00+00:00,2026-06-19T00:00:00+00:00,-7.600000000000939,-9.10000000000094,-10.60000000000094,control_mom_follow,friday_flat
EURUSD,-1,2026-06-22T00:00:00+00:00,2026-06-26T00:00:00+00:00,44.599999999999085,43.099999999999085,41.599999999999085,control_mom_follow,friday_flat
EURUSD,-1,2026-06-29T00:00:00+00:00,2026-06-30T00:00:00+00:00,1.500000000000945,9.450218385609332e-13,-1.499999999999055,control_mom_follow,end
