symbol,direction,entry_time,exit_time,gross_pips,net_a_pips,net_b_pips,family,exit_reason
GBPUSD,-1,2018-03-05T00:00:00+00:00,2018-03-09T00:00:00+00:00,-5.1000000000001044,-6.6000000000001044,-8.100000000000104,candidate_bond_diff,friday_flat
GBPUSD,-1,2018-03-12T00:00:00+00:00,2018-03-16T00:00:00+00:00,-37.50000000000142,-39.00000000000142,-40.50000000000142,candidate_bond_diff,friday_flat
GBPUSD,-1,2018-03-19T00:00:00+00:00,2018-03-22T00:00:00+00:00,-170.44049120083392,-171.94049120083392,-173.44049120083392,candidate_bond_diff,stop
GBPUSD,-1,2018-03-22T00:00:00+00:00,2018-03-23T00:00:00+00:00,-32.09999999999935,-33.59999999999935,-35.09999999999935,candidate_bond_diff,friday_flat
GBPUSD,-1,2018-03-26T00:00:00+00:00,2018-03-30T00:00:00+00:00,205.8000000000004,204.3000000000004,202.8000000000004,candidate_bond_diff,friday_flat
GBPUSD,-1,2018-04-02T00:00:00+00:00,2018-04-06T00:00:00+00:00,-43.999999999999595,-45.499999999999595,-46.999999999999595,candidate_bond_diff,friday_flat
GBPUSD,-1,2018-04-12T00:00:00+00:00,2018-04-13T00:00:00+00:00,-10.600000000000609,-12.100000000000609,-13.600000000000609,candidate_bond_diff,friday_flat
GBPUSD,-1,2018-04-19T00:00:00+00:00,2018-04-20T00:00:00+00:00,80.8999999999993,79.3999999999993,77.8999999999993,candidate_bond_diff,friday_flat
GBPUSD,-1,2018-04-23T00:00:00+00:00,2018-04-27T00:00:00+00:00,160.19999999999922,158.69999999999922,157.19999999999922,candidate_bond_diff,friday_flat
GBPUSD,-1,2018-04-30T00:00:00+00:00,2018-05-04T00:00:00+00:00,225.10000000000028,223.60000000000028,222.10000000000028,candidate_bond_diff,friday_flat
GBPUSD,-1,2018-05-07T00:00:00+00:00,2018-05-11T00:00:00+00:00,14.799999999999258,13.299999999999258,11.799999999999258,candidate_bond_diff,friday_flat
GBPUSD,-1,2018-05-14T00:00:00+00:00,2018-05-18T00:00:00+00:00,86.20000000000071,84.70000000000071,83.20000000000071,candidate_bond_diff,friday_flat
GBPUSD,-1,2018-05-21T00:00:00+00:00,2018-05-25T00:00:00+00:00,126.19999999999852,124.69999999999852,123.19999999999852,candidate_bond_diff,friday_flat
GBPUSD,-1,2018-05-28T00:00:00+00:00,2018-06-01T00:00:00+00:00,-39.400000000000546,-40.900000000000546,-42.400000000000546,candidate_bond_diff,friday_flat
GBPUSD,-1,2018-06-04T00:00:00+00:00,2018-06-07T00:00:00+00:00,-144.16993785597575,-145.66993785597575,-147.16993785597575,candidate_bond_diff,stop
GBPUSD,-1,2018-06-07T00:00:00+00:00,2018-06-08T00:00:00+00:00,15.699999999998493,14.199999999998493,12.699999999998493,candidate_bond_diff,friday_flat
GBPUSD,-1,2018-06-13T00:00:00+00:00,2018-06-15T00:00:00+00:00,98.0000000000003,96.5000000000003,95.0000000000003,candidate_bond_diff,friday_flat
GBPUSD,-1,2018-06-18T00:00:00+00:00,2018-06-22T00:00:00+00:00,-20.599999999999508,-22.099999999999508,-23.599999999999508,candidate_bond_diff,friday_flat
GBPUSD,-1,2018-07-03T00:00:00+00:00,2018-07-04T00:00:00+00:00,-37.10000000000102,-38.60000000000102,-40.10000000000102,candidate_bond_diff,signal_flat
GBPUSD,-1,2018-07-19T00:00:00+00:00,2018-07-20T00:00:00+00:00,-116.30000000000028,-117.80000000000028,-119.30000000000028,candidate_bond_diff,friday_flat
GBPUSD,-1,2018-07-23T00:00:00+00:00,2018-07-27T00:00:00+00:00,-8.399999999999519,-9.899999999999519,-11.399999999999519,candidate_bond_diff,friday_flat
GBPUSD,-1,2018-07-30T00:00:00+00:00,2018-08-02T00:00:00+00:00,116.20000000000185,114.70000000000185,113.20000000000185,candidate_bond_diff,signal_flat
GBPUSD,-1,2018-08-07T00:00:00+00:00,2018-08-10T00:00:00+00:00,168.6999999999994,167.1999999999994,165.6999999999994,candidate_bond_diff,friday_flat
GBPUSD,1,2018-08-22T00:00:00+00:00,2018-08-24T00:00:00+00:00,-61.60000000000165,-63.10000000000165,-64.60000000000164,candidate_bond_diff,friday_flat
GBPUSD,1,2018-08-27T00:00:00+00:00,2018-08-31T00:00:00+00:00,64.1999999999987,62.699999999998695,61.199999999998695,candidate_bond_diff,friday_flat
GBPUSD,1,2018-09-03T00:00:00+00:00,2018-09-05T00:00:00+00:00,36.000000000000476,34.500000000000476,33.000000000000476,candidate_bond_diff,signal_flat
GBPUSD,1,2018-09-06T00:00:00+00:00,2018-09-07T00:00:00+00:00,-11.200000000000099,-12.700000000000099,-14.200000000000099,candidate_bond_diff,friday_flat
GBPUSD,-1,2018-09-24T00:00:00+00:00,2018-09-25T00:00:00+00:00,-59.40000000000056,-60.90000000000056,-62.40000000000056,candidate_bond_diff,signal_flat
GBPUSD,-1,2018-10-04T00:00:00+00:00,2018-10-05T00:00:00+00:00,-94.39999999999893,-95.89999999999893,-97.39999999999893,candidate_bond_diff,friday_flat
GBPUSD,-1,2018-10-10T00:00:00+00:00,2018-10-11T00:00:00+00:00,-44.50000000000065,-46.00000000000065,-47.50000000000065,candidate_bond_diff,signal_flat
GBPUSD,-1,2018-10-16T00:00:00+00:00,2018-10-19T00:00:00+00:00,111.79999999999967,110.29999999999967,108.79999999999967,candidate_bond_diff,friday_flat
GBPUSD,-1,2018-10-22T00:00:00+00:00,2018-10-26T00:00:00+00:00,132.60000000000048,131.10000000000048,129.60000000000048,candidate_bond_diff,friday_flat
GBPUSD,-1,2018-10-29T00:00:00+00:00,2018-11-01T00:00:00+00:00,-152.5941647623452,-154.0941647623452,-155.5941647623452,candidate_bond_diff,stop
GBPUSD,-1,2018-11-01T00:00:00+00:00,2018-11-02T00:00:00+00:00,29.399999999999427,27.899999999999427,26.399999999999427,candidate_bond_diff,friday_flat
GBPUSD,-1,2018-11-05T00:00:00+00:00,2018-11-09T00:00:00+00:00,70.6999999999991,69.1999999999991,67.6999999999991,candidate_bond_diff,friday_flat
GBPUSD,-1,2018-11-12T00:00:00+00:00,2018-11-13T00:00:00+00:00,-168.89041566490846,-170.39041566490846,-171.89041566490846,candidate_bond_diff,stop
GBPUSD,-1,2018-11-13T00:00:00+00:00,2018-11-15T00:00:00+00:00,198.59999999999988,197.09999999999988,195.59999999999988,candidate_bond_diff,signal_flat
GBPUSD,-1,2018-11-19T00:00:00+00:00,2018-11-23T00:00:00+00:00,49.000000000001265,47.500000000001265,46.000000000001265,candidate_bond_diff,friday_flat
GBPUSD,-1,2018-11-26T00:00:00+00:00,2018-11-30T00:00:00+00:00,60.40000000000045,58.90000000000045,57.40000000000045,candidate_bond_diff,friday_flat
GBPUSD,-1,2018-12-11T00:00:00+00:00,2018-12-13T00:00:00+00:00,-193.24402204958568,-194.74402204958568,-196.24402204958568,candidate_bond_diff,stop
GBPUSD,1,2018-12-19T00:00:00+00:00,2018-12-21T00:00:00+00:00,26.200000000000667,24.700000000000667,23.200000000000667,candidate_bond_diff,friday_flat
GBPUSD,1,2018-12-24T00:00:00+00:00,2018-12-28T00:00:00+00:00,-3.60000000000138,-5.10000000000138,-6.60000000000138,candidate_bond_diff,friday_flat
GBPUSD,1,2018-12-31T00:00:00+00:00,2019-01-03T00:00:00+00:00,-165.63696112918524,-167.13696112918524,-168.63696112918524,candidate_bond_diff,stop
GBPUSD,1,2019-01-03T00:00:00+00:00,2019-01-04T00:00:00+00:00,94.40000000000114,92.90000000000114,91.40000000000114,candidate_bond_diff,friday_flat
GBPUSD,1,2019-01-07T00:00:00+00:00,2019-01-11T00:00:00+00:00,57.000000000000384,55.500000000000384,54.000000000000384,candidate_bond_diff,friday_flat
GBPUSD,1,2019-01-14T00:00:00+00:00,2019-01-15T00:00:00+00:00,-177.10998824486344,-178.60998824486344,-180.10998824486344,candidate_bond_diff,stop
GBPUSD,1,2019-01-15T00:00:00+00:00,2019-01-18T00:00:00+00:00,15.199999999999658,13.699999999999658,12.199999999999658,candidate_bond_diff,friday_flat
GBPUSD,1,2019-01-21T00:00:00+00:00,2019-01-25T00:00:00+00:00,306.89999999999884,305.39999999999884,303.89999999999884,candidate_bond_diff,friday_flat
GBPUSD,1,2019-01-28T00:00:00+00:00,2019-02-01T00:00:00+00:00,-75.49999999999945,-76.99999999999945,-78.49999999999945,candidate_bond_diff,friday_flat
GBPUSD,1,2019-02-04T00:00:00+00:00,2019-02-06T00:00:00+00:00,-106.59999999999891,-108.09999999999891,-109.59999999999891,candidate_bond_diff,signal_flat
GBPUSD,1,2019-02-27T00:00:00+00:00,2019-03-01T00:00:00+00:00,-103.50000000000081,-105.00000000000081,-106.50000000000081,candidate_bond_diff,friday_flat
GBPUSD,1,2019-03-06T00:00:00+00:00,2019-03-07T00:00:00+00:00,-88.09999999999984,-89.59999999999984,-91.09999999999984,candidate_bond_diff,signal_flat
GBPUSD,1,2019-03-11T00:00:00+00:00,2019-03-12T00:00:00+00:00,-168.75200092985708,-170.25200092985708,-171.75200092985708,candidate_bond_diff,stop
GBPUSD,1,2019-03-14T00:00:00+00:00,2019-03-15T00:00:00+00:00,31.69999999999895,30.19999999999895,28.69999999999895,candidate_bond_diff,friday_flat
GBPUSD,1,2019-03-18T00:00:00+00:00,2019-03-21T00:00:00+00:00,-200.1078192517447,-201.6078192517447,-203.1078192517447,candidate_bond_diff,stop
GBPUSD,1,2019-03-21T00:00:00+00:00,2019-03-22T00:00:00+00:00,96.19999999999962,94.69999999999962,93.19999999999962,candidate_bond_diff,friday_flat
GBPUSD,1,2019-03-27T00:00:00+00:00,2019-03-29T00:00:00+00:00,-129.7999999999999,-131.2999999999999,-132.7999999999999,candidate_bond_diff,friday_flat
GBPUSD,1,2019-04-01T00:00:00+00:00,2019-04-02T00:00:00+00:00,25.699999999999612,24.199999999999612,22.699999999999612,candidate_bond_diff,signal_flat
GBPUSD,1,2019-04-08T00:00:00+00:00,2019-04-12T00:00:00+00:00,12.300000000000644,10.800000000000644,9.300000000000644,candidate_bond_diff,friday_flat
GBPUSD,1,2019-04-15T00:00:00+00:00,2019-04-19T00:00:00+00:00,-115.7000000000008,-117.2000000000008,-118.7000000000008,candidate_bond_diff,friday_flat
GBPUSD,1,2019-04-22T00:00:00+00:00,2019-04-26T00:00:00+00:00,-64.10000000000026,-65.60000000000026,-67.10000000000026,candidate_bond_diff,friday_flat
GBPUSD,1,2019-04-29T00:00:00+00:00,2019-05-03T00:00:00+00:00,240.70000000000036,239.20000000000036,237.70000000000036,candidate_bond_diff,friday_flat
GBPUSD,1,2019-05-06T00:00:00+00:00,2019-05-10T00:00:00+00:00,-93.39999999999904,-94.89999999999904,-96.39999999999904,candidate_bond_diff,friday_flat
GBPUSD,1,2019-05-13T00:00:00+00:00,2019-05-16T00:00:00+00:00,-131.17036987274176,-132.67036987274176,-134.17036987274176,candidate_bond_diff,stop
GBPUSD,1,2019-05-16T00:00:00+00:00,2019-05-17T00:00:00+00:00,-83.29999999999949,-84.79999999999949,-86.29999999999949,candidate_bond_diff,friday_flat
GBPUSD,1,2019-05-20T00:00:00+00:00,2019-05-23T00:00:00+00:00,-67.59999999999877,-69.09999999999877,-70.59999999999877,candidate_bond_diff,signal_flat
GBPUSD,1,2019-05-29T00:00:00+00:00,2019-05-31T00:00:00+00:00,4.599999999999049,3.0999999999990493,1.5999999999990493,candidate_bond_diff,friday_flat
GBPUSD,1,2019-06-03T00:00:00+00:00,2019-06-07T00:00:00+00:00,75.40000000000101,73.90000000000101,72.40000000000101,candidate_bond_diff,friday_flat
GBPUSD,1,2019-06-10T00:00:00+00:00,2019-06-14T00:00:00+00:00,-93.69999999999878,-95.19999999999878,-96.69999999999878,candidate_bond_diff,friday_flat
GBPUSD,1,2019-06-17T00:00:00+00:00,2019-06-21T00:00:00+00:00,211.6999999999991,210.1999999999991,208.6999999999991,candidate_bond_diff,friday_flat
GBPUSD,1,2019-06-24T00:00:00+00:00,2019-06-28T00:00:00+00:00,-43.8000000000005,-45.3000000000005,-46.8000000000005,candidate_bond_diff,friday_flat
GBPUSD,1,2019-07-01T00:00:00+00:00,2019-07-04T00:00:00+00:00,-60.79999999999863,-62.29999999999863,-63.79999999999863,candidate_bond_diff,signal_flat
GBPUSD,-1,2019-07-24T00:00:00+00:00,2019-07-26T00:00:00+00:00,102.59999999999935,101.09999999999935,99.59999999999935,candidate_bond_diff,friday_flat
GBPUSD,-1,2019-07-29T00:00:00+00:00,2019-08-02T00:00:00+00:00,59.00000000000016,57.50000000000016,56.00000000000016,candidate_bond_diff,friday_flat
GBPUSD,1,2019-08-06T00:00:00+00:00,2019-08-09T00:00:00+00:00,-131.41067199684554,-132.91067199684554,-134.41067199684554,candidate_bond_diff,stop
GBPUSD,1,2019-08-13T00:00:00+00:00,2019-08-16T00:00:00+00:00,84.10000000000028,82.60000000000028,81.10000000000028,candidate_bond_diff,friday_flat
GBPUSD,1,2019-08-19T00:00:00+00:00,2019-08-23T00:00:00+00:00,156.30000000000032,154.80000000000032,153.30000000000032,candidate_bond_diff,friday_flat
GBPUSD,1,2019-08-26T00:00:00+00:00,2019-08-30T00:00:00+00:00,-54.6000000000002,-56.1000000000002,-57.6000000000002,candidate_bond_diff,friday_flat
GBPUSD,1,2019-09-02T00:00:00+00:00,2019-09-06T00:00:00+00:00,218.30000000000015,216.80000000000015,215.30000000000015,candidate_bond_diff,friday_flat
GBPUSD,1,2019-09-09T00:00:00+00:00,2019-09-11T00:00:00+00:00,-15.899999999999803,-17.399999999999803,-18.899999999999803,candidate_bond_diff,signal_flat
GBPUSD,1,2019-10-14T00:00:00+00:00,2019-10-16T00:00:00+00:00,222.7000000000001,221.2000000000001,219.7000000000001,candidate_bond_diff,signal_flat
GBPUSD,1,2019-10-17T00:00:00+00:00,2019-10-18T00:00:00+00:00,80.29999999999981,78.79999999999981,77.29999999999981,candidate_bond_diff,friday_flat
GBPUSD,1,2019-10-21T00:00:00+00:00,2019-10-23T00:00:00+00:00,-46.90000000000083,-48.40000000000083,-49.90000000000083,candidate_bond_diff,signal_flat
GBPUSD,-1,2019-11-11T00:00:00+00:00,2019-11-13T00:00:00+00:00,4.299999999999304,2.7999999999993044,1.2999999999993044,candidate_bond_diff,signal_flat
GBPUSD,1,2019-11-20T00:00:00+00:00,2019-11-22T00:00:00+00:00,-94.39999999999893,-95.89999999999893,-97.39999999999893,candidate_bond_diff,friday_flat
GBPUSD,1,2019-11-25T00:00:00+00:00,2019-11-27T00:00:00+00:00,20.799999999998597,19.299999999998597,17.799999999998597,candidate_bond_diff,signal_flat
GBPUSD,1,2019-12-04T00:00:00+00:00,2019-12-06T00:00:00+00:00,31.100000000001682,29.600000000001682,28.100000000001682,candidate_bond_diff,friday_flat
GBPUSD,1,2019-12-09T00:00:00+00:00,2019-12-13T00:00:00+00:00,195.19999999999982,193.69999999999982,192.19999999999982,candidate_bond_diff,friday_flat
GBPUSD,1,2019-12-16T00:00:00+00:00,2019-12-17T00:00:00+00:00,-159.35507189666075,-160.85507189666075,-162.35507189666075,candidate_bond_diff,stop
GBPUSD,1,2019-12-17T00:00:00+00:00,2019-12-18T00:00:00+00:00,-52.400000000001334,-53.900000000001334,-55.400000000001334,candidate_bond_diff,signal_flat
GBPUSD,1,2019-12-31T00:00:00+00:00,2020-01-02T00:00:00+00:00,-108.49999999999804,-109.99999999999804,-111.49999999999804,candidate_bond_diff,signal_flat
GBPUSD,1,2020-01-06T00:00:00+00:00,2020-01-09T00:00:00+00:00,-102.29999999999961,-103.79999999999961,-105.29999999999961,candidate_bond_diff,signal_flat
GBPUSD,1,2020-01-13T00:00:00+00:00,2020-01-14T00:00:00+00:00,28.999999999999027,27.499999999999027,25.999999999999027,candidate_bond_diff,signal_flat
GBPUSD,-1,2020-01-16T00:00:00+00:00,2020-01-17T00:00:00+00:00,68.39999999999957,66.89999999999957,65.39999999999957,candidate_bond_diff,friday_flat
GBPUSD,-1,2020-01-20T00:00:00+00:00,2020-01-22T00:00:00+00:00,-144.298597384398,-145.798597384398,-147.298597384398,candidate_bond_diff,stop
GBPUSD,-1,2020-01-22T00:00:00+00:00,2020-01-23T00:00:00+00:00,18.299999999999983,16.799999999999983,15.299999999999983,candidate_bond_diff,signal_flat
GBPUSD,1,2020-02-03T00:00:00+00:00,2020-02-07T00:00:00+00:00,-111.49999999999993,-112.99999999999993,-114.49999999999993,candidate_bond_diff,friday_flat
GBPUSD,1,2020-02-10T00:00:00+00:00,2020-02-14T00:00:00+00:00,133.10000000000156,131.60000000000156,130.10000000000156,candidate_bond_diff,friday_flat
GBPUSD,1,2020-02-17T00:00:00+00:00,2020-02-20T00:00:00+00:00,-136.57638519717352,-138.07638519717352,-139.57638519717352,candidate_bond_diff,stop
GBPUSD,1,2020-02-20T00:00:00+00:00,2020-02-21T00:00:00+00:00,77.4000000000008,75.9000000000008,74.4000000000008,candidate_bond_diff,friday_flat
GBPUSD,1,2020-02-24T00:00:00+00:00,2020-02-28T00:00:00+00:00,-135.7798670922361,-137.2798670922361,-138.7798670922361,candidate_bond_diff,stop
GBPUSD,1,2020-03-02T00:00:00+00:00,2020-03-06T00:00:00+00:00,292.30000000000086,290.80000000000086,289.30000000000086,candidate_bond_diff,friday_flat
GBPUSD,1,2020-03-09T00:00:00+00:00,2020-03-10T00:00:00+00:00,-160.4263260572636,-161.9263260572636,-163.4263260572636,candidate_bond_diff,stop
GBPUSD,1,2020-03-10T00:00:00+00:00,2020-03-12T00:00:00+00:00,-176.5137313388876,-178.0137313388876,-179.5137313388876,candidate_bond_diff,stop
GBPUSD,1,2020-03-12T00:00:00+00:00,2020-03-13T00:00:00+00:00,-207.89015610342963,-209.39015610342963,-210.89015610342963,candidate_bond_diff,stop
GBPUSD,1,2020-03-16T00:00:00+00:00,2020-03-17T00:00:00+00:00,-238.26804276265045,-239.76804276265045,-241.26804276265045,candidate_bond_diff,stop
GBPUSD,1,2020-03-17T00:00:00+00:00,2020-03-18T00:00:00+00:00,-250.24175399388946,-251.74175399388946,-253.24175399388946,candidate_bond_diff,stop
GBPUSD,1,2020-03-18T00:00:00+00:00,2020-03-20T00:00:00+00:00,18.699999999998163,17.199999999998163,15.699999999998163,candidate_bond_diff,friday_flat
GBPUSD,1,2020-03-23T00:00:00+00:00,2020-03-27T00:00:00+00:00,946.1000000000008,944.6000000000008,943.1000000000008,candidate_bond_diff,friday_flat
GBPUSD,1,2020-03-30T00:00:00+00:00,2020-04-03T00:00:00+00:00,-147.9000000000008,-149.4000000000008,-150.9000000000008,candidate_bond_diff,friday_flat
GBPUSD,1,2020-04-06T00:00:00+00:00,2020-04-10T00:00:00+00:00,204.99999999999963,203.49999999999963,201.99999999999963,candidate_bond_diff,friday_flat
GBPUSD,1,2020-04-13T00:00:00+00:00,2020-04-17T00:00:00+00:00,5.599999999998939,4.099999999998939,2.599999999998939,candidate_bond_diff,friday_flat
GBPUSD,1,2020-04-20T00:00:00+00:00,2020-04-24T00:00:00+00:00,-66.19999999999848,-67.69999999999848,-69.19999999999848,candidate_bond_diff,friday_flat
GBPUSD,1,2020-04-27T00:00:00+00:00,2020-05-01T00:00:00+00:00,64.4,62.900000000000006,61.400000000000006,candidate_bond_diff,friday_flat
GBPUSD,-1,2020-06-04T00:00:00+00:00,2020-06-05T00:00:00+00:00,-74.60000000000022,-76.10000000000022,-77.60000000000022,candidate_bond_diff,friday_flat
GBPUSD,-1,2020-06-08T00:00:00+00:00,2020-06-12T00:00:00+00:00,173.20000000000002,171.70000000000002,170.20000000000002,candidate_bond_diff,friday_flat
GBPUSD,-1,2020-06-15T00:00:00+00:00,2020-06-19T00:00:00+00:00,255.30000000000052,253.80000000000052,252.30000000000052,candidate_bond_diff,friday_flat
GBPUSD,-1,2020-06-23T00:00:00+00:00,2020-06-26T00:00:00+00:00,182.40000000000032,180.90000000000032,179.40000000000032,candidate_bond_diff,friday_flat
GBPUSD,1,2020-07-27T00:00:00+00:00,2020-07-28T00:00:00+00:00,49.900000000000496,48.400000000000496,46.900000000000496,candidate_bond_diff,signal_flat
GBPUSD,1,2020-07-30T00:00:00+00:00,2020-07-31T00:00:00+00:00,-12.000000000000899,-13.500000000000899,-15.000000000000899,candidate_bond_diff,friday_flat
GBPUSD,1,2020-08-03T00:00:00+00:00,2020-08-07T00:00:00+00:00,-20.599999999999508,-22.099999999999508,-23.599999999999508,candidate_bond_diff,friday_flat
GBPUSD,1,2020-08-10T00:00:00+00:00,2020-08-14T00:00:00+00:00,19.399999999998307,17.899999999998307,16.399999999998307,candidate_bond_diff,friday_flat
GBPUSD,1,2020-08-17T00:00:00+00:00,2020-08-21T00:00:00+00:00,-13.900000000000023,-15.400000000000023,-16.900000000000023,candidate_bond_diff,friday_flat
GBPUSD,1,2020-08-24T00:00:00+00:00,2020-08-28T00:00:00+00:00,288.6999999999995,287.1999999999995,285.6999999999995,candidate_bond_diff,friday_flat
GBPUSD,1,2020-08-31T00:00:00+00:00,2020-09-04T00:00:00+00:00,-176.5634180888931,-178.0634180888931,-179.5634180888931,candidate_bond_diff,stop
GBPUSD,-1,2020-09-09T00:00:00+00:00,2020-09-10T00:00:00+00:00,197.70000000000064,196.20000000000064,194.70000000000064,candidate_bond_diff,signal_flat
GBPUSD,-1,2020-09-21T00:00:00+00:00,2020-09-23T00:00:00+00:00,94.1000000000014,92.6000000000014,91.1000000000014,candidate_bond_diff,signal_flat
GBPUSD,-1,2020-10-06T00:00:00+00:00,2020-10-07T00:00:00+00:00,-43.29999999999945,-44.79999999999945,-46.29999999999945,candidate_bond_diff,signal_flat
GBPUSD,-1,2020-10-08T00:00:00+00:00,2020-10-09T00:00:00+00:00,-112.69999999999891,-114.19999999999891,-115.69999999999891,candidate_bond_diff,friday_flat
GBPUSD,-1,2020-10-12T00:00:00+00:00,2020-10-16T00:00:00+00:00,154.70000000000093,153.20000000000093,151.70000000000093,candidate_bond_diff,friday_flat
GBPUSD,-1,2020-10-19T00:00:00+00:00,2020-10-21T00:00:00+00:00,-190.70053902621842,-192.20053902621842,-193.70053902621842,candidate_bond_diff,stop
GBPUSD,-1,2020-10-21T00:00:00+00:00,2020-10-23T00:00:00+00:00,101.70000000000012,100.20000000000012,98.70000000000012,candidate_bond_diff,friday_flat
GBPUSD,-1,2020-10-26T00:00:00+00:00,2020-10-30T00:00:00+00:00,65.89999999999874,64.39999999999874,62.89999999999874,candidate_bond_diff,friday_flat
GBPUSD,-1,2020-11-02T00:00:00+00:00,2020-11-04T00:00:00+00:00,-178.8579564884207,-180.3579564884207,-181.8579564884207,candidate_bond_diff,stop
GBPUSD,-1,2020-11-04T00:00:00+00:00,2020-11-06T00:00:00+00:00,-161.50000000000108,-163.00000000000108,-164.50000000000108,candidate_bond_diff,friday_flat
GBPUSD,-1,2020-11-09T00:00:00+00:00,2020-11-13T00:00:00+00:00,-35.00000000000058,-36.50000000000058,-38.00000000000058,candidate_bond_diff,friday_flat
GBPUSD,-1,2020-11-17T00:00:00+00:00,2020-11-18T00:00:00+00:00,-20.800000000000818,-22.300000000000818,-23.800000000000818,candidate_bond_diff,signal_flat
GBPUSD,-1,2020-11-26T00:00:00+00:00,2020-11-27T00:00:00+00:00,48.39999999999955,46.89999999999955,45.39999999999955,candidate_bond_diff,friday_flat
GBPUSD,-1,2020-12-03T00:00:00+00:00,2020-12-04T00:00:00+00:00,16.100000000001113,14.600000000001113,13.100000000001113,candidate_bond_diff,friday_flat
GBPUSD,-1,2020-12-07T00:00:00+00:00,2020-12-11T00:00:00+00:00,149.29999999999887,147.79999999999887,146.29999999999887,candidate_bond_diff,friday_flat
GBPUSD,-1,2020-12-14T00:00:00+00:00,2020-12-16T00:00:00+00:00,-201.25851857039967,-202.75851857039967,-204.25851857039967,candidate_bond_diff,stop
GBPUSD,-1,2020-12-16T00:00:00+00:00,2020-12-18T00:00:00+00:00,10.199999999997988,8.699999999997988,7.1999999999979885,candidate_bond_diff,friday_flat
GBPUSD,-1,2020-12-21T00:00:00+00:00,2020-12-29T00:00:00+00:00,-39.5000000000012,-41.0000000000012,-42.5000000000012,candidate_bond_diff,time_stop
GBPUSD,-1,2020-12-30T00:00:00+00:00,2021-01-07T00:00:00+00:00,61.20000000000125,59.70000000000125,58.20000000000125,candidate_bond_diff,time_stop
GBPUSD,-1,2021-01-07T00:00:00+00:00,2021-01-08T00:00:00+00:00,1.8999999999991246,0.3999999999991246,-1.1000000000008754,candidate_bond_diff,friday_flat
GBPUSD,-1,2021-01-11T00:00:00+00:00,2021-01-14T00:00:00+00:00,-198.12974735684108,-199.62974735684108,-201.12974735684108,candidate_bond_diff,stop
GBPUSD,-1,2021-01-14T00:00:00+00:00,2021-01-15T00:00:00+00:00,104.19999999999874,102.69999999999874,101.19999999999874,candidate_bond_diff,friday_flat
GBPUSD,-1,2021-01-18T00:00:00+00:00,2021-01-22T00:00:00+00:00,-97.10000000000107,-98.60000000000107,-100.10000000000107,candidate_bond_diff,friday_flat
GBPUSD,-1,2021-01-25T00:00:00+00:00,2021-01-29T00:00:00+00:00,-23.800000000000487,-25.300000000000487,-26.800000000000487,candidate_bond_diff,friday_flat
GBPUSD,-1,2021-02-01T00:00:00+00:00,2021-02-05T00:00:00+00:00,-76.19999999999959,-77.69999999999959,-79.19999999999959,candidate_bond_diff,friday_flat
GBPUSD,1,2021-02-22T00:00:00+00:00,2021-02-23T00:00:00+00:00,51.79999999999962,50.29999999999962,48.79999999999962,candidate_bond_diff,signal_flat
GBPUSD,1,2021-02-24T00:00:00+00:00,2021-02-26T00:00:00+00:00,-148.22638436539305,-149.72638436539305,-151.22638436539305,candidate_bond_diff,stop
GBPUSD,1,2021-03-01T00:00:00+00:00,2021-03-03T00:00:00+00:00,23.900000000001143,22.400000000001143,20.900000000001143,candidate_bond_diff,signal_flat
GBPUSD,-1,2021-03-09T00:00:00+00:00,2021-03-12T00:00:00+00:00,-31.999999999998696,-33.49999999999869,-34.99999999999869,candidate_bond_diff,friday_flat
GBPUSD,-1,2021-03-16T00:00:00+00:00,2021-03-18T00:00:00+00:00,-36.10000000000113,-37.60000000000113,-39.10000000000113,candidate_bond_diff,signal_flat
GBPUSD,-1,2021-03-22T00:00:00+00:00,2021-03-26T00:00:00+00:00,66.99999999999928,65.49999999999928,63.999999999999275,candidate_bond_diff,friday_flat
GBPUSD,-1,2021-03-29T00:00:00+00:00,2021-04-02T00:00:00+00:00,-71.30000000000081,-72.80000000000081,-74.30000000000081,candidate_bond_diff,friday_flat
GBPUSD,-1,2021-04-05T00:00:00+00:00,2021-04-09T00:00:00+00:00,196.6000000000001,195.1000000000001,193.6000000000001,candidate_bond_diff,friday_flat
GBPUSD,-1,2021-04-12T00:00:00+00:00,2021-04-14T00:00:00+00:00,-38.60000000000196,-40.10000000000196,-41.60000000000196,candidate_bond_diff,signal_flat
GBPUSD,1,2021-05-17T00:00:00+00:00,2021-05-19T00:00:00+00:00,-24.799999999998157,-26.299999999998157,-27.799999999998157,candidate_bond_diff,signal_flat
GBPUSD,1,2021-05-26T00:00:00+00:00,2021-05-27T00:00:00+00:00,87.8000000000001,86.3000000000001,84.8000000000001,candidate_bond_diff,signal_flat
GBPUSD,1,2021-05-31T00:00:00+00:00,2021-06-04T00:00:00+00:00,-44.49999999999843,-45.99999999999843,-47.49999999999843,candidate_bond_diff,friday_flat
GBPUSD,1,2021-06-07T00:00:00+00:00,2021-06-11T00:00:00+00:00,-67.29999999999903,-68.79999999999903,-70.29999999999903,candidate_bond_diff,friday_flat
GBPUSD,1,2021-06-14T00:00:00+00:00,2021-06-17T00:00:00+00:00,-129.6365616343431,-131.1365616343431,-132.6365616343431,candidate_bond_diff,stop
GBPUSD,1,2021-06-21T00:00:00+00:00,2021-06-25T00:00:00+00:00,-51.29999999999857,-52.79999999999857,-54.29999999999857,candidate_bond_diff,friday_flat
GBPUSD,1,2021-06-28T00:00:00+00:00,2021-07-02T00:00:00+00:00,-142.4074296089528,-143.9074296089528,-145.4074296089528,candidate_bond_diff,stop
GBPUSD,1,2021-07-05T00:00:00+00:00,2021-07-09T00:00:00+00:00,54.39999999999889,52.89999999999889,51.39999999999889,candidate_bond_diff,friday_flat
GBPUSD,1,2021-07-12T00:00:00+00:00,2021-07-14T00:00:00+00:00,-22.800000000000598,-24.300000000000598,-25.800000000000598,candidate_bond_diff,signal_flat
GBPUSD,1,2021-07-19T00:00:00+00:00,2021-07-23T00:00:00+00:00,70.6999999999991,69.1999999999991,67.6999999999991,candidate_bond_diff,friday_flat
GBPUSD,1,2021-07-26T00:00:00+00:00,2021-07-27T00:00:00+00:00,60.100000000000705,58.600000000000705,57.100000000000705,candidate_bond_diff,signal_flat
GBPUSD,1,2021-07-28T00:00:00+00:00,2021-07-30T00:00:00+00:00,4.20000000000087,2.7000000000008697,1.2000000000008697,candidate_bond_diff,friday_flat
GBPUSD,1,2021-08-02T00:00:00+00:00,2021-08-06T00:00:00+00:00,-13.000000000000789,-14.500000000000789,-16.00000000000079,candidate_bond_diff,friday_flat
GBPUSD,1,2021-08-09T00:00:00+00:00,2021-08-10T00:00:00+00:00,-7.500000000000284,-9.000000000000284,-10.500000000000284,candidate_bond_diff,signal_flat
GBPUSD,-1,2021-08-11T00:00:00+00:00,2021-08-13T00:00:00+00:00,-4.899999999998794,-6.399999999998794,-7.899999999998794,candidate_bond_diff,friday_flat
GBPUSD,1,2021-08-17T00:00:00+00:00,2021-08-18T00:00:00+00:00,11.800000000001809,10.300000000001809,8.800000000001809,candidate_bond_diff,signal_flat
GBPUSD,-1,2021-08-25T00:00:00+00:00,2021-08-27T00:00:00+00:00,6.800000000000139,5.300000000000139,3.8000000000001393,candidate_bond_diff,friday_flat
GBPUSD,1,2021-09-01T00:00:00+00:00,2021-09-02T00:00:00+00:00,63.59999999999921,62.09999999999921,60.59999999999921,candidate_bond_diff,signal_flat
GBPUSD,1,2021-09-14T00:00:00+00:00,2021-09-17T00:00:00+00:00,-80.19999999999915,-81.69999999999915,-83.19999999999915,candidate_bond_diff,friday_flat
GBPUSD,1,2021-09-20T00:00:00+00:00,2021-09-24T00:00:00+00:00,13.700000000000934,12.200000000000934,10.700000000000934,candidate_bond_diff,friday_flat
GBPUSD,1,2021-09-27T00:00:00+00:00,2021-09-28T00:00:00+00:00,-122.54451969179624,-124.04451969179624,-125.54451969179624,candidate_bond_diff,stop
GBPUSD,1,2021-09-28T00:00:00+00:00,2021-10-01T00:00:00+00:00,6.00000000000156,4.50000000000156,3.0000000000015596,candidate_bond_diff,friday_flat
GBPUSD,1,2021-10-04T00:00:00+00:00,2021-10-08T00:00:00+00:00,10.299999999998644,8.799999999998644,7.299999999998644,candidate_bond_diff,friday_flat
GBPUSD,1,2021-10-11T00:00:00+00:00,2021-10-15T00:00:00+00:00,150.30000000000098,148.80000000000098,147.30000000000098,candidate_bond_diff,friday_flat
GBPUSD,1,2021-10-18T00:00:00+00:00,2021-10-22T00:00:00+00:00,32.89999999999793,31.39999999999793,29.89999999999793,candidate_bond_diff,friday_flat
GBPUSD,1,2021-10-25T00:00:00+00:00,2021-10-27T00:00:00+00:00,-22.699999999999942,-24.199999999999942,-25.699999999999942,candidate_bond_diff,signal_flat
GBPUSD,-1,2021-11-08T00:00:00+00:00,2021-11-12T00:00:00+00:00,150.9999999999989,149.4999999999989,147.9999999999989,candidate_bond_diff,friday_flat
GBPUSD,-1,2021-11-15T00:00:00+00:00,2021-11-19T00:00:00+00:00,-32.09999999999935,-33.59999999999935,-35.09999999999935,candidate_bond_diff,friday_flat
GBPUSD,-1,2021-11-22T00:00:00+00:00,2021-11-26T00:00:00+00:00,66.80000000000241,65.30000000000241,63.80000000000241,candidate_bond_diff,friday_flat
GBPUSD,-1,2021-11-29T00:00:00+00:00,2021-12-01T00:00:00+00:00,37.70000000000051,36.20000000000051,34.70000000000051,candidate_bond_diff,signal_flat
GBPUSD,-1,2021-12-07T00:00:00+00:00,2021-12-10T00:00:00+00:00,-20.899999999999253,-22.399999999999253,-23.899999999999253,candidate_bond_diff,friday_flat
GBPUSD,-1,2021-12-13T00:00:00+00:00,2021-12-16T00:00:00+00:00,-126.36227319148041,-127.86227319148041,-129.36227319148043,candidate_bond_diff,stop
GBPUSD,-1,2021-12-16T00:00:00+00:00,2021-12-17T00:00:00+00:00,86.10000000000007,84.60000000000007,83.10000000000007,candidate_bond_diff,friday_flat
GBPUSD,1,2022-01-20T00:00:00+00:00,2022-01-21T00:00:00+00:00,-46.99999999999926,-48.49999999999926,-49.99999999999926,candidate_bond_diff,friday_flat
GBPUSD,1,2022-01-31T00:00:00+00:00,2022-02-04T00:00:00+00:00,81.79999999999853,80.29999999999853,78.79999999999853,candidate_bond_diff,friday_flat
GBPUSD,1,2022-02-07T00:00:00+00:00,2022-02-11T00:00:00+00:00,24.699999999999722,23.199999999999722,21.699999999999722,candidate_bond_diff,friday_flat
GBPUSD,1,2022-02-14T00:00:00+00:00,2022-02-18T00:00:00+00:00,62.100000000000485,60.600000000000485,59.100000000000485,candidate_bond_diff,friday_flat
GBPUSD,1,2022-02-23T00:00:00+00:00,2022-02-24T00:00:00+00:00,-118.25657847569947,-119.75657847569947,-121.25657847569947,candidate_bond_diff,stop
GBPUSD,1,2022-02-24T00:00:00+00:00,2022-02-25T00:00:00+00:00,33.199999999999896,31.699999999999896,30.199999999999896,candidate_bond_diff,friday_flat
GBPUSD,1,2022-02-28T00:00:00+00:00,2022-03-02T00:00:00+00:00,-139.1118633057986,-140.6118633057986,-142.1118633057986,candidate_bond_diff,stop
GBPUSD,1,2022-03-08T00:00:00+00:00,2022-03-11T00:00:00+00:00,-63.40000000000012,-64.90000000000012,-66.40000000000012,candidate_bond_diff,friday_flat
GBPUSD,1,2022-03-14T00:00:00+00:00,2022-03-15T00:00:00+00:00,33.10000000000146,31.600000000001458,30.100000000001458,candidate_bond_diff,signal_flat
GBPUSD,-1,2022-03-21T00:00:00+00:00,2022-03-25T00:00:00+00:00,-19.500000000001183,-21.000000000001183,-22.500000000001183,candidate_bond_diff,friday_flat
GBPUSD,-1,2022-03-28T00:00:00+00:00,2022-04-01T00:00:00+00:00,-21.200000000001218,-22.700000000001218,-24.200000000001218,candidate_bond_diff,friday_flat
GBPUSD,-1,2022-04-04T00:00:00+00:00,2022-04-08T00:00:00+00:00,80.8999999999993,79.3999999999993,77.8999999999993,candidate_bond_diff,friday_flat
GBPUSD,-1,2022-04-11T00:00:00+00:00,2022-04-15T00:00:00+00:00,-31.399999999999206,-32.89999999999921,-34.39999999999921,candidate_bond_diff,friday_flat
GBPUSD,-1,2022-04-18T00:00:00+00:00,2022-04-22T00:00:00+00:00,175.4000000000011,173.9000000000011,172.4000000000011,candidate_bond_diff,friday_flat
GBPUSD,-1,2022-04-25T00:00:00+00:00,2022-04-29T00:00:00+00:00,162.80000000000072,161.30000000000072,159.80000000000072,candidate_bond_diff,friday_flat
GBPUSD,-1,2022-05-02T00:00:00+00:00,2022-05-06T00:00:00+00:00,154.60000000000028,153.10000000000028,151.60000000000028,candidate_bond_diff,friday_flat
GBPUSD,-1,2022-05-09T00:00:00+00:00,2022-05-13T00:00:00+00:00,70.20000000000026,68.70000000000026,67.20000000000026,candidate_bond_diff,friday_flat
GBPUSD,-1,2022-05-16T00:00:00+00:00,2022-05-19T00:00:00+00:00,-185.96803334713474,-187.46803334713474,-188.96803334713474,candidate_bond_diff,stop
GBPUSD,-1,2022-05-19T00:00:00+00:00,2022-05-20T00:00:00+00:00,-32.40000000000131,-33.90000000000131,-35.40000000000131,candidate_bond_diff,friday_flat
GBPUSD,1,2022-06-20T00:00:00+00:00,2022-06-24T00:00:00+00:00,20.599999999999508,19.099999999999508,17.599999999999508,candidate_bond_diff,friday_flat
GBPUSD,1,2022-06-29T00:00:00+00:00,2022-07-01T00:00:00+00:00,-27.300000000001212,-28.800000000001212,-30.300000000001212,candidate_bond_diff,friday_flat
GBPUSD,1,2022-07-04T00:00:00+00:00,2022-07-05T00:00:00+00:00,-202.48662679887894,-203.98662679887894,-205.48662679887894,candidate_bond_diff,stop
GBPUSD,1,2022-07-05T00:00:00+00:00,2022-07-08T00:00:00+00:00,77.19999999999949,75.69999999999949,74.19999999999949,candidate_bond_diff,friday_flat
GBPUSD,1,2022-07-12T00:00:00+00:00,2022-07-13T00:00:00+00:00,3.1000000000003247,1.6000000000003247,0.10000000000032472,candidate_bond_diff,signal_flat
GBPUSD,1,2022-07-14T00:00:00+00:00,2022-07-15T00:00:00+00:00,39.29999999999989,37.79999999999989,36.29999999999989,candidate_bond_diff,friday_flat
GBPUSD,1,2022-07-18T00:00:00+00:00,2022-07-21T00:00:00+00:00,42.50000000000087,41.00000000000087,39.50000000000087,candidate_bond_diff,signal_flat
GBPUSD,1,2022-07-25T00:00:00+00:00,2022-07-26T00:00:00+00:00,-14.400000000001079,-15.900000000001079,-17.40000000000108,candidate_bond_diff,signal_flat
GBPUSD,1,2022-08-01T00:00:00+00:00,2022-08-02T00:00:00+00:00,-83.10000000000039,-84.60000000000039,-86.10000000000039,candidate_bond_diff,signal_flat
GBPUSD,1,2022-08-15T00:00:00+00:00,2022-08-19T00:00:00+00:00,-189.5010356476967,-191.0010356476967,-192.5010356476967,candidate_bond_diff,stop
GBPUSD,1,2022-08-22T00:00:00+00:00,2022-08-26T00:00:00+00:00,-27.69999999999939,-29.19999999999939,-30.69999999999939,candidate_bond_diff,friday_flat
GBPUSD,1,2022-08-29T00:00:00+00:00,2022-09-01T00:00:00+00:00,-184.51512273539137,-186.01512273539137,-187.51512273539137,candidate_bond_diff,stop
GBPUSD,1,2022-09-01T00:00:00+00:00,2022-09-02T00:00:00+00:00,-31.600000000000517,-33.10000000000052,-34.60000000000052,candidate_bond_diff,friday_flat
GBPUSD,1,2022-09-05T00:00:00+00:00,2022-09-09T00:00:00+00:00,69.60000000000078,68.10000000000078,66.60000000000078,candidate_bond_diff,friday_flat
GBPUSD,1,2022-09-12T00:00:00+00:00,2022-09-13T00:00:00+00:00,-180.52198961980847,-182.02198961980847,-183.52198961980847,candidate_bond_diff,stop
GBPUSD,1,2022-09-13T00:00:00+00:00,2022-09-16T00:00:00+00:00,-68.8999999999984,-70.3999999999984,-71.8999999999984,candidate_bond_diff,friday_flat
GBPUSD,1,2022-09-19T00:00:00+00:00,2022-09-21T00:00:00+00:00,-183.92419526073178,-185.42419526073178,-186.92419526073178,candidate_bond_diff,stop
GBPUSD,1,2022-09-21T00:00:00+00:00,2022-09-23T00:00:00+00:00,-184.76422958705996,-186.26422958705996,-187.76422958705996,candidate_bond_diff,stop
GBPUSD,1,2022-09-26T00:00:00+00:00,2022-09-30T00:00:00+00:00,464.99999999999983,463.49999999999983,461.99999999999983,candidate_bond_diff,friday_flat
GBPUSD,1,2022-10-03T00:00:00+00:00,2022-10-07T00:00:00+00:00,-236.00000000000065,-237.50000000000065,-239.00000000000065,candidate_bond_diff,friday_flat
GBPUSD,1,2022-10-10T00:00:00+00:00,2022-10-14T00:00:00+00:00,124.10000000000032,122.60000000000032,121.10000000000032,candidate_bond_diff,friday_flat
GBPUSD,1,2022-10-17T00:00:00+00:00,2022-10-19T00:00:00+00:00,-141.49999999999883,-142.99999999999883,-144.49999999999883,candidate_bond_diff,signal_flat
GBPUSD,-1,2022-11-02T00:00:00+00:00,2022-11-04T00:00:00+00:00,16.199999999999548,14.699999999999548,13.199999999999548,candidate_bond_diff,friday_flat
GBPUSD,-1,2022-11-07T00:00:00+00:00,2022-11-11T00:00:00+00:00,-300.1706173467622,-301.6706173467622,-303.1706173467622,candidate_bond_diff,stop
GBPUSD,-1,2022-11-14T00:00:00+00:00,2022-11-16T00:00:00+00:00,-156.099999999999,-157.599999999999,-159.099999999999,candidate_bond_diff,signal_flat
GBPUSD,-1,2022-11-17T00:00:00+00:00,2022-11-18T00:00:00+00:00,-23.499999999998522,-24.999999999998522,-26.499999999998522,candidate_bond_diff,friday_flat
GBPUSD,-1,2022-11-21T00:00:00+00:00,2022-11-24T00:00:00+00:00,-288.02517226975465,-289.52517226975465,-291.02517226975465,candidate_bond_diff,stop
GBPUSD,-1,2022-11-24T00:00:00+00:00,2022-11-25T00:00:00+00:00,24.999999999999467,23.499999999999467,21.999999999999467,candidate_bond_diff,friday_flat
GBPUSD,-1,2022-11-28T00:00:00+00:00,2022-12-01T00:00:00+00:00,-259.498578043289,-260.998578043289,-262.498578043289,candidate_bond_diff,stop
GBPUSD,1,2023-01-09T00:00:00+00:00,2023-01-12T00:00:00+00:00,24.299999999999322,22.799999999999322,21.299999999999322,candidate_bond_diff,signal_flat
GBPUSD,1,2023-01-16T00:00:00+00:00,2023-01-20T00:00:00+00:00,207.5999999999989,206.0999999999989,204.5999999999989,candidate_bond_diff,friday_flat
GBPUSD,1,2023-01-23T00:00:00+00:00,2023-01-27T00:00:00+00:00,21.800000000000708,20.300000000000708,18.800000000000708,candidate_bond_diff,friday_flat
GBPUSD,1,2023-01-30T00:00:00+00:00,2023-01-31T00:00:00+00:00,-30.399999999999316,-31.899999999999316,-33.39999999999932,candidate_bond_diff,signal_flat
GBPUSD,1,2023-02-02T00:00:00+00:00,2023-02-03T00:00:00+00:00,-173.09999999999937,-174.59999999999937,-176.09999999999937,candidate_bond_diff,friday_flat
GBPUSD,-1,2023-03-09T00:00:00+00:00,2023-03-10T00:00:00+00:00,-179.27445489524183,-180.77445489524183,-182.27445489524183,candidate_bond_diff,stop
GBPUSD,-1,2023-03-22T00:00:00+00:00,2023-03-23T00:00:00+00:00,-23.800000000000487,-25.300000000000487,-26.800000000000487,candidate_bond_diff,flip
GBPUSD,1,2023-03-23T00:00:00+00:00,2023-03-24T00:00:00+00:00,-57.40000000000078,-58.90000000000078,-60.40000000000078,candidate_bond_diff,friday_flat
GBPUSD,1,2023-04-03T00:00:00+00:00,2023-04-07T00:00:00+00:00,-0.7999999999985796,-2.2999999999985796,-3.7999999999985796,candidate_bond_diff,friday_flat
GBPUSD,1,2023-04-10T00:00:00+00:00,2023-04-14T00:00:00+00:00,31.30000000000077,29.80000000000077,28.30000000000077,candidate_bond_diff,friday_flat
GBPUSD,1,2023-04-17T00:00:00+00:00,2023-04-21T00:00:00+00:00,66.69999999999953,65.19999999999953,63.699999999999534,candidate_bond_diff,friday_flat
GBPUSD,1,2023-04-24T00:00:00+00:00,2023-04-28T00:00:00+00:00,83.90000000000119,82.40000000000119,80.90000000000119,candidate_bond_diff,friday_flat
GBPUSD,1,2023-05-01T00:00:00+00:00,2023-05-05T00:00:00+00:00,137.59999999999994,136.09999999999994,134.59999999999994,candidate_bond_diff,friday_flat
GBPUSD,1,2023-05-08T00:00:00+00:00,2023-05-12T00:00:00+00:00,-138.51574897833174,-140.01574897833174,-141.51574897833174,candidate_bond_diff,stop
GBPUSD,1,2023-05-15T00:00:00+00:00,2023-05-19T00:00:00+00:00,-80.70000000000022,-82.20000000000022,-83.70000000000022,candidate_bond_diff,friday_flat
GBPUSD,1,2023-05-22T00:00:00+00:00,2023-05-26T00:00:00+00:00,-87.09999999999995,-88.59999999999995,-90.09999999999995,candidate_bond_diff,friday_flat
GBPUSD,1,2023-05-29T00:00:00+00:00,2023-06-02T00:00:00+00:00,94.60000000000024,93.10000000000024,91.60000000000024,candidate_bond_diff,friday_flat
GBPUSD,1,2023-06-05T00:00:00+00:00,2023-06-09T00:00:00+00:00,145.4000000000022,143.9000000000022,142.4000000000022,candidate_bond_diff,friday_flat
GBPUSD,1,2023-06-12T00:00:00+00:00,2023-06-16T00:00:00+00:00,306.89999999999884,305.39999999999884,303.89999999999884,candidate_bond_diff,friday_flat
GBPUSD,1,2023-06-19T00:00:00+00:00,2023-06-23T00:00:00+00:00,-72.69999999999888,-74.19999999999888,-75.69999999999888,candidate_bond_diff,friday_flat
GBPUSD,1,2023-06-26T00:00:00+00:00,2023-06-30T00:00:00+00:00,-17.80000000000115,-19.30000000000115,-20.80000000000115,candidate_bond_diff,friday_flat
GBPUSD,1,2023-07-03T00:00:00+00:00,2023-07-06T00:00:00+00:00,48.80000000000217,47.30000000000217,45.80000000000217,candidate_bond_diff,signal_flat
GBPUSD,1,2023-07-10T00:00:00+00:00,2023-07-14T00:00:00+00:00,237.19999999999962,235.69999999999962,234.19999999999962,candidate_bond_diff,friday_flat
GBPUSD,1,2023-07-17T00:00:00+00:00,2023-07-19T00:00:00+00:00,-139.35334322512148,-140.85334322512148,-142.35334322512148,candidate_bond_diff,stop
GBPUSD,-1,2023-07-25T00:00:00+00:00,2023-07-27T00:00:00+00:00,106.39999999999982,104.89999999999982,103.39999999999982,candidate_bond_diff,signal_flat
GBPUSD,-1,2023-07-31T00:00:00+00:00,2023-08-04T00:00:00+00:00,90.00000000000118,88.50000000000118,87.00000000000118,candidate_bond_diff,friday_flat
GBPUSD,-1,2023-08-07T00:00:00+00:00,2023-08-11T00:00:00+00:00,90.90000000000042,89.40000000000042,87.90000000000042,candidate_bond_diff,friday_flat
GBPUSD,-1,2023-08-14T00:00:00+00:00,2023-08-18T00:00:00+00:00,-49.79999999999984,-51.29999999999984,-52.79999999999984,candidate_bond_diff,friday_flat
GBPUSD,-1,2023-08-22T00:00:00+00:00,2023-08-25T00:00:00+00:00,154.49999999999963,152.99999999999963,151.49999999999963,candidate_bond_diff,friday_flat
GBPUSD,-1,2023-08-28T00:00:00+00:00,2023-08-30T00:00:00+00:00,-144.7956321350219,-146.2956321350219,-147.7956321350219,candidate_bond_diff,stop
GBPUSD,-1,2023-08-30T00:00:00+00:00,2023-09-01T00:00:00+00:00,135.59999999999795,134.09999999999795,132.59999999999795,candidate_bond_diff,friday_flat
GBPUSD,-1,2023-09-04T00:00:00+00:00,2023-09-08T00:00:00+00:00,159.29999999999998,157.79999999999998,156.29999999999998,candidate_bond_diff,friday_flat
GBPUSD,-1,2023-09-11T00:00:00+00:00,2023-09-15T00:00:00+00:00,128.60000000000093,127.10000000000093,125.60000000000093,candidate_bond_diff,friday_flat
GBPUSD,-1,2023-09-18T00:00:00+00:00,2023-09-22T00:00:00+00:00,147.39999999999975,145.89999999999975,144.39999999999975,candidate_bond_diff,friday_flat
GBPUSD,-1,2023-09-25T00:00:00+00:00,2023-09-29T00:00:00+00:00,9.500000000000064,8.000000000000064,6.500000000000064,candidate_bond_diff,friday_flat
GBPUSD,-1,2023-10-02T00:00:00+00:00,2023-10-06T00:00:00+00:00,-129.26129091494153,-130.76129091494153,-132.26129091494153,candidate_bond_diff,stop
GBPUSD,-1,2023-10-09T00:00:00+00:00,2023-10-13T00:00:00+00:00,97.59999999999991,96.09999999999991,94.59999999999991,candidate_bond_diff,friday_flat
GBPUSD,-1,2023-10-16T00:00:00+00:00,2023-10-20T00:00:00+00:00,53.600000000000314,52.100000000000314,50.600000000000314,candidate_bond_diff,friday_flat
GBPUSD,-1,2023-10-23T00:00:00+00:00,2023-10-27T00:00:00+00:00,131.49999999999994,129.99999999999994,128.49999999999994,candidate_bond_diff,friday_flat
GBPUSD,-1,2023-10-30T00:00:00+00:00,2023-11-03T00:00:00+00:00,-135.17779751584413,-136.67779751584413,-138.17779751584413,candidate_bond_diff,stop
GBPUSD,-1,2023-11-06T00:00:00+00:00,2023-11-10T00:00:00+00:00,117.49999999999926,115.99999999999926,114.49999999999926,candidate_bond_diff,friday_flat
GBPUSD,-1,2023-11-13T00:00:00+00:00,2023-11-14T00:00:00+00:00,-133.5958230533496,-135.0958230533496,-136.5958230533496,candidate_bond_diff,stop
GBPUSD,-1,2023-11-14T00:00:00+00:00,2023-11-17T00:00:00+00:00,38.49999999999909,36.99999999999909,35.49999999999909,candidate_bond_diff,friday_flat
GBPUSD,-1,2023-11-20T00:00:00+00:00,2023-11-21T00:00:00+00:00,-33.40000000000121,-34.90000000000121,-36.40000000000121,candidate_bond_diff,signal_flat
GBPUSD,-1,2023-11-22T00:00:00+00:00,2023-11-23T00:00:00+00:00,-40.200000000001346,-41.700000000001346,-43.200000000001346,candidate_bond_diff,signal_flat
GBPUSD,1,2023-12-04T00:00:00+00:00,2023-12-06T00:00:00+00:00,-73.99999999999851,-75.49999999999851,-76.99999999999851,candidate_bond_diff,signal_flat
GBPUSD,1,2023-12-12T00:00:00+00:00,2023-12-13T00:00:00+00:00,55.400000000001,53.900000000001,52.400000000001,candidate_bond_diff,signal_flat
GBPUSD,-1,2023-12-25T00:00:00+00:00,2023-12-29T00:00:00+00:00,-28.099999999999792,-29.599999999999792,-31.099999999999792,candidate_bond_diff,friday_flat
GBPUSD,1,2024-01-04T00:00:00+00:00,2024-01-05T00:00:00+00:00,36.19999999999956,34.69999999999956,33.19999999999956,candidate_bond_diff,friday_flat
GBPUSD,1,2024-01-09T00:00:00+00:00,2024-01-12T00:00:00+00:00,45.100000000000136,43.600000000000136,42.100000000000136,candidate_bond_diff,friday_flat
GBPUSD,1,2024-01-15T00:00:00+00:00,2024-01-17T00:00:00+00:00,-50.90000000000039,-52.40000000000039,-53.90000000000039,candidate_bond_diff,signal_flat
GBPUSD,1,2024-01-18T00:00:00+00:00,2024-01-19T00:00:00+00:00,-1.900000000001345,-3.400000000001345,-4.900000000001345,candidate_bond_diff,friday_flat
GBPUSD,1,2024-01-24T00:00:00+00:00,2024-01-26T00:00:00+00:00,-25.599999999998957,-27.099999999998957,-28.599999999998957,candidate_bond_diff,friday_flat
GBPUSD,1,2024-01-29T00:00:00+00:00,2024-02-02T00:00:00+00:00,-77.19999999999949,-78.69999999999949,-80.19999999999949,candidate_bond_diff,friday_flat
GBPUSD,1,2024-02-05T00:00:00+00:00,2024-02-09T00:00:00+00:00,90.99999999999885,89.49999999999885,87.99999999999885,candidate_bond_diff,friday_flat
GBPUSD,1,2024-02-12T00:00:00+00:00,2024-02-14T00:00:00+00:00,-66.69999999999953,-68.19999999999953,-69.69999999999953,candidate_bond_diff,signal_flat
GBPUSD,-1,2024-03-13T00:00:00+00:00,2024-03-14T00:00:00+00:00,43.199999999998795,41.699999999998795,40.199999999998795,candidate_bond_diff,signal_flat
GBPUSD,-1,2024-03-18T00:00:00+00:00,2024-03-22T00:00:00+00:00,125.80000000000035,124.30000000000035,122.80000000000035,candidate_bond_diff,friday_flat
GBPUSD,-1,2024-03-25T00:00:00+00:00,2024-03-29T00:00:00+00:00,18.899999999999473,17.399999999999473,15.899999999999473,candidate_bond_diff,friday_flat
GBPUSD,-1,2024-04-01T00:00:00+00:00,2024-04-04T00:00:00+00:00,-105.91113152366826,-107.41113152366826,-108.91113152366826,candidate_bond_diff,stop
GBPUSD,-1,2024-04-04T00:00:00+00:00,2024-04-05T00:00:00+00:00,4.499999999998394,2.999999999998394,1.4999999999983942,candidate_bond_diff,friday_flat
GBPUSD,-1,2024-04-08T00:00:00+00:00,2024-04-12T00:00:00+00:00,206.10000000000016,204.60000000000016,203.10000000000016,candidate_bond_diff,friday_flat
GBPUSD,-1,2024-04-15T00:00:00+00:00,2024-04-19T00:00:00+00:00,76.8000000000013,75.3000000000013,73.8000000000013,candidate_bond_diff,friday_flat
GBPUSD,-1,2024-04-22T00:00:00+00:00,2024-04-24T00:00:00+00:00,-117.57025541433208,-119.07025541433208,-120.57025541433208,candidate_bond_diff,stop
GBPUSD,-1,2024-04-24T00:00:00+00:00,2024-04-26T00:00:00+00:00,-30.000000000001137,-31.500000000001137,-33.00000000000114,candidate_bond_diff,friday_flat
GBPUSD,-1,2024-04-29T00:00:00+00:00,2024-05-02T00:00:00+00:00,28.799999999997716,27.299999999997716,25.799999999997716,candidate_bond_diff,signal_flat
GBPUSD,-1,2024-05-08T00:00:00+00:00,2024-05-10T00:00:00+00:00,-26.100000000000012,-27.600000000000012,-29.100000000000012,candidate_bond_diff,friday_flat
GBPUSD,-1,2024-05-13T00:00:00+00:00,2024-05-14T00:00:00+00:00,-32.2,-33.7,-35.2,candidate_bond_diff,signal_flat
GBPUSD,1,2024-05-23T00:00:00+00:00,2024-05-24T00:00:00+00:00,39.09999999999858,37.59999999999858,36.09999999999858,candidate_bond_diff,friday_flat
GBPUSD,1,2024-06-03T00:00:00+00:00,2024-06-07T00:00:00+00:00,-92.0999999999994,-93.5999999999994,-95.0999999999994,candidate_bond_diff,friday_flat
GBPUSD,1,2024-06-10T00:00:00+00:00,2024-06-14T00:00:00+00:00,-44.899999999998826,-46.399999999998826,-47.899999999998826,candidate_bond_diff,friday_flat
GBPUSD,1,2024-06-17T00:00:00+00:00,2024-06-21T00:00:00+00:00,-63.7999999999983,-65.2999999999983,-66.7999999999983,candidate_bond_diff,friday_flat
GBPUSD,1,2024-06-24T00:00:00+00:00,2024-06-28T00:00:00+00:00,-38.60000000000196,-40.10000000000196,-41.60000000000196,candidate_bond_diff,friday_flat
GBPUSD,1,2024-07-01T00:00:00+00:00,2024-07-02T00:00:00+00:00,-17.100000000001003,-18.600000000001003,-20.100000000001003,candidate_bond_diff,signal_flat
GBPUSD,1,2024-07-03T00:00:00+00:00,2024-07-05T00:00:00+00:00,72.49999999999979,70.99999999999979,69.49999999999979,candidate_bond_diff,friday_flat
GBPUSD,1,2024-07-08T00:00:00+00:00,2024-07-12T00:00:00+00:00,181.59999999999954,180.09999999999954,178.59999999999954,candidate_bond_diff,friday_flat
GBPUSD,1,2024-07-15T00:00:00+00:00,2024-07-19T00:00:00+00:00,-55.39999999999878,-56.89999999999878,-58.39999999999878,candidate_bond_diff,friday_flat
GBPUSD,1,2024-07-22T00:00:00+00:00,2024-07-26T00:00:00+00:00,-68.20000000000049,-69.70000000000049,-71.20000000000049,candidate_bond_diff,friday_flat
GBPUSD,1,2024-07-29T00:00:00+00:00,2024-08-01T00:00:00+00:00,-92.46263475596538,-93.96263475596538,-95.46263475596538,candidate_bond_diff,stop
GBPUSD,1,2024-08-01T00:00:00+00:00,2024-08-02T00:00:00+00:00,66.99999999999928,65.49999999999928,63.999999999999275,candidate_bond_diff,friday_flat
GBPUSD,1,2024-08-05T00:00:00+00:00,2024-08-07T00:00:00+00:00,-108.39924407695989,-109.89924407695989,-111.39924407695989,candidate_bond_diff,stop
GBPUSD,1,2024-08-07T00:00:00+00:00,2024-08-09T00:00:00+00:00,67.20000000000059,65.70000000000059,64.20000000000059,candidate_bond_diff,friday_flat
GBPUSD,1,2024-08-12T00:00:00+00:00,2024-08-16T00:00:00+00:00,177.59999999999997,176.09999999999997,174.59999999999997,candidate_bond_diff,friday_flat
GBPUSD,1,2024-08-19T00:00:00+00:00,2024-08-23T00:00:00+00:00,224.60000000000144,223.10000000000144,221.60000000000144,candidate_bond_diff,friday_flat
GBPUSD,1,2024-08-26T00:00:00+00:00,2024-08-30T00:00:00+00:00,-61.30000000000191,-62.80000000000191,-64.30000000000192,candidate_bond_diff,friday_flat
GBPUSD,1,2024-09-02T00:00:00+00:00,2024-09-06T00:00:00+00:00,-18.400000000000638,-19.900000000000638,-21.400000000000638,candidate_bond_diff,friday_flat
GBPUSD,1,2024-09-09T00:00:00+00:00,2024-09-13T00:00:00+00:00,48.299999999998896,46.799999999998896,45.299999999998896,candidate_bond_diff,friday_flat
GBPUSD,1,2024-09-16T00:00:00+00:00,2024-09-20T00:00:00+00:00,103.50000000000081,102.00000000000081,100.50000000000081,candidate_bond_diff,friday_flat
GBPUSD,1,2024-09-23T00:00:00+00:00,2024-09-27T00:00:00+00:00,25.999999999999357,24.499999999999357,22.999999999999357,candidate_bond_diff,friday_flat
GBPUSD,1,2024-09-30T00:00:00+00:00,2024-10-03T00:00:00+00:00,-135.99181477730758,-137.49181477730758,-138.99181477730758,candidate_bond_diff,stop
GBPUSD,1,2024-10-03T00:00:00+00:00,2024-10-04T00:00:00+00:00,0.6000000000017103,-0.8999999999982897,-2.3999999999982897,candidate_bond_diff,friday_flat
GBPUSD,1,2024-10-07T00:00:00+00:00,2024-10-10T00:00:00+00:00,-25.100000000000122,-26.600000000000122,-28.100000000000122,candidate_bond_diff,signal_flat
GBPUSD,-1,2024-10-21T00:00:00+00:00,2024-10-25T00:00:00+00:00,22.899999999999032,21.399999999999032,19.899999999999032,candidate_bond_diff,friday_flat
GBPUSD,-1,2024-10-28T00:00:00+00:00,2024-10-31T00:00:00+00:00,78.70000000000043,77.20000000000043,75.70000000000043,candidate_bond_diff,signal_flat
GBPUSD,1,2024-11-06T00:00:00+00:00,2024-11-07T00:00:00+00:00,106.90000000000087,105.40000000000087,103.90000000000087,candidate_bond_diff,signal_flat
GBPUSD,-1,2024-11-13T00:00:00+00:00,2024-11-14T00:00:00+00:00,42.60000000000152,41.10000000000152,39.60000000000152,candidate_bond_diff,signal_flat
GBPUSD,-1,2024-11-18T00:00:00+00:00,2024-11-21T00:00:00+00:00,88.79999999999998,87.29999999999998,85.79999999999998,candidate_bond_diff,signal_flat
GBPUSD,-1,2024-11-25T00:00:00+00:00,2024-11-26T00:00:00+00:00,-0.10000000000065512,-1.6000000000006551,-3.100000000000655,candidate_bond_diff,signal_flat
GBPUSD,-1,2024-12-03T00:00:00+00:00,2024-12-05T00:00:00+00:00,-86.20000000000071,-87.70000000000071,-89.20000000000071,candidate_bond_diff,signal_flat
GBPUSD,-1,2024-12-16T00:00:00+00:00,2024-12-17T00:00:00+00:00,-26.500000000000412,-28.000000000000412,-29.500000000000412,candidate_bond_diff,signal_flat
GBPUSD,-1,2024-12-23T00:00:00+00:00,2024-12-27T00:00:00+00:00,-45.399999999999885,-46.899999999999885,-48.399999999999885,candidate_bond_diff,friday_flat
GBPUSD,-1,2025-01-02T00:00:00+00:00,2025-01-03T00:00:00+00:00,-49.900000000000496,-51.400000000000496,-52.900000000000496,candidate_bond_diff,friday_flat
GBPUSD,-1,2025-01-06T00:00:00+00:00,2025-01-07T00:00:00+00:00,42.40000000000021,40.90000000000021,39.40000000000021,candidate_bond_diff,signal_flat
GBPUSD,1,2025-01-09T00:00:00+00:00,2025-01-10T00:00:00+00:00,-100.99999999999997,-102.49999999999997,-103.99999999999997,candidate_bond_diff,friday_flat
GBPUSD,1,2025-01-14T00:00:00+00:00,2025-01-16T00:00:00+00:00,27.69999999999939,26.19999999999939,24.69999999999939,candidate_bond_diff,signal_flat
GBPUSD,-1,2025-01-27T00:00:00+00:00,2025-01-28T00:00:00+00:00,55.300000000000345,53.800000000000345,52.300000000000345,candidate_bond_diff,signal_flat
GBPUSD,-1,2025-02-03T00:00:00+00:00,2025-02-05T00:00:00+00:00,-54.100000000001366,-55.600000000001366,-57.100000000001366,candidate_bond_diff,signal_flat
GBPUSD,-1,2025-02-11T00:00:00+00:00,2025-02-14T00:00:00+00:00,-162.61284533870102,-164.11284533870102,-165.61284533870102,candidate_bond_diff,stop
GBPUSD,1,2025-02-20T00:00:00+00:00,2025-02-21T00:00:00+00:00,-34.600000000000186,-36.100000000000186,-37.600000000000186,candidate_bond_diff,friday_flat
GBPUSD,1,2025-02-24T00:00:00+00:00,2025-02-28T00:00:00+00:00,-46.19999999999846,-47.69999999999846,-49.19999999999846,candidate_bond_diff,friday_flat
GBPUSD,1,2025-03-03T00:00:00+00:00,2025-03-07T00:00:00+00:00,220.59999999999968,219.09999999999968,217.59999999999968,candidate_bond_diff,friday_flat
GBPUSD,1,2025-03-10T00:00:00+00:00,2025-03-14T00:00:00+00:00,59.70000000000031,58.20000000000031,56.70000000000031,candidate_bond_diff,friday_flat
GBPUSD,1,2025-03-17T00:00:00+00:00,2025-03-21T00:00:00+00:00,-68.09999999999982,-69.59999999999982,-71.09999999999982,candidate_bond_diff,friday_flat
GBPUSD,1,2025-03-24T00:00:00+00:00,2025-03-28T00:00:00+00:00,17.499999999999183,15.999999999999183,14.499999999999183,candidate_bond_diff,friday_flat
GBPUSD,1,2025-03-31T00:00:00+00:00,2025-04-04T00:00:00+00:00,-17.899999999999583,-19.399999999999583,-20.899999999999583,candidate_bond_diff,friday_flat
GBPUSD,1,2025-04-07T00:00:00+00:00,2025-04-11T00:00:00+00:00,367.99999999999943,366.49999999999943,364.99999999999943,candidate_bond_diff,friday_flat
GBPUSD,-1,2025-05-14T00:00:00+00:00,2025-05-16T00:00:00+00:00,-23.599999999999177,-25.099999999999177,-26.599999999999177,candidate_bond_diff,friday_flat
GBPUSD,-1,2025-05-20T00:00:00+00:00,2025-05-21T00:00:00+00:00,-27.400000000001867,-28.900000000001867,-30.400000000001867,candidate_bond_diff,signal_flat
GBPUSD,-1,2025-05-22T00:00:00+00:00,2025-05-23T00:00:00+00:00,-120.89999999999934,-122.39999999999934,-123.89999999999934,candidate_bond_diff,friday_flat
GBPUSD,-1,2025-05-26T00:00:00+00:00,2025-05-28T00:00:00+00:00,94.79999999999933,93.29999999999933,91.79999999999933,candidate_bond_diff,signal_flat
GBPUSD,-1,2025-06-03T00:00:00+00:00,2025-06-05T00:00:00+00:00,-52.60000000000042,-54.10000000000042,-55.60000000000042,candidate_bond_diff,signal_flat
GBPUSD,-1,2025-06-09T00:00:00+00:00,2025-06-13T00:00:00+00:00,-27.900000000000702,-29.400000000000702,-30.900000000000702,candidate_bond_diff,friday_flat
GBPUSD,-1,2025-06-16T00:00:00+00:00,2025-06-20T00:00:00+00:00,121.89999999999922,120.39999999999922,118.89999999999922,candidate_bond_diff,friday_flat
GBPUSD,-1,2025-06-23T00:00:00+00:00,2025-06-25T00:00:00+00:00,-148.4239167171153,-149.9239167171153,-151.4239167171153,candidate_bond_diff,stop
GBPUSD,-1,2025-06-25T00:00:00+00:00,2025-06-26T00:00:00+00:00,-63.99999999999961,-65.4999999999996,-66.9999999999996,candidate_bond_diff,signal_flat
GBPUSD,1,2025-07-03T00:00:00+00:00,2025-07-04T00:00:00+00:00,-16.500000000001513,-18.000000000001513,-19.500000000001513,candidate_bond_diff,friday_flat
GBPUSD,1,2025-07-10T00:00:00+00:00,2025-07-11T00:00:00+00:00,-83.5000000000008,-85.0000000000008,-86.5000000000008,candidate_bond_diff,friday_flat
GBPUSD,-1,2025-07-16T00:00:00+00:00,2025-07-17T00:00:00+00:00,4.599999999999049,3.0999999999990493,1.5999999999990493,candidate_bond_diff,signal_flat
GBPUSD,1,2025-07-21T00:00:00+00:00,2025-07-25T00:00:00+00:00,-52.60000000000042,-54.10000000000042,-55.60000000000042,candidate_bond_diff,friday_flat
GBPUSD,1,2025-07-28T00:00:00+00:00,2025-07-31T00:00:00+00:00,-135.17878270375317,-136.67878270375317,-138.17878270375317,candidate_bond_diff,stop
GBPUSD,1,2025-07-31T00:00:00+00:00,2025-08-01T00:00:00+00:00,75.70000000000076,74.20000000000076,72.70000000000076,candidate_bond_diff,friday_flat
GBPUSD,1,2025-08-04T00:00:00+00:00,2025-08-08T00:00:00+00:00,159.7000000000004,158.2000000000004,156.7000000000004,candidate_bond_diff,friday_flat
GBPUSD,1,2025-08-11T00:00:00+00:00,2025-08-15T00:00:00+00:00,120.5999999999996,119.0999999999996,117.5999999999996,candidate_bond_diff,friday_flat
GBPUSD,1,2025-08-18T00:00:00+00:00,2025-08-22T00:00:00+00:00,22.600000000001508,21.100000000001508,19.600000000001508,candidate_bond_diff,friday_flat
GBPUSD,1,2025-08-25T00:00:00+00:00,2025-08-29T00:00:00+00:00,44.899999999998826,43.399999999998826,41.899999999998826,candidate_bond_diff,friday_flat
GBPUSD,1,2025-09-01T00:00:00+00:00,2025-09-02T00:00:00+00:00,-119.2782895777178,-120.7782895777178,-122.2782895777178,candidate_bond_diff,stop
GBPUSD,1,2025-09-02T00:00:00+00:00,2025-09-05T00:00:00+00:00,110.20000000000029,108.70000000000029,107.20000000000029,candidate_bond_diff,friday_flat
GBPUSD,1,2025-09-08T00:00:00+00:00,2025-09-12T00:00:00+00:00,7.300000000001194,5.800000000001194,4.300000000001194,candidate_bond_diff,friday_flat
GBPUSD,1,2025-09-15T00:00:00+00:00,2025-09-19T00:00:00+00:00,-127.23494929364864,-128.73494929364864,-130.23494929364864,candidate_bond_diff,stop
GBPUSD,1,2025-09-22T00:00:00+00:00,2025-09-25T00:00:00+00:00,-132.12144340543742,-133.62144340543742,-135.12144340543742,candidate_bond_diff,stop
GBPUSD,1,2025-09-25T00:00:00+00:00,2025-09-26T00:00:00+00:00,56.299999999998015,54.799999999998015,53.299999999998015,candidate_bond_diff,friday_flat
GBPUSD,1,2025-09-29T00:00:00+00:00,2025-10-03T00:00:00+00:00,45.80000000000028,44.30000000000028,42.80000000000028,candidate_bond_diff,friday_flat
GBPUSD,1,2025-10-06T00:00:00+00:00,2025-10-09T00:00:00+00:00,-128.44605015662756,-129.94605015662756,-131.44605015662756,candidate_bond_diff,stop
GBPUSD,1,2025-10-09T00:00:00+00:00,2025-10-10T00:00:00+00:00,49.900000000000496,48.400000000000496,46.900000000000496,candidate_bond_diff,friday_flat
GBPUSD,1,2025-10-13T00:00:00+00:00,2025-10-16T00:00:00+00:00,102.60000000000157,101.10000000000157,99.60000000000157,candidate_bond_diff,signal_flat
GBPUSD,-1,2025-10-30T00:00:00+00:00,2025-10-31T00:00:00+00:00,3.4000000000000696,1.9000000000000696,0.40000000000006963,candidate_bond_diff,friday_flat
GBPUSD,-1,2025-11-03T00:00:00+00:00,2025-11-07T00:00:00+00:00,-25.199999999998557,-26.699999999998557,-28.199999999998557,candidate_bond_diff,friday_flat
GBPUSD,-1,2025-11-10T00:00:00+00:00,2025-11-14T00:00:00+00:00,0.8000000000008001,-0.6999999999991999,-2.1999999999992,candidate_bond_diff,friday_flat
GBPUSD,-1,2025-12-02T00:00:00+00:00,2025-12-03T00:00:00+00:00,-114.69577513348649,-116.19577513348649,-117.69577513348649,candidate_bond_diff,stop
GBPUSD,-1,2025-12-04T00:00:00+00:00,2025-12-05T00:00:00+00:00,-3.20000000000098,-4.70000000000098,-6.20000000000098,candidate_bond_diff,friday_flat
GBPUSD,-1,2025-12-08T00:00:00+00:00,2025-12-11T00:00:00+00:00,-113.86046916876946,-115.36046916876946,-116.86046916876946,candidate_bond_diff,stop
GBPUSD,-1,2025-12-15T00:00:00+00:00,2025-12-17T00:00:00+00:00,1.900000000001345,0.40000000000134506,-1.099999999998655,candidate_bond_diff,signal_flat
GBPUSD,-1,2025-12-18T00:00:00+00:00,2025-12-19T00:00:00+00:00,9.099999999999664,7.599999999999664,6.099999999999664,candidate_bond_diff,friday_flat
GBPUSD,-1,2025-12-24T00:00:00+00:00,2025-12-26T00:00:00+00:00,7.699999999999374,6.199999999999374,4.699999999999374,candidate_bond_diff,friday_flat
GBPUSD,-1,2026-01-07T00:00:00+00:00,2026-01-09T00:00:00+00:00,56.700000000000635,55.200000000000635,53.700000000000635,candidate_bond_diff,friday_flat
GBPUSD,-1,2026-01-12T00:00:00+00:00,2026-01-16T00:00:00+00:00,88.2000000000005,86.7000000000005,85.2000000000005,candidate_bond_diff,friday_flat
GBPUSD,-1,2026-01-19T00:00:00+00:00,2026-01-23T00:00:00+00:00,-111.4734172498899,-112.9734172498899,-114.4734172498899,candidate_bond_diff,stop
GBPUSD,-1,2026-01-26T00:00:00+00:00,2026-01-27T00:00:00+00:00,-122.68440783781197,-124.18440783781197,-125.68440783781197,candidate_bond_diff,stop
GBPUSD,-1,2026-02-03T00:00:00+00:00,2026-02-05T00:00:00+00:00,167.39999999999975,165.89999999999975,164.39999999999975,candidate_bond_diff,signal_flat
GBPUSD,1,2026-02-16T00:00:00+00:00,2026-02-18T00:00:00+00:00,-133.11000521967208,-134.61000521967208,-136.11000521967208,candidate_bond_diff,stop
GBPUSD,1,2026-03-04T00:00:00+00:00,2026-03-05T00:00:00+00:00,-16.199999999999548,-17.699999999999548,-19.199999999999548,candidate_bond_diff,signal_flat
GBPUSD,1,2026-03-09T00:00:00+00:00,2026-03-13T00:00:00+00:00,-155.90760566414062,-157.40760566414062,-158.90760566414062,candidate_bond_diff,stop
GBPUSD,1,2026-03-16T00:00:00+00:00,2026-03-20T00:00:00+00:00,23.400000000000087,21.900000000000087,20.400000000000087,candidate_bond_diff,friday_flat
GBPUSD,1,2026-03-23T00:00:00+00:00,2026-03-27T00:00:00+00:00,-170.20000000000033,-171.70000000000033,-173.20000000000033,candidate_bond_diff,friday_flat
GBPUSD,1,2026-03-30T00:00:00+00:00,2026-04-03T00:00:00+00:00,20.899999999999253,19.399999999999253,17.899999999999253,candidate_bond_diff,friday_flat
GBPUSD,1,2026-04-06T00:00:00+00:00,2026-04-09T00:00:00+00:00,198.89999999999964,197.39999999999964,195.89999999999964,candidate_bond_diff,signal_flat
GBPUSD,1,2026-04-13T00:00:00+00:00,2026-04-17T00:00:00+00:00,9.399999999999409,7.899999999999409,6.399999999999409,candidate_bond_diff,friday_flat
GBPUSD,1,2026-04-21T00:00:00+00:00,2026-04-24T00:00:00+00:00,26.500000000000412,25.000000000000412,23.500000000000412,candidate_bond_diff,friday_flat
GBPUSD,1,2026-04-27T00:00:00+00:00,2026-05-01T00:00:00+00:00,36.10000000000113,34.60000000000113,33.10000000000113,candidate_bond_diff,friday_flat
GBPUSD,1,2026-05-04T00:00:00+00:00,2026-05-08T00:00:00+00:00,103.89999999999898,102.39999999999898,100.89999999999898,candidate_bond_diff,friday_flat
GBPUSD,1,2026-05-12T00:00:00+00:00,2026-05-14T00:00:00+00:00,-140.3221074120675,-141.8221074120675,-143.3221074120675,candidate_bond_diff,stop
GBPUSD,1,2026-05-14T00:00:00+00:00,2026-05-15T00:00:00+00:00,-75.1999999999997,-76.6999999999997,-78.1999999999997,candidate_bond_diff,friday_flat
GBPUSD,1,2026-05-18T00:00:00+00:00,2026-05-19T00:00:00+00:00,-38.79999999999883,-40.29999999999883,-41.79999999999883,candidate_bond_diff,signal_flat
GBPUSD,-1,2026-05-21T00:00:00+00:00,2026-05-22T00:00:00+00:00,-2.6999999999999247,-4.199999999999925,-5.699999999999925,candidate_bond_diff,friday_flat
GBPUSD,-1,2026-05-25T00:00:00+00:00,2026-05-29T00:00:00+00:00,52.200000000000024,50.700000000000024,49.200000000000024,candidate_bond_diff,friday_flat
GBPUSD,-1,2026-06-01T00:00:00+00:00,2026-06-05T00:00:00+00:00,113.9000000000001,112.4000000000001,110.9000000000001,candidate_bond_diff,friday_flat
GBPUSD,-1,2026-06-08T00:00:00+00:00,2026-06-12T00:00:00+00:00,-69.20000000000037,-70.70000000000037,-72.20000000000037,candidate_bond_diff,friday_flat
GBPUSD,-1,2026-06-15T00:00:00+00:00,2026-06-19T00:00:00+00:00,177.59999999999997,176.09999999999997,174.59999999999997,candidate_bond_diff,friday_flat
GBPUSD,-1,2026-06-22T00:00:00+00:00,2026-06-26T00:00:00+00:00,52.90000000000017,51.40000000000017,49.90000000000017,candidate_bond_diff,friday_flat
GBPUSD,-1,2026-06-29T00:00:00+00:00,2026-06-30T00:00:00+00:00,-1.80000000000069,-3.30000000000069,-4.80000000000069,candidate_bond_diff,end
GBPUSD,-1,2018-03-05T00:00:00+00:00,2018-03-07T00:00:00+00:00,-42.800000000000615,-44.300000000000615,-45.800000000000615,control_mom_fade,flip
GBPUSD,1,2018-03-07T00:00:00+00:00,2018-03-08T00:00:00+00:00,-82.89999999999908,-84.39999999999908,-85.89999999999908,control_mom_fade,flip
GBPUSD,-1,2018-03-08T00:00:00+00:00,2018-03-09T00:00:00+00:00,-45.199999999998575,-46.699999999998575,-48.199999999998575,control_mom_fade,friday_flat
GBPUSD,1,2018-03-12T00:00:00+00:00,2018-03-14T00:00:00+00:00,60.00000000000005,58.50000000000005,57.00000000000005,control_mom_fade,flip
GBPUSD,-1,2018-03-14T00:00:00+00:00,2018-03-16T00:00:00+00:00,22.499999999998632,20.999999999998632,19.499999999998632,control_mom_fade,friday_flat
GBPUSD,1,2018-03-19T00:00:00+00:00,2018-03-23T00:00:00+00:00,107.50000000000037,106.00000000000037,104.50000000000037,control_mom_fade,friday_flat
GBPUSD,1,2018-03-26T00:00:00+00:00,2018-03-29T00:00:00+00:00,-171.51365297835451,-173.01365297835451,-174.51365297835451,control_mom_fade,stop
GBPUSD,1,2018-03-29T00:00:00+00:00,2018-03-30T00:00:00+00:00,2.8999999999990145,1.3999999999990145,-0.10000000000098552,control_mom_fade,friday_flat
GBPUSD,1,2018-04-02T00:00:00+00:00,2018-04-06T00:00:00+00:00,43.999999999999595,42.499999999999595,40.999999999999595,control_mom_fade,friday_flat
GBPUSD,1,2018-04-12T00:00:00+00:00,2018-04-13T00:00:00+00:00,10.600000000000609,9.100000000000609,7.600000000000609,control_mom_fade,friday_flat
GBPUSD,-1,2018-04-19T00:00:00+00:00,2018-04-20T00:00:00+00:00,80.8999999999993,79.3999999999993,77.8999999999993,control_mom_fade,friday_flat
GBPUSD,-1,2018-04-23T00:00:00+00:00,2018-04-27T00:00:00+00:00,160.19999999999922,158.69999999999922,157.19999999999922,control_mom_fade,friday_flat
GBPUSD,-1,2018-04-30T00:00:00+00:00,2018-05-04T00:00:00+00:00,225.10000000000028,223.60000000000028,222.10000000000028,control_mom_fade,friday_flat
GBPUSD,-1,2018-05-07T00:00:00+00:00,2018-05-11T00:00:00+00:00,14.799999999999258,13.299999999999258,11.799999999999258,control_mom_fade,friday_flat
GBPUSD,-1,2018-05-14T00:00:00+00:00,2018-05-18T00:00:00+00:00,86.20000000000071,84.70000000000071,83.20000000000071,control_mom_fade,friday_flat
GBPUSD,-1,2018-05-21T00:00:00+00:00,2018-05-25T00:00:00+00:00,126.19999999999852,124.69999999999852,123.19999999999852,control_mom_fade,friday_flat
GBPUSD,-1,2018-05-28T00:00:00+00:00,2018-06-01T00:00:00+00:00,-39.400000000000546,-40.900000000000546,-42.400000000000546,control_mom_fade,friday_flat
GBPUSD,-1,2018-06-04T00:00:00+00:00,2018-06-07T00:00:00+00:00,-144.16993785597575,-145.66993785597575,-147.16993785597575,control_mom_fade,stop
GBPUSD,-1,2018-06-07T00:00:00+00:00,2018-06-08T00:00:00+00:00,15.699999999998493,14.199999999998493,12.699999999998493,control_mom_fade,friday_flat
GBPUSD,-1,2018-06-13T00:00:00+00:00,2018-06-15T00:00:00+00:00,98.0000000000003,96.5000000000003,95.0000000000003,control_mom_fade,friday_flat
GBPUSD,-1,2018-06-18T00:00:00+00:00,2018-06-22T00:00:00+00:00,-20.599999999999508,-22.099999999999508,-23.599999999999508,control_mom_fade,friday_flat
GBPUSD,-1,2018-07-03T00:00:00+00:00,2018-07-04T00:00:00+00:00,-37.10000000000102,-38.60000000000102,-40.10000000000102,control_mom_fade,signal_flat
GBPUSD,-1,2018-07-19T00:00:00+00:00,2018-07-20T00:00:00+00:00,-116.30000000000028,-117.80000000000028,-119.30000000000028,control_mom_fade,friday_flat
GBPUSD,-1,2018-07-23T00:00:00+00:00,2018-07-25T00:00:00+00:00,-88.99999999999908,-90.49999999999908,-91.99999999999908,control_mom_fade,flip
GBPUSD,1,2018-07-25T00:00:00+00:00,2018-07-27T00:00:00+00:00,-80.59999999999955,-82.09999999999955,-83.59999999999955,control_mom_fade,friday_flat
GBPUSD,-1,2018-07-30T00:00:00+00:00,2018-08-02T00:00:00+00:00,116.20000000000185,114.70000000000185,113.20000000000185,control_mom_fade,signal_flat
GBPUSD,-1,2018-08-07T00:00:00+00:00,2018-08-10T00:00:00+00:00,168.6999999999994,167.1999999999994,165.6999999999994,control_mom_fade,friday_flat
GBPUSD,-1,2018-08-22T00:00:00+00:00,2018-08-24T00:00:00+00:00,61.60000000000165,60.10000000000165,58.60000000000165,control_mom_fade,friday_flat
GBPUSD,-1,2018-08-27T00:00:00+00:00,2018-08-29T00:00:00+00:00,-132.8267346544676,-134.3267346544676,-135.8267346544676,control_mom_fade,stop
GBPUSD,-1,2018-08-29T00:00:00+00:00,2018-08-31T00:00:00+00:00,69.40000000000168,67.90000000000168,66.40000000000168,control_mom_fade,friday_flat
GBPUSD,-1,2018-09-03T00:00:00+00:00,2018-09-05T00:00:00+00:00,-36.000000000000476,-37.500000000000476,-39.000000000000476,control_mom_fade,signal_flat
GBPUSD,1,2018-09-06T00:00:00+00:00,2018-09-07T00:00:00+00:00,-11.200000000000099,-12.700000000000099,-14.200000000000099,control_mom_fade,friday_flat
GBPUSD,1,2018-09-24T00:00:00+00:00,2018-09-25T00:00:00+00:00,59.40000000000056,57.90000000000056,56.40000000000056,control_mom_fade,signal_flat
GBPUSD,1,2018-10-04T00:00:00+00:00,2018-10-05T00:00:00+00:00,94.39999999999893,92.89999999999893,91.39999999999893,control_mom_fade,friday_flat
GBPUSD,1,2018-10-10T00:00:00+00:00,2018-10-11T00:00:00+00:00,44.50000000000065,43.00000000000065,41.50000000000065,control_mom_fade,signal_flat
GBPUSD,1,2018-10-16T00:00:00+00:00,2018-10-17T00:00:00+00:00,-64.20000000000093,-65.70000000000093,-67.20000000000093,control_mom_fade,flip
GBPUSD,-1,2018-10-17T00:00:00+00:00,2018-10-19T00:00:00+00:00,47.59999999999875,46.09999999999875,44.59999999999875,control_mom_fade,friday_flat
GBPUSD,-1,2018-10-22T00:00:00+00:00,2018-10-26T00:00:00+00:00,132.60000000000048,131.10000000000048,129.60000000000048,control_mom_fade,friday_flat
GBPUSD,-1,2018-10-29T00:00:00+00:00,2018-11-01T00:00:00+00:00,-152.5941647623452,-154.0941647623452,-155.5941647623452,control_mom_fade,stop
GBPUSD,-1,2018-11-01T00:00:00+00:00,2018-11-02T00:00:00+00:00,29.399999999999427,27.899999999999427,26.399999999999427,control_mom_fade,friday_flat
GBPUSD,-1,2018-11-05T00:00:00+00:00,2018-11-09T00:00:00+00:00,70.6999999999991,69.1999999999991,67.6999999999991,control_mom_fade,friday_flat
GBPUSD,-1,2018-11-12T00:00:00+00:00,2018-11-13T00:00:00+00:00,-168.89041566490846,-170.39041566490846,-171.89041566490846,control_mom_fade,stop
GBPUSD,-1,2018-11-13T00:00:00+00:00,2018-11-15T00:00:00+00:00,198.59999999999988,197.09999999999988,195.59999999999988,control_mom_fade,signal_flat
GBPUSD,-1,2018-11-19T00:00:00+00:00,2018-11-22T00:00:00+00:00,-25.599999999998957,-27.099999999998957,-28.599999999998957,control_mom_fade,flip
GBPUSD,1,2018-11-22T00:00:00+00:00,2018-11-23T00:00:00+00:00,-74.60000000000022,-76.10000000000022,-77.60000000000022,control_mom_fade,friday_flat
GBPUSD,1,2018-11-26T00:00:00+00:00,2018-11-29T00:00:00+00:00,-19.599999999999618,-21.099999999999618,-22.599999999999618,control_mom_fade,flip
GBPUSD,-1,2018-11-29T00:00:00+00:00,2018-11-30T00:00:00+00:00,40.800000000000836,39.300000000000836,37.800000000000836,control_mom_fade,friday_flat
GBPUSD,-1,2018-12-11T00:00:00+00:00,2018-12-13T00:00:00+00:00,-193.24402204958568,-194.74402204958568,-196.24402204958568,control_mom_fade,stop
GBPUSD,-1,2018-12-19T00:00:00+00:00,2018-12-21T00:00:00+00:00,-26.200000000000667,-27.700000000000667,-29.200000000000667,control_mom_fade,friday_flat
GBPUSD,-1,2018-12-24T00:00:00+00:00,2018-12-28T00:00:00+00:00,3.60000000000138,2.10000000000138,0.6000000000013799,control_mom_fade,friday_flat
GBPUSD,-1,2018-12-31T00:00:00+00:00,2019-01-04T00:00:00+00:00,21.299999999999653,19.799999999999653,18.299999999999653,control_mom_fade,friday_flat
GBPUSD,-1,2019-01-07T00:00:00+00:00,2019-01-09T00:00:00+00:00,-10.200000000000209,-11.700000000000209,-13.200000000000209,control_mom_fade,flip
GBPUSD,1,2019-01-09T00:00:00+00:00,2019-01-11T00:00:00+00:00,46.800000000000175,45.300000000000175,43.800000000000175,control_mom_fade,friday_flat
GBPUSD,1,2019-01-14T00:00:00+00:00,2019-01-15T00:00:00+00:00,-177.10998824486344,-178.60998824486344,-180.10998824486344,control_mom_fade,stop
GBPUSD,1,2019-01-15T00:00:00+00:00,2019-01-18T00:00:00+00:00,15.199999999999658,13.699999999999658,12.199999999999658,control_mom_fade,friday_flat
GBPUSD,1,2019-01-21T00:00:00+00:00,2019-01-25T00:00:00+00:00,306.89999999999884,305.39999999999884,303.89999999999884,control_mom_fade,friday_flat
GBPUSD,1,2019-01-28T00:00:00+00:00,2019-02-01T00:00:00+00:00,-75.49999999999945,-76.99999999999945,-78.49999999999945,control_mom_fade,friday_flat
GBPUSD,1,2019-02-04T00:00:00+00:00,2019-02-06T00:00:00+00:00,-106.59999999999891,-108.09999999999891,-109.59999999999891,control_mom_fade,signal_flat
GBPUSD,1,2019-02-27T00:00:00+00:00,2019-03-01T00:00:00+00:00,-103.50000000000081,-105.00000000000081,-106.50000000000081,control_mom_fade,friday_flat
GBPUSD,1,2019-03-06T00:00:00+00:00,2019-03-07T00:00:00+00:00,-88.09999999999984,-89.59999999999984,-91.09999999999984,control_mom_fade,signal_flat
GBPUSD,1,2019-03-11T00:00:00+00:00,2019-03-12T00:00:00+00:00,-168.75200092985708,-170.25200092985708,-171.75200092985708,control_mom_fade,stop
GBPUSD,1,2019-03-14T00:00:00+00:00,2019-03-15T00:00:00+00:00,31.69999999999895,30.19999999999895,28.69999999999895,control_mom_fade,friday_flat
GBPUSD,1,2019-03-18T00:00:00+00:00,2019-03-21T00:00:00+00:00,-200.1078192517447,-201.6078192517447,-203.1078192517447,control_mom_fade,stop
GBPUSD,1,2019-03-21T00:00:00+00:00,2019-03-22T00:00:00+00:00,96.19999999999962,94.69999999999962,93.19999999999962,control_mom_fade,friday_flat
GBPUSD,-1,2019-03-27T00:00:00+00:00,2019-03-29T00:00:00+00:00,129.7999999999999,128.2999999999999,126.7999999999999,control_mom_fade,friday_flat
GBPUSD,-1,2019-04-01T00:00:00+00:00,2019-04-02T00:00:00+00:00,-25.699999999999612,-27.199999999999612,-28.699999999999612,control_mom_fade,signal_flat
GBPUSD,-1,2019-04-08T00:00:00+00:00,2019-04-12T00:00:00+00:00,-12.300000000000644,-13.800000000000644,-15.300000000000644,control_mom_fade,friday_flat
GBPUSD,-1,2019-04-15T00:00:00+00:00,2019-04-19T00:00:00+00:00,115.7000000000008,114.2000000000008,112.7000000000008,control_mom_fade,friday_flat
GBPUSD,-1,2019-04-22T00:00:00+00:00,2019-04-26T00:00:00+00:00,64.10000000000026,62.600000000000264,61.100000000000264,control_mom_fade,friday_flat
GBPUSD,-1,2019-04-29T00:00:00+00:00,2019-05-01T00:00:00+00:00,-121.79012245718378,-123.29012245718378,-124.79012245718378,control_mom_fade,stop
GBPUSD,-1,2019-05-01T00:00:00+00:00,2019-05-03T00:00:00+00:00,-125.62260558808269,-127.12260558808269,-128.6226055880827,control_mom_fade,stop
GBPUSD,1,2019-05-06T00:00:00+00:00,2019-05-08T00:00:00+00:00,-90.59999999999846,-92.09999999999846,-93.59999999999846,control_mom_fade,flip
GBPUSD,-1,2019-05-08T00:00:00+00:00,2019-05-10T00:00:00+00:00,2.80000000000058,1.3000000000005798,-0.1999999999994202,control_mom_fade,friday_flat
GBPUSD,-1,2019-05-13T00:00:00+00:00,2019-05-17T00:00:00+00:00,243.8999999999991,242.3999999999991,240.8999999999991,control_mom_fade,friday_flat
GBPUSD,-1,2019-05-20T00:00:00+00:00,2019-05-23T00:00:00+00:00,67.59999999999877,66.09999999999877,64.59999999999877,control_mom_fade,signal_flat
GBPUSD,-1,2019-05-29T00:00:00+00:00,2019-05-31T00:00:00+00:00,-4.599999999999049,-6.099999999999049,-7.599999999999049,control_mom_fade,friday_flat
GBPUSD,-1,2019-06-03T00:00:00+00:00,2019-06-07T00:00:00+00:00,-75.40000000000101,-76.90000000000101,-78.40000000000101,control_mom_fade,friday_flat
GBPUSD,-1,2019-06-10T00:00:00+00:00,2019-06-14T00:00:00+00:00,93.69999999999878,92.19999999999878,90.69999999999878,control_mom_fade,friday_flat
GBPUSD,-1,2019-06-17T00:00:00+00:00,2019-06-19T00:00:00+00:00,-114.38278677356583,-115.88278677356583,-117.38278677356583,control_mom_fade,stop
GBPUSD,-1,2019-06-19T00:00:00+00:00,2019-06-20T00:00:00+00:00,-63.99999999999961,-65.4999999999996,-66.9999999999996,control_mom_fade,flip
GBPUSD,1,2019-06-20T00:00:00+00:00,2019-06-21T00:00:00+00:00,42.1999999999989,40.6999999999989,39.1999999999989,control_mom_fade,friday_flat
GBPUSD,1,2019-06-24T00:00:00+00:00,2019-06-28T00:00:00+00:00,-43.8000000000005,-45.3000000000005,-46.8000000000005,control_mom_fade,friday_flat
GBPUSD,-1,2019-07-01T00:00:00+00:00,2019-07-04T00:00:00+00:00,60.79999999999863,59.29999999999863,57.79999999999863,control_mom_fade,signal_flat
GBPUSD,-1,2019-07-24T00:00:00+00:00,2019-07-26T00:00:00+00:00,102.59999999999935,101.09999999999935,99.59999999999935,control_mom_fade,friday_flat
GBPUSD,-1,2019-07-29T00:00:00+00:00,2019-08-02T00:00:00+00:00,59.00000000000016,57.50000000000016,56.00000000000016,control_mom_fade,friday_flat
GBPUSD,-1,2019-08-06T00:00:00+00:00,2019-08-09T00:00:00+00:00,143.50000000000085,142.00000000000085,140.50000000000085,control_mom_fade,friday_flat
GBPUSD,-1,2019-08-13T00:00:00+00:00,2019-08-16T00:00:00+00:00,-84.10000000000028,-85.60000000000028,-87.10000000000028,control_mom_fade,friday_flat
GBPUSD,-1,2019-08-19T00:00:00+00:00,2019-08-22T00:00:00+00:00,-128.1635652212243,-129.6635652212243,-131.1635652212243,control_mom_fade,stop
GBPUSD,-1,2019-08-22T00:00:00+00:00,2019-08-23T00:00:00+00:00,-31.399999999999206,-32.89999999999921,-34.39999999999921,control_mom_fade,friday_flat
GBPUSD,1,2019-08-26T00:00:00+00:00,2019-08-30T00:00:00+00:00,-54.6000000000002,-56.1000000000002,-57.6000000000002,control_mom_fade,friday_flat
GBPUSD,-1,2019-09-02T00:00:00+00:00,2019-09-04T00:00:00+00:00,-142.9221099866873,-144.4221099866873,-145.9221099866873,control_mom_fade,stop
GBPUSD,1,2019-09-04T00:00:00+00:00,2019-09-06T00:00:00+00:00,32.999999999998586,31.499999999998586,29.999999999998586,control_mom_fade,friday_flat
GBPUSD,1,2019-09-09T00:00:00+00:00,2019-09-11T00:00:00+00:00,-15.899999999999803,-17.399999999999803,-18.899999999999803,control_mom_fade,signal_flat
GBPUSD,1,2019-10-14T00:00:00+00:00,2019-10-16T00:00:00+00:00,222.7000000000001,221.2000000000001,219.7000000000001,control_mom_fade,signal_flat
GBPUSD,1,2019-10-17T00:00:00+00:00,2019-10-18T00:00:00+00:00,80.29999999999981,78.79999999999981,77.29999999999981,control_mom_fade,friday_flat
GBPUSD,1,2019-10-21T00:00:00+00:00,2019-10-23T00:00:00+00:00,-46.90000000000083,-48.40000000000083,-49.90000000000083,control_mom_fade,signal_flat
GBPUSD,1,2019-11-11T00:00:00+00:00,2019-11-13T00:00:00+00:00,-4.299999999999304,-5.799999999999304,-7.299999999999304,control_mom_fade,signal_flat
GBPUSD,1,2019-11-20T00:00:00+00:00,2019-11-22T00:00:00+00:00,-94.39999999999893,-95.89999999999893,-97.39999999999893,control_mom_fade,friday_flat
GBPUSD,1,2019-11-25T00:00:00+00:00,2019-11-27T00:00:00+00:00,20.799999999998597,19.299999999998597,17.799999999998597,control_mom_fade,signal_flat
GBPUSD,1,2019-12-04T00:00:00+00:00,2019-12-06T00:00:00+00:00,31.100000000001682,29.600000000001682,28.100000000001682,control_mom_fade,friday_flat
GBPUSD,1,2019-12-09T00:00:00+00:00,2019-12-13T00:00:00+00:00,195.19999999999982,193.69999999999982,192.19999999999982,control_mom_fade,friday_flat
GBPUSD,1,2019-12-16T00:00:00+00:00,2019-12-17T00:00:00+00:00,-159.35507189666075,-160.85507189666075,-162.35507189666075,control_mom_fade,stop
GBPUSD,1,2019-12-17T00:00:00+00:00,2019-12-18T00:00:00+00:00,-52.400000000001334,-53.900000000001334,-55.400000000001334,control_mom_fade,signal_flat
GBPUSD,1,2019-12-31T00:00:00+00:00,2020-01-02T00:00:00+00:00,-108.49999999999804,-109.99999999999804,-111.49999999999804,control_mom_fade,signal_flat
GBPUSD,1,2020-01-06T00:00:00+00:00,2020-01-07T00:00:00+00:00,-47.8999999999985,-49.3999999999985,-50.8999999999985,control_mom_fade,flip
GBPUSD,-1,2020-01-07T00:00:00+00:00,2020-01-09T00:00:00+00:00,54.400000000001114,52.900000000001114,51.400000000001114,control_mom_fade,signal_flat
GBPUSD,-1,2020-01-13T00:00:00+00:00,2020-01-14T00:00:00+00:00,-28.999999999999027,-30.499999999999027,-31.999999999999027,control_mom_fade,signal_flat
GBPUSD,-1,2020-01-16T00:00:00+00:00,2020-01-17T00:00:00+00:00,68.39999999999957,66.89999999999957,65.39999999999957,control_mom_fade,friday_flat
GBPUSD,-1,2020-01-20T00:00:00+00:00,2020-01-21T00:00:00+00:00,-39.600000000001856,-41.100000000001856,-42.600000000001856,control_mom_fade,flip
GBPUSD,1,2020-01-21T00:00:00+00:00,2020-01-23T00:00:00+00:00,73.49999999999967,71.99999999999967,70.49999999999967,control_mom_fade,signal_flat
GBPUSD,-1,2020-02-03T00:00:00+00:00,2020-02-07T00:00:00+00:00,111.49999999999993,109.99999999999993,108.49999999999993,control_mom_fade,friday_flat
GBPUSD,-1,2020-02-10T00:00:00+00:00,2020-02-13T00:00:00+00:00,-149.26360473341614,-150.76360473341614,-152.26360473341614,control_mom_fade,stop
GBPUSD,-1,2020-02-13T00:00:00+00:00,2020-02-14T00:00:00+00:00,-5.9000000000009045,-7.4000000000009045,-8.900000000000905,control_mom_fade,friday_flat
GBPUSD,-1,2020-02-17T00:00:00+00:00,2020-02-21T00:00:00+00:00,47.29999999999901,45.79999999999901,44.29999999999901,control_mom_fade,friday_flat
GBPUSD,-1,2020-02-24T00:00:00+00:00,2020-02-28T00:00:00+00:00,107.09999999999997,105.59999999999997,104.09999999999997,control_mom_fade,friday_flat
GBPUSD,-1,2020-03-02T00:00:00+00:00,2020-03-05T00:00:00+00:00,-150.7585669145994,-152.2585669145994,-153.7585669145994,control_mom_fade,stop
GBPUSD,1,2020-03-05T00:00:00+00:00,2020-03-06T00:00:00+00:00,92.9000000000002,91.4000000000002,89.9000000000002,control_mom_fade,friday_flat
GBPUSD,1,2020-03-09T00:00:00+00:00,2020-03-10T00:00:00+00:00,-160.4263260572636,-161.9263260572636,-163.4263260572636,control_mom_fade,stop
GBPUSD,-1,2020-03-10T00:00:00+00:00,2020-03-13T00:00:00+00:00,589.9999999999994,588.4999999999994,586.9999999999994,control_mom_fade,friday_flat
GBPUSD,-1,2020-03-16T00:00:00+00:00,2020-03-20T00:00:00+00:00,668.6999999999998,667.1999999999998,665.6999999999998,control_mom_fade,friday_flat
GBPUSD,-1,2020-03-23T00:00:00+00:00,2020-03-25T00:00:00+00:00,-359.4519675608998,-360.9519675608998,-362.4519675608998,control_mom_fade,stop
GBPUSD,-1,2020-03-25T00:00:00+00:00,2020-03-27T00:00:00+00:00,-378.0203189683262,-379.5203189683262,-381.0203189683262,control_mom_fade,stop
GBPUSD,-1,2020-03-30T00:00:00+00:00,2020-04-03T00:00:00+00:00,147.9000000000008,146.4000000000008,144.9000000000008,control_mom_fade,friday_flat
GBPUSD,-1,2020-04-06T00:00:00+00:00,2020-04-10T00:00:00+00:00,-204.99999999999963,-206.49999999999963,-207.99999999999963,control_mom_fade,friday_flat
GBPUSD,1,2020-04-13T00:00:00+00:00,2020-04-17T00:00:00+00:00,5.599999999998939,4.099999999998939,2.599999999998939,control_mom_fade,friday_flat
GBPUSD,1,2020-04-20T00:00:00+00:00,2020-04-24T00:00:00+00:00,-66.19999999999848,-67.69999999999848,-69.19999999999848,control_mom_fade,friday_flat
GBPUSD,1,2020-04-27T00:00:00+00:00,2020-05-01T00:00:00+00:00,64.4,62.900000000000006,61.400000000000006,control_mom_fade,friday_flat
GBPUSD,1,2020-06-04T00:00:00+00:00,2020-06-05T00:00:00+00:00,74.60000000000022,73.10000000000022,71.60000000000022,control_mom_fade,friday_flat
GBPUSD,1,2020-06-08T00:00:00+00:00,2020-06-12T00:00:00+00:00,-181.6426175544472,-183.1426175544472,-184.6426175544472,control_mom_fade,stop
GBPUSD,1,2020-06-15T00:00:00+00:00,2020-06-18T00:00:00+00:00,-195.2313512406345,-196.7313512406345,-198.2313512406345,control_mom_fade,stop
GBPUSD,1,2020-06-18T00:00:00+00:00,2020-06-19T00:00:00+00:00,-74.49999999999956,-75.99999999999956,-77.49999999999956,control_mom_fade,friday_flat
GBPUSD,1,2020-06-23T00:00:00+00:00,2020-06-26T00:00:00+00:00,-190.65705946561096,-192.15705946561096,-193.65705946561096,control_mom_fade,stop
GBPUSD,1,2020-07-27T00:00:00+00:00,2020-07-28T00:00:00+00:00,49.900000000000496,48.400000000000496,46.900000000000496,control_mom_fade,signal_flat
GBPUSD,1,2020-07-30T00:00:00+00:00,2020-07-31T00:00:00+00:00,-12.000000000000899,-13.500000000000899,-15.000000000000899,control_mom_fade,friday_flat
GBPUSD,1,2020-08-03T00:00:00+00:00,2020-08-07T00:00:00+00:00,-20.599999999999508,-22.099999999999508,-23.599999999999508,control_mom_fade,friday_flat
GBPUSD,1,2020-08-10T00:00:00+00:00,2020-08-14T00:00:00+00:00,19.399999999998307,17.899999999998307,16.399999999998307,control_mom_fade,friday_flat
GBPUSD,1,2020-08-17T00:00:00+00:00,2020-08-21T00:00:00+00:00,-13.900000000000023,-15.400000000000023,-16.900000000000023,control_mom_fade,friday_flat
GBPUSD,1,2020-08-24T00:00:00+00:00,2020-08-28T00:00:00+00:00,288.6999999999995,287.1999999999995,285.6999999999995,control_mom_fade,friday_flat
GBPUSD,1,2020-08-31T00:00:00+00:00,2020-09-04T00:00:00+00:00,-176.5634180888931,-178.0634180888931,-179.5634180888931,control_mom_fade,stop
GBPUSD,-1,2020-09-09T00:00:00+00:00,2020-09-10T00:00:00+00:00,197.70000000000064,196.20000000000064,194.70000000000064,control_mom_fade,signal_flat
GBPUSD,-1,2020-09-21T00:00:00+00:00,2020-09-23T00:00:00+00:00,94.1000000000014,92.6000000000014,91.1000000000014,control_mom_fade,signal_flat
GBPUSD,-1,2020-10-06T00:00:00+00:00,2020-10-07T00:00:00+00:00,-43.29999999999945,-44.79999999999945,-46.29999999999945,control_mom_fade,signal_flat
GBPUSD,1,2020-10-08T00:00:00+00:00,2020-10-09T00:00:00+00:00,112.69999999999891,111.19999999999891,109.69999999999891,control_mom_fade,friday_flat
GBPUSD,1,2020-10-12T00:00:00+00:00,2020-10-14T00:00:00+00:00,-179.9620174666283,-181.4620174666283,-182.9620174666283,control_mom_fade,stop
GBPUSD,1,2020-10-14T00:00:00+00:00,2020-10-15T00:00:00+00:00,-108.90000000000066,-110.40000000000066,-111.90000000000066,control_mom_fade,flip
GBPUSD,-1,2020-10-15T00:00:00+00:00,2020-10-16T00:00:00+00:00,-4.8000000000003595,-6.3000000000003595,-7.8000000000003595,control_mom_fade,friday_flat
GBPUSD,1,2020-10-19T00:00:00+00:00,2020-10-23T00:00:00+00:00,101.59999999999947,100.09999999999947,98.59999999999947,control_mom_fade,friday_flat
GBPUSD,1,2020-10-26T00:00:00+00:00,2020-10-30T00:00:00+00:00,-65.89999999999874,-67.39999999999874,-68.89999999999874,control_mom_fade,friday_flat
GBPUSD,-1,2020-11-02T00:00:00+00:00,2020-11-03T00:00:00+00:00,-142.2000000000012,-143.7000000000012,-145.2000000000012,control_mom_fade,flip
GBPUSD,1,2020-11-03T00:00:00+00:00,2020-11-06T00:00:00+00:00,89.90000000000053,88.40000000000053,86.90000000000053,control_mom_fade,friday_flat
GBPUSD,1,2020-11-09T00:00:00+00:00,2020-11-13T00:00:00+00:00,35.00000000000058,33.50000000000058,32.00000000000058,control_mom_fade,friday_flat
GBPUSD,1,2020-11-17T00:00:00+00:00,2020-11-18T00:00:00+00:00,20.800000000000818,19.300000000000818,17.800000000000818,control_mom_fade,signal_flat
GBPUSD,1,2020-11-26T00:00:00+00:00,2020-11-27T00:00:00+00:00,-48.39999999999955,-49.89999999999955,-51.39999999999955,control_mom_fade,friday_flat
GBPUSD,1,2020-12-03T00:00:00+00:00,2020-12-04T00:00:00+00:00,-16.100000000001113,-17.600000000001113,-19.100000000001113,control_mom_fade,friday_flat
GBPUSD,1,2020-12-07T00:00:00+00:00,2020-12-11T00:00:00+00:00,-180.49232342545184,-181.99232342545184,-183.49232342545184,control_mom_fade,stop
GBPUSD,1,2020-12-14T00:00:00+00:00,2020-12-18T00:00:00+00:00,168.80000000000004,167.30000000000004,165.80000000000004,control_mom_fade,friday_flat
GBPUSD,1,2020-12-21T00:00:00+00:00,2020-12-29T00:00:00+00:00,39.5000000000012,38.0000000000012,36.5000000000012,control_mom_fade,time_stop
GBPUSD,1,2020-12-30T00:00:00+00:00,2021-01-07T00:00:00+00:00,-61.20000000000125,-62.70000000000125,-64.20000000000125,control_mom_fade,time_stop
GBPUSD,1,2021-01-07T00:00:00+00:00,2021-01-08T00:00:00+00:00,-1.8999999999991246,-3.3999999999991246,-4.899999999999125,control_mom_fade,friday_flat
GBPUSD,1,2021-01-11T00:00:00+00:00,2021-01-15T00:00:00+00:00,70.39999999999935,68.89999999999935,67.39999999999935,control_mom_fade,friday_flat
GBPUSD,1,2021-01-18T00:00:00+00:00,2021-01-22T00:00:00+00:00,97.10000000000107,95.60000000000107,94.10000000000107,control_mom_fade,friday_flat
GBPUSD,1,2021-01-25T00:00:00+00:00,2021-01-29T00:00:00+00:00,23.800000000000487,22.300000000000487,20.800000000000487,control_mom_fade,friday_flat
GBPUSD,1,2021-02-01T00:00:00+00:00,2021-02-05T00:00:00+00:00,76.19999999999959,74.69999999999959,73.19999999999959,control_mom_fade,friday_flat
GBPUSD,1,2021-02-22T00:00:00+00:00,2021-02-23T00:00:00+00:00,51.79999999999962,50.29999999999962,48.79999999999962,control_mom_fade,signal_flat
GBPUSD,1,2021-02-24T00:00:00+00:00,2021-02-26T00:00:00+00:00,-148.22638436539305,-149.72638436539305,-151.22638436539305,control_mom_fade,stop
GBPUSD,1,2021-03-01T00:00:00+00:00,2021-03-03T00:00:00+00:00,23.900000000001143,22.400000000001143,20.900000000001143,control_mom_fade,signal_flat
GBPUSD,1,2021-03-09T00:00:00+00:00,2021-03-12T00:00:00+00:00,31.999999999998696,30.499999999998696,28.999999999998696,control_mom_fade,friday_flat
GBPUSD,-1,2021-03-16T00:00:00+00:00,2021-03-17T00:00:00+00:00,-67.80000000000008,-69.30000000000008,-70.80000000000008,control_mom_fade,flip
GBPUSD,1,2021-03-17T00:00:00+00:00,2021-03-18T00:00:00+00:00,-31.69999999999895,-33.19999999999895,-34.69999999999895,control_mom_fade,signal_flat
GBPUSD,-1,2021-03-22T00:00:00+00:00,2021-03-26T00:00:00+00:00,66.99999999999928,65.49999999999928,63.999999999999275,control_mom_fade,friday_flat
GBPUSD,-1,2021-03-29T00:00:00+00:00,2021-04-02T00:00:00+00:00,-71.30000000000081,-72.80000000000081,-74.30000000000081,control_mom_fade,friday_flat
GBPUSD,1,2021-04-05T00:00:00+00:00,2021-04-07T00:00:00+00:00,-141.3940555068338,-142.8940555068338,-144.3940555068338,control_mom_fade,stop
GBPUSD,-1,2021-04-07T00:00:00+00:00,2021-04-09T00:00:00+00:00,35.09999999999902,33.59999999999902,32.09999999999902,control_mom_fade,friday_flat
GBPUSD,-1,2021-04-12T00:00:00+00:00,2021-04-14T00:00:00+00:00,-38.60000000000196,-40.10000000000196,-41.60000000000196,control_mom_fade,signal_flat
GBPUSD,1,2021-05-17T00:00:00+00:00,2021-05-19T00:00:00+00:00,-24.799999999998157,-26.299999999998157,-27.799999999998157,control_mom_fade,signal_flat
GBPUSD,1,2021-05-26T00:00:00+00:00,2021-05-27T00:00:00+00:00,87.8000000000001,86.3000000000001,84.8000000000001,control_mom_fade,signal_flat
GBPUSD,1,2021-05-31T00:00:00+00:00,2021-06-04T00:00:00+00:00,-44.49999999999843,-45.99999999999843,-47.49999999999843,control_mom_fade,friday_flat
GBPUSD,1,2021-06-07T00:00:00+00:00,2021-06-11T00:00:00+00:00,-67.29999999999903,-68.79999999999903,-70.29999999999903,control_mom_fade,friday_flat
GBPUSD,-1,2021-06-14T00:00:00+00:00,2021-06-17T00:00:00+00:00,182.89999999999915,181.39999999999915,179.89999999999915,control_mom_fade,signal_flat
GBPUSD,-1,2021-06-21T00:00:00+00:00,2021-06-25T00:00:00+00:00,51.29999999999857,49.79999999999857,48.29999999999857,control_mom_fade,friday_flat
GBPUSD,-1,2021-06-28T00:00:00+00:00,2021-07-02T00:00:00+00:00,49.000000000001265,47.500000000001265,46.000000000001265,control_mom_fade,friday_flat
GBPUSD,-1,2021-07-05T00:00:00+00:00,2021-07-09T00:00:00+00:00,-54.39999999999889,-55.89999999999889,-57.39999999999889,control_mom_fade,friday_flat
GBPUSD,-1,2021-07-12T00:00:00+00:00,2021-07-14T00:00:00+00:00,22.800000000000598,21.300000000000598,19.800000000000598,control_mom_fade,signal_flat
GBPUSD,-1,2021-07-19T00:00:00+00:00,2021-07-23T00:00:00+00:00,-70.6999999999991,-72.1999999999991,-73.6999999999991,control_mom_fade,friday_flat
GBPUSD,-1,2021-07-26T00:00:00+00:00,2021-07-27T00:00:00+00:00,-60.100000000000705,-61.600000000000705,-63.100000000000705,control_mom_fade,signal_flat
GBPUSD,1,2021-07-28T00:00:00+00:00,2021-07-30T00:00:00+00:00,4.20000000000087,2.7000000000008697,1.2000000000008697,control_mom_fade,friday_flat
GBPUSD,1,2021-08-02T00:00:00+00:00,2021-08-06T00:00:00+00:00,-13.000000000000789,-14.500000000000789,-16.00000000000079,control_mom_fade,friday_flat
GBPUSD,-1,2021-08-09T00:00:00+00:00,2021-08-10T00:00:00+00:00,7.500000000000284,6.000000000000284,4.500000000000284,control_mom_fade,signal_flat
GBPUSD,1,2021-08-11T00:00:00+00:00,2021-08-12T00:00:00+00:00,-58.100000000000925,-59.600000000000925,-61.100000000000925,control_mom_fade,flip
GBPUSD,-1,2021-08-12T00:00:00+00:00,2021-08-13T00:00:00+00:00,-62.99999999999972,-64.49999999999972,-65.99999999999972,control_mom_fade,friday_flat
GBPUSD,1,2021-08-17T00:00:00+00:00,2021-08-18T00:00:00+00:00,11.800000000001809,10.300000000001809,8.800000000001809,control_mom_fade,signal_flat
GBPUSD,-1,2021-08-25T00:00:00+00:00,2021-08-27T00:00:00+00:00,6.800000000000139,5.300000000000139,3.8000000000001393,control_mom_fade,friday_flat
GBPUSD,-1,2021-09-01T00:00:00+00:00,2021-09-02T00:00:00+00:00,-63.59999999999921,-65.09999999999921,-66.59999999999921,control_mom_fade,signal_flat
GBPUSD,1,2021-09-14T00:00:00+00:00,2021-09-17T00:00:00+00:00,-80.19999999999915,-81.69999999999915,-83.19999999999915,control_mom_fade,friday_flat
GBPUSD,-1,2021-09-20T00:00:00+00:00,2021-09-23T00:00:00+00:00,-61.899999999999174,-63.399999999999174,-64.89999999999918,control_mom_fade,flip
GBPUSD,1,2021-09-23T00:00:00+00:00,2021-09-24T00:00:00+00:00,-48.19999999999824,-49.69999999999824,-51.19999999999824,control_mom_fade,friday_flat
GBPUSD,-1,2021-09-27T00:00:00+00:00,2021-10-01T00:00:00+00:00,155.6999999999986,154.1999999999986,152.6999999999986,control_mom_fade,friday_flat
GBPUSD,-1,2021-10-04T00:00:00+00:00,2021-10-08T00:00:00+00:00,-10.299999999998644,-11.799999999998644,-13.299999999998644,control_mom_fade,friday_flat
GBPUSD,-1,2021-10-11T00:00:00+00:00,2021-10-14T00:00:00+00:00,-137.82351749743071,-139.32351749743071,-140.82351749743071,control_mom_fade,stop
GBPUSD,-1,2021-10-14T00:00:00+00:00,2021-10-15T00:00:00+00:00,-72.7000000000011,-74.2000000000011,-75.7000000000011,control_mom_fade,friday_flat
GBPUSD,1,2021-10-18T00:00:00+00:00,2021-10-22T00:00:00+00:00,32.89999999999793,31.39999999999793,29.89999999999793,control_mom_fade,friday_flat
GBPUSD,1,2021-10-25T00:00:00+00:00,2021-10-27T00:00:00+00:00,-22.699999999999942,-24.199999999999942,-25.699999999999942,control_mom_fade,signal_flat
GBPUSD,-1,2021-11-08T00:00:00+00:00,2021-11-12T00:00:00+00:00,150.9999999999989,149.4999999999989,147.9999999999989,control_mom_fade,friday_flat
GBPUSD,-1,2021-11-15T00:00:00+00:00,2021-11-19T00:00:00+00:00,-32.09999999999935,-33.59999999999935,-35.09999999999935,control_mom_fade,friday_flat
GBPUSD,-1,2021-11-22T00:00:00+00:00,2021-11-26T00:00:00+00:00,66.80000000000241,65.30000000000241,63.80000000000241,control_mom_fade,friday_flat
GBPUSD,-1,2021-11-29T00:00:00+00:00,2021-12-01T00:00:00+00:00,37.70000000000051,36.20000000000051,34.70000000000051,control_mom_fade,signal_flat
GBPUSD,-1,2021-12-07T00:00:00+00:00,2021-12-10T00:00:00+00:00,-20.899999999999253,-22.399999999999253,-23.899999999999253,control_mom_fade,friday_flat
GBPUSD,-1,2021-12-13T00:00:00+00:00,2021-12-16T00:00:00+00:00,-126.36227319148041,-127.86227319148041,-129.36227319148043,control_mom_fade,stop
GBPUSD,-1,2021-12-16T00:00:00+00:00,2021-12-17T00:00:00+00:00,86.10000000000007,84.60000000000007,83.10000000000007,control_mom_fade,friday_flat
GBPUSD,1,2022-01-20T00:00:00+00:00,2022-01-21T00:00:00+00:00,-46.99999999999926,-48.49999999999926,-49.99999999999926,control_mom_fade,friday_flat
GBPUSD,-1,2022-01-31T00:00:00+00:00,2022-02-02T00:00:00+00:00,-120.81457761048408,-122.31457761048408,-123.81457761048408,control_mom_fade,stop
GBPUSD,1,2022-02-02T00:00:00+00:00,2022-02-04T00:00:00+00:00,-48.799999999999955,-50.299999999999955,-51.799999999999955,control_mom_fade,friday_flat
GBPUSD,-1,2022-02-07T00:00:00+00:00,2022-02-11T00:00:00+00:00,-24.699999999999722,-26.199999999999722,-27.699999999999722,control_mom_fade,friday_flat
GBPUSD,-1,2022-02-14T00:00:00+00:00,2022-02-17T00:00:00+00:00,-85.30000000000148,-86.80000000000148,-88.30000000000148,control_mom_fade,flip
GBPUSD,1,2022-02-17T00:00:00+00:00,2022-02-18T00:00:00+00:00,-23.200000000000998,-24.700000000000998,-26.200000000000998,control_mom_fade,friday_flat
GBPUSD,1,2022-02-23T00:00:00+00:00,2022-02-24T00:00:00+00:00,-118.25657847569947,-119.75657847569947,-121.25657847569947,control_mom_fade,stop
GBPUSD,-1,2022-02-24T00:00:00+00:00,2022-02-25T00:00:00+00:00,-33.199999999999896,-34.699999999999896,-36.199999999999896,control_mom_fade,friday_flat
GBPUSD,-1,2022-02-28T00:00:00+00:00,2022-03-02T00:00:00+00:00,13.300000000000534,11.800000000000534,10.300000000000534,control_mom_fade,signal_flat
GBPUSD,-1,2022-03-08T00:00:00+00:00,2022-03-11T00:00:00+00:00,63.40000000000012,61.90000000000012,60.40000000000012,control_mom_fade,friday_flat
GBPUSD,-1,2022-03-14T00:00:00+00:00,2022-03-15T00:00:00+00:00,-33.10000000000146,-34.60000000000146,-36.10000000000146,control_mom_fade,signal_flat
GBPUSD,-1,2022-03-21T00:00:00+00:00,2022-03-25T00:00:00+00:00,-19.500000000001183,-21.000000000001183,-22.500000000001183,control_mom_fade,friday_flat
GBPUSD,-1,2022-03-28T00:00:00+00:00,2022-04-01T00:00:00+00:00,-21.200000000001218,-22.700000000001218,-24.200000000001218,control_mom_fade,friday_flat
GBPUSD,1,2022-04-04T00:00:00+00:00,2022-04-05T00:00:00+00:00,-41.50000000000098,-43.00000000000098,-44.50000000000098,control_mom_fade,flip
GBPUSD,-1,2022-04-05T00:00:00+00:00,2022-04-08T00:00:00+00:00,39.39999999999832,37.89999999999832,36.39999999999832,control_mom_fade,friday_flat
GBPUSD,1,2022-04-11T00:00:00+00:00,2022-04-12T00:00:00+00:00,-29.700000000001392,-31.200000000001392,-32.700000000001396,control_mom_fade,flip
GBPUSD,-1,2022-04-12T00:00:00+00:00,2022-04-14T00:00:00+00:00,-129.90388113288452,-131.40388113288452,-132.90388113288452,control_mom_fade,stop
GBPUSD,-1,2022-04-14T00:00:00+00:00,2022-04-15T00:00:00+00:00,14.700000000000824,13.200000000000824,11.700000000000824,control_mom_fade,friday_flat
GBPUSD,-1,2022-04-18T00:00:00+00:00,2022-04-22T00:00:00+00:00,175.4000000000011,173.9000000000011,172.4000000000011,control_mom_fade,friday_flat
GBPUSD,-1,2022-04-25T00:00:00+00:00,2022-04-29T00:00:00+00:00,162.80000000000072,161.30000000000072,159.80000000000072,control_mom_fade,friday_flat
GBPUSD,-1,2022-05-02T00:00:00+00:00,2022-05-06T00:00:00+00:00,154.60000000000028,153.10000000000028,151.60000000000028,control_mom_fade,friday_flat
GBPUSD,-1,2022-05-09T00:00:00+00:00,2022-05-13T00:00:00+00:00,70.20000000000026,68.70000000000026,67.20000000000026,control_mom_fade,friday_flat
GBPUSD,-1,2022-05-16T00:00:00+00:00,2022-05-19T00:00:00+00:00,-185.96803334713474,-187.46803334713474,-188.96803334713474,control_mom_fade,stop
GBPUSD,-1,2022-05-19T00:00:00+00:00,2022-05-20T00:00:00+00:00,-32.40000000000131,-33.90000000000131,-35.40000000000131,control_mom_fade,friday_flat
GBPUSD,-1,2022-06-20T00:00:00+00:00,2022-06-24T00:00:00+00:00,-20.599999999999508,-22.099999999999508,-23.599999999999508,control_mom_fade,friday_flat
GBPUSD,-1,2022-06-29T00:00:00+00:00,2022-07-01T00:00:00+00:00,27.300000000001212,25.800000000001212,24.300000000001212,control_mom_fade,friday_flat
GBPUSD,-1,2022-07-04T00:00:00+00:00,2022-07-08T00:00:00+00:00,70.6999999999991,69.1999999999991,67.6999999999991,control_mom_fade,friday_flat
GBPUSD,-1,2022-07-12T00:00:00+00:00,2022-07-13T00:00:00+00:00,-3.1000000000003247,-4.600000000000325,-6.100000000000325,control_mom_fade,signal_flat
GBPUSD,-1,2022-07-14T00:00:00+00:00,2022-07-15T00:00:00+00:00,-39.29999999999989,-40.79999999999989,-42.29999999999989,control_mom_fade,friday_flat
GBPUSD,-1,2022-07-18T00:00:00+00:00,2022-07-21T00:00:00+00:00,-42.50000000000087,-44.00000000000087,-45.50000000000087,control_mom_fade,signal_flat
GBPUSD,-1,2022-07-25T00:00:00+00:00,2022-07-26T00:00:00+00:00,14.400000000001079,12.900000000001079,11.400000000001079,control_mom_fade,signal_flat
GBPUSD,1,2022-08-01T00:00:00+00:00,2022-08-02T00:00:00+00:00,-83.10000000000039,-84.60000000000039,-86.10000000000039,control_mom_fade,signal_flat
GBPUSD,1,2022-08-15T00:00:00+00:00,2022-08-18T00:00:00+00:00,-123.99999999999966,-125.49999999999966,-126.99999999999966,control_mom_fade,flip
GBPUSD,-1,2022-08-18T00:00:00+00:00,2022-08-19T00:00:00+00:00,104.19999999999874,102.69999999999874,101.19999999999874,control_mom_fade,friday_flat
GBPUSD,-1,2022-08-22T00:00:00+00:00,2022-08-26T00:00:00+00:00,27.69999999999939,26.19999999999939,24.69999999999939,control_mom_fade,friday_flat
GBPUSD,-1,2022-08-29T00:00:00+00:00,2022-09-02T00:00:00+00:00,196.400000000001,194.900000000001,193.400000000001,control_mom_fade,friday_flat
GBPUSD,-1,2022-09-05T00:00:00+00:00,2022-09-09T00:00:00+00:00,-69.60000000000078,-71.10000000000078,-72.60000000000078,control_mom_fade,friday_flat
GBPUSD,-1,2022-09-12T00:00:00+00:00,2022-09-16T00:00:00+00:00,257.69999999999845,256.19999999999845,254.69999999999845,control_mom_fade,friday_flat
GBPUSD,-1,2022-09-19T00:00:00+00:00,2022-09-23T00:00:00+00:00,587.2999999999995,585.7999999999995,584.2999999999995,control_mom_fade,friday_flat
GBPUSD,-1,2022-09-26T00:00:00+00:00,2022-09-29T00:00:00+00:00,-267.2686269689395,-268.7686269689395,-270.2686269689395,control_mom_fade,stop
GBPUSD,-1,2022-09-29T00:00:00+00:00,2022-09-30T00:00:00+00:00,-38.3,-39.8,-41.3,control_mom_fade,friday_flat
GBPUSD,-1,2022-10-03T00:00:00+00:00,2022-10-07T00:00:00+00:00,236.00000000000065,234.50000000000065,233.00000000000065,control_mom_fade,friday_flat
GBPUSD,-1,2022-10-10T00:00:00+00:00,2022-10-13T00:00:00+00:00,-306.8322492577358,-308.3322492577358,-309.8322492577358,control_mom_fade,stop
GBPUSD,-1,2022-10-13T00:00:00+00:00,2022-10-14T00:00:00+00:00,144.6000000000014,143.1000000000014,141.6000000000014,control_mom_fade,friday_flat
GBPUSD,-1,2022-10-17T00:00:00+00:00,2022-10-19T00:00:00+00:00,141.49999999999883,139.99999999999883,138.49999999999883,control_mom_fade,signal_flat
GBPUSD,1,2022-11-02T00:00:00+00:00,2022-11-04T00:00:00+00:00,-16.199999999999548,-17.699999999999548,-19.199999999999548,control_mom_fade,friday_flat
GBPUSD,1,2022-11-07T00:00:00+00:00,2022-11-11T00:00:00+00:00,318.80000000000126,317.30000000000126,315.80000000000126,control_mom_fade,friday_flat
GBPUSD,1,2022-11-14T00:00:00+00:00,2022-11-16T00:00:00+00:00,156.099999999999,154.599999999999,153.099999999999,control_mom_fade,signal_flat
GBPUSD,1,2022-11-17T00:00:00+00:00,2022-11-18T00:00:00+00:00,23.499999999998522,21.999999999998522,20.499999999998522,control_mom_fade,friday_flat
GBPUSD,1,2022-11-21T00:00:00+00:00,2022-11-25T00:00:00+00:00,268.00000000000153,266.50000000000153,265.00000000000153,control_mom_fade,friday_flat
GBPUSD,1,2022-11-28T00:00:00+00:00,2022-12-01T00:00:00+00:00,299.59999999999985,298.09999999999985,296.59999999999985,control_mom_fade,signal_flat
GBPUSD,-1,2023-01-09T00:00:00+00:00,2023-01-12T00:00:00+00:00,-24.299999999999322,-25.799999999999322,-27.299999999999322,control_mom_fade,signal_flat
GBPUSD,1,2023-01-16T00:00:00+00:00,2023-01-20T00:00:00+00:00,207.5999999999989,206.0999999999989,204.5999999999989,control_mom_fade,friday_flat
GBPUSD,1,2023-01-23T00:00:00+00:00,2023-01-27T00:00:00+00:00,21.800000000000708,20.300000000000708,18.800000000000708,control_mom_fade,friday_flat
GBPUSD,1,2023-01-30T00:00:00+00:00,2023-01-31T00:00:00+00:00,-30.399999999999316,-31.899999999999316,-33.39999999999932,control_mom_fade,signal_flat
GBPUSD,1,2023-02-02T00:00:00+00:00,2023-02-03T00:00:00+00:00,-173.09999999999937,-174.59999999999937,-176.09999999999937,control_mom_fade,friday_flat
GBPUSD,-1,2023-03-09T00:00:00+00:00,2023-03-10T00:00:00+00:00,-179.27445489524183,-180.77445489524183,-182.27445489524183,control_mom_fade,stop
GBPUSD,1,2023-03-22T00:00:00+00:00,2023-03-24T00:00:00+00:00,-33.60000000000029,-35.10000000000029,-36.60000000000029,control_mom_fade,friday_flat
GBPUSD,1,2023-04-03T00:00:00+00:00,2023-04-07T00:00:00+00:00,-0.7999999999985796,-2.2999999999985796,-3.7999999999985796,control_mom_fade,friday_flat
GBPUSD,1,2023-04-10T00:00:00+00:00,2023-04-14T00:00:00+00:00,31.30000000000077,29.80000000000077,28.30000000000077,control_mom_fade,friday_flat
GBPUSD,1,2023-04-17T00:00:00+00:00,2023-04-21T00:00:00+00:00,66.69999999999953,65.19999999999953,63.699999999999534,control_mom_fade,friday_flat
GBPUSD,1,2023-04-24T00:00:00+00:00,2023-04-28T00:00:00+00:00,83.90000000000119,82.40000000000119,80.90000000000119,control_mom_fade,friday_flat
GBPUSD,1,2023-05-01T00:00:00+00:00,2023-05-02T00:00:00+00:00,-25.500000000000522,-27.000000000000522,-28.500000000000522,control_mom_fade,flip
GBPUSD,-1,2023-05-02T00:00:00+00:00,2023-05-03T00:00:00+00:00,-95.49999999999947,-96.99999999999947,-98.49999999999947,control_mom_fade,flip
GBPUSD,1,2023-05-03T00:00:00+00:00,2023-05-05T00:00:00+00:00,67.60000000000099,66.10000000000099,64.60000000000099,control_mom_fade,friday_flat
GBPUSD,1,2023-05-08T00:00:00+00:00,2023-05-11T00:00:00+00:00,-106.10000000000008,-107.60000000000008,-109.10000000000008,control_mom_fade,flip
GBPUSD,-1,2023-05-11T00:00:00+00:00,2023-05-12T00:00:00+00:00,64.80000000000041,63.30000000000041,61.80000000000041,control_mom_fade,friday_flat
GBPUSD,1,2023-05-15T00:00:00+00:00,2023-05-18T00:00:00+00:00,-119.10000000000086,-120.60000000000086,-122.10000000000086,control_mom_fade,flip
GBPUSD,-1,2023-05-18T00:00:00+00:00,2023-05-19T00:00:00+00:00,-38.40000000000065,-39.90000000000065,-41.40000000000065,control_mom_fade,friday_flat
GBPUSD,-1,2023-05-22T00:00:00+00:00,2023-05-23T00:00:00+00:00,21.800000000000708,20.300000000000708,18.800000000000708,control_mom_fade,flip
GBPUSD,1,2023-05-23T00:00:00+00:00,2023-05-24T00:00:00+00:00,-49.699999999999186,-51.199999999999186,-52.699999999999186,control_mom_fade,flip
GBPUSD,-1,2023-05-24T00:00:00+00:00,2023-05-26T00:00:00+00:00,15.600000000000058,14.100000000000058,12.600000000000058,control_mom_fade,friday_flat
GBPUSD,-1,2023-05-29T00:00:00+00:00,2023-06-01T00:00:00+00:00,-128.93792789252288,-130.43792789252288,-131.93792789252288,control_mom_fade,stop
GBPUSD,-1,2023-06-01T00:00:00+00:00,2023-06-02T00:00:00+00:00,75.7999999999992,74.2999999999992,72.7999999999992,control_mom_fade,friday_flat
GBPUSD,-1,2023-06-05T00:00:00+00:00,2023-06-08T00:00:00+00:00,-123.80000000000057,-125.30000000000057,-126.80000000000057,control_mom_fade,flip
GBPUSD,1,2023-06-08T00:00:00+00:00,2023-06-09T00:00:00+00:00,21.600000000001618,20.100000000001618,18.600000000001618,control_mom_fade,friday_flat
GBPUSD,-1,2023-06-12T00:00:00+00:00,2023-06-13T00:00:00+00:00,-97.49999999999925,-98.99999999999925,-100.49999999999925,control_mom_fade,flip
GBPUSD,1,2023-06-13T00:00:00+00:00,2023-06-16T00:00:00+00:00,209.39999999999958,207.89999999999958,206.39999999999958,control_mom_fade,friday_flat
GBPUSD,1,2023-06-19T00:00:00+00:00,2023-06-23T00:00:00+00:00,-72.69999999999888,-74.19999999999888,-75.69999999999888,control_mom_fade,friday_flat
GBPUSD,1,2023-06-26T00:00:00+00:00,2023-06-30T00:00:00+00:00,-17.80000000000115,-19.30000000000115,-20.80000000000115,control_mom_fade,friday_flat
GBPUSD,1,2023-07-03T00:00:00+00:00,2023-07-06T00:00:00+00:00,48.80000000000217,47.30000000000217,45.80000000000217,control_mom_fade,signal_flat
GBPUSD,1,2023-07-10T00:00:00+00:00,2023-07-14T00:00:00+00:00,237.19999999999962,235.69999999999962,234.19999999999962,control_mom_fade,friday_flat
GBPUSD,1,2023-07-17T00:00:00+00:00,2023-07-19T00:00:00+00:00,-139.35334322512148,-140.85334322512148,-142.35334322512148,control_mom_fade,stop
GBPUSD,1,2023-07-25T00:00:00+00:00,2023-07-27T00:00:00+00:00,-106.39999999999982,-107.89999999999982,-109.39999999999982,control_mom_fade,signal_flat
GBPUSD,1,2023-07-31T00:00:00+00:00,2023-08-03T00:00:00+00:00,-154.4181394555566,-155.9181394555566,-157.4181394555566,control_mom_fade,stop
GBPUSD,-1,2023-08-03T00:00:00+00:00,2023-08-04T00:00:00+00:00,-36.40000000000087,-37.90000000000087,-39.40000000000087,control_mom_fade,friday_flat
GBPUSD,-1,2023-08-07T00:00:00+00:00,2023-08-11T00:00:00+00:00,90.90000000000042,89.40000000000042,87.90000000000042,control_mom_fade,friday_flat
GBPUSD,-1,2023-08-14T00:00:00+00:00,2023-08-18T00:00:00+00:00,-49.79999999999984,-51.29999999999984,-52.79999999999984,control_mom_fade,friday_flat
GBPUSD,-1,2023-08-22T00:00:00+00:00,2023-08-25T00:00:00+00:00,154.49999999999963,152.99999999999963,151.49999999999963,control_mom_fade,friday_flat
GBPUSD,-1,2023-08-28T00:00:00+00:00,2023-08-30T00:00:00+00:00,-144.7956321350219,-146.2956321350219,-147.7956321350219,control_mom_fade,stop
GBPUSD,1,2023-08-30T00:00:00+00:00,2023-08-31T00:00:00+00:00,-46.69999999999952,-48.19999999999952,-49.69999999999952,control_mom_fade,flip
GBPUSD,-1,2023-08-31T00:00:00+00:00,2023-09-01T00:00:00+00:00,88.89999999999841,87.39999999999841,85.89999999999841,control_mom_fade,friday_flat
GBPUSD,-1,2023-09-04T00:00:00+00:00,2023-09-08T00:00:00+00:00,159.29999999999998,157.79999999999998,156.29999999999998,control_mom_fade,friday_flat
GBPUSD,-1,2023-09-11T00:00:00+00:00,2023-09-15T00:00:00+00:00,128.60000000000093,127.10000000000093,125.60000000000093,control_mom_fade,friday_flat
GBPUSD,-1,2023-09-18T00:00:00+00:00,2023-09-22T00:00:00+00:00,147.39999999999975,145.89999999999975,144.39999999999975,control_mom_fade,friday_flat
GBPUSD,-1,2023-09-25T00:00:00+00:00,2023-09-29T00:00:00+00:00,9.500000000000064,8.000000000000064,6.500000000000064,control_mom_fade,friday_flat
GBPUSD,-1,2023-10-02T00:00:00+00:00,2023-10-06T00:00:00+00:00,-129.26129091494153,-130.76129091494153,-132.26129091494153,control_mom_fade,stop
GBPUSD,-1,2023-10-09T00:00:00+00:00,2023-10-13T00:00:00+00:00,97.59999999999991,96.09999999999991,94.59999999999991,control_mom_fade,friday_flat
GBPUSD,-1,2023-10-16T00:00:00+00:00,2023-10-20T00:00:00+00:00,53.600000000000314,52.100000000000314,50.600000000000314,control_mom_fade,friday_flat
GBPUSD,1,2023-10-23T00:00:00+00:00,2023-10-25T00:00:00+00:00,-140.91135847204671,-142.41135847204671,-143.91135847204671,control_mom_fade,stop
GBPUSD,-1,2023-10-25T00:00:00+00:00,2023-10-27T00:00:00+00:00,-5.399999999999849,-6.899999999999849,-8.39999999999985,control_mom_fade,friday_flat
GBPUSD,1,2023-10-30T00:00:00+00:00,2023-11-03T00:00:00+00:00,216.6000000000001,215.1000000000001,213.6000000000001,control_mom_fade,friday_flat
GBPUSD,1,2023-11-06T00:00:00+00:00,2023-11-08T00:00:00+00:00,-59.79999999999874,-61.29999999999874,-62.79999999999874,control_mom_fade,flip
GBPUSD,-1,2023-11-08T00:00:00+00:00,2023-11-09T00:00:00+00:00,62.100000000000485,60.600000000000485,59.100000000000485,control_mom_fade,flip
GBPUSD,1,2023-11-09T00:00:00+00:00,2023-11-10T00:00:00+00:00,4.3999999999999595,2.8999999999999595,1.3999999999999595,control_mom_fade,friday_flat
GBPUSD,1,2023-11-13T00:00:00+00:00,2023-11-17T00:00:00+00:00,183.20000000000113,181.70000000000113,180.20000000000113,control_mom_fade,friday_flat
GBPUSD,1,2023-11-20T00:00:00+00:00,2023-11-21T00:00:00+00:00,33.40000000000121,31.900000000001207,30.400000000001207,control_mom_fade,signal_flat
GBPUSD,1,2023-11-22T00:00:00+00:00,2023-11-23T00:00:00+00:00,40.200000000001346,38.700000000001346,37.200000000001346,control_mom_fade,signal_flat
GBPUSD,1,2023-12-04T00:00:00+00:00,2023-12-06T00:00:00+00:00,-73.99999999999851,-75.49999999999851,-76.99999999999851,control_mom_fade,signal_flat
GBPUSD,1,2023-12-12T00:00:00+00:00,2023-12-13T00:00:00+00:00,55.400000000001,53.900000000001,52.400000000001,control_mom_fade,signal_flat
GBPUSD,1,2023-12-25T00:00:00+00:00,2023-12-29T00:00:00+00:00,28.099999999999792,26.599999999999792,25.099999999999792,control_mom_fade,friday_flat
GBPUSD,1,2024-01-04T00:00:00+00:00,2024-01-05T00:00:00+00:00,36.19999999999956,34.69999999999956,33.19999999999956,control_mom_fade,friday_flat
GBPUSD,1,2024-01-09T00:00:00+00:00,2024-01-12T00:00:00+00:00,45.100000000000136,43.600000000000136,42.100000000000136,control_mom_fade,friday_flat
GBPUSD,1,2024-01-15T00:00:00+00:00,2024-01-16T00:00:00+00:00,-91.00000000000108,-92.50000000000108,-94.00000000000108,control_mom_fade,flip
GBPUSD,-1,2024-01-16T00:00:00+00:00,2024-01-17T00:00:00+00:00,-40.10000000000069,-41.60000000000069,-43.10000000000069,control_mom_fade,signal_flat
GBPUSD,1,2024-01-18T00:00:00+00:00,2024-01-19T00:00:00+00:00,-1.900000000001345,-3.400000000001345,-4.900000000001345,control_mom_fade,friday_flat
GBPUSD,1,2024-01-24T00:00:00+00:00,2024-01-25T00:00:00+00:00,-17.300000000000093,-18.800000000000093,-20.300000000000093,control_mom_fade,flip
GBPUSD,-1,2024-01-25T00:00:00+00:00,2024-01-26T00:00:00+00:00,8.299999999998864,6.799999999998864,5.299999999998864,control_mom_fade,friday_flat
GBPUSD,-1,2024-01-29T00:00:00+00:00,2024-01-30T00:00:00+00:00,9.200000000000319,7.700000000000319,6.200000000000319,control_mom_fade,flip
GBPUSD,1,2024-01-30T00:00:00+00:00,2024-02-02T00:00:00+00:00,-67.99999999999918,-69.49999999999918,-70.99999999999918,control_mom_fade,friday_flat
GBPUSD,-1,2024-02-05T00:00:00+00:00,2024-02-09T00:00:00+00:00,-90.99999999999885,-92.49999999999885,-93.99999999999885,control_mom_fade,friday_flat
GBPUSD,-1,2024-02-12T00:00:00+00:00,2024-02-14T00:00:00+00:00,66.69999999999953,65.19999999999953,63.699999999999534,control_mom_fade,signal_flat
GBPUSD,1,2024-03-13T00:00:00+00:00,2024-03-14T00:00:00+00:00,-43.199999999998795,-44.699999999998795,-46.199999999998795,control_mom_fade,signal_flat
GBPUSD,1,2024-03-18T00:00:00+00:00,2024-03-21T00:00:00+00:00,-69.6999999999992,-71.1999999999992,-72.6999999999992,control_mom_fade,flip
GBPUSD,-1,2024-03-21T00:00:00+00:00,2024-03-22T00:00:00+00:00,56.100000000001145,54.600000000001145,53.100000000001145,control_mom_fade,friday_flat
GBPUSD,-1,2024-03-25T00:00:00+00:00,2024-03-29T00:00:00+00:00,18.899999999999473,17.399999999999473,15.899999999999473,control_mom_fade,friday_flat
GBPUSD,-1,2024-04-01T00:00:00+00:00,2024-04-04T00:00:00+00:00,-105.91113152366826,-107.41113152366826,-108.91113152366826,control_mom_fade,stop
GBPUSD,-1,2024-04-04T00:00:00+00:00,2024-04-05T00:00:00+00:00,4.499999999998394,2.999999999998394,1.4999999999983942,control_mom_fade,friday_flat
GBPUSD,-1,2024-04-08T00:00:00+00:00,2024-04-12T00:00:00+00:00,206.10000000000016,204.60000000000016,203.10000000000016,control_mom_fade,friday_flat
GBPUSD,-1,2024-04-15T00:00:00+00:00,2024-04-19T00:00:00+00:00,76.8000000000013,75.3000000000013,73.8000000000013,control_mom_fade,friday_flat
GBPUSD,-1,2024-04-22T00:00:00+00:00,2024-04-24T00:00:00+00:00,-117.57025541433208,-119.07025541433208,-120.57025541433208,control_mom_fade,stop
GBPUSD,-1,2024-04-24T00:00:00+00:00,2024-04-26T00:00:00+00:00,-30.000000000001137,-31.500000000001137,-33.00000000000114,control_mom_fade,friday_flat
GBPUSD,1,2024-04-29T00:00:00+00:00,2024-04-30T00:00:00+00:00,-71.0999999999995,-72.5999999999995,-74.0999999999995,control_mom_fade,flip
GBPUSD,-1,2024-04-30T00:00:00+00:00,2024-05-02T00:00:00+00:00,-42.30000000000178,-43.80000000000178,-45.30000000000178,control_mom_fade,signal_flat
GBPUSD,-1,2024-05-08T00:00:00+00:00,2024-05-10T00:00:00+00:00,-26.100000000000012,-27.600000000000012,-29.100000000000012,control_mom_fade,friday_flat
GBPUSD,1,2024-05-13T00:00:00+00:00,2024-05-14T00:00:00+00:00,32.2,30.700000000000003,29.200000000000003,control_mom_fade,signal_flat
GBPUSD,1,2024-05-23T00:00:00+00:00,2024-05-24T00:00:00+00:00,39.09999999999858,37.59999999999858,36.09999999999858,control_mom_fade,friday_flat
GBPUSD,1,2024-06-03T00:00:00+00:00,2024-06-07T00:00:00+00:00,-92.0999999999994,-93.5999999999994,-95.0999999999994,control_mom_fade,friday_flat
GBPUSD,1,2024-06-10T00:00:00+00:00,2024-06-14T00:00:00+00:00,-44.899999999998826,-46.399999999998826,-47.899999999998826,control_mom_fade,friday_flat
GBPUSD,-1,2024-06-17T00:00:00+00:00,2024-06-18T00:00:00+00:00,-3.900000000001125,-5.400000000001125,-6.900000000001125,control_mom_fade,signal_flat
GBPUSD,1,2024-06-19T00:00:00+00:00,2024-06-20T00:00:00+00:00,-60.100000000000705,-61.600000000000705,-63.100000000000705,control_mom_fade,flip
GBPUSD,-1,2024-06-20T00:00:00+00:00,2024-06-21T00:00:00+00:00,15.999999999998238,14.499999999998238,12.999999999998238,control_mom_fade,friday_flat
GBPUSD,-1,2024-06-24T00:00:00+00:00,2024-06-28T00:00:00+00:00,38.60000000000196,37.10000000000196,35.60000000000196,control_mom_fade,friday_flat
GBPUSD,-1,2024-07-01T00:00:00+00:00,2024-07-02T00:00:00+00:00,17.100000000001003,15.600000000001003,14.100000000001003,control_mom_fade,signal_flat
GBPUSD,-1,2024-07-03T00:00:00+00:00,2024-07-05T00:00:00+00:00,-72.49999999999979,-73.99999999999979,-75.49999999999979,control_mom_fade,friday_flat
GBPUSD,1,2024-07-08T00:00:00+00:00,2024-07-12T00:00:00+00:00,181.59999999999954,180.09999999999954,178.59999999999954,control_mom_fade,friday_flat
GBPUSD,1,2024-07-15T00:00:00+00:00,2024-07-19T00:00:00+00:00,-55.39999999999878,-56.89999999999878,-58.39999999999878,control_mom_fade,friday_flat
GBPUSD,1,2024-07-22T00:00:00+00:00,2024-07-26T00:00:00+00:00,-68.20000000000049,-69.70000000000049,-71.20000000000049,control_mom_fade,friday_flat
GBPUSD,1,2024-07-29T00:00:00+00:00,2024-08-01T00:00:00+00:00,-92.46263475596538,-93.96263475596538,-95.46263475596538,control_mom_fade,stop
GBPUSD,-1,2024-08-01T00:00:00+00:00,2024-08-02T00:00:00+00:00,-97.20947833777416,-98.70947833777416,-100.20947833777416,control_mom_fade,stop
GBPUSD,-1,2024-08-05T00:00:00+00:00,2024-08-09T00:00:00+00:00,16.300000000000203,14.800000000000203,13.300000000000203,control_mom_fade,friday_flat
GBPUSD,-1,2024-08-12T00:00:00+00:00,2024-08-16T00:00:00+00:00,-109.25346001864344,-110.75346001864344,-112.25346001864344,control_mom_fade,stop
GBPUSD,1,2024-08-19T00:00:00+00:00,2024-08-23T00:00:00+00:00,224.60000000000144,223.10000000000144,221.60000000000144,control_mom_fade,friday_flat
GBPUSD,1,2024-08-26T00:00:00+00:00,2024-08-30T00:00:00+00:00,-61.30000000000191,-62.80000000000191,-64.30000000000192,control_mom_fade,friday_flat
GBPUSD,1,2024-09-02T00:00:00+00:00,2024-09-06T00:00:00+00:00,-18.400000000000638,-19.900000000000638,-21.400000000000638,control_mom_fade,friday_flat
GBPUSD,1,2024-09-09T00:00:00+00:00,2024-09-13T00:00:00+00:00,48.299999999998896,46.799999999998896,45.299999999998896,control_mom_fade,friday_flat
GBPUSD,1,2024-09-16T00:00:00+00:00,2024-09-20T00:00:00+00:00,103.50000000000081,102.00000000000081,100.50000000000081,control_mom_fade,friday_flat
GBPUSD,1,2024-09-23T00:00:00+00:00,2024-09-27T00:00:00+00:00,25.999999999999357,24.499999999999357,22.999999999999357,control_mom_fade,friday_flat
GBPUSD,1,2024-09-30T00:00:00+00:00,2024-10-03T00:00:00+00:00,-135.99181477730758,-137.49181477730758,-138.99181477730758,control_mom_fade,stop
GBPUSD,-1,2024-10-03T00:00:00+00:00,2024-10-04T00:00:00+00:00,-0.6000000000017103,-2.1000000000017103,-3.6000000000017103,control_mom_fade,friday_flat
GBPUSD,1,2024-10-07T00:00:00+00:00,2024-10-10T00:00:00+00:00,-25.100000000000122,-26.600000000000122,-28.100000000000122,control_mom_fade,signal_flat
GBPUSD,-1,2024-10-21T00:00:00+00:00,2024-10-25T00:00:00+00:00,22.899999999999032,21.399999999999032,19.899999999999032,control_mom_fade,friday_flat
GBPUSD,-1,2024-10-28T00:00:00+00:00,2024-10-31T00:00:00+00:00,78.70000000000043,77.20000000000043,75.70000000000043,control_mom_fade,signal_flat
GBPUSD,-1,2024-11-06T00:00:00+00:00,2024-11-07T00:00:00+00:00,-106.90000000000087,-108.40000000000087,-109.90000000000087,control_mom_fade,signal_flat
GBPUSD,-1,2024-11-13T00:00:00+00:00,2024-11-14T00:00:00+00:00,42.60000000000152,41.10000000000152,39.60000000000152,control_mom_fade,signal_flat
GBPUSD,-1,2024-11-18T00:00:00+00:00,2024-11-21T00:00:00+00:00,88.79999999999998,87.29999999999998,85.79999999999998,control_mom_fade,signal_flat
GBPUSD,-1,2024-11-25T00:00:00+00:00,2024-11-26T00:00:00+00:00,-0.10000000000065512,-1.6000000000006551,-3.100000000000655,control_mom_fade,signal_flat
GBPUSD,-1,2024-12-03T00:00:00+00:00,2024-12-05T00:00:00+00:00,-86.20000000000071,-87.70000000000071,-89.20000000000071,control_mom_fade,signal_flat
GBPUSD,-1,2024-12-16T00:00:00+00:00,2024-12-17T00:00:00+00:00,-26.500000000000412,-28.000000000000412,-29.500000000000412,control_mom_fade,signal_flat
GBPUSD,-1,2024-12-23T00:00:00+00:00,2024-12-27T00:00:00+00:00,-45.399999999999885,-46.899999999999885,-48.399999999999885,control_mom_fade,friday_flat
GBPUSD,-1,2025-01-02T00:00:00+00:00,2025-01-03T00:00:00+00:00,-49.900000000000496,-51.400000000000496,-52.900000000000496,control_mom_fade,friday_flat
GBPUSD,-1,2025-01-06T00:00:00+00:00,2025-01-07T00:00:00+00:00,42.40000000000021,40.90000000000021,39.40000000000021,control_mom_fade,signal_flat
GBPUSD,-1,2025-01-09T00:00:00+00:00,2025-01-10T00:00:00+00:00,100.99999999999997,99.49999999999997,97.99999999999997,control_mom_fade,friday_flat
GBPUSD,-1,2025-01-14T00:00:00+00:00,2025-01-16T00:00:00+00:00,-27.69999999999939,-29.19999999999939,-30.69999999999939,control_mom_fade,signal_flat
GBPUSD,-1,2025-01-27T00:00:00+00:00,2025-01-28T00:00:00+00:00,55.300000000000345,53.800000000000345,52.300000000000345,control_mom_fade,signal_flat
GBPUSD,-1,2025-02-03T00:00:00+00:00,2025-02-04T00:00:00+00:00,-27.500000000000302,-29.000000000000302,-30.500000000000302,control_mom_fade,flip
GBPUSD,1,2025-02-04T00:00:00+00:00,2025-02-05T00:00:00+00:00,26.600000000001067,25.100000000001067,23.600000000001067,control_mom_fade,signal_flat
GBPUSD,1,2025-02-11T00:00:00+00:00,2025-02-14T00:00:00+00:00,141.0,139.5,138.0,control_mom_fade,friday_flat
GBPUSD,1,2025-02-20T00:00:00+00:00,2025-02-21T00:00:00+00:00,-34.600000000000186,-36.100000000000186,-37.600000000000186,control_mom_fade,friday_flat
GBPUSD,1,2025-02-24T00:00:00+00:00,2025-02-28T00:00:00+00:00,-46.19999999999846,-47.69999999999846,-49.19999999999846,control_mom_fade,friday_flat
GBPUSD,1,2025-03-03T00:00:00+00:00,2025-03-07T00:00:00+00:00,220.59999999999968,219.09999999999968,217.59999999999968,control_mom_fade,friday_flat
GBPUSD,1,2025-03-10T00:00:00+00:00,2025-03-14T00:00:00+00:00,59.70000000000031,58.20000000000031,56.70000000000031,control_mom_fade,friday_flat
GBPUSD,1,2025-03-17T00:00:00+00:00,2025-03-21T00:00:00+00:00,-68.09999999999982,-69.59999999999982,-71.09999999999982,control_mom_fade,friday_flat
GBPUSD,1,2025-03-24T00:00:00+00:00,2025-03-28T00:00:00+00:00,17.499999999999183,15.999999999999183,14.499999999999183,control_mom_fade,friday_flat
GBPUSD,1,2025-03-31T00:00:00+00:00,2025-04-04T00:00:00+00:00,-17.899999999999583,-19.399999999999583,-20.899999999999583,control_mom_fade,friday_flat
GBPUSD,-1,2025-04-07T00:00:00+00:00,2025-04-10T00:00:00+00:00,-171.3466935881991,-172.8466935881991,-174.3466935881991,control_mom_fade,stop
GBPUSD,1,2025-04-10T00:00:00+00:00,2025-04-11T00:00:00+00:00,118.89999999999955,117.39999999999955,115.89999999999955,control_mom_fade,friday_flat
GBPUSD,1,2025-05-14T00:00:00+00:00,2025-05-16T00:00:00+00:00,23.599999999999177,22.099999999999177,20.599999999999177,control_mom_fade,friday_flat
GBPUSD,1,2025-05-20T00:00:00+00:00,2025-05-21T00:00:00+00:00,27.400000000001867,25.900000000001867,24.400000000001867,control_mom_fade,signal_flat
GBPUSD,1,2025-05-22T00:00:00+00:00,2025-05-23T00:00:00+00:00,120.89999999999934,119.39999999999934,117.89999999999934,control_mom_fade,friday_flat
GBPUSD,1,2025-05-26T00:00:00+00:00,2025-05-28T00:00:00+00:00,-94.79999999999933,-96.29999999999933,-97.79999999999933,control_mom_fade,signal_flat
GBPUSD,1,2025-06-03T00:00:00+00:00,2025-06-05T00:00:00+00:00,52.60000000000042,51.10000000000042,49.60000000000042,control_mom_fade,signal_flat
GBPUSD,1,2025-06-09T00:00:00+00:00,2025-06-13T00:00:00+00:00,27.900000000000702,26.400000000000702,24.900000000000702,control_mom_fade,friday_flat
GBPUSD,1,2025-06-16T00:00:00+00:00,2025-06-17T00:00:00+00:00,-139.98818866627127,-141.48818866627127,-142.98818866627127,control_mom_fade,stop
GBPUSD,1,2025-06-17T00:00:00+00:00,2025-06-18T00:00:00+00:00,-1.2999999999996348,-2.799999999999635,-4.299999999999635,control_mom_fade,flip
GBPUSD,-1,2025-06-18T00:00:00+00:00,2025-06-19T00:00:00+00:00,-29.09999999999968,-30.59999999999968,-32.09999999999968,control_mom_fade,flip
GBPUSD,1,2025-06-19T00:00:00+00:00,2025-06-20T00:00:00+00:00,0.9000000000014552,-0.5999999999985448,-2.099999999998545,control_mom_fade,friday_flat
GBPUSD,-1,2025-06-23T00:00:00+00:00,2025-06-24T00:00:00+00:00,-92.59999999999823,-94.09999999999823,-95.59999999999823,control_mom_fade,flip
GBPUSD,1,2025-06-24T00:00:00+00:00,2025-06-26T00:00:00+00:00,111.30000000000084,109.80000000000084,108.30000000000084,control_mom_fade,signal_flat
GBPUSD,1,2025-07-03T00:00:00+00:00,2025-07-04T00:00:00+00:00,-16.500000000001513,-18.000000000001513,-19.500000000001513,control_mom_fade,friday_flat
GBPUSD,-1,2025-07-10T00:00:00+00:00,2025-07-11T00:00:00+00:00,83.5000000000008,82.0000000000008,80.5000000000008,control_mom_fade,friday_flat
GBPUSD,-1,2025-07-16T00:00:00+00:00,2025-07-17T00:00:00+00:00,4.599999999999049,3.0999999999990493,1.5999999999990493,control_mom_fade,signal_flat
GBPUSD,-1,2025-07-21T00:00:00+00:00,2025-07-25T00:00:00+00:00,52.60000000000042,51.10000000000042,49.60000000000042,control_mom_fade,friday_flat
GBPUSD,-1,2025-07-28T00:00:00+00:00,2025-08-01T00:00:00+00:00,71.60000000000055,70.10000000000055,68.60000000000055,control_mom_fade,friday_flat
GBPUSD,-1,2025-08-04T00:00:00+00:00,2025-08-07T00:00:00+00:00,-145.53285083303223,-147.03285083303223,-148.53285083303223,control_mom_fade,stop
GBPUSD,-1,2025-08-07T00:00:00+00:00,2025-08-08T00:00:00+00:00,-5.800000000000249,-7.300000000000249,-8.80000000000025,control_mom_fade,friday_flat
GBPUSD,1,2025-08-11T00:00:00+00:00,2025-08-15T00:00:00+00:00,120.5999999999996,119.0999999999996,117.5999999999996,control_mom_fade,friday_flat
GBPUSD,1,2025-08-18T00:00:00+00:00,2025-08-19T00:00:00+00:00,-9.799999999999809,-11.299999999999809,-12.799999999999809,control_mom_fade,flip
GBPUSD,-1,2025-08-19T00:00:00+00:00,2025-08-22T00:00:00+00:00,-32.40000000000131,-33.90000000000131,-35.40000000000131,control_mom_fade,friday_flat
GBPUSD,1,2025-08-25T00:00:00+00:00,2025-08-29T00:00:00+00:00,44.899999999998826,43.399999999998826,41.899999999998826,control_mom_fade,friday_flat
GBPUSD,1,2025-09-01T00:00:00+00:00,2025-09-02T00:00:00+00:00,-119.2782895777178,-120.7782895777178,-122.2782895777178,control_mom_fade,stop
GBPUSD,1,2025-09-02T00:00:00+00:00,2025-09-04T00:00:00+00:00,42.599999999999305,41.099999999999305,39.599999999999305,control_mom_fade,flip
GBPUSD,-1,2025-09-04T00:00:00+00:00,2025-09-05T00:00:00+00:00,-67.60000000000099,-69.10000000000099,-70.60000000000099,control_mom_fade,friday_flat
GBPUSD,1,2025-09-08T00:00:00+00:00,2025-09-10T00:00:00+00:00,-13.599999999998058,-15.099999999998058,-16.599999999998058,control_mom_fade,flip
GBPUSD,-1,2025-09-10T00:00:00+00:00,2025-09-11T00:00:00+00:00,-41.29999999999967,-42.79999999999967,-44.29999999999967,control_mom_fade,flip
GBPUSD,1,2025-09-11T00:00:00+00:00,2025-09-12T00:00:00+00:00,-20.400000000000418,-21.900000000000418,-23.400000000000418,control_mom_fade,friday_flat
GBPUSD,1,2025-09-15T00:00:00+00:00,2025-09-19T00:00:00+00:00,-127.23494929364864,-128.73494929364864,-130.23494929364864,control_mom_fade,stop
GBPUSD,1,2025-09-22T00:00:00+00:00,2025-09-24T00:00:00+00:00,-64.89999999999884,-66.39999999999884,-67.89999999999884,control_mom_fade,flip
GBPUSD,-1,2025-09-24T00:00:00+00:00,2025-09-26T00:00:00+00:00,48.50000000000243,47.00000000000243,45.50000000000243,control_mom_fade,friday_flat
GBPUSD,-1,2025-09-29T00:00:00+00:00,2025-09-30T00:00:00+00:00,-13.900000000002244,-15.400000000002244,-16.900000000002244,control_mom_fade,flip
GBPUSD,1,2025-09-30T00:00:00+00:00,2025-10-03T00:00:00+00:00,31.89999999999804,30.39999999999804,28.89999999999804,control_mom_fade,friday_flat
GBPUSD,-1,2025-10-06T00:00:00+00:00,2025-10-10T00:00:00+00:00,132.79999999999959,131.29999999999959,129.79999999999959,control_mom_fade,friday_flat
GBPUSD,-1,2025-10-13T00:00:00+00:00,2025-10-16T00:00:00+00:00,-102.60000000000157,-104.10000000000157,-105.60000000000157,control_mom_fade,signal_flat
GBPUSD,-1,2025-10-30T00:00:00+00:00,2025-10-31T00:00:00+00:00,3.4000000000000696,1.9000000000000696,0.40000000000006963,control_mom_fade,friday_flat
GBPUSD,-1,2025-11-03T00:00:00+00:00,2025-11-07T00:00:00+00:00,-25.199999999998557,-26.699999999998557,-28.199999999998557,control_mom_fade,friday_flat
GBPUSD,-1,2025-11-10T00:00:00+00:00,2025-11-14T00:00:00+00:00,0.8000000000008001,-0.6999999999991999,-2.1999999999992,control_mom_fade,friday_flat
GBPUSD,1,2025-12-02T00:00:00+00:00,2025-12-03T00:00:00+00:00,140.10000000000076,138.60000000000076,137.10000000000076,control_mom_fade,signal_flat
GBPUSD,1,2025-12-04T00:00:00+00:00,2025-12-05T00:00:00+00:00,3.20000000000098,1.7000000000009798,0.20000000000097984,control_mom_fade,friday_flat
GBPUSD,1,2025-12-08T00:00:00+00:00,2025-12-11T00:00:00+00:00,64.79999999999819,63.29999999999819,61.79999999999819,control_mom_fade,signal_flat
GBPUSD,1,2025-12-15T00:00:00+00:00,2025-12-17T00:00:00+00:00,-1.900000000001345,-3.400000000001345,-4.900000000001345,control_mom_fade,signal_flat
GBPUSD,1,2025-12-18T00:00:00+00:00,2025-12-19T00:00:00+00:00,-9.099999999999664,-10.599999999999664,-12.099999999999664,control_mom_fade,friday_flat
GBPUSD,1,2025-12-24T00:00:00+00:00,2025-12-26T00:00:00+00:00,-7.699999999999374,-9.199999999999374,-10.699999999999374,control_mom_fade,friday_flat
GBPUSD,1,2026-01-07T00:00:00+00:00,2026-01-09T00:00:00+00:00,-56.700000000000635,-58.200000000000635,-59.700000000000635,control_mom_fade,friday_flat
GBPUSD,1,2026-01-12T00:00:00+00:00,2026-01-15T00:00:00+00:00,-84.00000000000185,-85.50000000000185,-87.00000000000185,control_mom_fade,flip
GBPUSD,-1,2026-01-15T00:00:00+00:00,2026-01-16T00:00:00+00:00,4.199999999998649,2.6999999999986493,1.1999999999986493,control_mom_fade,friday_flat
GBPUSD,1,2026-01-19T00:00:00+00:00,2026-01-21T00:00:00+00:00,4.299999999999304,2.7999999999993044,1.2999999999993044,control_mom_fade,flip
GBPUSD,-1,2026-01-21T00:00:00+00:00,2026-01-23T00:00:00+00:00,-110.67274242464897,-112.17274242464897,-113.67274242464897,control_mom_fade,stop
GBPUSD,1,2026-01-26T00:00:00+00:00,2026-01-27T00:00:00+00:00,168.80000000000004,167.30000000000004,165.80000000000004,control_mom_fade,signal_flat
GBPUSD,1,2026-02-03T00:00:00+00:00,2026-02-05T00:00:00+00:00,-138.83432463982047,-140.33432463982047,-141.83432463982047,control_mom_fade,stop
GBPUSD,1,2026-02-16T00:00:00+00:00,2026-02-18T00:00:00+00:00,-133.11000521967208,-134.61000521967208,-136.11000521967208,control_mom_fade,stop
GBPUSD,-1,2026-03-04T00:00:00+00:00,2026-03-05T00:00:00+00:00,16.199999999999548,14.699999999999548,13.199999999999548,control_mom_fade,signal_flat
GBPUSD,-1,2026-03-09T00:00:00+00:00,2026-03-13T00:00:00+00:00,215.3000000000005,213.8000000000005,212.3000000000005,control_mom_fade,friday_flat
GBPUSD,-1,2026-03-16T00:00:00+00:00,2026-03-20T00:00:00+00:00,-23.400000000000087,-24.900000000000087,-26.400000000000087,control_mom_fade,friday_flat
GBPUSD,-1,2026-03-23T00:00:00+00:00,2026-03-27T00:00:00+00:00,170.20000000000033,168.70000000000033,167.20000000000033,control_mom_fade,friday_flat
GBPUSD,-1,2026-03-30T00:00:00+00:00,2026-04-03T00:00:00+00:00,-20.899999999999253,-22.399999999999253,-23.899999999999253,control_mom_fade,friday_flat
GBPUSD,-1,2026-04-06T00:00:00+00:00,2026-04-08T00:00:00+00:00,-162.98522882424615,-164.48522882424615,-165.98522882424615,control_mom_fade,stop
GBPUSD,-1,2026-04-08T00:00:00+00:00,2026-04-09T00:00:00+00:00,-40.09999999999847,-41.59999999999847,-43.09999999999847,control_mom_fade,signal_flat
GBPUSD,1,2026-04-13T00:00:00+00:00,2026-04-17T00:00:00+00:00,9.399999999999409,7.899999999999409,6.399999999999409,control_mom_fade,friday_flat
GBPUSD,1,2026-04-21T00:00:00+00:00,2026-04-24T00:00:00+00:00,26.500000000000412,25.000000000000412,23.500000000000412,control_mom_fade,friday_flat
GBPUSD,1,2026-04-27T00:00:00+00:00,2026-05-01T00:00:00+00:00,36.10000000000113,34.60000000000113,33.10000000000113,control_mom_fade,friday_flat
GBPUSD,1,2026-05-04T00:00:00+00:00,2026-05-08T00:00:00+00:00,103.89999999999898,102.39999999999898,100.89999999999898,control_mom_fade,friday_flat
GBPUSD,-1,2026-05-12T00:00:00+00:00,2026-05-15T00:00:00+00:00,214.60000000000034,213.10000000000034,211.60000000000034,control_mom_fade,friday_flat
GBPUSD,-1,2026-05-18T00:00:00+00:00,2026-05-19T00:00:00+00:00,38.79999999999883,37.29999999999883,35.79999999999883,control_mom_fade,signal_flat
GBPUSD,-1,2026-05-21T00:00:00+00:00,2026-05-22T00:00:00+00:00,-2.6999999999999247,-4.199999999999925,-5.699999999999925,control_mom_fade,friday_flat
GBPUSD,-1,2026-05-25T00:00:00+00:00,2026-05-29T00:00:00+00:00,52.200000000000024,50.700000000000024,49.200000000000024,control_mom_fade,friday_flat
GBPUSD,-1,2026-06-01T00:00:00+00:00,2026-06-05T00:00:00+00:00,113.9000000000001,112.4000000000001,110.9000000000001,control_mom_fade,friday_flat
GBPUSD,-1,2026-06-08T00:00:00+00:00,2026-06-11T00:00:00+00:00,-77.10000000000105,-78.60000000000105,-80.10000000000105,control_mom_fade,flip
GBPUSD,1,2026-06-11T00:00:00+00:00,2026-06-12T00:00:00+00:00,-7.900000000000684,-9.400000000000684,-10.900000000000684,control_mom_fade,friday_flat
GBPUSD,-1,2026-06-15T00:00:00+00:00,2026-06-16T00:00:00+00:00,-12.999999999998568,-14.499999999998568,-15.999999999998568,control_mom_fade,flip
GBPUSD,1,2026-06-16T00:00:00+00:00,2026-06-17T00:00:00+00:00,-113.1151868181912,-114.6151868181912,-116.1151868181912,control_mom_fade,stop
GBPUSD,-1,2026-06-17T00:00:00+00:00,2026-06-19T00:00:00+00:00,57.40000000000078,55.90000000000078,54.40000000000078,control_mom_fade,friday_flat
GBPUSD,-1,2026-06-22T00:00:00+00:00,2026-06-26T00:00:00+00:00,52.90000000000017,51.40000000000017,49.90000000000017,control_mom_fade,friday_flat
GBPUSD,-1,2026-06-29T00:00:00+00:00,2026-06-30T00:00:00+00:00,-1.80000000000069,-3.30000000000069,-4.80000000000069,control_mom_fade,end
