symbol,direction,entry_time,exit_time,gross_pips,net_a_pips,net_b_pips,family,exit_reason,leg_gross_json
BASKET,-1,2018-03-14T00:00:00+00:00,2018-03-16T00:00:00+00:00,-22.866666666666546,-24.366666666666546,-25.866666666666546,candidate,friday_flat,"{""EURUSD"": -79.10000000000083, ""GBPUSD"": -22.499999999998632, ""USDJPY"": 32.99999999999983}"
BASKET,-1,2018-03-19T00:00:00+00:00,2018-03-20T00:00:00+00:00,-55.00000000000016,-56.50000000000016,-58.00000000000016,candidate,flat_signal,"{""EURUSD"": -90.60000000000068, ""GBPUSD"": -24.299999999999322, ""USDJPY"": -50.10000000000048}"
BASKET,-1,2018-03-21T00:00:00+00:00,2018-03-23T00:00:00+00:00,46.733333333333256,45.233333333333256,43.733333333333256,candidate,friday_flat,"{""EURUSD"": 12.900000000000134, ""GBPUSD"": -5.60000000000116, ""USDJPY"": 132.90000000000077}"
BASKET,-1,2018-03-26T00:00:00+00:00,2018-03-28T00:00:00+00:00,-136.44701394235383,-137.94701394235383,-139.44701394235383,candidate,stop,"{""EURUSD"": -140.0285696352288, ""GBPUSD"": -149.999999999999, ""USDJPY"": -119.31247219183376}"
BASKET,-1,2018-03-28T00:00:00+00:00,2018-03-29T00:00:00+00:00,-7.76666666666618,-9.26666666666618,-10.76666666666618,candidate,flat_signal,"{""EURUSD"": -7.199999999998319, ""GBPUSD"": -58.700000000000415, ""USDJPY"": 42.60000000000019}"
BASKET,-1,2018-04-03T00:00:00+00:00,2018-04-06T00:00:00+00:00,3.3666666666659553,1.8666666666659555,0.36666666666595543,candidate,friday_flat,"{""EURUSD"": 10.999999999998789, ""GBPUSD"": 33.199999999999896, ""USDJPY"": -34.10000000000082}"
BASKET,-1,2018-04-09T00:00:00+00:00,2018-04-10T00:00:00+00:00,11.566666666666533,10.066666666666533,8.566666666666533,candidate,flat_signal,"{""EURUSD"": 35.30000000000033, ""GBPUSD"": 44.599999999999085, ""USDJPY"": -45.19999999999982}"
BASKET,1,2018-04-30T00:00:00+00:00,2018-05-02T00:00:00+00:00,120.46666666666675,118.96666666666675,117.46666666666675,candidate,flat_signal,"{""EURUSD"": 127.09999999999998, ""GBPUSD"": 183.40000000000023, ""USDJPY"": 50.900000000000034}"
BASKET,1,2018-05-14T00:00:00+00:00,2018-05-18T00:00:00+00:00,117.70000000000034,116.20000000000034,114.70000000000034,candidate,friday_flat,"{""EURUSD"": 155.70000000000084, ""GBPUSD"": 86.20000000000071, ""USDJPY"": 111.19999999999948}"
BASKET,1,2018-05-21T00:00:00+00:00,2018-05-23T00:00:00+00:00,27.021570445836186,25.521570445836186,24.021570445836186,candidate,stop,"{""EURUSD"": 96.00000000000053, ""GBPUSD"": 78.29999999999781, ""USDJPY"": -93.23528866248978}"
BASKET,1,2018-05-23T00:00:00+00:00,2018-05-24T00:00:00+00:00,-52.6446662992524,-54.1446662992524,-55.6446662992524,candidate,stop,"{""EURUSD"": -24.100000000000232, ""GBPUSD"": -34.999999999998366, ""USDJPY"": -98.83399889775859}"
BASKET,1,2018-05-28T00:00:00+00:00,2018-05-29T00:00:00+00:00,15.598239118272991,14.098239118272991,12.598239118272991,candidate,stop,"{""EURUSD"": 84.69999999999978, ""GBPUSD"": 64.9999999999995, ""USDJPY"": -102.9052826451803}"
BASKET,1,2018-05-29T00:00:00+00:00,2018-05-30T00:00:00+00:00,-52.6551602870473,-54.1551602870473,-55.6551602870473,candidate,stop,"{""EURUSD"": -132.6654808611427, ""GBPUSD"": -40.29999999999978, ""USDJPY"": 15.000000000000568}"
BASKET,1,2018-06-05T00:00:00+00:00,2018-06-06T00:00:00+00:00,-14.233333333333851,-15.733333333333851,-17.23333333333385,candidate,flat_signal,"{""EURUSD"": -56.80000000000129, ""GBPUSD"": -26.300000000001322, ""USDJPY"": 40.40000000000106}"
BASKET,-1,2018-06-14T00:00:00+00:00,2018-06-15T00:00:00+00:00,18.266666666666072,16.766666666666072,15.266666666666074,candidate,friday_flat,"{""EURUSD"": 41.10000000000058, ""GBPUSD"": 17.699999999998273, ""USDJPY"": -4.000000000000625}"
BASKET,-1,2018-06-18T00:00:00+00:00,2018-06-19T00:00:00+00:00,-19.19999999999975,-20.69999999999975,-22.19999999999975,candidate,flat_signal,"{""EURUSD"": -34.49999999999953, ""GBPUSD"": -71.99999999999874, ""USDJPY"": 48.89999999999901}"
BASKET,-1,2018-06-20T00:00:00+00:00,2018-06-22T00:00:00+00:00,73.13333333333259,71.63333333333259,70.13333333333259,candidate,friday_flat,"{""EURUSD"": 83.49999999999856, ""GBPUSD"": 97.89999999999965, ""USDJPY"": 37.999999999999545}"
BASKET,-1,2018-06-25T00:00:00+00:00,2018-06-26T00:00:00+00:00,-48.766666666665934,-50.266666666665934,-51.766666666665934,candidate,flat_signal,"{""EURUSD"": -56.69999999999842, ""GBPUSD"": -62.40000000000023, ""USDJPY"": -27.199999999999136}"
BASKET,-1,2018-07-03T00:00:00+00:00,2018-07-06T00:00:00+00:00,64.83333333333438,63.33333333333437,61.83333333333437,candidate,friday_flat,"{""EURUSD"": 88.50000000000024, ""GBPUSD"": 96.50000000000158, ""USDJPY"": 9.500000000001307}"
BASKET,-1,2018-07-09T00:00:00+00:00,2018-07-11T00:00:00+00:00,-74.24171500902004,-75.74171500902004,-77.24171500902004,candidate,stop,"{""EURUSD"": -78.19999999999938, ""GBPUSD"": -52.799999999999514, ""USDJPY"": -91.72514502706122}"
BASKET,-1,2018-07-11T00:00:00+00:00,2018-07-13T00:00:00+00:00,4.033333333333644,2.533333333333644,1.033333333333644,candidate,friday_flat,"{""EURUSD"": 14.199999999999768, ""GBPUSD"": 32.70000000000106, ""USDJPY"": -34.7999999999999}"
BASKET,-1,2018-07-16T00:00:00+00:00,2018-07-17T00:00:00+00:00,-85.81486808382552,-87.31486808382552,-88.81486808382552,candidate,stop,"{""EURUSD"": -50.599999999998424, ""GBPUSD"": -147.44460425147875, ""USDJPY"": -59.39999999999941}"
BASKET,-1,2018-07-18T00:00:00+00:00,2018-07-20T00:00:00+00:00,95.56666666666752,94.06666666666752,92.56666666666752,candidate,friday_flat,"{""EURUSD"": 82.9000000000013, ""GBPUSD"": 63.90000000000118, ""USDJPY"": 139.9000000000001}"
BASKET,-1,2018-07-25T00:00:00+00:00,2018-07-26T00:00:00+00:00,-63.500000000000206,-65.00000000000021,-66.50000000000021,candidate,flat_signal,"{""EURUSD"": -85.70000000000188, ""GBPUSD"": -79.79999999999876, ""USDJPY"": -25.0}"
BASKET,-1,2018-08-01T00:00:00+00:00,2018-08-02T00:00:00+00:00,-59.90000000000028,-61.40000000000028,-62.90000000000028,candidate,flat_signal,"{""EURUSD"": -75.3999999999988, ""GBPUSD"": -110.70000000000135, ""USDJPY"": 6.399999999999295}"
BASKET,-1,2018-08-08T00:00:00+00:00,2018-08-09T00:00:00+00:00,-50.399999999999444,-51.899999999999444,-53.399999999999444,candidate,flat_signal,"{""EURUSD"": -83.10000000000039, ""GBPUSD"": -57.99999999999805, ""USDJPY"": -10.099999999999909}"
BASKET,-1,2018-08-16T00:00:00+00:00,2018-08-17T00:00:00+00:00,47.89999999999947,46.39999999999947,44.89999999999947,candidate,friday_flat,"{""EURUSD"": 62.29999999999958, ""GBPUSD"": 41.49999999999876, ""USDJPY"": 39.90000000000009}"
BASKET,1,2018-08-21T00:00:00+00:00,2018-08-22T00:00:00+00:00,-2.866666666666795,-4.366666666666795,-5.866666666666795,candidate,flat_signal,"{""EURUSD"": -25.800000000000267, ""GBPUSD"": -10.200000000000209, ""USDJPY"": 27.40000000000009}"
BASKET,1,2018-08-29T00:00:00+00:00,2018-08-31T00:00:00+00:00,26.00609467495074,24.50609467495074,23.00609467495074,candidate,stop,"{""EURUSD"": 104.20000000000095, ""GBPUSD"": 69.40000000000168, ""USDJPY"": -95.58171597515042}"
BASKET,1,2018-09-03T00:00:00+00:00,2018-09-05T00:00:00+00:00,0.6666666666665341,-0.8333333333334659,-2.333333333333466,candidate,flat_signal,"{""EURUSD"": -10.900000000000354, ""GBPUSD"": -36.000000000000476, ""USDJPY"": 48.90000000000043}"
BASKET,1,2018-09-10T00:00:00+00:00,2018-09-12T00:00:00+00:00,-12.133333333333416,-13.633333333333416,-15.133333333333416,candidate,flat_signal,"{""EURUSD"": -32.2, ""GBPUSD"": -19.299999999999873, ""USDJPY"": 15.099999999999625}"
BASKET,1,2018-09-18T00:00:00+00:00,2018-09-19T00:00:00+00:00,-3.799999999999789,-5.299999999999788,-6.799999999999788,candidate,flat_signal,"{""EURUSD"": -6.999999999999229, ""GBPUSD"": 4.899999999998794, ""USDJPY"": -9.299999999998931}"
BASKET,1,2018-09-20T00:00:00+00:00,2018-09-21T00:00:00+00:00,68.1333333333336,66.6333333333336,65.1333333333336,candidate,friday_flat,"{""EURUSD"": 22.800000000000598, ""GBPUSD"": 178.70000000000053, ""USDJPY"": 2.899999999999636}"
BASKET,1,2018-09-24T00:00:00+00:00,2018-09-26T00:00:00+00:00,-14.766666666666802,-16.266666666666804,-17.766666666666804,candidate,rebalance,"{""EURUSD"": 9.300000000000974, ""GBPUSD"": -44.90000000000105, ""USDJPY"": -8.70000000000033}"
BASKET,-1,2018-09-26T00:00:00+00:00,2018-09-28T00:00:00+00:00,-121.54000898900324,-123.04000898900324,-124.54000898900324,candidate,stop,"{""EURUSD"": -121.04028734104766, ""GBPUSD"": -162.92840167117404, ""USDJPY"": -80.651337954788}"
BASKET,-1,2018-10-01T00:00:00+00:00,2018-10-02T00:00:00+00:00,-23.533333333332546,-25.033333333332546,-26.533333333332546,candidate,flat_signal,"{""EURUSD"": -31.799999999999606, ""GBPUSD"": -64.09999999999805, ""USDJPY"": 25.30000000000001}"
BASKET,-1,2018-10-03T00:00:00+00:00,2018-10-05T00:00:00+00:00,103.33333333333263,101.83333333333263,100.33333333333263,candidate,friday_flat,"{""EURUSD"": 46.79999999999795, ""GBPUSD"": 178.8999999999996, ""USDJPY"": 84.30000000000035}"
BASKET,-1,2018-10-08T00:00:00+00:00,2018-10-10T00:00:00+00:00,75.16666666666652,73.66666666666652,72.16666666666652,candidate,flat_signal,"{""EURUSD"": 27.500000000000302, ""GBPUSD"": 101.99999999999986, ""USDJPY"": 95.99999999999937}"
BASKET,-1,2018-10-17T00:00:00+00:00,2018-10-19T00:00:00+00:00,-7.60000000000005,-9.10000000000005,-10.60000000000005,candidate,friday_flat,"{""EURUSD"": 14.299999999998203, ""GBPUSD"": -47.59999999999875, ""USDJPY"": 10.500000000000398}"
BASKET,-1,2018-10-24T00:00:00+00:00,2018-10-26T00:00:00+00:00,-2.7333333333335346,-4.233333333333534,-5.733333333333534,candidate,friday_flat,"{""EURUSD"": 10.999999999998789, ""GBPUSD"": -55.899999999999835, ""USDJPY"": 36.70000000000044}"
BASKET,-1,2018-10-31T00:00:00+00:00,2018-11-01T00:00:00+00:00,113.6999999999985,112.1999999999985,110.6999999999985,candidate,flat_signal,"{""EURUSD"": 87.89999999999853, ""GBPUSD"": 225.39999999999782, ""USDJPY"": 27.79999999999916}"
BASKET,1,2018-11-06T00:00:00+00:00,2018-11-07T00:00:00+00:00,-5.899999999999483,-7.399999999999483,-8.899999999999483,candidate,flat_signal,"{""EURUSD"": 0.5000000000010552, ""GBPUSD"": -24.899999999998812, ""USDJPY"": 6.6999999999993065}"
BASKET,1,2018-11-12T00:00:00+00:00,2018-11-13T00:00:00+00:00,-81.5301385549695,-83.0301385549695,-84.5301385549695,candidate,stop,"{""EURUSD"": -72.40000000000136, ""GBPUSD"": -168.89041566490846, ""USDJPY"": -3.299999999998704}"
BASKET,1,2018-11-13T00:00:00+00:00,2018-11-14T00:00:00+00:00,-18.633333333333635,-20.133333333333635,-21.633333333333635,candidate,flat_signal,"{""EURUSD"": -18.199999999999328, ""GBPUSD"": -18.700000000000383, ""USDJPY"": -19.000000000001194}"
BASKET,1,2018-11-20T00:00:00+00:00,2018-11-21T00:00:00+00:00,8.500000000000085,7.000000000000085,5.500000000000085,candidate,flat_signal,"{""EURUSD"": -14.800000000001479, ""GBPUSD"": 10.600000000000609, ""USDJPY"": 29.700000000001125}"
BASKET,1,2018-11-27T00:00:00+00:00,2018-11-28T00:00:00+00:00,-56.0333333333333,-57.5333333333333,-59.0333333333333,candidate,rebalance,"{""EURUSD"": -78.49999999999912, ""GBPUSD"": -79.29999999999993, ""USDJPY"": -10.300000000000864}"
BASKET,-1,2018-11-28T00:00:00+00:00,2018-11-30T00:00:00+00:00,-35.366666666667136,-36.866666666667136,-38.366666666667136,candidate,friday_flat,"{""EURUSD"": -50.39999999999933, ""GBPUSD"": -75.80000000000142, ""USDJPY"": 20.09999999999934}"
BASKET,-1,2018-12-03T00:00:00+00:00,2018-12-04T00:00:00+00:00,23.06666666666673,21.56666666666673,20.06666666666673,candidate,flat_signal,"{""EURUSD"": -11.099999999999444, ""GBPUSD"": -7.099999999999884, ""USDJPY"": 87.39999999999952}"
BASKET,-1,2018-12-05T00:00:00+00:00,2018-12-07T00:00:00+00:00,33.6333333333337,32.1333333333337,30.6333333333337,candidate,friday_flat,"{""EURUSD"": 51.70000000000119, ""GBPUSD"": -1.2999999999996348, ""USDJPY"": 50.499999999999545}"
BASKET,-1,2018-12-10T00:00:00+00:00,2018-12-12T00:00:00+00:00,27.73333333333368,26.23333333333368,24.73333333333368,candidate,flat_signal,"{""EURUSD"": 12.799999999999478, ""GBPUSD"": 65.70000000000186, ""USDJPY"": 4.699999999999704}"
BASKET,-1,2018-12-17T00:00:00+00:00,2018-12-21T00:00:00+00:00,66.09999999999972,64.59999999999972,63.09999999999972,candidate,friday_flat,"{""EURUSD"": 19.399999999998307, ""GBPUSD"": 16.40000000000086, ""USDJPY"": 162.5}"
BASKET,-1,2018-12-24T00:00:00+00:00,2018-12-26T00:00:00+00:00,-78.91735629887769,-80.41735629887769,-81.91735629887769,candidate,stop,"{""EURUSD"": -64.4, ""GBPUSD"": -67.0000000000015, ""USDJPY"": -105.35206889663158}"
BASKET,-1,2018-12-26T00:00:00+00:00,2018-12-28T00:00:00+00:00,86.2333333333335,84.7333333333335,83.2333333333335,candidate,friday_flat,"{""EURUSD"": 87.8000000000001, ""GBPUSD"": 63.40000000000012, ""USDJPY"": 107.50000000000028}"
BASKET,-1,2018-12-31T00:00:00+00:00,2019-01-02T00:00:00+00:00,-60.947832804458606,-62.447832804458606,-63.947832804458606,candidate,stop,"{""EURUSD"": -117.54349841337496, ""GBPUSD"": -138.59999999999982, ""USDJPY"": 73.29999999999899}"
BASKET,-1,2019-01-02T00:00:00+00:00,2019-01-03T00:00:00+00:00,-1.6102498733197617,-3.1102498733197614,-4.610249873319762,candidate,stop,"{""EURUSD"": 49.199999999998134, ""GBPUSD"": -174.4307496199582, ""USDJPY"": 120.40000000000077}"
BASKET,-1,2019-01-03T00:00:00+00:00,2019-01-04T00:00:00+00:00,4.400000000000609,2.9000000000006083,1.4000000000006085,candidate,friday_flat,"{""EURUSD"": 2.60000000000149, ""GBPUSD"": 94.40000000000114, ""USDJPY"": -83.80000000000081}"
BASKET,-1,2019-01-07T00:00:00+00:00,2019-01-11T00:00:00+00:00,20.80000000000067,19.30000000000067,17.80000000000067,candidate,friday_flat,"{""EURUSD"": -11.299999999998533, ""GBPUSD"": 57.000000000000384, ""USDJPY"": 16.70000000000016}"
BASKET,-1,2019-01-14T00:00:00+00:00,2019-01-15T00:00:00+00:00,-94.46999608162075,-95.96999608162075,-97.46999608162075,candidate,stop,"{""EURUSD"": -55.39999999999878, ""GBPUSD"": -177.10998824486344, ""USDJPY"": -50.900000000000034}"
BASKET,-1,2019-01-15T00:00:00+00:00,2019-01-18T00:00:00+00:00,-47.36666666666704,-48.86666666666704,-50.36666666666704,candidate,friday_flat,"{""EURUSD"": -46.90000000000083, ""GBPUSD"": 15.199999999999658, ""USDJPY"": -110.39999999999992}"
BASKET,-1,2019-01-21T00:00:00+00:00,2019-01-24T00:00:00+00:00,37.46666666666636,35.96666666666636,34.46666666666636,candidate,flat_signal,"{""EURUSD"": -62.60000000000154, ""GBPUSD"": 172.60000000000053, ""USDJPY"": 2.400000000000091}"
BASKET,-1,2019-01-29T00:00:00+00:00,2019-02-01T00:00:00+00:00,8.933333333332824,7.433333333332823,5.933333333332823,candidate,friday_flat,"{""EURUSD"": 20.899999999999253, ""GBPUSD"": 15.600000000000058, ""USDJPY"": -9.700000000000841}"
BASKET,-1,2019-02-04T00:00:00+00:00,2019-02-07T00:00:00+00:00,-87.64078950198889,-89.14078950198889,-90.64078950198889,candidate,stop,"{""EURUSD"": -103.66106191575408, ""GBPUSD"": -165.86130659021146, ""USDJPY"": 6.599999999998829}"
BASKET,-1,2019-02-07T00:00:00+00:00,2019-02-08T00:00:00+00:00,-8.36666666666718,-9.86666666666718,-11.36666666666718,candidate,friday_flat,"{""EURUSD"": -16.80000000000126, ""GBPUSD"": -12.000000000000899, ""USDJPY"": 3.700000000000614}"
BASKET,-1,2019-02-11T00:00:00+00:00,2019-02-15T00:00:00+00:00,12.266666666666973,10.766666666666973,9.266666666666973,candidate,friday_flat,"{""EURUSD"": 15.699999999998493, ""GBPUSD"": 28.400000000001757, ""USDJPY"": -7.299999999999329}"
BASKET,-1,2019-02-18T00:00:00+00:00,2019-02-21T00:00:00+00:00,43.53333333333268,42.033333333332685,40.533333333332685,candidate,flat_signal,"{""EURUSD"": 24.899999999998812, ""GBPUSD"": 116.19999999999963, ""USDJPY"": -10.500000000000398}"
BASKET,-1,2019-02-25T00:00:00+00:00,2019-02-27T00:00:00+00:00,76.73333333333387,75.23333333333387,73.73333333333387,candidate,flat_signal,"{""EURUSD"": 12.499999999999734, ""GBPUSD"": 211.00000000000117, ""USDJPY"": 6.700000000000728}"
BASKET,-1,2019-03-04T00:00:00+00:00,2019-03-05T00:00:00+00:00,-15.733333333334206,-17.233333333334205,-18.733333333334205,candidate,flat_signal,"{""EURUSD"": -31.70000000000117, ""GBPUSD"": -1.3000000000018552, ""USDJPY"": -14.19999999999959}"
BASKET,-1,2019-03-11T00:00:00+00:00,2019-03-12T00:00:00+00:00,-47.45066697661855,-48.95066697661855,-50.45066697661855,candidate,stop,"{""EURUSD"": 39.20000000000145, ""GBPUSD"": -168.75200092985708, ""USDJPY"": -12.800000000000011}"
BASKET,-1,2019-03-18T00:00:00+00:00,2019-03-21T00:00:00+00:00,-34.402606417248315,-35.902606417248315,-37.402606417248315,candidate,stop,"{""EURUSD"": 37.799999999998946, ""GBPUSD"": -200.1078192517447, ""USDJPY"": 59.10000000000082}"
BASKET,-1,2019-03-21T00:00:00+00:00,2019-03-22T00:00:00+00:00,31.71681245021585,30.21681245021585,28.71681245021585,candidate,stop,"{""EURUSD"": -92.64956264935175, ""GBPUSD"": 96.19999999999962, ""USDJPY"": 91.59999999999968}"
BASKET,-1,2019-03-25T00:00:00+00:00,2019-03-28T00:00:00+00:00,-103.60676205398103,-105.10676205398103,-106.60676205398103,candidate,stop,"{""EURUSD"": -96.12028616194256, ""GBPUSD"": -149.20000000000044, ""USDJPY"": -65.50000000000011}"
BASKET,-1,2019-03-28T00:00:00+00:00,2019-03-29T00:00:00+00:00,-14.733333333333192,-16.233333333333192,-17.733333333333192,candidate,friday_flat,"{""EURUSD"": -9.299999999998754, ""GBPUSD"": -16.700000000000603, ""USDJPY"": -18.200000000000216}"
BASKET,-1,2019-04-01T00:00:00+00:00,2019-04-05T00:00:00+00:00,-33.86666666666708,-35.36666666666708,-36.86666666666708,candidate,friday_flat,"{""EURUSD"": 3.5000000000007248, ""GBPUSD"": -68.70000000000154, ""USDJPY"": -36.40000000000043}"
BASKET,-1,2019-04-08T00:00:00+00:00,2019-04-09T00:00:00+00:00,8.10000000000007,6.60000000000007,5.10000000000007,candidate,flat_signal,"{""EURUSD"": 0.0, ""GBPUSD"": -8.900000000000574, ""USDJPY"": 33.200000000000784}"
BASKET,-1,2019-04-10T00:00:00+00:00,2019-04-11T00:00:00+00:00,-40.56666666666695,-42.06666666666695,-43.56666666666695,candidate,flat_signal,"{""EURUSD"": -21.700000000000053, ""GBPUSD"": -35.70000000000073, ""USDJPY"": -64.30000000000007}"
BASKET,-1,2019-04-16T00:00:00+00:00,2019-04-18T00:00:00+00:00,-35.199999999999555,-36.699999999999555,-38.199999999999555,candidate,flat_signal,"{""EURUSD"": -49.399999999999444, ""GBPUSD"": -58.79999999999885, ""USDJPY"": 2.599999999999625}"
BASKET,-1,2019-04-22T00:00:00+00:00,2019-04-24T00:00:00+00:00,-58.50807249435214,-60.00807249435214,-61.50807249435214,candidate,stop,"{""EURUSD"": -72.12421748305609, ""GBPUSD"": -78.19999999999938, ""USDJPY"": -25.200000000000955}"
BASKET,-1,2019-04-24T00:00:00+00:00,2019-04-25T00:00:00+00:00,10.466666666666402,8.966666666666402,7.466666666666402,candidate,flat_signal,"{""EURUSD"": -21.100000000000563, ""GBPUSD"": -3.8000000000004697, ""USDJPY"": 56.30000000000024}"
BASKET,-1,2019-04-30T00:00:00+00:00,2019-05-01T00:00:00+00:00,0.8333333333335524,-0.6666666666664476,-2.1666666666664476,candidate,flat_signal,"{""EURUSD"": -19.899999999999363, ""GBPUSD"": 17.599999999999838, ""USDJPY"": 4.800000000000182}"
BASKET,-1,2019-05-02T00:00:00+00:00,2019-05-03T00:00:00+00:00,71.29999999999991,69.79999999999991,68.29999999999991,candidate,friday_flat,"{""EURUSD"": 31.200000000000117, ""GBPUSD"": 141.5999999999995, ""USDJPY"": 41.100000000000136}"
BASKET,-1,2019-05-07T00:00:00+00:00,2019-05-09T00:00:00+00:00,0.9999999999999183,-0.5000000000000817,-2.0000000000000817,candidate,flat_signal,"{""EURUSD"": 22.200000000001108, ""GBPUSD"": -65.60000000000122, ""USDJPY"": 46.399999999999864}"
BASKET,-1,2019-05-14T00:00:00+00:00,2019-05-16T00:00:00+00:00,-53.59999999999999,-55.09999999999999,-56.59999999999999,candidate,flat_signal,"{""EURUSD"": -29.399999999999427, ""GBPUSD"": -107.80000000000011, ""USDJPY"": -23.60000000000042}"
BASKET,-1,2019-05-27T00:00:00+00:00,2019-05-29T00:00:00+00:00,-40.09999999999998,-41.59999999999998,-43.09999999999999,candidate,flat_signal,"{""EURUSD"": -60.600000000001764, ""GBPUSD"": -52.69999999999886, ""USDJPY"": -6.999999999999318}"
BASKET,-1,2019-06-03T00:00:00+00:00,2019-06-07T00:00:00+00:00,51.1666666666675,49.6666666666675,48.1666666666675,candidate,friday_flat,"{""EURUSD"": 91.60000000000056, ""GBPUSD"": 75.40000000000101, ""USDJPY"": -13.49999999999909}"
BASKET,-1,2019-06-10T00:00:00+00:00,2019-06-13T00:00:00+00:00,-13.266666666666302,-14.766666666666302,-16.2666666666663,candidate,flat_signal,"{""EURUSD"": -34.89999999999993, ""GBPUSD"": -9.699999999999154, ""USDJPY"": 4.800000000000182}"
BASKET,-1,2019-06-17T00:00:00+00:00,2019-06-19T00:00:00+00:00,52.53333333333385,51.03333333333385,49.53333333333385,candidate,flat_signal,"{""EURUSD"": 8.099999999999774, ""GBPUSD"": 105.50000000000058, ""USDJPY"": 44.000000000001194}"
BASKET,-1,2019-06-20T00:00:00+00:00,2019-06-21T00:00:00+00:00,38.99999999999975,37.49999999999975,35.99999999999975,candidate,friday_flat,"{""EURUSD"": 78.30000000000003, ""GBPUSD"": 42.1999999999989, ""USDJPY"": -3.499999999999659}"
BASKET,-1,2019-06-24T00:00:00+00:00,2019-06-25T00:00:00+00:00,-24.200000000000117,-25.700000000000117,-27.200000000000117,candidate,flat_signal,"{""EURUSD"": -32.30000000000066, ""GBPUSD"": -51.999999999998714, ""USDJPY"": 11.699999999999022}"
BASKET,-1,2019-07-01T00:00:00+00:00,2019-07-05T00:00:00+00:00,-59.821161012204946,-61.321161012204946,-62.821161012204946,candidate,stop,"{""EURUSD"": -60.2999999999998, ""GBPUSD"": -117.26348303661592, ""USDJPY"": -1.8999999999991246}"
BASKET,-1,2019-07-08T00:00:00+00:00,2019-07-12T00:00:00+00:00,66.83333333333309,65.33333333333309,63.83333333333309,candidate,friday_flat,"{""EURUSD"": 55.699999999998525, ""GBPUSD"": 61.9000000000014, ""USDJPY"": 82.89999999999935}"
BASKET,-1,2019-07-15T00:00:00+00:00,2019-07-16T00:00:00+00:00,-62.783206858394266,-64.28320685839427,-65.78320685839427,candidate,stop,"{""EURUSD"": -47.399999999999665, ""GBPUSD"": -107.74962057518377, ""USDJPY"": -33.19999999999936}"
BASKET,-1,2019-07-16T00:00:00+00:00,2019-07-19T00:00:00+00:00,52.96666666666679,51.46666666666679,49.96666666666679,candidate,friday_flat,"{""EURUSD"": 9.099999999999664, ""GBPUSD"": 95.40000000000103, ""USDJPY"": 54.39999999999969}"
BASKET,-1,2019-07-22T00:00:00+00:00,2019-07-23T00:00:00+00:00,-43.56666666666671,-45.06666666666671,-46.56666666666671,candidate,flat_signal,"{""EURUSD"": -57.70000000000053, ""GBPUSD"": -37.4999999999992, ""USDJPY"": -35.5000000000004}"
BASKET,1,2019-08-01T00:00:00+00:00,2019-08-02T00:00:00+00:00,-40.133333333332935,-41.633333333332935,-43.133333333332935,candidate,friday_flat,"{""EURUSD"": -20.299999999999763, ""GBPUSD"": -26.299999999999102, ""USDJPY"": -73.79999999999995}"
BASKET,-1,2019-08-05T00:00:00+00:00,2019-08-06T00:00:00+00:00,-27.687675972272,-29.187675972272,-30.687675972272,candidate,stop,"{""EURUSD"": -5.300000000001415, ""GBPUSD"": 24.200000000000887, ""USDJPY"": -101.96302791681546}"
BASKET,-1,2019-08-12T00:00:00+00:00,2019-08-13T00:00:00+00:00,-55.9840716630464,-57.4840716630464,-58.9840716630464,candidate,stop,"{""EURUSD"": -42.200000000001125, ""GBPUSD"": -15.600000000000058, ""USDJPY"": -110.15221498913803}"
BASKET,-1,2019-08-13T00:00:00+00:00,2019-08-14T00:00:00+00:00,15.233333333333505,13.733333333333505,12.233333333333505,candidate,flat_signal,"{""EURUSD"": -33.199999999999896, ""GBPUSD"": -4.999999999999449, ""USDJPY"": 83.89999999999986}"
BASKET,-1,2019-08-19T00:00:00+00:00,2019-08-23T00:00:00+00:00,113.00000000000018,111.50000000000018,110.00000000000018,candidate,friday_flat,"{""EURUSD"": 60.80000000000085, ""GBPUSD"": 156.30000000000032, ""USDJPY"": 121.89999999999941}"
BASKET,-1,2019-08-26T00:00:00+00:00,2019-08-30T00:00:00+00:00,-51.63585621297963,-53.13585621297963,-54.63585621297963,candidate,stop,"{""EURUSD"": -86.90756863893867, ""GBPUSD"": -54.6000000000002, ""USDJPY"": -13.400000000000034}"
BASKET,-1,2019-09-02T00:00:00+00:00,2019-09-06T00:00:00+00:00,68.06666666666678,66.56666666666678,65.06666666666678,candidate,friday_flat,"{""EURUSD"": 54.89999999999995, ""GBPUSD"": 218.30000000000015, ""USDJPY"": -68.99999999999977}"
BASKET,-1,2019-09-09T00:00:00+00:00,2019-09-12T00:00:00+00:00,-59.91074389465484,-61.41074389465484,-62.91074389465484,candidate,stop,"{""EURUSD"": -83.13223168396443, ""GBPUSD"": -10.799999999999699, ""USDJPY"": -85.80000000000041}"
BASKET,-1,2019-09-17T00:00:00+00:00,2019-09-19T00:00:00+00:00,0.5666666666657901,-0.9333333333342088,-2.433333333334209,candidate,rebalance,"{""EURUSD"": -31.70000000000117, ""GBPUSD"": 24.199999999998667, ""USDJPY"": 9.199999999999875}"
BASKET,1,2019-09-19T00:00:00+00:00,2019-09-20T00:00:00+00:00,10.20000000000009,8.70000000000009,7.200000000000089,candidate,friday_flat,"{""EURUSD"": 22.100000000000453, ""GBPUSD"": 55.19999999999969, ""USDJPY"": -46.699999999999875}"
BASKET,1,2019-09-23T00:00:00+00:00,2019-09-27T00:00:00+00:00,77.53333333333423,76.03333333333423,74.53333333333423,candidate,friday_flat,"{""EURUSD"": 51.40000000000144, ""GBPUSD"": 142.2000000000012, ""USDJPY"": 39.00000000000006}"
BASKET,1,2019-10-02T00:00:00+00:00,2019-10-04T00:00:00+00:00,-26.59999999999988,-28.09999999999988,-29.59999999999988,candidate,friday_flat,"{""EURUSD"": -18.199999999999328, ""GBPUSD"": -34.000000000000696, ""USDJPY"": -27.599999999999625}"
BASKET,1,2019-10-08T00:00:00+00:00,2019-10-10T00:00:00+00:00,-37.272975194636054,-38.772975194636054,-40.272975194636054,candidate,stop,"{""EURUSD"": -49.000000000001265, ""GBPUSD"": -151.21892558390692, ""USDJPY"": 88.40000000000003}"
BASKET,1,2019-10-10T00:00:00+00:00,2019-10-11T00:00:00+00:00,-50.95144289741483,-52.45144289741483,-53.95144289741483,candidate,stop,"{""EURUSD"": -30.999999999998806, ""GBPUSD"": -168.25432869224554, ""USDJPY"": 46.399999999999864}"
BASKET,1,2019-10-30T00:00:00+00:00,2019-10-31T00:00:00+00:00,-34.411562545123815,-35.911562545123815,-37.411562545123815,candidate,stop,"{""EURUSD"": 0.1999999999990898, ""GBPUSD"": -26.999999999999247, ""USDJPY"": -76.43468763537129}"
BASKET,1,2019-10-31T00:00:00+00:00,2019-11-01T00:00:00+00:00,-1.8999999999995982,-3.3999999999995985,-4.899999999999598,candidate,friday_flat,"{""EURUSD"": -13.399999999998968, ""GBPUSD"": -7.299999999998974, ""USDJPY"": 14.999999999999147}"
BASKET,1,2019-11-04T00:00:00+00:00,2019-11-08T00:00:00+00:00,92.9666666666663,91.4666666666663,89.9666666666663,candidate,friday_flat,"{""EURUSD"": 108.29999999999895, ""GBPUSD"": 105.80000000000034, ""USDJPY"": 64.79999999999961}"
BASKET,1,2019-11-11T00:00:00+00:00,2019-11-14T00:00:00+00:00,-32.15461977531691,-33.65461977531691,-35.15461977531691,candidate,stop,"{""EURUSD"": 11.099999999999444, ""GBPUSD"": -28.399999999999537, ""USDJPY"": -79.16385932595063}"
BASKET,1,2019-11-14T00:00:00+00:00,2019-11-15T00:00:00+00:00,-3.866666666666981,-5.366666666666981,-6.86666666666698,candidate,friday_flat,"{""EURUSD"": -30.300000000000882, ""GBPUSD"": -17.700000000000493, ""USDJPY"": 36.40000000000043}"
BASKET,1,2019-11-18T00:00:00+00:00,2019-11-22T00:00:00+00:00,57.899999999999494,56.399999999999494,54.899999999999494,candidate,friday_flat,"{""EURUSD"": 53.600000000000314, ""GBPUSD"": 123.59999999999926, ""USDJPY"": -3.50000000000108}"
BASKET,1,2019-11-25T00:00:00+00:00,2019-11-27T00:00:00+00:00,18.33333333333321,16.83333333333321,15.33333333333321,candidate,flat_signal,"{""EURUSD"": 13.699999999998713, ""GBPUSD"": -20.799999999998597, ""USDJPY"": 62.09999999999951}"
BASKET,1,2019-12-02T00:00:00+00:00,2019-12-04T00:00:00+00:00,-42.83341818737349,-44.33341818737349,-45.83341818737349,candidate,stop,"{""EURUSD"": 0.8999999999992347, ""GBPUSD"": -117.6002545621202, ""USDJPY"": -11.7999999999995}"
BASKET,1,2019-12-09T00:00:00+00:00,2019-12-11T00:00:00+00:00,-39.88655015146838,-41.38655015146838,-42.88655015146838,candidate,stop,"{""EURUSD"": -64.25965045440573, ""GBPUSD"": -55.300000000000345, ""USDJPY"": -0.0999999999990564}"
BASKET,1,2019-12-11T00:00:00+00:00,2019-12-13T00:00:00+00:00,-36.08317923785753,-37.58317923785753,-39.08317923785753,candidate,stop,"{""EURUSD"": -66.87260676935924, ""GBPUSD"": -120.77693094421303, ""USDJPY"": 79.3999999999997}"
BASKET,1,2019-12-18T00:00:00+00:00,2019-12-20T00:00:00+00:00,34.53333333333296,33.03333333333296,31.533333333332962,candidate,friday_flat,"{""EURUSD"": 37.59999999999985, ""GBPUSD"": 76.09999999999894, ""USDJPY"": -10.099999999999909}"
BASKET,1,2019-12-24T00:00:00+00:00,2019-12-27T00:00:00+00:00,-61.38423302668207,-62.88423302668207,-64.38423302668207,candidate,stop,"{""EURUSD"": -66.95269908004508, ""GBPUSD"": -127.60000000000105, ""USDJPY"": 10.39999999999992}"
BASKET,1,2019-12-30T00:00:00+00:00,2019-12-31T00:00:00+00:00,-67.1791289660763,-68.6791289660763,-70.1791289660763,candidate,stop,"{""EURUSD"": -18.599999999999728, ""GBPUSD"": -161.43738689822882, ""USDJPY"": -21.50000000000034}"
BASKET,1,2019-12-31T00:00:00+00:00,2020-01-03T00:00:00+00:00,56.602280785622575,55.102280785622575,53.602280785622575,candidate,stop,"{""EURUSD"": 61.299999999999685, ""GBPUSD"": 170.49999999999787, ""USDJPY"": -61.99315764312985}"
BASKET,1,2020-01-08T00:00:00+00:00,2020-01-10T00:00:00+00:00,17.966666666666775,16.466666666666775,14.966666666666775,candidate,friday_flat,"{""EURUSD"": -15.899999999999803, ""GBPUSD"": 30.09999999999957, ""USDJPY"": 39.70000000000056}"
BASKET,1,2020-01-15T00:00:00+00:00,2020-01-17T00:00:00+00:00,38.333333333333464,36.833333333333464,35.333333333333464,candidate,friday_flat,"{""EURUSD"": 60.19999999999914, ""GBPUSD"": 27.900000000000702, ""USDJPY"": 26.900000000000546}"
BASKET,1,2020-01-22T00:00:00+00:00,2020-01-23T00:00:00+00:00,7.066666666666184,5.566666666666184,4.066666666666184,candidate,flat_signal,"{""EURUSD"": 37.799999999998946, ""GBPUSD"": 18.299999999999983, ""USDJPY"": -34.900000000000375}"
BASKET,1,2020-01-29T00:00:00+00:00,2020-01-31T00:00:00+00:00,-87.9437169592802,-89.44371695928021,-90.94371695928021,candidate,stop,"{""EURUSD"": -63.95679840462076, ""GBPUSD"": -134.1652114258629, ""USDJPY"": -65.70914104735692}"
BASKET,-1,2020-02-03T00:00:00+00:00,2020-02-04T00:00:00+00:00,-16.91528582131188,-18.41528582131188,-19.91528582131188,candidate,stop,"{""EURUSD"": -15.899999999999803, ""GBPUSD"": 35.70000000000073, ""USDJPY"": -70.54585746393656}"
BASKET,-1,2020-02-04T00:00:00+00:00,2020-02-05T00:00:00+00:00,-34.33333333333343,-35.83333333333343,-37.33333333333343,candidate,flat_signal,"{""EURUSD"": -44.50000000000065, ""GBPUSD"": -28.799999999999937, ""USDJPY"": -29.699999999999704}"
BASKET,-1,2020-02-10T00:00:00+00:00,2020-02-13T00:00:00+00:00,18.079996940452236,16.579996940452236,15.079996940452238,candidate,stop,"{""EURUSD"": -68.56000917864424, ""GBPUSD"": 127.20000000000064, ""USDJPY"": -4.399999999999693}"
BASKET,-1,2020-02-13T00:00:00+00:00,2020-02-14T00:00:00+00:00,-0.16666666666630783,-1.666666666666308,-3.1666666666663077,candidate,friday_flat,"{""EURUSD"": -10.699999999999044, ""GBPUSD"": 5.9000000000009045, ""USDJPY"": 4.299999999999216}"
BASKET,-1,2020-02-17T00:00:00+00:00,2020-02-19T00:00:00+00:00,-59.93773077825253,-61.43773077825253,-62.93773077825253,candidate,stop,"{""EURUSD"": -30.700000000001282, ""GBPUSD"": -85.19999999999861, ""USDJPY"": -63.913192334757696}"
BASKET,-1,2020-02-19T00:00:00+00:00,2020-02-20T00:00:00+00:00,-45.469182830907805,-46.969182830907805,-48.469182830907805,candidate,stop,"{""EURUSD"": -20.099999999998452, ""GBPUSD"": -39.5000000000012, ""USDJPY"": -76.80754849272375}"
BASKET,-1,2020-02-20T00:00:00+00:00,2020-02-21T00:00:00+00:00,63.83333333333318,62.33333333333318,60.83333333333318,candidate,friday_flat,"{""EURUSD"": 63.59999999999921, ""GBPUSD"": 77.4000000000008, ""USDJPY"": 50.499999999999545}"
BASKET,-1,2020-02-24T00:00:00+00:00,2020-02-28T00:00:00+00:00,102.04004430258807,100.54004430258807,99.04004430258807,candidate,stop,"{""EURUSD"": 177.30000000000024, ""GBPUSD"": -135.7798670922361, ""USDJPY"": 264.6000000000001}"
BASKET,-1,2020-03-02T00:00:00+00:00,2020-03-06T00:00:00+00:00,247.866666666667,246.366666666667,244.866666666667,candidate,friday_flat,"{""EURUSD"": 156.8999999999998, ""GBPUSD"": 292.30000000000086, ""USDJPY"": 294.40000000000026}"
BASKET,-1,2020-03-09T00:00:00+00:00,2020-03-10T00:00:00+00:00,-157.08046795020397,-158.58046795020397,-160.08046795020397,candidate,stop,"{""EURUSD"": -132.50655944320843, ""GBPUSD"": -160.4263260572636, ""USDJPY"": -178.30851835013988}"
BASKET,-1,2020-03-10T00:00:00+00:00,2020-03-12T00:00:00+00:00,-92.52446455966918,-94.02446455966918,-95.52446455966918,candidate,stop,"{""EURUSD"": -142.65966234012106, ""GBPUSD"": -176.5137313388876, ""USDJPY"": 41.6000000000011}"
BASKET,1,2020-03-18T00:00:00+00:00,2020-03-19T00:00:00+00:00,216.4999999999998,214.9999999999998,213.4999999999998,candidate,flat_signal,"{""EURUSD"": 252.69999999999902, ""GBPUSD"": 115.00000000000065, ""USDJPY"": 281.7999999999998}"
BASKET,1,2020-03-24T00:00:00+00:00,2020-03-26T00:00:00+00:00,-262.710376622563,-264.210376622563,-265.710376622563,candidate,stop,"{""EURUSD"": -231.34001713256856, ""GBPUSD"": -368.4911127351209, ""USDJPY"": -188.29999999999956}"
BASKET,1,2020-03-26T00:00:00+00:00,2020-03-27T00:00:00+00:00,-192.23333333333323,-193.73333333333323,-195.23333333333323,candidate,friday_flat,"{""EURUSD"": -113.99999999999854, ""GBPUSD"": -319.7000000000005, ""USDJPY"": -143.00000000000068}"
BASKET,1,2020-03-31T00:00:00+00:00,2020-04-03T00:00:00+00:00,155.4666666666672,153.9666666666672,152.4666666666672,candidate,friday_flat,"{""EURUSD"": 222.20000000000127, ""GBPUSD"": 147.1, ""USDJPY"": 97.10000000000036}"
BASKET,1,2020-04-07T00:00:00+00:00,2020-04-10T00:00:00+00:00,-60.1333333333329,-61.6333333333329,-63.1333333333329,candidate,friday_flat,"{""EURUSD"": -44.299999999999336, ""GBPUSD"": -104.40000000000005, ""USDJPY"": -31.699999999999307}"
BASKET,1,2020-04-14T00:00:00+00:00,2020-04-15T00:00:00+00:00,69.29999999999963,67.79999999999963,66.29999999999963,candidate,flat_signal,"{""EURUSD"": 73.19999999999993, ""GBPUSD"": 112.79999999999956, ""USDJPY"": 21.89999999999941}"
BASKET,-1,2020-06-22T00:00:00+00:00,2020-06-23T00:00:00+00:00,45.90000000000064,44.40000000000064,42.90000000000064,candidate,flat_signal,"{""EURUSD"": 48.10000000000203, ""GBPUSD"": 51.49999999999988, ""USDJPY"": 38.10000000000002}"
BASKET,1,2020-06-30T00:00:00+00:00,2020-07-01T00:00:00+00:00,-45.6333333333338,-47.1333333333338,-48.6333333333338,candidate,flat_signal,"{""EURUSD"": -17.100000000001003, ""GBPUSD"": -73.90000000000008, ""USDJPY"": -45.90000000000032}"
BASKET,-1,2020-07-06T00:00:00+00:00,2020-07-08T00:00:00+00:00,48.50000000000026,47.00000000000026,45.50000000000026,candidate,flat_signal,"{""EURUSD"": 20.700000000000163, ""GBPUSD"": 117.40000000000083, ""USDJPY"": 7.399999999999807}"
BASKET,-1,2020-07-14T00:00:00+00:00,2020-07-17T00:00:00+00:00,20.99999999999923,19.49999999999923,17.99999999999923,candidate,friday_flat,"{""EURUSD"": 26.49999999999819, ""GBPUSD"": 15.000000000000568, ""USDJPY"": 21.49999999999892}"
BASKET,-1,2020-07-20T00:00:00+00:00,2020-07-22T00:00:00+00:00,68.06666666666631,66.56666666666631,65.06666666666631,candidate,flat_signal,"{""EURUSD"": 122.29999999999963, ""GBPUSD"": 72.09999999999938, ""USDJPY"": 9.799999999999898}"
BASKET,-1,2020-07-29T00:00:00+00:00,2020-07-31T00:00:00+00:00,-8.636390523734834,-10.136390523734834,-11.636390523734832,candidate,stop,"{""EURUSD"": -19.299999999999873, ""GBPUSD"": 87.3999999999997, ""USDJPY"": -94.00917157120432}"
BASKET,-1,2020-08-03T00:00:00+00:00,2020-08-06T00:00:00+00:00,74.1333333333331,72.6333333333331,71.1333333333331,candidate,flat_signal,"{""EURUSD"": 114.4999999999996, ""GBPUSD"": 67.80000000000008, ""USDJPY"": 40.099999999999625}"
BASKET,-1,2020-08-17T00:00:00+00:00,2020-08-19T00:00:00+00:00,-15.833333333333409,-17.33333333333341,-18.83333333333341,candidate,flat_signal,"{""EURUSD"": -31.29999999999855, ""GBPUSD"": -6.300000000001305, ""USDJPY"": -9.900000000000375}"
BASKET,-1,2020-08-25T00:00:00+00:00,2020-08-26T00:00:00+00:00,31.20000000000029,29.70000000000029,28.20000000000029,candidate,flat_signal,"{""EURUSD"": -4.500000000000615, ""GBPUSD"": 58.100000000000925, ""USDJPY"": 40.00000000000057}"
BASKET,-1,2020-08-31T00:00:00+00:00,2020-09-01T00:00:00+00:00,-5.066666666667263,-6.566666666667263,-8.066666666667263,candidate,rebalance,"{""EURUSD"": -24.800000000000377, ""GBPUSD"": 14.799999999999258, ""USDJPY"": -5.200000000000671}"
BASKET,1,2020-09-01T00:00:00+00:00,2020-09-02T00:00:00+00:00,37.19999999999969,35.69999999999969,34.19999999999969,candidate,flat_signal,"{""EURUSD"": 56.59999999999998, ""GBPUSD"": 31.999999999998696, ""USDJPY"": 23.000000000000398}"
BASKET,-1,2020-09-03T00:00:00+00:00,2020-09-04T00:00:00+00:00,-6.89999999999887,-8.39999999999887,-9.89999999999887,candidate,friday_flat,"{""EURUSD"": -11.799999999999589, ""GBPUSD"": -3.7999999999982492, ""USDJPY"": -5.099999999998772}"
BASKET,-1,2020-09-14T00:00:00+00:00,2020-09-15T00:00:00+00:00,17.666666666666497,16.166666666666497,14.666666666666496,candidate,flat_signal,"{""EURUSD"": -18.100000000000893, ""GBPUSD"": 42.599999999999305, ""USDJPY"": 28.50000000000108}"
BASKET,-1,2020-09-22T00:00:00+00:00,2020-09-23T00:00:00+00:00,-33.93333333333359,-35.43333333333359,-36.93333333333359,candidate,flat_signal,"{""EURUSD"": -48.200000000000465, ""GBPUSD"": -7.600000000000939, ""USDJPY"": -45.999999999999375}"
BASKET,-1,2020-09-29T00:00:00+00:00,2020-09-30T00:00:00+00:00,18.833333333332547,17.333333333332547,15.833333333332547,candidate,flat_signal,"{""EURUSD"": -21.600000000001618, ""GBPUSD"": 57.79999999999896, ""USDJPY"": 20.300000000000296}"
BASKET,-1,2020-10-05T00:00:00+00:00,2020-10-07T00:00:00+00:00,-34.89999999999969,-36.39999999999969,-37.89999999999969,candidate,flat_signal,"{""EURUSD"": -19.700000000000273, ""GBPUSD"": -61.99999999999983, ""USDJPY"": -22.999999999998977}"
BASKET,1,2020-10-08T00:00:00+00:00,2020-10-09T00:00:00+00:00,-74.49999999999966,-75.99999999999966,-77.49999999999966,candidate,friday_flat,"{""EURUSD"": -71.0999999999995, ""GBPUSD"": -112.69999999999891, ""USDJPY"": -39.70000000000056}"
BASKET,-1,2020-10-12T00:00:00+00:00,2020-10-14T00:00:00+00:00,-76.45400582220928,-77.95400582220928,-79.45400582220928,candidate,stop,"{""EURUSD"": -66.8000000000002, ""GBPUSD"": -179.9620174666283, ""USDJPY"": 17.40000000000066}"
BASKET,-1,2020-10-15T00:00:00+00:00,2020-10-16T00:00:00+00:00,5.299999999999905,3.799999999999905,2.299999999999905,candidate,friday_flat,"{""EURUSD"": 8.699999999999264, ""GBPUSD"": 4.8000000000003595, ""USDJPY"": 2.400000000000091}"
BASKET,-1,2020-10-20T00:00:00+00:00,2020-10-21T00:00:00+00:00,109.49999999999977,107.99999999999977,106.49999999999977,candidate,rebalance,"{""EURUSD"": 38.7000000000004, ""GBPUSD"": 198.49999999999923, ""USDJPY"": 91.29999999999967}"
BASKET,1,2020-10-21T00:00:00+00:00,2020-10-23T00:00:00+00:00,38.23333333333322,36.73333333333322,35.23333333333322,candidate,friday_flat,"{""EURUSD"": -0.0, ""GBPUSD"": 101.70000000000012, ""USDJPY"": 12.999999999999545}"
BASKET,1,2020-10-27T00:00:00+00:00,2020-10-28T00:00:00+00:00,27.96666666666727,26.46666666666727,24.96666666666727,candidate,flat_signal,"{""EURUSD"": 41.90000000000138, ""GBPUSD"": 57.899999999999615, ""USDJPY"": -15.899999999999181}"
BASKET,1,2020-10-29T00:00:00+00:00,2020-10-30T00:00:00+00:00,3.3666666666663403,1.8666666666663403,0.3666666666663403,candidate,friday_flat,"{""EURUSD"": 27.800000000000047, ""GBPUSD"": -24.600000000001288, ""USDJPY"": 6.9000000000002615}"
BASKET,-1,2020-11-03T00:00:00+00:00,2020-11-04T00:00:00+00:00,-84.35240982647402,-85.85240982647402,-87.35240982647402,candidate,stop,"{""EURUSD"": -106.93255781835775, ""GBPUSD"": -71.60000000000055, ""USDJPY"": -74.52467166106373}"
BASKET,-1,2020-11-05T00:00:00+00:00,2020-11-06T00:00:00+00:00,19.966666666667294,18.466666666667294,16.966666666667294,candidate,friday_flat,"{""EURUSD"": 47.900000000000716, ""GBPUSD"": 2.300000000001745, ""USDJPY"": 9.69999999999942}"
BASKET,-1,2020-11-09T00:00:00+00:00,2020-11-13T00:00:00+00:00,43.09999999999997,41.59999999999997,40.09999999999997,candidate,friday_flat,"{""EURUSD"": 19.899999999999363, ""GBPUSD"": 35.00000000000058, ""USDJPY"": 74.39999999999998}"
BASKET,-1,2020-11-16T00:00:00+00:00,2020-11-17T00:00:00+00:00,31.8333333333336,30.3333333333336,28.8333333333336,candidate,flat_signal,"{""EURUSD"": 8.900000000000574, ""GBPUSD"": 48.500000000000206, ""USDJPY"": 38.10000000000002}"
BASKET,-1,2020-11-23T00:00:00+00:00,2020-11-25T00:00:00+00:00,46.999999999999595,45.499999999999595,43.999999999999595,candidate,flat_signal,"{""EURUSD"": 75.7999999999992, ""GBPUSD"": 61.59999999999943, ""USDJPY"": 3.6000000000001364}"
BASKET,-1,2020-11-30T00:00:00+00:00,2020-12-02T00:00:00+00:00,73.5999999999998,72.0999999999998,70.5999999999998,candidate,flat_signal,"{""EURUSD"": 187.99999999999926, ""GBPUSD"": 42.10000000000047, ""USDJPY"": -9.300000000000352}"
BASKET,-1,2020-12-08T00:00:00+00:00,2020-12-10T00:00:00+00:00,-12.500000000000208,-14.000000000000208,-15.500000000000208,candidate,flat_signal,"{""EURUSD"": 37.59999999999985, ""GBPUSD"": -66.6000000000011, ""USDJPY"": -8.499999999999375}"
BASKET,-1,2020-12-14T00:00:00+00:00,2020-12-18T00:00:00+00:00,117.23333333333278,115.73333333333278,114.23333333333278,candidate,friday_flat,"{""EURUSD"": 110.99999999999888, ""GBPUSD"": 168.80000000000004, ""USDJPY"": 71.89999999999941}"
BASKET,-1,2020-12-21T00:00:00+00:00,2020-12-23T00:00:00+00:00,-16.466666666666686,-17.966666666666686,-19.466666666666686,candidate,rebalance,"{""EURUSD"": -56.400000000000894, ""GBPUSD"": 29.600000000000737, ""USDJPY"": -22.59999999999991}"
BASKET,1,2020-12-23T00:00:00+00:00,2020-12-24T00:00:00+00:00,-8.466666666666592,-9.966666666666592,-11.466666666666592,candidate,flat_signal,"{""EURUSD"": 5.199999999998539, ""GBPUSD"": -43.199999999998795, ""USDJPY"": 12.600000000000477}"
BASKET,-1,2020-12-28T00:00:00+00:00,2020-12-29T00:00:00+00:00,34.13333333333372,32.63333333333372,31.133333333333713,candidate,flat_signal,"{""EURUSD"": 32.2, ""GBPUSD"": 49.20000000000035, ""USDJPY"": 21.000000000000796}"
BASKET,1,2020-12-30T00:00:00+00:00,2021-01-04T00:00:00+00:00,32.96666666666699,31.466666666666992,29.966666666666992,candidate,rebalance,"{""EURUSD"": 48.799999999999955, ""GBPUSD"": 55.70000000000075, ""USDJPY"": -5.5999999999997385}"
BASKET,-1,2021-01-04T00:00:00+00:00,2021-01-07T00:00:00+00:00,-18.988466250645136,-20.488466250645136,-21.988466250645132,candidate,stop,"{""EURUSD"": 23.699999999999832, ""GBPUSD"": -5.5000000000005045, ""USDJPY"": -75.16539875193473}"
BASKET,-1,2021-01-07T00:00:00+00:00,2021-01-08T00:00:00+00:00,-22.766666666666396,-24.266666666666396,-25.766666666666396,candidate,friday_flat,"{""EURUSD"": -49.20000000000035, ""GBPUSD"": -1.8999999999991246, ""USDJPY"": -17.199999999999704}"
BASKET,-1,2021-01-13T00:00:00+00:00,2021-01-14T00:00:00+00:00,19.16666666666596,17.66666666666596,16.16666666666596,candidate,flat_signal,"{""EURUSD"": -2.80000000000058, ""GBPUSD"": 52.39999999999911, ""USDJPY"": 7.899999999999352}"
BASKET,1,2021-01-20T00:00:00+00:00,2021-01-21T00:00:00+00:00,-47.86666666666619,-49.36666666666619,-50.86666666666619,candidate,flat_signal,"{""EURUSD"": -59.39999999999834, ""GBPUSD"": -80.00000000000007, ""USDJPY"": -4.200000000000159}"
BASKET,1,2021-01-25T00:00:00+00:00,2021-01-26T00:00:00+00:00,-30.66666666666782,-32.166666666667815,-33.666666666667815,candidate,flat_signal,"{""EURUSD"": -17.900000000001803, ""GBPUSD"": -61.60000000000165, ""USDJPY"": -12.5}"
BASKET,1,2021-01-27T00:00:00+00:00,2021-01-29T00:00:00+00:00,8.233333333333803,6.733333333333803,5.233333333333803,candidate,friday_flat,"{""EURUSD"": -25.699999999999612, ""GBPUSD"": -12.799999999999478, ""USDJPY"": 63.2000000000005}"
BASKET,-1,2021-02-01T00:00:00+00:00,2021-02-02T00:00:00+00:00,-4.700000000000237,-6.200000000000237,-7.700000000000237,candidate,flat_signal,"{""EURUSD"": -16.599999999999948, ""GBPUSD"": 7.099999999999884, ""USDJPY"": -4.600000000000648}"
BASKET,1,2021-02-03T00:00:00+00:00,2021-02-05T00:00:00+00:00,-23.86666666666593,-25.36666666666593,-26.86666666666593,candidate,friday_flat,"{""EURUSD"": -14.099999999999113, ""GBPUSD"": -92.79999999999954, ""USDJPY"": 35.300000000000864}"
BASKET,1,2021-02-08T00:00:00+00:00,2021-02-09T00:00:00+00:00,-72.02601044550984,-73.52601044550984,-75.02601044550984,candidate,stop,"{""EURUSD"": -68.09999999999982, ""GBPUSD"": -77.49999999999923, ""USDJPY"": -70.47803133653048}"
BASKET,1,2021-02-17T00:00:00+00:00,2021-02-19T00:00:00+00:00,-94.18861007145439,-95.68861007145439,-97.18861007145439,candidate,stop,"{""EURUSD"": -99.15791814779418, ""GBPUSD"": -139.40791206656922, ""USDJPY"": -43.99999999999977}"
BASKET,1,2021-02-22T00:00:00+00:00,2021-02-23T00:00:00+00:00,-9.599999999999978,-11.099999999999978,-12.599999999999978,candidate,flat_signal,"{""EURUSD"": 6.099999999999994, ""GBPUSD"": -51.79999999999962, ""USDJPY"": 16.899999999999693}"
BASKET,1,2021-03-02T00:00:00+00:00,2021-03-03T00:00:00+00:00,20.500000000000394,19.000000000000394,17.500000000000394,candidate,flat_signal,"{""EURUSD"": 26.600000000001067, ""GBPUSD"": 3.1000000000003247, ""USDJPY"": 31.799999999999784}"
BASKET,1,2021-03-04T00:00:00+00:00,2021-03-05T00:00:00+00:00,54.33333333333371,52.83333333333371,51.33333333333371,candidate,friday_flat,"{""EURUSD"": 57.40000000000078, ""GBPUSD"": 64.69999999999976, ""USDJPY"": 40.9000000000006}"
BASKET,1,2021-03-08T00:00:00+00:00,2021-03-09T00:00:00+00:00,-53.26666666666631,-54.76666666666631,-56.26666666666631,candidate,flat_signal,"{""EURUSD"": -54.09999999999915, ""GBPUSD"": -66.8000000000002, ""USDJPY"": -38.89999999999958}"
BASKET,1,2021-03-10T00:00:00+00:00,2021-03-12T00:00:00+00:00,18.866666666667253,17.366666666667253,15.866666666667252,candidate,friday_flat,"{""EURUSD"": -23.500000000000743, ""GBPUSD"": 14.600000000002389, ""USDJPY"": 65.50000000000011}"
BASKET,1,2021-03-15T00:00:00+00:00,2021-03-19T00:00:00+00:00,11.50000000000017,10.000000000000169,8.500000000000169,candidate,friday_flat,"{""EURUSD"": 22.699999999999942, ""GBPUSD"": 37.30000000000011, ""USDJPY"": -25.499999999999545}"
BASKET,1,2021-04-01T00:00:00+00:00,2021-04-02T00:00:00+00:00,5.833333333332795,4.333333333332795,2.8333333333327944,candidate,friday_flat,"{""EURUSD"": 15.099999999999003, ""GBPUSD"": 0.4999999999988347, ""USDJPY"": 1.9000000000005457}"
BASKET,-1,2021-04-06T00:00:00+00:00,2021-04-07T00:00:00+00:00,-33.699999999999974,-35.199999999999974,-36.699999999999974,candidate,flat_signal,"{""EURUSD"": -7.200000000000539, ""GBPUSD"": -84.99999999999952, ""USDJPY"": -8.899999999999864}"
BASKET,-1,2021-04-12T00:00:00+00:00,2021-04-13T00:00:00+00:00,27.133333333333454,25.633333333333454,24.133333333333454,candidate,flat_signal,"{""EURUSD"": 37.4999999999992, ""GBPUSD"": 12.000000000000899, ""USDJPY"": 31.90000000000026}"
BASKET,1,2021-04-22T00:00:00+00:00,2021-04-23T00:00:00+00:00,-46.13333333333245,-47.63333333333245,-49.13333333333245,candidate,friday_flat,"{""EURUSD"": -83.29999999999949, ""GBPUSD"": -46.399999999997554, ""USDJPY"": -8.70000000000033}"
BASKET,1,2021-05-18T00:00:00+00:00,2021-05-19T00:00:00+00:00,51.166666666665776,49.666666666665776,48.166666666665776,candidate,flat_signal,"{""EURUSD"": 47.499999999998096, ""GBPUSD"": 72.09999999999938, ""USDJPY"": 33.899999999999864}"
BASKET,1,2021-05-27T00:00:00+00:00,2021-05-28T00:00:00+00:00,8.633333333333493,7.133333333333493,5.633333333333493,candidate,friday_flat,"{""EURUSD"": 3.8000000000004697, ""GBPUSD"": 15.700000000000713, ""USDJPY"": 6.399999999999295}"
BASKET,1,2021-06-15T00:00:00+00:00,2021-06-16T00:00:00+00:00,97.96666666666651,96.46666666666651,94.96666666666651,candidate,flat_signal,"{""EURUSD"": 132.09999999999943, ""GBPUSD"": 96.60000000000001, ""USDJPY"": 65.2000000000001}"
BASKET,-1,2021-06-17T00:00:00+00:00,2021-06-18T00:00:00+00:00,-58.33333333333335,-59.83333333333335,-61.33333333333335,candidate,friday_flat,"{""EURUSD"": -47.20000000000057, ""GBPUSD"": -128.8, ""USDJPY"": 1.0000000000005116}"
BASKET,-1,2021-06-21T00:00:00+00:00,2021-06-25T00:00:00+00:00,-26.40000000000026,-27.90000000000026,-29.40000000000026,candidate,friday_flat,"{""EURUSD"": 18.499999999999073, ""GBPUSD"": -51.29999999999857, ""USDJPY"": -46.400000000001285}"
BASKET,-1,2021-06-28T00:00:00+00:00,2021-06-29T00:00:00+00:00,-21.433333333333177,-22.933333333333177,-24.433333333333177,candidate,flat_signal,"{""EURUSD"": -28.200000000000447, ""GBPUSD"": -43.69999999999985, ""USDJPY"": 7.600000000000762}"
BASKET,-1,2021-07-01T00:00:00+00:00,2021-07-02T00:00:00+00:00,44.83333333333277,43.33333333333277,41.83333333333277,candidate,friday_flat,"{""EURUSD"": 14.899999999999913, ""GBPUSD"": 69.4999999999979, ""USDJPY"": 50.10000000000048}"
BASKET,-1,2021-07-05T00:00:00+00:00,2021-07-09T00:00:00+00:00,51.466666666666505,49.966666666666505,48.466666666666505,candidate,friday_flat,"{""EURUSD"": 14.000000000000679, ""GBPUSD"": 54.39999999999889, ""USDJPY"": 85.99999999999994}"
BASKET,-1,2021-07-12T00:00:00+00:00,2021-07-16T00:00:00+00:00,-48.833333333332796,-50.333333333332796,-51.833333333332796,candidate,friday_flat,"{""EURUSD"": -55.099999999999035, ""GBPUSD"": -118.1999999999994, ""USDJPY"": 26.800000000000068}"
BASKET,-1,2021-07-19T00:00:00+00:00,2021-07-21T00:00:00+00:00,-17.509802328953345,-19.009802328953345,-20.509802328953345,candidate,stop,"{""EURUSD"": -4.100000000000215, ""GBPUSD"": 40.29999999999756, ""USDJPY"": -88.72940698685738}"
BASKET,-1,2021-07-21T00:00:00+00:00,2021-07-23T00:00:00+00:00,-7.133333333332548,-8.633333333332548,-10.133333333332548,candidate,friday_flat,"{""EURUSD"": -25.699999999999612, ""GBPUSD"": 30.400000000001537, ""USDJPY"": -26.099999999999568}"
BASKET,-1,2021-07-26T00:00:00+00:00,2021-07-27T00:00:00+00:00,44.8000000000003,43.3000000000003,41.8000000000003,candidate,flat_signal,"{""EURUSD"": 13.600000000000279, ""GBPUSD"": 60.100000000000705, ""USDJPY"": 60.69999999999993}"
BASKET,-1,2021-08-02T00:00:00+00:00,2021-08-03T00:00:00+00:00,16.566666666666872,15.06666666666687,13.56666666666687,candidate,flat_signal,"{""EURUSD"": -5.1000000000001044, ""GBPUSD"": 28.500000000000192, ""USDJPY"": 26.300000000000523}"
BASKET,-1,2021-08-05T00:00:00+00:00,2021-08-06T00:00:00+00:00,-57.600000000000314,-59.100000000000314,-60.600000000000314,candidate,friday_flat,"{""EURUSD"": -71.60000000000055, ""GBPUSD"": -55.600000000000094, ""USDJPY"": -45.60000000000031}"
BASKET,-1,2021-08-11T00:00:00+00:00,2021-08-12T00:00:00+00:00,-21.033333333333697,-22.533333333333697,-24.033333333333697,candidate,flat_signal,"{""EURUSD"": -9.200000000000319, ""GBPUSD"": -58.100000000000925, ""USDJPY"": 4.200000000000159}"
BASKET,1,2021-08-18T00:00:00+00:00,2021-08-19T00:00:00+00:00,51.86666666666673,50.36666666666673,48.86666666666673,candidate,flat_signal,"{""EURUSD"": 35.199999999999676, ""GBPUSD"": 120.4000000000005, ""USDJPY"": 0.0}"
BASKET,1,2021-09-01T00:00:00+00:00,2021-09-02T00:00:00+00:00,-36.133333333333496,-37.633333333333496,-39.133333333333496,candidate,flat_signal,"{""EURUSD"": -36.000000000000476, ""GBPUSD"": -63.59999999999921, ""USDJPY"": -8.800000000000807}"
BASKET,1,2021-09-08T00:00:00+00:00,2021-09-09T00:00:00+00:00,-42.633333333332885,-44.13333333333289,-45.63333333333289,candidate,flat_signal,"{""EURUSD"": -9.399999999999409, ""GBPUSD"": -64.5999999999991, ""USDJPY"": -53.90000000000015}"
BASKET,-1,2021-09-13T00:00:00+00:00,2021-09-16T00:00:00+00:00,-20.766666666666286,-22.266666666666286,-23.766666666666286,candidate,flat_signal,"{""EURUSD"": -45.100000000000136, ""GBPUSD"": -44.899999999998826, ""USDJPY"": 27.700000000000102}"
BASKET,-1,2021-09-20T00:00:00+00:00,2021-09-23T00:00:00+00:00,-0.7932141690362542,-2.293214169036254,-3.793214169036254,candidate,stop,"{""EURUSD"": 12.400000000001299, ""GBPUSD"": 61.899999999999174, ""USDJPY"": -76.67964250710924}"
BASKET,-1,2021-09-27T00:00:00+00:00,2021-09-28T00:00:00+00:00,-61.34817323059781,-62.84817323059781,-64.34817323059781,candidate,stop,"{""EURUSD"": -12.599999999998168, ""GBPUSD"": -122.54451969179624, ""USDJPY"": -48.89999999999901}"
BASKET,-1,2021-09-28T00:00:00+00:00,2021-09-29T00:00:00+00:00,-76.80606728468634,-78.30606728468634,-79.80606728468634,candidate,stop,"{""EURUSD"": -72.11820185405892, ""GBPUSD"": -111.39999999999927, ""USDJPY"": -46.90000000000083}"
BASKET,-1,2021-09-29T00:00:00+00:00,2021-09-30T00:00:00+00:00,31.566666666667412,30.066666666667412,28.566666666667412,candidate,flat_signal,"{""EURUSD"": -19.999999999997797, ""GBPUSD"": 47.50000000000032, ""USDJPY"": 67.1999999999997}"
BASKET,-1,2021-10-04T00:00:00+00:00,2021-10-06T00:00:00+00:00,-50.482931705138036,-51.982931705138036,-53.482931705138036,candidate,stop,"{""EURUSD"": -76.64879511541488, ""GBPUSD"": -26.399999999999757, ""USDJPY"": -48.399999999999466}"
BASKET,-1,2021-10-06T00:00:00+00:00,2021-10-07T00:00:00+00:00,3.3666666666672582,1.866666666667258,0.36666666666725806,candidate,flat_signal,"{""EURUSD"": -2.8999999999990145, ""GBPUSD"": 34.600000000000186, ""USDJPY"": -21.599999999999397}"
BASKET,1,2021-10-11T00:00:00+00:00,2021-10-14T00:00:00+00:00,-48.47450583247721,-49.97450583247721,-51.47450583247721,candidate,stop,"{""EURUSD"": -44.200000000000905, ""GBPUSD"": -137.82351749743071, ""USDJPY"": 36.599999999999966}"
BASKET,1,2021-10-14T00:00:00+00:00,2021-10-15T00:00:00+00:00,-5.766666666666875,-7.266666666666875,-8.766666666666875,candidate,friday_flat,"{""EURUSD"": -2.1999999999988695, ""GBPUSD"": -72.7000000000011, ""USDJPY"": 57.59999999999934}"
BASKET,1,2021-10-18T00:00:00+00:00,2021-10-20T00:00:00+00:00,-48.13333333333268,-49.63333333333268,-51.13333333333268,candidate,flat_signal,"{""EURUSD"": -40.79999999999861, ""GBPUSD"": -96.19999999999962, ""USDJPY"": -7.399999999999807}"
BASKET,1,2021-10-25T00:00:00+00:00,2021-10-26T00:00:00+00:00,18.133333333334296,16.633333333334296,15.133333333334297,candidate,flat_signal,"{""EURUSD"": 12.400000000001299, ""GBPUSD"": -1.8999999999991246, ""USDJPY"": 43.900000000000716}"
BASKET,1,2021-11-09T00:00:00+00:00,2021-11-10T00:00:00+00:00,123.76666666666783,122.26666666666783,120.76666666666783,candidate,flat_signal,"{""EURUSD"": 114.60000000000025, ""GBPUSD"": 153.6000000000026, ""USDJPY"": 103.10000000000059}"
BASKET,-1,2021-11-22T00:00:00+00:00,2021-11-23T00:00:00+00:00,-10.966666666666747,-12.466666666666747,-13.966666666666747,candidate,flat_signal,"{""EURUSD"": 11.000000000001009, ""GBPUSD"": -17.20000000000166, ""USDJPY"": -26.69999999999959}"
BASKET,-1,2021-11-25T00:00:00+00:00,2021-11-26T00:00:00+00:00,106.93333333333317,105.43333333333317,103.93333333333317,candidate,friday_flat,"{""EURUSD"": 113.19999999999996, ""GBPUSD"": 6.699999999999484, ""USDJPY"": 200.90000000000003}"
BASKET,1,2021-11-30T00:00:00+00:00,2021-12-01T00:00:00+00:00,0.9666666666662493,-0.5333333333337507,-2.0333333333337507,candidate,flat_signal,"{""EURUSD"": 18.699999999998163, ""GBPUSD"": 22.999999999999687, ""USDJPY"": -38.7999999999991}"
BASKET,1,2021-12-06T00:00:00+00:00,2021-12-10T00:00:00+00:00,-13.599999999999923,-15.099999999999923,-16.599999999999923,candidate,friday_flat,"{""EURUSD"": -31.49999999999986, ""GBPUSD"": -0.1999999999990898, ""USDJPY"": -9.100000000000819}"
BASKET,1,2021-12-13T00:00:00+00:00,2021-12-16T00:00:00+00:00,-53.38742439716011,-54.88742439716011,-56.38742439716012,candidate,stop,"{""EURUSD"": -45.399999999999885, ""GBPUSD"": -126.36227319148041, ""USDJPY"": 11.599999999999966}"
BASKET,1,2021-12-16T00:00:00+00:00,2021-12-17T00:00:00+00:00,59.69999999999974,58.19999999999974,56.69999999999974,candidate,friday_flat,"{""EURUSD"": 92.39999999999914, ""GBPUSD"": 86.10000000000007, ""USDJPY"": 0.6000000000000227}"
BASKET,1,2021-12-20T00:00:00+00:00,2021-12-22T00:00:00+00:00,-45.04600479592096,-46.54600479592096,-48.04600479592096,candidate,stop,"{""EURUSD"": -48.899999999998386, ""GBPUSD"": -132.83801438776388, ""USDJPY"": 46.5999999999994}"
BASKET,1,2021-12-22T00:00:00+00:00,2021-12-24T00:00:00+00:00,-4.466666666666204,-5.966666666666204,-7.466666666666204,candidate,friday_flat,"{""EURUSD"": 6.099999999999994, ""GBPUSD"": -44.599999999999085, ""USDJPY"": 25.100000000000477}"
BASKET,1,2021-12-27T00:00:00+00:00,2021-12-31T00:00:00+00:00,-37.166666666666934,-38.666666666666934,-40.166666666666934,candidate,friday_flat,"{""EURUSD"": -49.099999999999696, ""GBPUSD"": -82.69999999999999, ""USDJPY"": 20.299999999998875}"
BASKET,1,2022-01-03T00:00:00+00:00,2022-01-07T00:00:00+00:00,-50.399999999999274,-51.899999999999274,-53.399999999999274,candidate,friday_flat,"{""EURUSD"": -61.899999999999174, ""GBPUSD"": -111.69999999999902, ""USDJPY"": 22.400000000000375}"
BASKET,1,2022-01-10T00:00:00+00:00,2022-01-12T00:00:00+00:00,-93.54814076427431,-95.04814076427431,-96.54814076427431,candidate,stop,"{""EURUSD"": -101.30270628843307, ""GBPUSD"": -121.94171600439007, ""USDJPY"": -57.39999999999981}"
BASKET,1,2022-01-12T00:00:00+00:00,2022-01-14T00:00:00+00:00,-15.29095768921058,-16.790957689210583,-18.290957689210583,candidate,stop,"{""EURUSD"": 25.999999999999357, ""GBPUSD"": 21.100000000000563, ""USDJPY"": -92.97287306763167}"
BASKET,1,2022-01-17T00:00:00+00:00,2022-01-21T00:00:00+00:00,21.092510674248672,19.592510674248672,18.092510674248672,candidate,stop,"{""EURUSD"": 64.10000000000026, ""GBPUSD"": 93.60000000000035, ""USDJPY"": -94.4224679772546}"
BASKET,1,2022-01-24T00:00:00+00:00,2022-01-28T00:00:00+00:00,133.13333333333392,131.63333333333392,130.13333333333392,candidate,friday_flat,"{""EURUSD"": 178.50000000000142, ""GBPUSD"": 92.9000000000002, ""USDJPY"": 128.0000000000001}"
BASKET,1,2022-01-31T00:00:00+00:00,2022-02-02T00:00:00+00:00,-85.77152587016133,-87.27152587016133,-88.77152587016133,candidate,stop,"{""EURUSD"": -70.20000000000026, ""GBPUSD"": -120.81457761048408, ""USDJPY"": -66.29999999999967}"
BASKET,1,2022-02-02T00:00:00+00:00,2022-02-03T00:00:00+00:00,-24.671222334978363,-26.171222334978363,-27.671222334978363,candidate,stop,"{""EURUSD"": -105.11366700493241, ""GBPUSD"": -20.000000000002238, ""USDJPY"": 51.09999999999957}"
BASKET,1,2022-02-03T00:00:00+00:00,2022-02-04T00:00:00+00:00,26.066666666667672,24.566666666667672,23.066666666667672,candidate,friday_flat,"{""EURUSD"": -12.199999999999989, ""GBPUSD"": 68.80000000000219, ""USDJPY"": 21.60000000000082}"
BASKET,1,2022-02-07T00:00:00+00:00,2022-02-11T00:00:00+00:00,34.533333333333644,33.033333333333644,31.533333333333644,candidate,friday_flat,"{""EURUSD"": 94.19999999999983, ""GBPUSD"": -24.699999999999722, ""USDJPY"": 34.10000000000082}"
BASKET,1,2022-02-14T00:00:00+00:00,2022-02-18T00:00:00+00:00,-43.26666666666779,-44.76666666666779,-46.26666666666779,candidate,friday_flat,"{""EURUSD"": -16.900000000001913, ""GBPUSD"": -62.100000000000485, ""USDJPY"": -50.80000000000098}"
BASKET,1,2022-02-21T00:00:00+00:00,2022-02-25T00:00:00+00:00,102.6000000000004,101.1000000000004,99.6000000000004,candidate,friday_flat,"{""EURUSD"": 37.70000000000051, ""GBPUSD"": 190.90000000000052, ""USDJPY"": 79.20000000000016}"
BASKET,1,2022-02-28T00:00:00+00:00,2022-03-04T00:00:00+00:00,153.53333333333342,152.03333333333342,150.53333333333342,candidate,friday_flat,"{""EURUSD"": 287.2999999999992, ""GBPUSD"": 184.80000000000052, ""USDJPY"": -11.499999999999488}"
BASKET,1,2022-03-07T00:00:00+00:00,2022-03-09T00:00:00+00:00,-57.81247223370996,-59.31247223370996,-60.81247223370996,candidate,stop,"{""EURUSD"": -150.73741670112994, ""GBPUSD"": -76.19999999999959, ""USDJPY"": 53.49999999999966}"
BASKET,1,2022-03-09T00:00:00+00:00,2022-03-11T00:00:00+00:00,149.76666666666645,148.26666666666645,146.76666666666645,candidate,friday_flat,"{""EURUSD"": 161.29999999999976, ""GBPUSD"": 143.19999999999888, ""USDJPY"": 144.80000000000075}"
BASKET,1,2022-03-14T00:00:00+00:00,2022-03-16T00:00:00+00:00,-60.03638877088647,-61.53638877088647,-63.03638877088647,candidate,stop,"{""EURUSD"": -86.29999999999914, ""GBPUSD"": -152.00916631266102, ""USDJPY"": 58.200000000000784}"
BASKET,1,2022-03-16T00:00:00+00:00,2022-03-18T00:00:00+00:00,-3.700000000000466,-5.200000000000466,-6.700000000000466,candidate,friday_flat,"{""EURUSD"": -19.299999999999873, ""GBPUSD"": -30.600000000000627, ""USDJPY"": 38.7999999999991}"
BASKET,1,2022-03-21T00:00:00+00:00,2022-03-25T00:00:00+00:00,92.23333333333261,90.73333333333261,89.23333333333261,candidate,friday_flat,"{""EURUSD"": 33.39999999999898, ""GBPUSD"": -19.500000000001183, ""USDJPY"": 262.8}"
BASKET,1,2022-03-28T00:00:00+00:00,2022-03-29T00:00:00+00:00,-98.56994701508732,-100.06994701508732,-101.56994701508732,candidate,stop,"{""EURUSD"": -141.28760285743613, ""GBPUSD"": -1.9999999999997797, ""USDJPY"": -152.42223818782605}"
BASKET,1,2022-03-29T00:00:00+00:00,2022-04-01T00:00:00+00:00,-3.000000000000943,-4.500000000000942,-6.000000000000942,candidate,friday_flat,"{""EURUSD"": 41.09999999999836, ""GBPUSD"": -19.200000000001438, ""USDJPY"": -30.89999999999975}"
BASKET,1,2022-04-04T00:00:00+00:00,2022-04-08T00:00:00+00:00,109.06666666666702,107.56666666666702,106.06666666666702,candidate,friday_flat,"{""EURUSD"": 96.80000000000132, ""GBPUSD"": 80.8999999999993, ""USDJPY"": 149.50000000000045}"
BASKET,1,2022-04-11T00:00:00+00:00,2022-04-15T00:00:00+00:00,46.53333333333378,45.03333333333378,43.53333333333378,candidate,friday_flat,"{""EURUSD"": 71.60000000000055, ""GBPUSD"": -31.399999999999206, ""USDJPY"": 99.39999999999998}"
BASKET,1,2022-04-18T00:00:00+00:00,2022-04-21T00:00:00+00:00,-1.7103553648417733,-3.210355364841773,-4.7103553648417735,candidate,stop,"{""EURUSD"": -128.73106609452512, ""GBPUSD"": -15.899999999999803, ""USDJPY"": 139.4999999999996}"
BASKET,1,2022-04-21T00:00:00+00:00,2022-04-22T00:00:00+00:00,79.9333333333345,78.4333333333345,76.9333333333345,candidate,friday_flat,"{""EURUSD"": 32.70000000000106, ""GBPUSD"": 191.3000000000009, ""USDJPY"": 15.800000000001546}"
BASKET,1,2022-04-25T00:00:00+00:00,2022-04-29T00:00:00+00:00,167.6333333333334,166.1333333333334,164.6333333333334,candidate,friday_flat,"{""EURUSD"": 166.50000000000054, ""GBPUSD"": 162.80000000000072, ""USDJPY"": 173.599999999999}"
BASKET,1,2022-05-02T00:00:00+00:00,2022-05-06T00:00:00+00:00,52.300000000000175,50.800000000000175,49.300000000000175,candidate,friday_flat,"{""EURUSD"": -36.6999999999984, ""GBPUSD"": 154.60000000000028, ""USDJPY"": 38.999999999998636}"
BASKET,1,2022-05-18T00:00:00+00:00,2022-05-20T00:00:00+00:00,-92.43333333333321,-93.93333333333321,-95.43333333333321,candidate,friday_flat,"{""EURUSD"": -97.30000000000015, ""GBPUSD"": -152.30000000000075, ""USDJPY"": -27.69999999999868}"
BASKET,1,2022-05-24T00:00:00+00:00,2022-05-27T00:00:00+00:00,-22.600000000000858,-24.100000000000858,-25.600000000000858,candidate,friday_flat,"{""EURUSD"": 2.3999999999979593, ""GBPUSD"": -99.90000000000165, ""USDJPY"": 29.700000000001125}"
BASKET,1,2022-06-14T00:00:00+00:00,2022-06-15T00:00:00+00:00,-133.40149735089196,-134.90149735089196,-136.40149735089196,candidate,stop,"{""EURUSD"": -27.900000000000702, ""GBPUSD"": -208.5044920526746, ""USDJPY"": -163.80000000000052}"
BASKET,1,2022-06-15T00:00:00+00:00,2022-06-16T00:00:00+00:00,-191.98934682118625,-193.48934682118625,-194.98934682118625,candidate,stop,"{""EURUSD"": -152.63519731578467, ""GBPUSD"": -216.90417119176962, ""USDJPY"": -206.42867195600445}"
BASKET,1,2022-06-16T00:00:00+00:00,2022-06-17T00:00:00+00:00,152.76666666666634,151.26666666666634,149.76666666666634,candidate,friday_flat,"{""EURUSD"": 52.09999999999937, ""GBPUSD"": 131.7999999999997, ""USDJPY"": 274.4}"
BASKET,1,2022-06-20T00:00:00+00:00,2022-06-24T00:00:00+00:00,-17.5999999999996,-19.0999999999996,-20.5999999999996,candidate,friday_flat,"{""EURUSD"": -42.9999999999997, ""GBPUSD"": -20.599999999999508, ""USDJPY"": 10.80000000000041}"
BASKET,1,2022-06-27T00:00:00+00:00,2022-07-01T00:00:00+00:00,102.66666666666679,101.16666666666679,99.66666666666679,candidate,friday_flat,"{""EURUSD"": 156.79999999999916, ""GBPUSD"": 172.00000000000102, ""USDJPY"": -20.79999999999984}"
BASKET,1,2022-07-04T00:00:00+00:00,2022-07-08T00:00:00+00:00,117.89999999999974,116.39999999999974,114.89999999999974,candidate,friday_flat,"{""EURUSD"": 239.0000000000003, ""GBPUSD"": 70.6999999999991, ""USDJPY"": 43.99999999999977}"
BASKET,1,2022-07-12T00:00:00+00:00,2022-07-15T00:00:00+00:00,47.06666666666604,45.56666666666604,44.06666666666604,candidate,friday_flat,"{""EURUSD"": -48.90000000000061, ""GBPUSD"": 22.899999999999032, ""USDJPY"": 167.1999999999997}"
BASKET,-1,2022-07-25T00:00:00+00:00,2022-07-26T00:00:00+00:00,-48.23333333333387,-49.73333333333387,-51.23333333333387,candidate,flat_signal,"{""EURUSD"": -103.2999999999995, ""GBPUSD"": -14.400000000001079, ""USDJPY"": -27.000000000001023}"
BASKET,-1,2022-07-27T00:00:00+00:00,2022-07-29T00:00:00+00:00,130.10000000000105,128.60000000000105,127.10000000000105,candidate,friday_flat,"{""EURUSD"": 28.300000000001102, ""GBPUSD"": 26.399999999999757, ""USDJPY"": 335.6000000000023}"
BASKET,-1,2022-08-01T00:00:00+00:00,2022-08-03T00:00:00+00:00,-136.9146444595866,-138.4146444595866,-139.9146444595866,candidate,stop,"{""EURUSD"": -95.60000000000012, ""GBPUSD"": -102.10000000000052, ""USDJPY"": -213.04393337875922}"
BASKET,-1,2022-08-03T00:00:00+00:00,2022-08-05T00:00:00+00:00,-58.500000000000206,-60.000000000000206,-61.500000000000206,candidate,friday_flat,"{""EURUSD"": 11.499999999999844, ""GBPUSD"": -73.19999999999993, ""USDJPY"": -113.80000000000052}"
BASKET,1,2022-09-08T00:00:00+00:00,2022-09-09T00:00:00+00:00,-116.96752385822815,-118.46752385822815,-119.96752385822815,candidate,stop,"{""EURUSD"": -47.20000000000057, ""GBPUSD"": -85.10000000000016, ""USDJPY"": -218.60257157468368}"
BASKET,1,2022-09-14T00:00:00+00:00,2022-09-16T00:00:00+00:00,22.43333333333304,20.93333333333304,19.43333333333304,candidate,friday_flat,"{""EURUSD"": -31.49999999999986, ""GBPUSD"": 116.19999999999963, ""USDJPY"": -17.40000000000066}"
BASKET,1,2022-09-20T00:00:00+00:00,2022-09-22T00:00:00+00:00,10.370705957039476,8.870705957039476,7.370705957039476,candidate,stop,"{""EURUSD"": 131.6000000000006, ""GBPUSD"": 126.1000000000001, ""USDJPY"": -226.58788212888226}"
BASKET,1,2022-09-22T00:00:00+00:00,2022-09-23T00:00:00+00:00,217.66666666666654,216.16666666666654,214.66666666666654,candidate,friday_flat,"{""EURUSD"": 151.49999999999997, ""GBPUSD"": 408.9000000000009, ""USDJPY"": 92.59999999999877}"
BASKET,1,2022-09-26T00:00:00+00:00,2022-09-29T00:00:00+00:00,-158.94478166162727,-160.44478166162727,-161.94478166162727,candidate,stop,"{""EURUSD"": -175.565718015942, ""GBPUSD"": -267.2686269689395, ""USDJPY"": -34.00000000000034}"
BASKET,1,2022-09-29T00:00:00+00:00,2022-09-30T00:00:00+00:00,4.900000000000498,3.4000000000004977,1.9000000000004977,candidate,friday_flat,"{""EURUSD"": 15.699999999999603, ""GBPUSD"": -38.3, ""USDJPY"": 37.30000000000189}"
BASKET,1,2022-10-03T00:00:00+00:00,2022-10-07T00:00:00+00:00,135.80000000000004,134.30000000000004,132.80000000000004,candidate,friday_flat,"{""EURUSD"": 86.50000000000045, ""GBPUSD"": 236.00000000000065, ""USDJPY"": 84.89999999999895}"
BASKET,1,2022-10-12T00:00:00+00:00,2022-10-14T00:00:00+00:00,27.866666666667168,26.366666666667168,24.866666666667168,candidate,friday_flat,"{""EURUSD"": -21.09999999999945, ""GBPUSD"": -79.89999999999941, ""USDJPY"": 184.60000000000036}"
BASKET,1,2022-10-18T00:00:00+00:00,2022-10-21T00:00:00+00:00,-54.57534791753897,-56.07534791753897,-57.57534791753897,candidate,stop,"{""EURUSD"": -5.0000000000005596, ""GBPUSD"": 28.500000000000192, ""USDJPY"": -187.22604375261653}"
BASKET,-1,2022-10-31T00:00:00+00:00,2022-11-01T00:00:00+00:00,22.300000000000413,20.800000000000416,19.300000000000416,candidate,flat_signal,"{""EURUSD"": -7.899999999999574, ""GBPUSD"": 21.800000000000708, ""USDJPY"": 53.000000000000114}"
BASKET,-1,2022-11-07T00:00:00+00:00,2022-11-08T00:00:00+00:00,56.50000000000025,55.00000000000025,53.50000000000025,candidate,flat_signal,"{""EURUSD"": 51.20000000000013, ""GBPUSD"": 29.50000000000008, ""USDJPY"": 88.80000000000052}"
BASKET,-1,2022-11-14T00:00:00+00:00,2022-11-18T00:00:00+00:00,24.333333333333048,22.833333333333048,21.33333333333305,candidate,friday_flat,"{""EURUSD"": -5.999999999999339, ""GBPUSD"": 127.19999999999843, ""USDJPY"": -48.19999999999993}"
BASKET,-1,2022-11-21T00:00:00+00:00,2022-11-25T00:00:00+00:00,239.500000000001,238.000000000001,236.500000000001,candidate,friday_flat,"{""EURUSD"": 153.30000000000064, ""GBPUSD"": 268.00000000000153, ""USDJPY"": 297.20000000000084}"
BASKET,-1,2022-11-28T00:00:00+00:00,2022-12-02T00:00:00+00:00,333.3333333333343,331.8333333333343,330.3333333333343,candidate,friday_flat,"{""EURUSD"": 202.60000000000167, ""GBPUSD"": 335.0999999999993, ""USDJPY"": 462.3000000000019}"
BASKET,-1,2022-12-05T00:00:00+00:00,2022-12-06T00:00:00+00:00,-37.76666666666821,-39.26666666666821,-40.76666666666821,candidate,flat_signal,"{""EURUSD"": -26.600000000001067, ""GBPUSD"": -58.80000000000107, ""USDJPY"": -27.90000000000248}"
BASKET,-1,2022-12-19T00:00:00+00:00,2022-12-20T00:00:00+00:00,190.70000000000036,189.20000000000036,187.70000000000036,candidate,flat_signal,"{""EURUSD"": 15.399999999998748, ""GBPUSD"": 36.70000000000062, ""USDJPY"": 520.0000000000017}"
BASKET,1,2022-12-29T00:00:00+00:00,2022-12-30T00:00:00+00:00,-87.66666666666687,-89.16666666666687,-90.66666666666687,candidate,friday_flat,"{""EURUSD"": -36.599999999999966, ""GBPUSD"": -35.400000000000986, ""USDJPY"": -190.99999999999966}"
BASKET,-1,2023-01-02T00:00:00+00:00,2023-01-03T00:00:00+00:00,-80.10390922471379,-81.60390922471379,-83.10390922471379,candidate,stop,"{""EURUSD"": -125.71172767414262, ""GBPUSD"": -80.29999999999981, ""USDJPY"": -34.29999999999893}"
BASKET,-1,2023-01-03T00:00:00+00:00,2023-01-05T00:00:00+00:00,-114.79629180985127,-116.29629180985127,-117.79629180985127,candidate,stop,"{""EURUSD"": -26.299999999999102, ""GBPUSD"": -52.700000000001076, ""USDJPY"": -265.38887542955365}"
BASKET,-1,2023-01-05T00:00:00+00:00,2023-01-06T00:00:00+00:00,143.36666666666608,141.86666666666608,140.36666666666608,candidate,friday_flat,"{""EURUSD"": 121.99999999999989, ""GBPUSD"": 181.7000000000002, ""USDJPY"": 126.39999999999816}"
BASKET,-1,2023-01-09T00:00:00+00:00,2023-01-13T00:00:00+00:00,184.8666666666666,183.3666666666666,181.8666666666666,candidate,friday_flat,"{""EURUSD"": 100.49999999999892, ""GBPUSD"": 51.49999999999988, ""USDJPY"": 402.60000000000105}"
BASKET,-1,2023-01-16T00:00:00+00:00,2023-01-18T00:00:00+00:00,-52.16493033818284,-53.66493033818284,-55.16493033818284,candidate,stop,"{""EURUSD"": -27.399999999999647, ""GBPUSD"": 154.99999999999847, ""USDJPY"": -284.09479101454735}"
BASKET,-1,2023-01-18T00:00:00+00:00,2023-01-20T00:00:00+00:00,15.599999999999495,14.099999999999495,12.599999999999495,candidate,friday_flat,"{""EURUSD"": 62.09999999999827, ""GBPUSD"": 52.60000000000042, ""USDJPY"": -67.9000000000002}"
BASKET,-1,2023-01-23T00:00:00+00:00,2023-01-27T00:00:00+00:00,33.566666666666244,32.066666666666244,30.56666666666624,candidate,friday_flat,"{""EURUSD"": -4.20000000000087, ""GBPUSD"": 21.800000000000708, ""USDJPY"": 83.09999999999889}"
BASKET,-1,2023-01-30T00:00:00+00:00,2023-02-03T00:00:00+00:00,-102.90899901900777,-104.40899901900777,-105.90899901900777,candidate,stop,"{""EURUSD"": -56.79999999999907, ""GBPUSD"": -178.12699705702428, ""USDJPY"": -73.79999999999995}"
BASKET,-1,2023-02-06T00:00:00+00:00,2023-02-10T00:00:00+00:00,40.666666666665975,39.166666666665975,37.666666666665975,candidate,friday_flat,"{""EURUSD"": -46.69999999999952, ""GBPUSD"": 40.70000000000018, ""USDJPY"": 127.99999999999727}"
BASKET,-1,2023-02-13T00:00:00+00:00,2023-02-17T00:00:00+00:00,-156.09175874251,-157.59175874251,-159.09175874251,candidate,stop,"{""EURUSD"": -30.799999999999716, ""GBPUSD"": -181.01473199391148, ""USDJPY"": -256.46054423361875}"
BASKET,-1,2023-03-14T00:00:00+00:00,2023-03-15T00:00:00+00:00,-48.69396004837413,-50.19396004837413,-51.69396004837413,candidate,stop,"{""EURUSD"": -127.1818801451241, ""GBPUSD"": -110.59999999999847, ""USDJPY"": 91.70000000000016}"
BASKET,1,2023-03-22T00:00:00+00:00,2023-03-24T00:00:00+00:00,23.066666666666194,21.566666666666194,20.066666666666194,candidate,friday_flat,"{""EURUSD"": 97.30000000000015, ""GBPUSD"": 33.60000000000029, ""USDJPY"": -61.700000000001864}"
BASKET,1,2023-03-28T00:00:00+00:00,2023-03-30T00:00:00+00:00,23.00000000000016,21.50000000000016,20.000000000000163,candidate,flat_signal,"{""EURUSD"": -60.59999999999954, ""GBPUSD"": -48.700000000001516, ""USDJPY"": 178.30000000000155}"
BASKET,-1,2023-04-03T00:00:00+00:00,2023-04-07T00:00:00+00:00,5.7666666666667865,4.2666666666667865,2.7666666666667865,candidate,friday_flat,"{""EURUSD"": -4.700000000001925, ""GBPUSD"": -0.7999999999985796, ""USDJPY"": 22.800000000000864}"
BASKET,1,2023-04-12T00:00:00+00:00,2023-04-14T00:00:00+00:00,42.69999999999919,41.199999999999186,39.699999999999186,candidate,friday_flat,"{""EURUSD"": -3.20000000000098, ""GBPUSD"": 70.6999999999991, ""USDJPY"": 60.599999999999454}"
BASKET,1,2023-04-17T00:00:00+00:00,2023-04-21T00:00:00+00:00,-54.299999999999564,-55.799999999999564,-57.299999999999564,candidate,friday_flat,"{""EURUSD"": -60.700000000000195, ""GBPUSD"": -66.69999999999953, ""USDJPY"": -35.49999999999898}"
BASKET,1,2023-04-24T00:00:00+00:00,2023-04-28T00:00:00+00:00,48.6999999999991,47.1999999999991,45.6999999999991,candidate,friday_flat,"{""EURUSD"": 28.29999999999888, ""GBPUSD"": -83.90000000000119, ""USDJPY"": 201.6999999999996}"
BASKET,-1,2023-05-08T00:00:00+00:00,2023-05-12T00:00:00+00:00,-108.25033232433763,-109.75033232433763,-111.25033232433763,candidate,stop,"{""EURUSD"": -124.5352479946793, ""GBPUSD"": -138.51574897833174, ""USDJPY"": -61.700000000001864}"
BASKET,-1,2023-05-15T00:00:00+00:00,2023-05-18T00:00:00+00:00,-136.2543187592129,-137.7543187592129,-139.2543187592129,candidate,stop,"{""EURUSD"": -102.99999999999976, ""GBPUSD"": -119.10000000000086, ""USDJPY"": -186.66295627763816}"
BASKET,-1,2023-05-18T00:00:00+00:00,2023-05-19T00:00:00+00:00,48.666666666667346,47.166666666667346,45.666666666667346,candidate,friday_flat,"{""EURUSD"": 33.70000000000095, ""GBPUSD"": 38.40000000000065, ""USDJPY"": 73.90000000000043}"
BASKET,-1,2023-05-22T00:00:00+00:00,2023-05-26T00:00:00+00:00,-128.5524385767844,-130.0524385767844,-131.5524385767844,candidate,stop,"{""EURUSD"": -110.36085011113083, ""GBPUSD"": -87.09999999999995, ""USDJPY"": -188.1964656192224}"
BASKET,-1,2023-05-29T00:00:00+00:00,2023-05-31T00:00:00+00:00,59.86666666666682,58.36666666666682,56.86666666666682,candidate,flat_signal,"{""EURUSD"": -20.799999999998597, ""GBPUSD"": 87.29999999999905, ""USDJPY"": 113.10000000000002}"
BASKET,-1,2023-09-04T00:00:00+00:00,2023-09-06T00:00:00+00:00,-101.39999999999979,-102.89999999999979,-104.39999999999979,candidate,flat_signal,"{""EURUSD"": -66.59999999999889, ""GBPUSD"": -117.30000000000018, ""USDJPY"": -120.3000000000003}"
BASKET,-1,2023-09-11T00:00:00+00:00,2023-09-12T00:00:00+00:00,-24.599999999999568,-26.099999999999568,-27.599999999999568,candidate,flat_signal,"{""EURUSD"": 2.900000000001235, ""GBPUSD"": -24.600000000001288, ""USDJPY"": -52.09999999999866}"
BASKET,1,2023-10-03T00:00:00+00:00,2023-10-05T00:00:00+00:00,-82.2333333333331,-83.7333333333331,-85.2333333333331,candidate,flat_signal,"{""EURUSD"": -83.40000000000013, ""GBPUSD"": -115.19999999999975, ""USDJPY"": -48.099999999999454}"
BASKET,1,2023-10-17T00:00:00+00:00,2023-10-20T00:00:00+00:00,2.7666666666672057,1.2666666666672057,-0.23333333333279427,candidate,friday_flat,"{""EURUSD"": -16.199999999999548, ""GBPUSD"": 19.200000000001438, ""USDJPY"": 5.299999999999727}"
BASKET,1,2023-10-26T00:00:00+00:00,2023-10-27T00:00:00+00:00,-22.399999999999846,-23.899999999999846,-25.399999999999846,candidate,friday_flat,"{""EURUSD"": -2.500000000000835, ""GBPUSD"": 11.099999999999444, ""USDJPY"": -75.79999999999814}"
BASKET,1,2023-11-01T00:00:00+00:00,2023-11-02T00:00:00+00:00,-50.066666666666414,-51.566666666666414,-53.066666666666414,candidate,flat_signal,"{""EURUSD"": -51.300000000000786, ""GBPUSD"": -52.200000000000024, ""USDJPY"": -46.699999999998454}"
BASKET,-1,2023-11-06T00:00:00+00:00,2023-11-10T00:00:00+00:00,-105.89043352590289,-107.39043352590289,-108.89043352590289,candidate,stop,"{""EURUSD"": -32.30000000000066, ""GBPUSD"": -143.11060964748768, ""USDJPY"": -142.26069093022033}"
BASKET,-1,2023-11-13T00:00:00+00:00,2023-11-17T00:00:00+00:00,203.9333333333344,202.4333333333344,200.9333333333344,candidate,friday_flat,"{""EURUSD"": 214.70000000000098, ""GBPUSD"": 183.20000000000113, ""USDJPY"": 213.900000000001}"
BASKET,-1,2023-11-20T00:00:00+00:00,2023-11-24T00:00:00+00:00,-6.199999999999228,-7.699999999999228,-9.199999999999228,candidate,friday_flat,"{""EURUSD"": -3.4000000000000696, ""GBPUSD"": 91.70000000000122, ""USDJPY"": -106.89999999999884}"
BASKET,-1,2023-11-27T00:00:00+00:00,2023-12-01T00:00:00+00:00,56.34054864598863,54.84054864598863,53.34054864598863,candidate,stop,"{""EURUSD"": -102.17835406203467, ""GBPUSD"": 83.20000000000104, ""USDJPY"": 187.99999999999955}"
BASKET,-1,2023-12-04T00:00:00+00:00,2023-12-08T00:00:00+00:00,11.791543878818834,10.291543878818834,8.791543878818834,candidate,stop,"{""EURUSD"": -109.02536836354447, ""GBPUSD"": -85.89999999999876, ""USDJPY"": 230.29999999999973}"
BASKET,-1,2023-12-11T00:00:00+00:00,2023-12-15T00:00:00+00:00,219.0666666666672,217.5666666666672,216.0666666666672,candidate,friday_flat,"{""EURUSD"": 129.70000000000147, ""GBPUSD"": 122.70000000000003, ""USDJPY"": 404.8000000000002}"
BASKET,-1,2023-12-18T00:00:00+00:00,2023-12-22T00:00:00+00:00,58.63333333333301,57.13333333333301,55.63333333333301,candidate,friday_flat,"{""EURUSD"": 90.40000000000158, ""GBPUSD"": 48.299999999998896, ""USDJPY"": 37.19999999999857}"
BASKET,-1,2023-12-25T00:00:00+00:00,2023-12-29T00:00:00+00:00,64.13333333333208,62.633333333332075,61.133333333332075,candidate,friday_flat,"{""EURUSD"": 22.499999999998632, ""GBPUSD"": 28.099999999999792, ""USDJPY"": 141.7999999999978}"
BASKET,-1,2024-01-02T00:00:00+00:00,2024-01-04T00:00:00+00:00,-46.951089197797266,-48.451089197797266,-49.951089197797266,candidate,stop,"{""EURUSD"": 2.7999999999983594, ""GBPUSD"": 65.3999999999999, ""USDJPY"": -209.05326759339005}"
BASKET,-1,2024-01-04T00:00:00+00:00,2024-01-05T00:00:00+00:00,13.300000000000592,11.800000000000592,10.300000000000592,candidate,friday_flat,"{""EURUSD"": -2.6999999999999247, ""GBPUSD"": 36.19999999999956, ""USDJPY"": 6.400000000002137}"
BASKET,-1,2024-01-08T00:00:00+00:00,2024-01-12T00:00:00+00:00,-21.433333333333064,-22.933333333333064,-24.433333333333064,candidate,friday_flat,"{""EURUSD"": 0.10000000000065512, ""GBPUSD"": 4.20000000000087, ""USDJPY"": -68.6000000000007}"
BASKET,-1,2024-01-15T00:00:00+00:00,2024-01-17T00:00:00+00:00,-122.79856477140942,-124.29856477140942,-125.79856477140942,candidate,stop,"{""EURUSD"": -100.60026177250325, ""GBPUSD"": -50.90000000000039, ""USDJPY"": -216.89543254172463}"
BASKET,-1,2024-01-17T00:00:00+00:00,2024-01-19T00:00:00+00:00,15.333333333332888,13.833333333332888,12.333333333332888,candidate,friday_flat,"{""EURUSD"": 14.499999999999513, ""GBPUSD"": 27.29999999999899, ""USDJPY"": 4.200000000000159}"
BASKET,-1,2024-01-22T00:00:00+00:00,2024-01-26T00:00:00+00:00,-14.566666666667032,-16.066666666667032,-17.566666666667032,candidate,friday_flat,"{""EURUSD"": -28.700000000001502, ""GBPUSD"": -9.200000000000319, ""USDJPY"": -5.799999999999272}"
BASKET,-1,2024-01-29T00:00:00+00:00,2024-02-02T00:00:00+00:00,-69.63333333333331,-71.13333333333331,-72.63333333333331,candidate,friday_flat,"{""EURUSD"": -46.299999999999116, ""GBPUSD"": -77.19999999999949, ""USDJPY"": -85.40000000000134}"
BASKET,-1,2024-02-05T00:00:00+00:00,2024-02-06T00:00:00+00:00,48.43333333333435,46.93333333333435,45.43333333333435,candidate,flat_signal,"{""EURUSD"": 11.800000000001809, ""GBPUSD"": 59.899999999999395, ""USDJPY"": 73.60000000000184}"
BASKET,1,2024-03-06T00:00:00+00:00,2024-03-07T00:00:00+00:00,-87.22769286275822,-88.72769286275822,-90.22769286275822,candidate,stop,"{""EURUSD"": -49.199999999998134, ""GBPUSD"": -77.49999999999923, ""USDJPY"": -134.9830785882773}"
BASKET,1,2024-03-07T00:00:00+00:00,2024-03-08T00:00:00+00:00,-61.50785765827725,-63.00785765827725,-64.50785765827725,candidate,stop,"{""EURUSD"": 9.499999999997844, ""GBPUSD"": -49.300000000001006, ""USDJPY"": -144.72357297482858}"
BASKET,1,2024-03-12T00:00:00+00:00,2024-03-15T00:00:00+00:00,78.56666666666723,77.06666666666723,75.56666666666723,candidate,friday_flat,"{""EURUSD"": 38.90000000000171, ""GBPUSD"": 57.000000000000384, ""USDJPY"": 139.7999999999996}"
BASKET,1,2024-03-18T00:00:00+00:00,2024-03-22T00:00:00+00:00,141.3000000000004,139.8000000000004,138.3000000000004,candidate,friday_flat,"{""EURUSD"": 66.6000000000011, ""GBPUSD"": 125.80000000000035, ""USDJPY"": 231.49999999999977}"
BASKET,1,2024-03-26T00:00:00+00:00,2024-03-29T00:00:00+00:00,10.766666666666621,9.266666666666621,7.76666666666662,candidate,friday_flat,"{""EURUSD"": 39.5000000000012, ""GBPUSD"": 11.499999999999844, ""USDJPY"": -18.700000000001182}"
BASKET,1,2024-04-01T00:00:00+00:00,2024-04-03T00:00:00+00:00,-58.633302360582285,-60.133302360582285,-61.633302360582285,candidate,stop,"{""EURUSD"": -79.29990708174682, ""GBPUSD"": -101.29999999999971, ""USDJPY"": 4.699999999999704}"
BASKET,1,2024-04-04T00:00:00+00:00,2024-04-05T00:00:00+00:00,10.9666666666658,9.4666666666658,7.966666666665799,candidate,friday_flat,"{""EURUSD"": -0.10000000000065512, ""GBPUSD"": 4.499999999998394, ""USDJPY"": 28.49999999999966}"
BASKET,1,2024-04-08T00:00:00+00:00,2024-04-12T00:00:00+00:00,189.73333333333323,188.23333333333323,186.73333333333323,candidate,friday_flat,"{""EURUSD"": 217.89999999999975, ""GBPUSD"": 206.10000000000016, ""USDJPY"": 145.19999999999982}"
BASKET,1,2024-04-15T00:00:00+00:00,2024-04-19T00:00:00+00:00,26.966666666667205,25.466666666667205,23.966666666667205,candidate,friday_flat,"{""EURUSD"": -31.999999999998696, ""GBPUSD"": 76.8000000000013, ""USDJPY"": 36.099999999999}"
BASKET,1,2024-04-22T00:00:00+00:00,2024-04-24T00:00:00+00:00,-37.12341847144458,-38.62341847144458,-40.12341847144458,candidate,stop,"{""EURUSD"": -44.10000000000025, ""GBPUSD"": -117.57025541433208, ""USDJPY"": 50.29999999999859}"
BASKET,1,2024-04-24T00:00:00+00:00,2024-04-26T00:00:00+00:00,91.76666666666652,90.26666666666652,88.76666666666652,candidate,friday_flat,"{""EURUSD"": 5.800000000000249, ""GBPUSD"": -30.000000000001137, ""USDJPY"": 299.50000000000045}"
BASKET,1,2024-04-29T00:00:00+00:00,2024-05-01T00:00:00+00:00,-48.22151322491084,-49.72151322491084,-51.22151322491084,candidate,stop,"{""EURUSD"": 11.100000000001664, ""GBPUSD"": 36.999999999998145, ""USDJPY"": -192.7645396747323}"
BASKET,1,2024-05-01T00:00:00+00:00,2024-05-03T00:00:00+00:00,-116.80467786100606,-118.30467786100606,-119.80467786100606,candidate,stop,"{""EURUSD"": -92.93083355735642, ""GBPUSD"": -20.000000000000018, ""USDJPY"": -237.48320002566174}"
BASKET,1,2024-05-06T00:00:00+00:00,2024-05-10T00:00:00+00:00,74.73333333333298,73.23333333333298,71.73333333333298,candidate,friday_flat,"{""EURUSD"": -1.80000000000069, ""GBPUSD"": 37.8999999999996, ""USDJPY"": 188.10000000000002}"
BASKET,1,2024-05-13T00:00:00+00:00,2024-05-15T00:00:00+00:00,-109.02611049859733,-110.52611049859733,-112.02611049859733,candidate,stop,"{""EURUSD"": -82.05823361768782, ""GBPUSD"": -113.02009787810485, ""USDJPY"": -131.99999999999932}"
BASKET,1,2024-05-15T00:00:00+00:00,2024-05-17T00:00:00+00:00,24.899999999999466,23.399999999999466,21.899999999999466,candidate,friday_flat,"{""EURUSD"": 15.199999999999658, ""GBPUSD"": -15.300000000000313, ""USDJPY"": 74.79999999999905}"
BASKET,1,2024-05-20T00:00:00+00:00,2024-05-24T00:00:00+00:00,18.200000000000543,16.700000000000543,15.200000000000543,candidate,friday_flat,"{""EURUSD"": 10.399999999999299, ""GBPUSD"": -30.89999999999815, ""USDJPY"": 75.10000000000048}"
BASKET,1,2024-05-29T00:00:00+00:00,2024-05-31T00:00:00+00:00,-51.754394270147344,-53.254394270147344,-54.754394270147344,candidate,stop,"{""EURUSD"": -74.16318281044053, ""GBPUSD"": -40.40000000000043, ""USDJPY"": -40.70000000000107}"
BASKET,1,2024-06-03T00:00:00+00:00,2024-06-04T00:00:00+00:00,-18.333333333333595,-19.833333333333595,-21.333333333333595,candidate,flat_signal,"{""EURUSD"": 25.100000000000122, ""GBPUSD"": 37.0999999999988, ""USDJPY"": -117.1999999999997}"
BASKET,1,2024-06-10T00:00:00+00:00,2024-06-12T00:00:00+00:00,-71.93496510002166,-73.43496510002166,-74.93496510002166,candidate,stop,"{""EURUSD"": -83.86562547900932, ""GBPUSD"": -103.03926982105693, ""USDJPY"": -28.899999999998727}"
BASKET,1,2024-06-12T00:00:00+00:00,2024-06-14T00:00:00+00:00,94.63333333333308,93.13333333333308,91.63333333333308,candidate,friday_flat,"{""EURUSD"": 106.30000000000139, ""GBPUSD"": 112.39999999999917, ""USDJPY"": 65.19999999999868}"
BASKET,1,2024-06-18T00:00:00+00:00,2024-06-21T00:00:00+00:00,103.03333333333245,101.53333333333245,100.03333333333245,candidate,friday_flat,"{""EURUSD"": 47.80000000000006, ""GBPUSD"": 67.69999999999942, ""USDJPY"": 193.59999999999786}"
BASKET,1,2024-06-24T00:00:00+00:00,2024-06-28T00:00:00+00:00,60.16666666666674,58.66666666666674,57.16666666666674,candidate,friday_flat,"{""EURUSD"": 19.700000000000273, ""GBPUSD"": 38.60000000000196, ""USDJPY"": 122.199999999998}"
BASKET,-1,2024-07-01T00:00:00+00:00,2024-07-05T00:00:00+00:00,111.9666666666664,110.4666666666664,108.9666666666664,candidate,friday_flat,"{""EURUSD"": 100.00000000000009, ""GBPUSD"": 163.9999999999997, ""USDJPY"": 71.89999999999941}"
BASKET,-1,2024-07-08T00:00:00+00:00,2024-07-12T00:00:00+00:00,186.4333333333333,184.9333333333333,183.4333333333333,candidate,friday_flat,"{""EURUSD"": 82.29999999999959, ""GBPUSD"": 181.59999999999954, ""USDJPY"": 295.4000000000008}"
BASKET,-1,2024-07-15T00:00:00+00:00,2024-07-19T00:00:00+00:00,-0.46666666666602313,-1.966666666666023,-3.4666666666660233,candidate,friday_flat,"{""EURUSD"": -9.799999999999809, ""GBPUSD"": -55.39999999999878, ""USDJPY"": 63.80000000000052}"
BASKET,-1,2024-07-22T00:00:00+00:00,2024-07-26T00:00:00+00:00,74.83333333333253,73.33333333333253,71.83333333333253,candidate,friday_flat,"{""EURUSD"": -35.00000000000058, ""GBPUSD"": -68.20000000000049, ""USDJPY"": 327.6999999999987}"
BASKET,-1,2024-07-29T00:00:00+00:00,2024-08-01T00:00:00+00:00,114.5457884146773,113.0457884146773,111.5457884146773,candidate,stop,"{""EURUSD"": -29.700000000001392, ""GBPUSD"": -92.46263475596538, ""USDJPY"": 465.7999999999987}"
BASKET,-1,2024-08-01T00:00:00+00:00,2024-08-02T00:00:00+00:00,157.3333333333338,155.8333333333338,154.3333333333338,candidate,friday_flat,"{""EURUSD"": 119.30000000000217, ""GBPUSD"": 66.99999999999928, ""USDJPY"": 285.69999999999993}"
BASKET,-1,2024-08-05T00:00:00+00:00,2024-08-07T00:00:00+00:00,-153.5137322047784,-155.0137322047784,-156.5137322047784,candidate,stop,"{""EURUSD"": -30.09999999999957, ""GBPUSD"": -108.39924407695989, ""USDJPY"": -322.04195253737566}"
BASKET,-1,2024-08-07T00:00:00+00:00,2024-08-09T00:00:00+00:00,23.066666666665753,21.566666666665753,20.066666666665753,candidate,friday_flat,"{""EURUSD"": -5.20000000000076, ""GBPUSD"": 67.20000000000059, ""USDJPY"": 7.199999999997431}"
BASKET,-1,2024-08-12T00:00:00+00:00,2024-08-16T00:00:00+00:00,77.83333333333297,76.33333333333297,74.83333333333297,candidate,friday_flat,"{""EURUSD"": 96.60000000000001, ""GBPUSD"": 177.59999999999997, ""USDJPY"": -40.70000000000107}"
BASKET,-1,2024-08-19T00:00:00+00:00,2024-08-23T00:00:00+00:00,185.16666666666637,183.66666666666637,182.16666666666637,candidate,friday_flat,"{""EURUSD"": 107.9999999999992, ""GBPUSD"": 224.60000000000144, ""USDJPY"": 222.8999999999985}"
BASKET,-1,2024-08-26T00:00:00+00:00,2024-08-29T00:00:00+00:00,-52.47255274701207,-53.97255274701207,-55.47255274701207,candidate,stop,"{""EURUSD"": -92.11765824103546, ""GBPUSD"": -17.900000000001803, ""USDJPY"": -47.399999999998954}"
BASKET,-1,2024-08-29T00:00:00+00:00,2024-08-30T00:00:00+00:00,-63.3666666666677,-64.8666666666677,-66.3666666666677,candidate,friday_flat,"{""EURUSD"": -29.700000000001392, ""GBPUSD"": -43.400000000000105, ""USDJPY"": -117.00000000000159}"
BASKET,-1,2024-09-02T00:00:00+00:00,2024-09-06T00:00:00+00:00,153.9999999999998,152.4999999999998,150.9999999999998,candidate,friday_flat,"{""EURUSD"": 14.899999999999913, ""GBPUSD"": -18.400000000000638, ""USDJPY"": 465.5000000000001}"
BASKET,-1,2024-09-09T00:00:00+00:00,2024-09-12T00:00:00+00:00,75.23333333333348,73.73333333333348,72.23333333333348,candidate,flat_signal,"{""EURUSD"": 40.49999999999887, ""GBPUSD"": 49.099999999999696, ""USDJPY"": 136.10000000000184}"
BASKET,-1,2024-09-17T00:00:00+00:00,2024-09-18T00:00:00+00:00,23.66666666666696,22.16666666666696,20.66666666666696,candidate,flat_signal,"{""EURUSD"": 5.20000000000076, ""GBPUSD"": 52.50000000000199, ""USDJPY"": 13.299999999998136}"
BASKET,-1,2024-10-01T00:00:00+00:00,2024-10-02T00:00:00+00:00,-112.82451398113089,-114.32451398113089,-115.82451398113089,candidate,stop,"{""EURUSD"": -23.699999999999832, ""GBPUSD"": -18.799999999998818, ""USDJPY"": -295.973541943394}"
BASKET,-1,2024-10-02T00:00:00+00:00,2024-10-03T00:00:00+00:00,-65.7111678526614,-67.2111678526614,-68.7111678526614,candidate,stop,"{""EURUSD"": -12.600000000000389, ""GBPUSD"": -138.73350355798397, ""USDJPY"": -45.79999999999984}"
BASKET,-1,2024-10-03T00:00:00+00:00,2024-10-04T00:00:00+00:00,-77.56666666666634,-79.06666666666634,-80.56666666666634,candidate,friday_flat,"{""EURUSD"": -56.89999999999973, ""GBPUSD"": 0.6000000000017103, ""USDJPY"": -176.400000000001}"
BASKET,1,2024-10-21T00:00:00+00:00,2024-10-25T00:00:00+00:00,63.099999999999135,61.599999999999135,60.099999999999135,candidate,friday_flat,"{""EURUSD"": 19.499999999998963, ""GBPUSD"": 22.899999999999032, ""USDJPY"": 146.8999999999994}"
BASKET,1,2024-10-28T00:00:00+00:00,2024-11-01T00:00:00+00:00,-18.943271933843686,-20.443271933843686,-21.943271933843686,candidate,stop,"{""EURUSD"": -81.8298158015307, ""GBPUSD"": 54.199999999999804, ""USDJPY"": -29.20000000000016}"
BASKET,1,2024-11-04T00:00:00+00:00,2024-11-08T00:00:00+00:00,83.20000000000005,81.70000000000005,80.20000000000005,candidate,friday_flat,"{""EURUSD"": 158.79999999999893, ""GBPUSD"": 40.10000000000069, ""USDJPY"": 50.7000000000005}"
BASKET,1,2024-11-11T00:00:00+00:00,2024-11-15T00:00:00+00:00,140.86666666666665,139.36666666666665,137.86666666666665,candidate,friday_flat,"{""EURUSD"": 112.00000000000098, ""GBPUSD"": 250.20000000000041, ""USDJPY"": 60.3999999999985}"
BASKET,1,2024-11-18T00:00:00+00:00,2024-11-22T00:00:00+00:00,111.76666666666658,110.26666666666658,108.76666666666658,candidate,friday_flat,"{""EURUSD"": 179.59999999999974, ""GBPUSD"": 149.09999999999977, ""USDJPY"": 6.60000000000025}"
BASKET,1,2024-11-25T00:00:00+00:00,2024-11-27T00:00:00+00:00,-135.58750281557303,-137.08750281557303,-138.58750281557303,candidate,stop,"{""EURUSD"": -71.4999999999999, ""GBPUSD"": -109.7999999999999, ""USDJPY"": -225.4625084467193}"
BASKET,1,2024-11-27T00:00:00+00:00,2024-11-29T00:00:00+00:00,-67.13333333333358,-68.63333333333358,-70.13333333333358,candidate,friday_flat,"{""EURUSD"": -11.200000000000099, ""GBPUSD"": -51.000000000001044, ""USDJPY"": -139.1999999999996}"
BASKET,1,2024-12-02T00:00:00+00:00,2024-12-06T00:00:00+00:00,-55.53572442185308,-57.03572442185308,-58.53572442185308,candidate,stop,"{""EURUSD"": -70.5, ""GBPUSD"": -142.20717326556053, ""USDJPY"": 46.10000000000127}"
BASKET,1,2024-12-09T00:00:00+00:00,2024-12-13T00:00:00+00:00,139.29999999999993,137.79999999999993,136.29999999999993,candidate,friday_flat,"{""EURUSD"": 47.099999999999916, ""GBPUSD"": 126.69999999999959, ""USDJPY"": 244.10000000000025}"
BASKET,1,2024-12-16T00:00:00+00:00,2024-12-20T00:00:00+00:00,141.93333333333348,140.43333333333348,138.93333333333348,candidate,friday_flat,"{""EURUSD"": 80.10000000000072, ""GBPUSD"": 110.99999999999888, ""USDJPY"": 234.70000000000084}"
BASKET,1,2024-12-23T00:00:00+00:00,2024-12-27T00:00:00+00:00,1.8000000000000977,0.3000000000000978,-1.1999999999999023,candidate,friday_flat,"{""EURUSD"": -20.700000000000163, ""GBPUSD"": -45.399999999999885, ""USDJPY"": 71.50000000000034}"
BASKET,1,2024-12-30T00:00:00+00:00,2025-01-03T00:00:00+00:00,87.99999999999936,86.49999999999936,84.99999999999936,candidate,friday_flat,"{""EURUSD"": 95.19999999999972, ""GBPUSD"": 120.29999999999984, ""USDJPY"": 48.49999999999852}"
BASKET,1,2025-01-06T00:00:00+00:00,2025-01-10T00:00:00+00:00,156.79999999999905,155.29999999999905,153.79999999999905,candidate,friday_flat,"{""EURUSD"": 145.59999999999906, ""GBPUSD"": 306.69999999999976, ""USDJPY"": 18.099999999998317}"
BASKET,1,2025-01-13T00:00:00+00:00,2025-01-16T00:00:00+00:00,-91.63155146291211,-93.13155146291211,-94.63155146291211,candidate,stop,"{""EURUSD"": -52.100000000001586, ""GBPUSD"": -43.10000000000036, ""USDJPY"": -179.69465438873442}"
BASKET,1,2025-01-16T00:00:00+00:00,2025-01-17T00:00:00+00:00,69.46666666666627,67.96666666666627,66.46666666666627,candidate,friday_flat,"{""EURUSD"": 22.800000000000598, ""GBPUSD"": 69.59999999999854, ""USDJPY"": 115.99999999999966}"
BASKET,1,2025-01-20T00:00:00+00:00,2025-01-24T00:00:00+00:00,-67.95708060079117,-69.45708060079117,-70.95708060079117,candidate,stop,"{""EURUSD"": -78.80000000000109, ""GBPUSD"": -166.77124180237257, ""USDJPY"": 41.70000000000016}"
BASKET,1,2025-02-04T00:00:00+00:00,2025-02-05T00:00:00+00:00,-86.77961447764646,-88.27961447764646,-89.77961447764646,candidate,stop,"{""EURUSD"": -23.899999999998922, ""GBPUSD"": -26.600000000001067, ""USDJPY"": -209.83884343293937}"
BASKET,1,2025-02-05T00:00:00+00:00,2025-02-07T00:00:00+00:00,19.366666666666646,17.866666666666646,16.366666666666646,candidate,friday_flat,"{""EURUSD"": 74.9999999999984, ""GBPUSD"": 103.1000000000004, ""USDJPY"": -119.99999999999886}"
BASKET,1,2025-02-10T00:00:00+00:00,2025-02-13T00:00:00+00:00,-69.31712542860232,-70.81712542860232,-72.31712542860232,candidate,stop,"{""EURUSD"": -127.38369669028415, ""GBPUSD"": -161.0676795955235, ""USDJPY"": 80.50000000000068}"
BASKET,1,2025-02-13T00:00:00+00:00,2025-02-14T00:00:00+00:00,-32.899999999999885,-34.399999999999885,-35.899999999999885,candidate,friday_flat,"{""EURUSD"": -27.099999999999902, ""GBPUSD"": -20.899999999999253, ""USDJPY"": -50.7000000000005}"
BASKET,1,2025-02-17T00:00:00+00:00,2025-02-21T00:00:00+00:00,-68.64741919770317,-70.14741919770317,-71.64741919770317,candidate,stop,"{""EURUSD"": 25.700000000001832, ""GBPUSD"": -9.399999999999409, ""USDJPY"": -222.24225759311196}"
BASKET,1,2025-02-24T00:00:00+00:00,2025-02-28T00:00:00+00:00,76.66666666666607,75.16666666666607,73.66666666666607,candidate,friday_flat,"{""EURUSD"": 92.20000000000006, ""GBPUSD"": 46.19999999999846, ""USDJPY"": 91.59999999999968}"
BASKET,-1,2025-03-05T00:00:00+00:00,2025-03-07T00:00:00+00:00,50.93333333333279,49.43333333333279,47.93333333333279,candidate,friday_flat,"{""EURUSD"": 44.50000000000065, ""GBPUSD"": 26.799999999997937, ""USDJPY"": 81.49999999999977}"
BASKET,-1,2025-03-10T00:00:00+00:00,2025-03-14T00:00:00+00:00,-15.73333333333314,-17.23333333333314,-18.73333333333314,candidate,friday_flat,"{""EURUSD"": 40.70000000000018, ""GBPUSD"": 59.70000000000031, ""USDJPY"": -147.5999999999999}"
BASKET,-1,2025-03-17T00:00:00+00:00,2025-03-21T00:00:00+00:00,-64.29999999999971,-65.79999999999971,-67.29999999999971,candidate,friday_flat,"{""EURUSD"": -108.59999999999869, ""GBPUSD"": -68.09999999999982, ""USDJPY"": -16.200000000000614}"
BASKET,-1,2025-03-24T00:00:00+00:00,2025-03-28T00:00:00+00:00,43.29999999999969,41.79999999999969,40.29999999999969,candidate,friday_flat,"{""EURUSD"": 28.399999999999537, ""GBPUSD"": 17.499999999999183, ""USDJPY"": 84.00000000000034}"
BASKET,-1,2025-03-31T00:00:00+00:00,2025-04-04T00:00:00+00:00,142.83333333333397,141.33333333333397,139.83333333333397,candidate,friday_flat,"{""EURUSD"": 148.39999999999964, ""GBPUSD"": -17.899999999999583, ""USDJPY"": 298.0000000000018}"
BASKET,-1,2025-04-07T00:00:00+00:00,2025-04-11T00:00:00+00:00,418.36666666666633,416.86666666666633,415.36666666666633,candidate,friday_flat,"{""EURUSD"": 451.5000000000002, ""GBPUSD"": 367.99999999999943, ""USDJPY"": 435.59999999999945}"
BASKET,-1,2025-04-14T00:00:00+00:00,2025-04-18T00:00:00+00:00,77.66666666666542,76.16666666666542,74.66666666666542,candidate,friday_flat,"{""EURUSD"": 41.400000000000325, ""GBPUSD"": 102.69999999999779, ""USDJPY"": 88.89999999999816}"
BASKET,-1,2025-04-21T00:00:00+00:00,2025-04-23T00:00:00+00:00,-199.15087420968584,-200.65087420968584,-202.15087420968584,candidate,stop,"{""EURUSD"": -197.40104119130297, ""GBPUSD"": -125.39999999999995, ""USDJPY"": -274.65158143775454}"
BASKET,-1,2025-04-29T00:00:00+00:00,2025-05-01T00:00:00+00:00,-161.29135706139883,-162.79135706139883,-164.29135706139883,candidate,stop,"{""EURUSD"": -95.39999999999881, ""GBPUSD"": -129.89999999999836, ""USDJPY"": -258.5740711841993}"
BASKET,-1,2025-05-01T00:00:00+00:00,2025-05-02T00:00:00+00:00,16.633333333332374,15.133333333332374,13.633333333332374,candidate,friday_flat,"{""EURUSD"": 13.399999999998968, ""GBPUSD"": -3.20000000000098, ""USDJPY"": 39.699999999999136}"
BASKET,1,2025-05-19T00:00:00+00:00,2025-05-23T00:00:00+00:00,-173.11015419789558,-174.61015419789558,-176.11015419789558,candidate,stop,"{""EURUSD"": -125.900000000001, ""GBPUSD"": -165.63046259368662, ""USDJPY"": -227.79999999999916}"
BASKET,1,2025-05-26T00:00:00+00:00,2025-05-30T00:00:00+00:00,87.86666666666632,86.36666666666632,84.86666666666632,candidate,friday_flat,"{""EURUSD"": 35.39999999999876, ""GBPUSD"": 108.29999999999895, ""USDJPY"": 119.90000000000123}"
BASKET,1,2025-06-02T00:00:00+00:00,2025-06-06T00:00:00+00:00,92.39999999999957,90.89999999999957,89.39999999999957,candidate,friday_flat,"{""EURUSD"": 44.19999999999868, ""GBPUSD"": 17.900000000001803, ""USDJPY"": 215.0999999999982}"
BASKET,1,2025-06-09T00:00:00+00:00,2025-06-12T00:00:00+00:00,-105.1613655076106,-106.6613655076106,-108.1613655076106,candidate,stop,"{""EURUSD"": -140.3840965228298, ""GBPUSD"": -69.00000000000128, ""USDJPY"": -106.1000000000007}"
BASKET,1,2025-06-12T00:00:00+00:00,2025-06-13T00:00:00+00:00,44.233333333333626,42.733333333333626,41.233333333333626,candidate,friday_flat,"{""EURUSD"": 30.90000000000037, ""GBPUSD"": 41.10000000000058, ""USDJPY"": 60.69999999999993}"
BASKET,1,2025-06-16T00:00:00+00:00,2025-06-20T00:00:00+00:00,97.80000000000007,96.30000000000007,94.80000000000007,candidate,friday_flat,"{""EURUSD"": 35.60000000000007, ""GBPUSD"": 121.89999999999922, ""USDJPY"": 135.9000000000009}"
BASKET,1,2025-06-23T00:00:00+00:00,2025-06-25T00:00:00+00:00,-108.10797223903857,-109.60797223903857,-111.10797223903857,candidate,stop,"{""EURUSD"": -84.69999999999978, ""GBPUSD"": -148.4239167171153, ""USDJPY"": -91.20000000000061}"
BASKET,1,2025-06-25T00:00:00+00:00,2025-06-27T00:00:00+00:00,-55.63333333333308,-57.13333333333308,-58.63333333333308,candidate,friday_flat,"{""EURUSD"": -57.000000000000384, ""GBPUSD"": -55.79999999999918, ""USDJPY"": -54.09999999999968}"
BASKET,1,2025-06-30T00:00:00+00:00,2025-07-01T00:00:00+00:00,-32.86666666666675,-34.36666666666675,-35.86666666666675,candidate,flat_signal,"{""EURUSD"": -19.000000000000128, ""GBPUSD"": -17.499999999999183, ""USDJPY"": -62.10000000000093}"
BASKET,-1,2025-07-21T00:00:00+00:00,2025-07-22T00:00:00+00:00,58.46666666666673,56.96666666666673,55.46666666666673,candidate,flat_signal,"{""EURUSD"": 65.90000000000096, ""GBPUSD"": 37.59999999999985, ""USDJPY"": 71.89999999999941}"
BASKET,-1,2025-07-28T00:00:00+00:00,2025-07-30T00:00:00+00:00,-115.9611937549055,-117.4611937549055,-118.9611937549055,candidate,stop,"{""EURUSD"": -130.98358126471422, ""GBPUSD"": -117.59999999999992, ""USDJPY"": -99.30000000000234}"
BASKET,-1,2025-07-30T00:00:00+00:00,2025-08-01T00:00:00+00:00,148.39999999999984,146.89999999999984,145.39999999999984,candidate,friday_flat,"{""EURUSD"": 186.10000000000014, ""GBPUSD"": 45.999999999999375, ""USDJPY"": 213.10000000000002}"
BASKET,-1,2025-08-04T00:00:00+00:00,2025-08-08T00:00:00+00:00,55.06666666666617,53.56666666666617,52.06666666666617,candidate,friday_flat,"{""EURUSD"": 65.3999999999999, ""GBPUSD"": 159.7000000000004, ""USDJPY"": -59.900000000001796}"
BASKET,-1,2025-08-11T00:00:00+00:00,2025-08-15T00:00:00+00:00,103.70000000000026,102.20000000000026,100.70000000000026,candidate,friday_flat,"{""EURUSD"": 91.70000000000122, ""GBPUSD"": 120.5999999999996, ""USDJPY"": 98.79999999999995}"
BASKET,-1,2025-08-18T00:00:00+00:00,2025-08-22T00:00:00+00:00,58.43333333333354,56.93333333333354,55.43333333333354,candidate,friday_flat,"{""EURUSD"": 60.80000000000085, ""GBPUSD"": 22.600000000001508, ""USDJPY"": 91.89999999999827}"
BASKET,-1,2025-08-25T00:00:00+00:00,2025-08-29T00:00:00+00:00,62.06666666666658,60.56666666666658,59.06666666666658,candidate,friday_flat,"{""EURUSD"": 64.60000000000132, ""GBPUSD"": 44.899999999998826, ""USDJPY"": 76.69999999999959}"
BASKET,-1,2025-09-01T00:00:00+00:00,2025-09-02T00:00:00+00:00,-119.56807243777446,-121.06807243777446,-122.56807243777446,candidate,stop,"{""EURUSD"": -70.39999999999935, ""GBPUSD"": -119.2782895777178, ""USDJPY"": -169.02592773560627}"
BASKET,-1,2025-09-02T00:00:00+00:00,2025-09-05T00:00:00+00:00,94.3666666666665,92.8666666666665,91.3666666666665,candidate,friday_flat,"{""EURUSD"": 76.49999999999935, ""GBPUSD"": 110.20000000000029, ""USDJPY"": 96.39999999999986}"
BASKET,-1,2025-09-08T00:00:00+00:00,2025-09-12T00:00:00+00:00,-10.766666666666561,-12.266666666666561,-13.766666666666561,candidate,friday_flat,"{""EURUSD"": -28.200000000000447, ""GBPUSD"": 7.300000000001194, ""USDJPY"": -11.400000000000432}"
BASKET,-1,2025-09-15T00:00:00+00:00,2025-09-19T00:00:00+00:00,-67.0116497645492,-68.5116497645492,-70.0116497645492,candidate,stop,"{""EURUSD"": -18.599999999999728, ""GBPUSD"": -127.23494929364864, ""USDJPY"": -55.19999999999925}"
BASKET,-1,2025-09-22T00:00:00+00:00,2025-09-23T00:00:00+00:00,11.03333333333385,9.53333333333385,8.03333333333385,candidate,flat_signal,"{""EURUSD"": 13.100000000001444, ""GBPUSD"": 12.099999999999334, ""USDJPY"": 7.900000000000773}"
BASKET,-1,2025-09-29T00:00:00+00:00,2025-10-01T00:00:00+00:00,67.00000000000126,65.50000000000126,64.00000000000126,candidate,flat_signal,"{""EURUSD"": 3.900000000001125, ""GBPUSD"": 45.600000000001195, ""USDJPY"": 151.50000000000148}"
BASKET,-1,2025-10-06T00:00:00+00:00,2025-10-08T00:00:00+00:00,-125.21085692848033,-126.71085692848033,-128.21085692848033,candidate,stop,"{""EURUSD"": -110.45568027313823, ""GBPUSD"": -81.19999999999905, ""USDJPY"": -183.97689051230373}"
BASKET,1,2025-10-29T00:00:00+00:00,2025-10-31T00:00:00+00:00,82.16666666666721,80.66666666666721,79.16666666666721,candidate,friday_flat,"{""EURUSD"": 65.8000000000003, ""GBPUSD"": 47.20000000000057, ""USDJPY"": 133.5000000000008}"
BASKET,1,2025-11-03T00:00:00+00:00,2025-11-07T00:00:00+00:00,-49.9999999999994,-51.4999999999994,-52.9999999999994,candidate,friday_flat,"{""EURUSD"": -44.99999999999948, ""GBPUSD"": -25.199999999998557, ""USDJPY"": -79.80000000000018}"
BASKET,1,2025-11-10T00:00:00+00:00,2025-11-13T00:00:00+00:00,-22.299432928102572,-23.799432928102572,-25.299432928102572,candidate,stop,"{""EURUSD"": -88.09829878430929, ""GBPUSD"": -18.899999999999473, ""USDJPY"": 40.100000000001046}"
BASKET,1,2025-11-13T00:00:00+00:00,2025-11-14T00:00:00+00:00,11.133333333333736,9.633333333333736,8.133333333333736,candidate,friday_flat,"{""EURUSD"": 13.700000000000934, ""GBPUSD"": 19.700000000000273, ""USDJPY"": 0.0}"
BASKET,1,2025-11-17T00:00:00+00:00,2025-11-21T00:00:00+00:00,82.2333333333335,80.7333333333335,79.2333333333335,candidate,friday_flat,"{""EURUSD"": 78.00000000000028, ""GBPUSD"": 58.00000000000027, ""USDJPY"": 110.69999999999993}"
BASKET,1,2025-11-24T00:00:00+00:00,2025-11-26T00:00:00+00:00,-79.79270451178587,-81.29270451178587,-82.79270451178587,candidate,stop,"{""EURUSD"": -76.09999999999894, ""GBPUSD"": -116.67811353535784, ""USDJPY"": -46.60000000000082}"
BASKET,1,2025-12-02T00:00:00+00:00,2025-12-03T00:00:00+00:00,-74.83192504449546,-76.33192504449546,-77.83192504449546,candidate,stop,"{""EURUSD"": -45.999999999999375, ""GBPUSD"": -114.69577513348649, ""USDJPY"": -63.80000000000052}"
BASKET,1,2025-12-03T00:00:00+00:00,2025-12-05T00:00:00+00:00,20.333333333333787,18.833333333333787,17.333333333333787,candidate,friday_flat,"{""EURUSD"": 27.900000000000702, ""GBPUSD"": 21.800000000000708, ""USDJPY"": 11.299999999999955}"
BASKET,1,2025-12-08T00:00:00+00:00,2025-12-11T00:00:00+00:00,-76.68921986514881,-78.18921986514881,-79.68921986514881,candidate,stop,"{""EURUSD"": -80.3071904266761, ""GBPUSD"": -113.86046916876946, ""USDJPY"": -35.90000000000089}"
BASKET,1,2025-12-11T00:00:00+00:00,2025-12-12T00:00:00+00:00,14.133333333332843,12.633333333332843,11.133333333332843,candidate,friday_flat,"{""EURUSD"": -2.100000000000435, ""GBPUSD"": 19.499999999998963, ""USDJPY"": 25.0}"
BASKET,1,2025-12-15T00:00:00+00:00,2025-12-19T00:00:00+00:00,98.66666666666684,97.16666666666684,95.66666666666684,candidate,friday_flat,"{""EURUSD"": 42.399999999997995, ""GBPUSD"": 3.900000000001125, ""USDJPY"": 249.7000000000014}"
BASKET,1,2025-12-22T00:00:00+00:00,2025-12-26T00:00:00+00:00,-31.900000000000734,-33.40000000000074,-34.90000000000074,candidate,friday_flat,"{""EURUSD"": -11.200000000000099, ""GBPUSD"": -33.8000000000016, ""USDJPY"": -50.7000000000005}"
BASKET,1,2025-12-29T00:00:00+00:00,2026-01-02T00:00:00+00:00,62.36666666666698,60.86666666666698,59.36666666666698,candidate,friday_flat,"{""EURUSD"": 52.400000000001334, ""GBPUSD"": 55.49999999999944, ""USDJPY"": 79.20000000000016}"
BASKET,1,2026-01-05T00:00:00+00:00,2026-01-09T00:00:00+00:00,125.83333333333333,124.33333333333333,122.83333333333333,candidate,friday_flat,"{""EURUSD"": 84.40000000000002, ""GBPUSD"": 141.4000000000004, ""USDJPY"": 151.6999999999996}"
BASKET,1,2026-01-12T00:00:00+00:00,2026-01-16T00:00:00+00:00,48.30000000000052,46.80000000000052,45.30000000000052,candidate,friday_flat,"{""EURUSD"": 67.80000000000008, ""GBPUSD"": 88.2000000000005, ""USDJPY"": -11.099999999999}"
BASKET,1,2026-01-19T00:00:00+00:00,2026-01-20T00:00:00+00:00,-30.267472983770755,-31.767472983770755,-33.26747298377075,candidate,stop,"{""EURUSD"": -74.90241895131032, ""GBPUSD"": -17.300000000000093, ""USDJPY"": 1.3999999999981583}"
BASKET,1,2026-01-20T00:00:00+00:00,2026-01-21T00:00:00+00:00,23.06666666666774,21.56666666666774,20.06666666666774,candidate,flat_signal,"{""EURUSD"": 42.10000000000047, ""GBPUSD"": 13.000000000000789, ""USDJPY"": 14.100000000001955}"
BASKET,-1,2026-03-09T00:00:00+00:00,2026-03-10T00:00:00+00:00,-30.833333333332973,-32.33333333333297,-33.83333333333297,candidate,flat_signal,"{""EURUSD"": -26.599999999998847, ""GBPUSD"": -24.000000000001798, ""USDJPY"": -41.89999999999827}"
BASKET,1,2026-03-17T00:00:00+00:00,2026-03-20T00:00:00+00:00,-0.20000000000139906,-1.700000000001399,-3.200000000001399,candidate,friday_flat,"{""EURUSD"": -35.400000000000986, ""GBPUSD"": 14.399999999998858, ""USDJPY"": 20.39999999999793}"
BASKET,1,2026-03-23T00:00:00+00:00,2026-03-27T00:00:00+00:00,155.16666666666575,153.66666666666575,152.16666666666575,candidate,friday_flat,"{""EURUSD"": 107.5999999999988, ""GBPUSD"": 170.20000000000033, ""USDJPY"": 187.6999999999981}"
BASKET,1,2026-03-30T00:00:00+00:00,2026-04-01T00:00:00+00:00,-114.13728028086707,-115.63728028086707,-117.13728028086707,candidate,stop,"{""EURUSD"": -128.0118408426012, ""GBPUSD"": -123.50000000000082, ""USDJPY"": -90.89999999999918}"
BASKET,1,2026-04-01T00:00:00+00:00,2026-04-03T00:00:00+00:00,89.56666666666717,88.06666666666717,86.56666666666717,candidate,friday_flat,"{""EURUSD"": 78.70000000000043, ""GBPUSD"": 102.60000000000157, ""USDJPY"": 87.39999999999952}"
BASKET,1,2026-04-06T00:00:00+00:00,2026-04-08T00:00:00+00:00,-148.53179898838513,-150.03179898838513,-151.53179898838513,candidate,stop,"{""EURUSD"": -125.77126545481931, ""GBPUSD"": -162.98522882424615, ""USDJPY"": -156.8389026860899}"
BASKET,1,2026-04-08T00:00:00+00:00,2026-04-10T00:00:00+00:00,-19.233333333332858,-20.733333333332855,-22.233333333332855,candidate,friday_flat,"{""EURUSD"": -63.99999999999961, ""GBPUSD"": -69.39999999999947, ""USDJPY"": 75.7000000000005}"
BASKET,1,2026-04-13T00:00:00+00:00,2026-04-17T00:00:00+00:00,-53.33962702484211,-54.83962702484211,-56.33962702484211,candidate,stop,"{""EURUSD"": -3.1000000000003247, ""GBPUSD"": -9.399999999999409, ""USDJPY"": -147.51888107452658}"
BASKET,1,2026-04-21T00:00:00+00:00,2026-04-24T00:00:00+00:00,-1.3333333333333641,-2.833333333333364,-4.333333333333364,candidate,friday_flat,"{""EURUSD"": 23.100000000000342, ""GBPUSD"": -26.500000000000412, ""USDJPY"": -0.6000000000000227}"
BASKET,1,2026-04-27T00:00:00+00:00,2026-04-30T00:00:00+00:00,-69.94990581491942,-71.44990581491942,-72.94990581491942,candidate,stop,"{""EURUSD"": -10.300000000000864, ""GBPUSD"": -69.60000000000078, ""USDJPY"": -129.94971744475663}"
BASKET,1,2026-04-30T00:00:00+00:00,2026-05-01T00:00:00+00:00,29.599999999999074,28.099999999999074,26.599999999999074,candidate,friday_flat,"{""EURUSD"": 12.699999999998823, ""GBPUSD"": 33.49999999999964, ""USDJPY"": 42.59999999999877}"
BASKET,1,2026-05-05T00:00:00+00:00,2026-05-06T00:00:00+00:00,-113.52880430973403,-115.02880430973403,-116.52880430973403,candidate,stop,"{""EURUSD"": -103.02591773934999, ""GBPUSD"": -53.7999999999994, ""USDJPY"": -183.7604951898527}"
BASKET,1,2026-05-06T00:00:00+00:00,2026-05-08T00:00:00+00:00,-14.399999999999835,-15.899999999999835,-17.399999999999835,candidate,friday_flat,"{""EURUSD"": -34.49999999999953, ""GBPUSD"": -41.999999999999815, ""USDJPY"": 33.29999999999984}"
BASKET,1,2026-05-12T00:00:00+00:00,2026-05-15T00:00:00+00:00,148.99999999999935,147.49999999999935,145.99999999999935,candidate,friday_flat,"{""EURUSD"": 115.49999999999949, ""GBPUSD"": 214.60000000000034, ""USDJPY"": 116.89999999999827}"
BASKET,1,2026-05-18T00:00:00+00:00,2026-05-22T00:00:00+00:00,29.333333333332916,27.833333333332916,26.333333333332916,candidate,friday_flat,"{""EURUSD"": 52.200000000000024, ""GBPUSD"": 0.2999999999997449, ""USDJPY"": 35.49999999999898}"
BASKET,1,2026-05-25T00:00:00+00:00,2026-05-29T00:00:00+00:00,23.633333333332757,22.133333333332757,20.633333333332757,candidate,friday_flat,"{""EURUSD"": -17.400000000000748, ""GBPUSD"": 52.200000000000024, ""USDJPY"": 36.099999999999}"
BASKET,1,2026-06-02T00:00:00+00:00,2026-06-05T00:00:00+00:00,91.46666666666592,89.96666666666592,88.46666666666592,candidate,friday_flat,"{""EURUSD"": 110.99999999999888, ""GBPUSD"": 123.59999999999926, ""USDJPY"": 39.79999999999961}"
BASKET,1,2026-06-08T00:00:00+00:00,2026-06-12T00:00:00+00:00,-32.566666666667416,-34.066666666667416,-35.566666666667416,candidate,friday_flat,"{""EURUSD"": -33.8000000000016, ""GBPUSD"": -69.20000000000037, ""USDJPY"": 5.299999999999727}"
BASKET,1,2026-06-15T00:00:00+00:00,2026-06-19T00:00:00+00:00,132.49999999999955,130.99999999999955,129.49999999999955,candidate,friday_flat,"{""EURUSD"": 123.59999999999926, ""GBPUSD"": 177.59999999999997, ""USDJPY"": 96.29999999999939}"
BASKET,1,2026-06-22T00:00:00+00:00,2026-06-26T00:00:00+00:00,38.69999999999999,37.19999999999999,35.69999999999999,candidate,friday_flat,"{""EURUSD"": 44.599999999999085, ""GBPUSD"": 52.90000000000017, ""USDJPY"": 18.600000000000705}"
BASKET,1,2026-06-29T00:00:00+00:00,2026-06-30T00:00:00+00:00,20.899999999999935,19.399999999999935,17.899999999999935,candidate,end,"{""EURUSD"": 1.500000000000945, ""GBPUSD"": -1.80000000000069, ""USDJPY"": 62.999999999999545}"
BASKET,1,2018-03-14T00:00:00+00:00,2018-03-16T00:00:00+00:00,22.866666666666546,21.366666666666546,19.866666666666546,control,friday_flat,"{""EURUSD"": 79.10000000000083, ""GBPUSD"": 22.499999999998632, ""USDJPY"": -32.99999999999983}"
BASKET,-1,2018-03-19T00:00:00+00:00,2018-03-20T00:00:00+00:00,-55.00000000000016,-56.50000000000016,-58.00000000000016,control,flat_signal,"{""EURUSD"": -90.60000000000068, ""GBPUSD"": -24.299999999999322, ""USDJPY"": -50.10000000000048}"
BASKET,-1,2018-03-21T00:00:00+00:00,2018-03-23T00:00:00+00:00,46.733333333333256,45.233333333333256,43.733333333333256,control,friday_flat,"{""EURUSD"": 12.900000000000134, ""GBPUSD"": -5.60000000000116, ""USDJPY"": 132.90000000000077}"
BASKET,-1,2018-03-26T00:00:00+00:00,2018-03-28T00:00:00+00:00,-136.44701394235383,-137.94701394235383,-139.44701394235383,control,stop,"{""EURUSD"": -140.0285696352288, ""GBPUSD"": -149.999999999999, ""USDJPY"": -119.31247219183376}"
BASKET,-1,2018-03-28T00:00:00+00:00,2018-03-29T00:00:00+00:00,-7.76666666666618,-9.26666666666618,-10.76666666666618,control,flat_signal,"{""EURUSD"": -7.199999999998319, ""GBPUSD"": -58.700000000000415, ""USDJPY"": 42.60000000000019}"
BASKET,1,2018-04-03T00:00:00+00:00,2018-04-06T00:00:00+00:00,-3.3666666666659553,-4.866666666665956,-6.366666666665956,control,friday_flat,"{""EURUSD"": -10.999999999998789, ""GBPUSD"": -33.199999999999896, ""USDJPY"": 34.10000000000082}"
BASKET,-1,2018-04-09T00:00:00+00:00,2018-04-10T00:00:00+00:00,11.566666666666533,10.066666666666533,8.566666666666533,control,flat_signal,"{""EURUSD"": 35.30000000000033, ""GBPUSD"": 44.599999999999085, ""USDJPY"": -45.19999999999982}"
BASKET,1,2018-04-30T00:00:00+00:00,2018-05-02T00:00:00+00:00,120.46666666666675,118.96666666666675,117.46666666666675,control,flat_signal,"{""EURUSD"": 127.09999999999998, ""GBPUSD"": 183.40000000000023, ""USDJPY"": 50.900000000000034}"
BASKET,1,2018-05-14T00:00:00+00:00,2018-05-18T00:00:00+00:00,117.70000000000034,116.20000000000034,114.70000000000034,control,friday_flat,"{""EURUSD"": 155.70000000000084, ""GBPUSD"": 86.20000000000071, ""USDJPY"": 111.19999999999948}"
BASKET,1,2018-05-21T00:00:00+00:00,2018-05-23T00:00:00+00:00,27.021570445836186,25.521570445836186,24.021570445836186,control,stop,"{""EURUSD"": 96.00000000000053, ""GBPUSD"": 78.29999999999781, ""USDJPY"": -93.23528866248978}"
BASKET,1,2018-05-23T00:00:00+00:00,2018-05-24T00:00:00+00:00,-52.6446662992524,-54.1446662992524,-55.6446662992524,control,stop,"{""EURUSD"": -24.100000000000232, ""GBPUSD"": -34.999999999998366, ""USDJPY"": -98.83399889775859}"
BASKET,1,2018-05-28T00:00:00+00:00,2018-05-29T00:00:00+00:00,15.598239118272991,14.098239118272991,12.598239118272991,control,stop,"{""EURUSD"": 84.69999999999978, ""GBPUSD"": 64.9999999999995, ""USDJPY"": -102.9052826451803}"
BASKET,1,2018-05-29T00:00:00+00:00,2018-05-30T00:00:00+00:00,-52.6551602870473,-54.1551602870473,-55.6551602870473,control,stop,"{""EURUSD"": -132.6654808611427, ""GBPUSD"": -40.29999999999978, ""USDJPY"": 15.000000000000568}"
BASKET,1,2018-06-05T00:00:00+00:00,2018-06-06T00:00:00+00:00,-14.233333333333851,-15.733333333333851,-17.23333333333385,control,flat_signal,"{""EURUSD"": -56.80000000000129, ""GBPUSD"": -26.300000000001322, ""USDJPY"": 40.40000000000106}"
BASKET,1,2018-06-14T00:00:00+00:00,2018-06-15T00:00:00+00:00,-18.266666666666072,-19.766666666666072,-21.266666666666072,control,friday_flat,"{""EURUSD"": -41.10000000000058, ""GBPUSD"": -17.699999999998273, ""USDJPY"": 4.000000000000625}"
BASKET,1,2018-06-18T00:00:00+00:00,2018-06-19T00:00:00+00:00,19.19999999999975,17.69999999999975,16.19999999999975,control,flat_signal,"{""EURUSD"": 34.49999999999953, ""GBPUSD"": 71.99999999999874, ""USDJPY"": -48.89999999999901}"
BASKET,1,2018-06-20T00:00:00+00:00,2018-06-22T00:00:00+00:00,-88.3256975331201,-89.8256975331201,-91.3256975331201,control,stop,"{""EURUSD"": -83.49999999999856, ""GBPUSD"": -143.47709259936224, ""USDJPY"": -37.999999999999545}"
BASKET,-1,2018-06-25T00:00:00+00:00,2018-06-26T00:00:00+00:00,-48.766666666665934,-50.266666666665934,-51.766666666665934,control,flat_signal,"{""EURUSD"": -56.69999999999842, ""GBPUSD"": -62.40000000000023, ""USDJPY"": -27.199999999999136}"
BASKET,1,2018-07-03T00:00:00+00:00,2018-07-06T00:00:00+00:00,-64.83333333333438,-66.33333333333438,-67.83333333333438,control,friday_flat,"{""EURUSD"": -88.50000000000024, ""GBPUSD"": -96.50000000000158, ""USDJPY"": -9.500000000001307}"
BASKET,1,2018-07-09T00:00:00+00:00,2018-07-13T00:00:00+00:00,77.76666666666617,76.26666666666617,74.76666666666617,control,friday_flat,"{""EURUSD"": 63.99999999999961, ""GBPUSD"": 20.099999999998452, ""USDJPY"": 149.20000000000044}"
BASKET,1,2018-07-16T00:00:00+00:00,2018-07-17T00:00:00+00:00,76.73333333333234,75.23333333333234,73.73333333333234,control,flat_signal,"{""EURUSD"": 50.599999999998424, ""GBPUSD"": 120.19999999999919, ""USDJPY"": 59.39999999999941}"
BASKET,1,2018-07-18T00:00:00+00:00,2018-07-20T00:00:00+00:00,-80.47416190294499,-81.97416190294497,-83.47416190294497,control,stop,"{""EURUSD"": -82.9000000000013, ""GBPUSD"": -63.90000000000118, ""USDJPY"": -94.62248570883247}"
BASKET,-1,2018-07-25T00:00:00+00:00,2018-07-26T00:00:00+00:00,-63.500000000000206,-65.00000000000021,-66.50000000000021,control,flat_signal,"{""EURUSD"": -85.70000000000188, ""GBPUSD"": -79.79999999999876, ""USDJPY"": -25.0}"
BASKET,1,2018-08-01T00:00:00+00:00,2018-08-02T00:00:00+00:00,59.90000000000028,58.40000000000028,56.90000000000028,control,flat_signal,"{""EURUSD"": 75.3999999999988, ""GBPUSD"": 110.70000000000135, ""USDJPY"": -6.399999999999295}"
BASKET,1,2018-08-08T00:00:00+00:00,2018-08-09T00:00:00+00:00,50.399999999999444,48.899999999999444,47.399999999999444,control,flat_signal,"{""EURUSD"": 83.10000000000039, ""GBPUSD"": 57.99999999999805, ""USDJPY"": 10.099999999999909}"
BASKET,1,2018-08-16T00:00:00+00:00,2018-08-17T00:00:00+00:00,-47.89999999999947,-49.39999999999947,-50.89999999999947,control,friday_flat,"{""EURUSD"": -62.29999999999958, ""GBPUSD"": -41.49999999999876, ""USDJPY"": -39.90000000000009}"
BASKET,1,2018-08-21T00:00:00+00:00,2018-08-22T00:00:00+00:00,-2.866666666666795,-4.366666666666795,-5.866666666666795,control,flat_signal,"{""EURUSD"": -25.800000000000267, ""GBPUSD"": -10.200000000000209, ""USDJPY"": 27.40000000000009}"
BASKET,1,2018-08-29T00:00:00+00:00,2018-08-30T00:00:00+00:00,-4.999999999999923,-6.499999999999923,-7.999999999999923,control,rebalance,"{""EURUSD"": 36.599999999999966, ""GBPUSD"": 18.800000000001038, ""USDJPY"": -70.40000000000077}"
BASKET,-1,2018-08-30T00:00:00+00:00,2018-08-31T00:00:00+00:00,-43.36666666666721,-44.86666666666721,-46.36666666666721,control,friday_flat,"{""EURUSD"": -67.60000000000099, ""GBPUSD"": -50.60000000000064, ""USDJPY"": -11.899999999999977}"
BASKET,-1,2018-09-03T00:00:00+00:00,2018-09-04T00:00:00+00:00,-27.799999999999603,-29.299999999999603,-30.799999999999603,control,rebalance,"{""EURUSD"": -37.59999999999985, ""GBPUSD"": -13.499999999999623, ""USDJPY"": -32.29999999999933}"
BASKET,1,2018-09-04T00:00:00+00:00,2018-09-05T00:00:00+00:00,-27.13333333333307,-28.63333333333307,-30.13333333333307,control,flat_signal,"{""EURUSD"": -48.500000000000206, ""GBPUSD"": -49.5000000000001, ""USDJPY"": 16.600000000001103}"
BASKET,-1,2018-09-10T00:00:00+00:00,2018-09-12T00:00:00+00:00,12.133333333333416,10.633333333333416,9.133333333333416,control,flat_signal,"{""EURUSD"": 32.2, ""GBPUSD"": 19.299999999999873, ""USDJPY"": -15.099999999999625}"
BASKET,-1,2018-09-18T00:00:00+00:00,2018-09-19T00:00:00+00:00,3.799999999999789,2.299999999999789,0.7999999999997888,control,flat_signal,"{""EURUSD"": 6.999999999999229, ""GBPUSD"": -4.899999999998794, ""USDJPY"": 9.299999999998931}"
BASKET,-1,2018-09-20T00:00:00+00:00,2018-09-21T00:00:00+00:00,-60.53826580068202,-62.03826580068202,-63.53826580068202,control,stop,"{""EURUSD"": -22.800000000000598, ""GBPUSD"": -155.91479740204582, ""USDJPY"": -2.899999999999636}"
BASKET,-1,2018-09-24T00:00:00+00:00,2018-09-27T00:00:00+00:00,-69.46666666666648,-70.96666666666648,-72.46666666666648,control,rebalance,"{""EURUSD"": -106.50000000000048, ""GBPUSD"": -45.89999999999872, ""USDJPY"": -56.00000000000023}"
BASKET,1,2018-09-27T00:00:00+00:00,2018-09-28T00:00:00+00:00,38.133333333333574,36.633333333333574,35.133333333333574,control,friday_flat,"{""EURUSD"": 38.69999999999818, ""GBPUSD"": 44.00000000000181, ""USDJPY"": 31.700000000000728}"
BASKET,1,2018-10-01T00:00:00+00:00,2018-10-02T00:00:00+00:00,23.533333333332546,22.033333333332546,20.533333333332546,control,flat_signal,"{""EURUSD"": 31.799999999999606, ""GBPUSD"": 64.09999999999805, ""USDJPY"": -25.30000000000001}"
BASKET,1,2018-10-03T00:00:00+00:00,2018-10-04T00:00:00+00:00,-68.9903456169348,-70.4903456169348,-71.9903456169348,control,stop,"{""EURUSD"": -36.79999999999905, ""GBPUSD"": -84.50000000000068, ""USDJPY"": -85.67103685080468}"
BASKET,1,2018-10-04T00:00:00+00:00,2018-10-05T00:00:00+00:00,-41.799999999999535,-43.299999999999535,-44.799999999999535,control,friday_flat,"{""EURUSD"": -9.999999999998899, ""GBPUSD"": -94.39999999999893, ""USDJPY"": -21.000000000000796}"
BASKET,1,2018-10-08T00:00:00+00:00,2018-10-10T00:00:00+00:00,-74.65586345495865,-76.15586345495865,-77.65586345495865,control,stop,"{""EURUSD"": -27.500000000000302, ""GBPUSD"": -101.99999999999986, ""USDJPY"": -94.46759036487578}"
BASKET,1,2018-10-17T00:00:00+00:00,2018-10-19T00:00:00+00:00,7.60000000000005,6.10000000000005,4.60000000000005,control,friday_flat,"{""EURUSD"": -14.299999999998203, ""GBPUSD"": 47.59999999999875, ""USDJPY"": -10.500000000000398}"
BASKET,1,2018-10-24T00:00:00+00:00,2018-10-26T00:00:00+00:00,2.7333333333335346,1.2333333333335343,-0.2666666666664656,control,friday_flat,"{""EURUSD"": -10.999999999998789, ""GBPUSD"": 55.899999999999835, ""USDJPY"": -36.70000000000044}"
BASKET,1,2018-10-31T00:00:00+00:00,2018-11-01T00:00:00+00:00,-91.00436028033312,-92.50436028033312,-94.00436028033312,control,stop,"{""EURUSD"": -87.89999999999853, ""GBPUSD"": -157.3130808410017, ""USDJPY"": -27.79999999999916}"
BASKET,1,2018-11-06T00:00:00+00:00,2018-11-07T00:00:00+00:00,-5.899999999999483,-7.399999999999483,-8.899999999999483,control,flat_signal,"{""EURUSD"": 0.5000000000010552, ""GBPUSD"": -24.899999999998812, ""USDJPY"": 6.6999999999993065}"
BASKET,1,2018-11-12T00:00:00+00:00,2018-11-13T00:00:00+00:00,-81.5301385549695,-83.0301385549695,-84.5301385549695,control,stop,"{""EURUSD"": -72.40000000000136, ""GBPUSD"": -168.89041566490846, ""USDJPY"": -3.299999999998704}"
BASKET,1,2018-11-13T00:00:00+00:00,2018-11-14T00:00:00+00:00,-18.633333333333635,-20.133333333333635,-21.633333333333635,control,flat_signal,"{""EURUSD"": -18.199999999999328, ""GBPUSD"": -18.700000000000383, ""USDJPY"": -19.000000000001194}"
BASKET,1,2018-11-20T00:00:00+00:00,2018-11-21T00:00:00+00:00,8.500000000000085,7.000000000000085,5.500000000000085,control,flat_signal,"{""EURUSD"": -14.800000000001479, ""GBPUSD"": 10.600000000000609, ""USDJPY"": 29.700000000001125}"
BASKET,1,2018-11-27T00:00:00+00:00,2018-11-28T00:00:00+00:00,-56.0333333333333,-57.5333333333333,-59.0333333333333,control,rebalance,"{""EURUSD"": -78.49999999999912, ""GBPUSD"": -79.29999999999993, ""USDJPY"": -10.300000000000864}"
BASKET,-1,2018-11-28T00:00:00+00:00,2018-11-29T00:00:00+00:00,3.666666666666915,2.166666666666915,0.6666666666669153,control,rebalance,"{""EURUSD"": 26.600000000001067, ""GBPUSD"": -35.00000000000058, ""USDJPY"": 19.40000000000026}"
BASKET,1,2018-11-29T00:00:00+00:00,2018-11-30T00:00:00+00:00,39.03333333333405,37.53333333333405,36.03333333333405,control,friday_flat,"{""EURUSD"": 77.0000000000004, ""GBPUSD"": 40.800000000000836, ""USDJPY"": -0.6999999999990791}"
BASKET,1,2018-12-03T00:00:00+00:00,2018-12-04T00:00:00+00:00,-22.04662480659447,-23.54662480659447,-25.04662480659447,control,stop,"{""EURUSD"": 11.099999999999444, ""GBPUSD"": 7.099999999999884, ""USDJPY"": -84.33987441978275}"
BASKET,1,2018-12-05T00:00:00+00:00,2018-12-06T00:00:00+00:00,-56.71715778391712,-58.21715778391712,-59.71715778391712,control,stop,"{""EURUSD"": -30.09999999999957, ""GBPUSD"": -50.200000000000244, ""USDJPY"": -89.85147335175157}"
BASKET,1,2018-12-06T00:00:00+00:00,2018-12-07T00:00:00+00:00,10.499999999999599,8.999999999999599,7.4999999999995985,control,friday_flat,"{""EURUSD"": -21.600000000001618, ""GBPUSD"": 51.49999999999988, ""USDJPY"": 1.6000000000005343}"
BASKET,1,2018-12-10T00:00:00+00:00,2018-12-12T00:00:00+00:00,-27.73333333333368,-29.23333333333368,-30.73333333333368,control,flat_signal,"{""EURUSD"": -12.799999999999478, ""GBPUSD"": -65.70000000000186, ""USDJPY"": -4.699999999999704}"
BASKET,1,2018-12-17T00:00:00+00:00,2018-12-20T00:00:00+00:00,-81.54587925361652,-83.04587925361652,-84.54587925361652,control,stop,"{""EURUSD"": -117.78690127440372, ""GBPUSD"": -34.49999999999953, ""USDJPY"": -92.3507364864463}"
BASKET,-1,2018-12-20T00:00:00+00:00,2018-12-21T00:00:00+00:00,-29.633333333332775,-31.133333333332775,-32.63333333333278,control,friday_flat,"{""EURUSD"": -78.70000000000043, ""GBPUSD"": -18.099999999998673, ""USDJPY"": 7.900000000000773}"
BASKET,-1,2018-12-24T00:00:00+00:00,2018-12-26T00:00:00+00:00,-78.91735629887769,-80.41735629887769,-81.91735629887769,control,stop,"{""EURUSD"": -64.4, ""GBPUSD"": -67.0000000000015, ""USDJPY"": -105.35206889663158}"
BASKET,-1,2018-12-26T00:00:00+00:00,2018-12-28T00:00:00+00:00,86.2333333333335,84.7333333333335,83.2333333333335,control,friday_flat,"{""EURUSD"": 87.8000000000001, ""GBPUSD"": 63.40000000000012, ""USDJPY"": 107.50000000000028}"
BASKET,-1,2018-12-31T00:00:00+00:00,2019-01-02T00:00:00+00:00,-60.947832804458606,-62.447832804458606,-63.947832804458606,control,stop,"{""EURUSD"": -117.54349841337496, ""GBPUSD"": -138.59999999999982, ""USDJPY"": 73.29999999999899}"
BASKET,-1,2019-01-02T00:00:00+00:00,2019-01-03T00:00:00+00:00,-1.6102498733197617,-3.1102498733197614,-4.610249873319762,control,stop,"{""EURUSD"": 49.199999999998134, ""GBPUSD"": -174.4307496199582, ""USDJPY"": 120.40000000000077}"
BASKET,-1,2019-01-03T00:00:00+00:00,2019-01-04T00:00:00+00:00,4.400000000000609,2.9000000000006083,1.4000000000006085,control,friday_flat,"{""EURUSD"": 2.60000000000149, ""GBPUSD"": 94.40000000000114, ""USDJPY"": -83.80000000000081}"
BASKET,-1,2019-01-07T00:00:00+00:00,2019-01-11T00:00:00+00:00,20.80000000000067,19.30000000000067,17.80000000000067,control,friday_flat,"{""EURUSD"": -11.299999999998533, ""GBPUSD"": 57.000000000000384, ""USDJPY"": 16.70000000000016}"
BASKET,-1,2019-01-14T00:00:00+00:00,2019-01-15T00:00:00+00:00,-94.46999608162075,-95.96999608162075,-97.46999608162075,control,stop,"{""EURUSD"": -55.39999999999878, ""GBPUSD"": -177.10998824486344, ""USDJPY"": -50.900000000000034}"
BASKET,-1,2019-01-15T00:00:00+00:00,2019-01-18T00:00:00+00:00,-47.36666666666704,-48.86666666666704,-50.36666666666704,control,friday_flat,"{""EURUSD"": -46.90000000000083, ""GBPUSD"": 15.199999999999658, ""USDJPY"": -110.39999999999992}"
BASKET,-1,2019-01-21T00:00:00+00:00,2019-01-24T00:00:00+00:00,37.46666666666636,35.96666666666636,34.46666666666636,control,flat_signal,"{""EURUSD"": -62.60000000000154, ""GBPUSD"": 172.60000000000053, ""USDJPY"": 2.400000000000091}"
BASKET,-1,2019-01-29T00:00:00+00:00,2019-02-01T00:00:00+00:00,8.933333333332824,7.433333333332823,5.933333333332823,control,friday_flat,"{""EURUSD"": 20.899999999999253, ""GBPUSD"": 15.600000000000058, ""USDJPY"": -9.700000000000841}"
BASKET,-1,2019-02-04T00:00:00+00:00,2019-02-06T00:00:00+00:00,-63.53333333333341,-65.0333333333334,-66.5333333333334,control,rebalance,"{""EURUSD"": -74.30000000000047, ""GBPUSD"": -106.59999999999891, ""USDJPY"": -9.700000000000841}"
BASKET,1,2019-02-06T00:00:00+00:00,2019-02-08T00:00:00+00:00,2.5333333333335566,1.0333333333335564,-0.4666666666664436,control,friday_flat,"{""EURUSD"": 39.00000000000014, ""GBPUSD"": -11.399999999999189, ""USDJPY"": -20.000000000000284}"
BASKET,1,2019-02-11T00:00:00+00:00,2019-02-15T00:00:00+00:00,-12.266666666666973,-13.766666666666973,-15.266666666666973,control,friday_flat,"{""EURUSD"": -15.699999999998493, ""GBPUSD"": -28.400000000001757, ""USDJPY"": 7.299999999999329}"
BASKET,1,2019-02-18T00:00:00+00:00,2019-02-19T00:00:00+00:00,-60.15325440888196,-61.653254408881956,-63.153254408881956,control,stop,"{""EURUSD"": -31.29999999999855, ""GBPUSD"": -151.55976322664742, ""USDJPY"": 2.400000000000091}"
BASKET,1,2019-02-19T00:00:00+00:00,2019-02-21T00:00:00+00:00,12.86666666666676,11.36666666666676,9.86666666666676,control,flat_signal,"{""EURUSD"": 6.399999999999739, ""GBPUSD"": 24.100000000000232, ""USDJPY"": 8.100000000000307}"
BASKET,1,2019-02-25T00:00:00+00:00,2019-02-26T00:00:00+00:00,-77.39639068277155,-78.89639068277155,-80.39639068277155,control,stop,"{""EURUSD"": -32.00000000000092, ""GBPUSD"": -151.9891720483124, ""USDJPY"": -48.20000000000135}"
BASKET,1,2019-02-26T00:00:00+00:00,2019-02-27T00:00:00+00:00,1.4666666666665347,-0.033333333333465255,-1.5333333333334653,control,flat_signal,"{""EURUSD"": 19.500000000001183, ""GBPUSD"": -56.600000000002204, ""USDJPY"": 41.500000000000625}"
BASKET,1,2019-03-04T00:00:00+00:00,2019-03-05T00:00:00+00:00,15.733333333334206,14.233333333334206,12.733333333334206,control,flat_signal,"{""EURUSD"": 31.70000000000117, ""GBPUSD"": 1.3000000000018552, ""USDJPY"": 14.19999999999959}"
BASKET,-1,2019-03-11T00:00:00+00:00,2019-03-12T00:00:00+00:00,-47.45066697661855,-48.95066697661855,-50.45066697661855,control,stop,"{""EURUSD"": 39.20000000000145, ""GBPUSD"": -168.75200092985708, ""USDJPY"": -12.800000000000011}"
BASKET,-1,2019-03-18T00:00:00+00:00,2019-03-21T00:00:00+00:00,-34.402606417248315,-35.902606417248315,-37.402606417248315,control,stop,"{""EURUSD"": 37.799999999998946, ""GBPUSD"": -200.1078192517447, ""USDJPY"": 59.10000000000082}"
BASKET,-1,2019-03-21T00:00:00+00:00,2019-03-22T00:00:00+00:00,31.71681245021585,30.21681245021585,28.71681245021585,control,stop,"{""EURUSD"": -92.64956264935175, ""GBPUSD"": 96.19999999999962, ""USDJPY"": 91.59999999999968}"
BASKET,-1,2019-03-25T00:00:00+00:00,2019-03-26T00:00:00+00:00,-31.966666666667365,-33.466666666667365,-34.966666666667365,control,rebalance,"{""EURUSD"": -42.60000000000152, ""GBPUSD"": 10.499999999999954, ""USDJPY"": -63.80000000000052}"
BASKET,1,2019-03-26T00:00:00+00:00,2019-03-29T00:00:00+00:00,83.19999999999972,81.69999999999972,80.19999999999972,control,friday_flat,"{""EURUSD"": 53.29999999999835, ""GBPUSD"": 176.400000000001, ""USDJPY"": 19.899999999999807}"
BASKET,1,2019-04-01T00:00:00+00:00,2019-04-04T00:00:00+00:00,17.300000000000153,15.800000000000153,14.300000000000153,control,rebalance,"{""EURUSD"": -7.399999999999629, ""GBPUSD"": 27.500000000000302, ""USDJPY"": 31.799999999999784}"
BASKET,-1,2019-04-04T00:00:00+00:00,2019-04-05T00:00:00+00:00,-16.56666666666693,-18.06666666666693,-19.56666666666693,control,friday_flat,"{""EURUSD"": -3.8999999999989043, ""GBPUSD"": -41.20000000000123, ""USDJPY"": -4.600000000000648}"
BASKET,1,2019-04-08T00:00:00+00:00,2019-04-09T00:00:00+00:00,-8.10000000000007,-9.60000000000007,-11.10000000000007,control,flat_signal,"{""EURUSD"": -0.0, ""GBPUSD"": 8.900000000000574, ""USDJPY"": -33.200000000000784}"
BASKET,1,2019-04-10T00:00:00+00:00,2019-04-11T00:00:00+00:00,40.56666666666695,39.06666666666695,37.56666666666695,control,flat_signal,"{""EURUSD"": 21.700000000000053, ""GBPUSD"": 35.70000000000073, ""USDJPY"": 64.30000000000007}"
BASKET,1,2019-04-16T00:00:00+00:00,2019-04-18T00:00:00+00:00,35.199999999999555,33.699999999999555,32.199999999999555,control,flat_signal,"{""EURUSD"": 49.399999999999444, ""GBPUSD"": 58.79999999999885, ""USDJPY"": -2.599999999999625}"
BASKET,1,2019-04-22T00:00:00+00:00,2019-04-25T00:00:00+00:00,58.53333333333345,57.03333333333345,55.53333333333345,control,flat_signal,"{""EURUSD"": 124.6999999999998, ""GBPUSD"": 81.99999999999984, ""USDJPY"": -31.099999999999284}"
BASKET,1,2019-04-30T00:00:00+00:00,2019-05-01T00:00:00+00:00,-0.8333333333335524,-2.3333333333335524,-3.8333333333335524,control,flat_signal,"{""EURUSD"": 19.899999999999363, ""GBPUSD"": -17.599999999999838, ""USDJPY"": -4.800000000000182}"
BASKET,1,2019-05-02T00:00:00+00:00,2019-05-03T00:00:00+00:00,-65.21890172964436,-66.71890172964436,-68.21890172964436,control,stop,"{""EURUSD"": -31.200000000000117, ""GBPUSD"": -123.35670518893282, ""USDJPY"": -41.100000000000136}"
BASKET,-1,2019-05-07T00:00:00+00:00,2019-05-08T00:00:00+00:00,-18.466666666666203,-19.966666666666203,-21.466666666666203,control,rebalance,"{""EURUSD"": -0.1999999999990898, ""GBPUSD"": -70.09999999999961, ""USDJPY"": 14.900000000000091}"
BASKET,1,2019-05-08T00:00:00+00:00,2019-05-09T00:00:00+00:00,-19.46666666666612,-20.96666666666612,-22.466666666666118,control,flat_signal,"{""EURUSD"": -22.400000000000198, ""GBPUSD"": -4.499999999998394, ""USDJPY"": -31.499999999999773}"
BASKET,-1,2019-05-14T00:00:00+00:00,2019-05-15T00:00:00+00:00,-20.99999999999955,-22.49999999999955,-23.999999999999556,control,rebalance,"{""EURUSD"": -2.7999999999983594, ""GBPUSD"": -61.40000000000034, ""USDJPY"": 1.2000000000000455}"
BASKET,1,2019-05-15T00:00:00+00:00,2019-05-16T00:00:00+00:00,32.600000000000435,31.100000000000435,29.600000000000435,control,flat_signal,"{""EURUSD"": 26.600000000001067, ""GBPUSD"": 46.39999999999977, ""USDJPY"": 24.800000000000466}"
BASKET,1,2019-05-27T00:00:00+00:00,2019-05-29T00:00:00+00:00,40.09999999999998,38.59999999999998,37.09999999999998,control,flat_signal,"{""EURUSD"": 60.600000000001764, ""GBPUSD"": 52.69999999999886, ""USDJPY"": 6.999999999999318}"
BASKET,1,2019-06-03T00:00:00+00:00,2019-06-07T00:00:00+00:00,-45.73520695165384,-47.23520695165384,-48.73520695165384,control,stop,"{""EURUSD"": -75.30562085495961, ""GBPUSD"": -75.40000000000101, ""USDJPY"": 13.49999999999909}"
BASKET,1,2019-06-10T00:00:00+00:00,2019-06-11T00:00:00+00:00,-15.700000000000506,-17.200000000000504,-18.700000000000504,control,rebalance,"{""EURUSD"": -14.300000000000423, ""GBPUSD"": -40.40000000000043, ""USDJPY"": 7.599999999999341}"
BASKET,-1,2019-06-11T00:00:00+00:00,2019-06-13T00:00:00+00:00,-28.966666666666807,-30.466666666666807,-31.966666666666807,control,flat_signal,"{""EURUSD"": -49.20000000000035, ""GBPUSD"": -50.09999999999959, ""USDJPY"": 12.399999999999523}"
BASKET,-1,2019-06-17T00:00:00+00:00,2019-06-19T00:00:00+00:00,52.53333333333385,51.03333333333385,49.53333333333385,control,flat_signal,"{""EURUSD"": 8.099999999999774, ""GBPUSD"": 105.50000000000058, ""USDJPY"": 44.000000000001194}"
BASKET,-1,2019-06-20T00:00:00+00:00,2019-06-21T00:00:00+00:00,38.99999999999975,37.49999999999975,35.99999999999975,control,friday_flat,"{""EURUSD"": 78.30000000000003, ""GBPUSD"": 42.1999999999989, ""USDJPY"": -3.499999999999659}"
BASKET,-1,2019-06-24T00:00:00+00:00,2019-06-25T00:00:00+00:00,-24.200000000000117,-25.700000000000117,-27.200000000000117,control,flat_signal,"{""EURUSD"": -32.30000000000066, ""GBPUSD"": -51.999999999998714, ""USDJPY"": 11.699999999999022}"
BASKET,1,2019-07-01T00:00:00+00:00,2019-07-03T00:00:00+00:00,-3.2698348920282485,-4.769834892028249,-6.269834892028249,control,stop,"{""EURUSD"": 7.699999999999374, ""GBPUSD"": 66.89999999999863, ""USDJPY"": -84.40950467608275}"
BASKET,-1,2019-07-03T00:00:00+00:00,2019-07-04T00:00:00+00:00,4.400000000000552,2.9000000000005515,1.4000000000005517,control,rebalance,"{""EURUSD"": 7.300000000001194, ""GBPUSD"": 6.099999999999994, ""USDJPY"": -0.19999999999953388}"
BASKET,1,2019-07-04T00:00:00+00:00,2019-07-05T00:00:00+00:00,60.233333333333825,58.733333333333825,57.233333333333825,control,friday_flat,"{""EURUSD"": 59.90000000000162, ""GBPUSD"": 56.30000000000024, ""USDJPY"": 64.4999999999996}"
BASKET,1,2019-07-08T00:00:00+00:00,2019-07-11T00:00:00+00:00,-43.43966038437381,-44.93966038437381,-46.43966038437381,control,stop,"{""EURUSD"": -38.999999999997925, ""GBPUSD"": -8.60000000000083, ""USDJPY"": -82.71898115312268}"
BASKET,1,2019-07-11T00:00:00+00:00,2019-07-12T00:00:00+00:00,-43.333333333333535,-44.833333333333535,-46.333333333333535,control,friday_flat,"{""EURUSD"": -16.700000000000603, ""GBPUSD"": -53.300000000000566, ""USDJPY"": -59.99999999999943}"
BASKET,-1,2019-07-15T00:00:00+00:00,2019-07-16T00:00:00+00:00,-62.783206858394266,-64.28320685839427,-65.78320685839427,control,stop,"{""EURUSD"": -47.399999999999665, ""GBPUSD"": -107.74962057518377, ""USDJPY"": -33.19999999999936}"
BASKET,1,2019-07-16T00:00:00+00:00,2019-07-18T00:00:00+00:00,-87.36537273441958,-88.86537273441958,-90.36537273441958,control,stop,"{""EURUSD"": -66.2000000000007, ""GBPUSD"": -113.36036196267106, ""USDJPY"": -82.53575624058698}"
BASKET,1,2019-07-18T00:00:00+00:00,2019-07-19T00:00:00+00:00,47.266666666666765,45.766666666666765,44.266666666666765,control,friday_flat,"{""EURUSD"": 57.10000000000104, ""GBPUSD"": 43.999999999999595, ""USDJPY"": 40.69999999999965}"
BASKET,1,2019-07-22T00:00:00+00:00,2019-07-23T00:00:00+00:00,43.56666666666671,42.06666666666671,40.56666666666671,control,flat_signal,"{""EURUSD"": 57.70000000000053, ""GBPUSD"": 37.4999999999992, ""USDJPY"": 35.5000000000004}"
BASKET,1,2019-08-01T00:00:00+00:00,2019-08-02T00:00:00+00:00,-40.133333333332935,-41.633333333332935,-43.133333333332935,control,friday_flat,"{""EURUSD"": -20.299999999999763, ""GBPUSD"": -26.299999999999102, ""USDJPY"": -73.79999999999995}"
BASKET,1,2019-08-05T00:00:00+00:00,2019-08-06T00:00:00+00:00,11.300000000000368,9.800000000000368,8.300000000000368,control,flat_signal,"{""EURUSD"": 5.300000000001415, ""GBPUSD"": -24.200000000000887, ""USDJPY"": 52.80000000000058}"
BASKET,1,2019-08-12T00:00:00+00:00,2019-08-14T00:00:00+00:00,52.333333333333485,50.833333333333485,49.333333333333485,control,flat_signal,"{""EURUSD"": 75.40000000000101, ""GBPUSD"": 20.599999999999508, ""USDJPY"": 60.99999999999994}"
BASKET,1,2019-08-19T00:00:00+00:00,2019-08-22T00:00:00+00:00,-49.82118840707468,-51.32118840707468,-52.82118840707468,control,stop,"{""EURUSD"": -2.100000000000435, ""GBPUSD"": -128.1635652212243, ""USDJPY"": -19.199999999999307}"
BASKET,1,2019-08-22T00:00:00+00:00,2019-08-23T00:00:00+00:00,-66.70483180262086,-68.20483180262086,-69.70483180262086,control,stop,"{""EURUSD"": -58.700000000000415, ""GBPUSD"": -31.399999999999206, ""USDJPY"": -110.01449540786297}"
BASKET,-1,2019-08-26T00:00:00+00:00,2019-08-30T00:00:00+00:00,-51.63585621297963,-53.13585621297963,-54.63585621297963,control,stop,"{""EURUSD"": -86.90756863893867, ""GBPUSD"": -54.6000000000002, ""USDJPY"": -13.400000000000034}"
BASKET,1,2019-09-02T00:00:00+00:00,2019-09-04T00:00:00+00:00,-63.67403666222963,-65.17403666222962,-66.67403666222962,control,stop,"{""EURUSD"": -65.20000000000081, ""GBPUSD"": -142.9221099866873, ""USDJPY"": 17.099999999999227}"
BASKET,1,2019-09-04T00:00:00+00:00,2019-09-06T00:00:00+00:00,9.733333333334274,8.233333333334274,6.733333333334275,control,friday_flat,"{""EURUSD"": 10.300000000000864, ""GBPUSD"": -32.999999999998586, ""USDJPY"": 51.900000000000546}"
BASKET,1,2019-09-09T00:00:00+00:00,2019-09-10T00:00:00+00:00,8.833333333333767,7.3333333333337665,5.8333333333337665,control,rebalance,"{""EURUSD"": 4.500000000000615, ""GBPUSD"": -8.399999999999519, ""USDJPY"": 30.400000000000205}"
BASKET,-1,2019-09-10T00:00:00+00:00,2019-09-11T00:00:00+00:00,-28.06666666666615,-29.56666666666615,-31.06666666666615,control,rebalance,"{""EURUSD"": -32.999999999998586, ""GBPUSD"": -24.299999999999322, ""USDJPY"": -26.900000000000546}"
BASKET,1,2019-09-11T00:00:00+00:00,2019-09-12T00:00:00+00:00,-10.233333333333198,-11.733333333333198,-13.233333333333198,control,flat_signal,"{""EURUSD"": -54.09999999999915, ""GBPUSD"": -5.1000000000001044, ""USDJPY"": 28.49999999999966}"
BASKET,-1,2019-09-17T00:00:00+00:00,2019-09-20T00:00:00+00:00,-9.633333333334301,-11.1333333333343,-12.6333333333343,control,friday_flat,"{""EURUSD"": -53.800000000001624, ""GBPUSD"": -31.000000000001027, ""USDJPY"": 55.89999999999975}"
BASKET,1,2019-09-23T00:00:00+00:00,2019-09-27T00:00:00+00:00,77.53333333333423,76.03333333333423,74.53333333333423,control,friday_flat,"{""EURUSD"": 51.40000000000144, ""GBPUSD"": 142.2000000000012, ""USDJPY"": 39.00000000000006}"
BASKET,1,2019-10-02T00:00:00+00:00,2019-10-04T00:00:00+00:00,-26.59999999999988,-28.09999999999988,-29.59999999999988,control,friday_flat,"{""EURUSD"": -18.199999999999328, ""GBPUSD"": -34.000000000000696, ""USDJPY"": -27.599999999999625}"
BASKET,1,2019-10-08T00:00:00+00:00,2019-10-10T00:00:00+00:00,-37.272975194636054,-38.772975194636054,-40.272975194636054,control,stop,"{""EURUSD"": -49.000000000001265, ""GBPUSD"": -151.21892558390692, ""USDJPY"": 88.40000000000003}"
BASKET,-1,2019-10-10T00:00:00+00:00,2019-10-11T00:00:00+00:00,65.5999999999997,64.0999999999997,62.5999999999997,control,friday_flat,"{""EURUSD"": 30.999999999998806, ""GBPUSD"": 212.20000000000016, ""USDJPY"": -46.399999999999864}"
BASKET,-1,2019-10-30T00:00:00+00:00,2019-11-01T00:00:00+00:00,38.633333333332615,37.133333333332615,35.633333333332615,control,friday_flat,"{""EURUSD"": 13.199999999999878, ""GBPUSD"": 34.29999999999822, ""USDJPY"": 68.39999999999975}"
BASKET,-1,2019-11-04T00:00:00+00:00,2019-11-07T00:00:00+00:00,-73.95323219687529,-75.45323219687529,-76.95323219687529,control,stop,"{""EURUSD"": -78.49287489422929, ""GBPUSD"": -63.80000000000052, ""USDJPY"": -79.56682169639606}"
BASKET,-1,2019-11-07T00:00:00+00:00,2019-11-08T00:00:00+00:00,-22.23333333333294,-23.73333333333294,-25.23333333333294,control,friday_flat,"{""EURUSD"": -30.799999999999716, ""GBPUSD"": -41.999999999999815, ""USDJPY"": 6.100000000000705}"
BASKET,-1,2019-11-11T00:00:00+00:00,2019-11-13T00:00:00+00:00,-2.8333333333325625,-4.333333333332562,-5.833333333332562,control,rebalance,"{""EURUSD"": -26.999999999999247, ""GBPUSD"": -4.299999999999304, ""USDJPY"": 22.800000000000864}"
BASKET,1,2019-11-13T00:00:00+00:00,2019-11-15T00:00:00+00:00,-33.56666666666657,-35.06666666666657,-36.56666666666657,control,friday_flat,"{""EURUSD"": -46.200000000000685, ""GBPUSD"": -50.39999999999933, ""USDJPY"": -4.099999999999682}"
BASKET,1,2019-11-18T00:00:00+00:00,2019-11-21T00:00:00+00:00,17.933333333333046,16.433333333333046,14.933333333333046,control,rebalance,"{""EURUSD"": 13.700000000000934, ""GBPUSD"": 45.999999999999375, ""USDJPY"": -5.900000000001171}"
BASKET,-1,2019-11-21T00:00:00+00:00,2019-11-22T00:00:00+00:00,-39.96666666666645,-41.46666666666645,-42.96666666666645,control,friday_flat,"{""EURUSD"": -39.89999999999938, ""GBPUSD"": -77.59999999999988, ""USDJPY"": -2.400000000000091}"
BASKET,1,2019-11-25T00:00:00+00:00,2019-11-27T00:00:00+00:00,18.33333333333321,16.83333333333321,15.33333333333321,control,flat_signal,"{""EURUSD"": 13.699999999998713, ""GBPUSD"": -20.799999999998597, ""USDJPY"": 62.09999999999951}"
BASKET,1,2019-12-02T00:00:00+00:00,2019-12-03T00:00:00+00:00,-29.799999999999827,-31.299999999999827,-32.79999999999983,control,rebalance,"{""EURUSD"": -2.500000000000835, ""GBPUSD"": -53.099999999999255, ""USDJPY"": -33.799999999999386}"
BASKET,-1,2019-12-03T00:00:00+00:00,2019-12-04T00:00:00+00:00,28.766666666666357,27.266666666666357,25.766666666666357,control,flat_signal,"{""EURUSD"": -3.4000000000000696, ""GBPUSD"": 111.69999999999902, ""USDJPY"": -21.999999999999886}"
BASKET,-1,2019-12-09T00:00:00+00:00,2019-12-12T00:00:00+00:00,6.1885028329901255,4.6885028329901255,3.188502832990126,control,stop,"{""EURUSD"": 65.10000000000015, ""GBPUSD"": 22.599999999999287, ""USDJPY"": -69.13449150102906}"
BASKET,-1,2019-12-12T00:00:00+00:00,2019-12-13T00:00:00+00:00,51.50000000000074,50.00000000000074,48.50000000000074,control,friday_flat,"{""EURUSD"": -11.299999999998533, ""GBPUSD"": 172.60000000000053, ""USDJPY"": -6.799999999999784}"
BASKET,-1,2019-12-18T00:00:00+00:00,2019-12-20T00:00:00+00:00,-34.53333333333296,-36.03333333333296,-37.53333333333296,control,friday_flat,"{""EURUSD"": -37.59999999999985, ""GBPUSD"": -76.09999999999894, ""USDJPY"": 10.099999999999909}"
BASKET,-1,2019-12-24T00:00:00+00:00,2019-12-27T00:00:00+00:00,69.36666666666719,67.86666666666719,66.36666666666719,control,friday_flat,"{""EURUSD"": 90.90000000000042, ""GBPUSD"": 127.60000000000105, ""USDJPY"": -10.39999999999992}"
BASKET,-1,2019-12-30T00:00:00+00:00,2020-01-03T00:00:00+00:00,-10.312011647091552,-11.812011647091552,-13.312011647091552,control,stop,"{""EURUSD"": -70.73603494127667, ""GBPUSD"": -37.39999999999854, ""USDJPY"": 77.20000000000056}"
BASKET,1,2020-01-08T00:00:00+00:00,2020-01-10T00:00:00+00:00,17.966666666666775,16.466666666666775,14.966666666666775,control,friday_flat,"{""EURUSD"": -15.899999999999803, ""GBPUSD"": 30.09999999999957, ""USDJPY"": 39.70000000000056}"
BASKET,1,2020-01-15T00:00:00+00:00,2020-01-17T00:00:00+00:00,38.333333333333464,36.833333333333464,35.333333333333464,control,friday_flat,"{""EURUSD"": 60.19999999999914, ""GBPUSD"": 27.900000000000702, ""USDJPY"": 26.900000000000546}"
BASKET,-1,2020-01-22T00:00:00+00:00,2020-01-23T00:00:00+00:00,-7.066666666666184,-8.566666666666185,-10.066666666666185,control,flat_signal,"{""EURUSD"": -37.799999999998946, ""GBPUSD"": -18.299999999999983, ""USDJPY"": 34.900000000000375}"
BASKET,1,2020-01-29T00:00:00+00:00,2020-01-31T00:00:00+00:00,-87.9437169592802,-89.44371695928021,-90.94371695928021,control,stop,"{""EURUSD"": -63.95679840462076, ""GBPUSD"": -134.1652114258629, ""USDJPY"": -65.70914104735692}"
BASKET,1,2020-02-03T00:00:00+00:00,2020-02-05T00:00:00+00:00,56.09999999999976,54.59999999999976,53.09999999999976,control,flat_signal,"{""EURUSD"": 60.40000000000045, ""GBPUSD"": -6.900000000000794, ""USDJPY"": 114.79999999999961}"
BASKET,1,2020-02-10T00:00:00+00:00,2020-02-13T00:00:00+00:00,-25.054534911138344,-26.554534911138344,-28.054534911138344,control,stop,"{""EURUSD"": 69.70000000000142, ""GBPUSD"": -149.26360473341614, ""USDJPY"": 4.399999999999693}"
BASKET,1,2020-02-13T00:00:00+00:00,2020-02-14T00:00:00+00:00,0.16666666666630783,-1.333333333333692,-2.8333333333336923,control,friday_flat,"{""EURUSD"": 10.699999999999044, ""GBPUSD"": -5.9000000000009045, ""USDJPY"": -4.299999999999216}"
BASKET,1,2020-02-17T00:00:00+00:00,2020-02-21T00:00:00+00:00,68.0000000000001,66.5000000000001,65.0000000000001,control,friday_flat,"{""EURUSD"": -12.799999999999478, ""GBPUSD"": 47.29999999999901, ""USDJPY"": 169.50000000000074}"
BASKET,1,2020-02-24T00:00:00+00:00,2020-02-27T00:00:00+00:00,-40.093714466511024,-41.593714466511024,-43.093714466511024,control,stop,"{""EURUSD"": -71.38550417266742, ""GBPUSD"": 44.49999999999843, ""USDJPY"": -93.39563922686409}"
BASKET,1,2020-02-27T00:00:00+00:00,2020-02-28T00:00:00+00:00,-22.50208568773274,-24.00208568773274,-25.50208568773274,control,stop,"{""EURUSD"": -29.50000000000008, ""GBPUSD"": 62.60000000000154, ""USDJPY"": -100.60625706319968}"
BASKET,1,2020-03-02T00:00:00+00:00,2020-03-03T00:00:00+00:00,-72.55809089061295,-74.05809089061295,-75.55809089061295,control,stop,"{""EURUSD"": -37.799999999998946, ""GBPUSD"": -58.499999999999105, ""USDJPY"": -121.3742726718408}"
BASKET,-1,2020-03-03T00:00:00+00:00,2020-03-06T00:00:00+00:00,176.93333333333408,175.43333333333408,173.93333333333408,control,friday_flat,"{""EURUSD"": 119.10000000000086, ""GBPUSD"": 233.80000000000177, ""USDJPY"": 177.89999999999964}"
BASKET,-1,2020-03-09T00:00:00+00:00,2020-03-10T00:00:00+00:00,-157.08046795020397,-158.58046795020397,-160.08046795020397,control,stop,"{""EURUSD"": -132.50655944320843, ""GBPUSD"": -160.4263260572636, ""USDJPY"": -178.30851835013988}"
BASKET,-1,2020-03-10T00:00:00+00:00,2020-03-12T00:00:00+00:00,-92.52446455966918,-94.02446455966918,-95.52446455966918,control,stop,"{""EURUSD"": -142.65966234012106, ""GBPUSD"": -176.5137313388876, ""USDJPY"": 41.6000000000011}"
BASKET,1,2020-03-18T00:00:00+00:00,2020-03-19T00:00:00+00:00,216.4999999999998,214.9999999999998,213.4999999999998,control,flat_signal,"{""EURUSD"": 252.69999999999902, ""GBPUSD"": 115.00000000000065, ""USDJPY"": 281.7999999999998}"
BASKET,1,2020-03-24T00:00:00+00:00,2020-03-26T00:00:00+00:00,-262.710376622563,-264.210376622563,-265.710376622563,control,stop,"{""EURUSD"": -231.34001713256856, ""GBPUSD"": -368.4911127351209, ""USDJPY"": -188.29999999999956}"
BASKET,1,2020-03-26T00:00:00+00:00,2020-03-27T00:00:00+00:00,-192.23333333333323,-193.73333333333323,-195.23333333333323,control,friday_flat,"{""EURUSD"": -113.99999999999854, ""GBPUSD"": -319.7000000000005, ""USDJPY"": -143.00000000000068}"
BASKET,1,2020-03-31T00:00:00+00:00,2020-04-03T00:00:00+00:00,155.4666666666672,153.9666666666672,152.4666666666672,control,friday_flat,"{""EURUSD"": 222.20000000000127, ""GBPUSD"": 147.1, ""USDJPY"": 97.10000000000036}"
BASKET,1,2020-04-07T00:00:00+00:00,2020-04-10T00:00:00+00:00,-60.1333333333329,-61.6333333333329,-63.1333333333329,control,friday_flat,"{""EURUSD"": -44.299999999999336, ""GBPUSD"": -104.40000000000005, ""USDJPY"": -31.699999999999307}"
BASKET,-1,2020-04-14T00:00:00+00:00,2020-04-15T00:00:00+00:00,-69.29999999999963,-70.79999999999963,-72.29999999999963,control,flat_signal,"{""EURUSD"": -73.19999999999993, ""GBPUSD"": -112.79999999999956, ""USDJPY"": -21.89999999999941}"
BASKET,-1,2020-06-22T00:00:00+00:00,2020-06-23T00:00:00+00:00,45.90000000000064,44.40000000000064,42.90000000000064,control,flat_signal,"{""EURUSD"": 48.10000000000203, ""GBPUSD"": 51.49999999999988, ""USDJPY"": 38.10000000000002}"
BASKET,-1,2020-06-30T00:00:00+00:00,2020-07-01T00:00:00+00:00,45.6333333333338,44.1333333333338,42.6333333333338,control,flat_signal,"{""EURUSD"": 17.100000000001003, ""GBPUSD"": 73.90000000000008, ""USDJPY"": 45.90000000000032}"
BASKET,1,2020-07-06T00:00:00+00:00,2020-07-08T00:00:00+00:00,-48.50000000000026,-50.00000000000026,-51.50000000000026,control,flat_signal,"{""EURUSD"": -20.700000000000163, ""GBPUSD"": -117.40000000000083, ""USDJPY"": -7.399999999999807}"
BASKET,-1,2020-07-14T00:00:00+00:00,2020-07-17T00:00:00+00:00,20.99999999999923,19.49999999999923,17.99999999999923,control,friday_flat,"{""EURUSD"": 26.49999999999819, ""GBPUSD"": 15.000000000000568, ""USDJPY"": 21.49999999999892}"
BASKET,-1,2020-07-20T00:00:00+00:00,2020-07-22T00:00:00+00:00,68.06666666666631,66.56666666666631,65.06666666666631,control,flat_signal,"{""EURUSD"": 122.29999999999963, ""GBPUSD"": 72.09999999999938, ""USDJPY"": 9.799999999999898}"
BASKET,-1,2020-07-29T00:00:00+00:00,2020-07-31T00:00:00+00:00,-8.636390523734834,-10.136390523734834,-11.636390523734832,control,stop,"{""EURUSD"": -19.299999999999873, ""GBPUSD"": 87.3999999999997, ""USDJPY"": -94.00917157120432}"
BASKET,-1,2020-08-03T00:00:00+00:00,2020-08-06T00:00:00+00:00,74.1333333333331,72.6333333333331,71.1333333333331,control,flat_signal,"{""EURUSD"": 114.4999999999996, ""GBPUSD"": 67.80000000000008, ""USDJPY"": 40.099999999999625}"
BASKET,-1,2020-08-17T00:00:00+00:00,2020-08-19T00:00:00+00:00,-15.833333333333409,-17.33333333333341,-18.83333333333341,control,flat_signal,"{""EURUSD"": -31.29999999999855, ""GBPUSD"": -6.300000000001305, ""USDJPY"": -9.900000000000375}"
BASKET,-1,2020-08-25T00:00:00+00:00,2020-08-26T00:00:00+00:00,31.20000000000029,29.70000000000029,28.20000000000029,control,flat_signal,"{""EURUSD"": -4.500000000000615, ""GBPUSD"": 58.100000000000925, ""USDJPY"": 40.00000000000057}"
BASKET,-1,2020-08-31T00:00:00+00:00,2020-09-02T00:00:00+00:00,-42.26666666666696,-43.76666666666696,-45.26666666666696,control,flat_signal,"{""EURUSD"": -81.40000000000036, ""GBPUSD"": -17.199999999999438, ""USDJPY"": -28.20000000000107}"
BASKET,-1,2020-09-03T00:00:00+00:00,2020-09-04T00:00:00+00:00,-6.89999999999887,-8.39999999999887,-9.89999999999887,control,friday_flat,"{""EURUSD"": -11.799999999999589, ""GBPUSD"": -3.7999999999982492, ""USDJPY"": -5.099999999998772}"
BASKET,1,2020-09-14T00:00:00+00:00,2020-09-15T00:00:00+00:00,-17.666666666666497,-19.166666666666497,-20.666666666666497,control,flat_signal,"{""EURUSD"": 18.100000000000893, ""GBPUSD"": -42.599999999999305, ""USDJPY"": -28.50000000000108}"
BASKET,1,2020-09-22T00:00:00+00:00,2020-09-23T00:00:00+00:00,33.93333333333359,32.43333333333359,30.933333333333593,control,flat_signal,"{""EURUSD"": 48.200000000000465, ""GBPUSD"": 7.600000000000939, ""USDJPY"": 45.999999999999375}"
BASKET,1,2020-09-29T00:00:00+00:00,2020-09-30T00:00:00+00:00,-18.833333333332547,-20.333333333332547,-21.833333333332547,control,flat_signal,"{""EURUSD"": 21.600000000001618, ""GBPUSD"": -57.79999999999896, ""USDJPY"": -20.300000000000296}"
BASKET,1,2020-10-05T00:00:00+00:00,2020-10-07T00:00:00+00:00,34.89999999999969,33.39999999999969,31.899999999999693,control,flat_signal,"{""EURUSD"": 19.700000000000273, ""GBPUSD"": 61.99999999999983, ""USDJPY"": 22.999999999998977}"
BASKET,-1,2020-10-08T00:00:00+00:00,2020-10-09T00:00:00+00:00,74.49999999999966,72.99999999999966,71.49999999999966,control,friday_flat,"{""EURUSD"": 71.0999999999995, ""GBPUSD"": 112.69999999999891, ""USDJPY"": 39.70000000000056}"
BASKET,-1,2020-10-12T00:00:00+00:00,2020-10-13T00:00:00+00:00,-69.26666666666647,-70.76666666666647,-72.26666666666647,control,rebalance,"{""EURUSD"": -67.39999999999968, ""GBPUSD"": -127.20000000000064, ""USDJPY"": -13.19999999999908}"
BASKET,1,2020-10-13T00:00:00+00:00,2020-10-14T00:00:00+00:00,-35.933333333333074,-37.433333333333074,-38.933333333333074,control,flat_signal,"{""EURUSD"": -0.5999999999994898, ""GBPUSD"": -76.6, ""USDJPY"": -30.59999999999974}"
BASKET,1,2020-10-15T00:00:00+00:00,2020-10-16T00:00:00+00:00,-5.299999999999905,-6.799999999999905,-8.299999999999905,control,friday_flat,"{""EURUSD"": -8.699999999999264, ""GBPUSD"": -4.8000000000003595, ""USDJPY"": -2.400000000000091}"
BASKET,-1,2020-10-20T00:00:00+00:00,2020-10-23T00:00:00+00:00,71.26666666666654,69.76666666666654,68.26666666666654,control,friday_flat,"{""EURUSD"": 38.7000000000004, ""GBPUSD"": 96.7999999999991, ""USDJPY"": 78.30000000000013}"
BASKET,-1,2020-10-27T00:00:00+00:00,2020-10-28T00:00:00+00:00,-27.96666666666727,-29.46666666666727,-30.96666666666727,control,flat_signal,"{""EURUSD"": -41.90000000000138, ""GBPUSD"": -57.899999999999615, ""USDJPY"": 15.899999999999181}"
BASKET,-1,2020-10-29T00:00:00+00:00,2020-10-30T00:00:00+00:00,-3.3666666666663403,-4.86666666666634,-6.36666666666634,control,friday_flat,"{""EURUSD"": -27.800000000000047, ""GBPUSD"": 24.600000000001288, ""USDJPY"": -6.9000000000002615}"
BASKET,-1,2020-11-03T00:00:00+00:00,2020-11-04T00:00:00+00:00,-84.35240982647402,-85.85240982647402,-87.35240982647402,control,stop,"{""EURUSD"": -106.93255781835775, ""GBPUSD"": -71.60000000000055, ""USDJPY"": -74.52467166106373}"
BASKET,-1,2020-11-05T00:00:00+00:00,2020-11-06T00:00:00+00:00,19.966666666667294,18.466666666667294,16.966666666667294,control,friday_flat,"{""EURUSD"": 47.900000000000716, ""GBPUSD"": 2.300000000001745, ""USDJPY"": 9.69999999999942}"
BASKET,-1,2020-11-09T00:00:00+00:00,2020-11-13T00:00:00+00:00,43.09999999999997,41.59999999999997,40.09999999999997,control,friday_flat,"{""EURUSD"": 19.899999999999363, ""GBPUSD"": 35.00000000000058, ""USDJPY"": 74.39999999999998}"
BASKET,-1,2020-11-16T00:00:00+00:00,2020-11-17T00:00:00+00:00,31.8333333333336,30.3333333333336,28.8333333333336,control,flat_signal,"{""EURUSD"": 8.900000000000574, ""GBPUSD"": 48.500000000000206, ""USDJPY"": 38.10000000000002}"
BASKET,-1,2020-11-23T00:00:00+00:00,2020-11-25T00:00:00+00:00,46.999999999999595,45.499999999999595,43.999999999999595,control,flat_signal,"{""EURUSD"": 75.7999999999992, ""GBPUSD"": 61.59999999999943, ""USDJPY"": 3.6000000000001364}"
BASKET,-1,2020-11-30T00:00:00+00:00,2020-12-02T00:00:00+00:00,73.5999999999998,72.0999999999998,70.5999999999998,control,flat_signal,"{""EURUSD"": 187.99999999999926, ""GBPUSD"": 42.10000000000047, ""USDJPY"": -9.300000000000352}"
BASKET,-1,2020-12-08T00:00:00+00:00,2020-12-10T00:00:00+00:00,-12.500000000000208,-14.000000000000208,-15.500000000000208,control,flat_signal,"{""EURUSD"": 37.59999999999985, ""GBPUSD"": -66.6000000000011, ""USDJPY"": -8.499999999999375}"
BASKET,-1,2020-12-14T00:00:00+00:00,2020-12-18T00:00:00+00:00,117.23333333333278,115.73333333333278,114.23333333333278,control,friday_flat,"{""EURUSD"": 110.99999999999888, ""GBPUSD"": 168.80000000000004, ""USDJPY"": 71.89999999999941}"
BASKET,-1,2020-12-21T00:00:00+00:00,2020-12-24T00:00:00+00:00,-8.000000000000098,-9.500000000000098,-11.000000000000094,control,flat_signal,"{""EURUSD"": -61.59999999999943, ""GBPUSD"": 72.79999999999953, ""USDJPY"": -35.20000000000039}"
BASKET,-1,2020-12-28T00:00:00+00:00,2020-12-29T00:00:00+00:00,34.13333333333372,32.63333333333372,31.133333333333713,control,flat_signal,"{""EURUSD"": 32.2, ""GBPUSD"": 49.20000000000035, ""USDJPY"": 21.000000000000796}"
BASKET,-1,2020-12-30T00:00:00+00:00,2021-01-07T00:00:00+00:00,-54.088300109229216,-55.588300109229216,-57.088300109229216,control,stop,"{""EURUSD"": -25.100000000000122, ""GBPUSD"": -61.20000000000125, ""USDJPY"": -75.96490032768628}"
BASKET,-1,2021-01-07T00:00:00+00:00,2021-01-08T00:00:00+00:00,-22.766666666666396,-24.266666666666396,-25.766666666666396,control,friday_flat,"{""EURUSD"": -49.20000000000035, ""GBPUSD"": -1.8999999999991246, ""USDJPY"": -17.199999999999704}"
BASKET,-1,2021-01-13T00:00:00+00:00,2021-01-14T00:00:00+00:00,19.16666666666596,17.66666666666596,16.16666666666596,control,flat_signal,"{""EURUSD"": -2.80000000000058, ""GBPUSD"": 52.39999999999911, ""USDJPY"": 7.899999999999352}"
BASKET,-1,2021-01-20T00:00:00+00:00,2021-01-21T00:00:00+00:00,47.86666666666619,46.36666666666619,44.86666666666619,control,flat_signal,"{""EURUSD"": 59.39999999999834, ""GBPUSD"": 80.00000000000007, ""USDJPY"": 4.200000000000159}"
BASKET,-1,2021-01-25T00:00:00+00:00,2021-01-26T00:00:00+00:00,30.66666666666782,29.16666666666782,27.66666666666782,control,flat_signal,"{""EURUSD"": 17.900000000001803, ""GBPUSD"": 61.60000000000165, ""USDJPY"": 12.5}"
BASKET,1,2021-01-27T00:00:00+00:00,2021-01-29T00:00:00+00:00,8.233333333333803,6.733333333333803,5.233333333333803,control,friday_flat,"{""EURUSD"": -25.699999999999612, ""GBPUSD"": -12.799999999999478, ""USDJPY"": 63.2000000000005}"
BASKET,1,2021-02-01T00:00:00+00:00,2021-02-02T00:00:00+00:00,4.700000000000237,3.2000000000002373,1.7000000000002373,control,flat_signal,"{""EURUSD"": 16.599999999999948, ""GBPUSD"": -7.099999999999884, ""USDJPY"": 4.600000000000648}"
BASKET,1,2021-02-03T00:00:00+00:00,2021-02-05T00:00:00+00:00,-23.86666666666593,-25.36666666666593,-26.86666666666593,control,friday_flat,"{""EURUSD"": -14.099999999999113, ""GBPUSD"": -92.79999999999954, ""USDJPY"": 35.300000000000864}"
BASKET,1,2021-02-08T00:00:00+00:00,2021-02-09T00:00:00+00:00,-72.02601044550984,-73.52601044550984,-75.02601044550984,control,stop,"{""EURUSD"": -68.09999999999982, ""GBPUSD"": -77.49999999999923, ""USDJPY"": -70.47803133653048}"
BASKET,1,2021-02-17T00:00:00+00:00,2021-02-19T00:00:00+00:00,-94.18861007145439,-95.68861007145439,-97.18861007145439,control,stop,"{""EURUSD"": -99.15791814779418, ""GBPUSD"": -139.40791206656922, ""USDJPY"": -43.99999999999977}"
BASKET,-1,2021-02-22T00:00:00+00:00,2021-02-23T00:00:00+00:00,9.599999999999978,8.099999999999978,6.599999999999977,control,flat_signal,"{""EURUSD"": -6.099999999999994, ""GBPUSD"": 51.79999999999962, ""USDJPY"": -16.899999999999693}"
BASKET,-1,2021-03-02T00:00:00+00:00,2021-03-03T00:00:00+00:00,-20.500000000000394,-22.000000000000394,-23.500000000000394,control,flat_signal,"{""EURUSD"": -26.600000000001067, ""GBPUSD"": -3.1000000000003247, ""USDJPY"": -31.799999999999784}"
BASKET,1,2021-03-04T00:00:00+00:00,2021-03-05T00:00:00+00:00,54.33333333333371,52.83333333333371,51.33333333333371,control,friday_flat,"{""EURUSD"": 57.40000000000078, ""GBPUSD"": 64.69999999999976, ""USDJPY"": 40.9000000000006}"
BASKET,1,2021-03-08T00:00:00+00:00,2021-03-09T00:00:00+00:00,-53.26666666666631,-54.76666666666631,-56.26666666666631,control,flat_signal,"{""EURUSD"": -54.09999999999915, ""GBPUSD"": -66.8000000000002, ""USDJPY"": -38.89999999999958}"
BASKET,1,2021-03-10T00:00:00+00:00,2021-03-12T00:00:00+00:00,18.866666666667253,17.366666666667253,15.866666666667252,control,friday_flat,"{""EURUSD"": -23.500000000000743, ""GBPUSD"": 14.600000000002389, ""USDJPY"": 65.50000000000011}"
BASKET,1,2021-03-15T00:00:00+00:00,2021-03-19T00:00:00+00:00,11.50000000000017,10.000000000000169,8.500000000000169,control,friday_flat,"{""EURUSD"": 22.699999999999942, ""GBPUSD"": 37.30000000000011, ""USDJPY"": -25.499999999999545}"
BASKET,1,2021-04-01T00:00:00+00:00,2021-04-02T00:00:00+00:00,5.833333333332795,4.333333333332795,2.8333333333327944,control,friday_flat,"{""EURUSD"": 15.099999999999003, ""GBPUSD"": 0.4999999999988347, ""USDJPY"": 1.9000000000005457}"
BASKET,1,2021-04-06T00:00:00+00:00,2021-04-07T00:00:00+00:00,33.699999999999974,32.199999999999974,30.699999999999974,control,flat_signal,"{""EURUSD"": 7.200000000000539, ""GBPUSD"": 84.99999999999952, ""USDJPY"": 8.899999999999864}"
BASKET,1,2021-04-12T00:00:00+00:00,2021-04-13T00:00:00+00:00,-27.133333333333454,-28.633333333333454,-30.133333333333454,control,flat_signal,"{""EURUSD"": -37.4999999999992, ""GBPUSD"": -12.000000000000899, ""USDJPY"": -31.90000000000026}"
BASKET,-1,2021-04-22T00:00:00+00:00,2021-04-23T00:00:00+00:00,46.13333333333245,44.63333333333245,43.13333333333245,control,friday_flat,"{""EURUSD"": 83.29999999999949, ""GBPUSD"": 46.399999999997554, ""USDJPY"": 8.70000000000033}"
BASKET,-1,2021-05-18T00:00:00+00:00,2021-05-19T00:00:00+00:00,-51.166666666665776,-52.666666666665776,-54.166666666665776,control,flat_signal,"{""EURUSD"": -47.499999999998096, ""GBPUSD"": -72.09999999999938, ""USDJPY"": -33.899999999999864}"
BASKET,-1,2021-05-27T00:00:00+00:00,2021-05-28T00:00:00+00:00,-8.633333333333493,-10.133333333333493,-11.633333333333491,control,friday_flat,"{""EURUSD"": -3.8000000000004697, ""GBPUSD"": -15.700000000000713, ""USDJPY"": -6.399999999999295}"
BASKET,1,2021-06-15T00:00:00+00:00,2021-06-16T00:00:00+00:00,97.96666666666651,96.46666666666651,94.96666666666651,control,flat_signal,"{""EURUSD"": 132.09999999999943, ""GBPUSD"": 96.60000000000001, ""USDJPY"": 65.2000000000001}"
BASKET,1,2021-06-17T00:00:00+00:00,2021-06-18T00:00:00+00:00,58.33333333333335,56.83333333333335,55.33333333333335,control,friday_flat,"{""EURUSD"": 47.20000000000057, ""GBPUSD"": 128.8, ""USDJPY"": -1.0000000000005116}"
BASKET,1,2021-06-21T00:00:00+00:00,2021-06-25T00:00:00+00:00,26.40000000000026,24.90000000000026,23.40000000000026,control,friday_flat,"{""EURUSD"": -18.499999999999073, ""GBPUSD"": 51.29999999999857, ""USDJPY"": 46.400000000001285}"
BASKET,1,2021-06-28T00:00:00+00:00,2021-06-29T00:00:00+00:00,21.433333333333177,19.933333333333177,18.433333333333177,control,flat_signal,"{""EURUSD"": 28.200000000000447, ""GBPUSD"": 43.69999999999985, ""USDJPY"": -7.600000000000762}"
BASKET,1,2021-07-01T00:00:00+00:00,2021-07-02T00:00:00+00:00,-44.83333333333277,-46.33333333333277,-47.83333333333277,control,friday_flat,"{""EURUSD"": -14.899999999999913, ""GBPUSD"": -69.4999999999979, ""USDJPY"": -50.10000000000048}"
BASKET,1,2021-07-05T00:00:00+00:00,2021-07-08T00:00:00+00:00,-1.0228554003756034,-2.522855400375603,-4.022855400375604,control,stop,"{""EURUSD"": 18.499999999999073, ""GBPUSD"": 59.70000000000031, ""USDJPY"": -81.26856620112619}"
BASKET,1,2021-07-08T00:00:00+00:00,2021-07-09T00:00:00+00:00,-37.06666666666634,-38.56666666666634,-40.06666666666634,control,friday_flat,"{""EURUSD"": -32.49999999999975, ""GBPUSD"": -114.0999999999992, ""USDJPY"": 35.39999999999992}"
BASKET,1,2021-07-12T00:00:00+00:00,2021-07-16T00:00:00+00:00,48.833333333332796,47.333333333332796,45.833333333332796,control,friday_flat,"{""EURUSD"": 55.099999999999035, ""GBPUSD"": 118.1999999999994, ""USDJPY"": -26.800000000000068}"
BASKET,1,2021-07-19T00:00:00+00:00,2021-07-23T00:00:00+00:00,23.03333333333339,21.53333333333339,20.03333333333339,control,friday_flat,"{""EURUSD"": 29.799999999999827, ""GBPUSD"": -70.6999999999991, ""USDJPY"": 109.99999999999943}"
BASKET,1,2021-07-26T00:00:00+00:00,2021-07-27T00:00:00+00:00,-44.8000000000003,-46.3000000000003,-47.8000000000003,control,flat_signal,"{""EURUSD"": -13.600000000000279, ""GBPUSD"": -60.100000000000705, ""USDJPY"": -60.69999999999993}"
BASKET,-1,2021-08-02T00:00:00+00:00,2021-08-03T00:00:00+00:00,16.566666666666872,15.06666666666687,13.56666666666687,control,flat_signal,"{""EURUSD"": -5.1000000000001044, ""GBPUSD"": 28.500000000000192, ""USDJPY"": 26.300000000000523}"
BASKET,-1,2021-08-05T00:00:00+00:00,2021-08-06T00:00:00+00:00,-57.600000000000314,-59.100000000000314,-60.600000000000314,control,friday_flat,"{""EURUSD"": -71.60000000000055, ""GBPUSD"": -55.600000000000094, ""USDJPY"": -45.60000000000031}"
BASKET,1,2021-08-11T00:00:00+00:00,2021-08-12T00:00:00+00:00,21.033333333333697,19.533333333333697,18.033333333333697,control,flat_signal,"{""EURUSD"": 9.200000000000319, ""GBPUSD"": 58.100000000000925, ""USDJPY"": -4.200000000000159}"
BASKET,-1,2021-08-18T00:00:00+00:00,2021-08-19T00:00:00+00:00,-52.54688792387884,-54.04688792387884,-55.54688792387884,control,stop,"{""EURUSD"": -35.199999999999676, ""GBPUSD"": -122.44066377163686, ""USDJPY"": -0.0}"
BASKET,1,2021-09-01T00:00:00+00:00,2021-09-02T00:00:00+00:00,-36.133333333333496,-37.633333333333496,-39.133333333333496,control,flat_signal,"{""EURUSD"": -36.000000000000476, ""GBPUSD"": -63.59999999999921, ""USDJPY"": -8.800000000000807}"
BASKET,-1,2021-09-08T00:00:00+00:00,2021-09-09T00:00:00+00:00,42.633333333332885,41.133333333332885,39.633333333332885,control,flat_signal,"{""EURUSD"": 9.399999999999409, ""GBPUSD"": 64.5999999999991, ""USDJPY"": 53.90000000000015}"
BASKET,1,2021-09-13T00:00:00+00:00,2021-09-14T00:00:00+00:00,2.36666666666648,0.8666666666664801,-0.6333333333335199,control,rebalance,"{""EURUSD"": 7.800000000000029, ""GBPUSD"": 31.399999999999206, ""USDJPY"": -32.099999999999795}"
BASKET,-1,2021-09-14T00:00:00+00:00,2021-09-16T00:00:00+00:00,-18.39999999999981,-19.89999999999981,-21.399999999999807,control,flat_signal,"{""EURUSD"": -37.30000000000011, ""GBPUSD"": -13.499999999999623, ""USDJPY"": -4.399999999999693}"
BASKET,1,2021-09-20T00:00:00+00:00,2021-09-23T00:00:00+00:00,5.96666666666641,4.46666666666641,2.966666666666408,control,flat_signal,"{""EURUSD"": -12.400000000001299, ""GBPUSD"": -61.899999999999174, ""USDJPY"": 92.1999999999997}"
BASKET,1,2021-09-27T00:00:00+00:00,2021-09-30T00:00:00+00:00,124.1666666666657,122.6666666666657,121.1666666666657,control,flat_signal,"{""EURUSD"": 118.29999999999785, ""GBPUSD"": 225.5999999999991, ""USDJPY"": 28.600000000000136}"
BASKET,1,2021-10-04T00:00:00+00:00,2021-10-07T00:00:00+00:00,42.7999999999991,41.29999999999911,39.79999999999911,control,flat_signal,"{""EURUSD"": 66.59999999999889, ""GBPUSD"": -8.20000000000043, ""USDJPY"": 69.99999999999886}"
BASKET,1,2021-10-11T00:00:00+00:00,2021-10-14T00:00:00+00:00,-48.47450583247721,-49.97450583247721,-51.47450583247721,control,stop,"{""EURUSD"": -44.200000000000905, ""GBPUSD"": -137.82351749743071, ""USDJPY"": 36.599999999999966}"
BASKET,1,2021-10-14T00:00:00+00:00,2021-10-15T00:00:00+00:00,-5.766666666666875,-7.266666666666875,-8.766666666666875,control,friday_flat,"{""EURUSD"": -2.1999999999988695, ""GBPUSD"": -72.7000000000011, ""USDJPY"": 57.59999999999934}"
BASKET,1,2021-10-18T00:00:00+00:00,2021-10-20T00:00:00+00:00,-48.13333333333268,-49.63333333333268,-51.13333333333268,control,flat_signal,"{""EURUSD"": -40.79999999999861, ""GBPUSD"": -96.19999999999962, ""USDJPY"": -7.399999999999807}"
BASKET,1,2021-10-25T00:00:00+00:00,2021-10-26T00:00:00+00:00,18.133333333334296,16.633333333334296,15.133333333334297,control,flat_signal,"{""EURUSD"": 12.400000000001299, ""GBPUSD"": -1.8999999999991246, ""USDJPY"": 43.900000000000716}"
BASKET,-1,2021-11-09T00:00:00+00:00,2021-11-10T00:00:00+00:00,-108.22574998913035,-109.72574998913035,-111.22574998913035,control,stop,"{""EURUSD"": -86.86144326708555, ""GBPUSD"": -142.1482852535716, ""USDJPY"": -95.66752144673387}"
BASKET,1,2021-11-22T00:00:00+00:00,2021-11-23T00:00:00+00:00,10.966666666666747,9.466666666666747,7.966666666666747,control,flat_signal,"{""EURUSD"": -11.000000000001009, ""GBPUSD"": 17.20000000000166, ""USDJPY"": 26.69999999999959}"
BASKET,1,2021-11-25T00:00:00+00:00,2021-11-26T00:00:00+00:00,-68.14345665081349,-69.64345665081349,-71.14345665081349,control,stop,"{""EURUSD"": -95.75034486077216, ""GBPUSD"": -6.699999999999484, ""USDJPY"": -101.98002509166884}"
BASKET,1,2021-11-30T00:00:00+00:00,2021-12-01T00:00:00+00:00,0.9666666666662493,-0.5333333333337507,-2.0333333333337507,control,flat_signal,"{""EURUSD"": 18.699999999998163, ""GBPUSD"": 22.999999999999687, ""USDJPY"": -38.7999999999991}"
BASKET,1,2021-12-06T00:00:00+00:00,2021-12-10T00:00:00+00:00,-13.599999999999923,-15.099999999999923,-16.599999999999923,control,friday_flat,"{""EURUSD"": -31.49999999999986, ""GBPUSD"": -0.1999999999990898, ""USDJPY"": -9.100000000000819}"
BASKET,1,2021-12-13T00:00:00+00:00,2021-12-16T00:00:00+00:00,-53.38742439716011,-54.88742439716011,-56.38742439716012,control,stop,"{""EURUSD"": -45.399999999999885, ""GBPUSD"": -126.36227319148041, ""USDJPY"": 11.599999999999966}"
BASKET,1,2021-12-16T00:00:00+00:00,2021-12-17T00:00:00+00:00,59.69999999999974,58.19999999999974,56.69999999999974,control,friday_flat,"{""EURUSD"": 92.39999999999914, ""GBPUSD"": 86.10000000000007, ""USDJPY"": 0.6000000000000227}"
BASKET,-1,2021-12-20T00:00:00+00:00,2021-12-24T00:00:00+00:00,53.833333333332654,52.333333333332654,50.833333333332654,control,friday_flat,"{""EURUSD"": 42.79999999999839, ""GBPUSD"": 190.39999999999944, ""USDJPY"": -71.69999999999987}"
BASKET,-1,2021-12-27T00:00:00+00:00,2021-12-28T00:00:00+00:00,-7.133333333333702,-8.633333333333702,-10.133333333333702,control,rebalance,"{""EURUSD"": -18.500000000001293, ""GBPUSD"": -9.500000000000064, ""USDJPY"": 6.60000000000025}"
BASKET,1,2021-12-28T00:00:00+00:00,2021-12-30T00:00:00+00:00,-21.000000000000146,-22.500000000000142,-24.000000000000142,control,rebalance,"{""EURUSD"": -17.700000000000493, ""GBPUSD"": -69.20000000000037, ""USDJPY"": 23.900000000000432}"
BASKET,-1,2021-12-30T00:00:00+00:00,2021-12-31T00:00:00+00:00,23.300000000000495,21.800000000000495,20.300000000000498,control,friday_flat,"{""EURUSD"": 49.900000000000496, ""GBPUSD"": 22.999999999999687, ""USDJPY"": -2.9999999999986926}"
BASKET,-1,2022-01-03T00:00:00+00:00,2022-01-04T00:00:00+00:00,-13.606707870383575,-15.106707870383575,-16.606707870383577,control,stop,"{""EURUSD"": -10.900000000000354, ""GBPUSD"": 49.5000000000001, ""USDJPY"": -79.42012361115047}"
BASKET,-1,2022-01-04T00:00:00+00:00,2022-01-07T00:00:00+00:00,64.63333333333277,63.13333333333278,61.63333333333278,control,friday_flat,"{""EURUSD"": 72.79999999999953, ""GBPUSD"": 62.19999999999892, ""USDJPY"": 58.899999999999864}"
BASKET,-1,2022-01-10T00:00:00+00:00,2022-01-14T00:00:00+00:00,97.86666666666679,96.36666666666679,94.86666666666679,control,friday_flat,"{""EURUSD"": 89.90000000000053, ""GBPUSD"": 103.19999999999884, ""USDJPY"": 100.50000000000097}"
BASKET,-1,2022-01-17T00:00:00+00:00,2022-01-20T00:00:00+00:00,-31.974820837269835,-33.47482083726984,-34.97482083726984,control,stop,"{""EURUSD"": -100.52446251180847, ""GBPUSD"": -46.60000000000108, ""USDJPY"": 51.200000000000045}"
BASKET,-1,2022-01-20T00:00:00+00:00,2022-01-21T00:00:00+00:00,8.399999999999965,6.899999999999964,5.399999999999964,control,friday_flat,"{""EURUSD"": 31.29999999999855, ""GBPUSD"": -46.99999999999926, ""USDJPY"": 40.9000000000006}"
BASKET,-1,2022-01-24T00:00:00+00:00,2022-01-26T00:00:00+00:00,-59.76666666666756,-61.26666666666756,-62.76666666666756,control,rebalance,"{""EURUSD"": -84.90000000000109, ""GBPUSD"": -24.800000000000377, ""USDJPY"": -69.60000000000122}"
BASKET,1,2022-01-26T00:00:00+00:00,2022-01-28T00:00:00+00:00,73.36666666666635,71.86666666666635,70.36666666666635,control,friday_flat,"{""EURUSD"": 93.60000000000035, ""GBPUSD"": 68.09999999999982, ""USDJPY"": 58.3999999999989}"
BASKET,1,2022-01-31T00:00:00+00:00,2022-02-01T00:00:00+00:00,-52.86666666666679,-54.36666666666679,-55.86666666666679,control,rebalance,"{""EURUSD"": -38.50000000000131, ""GBPUSD"": -76.30000000000025, ""USDJPY"": -43.79999999999882}"
BASKET,-1,2022-02-01T00:00:00+00:00,2022-02-04T00:00:00+00:00,44.966666666666164,43.466666666666164,41.966666666666164,control,friday_flat,"{""EURUSD"": 179.59999999999974, ""GBPUSD"": 5.499999999998284, ""USDJPY"": -50.199999999999534}"
BASKET,-1,2022-02-07T00:00:00+00:00,2022-02-08T00:00:00+00:00,-20.600000000000872,-22.100000000000872,-23.600000000000872,control,rebalance,"{""EURUSD"": -25.600000000001177, ""GBPUSD"": 8.099999999999774, ""USDJPY"": -44.300000000001205}"
BASKET,1,2022-02-08T00:00:00+00:00,2022-02-11T00:00:00+00:00,13.933333333332774,12.433333333332774,10.933333333332774,control,friday_flat,"{""EURUSD"": 68.59999999999866, ""GBPUSD"": -16.599999999999948, ""USDJPY"": -10.200000000000387}"
BASKET,1,2022-02-14T00:00:00+00:00,2022-02-18T00:00:00+00:00,-43.26666666666779,-44.76666666666779,-46.26666666666779,control,friday_flat,"{""EURUSD"": -16.900000000001913, ""GBPUSD"": -62.100000000000485, ""USDJPY"": -50.80000000000098}"
BASKET,-1,2022-02-21T00:00:00+00:00,2022-02-22T00:00:00+00:00,-11.533333333333426,-13.033333333333426,-14.533333333333426,control,rebalance,"{""EURUSD"": 14.799999999999258, ""GBPUSD"": -15.199999999999658, ""USDJPY"": -34.199999999999875}"
BASKET,1,2022-02-22T00:00:00+00:00,2022-02-23T00:00:00+00:00,18.100000000000716,16.600000000000716,15.100000000000714,control,rebalance,"{""EURUSD"": 19.000000000000128, ""GBPUSD"": 42.50000000000087, ""USDJPY"": -7.199999999998852}"
BASKET,-1,2022-02-23T00:00:00+00:00,2022-02-24T00:00:00+00:00,-93.7259117228407,-95.2259117228407,-96.7259117228407,control,stop,"{""EURUSD"": -110.32115669282305, ""GBPUSD"": -118.25657847569947, ""USDJPY"": -52.599999999999625}"
BASKET,-1,2022-02-24T00:00:00+00:00,2022-02-25T00:00:00+00:00,37.7666666666669,36.2666666666669,34.7666666666669,control,friday_flat,"{""EURUSD"": 79.70000000000032, ""GBPUSD"": 33.199999999999896, ""USDJPY"": 0.40000000000048885}"
BASKET,1,2022-02-28T00:00:00+00:00,2022-03-04T00:00:00+00:00,153.53333333333342,152.03333333333342,150.53333333333342,control,friday_flat,"{""EURUSD"": 287.2999999999992, ""GBPUSD"": 184.80000000000052, ""USDJPY"": -11.499999999999488}"
BASKET,1,2022-03-07T00:00:00+00:00,2022-03-09T00:00:00+00:00,-57.81247223370996,-59.31247223370996,-60.81247223370996,control,stop,"{""EURUSD"": -150.73741670112994, ""GBPUSD"": -76.19999999999959, ""USDJPY"": 53.49999999999966}"
BASKET,1,2022-03-09T00:00:00+00:00,2022-03-11T00:00:00+00:00,149.76666666666645,148.26666666666645,146.76666666666645,control,friday_flat,"{""EURUSD"": 161.29999999999976, ""GBPUSD"": 143.19999999999888, ""USDJPY"": 144.80000000000075}"
BASKET,1,2022-03-14T00:00:00+00:00,2022-03-16T00:00:00+00:00,-60.03638877088647,-61.53638877088647,-63.03638877088647,control,stop,"{""EURUSD"": -86.29999999999914, ""GBPUSD"": -152.00916631266102, ""USDJPY"": 58.200000000000784}"
BASKET,1,2022-03-16T00:00:00+00:00,2022-03-18T00:00:00+00:00,-3.700000000000466,-5.200000000000466,-6.700000000000466,control,friday_flat,"{""EURUSD"": -19.299999999999873, ""GBPUSD"": -30.600000000000627, ""USDJPY"": 38.7999999999991}"
BASKET,1,2022-03-21T00:00:00+00:00,2022-03-25T00:00:00+00:00,92.23333333333261,90.73333333333261,89.23333333333261,control,friday_flat,"{""EURUSD"": 33.39999999999898, ""GBPUSD"": -19.500000000001183, ""USDJPY"": 262.8}"
BASKET,1,2022-03-28T00:00:00+00:00,2022-03-29T00:00:00+00:00,-98.56994701508732,-100.06994701508732,-101.56994701508732,control,stop,"{""EURUSD"": -141.28760285743613, ""GBPUSD"": -1.9999999999997797, ""USDJPY"": -152.42223818782605}"
BASKET,1,2022-03-29T00:00:00+00:00,2022-04-01T00:00:00+00:00,-3.000000000000943,-4.500000000000942,-6.000000000000942,control,friday_flat,"{""EURUSD"": 41.09999999999836, ""GBPUSD"": -19.200000000001438, ""USDJPY"": -30.89999999999975}"
BASKET,1,2022-04-04T00:00:00+00:00,2022-04-08T00:00:00+00:00,109.06666666666702,107.56666666666702,106.06666666666702,control,friday_flat,"{""EURUSD"": 96.80000000000132, ""GBPUSD"": 80.8999999999993, ""USDJPY"": 149.50000000000045}"
BASKET,1,2022-04-11T00:00:00+00:00,2022-04-15T00:00:00+00:00,46.53333333333378,45.03333333333378,43.53333333333378,control,friday_flat,"{""EURUSD"": 71.60000000000055, ""GBPUSD"": -31.399999999999206, ""USDJPY"": 99.39999999999998}"
BASKET,1,2022-04-18T00:00:00+00:00,2022-04-21T00:00:00+00:00,-1.7103553648417733,-3.210355364841773,-4.7103553648417735,control,stop,"{""EURUSD"": -128.73106609452512, ""GBPUSD"": -15.899999999999803, ""USDJPY"": 139.4999999999996}"
BASKET,1,2022-04-21T00:00:00+00:00,2022-04-22T00:00:00+00:00,79.9333333333345,78.4333333333345,76.9333333333345,control,friday_flat,"{""EURUSD"": 32.70000000000106, ""GBPUSD"": 191.3000000000009, ""USDJPY"": 15.800000000001546}"
BASKET,1,2022-04-25T00:00:00+00:00,2022-04-29T00:00:00+00:00,167.6333333333334,166.1333333333334,164.6333333333334,control,friday_flat,"{""EURUSD"": 166.50000000000054, ""GBPUSD"": 162.80000000000072, ""USDJPY"": 173.599999999999}"
BASKET,1,2022-05-02T00:00:00+00:00,2022-05-06T00:00:00+00:00,52.300000000000175,50.800000000000175,49.300000000000175,control,friday_flat,"{""EURUSD"": -36.6999999999984, ""GBPUSD"": 154.60000000000028, ""USDJPY"": 38.999999999998636}"
BASKET,1,2022-05-18T00:00:00+00:00,2022-05-20T00:00:00+00:00,-92.43333333333321,-93.93333333333321,-95.43333333333321,control,friday_flat,"{""EURUSD"": -97.30000000000015, ""GBPUSD"": -152.30000000000075, ""USDJPY"": -27.69999999999868}"
BASKET,-1,2022-05-24T00:00:00+00:00,2022-05-27T00:00:00+00:00,22.600000000000858,21.100000000000858,19.600000000000858,control,friday_flat,"{""EURUSD"": -2.3999999999979593, ""GBPUSD"": 99.90000000000165, ""USDJPY"": -29.700000000001125}"
BASKET,1,2022-06-14T00:00:00+00:00,2022-06-15T00:00:00+00:00,-133.40149735089196,-134.90149735089196,-136.40149735089196,control,stop,"{""EURUSD"": -27.900000000000702, ""GBPUSD"": -208.5044920526746, ""USDJPY"": -163.80000000000052}"
BASKET,1,2022-06-15T00:00:00+00:00,2022-06-16T00:00:00+00:00,-191.98934682118625,-193.48934682118625,-194.98934682118625,control,stop,"{""EURUSD"": -152.63519731578467, ""GBPUSD"": -216.90417119176962, ""USDJPY"": -206.42867195600445}"
BASKET,1,2022-06-16T00:00:00+00:00,2022-06-17T00:00:00+00:00,152.76666666666634,151.26666666666634,149.76666666666634,control,friday_flat,"{""EURUSD"": 52.09999999999937, ""GBPUSD"": 131.7999999999997, ""USDJPY"": 274.4}"
BASKET,1,2022-06-20T00:00:00+00:00,2022-06-24T00:00:00+00:00,-17.5999999999996,-19.0999999999996,-20.5999999999996,control,friday_flat,"{""EURUSD"": -42.9999999999997, ""GBPUSD"": -20.599999999999508, ""USDJPY"": 10.80000000000041}"
BASKET,1,2022-06-27T00:00:00+00:00,2022-07-01T00:00:00+00:00,102.66666666666679,101.16666666666679,99.66666666666679,control,friday_flat,"{""EURUSD"": 156.79999999999916, ""GBPUSD"": 172.00000000000102, ""USDJPY"": -20.79999999999984}"
BASKET,1,2022-07-04T00:00:00+00:00,2022-07-08T00:00:00+00:00,117.89999999999974,116.39999999999974,114.89999999999974,control,friday_flat,"{""EURUSD"": 239.0000000000003, ""GBPUSD"": 70.6999999999991, ""USDJPY"": 43.99999999999977}"
BASKET,1,2022-07-12T00:00:00+00:00,2022-07-15T00:00:00+00:00,47.06666666666604,45.56666666666604,44.06666666666604,control,friday_flat,"{""EURUSD"": -48.90000000000061, ""GBPUSD"": 22.899999999999032, ""USDJPY"": 167.1999999999997}"
BASKET,1,2022-07-25T00:00:00+00:00,2022-07-26T00:00:00+00:00,48.23333333333387,46.73333333333387,45.23333333333387,control,flat_signal,"{""EURUSD"": 103.2999999999995, ""GBPUSD"": 14.400000000001079, ""USDJPY"": 27.000000000001023}"
BASKET,1,2022-07-27T00:00:00+00:00,2022-07-28T00:00:00+00:00,-68.8194891809007,-70.3194891809007,-71.8194891809007,control,stop,"{""EURUSD"": 1.1999999999989797, ""GBPUSD"": -22.299999999999542, ""USDJPY"": -185.35846754270153}"
BASKET,1,2022-07-28T00:00:00+00:00,2022-07-29T00:00:00+00:00,-45.63333333333395,-47.13333333333395,-48.63333333333395,control,friday_flat,"{""EURUSD"": -29.50000000000008, ""GBPUSD"": -4.100000000000215, ""USDJPY"": -103.30000000000155}"
BASKET,-1,2022-08-01T00:00:00+00:00,2022-08-03T00:00:00+00:00,-136.9146444595866,-138.4146444595866,-139.9146444595866,control,stop,"{""EURUSD"": -95.60000000000012, ""GBPUSD"": -102.10000000000052, ""USDJPY"": -213.04393337875922}"
BASKET,-1,2022-08-03T00:00:00+00:00,2022-08-05T00:00:00+00:00,-58.500000000000206,-60.000000000000206,-61.500000000000206,control,friday_flat,"{""EURUSD"": 11.499999999999844, ""GBPUSD"": -73.19999999999993, ""USDJPY"": -113.80000000000052}"
BASKET,1,2022-09-08T00:00:00+00:00,2022-09-09T00:00:00+00:00,-116.96752385822815,-118.46752385822815,-119.96752385822815,control,stop,"{""EURUSD"": -47.20000000000057, ""GBPUSD"": -85.10000000000016, ""USDJPY"": -218.60257157468368}"
BASKET,1,2022-09-14T00:00:00+00:00,2022-09-16T00:00:00+00:00,22.43333333333304,20.93333333333304,19.43333333333304,control,friday_flat,"{""EURUSD"": -31.49999999999986, ""GBPUSD"": 116.19999999999963, ""USDJPY"": -17.40000000000066}"
BASKET,1,2022-09-20T00:00:00+00:00,2022-09-22T00:00:00+00:00,10.370705957039476,8.870705957039476,7.370705957039476,control,stop,"{""EURUSD"": 131.6000000000006, ""GBPUSD"": 126.1000000000001, ""USDJPY"": -226.58788212888226}"
BASKET,1,2022-09-22T00:00:00+00:00,2022-09-23T00:00:00+00:00,217.66666666666654,216.16666666666654,214.66666666666654,control,friday_flat,"{""EURUSD"": 151.49999999999997, ""GBPUSD"": 408.9000000000009, ""USDJPY"": 92.59999999999877}"
BASKET,1,2022-09-26T00:00:00+00:00,2022-09-29T00:00:00+00:00,-158.94478166162727,-160.44478166162727,-161.94478166162727,control,stop,"{""EURUSD"": -175.565718015942, ""GBPUSD"": -267.2686269689395, ""USDJPY"": -34.00000000000034}"
BASKET,1,2022-09-29T00:00:00+00:00,2022-09-30T00:00:00+00:00,4.900000000000498,3.4000000000004977,1.9000000000004977,control,friday_flat,"{""EURUSD"": 15.699999999999603, ""GBPUSD"": -38.3, ""USDJPY"": 37.30000000000189}"
BASKET,1,2022-10-03T00:00:00+00:00,2022-10-07T00:00:00+00:00,135.80000000000004,134.30000000000004,132.80000000000004,control,friday_flat,"{""EURUSD"": 86.50000000000045, ""GBPUSD"": 236.00000000000065, ""USDJPY"": 84.89999999999895}"
BASKET,1,2022-10-12T00:00:00+00:00,2022-10-14T00:00:00+00:00,27.866666666667168,26.366666666667168,24.866666666667168,control,friday_flat,"{""EURUSD"": -21.09999999999945, ""GBPUSD"": -79.89999999999941, ""USDJPY"": 184.60000000000036}"
BASKET,1,2022-10-18T00:00:00+00:00,2022-10-21T00:00:00+00:00,-54.57534791753897,-56.07534791753897,-57.57534791753897,control,stop,"{""EURUSD"": -5.0000000000005596, ""GBPUSD"": 28.500000000000192, ""USDJPY"": -187.22604375261653}"
BASKET,1,2022-10-31T00:00:00+00:00,2022-11-01T00:00:00+00:00,-22.300000000000413,-23.800000000000413,-25.300000000000413,control,flat_signal,"{""EURUSD"": 7.899999999999574, ""GBPUSD"": -21.800000000000708, ""USDJPY"": -53.000000000000114}"
BASKET,-1,2022-11-07T00:00:00+00:00,2022-11-08T00:00:00+00:00,56.50000000000025,55.00000000000025,53.50000000000025,control,flat_signal,"{""EURUSD"": 51.20000000000013, ""GBPUSD"": 29.50000000000008, ""USDJPY"": 88.80000000000052}"
BASKET,-1,2022-11-14T00:00:00+00:00,2022-11-18T00:00:00+00:00,24.333333333333048,22.833333333333048,21.33333333333305,control,friday_flat,"{""EURUSD"": -5.999999999999339, ""GBPUSD"": 127.19999999999843, ""USDJPY"": -48.19999999999993}"
BASKET,-1,2022-11-21T00:00:00+00:00,2022-11-25T00:00:00+00:00,239.500000000001,238.000000000001,236.500000000001,control,friday_flat,"{""EURUSD"": 153.30000000000064, ""GBPUSD"": 268.00000000000153, ""USDJPY"": 297.20000000000084}"
BASKET,-1,2022-11-28T00:00:00+00:00,2022-12-02T00:00:00+00:00,333.3333333333343,331.8333333333343,330.3333333333343,control,friday_flat,"{""EURUSD"": 202.60000000000167, ""GBPUSD"": 335.0999999999993, ""USDJPY"": 462.3000000000019}"
BASKET,-1,2022-12-05T00:00:00+00:00,2022-12-06T00:00:00+00:00,-37.76666666666821,-39.26666666666821,-40.76666666666821,control,flat_signal,"{""EURUSD"": -26.600000000001067, ""GBPUSD"": -58.80000000000107, ""USDJPY"": -27.90000000000248}"
BASKET,-1,2022-12-19T00:00:00+00:00,2022-12-20T00:00:00+00:00,190.70000000000036,189.20000000000036,187.70000000000036,control,flat_signal,"{""EURUSD"": 15.399999999998748, ""GBPUSD"": 36.70000000000062, ""USDJPY"": 520.0000000000017}"
BASKET,-1,2022-12-29T00:00:00+00:00,2022-12-30T00:00:00+00:00,87.66666666666687,86.16666666666687,84.66666666666687,control,friday_flat,"{""EURUSD"": 36.599999999999966, ""GBPUSD"": 35.400000000000986, ""USDJPY"": 190.99999999999966}"
BASKET,-1,2023-01-02T00:00:00+00:00,2023-01-03T00:00:00+00:00,-80.10390922471379,-81.60390922471379,-83.10390922471379,control,stop,"{""EURUSD"": -125.71172767414262, ""GBPUSD"": -80.29999999999981, ""USDJPY"": -34.29999999999893}"
BASKET,-1,2023-01-03T00:00:00+00:00,2023-01-05T00:00:00+00:00,-114.79629180985127,-116.29629180985127,-117.79629180985127,control,stop,"{""EURUSD"": -26.299999999999102, ""GBPUSD"": -52.700000000001076, ""USDJPY"": -265.38887542955365}"
BASKET,1,2023-01-05T00:00:00+00:00,2023-01-06T00:00:00+00:00,-143.36666666666608,-144.86666666666608,-146.36666666666608,control,friday_flat,"{""EURUSD"": -121.99999999999989, ""GBPUSD"": -181.7000000000002, ""USDJPY"": -126.39999999999816}"
BASKET,-1,2023-01-09T00:00:00+00:00,2023-01-13T00:00:00+00:00,184.8666666666666,183.3666666666666,181.8666666666666,control,friday_flat,"{""EURUSD"": 100.49999999999892, ""GBPUSD"": 51.49999999999988, ""USDJPY"": 402.60000000000105}"
BASKET,-1,2023-01-16T00:00:00+00:00,2023-01-18T00:00:00+00:00,-52.16493033818284,-53.66493033818284,-55.16493033818284,control,stop,"{""EURUSD"": -27.399999999999647, ""GBPUSD"": 154.99999999999847, ""USDJPY"": -284.09479101454735}"
BASKET,-1,2023-01-18T00:00:00+00:00,2023-01-20T00:00:00+00:00,15.599999999999495,14.099999999999495,12.599999999999495,control,friday_flat,"{""EURUSD"": 62.09999999999827, ""GBPUSD"": 52.60000000000042, ""USDJPY"": -67.9000000000002}"
BASKET,-1,2023-01-23T00:00:00+00:00,2023-01-27T00:00:00+00:00,33.566666666666244,32.066666666666244,30.56666666666624,control,friday_flat,"{""EURUSD"": -4.20000000000087, ""GBPUSD"": 21.800000000000708, ""USDJPY"": 83.09999999999889}"
BASKET,-1,2023-01-30T00:00:00+00:00,2023-02-03T00:00:00+00:00,-102.90899901900777,-104.40899901900777,-105.90899901900777,control,stop,"{""EURUSD"": -56.79999999999907, ""GBPUSD"": -178.12699705702428, ""USDJPY"": -73.79999999999995}"
BASKET,1,2023-02-06T00:00:00+00:00,2023-02-07T00:00:00+00:00,-64.43333333333318,-65.93333333333318,-67.43333333333318,control,rebalance,"{""EURUSD"": -1.80000000000069, ""GBPUSD"": -29.799999999999827, ""USDJPY"": -161.69999999999902}"
BASKET,-1,2023-02-07T00:00:00+00:00,2023-02-08T00:00:00+00:00,-8.433333333333248,-9.933333333333248,-11.433333333333247,control,rebalance,"{""EURUSD"": -13.799999999999368, ""GBPUSD"": 22.899999999999032, ""USDJPY"": -34.39999999999941}"
BASKET,1,2023-02-08T00:00:00+00:00,2023-02-10T00:00:00+00:00,15.333333333333954,13.833333333333954,12.333333333333954,control,friday_flat,"{""EURUSD"": 34.70000000000084, ""GBPUSD"": 11.999999999998678, ""USDJPY"": -0.699999999997658}"
BASKET,1,2023-02-13T00:00:00+00:00,2023-02-17T00:00:00+00:00,100.86666666666666,99.36666666666666,97.86666666666666,control,friday_flat,"{""EURUSD"": 30.799999999999716, ""GBPUSD"": 98.0000000000003, ""USDJPY"": 173.79999999999995}"
BASKET,1,2023-03-14T00:00:00+00:00,2023-03-15T00:00:00+00:00,57.73333333333295,56.23333333333295,54.73333333333295,control,flat_signal,"{""EURUSD"": 154.30000000000055, ""GBPUSD"": 110.59999999999847, ""USDJPY"": -91.70000000000016}"
BASKET,-1,2023-03-22T00:00:00+00:00,2023-03-24T00:00:00+00:00,-23.066666666666194,-24.566666666666194,-26.066666666666194,control,friday_flat,"{""EURUSD"": -97.30000000000015, ""GBPUSD"": -33.60000000000029, ""USDJPY"": 61.700000000001864}"
BASKET,-1,2023-03-28T00:00:00+00:00,2023-03-30T00:00:00+00:00,-23.00000000000016,-24.50000000000016,-26.00000000000016,control,flat_signal,"{""EURUSD"": 60.59999999999954, ""GBPUSD"": 48.700000000001516, ""USDJPY"": -178.30000000000155}"
BASKET,-1,2023-04-03T00:00:00+00:00,2023-04-07T00:00:00+00:00,5.7666666666667865,4.2666666666667865,2.7666666666667865,control,friday_flat,"{""EURUSD"": -4.700000000001925, ""GBPUSD"": -0.7999999999985796, ""USDJPY"": 22.800000000000864}"
BASKET,-1,2023-04-12T00:00:00+00:00,2023-04-14T00:00:00+00:00,-42.69999999999919,-44.19999999999919,-45.69999999999919,control,friday_flat,"{""EURUSD"": 3.20000000000098, ""GBPUSD"": -70.6999999999991, ""USDJPY"": -60.599999999999454}"
BASKET,-1,2023-04-17T00:00:00+00:00,2023-04-19T00:00:00+00:00,22.29999999999987,20.799999999999866,19.299999999999866,control,rebalance,"{""EURUSD"": 27.099999999999902, ""GBPUSD"": 60.59999999999954, ""USDJPY"": -20.79999999999984}"
BASKET,1,2023-04-19T00:00:00+00:00,2023-04-21T00:00:00+00:00,-31.9999999999997,-33.4999999999997,-34.9999999999997,control,friday_flat,"{""EURUSD"": -33.60000000000029, ""GBPUSD"": -6.099999999999994, ""USDJPY"": -56.29999999999882}"
BASKET,-1,2023-04-24T00:00:00+00:00,2023-04-25T00:00:00+00:00,-29.233333333333178,-30.733333333333178,-32.23333333333318,control,rebalance,"{""EURUSD"": -69.99999999999895, ""GBPUSD"": -72.69999999999888, ""USDJPY"": 54.999999999998295}"
BASKET,1,2023-04-25T00:00:00+00:00,2023-04-26T00:00:00+00:00,-43.13333333333276,-44.63333333333276,-46.13333333333276,control,rebalance,"{""EURUSD"": -66.99999999999928, ""GBPUSD"": -58.79999999999885, ""USDJPY"": -3.6000000000001364}"
BASKET,-1,2023-04-26T00:00:00+00:00,2023-04-28T00:00:00+00:00,-37.80022578836233,-39.30022578836233,-40.80022578836233,control,stop,"{""EURUSD"": -25.299999999999212, ""GBPUSD"": 97.80000000000122, ""USDJPY"": -185.900677365089}"
BASKET,-1,2023-05-08T00:00:00+00:00,2023-05-11T00:00:00+00:00,-46.466666666667145,-47.966666666667145,-49.466666666667145,control,rebalance,"{""EURUSD"": -87.8000000000001, ""GBPUSD"": -106.10000000000008, ""USDJPY"": 54.49999999999875}"
BASKET,1,2023-05-11T00:00:00+00:00,2023-05-12T00:00:00+00:00,82.56666666666685,81.06666666666685,79.56666666666685,control,friday_flat,"{""EURUSD"": 66.69999999999953, ""GBPUSD"": 64.80000000000041, ""USDJPY"": 116.20000000000061}"
BASKET,1,2023-05-15T00:00:00+00:00,2023-05-19T00:00:00+00:00,111.93333333333315,110.43333333333315,108.93333333333315,control,friday_flat,"{""EURUSD"": 69.2999999999988, ""GBPUSD"": 80.70000000000022, ""USDJPY"": 185.8000000000004}"
BASKET,1,2023-05-22T00:00:00+00:00,2023-05-26T00:00:00+00:00,125.06666666666666,123.56666666666666,122.06666666666666,control,friday_flat,"{""EURUSD"": 87.29999999999905, ""GBPUSD"": 87.09999999999995, ""USDJPY"": 200.80000000000098}"
BASKET,1,2023-05-29T00:00:00+00:00,2023-05-31T00:00:00+00:00,-59.86666666666682,-61.36666666666682,-62.86666666666682,control,flat_signal,"{""EURUSD"": 20.799999999998597, ""GBPUSD"": -87.29999999999905, ""USDJPY"": -113.10000000000002}"
BASKET,1,2023-09-04T00:00:00+00:00,2023-09-06T00:00:00+00:00,101.39999999999979,99.89999999999979,98.39999999999979,control,flat_signal,"{""EURUSD"": 66.59999999999889, ""GBPUSD"": 117.30000000000018, ""USDJPY"": 120.3000000000003}"
BASKET,1,2023-09-11T00:00:00+00:00,2023-09-12T00:00:00+00:00,24.599999999999568,23.099999999999568,21.599999999999568,control,flat_signal,"{""EURUSD"": -2.900000000001235, ""GBPUSD"": 24.600000000001288, ""USDJPY"": 52.09999999999866}"
BASKET,1,2023-10-03T00:00:00+00:00,2023-10-05T00:00:00+00:00,-82.2333333333331,-83.7333333333331,-85.2333333333331,control,flat_signal,"{""EURUSD"": -83.40000000000013, ""GBPUSD"": -115.19999999999975, ""USDJPY"": -48.099999999999454}"
BASKET,1,2023-10-17T00:00:00+00:00,2023-10-20T00:00:00+00:00,2.7666666666672057,1.2666666666672057,-0.23333333333279427,control,friday_flat,"{""EURUSD"": -16.199999999999548, ""GBPUSD"": 19.200000000001438, ""USDJPY"": 5.299999999999727}"
BASKET,1,2023-10-26T00:00:00+00:00,2023-10-27T00:00:00+00:00,-22.399999999999846,-23.899999999999846,-25.399999999999846,control,friday_flat,"{""EURUSD"": -2.500000000000835, ""GBPUSD"": 11.099999999999444, ""USDJPY"": -75.79999999999814}"
BASKET,1,2023-11-01T00:00:00+00:00,2023-11-02T00:00:00+00:00,-50.066666666666414,-51.566666666666414,-53.066666666666414,control,flat_signal,"{""EURUSD"": -51.300000000000786, ""GBPUSD"": -52.200000000000024, ""USDJPY"": -46.699999999998454}"
BASKET,-1,2023-11-06T00:00:00+00:00,2023-11-07T00:00:00+00:00,-29.233333333332883,-30.733333333332883,-32.23333333333289,control,rebalance,"{""EURUSD"": -17.499999999999183, ""GBPUSD"": -44.800000000000395, ""USDJPY"": -25.399999999999068}"
BASKET,1,2023-11-07T00:00:00+00:00,2023-11-09T00:00:00+00:00,70.33333333333337,68.83333333333337,67.33333333333337,control,rebalance,"{""EURUSD"": 31.90000000000026, ""GBPUSD"": 77.09999999999883, ""USDJPY"": 102.00000000000102}"
BASKET,-1,2023-11-09T00:00:00+00:00,2023-11-10T00:00:00+00:00,1.20000000000046,-0.29999999999954,-1.79999999999954,control,friday_flat,"{""EURUSD"": 17.099999999998783, ""GBPUSD"": 4.3999999999999595, ""USDJPY"": -17.899999999997362}"
BASKET,-1,2023-11-13T00:00:00+00:00,2023-11-17T00:00:00+00:00,203.9333333333344,202.4333333333344,200.9333333333344,control,friday_flat,"{""EURUSD"": 214.70000000000098, ""GBPUSD"": 183.20000000000113, ""USDJPY"": 213.900000000001}"
BASKET,-1,2023-11-20T00:00:00+00:00,2023-11-24T00:00:00+00:00,-6.199999999999228,-7.699999999999228,-9.199999999999228,control,friday_flat,"{""EURUSD"": -3.4000000000000696, ""GBPUSD"": 91.70000000000122, ""USDJPY"": -106.89999999999884}"
BASKET,-1,2023-11-27T00:00:00+00:00,2023-12-01T00:00:00+00:00,56.34054864598863,54.84054864598863,53.34054864598863,control,stop,"{""EURUSD"": -102.17835406203467, ""GBPUSD"": 83.20000000000104, ""USDJPY"": 187.99999999999955}"
BASKET,-1,2023-12-04T00:00:00+00:00,2023-12-08T00:00:00+00:00,11.791543878818834,10.291543878818834,8.791543878818834,control,stop,"{""EURUSD"": -109.02536836354447, ""GBPUSD"": -85.89999999999876, ""USDJPY"": 230.29999999999973}"
BASKET,-1,2023-12-11T00:00:00+00:00,2023-12-15T00:00:00+00:00,219.0666666666672,217.5666666666672,216.0666666666672,control,friday_flat,"{""EURUSD"": 129.70000000000147, ""GBPUSD"": 122.70000000000003, ""USDJPY"": 404.8000000000002}"
BASKET,-1,2023-12-18T00:00:00+00:00,2023-12-22T00:00:00+00:00,58.63333333333301,57.13333333333301,55.63333333333301,control,friday_flat,"{""EURUSD"": 90.40000000000158, ""GBPUSD"": 48.299999999998896, ""USDJPY"": 37.19999999999857}"
BASKET,-1,2023-12-25T00:00:00+00:00,2023-12-29T00:00:00+00:00,64.13333333333208,62.633333333332075,61.133333333332075,control,friday_flat,"{""EURUSD"": 22.499999999998632, ""GBPUSD"": 28.099999999999792, ""USDJPY"": 141.7999999999978}"
BASKET,-1,2024-01-02T00:00:00+00:00,2024-01-04T00:00:00+00:00,-46.951089197797266,-48.451089197797266,-49.951089197797266,control,stop,"{""EURUSD"": 2.7999999999983594, ""GBPUSD"": 65.3999999999999, ""USDJPY"": -209.05326759339005}"
BASKET,-1,2024-01-04T00:00:00+00:00,2024-01-05T00:00:00+00:00,13.300000000000592,11.800000000000592,10.300000000000592,control,friday_flat,"{""EURUSD"": -2.6999999999999247, ""GBPUSD"": 36.19999999999956, ""USDJPY"": 6.400000000002137}"
BASKET,-1,2024-01-08T00:00:00+00:00,2024-01-12T00:00:00+00:00,-21.433333333333064,-22.933333333333064,-24.433333333333064,control,friday_flat,"{""EURUSD"": 0.10000000000065512, ""GBPUSD"": 4.20000000000087, ""USDJPY"": -68.6000000000007}"
BASKET,1,2024-01-15T00:00:00+00:00,2024-01-19T00:00:00+00:00,105.13333333333343,103.63333333333343,102.13333333333343,control,friday_flat,"{""EURUSD"": 51.399999999999224, ""GBPUSD"": 23.600000000001398, ""USDJPY"": 240.39999999999964}"
BASKET,1,2024-01-22T00:00:00+00:00,2024-01-26T00:00:00+00:00,14.566666666667032,13.066666666667032,11.566666666667032,control,friday_flat,"{""EURUSD"": 28.700000000001502, ""GBPUSD"": 9.200000000000319, ""USDJPY"": 5.799999999999272}"
BASKET,1,2024-01-29T00:00:00+00:00,2024-02-02T00:00:00+00:00,69.63333333333331,68.13333333333331,66.63333333333331,control,friday_flat,"{""EURUSD"": 46.299999999999116, ""GBPUSD"": 77.19999999999949, ""USDJPY"": 85.40000000000134}"
BASKET,1,2024-02-05T00:00:00+00:00,2024-02-06T00:00:00+00:00,-48.43333333333435,-49.93333333333435,-51.43333333333435,control,flat_signal,"{""EURUSD"": -11.800000000001809, ""GBPUSD"": -59.899999999999395, ""USDJPY"": -73.60000000000184}"
BASKET,-1,2024-03-06T00:00:00+00:00,2024-03-08T00:00:00+00:00,132.70000000000024,131.20000000000024,129.70000000000024,control,friday_flat,"{""EURUSD"": 39.70000000000029, ""GBPUSD"": 126.80000000000024, ""USDJPY"": 231.60000000000025}"
BASKET,-1,2024-03-12T00:00:00+00:00,2024-03-15T00:00:00+00:00,-83.39654881264629,-84.89654881264629,-86.39654881264629,control,stop,"{""EURUSD"": -38.90000000000171, ""GBPUSD"": -57.000000000000384, ""USDJPY"": -154.28964643793677}"
BASKET,-1,2024-03-18T00:00:00+00:00,2024-03-19T00:00:00+00:00,-53.383565371320515,-54.883565371320515,-56.383565371320515,control,stop,"{""EURUSD"": -8.300000000001084, ""GBPUSD"": -5.9000000000009045, ""USDJPY"": -145.95069611395957}"
BASKET,-1,2024-03-19T00:00:00+00:00,2024-03-21T00:00:00+00:00,-49.999999999998636,-51.499999999998636,-52.999999999998636,control,rebalance,"{""EURUSD"": -4.899999999998794, ""GBPUSD"": -63.7999999999983, ""USDJPY"": -81.29999999999882}"
BASKET,1,2024-03-21T00:00:00+00:00,2024-03-22T00:00:00+00:00,30.900000000000574,29.400000000000574,27.900000000000574,control,friday_flat,"{""EURUSD"": 53.40000000000122, ""GBPUSD"": 56.100000000001145, ""USDJPY"": -16.800000000000637}"
BASKET,1,2024-03-26T00:00:00+00:00,2024-03-29T00:00:00+00:00,10.766666666666621,9.266666666666621,7.76666666666662,control,friday_flat,"{""EURUSD"": 39.5000000000012, ""GBPUSD"": 11.499999999999844, ""USDJPY"": -18.700000000001182}"
BASKET,1,2024-04-01T00:00:00+00:00,2024-04-03T00:00:00+00:00,-58.633302360582285,-60.133302360582285,-61.633302360582285,control,stop,"{""EURUSD"": -79.29990708174682, ""GBPUSD"": -101.29999999999971, ""USDJPY"": 4.699999999999704}"
BASKET,1,2024-04-04T00:00:00+00:00,2024-04-05T00:00:00+00:00,10.9666666666658,9.4666666666658,7.966666666665799,control,friday_flat,"{""EURUSD"": -0.10000000000065512, ""GBPUSD"": 4.499999999998394, ""USDJPY"": 28.49999999999966}"
BASKET,1,2024-04-08T00:00:00+00:00,2024-04-12T00:00:00+00:00,189.73333333333323,188.23333333333323,186.73333333333323,control,friday_flat,"{""EURUSD"": 217.89999999999975, ""GBPUSD"": 206.10000000000016, ""USDJPY"": 145.19999999999982}"
BASKET,1,2024-04-15T00:00:00+00:00,2024-04-19T00:00:00+00:00,26.966666666667205,25.466666666667205,23.966666666667205,control,friday_flat,"{""EURUSD"": -31.999999999998696, ""GBPUSD"": 76.8000000000013, ""USDJPY"": 36.099999999999}"
BASKET,1,2024-04-22T00:00:00+00:00,2024-04-24T00:00:00+00:00,-37.12341847144458,-38.62341847144458,-40.12341847144458,control,stop,"{""EURUSD"": -44.10000000000025, ""GBPUSD"": -117.57025541433208, ""USDJPY"": 50.29999999999859}"
BASKET,1,2024-04-24T00:00:00+00:00,2024-04-26T00:00:00+00:00,91.76666666666652,90.26666666666652,88.76666666666652,control,friday_flat,"{""EURUSD"": 5.800000000000249, ""GBPUSD"": -30.000000000001137, ""USDJPY"": 299.50000000000045}"
BASKET,1,2024-04-29T00:00:00+00:00,2024-05-01T00:00:00+00:00,-48.22151322491084,-49.72151322491084,-51.22151322491084,control,stop,"{""EURUSD"": 11.100000000001664, ""GBPUSD"": 36.999999999998145, ""USDJPY"": -192.7645396747323}"
BASKET,1,2024-05-01T00:00:00+00:00,2024-05-03T00:00:00+00:00,-116.80467786100606,-118.30467786100606,-119.80467786100606,control,stop,"{""EURUSD"": -92.93083355735642, ""GBPUSD"": -20.000000000000018, ""USDJPY"": -237.48320002566174}"
BASKET,1,2024-05-06T00:00:00+00:00,2024-05-10T00:00:00+00:00,74.73333333333298,73.23333333333298,71.73333333333298,control,friday_flat,"{""EURUSD"": -1.80000000000069, ""GBPUSD"": 37.8999999999996, ""USDJPY"": 188.10000000000002}"
BASKET,-1,2024-05-13T00:00:00+00:00,2024-05-17T00:00:00+00:00,92.60000000000072,91.10000000000072,89.60000000000072,control,friday_flat,"{""EURUSD"": 79.20000000000148, ""GBPUSD"": 141.4000000000004, ""USDJPY"": 57.20000000000027}"
BASKET,-1,2024-05-20T00:00:00+00:00,2024-05-24T00:00:00+00:00,-18.200000000000543,-19.700000000000543,-21.200000000000543,control,friday_flat,"{""EURUSD"": -10.399999999999299, ""GBPUSD"": 30.89999999999815, ""USDJPY"": -75.10000000000048}"
BASKET,-1,2024-05-29T00:00:00+00:00,2024-05-31T00:00:00+00:00,42.7333333333338,41.2333333333338,39.7333333333338,control,friday_flat,"{""EURUSD"": 47.099999999999916, ""GBPUSD"": 40.40000000000043, ""USDJPY"": 40.70000000000107}"
BASKET,-1,2024-06-03T00:00:00+00:00,2024-06-04T00:00:00+00:00,18.333333333333595,16.833333333333595,15.333333333333593,control,flat_signal,"{""EURUSD"": -25.100000000000122, ""GBPUSD"": -37.0999999999988, ""USDJPY"": 117.1999999999997}"
BASKET,-1,2024-06-10T00:00:00+00:00,2024-06-12T00:00:00+00:00,46.69999999999964,45.19999999999964,43.69999999999964,control,rebalance,"{""EURUSD"": 43.69999999999985, ""GBPUSD"": 67.50000000000034, ""USDJPY"": 28.899999999998727}"
BASKET,1,2024-06-12T00:00:00+00:00,2024-06-14T00:00:00+00:00,94.63333333333308,93.13333333333308,91.63333333333308,control,friday_flat,"{""EURUSD"": 106.30000000000139, ""GBPUSD"": 112.39999999999917, ""USDJPY"": 65.19999999999868}"
BASKET,1,2024-06-18T00:00:00+00:00,2024-06-21T00:00:00+00:00,103.03333333333245,101.53333333333245,100.03333333333245,control,friday_flat,"{""EURUSD"": 47.80000000000006, ""GBPUSD"": 67.69999999999942, ""USDJPY"": 193.59999999999786}"
BASKET,1,2024-06-24T00:00:00+00:00,2024-06-28T00:00:00+00:00,60.16666666666674,58.66666666666674,57.16666666666674,control,friday_flat,"{""EURUSD"": 19.700000000000273, ""GBPUSD"": 38.60000000000196, ""USDJPY"": 122.199999999998}"
BASKET,1,2024-07-01T00:00:00+00:00,2024-07-03T00:00:00+00:00,-39.08516731103333,-40.58516731103333,-42.08516731103333,control,stop,"{""EURUSD"": -41.29999999999967, ""GBPUSD"": -97.95550193310021, ""USDJPY"": 21.999999999999886}"
BASKET,1,2024-07-03T00:00:00+00:00,2024-07-05T00:00:00+00:00,-75.03333333333318,-76.53333333333318,-78.03333333333318,control,friday_flat,"{""EURUSD"": -58.700000000000415, ""GBPUSD"": -72.49999999999979, ""USDJPY"": -93.8999999999993}"
BASKET,1,2024-07-08T00:00:00+00:00,2024-07-11T00:00:00+00:00,-96.7234241745424,-98.2234241745424,-99.7234241745424,control,stop,"{""EURUSD"": -44.50000000000065, ""GBPUSD"": -99.50371865005359, ""USDJPY"": -146.16655387357298}"
BASKET,-1,2024-07-11T00:00:00+00:00,2024-07-12T00:00:00+00:00,69.90000000000022,68.40000000000022,66.90000000000022,control,friday_flat,"{""EURUSD"": 37.799999999998946, ""GBPUSD"": 73.79999999999941, ""USDJPY"": 98.1000000000023}"
BASKET,-1,2024-07-15T00:00:00+00:00,2024-07-19T00:00:00+00:00,-0.46666666666602313,-1.966666666666023,-3.4666666666660233,control,friday_flat,"{""EURUSD"": -9.799999999999809, ""GBPUSD"": -55.39999999999878, ""USDJPY"": 63.80000000000052}"
BASKET,-1,2024-07-22T00:00:00+00:00,2024-07-26T00:00:00+00:00,74.83333333333253,73.33333333333253,71.83333333333253,control,friday_flat,"{""EURUSD"": -35.00000000000058, ""GBPUSD"": -68.20000000000049, ""USDJPY"": 327.6999999999987}"
BASKET,-1,2024-07-29T00:00:00+00:00,2024-08-01T00:00:00+00:00,114.5457884146773,113.0457884146773,111.5457884146773,control,stop,"{""EURUSD"": -29.700000000001392, ""GBPUSD"": -92.46263475596538, ""USDJPY"": 465.7999999999987}"
BASKET,-1,2024-08-01T00:00:00+00:00,2024-08-02T00:00:00+00:00,157.3333333333338,155.8333333333338,154.3333333333338,control,friday_flat,"{""EURUSD"": 119.30000000000217, ""GBPUSD"": 66.99999999999928, ""USDJPY"": 285.69999999999993}"
BASKET,-1,2024-08-05T00:00:00+00:00,2024-08-07T00:00:00+00:00,-153.5137322047784,-155.0137322047784,-156.5137322047784,control,stop,"{""EURUSD"": -30.09999999999957, ""GBPUSD"": -108.39924407695989, ""USDJPY"": -322.04195253737566}"
BASKET,-1,2024-08-07T00:00:00+00:00,2024-08-09T00:00:00+00:00,23.066666666665753,21.566666666665753,20.066666666665753,control,friday_flat,"{""EURUSD"": -5.20000000000076, ""GBPUSD"": 67.20000000000059, ""USDJPY"": 7.199999999997431}"
BASKET,-1,2024-08-12T00:00:00+00:00,2024-08-16T00:00:00+00:00,77.83333333333297,76.33333333333297,74.83333333333297,control,friday_flat,"{""EURUSD"": 96.60000000000001, ""GBPUSD"": 177.59999999999997, ""USDJPY"": -40.70000000000107}"
BASKET,-1,2024-08-19T00:00:00+00:00,2024-08-23T00:00:00+00:00,185.16666666666637,183.66666666666637,182.16666666666637,control,friday_flat,"{""EURUSD"": 107.9999999999992, ""GBPUSD"": 224.60000000000144, ""USDJPY"": 222.8999999999985}"
BASKET,-1,2024-08-26T00:00:00+00:00,2024-08-29T00:00:00+00:00,-52.47255274701207,-53.97255274701207,-55.47255274701207,control,stop,"{""EURUSD"": -92.11765824103546, ""GBPUSD"": -17.900000000001803, ""USDJPY"": -47.399999999998954}"
BASKET,-1,2024-08-29T00:00:00+00:00,2024-08-30T00:00:00+00:00,-63.3666666666677,-64.8666666666677,-66.3666666666677,control,friday_flat,"{""EURUSD"": -29.700000000001392, ""GBPUSD"": -43.400000000000105, ""USDJPY"": -117.00000000000159}"
BASKET,-1,2024-09-02T00:00:00+00:00,2024-09-06T00:00:00+00:00,153.9999999999998,152.4999999999998,150.9999999999998,control,friday_flat,"{""EURUSD"": 14.899999999999913, ""GBPUSD"": -18.400000000000638, ""USDJPY"": 465.5000000000001}"
BASKET,-1,2024-09-09T00:00:00+00:00,2024-09-12T00:00:00+00:00,75.23333333333348,73.73333333333348,72.23333333333348,control,flat_signal,"{""EURUSD"": 40.49999999999887, ""GBPUSD"": 49.099999999999696, ""USDJPY"": 136.10000000000184}"
BASKET,-1,2024-09-17T00:00:00+00:00,2024-09-18T00:00:00+00:00,23.66666666666696,22.16666666666696,20.66666666666696,control,flat_signal,"{""EURUSD"": 5.20000000000076, ""GBPUSD"": 52.50000000000199, ""USDJPY"": 13.299999999998136}"
BASKET,-1,2024-10-01T00:00:00+00:00,2024-10-02T00:00:00+00:00,-112.82451398113089,-114.32451398113089,-115.82451398113089,control,stop,"{""EURUSD"": -23.699999999999832, ""GBPUSD"": -18.799999999998818, ""USDJPY"": -295.973541943394}"
BASKET,1,2024-10-02T00:00:00+00:00,2024-10-04T00:00:00+00:00,144.7666666666668,143.2666666666668,141.7666666666668,control,friday_flat,"{""EURUSD"": 69.50000000000011, ""GBPUSD"": 142.5999999999994, ""USDJPY"": 222.20000000000084}"
BASKET,1,2024-10-21T00:00:00+00:00,2024-10-25T00:00:00+00:00,63.099999999999135,61.599999999999135,60.099999999999135,control,friday_flat,"{""EURUSD"": 19.499999999998963, ""GBPUSD"": 22.899999999999032, ""USDJPY"": 146.8999999999994}"
BASKET,1,2024-10-28T00:00:00+00:00,2024-11-01T00:00:00+00:00,-18.943271933843686,-20.443271933843686,-21.943271933843686,control,stop,"{""EURUSD"": -81.8298158015307, ""GBPUSD"": 54.199999999999804, ""USDJPY"": -29.20000000000016}"
BASKET,1,2024-11-04T00:00:00+00:00,2024-11-08T00:00:00+00:00,83.20000000000005,81.70000000000005,80.20000000000005,control,friday_flat,"{""EURUSD"": 158.79999999999893, ""GBPUSD"": 40.10000000000069, ""USDJPY"": 50.7000000000005}"
BASKET,1,2024-11-11T00:00:00+00:00,2024-11-15T00:00:00+00:00,140.86666666666665,139.36666666666665,137.86666666666665,control,friday_flat,"{""EURUSD"": 112.00000000000098, ""GBPUSD"": 250.20000000000041, ""USDJPY"": 60.3999999999985}"
BASKET,1,2024-11-18T00:00:00+00:00,2024-11-22T00:00:00+00:00,111.76666666666658,110.26666666666658,108.76666666666658,control,friday_flat,"{""EURUSD"": 179.59999999999974, ""GBPUSD"": 149.09999999999977, ""USDJPY"": 6.60000000000025}"
BASKET,1,2024-11-25T00:00:00+00:00,2024-11-27T00:00:00+00:00,-135.58750281557303,-137.08750281557303,-138.58750281557303,control,stop,"{""EURUSD"": -71.4999999999999, ""GBPUSD"": -109.7999999999999, ""USDJPY"": -225.4625084467193}"
BASKET,1,2024-11-27T00:00:00+00:00,2024-11-29T00:00:00+00:00,-67.13333333333358,-68.63333333333358,-70.13333333333358,control,friday_flat,"{""EURUSD"": -11.200000000000099, ""GBPUSD"": -51.000000000001044, ""USDJPY"": -139.1999999999996}"
BASKET,1,2024-12-02T00:00:00+00:00,2024-12-06T00:00:00+00:00,-55.53572442185308,-57.03572442185308,-58.53572442185308,control,stop,"{""EURUSD"": -70.5, ""GBPUSD"": -142.20717326556053, ""USDJPY"": 46.10000000000127}"
BASKET,1,2024-12-09T00:00:00+00:00,2024-12-10T00:00:00+00:00,25.266666666666136,23.766666666666136,22.266666666666136,control,rebalance,"{""EURUSD"": 26.100000000000012, ""GBPUSD"": -20.700000000002383, ""USDJPY"": 70.40000000000077}"
BASKET,-1,2024-12-10T00:00:00+00:00,2024-12-13T00:00:00+00:00,-108.87137990011455,-110.37137990011455,-111.87137990011455,control,stop,"{""EURUSD"": -20.999999999999908, ""GBPUSD"": -131.91413970034426, ""USDJPY"": -173.69999999999948}"
BASKET,1,2024-12-16T00:00:00+00:00,2024-12-20T00:00:00+00:00,141.93333333333348,140.43333333333348,138.93333333333348,control,friday_flat,"{""EURUSD"": 80.10000000000072, ""GBPUSD"": 110.99999999999888, ""USDJPY"": 234.70000000000084}"
BASKET,1,2024-12-23T00:00:00+00:00,2024-12-27T00:00:00+00:00,1.8000000000000977,0.3000000000000978,-1.1999999999999023,control,friday_flat,"{""EURUSD"": -20.700000000000163, ""GBPUSD"": -45.399999999999885, ""USDJPY"": 71.50000000000034}"
BASKET,1,2024-12-30T00:00:00+00:00,2025-01-03T00:00:00+00:00,87.99999999999936,86.49999999999936,84.99999999999936,control,friday_flat,"{""EURUSD"": 95.19999999999972, ""GBPUSD"": 120.29999999999984, ""USDJPY"": 48.49999999999852}"
BASKET,1,2025-01-06T00:00:00+00:00,2025-01-10T00:00:00+00:00,156.79999999999905,155.29999999999905,153.79999999999905,control,friday_flat,"{""EURUSD"": 145.59999999999906, ""GBPUSD"": 306.69999999999976, ""USDJPY"": 18.099999999998317}"
BASKET,1,2025-01-13T00:00:00+00:00,2025-01-16T00:00:00+00:00,-91.63155146291211,-93.13155146291211,-94.63155146291211,control,stop,"{""EURUSD"": -52.100000000001586, ""GBPUSD"": -43.10000000000036, ""USDJPY"": -179.69465438873442}"
BASKET,1,2025-01-16T00:00:00+00:00,2025-01-17T00:00:00+00:00,69.46666666666627,67.96666666666627,66.46666666666627,control,friday_flat,"{""EURUSD"": 22.800000000000598, ""GBPUSD"": 69.59999999999854, ""USDJPY"": 115.99999999999966}"
BASKET,1,2025-01-20T00:00:00+00:00,2025-01-24T00:00:00+00:00,-67.95708060079117,-69.45708060079117,-70.95708060079117,control,stop,"{""EURUSD"": -78.80000000000109, ""GBPUSD"": -166.77124180237257, ""USDJPY"": 41.70000000000016}"
BASKET,-1,2025-02-04T00:00:00+00:00,2025-02-07T00:00:00+00:00,55.33333333333301,53.83333333333301,52.33333333333301,control,friday_flat,"{""EURUSD"": -51.099999999999476, ""GBPUSD"": -76.49999999999935, ""USDJPY"": 293.59999999999786}"
BASKET,-1,2025-02-10T00:00:00+00:00,2025-02-12T00:00:00+00:00,-22.6734560017363,-24.1734560017363,-25.6734560017363,control,stop,"{""EURUSD"": 75.30000000000037, ""GBPUSD"": 77.10000000000105, ""USDJPY"": -220.42036800521032}"
BASKET,-1,2025-02-12T00:00:00+00:00,2025-02-14T00:00:00+00:00,154.0999999999992,152.5999999999992,151.0999999999992,control,friday_flat,"{""EURUSD"": 108.50000000000026, ""GBPUSD"": 142.09999999999835, ""USDJPY"": 211.69999999999902}"
BASKET,-1,2025-02-17T00:00:00+00:00,2025-02-21T00:00:00+00:00,68.83333333333186,67.33333333333186,65.83333333333186,control,friday_flat,"{""EURUSD"": -25.700000000001832, ""GBPUSD"": 9.399999999999409, ""USDJPY"": 222.79999999999802}"
BASKET,-1,2025-02-24T00:00:00+00:00,2025-02-28T00:00:00+00:00,-76.66666666666607,-78.16666666666607,-79.66666666666607,control,friday_flat,"{""EURUSD"": -92.20000000000006, ""GBPUSD"": -46.19999999999846, ""USDJPY"": -91.59999999999968}"
BASKET,-1,2025-03-05T00:00:00+00:00,2025-03-07T00:00:00+00:00,50.93333333333279,49.43333333333279,47.93333333333279,control,friday_flat,"{""EURUSD"": 44.50000000000065, ""GBPUSD"": 26.799999999997937, ""USDJPY"": 81.49999999999977}"
BASKET,-1,2025-03-10T00:00:00+00:00,2025-03-14T00:00:00+00:00,-15.73333333333314,-17.23333333333314,-18.73333333333314,control,friday_flat,"{""EURUSD"": 40.70000000000018, ""GBPUSD"": 59.70000000000031, ""USDJPY"": -147.5999999999999}"
BASKET,-1,2025-03-17T00:00:00+00:00,2025-03-21T00:00:00+00:00,-64.29999999999971,-65.79999999999971,-67.29999999999971,control,friday_flat,"{""EURUSD"": -108.59999999999869, ""GBPUSD"": -68.09999999999982, ""USDJPY"": -16.200000000000614}"
BASKET,-1,2025-03-24T00:00:00+00:00,2025-03-28T00:00:00+00:00,43.29999999999969,41.79999999999969,40.29999999999969,control,friday_flat,"{""EURUSD"": 28.399999999999537, ""GBPUSD"": 17.499999999999183, ""USDJPY"": 84.00000000000034}"
BASKET,-1,2025-03-31T00:00:00+00:00,2025-04-04T00:00:00+00:00,142.83333333333397,141.33333333333397,139.83333333333397,control,friday_flat,"{""EURUSD"": 148.39999999999964, ""GBPUSD"": -17.899999999999583, ""USDJPY"": 298.0000000000018}"
BASKET,1,2025-04-07T00:00:00+00:00,2025-04-08T00:00:00+00:00,-84.86666666666738,-86.3666666666674,-87.8666666666674,control,rebalance,"{""EURUSD"": -45.70000000000185, ""GBPUSD"": -49.59999999999853, ""USDJPY"": -159.30000000000177}"
BASKET,-1,2025-04-08T00:00:00+00:00,2025-04-09T00:00:00+00:00,-35.36666666666732,-36.86666666666732,-38.36666666666732,control,rebalance,"{""EURUSD"": -7.900000000000684, ""GBPUSD"": 49.300000000001006, ""USDJPY"": -147.50000000000227}"
BASKET,1,2025-04-09T00:00:00+00:00,2025-04-10T00:00:00+00:00,-213.571830944291,-215.071830944291,-216.571830944291,control,stop,"{""EURUSD"": -174.60620511352553, ""GBPUSD"": -171.69153681839688, ""USDJPY"": -294.41775090095064}"
BASKET,-1,2025-04-10T00:00:00+00:00,2025-04-11T00:00:00+00:00,126.99999999999882,125.49999999999882,123.99999999999882,control,friday_flat,"{""EURUSD"": 164.89999999999893, ""GBPUSD"": 118.89999999999955, ""USDJPY"": 97.199999999998}"
BASKET,-1,2025-04-14T00:00:00+00:00,2025-04-18T00:00:00+00:00,77.66666666666542,76.16666666666542,74.66666666666542,control,friday_flat,"{""EURUSD"": 41.400000000000325, ""GBPUSD"": 102.69999999999779, ""USDJPY"": 88.89999999999816}"
BASKET,-1,2025-04-21T00:00:00+00:00,2025-04-23T00:00:00+00:00,-199.15087420968584,-200.65087420968584,-202.15087420968584,control,stop,"{""EURUSD"": -197.40104119130297, ""GBPUSD"": -125.39999999999995, ""USDJPY"": -274.65158143775454}"
BASKET,-1,2025-04-29T00:00:00+00:00,2025-05-01T00:00:00+00:00,-161.29135706139883,-162.79135706139883,-164.29135706139883,control,stop,"{""EURUSD"": -95.39999999999881, ""GBPUSD"": -129.89999999999836, ""USDJPY"": -258.5740711841993}"
BASKET,-1,2025-05-01T00:00:00+00:00,2025-05-02T00:00:00+00:00,16.633333333332374,15.133333333332374,13.633333333332374,control,friday_flat,"{""EURUSD"": 13.399999999998968, ""GBPUSD"": -3.20000000000098, ""USDJPY"": 39.699999999999136}"
BASKET,1,2025-05-19T00:00:00+00:00,2025-05-21T00:00:00+00:00,-89.5333333333338,-91.0333333333338,-92.5333333333338,control,rebalance,"{""EURUSD"": -90.50000000000001, ""GBPUSD"": -60.100000000000705, ""USDJPY"": -118.00000000000068}"
BASKET,-1,2025-05-21T00:00:00+00:00,2025-05-22T00:00:00+00:00,-26.666666666666956,-28.166666666666956,-29.666666666666956,control,rebalance,"{""EURUSD"": -46.10000000000003, ""GBPUSD"": -1.100000000000545, ""USDJPY"": -32.800000000000296}"
BASKET,1,2025-05-22T00:00:00+00:00,2025-05-23T00:00:00+00:00,-114.9999999999997,-116.4999999999997,-117.9999999999997,control,friday_flat,"{""EURUSD"": -81.50000000000101, ""GBPUSD"": -120.89999999999934, ""USDJPY"": -142.59999999999877}"
BASKET,1,2025-05-26T00:00:00+00:00,2025-05-29T00:00:00+00:00,75.29999999999983,73.79999999999983,72.29999999999983,control,rebalance,"{""EURUSD"": 16.099999999998893, ""GBPUSD"": 73.69999999999877, ""USDJPY"": 136.10000000000184}"
BASKET,-1,2025-05-29T00:00:00+00:00,2025-05-30T00:00:00+00:00,-12.566666666666483,-14.066666666666483,-15.566666666666483,control,friday_flat,"{""EURUSD"": -19.299999999999873, ""GBPUSD"": -34.600000000000186, ""USDJPY"": 16.200000000000614}"
BASKET,-1,2025-06-02T00:00:00+00:00,2025-06-06T00:00:00+00:00,-101.61839005075122,-103.11839005075122,-104.61839005075122,control,stop,"{""EURUSD"": -44.19999999999868, ""GBPUSD"": -17.900000000001803, ""USDJPY"": -242.75517015225319}"
BASKET,-1,2025-06-09T00:00:00+00:00,2025-06-13T00:00:00+00:00,67.63333333333411,66.13333333333411,64.63333333333411,control,friday_flat,"{""EURUSD"": 129.60000000000082, ""GBPUSD"": 27.900000000000702, ""USDJPY"": 45.40000000000077}"
BASKET,-1,2025-06-16T00:00:00+00:00,2025-06-17T00:00:00+00:00,-90.36272955542455,-91.86272955542455,-93.36272955542455,control,stop,"{""EURUSD"": -78.50000000000134, ""GBPUSD"": -139.98818866627127, ""USDJPY"": -52.600000000001046}"
BASKET,-1,2025-06-17T00:00:00+00:00,2025-06-20T00:00:00+00:00,-3.899999999999023,-5.3999999999990225,-6.8999999999990225,control,friday_flat,"{""EURUSD"": 42.90000000000127, ""GBPUSD"": 28.700000000001502, ""USDJPY"": -83.29999999999984}"
BASKET,1,2025-06-23T00:00:00+00:00,2025-06-24T00:00:00+00:00,-82.13333333333306,-83.63333333333306,-85.13333333333306,control,rebalance,"{""EURUSD"": -34.600000000000186, ""GBPUSD"": -92.59999999999823, ""USDJPY"": -119.20000000000073}"
BASKET,-1,2025-06-24T00:00:00+00:00,2025-06-27T00:00:00+00:00,78.76666666666665,77.26666666666665,75.76666666666665,control,friday_flat,"{""EURUSD"": 107.09999999999997, ""GBPUSD"": 103.1000000000004, ""USDJPY"": 26.099999999999568}"
BASKET,-1,2025-06-30T00:00:00+00:00,2025-07-01T00:00:00+00:00,32.86666666666675,31.36666666666675,29.86666666666675,control,flat_signal,"{""EURUSD"": 19.000000000000128, ""GBPUSD"": 17.499999999999183, ""USDJPY"": 62.10000000000093}"
BASKET,1,2025-07-21T00:00:00+00:00,2025-07-22T00:00:00+00:00,-58.46666666666673,-59.96666666666673,-61.46666666666673,control,flat_signal,"{""EURUSD"": -65.90000000000096, ""GBPUSD"": -37.59999999999985, ""USDJPY"": -71.89999999999941}"
BASKET,1,2025-07-28T00:00:00+00:00,2025-08-01T00:00:00+00:00,-14.399999999999006,-15.899999999999006,-17.399999999999007,control,friday_flat,"{""EURUSD"": -0.9999999999998899, ""GBPUSD"": 71.60000000000055, ""USDJPY"": -113.79999999999768}"
BASKET,1,2025-08-04T00:00:00+00:00,2025-08-07T00:00:00+00:00,-75.37761694434333,-76.87761694434333,-78.37761694434333,control,stop,"{""EURUSD"": -88.79999999999998, ""GBPUSD"": -145.53285083303223, ""USDJPY"": 8.200000000002206}"
BASKET,1,2025-08-07T00:00:00+00:00,2025-08-08T00:00:00+00:00,23.09999999999981,21.59999999999981,20.09999999999981,control,friday_flat,"{""EURUSD"": 23.400000000000087, ""GBPUSD"": -5.800000000000249, ""USDJPY"": 51.69999999999959}"
BASKET,1,2025-08-11T00:00:00+00:00,2025-08-12T00:00:00+00:00,-52.033333333334305,-53.533333333334305,-55.033333333334305,control,rebalance,"{""EURUSD"": -57.200000000001694, ""GBPUSD"": -69.50000000000011, ""USDJPY"": -29.400000000001114}"
BASKET,-1,2025-08-12T00:00:00+00:00,2025-08-15T00:00:00+00:00,51.66666666666595,50.16666666666595,48.66666666666595,control,friday_flat,"{""EURUSD"": 34.49999999999953, ""GBPUSD"": 51.099999999999476, ""USDJPY"": 69.39999999999884}"
BASKET,1,2025-08-18T00:00:00+00:00,2025-08-22T00:00:00+00:00,-58.43333333333354,-59.93333333333354,-61.43333333333354,control,friday_flat,"{""EURUSD"": -60.80000000000085, ""GBPUSD"": -22.600000000001508, ""USDJPY"": -91.89999999999827}"
BASKET,-1,2025-08-25T00:00:00+00:00,2025-08-29T00:00:00+00:00,62.06666666666658,60.56666666666658,59.06666666666658,control,friday_flat,"{""EURUSD"": 64.60000000000132, ""GBPUSD"": 44.899999999998826, ""USDJPY"": 76.69999999999959}"
BASKET,-1,2025-09-01T00:00:00+00:00,2025-09-02T00:00:00+00:00,-119.56807243777446,-121.06807243777446,-122.56807243777446,control,stop,"{""EURUSD"": -70.39999999999935, ""GBPUSD"": -119.2782895777178, ""USDJPY"": -169.02592773560627}"
BASKET,-1,2025-09-02T00:00:00+00:00,2025-09-04T00:00:00+00:00,13.166666666666563,11.666666666666563,10.166666666666563,control,rebalance,"{""EURUSD"": 9.599999999998499, ""GBPUSD"": 42.599999999999305, ""USDJPY"": -12.699999999998113}"
BASKET,1,2025-09-04T00:00:00+00:00,2025-09-05T00:00:00+00:00,-81.19999999999993,-82.69999999999993,-84.19999999999993,control,friday_flat,"{""EURUSD"": -66.90000000000084, ""GBPUSD"": -67.60000000000099, ""USDJPY"": -109.09999999999798}"
BASKET,-1,2025-09-08T00:00:00+00:00,2025-09-10T00:00:00+00:00,-25.033333333332664,-26.533333333332664,-28.033333333332664,control,rebalance,"{""EURUSD"": -68.30000000000113, ""GBPUSD"": -13.599999999998058, ""USDJPY"": 6.800000000001205}"
BASKET,1,2025-09-10T00:00:00+00:00,2025-09-11T00:00:00+00:00,-35.29999999999897,-36.79999999999897,-38.29999999999897,control,rebalance,"{""EURUSD"": -41.29999999999967, ""GBPUSD"": -41.29999999999967, ""USDJPY"": -23.299999999997567}"
BASKET,-1,2025-09-11T00:00:00+00:00,2025-09-12T00:00:00+00:00,-21.033333333332866,-22.533333333332866,-24.033333333332866,control,friday_flat,"{""EURUSD"": -1.1999999999989797, ""GBPUSD"": -20.400000000000418, ""USDJPY"": -41.499999999999204}"
BASKET,-1,2025-09-15T00:00:00+00:00,2025-09-19T00:00:00+00:00,-67.0116497645492,-68.5116497645492,-70.0116497645492,control,stop,"{""EURUSD"": -18.599999999999728, ""GBPUSD"": -127.23494929364864, ""USDJPY"": -55.19999999999925}"
BASKET,-1,2025-09-22T00:00:00+00:00,2025-09-23T00:00:00+00:00,11.03333333333385,9.53333333333385,8.03333333333385,control,flat_signal,"{""EURUSD"": 13.100000000001444, ""GBPUSD"": 12.099999999999334, ""USDJPY"": 7.900000000000773}"
BASKET,1,2025-09-29T00:00:00+00:00,2025-09-30T00:00:00+00:00,-28.933333333334232,-30.433333333334232,-31.933333333334232,control,rebalance,"{""EURUSD"": -6.900000000000794, ""GBPUSD"": -13.900000000002244, ""USDJPY"": -65.99999999999966}"
BASKET,-1,2025-09-30T00:00:00+00:00,2025-10-01T00:00:00+00:00,38.06666666666703,36.56666666666703,35.06666666666703,control,flat_signal,"{""EURUSD"": -2.9999999999996696, ""GBPUSD"": 31.69999999999895, ""USDJPY"": 85.50000000000182}"
BASKET,1,2025-10-06T00:00:00+00:00,2025-10-08T00:00:00+00:00,132.8999999999999,131.3999999999999,129.8999999999999,control,flat_signal,"{""EURUSD"": 84.10000000000028, ""GBPUSD"": 81.19999999999905, ""USDJPY"": 233.40000000000032}"
BASKET,1,2025-10-29T00:00:00+00:00,2025-10-31T00:00:00+00:00,82.16666666666721,80.66666666666721,79.16666666666721,control,friday_flat,"{""EURUSD"": 65.8000000000003, ""GBPUSD"": 47.20000000000057, ""USDJPY"": 133.5000000000008}"
BASKET,1,2025-11-03T00:00:00+00:00,2025-11-07T00:00:00+00:00,-49.9999999999994,-51.4999999999994,-52.9999999999994,control,friday_flat,"{""EURUSD"": -44.99999999999948, ""GBPUSD"": -25.199999999998557, ""USDJPY"": -79.80000000000018}"
BASKET,1,2025-11-10T00:00:00+00:00,2025-11-13T00:00:00+00:00,-22.299432928102572,-23.799432928102572,-25.299432928102572,control,stop,"{""EURUSD"": -88.09829878430929, ""GBPUSD"": -18.899999999999473, ""USDJPY"": 40.100000000001046}"
BASKET,1,2025-11-13T00:00:00+00:00,2025-11-14T00:00:00+00:00,11.133333333333736,9.633333333333736,8.133333333333736,control,friday_flat,"{""EURUSD"": 13.700000000000934, ""GBPUSD"": 19.700000000000273, ""USDJPY"": 0.0}"
BASKET,1,2025-11-17T00:00:00+00:00,2025-11-21T00:00:00+00:00,82.2333333333335,80.7333333333335,79.2333333333335,control,friday_flat,"{""EURUSD"": 78.00000000000028, ""GBPUSD"": 58.00000000000027, ""USDJPY"": 110.69999999999993}"
BASKET,1,2025-11-24T00:00:00+00:00,2025-11-26T00:00:00+00:00,-79.79270451178587,-81.29270451178587,-82.79270451178587,control,stop,"{""EURUSD"": -76.09999999999894, ""GBPUSD"": -116.67811353535784, ""USDJPY"": -46.60000000000082}"
BASKET,-1,2025-12-02T00:00:00+00:00,2025-12-05T00:00:00+00:00,62.966666666666434,61.466666666666434,59.966666666666434,control,friday_flat,"{""EURUSD"": 18.099999999998673, ""GBPUSD"": 118.30000000000007, ""USDJPY"": 52.50000000000057}"
BASKET,-1,2025-12-08T00:00:00+00:00,2025-12-09T00:00:00+00:00,-43.56666666666603,-45.06666666666603,-46.56666666666603,control,rebalance,"{""EURUSD"": -10.899999999998133, ""GBPUSD"": -23.400000000000087, ""USDJPY"": -96.39999999999986}"
BASKET,1,2025-12-09T00:00:00+00:00,2025-12-10T00:00:00+00:00,-79.30000000000034,-80.80000000000034,-82.30000000000034,control,rebalance,"{""EURUSD"": -69.2999999999988, ""GBPUSD"": -83.10000000000039, ""USDJPY"": -85.50000000000182}"
BASKET,-1,2025-12-10T00:00:00+00:00,2025-12-12T00:00:00+00:00,17.53333333333288,16.03333333333288,14.533333333332882,control,friday_flat,"{""EURUSD"": 45.20000000000079, ""GBPUSD"": -14.400000000001079, ""USDJPY"": 21.79999999999893}"
BASKET,-1,2025-12-15T00:00:00+00:00,2025-12-19T00:00:00+00:00,-68.68316274393361,-70.18316274393361,-71.68316274393361,control,stop,"{""EURUSD"": -42.399999999997995, ""GBPUSD"": -3.900000000001125, ""USDJPY"": -159.7494882318017}"
BASKET,-1,2025-12-22T00:00:00+00:00,2025-12-26T00:00:00+00:00,31.900000000000734,30.400000000000734,28.900000000000734,control,friday_flat,"{""EURUSD"": 11.200000000000099, ""GBPUSD"": 33.8000000000016, ""USDJPY"": 50.7000000000005}"
BASKET,-1,2025-12-29T00:00:00+00:00,2026-01-02T00:00:00+00:00,-62.36666666666698,-63.86666666666698,-65.36666666666697,control,friday_flat,"{""EURUSD"": -52.400000000001334, ""GBPUSD"": -55.49999999999944, ""USDJPY"": -79.20000000000016}"
BASKET,-1,2026-01-05T00:00:00+00:00,2026-01-08T00:00:00+00:00,-80.57746055071097,-82.07746055071097,-83.57746055071097,control,stop,"{""EURUSD"": -75.52260171626912, ""GBPUSD"": -119.00977993586581, ""USDJPY"": -47.199999999998}"
BASKET,-1,2026-01-08T00:00:00+00:00,2026-01-09T00:00:00+00:00,-55.7000000000003,-57.2000000000003,-58.7000000000003,control,friday_flat,"{""EURUSD"": -22.599999999999287, ""GBPUSD"": -40.000000000000036, ""USDJPY"": -104.50000000000159}"
BASKET,1,2026-01-12T00:00:00+00:00,2026-01-16T00:00:00+00:00,48.30000000000052,46.80000000000052,45.30000000000052,control,friday_flat,"{""EURUSD"": 67.80000000000008, ""GBPUSD"": 88.2000000000005, ""USDJPY"": -11.099999999999}"
BASKET,1,2026-01-19T00:00:00+00:00,2026-01-20T00:00:00+00:00,-30.267472983770755,-31.767472983770755,-33.26747298377075,control,stop,"{""EURUSD"": -74.90241895131032, ""GBPUSD"": -17.300000000000093, ""USDJPY"": 1.3999999999981583}"
BASKET,-1,2026-01-20T00:00:00+00:00,2026-01-21T00:00:00+00:00,-23.06666666666774,-24.56666666666774,-26.06666666666774,control,flat_signal,"{""EURUSD"": -42.10000000000047, ""GBPUSD"": -13.000000000000789, ""USDJPY"": -14.100000000001955}"
BASKET,1,2026-03-09T00:00:00+00:00,2026-03-10T00:00:00+00:00,30.833333333332973,29.333333333332973,27.833333333332973,control,flat_signal,"{""EURUSD"": 26.599999999998847, ""GBPUSD"": 24.000000000001798, ""USDJPY"": 41.89999999999827}"
BASKET,1,2026-03-17T00:00:00+00:00,2026-03-20T00:00:00+00:00,-0.20000000000139906,-1.700000000001399,-3.200000000001399,control,friday_flat,"{""EURUSD"": -35.400000000000986, ""GBPUSD"": 14.399999999998858, ""USDJPY"": 20.39999999999793}"
BASKET,1,2026-03-23T00:00:00+00:00,2026-03-27T00:00:00+00:00,155.16666666666575,153.66666666666575,152.16666666666575,control,friday_flat,"{""EURUSD"": 107.5999999999988, ""GBPUSD"": 170.20000000000033, ""USDJPY"": 187.6999999999981}"
BASKET,1,2026-03-30T00:00:00+00:00,2026-04-01T00:00:00+00:00,-114.13728028086707,-115.63728028086707,-117.13728028086707,control,stop,"{""EURUSD"": -128.0118408426012, ""GBPUSD"": -123.50000000000082, ""USDJPY"": -90.89999999999918}"
BASKET,1,2026-04-01T00:00:00+00:00,2026-04-03T00:00:00+00:00,89.56666666666717,88.06666666666717,86.56666666666717,control,friday_flat,"{""EURUSD"": 78.70000000000043, ""GBPUSD"": 102.60000000000157, ""USDJPY"": 87.39999999999952}"
BASKET,1,2026-04-06T00:00:00+00:00,2026-04-08T00:00:00+00:00,-148.53179898838513,-150.03179898838513,-151.53179898838513,control,stop,"{""EURUSD"": -125.77126545481931, ""GBPUSD"": -162.98522882424615, ""USDJPY"": -156.8389026860899}"
BASKET,-1,2026-04-08T00:00:00+00:00,2026-04-10T00:00:00+00:00,19.233333333332858,17.733333333332858,16.233333333332858,control,friday_flat,"{""EURUSD"": 63.99999999999961, ""GBPUSD"": 69.39999999999947, ""USDJPY"": -75.7000000000005}"
BASKET,-1,2026-04-13T00:00:00+00:00,2026-04-17T00:00:00+00:00,30.966666666666644,29.466666666666644,27.966666666666644,control,friday_flat,"{""EURUSD"": 3.1000000000003247, ""GBPUSD"": 9.399999999999409, ""USDJPY"": 80.4000000000002}"
BASKET,-1,2026-04-21T00:00:00+00:00,2026-04-24T00:00:00+00:00,1.3333333333333641,-0.16666666666663588,-1.6666666666666359,control,friday_flat,"{""EURUSD"": -23.100000000000342, ""GBPUSD"": 26.500000000000412, ""USDJPY"": 0.6000000000000227}"
BASKET,-1,2026-04-27T00:00:00+00:00,2026-04-30T00:00:00+00:00,-16.683239148251662,-18.183239148251662,-19.683239148251662,control,stop,"{""EURUSD"": 10.300000000000864, ""GBPUSD"": 69.60000000000078, ""USDJPY"": -129.94971744475663}"
BASKET,-1,2026-04-30T00:00:00+00:00,2026-05-01T00:00:00+00:00,-29.599999999999074,-31.099999999999074,-32.59999999999908,control,friday_flat,"{""EURUSD"": -12.699999999998823, ""GBPUSD"": -33.49999999999964, ""USDJPY"": -42.59999999999877}"
BASKET,-1,2026-05-05T00:00:00+00:00,2026-05-08T00:00:00+00:00,102.56666666666682,101.06666666666682,99.56666666666682,control,friday_flat,"{""EURUSD"": 89.99999999999896, ""GBPUSD"": 95.79999999999922, ""USDJPY"": 121.90000000000225}"
BASKET,-1,2026-05-12T00:00:00+00:00,2026-05-13T00:00:00+00:00,-23.000000000000398,-24.500000000000398,-26.000000000000398,control,rebalance,"{""EURUSD"": -25.800000000000267, ""GBPUSD"": -16.40000000000086, ""USDJPY"": -26.800000000000068}"
BASKET,1,2026-05-13T00:00:00+00:00,2026-05-15T00:00:00+00:00,125.99999999999898,124.49999999999898,122.99999999999898,control,friday_flat,"{""EURUSD"": 89.69999999999922, ""GBPUSD"": 198.19999999999948, ""USDJPY"": 90.0999999999982}"
BASKET,1,2026-05-18T00:00:00+00:00,2026-05-22T00:00:00+00:00,29.333333333332916,27.833333333332916,26.333333333332916,control,friday_flat,"{""EURUSD"": 52.200000000000024, ""GBPUSD"": 0.2999999999997449, ""USDJPY"": 35.49999999999898}"
BASKET,1,2026-05-25T00:00:00+00:00,2026-05-29T00:00:00+00:00,23.633333333332757,22.133333333332757,20.633333333332757,control,friday_flat,"{""EURUSD"": -17.400000000000748, ""GBPUSD"": 52.200000000000024, ""USDJPY"": 36.099999999999}"
BASKET,1,2026-06-02T00:00:00+00:00,2026-06-05T00:00:00+00:00,91.46666666666592,89.96666666666592,88.46666666666592,control,friday_flat,"{""EURUSD"": 110.99999999999888, ""GBPUSD"": 123.59999999999926, ""USDJPY"": 39.79999999999961}"
BASKET,1,2026-06-08T00:00:00+00:00,2026-06-12T00:00:00+00:00,-32.566666666667416,-34.066666666667416,-35.566666666667416,control,friday_flat,"{""EURUSD"": -33.8000000000016, ""GBPUSD"": -69.20000000000037, ""USDJPY"": 5.299999999999727}"
BASKET,1,2026-06-15T00:00:00+00:00,2026-06-19T00:00:00+00:00,132.49999999999955,130.99999999999955,129.49999999999955,control,friday_flat,"{""EURUSD"": 123.59999999999926, ""GBPUSD"": 177.59999999999997, ""USDJPY"": 96.29999999999939}"
BASKET,1,2026-06-22T00:00:00+00:00,2026-06-26T00:00:00+00:00,38.69999999999999,37.19999999999999,35.69999999999999,control,friday_flat,"{""EURUSD"": 44.599999999999085, ""GBPUSD"": 52.90000000000017, ""USDJPY"": 18.600000000000705}"
BASKET,1,2026-06-29T00:00:00+00:00,2026-06-30T00:00:00+00:00,20.899999999999935,19.399999999999935,17.899999999999935,control,end,"{""EURUSD"": 1.500000000000945, ""GBPUSD"": -1.80000000000069, ""USDJPY"": 62.999999999999545}"
