ask,bid,flags,last,symbol,time_msc,time_utc,volume_real
1.33807,1.33805,1026,0.0,GBPUSD,1784056986087,2026-07-14T19:23:06.087000Z,0.0
1.3381,1.33807,1028,0.0,GBPUSD,1784056994633,2026-07-14T19:23:14.633000Z,0.0
1.33812,1.33809,1026,0.0,GBPUSD,1784056997965,2026-07-14T19:23:17.965000Z,0.0
1.33807,1.33804,1028,0.0,GBPUSD,1784056999110,2026-07-14T19:23:19.110000Z,0.0
1.33807,1.33805,1026,0.0,GBPUSD,1784057002436,2026-07-14T19:23:22.436000Z,0.0
1.33804,1.33802,6,0.0,GBPUSD,1784057009560,2026-07-14T19:23:29.560000Z,0.0
1.3381,1.33807,1028,0.0,GBPUSD,1784057019003,2026-07-14T19:23:39.003000Z,0.0
1.33809,1.33807,1030,0.0,GBPUSD,1784057024050,2026-07-14T19:23:44.050000Z,0.0
1.33811,1.33809,1028,0.0,GBPUSD,1784057026213,2026-07-14T19:23:46.213000Z,0.0
1.33813,1.33811,1026,0.0,GBPUSD,1784057028266,2026-07-14T19:23:48.266000Z,0.0
1.33815,1.33812,1026,0.0,GBPUSD,1784057032365,2026-07-14T19:23:52.365000Z,0.0
1.33813,1.3381,1026,0.0,GBPUSD,1784057034475,2026-07-14T19:23:54.475000Z,0.0
1.33814,1.33811,1028,0.0,GBPUSD,1784057036595,2026-07-14T19:23:56.595000Z,0.0
1.33814,1.33812,1026,0.0,GBPUSD,1784057038575,2026-07-14T19:23:58.575000Z,0.0
1.33818,1.33814,1028,0.0,GBPUSD,1784057040722,2026-07-14T19:24:00.722000Z,0.0
1.3382100000000001,1.33818,1028,0.0,GBPUSD,1784057042384,2026-07-14T19:24:02.384000Z,0.0
1.3382,1.33818,1028,0.0,GBPUSD,1784057044547,2026-07-14T19:24:04.547000Z,0.0
1.33822,1.33818,1028,0.0,GBPUSD,1784057046704,2026-07-14T19:24:06.704000Z,0.0
1.33822,1.3382,1026,0.0,GBPUSD,1784057048259,2026-07-14T19:24:08.259000Z,0.0
1.33815,1.33813,1030,0.0,GBPUSD,1784057050771,2026-07-14T19:24:10.771000Z,0.0
1.33816,1.33814,1026,0.0,GBPUSD,1784057052979,2026-07-14T19:24:12.979000Z,0.0
1.33812,1.33808,1026,0.0,GBPUSD,1784057055213,2026-07-14T19:24:15.213000Z,0.0
1.33811,1.33809,1026,0.0,GBPUSD,1784057055834,2026-07-14T19:24:15.834000Z,0.0
1.33813,1.3381,1026,0.0,GBPUSD,1784057058815,2026-07-14T19:24:18.815000Z,0.0
1.33817,1.33814,1028,0.0,GBPUSD,1784057061486,2026-07-14T19:24:21.486000Z,0.0
1.33815,1.33812,1028,0.0,GBPUSD,1784057063477,2026-07-14T19:24:23.477000Z,0.0
1.33816,1.33813,1026,0.0,GBPUSD,1784057065648,2026-07-14T19:24:25.648000Z,0.0
1.33817,1.33814,1026,0.0,GBPUSD,1784057067384,2026-07-14T19:24:27.384000Z,0.0
1.33816,1.33814,1026,0.0,GBPUSD,1784057069743,2026-07-14T19:24:29.743000Z,0.0
1.33823,1.33819,1026,0.0,GBPUSD,1784057071981,2026-07-14T19:24:31.981000Z,0.0
1.33822,1.3382,1026,0.0,GBPUSD,1784057073222,2026-07-14T19:24:33.222000Z,0.0
1.33817,1.33814,1028,0.0,GBPUSD,1784057076106,2026-07-14T19:24:36.106000Z,0.0
1.33815,1.33813,1026,0.0,GBPUSD,1784057078131,2026-07-14T19:24:38.131000Z,0.0
1.33814,1.33811,1028,0.0,GBPUSD,1784057080208,2026-07-14T19:24:40.208000Z,0.0
1.33815,1.33813,1030,0.0,GBPUSD,1784057082086,2026-07-14T19:24:42.086000Z,0.0
1.33815,1.33813,1030,0.0,GBPUSD,1784057083471,2026-07-14T19:24:43.471000Z,0.0
1.33816,1.33814,1026,0.0,GBPUSD,1784057085910,2026-07-14T19:24:45.910000Z,0.0
1.3382,1.33817,1028,0.0,GBPUSD,1784057088450,2026-07-14T19:24:48.450000Z,0.0
1.3382,1.33815,1026,0.0,GBPUSD,1784057090732,2026-07-14T19:24:50.732000Z,0.0
1.33825,1.33822,1028,0.0,GBPUSD,1784057092488,2026-07-14T19:24:52.488000Z,0.0
1.3382399999999999,1.3382100000000001,1028,0.0,GBPUSD,1784057093986,2026-07-14T19:24:53.986000Z,0.0
1.3382399999999999,1.33822,1026,0.0,GBPUSD,1784057096567,2026-07-14T19:24:56.567000Z,0.0
1.3382,1.33818,1030,0.0,GBPUSD,1784057098672,2026-07-14T19:24:58.672000Z,0.0
1.33822,1.3382,1030,0.0,GBPUSD,1784057100668,2026-07-14T19:25:00.668000Z,0.0
1.3382100000000001,1.33819,1030,0.0,GBPUSD,1784057103220,2026-07-14T19:25:03.220000Z,0.0
1.3382100000000001,1.33818,1026,0.0,GBPUSD,1784057105096,2026-07-14T19:25:05.096000Z,0.0
1.33819,1.33817,1030,0.0,GBPUSD,1784057106582,2026-07-14T19:25:06.582000Z,0.0
1.3382100000000001,1.33819,1030,0.0,GBPUSD,1784057108736,2026-07-14T19:25:08.736000Z,0.0
1.33826,1.3382399999999999,1028,0.0,GBPUSD,1784057111424,2026-07-14T19:25:11.424000Z,0.0
1.33829,1.33826,1026,0.0,GBPUSD,1784057113601,2026-07-14T19:25:13.601000Z,0.0
1.33825,1.33822,1026,0.0,GBPUSD,1784057118304,2026-07-14T19:25:18.304000Z,0.0
1.3382100000000001,1.33819,1030,0.0,GBPUSD,1784057118687,2026-07-14T19:25:18.687000Z,0.0
1.3382100000000001,1.33819,1030,0.0,GBPUSD,1784057122164,2026-07-14T19:25:22.164000Z,0.0
1.3382,1.33818,1028,0.0,GBPUSD,1784057124528,2026-07-14T19:25:24.528000Z,0.0
1.3382,1.33818,1030,0.0,GBPUSD,1784057125050,2026-07-14T19:25:25.050000Z,0.0
1.33823,1.3382100000000001,1030,0.0,GBPUSD,1784057127985,2026-07-14T19:25:27.985000Z,0.0
1.33823,1.3382100000000001,1030,0.0,GBPUSD,1784057130160,2026-07-14T19:25:30.160000Z,0.0
1.3382100000000001,1.33819,1030,0.0,GBPUSD,1784057132883,2026-07-14T19:25:32.883000Z,0.0
1.33822,1.3382,1030,0.0,GBPUSD,1784057134627,2026-07-14T19:25:34.627000Z,0.0
1.33819,1.33817,1030,0.0,GBPUSD,1784057136764,2026-07-14T19:25:36.764000Z,0.0
1.33816,1.33814,1030,0.0,GBPUSD,1784057139000,2026-07-14T19:25:39Z,0.0
1.3382,1.33818,1026,0.0,GBPUSD,1784057141151,2026-07-14T19:25:41.151000Z,0.0
1.3382,1.33818,1026,0.0,GBPUSD,1784057142268,2026-07-14T19:25:42.268000Z,0.0
1.33818,1.33814,1026,0.0,GBPUSD,1784057145249,2026-07-14T19:25:45.249000Z,0.0
1.33818,1.33816,1026,0.0,GBPUSD,1784057147361,2026-07-14T19:25:47.361000Z,0.0
1.33818,1.33816,1030,0.0,GBPUSD,1784057148942,2026-07-14T19:25:48.942000Z,0.0
1.3382,1.33818,1030,0.0,GBPUSD,1784057151542,2026-07-14T19:25:51.542000Z,0.0
1.3382,1.33818,1030,0.0,GBPUSD,1784057153031,2026-07-14T19:25:53.031000Z,0.0
1.33822,1.33819,1030,0.0,GBPUSD,1784057155632,2026-07-14T19:25:55.632000Z,0.0
1.3382399999999999,1.33822,1028,0.0,GBPUSD,1784057157854,2026-07-14T19:25:57.854000Z,0.0
1.33829,1.33827,1030,0.0,GBPUSD,1784057159404,2026-07-14T19:25:59.404000Z,0.0
1.33826,1.3382399999999999,1030,0.0,GBPUSD,1784057161430,2026-07-14T19:26:01.430000Z,0.0
1.3383099999999999,1.3382800000000001,1030,0.0,GBPUSD,1784057164025,2026-07-14T19:26:04.025000Z,0.0
1.3383,1.3382800000000001,1028,0.0,GBPUSD,1784057166057,2026-07-14T19:26:06.057000Z,0.0
1.3383,1.3382800000000001,1028,0.0,GBPUSD,1784057166864,2026-07-14T19:26:06.864000Z,0.0
1.33832,1.33829,1030,0.0,GBPUSD,1784057170132,2026-07-14T19:26:10.132000Z,0.0
1.33835,1.33832,1028,0.0,GBPUSD,1784057172096,2026-07-14T19:26:12.096000Z,0.0
1.33833,1.3383099999999999,1030,0.0,GBPUSD,1784057174219,2026-07-14T19:26:14.219000Z,0.0
1.33835,1.33832,1028,0.0,GBPUSD,1784057176431,2026-07-14T19:26:16.431000Z,0.0
1.33834,1.33832,1028,0.0,GBPUSD,1784057178495,2026-07-14T19:26:18.495000Z,0.0
1.33836,1.33834,1028,0.0,GBPUSD,1784057180486,2026-07-14T19:26:20.486000Z,0.0
1.33836,1.33833,1026,0.0,GBPUSD,1784057182299,2026-07-14T19:26:22.299000Z,0.0
1.3383099999999999,1.33829,1028,0.0,GBPUSD,1784057184765,2026-07-14T19:26:24.765000Z,0.0
1.33833,1.3383,1026,0.0,GBPUSD,1784057185114,2026-07-14T19:26:25.114000Z,0.0
1.33834,1.3383099999999999,1028,0.0,GBPUSD,1784057188904,2026-07-14T19:26:28.904000Z,0.0
1.33836,1.33833,1028,0.0,GBPUSD,1784057190891,2026-07-14T19:26:30.891000Z,0.0
1.33834,1.33832,1026,0.0,GBPUSD,1784057192180,2026-07-14T19:26:32.180000Z,0.0
1.33835,1.33832,1028,0.0,GBPUSD,1784057194282,2026-07-14T19:26:34.282000Z,0.0
1.33833,1.3383,1026,0.0,GBPUSD,1784057197281,2026-07-14T19:26:37.281000Z,0.0
1.33832,1.33829,1028,0.0,GBPUSD,1784057198584,2026-07-14T19:26:38.584000Z,0.0
1.3383099999999999,1.3382800000000001,1026,0.0,GBPUSD,1784057201132,2026-07-14T19:26:41.132000Z,0.0
1.3383,1.33826,1026,0.0,GBPUSD,1784057203243,2026-07-14T19:26:43.243000Z,0.0
1.33829,1.33825,1026,0.0,GBPUSD,1784057205478,2026-07-14T19:26:45.478000Z,0.0
1.33832,1.33829,1026,0.0,GBPUSD,1784057206100,2026-07-14T19:26:46.100000Z,0.0
1.3383,1.3382800000000001,1028,0.0,GBPUSD,1784057209550,2026-07-14T19:26:49.550000Z,0.0
1.3383,1.3382800000000001,1028,0.0,GBPUSD,1784057211741,2026-07-14T19:26:51.741000Z,0.0
1.33835,1.33832,1028,0.0,GBPUSD,1784057213733,2026-07-14T19:26:53.733000Z,0.0
1.33833,1.3383,1028,0.0,GBPUSD,1784057215885,2026-07-14T19:26:55.885000Z,0.0
1.33836,1.33833,1026,0.0,GBPUSD,1784057217897,2026-07-14T19:26:57.897000Z,0.0
1.33836,1.33834,1030,0.0,GBPUSD,1784057220063,2026-07-14T19:27:00.063000Z,0.0
1.3384,1.33838,1028,0.0,GBPUSD,1784057222095,2026-07-14T19:27:02.095000Z,0.0
1.33839,1.33837,1026,0.0,GBPUSD,1784057224085,2026-07-14T19:27:04.085000Z,0.0
1.33838,1.33836,1030,0.0,GBPUSD,1784057225450,2026-07-14T19:27:05.450000Z,0.0
1.33838,1.33835,1028,0.0,GBPUSD,1784057227708,2026-07-14T19:27:07.708000Z,0.0
1.33843,1.3384,1030,0.0,GBPUSD,1784057230058,2026-07-14T19:27:10.058000Z,0.0
1.33846,1.33843,1026,0.0,GBPUSD,1784057232427,2026-07-14T19:27:12.427000Z,0.0
1.33845,1.33843,1028,0.0,GBPUSD,1784057233777,2026-07-14T19:27:13.777000Z,0.0
1.33847,1.33844,1026,0.0,GBPUSD,1784057236525,2026-07-14T19:27:16.525000Z,0.0
1.3384800000000001,1.33845,1026,0.0,GBPUSD,1784057238636,2026-07-14T19:27:18.636000Z,0.0
1.33844,1.33841,1028,0.0,GBPUSD,1784057240741,2026-07-14T19:27:20.741000Z,0.0
1.33836,1.33833,1026,0.0,GBPUSD,1784057242780,2026-07-14T19:27:22.780000Z,0.0
1.33835,1.33832,1026,0.0,GBPUSD,1784057244723,2026-07-14T19:27:24.723000Z,0.0
1.33836,1.33833,1028,0.0,GBPUSD,1784057246290,2026-07-14T19:27:26.290000Z,0.0
1.33835,1.33832,1026,0.0,GBPUSD,1784057248943,2026-07-14T19:27:28.943000Z,0.0
1.33833,1.3383,1028,0.0,GBPUSD,1784057251080,2026-07-14T19:27:31.080000Z,0.0
1.33836,1.33834,1026,0.0,GBPUSD,1784057253166,2026-07-14T19:27:33.166000Z,0.0
1.33836,1.33833,1026,0.0,GBPUSD,1784057255259,2026-07-14T19:27:35.259000Z,0.0
1.33834,1.33832,1030,0.0,GBPUSD,1784057257010,2026-07-14T19:27:37.010000Z,0.0
1.33833,1.3383099999999999,1026,0.0,GBPUSD,1784057257499,2026-07-14T19:27:37.499000Z,0.0
1.33834,1.3383099999999999,1028,0.0,GBPUSD,1784057261163,2026-07-14T19:27:41.163000Z,0.0
1.33834,1.3383099999999999,1028,0.0,GBPUSD,1784057263507,2026-07-14T19:27:43.507000Z,0.0
1.33843,1.33841,1028,0.0,GBPUSD,1784057265209,2026-07-14T19:27:45.209000Z,0.0
1.33843,1.3384,1026,0.0,GBPUSD,1784057267569,2026-07-14T19:27:47.569000Z,0.0
1.33844,1.33841,1026,0.0,GBPUSD,1784057269684,2026-07-14T19:27:49.684000Z,0.0
1.33846,1.33843,1026,0.0,GBPUSD,1784057271792,2026-07-14T19:27:51.792000Z,0.0
1.33845,1.33842,1028,0.0,GBPUSD,1784057273846,2026-07-14T19:27:53.846000Z,0.0
1.33844,1.33841,1028,0.0,GBPUSD,1784057275934,2026-07-14T19:27:55.934000Z,0.0
1.33843,1.33841,1030,0.0,GBPUSD,1784057278060,2026-07-14T19:27:58.060000Z,0.0
1.33846,1.33843,1026,0.0,GBPUSD,1784057280112,2026-07-14T19:28:00.112000Z,0.0
1.33845,1.33843,1028,0.0,GBPUSD,1784057282196,2026-07-14T19:28:02.196000Z,0.0
1.33845,1.33843,1026,0.0,GBPUSD,1784057283975,2026-07-14T19:28:03.975000Z,0.0
1.33847,1.33844,1028,0.0,GBPUSD,1784057286406,2026-07-14T19:28:06.406000Z,0.0
1.3384800000000001,1.33845,1028,0.0,GBPUSD,1784057287592,2026-07-14T19:28:07.592000Z,0.0
1.33847,1.33845,1028,0.0,GBPUSD,1784057290257,2026-07-14T19:28:10.257000Z,0.0
1.33847,1.33844,1026,0.0,GBPUSD,1784057291798,2026-07-14T19:28:11.798000Z,0.0
1.33847,1.33844,1026,0.0,GBPUSD,1784057294412,2026-07-14T19:28:14.412000Z,0.0
1.33847,1.33844,1028,0.0,GBPUSD,1784057295942,2026-07-14T19:28:15.942000Z,0.0
1.33847,1.33844,1028,0.0,GBPUSD,1784057297345,2026-07-14T19:28:17.345000Z,0.0
1.33852,1.3385,1028,0.0,GBPUSD,1784057300845,2026-07-14T19:28:20.845000Z,0.0
1.33854,1.3385099999999999,1028,0.0,GBPUSD,1784057301543,2026-07-14T19:28:21.543000Z,0.0
1.33852,1.3385,1026,0.0,GBPUSD,1784057304963,2026-07-14T19:28:24.963000Z,0.0
1.33852,1.33849,1030,0.0,GBPUSD,1784057306205,2026-07-14T19:28:26.205000Z,0.0
1.3385099999999999,1.3384800000000001,1026,0.0,GBPUSD,1784057308687,2026-07-14T19:28:28.687000Z,0.0
1.33853,1.3385,1030,0.0,GBPUSD,1784057310800,2026-07-14T19:28:30.800000Z,0.0
1.33854,1.3385,1028,0.0,GBPUSD,1784057313036,2026-07-14T19:28:33.036000Z,0.0
1.33854,1.3385099999999999,1028,0.0,GBPUSD,1784057314887,2026-07-14T19:28:34.887000Z,0.0
1.3385,1.3384800000000001,1028,0.0,GBPUSD,1784057317381,2026-07-14T19:28:37.381000Z,0.0
1.3385500000000001,1.33852,1030,0.0,GBPUSD,1784057319529,2026-07-14T19:28:39.529000Z,0.0
1.3385500000000001,1.33852,1026,0.0,GBPUSD,1784057321601,2026-07-14T19:28:41.601000Z,0.0
1.33853,1.3385,1028,0.0,GBPUSD,1784057323516,2026-07-14T19:28:43.516000Z,0.0
1.33854,1.3385,1028,0.0,GBPUSD,1784057325659,2026-07-14T19:28:45.659000Z,0.0
1.33854,1.3385099999999999,1028,0.0,GBPUSD,1784057327714,2026-07-14T19:28:47.714000Z,0.0
1.33854,1.3385099999999999,1026,0.0,GBPUSD,1784057329548,2026-07-14T19:28:49.548000Z,0.0
1.33852,1.33849,1026,0.0,GBPUSD,1784057331788,2026-07-14T19:28:51.788000Z,0.0
1.33853,1.3385,1028,0.0,GBPUSD,1784057333139,2026-07-14T19:28:53.139000Z,0.0
1.33852,1.33849,1026,0.0,GBPUSD,1784057335634,2026-07-14T19:28:55.634000Z,0.0
1.33852,1.33849,1026,0.0,GBPUSD,1784057337936,2026-07-14T19:28:57.936000Z,0.0
1.33853,1.3385,1026,0.0,GBPUSD,1784057339986,2026-07-14T19:28:59.986000Z,0.0
1.33853,1.3385,1026,0.0,GBPUSD,1784057342214,2026-07-14T19:29:02.214000Z,0.0
1.33847,1.33845,1026,0.0,GBPUSD,1784057344325,2026-07-14T19:29:04.325000Z,0.0
1.33847,1.33844,1028,0.0,GBPUSD,1784057346191,2026-07-14T19:29:06.191000Z,0.0
1.3384800000000001,1.33845,1030,0.0,GBPUSD,1784057348037,2026-07-14T19:29:08.037000Z,0.0
1.3385,1.33847,1030,0.0,GBPUSD,1784057350420,2026-07-14T19:29:10.420000Z,0.0
1.3385,1.33847,1026,0.0,GBPUSD,1784057352279,2026-07-14T19:29:12.279000Z,0.0
1.33849,1.33846,1028,0.0,GBPUSD,1784057354540,2026-07-14T19:29:14.540000Z,0.0
1.3384800000000001,1.33845,1028,0.0,GBPUSD,1784057356741,2026-07-14T19:29:16.741000Z,0.0
1.3384800000000001,1.33845,1026,0.0,GBPUSD,1784057358860,2026-07-14T19:29:18.860000Z,0.0
1.33844,1.33842,1030,0.0,GBPUSD,1784057360844,2026-07-14T19:29:20.844000Z,0.0
1.33843,1.33841,1030,0.0,GBPUSD,1784057361958,2026-07-14T19:29:21.958000Z,0.0
1.33844,1.33842,1028,0.0,GBPUSD,1784057364945,2026-07-14T19:29:24.945000Z,0.0
1.3384800000000001,1.33844,1030,0.0,GBPUSD,1784057367171,2026-07-14T19:29:27.171000Z,0.0
1.3385099999999999,1.3384800000000001,1026,0.0,GBPUSD,1784057369035,2026-07-14T19:29:29.035000Z,0.0
1.33853,1.3385,1026,0.0,GBPUSD,1784057371034,2026-07-14T19:29:31.034000Z,0.0
1.33853,1.3385,1026,0.0,GBPUSD,1784057373268,2026-07-14T19:29:33.268000Z,0.0
1.3385500000000001,1.33852,1026,0.0,GBPUSD,1784057375372,2026-07-14T19:29:35.372000Z,0.0
1.33864,1.33861,1028,0.0,GBPUSD,1784057377487,2026-07-14T19:29:37.487000Z,0.0
1.33867,1.33864,1028,0.0,GBPUSD,1784057379092,2026-07-14T19:29:39.092000Z,0.0
1.33867,1.33864,1028,0.0,GBPUSD,1784057381463,2026-07-14T19:29:41.463000Z,0.0
1.33866,1.33863,1028,0.0,GBPUSD,1784057383743,2026-07-14T19:29:43.743000Z,0.0
1.33876,1.33873,1028,0.0,GBPUSD,1784057385718,2026-07-14T19:29:45.718000Z,0.0
1.33875,1.33873,1026,0.0,GBPUSD,1784057387294,2026-07-14T19:29:47.294000Z,0.0
1.33863,1.3386,1026,0.0,GBPUSD,1784057400357,2026-07-14T19:30:00.357000Z,0.0
1.3387,1.33868,1026,0.0,GBPUSD,1784057402079,2026-07-14T19:30:02.079000Z,0.0
1.33879,1.33876,1026,0.0,GBPUSD,1784057404066,2026-07-14T19:30:04.066000Z,0.0
1.33878,1.33876,1026,0.0,GBPUSD,1784057406981,2026-07-14T19:30:06.981000Z,0.0
1.3388499999999999,1.33883,1030,0.0,GBPUSD,1784057409071,2026-07-14T19:30:09.071000Z,0.0
1.33881,1.33878,1028,0.0,GBPUSD,1784057411144,2026-07-14T19:30:11.144000Z,0.0
1.33881,1.33879,1028,0.0,GBPUSD,1784057412797,2026-07-14T19:30:12.797000Z,0.0
1.3388200000000001,1.33879,1028,0.0,GBPUSD,1784057414625,2026-07-14T19:30:14.625000Z,0.0
1.33881,1.33878,1028,0.0,GBPUSD,1784057415752,2026-07-14T19:30:15.752000Z,0.0
1.33886,1.3388200000000001,1028,0.0,GBPUSD,1784057419097,2026-07-14T19:30:19.097000Z,0.0
1.33878,1.33875,1026,0.0,GBPUSD,1784057421187,2026-07-14T19:30:21.187000Z,0.0
1.33878,1.33876,1030,0.0,GBPUSD,1784057423565,2026-07-14T19:30:23.565000Z,0.0
1.33883,1.33879,1028,0.0,GBPUSD,1784057425629,2026-07-14T19:30:25.629000Z,0.0
1.33879,1.33877,1028,0.0,GBPUSD,1784057427611,2026-07-14T19:30:27.611000Z,0.0
1.33879,1.33876,1028,0.0,GBPUSD,1784057429804,2026-07-14T19:30:29.804000Z,0.0
1.33878,1.33875,1026,0.0,GBPUSD,1784057431873,2026-07-14T19:30:31.873000Z,0.0
1.33878,1.33875,1028,0.0,GBPUSD,1784057433877,2026-07-14T19:30:33.877000Z,0.0
1.33884,1.3388,1028,0.0,GBPUSD,1784057436045,2026-07-14T19:30:36.045000Z,0.0
1.33883,1.3388,1028,0.0,GBPUSD,1784057437743,2026-07-14T19:30:37.743000Z,0.0
1.3388499999999999,1.33883,1028,0.0,GBPUSD,1784057440063,2026-07-14T19:30:40.063000Z,0.0
1.33884,1.33881,1030,0.0,GBPUSD,1784057442201,2026-07-14T19:30:42.201000Z,0.0
1.33887,1.33884,1026,0.0,GBPUSD,1784057444042,2026-07-14T19:30:44.042000Z,0.0
1.33886,1.33883,1028,0.0,GBPUSD,1784057446402,2026-07-14T19:30:46.402000Z,0.0
1.33879,1.33876,1026,0.0,GBPUSD,1784057448338,2026-07-14T19:30:48.338000Z,0.0
1.33884,1.33881,1028,0.0,GBPUSD,1784057450535,2026-07-14T19:30:50.535000Z,0.0
1.33883,1.33881,1028,0.0,GBPUSD,1784057450894,2026-07-14T19:30:50.894000Z,0.0
1.33883,1.3388,1026,0.0,GBPUSD,1784057454079,2026-07-14T19:30:54.079000Z,0.0
1.33886,1.33884,1028,0.0,GBPUSD,1784057456798,2026-07-14T19:30:56.798000Z,0.0
1.33887,1.33884,1026,0.0,GBPUSD,1784057458474,2026-07-14T19:30:58.474000Z,0.0
1.3388200000000001,1.33879,1026,0.0,GBPUSD,1784057460942,2026-07-14T19:31:00.942000Z,0.0
1.33881,1.33878,1026,0.0,GBPUSD,1784057463003,2026-07-14T19:31:03.003000Z,0.0
1.33878,1.33874,1026,0.0,GBPUSD,1784057465093,2026-07-14T19:31:05.093000Z,0.0
1.33877,1.33874,1026,0.0,GBPUSD,1784057467019,2026-07-14T19:31:07.019000Z,0.0
1.33879,1.33875,1026,0.0,GBPUSD,1784057469139,2026-07-14T19:31:09.139000Z,0.0
1.33879,1.33877,1026,0.0,GBPUSD,1784057471293,2026-07-14T19:31:11.293000Z,0.0
1.33879,1.33876,1028,0.0,GBPUSD,1784057472732,2026-07-14T19:31:12.732000Z,0.0
1.33877,1.33874,1028,0.0,GBPUSD,1784057475462,2026-07-14T19:31:15.462000Z,0.0
1.3388,1.33878,1026,0.0,GBPUSD,1784057476372,2026-07-14T19:31:16.372000Z,0.0
1.3388499999999999,1.3388200000000001,1028,0.0,GBPUSD,1784057479368,2026-07-14T19:31:19.368000Z,0.0
1.33875,1.33872,1030,0.0,GBPUSD,1784057481667,2026-07-14T19:31:21.667000Z,0.0
1.33874,1.33871,1028,0.0,GBPUSD,1784057483761,2026-07-14T19:31:23.761000Z,0.0
1.33873,1.33871,1028,0.0,GBPUSD,1784057485784,2026-07-14T19:31:25.784000Z,0.0
1.33875,1.33872,1028,0.0,GBPUSD,1784057487894,2026-07-14T19:31:27.894000Z,0.0
1.33879,1.33877,1028,0.0,GBPUSD,1784057489619,2026-07-14T19:31:29.619000Z,0.0
1.33879,1.33876,1030,0.0,GBPUSD,1784057491721,2026-07-14T19:31:31.721000Z,0.0
1.3388200000000001,1.3388,1030,0.0,GBPUSD,1784057494122,2026-07-14T19:31:34.122000Z,0.0
1.33884,1.33881,1026,0.0,GBPUSD,1784057496200,2026-07-14T19:31:36.200000Z,0.0
1.3388499999999999,1.3388200000000001,1028,0.0,GBPUSD,1784057497095,2026-07-14T19:31:37.095000Z,0.0
1.33886,1.3388200000000001,1028,0.0,GBPUSD,1784057500037,2026-07-14T19:31:40.037000Z,0.0
1.3388499999999999,1.33881,1026,0.0,GBPUSD,1784057502409,2026-07-14T19:31:42.409000Z,0.0
1.3388,1.33878,1030,0.0,GBPUSD,1784057504432,2026-07-14T19:31:44.432000Z,0.0
1.33881,1.33878,1026,0.0,GBPUSD,1784057506189,2026-07-14T19:31:46.189000Z,0.0
1.3388,1.33878,1026,0.0,GBPUSD,1784057508337,2026-07-14T19:31:48.337000Z,0.0
1.33884,1.33881,1026,0.0,GBPUSD,1784057510730,2026-07-14T19:31:50.730000Z,0.0
1.3388200000000001,1.3388,1030,0.0,GBPUSD,1784057512840,2026-07-14T19:31:52.840000Z,0.0
1.33881,1.33879,1028,0.0,GBPUSD,1784057514760,2026-07-14T19:31:54.760000Z,0.0
1.3389,1.33887,1028,0.0,GBPUSD,1784057516924,2026-07-14T19:31:56.924000Z,0.0
1.3388900000000001,1.33886,1026,0.0,GBPUSD,1784057518070,2026-07-14T19:31:58.070000Z,0.0
1.3388900000000001,1.33886,1026,0.0,GBPUSD,1784057523070,2026-07-14T19:32:03.070000Z,0.0
1.3389199999999999,1.3388900000000001,1030,0.0,GBPUSD,1784057524876,2026-07-14T19:32:04.876000Z,0.0
1.33888,1.33886,1030,0.0,GBPUSD,1784057527191,2026-07-14T19:32:07.191000Z,0.0
1.33887,1.33884,1028,0.0,GBPUSD,1784057529107,2026-07-14T19:32:09.107000Z,0.0
1.33888,1.3388499999999999,1028,0.0,GBPUSD,1784057531237,2026-07-14T19:32:11.237000Z,0.0
1.3388200000000001,1.3388,1026,0.0,GBPUSD,1784057533621,2026-07-14T19:32:13.621000Z,0.0
1.3388900000000001,1.33887,1026,0.0,GBPUSD,1784057535481,2026-07-14T19:32:15.481000Z,0.0
1.3389199999999999,1.3389,1030,0.0,GBPUSD,1784057537292,2026-07-14T19:32:17.292000Z,0.0
1.33887,1.33884,1028,0.0,GBPUSD,1784057539663,2026-07-14T19:32:19.663000Z,0.0
1.33887,1.33884,1028,0.0,GBPUSD,1784057541526,2026-07-14T19:32:21.526000Z,0.0
1.33888,1.3388499999999999,1028,0.0,GBPUSD,1784057543144,2026-07-14T19:32:23.144000Z,0.0
1.33888,1.3388499999999999,1026,0.0,GBPUSD,1784057545843,2026-07-14T19:32:25.843000Z,0.0
1.33888,1.33886,1026,0.0,GBPUSD,1784057546886,2026-07-14T19:32:26.886000Z,0.0
1.3388900000000001,1.33887,1028,0.0,GBPUSD,1784057550103,2026-07-14T19:32:30.103000Z,0.0
1.3389199999999999,1.3388900000000001,1028,0.0,GBPUSD,1784057551609,2026-07-14T19:32:31.609000Z,0.0
1.33893,1.33891,1026,0.0,GBPUSD,1784057554316,2026-07-14T19:32:34.316000Z,0.0
1.33884,1.3388200000000001,1028,0.0,GBPUSD,1784057556462,2026-07-14T19:32:36.462000Z,0.0
1.3388499999999999,1.3388200000000001,1028,0.0,GBPUSD,1784057558473,2026-07-14T19:32:38.473000Z,0.0
1.33886,1.33883,1026,0.0,GBPUSD,1784057562387,2026-07-14T19:32:42.387000Z,0.0
1.3388499999999999,1.33883,1026,0.0,GBPUSD,1784057564498,2026-07-14T19:32:44.498000Z,0.0
1.3388200000000001,1.33879,1028,0.0,GBPUSD,1784057566708,2026-07-14T19:32:46.708000Z,0.0
1.33883,1.3388,1028,0.0,GBPUSD,1784057568742,2026-07-14T19:32:48.742000Z,0.0
1.33883,1.3388,1028,0.0,GBPUSD,1784057570447,2026-07-14T19:32:50.447000Z,0.0
1.3388200000000001,1.3388,1028,0.0,GBPUSD,1784057572772,2026-07-14T19:32:52.772000Z,0.0
1.33883,1.3388,1028,0.0,GBPUSD,1784057574005,2026-07-14T19:32:54.005000Z,0.0
1.33883,1.3388,1026,0.0,GBPUSD,1784057577089,2026-07-14T19:32:57.089000Z,0.0
1.3388200000000001,1.3388,1026,0.0,GBPUSD,1784057579163,2026-07-14T19:32:59.163000Z,0.0
1.33878,1.33875,1028,0.0,GBPUSD,1784057581139,2026-07-14T19:33:01.139000Z,0.0
1.33876,1.33874,1028,0.0,GBPUSD,1784057583375,2026-07-14T19:33:03.375000Z,0.0
1.33877,1.33874,1028,0.0,GBPUSD,1784057585363,2026-07-14T19:33:05.363000Z,0.0
1.33878,1.33875,1028,0.0,GBPUSD,1784057586532,2026-07-14T19:33:06.532000Z,0.0
1.33879,1.33877,1030,0.0,GBPUSD,1784057589062,2026-07-14T19:33:09.062000Z,0.0
1.33878,1.33876,1030,0.0,GBPUSD,1784057593184,2026-07-14T19:33:13.184000Z,0.0
1.33878,1.33875,1026,0.0,GBPUSD,1784057595864,2026-07-14T19:33:15.864000Z,0.0
1.33881,1.33879,1026,0.0,GBPUSD,1784057597536,2026-07-14T19:33:17.536000Z,0.0
1.33881,1.33879,1030,0.0,GBPUSD,1784057599196,2026-07-14T19:33:19.196000Z,0.0
1.33879,1.33877,1030,0.0,GBPUSD,1784057601919,2026-07-14T19:33:21.919000Z,0.0
1.33881,1.33879,1028,0.0,GBPUSD,1784057604092,2026-07-14T19:33:24.092000Z,0.0
1.33883,1.33881,1026,0.0,GBPUSD,1784057606242,2026-07-14T19:33:26.242000Z,0.0
1.3388200000000001,1.3388,1026,0.0,GBPUSD,1784057608336,2026-07-14T19:33:28.336000Z,0.0
1.3388,1.33877,1026,0.0,GBPUSD,1784057610283,2026-07-14T19:33:30.283000Z,0.0
1.33879,1.33877,1026,0.0,GBPUSD,1784057612394,2026-07-14T19:33:32.394000Z,0.0
1.3388,1.33876,1026,0.0,GBPUSD,1784057614604,2026-07-14T19:33:34.604000Z,0.0
1.33879,1.33877,1028,0.0,GBPUSD,1784057616655,2026-07-14T19:33:36.655000Z,0.0
1.33879,1.33876,1026,0.0,GBPUSD,1784057618485,2026-07-14T19:33:38.485000Z,0.0
1.33879,1.33876,1028,0.0,GBPUSD,1784057620754,2026-07-14T19:33:40.754000Z,0.0
1.33881,1.33879,1026,0.0,GBPUSD,1784057621475,2026-07-14T19:33:41.475000Z,0.0
1.33881,1.33879,1030,0.0,GBPUSD,1784057627022,2026-07-14T19:33:47.022000Z,0.0
1.3388,1.33878,1026,0.0,GBPUSD,1784057629001,2026-07-14T19:33:49.001000Z,0.0
1.3388200000000001,1.3388,1030,0.0,GBPUSD,1784057631382,2026-07-14T19:33:51.382000Z,0.0
1.33878,1.33875,1028,0.0,GBPUSD,1784057633419,2026-07-14T19:33:53.419000Z,0.0
1.33879,1.33875,1028,0.0,GBPUSD,1784057635405,2026-07-14T19:33:55.405000Z,0.0
1.3388,1.33878,1026,0.0,GBPUSD,1784057637579,2026-07-14T19:33:57.579000Z,0.0
1.3388,1.33877,1026,0.0,GBPUSD,1784057639776,2026-07-14T19:33:59.776000Z,0.0
1.33881,1.33879,1030,0.0,GBPUSD,1784057641934,2026-07-14T19:34:01.934000Z,0.0
1.33881,1.33879,1030,0.0,GBPUSD,1784057643299,2026-07-14T19:34:03.299000Z,0.0
1.33877,1.33875,1026,0.0,GBPUSD,1784057645538,2026-07-14T19:34:05.538000Z,0.0
1.33878,1.33876,1030,0.0,GBPUSD,1784057650001,2026-07-14T19:34:10.001000Z,0.0
1.3388,1.33878,1030,0.0,GBPUSD,1784057651249,2026-07-14T19:34:11.249000Z,0.0
1.33881,1.33879,1028,0.0,GBPUSD,1784057654119,2026-07-14T19:34:14.119000Z,0.0
1.33881,1.33879,1026,0.0,GBPUSD,1784057655699,2026-07-14T19:34:15.699000Z,0.0
1.33879,1.33877,1026,0.0,GBPUSD,1784057658692,2026-07-14T19:34:18.692000Z,0.0
1.33881,1.33879,1028,0.0,GBPUSD,1784057660681,2026-07-14T19:34:20.681000Z,0.0
1.3388499999999999,1.3388200000000001,1030,0.0,GBPUSD,1784057661518,2026-07-14T19:34:21.518000Z,0.0
1.33886,1.3388200000000001,1028,0.0,GBPUSD,1784057663888,2026-07-14T19:34:23.888000Z,0.0
1.3388499999999999,1.3388200000000001,1028,0.0,GBPUSD,1784057666236,2026-07-14T19:34:26.236000Z,0.0
1.33883,1.33881,1030,0.0,GBPUSD,1784057668147,2026-07-14T19:34:28.147000Z,0.0
1.3388499999999999,1.3388200000000001,1030,0.0,GBPUSD,1784057669369,2026-07-14T19:34:29.369000Z,0.0
1.33886,1.3388200000000001,1026,0.0,GBPUSD,1784057672411,2026-07-14T19:34:32.411000Z,0.0
1.33886,1.3388200000000001,1028,0.0,GBPUSD,1784057673666,2026-07-14T19:34:33.666000Z,0.0
1.33886,1.3388200000000001,1028,0.0,GBPUSD,1784057677381,2026-07-14T19:34:37.381000Z,0.0
1.3388200000000001,1.3388,1030,0.0,GBPUSD,1784057679447,2026-07-14T19:34:39.447000Z,0.0
1.33886,1.3388200000000001,1026,0.0,GBPUSD,1784057681476,2026-07-14T19:34:41.476000Z,0.0
1.33881,1.33879,1030,0.0,GBPUSD,1784057691548,2026-07-14T19:34:51.548000Z,0.0
1.3388200000000001,1.33879,1030,0.0,GBPUSD,1784057693919,2026-07-14T19:34:53.919000Z,0.0
1.3389,1.33888,1026,0.0,GBPUSD,1784057695706,2026-07-14T19:34:55.706000Z,0.0
1.33895,1.3389199999999999,1028,0.0,GBPUSD,1784057697816,2026-07-14T19:34:57.816000Z,0.0
1.33894,1.3389199999999999,1028,0.0,GBPUSD,1784057698885,2026-07-14T19:34:58.885000Z,0.0
1.33895,1.3389199999999999,1028,0.0,GBPUSD,1784057702083,2026-07-14T19:35:02.083000Z,0.0
1.33901,1.33898,1028,0.0,GBPUSD,1784057704207,2026-07-14T19:35:04.207000Z,0.0
1.33906,1.33902,1026,0.0,GBPUSD,1784057708174,2026-07-14T19:35:08.174000Z,0.0
1.33906,1.33902,1026,0.0,GBPUSD,1784057710534,2026-07-14T19:35:10.534000Z,0.0
1.33906,1.33903,1026,0.0,GBPUSD,1784057711277,2026-07-14T19:35:11.277000Z,0.0
1.33908,1.33904,1026,0.0,GBPUSD,1784057713141,2026-07-14T19:35:13.141000Z,0.0
1.33907,1.33904,1028,0.0,GBPUSD,1784057716233,2026-07-14T19:35:16.233000Z,0.0
1.33907,1.33904,1026,0.0,GBPUSD,1784057718614,2026-07-14T19:35:18.614000Z,0.0
1.33907,1.33904,1028,0.0,GBPUSD,1784057720791,2026-07-14T19:35:20.791000Z,0.0
1.33906,1.33902,1026,0.0,GBPUSD,1784057722949,2026-07-14T19:35:22.949000Z,0.0
1.33906,1.33902,1030,0.0,GBPUSD,1784057723719,2026-07-14T19:35:23.719000Z,0.0
1.33902,1.33899,1026,0.0,GBPUSD,1784057727007,2026-07-14T19:35:27.007000Z,0.0
1.33902,1.33899,1026,0.0,GBPUSD,1784057727748,2026-07-14T19:35:27.748000Z,0.0
1.33901,1.33899,1028,0.0,GBPUSD,1784057730769,2026-07-14T19:35:30.769000Z,0.0
1.33898,1.33896,1030,0.0,GBPUSD,1784057732588,2026-07-14T19:35:32.588000Z,0.0
1.33898,1.33896,1026,0.0,GBPUSD,1784057734456,2026-07-14T19:35:34.456000Z,0.0
1.33901,1.33898,1030,0.0,GBPUSD,1784057737443,2026-07-14T19:35:37.443000Z,0.0
1.339,1.33898,1028,0.0,GBPUSD,1784057739547,2026-07-14T19:35:39.547000Z,0.0
1.33901,1.33899,1026,0.0,GBPUSD,1784057740636,2026-07-14T19:35:40.636000Z,0.0
1.33902,1.33899,1028,0.0,GBPUSD,1784057745778,2026-07-14T19:35:45.778000Z,0.0
1.33905,1.33902,1030,0.0,GBPUSD,1784057747821,2026-07-14T19:35:47.821000Z,0.0
1.33901,1.33898,1028,0.0,GBPUSD,1784057749539,2026-07-14T19:35:49.539000Z,0.0
1.339,1.33898,1028,0.0,GBPUSD,1784057751976,2026-07-14T19:35:51.976000Z,0.0
1.33901,1.33899,1030,0.0,GBPUSD,1784057754078,2026-07-14T19:35:54.078000Z,0.0
1.33899,1.33896,1030,0.0,GBPUSD,1784057755879,2026-07-14T19:35:55.879000Z,0.0
1.33899,1.33896,1026,0.0,GBPUSD,1784057758036,2026-07-14T19:35:58.036000Z,0.0
1.33899,1.33897,1028,0.0,GBPUSD,1784057760326,2026-07-14T19:36:00.326000Z,0.0
1.339,1.33897,1028,0.0,GBPUSD,1784057760946,2026-07-14T19:36:00.946000Z,0.0
1.33902,1.339,1030,0.0,GBPUSD,1784057764509,2026-07-14T19:36:04.509000Z,0.0
1.33903,1.33901,1030,0.0,GBPUSD,1784057766582,2026-07-14T19:36:06.582000Z,0.0
1.33903,1.339,1026,0.0,GBPUSD,1784057768366,2026-07-14T19:36:08.366000Z,0.0
1.3391,1.33908,1026,0.0,GBPUSD,1784057770689,2026-07-14T19:36:10.689000Z,0.0
1.33908,1.33905,1026,0.0,GBPUSD,1784057772831,2026-07-14T19:36:12.831000Z,0.0
1.33907,1.33905,1026,0.0,GBPUSD,1784057774855,2026-07-14T19:36:14.855000Z,0.0
1.33911,1.33908,1028,0.0,GBPUSD,1784057776946,2026-07-14T19:36:16.946000Z,0.0
1.3391199999999999,1.3390900000000001,1028,0.0,GBPUSD,1784057778423,2026-07-14T19:36:18.423000Z,0.0
1.33911,1.33908,1030,0.0,GBPUSD,1784057780200,2026-07-14T19:36:20.200000Z,0.0
1.33911,1.3390900000000001,1028,0.0,GBPUSD,1784057783205,2026-07-14T19:36:23.205000Z,0.0
1.3391199999999999,1.3390900000000001,1030,0.0,GBPUSD,1784057785163,2026-07-14T19:36:25.163000Z,0.0
1.33908,1.33906,1030,0.0,GBPUSD,1784057786812,2026-07-14T19:36:26.812000Z,0.0
1.33908,1.33906,1028,0.0,GBPUSD,1784057789094,2026-07-14T19:36:29.094000Z,0.0
1.33911,1.3390900000000001,1028,0.0,GBPUSD,1784057790705,2026-07-14T19:36:30.705000Z,0.0
1.3390900000000001,1.33906,1028,0.0,GBPUSD,1784057792985,2026-07-14T19:36:32.985000Z,0.0
1.3391,1.33907,1028,0.0,GBPUSD,1784057794568,2026-07-14T19:36:34.568000Z,0.0
1.3391,1.33907,1028,0.0,GBPUSD,1784057797111,2026-07-14T19:36:37.111000Z,0.0
1.3391,1.33908,1030,0.0,GBPUSD,1784057799728,2026-07-14T19:36:39.728000Z,0.0
1.3390900000000001,1.33907,1026,0.0,GBPUSD,1784057801545,2026-07-14T19:36:41.545000Z,0.0
1.3390900000000001,1.33907,1026,0.0,GBPUSD,1784057803871,2026-07-14T19:36:43.871000Z,0.0
1.33905,1.33902,1028,0.0,GBPUSD,1784057806024,2026-07-14T19:36:46.024000Z,0.0
1.33899,1.33896,1026,0.0,GBPUSD,1784057807701,2026-07-14T19:36:47.701000Z,0.0
1.33901,1.33898,1028,0.0,GBPUSD,1784057810122,2026-07-14T19:36:50.122000Z,0.0
1.33903,1.33901,1028,0.0,GBPUSD,1784057812243,2026-07-14T19:36:52.243000Z,0.0
1.33906,1.33902,1026,0.0,GBPUSD,1784057813532,2026-07-14T19:36:53.532000Z,0.0
1.33908,1.33903,1026,0.0,GBPUSD,1784057816406,2026-07-14T19:36:56.406000Z,0.0
1.33908,1.33904,1028,0.0,GBPUSD,1784057817323,2026-07-14T19:36:57.323000Z,0.0
1.33908,1.33906,1030,0.0,GBPUSD,1784057820531,2026-07-14T19:37:00.531000Z,0.0
1.33908,1.33904,1028,0.0,GBPUSD,1784057821547,2026-07-14T19:37:01.547000Z,0.0
1.33908,1.33904,1026,0.0,GBPUSD,1784057823726,2026-07-14T19:37:03.726000Z,0.0
1.33911,1.33908,1026,0.0,GBPUSD,1784057826238,2026-07-14T19:37:06.238000Z,0.0
1.33911,1.33907,1026,0.0,GBPUSD,1784057828730,2026-07-14T19:37:08.730000Z,0.0
1.3391,1.33907,1028,0.0,GBPUSD,1784057829120,2026-07-14T19:37:09.120000Z,0.0
1.3391,1.33907,1030,0.0,GBPUSD,1784057832663,2026-07-14T19:37:12.663000Z,0.0
1.3391,1.33908,1028,0.0,GBPUSD,1784057834835,2026-07-14T19:37:14.835000Z,0.0
1.33908,1.33905,1028,0.0,GBPUSD,1784057836945,2026-07-14T19:37:16.945000Z,0.0
1.3390900000000001,1.33905,1026,0.0,GBPUSD,1784057838531,2026-07-14T19:37:18.531000Z,0.0
1.3390900000000001,1.33907,1030,0.0,GBPUSD,1784057841065,2026-07-14T19:37:21.065000Z,0.0
1.3391,1.33906,1026,0.0,GBPUSD,1784057843292,2026-07-14T19:37:23.292000Z,0.0
1.33913,1.33911,1028,0.0,GBPUSD,1784057845229,2026-07-14T19:37:25.229000Z,0.0
1.33913,1.33911,1026,0.0,GBPUSD,1784057849355,2026-07-14T19:37:29.355000Z,0.0
1.3391199999999999,1.3391,1030,0.0,GBPUSD,1784057851577,2026-07-14T19:37:31.577000Z,0.0
1.33913,1.33911,1026,0.0,GBPUSD,1784057852460,2026-07-14T19:37:32.460000Z,0.0
1.33913,1.33911,1028,0.0,GBPUSD,1784057854837,2026-07-14T19:37:34.837000Z,0.0
1.33914,1.3391199999999999,1026,0.0,GBPUSD,1784057857704,2026-07-14T19:37:37.704000Z,0.0
1.33911,1.33908,1030,0.0,GBPUSD,1784057858779,2026-07-14T19:37:38.779000Z,0.0
1.33911,1.3390900000000001,1028,0.0,GBPUSD,1784057861928,2026-07-14T19:37:41.928000Z,0.0
1.33908,1.33905,1026,0.0,GBPUSD,1784057863645,2026-07-14T19:37:43.645000Z,0.0
1.33901,1.33899,1030,0.0,GBPUSD,1784057865544,2026-07-14T19:37:45.544000Z,0.0
1.33902,1.339,1028,0.0,GBPUSD,1784057867953,2026-07-14T19:37:47.953000Z,0.0
1.33902,1.339,1026,0.0,GBPUSD,1784057869464,2026-07-14T19:37:49.464000Z,0.0
1.33903,1.339,1028,0.0,GBPUSD,1784057872285,2026-07-14T19:37:52.285000Z,0.0
1.33904,1.33901,1030,0.0,GBPUSD,1784057874057,2026-07-14T19:37:54.057000Z,0.0
1.33906,1.33902,1028,0.0,GBPUSD,1784057876231,2026-07-14T19:37:56.231000Z,0.0
1.33906,1.33903,1026,0.0,GBPUSD,1784057878172,2026-07-14T19:37:58.172000Z,0.0
1.3390900000000001,1.33907,1026,0.0,GBPUSD,1784057880533,2026-07-14T19:38:00.533000Z,0.0
1.3391199999999999,1.3390900000000001,1028,0.0,GBPUSD,1784057881143,2026-07-14T19:38:01.143000Z,0.0
1.33911,1.33908,1026,0.0,GBPUSD,1784057883279,2026-07-14T19:38:03.279000Z,0.0
1.33907,1.33904,1028,0.0,GBPUSD,1784057886492,2026-07-14T19:38:06.492000Z,0.0
1.33903,1.33901,1028,0.0,GBPUSD,1784057888607,2026-07-14T19:38:08.607000Z,0.0
1.33902,1.339,1028,0.0,GBPUSD,1784057888988,2026-07-14T19:38:08.988000Z,0.0
1.33906,1.33904,1028,0.0,GBPUSD,1784057892840,2026-07-14T19:38:12.840000Z,0.0
1.33908,1.33905,1028,0.0,GBPUSD,1784057894203,2026-07-14T19:38:14.203000Z,0.0
1.33908,1.33906,1026,0.0,GBPUSD,1784057895693,2026-07-14T19:38:15.693000Z,0.0
1.33911,1.3390900000000001,1030,0.0,GBPUSD,1784057899038,2026-07-14T19:38:19.038000Z,0.0
1.3391,1.33908,1030,0.0,GBPUSD,1784057901045,2026-07-14T19:38:21.045000Z,0.0
1.33914,1.33911,1026,0.0,GBPUSD,1784057903268,2026-07-14T19:38:23.268000Z,0.0
1.33914,1.33911,1026,0.0,GBPUSD,1784057905255,2026-07-14T19:38:25.255000Z,0.0
1.3390900000000001,1.33907,1030,0.0,GBPUSD,1784057907425,2026-07-14T19:38:27.425000Z,0.0
1.3391199999999999,1.3390900000000001,1030,0.0,GBPUSD,1784057909475,2026-07-14T19:38:29.475000Z,0.0
1.33914,1.33911,1028,0.0,GBPUSD,1784057910181,2026-07-14T19:38:30.181000Z,0.0
1.3391,1.33908,1026,0.0,GBPUSD,1784057912982,2026-07-14T19:38:32.982000Z,0.0
1.3391600000000001,1.3391199999999999,1028,0.0,GBPUSD,1784057915165,2026-07-14T19:38:35.165000Z,0.0
1.3391199999999999,1.3391,1028,0.0,GBPUSD,1784057917666,2026-07-14T19:38:37.666000Z,0.0
1.33913,1.3391,1028,0.0,GBPUSD,1784057919716,2026-07-14T19:38:39.716000Z,0.0
1.33914,1.33911,1026,0.0,GBPUSD,1784057921645,2026-07-14T19:38:41.645000Z,0.0
1.33915,1.3391199999999999,1028,0.0,GBPUSD,1784057923295,2026-07-14T19:38:43.295000Z,0.0
1.3391,1.33908,1030,0.0,GBPUSD,1784057925987,2026-07-14T19:38:45.987000Z,0.0
1.33911,1.3390900000000001,1030,0.0,GBPUSD,1784057926982,2026-07-14T19:38:46.982000Z,0.0
1.33911,1.3390900000000001,1030,0.0,GBPUSD,1784057929715,2026-07-14T19:38:49.715000Z,0.0
1.33918,1.3391600000000001,1030,0.0,GBPUSD,1784057932241,2026-07-14T19:38:52.241000Z,0.0
1.33913,1.3391,1028,0.0,GBPUSD,1784057934317,2026-07-14T19:38:54.317000Z,0.0
1.33914,1.3391199999999999,1028,0.0,GBPUSD,1784057936305,2026-07-14T19:38:56.305000Z,0.0
1.33914,1.3391199999999999,1028,0.0,GBPUSD,1784057938288,2026-07-14T19:38:58.288000Z,0.0
1.33915,1.33913,1028,0.0,GBPUSD,1784057940526,2026-07-14T19:39:00.526000Z,0.0
1.33914,1.3391199999999999,1026,0.0,GBPUSD,1784057942274,2026-07-14T19:39:02.274000Z,0.0
1.3391899999999999,1.3391600000000001,1026,0.0,GBPUSD,1784057944379,2026-07-14T19:39:04.379000Z,0.0
1.33917,1.33914,1026,0.0,GBPUSD,1784057946495,2026-07-14T19:39:06.495000Z,0.0
1.33917,1.33914,1026,0.0,GBPUSD,1784057947484,2026-07-14T19:39:07.484000Z,0.0
1.33918,1.33914,1026,0.0,GBPUSD,1784057949097,2026-07-14T19:39:09.097000Z,0.0
1.33917,1.33914,1026,0.0,GBPUSD,1784057952203,2026-07-14T19:39:12.203000Z,0.0
1.3391600000000001,1.33913,1030,0.0,GBPUSD,1784057953436,2026-07-14T19:39:13.436000Z,0.0
1.3391199999999999,1.3391,1026,0.0,GBPUSD,1784057956890,2026-07-14T19:39:16.890000Z,0.0
1.3391600000000001,1.33913,1028,0.0,GBPUSD,1784057958190,2026-07-14T19:39:18.190000Z,0.0
1.3391600000000001,1.33913,1028,0.0,GBPUSD,1784057960276,2026-07-14T19:39:20.276000Z,0.0
1.3391600000000001,1.33913,1028,0.0,GBPUSD,1784057962847,2026-07-14T19:39:22.847000Z,0.0
1.33917,1.33913,1028,0.0,GBPUSD,1784057964150,2026-07-14T19:39:24.150000Z,0.0
1.33921,1.3391899999999999,1026,0.0,GBPUSD,1784057967344,2026-07-14T19:39:27.344000Z,0.0
1.33917,1.33915,1030,0.0,GBPUSD,1784057968470,2026-07-14T19:39:28.470000Z,0.0
1.33918,1.33914,1028,0.0,GBPUSD,1784057971497,2026-07-14T19:39:31.497000Z,0.0
1.3391899999999999,1.33915,1030,0.0,GBPUSD,1784057971604,2026-07-14T19:39:31.604000Z,0.0
1.3391899999999999,1.33915,1030,0.0,GBPUSD,1784057974117,2026-07-14T19:39:34.117000Z,0.0
1.3391899999999999,1.33915,1028,0.0,GBPUSD,1784057976693,2026-07-14T19:39:36.693000Z,0.0
1.3391899999999999,1.33915,1030,0.0,GBPUSD,1784057979330,2026-07-14T19:39:39.330000Z,0.0
1.3392,1.3391600000000001,1030,0.0,GBPUSD,1784057981739,2026-07-14T19:39:41.739000Z,0.0
1.3391899999999999,1.33914,1026,0.0,GBPUSD,1784057982847,2026-07-14T19:39:42.847000Z,0.0
1.3391899999999999,1.33915,1028,0.0,GBPUSD,1784057984932,2026-07-14T19:39:44.932000Z,0.0
1.3391899999999999,1.33915,1028,0.0,GBPUSD,1784057987951,2026-07-14T19:39:47.951000Z,0.0
1.3391899999999999,1.33915,1030,0.0,GBPUSD,1784057989106,2026-07-14T19:39:49.106000Z,0.0
1.3392,1.3391600000000001,1030,0.0,GBPUSD,1784057993150,2026-07-14T19:39:53.150000Z,0.0
1.33918,1.33914,1028,0.0,GBPUSD,1784057995504,2026-07-14T19:39:55.504000Z,0.0
1.33918,1.33914,1026,0.0,GBPUSD,1784057998263,2026-07-14T19:39:58.263000Z,0.0
1.33918,1.33914,1030,0.0,GBPUSD,1784058000350,2026-07-14T19:40:00.350000Z,0.0
1.3391899999999999,1.33914,1026,0.0,GBPUSD,1784058002284,2026-07-14T19:40:02.284000Z,0.0
1.3391899999999999,1.33915,1026,0.0,GBPUSD,1784058004168,2026-07-14T19:40:04.168000Z,0.0
1.33915,1.33911,1026,0.0,GBPUSD,1784058006463,2026-07-14T19:40:06.463000Z,0.0
1.33913,1.33908,1026,0.0,GBPUSD,1784058008493,2026-07-14T19:40:08.493000Z,0.0
1.33911,1.33907,1028,0.0,GBPUSD,1784058009838,2026-07-14T19:40:09.838000Z,0.0
1.3391199999999999,1.33908,1030,0.0,GBPUSD,1784058011259,2026-07-14T19:40:11.259000Z,0.0
1.33911,1.33907,1030,0.0,GBPUSD,1784058016148,2026-07-14T19:40:16.148000Z,0.0
1.3390900000000001,1.33905,1026,0.0,GBPUSD,1784058019087,2026-07-14T19:40:19.087000Z,0.0
1.3391,1.33906,1028,0.0,GBPUSD,1784058020789,2026-07-14T19:40:20.789000Z,0.0
1.3391199999999999,1.33908,1026,0.0,GBPUSD,1784058023110,2026-07-14T19:40:23.110000Z,0.0
1.33911,1.33906,1026,0.0,GBPUSD,1784058025099,2026-07-14T19:40:25.099000Z,0.0
1.3391199999999999,1.33908,1030,0.0,GBPUSD,1784058026572,2026-07-14T19:40:26.572000Z,0.0
1.33914,1.3391,1030,0.0,GBPUSD,1784058028745,2026-07-14T19:40:28.745000Z,0.0
1.3391199999999999,1.33908,1030,0.0,GBPUSD,1784058037375,2026-07-14T19:40:37.375000Z,0.0
1.33911,1.33907,1030,0.0,GBPUSD,1784058038266,2026-07-14T19:40:38.266000Z,0.0
1.33915,1.33911,1030,0.0,GBPUSD,1784058041428,2026-07-14T19:40:41.428000Z,0.0
1.33915,1.33911,1030,0.0,GBPUSD,1784058042674,2026-07-14T19:40:42.674000Z,0.0
1.33911,1.33907,1028,0.0,GBPUSD,1784058045192,2026-07-14T19:40:45.192000Z,0.0
1.33913,1.33908,1030,0.0,GBPUSD,1784058052189,2026-07-14T19:40:52.189000Z,0.0
1.3391199999999999,1.33907,1030,0.0,GBPUSD,1784058053904,2026-07-14T19:40:53.904000Z,0.0
1.33914,1.3390900000000001,1030,0.0,GBPUSD,1784058055924,2026-07-14T19:40:55.924000Z,0.0
1.3391199999999999,1.33907,1030,0.0,GBPUSD,1784058058266,2026-07-14T19:40:58.266000Z,0.0
1.33901,1.33898,1030,0.0,GBPUSD,1784058060252,2026-07-14T19:41:00.252000Z,0.0
1.33902,1.33899,1030,0.0,GBPUSD,1784058062354,2026-07-14T19:41:02.354000Z,0.0
1.33902,1.33899,1026,0.0,GBPUSD,1784058064075,2026-07-14T19:41:04.075000Z,0.0
1.33901,1.33898,1030,0.0,GBPUSD,1784058066574,2026-07-14T19:41:06.574000Z,0.0
1.33902,1.33899,1030,0.0,GBPUSD,1784058068398,2026-07-14T19:41:08.398000Z,0.0
1.33901,1.33898,1030,0.0,GBPUSD,1784058070426,2026-07-14T19:41:10.426000Z,0.0
1.33902,1.33899,1030,0.0,GBPUSD,1784058072782,2026-07-14T19:41:12.782000Z,0.0
1.33903,1.33901,1026,0.0,GBPUSD,1784058074851,2026-07-14T19:41:14.851000Z,0.0
1.33907,1.33903,1028,0.0,GBPUSD,1784058076815,2026-07-14T19:41:16.815000Z,0.0
1.33906,1.33903,1028,0.0,GBPUSD,1784058077754,2026-07-14T19:41:17.754000Z,0.0
1.33902,1.33899,1030,0.0,GBPUSD,1784058080234,2026-07-14T19:41:20.234000Z,0.0
1.33902,1.339,1026,0.0,GBPUSD,1784058082994,2026-07-14T19:41:22.994000Z,0.0
1.33901,1.33899,1026,0.0,GBPUSD,1784058084922,2026-07-14T19:41:24.922000Z,0.0
1.33901,1.33898,1030,0.0,GBPUSD,1784058087311,2026-07-14T19:41:27.311000Z,0.0
1.339,1.33897,1030,0.0,GBPUSD,1784058089420,2026-07-14T19:41:29.420000Z,0.0
1.339,1.33897,1026,0.0,GBPUSD,1784058091287,2026-07-14T19:41:31.287000Z,0.0
1.33901,1.33898,1030,0.0,GBPUSD,1784058093404,2026-07-14T19:41:33.404000Z,0.0
1.33901,1.33898,1026,0.0,GBPUSD,1784058095576,2026-07-14T19:41:35.576000Z,0.0
1.339,1.33897,1030,0.0,GBPUSD,1784058097598,2026-07-14T19:41:37.598000Z,0.0
1.33899,1.33896,1026,0.0,GBPUSD,1784058099241,2026-07-14T19:41:39.241000Z,0.0
1.33901,1.33898,1030,0.0,GBPUSD,1784058101636,2026-07-14T19:41:41.636000Z,0.0
1.33896,1.33894,1030,0.0,GBPUSD,1784058103893,2026-07-14T19:41:43.893000Z,0.0
1.33893,1.3389,1028,0.0,GBPUSD,1784058105736,2026-07-14T19:41:45.736000Z,0.0
1.33895,1.33891,1026,0.0,GBPUSD,1784058108032,2026-07-14T19:41:48.032000Z,0.0
1.33891,1.33888,1030,0.0,GBPUSD,1784058110082,2026-07-14T19:41:50.082000Z,0.0
1.3389199999999999,1.3388900000000001,1030,0.0,GBPUSD,1784058112156,2026-07-14T19:41:52.156000Z,0.0
1.33891,1.33888,1030,0.0,GBPUSD,1784058113740,2026-07-14T19:41:53.740000Z,0.0
1.33891,1.3388900000000001,1026,0.0,GBPUSD,1784058114266,2026-07-14T19:41:54.266000Z,0.0
1.33891,1.3388900000000001,1026,0.0,GBPUSD,1784058117370,2026-07-14T19:41:57.370000Z,0.0
1.3389,1.33887,1030,0.0,GBPUSD,1784058120336,2026-07-14T19:42:00.336000Z,0.0
1.33895,1.3389199999999999,1028,0.0,GBPUSD,1784058122206,2026-07-14T19:42:02.206000Z,0.0
1.33895,1.33891,1026,0.0,GBPUSD,1784058124545,2026-07-14T19:42:04.545000Z,0.0
1.3389,1.33887,1030,0.0,GBPUSD,1784058126551,2026-07-14T19:42:06.551000Z,0.0
1.33887,1.33884,1030,0.0,GBPUSD,1784058128637,2026-07-14T19:42:08.637000Z,0.0
1.33881,1.33878,1026,0.0,GBPUSD,1784058130654,2026-07-14T19:42:10.654000Z,0.0
1.33881,1.33878,1030,0.0,GBPUSD,1784058132516,2026-07-14T19:42:12.516000Z,0.0
1.33881,1.33879,1026,0.0,GBPUSD,1784058133091,2026-07-14T19:42:13.091000Z,0.0
1.33881,1.33878,1030,0.0,GBPUSD,1784058136538,2026-07-14T19:42:16.538000Z,0.0
1.33881,1.33878,1030,0.0,GBPUSD,1784058138435,2026-07-14T19:42:18.435000Z,0.0
1.3388200000000001,1.33879,1030,0.0,GBPUSD,1784058141105,2026-07-14T19:42:21.105000Z,0.0
1.3388200000000001,1.3388,1026,0.0,GBPUSD,1784058142619,2026-07-14T19:42:22.619000Z,0.0
1.33881,1.33878,1030,0.0,GBPUSD,1784058145183,2026-07-14T19:42:25.183000Z,0.0
1.33888,1.3388499999999999,1030,0.0,GBPUSD,1784058147238,2026-07-14T19:42:27.238000Z,0.0
1.33881,1.33878,1026,0.0,GBPUSD,1784058149267,2026-07-14T19:42:29.267000Z,0.0
1.33883,1.33881,1030,0.0,GBPUSD,1784058150991,2026-07-14T19:42:30.991000Z,0.0
1.3388200000000001,1.33879,1030,0.0,GBPUSD,1784058153035,2026-07-14T19:42:33.035000Z,0.0
1.33883,1.3388,1026,0.0,GBPUSD,1784058155451,2026-07-14T19:42:35.451000Z,0.0
1.33886,1.33883,1030,0.0,GBPUSD,1784058157339,2026-07-14T19:42:37.339000Z,0.0
1.33887,1.33884,1026,0.0,GBPUSD,1784058159563,2026-07-14T19:42:39.563000Z,0.0
1.33886,1.3388200000000001,1026,0.0,GBPUSD,1784058161675,2026-07-14T19:42:41.675000Z,0.0
1.3388499999999999,1.3388200000000001,1028,0.0,GBPUSD,1784058163786,2026-07-14T19:42:43.786000Z,0.0
1.33884,1.33881,1026,0.0,GBPUSD,1784058165403,2026-07-14T19:42:45.403000Z,0.0
1.3388499999999999,1.3388200000000001,1030,0.0,GBPUSD,1784058167166,2026-07-14T19:42:47.166000Z,0.0
1.3388499999999999,1.3388200000000001,1028,0.0,GBPUSD,1784058169900,2026-07-14T19:42:49.900000Z,0.0
1.3388499999999999,1.3388200000000001,1026,0.0,GBPUSD,1784058171093,2026-07-14T19:42:51.093000Z,0.0
1.3388499999999999,1.33881,1028,0.0,GBPUSD,1784058174160,2026-07-14T19:42:54.160000Z,0.0
1.33881,1.33879,1030,0.0,GBPUSD,1784058176243,2026-07-14T19:42:56.243000Z,0.0
1.3388200000000001,1.3388,1026,0.0,GBPUSD,1784058178196,2026-07-14T19:42:58.196000Z,0.0
1.33883,1.3388,1028,0.0,GBPUSD,1784058180337,2026-07-14T19:43:00.337000Z,0.0
1.3388200000000001,1.33879,1030,0.0,GBPUSD,1784058182443,2026-07-14T19:43:02.443000Z,0.0
1.33884,1.3388200000000001,1030,0.0,GBPUSD,1784058183406,2026-07-14T19:43:03.406000Z,0.0
1.33883,1.33881,1026,0.0,GBPUSD,1784058185594,2026-07-14T19:43:05.594000Z,0.0
1.33884,1.3388,1028,0.0,GBPUSD,1784058188626,2026-07-14T19:43:08.626000Z,0.0
1.3388900000000001,1.33886,1028,0.0,GBPUSD,1784058190410,2026-07-14T19:43:10.410000Z,0.0
1.33887,1.3388499999999999,1030,0.0,GBPUSD,1784058192734,2026-07-14T19:43:12.734000Z,0.0
1.3388900000000001,1.33887,1030,0.0,GBPUSD,1784058194660,2026-07-14T19:43:14.660000Z,0.0
1.3389,1.33888,1030,0.0,GBPUSD,1784058196835,2026-07-14T19:43:16.835000Z,0.0
1.33887,1.3388499999999999,1026,0.0,GBPUSD,1784058198713,2026-07-14T19:43:18.713000Z,0.0
1.33886,1.33884,1028,0.0,GBPUSD,1784058200418,2026-07-14T19:43:20.418000Z,0.0
1.33886,1.33884,1026,0.0,GBPUSD,1784058203063,2026-07-14T19:43:23.063000Z,0.0
1.3388499999999999,1.3388200000000001,1030,0.0,GBPUSD,1784058204764,2026-07-14T19:43:24.764000Z,0.0
1.33888,1.3388499999999999,1028,0.0,GBPUSD,1784058207079,2026-07-14T19:43:27.079000Z,0.0
1.3389,1.33886,1030,0.0,GBPUSD,1784058209200,2026-07-14T19:43:29.200000Z,0.0
1.3389199999999999,1.33888,1028,0.0,GBPUSD,1784058211369,2026-07-14T19:43:31.369000Z,0.0
1.3389,1.33887,1028,0.0,GBPUSD,1784058213434,2026-07-14T19:43:33.434000Z,0.0
1.33891,1.33888,1028,0.0,GBPUSD,1784058214864,2026-07-14T19:43:34.864000Z,0.0
1.3389199999999999,1.33888,1028,0.0,GBPUSD,1784058217384,2026-07-14T19:43:37.384000Z,0.0
1.3389,1.33888,1030,0.0,GBPUSD,1784058219539,2026-07-14T19:43:39.539000Z,0.0
1.3389,1.33887,1030,0.0,GBPUSD,1784058221237,2026-07-14T19:43:41.237000Z,0.0
1.3388900000000001,1.33886,1030,0.0,GBPUSD,1784058223734,2026-07-14T19:43:43.734000Z,0.0
1.33888,1.33886,1028,0.0,GBPUSD,1784058224790,2026-07-14T19:43:44.790000Z,0.0
1.33888,1.33886,1030,0.0,GBPUSD,1784058227192,2026-07-14T19:43:47.192000Z,0.0
1.3389,1.33887,1030,0.0,GBPUSD,1784058234098,2026-07-14T19:43:54.098000Z,0.0
1.33888,1.33886,1030,0.0,GBPUSD,1784058236029,2026-07-14T19:43:56.029000Z,0.0
1.3388900000000001,1.33886,1030,0.0,GBPUSD,1784058237827,2026-07-14T19:43:57.827000Z,0.0
1.33891,1.3388900000000001,1026,0.0,GBPUSD,1784058240259,2026-07-14T19:44:00.259000Z,0.0
1.3389,1.33888,1030,0.0,GBPUSD,1784058242192,2026-07-14T19:44:02.192000Z,0.0
1.33891,1.3388900000000001,1030,0.0,GBPUSD,1784058243057,2026-07-14T19:44:03.057000Z,0.0
1.33887,1.33884,1030,0.0,GBPUSD,1784058246209,2026-07-14T19:44:06.209000Z,0.0
1.33884,1.33881,1028,0.0,GBPUSD,1784058248557,2026-07-14T19:44:08.557000Z,0.0
1.3388499999999999,1.33881,1028,0.0,GBPUSD,1784058250598,2026-07-14T19:44:10.598000Z,0.0
1.33886,1.33881,1028,0.0,GBPUSD,1784058252704,2026-07-14T19:44:12.704000Z,0.0
1.3388499999999999,1.33881,1028,0.0,GBPUSD,1784058254439,2026-07-14T19:44:14.439000Z,0.0
1.3388499999999999,1.3388200000000001,1028,0.0,GBPUSD,1784058256833,2026-07-14T19:44:16.833000Z,0.0
1.33883,1.33881,1028,0.0,GBPUSD,1784058258787,2026-07-14T19:44:18.787000Z,0.0
1.33883,1.33881,1030,0.0,GBPUSD,1784058259833,2026-07-14T19:44:19.833000Z,0.0
1.33884,1.3388200000000001,1026,0.0,GBPUSD,1784058267186,2026-07-14T19:44:27.186000Z,0.0
1.3388200000000001,1.3388,1030,0.0,GBPUSD,1784058267800,2026-07-14T19:44:27.800000Z,0.0
1.33883,1.33881,1030,0.0,GBPUSD,1784058269289,2026-07-14T19:44:29.289000Z,0.0
1.3388200000000001,1.3388,1030,0.0,GBPUSD,1784058273035,2026-07-14T19:44:33.035000Z,0.0
1.33884,1.33881,1028,0.0,GBPUSD,1784058275393,2026-07-14T19:44:35.393000Z,0.0
1.33883,1.3388,1028,0.0,GBPUSD,1784058277038,2026-07-14T19:44:37.038000Z,0.0
1.3388499999999999,1.33883,1028,0.0,GBPUSD,1784058279395,2026-07-14T19:44:39.395000Z,0.0
1.33886,1.33883,1028,0.0,GBPUSD,1784058281594,2026-07-14T19:44:41.594000Z,0.0
1.3388499999999999,1.33883,1028,0.0,GBPUSD,1784058282086,2026-07-14T19:44:42.086000Z,0.0
1.33884,1.3388200000000001,1030,0.0,GBPUSD,1784058285635,2026-07-14T19:44:45.635000Z,0.0
1.3388499999999999,1.3388200000000001,1028,0.0,GBPUSD,1784058287643,2026-07-14T19:44:47.643000Z,0.0
1.33875,1.33872,1028,0.0,GBPUSD,1784058289817,2026-07-14T19:44:49.817000Z,0.0
1.33873,1.33871,1030,0.0,GBPUSD,1784058291212,2026-07-14T19:44:51.212000Z,0.0
1.33867,1.33865,1028,0.0,GBPUSD,1784058294012,2026-07-14T19:44:54.012000Z,0.0
1.33866,1.33863,1026,0.0,GBPUSD,1784058296148,2026-07-14T19:44:56.148000Z,0.0
1.33871,1.33869,1030,0.0,GBPUSD,1784058298153,2026-07-14T19:44:58.153000Z,0.0
1.33872,1.3387,1026,0.0,GBPUSD,1784058299132,2026-07-14T19:44:59.132000Z,0.0
1.33875,1.33872,1028,0.0,GBPUSD,1784058302191,2026-07-14T19:45:02.191000Z,0.0
1.33878,1.33875,1026,0.0,GBPUSD,1784058304292,2026-07-14T19:45:04.292000Z,0.0
1.33879,1.33876,1026,0.0,GBPUSD,1784058305934,2026-07-14T19:45:05.934000Z,0.0
1.33879,1.33876,1028,0.0,GBPUSD,1784058308441,2026-07-14T19:45:08.441000Z,0.0
1.3388,1.33876,1026,0.0,GBPUSD,1784058310251,2026-07-14T19:45:10.251000Z,0.0
1.3388,1.33876,1026,0.0,GBPUSD,1784058312683,2026-07-14T19:45:12.683000Z,0.0
1.3388,1.33877,1026,0.0,GBPUSD,1784058314585,2026-07-14T19:45:14.585000Z,0.0
1.3388,1.33877,1030,0.0,GBPUSD,1784058315432,2026-07-14T19:45:15.432000Z,0.0
1.33881,1.33878,1028,0.0,GBPUSD,1784058318498,2026-07-14T19:45:18.498000Z,0.0
1.3388499999999999,1.3388200000000001,1030,0.0,GBPUSD,1784058320752,2026-07-14T19:45:20.752000Z,0.0
1.33887,1.33884,1028,0.0,GBPUSD,1784058322916,2026-07-14T19:45:22.916000Z,0.0
1.33887,1.33883,1028,0.0,GBPUSD,1784058324999,2026-07-14T19:45:24.999000Z,0.0
1.33881,1.33877,1028,0.0,GBPUSD,1784058327068,2026-07-14T19:45:27.068000Z,0.0
1.33884,1.33881,1030,0.0,GBPUSD,1784058329106,2026-07-14T19:45:29.106000Z,0.0
1.33881,1.33878,1026,0.0,GBPUSD,1784058331230,2026-07-14T19:45:31.230000Z,0.0
1.33881,1.33879,1026,0.0,GBPUSD,1784058332085,2026-07-14T19:45:32.085000Z,0.0
1.3388,1.33877,1030,0.0,GBPUSD,1784058334576,2026-07-14T19:45:34.576000Z,0.0
1.3388,1.33878,1028,0.0,GBPUSD,1784058337373,2026-07-14T19:45:37.373000Z,0.0
1.33879,1.33876,1026,0.0,GBPUSD,1784058339382,2026-07-14T19:45:39.382000Z,0.0
1.33879,1.33876,1030,0.0,GBPUSD,1784058341651,2026-07-14T19:45:41.651000Z,0.0
1.33877,1.33873,1030,0.0,GBPUSD,1784058343861,2026-07-14T19:45:43.861000Z,0.0
1.33878,1.33874,1028,0.0,GBPUSD,1784058346065,2026-07-14T19:45:46.065000Z,0.0
1.33879,1.33875,1028,0.0,GBPUSD,1784058347930,2026-07-14T19:45:47.930000Z,0.0
1.33874,1.33872,1028,0.0,GBPUSD,1784058350220,2026-07-14T19:45:50.220000Z,0.0
1.33875,1.33872,1028,0.0,GBPUSD,1784058350231,2026-07-14T19:45:50.231000Z,0.0
1.33876,1.33871,1026,0.0,GBPUSD,1784058354336,2026-07-14T19:45:54.336000Z,0.0
1.33876,1.33873,1026,0.0,GBPUSD,1784058356097,2026-07-14T19:45:56.097000Z,0.0
1.33871,1.33868,1030,0.0,GBPUSD,1784058358341,2026-07-14T19:45:58.341000Z,0.0
1.33869,1.33866,1030,0.0,GBPUSD,1784058360539,2026-07-14T19:46:00.539000Z,0.0
1.3387,1.33868,1026,0.0,GBPUSD,1784058362366,2026-07-14T19:46:02.366000Z,0.0
1.33869,1.33865,1028,0.0,GBPUSD,1784058364320,2026-07-14T19:46:04.320000Z,0.0
1.33869,1.33865,1028,0.0,GBPUSD,1784058366804,2026-07-14T19:46:06.804000Z,0.0
1.33869,1.33867,1026,0.0,GBPUSD,1784058367345,2026-07-14T19:46:07.345000Z,0.0
1.33872,1.3387,1026,0.0,GBPUSD,1784058370619,2026-07-14T19:46:10.619000Z,0.0
1.33869,1.33866,1026,0.0,GBPUSD,1784058373082,2026-07-14T19:46:13.082000Z,0.0
1.33869,1.33866,1026,0.0,GBPUSD,1784058374685,2026-07-14T19:46:14.685000Z,0.0
1.3387,1.33866,1028,0.0,GBPUSD,1784058376863,2026-07-14T19:46:16.863000Z,0.0
1.33869,1.33865,1026,0.0,GBPUSD,1784058378983,2026-07-14T19:46:18.983000Z,0.0
1.3387,1.33867,1026,0.0,GBPUSD,1784058381361,2026-07-14T19:46:21.361000Z,0.0
1.3387,1.33867,1028,0.0,GBPUSD,1784058383199,2026-07-14T19:46:23.199000Z,0.0
1.3387,1.33867,1026,0.0,GBPUSD,1784058384426,2026-07-14T19:46:24.426000Z,0.0
1.3387,1.33866,1026,0.0,GBPUSD,1784058386931,2026-07-14T19:46:26.931000Z,0.0
1.33871,1.33867,1028,0.0,GBPUSD,1784058389527,2026-07-14T19:46:29.527000Z,0.0
1.3387,1.33868,1026,0.0,GBPUSD,1784058390885,2026-07-14T19:46:30.885000Z,0.0
1.3387,1.33867,1028,0.0,GBPUSD,1784058393253,2026-07-14T19:46:33.253000Z,0.0
1.33864,1.33861,1030,0.0,GBPUSD,1784058395829,2026-07-14T19:46:35.829000Z,0.0
1.33866,1.33863,1026,0.0,GBPUSD,1784058397893,2026-07-14T19:46:37.893000Z,0.0
1.33868,1.33864,1028,0.0,GBPUSD,1784058399710,2026-07-14T19:46:39.710000Z,0.0
1.33866,1.33862,1026,0.0,GBPUSD,1784058401680,2026-07-14T19:46:41.680000Z,0.0
1.33866,1.33863,1028,0.0,GBPUSD,1784058404103,2026-07-14T19:46:44.103000Z,0.0
1.33865,1.33863,1026,0.0,GBPUSD,1784058406170,2026-07-14T19:46:46.170000Z,0.0
1.33864,1.33861,1026,0.0,GBPUSD,1784058408217,2026-07-14T19:46:48.217000Z,0.0
1.33868,1.33865,1026,0.0,GBPUSD,1784058410279,2026-07-14T19:46:50.279000Z,0.0
1.33869,1.33867,1030,0.0,GBPUSD,1784058412294,2026-07-14T19:46:52.294000Z,0.0
1.33871,1.33869,1030,0.0,GBPUSD,1784058414415,2026-07-14T19:46:54.415000Z,0.0
1.33871,1.33868,1026,0.0,GBPUSD,1784058416049,2026-07-14T19:46:56.049000Z,0.0
1.3387,1.33867,1030,0.0,GBPUSD,1784058418424,2026-07-14T19:46:58.424000Z,0.0
1.33871,1.33868,1028,0.0,GBPUSD,1784058420397,2026-07-14T19:47:00.397000Z,0.0
1.33875,1.33871,1030,0.0,GBPUSD,1784058422296,2026-07-14T19:47:02.296000Z,0.0
1.33871,1.33869,1030,0.0,GBPUSD,1784058424537,2026-07-14T19:47:04.537000Z,0.0
1.33864,1.33862,1028,0.0,GBPUSD,1784058426789,2026-07-14T19:47:06.789000Z,0.0
1.33861,1.33859,1028,0.0,GBPUSD,1784058428560,2026-07-14T19:47:08.560000Z,0.0
1.33859,1.33856,1026,0.0,GBPUSD,1784058430485,2026-07-14T19:47:10.485000Z,0.0
1.3385799999999999,1.3385500000000001,1030,0.0,GBPUSD,1784058431790,2026-07-14T19:47:11.790000Z,0.0
1.33857,1.33854,1026,0.0,GBPUSD,1784058435080,2026-07-14T19:47:15.080000Z,0.0
1.3385799999999999,1.3385500000000001,1026,0.0,GBPUSD,1784058437029,2026-07-14T19:47:17.029000Z,0.0
1.33857,1.33854,1028,0.0,GBPUSD,1784058438577,2026-07-14T19:47:18.577000Z,0.0
1.33861,1.33859,1028,0.0,GBPUSD,1784058440608,2026-07-14T19:47:20.608000Z,0.0
1.33861,1.3385799999999999,1030,0.0,GBPUSD,1784058443304,2026-07-14T19:47:23.304000Z,0.0
1.3385799999999999,1.3385500000000001,1026,0.0,GBPUSD,1784058445434,2026-07-14T19:47:25.434000Z,0.0
1.33862,1.33859,1028,0.0,GBPUSD,1784058447343,2026-07-14T19:47:27.343000Z,0.0
1.33862,1.33859,1030,0.0,GBPUSD,1784058449537,2026-07-14T19:47:29.537000Z,0.0
1.33862,1.33859,1028,0.0,GBPUSD,1784058451665,2026-07-14T19:47:31.665000Z,0.0
1.33864,1.33861,1030,0.0,GBPUSD,1784058453547,2026-07-14T19:47:33.547000Z,0.0
1.33862,1.3386,1028,0.0,GBPUSD,1784058454694,2026-07-14T19:47:34.694000Z,0.0
1.33863,1.33861,1028,0.0,GBPUSD,1784058456482,2026-07-14T19:47:36.482000Z,0.0
1.33863,1.33861,1028,0.0,GBPUSD,1784058459539,2026-07-14T19:47:39.539000Z,0.0
1.33863,1.33861,1028,0.0,GBPUSD,1784058461266,2026-07-14T19:47:41.266000Z,0.0
1.33863,1.33861,1028,0.0,GBPUSD,1784058466118,2026-07-14T19:47:46.118000Z,0.0
1.33865,1.33862,1030,0.0,GBPUSD,1784058467178,2026-07-14T19:47:47.178000Z,0.0
1.33871,1.33868,1028,0.0,GBPUSD,1784058469834,2026-07-14T19:47:49.834000Z,0.0
1.33873,1.3387,1028,0.0,GBPUSD,1784058472359,2026-07-14T19:47:52.359000Z,0.0
1.33872,1.3387,1028,0.0,GBPUSD,1784058474406,2026-07-14T19:47:54.406000Z,0.0
1.33866,1.33864,1030,0.0,GBPUSD,1784058476431,2026-07-14T19:47:56.431000Z,0.0
1.33865,1.33863,1030,0.0,GBPUSD,1784058478514,2026-07-14T19:47:58.514000Z,0.0
1.33862,1.3386,1030,0.0,GBPUSD,1784058480603,2026-07-14T19:48:00.603000Z,0.0
1.33862,1.3386,1028,0.0,GBPUSD,1784058482679,2026-07-14T19:48:02.679000Z,0.0
1.33865,1.33862,1030,0.0,GBPUSD,1784058483797,2026-07-14T19:48:03.797000Z,0.0
1.33861,1.3385799999999999,1028,0.0,GBPUSD,1784058486637,2026-07-14T19:48:06.637000Z,0.0
1.33859,1.33856,1030,0.0,GBPUSD,1784058488847,2026-07-14T19:48:08.847000Z,0.0
1.33859,1.33857,1026,0.0,GBPUSD,1784058490977,2026-07-14T19:48:10.977000Z,0.0
1.3386,1.33857,1030,0.0,GBPUSD,1784058493044,2026-07-14T19:48:13.044000Z,0.0
1.3386,1.33857,1030,0.0,GBPUSD,1784058494643,2026-07-14T19:48:14.643000Z,0.0
1.33856,1.33853,1028,0.0,GBPUSD,1784058497190,2026-07-14T19:48:17.190000Z,0.0
1.33854,1.3385099999999999,1030,0.0,GBPUSD,1784058498521,2026-07-14T19:48:18.521000Z,0.0
1.3385,1.33847,1028,0.0,GBPUSD,1784058501299,2026-07-14T19:48:21.299000Z,0.0
1.33856,1.33854,1030,0.0,GBPUSD,1784058503373,2026-07-14T19:48:23.373000Z,0.0
1.33857,1.3385099999999999,1026,0.0,GBPUSD,1784058505483,2026-07-14T19:48:25.483000Z,0.0
1.33857,1.3385500000000001,1028,0.0,GBPUSD,1784058507507,2026-07-14T19:48:27.507000Z,0.0
1.33857,1.33853,1028,0.0,GBPUSD,1784058509619,2026-07-14T19:48:29.619000Z,0.0
1.33859,1.3385500000000001,1028,0.0,GBPUSD,1784058511000,2026-07-14T19:48:31Z,0.0
1.33856,1.33853,1030,0.0,GBPUSD,1784058513546,2026-07-14T19:48:33.546000Z,0.0
1.33856,1.33853,1028,0.0,GBPUSD,1784058515093,2026-07-14T19:48:35.093000Z,0.0
1.33856,1.33854,1028,0.0,GBPUSD,1784058517111,2026-07-14T19:48:37.111000Z,0.0
1.33856,1.33854,1026,0.0,GBPUSD,1784058519244,2026-07-14T19:48:39.244000Z,0.0
1.33857,1.33854,1026,0.0,GBPUSD,1784058521418,2026-07-14T19:48:41.418000Z,0.0
1.33859,1.33857,1030,0.0,GBPUSD,1784058524055,2026-07-14T19:48:44.055000Z,0.0
1.33859,1.33856,1026,0.0,GBPUSD,1784058526115,2026-07-14T19:48:46.115000Z,0.0
1.33859,1.33856,1026,0.0,GBPUSD,1784058528141,2026-07-14T19:48:48.141000Z,0.0
1.33859,1.33856,1028,0.0,GBPUSD,1784058530231,2026-07-14T19:48:50.231000Z,0.0
1.3386,1.3385799999999999,1026,0.0,GBPUSD,1784058532021,2026-07-14T19:48:52.021000Z,0.0
1.33862,1.3386,1026,0.0,GBPUSD,1784058533655,2026-07-14T19:48:53.655000Z,0.0
1.3386,1.33857,1026,0.0,GBPUSD,1784058536590,2026-07-14T19:48:56.590000Z,0.0
1.33861,1.3385799999999999,1030,0.0,GBPUSD,1784058538458,2026-07-14T19:48:58.458000Z,0.0
1.33862,1.3386,1030,0.0,GBPUSD,1784058540692,2026-07-14T19:49:00.692000Z,0.0
1.33861,1.33859,1026,0.0,GBPUSD,1784058542777,2026-07-14T19:49:02.777000Z,0.0
1.33862,1.3386,1030,0.0,GBPUSD,1784058544421,2026-07-14T19:49:04.421000Z,0.0
1.33856,1.33854,1026,0.0,GBPUSD,1784058546793,2026-07-14T19:49:06.793000Z,0.0
1.33859,1.3385500000000001,1026,0.0,GBPUSD,1784058548870,2026-07-14T19:49:08.870000Z,0.0
1.33857,1.33853,1026,0.0,GBPUSD,1784058551041,2026-07-14T19:49:11.041000Z,0.0
1.33857,1.33853,1028,0.0,GBPUSD,1784058553080,2026-07-14T19:49:13.080000Z,0.0
1.33859,1.33856,1028,0.0,GBPUSD,1784058555191,2026-07-14T19:49:15.191000Z,0.0
1.3386,1.3385799999999999,1028,0.0,GBPUSD,1784058556891,2026-07-14T19:49:16.891000Z,0.0
1.3386,1.3385799999999999,1030,0.0,GBPUSD,1784058559128,2026-07-14T19:49:19.128000Z,0.0
1.33861,1.33859,1030,0.0,GBPUSD,1784058560123,2026-07-14T19:49:20.123000Z,0.0
1.33861,1.33859,1026,0.0,GBPUSD,1784058563223,2026-07-14T19:49:23.223000Z,0.0
1.33862,1.3386,1030,0.0,GBPUSD,1784058564869,2026-07-14T19:49:24.869000Z,0.0
1.3386,1.33857,1026,0.0,GBPUSD,1784058567288,2026-07-14T19:49:27.288000Z,0.0
1.33859,1.33856,1026,0.0,GBPUSD,1784058569632,2026-07-14T19:49:29.632000Z,0.0
1.33863,1.33861,1030,0.0,GBPUSD,1784058571540,2026-07-14T19:49:31.540000Z,0.0
1.33864,1.33861,1030,0.0,GBPUSD,1784058573805,2026-07-14T19:49:33.805000Z,0.0
1.33862,1.3386,1030,0.0,GBPUSD,1784058574469,2026-07-14T19:49:34.469000Z,0.0
1.33862,1.3386,1030,0.0,GBPUSD,1784058577766,2026-07-14T19:49:37.766000Z,0.0
1.33861,1.33859,1030,0.0,GBPUSD,1784058579990,2026-07-14T19:49:39.990000Z,0.0
1.33861,1.33859,1030,0.0,GBPUSD,1784058581489,2026-07-14T19:49:41.489000Z,0.0
1.33863,1.33861,1026,0.0,GBPUSD,1784058583301,2026-07-14T19:49:43.301000Z,0.0
1.33865,1.33863,1030,0.0,GBPUSD,1784058586245,2026-07-14T19:49:46.245000Z,0.0
1.33867,1.33865,1026,0.0,GBPUSD,1784058589803,2026-07-14T19:49:49.803000Z,0.0
1.33867,1.33864,1026,0.0,GBPUSD,1784058593531,2026-07-14T19:49:53.531000Z,0.0
1.33872,1.33869,1030,0.0,GBPUSD,1784058596698,2026-07-14T19:49:56.698000Z,0.0
1.33872,1.3387,1026,0.0,GBPUSD,1784058598774,2026-07-14T19:49:58.774000Z,0.0
1.33874,1.33872,1030,0.0,GBPUSD,1784058600756,2026-07-14T19:50:00.756000Z,0.0
1.33874,1.33872,1026,0.0,GBPUSD,1784058602625,2026-07-14T19:50:02.625000Z,0.0
1.33871,1.33869,1028,0.0,GBPUSD,1784058605017,2026-07-14T19:50:05.017000Z,0.0
1.33873,1.3387,1028,0.0,GBPUSD,1784058606841,2026-07-14T19:50:06.841000Z,0.0
1.33872,1.33869,1026,0.0,GBPUSD,1784058608336,2026-07-14T19:50:08.336000Z,0.0
1.33872,1.33869,1028,0.0,GBPUSD,1784058609671,2026-07-14T19:50:09.671000Z,0.0
1.33868,1.33865,1026,0.0,GBPUSD,1784058613109,2026-07-14T19:50:13.109000Z,0.0
1.3387,1.33868,1028,0.0,GBPUSD,1784058617441,2026-07-14T19:50:17.441000Z,0.0
1.33869,1.33867,1028,0.0,GBPUSD,1784058618826,2026-07-14T19:50:18.826000Z,0.0
1.33869,1.33866,1030,0.0,GBPUSD,1784058621590,2026-07-14T19:50:21.590000Z,0.0
1.3387,1.33868,1028,0.0,GBPUSD,1784058623626,2026-07-14T19:50:23.626000Z,0.0
1.3387,1.33868,1030,0.0,GBPUSD,1784058625638,2026-07-14T19:50:25.638000Z,0.0
1.33872,1.3387,1028,0.0,GBPUSD,1784058627641,2026-07-14T19:50:27.641000Z,0.0
1.33866,1.33863,1028,0.0,GBPUSD,1784058629569,2026-07-14T19:50:29.569000Z,0.0
1.33867,1.33863,1028,0.0,GBPUSD,1784058631339,2026-07-14T19:50:31.339000Z,0.0
1.33866,1.33863,1028,0.0,GBPUSD,1784058634016,2026-07-14T19:50:34.016000Z,0.0
1.33866,1.33863,1028,0.0,GBPUSD,1784058635039,2026-07-14T19:50:35.039000Z,0.0
1.33862,1.3386,1030,0.0,GBPUSD,1784058637694,2026-07-14T19:50:37.694000Z,0.0
1.33854,1.3385099999999999,1030,0.0,GBPUSD,1784058640139,2026-07-14T19:50:40.139000Z,0.0
1.3385500000000001,1.33852,1030,0.0,GBPUSD,1784058642252,2026-07-14T19:50:42.252000Z,0.0
1.3385799999999999,1.33854,1028,0.0,GBPUSD,1784058644394,2026-07-14T19:50:44.394000Z,0.0
1.33859,1.3385500000000001,1026,0.0,GBPUSD,1784058646335,2026-07-14T19:50:46.335000Z,0.0
1.33859,1.3385500000000001,1026,0.0,GBPUSD,1784058648073,2026-07-14T19:50:48.073000Z,0.0
1.3385799999999999,1.3385500000000001,1026,0.0,GBPUSD,1784058650432,2026-07-14T19:50:50.432000Z,0.0
1.33857,1.33854,1028,0.0,GBPUSD,1784058652487,2026-07-14T19:50:52.487000Z,0.0
1.3385799999999999,1.33854,1026,0.0,GBPUSD,1784058654652,2026-07-14T19:50:54.652000Z,0.0
1.33857,1.3385500000000001,1028,0.0,GBPUSD,1784058656647,2026-07-14T19:50:56.647000Z,0.0
1.3385799999999999,1.3385500000000001,1028,0.0,GBPUSD,1784058658804,2026-07-14T19:50:58.804000Z,0.0
1.3385799999999999,1.33854,1026,0.0,GBPUSD,1784058660862,2026-07-14T19:51:00.862000Z,0.0
1.33857,1.33854,1026,0.0,GBPUSD,1784058662973,2026-07-14T19:51:02.973000Z,0.0
1.33853,1.3385,1030,0.0,GBPUSD,1784058664827,2026-07-14T19:51:04.827000Z,0.0
1.3385500000000001,1.33852,1030,0.0,GBPUSD,1784058666776,2026-07-14T19:51:06.776000Z,0.0
1.33859,1.33856,1030,0.0,GBPUSD,1784058669142,2026-07-14T19:51:09.142000Z,0.0
1.33861,1.3385799999999999,1030,0.0,GBPUSD,1784058671187,2026-07-14T19:51:11.187000Z,0.0
1.3386,1.33857,1030,0.0,GBPUSD,1784058672450,2026-07-14T19:51:12.450000Z,0.0
1.3386,1.3385799999999999,1026,0.0,GBPUSD,1784058675523,2026-07-14T19:51:15.523000Z,0.0
1.33859,1.33856,1030,0.0,GBPUSD,1784058677438,2026-07-14T19:51:17.438000Z,0.0
1.3386,1.3385799999999999,1028,0.0,GBPUSD,1784058679544,2026-07-14T19:51:19.544000Z,0.0
1.33857,1.3385500000000001,1030,0.0,GBPUSD,1784058681537,2026-07-14T19:51:21.537000Z,0.0
1.33856,1.33854,1030,0.0,GBPUSD,1784058682698,2026-07-14T19:51:22.698000Z,0.0
1.33859,1.33856,1030,0.0,GBPUSD,1784058685507,2026-07-14T19:51:25.507000Z,0.0
1.33859,1.33857,1028,0.0,GBPUSD,1784058687671,2026-07-14T19:51:27.671000Z,0.0
1.33861,1.33857,1026,0.0,GBPUSD,1784058689794,2026-07-14T19:51:29.794000Z,0.0
1.33861,1.33857,1026,0.0,GBPUSD,1784058691902,2026-07-14T19:51:31.902000Z,0.0
1.33861,1.33857,1028,0.0,GBPUSD,1784058694236,2026-07-14T19:51:34.236000Z,0.0
1.33859,1.33857,1028,0.0,GBPUSD,1784058696194,2026-07-14T19:51:36.194000Z,0.0
1.3386,1.33857,1028,0.0,GBPUSD,1784058698062,2026-07-14T19:51:38.062000Z,0.0
1.33862,1.3386,1030,0.0,GBPUSD,1784058700390,2026-07-14T19:51:40.390000Z,0.0
1.33861,1.33859,1028,0.0,GBPUSD,1784058702075,2026-07-14T19:51:42.075000Z,0.0
1.33867,1.33864,1030,0.0,GBPUSD,1784058704585,2026-07-14T19:51:44.585000Z,0.0
1.33867,1.33864,1030,0.0,GBPUSD,1784058706287,2026-07-14T19:51:46.287000Z,0.0
1.33868,1.33865,1028,0.0,GBPUSD,1784058708698,2026-07-14T19:51:48.698000Z,0.0
1.3387,1.33864,1028,0.0,GBPUSD,1784058710303,2026-07-14T19:51:50.303000Z,0.0
1.3387,1.33864,1028,0.0,GBPUSD,1784058711885,2026-07-14T19:51:51.885000Z,0.0
1.33874,1.33871,1030,0.0,GBPUSD,1784058714763,2026-07-14T19:51:54.763000Z,0.0
1.33872,1.3387,1028,0.0,GBPUSD,1784058716971,2026-07-14T19:51:56.971000Z,0.0
1.3387,1.33866,1028,0.0,GBPUSD,1784058719087,2026-07-14T19:51:59.087000Z,0.0
1.33868,1.33865,1028,0.0,GBPUSD,1784058720661,2026-07-14T19:52:00.661000Z,0.0
1.33874,1.33871,1030,0.0,GBPUSD,1784058723040,2026-07-14T19:52:03.040000Z,0.0
1.33872,1.33869,1028,0.0,GBPUSD,1784058724602,2026-07-14T19:52:04.602000Z,0.0
1.33871,1.33869,1028,0.0,GBPUSD,1784058727327,2026-07-14T19:52:07.327000Z,0.0
1.33871,1.33869,1028,0.0,GBPUSD,1784058729373,2026-07-14T19:52:09.373000Z,0.0
1.33871,1.33869,1030,0.0,GBPUSD,1784058730886,2026-07-14T19:52:10.886000Z,0.0
1.33869,1.33866,1030,0.0,GBPUSD,1784058733147,2026-07-14T19:52:13.147000Z,0.0
1.33869,1.33866,1026,0.0,GBPUSD,1784058735438,2026-07-14T19:52:15.438000Z,0.0
1.33869,1.33867,1026,0.0,GBPUSD,1784058737421,2026-07-14T19:52:17.421000Z,0.0
1.33868,1.33866,1028,0.0,GBPUSD,1784058739297,2026-07-14T19:52:19.297000Z,0.0
1.33869,1.33866,1026,0.0,GBPUSD,1784058741536,2026-07-14T19:52:21.536000Z,0.0
1.33872,1.3387,1030,0.0,GBPUSD,1784058743637,2026-07-14T19:52:23.637000Z,0.0
1.33873,1.33871,1030,0.0,GBPUSD,1784058745683,2026-07-14T19:52:25.683000Z,0.0
1.33873,1.33871,1028,0.0,GBPUSD,1784058747865,2026-07-14T19:52:27.865000Z,0.0
1.33874,1.33872,1028,0.0,GBPUSD,1784058749392,2026-07-14T19:52:29.392000Z,0.0
1.33872,1.33869,1030,0.0,GBPUSD,1784058751988,2026-07-14T19:52:31.988000Z,0.0
1.33871,1.33869,1030,0.0,GBPUSD,1784058753991,2026-07-14T19:52:33.991000Z,0.0
1.33872,1.33869,1030,0.0,GBPUSD,1784058756110,2026-07-14T19:52:36.110000Z,0.0
1.33872,1.33869,1028,0.0,GBPUSD,1784058758400,2026-07-14T19:52:38.400000Z,0.0
1.33872,1.33869,1030,0.0,GBPUSD,1784058760417,2026-07-14T19:52:40.417000Z,0.0
1.33874,1.33872,1028,0.0,GBPUSD,1784058762251,2026-07-14T19:52:42.251000Z,0.0
1.33874,1.33871,1030,0.0,GBPUSD,1784058764584,2026-07-14T19:52:44.584000Z,0.0
1.33876,1.33873,1028,0.0,GBPUSD,1784058765862,2026-07-14T19:52:45.862000Z,0.0
1.33877,1.33874,1026,0.0,GBPUSD,1784058767773,2026-07-14T19:52:47.773000Z,0.0
1.33878,1.33874,1026,0.0,GBPUSD,1784058770511,2026-07-14T19:52:50.511000Z,0.0
1.33875,1.33872,1026,0.0,GBPUSD,1784058772739,2026-07-14T19:52:52.739000Z,0.0
1.33873,1.3387,1026,0.0,GBPUSD,1784058774852,2026-07-14T19:52:54.852000Z,0.0
1.33872,1.3387,1028,0.0,GBPUSD,1784058776593,2026-07-14T19:52:56.593000Z,0.0
1.33872,1.3387,1028,0.0,GBPUSD,1784058778898,2026-07-14T19:52:58.898000Z,0.0
1.33873,1.3387,1028,0.0,GBPUSD,1784058780836,2026-07-14T19:53:00.836000Z,0.0
1.33872,1.3387,1028,0.0,GBPUSD,1784058782999,2026-07-14T19:53:02.999000Z,0.0
1.33872,1.3387,1028,0.0,GBPUSD,1784058785096,2026-07-14T19:53:05.096000Z,0.0
1.33875,1.33872,1028,0.0,GBPUSD,1784058787074,2026-07-14T19:53:07.074000Z,0.0
1.33875,1.33872,1028,0.0,GBPUSD,1784058789130,2026-07-14T19:53:09.130000Z,0.0
1.33876,1.33872,1030,0.0,GBPUSD,1784058790997,2026-07-14T19:53:10.997000Z,0.0
1.33877,1.33872,1028,0.0,GBPUSD,1784058793089,2026-07-14T19:53:13.089000Z,0.0
1.33877,1.33873,1028,0.0,GBPUSD,1784058795306,2026-07-14T19:53:15.306000Z,0.0
1.33875,1.33872,1030,0.0,GBPUSD,1784058797336,2026-07-14T19:53:17.336000Z,0.0
1.33875,1.33872,1028,0.0,GBPUSD,1784058799696,2026-07-14T19:53:19.696000Z,0.0
1.33873,1.33871,1028,0.0,GBPUSD,1784058800533,2026-07-14T19:53:20.533000Z,0.0
1.33874,1.33872,1028,0.0,GBPUSD,1784058803768,2026-07-14T19:53:23.768000Z,0.0
1.33876,1.33872,1028,0.0,GBPUSD,1784058805780,2026-07-14T19:53:25.780000Z,0.0
1.33876,1.33873,1026,0.0,GBPUSD,1784058807632,2026-07-14T19:53:27.632000Z,0.0
1.33876,1.33873,1028,0.0,GBPUSD,1784058809987,2026-07-14T19:53:29.987000Z,0.0
1.33875,1.33872,1028,0.0,GBPUSD,1784058811940,2026-07-14T19:53:31.940000Z,0.0
1.33876,1.33871,1028,0.0,GBPUSD,1784058813886,2026-07-14T19:53:33.886000Z,0.0
1.33872,1.33869,1028,0.0,GBPUSD,1784058816190,2026-07-14T19:53:36.190000Z,0.0
1.33871,1.33868,1026,0.0,GBPUSD,1784058818071,2026-07-14T19:53:38.071000Z,0.0
1.33871,1.33869,1030,0.0,GBPUSD,1784058820182,2026-07-14T19:53:40.182000Z,0.0
1.3387,1.33868,1030,0.0,GBPUSD,1784058822297,2026-07-14T19:53:42.297000Z,0.0
1.33871,1.33869,1026,0.0,GBPUSD,1784058824406,2026-07-14T19:53:44.406000Z,0.0
1.33873,1.3387,1026,0.0,GBPUSD,1784058826348,2026-07-14T19:53:46.348000Z,0.0
1.33871,1.33868,1030,0.0,GBPUSD,1784058828626,2026-07-14T19:53:48.626000Z,0.0
1.33875,1.33872,1026,0.0,GBPUSD,1784058830093,2026-07-14T19:53:50.093000Z,0.0
1.33877,1.33874,1030,0.0,GBPUSD,1784058832031,2026-07-14T19:53:52.031000Z,0.0
1.33877,1.33874,1028,0.0,GBPUSD,1784058834776,2026-07-14T19:53:54.776000Z,0.0
1.33878,1.33875,1028,0.0,GBPUSD,1784058836846,2026-07-14T19:53:56.846000Z,0.0
1.33876,1.33874,1028,0.0,GBPUSD,1784058838575,2026-07-14T19:53:58.575000Z,0.0
1.33883,1.3388,1028,0.0,GBPUSD,1784058841048,2026-07-14T19:54:01.048000Z,0.0
1.3389199999999999,1.33888,1028,0.0,GBPUSD,1784058843041,2026-07-14T19:54:03.041000Z,0.0
1.33893,1.3389,1030,0.0,GBPUSD,1784058845189,2026-07-14T19:54:05.189000Z,0.0
1.3389199999999999,1.3388900000000001,1026,0.0,GBPUSD,1784058847244,2026-07-14T19:54:07.244000Z,0.0
1.3389,1.33887,1030,0.0,GBPUSD,1784058849284,2026-07-14T19:54:09.284000Z,0.0
1.33895,1.3389199999999999,1028,0.0,GBPUSD,1784058851359,2026-07-14T19:54:11.359000Z,0.0
1.33898,1.33895,1026,0.0,GBPUSD,1784058853080,2026-07-14T19:54:13.080000Z,0.0
1.33898,1.33895,1026,0.0,GBPUSD,1784058855564,2026-07-14T19:54:15.564000Z,0.0
1.33896,1.33894,1028,0.0,GBPUSD,1784058857569,2026-07-14T19:54:17.569000Z,0.0
1.33901,1.33898,1028,0.0,GBPUSD,1784058859681,2026-07-14T19:54:19.681000Z,0.0
1.33907,1.33904,1028,0.0,GBPUSD,1784058861485,2026-07-14T19:54:21.485000Z,0.0
1.33906,1.33903,1028,0.0,GBPUSD,1784058863191,2026-07-14T19:54:23.191000Z,0.0
1.33905,1.33902,1028,0.0,GBPUSD,1784058865849,2026-07-14T19:54:25.849000Z,0.0
1.33904,1.33901,1028,0.0,GBPUSD,1784058867131,2026-07-14T19:54:27.131000Z,0.0
1.33904,1.33901,1026,0.0,GBPUSD,1784058868603,2026-07-14T19:54:28.603000Z,0.0
1.339,1.33898,1028,0.0,GBPUSD,1784058871837,2026-07-14T19:54:31.837000Z,0.0
1.33901,1.33899,1026,0.0,GBPUSD,1784058873714,2026-07-14T19:54:33.714000Z,0.0
1.33901,1.33899,1030,0.0,GBPUSD,1784058875947,2026-07-14T19:54:35.947000Z,0.0
1.33902,1.33899,1028,0.0,GBPUSD,1784058878284,2026-07-14T19:54:38.284000Z,0.0
1.33901,1.33899,1030,0.0,GBPUSD,1784058879931,2026-07-14T19:54:39.931000Z,0.0
1.33902,1.33899,1026,0.0,GBPUSD,1784058882415,2026-07-14T19:54:42.415000Z,0.0
1.33904,1.33902,1028,0.0,GBPUSD,1784058884086,2026-07-14T19:54:44.086000Z,0.0
1.33904,1.33901,1028,0.0,GBPUSD,1784058884770,2026-07-14T19:54:44.770000Z,0.0
1.33903,1.339,1026,0.0,GBPUSD,1784058888618,2026-07-14T19:54:48.618000Z,0.0
1.33902,1.339,1028,0.0,GBPUSD,1784058890280,2026-07-14T19:54:50.280000Z,0.0
1.33901,1.33898,1028,0.0,GBPUSD,1784058892816,2026-07-14T19:54:52.816000Z,0.0
1.33905,1.33902,1030,0.0,GBPUSD,1784058894823,2026-07-14T19:54:54.823000Z,0.0
1.33902,1.339,1030,0.0,GBPUSD,1784058896886,2026-07-14T19:54:56.886000Z,0.0
1.33902,1.339,1030,0.0,GBPUSD,1784058898490,2026-07-14T19:54:58.490000Z,0.0
1.33903,1.33901,1030,0.0,GBPUSD,1784058900667,2026-07-14T19:55:00.667000Z,0.0
1.33907,1.33903,1028,0.0,GBPUSD,1784058902281,2026-07-14T19:55:02.281000Z,0.0
1.33906,1.33903,1028,0.0,GBPUSD,1784058905616,2026-07-14T19:55:05.616000Z,0.0
1.33902,1.339,1030,0.0,GBPUSD,1784058907947,2026-07-14T19:55:07.947000Z,0.0
1.33902,1.339,1028,0.0,GBPUSD,1784058911283,2026-07-14T19:55:11.283000Z,0.0
1.33906,1.33903,1028,0.0,GBPUSD,1784058913180,2026-07-14T19:55:13.180000Z,0.0
1.33906,1.33903,1028,0.0,GBPUSD,1784058915229,2026-07-14T19:55:15.229000Z,0.0
1.33905,1.33903,1026,0.0,GBPUSD,1784058917406,2026-07-14T19:55:17.406000Z,0.0
1.33905,1.33903,1026,0.0,GBPUSD,1784058918769,2026-07-14T19:55:18.769000Z,0.0
1.33903,1.33901,1030,0.0,GBPUSD,1784058920922,2026-07-14T19:55:20.922000Z,0.0
1.33906,1.33901,6,0.0,GBPUSD,1784058933513,2026-07-14T19:55:33.513000Z,0.0
1.33906,1.33901,2,0.0,GBPUSD,1784058935407,2026-07-14T19:55:35.407000Z,0.0
1.33904,1.339,1026,0.0,GBPUSD,1784058940255,2026-07-14T19:55:40.255000Z,0.0
1.33901,1.33898,1028,0.0,GBPUSD,1784058942381,2026-07-14T19:55:42.381000Z,0.0
1.339,1.33898,1028,0.0,GBPUSD,1784058944379,2026-07-14T19:55:44.379000Z,0.0
1.33895,1.3389199999999999,1028,0.0,GBPUSD,1784058948701,2026-07-14T19:55:48.701000Z,0.0
1.33894,1.3389199999999999,1030,0.0,GBPUSD,1784058950682,2026-07-14T19:55:50.682000Z,0.0
1.33895,1.33893,1030,0.0,GBPUSD,1784058952634,2026-07-14T19:55:52.634000Z,0.0
1.33897,1.33894,1028,0.0,GBPUSD,1784058954190,2026-07-14T19:55:54.190000Z,0.0
1.33895,1.33893,1028,0.0,GBPUSD,1784058956683,2026-07-14T19:55:56.683000Z,0.0
1.33894,1.33891,1026,0.0,GBPUSD,1784058959000,2026-07-14T19:55:59Z,0.0
1.33895,1.33893,1026,0.0,GBPUSD,1784058961112,2026-07-14T19:56:01.112000Z,0.0
1.3389199999999999,1.3389,1028,0.0,GBPUSD,1784058963061,2026-07-14T19:56:03.061000Z,0.0
1.3389,1.33886,1028,0.0,GBPUSD,1784058965090,2026-07-14T19:56:05.090000Z,0.0
1.3389,1.33887,1028,0.0,GBPUSD,1784058966825,2026-07-14T19:56:06.825000Z,0.0
1.3388900000000001,1.33886,1028,0.0,GBPUSD,1784058969430,2026-07-14T19:56:09.430000Z,0.0
1.3388900000000001,1.33886,1026,0.0,GBPUSD,1784058971482,2026-07-14T19:56:11.482000Z,0.0
1.33887,1.33884,1026,0.0,GBPUSD,1784058972699,2026-07-14T19:56:12.699000Z,0.0
1.3388900000000001,1.33887,1030,0.0,GBPUSD,1784058975428,2026-07-14T19:56:15.428000Z,0.0
1.33888,1.33886,1026,0.0,GBPUSD,1784058977032,2026-07-14T19:56:17.032000Z,0.0
1.3388900000000001,1.33887,1030,0.0,GBPUSD,1784058978411,2026-07-14T19:56:18.411000Z,0.0
1.33884,1.3388200000000001,1030,0.0,GBPUSD,1784058981687,2026-07-14T19:56:21.687000Z,0.0
1.33883,1.33881,1030,0.0,GBPUSD,1784058982883,2026-07-14T19:56:22.883000Z,0.0
1.3388200000000001,1.3388,1030,0.0,GBPUSD,1784058985990,2026-07-14T19:56:25.990000Z,0.0
1.3388499999999999,1.33883,1030,0.0,GBPUSD,1784058988017,2026-07-14T19:56:28.017000Z,0.0
1.33884,1.33881,1026,0.0,GBPUSD,1784058992200,2026-07-14T19:56:32.200000Z,0.0
1.33888,1.3388499999999999,1028,0.0,GBPUSD,1784058994267,2026-07-14T19:56:34.267000Z,0.0
1.33888,1.3388499999999999,1028,0.0,GBPUSD,1784058995261,2026-07-14T19:56:35.261000Z,0.0
1.33888,1.3388499999999999,1028,0.0,GBPUSD,1784058997991,2026-07-14T19:56:37.991000Z,0.0
1.33887,1.3388499999999999,1028,0.0,GBPUSD,1784059000475,2026-07-14T19:56:40.475000Z,0.0
1.3388900000000001,1.33886,1026,0.0,GBPUSD,1784059002255,2026-07-14T19:56:42.255000Z,0.0
1.33888,1.3388499999999999,1026,0.0,GBPUSD,1784059004503,2026-07-14T19:56:44.503000Z,0.0
1.3388900000000001,1.33886,1026,0.0,GBPUSD,1784059005094,2026-07-14T19:56:45.094000Z,0.0
1.3389199999999999,1.3388900000000001,1028,0.0,GBPUSD,1784059008670,2026-07-14T19:56:48.670000Z,0.0
1.33893,1.33891,1030,0.0,GBPUSD,1784059010720,2026-07-14T19:56:50.720000Z,0.0
1.3389199999999999,1.3389,1030,0.0,GBPUSD,1784059020886,2026-07-14T19:57:00.886000Z,0.0
1.3388900000000001,1.33887,1028,0.0,GBPUSD,1784059025308,2026-07-14T19:57:05.308000Z,0.0
1.3388900000000001,1.33886,1026,0.0,GBPUSD,1784059027340,2026-07-14T19:57:07.340000Z,0.0
1.33888,1.3388499999999999,1028,0.0,GBPUSD,1784059029409,2026-07-14T19:57:09.409000Z,0.0
1.3388200000000001,1.33879,1028,0.0,GBPUSD,1784059031517,2026-07-14T19:57:11.517000Z,0.0
1.33883,1.33881,1030,0.0,GBPUSD,1784059033568,2026-07-14T19:57:13.568000Z,0.0
1.3388499999999999,1.33883,1030,0.0,GBPUSD,1784059039109,2026-07-14T19:57:19.109000Z,0.0
1.33884,1.3388200000000001,1030,0.0,GBPUSD,1784059041884,2026-07-14T19:57:21.884000Z,0.0
1.33881,1.33878,1030,0.0,GBPUSD,1784059043864,2026-07-14T19:57:23.864000Z,0.0
1.33881,1.33878,1028,0.0,GBPUSD,1784059046001,2026-07-14T19:57:26.001000Z,0.0
1.3388,1.33878,1028,0.0,GBPUSD,1784059046561,2026-07-14T19:57:26.561000Z,0.0
1.33888,1.33883,1026,0.0,GBPUSD,1784059050146,2026-07-14T19:57:30.146000Z,0.0
1.33895,1.33893,1028,0.0,GBPUSD,1784059051884,2026-07-14T19:57:31.884000Z,0.0
1.33888,1.33886,1026,0.0,GBPUSD,1784059054237,2026-07-14T19:57:34.237000Z,0.0
1.33888,1.33886,1026,0.0,GBPUSD,1784059056317,2026-07-14T19:57:36.317000Z,0.0
1.33886,1.33884,1028,0.0,GBPUSD,1784059056931,2026-07-14T19:57:36.931000Z,0.0
1.33883,1.33881,1030,0.0,GBPUSD,1784059060503,2026-07-14T19:57:40.503000Z,0.0
1.33884,1.3388200000000001,1030,0.0,GBPUSD,1784059060757,2026-07-14T19:57:40.757000Z,0.0
1.33911,1.33908,1028,0.0,GBPUSD,1784059064478,2026-07-14T19:57:44.478000Z,0.0
1.33911,1.33908,1028,0.0,GBPUSD,1784059066588,2026-07-14T19:57:46.588000Z,0.0
1.33911,1.33908,1030,0.0,GBPUSD,1784059068640,2026-07-14T19:57:48.640000Z,0.0
1.33913,1.3391,1028,0.0,GBPUSD,1784059070730,2026-07-14T19:57:50.730000Z,0.0
1.3391199999999999,1.3390900000000001,1026,0.0,GBPUSD,1784059072620,2026-07-14T19:57:52.620000Z,0.0
1.33908,1.33906,1030,0.0,GBPUSD,1784059073886,2026-07-14T19:57:53.886000Z,0.0
1.3391199999999999,1.3390900000000001,1026,0.0,GBPUSD,1784059078584,2026-07-14T19:57:58.584000Z,0.0
1.33911,1.33908,1026,0.0,GBPUSD,1784059080931,2026-07-14T19:58:00.931000Z,0.0
1.3391,1.33906,1026,0.0,GBPUSD,1784059083187,2026-07-14T19:58:03.187000Z,0.0
1.3390900000000001,1.33906,1028,0.0,GBPUSD,1784059084845,2026-07-14T19:58:04.845000Z,0.0
1.33901,1.33898,1028,0.0,GBPUSD,1784059087349,2026-07-14T19:58:07.349000Z,0.0
1.33899,1.33895,1026,0.0,GBPUSD,1784059089519,2026-07-14T19:58:09.519000Z,0.0
1.33897,1.33894,1026,0.0,GBPUSD,1784059091009,2026-07-14T19:58:11.009000Z,0.0
1.33893,1.33891,1028,0.0,GBPUSD,1784059093550,2026-07-14T19:58:13.550000Z,0.0
1.33897,1.33895,1026,0.0,GBPUSD,1784059095465,2026-07-14T19:58:15.465000Z,0.0
1.33897,1.33895,1028,0.0,GBPUSD,1784059097802,2026-07-14T19:58:17.802000Z,0.0
1.3389199999999999,1.3389,1030,0.0,GBPUSD,1784059099208,2026-07-14T19:58:19.208000Z,0.0
1.33893,1.3389,1030,0.0,GBPUSD,1784059101440,2026-07-14T19:58:21.440000Z,0.0
1.33891,1.33888,1028,0.0,GBPUSD,1784059102929,2026-07-14T19:58:22.929000Z,0.0
1.3389,1.33888,1030,0.0,GBPUSD,1784059105832,2026-07-14T19:58:25.832000Z,0.0
1.3389,1.33887,1026,0.0,GBPUSD,1784059107907,2026-07-14T19:58:27.907000Z,0.0
1.3389199999999999,1.33888,1028,0.0,GBPUSD,1784059109884,2026-07-14T19:58:29.884000Z,0.0
1.3389199999999999,1.3389,1030,0.0,GBPUSD,1784059111804,2026-07-14T19:58:31.804000Z,0.0
1.3389199999999999,1.3389,1030,0.0,GBPUSD,1784059114290,2026-07-14T19:58:34.290000Z,0.0
1.3389199999999999,1.3389,1026,0.0,GBPUSD,1784059115700,2026-07-14T19:58:35.700000Z,0.0
1.3389199999999999,1.3388900000000001,1028,0.0,GBPUSD,1784059118341,2026-07-14T19:58:38.341000Z,0.0
1.3389199999999999,1.3389,1030,0.0,GBPUSD,1784059119228,2026-07-14T19:58:39.228000Z,0.0
1.33893,1.33891,1030,0.0,GBPUSD,1784059122610,2026-07-14T19:58:42.610000Z,0.0
1.33895,1.33893,1030,0.0,GBPUSD,1784059124416,2026-07-14T19:58:44.416000Z,0.0
1.33895,1.33893,1030,0.0,GBPUSD,1784059126543,2026-07-14T19:58:46.543000Z,0.0
1.33898,1.33896,1030,0.0,GBPUSD,1784059128776,2026-07-14T19:58:48.776000Z,0.0
1.33896,1.33893,1030,0.0,GBPUSD,1784059130641,2026-07-14T19:58:50.641000Z,0.0
1.33897,1.33895,1026,0.0,GBPUSD,1784059132744,2026-07-14T19:58:52.744000Z,0.0
1.33899,1.33897,1030,0.0,GBPUSD,1784059134882,2026-07-14T19:58:54.882000Z,0.0
1.33899,1.33897,1030,0.0,GBPUSD,1784059136765,2026-07-14T19:58:56.765000Z,0.0
1.33902,1.339,1030,0.0,GBPUSD,1784059139157,2026-07-14T19:58:59.157000Z,0.0
1.33899,1.33894,1026,0.0,GBPUSD,1784059141251,2026-07-14T19:59:01.251000Z,0.0
1.33899,1.33896,1030,0.0,GBPUSD,1784059143309,2026-07-14T19:59:03.309000Z,0.0
1.33901,1.33898,1026,0.0,GBPUSD,1784059144642,2026-07-14T19:59:04.642000Z,0.0
1.339,1.33897,1026,0.0,GBPUSD,1784059146352,2026-07-14T19:59:06.352000Z,0.0
1.339,1.33898,1028,0.0,GBPUSD,1784059149149,2026-07-14T19:59:09.149000Z,0.0
1.33903,1.33901,1030,0.0,GBPUSD,1784059151467,2026-07-14T19:59:11.467000Z,0.0
1.33904,1.33902,1030,0.0,GBPUSD,1784059153290,2026-07-14T19:59:13.290000Z,0.0
1.33902,1.339,1030,0.0,GBPUSD,1784059154531,2026-07-14T19:59:14.531000Z,0.0
1.33901,1.33898,1030,0.0,GBPUSD,1784059159793,2026-07-14T19:59:19.793000Z,0.0
1.339,1.33898,1030,0.0,GBPUSD,1784059161823,2026-07-14T19:59:21.823000Z,0.0
1.33901,1.33898,1028,0.0,GBPUSD,1784059163532,2026-07-14T19:59:23.532000Z,0.0
1.33902,1.339,1028,0.0,GBPUSD,1784059165969,2026-07-14T19:59:25.969000Z,0.0
1.33903,1.339,1026,0.0,GBPUSD,1784059167745,2026-07-14T19:59:27.745000Z,0.0
1.33899,1.33895,1028,0.0,GBPUSD,1784059170006,2026-07-14T19:59:30.006000Z,0.0
1.3389199999999999,1.33888,1030,0.0,GBPUSD,1784059171503,2026-07-14T19:59:31.503000Z,0.0
1.33893,1.3388900000000001,1030,0.0,GBPUSD,1784059174339,2026-07-14T19:59:34.339000Z,0.0
1.33891,1.33886,1030,0.0,GBPUSD,1784059176089,2026-07-14T19:59:36.089000Z,0.0
1.33896,1.33891,1030,0.0,GBPUSD,1784059177992,2026-07-14T19:59:37.992000Z,0.0
1.33894,1.3388900000000001,1030,0.0,GBPUSD,1784059179992,2026-07-14T19:59:39.992000Z,0.0
1.33895,1.3389,1028,0.0,GBPUSD,1784059182250,2026-07-14T19:59:42.250000Z,0.0
1.33895,1.3389,1028,0.0,GBPUSD,1784059184215,2026-07-14T19:59:44.215000Z,0.0
1.33893,1.33888,1030,0.0,GBPUSD,1784059186498,2026-07-14T19:59:46.498000Z,0.0
1.3389199999999999,1.33887,1030,0.0,GBPUSD,1784059188340,2026-07-14T19:59:48.340000Z,0.0
1.33891,1.33887,1028,0.0,GBPUSD,1784059190366,2026-07-14T19:59:50.366000Z,0.0
1.3389,1.33886,1028,0.0,GBPUSD,1784059192919,2026-07-14T19:59:52.919000Z,0.0
1.33893,1.33888,1026,0.0,GBPUSD,1784059194891,2026-07-14T19:59:54.891000Z,0.0
1.3389,1.33886,1030,0.0,GBPUSD,1784059196140,2026-07-14T19:59:56.140000Z,0.0
1.3388900000000001,1.3388499999999999,1028,0.0,GBPUSD,1784059199056,2026-07-14T19:59:59.056000Z,0.0
1.33893,1.33888,1028,0.0,GBPUSD,1784059201108,2026-07-14T20:00:01.108000Z,0.0
1.33895,1.3389,1026,0.0,GBPUSD,1784059203294,2026-07-14T20:00:03.294000Z,0.0
1.33894,1.3388900000000001,1026,0.0,GBPUSD,1784059205395,2026-07-14T20:00:05.395000Z,0.0
1.33895,1.3389,1028,0.0,GBPUSD,1784059206852,2026-07-14T20:00:06.852000Z,0.0
1.3389199999999999,1.33888,1028,0.0,GBPUSD,1784059209459,2026-07-14T20:00:09.459000Z,0.0
1.33893,1.3388900000000001,1026,0.0,GBPUSD,1784059210439,2026-07-14T20:00:10.439000Z,0.0
1.3389199999999999,1.33888,1030,0.0,GBPUSD,1784059211919,2026-07-14T20:00:11.919000Z,0.0
1.33893,1.33888,1030,0.0,GBPUSD,1784059215779,2026-07-14T20:00:15.779000Z,0.0
1.33893,1.33888,1030,0.0,GBPUSD,1784059217507,2026-07-14T20:00:17.507000Z,0.0
1.33893,1.3388900000000001,1028,0.0,GBPUSD,1784059219706,2026-07-14T20:00:19.706000Z,0.0
1.3389199999999999,1.33888,1030,0.0,GBPUSD,1784059220292,2026-07-14T20:00:20.292000Z,0.0
1.3389199999999999,1.33888,1030,0.0,GBPUSD,1784059223892,2026-07-14T20:00:23.892000Z,0.0
1.3389199999999999,1.33888,1030,0.0,GBPUSD,1784059226093,2026-07-14T20:00:26.093000Z,0.0
1.33893,1.3388900000000001,1028,0.0,GBPUSD,1784059227992,2026-07-14T20:00:27.992000Z,0.0
1.33894,1.3388900000000001,1028,0.0,GBPUSD,1784059230129,2026-07-14T20:00:30.129000Z,0.0
1.33893,1.3388900000000001,1026,0.0,GBPUSD,1784059231751,2026-07-14T20:00:31.751000Z,0.0
1.33893,1.3388900000000001,1030,0.0,GBPUSD,1784059233398,2026-07-14T20:00:33.398000Z,0.0
1.33895,1.3389,1030,0.0,GBPUSD,1784059236506,2026-07-14T20:00:36.506000Z,0.0
1.33897,1.3389199999999999,1030,0.0,GBPUSD,1784059238562,2026-07-14T20:00:38.562000Z,0.0
1.33895,1.33891,1026,0.0,GBPUSD,1784059240396,2026-07-14T20:00:40.396000Z,0.0
1.33894,1.3389,1030,0.0,GBPUSD,1784059242592,2026-07-14T20:00:42.592000Z,0.0
1.33894,1.3389,1030,0.0,GBPUSD,1784059245930,2026-07-14T20:00:45.930000Z,0.0
1.33893,1.3388900000000001,1030,0.0,GBPUSD,1784059248038,2026-07-14T20:00:48.038000Z,0.0
1.33894,1.3389,1030,0.0,GBPUSD,1784059250936,2026-07-14T20:00:50.936000Z,0.0
1.33895,1.33891,1030,0.0,GBPUSD,1784059253838,2026-07-14T20:00:53.838000Z,0.0
1.33895,1.33891,1028,0.0,GBPUSD,1784059257040,2026-07-14T20:00:57.040000Z,0.0
1.33896,1.3389199999999999,1026,0.0,GBPUSD,1784059258241,2026-07-14T20:00:58.241000Z,0.0
1.33896,1.33894,1030,0.0,GBPUSD,1784059261222,2026-07-14T20:01:01.222000Z,0.0
1.33895,1.33893,1028,0.0,GBPUSD,1784059262989,2026-07-14T20:01:02.989000Z,0.0
1.33895,1.33893,1028,0.0,GBPUSD,1784059263707,2026-07-14T20:01:03.707000Z,0.0
1.3389199999999999,1.3389,1030,0.0,GBPUSD,1784059267251,2026-07-14T20:01:07.251000Z,0.0
1.3389199999999999,1.3388900000000001,1026,0.0,GBPUSD,1784059269425,2026-07-14T20:01:09.425000Z,0.0
1.3389199999999999,1.3388900000000001,1028,0.0,GBPUSD,1784059271314,2026-07-14T20:01:11.314000Z,0.0
1.3389199999999999,1.3388900000000001,1028,0.0,GBPUSD,1784059273054,2026-07-14T20:01:13.054000Z,0.0
1.33894,1.33891,1026,0.0,GBPUSD,1784059275422,2026-07-14T20:01:15.422000Z,0.0
1.33902,1.33899,1026,0.0,GBPUSD,1784059277837,2026-07-14T20:01:17.837000Z,0.0
1.33901,1.33899,1026,0.0,GBPUSD,1784059279360,2026-07-14T20:01:19.360000Z,0.0
1.33903,1.33901,1028,0.0,GBPUSD,1784059281136,2026-07-14T20:01:21.136000Z,0.0
1.33904,1.33902,1026,0.0,GBPUSD,1784059282247,2026-07-14T20:01:22.247000Z,0.0
1.33904,1.33902,1030,0.0,GBPUSD,1784059285141,2026-07-14T20:01:25.141000Z,0.0
1.33904,1.33902,1028,0.0,GBPUSD,1784059288197,2026-07-14T20:01:28.197000Z,0.0
1.33913,1.33911,1030,0.0,GBPUSD,1784059290293,2026-07-14T20:01:30.293000Z,0.0
1.33907,1.33905,1028,0.0,GBPUSD,1784059292177,2026-07-14T20:01:32.177000Z,0.0
1.33905,1.33902,1028,0.0,GBPUSD,1784059294164,2026-07-14T20:01:34.164000Z,0.0
1.33901,1.33899,1026,0.0,GBPUSD,1784059295337,2026-07-14T20:01:35.337000Z,0.0
1.33903,1.33901,1026,0.0,GBPUSD,1784059298262,2026-07-14T20:01:38.262000Z,0.0
1.339,1.33897,1026,0.0,GBPUSD,1784059300613,2026-07-14T20:01:40.613000Z,0.0
1.33901,1.33899,1028,0.0,GBPUSD,1784059302599,2026-07-14T20:01:42.599000Z,0.0
1.33902,1.339,1028,0.0,GBPUSD,1784059304454,2026-07-14T20:01:44.454000Z,0.0
1.33901,1.33899,1030,0.0,GBPUSD,1784059306292,2026-07-14T20:01:46.292000Z,0.0
1.33901,1.33899,1028,0.0,GBPUSD,1784059310947,2026-07-14T20:01:50.947000Z,0.0
1.33902,1.339,1026,0.0,GBPUSD,1784059312544,2026-07-14T20:01:52.544000Z,0.0
1.33901,1.33898,1026,0.0,GBPUSD,1784059313784,2026-07-14T20:01:53.784000Z,0.0
1.33902,1.33899,1026,0.0,GBPUSD,1784059317136,2026-07-14T20:01:57.136000Z,0.0
1.33903,1.33901,1026,0.0,GBPUSD,1784059319124,2026-07-14T20:01:59.124000Z,0.0
1.33903,1.33901,1028,0.0,GBPUSD,1784059321217,2026-07-14T20:02:01.217000Z,0.0
1.33899,1.33897,1026,0.0,GBPUSD,1784059323347,2026-07-14T20:02:03.347000Z,0.0
1.33896,1.33894,1030,0.0,GBPUSD,1784059325438,2026-07-14T20:02:05.438000Z,0.0
1.33898,1.33896,1030,0.0,GBPUSD,1784059326437,2026-07-14T20:02:06.437000Z,0.0
1.33899,1.33897,1026,0.0,GBPUSD,1784059329377,2026-07-14T20:02:09.377000Z,0.0
1.33899,1.33897,1030,0.0,GBPUSD,1784059330586,2026-07-14T20:02:10.586000Z,0.0
1.33898,1.33896,1030,0.0,GBPUSD,1784059333266,2026-07-14T20:02:13.266000Z,0.0
1.33893,1.33891,1028,0.0,GBPUSD,1784059335750,2026-07-14T20:02:15.750000Z,0.0
1.33893,1.33891,1028,0.0,GBPUSD,1784059337117,2026-07-14T20:02:17.117000Z,0.0
1.33893,1.33891,1028,0.0,GBPUSD,1784059339358,2026-07-14T20:02:19.358000Z,0.0
1.3389199999999999,1.3389,1030,0.0,GBPUSD,1784059341466,2026-07-14T20:02:21.466000Z,0.0
1.3389199999999999,1.3389,1028,0.0,GBPUSD,1784059344138,2026-07-14T20:02:24.138000Z,0.0
1.3389199999999999,1.3389,1026,0.0,GBPUSD,1784059345936,2026-07-14T20:02:25.936000Z,0.0
1.3389199999999999,1.3389,1030,0.0,GBPUSD,1784059348046,2026-07-14T20:02:28.046000Z,0.0
1.33891,1.3388900000000001,1028,0.0,GBPUSD,1784059349922,2026-07-14T20:02:29.922000Z,0.0
1.33893,1.33891,1026,0.0,GBPUSD,1784059351887,2026-07-14T20:02:31.887000Z,0.0
1.3389199999999999,1.3389,1026,0.0,GBPUSD,1784059353978,2026-07-14T20:02:33.978000Z,0.0
1.33891,1.3388900000000001,1030,0.0,GBPUSD,1784059356003,2026-07-14T20:02:36.003000Z,0.0
1.33893,1.3389,1028,0.0,GBPUSD,1784059358240,2026-07-14T20:02:38.240000Z,0.0
1.3389199999999999,1.3389,1030,0.0,GBPUSD,1784059360100,2026-07-14T20:02:40.100000Z,0.0
1.33898,1.33896,1026,0.0,GBPUSD,1784059362716,2026-07-14T20:02:42.716000Z,0.0
1.33893,1.33891,1030,0.0,GBPUSD,1784059364817,2026-07-14T20:02:44.817000Z,0.0
1.33895,1.33893,1028,0.0,GBPUSD,1784059366692,2026-07-14T20:02:46.692000Z,0.0
1.33895,1.33893,1028,0.0,GBPUSD,1784059368986,2026-07-14T20:02:48.986000Z,0.0
1.33896,1.33893,1028,0.0,GBPUSD,1784059371024,2026-07-14T20:02:51.024000Z,0.0
1.33896,1.33893,1026,0.0,GBPUSD,1784059373146,2026-07-14T20:02:53.146000Z,0.0
1.33896,1.33894,1028,0.0,GBPUSD,1784059373510,2026-07-14T20:02:53.510000Z,0.0
1.33894,1.3389199999999999,1030,0.0,GBPUSD,1784059376613,2026-07-14T20:02:56.613000Z,0.0
1.33894,1.3389199999999999,1026,0.0,GBPUSD,1784059379344,2026-07-14T20:02:59.344000Z,0.0
1.33895,1.33893,1030,0.0,GBPUSD,1784059380977,2026-07-14T20:03:00.977000Z,0.0
1.33899,1.33897,1026,0.0,GBPUSD,1784059383279,2026-07-14T20:03:03.279000Z,0.0
1.33898,1.33896,1030,0.0,GBPUSD,1784059385428,2026-07-14T20:03:05.428000Z,0.0
1.33897,1.33894,1030,0.0,GBPUSD,1784059387355,2026-07-14T20:03:07.355000Z,0.0
1.33895,1.33893,1028,0.0,GBPUSD,1784059389540,2026-07-14T20:03:09.540000Z,0.0
1.33895,1.3389199999999999,1026,0.0,GBPUSD,1784059391405,2026-07-14T20:03:11.405000Z,0.0
1.33896,1.33894,1026,0.0,GBPUSD,1784059393822,2026-07-14T20:03:13.822000Z,0.0
1.33896,1.33893,1028,0.0,GBPUSD,1784059395578,2026-07-14T20:03:15.578000Z,0.0
1.33897,1.33894,1028,0.0,GBPUSD,1784059397719,2026-07-14T20:03:17.719000Z,0.0
1.33895,1.3389199999999999,1028,0.0,GBPUSD,1784059399727,2026-07-14T20:03:19.727000Z,0.0
1.33894,1.33891,1026,0.0,GBPUSD,1784059401082,2026-07-14T20:03:21.082000Z,0.0
1.33897,1.33894,1026,0.0,GBPUSD,1784059404103,2026-07-14T20:03:24.103000Z,0.0
1.33898,1.33895,1028,0.0,GBPUSD,1784059405803,2026-07-14T20:03:25.803000Z,0.0
1.33894,1.3389199999999999,1028,0.0,GBPUSD,1784059408296,2026-07-14T20:03:28.296000Z,0.0
1.33899,1.33896,1026,0.0,GBPUSD,1784059409785,2026-07-14T20:03:29.785000Z,0.0
1.33899,1.33896,1026,0.0,GBPUSD,1784059410531,2026-07-14T20:03:30.531000Z,0.0
1.33902,1.33899,1030,0.0,GBPUSD,1784059414301,2026-07-14T20:03:34.301000Z,0.0
1.33898,1.33895,1028,0.0,GBPUSD,1784059416585,2026-07-14T20:03:36.585000Z,0.0
1.33894,1.33891,1030,0.0,GBPUSD,1784059418611,2026-07-14T20:03:38.611000Z,0.0
1.33894,1.3389199999999999,1028,0.0,GBPUSD,1784059420070,2026-07-14T20:03:40.070000Z,0.0
1.33894,1.33891,1026,0.0,GBPUSD,1784059421451,2026-07-14T20:03:41.451000Z,0.0
1.3389199999999999,1.3389,1030,0.0,GBPUSD,1784059424642,2026-07-14T20:03:44.642000Z,0.0
1.3389199999999999,1.3388900000000001,1026,0.0,GBPUSD,1784059428963,2026-07-14T20:03:48.963000Z,0.0
1.33881,1.33879,1026,0.0,GBPUSD,1784059430865,2026-07-14T20:03:50.865000Z,0.0
1.33881,1.33878,1028,0.0,GBPUSD,1784059432939,2026-07-14T20:03:52.939000Z,0.0
1.33881,1.33879,1026,0.0,GBPUSD,1784059435120,2026-07-14T20:03:55.120000Z,0.0
1.33877,1.33875,1026,0.0,GBPUSD,1784059437226,2026-07-14T20:03:57.226000Z,0.0
1.33877,1.33875,1028,0.0,GBPUSD,1784059438833,2026-07-14T20:03:58.833000Z,0.0
1.33879,1.33876,1026,0.0,GBPUSD,1784059440955,2026-07-14T20:04:00.955000Z,0.0
1.33878,1.33876,1026,0.0,GBPUSD,1784059443287,2026-07-14T20:04:03.287000Z,0.0
1.33871,1.33868,1028,0.0,GBPUSD,1784059445414,2026-07-14T20:04:05.414000Z,0.0
1.33865,1.33863,1026,0.0,GBPUSD,1784059447584,2026-07-14T20:04:07.584000Z,0.0
1.33864,1.33862,1026,0.0,GBPUSD,1784059449402,2026-07-14T20:04:09.402000Z,0.0
1.33868,1.33865,1026,0.0,GBPUSD,1784059450644,2026-07-14T20:04:10.644000Z,0.0
1.33862,1.33859,1028,0.0,GBPUSD,1784059453612,2026-07-14T20:04:13.612000Z,0.0
1.33864,1.33862,1028,0.0,GBPUSD,1784059455242,2026-07-14T20:04:15.242000Z,0.0
1.33864,1.33862,1028,0.0,GBPUSD,1784059457884,2026-07-14T20:04:17.884000Z,0.0
1.33864,1.33862,1028,0.0,GBPUSD,1784059459706,2026-07-14T20:04:19.706000Z,0.0
1.33864,1.33862,1028,0.0,GBPUSD,1784059461019,2026-07-14T20:04:21.019000Z,0.0
1.33865,1.33862,1028,0.0,GBPUSD,1784059464084,2026-07-14T20:04:24.084000Z,0.0
1.33861,1.33859,1026,0.0,GBPUSD,1784059466169,2026-07-14T20:04:26.169000Z,0.0
1.33861,1.33859,1030,0.0,GBPUSD,1784059468108,2026-07-14T20:04:28.108000Z,0.0
1.33861,1.3385799999999999,1026,0.0,GBPUSD,1784059470272,2026-07-14T20:04:30.272000Z,0.0
1.33861,1.3385799999999999,1026,0.0,GBPUSD,1784059470987,2026-07-14T20:04:30.987000Z,0.0
1.33861,1.3385799999999999,1028,0.0,GBPUSD,1784059474224,2026-07-14T20:04:34.224000Z,0.0
1.3386,1.33857,1026,0.0,GBPUSD,1784059476603,2026-07-14T20:04:36.603000Z,0.0
1.3386,1.33857,1026,0.0,GBPUSD,1784059478574,2026-07-14T20:04:38.574000Z,0.0
1.3385099999999999,1.3384800000000001,1028,0.0,GBPUSD,1784059480687,2026-07-14T20:04:40.687000Z,0.0
1.3385,1.3384800000000001,1028,0.0,GBPUSD,1784059482792,2026-07-14T20:04:42.792000Z,0.0
1.3385099999999999,1.3384800000000001,1028,0.0,GBPUSD,1784059484903,2026-07-14T20:04:44.903000Z,0.0
1.33852,1.33849,1026,0.0,GBPUSD,1784059487042,2026-07-14T20:04:47.042000Z,0.0
1.33852,1.33849,1028,0.0,GBPUSD,1784059488881,2026-07-14T20:04:48.881000Z,0.0
1.3385500000000001,1.33853,1026,0.0,GBPUSD,1784059490740,2026-07-14T20:04:50.740000Z,0.0
1.3385099999999999,1.33849,1028,0.0,GBPUSD,1784059492821,2026-07-14T20:04:52.821000Z,0.0
1.3385,1.3384800000000001,1028,0.0,GBPUSD,1784059494994,2026-07-14T20:04:54.994000Z,0.0
1.3385099999999999,1.3384800000000001,1028,0.0,GBPUSD,1784059497453,2026-07-14T20:04:57.453000Z,0.0
1.3385,1.3384800000000001,1028,0.0,GBPUSD,1784059499515,2026-07-14T20:04:59.515000Z,0.0
1.33852,1.33849,1028,0.0,GBPUSD,1784059500797,2026-07-14T20:05:00.797000Z,0.0
1.33852,1.33849,1026,0.0,GBPUSD,1784059502933,2026-07-14T20:05:02.933000Z,0.0
1.3385099999999999,1.33849,1026,0.0,GBPUSD,1784059505547,2026-07-14T20:05:05.547000Z,0.0
1.3385,1.3384800000000001,1026,0.0,GBPUSD,1784059507727,2026-07-14T20:05:07.727000Z,0.0
1.33849,1.33846,1026,0.0,GBPUSD,1784059509383,2026-07-14T20:05:09.383000Z,0.0
1.33849,1.33845,1028,0.0,GBPUSD,1784059511975,2026-07-14T20:05:11.975000Z,0.0
1.3385,1.33847,1026,0.0,GBPUSD,1784059513858,2026-07-14T20:05:13.858000Z,0.0
1.3385099999999999,1.33849,1028,0.0,GBPUSD,1784059515204,2026-07-14T20:05:15.204000Z,0.0
1.33852,1.3384800000000001,1028,0.0,GBPUSD,1784059518183,2026-07-14T20:05:18.183000Z,0.0
1.33852,1.33849,1026,0.0,GBPUSD,1784059519188,2026-07-14T20:05:19.188000Z,0.0
1.33852,1.33849,1026,0.0,GBPUSD,1784059522292,2026-07-14T20:05:22.292000Z,0.0
1.3385,1.33847,1026,0.0,GBPUSD,1784059523925,2026-07-14T20:05:23.925000Z,0.0
1.33854,1.33852,1028,0.0,GBPUSD,1784059525784,2026-07-14T20:05:25.784000Z,0.0
1.33854,1.3385099999999999,1026,0.0,GBPUSD,1784059528442,2026-07-14T20:05:28.442000Z,0.0
1.33853,1.3385,1030,0.0,GBPUSD,1784059530562,2026-07-14T20:05:30.562000Z,0.0
1.33849,1.33847,1028,0.0,GBPUSD,1784059532668,2026-07-14T20:05:32.668000Z,0.0
1.33847,1.33845,1026,0.0,GBPUSD,1784059534256,2026-07-14T20:05:34.256000Z,0.0
1.3384800000000001,1.33845,1028,0.0,GBPUSD,1784059536725,2026-07-14T20:05:36.725000Z,0.0
1.33842,1.33839,1028,0.0,GBPUSD,1784059537431,2026-07-14T20:05:37.431000Z,0.0
1.33846,1.33843,1028,0.0,GBPUSD,1784059540885,2026-07-14T20:05:40.885000Z,0.0
1.3385,1.33847,1026,0.0,GBPUSD,1784059543021,2026-07-14T20:05:43.021000Z,0.0
1.33852,1.33849,1028,0.0,GBPUSD,1784059544426,2026-07-14T20:05:44.426000Z,0.0
1.33852,1.3385,1026,0.0,GBPUSD,1784059547118,2026-07-14T20:05:47.118000Z,0.0
1.3385099999999999,1.33849,1028,0.0,GBPUSD,1784059547402,2026-07-14T20:05:47.402000Z,0.0
1.33849,1.33847,1030,0.0,GBPUSD,1784059551006,2026-07-14T20:05:51.006000Z,0.0
1.33843,1.33841,1028,0.0,GBPUSD,1784059552881,2026-07-14T20:05:52.881000Z,0.0
1.33843,1.33841,1030,0.0,GBPUSD,1784059554325,2026-07-14T20:05:54.325000Z,0.0
1.33843,1.33841,1030,0.0,GBPUSD,1784059558982,2026-07-14T20:05:58.982000Z,0.0
1.3384,1.33838,1028,0.0,GBPUSD,1784059561593,2026-07-14T20:06:01.593000Z,0.0
1.33834,1.33832,1028,0.0,GBPUSD,1784059563635,2026-07-14T20:06:03.635000Z,0.0
1.33834,1.3383099999999999,1026,0.0,GBPUSD,1784059565747,2026-07-14T20:06:05.747000Z,0.0
1.3382399999999999,1.3382100000000001,1026,0.0,GBPUSD,1784059567783,2026-07-14T20:06:07.783000Z,0.0
1.3382399999999999,1.3382100000000001,1028,0.0,GBPUSD,1784059569889,2026-07-14T20:06:09.889000Z,0.0
1.33822,1.3382,1028,0.0,GBPUSD,1784059571876,2026-07-14T20:06:11.876000Z,0.0
1.33822,1.3382,1030,0.0,GBPUSD,1784059574089,2026-07-14T20:06:14.089000Z,0.0
1.33811,1.33809,1026,0.0,GBPUSD,1784059576240,2026-07-14T20:06:16.240000Z,0.0
1.3381,1.33808,1028,0.0,GBPUSD,1784059578040,2026-07-14T20:06:18.040000Z,0.0
1.33813,1.3381,1026,0.0,GBPUSD,1784059579950,2026-07-14T20:06:19.950000Z,0.0
1.33813,1.3381,1028,0.0,GBPUSD,1784059580647,2026-07-14T20:06:20.647000Z,0.0
1.3382100000000001,1.33818,1026,0.0,GBPUSD,1784059584424,2026-07-14T20:06:24.424000Z,0.0
1.3382100000000001,1.33818,1026,0.0,GBPUSD,1784059586658,2026-07-14T20:06:26.658000Z,0.0
1.33822,1.3382,1026,0.0,GBPUSD,1784059588647,2026-07-14T20:06:28.647000Z,0.0
1.3382100000000001,1.33818,1026,0.0,GBPUSD,1784059590638,2026-07-14T20:06:30.638000Z,0.0
1.33825,1.33823,1026,0.0,GBPUSD,1784059592127,2026-07-14T20:06:32.127000Z,0.0
1.33825,1.33822,1026,0.0,GBPUSD,1784059594542,2026-07-14T20:06:34.542000Z,0.0
1.33823,1.3382100000000001,1026,0.0,GBPUSD,1784059596844,2026-07-14T20:06:36.844000Z,0.0
1.33825,1.33823,1030,0.0,GBPUSD,1784059599051,2026-07-14T20:06:39.051000Z,0.0
1.33825,1.33822,1026,0.0,GBPUSD,1784059600988,2026-07-14T20:06:40.988000Z,0.0
1.33825,1.33822,1028,0.0,GBPUSD,1784059603154,2026-07-14T20:06:43.154000Z,0.0
1.33823,1.3382,1026,0.0,GBPUSD,1784059604241,2026-07-14T20:06:44.241000Z,0.0
1.3382,1.33816,1026,0.0,GBPUSD,1784059607142,2026-07-14T20:06:47.142000Z,0.0
1.3382100000000001,1.33818,1026,0.0,GBPUSD,1784059609308,2026-07-14T20:06:49.308000Z,0.0
1.3382100000000001,1.33818,1026,0.0,GBPUSD,1784059611488,2026-07-14T20:06:51.488000Z,0.0
1.33812,1.33809,1026,0.0,GBPUSD,1784059613182,2026-07-14T20:06:53.182000Z,0.0
1.33811,1.33808,1026,0.0,GBPUSD,1784059614986,2026-07-14T20:06:54.986000Z,0.0
1.33811,1.33808,1028,0.0,GBPUSD,1784059617409,2026-07-14T20:06:57.409000Z,0.0
1.33812,1.33809,1028,0.0,GBPUSD,1784059619269,2026-07-14T20:06:59.269000Z,0.0
1.33818,1.33814,1026,0.0,GBPUSD,1784059621811,2026-07-14T20:07:01.811000Z,0.0
1.33818,1.33814,1028,0.0,GBPUSD,1784059622004,2026-07-14T20:07:02.004000Z,0.0
1.33818,1.33814,1028,0.0,GBPUSD,1784059625975,2026-07-14T20:07:05.975000Z,0.0
1.33813,1.3381,1026,0.0,GBPUSD,1784059628067,2026-07-14T20:07:08.067000Z,0.0
1.33812,1.3381,1030,0.0,GBPUSD,1784059630069,2026-07-14T20:07:10.069000Z,0.0
1.33813,1.33811,1030,0.0,GBPUSD,1784059632079,2026-07-14T20:07:12.079000Z,0.0
1.33812,1.33808,1030,0.0,GBPUSD,1784059633733,2026-07-14T20:07:13.733000Z,0.0
1.33816,1.33813,1026,0.0,GBPUSD,1784059636283,2026-07-14T20:07:16.283000Z,0.0
1.33816,1.33813,1028,0.0,GBPUSD,1784059638112,2026-07-14T20:07:18.112000Z,0.0
1.33813,1.33809,1028,0.0,GBPUSD,1784059640456,2026-07-14T20:07:20.456000Z,0.0
1.33814,1.33811,1028,0.0,GBPUSD,1784059642555,2026-07-14T20:07:22.555000Z,0.0
1.33811,1.33809,1028,0.0,GBPUSD,1784059644569,2026-07-14T20:07:24.569000Z,0.0
1.33811,1.33808,1028,0.0,GBPUSD,1784059646588,2026-07-14T20:07:26.588000Z,0.0
1.33812,1.33808,1028,0.0,GBPUSD,1784059648699,2026-07-14T20:07:28.699000Z,0.0
1.33811,1.33808,1028,0.0,GBPUSD,1784059648825,2026-07-14T20:07:28.825000Z,0.0
1.33811,1.33809,1028,0.0,GBPUSD,1784059652177,2026-07-14T20:07:32.177000Z,0.0
1.33812,1.33808,1030,0.0,GBPUSD,1784059654938,2026-07-14T20:07:34.938000Z,0.0
1.33815,1.33813,1026,0.0,GBPUSD,1784059657018,2026-07-14T20:07:37.018000Z,0.0
1.33816,1.33814,1026,0.0,GBPUSD,1784059658756,2026-07-14T20:07:38.756000Z,0.0
1.33811,1.33804,1026,0.0,GBPUSD,1784059661183,2026-07-14T20:07:41.183000Z,0.0
1.33811,1.33809,1030,0.0,GBPUSD,1784059662483,2026-07-14T20:07:42.483000Z,0.0
1.33812,1.33809,1028,0.0,GBPUSD,1784059665089,2026-07-14T20:07:45.089000Z,0.0
1.33812,1.33809,1026,0.0,GBPUSD,1784059667280,2026-07-14T20:07:47.280000Z,0.0
1.3381,1.33808,1028,0.0,GBPUSD,1784059669063,2026-07-14T20:07:49.063000Z,0.0
1.3381,1.33807,1028,0.0,GBPUSD,1784059671422,2026-07-14T20:07:51.422000Z,0.0
1.33813,1.33811,1030,0.0,GBPUSD,1784059672678,2026-07-14T20:07:52.678000Z,0.0
1.33813,1.33811,1030,0.0,GBPUSD,1784059677385,2026-07-14T20:07:57.385000Z,0.0
1.33812,1.33809,1028,0.0,GBPUSD,1784059679495,2026-07-14T20:07:59.495000Z,0.0
1.33812,1.33809,1028,0.0,GBPUSD,1784059681232,2026-07-14T20:08:01.232000Z,0.0
1.33812,1.3381,1030,0.0,GBPUSD,1784059682753,2026-07-14T20:08:02.753000Z,0.0
1.33812,1.3381,1026,0.0,GBPUSD,1784059687601,2026-07-14T20:08:07.601000Z,0.0
1.33804,1.33802,1028,0.0,GBPUSD,1784059689945,2026-07-14T20:08:09.945000Z,0.0
1.33804,1.33802,1028,0.0,GBPUSD,1784059692196,2026-07-14T20:08:12.196000Z,0.0
1.33805,1.33802,1026,0.0,GBPUSD,1784059694093,2026-07-14T20:08:14.093000Z,0.0
1.33809,1.33807,1026,0.0,GBPUSD,1784059695492,2026-07-14T20:08:15.492000Z,0.0
1.33809,1.33807,1030,0.0,GBPUSD,1784059698079,2026-07-14T20:08:18.079000Z,0.0
1.33811,1.33809,1026,0.0,GBPUSD,1784059699345,2026-07-14T20:08:19.345000Z,0.0
1.33813,1.33811,1026,0.0,GBPUSD,1784059701793,2026-07-14T20:08:21.793000Z,0.0
1.3381,1.33807,1026,0.0,GBPUSD,1784059704290,2026-07-14T20:08:24.290000Z,0.0
1.3381,1.33806,1026,0.0,GBPUSD,1784059705743,2026-07-14T20:08:25.743000Z,0.0
1.3381,1.33808,1026,0.0,GBPUSD,1784059708691,2026-07-14T20:08:28.691000Z,0.0
1.33808,1.33805,1028,0.0,GBPUSD,1784059710298,2026-07-14T20:08:30.298000Z,0.0
1.33803,1.33798,1026,0.0,GBPUSD,1784059712859,2026-07-14T20:08:32.859000Z,0.0
1.33801,1.33798,1028,0.0,GBPUSD,1784059713526,2026-07-14T20:08:33.526000Z,0.0
1.33801,1.33798,1026,0.0,GBPUSD,1784059716212,2026-07-14T20:08:36.212000Z,0.0
1.33801,1.33798,1028,0.0,GBPUSD,1784059717626,2026-07-14T20:08:37.626000Z,0.0
1.33801,1.33799,1026,0.0,GBPUSD,1784059720441,2026-07-14T20:08:40.441000Z,0.0
1.33803,1.33801,1030,0.0,GBPUSD,1784059723175,2026-07-14T20:08:43.175000Z,0.0
1.33804,1.33802,1026,0.0,GBPUSD,1784059724942,2026-07-14T20:08:44.942000Z,0.0
1.33804,1.33801,1026,0.0,GBPUSD,1784059726941,2026-07-14T20:08:46.941000Z,0.0
1.33804,1.33802,1028,0.0,GBPUSD,1784059729244,2026-07-14T20:08:49.244000Z,0.0
1.33805,1.33803,1030,0.0,GBPUSD,1784059731454,2026-07-14T20:08:51.454000Z,0.0
1.33802,1.33799,1026,0.0,GBPUSD,1784059735333,2026-07-14T20:08:55.333000Z,0.0
1.33804,1.33801,1028,0.0,GBPUSD,1784059737516,2026-07-14T20:08:57.516000Z,0.0
1.33803,1.338,1026,0.0,GBPUSD,1784059739655,2026-07-14T20:08:59.655000Z,0.0
1.33805,1.33802,1028,0.0,GBPUSD,1784059741711,2026-07-14T20:09:01.711000Z,0.0
1.33803,1.33799,1026,0.0,GBPUSD,1784059743726,2026-07-14T20:09:03.726000Z,0.0
1.33801,1.33798,1028,0.0,GBPUSD,1784059745933,2026-07-14T20:09:05.933000Z,0.0
1.33802,1.33799,1028,0.0,GBPUSD,1784059746803,2026-07-14T20:09:06.803000Z,0.0
1.33802,1.33798,1026,0.0,GBPUSD,1784059749987,2026-07-14T20:09:09.987000Z,0.0
1.33802,1.33799,1026,0.0,GBPUSD,1784059752040,2026-07-14T20:09:12.040000Z,0.0
1.33802,1.33799,1026,0.0,GBPUSD,1784059753545,2026-07-14T20:09:13.545000Z,0.0
1.33805,1.33803,1030,0.0,GBPUSD,1784059756219,2026-07-14T20:09:16.219000Z,0.0
1.33805,1.33802,1026,0.0,GBPUSD,1784059757195,2026-07-14T20:09:17.195000Z,0.0
1.33809,1.33806,1028,0.0,GBPUSD,1784059760223,2026-07-14T20:09:20.223000Z,0.0
1.33814,1.33811,1030,0.0,GBPUSD,1784059762465,2026-07-14T20:09:22.465000Z,0.0
1.33814,1.33811,1030,0.0,GBPUSD,1784059764573,2026-07-14T20:09:24.573000Z,0.0
1.33815,1.33812,1026,0.0,GBPUSD,1784059765343,2026-07-14T20:09:25.343000Z,0.0
1.33812,1.33809,1030,0.0,GBPUSD,1784059768674,2026-07-14T20:09:28.674000Z,0.0
1.33812,1.33809,1030,0.0,GBPUSD,1784059769183,2026-07-14T20:09:29.183000Z,0.0
1.33805,1.33802,1026,0.0,GBPUSD,1784059772631,2026-07-14T20:09:32.631000Z,0.0
1.33803,1.338,1028,0.0,GBPUSD,1784059774713,2026-07-14T20:09:34.713000Z,0.0
1.33798,1.3379400000000001,1026,0.0,GBPUSD,1784059776670,2026-07-14T20:09:36.670000Z,0.0
1.33799,1.3379699999999999,1026,0.0,GBPUSD,1784059778872,2026-07-14T20:09:38.872000Z,0.0
1.338,1.3379699999999999,1026,0.0,GBPUSD,1784059780809,2026-07-14T20:09:40.809000Z,0.0
1.338,1.33798,1028,0.0,GBPUSD,1784059782780,2026-07-14T20:09:42.780000Z,0.0
1.33803,1.338,1026,0.0,GBPUSD,1784059785177,2026-07-14T20:09:45.177000Z,0.0
1.33801,1.33798,1030,0.0,GBPUSD,1784059786671,2026-07-14T20:09:46.671000Z,0.0
1.33805,1.33803,1030,0.0,GBPUSD,1784059791143,2026-07-14T20:09:51.143000Z,0.0
1.33806,1.33804,1028,0.0,GBPUSD,1784059793004,2026-07-14T20:09:53.004000Z,0.0
1.33807,1.33804,1028,0.0,GBPUSD,1784059795113,2026-07-14T20:09:55.113000Z,0.0
1.33815,1.33812,1026,0.0,GBPUSD,1784059796645,2026-07-14T20:09:56.645000Z,0.0
1.33812,1.3381,1030,0.0,GBPUSD,1784059799690,2026-07-14T20:09:59.690000Z,0.0
1.33806,1.33803,1030,0.0,GBPUSD,1784059801492,2026-07-14T20:10:01.492000Z,0.0
1.338,1.33798,1028,0.0,GBPUSD,1784059803774,2026-07-14T20:10:03.774000Z,0.0
1.33801,1.33799,1026,0.0,GBPUSD,1784059805636,2026-07-14T20:10:05.636000Z,0.0
1.33802,1.33799,1028,0.0,GBPUSD,1784059807942,2026-07-14T20:10:07.942000Z,0.0
1.33802,1.33799,1028,0.0,GBPUSD,1784059809440,2026-07-14T20:10:09.440000Z,0.0
1.338,1.33798,1028,0.0,GBPUSD,1784059811966,2026-07-14T20:10:11.966000Z,0.0
1.33806,1.33803,1026,0.0,GBPUSD,1784059814232,2026-07-14T20:10:14.232000Z,0.0
1.33805,1.33802,1028,0.0,GBPUSD,1784059816083,2026-07-14T20:10:16.083000Z,0.0
1.33804,1.33802,1028,0.0,GBPUSD,1784059816621,2026-07-14T20:10:16.621000Z,0.0
1.33806,1.33803,1028,0.0,GBPUSD,1784059820223,2026-07-14T20:10:20.223000Z,0.0
1.33805,1.33802,1026,0.0,GBPUSD,1784059821806,2026-07-14T20:10:21.806000Z,0.0
1.33805,1.33803,1028,0.0,GBPUSD,1784059824439,2026-07-14T20:10:24.439000Z,0.0
1.33805,1.33802,1026,0.0,GBPUSD,1784059825756,2026-07-14T20:10:25.756000Z,0.0
1.33805,1.33802,1028,0.0,GBPUSD,1784059828538,2026-07-14T20:10:28.538000Z,0.0
1.33805,1.33802,1026,0.0,GBPUSD,1784059830749,2026-07-14T20:10:30.749000Z,0.0
1.33806,1.33803,1028,0.0,GBPUSD,1784059832688,2026-07-14T20:10:32.688000Z,0.0
1.33805,1.33803,1026,0.0,GBPUSD,1784059834472,2026-07-14T20:10:34.472000Z,0.0
1.33805,1.33802,1028,0.0,GBPUSD,1784059838531,2026-07-14T20:10:38.531000Z,0.0
1.33801,1.33798,1026,0.0,GBPUSD,1784059841053,2026-07-14T20:10:41.053000Z,0.0
1.33804,1.33801,1030,0.0,GBPUSD,1784059842403,2026-07-14T20:10:42.403000Z,0.0
1.33805,1.33803,1030,0.0,GBPUSD,1784059845187,2026-07-14T20:10:45.187000Z,0.0
1.33805,1.33803,1028,0.0,GBPUSD,1784059847163,2026-07-14T20:10:47.163000Z,0.0
1.33806,1.33803,1026,0.0,GBPUSD,1784059851174,2026-07-14T20:10:51.174000Z,0.0
1.33807,1.33803,1026,0.0,GBPUSD,1784059853345,2026-07-14T20:10:53.345000Z,0.0
1.33815,1.33812,1026,0.0,GBPUSD,1784059854842,2026-07-14T20:10:54.842000Z,0.0
1.33813,1.33811,1028,0.0,GBPUSD,1784059857547,2026-07-14T20:10:57.547000Z,0.0
1.33814,1.33811,1028,0.0,GBPUSD,1784059859285,2026-07-14T20:10:59.285000Z,0.0
1.33813,1.33811,1030,0.0,GBPUSD,1784059861737,2026-07-14T20:11:01.737000Z,0.0
1.33807,1.33804,1028,0.0,GBPUSD,1784059863758,2026-07-14T20:11:03.758000Z,0.0
1.33806,1.33804,1030,0.0,GBPUSD,1784059865892,2026-07-14T20:11:05.892000Z,0.0
1.33808,1.33805,1028,0.0,GBPUSD,1784059867980,2026-07-14T20:11:07.980000Z,0.0
1.33807,1.33804,1030,0.0,GBPUSD,1784059870028,2026-07-14T20:11:10.028000Z,0.0
1.33804,1.33801,1026,0.0,GBPUSD,1784059872097,2026-07-14T20:11:12.097000Z,0.0
1.33805,1.33802,1028,0.0,GBPUSD,1784059874137,2026-07-14T20:11:14.137000Z,0.0
1.33802,1.33799,1028,0.0,GBPUSD,1784059875437,2026-07-14T20:11:15.437000Z,0.0
1.33803,1.33801,1028,0.0,GBPUSD,1784059877967,2026-07-14T20:11:17.967000Z,0.0
1.338,1.3379699999999999,1028,0.0,GBPUSD,1784059880166,2026-07-14T20:11:20.166000Z,0.0
1.33798,1.33795,1030,0.0,GBPUSD,1784059882445,2026-07-14T20:11:22.445000Z,0.0
1.33798,1.33796,1028,0.0,GBPUSD,1784059884515,2026-07-14T20:11:24.515000Z,0.0
1.338,1.3379699999999999,1028,0.0,GBPUSD,1784059886537,2026-07-14T20:11:26.537000Z,0.0
1.338,1.3379699999999999,1026,0.0,GBPUSD,1784059888615,2026-07-14T20:11:28.615000Z,0.0
1.3379699999999999,1.3379400000000001,1030,0.0,GBPUSD,1784059890685,2026-07-14T20:11:30.685000Z,0.0
1.33791,1.33788,1028,0.0,GBPUSD,1784059892690,2026-07-14T20:11:32.690000Z,0.0
1.3379400000000001,1.33792,1026,0.0,GBPUSD,1784059894873,2026-07-14T20:11:34.873000Z,0.0
1.33792,1.33789,1028,0.0,GBPUSD,1784059896645,2026-07-14T20:11:36.645000Z,0.0
1.33796,1.33793,1030,0.0,GBPUSD,1784059898987,2026-07-14T20:11:38.987000Z,0.0
1.33792,1.33789,1028,0.0,GBPUSD,1784059900788,2026-07-14T20:11:40.788000Z,0.0
1.33792,1.33789,1026,0.0,GBPUSD,1784059902746,2026-07-14T20:11:42.746000Z,0.0
1.3378999999999999,1.33788,1028,0.0,GBPUSD,1784059905166,2026-07-14T20:11:45.166000Z,0.0
1.33795,1.33793,1026,0.0,GBPUSD,1784059907246,2026-07-14T20:11:47.246000Z,0.0
1.3379400000000001,1.33791,1026,0.0,GBPUSD,1784059908537,2026-07-14T20:11:48.537000Z,0.0
1.33793,1.33791,1028,0.0,GBPUSD,1784059910581,2026-07-14T20:11:50.581000Z,0.0
1.33798,1.33796,1026,0.0,GBPUSD,1784059913452,2026-07-14T20:11:53.452000Z,0.0
1.33801,1.33798,1026,0.0,GBPUSD,1784059915441,2026-07-14T20:11:55.441000Z,0.0
1.33799,1.3379699999999999,1030,0.0,GBPUSD,1784059917540,2026-07-14T20:11:57.540000Z,0.0
1.33799,1.33796,1028,0.0,GBPUSD,1784059919217,2026-07-14T20:11:59.217000Z,0.0
1.3379400000000001,1.33792,1028,0.0,GBPUSD,1784059921746,2026-07-14T20:12:01.746000Z,0.0
1.3378999999999999,1.3378700000000001,1026,0.0,GBPUSD,1784059923708,2026-07-14T20:12:03.708000Z,0.0
1.3378999999999999,1.33788,1026,0.0,GBPUSD,1784059925566,2026-07-14T20:12:05.566000Z,0.0
1.3378999999999999,1.33788,1026,0.0,GBPUSD,1784059927588,2026-07-14T20:12:07.588000Z,0.0
1.3378999999999999,1.3378700000000001,1026,0.0,GBPUSD,1784059928090,2026-07-14T20:12:08.090000Z,0.0
1.33791,1.3378700000000001,1028,0.0,GBPUSD,1784059931952,2026-07-14T20:12:11.952000Z,0.0
1.3379400000000001,1.33792,1026,0.0,GBPUSD,1784059933574,2026-07-14T20:12:13.574000Z,0.0
1.33791,1.33788,1030,0.0,GBPUSD,1784059934816,2026-07-14T20:12:14.816000Z,0.0
1.33788,1.33785,1026,0.0,GBPUSD,1784059938134,2026-07-14T20:12:18.134000Z,0.0
1.33793,1.3378999999999999,1030,0.0,GBPUSD,1784059940137,2026-07-14T20:12:20.137000Z,0.0
1.33793,1.3378999999999999,1030,0.0,GBPUSD,1784059942435,2026-07-14T20:12:22.435000Z,0.0
1.33793,1.33791,1028,0.0,GBPUSD,1784059943071,2026-07-14T20:12:23.071000Z,0.0
1.33793,1.33791,1026,0.0,GBPUSD,1784059946214,2026-07-14T20:12:26.214000Z,0.0
1.33793,1.3378999999999999,1028,0.0,GBPUSD,1784059948593,2026-07-14T20:12:28.593000Z,0.0
1.3378999999999999,1.33786,1028,0.0,GBPUSD,1784059950579,2026-07-14T20:12:30.579000Z,0.0
1.33791,1.33789,1026,0.0,GBPUSD,1784059950949,2026-07-14T20:12:30.949000Z,0.0
1.3379400000000001,1.33792,1028,0.0,GBPUSD,1784059954815,2026-07-14T20:12:34.815000Z,0.0
1.33795,1.33792,1026,0.0,GBPUSD,1784059956663,2026-07-14T20:12:36.663000Z,0.0
1.3378999999999999,1.33788,1026,0.0,GBPUSD,1784059958818,2026-07-14T20:12:38.818000Z,0.0
1.33791,1.3378700000000001,1026,0.0,GBPUSD,1784059961037,2026-07-14T20:12:41.037000Z,0.0
1.33788,1.33784,1026,0.0,GBPUSD,1784059962749,2026-07-14T20:12:42.749000Z,0.0
1.33785,1.33783,1026,0.0,GBPUSD,1784059965144,2026-07-14T20:12:45.144000Z,0.0
1.33786,1.33783,1028,0.0,GBPUSD,1784059967216,2026-07-14T20:12:47.216000Z,0.0
1.33786,1.33783,1028,0.0,GBPUSD,1784059969204,2026-07-14T20:12:49.204000Z,0.0
1.33788,1.33785,1026,0.0,GBPUSD,1784059970639,2026-07-14T20:12:50.639000Z,0.0
1.3378999999999999,1.33788,1030,0.0,GBPUSD,1784059973437,2026-07-14T20:12:53.437000Z,0.0
1.33793,1.33791,1030,0.0,GBPUSD,1784059975166,2026-07-14T20:12:55.166000Z,0.0
1.3378999999999999,1.33788,1030,0.0,GBPUSD,1784059977602,2026-07-14T20:12:57.602000Z,0.0
1.33791,1.33788,1026,0.0,GBPUSD,1784059979640,2026-07-14T20:12:59.640000Z,0.0
1.3378999999999999,1.33788,1028,0.0,GBPUSD,1784059980876,2026-07-14T20:13:00.876000Z,0.0
1.33791,1.33788,1026,0.0,GBPUSD,1784059983585,2026-07-14T20:13:03.585000Z,0.0
1.33792,1.33789,1026,0.0,GBPUSD,1784059984985,2026-07-14T20:13:04.985000Z,0.0
1.3379400000000001,1.33792,1030,0.0,GBPUSD,1784059987596,2026-07-14T20:13:07.596000Z,0.0
1.33795,1.33792,1028,0.0,GBPUSD,1784059988536,2026-07-14T20:13:08.536000Z,0.0
1.3378700000000001,1.33784,1030,0.0,GBPUSD,1784059992066,2026-07-14T20:13:12.066000Z,0.0
1.33786,1.33782,1026,0.0,GBPUSD,1784059993556,2026-07-14T20:13:13.556000Z,0.0
1.3378999999999999,1.3378700000000001,1026,0.0,GBPUSD,1784059996161,2026-07-14T20:13:16.161000Z,0.0
1.33793,1.3378999999999999,1028,0.0,GBPUSD,1784059998264,2026-07-14T20:13:18.264000Z,0.0
1.33792,1.3378999999999999,1026,0.0,GBPUSD,1784060000337,2026-07-14T20:13:20.337000Z,0.0
1.33792,1.33789,1026,0.0,GBPUSD,1784060002395,2026-07-14T20:13:22.395000Z,0.0
1.33792,1.33788,1028,0.0,GBPUSD,1784060004470,2026-07-14T20:13:24.470000Z,0.0
1.33795,1.33793,1028,0.0,GBPUSD,1784060006189,2026-07-14T20:13:26.189000Z,0.0
1.33795,1.33793,1026,0.0,GBPUSD,1784060007138,2026-07-14T20:13:27.138000Z,0.0
1.3379400000000001,1.33792,1028,0.0,GBPUSD,1784060010197,2026-07-14T20:13:30.197000Z,0.0
1.33788,1.33786,1028,0.0,GBPUSD,1784060012068,2026-07-14T20:13:32.068000Z,0.0
1.33788,1.33785,1026,0.0,GBPUSD,1784060014779,2026-07-14T20:13:34.779000Z,0.0
1.33781,1.33778,1026,0.0,GBPUSD,1784060016859,2026-07-14T20:13:36.859000Z,0.0
1.33781,1.33779,1026,0.0,GBPUSD,1784060018844,2026-07-14T20:13:38.844000Z,0.0
1.33781,1.33778,1026,0.0,GBPUSD,1784060020880,2026-07-14T20:13:40.880000Z,0.0
1.33781,1.33778,1028,0.0,GBPUSD,1784060022973,2026-07-14T20:13:42.973000Z,0.0
1.33778,1.33774,1026,0.0,GBPUSD,1784060025048,2026-07-14T20:13:45.048000Z,0.0
1.33778,1.33775,1026,0.0,GBPUSD,1784060027183,2026-07-14T20:13:47.183000Z,0.0
1.33781,1.33777,1026,0.0,GBPUSD,1784060029153,2026-07-14T20:13:49.153000Z,0.0
1.33781,1.33778,1026,0.0,GBPUSD,1784060030783,2026-07-14T20:13:50.783000Z,0.0
1.33783,1.3378,1026,0.0,GBPUSD,1784060032918,2026-07-14T20:13:52.918000Z,0.0
1.33782,1.33779,1026,0.0,GBPUSD,1784060035040,2026-07-14T20:13:55.040000Z,0.0
1.33782,1.33779,1028,0.0,GBPUSD,1784060037009,2026-07-14T20:13:57.009000Z,0.0
1.33782,1.33779,1028,0.0,GBPUSD,1784060038959,2026-07-14T20:13:58.959000Z,0.0
1.33779,1.33776,1028,0.0,GBPUSD,1784060041664,2026-07-14T20:14:01.664000Z,0.0
1.33785,1.33782,1028,0.0,GBPUSD,1784060043220,2026-07-14T20:14:03.220000Z,0.0
1.33784,1.33782,1028,0.0,GBPUSD,1784060045778,2026-07-14T20:14:05.778000Z,0.0
1.33776,1.33773,1030,0.0,GBPUSD,1784060047624,2026-07-14T20:14:07.624000Z,0.0
1.33781,1.33778,1028,0.0,GBPUSD,1784060049945,2026-07-14T20:14:09.945000Z,0.0
1.33779,1.33777,1026,0.0,GBPUSD,1784060051929,2026-07-14T20:14:11.929000Z,0.0
1.33779,1.33777,1026,0.0,GBPUSD,1784060054040,2026-07-14T20:14:14.040000Z,0.0
1.33769,1.33765,1028,0.0,GBPUSD,1784060056131,2026-07-14T20:14:16.131000Z,0.0
1.3377,1.3376700000000001,1026,0.0,GBPUSD,1784060058141,2026-07-14T20:14:18.141000Z,0.0
1.3377,1.3376700000000001,1030,0.0,GBPUSD,1784060060294,2026-07-14T20:14:20.294000Z,0.0
1.33769,1.33766,1030,0.0,GBPUSD,1784060062243,2026-07-14T20:14:22.243000Z,0.0
1.33768,1.33766,1030,0.0,GBPUSD,1784060064451,2026-07-14T20:14:24.451000Z,0.0
1.3376700000000001,1.33764,1026,0.0,GBPUSD,1784060066438,2026-07-14T20:14:26.438000Z,0.0
1.33764,1.33762,1028,0.0,GBPUSD,1784060067491,2026-07-14T20:14:27.491000Z,0.0
1.33768,1.33765,1028,0.0,GBPUSD,1784060069391,2026-07-14T20:14:29.391000Z,0.0
1.3377,1.3376700000000001,1028,0.0,GBPUSD,1784060072235,2026-07-14T20:14:32.235000Z,0.0
1.33766,1.3376299999999999,1026,0.0,GBPUSD,1784060074669,2026-07-14T20:14:34.669000Z,0.0
1.33766,1.3376299999999999,1028,0.0,GBPUSD,1784060076788,2026-07-14T20:14:36.788000Z,0.0
1.33766,1.33764,1028,0.0,GBPUSD,1784060078769,2026-07-14T20:14:38.769000Z,0.0
1.33766,1.33764,1026,0.0,GBPUSD,1784060080898,2026-07-14T20:14:40.898000Z,0.0
1.3376299999999999,1.33761,1028,0.0,GBPUSD,1784060081590,2026-07-14T20:14:41.590000Z,0.0
1.33761,1.33759,1026,0.0,GBPUSD,1784060085142,2026-07-14T20:14:45.142000Z,0.0
1.33757,1.33754,1028,0.0,GBPUSD,1784060087180,2026-07-14T20:14:47.180000Z,0.0
1.33753,1.3375,1026,0.0,GBPUSD,1784060089180,2026-07-14T20:14:49.180000Z,0.0
1.33755,1.33752,1028,0.0,GBPUSD,1784060091029,2026-07-14T20:14:51.029000Z,0.0
1.33754,1.33751,1028,0.0,GBPUSD,1784060092518,2026-07-14T20:14:52.518000Z,0.0
1.33755,1.33751,1028,0.0,GBPUSD,1784060095500,2026-07-14T20:14:55.500000Z,0.0
1.33755,1.33753,1026,0.0,GBPUSD,1784060097371,2026-07-14T20:14:57.371000Z,0.0
1.33753,1.33749,1026,0.0,GBPUSD,1784060099386,2026-07-14T20:14:59.386000Z,0.0
1.33755,1.33752,1030,0.0,GBPUSD,1784060101144,2026-07-14T20:15:01.144000Z,0.0
1.33753,1.3375,1026,0.0,GBPUSD,1784060103582,2026-07-14T20:15:03.582000Z,0.0
1.33753,1.33749,1028,0.0,GBPUSD,1784060105807,2026-07-14T20:15:05.807000Z,0.0
1.33751,1.33748,1028,0.0,GBPUSD,1784060107547,2026-07-14T20:15:07.547000Z,0.0
1.33753,1.33749,1028,0.0,GBPUSD,1784060109781,2026-07-14T20:15:09.781000Z,0.0
1.33743,1.33741,1026,0.0,GBPUSD,1784060111863,2026-07-14T20:15:11.863000Z,0.0
1.3373599999999999,1.33734,1030,0.0,GBPUSD,1784060114091,2026-07-14T20:15:14.091000Z,0.0
1.33735,1.33732,1028,0.0,GBPUSD,1784060116182,2026-07-14T20:15:16.182000Z,0.0
1.33744,1.33741,1030,0.0,GBPUSD,1784060118233,2026-07-14T20:15:18.233000Z,0.0
1.33742,1.33739,1028,0.0,GBPUSD,1784060120284,2026-07-14T20:15:20.284000Z,0.0
1.3374,1.33738,1026,0.0,GBPUSD,1784060121899,2026-07-14T20:15:21.899000Z,0.0
1.33741,1.33737,1028,0.0,GBPUSD,1784060124441,2026-07-14T20:15:24.441000Z,0.0
1.33738,1.3373599999999999,1030,0.0,GBPUSD,1784060126486,2026-07-14T20:15:26.486000Z,0.0
1.33738,1.3373599999999999,1028,0.0,GBPUSD,1784060128512,2026-07-14T20:15:28.512000Z,0.0
1.33732,1.3373,1026,0.0,GBPUSD,1784060130566,2026-07-14T20:15:30.566000Z,0.0
1.33731,1.3372899999999999,1028,0.0,GBPUSD,1784060132396,2026-07-14T20:15:32.396000Z,0.0
1.3372600000000001,1.33724,1026,0.0,GBPUSD,1784060134641,2026-07-14T20:15:34.641000Z,0.0
1.3372600000000001,1.33724,1026,0.0,GBPUSD,1784060136498,2026-07-14T20:15:36.498000Z,0.0
1.33721,1.33718,1030,0.0,GBPUSD,1784060138783,2026-07-14T20:15:38.783000Z,0.0
1.33721,1.33718,1028,0.0,GBPUSD,1784060140389,2026-07-14T20:15:40.389000Z,0.0
1.33716,1.33713,1026,0.0,GBPUSD,1784060142586,2026-07-14T20:15:42.586000Z,0.0
1.33719,1.33716,1028,0.0,GBPUSD,1784060144886,2026-07-14T20:15:44.886000Z,0.0
1.3372,1.33717,1030,0.0,GBPUSD,1784060147128,2026-07-14T20:15:47.128000Z,0.0
1.33719,1.33715,1028,0.0,GBPUSD,1784060149242,2026-07-14T20:15:49.242000Z,0.0
1.33719,1.33717,1026,0.0,GBPUSD,1784060150807,2026-07-14T20:15:50.807000Z,0.0
1.33714,1.33711,1028,0.0,GBPUSD,1784060153407,2026-07-14T20:15:53.407000Z,0.0
1.33719,1.33716,1028,0.0,GBPUSD,1784060155236,2026-07-14T20:15:55.236000Z,0.0
1.3372,1.33717,1028,0.0,GBPUSD,1784060157481,2026-07-14T20:15:57.481000Z,0.0
1.33708,1.3370600000000001,1028,0.0,GBPUSD,1784060159612,2026-07-14T20:15:59.612000Z,0.0
1.33709,1.33705,1026,0.0,GBPUSD,1784060161633,2026-07-14T20:16:01.633000Z,0.0
1.33714,1.33711,1026,0.0,GBPUSD,1784060163690,2026-07-14T20:16:03.690000Z,0.0
1.33714,1.33712,1030,0.0,GBPUSD,1784060165782,2026-07-14T20:16:05.782000Z,0.0
1.33714,1.33712,1030,0.0,GBPUSD,1784060167858,2026-07-14T20:16:07.858000Z,0.0
1.3372,1.33717,1026,0.0,GBPUSD,1784060169905,2026-07-14T20:16:09.905000Z,0.0
1.33722,1.3372,1026,0.0,GBPUSD,1784060171757,2026-07-14T20:16:11.757000Z,0.0
1.33722,1.33719,1030,0.0,GBPUSD,1784060173781,2026-07-14T20:16:13.781000Z,0.0
1.33721,1.33718,1028,0.0,GBPUSD,1784060175932,2026-07-14T20:16:15.932000Z,0.0
1.33721,1.33719,1030,0.0,GBPUSD,1784060177861,2026-07-14T20:16:17.861000Z,0.0
1.33719,1.33717,1028,0.0,GBPUSD,1784060180188,2026-07-14T20:16:20.188000Z,0.0
1.33718,1.33715,1028,0.0,GBPUSD,1784060182071,2026-07-14T20:16:22.071000Z,0.0
1.33721,1.33718,1026,0.0,GBPUSD,1784060184429,2026-07-14T20:16:24.429000Z,0.0
1.33721,1.33719,1026,0.0,GBPUSD,1784060186411,2026-07-14T20:16:26.411000Z,0.0
1.33725,1.33722,1026,0.0,GBPUSD,1784060188315,2026-07-14T20:16:28.315000Z,0.0
1.33721,1.33718,1026,0.0,GBPUSD,1784060190147,2026-07-14T20:16:30.147000Z,0.0
1.33714,1.33712,1028,0.0,GBPUSD,1784060192503,2026-07-14T20:16:32.503000Z,0.0
1.33714,1.33711,1028,0.0,GBPUSD,1784060194780,2026-07-14T20:16:34.780000Z,0.0
1.33716,1.33712,1028,0.0,GBPUSD,1784060196831,2026-07-14T20:16:36.831000Z,0.0
1.33715,1.33713,1030,0.0,GBPUSD,1784060198872,2026-07-14T20:16:38.872000Z,0.0
1.33712,1.33709,1028,0.0,GBPUSD,1784060200823,2026-07-14T20:16:40.823000Z,0.0
1.33713,1.3371,1028,0.0,GBPUSD,1784060202290,2026-07-14T20:16:42.290000Z,0.0
1.33709,1.3370600000000001,1030,0.0,GBPUSD,1784060205145,2026-07-14T20:16:45.145000Z,0.0
1.3371,1.33707,1030,0.0,GBPUSD,1784060206994,2026-07-14T20:16:46.994000Z,0.0
1.33712,1.3371,1026,0.0,GBPUSD,1784060208720,2026-07-14T20:16:48.720000Z,0.0
1.3371,1.33707,1028,0.0,GBPUSD,1784060211382,2026-07-14T20:16:51.382000Z,0.0
1.33709,1.3370600000000001,1026,0.0,GBPUSD,1784060213342,2026-07-14T20:16:53.342000Z,0.0
1.33704,1.3370199999999999,1030,0.0,GBPUSD,1784060215445,2026-07-14T20:16:55.445000Z,0.0
1.33705,1.3370199999999999,1026,0.0,GBPUSD,1784060217473,2026-07-14T20:16:57.473000Z,0.0
1.33711,1.33709,1030,0.0,GBPUSD,1784060218146,2026-07-14T20:16:58.146000Z,0.0
1.33712,1.33709,1028,0.0,GBPUSD,1784060221442,2026-07-14T20:17:01.442000Z,0.0
1.3371,1.33708,1028,0.0,GBPUSD,1784060225860,2026-07-14T20:17:05.860000Z,0.0
1.33707,1.33704,1026,0.0,GBPUSD,1784060227829,2026-07-14T20:17:07.829000Z,0.0
1.33714,1.33711,1028,0.0,GBPUSD,1784060229630,2026-07-14T20:17:09.630000Z,0.0
1.33714,1.33711,1030,0.0,GBPUSD,1784060231931,2026-07-14T20:17:11.931000Z,0.0
1.33714,1.33711,1030,0.0,GBPUSD,1784060234115,2026-07-14T20:17:14.115000Z,0.0
1.33719,1.33716,1026,0.0,GBPUSD,1784060236214,2026-07-14T20:17:16.214000Z,0.0
1.33721,1.33718,1028,0.0,GBPUSD,1784060238079,2026-07-14T20:17:18.079000Z,0.0
1.3372,1.33717,1026,0.0,GBPUSD,1784060240312,2026-07-14T20:17:20.312000Z,0.0
1.33719,1.33716,1028,0.0,GBPUSD,1784060240751,2026-07-14T20:17:20.751000Z,0.0
1.33712,1.33709,1028,0.0,GBPUSD,1784060243874,2026-07-14T20:17:23.874000Z,0.0
1.33708,1.33705,1030,0.0,GBPUSD,1784060244567,2026-07-14T20:17:24.567000Z,0.0
1.33709,1.3370600000000001,1026,0.0,GBPUSD,1784060248032,2026-07-14T20:17:28.032000Z,0.0
1.33719,1.33717,1028,0.0,GBPUSD,1784060250631,2026-07-14T20:17:30.631000Z,0.0
1.33721,1.33718,1026,0.0,GBPUSD,1784060252730,2026-07-14T20:17:32.730000Z,0.0
1.33714,1.33711,1026,0.0,GBPUSD,1784060254720,2026-07-14T20:17:34.720000Z,0.0
1.33714,1.33711,1026,0.0,GBPUSD,1784060256831,2026-07-14T20:17:36.831000Z,0.0
1.33714,1.33711,1026,0.0,GBPUSD,1784060258321,2026-07-14T20:17:38.321000Z,0.0
1.33713,1.33711,1028,0.0,GBPUSD,1784060261014,2026-07-14T20:17:41.014000Z,0.0
1.33713,1.3371,1026,0.0,GBPUSD,1784060263039,2026-07-14T20:17:43.039000Z,0.0
1.33714,1.33711,1028,0.0,GBPUSD,1784060265112,2026-07-14T20:17:45.112000Z,0.0
1.33713,1.3371,1026,0.0,GBPUSD,1784060267136,2026-07-14T20:17:47.136000Z,0.0
1.33711,1.33709,1028,0.0,GBPUSD,1784060269283,2026-07-14T20:17:49.283000Z,0.0
1.3371,1.33707,1028,0.0,GBPUSD,1784060271333,2026-07-14T20:17:51.333000Z,0.0
1.33716,1.33713,1028,0.0,GBPUSD,1784060273112,2026-07-14T20:17:53.112000Z,0.0
1.33716,1.33713,1028,0.0,GBPUSD,1784060275382,2026-07-14T20:17:55.382000Z,0.0
1.33716,1.33713,1026,0.0,GBPUSD,1784060276453,2026-07-14T20:17:56.453000Z,0.0
1.33715,1.33712,1028,0.0,GBPUSD,1784060278738,2026-07-14T20:17:58.738000Z,0.0
1.33715,1.33712,1026,0.0,GBPUSD,1784060281683,2026-07-14T20:18:01.683000Z,0.0
1.33714,1.33712,1028,0.0,GBPUSD,1784060283509,2026-07-14T20:18:03.509000Z,0.0
1.33712,1.33709,1030,0.0,GBPUSD,1784060285807,2026-07-14T20:18:05.807000Z,0.0
1.33709,1.33707,1030,0.0,GBPUSD,1784060287321,2026-07-14T20:18:07.321000Z,0.0
1.33704,1.33701,1028,0.0,GBPUSD,1784060289718,2026-07-14T20:18:09.718000Z,0.0
1.33703,1.337,1026,0.0,GBPUSD,1784060291794,2026-07-14T20:18:11.794000Z,0.0
1.337,1.33698,1028,0.0,GBPUSD,1784060294086,2026-07-14T20:18:14.086000Z,0.0
1.33704,1.3370199999999999,1028,0.0,GBPUSD,1784060296210,2026-07-14T20:18:16.210000Z,0.0
1.3370199999999999,1.3369900000000001,1028,0.0,GBPUSD,1784060298035,2026-07-14T20:18:18.035000Z,0.0
1.33703,1.337,1028,0.0,GBPUSD,1784060299664,2026-07-14T20:18:19.664000Z,0.0
1.33704,1.33701,1026,0.0,GBPUSD,1784060302420,2026-07-14T20:18:22.420000Z,0.0
1.33704,1.33701,1030,0.0,GBPUSD,1784060304432,2026-07-14T20:18:24.432000Z,0.0
1.33705,1.3370199999999999,1026,0.0,GBPUSD,1784060306021,2026-07-14T20:18:26.021000Z,0.0
1.33707,1.33704,1026,0.0,GBPUSD,1784060308509,2026-07-14T20:18:28.509000Z,0.0
1.3370600000000001,1.33704,1028,0.0,GBPUSD,1784060310640,2026-07-14T20:18:30.640000Z,0.0
1.33708,1.33705,1026,0.0,GBPUSD,1784060312726,2026-07-14T20:18:32.726000Z,0.0
1.33708,1.33705,1028,0.0,GBPUSD,1784060314289,2026-07-14T20:18:34.289000Z,0.0
1.33701,1.33698,1030,0.0,GBPUSD,1784060316889,2026-07-14T20:18:36.889000Z,0.0
1.33701,1.33698,1030,0.0,GBPUSD,1784060318486,2026-07-14T20:18:38.486000Z,0.0
1.33701,1.33698,1028,0.0,GBPUSD,1784060320594,2026-07-14T20:18:40.594000Z,0.0
1.33705,1.3370199999999999,1030,0.0,GBPUSD,1784060321150,2026-07-14T20:18:41.150000Z,0.0
1.33703,1.33701,1028,0.0,GBPUSD,1784060324997,2026-07-14T20:18:44.997000Z,0.0
1.33703,1.33701,1028,0.0,GBPUSD,1784060326994,2026-07-14T20:18:46.994000Z,0.0
1.33703,1.33701,1028,0.0,GBPUSD,1784060327976,2026-07-14T20:18:47.976000Z,0.0
1.33703,1.337,1028,0.0,GBPUSD,1784060331230,2026-07-14T20:18:51.230000Z,0.0
1.33701,1.3369900000000001,1030,0.0,GBPUSD,1784060332448,2026-07-14T20:18:52.448000Z,0.0
1.337,1.33698,1030,0.0,GBPUSD,1784060335458,2026-07-14T20:18:55.458000Z,0.0
1.33692,1.3369,1026,0.0,GBPUSD,1784060337342,2026-07-14T20:18:57.342000Z,0.0
1.33691,1.33689,1028,0.0,GBPUSD,1784060339540,2026-07-14T20:18:59.540000Z,0.0
1.3369,1.33687,1030,0.0,GBPUSD,1784060341744,2026-07-14T20:19:01.744000Z,0.0
1.3369,1.33687,1028,0.0,GBPUSD,1784060343773,2026-07-14T20:19:03.773000Z,0.0
1.33691,1.33688,1028,0.0,GBPUSD,1784060345635,2026-07-14T20:19:05.635000Z,0.0
1.33691,1.33688,1026,0.0,GBPUSD,1784060347593,2026-07-14T20:19:07.593000Z,0.0
1.33691,1.33689,1028,0.0,GBPUSD,1784060349734,2026-07-14T20:19:09.734000Z,0.0
1.33692,1.3369,1026,0.0,GBPUSD,1784060351996,2026-07-14T20:19:11.996000Z,0.0
1.3369,1.33687,1028,0.0,GBPUSD,1784060354195,2026-07-14T20:19:14.195000Z,0.0
1.33686,1.33684,1026,0.0,GBPUSD,1784060356055,2026-07-14T20:19:16.055000Z,0.0
1.33683,1.3368,1028,0.0,GBPUSD,1784060358303,2026-07-14T20:19:18.303000Z,0.0
1.33695,1.33692,1026,0.0,GBPUSD,1784060360342,2026-07-14T20:19:20.342000Z,0.0
1.33691,1.33688,1028,0.0,GBPUSD,1784060362401,2026-07-14T20:19:22.401000Z,0.0
1.33692,1.33689,1028,0.0,GBPUSD,1784060363518,2026-07-14T20:19:23.518000Z,0.0
1.33695,1.33693,1026,0.0,GBPUSD,1784060366500,2026-07-14T20:19:26.500000Z,0.0
1.33696,1.33694,1026,0.0,GBPUSD,1784060368491,2026-07-14T20:19:28.491000Z,0.0
1.33692,1.33689,1028,0.0,GBPUSD,1784060370596,2026-07-14T20:19:30.596000Z,0.0
1.33691,1.33688,1026,0.0,GBPUSD,1784060372445,2026-07-14T20:19:32.445000Z,0.0
1.33695,1.33693,1026,0.0,GBPUSD,1784060374819,2026-07-14T20:19:34.819000Z,0.0
1.33694,1.33691,1026,0.0,GBPUSD,1784060376451,2026-07-14T20:19:36.451000Z,0.0
1.33694,1.33692,1028,0.0,GBPUSD,1784060378497,2026-07-14T20:19:38.497000Z,0.0
1.33693,1.3369,1028,0.0,GBPUSD,1784060383143,2026-07-14T20:19:43.143000Z,0.0
1.33692,1.3369,1030,0.0,GBPUSD,1784060384578,2026-07-14T20:19:44.578000Z,0.0
1.33691,1.33688,1026,0.0,GBPUSD,1784060387245,2026-07-14T20:19:47.245000Z,0.0
1.3369,1.33688,1030,0.0,GBPUSD,1784060389093,2026-07-14T20:19:49.093000Z,0.0
1.33692,1.3369,1026,0.0,GBPUSD,1784060391466,2026-07-14T20:19:51.466000Z,0.0
1.33691,1.33689,1030,0.0,GBPUSD,1784060391678,2026-07-14T20:19:51.678000Z,0.0
1.33688,1.33685,1028,0.0,GBPUSD,1784060395491,2026-07-14T20:19:55.491000Z,0.0
1.33686,1.33684,1028,0.0,GBPUSD,1784060397666,2026-07-14T20:19:57.666000Z,0.0
1.33684,1.33681,1028,0.0,GBPUSD,1784060399527,2026-07-14T20:19:59.527000Z,0.0
1.3369,1.33687,1028,0.0,GBPUSD,1784060401775,2026-07-14T20:20:01.775000Z,0.0
1.3369,1.33688,1026,0.0,GBPUSD,1784060403438,2026-07-14T20:20:03.438000Z,0.0
1.33689,1.33686,1026,0.0,GBPUSD,1784060405890,2026-07-14T20:20:05.890000Z,0.0
1.33682,1.33679,1028,0.0,GBPUSD,1784060407858,2026-07-14T20:20:07.858000Z,0.0
1.33688,1.33686,1026,0.0,GBPUSD,1784060409835,2026-07-14T20:20:09.835000Z,0.0
1.33686,1.33683,1026,0.0,GBPUSD,1784060411947,2026-07-14T20:20:11.947000Z,0.0
1.33687,1.33685,1026,0.0,GBPUSD,1784060412988,2026-07-14T20:20:12.988000Z,0.0
1.33686,1.33684,1028,0.0,GBPUSD,1784060415050,2026-07-14T20:20:15.050000Z,0.0
1.33687,1.33684,1028,0.0,GBPUSD,1784060418280,2026-07-14T20:20:18.280000Z,0.0
1.33689,1.33686,1026,0.0,GBPUSD,1784060420289,2026-07-14T20:20:20.289000Z,0.0
1.33686,1.33684,1030,0.0,GBPUSD,1784060422506,2026-07-14T20:20:22.506000Z,0.0
1.33681,1.33679,1030,0.0,GBPUSD,1784060424302,2026-07-14T20:20:24.302000Z,0.0
1.33685,1.33683,1026,0.0,GBPUSD,1784060426438,2026-07-14T20:20:26.438000Z,0.0
1.33687,1.33684,1028,0.0,GBPUSD,1784060428722,2026-07-14T20:20:28.722000Z,0.0
1.33697,1.33693,1026,0.0,GBPUSD,1784060430203,2026-07-14T20:20:30.203000Z,0.0
1.33697,1.33693,1026,0.0,GBPUSD,1784060431943,2026-07-14T20:20:31.943000Z,0.0
1.33696,1.33692,1028,0.0,GBPUSD,1784060434924,2026-07-14T20:20:34.924000Z,0.0
1.33695,1.33693,1028,0.0,GBPUSD,1784060436907,2026-07-14T20:20:36.907000Z,0.0
1.33696,1.33693,1028,0.0,GBPUSD,1784060441167,2026-07-14T20:20:41.167000Z,0.0
1.33698,1.33696,1028,0.0,GBPUSD,1784060442845,2026-07-14T20:20:42.845000Z,0.0
1.337,1.33696,1030,0.0,GBPUSD,1784060445297,2026-07-14T20:20:45.297000Z,0.0
1.33705,1.3370199999999999,1026,0.0,GBPUSD,1784060447343,2026-07-14T20:20:47.343000Z,0.0
1.33705,1.3370199999999999,1026,0.0,GBPUSD,1784060449203,2026-07-14T20:20:49.203000Z,0.0
1.3370600000000001,1.3370199999999999,1026,0.0,GBPUSD,1784060450947,2026-07-14T20:20:50.947000Z,0.0
1.33705,1.3370199999999999,1026,0.0,GBPUSD,1784060452927,2026-07-14T20:20:52.927000Z,0.0
1.3370600000000001,1.33703,1026,0.0,GBPUSD,1784060455536,2026-07-14T20:20:55.536000Z,0.0
1.3370600000000001,1.33703,1026,0.0,GBPUSD,1784060457149,2026-07-14T20:20:57.149000Z,0.0
1.33704,1.33701,1028,0.0,GBPUSD,1784060459043,2026-07-14T20:20:59.043000Z,0.0
1.33705,1.3370199999999999,1028,0.0,GBPUSD,1784060461133,2026-07-14T20:21:01.133000Z,0.0
1.33705,1.3370199999999999,1028,0.0,GBPUSD,1784060463827,2026-07-14T20:21:03.827000Z,0.0
1.337,1.33696,1028,0.0,GBPUSD,1784060465480,2026-07-14T20:21:05.480000Z,0.0
1.33707,1.33704,1028,0.0,GBPUSD,1784060467842,2026-07-14T20:21:07.842000Z,0.0
1.33707,1.33704,1028,0.0,GBPUSD,1784060470050,2026-07-14T20:21:10.050000Z,0.0
1.3370600000000001,1.33703,1028,0.0,GBPUSD,1784060472062,2026-07-14T20:21:12.062000Z,0.0
1.3370199999999999,1.337,1026,0.0,GBPUSD,1784060476066,2026-07-14T20:21:16.066000Z,0.0
1.33712,1.3371,1028,0.0,GBPUSD,1784060478397,2026-07-14T20:21:18.397000Z,0.0
1.33712,1.3371,1030,0.0,GBPUSD,1784060480443,2026-07-14T20:21:20.443000Z,0.0
1.33713,1.3371,1028,0.0,GBPUSD,1784060482588,2026-07-14T20:21:22.588000Z,0.0
1.33709,1.3370600000000001,1026,0.0,GBPUSD,1784060484472,2026-07-14T20:21:24.472000Z,0.0
1.33705,1.33703,1026,0.0,GBPUSD,1784060486714,2026-07-14T20:21:26.714000Z,0.0
1.33705,1.33703,1026,0.0,GBPUSD,1784060487141,2026-07-14T20:21:27.141000Z,0.0
1.33705,1.33703,1028,0.0,GBPUSD,1784060490565,2026-07-14T20:21:30.565000Z,0.0
1.3370600000000001,1.33703,1026,0.0,GBPUSD,1784060492292,2026-07-14T20:21:32.292000Z,0.0
1.33705,1.33703,1030,0.0,GBPUSD,1784060494297,2026-07-14T20:21:34.297000Z,0.0
1.33716,1.33712,1028,0.0,GBPUSD,1784060496785,2026-07-14T20:21:36.785000Z,0.0
1.33714,1.33712,1028,0.0,GBPUSD,1784060499010,2026-07-14T20:21:39.010000Z,0.0
1.3371,1.33708,1028,0.0,GBPUSD,1784060501123,2026-07-14T20:21:41.123000Z,0.0
1.33709,1.33707,1028,0.0,GBPUSD,1784060502861,2026-07-14T20:21:42.861000Z,0.0
1.33707,1.33704,1028,0.0,GBPUSD,1784060505065,2026-07-14T20:21:45.065000Z,0.0
1.33711,1.33708,1030,0.0,GBPUSD,1784060507389,2026-07-14T20:21:47.389000Z,0.0
1.33711,1.33708,1026,0.0,GBPUSD,1784060509446,2026-07-14T20:21:49.446000Z,0.0
1.33711,1.33709,1028,0.0,GBPUSD,1784060511451,2026-07-14T20:21:51.451000Z,0.0
1.33713,1.3371,1028,0.0,GBPUSD,1784060513167,2026-07-14T20:21:53.167000Z,0.0
1.3371,1.33708,1030,0.0,GBPUSD,1784060515677,2026-07-14T20:21:55.677000Z,0.0
1.33711,1.33709,1026,0.0,GBPUSD,1784060517515,2026-07-14T20:21:57.515000Z,0.0
1.33712,1.33709,1028,0.0,GBPUSD,1784060519873,2026-07-14T20:21:59.873000Z,0.0
1.33717,1.33714,1028,0.0,GBPUSD,1784060521920,2026-07-14T20:22:01.920000Z,0.0
1.33717,1.33713,1028,0.0,GBPUSD,1784060523992,2026-07-14T20:22:03.992000Z,0.0
1.33714,1.33709,1028,0.0,GBPUSD,1784060525727,2026-07-14T20:22:05.727000Z,0.0
1.33717,1.33713,1028,0.0,GBPUSD,1784060528155,2026-07-14T20:22:08.155000Z,0.0
1.33716,1.33713,1026,0.0,GBPUSD,1784060530051,2026-07-14T20:22:10.051000Z,0.0
1.3372,1.33718,1030,0.0,GBPUSD,1784060532013,2026-07-14T20:22:12.013000Z,0.0
1.33723,1.3372,1026,0.0,GBPUSD,1784060533646,2026-07-14T20:22:13.646000Z,0.0
1.33723,1.3372,1030,0.0,GBPUSD,1784060534640,2026-07-14T20:22:14.640000Z,0.0
1.33717,1.33714,1026,0.0,GBPUSD,1784060538498,2026-07-14T20:22:18.498000Z,0.0
1.33716,1.33713,1026,0.0,GBPUSD,1784060540477,2026-07-14T20:22:20.477000Z,0.0
1.33717,1.33714,1028,0.0,GBPUSD,1784060542106,2026-07-14T20:22:22.106000Z,0.0
1.3372,1.33717,1026,0.0,GBPUSD,1784060544699,2026-07-14T20:22:24.699000Z,0.0
1.33719,1.33716,1028,0.0,GBPUSD,1784060546082,2026-07-14T20:22:26.082000Z,0.0
1.33717,1.33714,1028,0.0,GBPUSD,1784060548812,2026-07-14T20:22:28.812000Z,0.0
1.33716,1.33714,1028,0.0,GBPUSD,1784060550829,2026-07-14T20:22:30.829000Z,0.0
1.33722,1.33719,1028,0.0,GBPUSD,1784060552939,2026-07-14T20:22:32.939000Z,0.0
1.33716,1.33714,1030,0.0,GBPUSD,1784060555114,2026-07-14T20:22:35.114000Z,0.0
1.33715,1.33713,1028,0.0,GBPUSD,1784060557120,2026-07-14T20:22:37.120000Z,0.0
1.33718,1.33716,1026,0.0,GBPUSD,1784060559001,2026-07-14T20:22:39.001000Z,0.0
1.33718,1.33716,1028,0.0,GBPUSD,1784060560863,2026-07-14T20:22:40.863000Z,0.0
1.33719,1.33716,1028,0.0,GBPUSD,1784060563324,2026-07-14T20:22:43.324000Z,0.0
1.33721,1.33718,1028,0.0,GBPUSD,1784060565386,2026-07-14T20:22:45.386000Z,0.0
1.33722,1.3372,1028,0.0,GBPUSD,1784060566861,2026-07-14T20:22:46.861000Z,0.0
1.33719,1.33716,1026,0.0,GBPUSD,1784060569543,2026-07-14T20:22:49.543000Z,0.0
1.33719,1.33717,1026,0.0,GBPUSD,1784060571589,2026-07-14T20:22:51.589000Z,0.0
1.33717,1.33715,1030,0.0,GBPUSD,1784060573689,2026-07-14T20:22:53.689000Z,0.0
1.33712,1.3371,1028,0.0,GBPUSD,1784060575798,2026-07-14T20:22:55.798000Z,0.0
1.33713,1.3371,1028,0.0,GBPUSD,1784060577875,2026-07-14T20:22:57.875000Z,0.0
1.33713,1.3371,1030,0.0,GBPUSD,1784060579614,2026-07-14T20:22:59.614000Z,0.0
1.33713,1.3371,1028,0.0,GBPUSD,1784060580980,2026-07-14T20:23:00.980000Z,0.0
1.33713,1.33711,1026,0.0,GBPUSD,1784060584062,2026-07-14T20:23:04.062000Z,0.0
