case_id,position_id,ts_recv_utc,seconds_before_decision,raw_i5,aligned_i5,spread_ticks
F001_PID000000152,152,2019-04-23T23:58:00.081346048+00:00,119.918653952,0.021148036253776436,-0.021148036253776436,0.9999999999976694
F001_PID000000152,152,2019-04-23T23:58:00.655273728+00:00,119.344726272,0.021148036253776436,-0.021148036253776436,0.9999999999976694
F001_PID000000152,152,2019-04-23T23:58:03.496564992+00:00,116.503435008,0.021148036253776436,-0.021148036253776436,0.9999999999976694
F001_PID000000152,152,2019-04-23T23:58:07.018719232+00:00,112.981280768,0.02735562310030395,-0.02735562310030395,0.9999999999976694
F001_PID000000152,152,2019-04-23T23:58:12.110347776+00:00,107.889652224,0.02735562310030395,-0.02735562310030395,0.9999999999976694
F001_PID000000152,152,2019-04-23T23:58:12.165167360+00:00,107.83483264,0.02735562310030395,-0.02735562310030395,0.9999999999976694
F001_PID000000152,152,2019-04-23T23:58:15.527013888+00:00,104.472986112,0.02735562310030395,-0.02735562310030395,0.9999999999976694
F001_PID000000152,152,2019-04-23T23:58:15.644563456+00:00,104.355436544,0.02735562310030395,-0.02735562310030395,0.9999999999976694
F001_PID000000152,152,2019-04-23T23:58:38.185915904+00:00,81.814084096,0.02735562310030395,-0.02735562310030395,0.9999999999976694
F001_PID000000152,152,2019-04-23T23:58:38.186342144+00:00,81.813657856,0.030303030303030304,-0.030303030303030304,0.9999999999976694
F001_PID000000152,152,2019-04-23T23:58:38.187403520+00:00,81.81259648,0.030303030303030304,-0.030303030303030304,0.9999999999976694
F001_PID000000152,152,2019-04-23T23:58:38.190032896+00:00,81.809967104,0.030303030303030304,-0.030303030303030304,0.9999999999976694
F001_PID000000152,152,2019-04-23T23:58:39.958646272+00:00,80.041353728,0.030303030303030304,-0.030303030303030304,0.9999999999976694
F001_PID000000152,152,2019-04-23T23:58:40.324314112+00:00,79.675685888,0.030303030303030304,-0.030303030303030304,0.9999999999976694
F001_PID000000152,152,2019-04-23T23:58:43.149345536+00:00,76.850654464,0.005917159763313609,-0.005917159763313609,0.9999999999976694
F001_PID000000152,152,2019-04-23T23:58:43.149407488+00:00,76.850592512,-0.005988023952095809,0.005988023952095809,0.9999999999976694
F001_PID000000152,152,2019-04-23T23:58:43.149476096+00:00,76.850523904,-0.01818181818181818,0.01818181818181818,0.9999999999976694
F001_PID000000152,152,2019-04-23T23:58:43.149856768+00:00,76.850143232,-0.029940119760479042,0.029940119760479042,0.9999999999976694
F001_PID000000152,152,2019-04-23T23:58:43.150565632+00:00,76.849434368,-0.03614457831325301,0.03614457831325301,0.9999999999976694
F001_PID000000152,152,2019-04-23T23:58:43.150938880+00:00,76.84906112,-0.03614457831325301,0.03614457831325301,0.9999999999976694
F001_PID000000152,152,2019-04-23T23:58:43.150982656+00:00,76.849017344,-0.03903903903903904,0.03903903903903904,0.9999999999976694
F001_PID000000152,152,2019-04-23T23:58:43.153041152+00:00,76.846958848,-0.04216867469879518,0.04216867469879518,0.9999999999976694
F001_PID000000152,152,2019-04-23T23:58:43.153109760+00:00,76.84689024,-0.045317220543806644,0.045317220543806644,0.9999999999976694
F001_PID000000152,152,2019-04-23T23:58:43.153223168+00:00,76.846776832,-0.05105105105105105,0.05105105105105105,0.9999999999976694
F001_PID000000152,152,2019-04-23T23:58:43.158104064+00:00,76.841895936,-0.03951367781155015,0.03951367781155015,0.9999999999976694
F001_PID000000152,152,2019-04-23T23:58:43.162330880+00:00,76.83766912,-0.03951367781155015,0.03951367781155015,0.9999999999976694
F001_PID000000152,152,2019-04-23T23:58:43.162348800+00:00,76.8376512,-0.045871559633027525,0.045871559633027525,0.9999999999976694
F001_PID000000152,152,2019-04-23T23:58:43.162687488+00:00,76.837312512,-0.04878048780487805,0.04878048780487805,0.9999999999976694
F001_PID000000152,152,2019-04-23T23:58:43.163050752+00:00,76.836949248,-0.05167173252279635,0.05167173252279635,0.9999999999976694
F001_PID000000152,152,2019-04-23T23:58:43.164138496+00:00,76.835861504,-0.048484848484848485,0.048484848484848485,0.9999999999976694
F001_PID000000152,152,2019-04-23T23:58:43.164346112+00:00,76.835653888,-0.045317220543806644,0.045317220543806644,0.9999999999976694
F001_PID000000152,152,2019-04-23T23:58:43.181703680+00:00,76.81829632,-0.04819277108433735,0.04819277108433735,0.9999999999976694
F001_PID000000152,152,2019-04-23T23:58:43.190725888+00:00,76.809274112,-0.04242424242424243,0.04242424242424243,0.9999999999976694
F001_PID000000152,152,2019-04-23T23:58:43.228421632+00:00,76.771578368,-0.045317220543806644,0.045317220543806644,0.9999999999976694
F001_PID000000152,152,2019-04-23T23:58:43.305391872+00:00,76.694608128,-0.04242424242424243,0.04242424242424243,0.9999999999976694
F001_PID000000152,152,2019-04-23T23:58:43.326709504+00:00,76.673290496,-0.03067484662576687,0.03067484662576687,0.9999999999976694
F001_PID000000152,152,2019-04-23T23:58:43.689709056+00:00,76.310290944,-0.027522935779816515,0.027522935779816515,0.9999999999976694
F001_PID000000152,152,2019-04-23T23:58:43.698074112+00:00,76.301925888,-0.024390243902439025,0.024390243902439025,0.9999999999976694
F001_PID000000152,152,2019-04-23T23:58:44.084981760+00:00,75.91501824,-0.01818181818181818,0.01818181818181818,0.9999999999976694
F001_PID000000152,152,2019-04-23T23:58:44.340068096+00:00,75.659931904,-0.015197568389057751,0.015197568389057751,0.9999999999976694
F001_PID000000152,152,2019-04-23T23:58:44.341086976+00:00,75.658913024,-0.012195121951219513,0.012195121951219513,0.9999999999976694
F001_PID000000152,152,2019-04-23T23:58:44.341446400+00:00,75.6585536,-0.00911854103343465,0.00911854103343465,0.9999999999976694
F001_PID000000152,152,2019-04-23T23:58:44.342290944+00:00,75.657709056,-0.00911854103343465,0.00911854103343465,0.9999999999976694
F001_PID000000152,152,2019-04-23T23:58:44.434873344+00:00,75.565126656,-0.012121212121212121,0.012121212121212121,0.9999999999976694
F001_PID000000152,152,2019-04-23T23:58:44.435153664+00:00,75.564846336,-0.012121212121212121,0.012121212121212121,0.9999999999976694
F001_PID000000152,152,2019-04-23T23:58:44.441203200+00:00,75.5587968,-0.00911854103343465,0.00911854103343465,0.9999999999976694
F001_PID000000152,152,2019-04-23T23:58:44.441499648+00:00,75.558500352,-0.00911854103343465,0.00911854103343465,0.9999999999976694
F001_PID000000152,152,2019-04-23T23:58:44.443963392+00:00,75.556036608,-0.012121212121212121,0.012121212121212121,0.9999999999976694
F001_PID000000152,152,2019-04-23T23:58:44.444237568+00:00,75.555762432,-0.012121212121212121,0.012121212121212121,0.9999999999976694
F001_PID000000152,152,2019-04-23T23:58:44.454912768+00:00,75.545087232,-0.015105740181268883,0.015105740181268883,0.9999999999976694
F001_PID000000152,152,2019-04-23T23:58:48.662896640+00:00,71.33710336,-0.015105740181268883,0.015105740181268883,0.9999999999976694
F001_PID000000152,152,2019-04-23T23:58:50.052593664+00:00,69.947406336,-0.015105740181268883,0.015105740181268883,0.9999999999976694
F001_PID000000152,152,2019-04-23T23:58:51.368800256+00:00,68.631199744,-0.015105740181268883,0.015105740181268883,0.9999999999976694
F001_PID000000152,152,2019-04-23T23:58:51.368847360+00:00,68.63115264,-0.04024767801857585,0.04024767801857585,0.9999999999976694
F001_PID000000152,152,2019-04-23T23:58:51.369032960+00:00,68.63096704,-0.043478260869565216,0.043478260869565216,0.9999999999976694
F001_PID000000152,152,2019-04-23T23:58:51.369107200+00:00,68.6308928,-0.04672897196261682,0.04672897196261682,0.9999999999976694
F001_PID000000152,152,2019-04-23T23:58:51.369202176+00:00,68.630797824,-0.05329153605015674,0.05329153605015674,0.9999999999976694
F001_PID000000152,152,2019-04-23T23:58:51.369418496+00:00,68.630581504,-0.05329153605015674,0.05329153605015674,0.9999999999976694
F001_PID000000152,152,2019-04-23T23:58:51.369473536+00:00,68.630526464,-0.05660377358490566,0.05660377358490566,0.9999999999976694
F001_PID000000152,152,2019-04-23T23:58:51.369560064+00:00,68.630439936,-0.05,0.05,0.9999999999976694
F001_PID000000152,152,2019-04-23T23:58:51.377804800+00:00,68.6221952,-0.06172839506172839,0.06172839506172839,0.9999999999976694
F001_PID000000152,152,2019-04-23T23:58:51.380900608+00:00,68.619099392,-0.06832298136645963,0.06832298136645963,0.9999999999976694
F001_PID000000152,152,2019-04-23T23:58:51.392620800+00:00,68.6073792,-0.07407407407407407,0.07407407407407407,0.9999999999976694
F001_PID000000152,152,2019-04-23T23:58:51.400143104+00:00,68.599856896,-0.06832298136645963,0.06832298136645963,0.9999999999976694
F001_PID000000152,152,2019-04-23T23:58:51.560646400+00:00,68.4393536,-0.06832298136645963,0.06832298136645963,0.9999999999976694
F001_PID000000152,152,2019-04-23T23:58:56.907800832+00:00,63.092199168,-0.07165109034267912,0.07165109034267912,0.9999999999976694
F001_PID000000152,152,2019-04-23T23:58:56.991042816+00:00,63.008957184,-0.06501547987616099,0.06501547987616099,0.9999999999976694
F001_PID000000152,152,2019-04-23T23:58:56.991279872+00:00,63.008720128,-0.06172839506172839,0.06172839506172839,0.9999999999976694
F001_PID000000152,152,2019-04-23T23:58:56.991472128+00:00,63.008527872,-0.05846153846153846,0.05846153846153846,0.9999999999976694
F001_PID000000152,152,2019-04-23T23:58:56.991660288+00:00,63.008339712,-0.05521472392638037,0.05521472392638037,0.9999999999976694
F001_PID000000152,152,2019-04-23T23:58:57.050146816+00:00,62.949853184,-0.05846153846153846,0.05846153846153846,0.9999999999976694
F001_PID000000152,152,2019-04-23T23:58:57.050332160+00:00,62.94966784,-0.06172839506172839,0.06172839506172839,0.9999999999976694
F001_PID000000152,152,2019-04-23T23:58:57.110194176+00:00,62.889805824,-0.06461538461538462,0.06461538461538462,0.9999999999976694
F001_PID000000152,152,2019-04-23T23:58:57.114757376+00:00,62.885242624,-0.06172839506172839,0.06172839506172839,0.9999999999976694
F001_PID000000152,152,2019-04-23T23:58:59.430461952+00:00,60.569538048,-0.058823529411764705,0.058823529411764705,0.9999999999976694
F001_PID000000152,152,2019-04-23T23:59:00.222693376+00:00,59.777306624,-0.058823529411764705,0.058823529411764705,0.9999999999976694
F001_PID000000152,152,2019-04-23T23:59:00.222952960+00:00,59.77704704,-0.058823529411764705,0.058823529411764705,0.9999999999976694
F001_PID000000152,152,2019-04-23T23:59:02.316606464+00:00,57.683393536,-0.058823529411764705,0.058823529411764705,0.9999999999976694
F001_PID000000152,152,2019-04-23T23:59:03.599564544+00:00,56.400435456,-0.058823529411764705,0.058823529411764705,0.9999999999976694
F001_PID000000152,152,2019-04-23T23:59:03.622627584+00:00,56.377372416,-0.06542056074766354,0.06542056074766354,0.9999999999976694
F001_PID000000152,152,2019-04-23T23:59:03.658410752+00:00,56.341589248,-0.058823529411764705,0.058823529411764705,0.9999999999976694
F001_PID000000152,152,2019-04-23T23:59:05.238275840+00:00,54.76172416,-0.058823529411764705,0.058823529411764705,0.9999999999976694
F001_PID000000152,152,2019-04-23T23:59:05.238496256+00:00,54.761503744,-0.05555555555555555,0.05555555555555555,0.9999999999976694
F001_PID000000152,152,2019-04-23T23:59:05.239032064+00:00,54.760967936,-0.052307692307692305,0.052307692307692305,0.9999999999976694
F001_PID000000152,152,2019-04-23T23:59:05.895755776+00:00,54.104244224,-0.052307692307692305,0.052307692307692305,0.9999999999976694
F001_PID000000152,152,2019-04-23T23:59:05.895799552+00:00,54.104200448,-0.05263157894736842,0.05263157894736842,0.9999999999976694
F001_PID000000152,152,2019-04-23T23:59:06.008848896+00:00,53.991151104,-0.05263157894736842,0.05263157894736842,0.9999999999976694
F001_PID000000152,152,2019-04-23T23:59:06.009059840+00:00,53.99094016,-0.059190031152647975,0.059190031152647975,0.9999999999976694
F001_PID000000152,152,2019-04-23T23:59:06.009247488+00:00,53.990752512,-0.0625,0.0625,0.9999999999976694
F001_PID000000152,152,2019-04-23T23:59:06.009460224+00:00,53.990539776,-0.06583072100313479,0.06583072100313479,0.9999999999976694
F001_PID000000152,152,2019-04-23T23:59:06.009893888+00:00,53.990106112,-0.0625,0.0625,0.9999999999976694
F001_PID000000152,152,2019-04-23T23:59:06.210600960+00:00,53.78939904,-0.06542056074766354,0.06542056074766354,0.9999999999976694
F001_PID000000152,152,2019-04-23T23:59:06.248543488+00:00,53.751456512,-0.06542056074766354,0.06542056074766354,0.9999999999976694
F001_PID000000152,152,2019-04-23T23:59:06.249747712+00:00,53.750252288,-0.0625,0.0625,0.9999999999976694
F001_PID000000152,152,2019-04-23T23:59:06.266340352+00:00,53.733659648,-0.059190031152647975,0.059190031152647975,0.9999999999976694
F001_PID000000152,152,2019-04-23T23:59:06.310735616+00:00,53.689264384,-0.055900621118012424,0.055900621118012424,0.9999999999976694
F001_PID000000152,152,2019-04-23T23:59:06.850789376+00:00,53.149210624,-0.04938271604938271,0.04938271604938271,0.9999999999976694
F001_PID000000152,152,2019-04-23T23:59:06.852231424+00:00,53.147768576,-0.046153846153846156,0.046153846153846156,0.9999999999976694
F001_PID000000152,152,2019-04-23T23:59:06.853052416+00:00,53.146947584,-0.046153846153846156,0.046153846153846156,0.9999999999976694
F001_PID000000152,152,2019-04-23T23:59:07.917705728+00:00,52.082294272,-0.046153846153846156,0.046153846153846156,0.9999999999976694
F001_PID000000152,152,2019-04-23T23:59:07.923409408+00:00,52.076590592,-0.046153846153846156,0.046153846153846156,0.9999999999976694
F001_PID000000152,152,2019-04-23T23:59:07.994661888+00:00,52.005338112,-0.046153846153846156,0.046153846153846156,0.9999999999976694
F001_PID000000152,152,2019-04-23T23:59:08.690193664+00:00,51.309806336,-0.046153846153846156,0.046153846153846156,0.9999999999976694
F001_PID000000152,152,2019-04-23T23:59:08.722991104+00:00,51.277008896,-0.046153846153846156,0.046153846153846156,0.9999999999976694
F001_PID000000152,152,2019-04-23T23:59:08.905635328+00:00,51.094364672,-0.046153846153846156,0.046153846153846156,0.9999999999976694
F001_PID000000152,152,2019-04-23T23:59:10.308390400+00:00,49.6916096,-0.04294478527607362,0.04294478527607362,0.9999999999976694
F001_PID000000152,152,2019-04-23T23:59:10.317311488+00:00,49.682688512,-0.031055900621118012,0.031055900621118012,0.9999999999976694
F001_PID000000152,152,2019-04-23T23:59:10.317717760+00:00,49.68228224,-0.02786377708978328,0.02786377708978328,0.9999999999976694
F001_PID000000152,152,2019-04-23T23:59:13.607046912+00:00,46.392953088,-0.02786377708978328,0.02786377708978328,0.9999999999976694
F001_PID000000152,152,2019-04-23T23:59:13.611467520+00:00,46.38853248,-0.02786377708978328,0.02786377708978328,0.9999999999976694
F001_PID000000152,152,2019-04-23T23:59:13.612898560+00:00,46.38710144,-0.02786377708978328,0.02786377708978328,0.9999999999976694
F001_PID000000152,152,2019-04-23T23:59:13.677780480+00:00,46.32221952,-0.039755351681957186,0.039755351681957186,0.9999999999976694
F001_PID000000152,152,2019-04-23T23:59:14.194732800+00:00,45.8052672,-0.02786377708978328,0.02786377708978328,0.9999999999976694
F001_PID000000152,152,2019-04-23T23:59:15.338071808+00:00,44.661928192,-0.02786377708978328,0.02786377708978328,0.9999999999976694
F001_PID000000152,152,2019-04-23T23:59:15.339852032+00:00,44.660147968,-0.02786377708978328,0.02786377708978328,0.9999999999976694
F001_PID000000152,152,2019-04-23T23:59:15.514366464+00:00,44.485633536,-0.02786377708978328,0.02786377708978328,0.9999999999976694
F001_PID000000152,152,2019-04-23T23:59:15.859736064+00:00,44.140263936,-0.02786377708978328,0.02786377708978328,0.9999999999976694
F001_PID000000152,152,2019-04-23T23:59:15.862785536+00:00,44.137214464,-0.02786377708978328,0.02786377708978328,0.9999999999976694
F001_PID000000152,152,2019-04-23T23:59:15.931741184+00:00,44.068258816,-0.039755351681957186,0.039755351681957186,0.9999999999976694
F001_PID000000152,152,2019-04-23T23:59:16.169954560+00:00,43.83004544,-0.039755351681957186,0.039755351681957186,0.9999999999976694
F001_PID000000152,152,2019-04-23T23:59:16.170841600+00:00,43.8291584,-0.039755351681957186,0.039755351681957186,0.9999999999976694
F001_PID000000152,152,2019-04-23T23:59:16.189821184+00:00,43.810178816,-0.02786377708978328,0.02786377708978328,0.9999999999976694
F001_PID000000152,152,2019-04-23T23:59:16.270740480+00:00,43.72925952,-0.02786377708978328,0.02786377708978328,0.9999999999976694
F001_PID000000152,152,2019-04-23T23:59:16.302089216+00:00,43.697910784,-0.02786377708978328,0.02786377708978328,0.9999999999976694
F001_PID000000152,152,2019-04-23T23:59:16.375190784+00:00,43.624809216,-0.02786377708978328,0.02786377708978328,0.9999999999976694
F001_PID000000152,152,2019-04-23T23:59:17.050028800+00:00,42.9499712,-0.02786377708978328,0.02786377708978328,0.9999999999976694
F001_PID000000152,152,2019-04-23T23:59:17.182386432+00:00,42.817613568,-0.02786377708978328,0.02786377708978328,0.9999999999976694
F001_PID000000152,152,2019-04-23T23:59:17.345449728+00:00,42.654550272,-0.02786377708978328,0.02786377708978328,0.9999999999976694
F001_PID000000152,152,2019-04-23T23:59:18.132998400+00:00,41.8670016,-0.02786377708978328,0.02786377708978328,0.9999999999976694
F001_PID000000152,152,2019-04-23T23:59:18.469462528+00:00,41.530537472,-0.02786377708978328,0.02786377708978328,0.9999999999976694
F001_PID000000152,152,2019-04-23T23:59:20.212647680+00:00,39.78735232,-0.021538461538461538,0.021538461538461538,0.9999999999976694
F001_PID000000152,152,2019-04-23T23:59:20.509185024+00:00,39.490814976,-0.021538461538461538,0.021538461538461538,0.9999999999976694
F001_PID000000152,152,2019-04-23T23:59:20.711968768+00:00,39.288031232,-0.021538461538461538,0.021538461538461538,0.9999999999976694
F001_PID000000152,152,2019-04-23T23:59:21.456021760+00:00,38.54397824,-0.021538461538461538,0.021538461538461538,0.9999999999976694
F001_PID000000152,152,2019-04-23T23:59:21.753529600+00:00,38.2464704,-0.021538461538461538,0.021538461538461538,0.9999999999976694
F001_PID000000152,152,2019-04-23T23:59:22.253891072+00:00,37.746108928,-0.021538461538461538,0.021538461538461538,0.9999999999976694
F001_PID000000152,152,2019-04-23T23:59:22.618627328+00:00,37.381372672,-0.021538461538461538,0.021538461538461538,0.9999999999976694
F001_PID000000152,152,2019-04-23T23:59:22.621995520+00:00,37.37800448,-0.021538461538461538,0.021538461538461538,0.9999999999976694
F001_PID000000152,152,2019-04-23T23:59:22.634704128+00:00,37.365295872,-0.021538461538461538,0.021538461538461538,0.9999999999976694
F001_PID000000152,152,2019-04-23T23:59:22.774899200+00:00,37.2251008,-0.021538461538461538,0.021538461538461538,0.9999999999976694
F001_PID000000152,152,2019-04-23T23:59:22.790836992+00:00,37.209163008,-0.021538461538461538,0.021538461538461538,0.9999999999976694
F001_PID000000152,152,2019-04-23T23:59:22.791957248+00:00,37.208042752,-0.021538461538461538,0.021538461538461538,0.9999999999976694
F001_PID000000152,152,2019-04-23T23:59:22.803277312+00:00,37.196722688,-0.021538461538461538,0.021538461538461538,0.9999999999976694
F001_PID000000152,152,2019-04-23T23:59:22.844468736+00:00,37.155531264,-0.021538461538461538,0.021538461538461538,0.9999999999976694
F001_PID000000152,152,2019-04-23T23:59:23.119554048+00:00,36.880445952,-0.018518518518518517,0.018518518518518517,0.9999999999976694
F001_PID000000152,152,2019-04-23T23:59:23.120666112+00:00,36.879333888,-0.018518518518518517,0.018518518518518517,0.9999999999976694
F001_PID000000152,152,2019-04-23T23:59:23.582843392+00:00,36.417156608,-0.018518518518518517,0.018518518518518517,0.9999999999976694
F001_PID000000152,152,2019-04-23T23:59:23.633758464+00:00,36.366241536,-0.018518518518518517,0.018518518518518517,0.9999999999976694
F001_PID000000152,152,2019-04-23T23:59:23.736083712+00:00,36.263916288,-0.018518518518518517,0.018518518518518517,0.9999999999976694
F001_PID000000152,152,2019-04-23T23:59:23.829788672+00:00,36.170211328,-0.018518518518518517,0.018518518518518517,0.9999999999976694
F001_PID000000152,152,2019-04-23T23:59:23.937191168+00:00,36.062808832,-0.018518518518518517,0.018518518518518517,0.9999999999976694
F001_PID000000152,152,2019-04-23T23:59:24.085591552+00:00,35.914408448,-0.018518518518518517,0.018518518518518517,0.9999999999976694
F001_PID000000152,152,2019-04-23T23:59:24.125985024+00:00,35.874014976,-0.018518518518518517,0.018518518518518517,0.9999999999976694
F001_PID000000152,152,2019-04-23T23:59:24.235609856+00:00,35.764390144,-0.018518518518518517,0.018518518518518517,0.9999999999976694
F001_PID000000152,152,2019-04-23T23:59:24.251168256+00:00,35.748831744,-0.024844720496894408,0.024844720496894408,0.9999999999976694
F001_PID000000152,152,2019-04-23T23:59:24.252211712+00:00,35.747788288,-0.024844720496894408,0.024844720496894408,0.9999999999976694
F001_PID000000152,152,2019-04-23T23:59:24.283760896+00:00,35.716239104,-0.018518518518518517,0.018518518518518517,0.9999999999976694
F001_PID000000152,152,2019-04-23T23:59:24.669740032+00:00,35.330259968,-0.006097560975609756,0.006097560975609756,0.9999999999976694
F001_PID000000152,152,2019-04-23T23:59:24.669806336+00:00,35.330193664,0.006024096385542169,-0.006024096385542169,0.9999999999976694
F001_PID000000152,152,2019-04-23T23:59:24.726388992+00:00,35.273611008,0.00906344410876133,-0.00906344410876133,0.9999999999976694
F001_PID000000152,152,2019-04-23T23:59:24.726737664+00:00,35.273262336,0.012121212121212121,-0.012121212121212121,0.9999999999976694
F001_PID000000152,152,2019-04-23T23:59:24.726788864+00:00,35.273211136,0.015197568389057751,-0.015197568389057751,0.9999999999976694
F001_PID000000152,152,2019-04-23T23:59:24.848724224+00:00,35.151275776,0.021406727828746176,-0.021406727828746176,0.9999999999976694
F001_PID000000152,152,2019-04-23T23:59:25.581854464+00:00,34.418145536,0.021406727828746176,-0.021406727828746176,0.9999999999976694
F001_PID000000152,152,2019-04-23T23:59:25.581888256+00:00,34.418111744,0.018404907975460124,-0.018404907975460124,0.9999999999976694
F001_PID000000152,152,2019-04-23T23:59:33.577662208+00:00,26.422337792,0.01529051987767584,-0.01529051987767584,0.9999999999976694
F001_PID000000152,152,2019-04-23T23:59:33.577868800+00:00,26.4221312,0.012195121951219513,-0.012195121951219513,0.9999999999976694
F001_PID000000152,152,2019-04-23T23:59:34.364206848+00:00,25.635793152,0.012195121951219513,-0.012195121951219513,0.9999999999976694
F001_PID000000152,152,2019-04-23T23:59:34.798882560+00:00,25.20111744,0.012195121951219513,-0.012195121951219513,0.9999999999976694
F001_PID000000152,152,2019-04-23T23:59:37.278166784+00:00,22.721833216,0.012195121951219513,-0.012195121951219513,0.9999999999976694
F001_PID000000152,152,2019-04-23T23:59:37.279105536+00:00,22.720894464,0.012195121951219513,-0.012195121951219513,0.9999999999976694
F001_PID000000152,152,2019-04-23T23:59:43.361218560+00:00,16.63878144,-0.008955223880597015,0.008955223880597015,0.9999999999976694
F001_PID000000152,152,2019-04-23T23:59:43.361300480+00:00,16.63869952,-0.021148036253776436,0.021148036253776436,0.9999999999976694
F001_PID000000152,152,2019-04-23T23:59:43.361377536+00:00,16.638622464,-0.03363914373088685,0.03363914373088685,0.9999999999976694
F001_PID000000152,152,2019-04-23T23:59:43.361517824+00:00,16.638482176,-0.04,0.04,0.9999999999976694
F001_PID000000152,152,2019-04-23T23:59:43.361727488+00:00,16.638272512,-0.05167173252279635,0.05167173252279635,0.9999999999976694
F001_PID000000152,152,2019-04-23T23:59:43.361898240+00:00,16.63810176,-0.05454545454545454,0.05454545454545454,0.9999999999976694
F001_PID000000152,152,2019-04-23T23:59:43.361964032+00:00,16.638035968,-0.057750759878419454,0.057750759878419454,0.9999999999976694
F001_PID000000152,152,2019-04-23T23:59:43.362040064+00:00,16.637959936,-0.06097560975609756,0.06097560975609756,0.9999999999976694
F001_PID000000152,152,2019-04-23T23:59:43.362134528+00:00,16.637865472,-0.057750759878419454,0.057750759878419454,0.9999999999976694
F001_PID000000152,152,2019-04-23T23:59:43.362184448+00:00,16.637815552,-0.06060606060606061,0.06060606060606061,0.9999999999976694
F001_PID000000152,152,2019-04-23T23:59:43.362374144+00:00,16.637625856,-0.06382978723404255,0.06382978723404255,0.9999999999976694
F001_PID000000152,152,2019-04-23T23:59:43.365185280+00:00,16.63481472,-0.07507507507507508,0.07507507507507508,0.9999999999976694
F001_PID000000152,152,2019-04-23T23:59:43.369600768+00:00,16.630399232,-0.10153846153846154,0.10153846153846154,0.9999999999976694
F001_PID000000152,152,2019-04-23T23:59:43.375096832+00:00,16.624903168,-0.10703363914373089,0.10703363914373089,0.9999999999976694
F001_PID000000152,152,2019-04-23T23:59:43.376275968+00:00,16.623724032,-0.11042944785276074,0.11042944785276074,0.9999999999976694
F001_PID000000152,152,2019-04-23T23:59:43.377096192+00:00,16.622903808,-0.10493827160493827,0.10493827160493827,0.9999999999976694
F001_PID000000152,152,2019-04-23T23:59:43.384973312+00:00,16.615026688,-0.10153846153846154,0.10153846153846154,0.9999999999976694
F001_PID000000152,152,2019-04-23T23:59:43.410476544+00:00,16.589523456,-0.09034267912772585,0.09034267912772585,0.9999999999976694
F001_PID000000152,152,2019-04-23T23:59:43.410674944+00:00,16.589325056,-0.08695652173913043,0.08695652173913043,0.9999999999976694
F001_PID000000152,152,2019-04-23T23:59:43.421165056+00:00,16.578834944,-0.08359133126934984,0.08359133126934984,0.9999999999976694
F001_PID000000152,152,2019-04-23T23:59:43.441218048+00:00,16.558781952,-0.08641975308641975,0.08641975308641975,0.9999999999976694
F001_PID000000152,152,2019-04-23T23:59:43.464580608+00:00,16.535419392,-0.075,0.075,0.9999999999976694
F001_PID000000152,152,2019-04-23T23:59:43.499234816+00:00,16.500765184,-0.08074534161490683,0.08074534161490683,0.9999999999976694
F001_PID000000152,152,2019-04-23T23:59:43.884227328+00:00,16.115772672,-0.05454545454545454,0.05454545454545454,0.9999999999976694
F001_PID000000152,152,2019-04-23T23:59:44.024261376+00:00,15.975738624,-0.04878048780487805,0.04878048780487805,0.9999999999976694
F001_PID000000152,152,2019-04-23T23:59:44.396064512+00:00,15.603935488,-0.04242424242424243,0.04242424242424243,0.9999999999976694
F001_PID000000152,152,2019-04-23T23:59:44.549321472+00:00,15.450678528,-0.04242424242424243,0.04242424242424243,0.9999999999976694
F001_PID000000152,152,2019-04-23T23:59:44.549345280+00:00,15.45065472,-0.06832298136645963,0.06832298136645963,0.9999999999976694
F001_PID000000152,152,2019-04-23T23:59:44.549460992+00:00,15.450539008,0.135678391959799,-0.135678391959799,1.9999999999997797
F001_PID000000152,152,2019-04-23T23:59:44.549544704+00:00,15.450455296,0.13,-0.13,1.9999999999997797
F001_PID000000152,152,2019-04-23T23:59:44.549579776+00:00,15.450420224,0.12437810945273632,-0.12437810945273632,1.9999999999997797
F001_PID000000152,152,2019-04-23T23:59:44.549697792+00:00,15.450302208,0.12219451371571072,-0.12219451371571072,1.9999999999997797
F001_PID000000152,152,2019-04-23T23:59:44.549791232+00:00,15.450208768,0.12219451371571072,-0.12219451371571072,1.9999999999997797
F001_PID000000152,152,2019-04-23T23:59:44.549843456+00:00,15.450156544,0.125,-0.125,1.9999999999997797
F001_PID000000152,152,2019-04-23T23:59:44.549878272+00:00,15.450121728,0.12060301507537688,-0.12060301507537688,1.9999999999997797
F001_PID000000152,152,2019-04-23T23:59:44.549903360+00:00,15.45009664,0.12626262626262627,-0.12626262626262627,1.9999999999997797
F001_PID000000152,152,2019-04-23T23:59:44.549955840+00:00,15.45004416,0.12846347607052896,-0.12846347607052896,1.9999999999997797
F001_PID000000152,152,2019-04-23T23:59:44.550005504+00:00,15.449994496,0.12846347607052896,-0.12846347607052896,1.9999999999997797
F001_PID000000152,152,2019-04-23T23:59:44.550279168+00:00,15.449720832,-0.07453416149068323,0.07453416149068323,0.9999999999976694
F001_PID000000152,152,2019-04-23T23:59:44.550371072+00:00,15.449628928,-0.07453416149068323,0.07453416149068323,0.9999999999976694
F001_PID000000152,152,2019-04-23T23:59:44.550712320+00:00,15.44928768,-0.06790123456790123,0.06790123456790123,0.9999999999976694
F001_PID000000152,152,2019-04-23T23:59:44.550798848+00:00,15.449201152,-0.07120743034055728,0.07120743034055728,0.9999999999976694
F001_PID000000152,152,2019-04-23T23:59:44.550887680+00:00,15.44911232,-0.06790123456790123,0.06790123456790123,0.9999999999976694
F001_PID000000152,152,2019-04-23T23:59:44.551218432+00:00,15.448781568,-0.06790123456790123,0.06790123456790123,0.9999999999976694
F001_PID000000152,152,2019-04-23T23:59:44.558644480+00:00,15.44135552,-0.07453416149068323,0.07453416149068323,0.9999999999976694
F001_PID000000152,152,2019-04-23T23:59:44.566299392+00:00,15.433700608,-0.08024691358024691,0.08024691358024691,0.9999999999976694
F001_PID000000152,152,2019-04-23T23:59:44.593633536+00:00,15.406366464,-0.07453416149068323,0.07453416149068323,0.9999999999976694
F001_PID000000152,152,2019-04-23T23:59:44.618454272+00:00,15.381545728,-0.08024691358024691,0.08024691358024691,0.9999999999976694
F001_PID000000152,152,2019-04-23T23:59:44.620746752+00:00,15.379253248,-0.09146341463414634,0.09146341463414634,0.9999999999976694
F001_PID000000152,152,2019-04-23T23:59:44.620785664+00:00,15.379214336,-0.08588957055214724,0.08588957055214724,0.9999999999976694
F001_PID000000152,152,2019-04-23T23:59:53.237351168+00:00,6.762648832,-0.08588957055214724,0.08588957055214724,0.9999999999976694
F001_PID000000152,152,2019-04-23T23:59:53.243456+00:00,6.756544,-0.08588957055214724,0.08588957055214724,0.9999999999976694
F001_PID000000152,152,2019-04-23T23:59:53.415758848+00:00,6.584241152,-0.08588957055214724,0.08588957055214724,0.9999999999976694
F001_PID000000152,152,2019-04-23T23:59:53.425650432+00:00,6.574349568,-0.08588957055214724,0.08588957055214724,0.9999999999976694
F001_PID000000152,152,2019-04-23T23:59:54.881981696+00:00,5.118018304,-0.08588957055214724,0.08588957055214724,0.9999999999976694
F001_PID000000152,152,2019-04-23T23:59:54.882157568+00:00,5.117842432,-0.08588957055214724,0.08588957055214724,0.9999999999976694
F001_PID000000152,152,2019-04-23T23:59:55.960412160+00:00,4.03958784,-0.07926829268292683,0.07926829268292683,0.9999999999976694
F002_PID000000342,342,2019-09-02T23:58:01.691070976+00:00,118.308929024,0.12,-0.12,1.0000000000021103
F002_PID000000342,342,2019-09-02T23:58:01.695545600+00:00,118.3044544,0.12,-0.12,1.0000000000021103
F002_PID000000342,342,2019-09-02T23:58:02.447857408+00:00,117.552142592,0.12374581939799331,-0.12374581939799331,1.0000000000021103
F002_PID000000342,342,2019-09-02T23:58:02.448019712+00:00,117.551980288,0.12956810631229235,-0.12956810631229235,1.0000000000021103
F002_PID000000342,342,2019-09-02T23:58:02.451895552+00:00,117.548104448,0.12582781456953643,-0.12582781456953643,1.0000000000021103
F002_PID000000342,342,2019-09-02T23:58:02.452684800+00:00,117.5473152,0.12211221122112212,-0.12211221122112212,1.0000000000021103
F002_PID000000342,342,2019-09-02T23:58:02.542323200+00:00,117.4576768,0.12211221122112212,-0.12211221122112212,1.0000000000021103
F002_PID000000342,342,2019-09-02T23:58:03.244890624+00:00,116.755109376,0.12211221122112212,-0.12211221122112212,1.0000000000021103
F002_PID000000342,342,2019-09-02T23:58:04.670407936+00:00,115.329592064,0.12211221122112212,-0.12211221122112212,1.0000000000021103
F002_PID000000342,342,2019-09-02T23:58:05.851631360+00:00,114.14836864,0.12211221122112212,-0.12211221122112212,1.0000000000021103
F002_PID000000342,342,2019-09-02T23:58:06.637726464+00:00,113.362273536,0.12211221122112212,-0.12211221122112212,1.0000000000021103
F002_PID000000342,342,2019-09-02T23:58:06.666960384+00:00,113.333039616,0.12211221122112212,-0.12211221122112212,1.0000000000021103
F002_PID000000342,342,2019-09-02T23:58:09.529619968+00:00,110.470380032,0.12956810631229235,-0.12956810631229235,1.0000000000021103
F002_PID000000342,342,2019-09-02T23:58:12.136331264+00:00,107.863668736,0.12956810631229235,-0.12956810631229235,1.0000000000021103
F002_PID000000342,342,2019-09-02T23:58:14.707434240+00:00,105.29256576,0.12956810631229235,-0.12956810631229235,1.0000000000021103
F002_PID000000342,342,2019-09-02T23:58:18.599853312+00:00,101.400146688,0.12211221122112212,-0.12211221122112212,1.0000000000021103
F002_PID000000342,342,2019-09-02T23:58:18.599994112+00:00,101.400005888,0.11627906976744186,-0.11627906976744186,1.0000000000021103
F002_PID000000342,342,2019-09-02T23:58:19.713723648+00:00,100.286276352,0.11627906976744186,-0.11627906976744186,1.0000000000021103
F002_PID000000342,342,2019-09-02T23:58:19.802125056+00:00,100.197874944,0.11627906976744186,-0.11627906976744186,1.0000000000021103
F002_PID000000342,342,2019-09-02T23:58:21.458457344+00:00,98.541542656,0.11627906976744186,-0.11627906976744186,1.0000000000021103
F002_PID000000342,342,2019-09-02T23:58:21.458471424+00:00,98.541528576,0.12,-0.12,1.0000000000021103
F002_PID000000342,342,2019-09-02T23:58:22.810002432+00:00,97.189997568,0.12582781456953643,-0.12582781456953643,1.0000000000021103
F002_PID000000342,342,2019-09-02T23:58:28.643164928+00:00,91.356835072,0.12582781456953643,-0.12582781456953643,1.0000000000021103
F002_PID000000342,342,2019-09-02T23:58:32.056067584+00:00,87.943932416,0.12582781456953643,-0.12582781456953643,1.0000000000021103
F002_PID000000342,342,2019-09-02T23:58:37.652843008+00:00,82.347156992,0.12,-0.12,1.0000000000021103
F002_PID000000342,342,2019-09-02T23:58:37.708727040+00:00,82.29127296,0.11627906976744186,-0.11627906976744186,1.0000000000021103
F002_PID000000342,342,2019-09-02T23:58:37.778378240+00:00,82.22162176,0.10437710437710437,-0.10437710437710437,1.0000000000021103
F002_PID000000342,342,2019-09-02T23:58:37.778391552+00:00,82.221608448,0.07540983606557378,-0.07540983606557378,1.0000000000021103
F002_PID000000342,342,2019-09-02T23:58:37.778592256+00:00,82.221407744,0.06493506493506493,-0.06493506493506493,1.0000000000021103
F002_PID000000342,342,2019-09-02T23:58:37.792137216+00:00,82.207862784,0.04,-0.04,1.0000000000021103
F002_PID000000342,342,2019-09-02T23:58:37.938704128+00:00,82.061295872,0.06493506493506493,-0.06493506493506493,1.0000000000021103
F002_PID000000342,342,2019-09-02T23:58:37.978717696+00:00,82.021282304,0.06188925081433225,-0.06188925081433225,1.0000000000021103
F002_PID000000342,342,2019-09-02T23:58:37.978981632+00:00,82.021018368,0.04823151125401929,-0.04823151125401929,1.0000000000021103
F002_PID000000342,342,2019-09-02T23:58:37.990980864+00:00,82.009019136,0.0231023102310231,-0.0231023102310231,1.0000000000021103
F002_PID000000342,342,2019-09-02T23:58:37.994669824+00:00,82.005330176,0.0231023102310231,-0.0231023102310231,1.0000000000021103
F002_PID000000342,342,2019-09-02T23:58:37.994697984+00:00,82.005302016,0.016611295681063124,-0.016611295681063124,1.0000000000021103
F002_PID000000342,342,2019-09-02T23:58:37.994697984+00:00,82.005302016,0.016611295681063124,-0.016611295681063124,1.0000000000021103
F002_PID000000342,342,2019-09-02T23:58:37.994697984+00:00,82.005302016,0.16147308781869688,-0.16147308781869688,1.9999999999997797
F002_PID000000342,342,2019-09-02T23:58:37.995090944+00:00,82.004909056,0.2893081761006289,-0.2893081761006289,0.9999999999976694
F002_PID000000342,342,2019-09-02T23:58:37.995335424+00:00,82.004664576,0.2733118971061093,-0.2733118971061093,0.9999999999976694
F002_PID000000342,342,2019-09-02T23:58:37.995650304+00:00,82.004349696,0.26517571884984026,-0.26517571884984026,0.9999999999976694
F002_PID000000342,342,2019-09-02T23:58:37.995664640+00:00,82.00433536,0.2611464968152866,-0.2611464968152866,0.9999999999976694
F002_PID000000342,342,2019-09-02T23:58:37.995756544+00:00,82.004243456,0.24921135646687698,-0.24921135646687698,0.9999999999976694
F002_PID000000342,342,2019-09-02T23:58:37.995756544+00:00,82.004243456,0.22981366459627328,-0.22981366459627328,0.9999999999976694
F002_PID000000342,342,2019-09-02T23:58:37.995776256+00:00,82.004223744,0.2222222222222222,-0.2222222222222222,0.9999999999976694
F002_PID000000342,342,2019-09-02T23:58:37.996038656+00:00,82.003961344,0.22981366459627328,-0.22981366459627328,0.9999999999976694
F002_PID000000342,342,2019-09-02T23:58:37.996643328+00:00,82.003356672,0.2336448598130841,-0.2336448598130841,0.9999999999976694
F002_PID000000342,342,2019-09-02T23:58:37.998465024+00:00,82.001534976,0.22981366459627328,-0.22981366459627328,0.9999999999976694
F002_PID000000342,342,2019-09-02T23:58:38.003580672+00:00,81.996419328,0.2147239263803681,-0.2147239263803681,0.9999999999976694
F002_PID000000342,342,2019-09-02T23:58:38.004038656+00:00,81.995961344,0.20496894409937888,-0.20496894409937888,0.9999999999976694
F002_PID000000342,342,2019-09-02T23:58:38.004336896+00:00,81.995663104,0.1686746987951807,-0.1686746987951807,0.9999999999976694
F002_PID000000342,342,2019-09-02T23:58:38.051717632+00:00,81.948282368,0.1411764705882353,-0.1411764705882353,0.9999999999976694
F002_PID000000342,342,2019-09-02T23:58:38.093333504+00:00,81.906666496,0.13095238095238096,-0.13095238095238096,0.9999999999976694
F002_PID000000342,342,2019-09-02T23:58:38.093496576+00:00,81.906503424,0.1242603550295858,-0.1242603550295858,0.9999999999976694
F002_PID000000342,342,2019-09-02T23:58:38.221377792+00:00,81.778622208,0.11904761904761904,-0.11904761904761904,0.9999999999976694
F002_PID000000342,342,2019-09-02T23:58:38.230953472+00:00,81.769046528,0.12238805970149254,-0.12238805970149254,0.9999999999976694
F002_PID000000342,342,2019-09-02T23:58:38.333668864+00:00,81.666331136,0.11178247734138973,-0.11178247734138973,0.9999999999976694
F002_PID000000342,342,2019-09-02T23:58:38.333957376+00:00,81.666042624,0.10909090909090909,-0.10909090909090909,0.9999999999976694
F002_PID000000342,342,2019-09-02T23:58:38.334161664+00:00,81.665838336,0.0990990990990991,-0.0990990990990991,0.9999999999976694
F002_PID000000342,342,2019-09-02T23:58:38.334458368+00:00,81.665541632,0.0963855421686747,-0.0963855421686747,0.9999999999976694
F002_PID000000342,342,2019-09-02T23:58:38.334472960+00:00,81.66552704,0.09365558912386707,-0.09365558912386707,0.9999999999976694
F002_PID000000342,342,2019-09-02T23:58:38.335218432+00:00,81.664781568,0.06832298136645963,-0.06832298136645963,0.9999999999976694
F002_PID000000342,342,2019-09-02T23:58:38.335230208+00:00,81.664769792,0.2,-0.2,1.9999999999997797
F002_PID000000342,342,2019-09-02T23:58:38.337811968+00:00,81.662188032,0.1935483870967742,-0.1935483870967742,1.9999999999997797
F002_PID000000342,342,2019-09-02T23:58:38.337820672+00:00,81.662179328,0.19137466307277629,-0.19137466307277629,1.9999999999997797
F002_PID000000342,342,2019-09-02T23:58:38.337992704+00:00,81.662007296,0.17582417582417584,-0.17582417582417584,1.9999999999997797
F002_PID000000342,342,2019-09-02T23:58:38.338138624+00:00,81.661861376,0.1726027397260274,-0.1726027397260274,1.9999999999997797
F002_PID000000342,342,2019-09-02T23:58:38.338236672+00:00,81.661763328,0.18157181571815717,-0.18157181571815717,1.9999999999997797
F002_PID000000342,342,2019-09-02T23:58:38.338261504+00:00,81.661738496,0.15877437325905291,-0.15877437325905291,1.9999999999997797
F002_PID000000342,342,2019-09-02T23:58:38.444444160+00:00,81.55555584,0.15877437325905291,-0.15877437325905291,1.9999999999997797
F002_PID000000342,342,2019-09-02T23:58:38.457699584+00:00,81.542300416,0.15877437325905291,-0.15877437325905291,1.9999999999997797
F002_PID000000342,342,2019-09-02T23:58:38.471379968+00:00,81.528620032,0.013071895424836602,-0.013071895424836602,0.9999999999976694
F002_PID000000342,342,2019-09-02T23:58:38.471821056+00:00,81.528178944,0.016286644951140065,-0.016286644951140065,0.9999999999976694
F002_PID000000342,342,2019-09-02T23:58:38.472010496+00:00,81.527989504,0.0196078431372549,-0.0196078431372549,0.9999999999976694
F002_PID000000342,342,2019-09-02T23:58:38.484679168+00:00,81.515320832,-0.006711409395973154,0.006711409395973154,0.9999999999976694
F002_PID000000342,342,2019-09-02T23:58:38.494207232+00:00,81.505792768,0.0196078431372549,-0.0196078431372549,0.9999999999976694
F002_PID000000342,342,2019-09-02T23:58:38.494353920+00:00,81.50564608,0.02280130293159609,-0.02280130293159609,0.9999999999976694
F002_PID000000342,342,2019-09-02T23:58:38.494480384+00:00,81.505519616,0.0196078431372549,-0.0196078431372549,0.9999999999976694
F002_PID000000342,342,2019-09-02T23:58:38.635191040+00:00,81.36480896,0.02280130293159609,-0.02280130293159609,0.9999999999976694
F002_PID000000342,342,2019-09-02T23:58:40.222706688+00:00,79.777293312,0.02280130293159609,-0.02280130293159609,0.9999999999976694
F002_PID000000342,342,2019-09-02T23:58:44.787711488+00:00,75.212288512,0.01948051948051948,-0.01948051948051948,0.9999999999976694
F002_PID000000342,342,2019-09-02T23:58:46.181821952+00:00,73.818178048,0.01948051948051948,-0.01948051948051948,0.9999999999976694
F002_PID000000342,342,2019-09-02T23:58:46.265278208+00:00,73.734721792,0.01948051948051948,-0.01948051948051948,0.9999999999976694
F002_PID000000342,342,2019-09-02T23:58:50.005246464+00:00,69.994753536,0.022653721682847898,-0.022653721682847898,0.9999999999976694
F002_PID000000342,342,2019-09-02T23:58:50.005412864+00:00,69.994587136,0.032679738562091505,-0.032679738562091505,0.9999999999976694
F002_PID000000342,342,2019-09-02T23:58:50.005552896+00:00,69.994447104,0.035830618892508145,-0.035830618892508145,0.9999999999976694
F002_PID000000342,342,2019-09-02T23:58:50.044329984+00:00,69.955670016,0.032679738562091505,-0.032679738562091505,0.9999999999976694
F002_PID000000342,342,2019-09-02T23:58:51.231248128+00:00,68.768751872,0.035830618892508145,-0.035830618892508145,0.9999999999976694
F002_PID000000342,342,2019-09-02T23:58:51.791843840+00:00,68.20815616,0.035830618892508145,-0.035830618892508145,0.9999999999976694
F002_PID000000342,342,2019-09-02T23:58:59.314174720+00:00,60.68582528,0.035830618892508145,-0.035830618892508145,0.9999999999976694
F002_PID000000342,342,2019-09-02T23:58:59.314319872+00:00,60.685680128,0.03896103896103896,-0.03896103896103896,0.9999999999976694
F002_PID000000342,342,2019-09-02T23:59:02.524718080+00:00,57.47528192,0.03896103896103896,-0.03896103896103896,0.9999999999976694
F002_PID000000342,342,2019-09-02T23:59:02.529944320+00:00,57.47005568,0.03559870550161812,-0.03559870550161812,0.9999999999976694
F002_PID000000342,342,2019-09-02T23:59:02.797959936+00:00,57.202040064,0.03559870550161812,-0.03559870550161812,0.9999999999976694
F002_PID000000342,342,2019-09-02T23:59:02.802178304+00:00,57.197821696,0.03225806451612903,-0.03225806451612903,0.9999999999976694
F002_PID000000342,342,2019-09-02T23:59:14.444559616+00:00,45.555440384,0.03225806451612903,-0.03225806451612903,0.9999999999976694
F002_PID000000342,342,2019-09-02T23:59:14.444899328+00:00,45.555100672,0.02912621359223301,-0.02912621359223301,0.9999999999976694
F002_PID000000342,342,2019-09-02T23:59:14.579383040+00:00,45.42061696,0.03225806451612903,-0.03225806451612903,0.9999999999976694
F002_PID000000342,342,2019-09-02T23:59:18.086181120+00:00,41.91381888,0.03225806451612903,-0.03225806451612903,0.9999999999976694
F002_PID000000342,342,2019-09-02T23:59:20.855120384+00:00,39.144879616,0.03225806451612903,-0.03225806451612903,0.9999999999976694
F002_PID000000342,342,2019-09-02T23:59:20.855725312+00:00,39.144274688,0.02912621359223301,-0.02912621359223301,0.9999999999976694
F002_PID000000342,342,2019-09-02T23:59:20.857817600+00:00,39.1421824,0.02912621359223301,-0.02912621359223301,0.9999999999976694
F002_PID000000342,342,2019-09-02T23:59:20.857959936+00:00,39.142040064,0.03225806451612903,-0.03225806451612903,0.9999999999976694
F002_PID000000342,342,2019-09-02T23:59:22.664133376+00:00,37.335866624,0.03225806451612903,-0.03225806451612903,0.9999999999976694
F002_PID000000342,342,2019-09-02T23:59:22.944796672+00:00,37.055203328,0.03225806451612903,-0.03225806451612903,0.9999999999976694
F002_PID000000342,342,2019-09-02T23:59:23.271850240+00:00,36.72814976,0.03225806451612903,-0.03225806451612903,0.9999999999976694
F002_PID000000342,342,2019-09-02T23:59:23.271991552+00:00,36.728008448,0.02912621359223301,-0.02912621359223301,0.9999999999976694
F002_PID000000342,342,2019-09-02T23:59:23.272938240+00:00,36.72706176,0.02912621359223301,-0.02912621359223301,0.9999999999976694
F002_PID000000342,342,2019-09-02T23:59:23.383730688+00:00,36.616269312,0.02912621359223301,-0.02912621359223301,0.9999999999976694
F002_PID000000342,342,2019-09-02T23:59:23.656824832+00:00,36.343175168,0.02912621359223301,-0.02912621359223301,0.9999999999976694
F002_PID000000342,342,2019-09-02T23:59:23.656963584+00:00,36.343036416,0.03225806451612903,-0.03225806451612903,0.9999999999976694
F002_PID000000342,342,2019-09-02T23:59:24.130049792+00:00,35.869950208,0.03225806451612903,-0.03225806451612903,0.9999999999976694
F002_PID000000342,342,2019-09-02T23:59:24.130203648+00:00,35.869796352,0.02912621359223301,-0.02912621359223301,0.9999999999976694
F002_PID000000342,342,2019-09-02T23:59:24.130786816+00:00,35.869213184,0.02912621359223301,-0.02912621359223301,0.9999999999976694
F002_PID000000342,342,2019-09-02T23:59:24.130922752+00:00,35.869077248,0.03225806451612903,-0.03225806451612903,0.9999999999976694
F002_PID000000342,342,2019-09-02T23:59:24.131686656+00:00,35.868313344,0.03225806451612903,-0.03225806451612903,0.9999999999976694
F002_PID000000342,342,2019-09-02T23:59:24.275518976+00:00,35.724481024,0.03225806451612903,-0.03225806451612903,0.9999999999976694
F002_PID000000342,342,2019-09-02T23:59:24.346698240+00:00,35.65330176,0.03225806451612903,-0.03225806451612903,0.9999999999976694
F002_PID000000342,342,2019-09-02T23:59:25.513155584+00:00,34.486844416,0.044585987261146494,-0.044585987261146494,0.9999999999976694
F002_PID000000342,342,2019-09-02T23:59:25.513573376+00:00,34.486426624,0.044585987261146494,-0.044585987261146494,0.9999999999976694
F002_PID000000342,342,2019-09-02T23:59:25.513587968+00:00,34.486412032,0.0718954248366013,-0.0718954248366013,0.9999999999976694
F002_PID000000342,342,2019-09-02T23:59:25.514104832+00:00,34.485895168,0.07792207792207792,-0.07792207792207792,0.9999999999976694
F002_PID000000342,342,2019-09-02T23:59:25.514145280+00:00,34.48585472,0.07792207792207792,-0.07792207792207792,0.9999999999976694
F002_PID000000342,342,2019-09-02T23:59:25.514154752+00:00,34.485845248,-0.029239766081871343,0.029239766081871343,1.9999999999997797
F002_PID000000342,342,2019-09-02T23:59:25.514425344+00:00,34.485574656,-0.026239067055393587,0.026239067055393587,1.9999999999997797
F002_PID000000342,342,2019-09-02T23:59:25.514492416+00:00,34.485507584,0.07395498392282958,-0.07395498392282958,0.9999999999976694
F002_PID000000342,342,2019-09-02T23:59:25.514658048+00:00,34.485341952,0.07395498392282958,-0.07395498392282958,0.9999999999976694
F002_PID000000342,342,2019-09-02T23:59:25.514665472+00:00,34.485334528,0.08090614886731391,-0.08090614886731391,0.9999999999976694
F002_PID000000342,342,2019-09-02T23:59:25.515117312+00:00,34.484882688,0.08387096774193549,-0.08387096774193549,0.9999999999976694
F002_PID000000342,342,2019-09-02T23:59:25.516521472+00:00,34.483478528,0.08038585209003216,-0.08038585209003216,0.9999999999976694
F002_PID000000342,342,2019-09-02T23:59:25.522823424+00:00,34.477176576,0.09206349206349207,-0.09206349206349207,0.9999999999976694
F002_PID000000342,342,2019-09-02T23:59:25.529563392+00:00,34.470436608,0.09206349206349207,-0.09206349206349207,0.9999999999976694
F002_PID000000342,342,2019-09-02T23:59:25.529576960+00:00,34.47042304,-0.011494252873563218,0.011494252873563218,1.9999999999997797
F002_PID000000342,342,2019-09-02T23:59:25.530075392+00:00,34.469924608,-0.025495750708215296,0.025495750708215296,1.9999999999997797
F002_PID000000342,342,2019-09-02T23:59:25.530626560+00:00,34.46937344,-0.02824858757062147,0.02824858757062147,1.9999999999997797
F002_PID000000342,342,2019-09-02T23:59:25.530921728+00:00,34.469078272,-0.02824858757062147,0.02824858757062147,1.9999999999997797
F002_PID000000342,342,2019-09-02T23:59:26.836014336+00:00,33.163985664,-0.02824858757062147,0.02824858757062147,1.9999999999997797
F002_PID000000342,342,2019-09-02T23:59:26.836988160+00:00,33.16301184,-0.02824858757062147,0.02824858757062147,1.9999999999997797
F002_PID000000342,342,2019-09-02T23:59:26.838048768+00:00,33.161951232,-0.02824858757062147,0.02824858757062147,1.9999999999997797
F002_PID000000342,342,2019-09-02T23:59:26.986755328+00:00,33.013244672,-0.02824858757062147,0.02824858757062147,1.9999999999997797
F002_PID000000342,342,2019-09-02T23:59:30.058469376+00:00,29.941530624,-0.02824858757062147,0.02824858757062147,1.9999999999997797
F002_PID000000342,342,2019-09-02T23:59:41.411391744+00:00,18.588608256,-0.025495750708215296,0.025495750708215296,1.9999999999997797
F002_PID000000342,342,2019-09-02T23:59:41.412008704+00:00,18.587991296,-0.025495750708215296,0.025495750708215296,1.9999999999997797
F002_PID000000342,342,2019-09-02T23:59:47.430963712+00:00,12.569036288,-0.025495750708215296,0.025495750708215296,1.9999999999997797
F002_PID000000342,342,2019-09-02T23:59:50.704402176+00:00,9.295597824,-0.025495750708215296,0.025495750708215296,1.9999999999997797
F002_PID000000342,342,2019-09-02T23:59:52.080238848+00:00,7.919761152,-0.025495750708215296,0.025495750708215296,1.9999999999997797
F002_PID000000342,342,2019-09-02T23:59:54.001524736+00:00,5.998475264,-0.025495750708215296,0.025495750708215296,1.9999999999997797
F003_PID000000710,710,2020-05-10T23:03:09.673380096+00:00,110.326619904,-0.014084507042253521,0.014084507042253521,0.9999999999976694
F003_PID000000710,710,2020-05-10T23:03:09.673649920+00:00,110.32635008,-0.0176678445229682,0.0176678445229682,0.9999999999976694
F003_PID000000710,710,2020-05-10T23:03:09.674028032+00:00,110.325971968,-0.014084507042253521,0.014084507042253521,0.9999999999976694
F003_PID000000710,710,2020-05-10T23:03:09.674402816+00:00,110.325597184,-0.0176678445229682,0.0176678445229682,0.9999999999976694
F003_PID000000710,710,2020-05-10T23:03:09.684671232+00:00,110.315328768,-0.02491103202846975,0.02491103202846975,0.9999999999976694
F003_PID000000710,710,2020-05-10T23:03:09.685038848+00:00,110.314961152,-0.010526315789473684,0.010526315789473684,0.9999999999976694
F003_PID000000710,710,2020-05-10T23:03:09.690945024+00:00,110.309054976,-0.013986013986013986,0.013986013986013986,0.9999999999976694
F003_PID000000710,710,2020-05-10T23:03:09.714488064+00:00,110.285511936,-0.028368794326241134,0.028368794326241134,0.9999999999976694
F003_PID000000710,710,2020-05-10T23:03:11.016805120+00:00,108.98319488,-0.028368794326241134,0.028368794326241134,0.9999999999976694
F003_PID000000710,710,2020-05-10T23:03:42.732262656+00:00,77.267737344,-0.03859649122807018,0.03859649122807018,0.9999999999976694
F003_PID000000710,710,2020-05-10T23:03:42.822271488+00:00,77.177728512,-0.028368794326241134,0.028368794326241134,0.9999999999976694
F003_PID000000710,710,2020-05-10T23:03:42.949714688+00:00,77.050285312,-0.02112676056338028,0.02112676056338028,0.9999999999976694
F003_PID000000710,710,2020-05-10T23:03:43.119362048+00:00,76.880637952,-0.028368794326241134,0.028368794326241134,0.9999999999976694
F003_PID000000710,710,2020-05-10T23:03:44.076129280+00:00,75.92387072,-0.024734982332155476,0.024734982332155476,0.9999999999976694
F003_PID000000710,710,2020-05-10T23:03:44.084916224+00:00,75.915083776,-0.013986013986013986,0.013986013986013986,0.9999999999976694
F003_PID000000710,710,2020-05-10T23:03:44.085006592+00:00,75.914993408,-0.010452961672473868,0.010452961672473868,0.9999999999976694
F003_PID000000710,710,2020-05-10T23:03:44.227977984+00:00,75.772022016,-0.006993006993006993,0.006993006993006993,0.9999999999976694
F003_PID000000710,710,2020-05-10T23:04:00.032202496+00:00,59.967797504,-0.006993006993006993,0.006993006993006993,0.9999999999976694
F003_PID000000710,710,2020-05-10T23:04:05.697476096+00:00,54.302523904,-0.006993006993006993,0.006993006993006993,0.9999999999976694
F003_PID000000710,710,2020-05-10T23:04:05.697489408+00:00,54.302510592,-0.0176678445229682,0.0176678445229682,0.9999999999976694
F003_PID000000710,710,2020-05-10T23:04:05.697536768+00:00,54.302463232,-0.0176678445229682,0.0176678445229682,0.9999999999976694
F003_PID000000710,710,2020-05-10T23:04:05.697552384+00:00,54.302447616,-0.03225806451612903,0.03225806451612903,0.9999999999976694
F003_PID000000710,710,2020-05-10T23:04:05.697676544+00:00,54.302323456,-0.03225806451612903,0.03225806451612903,0.9999999999976694
F003_PID000000710,710,2020-05-10T23:04:05.697694464+00:00,54.302305536,-0.043478260869565216,0.043478260869565216,0.9999999999976694
F003_PID000000710,710,2020-05-10T23:04:05.697906432+00:00,54.302093568,-0.043478260869565216,0.043478260869565216,0.9999999999976694
F003_PID000000710,710,2020-05-10T23:04:05.697906432+00:00,54.302093568,-0.043478260869565216,0.043478260869565216,0.9999999999976694
F003_PID000000710,710,2020-05-10T23:04:05.697923328+00:00,54.302076672,0.1377245508982036,-0.1377245508982036,1.9999999999997797
F003_PID000000710,710,2020-05-10T23:04:05.697943296+00:00,54.302056704,0.13095238095238096,-0.13095238095238096,1.9999999999997797
F003_PID000000710,710,2020-05-10T23:04:05.697962752+00:00,54.302037248,0.1242603550295858,-0.1242603550295858,1.9999999999997797
F003_PID000000710,710,2020-05-10T23:04:05.697962752+00:00,54.302037248,0.11764705882352941,-0.11764705882352941,1.9999999999997797
F003_PID000000710,710,2020-05-10T23:04:05.697979904+00:00,54.302020096,0.11436950146627566,-0.11436950146627566,1.9999999999997797
F003_PID000000710,710,2020-05-10T23:04:05.697999104+00:00,54.302000896,0.1111111111111111,-0.1111111111111111,1.9999999999997797
F003_PID000000710,710,2020-05-10T23:04:05.698064128+00:00,54.301935872,0.10787172011661808,-0.10787172011661808,1.9999999999997797
F003_PID000000710,710,2020-05-10T23:04:05.698071808+00:00,54.301928192,0.10465116279069768,-0.10465116279069768,1.9999999999997797
F003_PID000000710,710,2020-05-10T23:04:05.698098432+00:00,54.301901568,0.21794871794871795,-0.21794871794871795,1.0000000000021103
F003_PID000000710,710,2020-05-10T23:04:05.698117376+00:00,54.301882624,0.2077922077922078,-0.2077922077922078,1.0000000000021103
F003_PID000000710,710,2020-05-10T23:04:05.698241024+00:00,54.301758976,0.19230769230769232,-0.19230769230769232,1.0000000000021103
F003_PID000000710,710,2020-05-10T23:04:05.698319872+00:00,54.301680128,0.19230769230769232,-0.19230769230769232,1.0000000000021103
F003_PID000000710,710,2020-05-10T23:04:05.698319872+00:00,54.301680128,0.19614147909967847,-0.19614147909967847,1.0000000000021103
F003_PID000000710,710,2020-05-10T23:04:05.698387456+00:00,54.301612544,0.18471337579617833,-0.18471337579617833,1.0000000000021103
F003_PID000000710,710,2020-05-10T23:04:05.698469376+00:00,54.301530624,0.17721518987341772,-0.17721518987341772,1.0000000000021103
F003_PID000000710,710,2020-05-10T23:04:05.698577920+00:00,54.30142208,0.17197452229299362,-0.17197452229299362,1.0000000000021103
F003_PID000000710,710,2020-05-10T23:04:05.698636800+00:00,54.3013632,0.14285714285714285,-0.14285714285714285,1.0000000000021103
F003_PID000000710,710,2020-05-10T23:04:05.698711808+00:00,54.301288192,0.14641744548286603,-0.14641744548286603,1.0000000000021103
F003_PID000000710,710,2020-05-10T23:04:05.698755072+00:00,54.301244928,0.14106583072100312,-0.14106583072100312,1.0000000000021103
F003_PID000000710,710,2020-05-10T23:04:05.698867456+00:00,54.301132544,0.13291139240506328,-0.13291139240506328,1.0000000000021103
F003_PID000000710,710,2020-05-10T23:04:05.698886144+00:00,54.301113856,0.13015873015873017,-0.13015873015873017,1.0000000000021103
F003_PID000000710,710,2020-05-10T23:04:05.698898688+00:00,54.301101312,0.12738853503184713,-0.12738853503184713,1.0000000000021103
F003_PID000000710,710,2020-05-10T23:04:05.698909952+00:00,54.301090048,0.12738853503184713,-0.12738853503184713,1.0000000000021103
F003_PID000000710,710,2020-05-10T23:04:05.698946816+00:00,54.301053184,0.12179487179487179,-0.12179487179487179,1.0000000000021103
F003_PID000000710,710,2020-05-10T23:04:05.698955776+00:00,54.301044224,0.11038961038961038,-0.11038961038961038,1.0000000000021103
F003_PID000000710,710,2020-05-10T23:04:05.698978304+00:00,54.301021696,0.10679611650485436,-0.10679611650485436,1.0000000000021103
F003_PID000000710,710,2020-05-10T23:04:05.699038464+00:00,54.300961536,0.0891089108910891,-0.0891089108910891,1.0000000000021103
F003_PID000000710,710,2020-05-10T23:04:05.699038464+00:00,54.300961536,0.09271523178807947,-0.09271523178807947,1.0000000000021103
F003_PID000000710,710,2020-05-10T23:04:05.699061248+00:00,54.300938752,0.0891089108910891,-0.0891089108910891,1.0000000000021103
F003_PID000000710,710,2020-05-10T23:04:05.699090432+00:00,54.300909568,0.08609271523178808,-0.08609271523178808,1.0000000000021103
F003_PID000000710,710,2020-05-10T23:04:05.699168256+00:00,54.300831744,0.08305647840531562,-0.08305647840531562,1.0000000000021103
F003_PID000000710,710,2020-05-10T23:04:05.699180032+00:00,54.300819968,0.05802047781569966,-0.05802047781569966,1.0000000000021103
F003_PID000000710,710,2020-05-10T23:04:05.699190272+00:00,54.300809728,0.061224489795918366,-0.061224489795918366,1.0000000000021103
F003_PID000000710,710,2020-05-10T23:04:05.699211264+00:00,54.300788736,0.05802047781569966,-0.05802047781569966,1.0000000000021103
F003_PID000000710,710,2020-05-10T23:04:05.699349248+00:00,54.300650752,0.061224489795918366,-0.061224489795918366,1.0000000000021103
F003_PID000000710,710,2020-05-10T23:04:05.699382528+00:00,54.300617472,0.061224489795918366,-0.061224489795918366,1.0000000000021103
F003_PID000000710,710,2020-05-10T23:04:05.699391744+00:00,54.300608256,0.061224489795918366,-0.061224489795918366,1.0000000000021103
F003_PID000000710,710,2020-05-10T23:04:05.699618048+00:00,54.300381952,0.06440677966101695,-0.06440677966101695,1.0000000000021103
F003_PID000000710,710,2020-05-10T23:04:05.700131840+00:00,54.29986816,0.04498269896193772,-0.04498269896193772,1.0000000000021103
F003_PID000000710,710,2020-05-10T23:04:05.700166656+00:00,54.299833344,0.023728813559322035,-0.023728813559322035,1.0000000000021103
F003_PID000000710,710,2020-05-10T23:04:05.703916288+00:00,54.296083712,0.010033444816053512,-0.010033444816053512,1.0000000000021103
F003_PID000000710,710,2020-05-10T23:04:05.704050944+00:00,54.295949056,0.016835016835016835,-0.016835016835016835,1.0000000000021103
F003_PID000000710,710,2020-05-10T23:04:05.704061440+00:00,54.29593856,0.010169491525423728,-0.010169491525423728,1.0000000000021103
F003_PID000000710,710,2020-05-10T23:04:05.704209408+00:00,54.295790592,0.017064846416382253,-0.017064846416382253,1.0000000000021103
F003_PID000000710,710,2020-05-10T23:04:05.704218368+00:00,54.295781632,0.024054982817869417,-0.024054982817869417,1.0000000000021103
F003_PID000000710,710,2020-05-10T23:04:05.705337344+00:00,54.294662656,0.034013605442176874,-0.034013605442176874,1.0000000000021103
F003_PID000000710,710,2020-05-10T23:04:05.705347072+00:00,54.294652928,0.04377104377104377,-0.04377104377104377,1.0000000000021103
F003_PID000000710,710,2020-05-10T23:04:05.705358592+00:00,54.294641408,0.05016722408026756,-0.05016722408026756,1.0000000000021103
F003_PID000000710,710,2020-05-10T23:04:05.705432576+00:00,54.294567424,0.039735099337748346,-0.039735099337748346,1.0000000000021103
F003_PID000000710,710,2020-05-10T23:04:05.705445888+00:00,54.294554112,0.026845637583892617,-0.026845637583892617,1.0000000000021103
F003_PID000000710,710,2020-05-10T23:04:05.706456832+00:00,54.293543168,0.026845637583892617,-0.026845637583892617,1.0000000000021103
F003_PID000000710,710,2020-05-10T23:04:05.706479104+00:00,54.293520896,0.013605442176870748,-0.013605442176870748,1.0000000000021103
F003_PID000000710,710,2020-05-10T23:04:05.706479104+00:00,54.293520896,0.0,-0.0,1.0000000000021103
F003_PID000000710,710,2020-05-10T23:04:05.706639104+00:00,54.293360896,-0.009966777408637873,0.009966777408637873,1.0000000000021103
F003_PID000000710,710,2020-05-10T23:04:05.706669824+00:00,54.293330176,-0.006622516556291391,0.006622516556291391,1.0000000000021103
F003_PID000000710,710,2020-05-10T23:04:05.706678784+00:00,54.293321216,-0.009900990099009901,0.009900990099009901,1.0000000000021103
F003_PID000000710,710,2020-05-10T23:04:05.732719104+00:00,54.267280896,-0.04436860068259386,0.04436860068259386,1.0000000000021103
F003_PID000000710,710,2020-05-10T23:04:05.740104960+00:00,54.25989504,-0.0812720848056537,0.0812720848056537,1.0000000000021103
F003_PID000000710,710,2020-05-10T23:04:05.744061440+00:00,54.25593856,-0.0812720848056537,0.0812720848056537,1.0000000000021103
F003_PID000000710,710,2020-05-10T23:04:05.744070912+00:00,54.255929088,-0.07473309608540925,0.07473309608540925,1.0000000000021103
F003_PID000000710,710,2020-05-10T23:04:05.744080128+00:00,54.255919872,-0.05964912280701754,0.05964912280701754,1.0000000000021103
F003_PID000000710,710,2020-05-10T23:04:05.755445760+00:00,54.24455424,-0.06620209059233449,0.06620209059233449,1.0000000000021103
F003_PID000000710,710,2020-05-10T23:04:05.755455488+00:00,54.244544512,-0.0726643598615917,0.0726643598615917,1.0000000000021103
F003_PID000000710,710,2020-05-10T23:04:05.798736896+00:00,54.201263104,-0.0726643598615917,0.0726643598615917,1.0000000000021103
F003_PID000000710,710,2020-05-10T23:04:05.815656704+00:00,54.184343296,-0.0726643598615917,0.0726643598615917,1.0000000000021103
F003_PID000000710,710,2020-05-10T23:04:05.847698176+00:00,54.152301824,-0.08391608391608392,0.08391608391608392,1.0000000000021103
F003_PID000000710,710,2020-05-10T23:04:05.847707904+00:00,54.152292096,-0.09540636042402827,0.09540636042402827,1.0000000000021103
F003_PID000000710,710,2020-05-10T23:04:05.847717888+00:00,54.152282112,-0.10320284697508897,0.10320284697508897,1.0000000000021103
F003_PID000000710,710,2020-05-10T23:04:05.854757120+00:00,54.14524288,-0.10954063604240283,0.10954063604240283,1.0000000000021103
F003_PID000000710,710,2020-05-10T23:04:05.857407744+00:00,54.142592256,-0.11578947368421053,0.11578947368421053,1.0000000000021103
F003_PID000000710,710,2020-05-10T23:04:05.884683008+00:00,54.115316992,-0.10954063604240283,0.10954063604240283,1.0000000000021103
F003_PID000000710,710,2020-05-10T23:04:05.884693248+00:00,54.115306752,-0.10175438596491228,0.10175438596491228,1.0000000000021103
F003_PID000000710,710,2020-05-10T23:04:05.904717056+00:00,54.095282944,-0.13220338983050847,0.13220338983050847,1.0000000000021103
F003_PID000000710,710,2020-05-10T23:04:05.967933952+00:00,54.032066048,-0.13804713804713806,0.13804713804713806,1.0000000000021103
F003_PID000000710,710,2020-05-10T23:04:05.967942912+00:00,54.032057088,-0.14381270903010032,0.14381270903010032,1.0000000000021103
F003_PID000000710,710,2020-05-10T23:04:05.974673152+00:00,54.025326848,-0.13804713804713806,0.13804713804713806,1.0000000000021103
F003_PID000000710,710,2020-05-10T23:04:05.974682112+00:00,54.025317888,-0.13220338983050847,0.13220338983050847,1.0000000000021103
F003_PID000000710,710,2020-05-10T23:04:06.014460928+00:00,53.985539072,-0.13993174061433447,0.13993174061433447,1.0000000000021103
F003_PID000000710,710,2020-05-10T23:04:06.016729088+00:00,53.983270912,-0.13993174061433447,0.13993174061433447,1.0000000000021103
F003_PID000000710,710,2020-05-10T23:04:06.016741376+00:00,53.983258624,-0.14383561643835616,0.14383561643835616,1.0000000000021103
F003_PID000000710,710,2020-05-10T23:04:06.017042176+00:00,53.982957824,-0.14383561643835616,0.14383561643835616,1.0000000000021103
F003_PID000000710,710,2020-05-10T23:04:06.017056256+00:00,53.982943744,0.0029850746268656717,-0.0029850746268656717,1.9999999999997797
F003_PID000000710,710,2020-05-10T23:04:06.017092352+00:00,53.982907648,-0.14383561643835616,0.14383561643835616,1.0000000000021103
F003_PID000000710,710,2020-05-10T23:04:06.017208320+00:00,53.98279168,-0.14675767918088736,0.14675767918088736,1.0000000000021103
F003_PID000000710,710,2020-05-10T23:04:06.017377024+00:00,53.982622976,0.002967359050445104,-0.002967359050445104,1.9999999999997797
F003_PID000000710,710,2020-05-10T23:04:06.018521344+00:00,53.981478656,0.02040816326530612,-0.02040816326530612,1.9999999999997797
F003_PID000000710,710,2020-05-10T23:04:06.019627776+00:00,53.980372224,0.023255813953488372,-0.023255813953488372,1.9999999999997797
F003_PID000000710,710,2020-05-10T23:04:06.019658496+00:00,53.980341504,0.017543859649122806,-0.017543859649122806,1.9999999999997797
F003_PID000000710,710,2020-05-10T23:04:06.068204800+00:00,53.9317952,0.017543859649122806,-0.017543859649122806,1.9999999999997797
F003_PID000000710,710,2020-05-10T23:04:06.789694976+00:00,53.210305024,0.023255813953488372,-0.023255813953488372,1.9999999999997797
F003_PID000000710,710,2020-05-10T23:04:06.868253952+00:00,53.131746048,0.023255813953488372,-0.023255813953488372,1.9999999999997797
F003_PID000000710,710,2020-05-10T23:04:08.174900736+00:00,51.825099264,0.011764705882352941,-0.011764705882352941,1.9999999999997797
F003_PID000000710,710,2020-05-10T23:04:15.001681920+00:00,44.99831808,0.005917159763313609,-0.005917159763313609,1.9999999999997797
F003_PID000000710,710,2020-05-10T23:04:17.179231744+00:00,42.820768256,0.0029498525073746312,-0.0029498525073746312,1.9999999999997797
F003_PID000000710,710,2020-05-10T23:04:17.179495680+00:00,42.82050432,0.0058823529411764705,-0.0058823529411764705,1.9999999999997797
F003_PID000000710,710,2020-05-10T23:04:19.603390720+00:00,40.39660928,0.0029498525073746312,-0.0029498525073746312,1.9999999999997797
F003_PID000000710,710,2020-05-10T23:04:19.604716032+00:00,40.395283968,-0.002967359050445104,0.002967359050445104,1.9999999999997797
F003_PID000000710,710,2020-05-10T23:04:19.683548928+00:00,40.316451072,0.17073170731707318,-0.17073170731707318,0.9999999999976694
F003_PID000000710,710,2020-05-10T23:04:19.683774976+00:00,40.316225024,0.16262975778546712,-0.16262975778546712,0.9999999999976694
F003_PID000000710,710,2020-05-10T23:04:19.683859200+00:00,40.3161408,0.16262975778546712,-0.16262975778546712,0.9999999999976694
F003_PID000000710,710,2020-05-10T23:04:19.683978496+00:00,40.316021504,0.16262975778546712,-0.16262975778546712,0.9999999999976694
F003_PID000000710,710,2020-05-10T23:04:19.683994880+00:00,40.31600512,0.15463917525773196,-0.15463917525773196,0.9999999999976694
F003_PID000000710,710,2020-05-10T23:04:19.684095488+00:00,40.315904512,0.15172413793103448,-0.15172413793103448,0.9999999999976694
F003_PID000000710,710,2020-05-10T23:04:19.684107520+00:00,40.31589248,0.14878892733564014,-0.14878892733564014,0.9999999999976694
F003_PID000000710,710,2020-05-10T23:04:19.684250112+00:00,40.315749888,0.14482758620689656,-0.14482758620689656,0.9999999999976694
F003_PID000000710,710,2020-05-10T23:04:19.684855296+00:00,40.315144704,0.12162162162162163,-0.12162162162162163,0.9999999999976694
F003_PID000000710,710,2020-05-10T23:04:19.684867584+00:00,40.315132416,0.12162162162162163,-0.12162162162162163,0.9999999999976694
F003_PID000000710,710,2020-05-10T23:04:19.686559488+00:00,40.313440512,0.11036789297658862,-0.11036789297658862,0.9999999999976694
F003_PID000000710,710,2020-05-10T23:04:19.691856896+00:00,40.308143104,0.09570957095709572,-0.09570957095709572,0.9999999999976694
F003_PID000000710,710,2020-05-10T23:04:19.692080640+00:00,40.30791936,0.08361204013377926,-0.08361204013377926,0.9999999999976694
F003_PID000000710,710,2020-05-10T23:04:19.692210944+00:00,40.307789056,0.08053691275167785,-0.08053691275167785,0.9999999999976694
F003_PID000000710,710,2020-05-10T23:04:19.785715968+00:00,40.214284032,0.045454545454545456,-0.045454545454545456,0.9999999999976694
F003_PID000000710,710,2020-05-10T23:04:19.785726720+00:00,40.21427328,0.045454545454545456,-0.045454545454545456,0.9999999999976694
F003_PID000000710,710,2020-05-10T23:04:19.856433920+00:00,40.14356608,0.03870967741935484,-0.03870967741935484,0.9999999999976694
F003_PID000000710,710,2020-05-10T23:04:19.877449728+00:00,40.122550272,0.025477707006369428,-0.025477707006369428,0.9999999999976694
F003_PID000000710,710,2020-05-10T23:04:20.029692928+00:00,39.970307072,0.03164556962025317,-0.03164556962025317,0.9999999999976694
F003_PID000000710,710,2020-05-10T23:04:20.076992768+00:00,39.923007232,0.04487179487179487,-0.04487179487179487,0.9999999999976694
F003_PID000000710,710,2020-05-10T23:04:20.077150208+00:00,39.922849792,0.04823151125401929,-0.04823151125401929,0.9999999999976694
F003_PID000000710,710,2020-05-10T23:04:20.171112192+00:00,39.828887808,0.042071197411003236,-0.042071197411003236,0.9999999999976694
F003_PID000000710,710,2020-05-10T23:04:22.169680640+00:00,37.83031936,0.03870967741935484,-0.03870967741935484,0.9999999999976694
F003_PID000000710,710,2020-05-10T23:04:22.169699584+00:00,37.830300416,0.03205128205128205,-0.03205128205128205,0.9999999999976694
F003_PID000000710,710,2020-05-10T23:04:22.219553280+00:00,37.78044672,0.0189873417721519,-0.0189873417721519,0.9999999999976694
F003_PID000000710,710,2020-05-10T23:04:22.285417728+00:00,37.714582272,0.03205128205128205,-0.03205128205128205,0.9999999999976694
F003_PID000000710,710,2020-05-10T23:04:22.348371968+00:00,37.651628032,0.0189873417721519,-0.0189873417721519,0.9999999999976694
F003_PID000000710,710,2020-05-10T23:04:27.776774656+00:00,32.223225344,0.025477707006369428,-0.025477707006369428,0.9999999999976694
F003_PID000000710,710,2020-05-10T23:04:27.788571904+00:00,32.211428096,0.03870967741935484,-0.03870967741935484,0.9999999999976694
F003_PID000000710,710,2020-05-10T23:04:27.788716544+00:00,32.211283456,0.042071197411003236,-0.042071197411003236,0.9999999999976694
F003_PID000000710,710,2020-05-10T23:04:29.462539520+00:00,30.53746048,0.03870967741935484,-0.03870967741935484,0.9999999999976694
F003_PID000000710,710,2020-05-10T23:04:29.462695936+00:00,30.537304064,0.03536977491961415,-0.03536977491961415,0.9999999999976694
F003_PID000000710,710,2020-05-10T23:04:35.045266944+00:00,24.954733056,0.03870967741935484,-0.03870967741935484,0.9999999999976694
F003_PID000000710,710,2020-05-10T23:04:35.169704960+00:00,24.83029504,0.04487179487179487,-0.04487179487179487,0.9999999999976694
F003_PID000000710,710,2020-05-10T23:04:35.317794560+00:00,24.68220544,0.03870967741935484,-0.03870967741935484,0.9999999999976694
F003_PID000000710,710,2020-05-10T23:04:44.938316800+00:00,15.0616832,0.03870967741935484,-0.03870967741935484,0.9999999999976694
F003_PID000000710,710,2020-05-10T23:04:44.938331392+00:00,15.061668608,0.032467532467532464,-0.032467532467532464,0.9999999999976694
F003_PID000000710,710,2020-05-10T23:04:44.938393600+00:00,15.0616064,0.032467532467532464,-0.032467532467532464,0.9999999999976694
F003_PID000000710,710,2020-05-10T23:04:44.938408960+00:00,15.06159104,0.022950819672131147,-0.022950819672131147,0.9999999999976694
F003_PID000000710,710,2020-05-10T23:04:44.938512384+00:00,15.061487616,0.022950819672131147,-0.022950819672131147,0.9999999999976694
F003_PID000000710,710,2020-05-10T23:04:44.938530816+00:00,15.061469184,0.013245033112582781,-0.013245033112582781,0.9999999999976694
F003_PID000000710,710,2020-05-10T23:04:44.938530816+00:00,15.061469184,0.006578947368421052,-0.006578947368421052,0.9999999999976694
F003_PID000000710,710,2020-05-10T23:04:44.938753536+00:00,15.061246464,0.006578947368421052,-0.006578947368421052,0.9999999999976694
F003_PID000000710,710,2020-05-10T23:04:44.938784256+00:00,15.061215744,0.09850746268656717,-0.09850746268656717,1.9999999999997797
F003_PID000000710,710,2020-05-10T23:04:44.938784256+00:00,15.061215744,0.09198813056379822,-0.09198813056379822,1.9999999999997797
F003_PID000000710,710,2020-05-10T23:04:44.938784256+00:00,15.061215744,0.08928571428571429,-0.08928571428571429,1.9999999999997797
F003_PID000000710,710,2020-05-10T23:04:44.938784256+00:00,15.061215744,0.08605341246290801,-0.08605341246290801,1.9999999999997797
F003_PID000000710,710,2020-05-10T23:04:44.938799616+00:00,15.061200384,0.17307692307692307,-0.17307692307692307,1.0000000000021103
F003_PID000000710,710,2020-05-10T23:04:44.938832896+00:00,15.061167104,0.16233766233766234,-0.16233766233766234,1.0000000000021103
F003_PID000000710,710,2020-05-10T23:04:44.938983424+00:00,15.061016576,0.14743589743589744,-0.14743589743589744,1.0000000000021103
F003_PID000000710,710,2020-05-10T23:04:44.939018752+00:00,15.060981248,0.13636363636363635,-0.13636363636363635,1.0000000000021103
F003_PID000000710,710,2020-05-10T23:04:44.939018752+00:00,15.060981248,0.125,-0.125,1.0000000000021103
F003_PID000000710,710,2020-05-10T23:04:44.939018752+00:00,15.060981248,0.10135135135135136,-0.10135135135135136,1.0000000000021103
F003_PID000000710,710,2020-05-10T23:04:44.939038464+00:00,15.060961536,0.09764309764309764,-0.09764309764309764,1.0000000000021103
F003_PID000000710,710,2020-05-10T23:04:44.939178496+00:00,15.060821504,0.09395973154362416,-0.09395973154362416,1.0000000000021103
F003_PID000000710,710,2020-05-10T23:04:44.939178496+00:00,15.060821504,0.08666666666666667,-0.08666666666666667,1.0000000000021103
F003_PID000000710,710,2020-05-10T23:04:44.939399168+00:00,15.060600832,0.08666666666666667,-0.08666666666666667,1.0000000000021103
F003_PID000000710,710,2020-05-10T23:04:44.939448320+00:00,15.06055168,0.0903010033444816,-0.0903010033444816,1.0000000000021103
F003_PID000000710,710,2020-05-10T23:04:44.939448320+00:00,15.06055168,0.08305647840531562,-0.08305647840531562,1.0000000000021103
F003_PID000000710,710,2020-05-10T23:04:44.939448320+00:00,15.06055168,0.07236842105263158,-0.07236842105263158,1.0000000000021103
F003_PID000000710,710,2020-05-10T23:04:44.939492096+00:00,15.060507904,0.06885245901639345,-0.06885245901639345,1.0000000000021103
F003_PID000000710,710,2020-05-10T23:04:44.939492096+00:00,15.060507904,0.06535947712418301,-0.06535947712418301,1.0000000000021103
F003_PID000000710,710,2020-05-10T23:04:44.939512064+00:00,15.060487936,0.05921052631578947,-0.05921052631578947,1.0000000000021103
F003_PID000000710,710,2020-05-10T23:04:44.939512064+00:00,15.060487936,0.05228758169934641,-0.05228758169934641,1.0000000000021103
F003_PID000000710,710,2020-05-10T23:04:44.939654656+00:00,15.060345344,0.025477707006369428,-0.025477707006369428,1.0000000000021103
F003_PID000000710,710,2020-05-10T23:04:44.939714560+00:00,15.06028544,0.025477707006369428,-0.025477707006369428,1.0000000000021103
F003_PID000000710,710,2020-05-10T23:04:44.939814656+00:00,15.060185344,0.022364217252396165,-0.022364217252396165,1.0000000000021103
F003_PID000000710,710,2020-05-10T23:04:44.940111104+00:00,15.059888896,0.01607717041800643,-0.01607717041800643,1.0000000000021103
F003_PID000000710,710,2020-05-10T23:04:44.940120576+00:00,15.059879424,0.012903225806451613,-0.012903225806451613,1.0000000000021103
F003_PID000000710,710,2020-05-10T23:04:44.940130560+00:00,15.05986944,0.009708737864077669,-0.009708737864077669,1.0000000000021103
F003_PID000000710,710,2020-05-10T23:04:44.940141056+00:00,15.059858944,0.012903225806451613,-0.012903225806451613,1.0000000000021103
F003_PID000000710,710,2020-05-10T23:04:44.940152064+00:00,15.059847936,0.012903225806451613,-0.012903225806451613,1.0000000000021103
F003_PID000000710,710,2020-05-10T23:04:44.940208384+00:00,15.059791616,0.003257328990228013,-0.003257328990228013,1.0000000000021103
F003_PID000000710,710,2020-05-10T23:04:44.940229888+00:00,15.059770112,0.0,-0.0,1.0000000000021103
F003_PID000000710,710,2020-05-10T23:04:44.940238336+00:00,15.059761664,-0.006535947712418301,0.006535947712418301,1.0000000000021103
F003_PID000000710,710,2020-05-10T23:04:44.940363264+00:00,15.059636736,-0.003257328990228013,0.003257328990228013,1.0000000000021103
F003_PID000000710,710,2020-05-10T23:04:44.940383232+00:00,15.059616768,-0.012903225806451613,0.012903225806451613,1.0000000000021103
F003_PID000000710,710,2020-05-10T23:04:44.940622080+00:00,15.05937792,-0.02280130293159609,0.02280130293159609,1.0000000000021103
F003_PID000000710,710,2020-05-10T23:04:44.940622080+00:00,15.05937792,-0.04318936877076412,0.04318936877076412,1.0000000000021103
F003_PID000000710,710,2020-05-10T23:04:44.940756992+00:00,15.059243008,-0.05263157894736842,0.05263157894736842,1.0000000000021103
F003_PID000000710,710,2020-05-10T23:04:44.940764416+00:00,15.059235584,-0.05573770491803279,0.05573770491803279,1.0000000000021103
F003_PID000000710,710,2020-05-10T23:04:44.940804096+00:00,15.059195904,-0.058823529411764705,0.058823529411764705,1.0000000000021103
F003_PID000000710,710,2020-05-10T23:04:44.940893952+00:00,15.059106048,-0.06229508196721312,0.06229508196721312,1.0000000000021103
F003_PID000000710,710,2020-05-10T23:04:44.940950272+00:00,15.059049728,-0.06578947368421052,0.06578947368421052,1.0000000000021103
F003_PID000000710,710,2020-05-10T23:04:44.940992512+00:00,15.059007488,-0.08387096774193549,0.08387096774193549,1.0000000000021103
F003_PID000000710,710,2020-05-10T23:04:44.941011968+00:00,15.058988032,-0.08387096774193549,0.08387096774193549,1.0000000000021103
F003_PID000000710,710,2020-05-10T23:04:44.941011968+00:00,15.058988032,-0.08387096774193549,0.08387096774193549,1.0000000000021103
F003_PID000000710,710,2020-05-10T23:04:44.941150208+00:00,15.058849792,-0.09446254071661238,0.09446254071661238,1.0000000000021103
F003_PID000000710,710,2020-05-10T23:04:44.941150208+00:00,15.058849792,-0.09446254071661238,0.09446254071661238,1.0000000000021103
F003_PID000000710,710,2020-05-10T23:04:44.941161472+00:00,15.058838528,-0.09446254071661238,0.09446254071661238,1.0000000000021103
F003_PID000000710,710,2020-05-10T23:04:44.941178368+00:00,15.058821632,-0.09090909090909091,0.09090909090909091,1.0000000000021103
F003_PID000000710,710,2020-05-10T23:04:44.941192448+00:00,15.058807552,-0.09090909090909091,0.09090909090909091,1.0000000000021103
F003_PID000000710,710,2020-05-10T23:04:44.941362944+00:00,15.058637056,-0.11627906976744186,0.11627906976744186,1.0000000000021103
F003_PID000000710,710,2020-05-10T23:04:44.941371904+00:00,15.058628096,-0.11627906976744186,0.11627906976744186,1.0000000000021103
F003_PID000000710,710,2020-05-10T23:04:44.942502912+00:00,15.057497088,-0.11258278145695365,0.11258278145695365,1.0000000000021103
F003_PID000000710,710,2020-05-10T23:04:44.943459840+00:00,15.05654016,-0.12418300653594772,0.12418300653594772,1.0000000000021103
F003_PID000000710,710,2020-05-10T23:04:44.943495168+00:00,15.056504832,-0.12131147540983607,0.12131147540983607,1.0000000000021103
F003_PID000000710,710,2020-05-10T23:04:44.943684352+00:00,15.056315648,-0.11764705882352941,0.11764705882352941,1.0000000000021103
F003_PID000000710,710,2020-05-10T23:04:44.943824384+00:00,15.056175616,-0.1118421052631579,0.1118421052631579,1.0000000000021103
F003_PID000000710,710,2020-05-10T23:04:44.943833856+00:00,15.056166144,-0.11920529801324503,0.11920529801324503,1.0000000000021103
F003_PID000000710,710,2020-05-10T23:04:44.943841536+00:00,15.056158464,-0.11333333333333333,0.11333333333333333,1.0000000000021103
F003_PID000000710,710,2020-05-10T23:04:44.944039168+00:00,15.055960832,-0.12080536912751678,0.12080536912751678,1.0000000000021103
F003_PID000000710,710,2020-05-10T23:04:44.944070144+00:00,15.055929856,-0.12457912457912458,0.12457912457912458,1.0000000000021103
F003_PID000000710,710,2020-05-10T23:04:44.946071040+00:00,15.05392896,-0.13993174061433447,0.13993174061433447,1.0000000000021103
F003_PID000000710,710,2020-05-10T23:04:44.946228224+00:00,15.053771776,-0.14285714285714285,0.14285714285714285,1.0000000000021103
F003_PID000000710,710,2020-05-10T23:04:44.946237440+00:00,15.05376256,-0.14864864864864866,0.14864864864864866,1.0000000000021103
F003_PID000000710,710,2020-05-10T23:04:44.947353856+00:00,15.052646144,-0.14864864864864866,0.14864864864864866,1.0000000000021103
F003_PID000000710,710,2020-05-10T23:04:44.947371776+00:00,15.052628224,-0.1564625850340136,0.1564625850340136,1.0000000000021103
F003_PID000000710,710,2020-05-10T23:04:44.947721472+00:00,15.052278528,-0.1564625850340136,0.1564625850340136,1.0000000000021103
F003_PID000000710,710,2020-05-10T23:04:44.947734528+00:00,15.052265472,0.20863309352517986,-0.20863309352517986,0.9999999999976694
F003_PID000000710,710,2020-05-10T23:04:44.947792896+00:00,15.052207104,0.19148936170212766,-0.19148936170212766,0.9999999999976694
F003_PID000000710,710,2020-05-10T23:04:44.947918336+00:00,15.052081664,0.18571428571428572,-0.18571428571428572,0.9999999999976694
F003_PID000000710,710,2020-05-10T23:04:44.948320256+00:00,15.051679744,0.18861209964412812,-0.18861209964412812,0.9999999999976694
F003_PID000000710,710,2020-05-10T23:04:44.948333056+00:00,15.051666944,0.18861209964412812,-0.18861209964412812,0.9999999999976694
F003_PID000000710,710,2020-05-10T23:04:44.948364032+00:00,15.051635968,0.19148936170212766,-0.19148936170212766,0.9999999999976694
F003_PID000000710,710,2020-05-10T23:04:44.948431616+00:00,15.051568384,0.19148936170212766,-0.19148936170212766,0.9999999999976694
F003_PID000000710,710,2020-05-10T23:04:44.948443136+00:00,15.051556864,0.19572953736654805,-0.19572953736654805,0.9999999999976694
F003_PID000000710,710,2020-05-10T23:04:44.948553728+00:00,15.051446272,0.19572953736654805,-0.19572953736654805,0.9999999999976694
F003_PID000000710,710,2020-05-10T23:04:44.948569344+00:00,15.051430656,-0.01466275659824047,0.01466275659824047,1.9999999999997797
F003_PID000000710,710,2020-05-10T23:04:44.948584704+00:00,15.051415296,-0.011695906432748537,0.011695906432748537,1.9999999999997797
F003_PID000000710,710,2020-05-10T23:04:44.948624640+00:00,15.05137536,-0.008746355685131196,0.008746355685131196,1.9999999999997797
F003_PID000000710,710,2020-05-10T23:04:44.948637440+00:00,15.05136256,-0.017341040462427744,0.017341040462427744,1.9999999999997797
F003_PID000000710,710,2020-05-10T23:04:44.948648448+00:00,15.051351552,-0.017341040462427744,0.017341040462427744,1.9999999999997797
F003_PID000000710,710,2020-05-10T23:04:44.948724224+00:00,15.051275776,-0.017341040462427744,0.017341040462427744,1.9999999999997797
F003_PID000000710,710,2020-05-10T23:04:44.948754688+00:00,15.051245312,-0.017341040462427744,0.017341040462427744,1.9999999999997797
F003_PID000000710,710,2020-05-10T23:04:44.948800256+00:00,15.051199744,-0.017341040462427744,0.017341040462427744,1.9999999999997797
F003_PID000000710,710,2020-05-10T23:04:44.948965120+00:00,15.05103488,-0.008746355685131196,0.008746355685131196,1.9999999999997797
F003_PID000000710,710,2020-05-10T23:04:44.949009408+00:00,15.050990592,-0.15719063545150502,0.15719063545150502,1.0000000000021103
F003_PID000000710,710,2020-05-10T23:04:44.949035776+00:00,15.050964224,-0.15719063545150502,0.15719063545150502,1.0000000000021103
F003_PID000000710,710,2020-05-10T23:04:44.949244416+00:00,15.050755584,-0.15719063545150502,0.15719063545150502,1.0000000000021103
F003_PID000000710,710,2020-05-10T23:04:44.949265152+00:00,15.050734848,-0.15333333333333332,0.15333333333333332,1.0000000000021103
F003_PID000000710,710,2020-05-10T23:04:44.949901568+00:00,15.050098432,-0.15333333333333332,0.15333333333333332,1.0000000000021103
F003_PID000000710,710,2020-05-10T23:04:44.949911808+00:00,15.050088192,-0.15333333333333332,0.15333333333333332,1.0000000000021103
F003_PID000000710,710,2020-05-10T23:04:44.950139648+00:00,15.049860352,-0.1610738255033557,0.1610738255033557,1.0000000000021103
F003_PID000000710,710,2020-05-10T23:04:44.950330624+00:00,15.049669376,-0.04216867469879518,0.04216867469879518,1.9999999999997797
F003_PID000000710,710,2020-05-10T23:04:44.950843904+00:00,15.049156096,-0.07453416149068323,0.07453416149068323,1.9999999999997797
F003_PID000000710,710,2020-05-10T23:04:44.951512064+00:00,15.048487936,-0.1972318339100346,0.1972318339100346,1.0000000000021103
F003_PID000000710,710,2020-05-10T23:04:44.951705344+00:00,15.048294656,-0.1916376306620209,0.1916376306620209,1.0000000000021103
F003_PID000000710,710,2020-05-10T23:04:44.951797248+00:00,15.048202752,-0.1875,0.1875,1.0000000000021103
F003_PID000000710,710,2020-05-10T23:04:44.958267136+00:00,15.041732864,-0.17525773195876287,0.17525773195876287,1.0000000000021103
F003_PID000000710,710,2020-05-10T23:04:44.958277120+00:00,15.04172288,-0.17525773195876287,0.17525773195876287,1.0000000000021103
F003_PID000000710,710,2020-05-10T23:04:44.958330112+00:00,15.041669888,-0.15932203389830507,0.15932203389830507,1.0000000000021103
F003_PID000000710,710,2020-05-10T23:04:44.966316032+00:00,15.033683968,-0.17525773195876287,0.17525773195876287,1.0000000000021103
F003_PID000000710,710,2020-05-10T23:04:44.966325760+00:00,15.03367424,-0.1916376306620209,0.1916376306620209,1.0000000000021103
F003_PID000000710,710,2020-05-10T23:04:44.966403584+00:00,15.033596416,-0.22580645161290322,0.22580645161290322,1.0000000000021103
F003_PID000000710,710,2020-05-10T23:04:44.967353856+00:00,15.032646144,-0.2391304347826087,0.2391304347826087,1.0000000000021103
F003_PID000000710,710,2020-05-10T23:04:44.979284224+00:00,15.020715776,-0.24817518248175183,0.24817518248175183,1.0000000000021103
F003_PID000000710,710,2020-05-10T23:04:44.979496192+00:00,15.020503808,-0.11038961038961038,0.11038961038961038,1.9999999999997797
F003_PID000000710,710,2020-05-10T23:04:44.984831744+00:00,15.015168256,-0.11038961038961038,0.11038961038961038,1.9999999999997797
F003_PID000000710,710,2020-05-10T23:04:44.984841984+00:00,15.015158016,-0.10457516339869281,0.10457516339869281,1.9999999999997797
F003_PID000000710,710,2020-05-10T23:04:44.984972032+00:00,15.015027968,-0.2426470588235294,0.2426470588235294,1.0000000000021103
F003_PID000000710,710,2020-05-10T23:04:44.985151232+00:00,15.014848768,-0.2426470588235294,0.2426470588235294,1.0000000000021103
F003_PID000000710,710,2020-05-10T23:04:44.985195264+00:00,15.014804736,-0.23703703703703705,0.23703703703703705,1.0000000000021103
F003_PID000000710,710,2020-05-10T23:04:44.985195264+00:00,15.014804736,-0.21897810218978103,0.21897810218978103,1.0000000000021103
F003_PID000000710,710,2020-05-10T23:04:44.985195264+00:00,15.014804736,-0.21014492753623187,0.21014492753623187,1.0000000000021103
F003_PID000000710,710,2020-05-10T23:04:44.985195264+00:00,15.014804736,-0.19285714285714287,0.19285714285714287,1.0000000000021103
F003_PID000000710,710,2020-05-10T23:04:44.985195264+00:00,15.014804736,-0.1597222222222222,0.1597222222222222,1.0000000000021103
F003_PID000000710,710,2020-05-10T23:04:44.985245184+00:00,15.014754816,-0.15570934256055363,0.15570934256055363,1.0000000000021103
F003_PID000000710,710,2020-05-10T23:04:44.985257472+00:00,15.014742528,-0.15172413793103448,0.15172413793103448,1.0000000000021103
F003_PID000000710,710,2020-05-10T23:04:44.985307136+00:00,15.014692864,-0.14776632302405499,0.14776632302405499,1.0000000000021103
F003_PID000000710,710,2020-05-10T23:04:44.985345536+00:00,15.014654464,-0.14383561643835616,0.14383561643835616,1.0000000000021103
F003_PID000000710,710,2020-05-10T23:04:44.985454080+00:00,15.01454592,-0.14776632302405499,0.14776632302405499,1.0000000000021103
F003_PID000000710,710,2020-05-10T23:04:44.985530368+00:00,15.014469632,-0.15172413793103448,0.15172413793103448,1.0000000000021103
F003_PID000000710,710,2020-05-10T23:04:44.985801984+00:00,15.014198016,-0.13993174061433447,0.13993174061433447,1.0000000000021103
F003_PID000000710,710,2020-05-10T23:04:44.987778816+00:00,15.012221184,-0.14383561643835616,0.14383561643835616,1.0000000000021103
F003_PID000000710,710,2020-05-10T23:04:44.997874176+00:00,15.002125824,-0.12837837837837837,0.12837837837837837,1.0000000000021103
F003_PID000000710,710,2020-05-10T23:04:45.039098368+00:00,14.960901632,-0.12837837837837837,0.12837837837837837,1.0000000000021103
F003_PID000000710,710,2020-05-10T23:04:45.039351296+00:00,14.960648704,-0.12837837837837837,0.12837837837837837,1.0000000000021103
F003_PID000000710,710,2020-05-10T23:04:45.053952+00:00,14.946048,-0.12837837837837837,0.12837837837837837,1.0000000000021103
F003_PID000000710,710,2020-05-10T23:04:45.053970944+00:00,14.946029056,-0.1568627450980392,0.1568627450980392,1.0000000000021103
F003_PID000000710,710,2020-05-10T23:04:45.074174208+00:00,14.925825792,-0.16065573770491803,0.16065573770491803,1.0000000000021103
F003_PID000000710,710,2020-05-10T23:04:45.088698368+00:00,14.911301632,-0.16065573770491803,0.16065573770491803,1.0000000000021103
F003_PID000000710,710,2020-05-10T23:04:45.094684672+00:00,14.905315328,-0.16612377850162866,0.16612377850162866,1.0000000000021103
F003_PID000000710,710,2020-05-10T23:04:45.104668160+00:00,14.89533184,-0.1715210355987055,0.1715210355987055,1.0000000000021103
F003_PID000000710,710,2020-05-10T23:04:45.106418432+00:00,14.893581568,-0.17684887459807075,0.17684887459807075,1.0000000000021103
F003_PID000000710,710,2020-05-10T23:04:45.119718656+00:00,14.880281344,-0.18446601941747573,0.18446601941747573,1.0000000000021103
F003_PID000000710,710,2020-05-10T23:04:45.149526016+00:00,14.850473984,-0.18446601941747573,0.18446601941747573,1.0000000000021103
F003_PID000000710,710,2020-05-10T23:04:45.149538048+00:00,14.850461952,-0.18831168831168832,0.18831168831168832,1.0000000000021103
F003_PID000000710,710,2020-05-10T23:04:45.149698048+00:00,14.850301952,-0.19093851132686085,0.19093851132686085,1.0000000000021103
F003_PID000000710,710,2020-05-10T23:04:45.149712128+00:00,14.850287872,-0.1870967741935484,0.1870967741935484,1.0000000000021103
F003_PID000000710,710,2020-05-10T23:04:45.150018816+00:00,14.849981184,-0.1870967741935484,0.1870967741935484,1.0000000000021103
F003_PID000000710,710,2020-05-10T23:04:45.150033920+00:00,14.84996608,-0.19480519480519481,0.19480519480519481,1.0000000000021103
F003_PID000000710,710,2020-05-10T23:04:45.150248704+00:00,14.849751296,-0.045454545454545456,0.045454545454545456,1.9999999999997797
F003_PID000000710,710,2020-05-10T23:04:45.150281216+00:00,14.849718784,-0.19480519480519481,0.19480519480519481,1.0000000000021103
F003_PID000000710,710,2020-05-10T23:04:45.150447872+00:00,14.849552128,-0.21052631578947367,0.21052631578947367,1.0000000000021103
F003_PID000000710,710,2020-05-10T23:04:45.150465792+00:00,14.849534208,-0.22077922077922077,0.22077922077922077,1.0000000000021103
F003_PID000000710,710,2020-05-10T23:04:45.150527488+00:00,14.849472512,-0.06818181818181818,0.06818181818181818,1.9999999999997797
F003_PID000000710,710,2020-05-10T23:04:45.150580224+00:00,14.849419776,-0.22077922077922077,0.22077922077922077,1.0000000000021103
F003_PID000000710,710,2020-05-10T23:04:45.150733568+00:00,14.849266432,-0.06818181818181818,0.06818181818181818,1.9999999999997797
F003_PID000000710,710,2020-05-10T23:04:45.150799872+00:00,14.849200128,-0.056179775280898875,0.056179775280898875,1.9999999999997797
F003_PID000000710,710,2020-05-10T23:04:45.150845696+00:00,14.849154304,-0.20512820512820512,0.20512820512820512,1.0000000000021103
F003_PID000000710,710,2020-05-10T23:04:45.150997760+00:00,14.84900224,-0.056179775280898875,0.056179775280898875,1.9999999999997797
F003_PID000000710,710,2020-05-10T23:04:45.151057408+00:00,14.848942592,-0.20512820512820512,0.20512820512820512,1.0000000000021103
F003_PID000000710,710,2020-05-10T23:04:45.151273216+00:00,14.848726784,-0.056179775280898875,0.056179775280898875,1.9999999999997797
F003_PID000000710,710,2020-05-10T23:04:45.152137216+00:00,14.847862784,-0.05322128851540616,0.05322128851540616,1.9999999999997797
F003_PID000000710,710,2020-05-10T23:04:45.162614528+00:00,14.837385472,-0.06515580736543909,0.06515580736543909,1.9999999999997797
F003_PID000000710,710,2020-05-10T23:04:45.162748416+00:00,14.837251584,-0.07122507122507123,0.07122507122507123,1.9999999999997797
F003_PID000000710,710,2020-05-10T23:04:45.173810944+00:00,14.826189056,-0.05322128851540616,0.05322128851540616,1.9999999999997797
F003_PID000000710,710,2020-05-10T23:04:45.188694784+00:00,14.811305216,-0.05322128851540616,0.05322128851540616,1.9999999999997797
F003_PID000000710,710,2020-05-10T23:04:45.199694592+00:00,14.800305408,-0.04735376044568245,0.04735376044568245,1.9999999999997797
F003_PID000000710,710,2020-05-10T23:04:45.199704576+00:00,14.800295424,-0.04155124653739612,0.04155124653739612,1.9999999999997797
F003_PID000000710,710,2020-05-10T23:04:45.199842816+00:00,14.800157184,-0.030136986301369864,0.030136986301369864,1.9999999999997797
F003_PID000000710,710,2020-05-10T23:04:45.203330048+00:00,14.796669952,-0.019390581717451522,0.019390581717451522,1.9999999999997797
F003_PID000000710,710,2020-05-10T23:04:45.204679936+00:00,14.795320064,-0.013927576601671309,0.013927576601671309,1.9999999999997797
F003_PID000000710,710,2020-05-10T23:04:45.258578176+00:00,14.741421824,-0.17419354838709677,0.17419354838709677,1.0000000000021103
F003_PID000000710,710,2020-05-10T23:04:45.259797504+00:00,14.740202496,-0.17419354838709677,0.17419354838709677,1.0000000000021103
F003_PID000000710,710,2020-05-10T23:04:45.270222592+00:00,14.729777408,-0.031161473087818695,0.031161473087818695,1.9999999999997797
F003_PID000000710,710,2020-05-10T23:04:45.270960896+00:00,14.729039104,-0.013927576601671309,0.013927576601671309,1.9999999999997797
F003_PID000000710,710,2020-05-10T23:04:45.357417728+00:00,14.642582272,-0.013927576601671309,0.013927576601671309,1.9999999999997797
F003_PID000000710,710,2020-05-10T23:04:45.398353920+00:00,14.60164608,-0.02535211267605634,0.02535211267605634,1.9999999999997797
F003_PID000000710,710,2020-05-10T23:04:45.398367488+00:00,14.601632512,-0.036211699164345405,0.036211699164345405,1.9999999999997797
F003_PID000000710,710,2020-05-10T23:04:45.399674112+00:00,14.600325888,-0.04201680672268908,0.04201680672268908,1.9999999999997797
F003_PID000000710,710,2020-05-10T23:04:45.399683328+00:00,14.600316672,-0.04788732394366197,0.04788732394366197,1.9999999999997797
F003_PID000000710,710,2020-05-10T23:04:45.622825472+00:00,14.377174528,0.18596491228070175,-0.18596491228070175,0.9999999999976694
F003_PID000000710,710,2020-05-10T23:04:45.623137792+00:00,14.376862208,0.18596491228070175,-0.18596491228070175,0.9999999999976694
F003_PID000000710,710,2020-05-10T23:04:45.623166976+00:00,14.376833024,0.1736111111111111,-0.1736111111111111,0.9999999999976694
F003_PID000000710,710,2020-05-10T23:04:45.624087808+00:00,14.375912192,0.14965986394557823,-0.14965986394557823,0.9999999999976694
F003_PID000000710,710,2020-05-10T23:04:45.624102400+00:00,14.3758976,0.14965986394557823,-0.14965986394557823,0.9999999999976694
F003_PID000000710,710,2020-05-10T23:04:45.624153088+00:00,14.375846912,0.14965986394557823,-0.14965986394557823,0.9999999999976694
F003_PID000000710,710,2020-05-10T23:04:45.625833472+00:00,14.374166528,0.13804713804713806,-0.13804713804713806,0.9999999999976694
F003_PID000000710,710,2020-05-10T23:04:45.857405696+00:00,14.142594304,0.13043478260869565,-0.13043478260869565,0.9999999999976694
F003_PID000000710,710,2020-05-10T23:04:46.106416640+00:00,13.89358336,0.13043478260869565,-0.13043478260869565,0.9999999999976694
F003_PID000000710,710,2020-05-10T23:04:47.350091520+00:00,12.64990848,0.13043478260869565,-0.13043478260869565,0.9999999999976694
F003_PID000000710,710,2020-05-10T23:04:47.350105088+00:00,12.649894912,-0.08152173913043478,0.08152173913043478,1.9999999999997797
F003_PID000000710,710,2020-05-10T23:04:47.350318848+00:00,12.649681152,-0.07650273224043716,0.07650273224043716,1.9999999999997797
F003_PID000000710,710,2020-05-10T23:04:47.350390016+00:00,12.649609984,-0.07065217391304347,0.07065217391304347,1.9999999999997797
F003_PID000000710,710,2020-05-10T23:04:47.350488064+00:00,12.649511936,-0.06301369863013699,0.06301369863013699,1.9999999999997797
F003_PID000000710,710,2020-05-10T23:04:47.350510848+00:00,12.649489152,-0.06593406593406594,0.06593406593406594,1.9999999999997797
F003_PID000000710,710,2020-05-10T23:04:47.350545152+00:00,12.649454848,-0.05027932960893855,0.05027932960893855,1.9999999999997797
F003_PID000000710,710,2020-05-10T23:04:47.351025408+00:00,12.648974592,-0.05027932960893855,0.05027932960893855,1.9999999999997797
F003_PID000000710,710,2020-05-10T23:04:49.037870336+00:00,10.962129664,-0.2247557003257329,0.2247557003257329,1.0000000000021103
F003_PID000000710,710,2020-05-10T23:04:49.038150656+00:00,10.961849344,-0.2145214521452145,0.2145214521452145,1.0000000000021103
F003_PID000000710,710,2020-05-10T23:04:49.038196992+00:00,10.961803008,-0.21052631578947367,0.21052631578947367,1.0000000000021103
F003_PID000000710,710,2020-05-10T23:04:49.038228224+00:00,10.961771776,-0.20655737704918034,0.20655737704918034,1.0000000000021103
F003_PID000000710,710,2020-05-10T23:04:49.038258176+00:00,10.961741824,-0.20261437908496732,0.20261437908496732,1.0000000000021103
F003_PID000000710,710,2020-05-10T23:04:49.039305984+00:00,10.960694016,-0.20261437908496732,0.20261437908496732,1.0000000000021103
F003_PID000000710,710,2020-05-10T23:04:49.051385344+00:00,10.948614656,-0.1870967741935484,0.1870967741935484,1.0000000000021103
F003_PID000000710,710,2020-05-10T23:04:49.164693760+00:00,10.83530624,-0.1794871794871795,0.1794871794871795,1.0000000000021103
F003_PID000000710,710,2020-05-10T23:04:49.164702976+00:00,10.835297024,-0.17197452229299362,0.17197452229299362,1.0000000000021103
F003_PID000000710,710,2020-05-10T23:04:49.317499904+00:00,10.682500096,-0.15723270440251572,0.15723270440251572,1.0000000000021103
F003_PID000000710,710,2020-05-10T23:04:49.373703424+00:00,10.626296576,-0.15457413249211358,0.15457413249211358,1.0000000000021103
F003_PID000000710,710,2020-05-10T23:04:49.386423552+00:00,10.613576448,-0.11926605504587157,0.11926605504587157,1.0000000000021103
F003_PID000000710,710,2020-05-10T23:04:49.386450176+00:00,10.613549824,-0.11926605504587157,0.11926605504587157,1.0000000000021103
F003_PID000000710,710,2020-05-10T23:04:49.473336064+00:00,10.526663936,-0.10835913312693499,0.10835913312693499,1.0000000000021103
F003_PID000000710,710,2020-05-10T23:04:49.654619904+00:00,10.345380096,-0.09717868338557993,0.09717868338557993,1.0000000000021103
F003_PID000000710,710,2020-05-10T23:04:49.665550080+00:00,10.33444992,-0.09375,0.09375,1.0000000000021103
F003_PID000000710,710,2020-05-10T23:04:50.368675328+00:00,9.631324672,-0.10493827160493827,0.10493827160493827,1.0000000000021103
F003_PID000000710,710,2020-05-10T23:04:50.368800+00:00,9.6312,-0.10835913312693499,0.10835913312693499,1.0000000000021103
F003_PID000000710,710,2020-05-10T23:04:50.368978432+00:00,9.631021568,-0.1111111111111111,0.1111111111111111,1.0000000000021103
F003_PID000000710,710,2020-05-10T23:04:52.103181312+00:00,7.896818688,-0.125,0.125,1.0000000000021103
F003_PID000000710,710,2020-05-10T23:04:58.071350784+00:00,1.928649216,-0.1111111111111111,0.1111111111111111,1.0000000000021103
F003_PID000000710,710,2020-05-10T23:04:58.071824384+00:00,1.928175616,-0.1076923076923077,0.1076923076923077,1.0000000000021103
F003_PID000000710,710,2020-05-10T23:04:58.072102400+00:00,1.9278976,-0.10429447852760736,0.10429447852760736,1.0000000000021103
F003_PID000000710,710,2020-05-10T23:04:58.072233216+00:00,1.927766784,-0.09876543209876543,0.09876543209876543,1.0000000000021103
F003_PID000000710,710,2020-05-10T23:04:58.073896192+00:00,1.926103808,-0.09202453987730061,0.09202453987730061,1.0000000000021103
F003_PID000000710,710,2020-05-10T23:04:58.074049024+00:00,1.925950976,-0.08074534161490683,0.08074534161490683,1.0000000000021103
F003_PID000000710,710,2020-05-10T23:04:58.075067392+00:00,1.924932608,-0.06097560975609756,0.06097560975609756,1.0000000000021103
F003_PID000000710,710,2020-05-10T23:04:58.209826816+00:00,1.790173184,-0.06097560975609756,0.06097560975609756,1.0000000000021103
F003_PID000000710,710,2020-05-10T23:04:58.209837056+00:00,1.790162944,-0.040498442367601244,0.040498442367601244,1.0000000000021103
F003_PID000000710,710,2020-05-10T23:04:58.210065408+00:00,1.789934592,-0.040498442367601244,0.040498442367601244,1.0000000000021103
F003_PID000000710,710,2020-05-10T23:04:58.210081792+00:00,1.789918208,-0.00964630225080386,0.00964630225080386,1.0000000000021103
F003_PID000000710,710,2020-05-10T23:04:58.210125824+00:00,1.789874176,-0.00641025641025641,0.00641025641025641,1.0000000000021103
F003_PID000000710,710,2020-05-10T23:04:58.210196480+00:00,1.78980352,-0.00641025641025641,0.00641025641025641,1.0000000000021103
F003_PID000000710,710,2020-05-10T23:04:58.210196480+00:00,1.78980352,-0.1388888888888889,0.1388888888888889,1.9999999999997797
F003_PID000000710,710,2020-05-10T23:04:58.210217472+00:00,1.789782528,-0.3141025641025641,0.3141025641025641,0.9999999999976694
F003_PID000000710,710,2020-05-10T23:04:58.210217472+00:00,1.789782528,-0.30990415335463256,0.30990415335463256,0.9999999999976694
F003_PID000000710,710,2020-05-10T23:04:58.210283008+00:00,1.789716992,-0.3076923076923077,0.3076923076923077,0.9999999999976694
F003_PID000000710,710,2020-05-10T23:04:58.210283008+00:00,1.789716992,-0.29936305732484075,0.29936305732484075,0.9999999999976694
F003_PID000000710,710,2020-05-10T23:04:58.210321920+00:00,1.78967808,-0.29260450160771706,0.29260450160771706,0.9999999999976694
F003_PID000000710,710,2020-05-10T23:04:58.210397184+00:00,1.789602816,-0.28846153846153844,0.28846153846153844,0.9999999999976694
F003_PID000000710,710,2020-05-10T23:04:58.210470144+00:00,1.789529856,-0.2761904761904762,0.2761904761904762,0.9999999999976694
F003_PID000000710,710,2020-05-10T23:04:58.210478336+00:00,1.789521664,-0.24458204334365324,0.24458204334365324,0.9999999999976694
F003_PID000000710,710,2020-05-10T23:04:58.210548224+00:00,1.789451776,-0.23692307692307693,0.23692307692307693,0.9999999999976694
F003_PID000000710,710,2020-05-10T23:04:58.210561792+00:00,1.789438208,-0.24074074074074073,0.24074074074074073,0.9999999999976694
F003_PID000000710,710,2020-05-10T23:04:58.210572288+00:00,1.789427712,-0.2360248447204969,0.2360248447204969,0.9999999999976694
F003_PID000000710,710,2020-05-10T23:04:58.210647040+00:00,1.78935296,-0.2360248447204969,0.2360248447204969,0.9999999999976694
F003_PID000000710,710,2020-05-10T23:04:58.210880768+00:00,1.789119232,-0.2360248447204969,0.2360248447204969,0.9999999999976694
F003_PID000000710,710,2020-05-10T23:04:58.210949632+00:00,1.789050368,-0.22884012539184953,0.22884012539184953,0.9999999999976694
F003_PID000000710,710,2020-05-10T23:04:58.210991104+00:00,1.789008896,-0.22118380062305296,0.22118380062305296,0.9999999999976694
F003_PID000000710,710,2020-05-10T23:04:58.211001344+00:00,1.788998656,-0.225,0.225,0.9999999999976694
F003_PID000000710,710,2020-05-10T23:04:58.211061504+00:00,1.788938496,-0.21019108280254778,0.21019108280254778,0.9999999999976694
F003_PID000000710,710,2020-05-10T23:04:58.211127552+00:00,1.788872448,-0.2,0.2,0.9999999999976694
F003_PID000000710,710,2020-05-10T23:04:58.211254784+00:00,1.788745216,-0.19741100323624594,0.19741100323624594,0.9999999999976694
F003_PID000000710,710,2020-05-10T23:04:58.211365120+00:00,1.78863488,-0.18971061093247588,0.18971061093247588,0.9999999999976694
F003_PID000000710,710,2020-05-10T23:04:58.211388672+00:00,1.788611328,-0.1870967741935484,0.1870967741935484,0.9999999999976694
F003_PID000000710,710,2020-05-10T23:04:58.211397632+00:00,1.788602368,-0.18446601941747573,0.18446601941747573,0.9999999999976694
F003_PID000000710,710,2020-05-10T23:04:58.211662336+00:00,1.788337664,-0.17647058823529413,0.17647058823529413,0.9999999999976694
F003_PID000000710,710,2020-05-10T23:04:58.218746368+00:00,1.781253632,-0.16129032258064516,0.16129032258064516,0.9999999999976694
F003_PID000000710,710,2020-05-10T23:04:58.219862016+00:00,1.780137984,-0.15857605177993528,0.15857605177993528,0.9999999999976694
F003_PID000000710,710,2020-05-10T23:04:58.220061952+00:00,1.779938048,-0.15483870967741936,0.15483870967741936,0.9999999999976694
F003_PID000000710,710,2020-05-10T23:04:58.221876992+00:00,1.778123008,-0.16233766233766234,0.16233766233766234,0.9999999999976694
F003_PID000000710,710,2020-05-10T23:04:58.222988544+00:00,1.777011456,-0.1342281879194631,0.1342281879194631,0.9999999999976694
F003_PID000000710,710,2020-05-10T23:04:58.236587008+00:00,1.763412992,-0.13043478260869565,0.13043478260869565,0.9999999999976694
F003_PID000000710,710,2020-05-10T23:04:58.236726272+00:00,1.763273728,-0.13043478260869565,0.13043478260869565,0.9999999999976694
F003_PID000000710,710,2020-05-10T23:04:58.281776384+00:00,1.718223616,-0.12457912457912458,0.12457912457912458,0.9999999999976694
F003_PID000000710,710,2020-05-10T23:04:58.333520128+00:00,1.666479872,-0.10034602076124567,0.10034602076124567,0.9999999999976694
F003_PID000000710,710,2020-05-10T23:04:58.333661440+00:00,1.66633856,-0.09090909090909091,0.09090909090909091,0.9999999999976694
F003_PID000000710,710,2020-05-10T23:04:58.333678080+00:00,1.66632192,-0.08771929824561403,0.08771929824561403,0.9999999999976694
F003_PID000000710,710,2020-05-10T23:04:58.334698240+00:00,1.66530176,-0.08013937282229965,0.08013937282229965,0.9999999999976694
F003_PID000000710,710,2020-05-10T23:04:58.339104768+00:00,1.660895232,-0.08013937282229965,0.08013937282229965,0.9999999999976694
F003_PID000000710,710,2020-05-10T23:04:58.339296512+00:00,1.660703488,-0.05802047781569966,0.05802047781569966,0.9999999999976694
F003_PID000000710,710,2020-05-10T23:04:58.342247168+00:00,1.657752832,-0.0231023102310231,0.0231023102310231,0.9999999999976694
F003_PID000000710,710,2020-05-10T23:04:58.346497024+00:00,1.653502976,-0.029508196721311476,0.029508196721311476,0.9999999999976694
F003_PID000000710,710,2020-05-10T23:04:58.363330816+00:00,1.636669184,-0.016611295681063124,0.016611295681063124,0.9999999999976694
F003_PID000000710,710,2020-05-10T23:04:58.363365376+00:00,1.636634624,-0.003278688524590164,0.003278688524590164,0.9999999999976694
F003_PID000000710,710,2020-05-10T23:04:58.364711168+00:00,1.635288832,0.003257328990228013,-0.003257328990228013,0.9999999999976694
F003_PID000000710,710,2020-05-10T23:04:58.364723712+00:00,1.635276288,0.009836065573770493,-0.009836065573770493,0.9999999999976694
F003_PID000000710,710,2020-05-10T23:04:58.364734720+00:00,1.63526528,0.0165016501650165,-0.0165016501650165,0.9999999999976694
F003_PID000000710,710,2020-05-10T23:04:58.373257216+00:00,1.626742784,0.019867549668874173,-0.019867549668874173,0.9999999999976694
F003_PID000000710,710,2020-05-10T23:04:58.406074880+00:00,1.59392512,0.0547945205479452,-0.0547945205479452,0.9999999999976694
F003_PID000000710,710,2020-05-10T23:04:58.481469440+00:00,1.51853056,0.0547945205479452,-0.0547945205479452,0.9999999999976694
F003_PID000000710,710,2020-05-10T23:04:58.528777728+00:00,1.471222272,0.04827586206896552,-0.04827586206896552,0.9999999999976694
F003_PID000000710,710,2020-05-10T23:04:58.541280+00:00,1.45872,0.05190311418685121,-0.05190311418685121,0.9999999999976694
F004_PID000000992,992,2020-10-26T01:08:00.505624576+00:00,119.494375424,-0.11873350923482849,-0.11873350923482849,0.9999999999976694
F004_PID000000992,992,2020-10-26T01:08:00.505824+00:00,119.494176,-0.09560723514211886,-0.09560723514211886,0.9999999999976694
F004_PID000000992,992,2020-10-26T01:08:00.505832704+00:00,119.494167296,-0.09326424870466321,-0.09326424870466321,0.9999999999976694
F004_PID000000992,992,2020-10-26T01:08:00.506064384+00:00,119.493935616,-0.09090909090909091,-0.09090909090909091,0.9999999999976694
F004_PID000000992,992,2020-10-26T01:08:00.506124288+00:00,119.493875712,-0.08808290155440414,-0.08808290155440414,0.9999999999976694
F004_PID000000992,992,2020-10-26T01:08:00.506175232+00:00,119.493824768,-0.08527131782945736,-0.08527131782945736,0.9999999999976694
F004_PID000000992,992,2020-10-26T01:08:00.506232832+00:00,119.493767168,-0.08290155440414508,-0.08290155440414508,0.9999999999976694
F004_PID000000992,992,2020-10-26T01:08:00.506284032+00:00,119.493715968,-0.08571428571428572,-0.08571428571428572,0.9999999999976694
F004_PID000000992,992,2020-10-26T01:08:00.506376704+00:00,119.493623296,-0.08290155440414508,-0.08290155440414508,0.9999999999976694
F004_PID000000992,992,2020-10-26T01:08:00.538652672+00:00,119.461347328,-0.07731958762886598,-0.07731958762886598,0.9999999999976694
F004_PID000000992,992,2020-10-26T01:08:00.539620352+00:00,119.460379648,-0.07493540051679587,-0.07493540051679587,0.9999999999976694
F004_PID000000992,992,2020-10-26T01:08:00.554417664+00:00,119.445582336,-0.07731958762886598,-0.07731958762886598,0.9999999999976694
F004_PID000000992,992,2020-10-26T01:08:00.554556416+00:00,119.445443584,-0.08010335917312661,-0.08010335917312661,0.9999999999976694
F004_PID000000992,992,2020-10-26T01:08:00.554696192+00:00,119.445303808,-0.08290155440414508,-0.08290155440414508,0.9999999999976694
F004_PID000000992,992,2020-10-26T01:08:00.554841856+00:00,119.445158144,-0.08527131782945736,-0.08527131782945736,0.9999999999976694
F004_PID000000992,992,2020-10-26T01:08:00.558093824+00:00,119.441906176,-0.08762886597938144,-0.08762886597938144,0.9999999999976694
F004_PID000000992,992,2020-10-26T01:08:00.607757056+00:00,119.392242944,-0.09326424870466321,-0.09326424870466321,0.9999999999976694
F004_PID000000992,992,2020-10-26T01:08:00.627906560+00:00,119.37209344,-0.09560723514211886,-0.09560723514211886,0.9999999999976694
F004_PID000000992,992,2020-10-26T01:08:00.679185920+00:00,119.32081408,-0.09326424870466321,-0.09326424870466321,0.9999999999976694
F004_PID000000992,992,2020-10-26T01:08:00.684159744+00:00,119.315840256,-0.09043927648578812,-0.09043927648578812,0.9999999999976694
F004_PID000000992,992,2020-10-26T01:08:00.684319488+00:00,119.315680512,-0.08808290155440414,-0.08808290155440414,0.9999999999976694
F004_PID000000992,992,2020-10-26T01:08:00.684372992+00:00,119.315627008,-0.08571428571428572,-0.08571428571428572,0.9999999999976694
F004_PID000000992,992,2020-10-26T01:08:00.684427776+00:00,119.315572224,-0.08333333333333333,-0.08333333333333333,0.9999999999976694
F004_PID000000992,992,2020-10-26T01:08:00.684476416+00:00,119.315523584,-0.07772020725388601,-0.07772020725388601,0.9999999999976694
F004_PID000000992,992,2020-10-26T01:08:00.684585728+00:00,119.315414272,-0.08010335917312661,-0.08010335917312661,0.9999999999976694
F004_PID000000992,992,2020-10-26T01:08:00.684633088+00:00,119.315366912,-0.07731958762886598,-0.07731958762886598,0.9999999999976694
F004_PID000000992,992,2020-10-26T01:08:00.684720384+00:00,119.315279616,-0.08010335917312661,-0.08010335917312661,0.9999999999976694
F004_PID000000992,992,2020-10-26T01:08:00.684852992+00:00,119.315147008,-0.07731958762886598,-0.07731958762886598,0.9999999999976694
F004_PID000000992,992,2020-10-26T01:08:00.700290560+00:00,119.29970944,-0.07969151670951156,-0.07969151670951156,0.9999999999976694
F004_PID000000992,992,2020-10-26T01:08:00.700421888+00:00,119.299578112,-0.08247422680412371,-0.08247422680412371,0.9999999999976694
F004_PID000000992,992,2020-10-26T01:08:00.700557568+00:00,119.299442432,-0.08527131782945736,-0.08527131782945736,0.9999999999976694
F004_PID000000992,992,2020-10-26T01:08:00.700692480+00:00,119.29930752,-0.08247422680412371,-0.08247422680412371,0.9999999999976694
F004_PID000000992,992,2020-10-26T01:08:00.985862656+00:00,119.014137344,-0.08483290488431877,-0.08483290488431877,0.9999999999976694
F004_PID000000992,992,2020-10-26T01:08:00.985915136+00:00,119.014084864,-0.08717948717948718,-0.08717948717948718,0.9999999999976694
F004_PID000000992,992,2020-10-26T01:08:00.985963520+00:00,119.01403648,-0.08997429305912596,-0.08997429305912596,0.9999999999976694
F004_PID000000992,992,2020-10-26T01:08:00.986102272+00:00,119.013897728,-0.09560723514211886,-0.09560723514211886,0.9999999999976694
F004_PID000000992,992,2020-10-26T01:08:00.986179328+00:00,119.013820672,-0.09844559585492228,-0.09844559585492228,0.9999999999976694
F004_PID000000992,992,2020-10-26T01:08:00.987645440+00:00,119.01235456,-0.09560723514211886,-0.09560723514211886,0.9999999999976694
F004_PID000000992,992,2020-10-26T01:08:00.987788544+00:00,119.012211456,-0.09278350515463918,-0.09278350515463918,0.9999999999976694
F004_PID000000992,992,2020-10-26T01:08:00.987837440+00:00,119.01216256,-0.09043927648578812,-0.09043927648578812,0.9999999999976694
F004_PID000000992,992,2020-10-26T01:08:00.987885568+00:00,119.012114432,-0.08762886597938144,-0.08762886597938144,0.9999999999976694
F004_PID000000992,992,2020-10-26T01:08:00.987945728+00:00,119.012054272,-0.08527131782945736,-0.08527131782945736,0.9999999999976694
F004_PID000000992,992,2020-10-26T01:08:00.988658688+00:00,119.011341312,-0.08290155440414508,-0.08290155440414508,0.9999999999976694
F004_PID000000992,992,2020-10-26T01:08:00.996839936+00:00,119.003160064,-0.08527131782945736,-0.08527131782945736,0.9999999999976694
F004_PID000000992,992,2020-10-26T01:08:00.996982784+00:00,119.003017216,-0.08808290155440414,-0.08808290155440414,0.9999999999976694
F004_PID000000992,992,2020-10-26T01:08:00.997128448+00:00,119.002871552,-0.09043927648578812,-0.09043927648578812,0.9999999999976694
F004_PID000000992,992,2020-10-26T01:08:00.997178368+00:00,119.002821632,-0.09326424870466321,-0.09326424870466321,0.9999999999976694
F004_PID000000992,992,2020-10-26T01:08:00.997825792+00:00,119.002174208,-0.09560723514211886,-0.09560723514211886,0.9999999999976694
F004_PID000000992,992,2020-10-26T01:08:01.025803520+00:00,118.97419648,-0.09326424870466321,-0.09326424870466321,0.9999999999976694
F004_PID000000992,992,2020-10-26T01:08:01.069962752+00:00,118.930037248,-0.09043927648578812,-0.09043927648578812,0.9999999999976694
F004_PID000000992,992,2020-10-26T01:08:01.070101760+00:00,118.92989824,-0.08808290155440414,-0.08808290155440414,0.9999999999976694
F004_PID000000992,992,2020-10-26T01:08:01.080220928+00:00,118.919779072,-0.08571428571428572,-0.08571428571428572,0.9999999999976694
F004_PID000000992,992,2020-10-26T01:08:01.088839680+00:00,118.91116032,-0.08808290155440414,-0.08808290155440414,0.9999999999976694
F004_PID000000992,992,2020-10-26T01:08:01.088983040+00:00,118.91101696,-0.09090909090909091,-0.09090909090909091,0.9999999999976694
F004_PID000000992,992,2020-10-26T01:08:01.089120256+00:00,118.910879744,-0.09326424870466321,-0.09326424870466321,0.9999999999976694
F004_PID000000992,992,2020-10-26T01:08:01.187425792+00:00,118.812574208,-0.09090909090909091,-0.09090909090909091,0.9999999999976694
F004_PID000000992,992,2020-10-26T01:08:01.190304+00:00,118.809696,-0.08808290155440414,-0.08808290155440414,0.9999999999976694
F004_PID000000992,992,2020-10-26T01:08:01.293749504+00:00,118.706250496,-0.09043927648578812,-0.09043927648578812,0.9999999999976694
F004_PID000000992,992,2020-10-26T01:08:01.293915648+00:00,118.706084352,-0.09326424870466321,-0.09326424870466321,0.9999999999976694
F004_PID000000992,992,2020-10-26T01:08:01.294170880+00:00,118.70582912,-0.09326424870466321,-0.09326424870466321,0.9999999999976694
F004_PID000000992,992,2020-10-26T01:08:01.294181120+00:00,118.70581888,-0.09090909090909091,-0.09090909090909091,0.9999999999976694
F004_PID000000992,992,2020-10-26T01:08:01.294232576+00:00,118.705767424,-0.09375,-0.09375,0.9999999999976694
F004_PID000000992,992,2020-10-26T01:08:01.294399744+00:00,118.705600256,-0.09090909090909091,-0.09090909090909091,0.9999999999976694
F004_PID000000992,992,2020-10-26T01:08:01.294454528+00:00,118.705545472,-0.08854166666666667,-0.08854166666666667,0.9999999999976694
F004_PID000000992,992,2020-10-26T01:08:01.294533888+00:00,118.705466112,-0.08616187989556136,-0.08616187989556136,0.9999999999976694
F004_PID000000992,992,2020-10-26T01:08:01.294609920+00:00,118.70539008,-0.08333333333333333,-0.08333333333333333,0.9999999999976694
F004_PID000000992,992,2020-10-26T01:08:01.294661376+00:00,118.705338624,-0.08051948051948052,-0.08051948051948052,0.9999999999976694
F004_PID000000992,992,2020-10-26T01:08:01.294771200+00:00,118.7052288,-0.07772020725388601,-0.07772020725388601,0.9999999999976694
F004_PID000000992,992,2020-10-26T01:08:01.294821888+00:00,118.705178112,-0.08010335917312661,-0.08010335917312661,0.9999999999976694
F004_PID000000992,992,2020-10-26T01:08:01.295037184+00:00,118.704962816,-0.08247422680412371,-0.08247422680412371,0.9999999999976694
F004_PID000000992,992,2020-10-26T01:08:01.295165184+00:00,118.704834816,-0.08483290488431877,-0.08483290488431877,0.9999999999976694
F004_PID000000992,992,2020-10-26T01:08:01.295236096+00:00,118.704763904,-0.08717948717948718,-0.08717948717948718,0.9999999999976694
F004_PID000000992,992,2020-10-26T01:08:01.295287296+00:00,118.704712704,-0.08163265306122448,-0.08163265306122448,0.9999999999976694
F004_PID000000992,992,2020-10-26T01:08:01.295343616+00:00,118.704656384,-0.08439897698209718,-0.08439897698209718,0.9999999999976694
F004_PID000000992,992,2020-10-26T01:08:01.295473408+00:00,118.704526592,-0.08717948717948718,-0.08717948717948718,0.9999999999976694
F004_PID000000992,992,2020-10-26T01:08:01.295525632+00:00,118.704474368,-0.08483290488431877,-0.08483290488431877,0.9999999999976694
F004_PID000000992,992,2020-10-26T01:08:01.295635968+00:00,118.704364032,-0.09043927648578812,-0.09043927648578812,0.9999999999976694
F004_PID000000992,992,2020-10-26T01:08:01.295679488+00:00,118.704320512,-0.06565656565656566,-0.06565656565656566,0.9999999999976694
F004_PID000000992,992,2020-10-26T01:08:01.295830528+00:00,118.704169472,-0.06801007556675064,-0.06801007556675064,0.9999999999976694
F004_PID000000992,992,2020-10-26T01:08:01.302584320+00:00,118.69741568,-0.06565656565656566,-0.06565656565656566,0.9999999999976694
F004_PID000000992,992,2020-10-26T01:08:01.303218944+00:00,118.696781056,-0.06297229219143577,-0.06297229219143577,0.9999999999976694
F004_PID000000992,992,2020-10-26T01:08:01.304069120+00:00,118.69593088,-0.06060606060606061,-0.06060606060606061,0.9999999999976694
F004_PID000000992,992,2020-10-26T01:08:01.304231936+00:00,118.695768064,-0.05822784810126582,-0.05822784810126582,0.9999999999976694
F004_PID000000992,992,2020-10-26T01:08:01.306040320+00:00,118.69395968,-0.05555555555555555,-0.05555555555555555,0.9999999999976694
F004_PID000000992,992,2020-10-26T01:08:01.306513920+00:00,118.69348608,-0.053164556962025315,-0.053164556962025315,0.9999999999976694
F004_PID000000992,992,2020-10-26T01:08:01.307572224+00:00,118.692427776,-0.03359173126614987,-0.03359173126614987,0.9999999999976694
F004_PID000000992,992,2020-10-26T01:08:01.329950720+00:00,118.67004928,-0.031088082901554404,-0.031088082901554404,0.9999999999976694
F004_PID000000992,992,2020-10-26T01:08:01.363980544+00:00,118.636019456,-0.03359173126614987,-0.03359173126614987,0.9999999999976694
F004_PID000000992,992,2020-10-26T01:08:01.364150016+00:00,118.635849984,-0.03608247422680412,-0.03608247422680412,0.9999999999976694
F004_PID000000992,992,2020-10-26T01:08:01.364200448+00:00,118.635799552,-0.03875968992248062,-0.03875968992248062,0.9999999999976694
F004_PID000000992,992,2020-10-26T01:08:01.364350720+00:00,118.63564928,-0.041237113402061855,-0.041237113402061855,0.9999999999976694
F004_PID000000992,992,2020-10-26T01:08:01.364402944+00:00,118.635597056,-0.043701799485861184,-0.043701799485861184,0.9999999999976694
F004_PID000000992,992,2020-10-26T01:08:01.364489984+00:00,118.635510016,-0.041237113402061855,-0.041237113402061855,0.9999999999976694
F004_PID000000992,992,2020-10-26T01:08:01.539083008+00:00,118.460916992,-0.041237113402061855,-0.041237113402061855,0.9999999999976694
F004_PID000000992,992,2020-10-26T01:08:01.539116800+00:00,118.4608832,-0.03875968992248062,-0.03875968992248062,0.9999999999976694
F004_PID000000992,992,2020-10-26T01:08:01.539282176+00:00,118.460717824,-0.03626943005181347,-0.03626943005181347,0.9999999999976694
F004_PID000000992,992,2020-10-26T01:08:01.539360512+00:00,118.460639488,-0.03359173126614987,-0.03359173126614987,0.9999999999976694
F004_PID000000992,992,2020-10-26T01:08:01.539460608+00:00,118.460539392,-0.031088082901554404,-0.031088082901554404,0.9999999999976694
F004_PID000000992,992,2020-10-26T01:08:01.539546624+00:00,118.460453376,-0.02857142857142857,-0.02857142857142857,0.9999999999976694
F004_PID000000992,992,2020-10-26T01:08:01.539593472+00:00,118.460406528,-0.025906735751295335,-0.025906735751295335,0.9999999999976694
F004_PID000000992,992,2020-10-26T01:08:01.539633152+00:00,118.460366848,-0.020618556701030927,-0.020618556701030927,0.9999999999976694
F004_PID000000992,992,2020-10-26T01:08:01.539712+00:00,118.460288,-0.017994858611825194,-0.017994858611825194,0.9999999999976694
F004_PID000000992,992,2020-10-26T01:08:01.539760384+00:00,118.460239616,-0.020618556701030927,-0.020618556701030927,0.9999999999976694
F004_PID000000992,992,2020-10-26T01:08:01.539808512+00:00,118.460191488,-0.02313624678663239,-0.02313624678663239,0.9999999999976694
F004_PID000000992,992,2020-10-26T01:08:01.539854336+00:00,118.460145664,-0.020512820512820513,-0.020512820512820513,0.9999999999976694
F004_PID000000992,992,2020-10-26T01:08:01.540114944+00:00,118.459885056,-0.020512820512820513,-0.020512820512820513,0.9999999999976694
F004_PID000000992,992,2020-10-26T01:08:01.548201728+00:00,118.451798272,-0.017994858611825194,-0.017994858611825194,0.9999999999976694
F004_PID000000992,992,2020-10-26T01:08:01.562235392+00:00,118.437764608,-0.020512820512820513,-0.020512820512820513,0.9999999999976694
F004_PID000000992,992,2020-10-26T01:08:01.577419520+00:00,118.42258048,-0.023017902813299233,-0.023017902813299233,0.9999999999976694
F004_PID000000992,992,2020-10-26T01:08:01.577465344+00:00,118.422534656,-0.02564102564102564,-0.02564102564102564,0.9999999999976694
F004_PID000000992,992,2020-10-26T01:08:01.577581824+00:00,118.422418176,-0.028277634961439587,-0.028277634961439587,0.9999999999976694
F004_PID000000992,992,2020-10-26T01:08:01.577728256+00:00,118.422271744,-0.03076923076923077,-0.03076923076923077,0.9999999999976694
F004_PID000000992,992,2020-10-26T01:08:02.407195648+00:00,117.592804352,-0.028277634961439587,-0.028277634961439587,0.9999999999976694
F004_PID000000992,992,2020-10-26T01:08:02.407380736+00:00,117.592619264,-0.03076923076923077,-0.03076923076923077,0.9999999999976694
F004_PID000000992,992,2020-10-26T01:08:02.441007616+00:00,117.558992384,-0.03324808184143223,-0.03324808184143223,0.9999999999976694
F004_PID000000992,992,2020-10-26T01:08:02.445352448+00:00,117.554647552,-0.03571428571428571,-0.03571428571428571,0.9999999999976694
F004_PID000000992,992,2020-10-26T01:08:02.684889856+00:00,117.315110144,-0.03324808184143223,-0.03324808184143223,0.9999999999976694
F004_PID000000992,992,2020-10-26T01:08:02.685036800+00:00,117.3149632,-0.03076923076923077,-0.03076923076923077,0.9999999999976694
F004_PID000000992,992,2020-10-26T01:08:02.685096192+00:00,117.314903808,-0.028277634961439587,-0.028277634961439587,0.9999999999976694
F004_PID000000992,992,2020-10-26T01:08:02.686341888+00:00,117.313658112,-0.02577319587628866,-0.02577319587628866,0.9999999999976694
F004_PID000000992,992,2020-10-26T01:08:02.927744+00:00,117.072256,-0.028277634961439587,-0.028277634961439587,0.9999999999976694
F004_PID000000992,992,2020-10-26T01:08:02.927893248+00:00,117.072106752,-0.03076923076923077,-0.03076923076923077,0.9999999999976694
F004_PID000000992,992,2020-10-26T01:08:02.927955968+00:00,117.072044032,-0.03324808184143223,-0.03324808184143223,0.9999999999976694
F004_PID000000992,992,2020-10-26T01:08:02.928153088+00:00,117.071846912,-0.03571428571428571,-0.03571428571428571,0.9999999999976694
F004_PID000000992,992,2020-10-26T01:08:03.699060480+00:00,116.30093952,-0.03324808184143223,-0.03324808184143223,0.9999999999976694
F004_PID000000992,992,2020-10-26T01:08:03.699208960+00:00,116.30079104,-0.03076923076923077,-0.03076923076923077,0.9999999999976694
F004_PID000000992,992,2020-10-26T01:08:03.699343616+00:00,116.300656384,-0.028277634961439587,-0.028277634961439587,0.9999999999976694
F004_PID000000992,992,2020-10-26T01:08:03.699485184+00:00,116.300514816,-0.02577319587628866,-0.02577319587628866,0.9999999999976694
F004_PID000000992,992,2020-10-26T01:08:03.699660288+00:00,116.300339712,-0.03076923076923077,-0.03076923076923077,0.9999999999976694
F004_PID000000992,992,2020-10-26T01:08:03.699713536+00:00,116.300286464,-0.03324808184143223,-0.03324808184143223,0.9999999999976694
F004_PID000000992,992,2020-10-26T01:08:03.699823104+00:00,116.300176896,-0.03571428571428571,-0.03571428571428571,0.9999999999976694
F004_PID000000992,992,2020-10-26T01:08:03.953316096+00:00,116.046683904,-0.041025641025641026,-0.041025641025641026,0.9999999999976694
F004_PID000000992,992,2020-10-26T01:08:03.953461248+00:00,116.046538752,-0.043701799485861184,-0.043701799485861184,0.9999999999976694
F004_PID000000992,992,2020-10-26T01:08:03.953623552+00:00,116.046376448,-0.04639175257731959,-0.04639175257731959,0.9999999999976694
F004_PID000000992,992,2020-10-26T01:08:03.953674496+00:00,116.046325504,-0.04884318766066838,-0.04884318766066838,0.9999999999976694
F004_PID000000992,992,2020-10-26T01:08:03.953772800+00:00,116.0462272,-0.05128205128205128,-0.05128205128205128,0.9999999999976694
F004_PID000000992,992,2020-10-26T01:08:03.953944320+00:00,116.04605568,-0.05398457583547558,-0.05398457583547558,0.9999999999976694
F004_PID000000992,992,2020-10-26T01:08:04.018268416+00:00,115.981731584,-0.07304785894206549,-0.07304785894206549,0.9999999999976694
F004_PID000000992,992,2020-10-26T01:08:04.018419200+00:00,115.9815808,-0.0707070707070707,-0.0707070707070707,0.9999999999976694
F004_PID000000992,992,2020-10-26T01:08:04.018608128+00:00,115.981391872,-0.06801007556675064,-0.06801007556675064,0.9999999999976694
F004_PID000000992,992,2020-10-26T01:08:04.018748416+00:00,115.981251584,-0.06565656565656566,-0.06565656565656566,0.9999999999976694
F004_PID000000992,992,2020-10-26T01:08:04.018881024+00:00,115.981118976,-0.06329113924050633,-0.06329113924050633,0.9999999999976694
F004_PID000000992,992,2020-10-26T01:08:04.018931456+00:00,115.981068544,-0.06565656565656566,-0.06565656565656566,0.9999999999976694
F004_PID000000992,992,2020-10-26T01:08:04.018977792+00:00,115.981022208,-0.06297229219143577,-0.06297229219143577,0.9999999999976694
F004_PID000000992,992,2020-10-26T01:08:04.019047424+00:00,115.980952576,-0.06030150753768844,-0.06030150753768844,0.9999999999976694
F004_PID000000992,992,2020-10-26T01:08:04.026136064+00:00,115.973863936,-0.06297229219143577,-0.06297229219143577,0.9999999999976694
F004_PID000000992,992,2020-10-26T01:08:04.026298368+00:00,115.973701632,-0.06565656565656566,-0.06565656565656566,0.9999999999976694
F004_PID000000992,992,2020-10-26T01:08:04.030969088+00:00,115.969030912,-0.06801007556675064,-0.06801007556675064,0.9999999999976694
F004_PID000000992,992,2020-10-26T01:08:04.276423936+00:00,115.723576064,-0.06565656565656566,-0.06565656565656566,0.9999999999976694
F004_PID000000992,992,2020-10-26T01:08:04.276570624+00:00,115.723429376,-0.06329113924050633,-0.06329113924050633,0.9999999999976694
F004_PID000000992,992,2020-10-26T01:08:04.354049280+00:00,115.64595072,-0.06060606060606061,-0.06060606060606061,0.9999999999976694
F004_PID000000992,992,2020-10-26T01:08:04.354192128+00:00,115.645807872,-0.05822784810126582,-0.05822784810126582,0.9999999999976694
F004_PID000000992,992,2020-10-26T01:08:04.354334720+00:00,115.64566528,-0.05555555555555555,-0.05555555555555555,0.9999999999976694
F004_PID000000992,992,2020-10-26T01:08:04.454828800+00:00,115.5451712,-0.05025125628140704,-0.05025125628140704,0.9999999999976694
F004_PID000000992,992,2020-10-26T01:08:04.458463232+00:00,115.541536768,-0.045454545454545456,-0.045454545454545456,0.9999999999976694
F004_PID000000992,992,2020-10-26T01:08:04.485926912+00:00,115.514073088,-0.043037974683544304,-0.043037974683544304,0.9999999999976694
F004_PID000000992,992,2020-10-26T01:08:04.485981952+00:00,115.514018048,-0.045454545454545456,-0.045454545454545456,0.9999999999976694
F004_PID000000992,992,2020-10-26T01:08:04.500287488+00:00,115.499712512,-0.04785894206549118,-0.04785894206549118,0.9999999999976694
F004_PID000000992,992,2020-10-26T01:08:04.525687296+00:00,115.474312704,-0.050505050505050504,-0.050505050505050504,0.9999999999976694
F004_PID000000992,992,2020-10-26T01:08:04.525833472+00:00,115.474166528,-0.05289672544080604,-0.05289672544080604,0.9999999999976694
F004_PID000000992,992,2020-10-26T01:08:05.394040320+00:00,114.60595968,-0.05527638190954774,-0.05527638190954774,0.9999999999976694
F004_PID000000992,992,2020-10-26T01:08:05.394246400+00:00,114.6057536,-0.05764411027568922,-0.05764411027568922,0.9999999999976694
F004_PID000000992,992,2020-10-26T01:08:05.394296320+00:00,114.60570368,-0.06030150753768844,-0.06030150753768844,0.9999999999976694
F004_PID000000992,992,2020-10-26T01:08:05.394381312+00:00,114.605618688,-0.06297229219143577,-0.06297229219143577,0.9999999999976694
F004_PID000000992,992,2020-10-26T01:08:05.405902592+00:00,114.594097408,-0.06835443037974684,-0.06835443037974684,0.9999999999976694
F004_PID000000992,992,2020-10-26T01:08:05.406039296+00:00,114.593960704,-0.06598984771573604,-0.06598984771573604,0.9999999999976694
F004_PID000000992,992,2020-10-26T01:08:05.406185216+00:00,114.593814784,-0.06329113924050633,-0.06329113924050633,0.9999999999976694
F004_PID000000992,992,2020-10-26T01:08:05.406236160+00:00,114.59376384,-0.06060606060606061,-0.06060606060606061,0.9999999999976694
F004_PID000000992,992,2020-10-26T01:08:05.497413632+00:00,114.502586368,-0.06297229219143577,-0.06297229219143577,0.9999999999976694
F004_PID000000992,992,2020-10-26T01:08:05.497553152+00:00,114.502446848,-0.06060606060606061,-0.06060606060606061,0.9999999999976694
F004_PID000000992,992,2020-10-26T01:08:05.497603072+00:00,114.502396928,-0.06329113924050633,-0.06329113924050633,0.9999999999976694
F004_PID000000992,992,2020-10-26T01:08:05.497750016+00:00,114.502249984,-0.06565656565656566,-0.06565656565656566,0.9999999999976694
F004_PID000000992,992,2020-10-26T01:08:05.501065984+00:00,114.498934016,-0.06297229219143577,-0.06297229219143577,0.9999999999976694
F004_PID000000992,992,2020-10-26T01:08:05.501123840+00:00,114.49887616,-0.06060606060606061,-0.06060606060606061,0.9999999999976694
F004_PID000000992,992,2020-10-26T01:08:05.501186048+00:00,114.498813952,-0.05822784810126582,-0.05822784810126582,0.9999999999976694
F004_PID000000992,992,2020-10-26T01:08:05.501281024+00:00,114.498718976,-0.05289672544080604,-0.05289672544080604,0.9999999999976694
F004_PID000000992,992,2020-10-26T01:08:05.501419264+00:00,114.498580736,-0.050505050505050504,-0.050505050505050504,0.9999999999976694
F004_PID000000992,992,2020-10-26T01:08:06.634277888+00:00,113.365722112,-0.05289672544080604,-0.05289672544080604,0.9999999999976694
F004_PID000000992,992,2020-10-26T01:08:06.634439424+00:00,113.365560576,-0.05527638190954774,-0.05527638190954774,0.9999999999976694
F004_PID000000992,992,2020-10-26T01:08:06.634599680+00:00,113.36540032,-0.05289672544080604,-0.05289672544080604,0.9999999999976694
F004_PID000000992,992,2020-10-26T01:08:06.810553344+00:00,113.189446656,-0.05822784810126582,-0.05822784810126582,0.9999999999976694
F004_PID000000992,992,2020-10-26T01:08:06.934988288+00:00,113.065011712,-0.05555555555555555,-0.05555555555555555,0.9999999999976694
F004_PID000000992,992,2020-10-26T01:08:06.937166592+00:00,113.062833408,-0.053164556962025315,-0.053164556962025315,0.9999999999976694
F004_PID000000992,992,2020-10-26T01:08:06.945951744+00:00,113.054048256,-0.04785894206549118,-0.04785894206549118,0.9999999999976694
F004_PID000000992,992,2020-10-26T01:08:06.946890240+00:00,113.05310976,-0.045454545454545456,-0.045454545454545456,0.9999999999976694
F004_PID000000992,992,2020-10-26T01:08:06.956073216+00:00,113.043926784,-0.04785894206549118,-0.04785894206549118,0.9999999999976694
F004_PID000000992,992,2020-10-26T01:08:07.104672768+00:00,112.895327232,-0.045454545454545456,-0.045454545454545456,0.9999999999976694
F004_PID000000992,992,2020-10-26T01:08:07.110275072+00:00,112.889724928,-0.045454545454545456,-0.045454545454545456,0.9999999999976694
F004_PID000000992,992,2020-10-26T01:08:07.110305536+00:00,112.889694464,-0.043037974683544304,-0.043037974683544304,0.9999999999976694
F004_PID000000992,992,2020-10-26T01:08:07.110682880+00:00,112.88931712,-0.04060913705583756,-0.04060913705583756,0.9999999999976694
F004_PID000000992,992,2020-10-26T01:08:07.110732544+00:00,112.889267456,-0.0379746835443038,-0.0379746835443038,0.9999999999976694
F004_PID000000992,992,2020-10-26T01:08:07.110770688+00:00,112.889229312,-0.03535353535353535,-0.03535353535353535,0.9999999999976694
F004_PID000000992,992,2020-10-26T01:08:07.111019008+00:00,112.888980992,-0.025,-0.025,0.9999999999976694
F004_PID000000992,992,2020-10-26T01:08:07.119621888+00:00,112.880378112,-0.025,-0.025,0.9999999999976694
F004_PID000000992,992,2020-10-26T01:08:07.119663104+00:00,112.880336896,-0.1352549889135255,-0.1352549889135255,1.9999999999997797
F004_PID000000992,992,2020-10-26T01:08:07.119863296+00:00,112.880136704,-0.13716814159292035,-0.13716814159292035,1.9999999999997797
F004_PID000000992,992,2020-10-26T01:08:07.120000+00:00,112.88,-0.1352549889135255,-0.1352549889135255,1.9999999999997797
F004_PID000000992,992,2020-10-26T01:08:07.120021760+00:00,112.87997824,-0.1352549889135255,-0.1352549889135255,1.9999999999997797
F004_PID000000992,992,2020-10-26T01:08:07.120070400+00:00,112.8799296,-0.12751677852348994,-0.12751677852348994,1.9999999999997797
F004_PID000000992,992,2020-10-26T01:08:07.120136704+00:00,112.879863296,-0.125,-0.125,1.9999999999997797
F004_PID000000992,992,2020-10-26T01:08:07.120274176+00:00,112.879725824,-0.1288888888888889,-0.1288888888888889,1.9999999999997797
F004_PID000000992,992,2020-10-26T01:08:07.120274176+00:00,112.879725824,-0.12389380530973451,-0.12389380530973451,1.9999999999997797
F004_PID000000992,992,2020-10-26T01:08:07.120304384+00:00,112.879695616,-0.11210762331838565,-0.11210762331838565,1.9999999999997797
F004_PID000000992,992,2020-10-26T01:08:07.120331776+00:00,112.879668224,-0.0958904109589041,-0.0958904109589041,1.9999999999997797
F004_PID000000992,992,2020-10-26T01:08:07.120389632+00:00,112.879610368,-0.0958904109589041,-0.0958904109589041,1.9999999999997797
F004_PID000000992,992,2020-10-26T01:08:07.120461312+00:00,112.879538688,-0.1,-0.1,1.9999999999997797
F004_PID000000992,992,2020-10-26T01:08:07.120476160+00:00,112.87952384,-0.10250569476082004,-0.10250569476082004,1.9999999999997797
F004_PID000000992,992,2020-10-26T01:08:07.133216256+00:00,112.866783744,-0.08584686774941995,-0.08584686774941995,1.9999999999997797
F004_PID000000992,992,2020-10-26T01:08:07.155677440+00:00,112.84432256,-0.08333333333333333,-0.08333333333333333,1.9999999999997797
F004_PID000000992,992,2020-10-26T01:08:07.198155008+00:00,112.801844992,-0.058823529411764705,-0.058823529411764705,1.9999999999997797
F004_PID000000992,992,2020-10-26T01:08:07.226190848+00:00,112.773809152,-0.04932735426008968,-0.04932735426008968,1.9999999999997797
F004_PID000000992,992,2020-10-26T01:08:07.228500480+00:00,112.77149952,-0.1969309462915601,-0.1969309462915601,1.0000000000021103
F004_PID000000992,992,2020-10-26T01:08:07.228723968+00:00,112.771276032,-0.19083969465648856,-0.19083969465648856,1.0000000000021103
F004_PID000000992,992,2020-10-26T01:08:07.228781824+00:00,112.771218176,-0.19083969465648856,-0.19083969465648856,1.0000000000021103
F004_PID000000992,992,2020-10-26T01:08:07.228926464+00:00,112.771073536,-0.18181818181818182,-0.18181818181818182,1.0000000000021103
F004_PID000000992,992,2020-10-26T01:08:07.229005312+00:00,112.770994688,-0.16417910447761194,-0.16417910447761194,1.0000000000021103
F004_PID000000992,992,2020-10-26T01:08:07.242030336+00:00,112.757969664,-0.16417910447761194,-0.16417910447761194,1.0000000000021103
F004_PID000000992,992,2020-10-26T01:08:07.244401408+00:00,112.755598592,-0.15270935960591134,-0.15270935960591134,1.0000000000021103
F004_PID000000992,992,2020-10-26T01:08:07.248677632+00:00,112.751322368,-0.14705882352941177,-0.14705882352941177,1.0000000000021103
F004_PID000000992,992,2020-10-26T01:08:07.259837184+00:00,112.740162816,-0.15270935960591134,-0.15270935960591134,1.0000000000021103
F004_PID000000992,992,2020-10-26T01:08:07.260016640+00:00,112.73998336,-0.015184381778741865,-0.015184381778741865,1.9999999999997797
F004_PID000000992,992,2020-10-26T01:08:07.294212864+00:00,112.705787136,-0.024070021881838075,-0.024070021881838075,1.9999999999997797
F004_PID000000992,992,2020-10-26T01:08:07.294235904+00:00,112.705764096,-0.033112582781456956,-0.033112582781456956,1.9999999999997797
F004_PID000000992,992,2020-10-26T01:08:07.298835456+00:00,112.701164544,-0.037694013303769404,-0.037694013303769404,1.9999999999997797
F004_PID000000992,992,2020-10-26T01:08:07.300471808+00:00,112.699528192,-0.02857142857142857,-0.02857142857142857,1.9999999999997797
F004_PID000000992,992,2020-10-26T01:08:07.309185024+00:00,112.690814976,-0.037694013303769404,-0.037694013303769404,1.9999999999997797
F004_PID000000992,992,2020-10-26T01:08:07.318739456+00:00,112.681260544,-0.02857142857142857,-0.02857142857142857,1.9999999999997797
F004_PID000000992,992,2020-10-26T01:08:07.364718848+00:00,112.635281152,-0.006741573033707865,-0.006741573033707865,1.9999999999997797
F004_PID000000992,992,2020-10-26T01:08:07.364728832+00:00,112.635271168,-0.006741573033707865,-0.006741573033707865,1.9999999999997797
F004_PID000000992,992,2020-10-26T01:08:07.366001920+00:00,112.63399808,-0.006741573033707865,-0.006741573033707865,1.9999999999997797
F004_PID000000992,992,2020-10-26T01:08:07.368543488+00:00,112.631456512,0.0022271714922048997,0.0022271714922048997,1.9999999999997797
F004_PID000000992,992,2020-10-26T01:08:07.368765184+00:00,112.631234816,-0.13705583756345177,-0.13705583756345177,1.0000000000021103
F004_PID000000992,992,2020-10-26T01:08:07.368968192+00:00,112.631031808,-0.13131313131313133,-0.13131313131313133,1.0000000000021103
F004_PID000000992,992,2020-10-26T01:08:07.369687296+00:00,112.630312704,-0.12846347607052896,-0.12846347607052896,1.0000000000021103
F004_PID000000992,992,2020-10-26T01:08:07.369797376+00:00,112.630202624,-0.12626262626262627,-0.12626262626262627,1.0000000000021103
F004_PID000000992,992,2020-10-26T01:08:07.369807104+00:00,112.630192896,-0.1218274111675127,-0.1218274111675127,1.0000000000021103
F004_PID000000992,992,2020-10-26T01:08:07.377308416+00:00,112.622691584,-0.11282051282051282,-0.11282051282051282,1.0000000000021103
F004_PID000000992,992,2020-10-26T01:08:07.380408576+00:00,112.619591424,-0.11734693877551021,-0.11734693877551021,1.0000000000021103
F004_PID000000992,992,2020-10-26T01:08:07.380559872+00:00,112.619440128,-0.12020460358056266,-0.12020460358056266,1.0000000000021103
F004_PID000000992,992,2020-10-26T01:08:07.380616960+00:00,112.61938304,-0.12596401028277635,-0.12596401028277635,1.0000000000021103
F004_PID000000992,992,2020-10-26T01:08:07.380689152+00:00,112.619310848,-0.13486005089058525,-0.13486005089058525,1.0000000000021103
F004_PID000000992,992,2020-10-26T01:08:07.380781568+00:00,112.619218432,0.004464285714285714,0.004464285714285714,1.9999999999997797
F004_PID000000992,992,2020-10-26T01:08:07.380845824+00:00,112.619154176,0.0022271714922048997,0.0022271714922048997,1.9999999999997797
F004_PID000000992,992,2020-10-26T01:08:07.434199808+00:00,112.565800192,-0.006741573033707865,-0.006741573033707865,1.9999999999997797
F004_PID000000992,992,2020-10-26T01:08:07.434227200+00:00,112.5657728,-0.015873015873015872,-0.015873015873015872,1.9999999999997797
F004_PID000000992,992,2020-10-26T01:08:07.440177152+00:00,112.559822848,-0.037694013303769404,-0.037694013303769404,1.9999999999997797
F004_PID000000992,992,2020-10-26T01:08:07.440295936+00:00,112.559704064,-0.037694013303769404,-0.037694013303769404,1.9999999999997797
F004_PID000000992,992,2020-10-26T01:08:07.446532864+00:00,112.553467136,-0.02857142857142857,-0.02857142857142857,1.9999999999997797
F004_PID000000992,992,2020-10-26T01:08:07.449170944+00:00,112.550829056,-0.037694013303769404,-0.037694013303769404,1.9999999999997797
F004_PID000000992,992,2020-10-26T01:08:07.458890752+00:00,112.541109248,-0.02857142857142857,-0.02857142857142857,1.9999999999997797
F004_PID000000992,992,2020-10-26T01:08:07.498402304+00:00,112.501597696,-0.0196078431372549,-0.0196078431372549,1.9999999999997797
F004_PID000000992,992,2020-10-26T01:08:07.620585728+00:00,112.379414272,-0.04051172707889126,-0.04051172707889126,1.9999999999997797
F004_PID000000992,992,2020-10-26T01:08:07.633952+00:00,112.366048,-0.04051172707889126,-0.04051172707889126,1.9999999999997797
F004_PID000000992,992,2020-10-26T01:08:08.635021312+00:00,111.364978688,-0.0425531914893617,-0.0425531914893617,1.9999999999997797
F004_PID000000992,992,2020-10-26T01:08:08.699553024+00:00,111.300446976,-0.04477611940298507,-0.04477611940298507,1.9999999999997797
F004_PID000000992,992,2020-10-26T01:08:08.700390144+00:00,111.299609856,0.07434052757793765,0.07434052757793765,0.9999999999976694
F004_PID000000992,992,2020-10-26T01:08:08.700492544+00:00,111.299507456,0.07177033492822966,0.07177033492822966,0.9999999999976694
F004_PID000000992,992,2020-10-26T01:08:08.700581376+00:00,111.299418624,0.06921241050119331,0.06921241050119331,0.9999999999976694
F004_PID000000992,992,2020-10-26T01:08:08.700703232+00:00,111.299296768,0.06413301662707839,0.06413301662707839,0.9999999999976694
F004_PID000000992,992,2020-10-26T01:08:08.700798720+00:00,111.29920128,0.06190476190476191,0.06190476190476191,0.9999999999976694
F004_PID000000992,992,2020-10-26T01:08:08.700827392+00:00,111.299172608,0.05938242280285035,0.05938242280285035,0.9999999999976694
F004_PID000000992,992,2020-10-26T01:08:08.700959744+00:00,111.299040256,0.05687203791469194,0.05687203791469194,0.9999999999976694
F004_PID000000992,992,2020-10-26T01:08:08.701011200+00:00,111.2989888,0.054373522458628844,0.054373522458628844,0.9999999999976694
F004_PID000000992,992,2020-10-26T01:08:08.701067520+00:00,111.29893248,0.045346062052505964,0.045346062052505964,0.9999999999976694
F004_PID000000992,992,2020-10-26T01:08:08.701300224+00:00,111.298699776,0.0407673860911271,0.0407673860911271,0.9999999999976694
F004_PID000000992,992,2020-10-26T01:08:08.701329152+00:00,111.298670848,0.038461538461538464,0.038461538461538464,0.9999999999976694
F004_PID000000992,992,2020-10-26T01:08:08.701425920+00:00,111.29857408,0.03614457831325301,0.03614457831325301,0.9999999999976694
F004_PID000000992,992,2020-10-26T01:08:08.701828096+00:00,111.298171904,0.03864734299516908,0.03864734299516908,0.9999999999976694
F004_PID000000992,992,2020-10-26T01:08:08.710712832+00:00,111.289287168,0.02926829268292683,0.02926829268292683,0.9999999999976694
F004_PID000000992,992,2020-10-26T01:08:08.710851072+00:00,111.289148928,0.03178484107579462,0.03178484107579462,0.9999999999976694
F004_PID000000992,992,2020-10-26T01:08:08.711799296+00:00,111.288200704,0.03414634146341464,0.03414634146341464,0.9999999999976694
F004_PID000000992,992,2020-10-26T01:08:08.711864832+00:00,111.288135168,0.03667481662591687,0.03667481662591687,0.9999999999976694
F004_PID000000992,992,2020-10-26T01:08:08.712005632+00:00,111.287994368,0.03902439024390244,0.03902439024390244,0.9999999999976694
F004_PID000000992,992,2020-10-26T01:08:08.719332608+00:00,111.280667392,0.03398058252427184,0.03398058252427184,0.9999999999976694
F004_PID000000992,992,2020-10-26T01:08:08.719467264+00:00,111.280532736,0.031630170316301706,0.031630170316301706,0.9999999999976694
F004_PID000000992,992,2020-10-26T01:08:08.749821952+00:00,111.250178048,0.02689486552567237,0.02689486552567237,0.9999999999976694
F004_PID000000992,992,2020-10-26T01:08:08.749983488+00:00,111.250016512,0.024390243902439025,0.024390243902439025,0.9999999999976694
F004_PID000000992,992,2020-10-26T01:08:08.750833152+00:00,111.249166848,0.02689486552567237,0.02689486552567237,0.9999999999976694
F004_PID000000992,992,2020-10-26T01:08:08.770686464+00:00,111.229313536,0.007194244604316547,0.007194244604316547,0.9999999999976694
F004_PID000000992,992,2020-10-26T01:08:08.828644864+00:00,111.171355136,0.011933174224343675,0.011933174224343675,0.9999999999976694
F004_PID000000992,992,2020-10-26T01:08:10.403909120+00:00,109.59609088,0.016786570743405275,0.016786570743405275,0.9999999999976694
F004_PID000000992,992,2020-10-26T01:08:10.404069632+00:00,109.595930368,0.021686746987951807,0.021686746987951807,0.9999999999976694
F004_PID000000992,992,2020-10-26T01:08:10.404126720+00:00,109.59587328,0.024154589371980676,0.024154589371980676,0.9999999999976694
F004_PID000000992,992,2020-10-26T01:08:10.404238080+00:00,109.59576192,0.02650602409638554,0.02650602409638554,0.9999999999976694
F004_PID000000992,992,2020-10-26T01:08:10.404292352+00:00,109.595707648,0.028985507246376812,0.028985507246376812,0.9999999999976694
F004_PID000000992,992,2020-10-26T01:08:10.404396288+00:00,109.595603712,0.03132530120481928,0.03132530120481928,0.9999999999976694
F004_PID000000992,992,2020-10-26T01:08:10.404446464+00:00,109.595553536,0.033816425120772944,0.033816425120772944,0.9999999999976694
F004_PID000000992,992,2020-10-26T01:08:10.404504320+00:00,109.59549568,0.0430622009569378,0.0430622009569378,0.9999999999976694
F004_PID000000992,992,2020-10-26T01:08:10.404533760+00:00,109.59546624,0.045346062052505964,0.045346062052505964,0.9999999999976694
F004_PID000000992,992,2020-10-26T01:08:10.405101824+00:00,109.594898176,-0.07006369426751592,-0.07006369426751592,1.9999999999997797
F004_PID000000992,992,2020-10-26T01:08:10.405361408+00:00,109.594638592,-0.06553911205073996,-0.06553911205073996,1.9999999999997797
F004_PID000000992,992,2020-10-26T01:08:10.834180608+00:00,109.165819392,-0.06751054852320675,-0.06751054852320675,1.9999999999997797
F004_PID000000992,992,2020-10-26T01:08:10.837841920+00:00,109.16215808,0.04491725768321513,0.04491725768321513,0.9999999999976694
F004_PID000000992,992,2020-10-26T01:08:10.838051584+00:00,109.161948416,0.04245283018867924,0.04245283018867924,0.9999999999976694
F004_PID000000992,992,2020-10-26T01:08:10.838163968+00:00,109.161836032,0.04018912529550828,0.04018912529550828,0.9999999999976694
F004_PID000000992,992,2020-10-26T01:08:10.838209536+00:00,109.161790464,0.035629453681710214,0.035629453681710214,0.9999999999976694
F004_PID000000992,992,2020-10-26T01:08:10.838237184+00:00,109.161762816,0.030732860520094562,0.030732860520094562,0.9999999999976694
F004_PID000000992,992,2020-10-26T01:08:10.838314496+00:00,109.161685504,0.02830188679245283,0.02830188679245283,0.9999999999976694
F004_PID000000992,992,2020-10-26T01:08:10.838436864+00:00,109.161563136,0.01904761904761905,0.01904761904761905,0.9999999999976694
F004_PID000000992,992,2020-10-26T01:08:10.838495232+00:00,109.161504768,0.0166270783847981,0.0166270783847981,0.9999999999976694
F004_PID000000992,992,2020-10-26T01:08:10.838546688+00:00,109.161453312,0.014285714285714285,0.014285714285714285,0.9999999999976694
F004_PID000000992,992,2020-10-26T01:08:10.838592768+00:00,109.161407232,0.011876484560570071,0.011876484560570071,0.9999999999976694
F004_PID000000992,992,2020-10-26T01:08:10.838637824+00:00,109.161362176,0.009523809523809525,0.009523809523809525,0.9999999999976694
F004_PID000000992,992,2020-10-26T01:08:10.838678528+00:00,109.161321472,0.007159904534606206,0.007159904534606206,0.9999999999976694
F004_PID000000992,992,2020-10-26T01:08:10.838725632+00:00,109.161274368,0.009569377990430622,0.009569377990430622,0.9999999999976694
F004_PID000000992,992,2020-10-26T01:08:10.846577664+00:00,109.153422336,0.007159904534606206,0.007159904534606206,0.9999999999976694
F004_PID000000992,992,2020-10-26T01:08:10.846626304+00:00,109.153373696,0.004761904761904762,0.004761904761904762,0.9999999999976694
F004_PID000000992,992,2020-10-26T01:08:10.848884480+00:00,109.15111552,0.007159904534606206,0.007159904534606206,0.9999999999976694
F004_PID000000992,992,2020-10-26T01:08:10.849038080+00:00,109.15096192,0.009569377990430622,0.009569377990430622,0.9999999999976694
F004_PID000000992,992,2020-10-26T01:08:10.974366208+00:00,109.025633792,0.007159904534606206,0.007159904534606206,0.9999999999976694
F004_PID000000992,992,2020-10-26T01:08:11.534082048+00:00,108.465917952,0.004761904761904762,0.004761904761904762,0.9999999999976694
F004_PID000000992,992,2020-10-26T01:08:11.534235904+00:00,108.465764096,0.002386634844868735,0.002386634844868735,0.9999999999976694
F004_PID000000992,992,2020-10-26T01:08:11.534282752+00:00,108.465717248,0.004784688995215311,0.004784688995215311,0.9999999999976694
F004_PID000000992,992,2020-10-26T01:08:11.534428416+00:00,108.465571584,0.002386634844868735,0.002386634844868735,0.9999999999976694
F004_PID000000992,992,2020-10-26T01:08:14.675585024+00:00,105.324414976,0.004784688995215311,0.004784688995215311,0.9999999999976694
F004_PID000000992,992,2020-10-26T01:08:14.675632896+00:00,105.324367104,0.007159904534606206,0.007159904534606206,0.9999999999976694
F004_PID000000992,992,2020-10-26T01:08:14.675682560+00:00,105.32431744,0.009569377990430622,0.009569377990430622,0.9999999999976694
F004_PID000000992,992,2020-10-26T01:08:14.675777280+00:00,105.32422272,0.011933174224343675,0.011933174224343675,0.9999999999976694
F004_PID000000992,992,2020-10-26T01:08:14.675830016+00:00,105.324169984,0.014354066985645933,0.014354066985645933,0.9999999999976694
F004_PID000000992,992,2020-10-26T01:08:16.487151360+00:00,103.51284864,0.011933174224343675,0.011933174224343675,0.9999999999976694
F004_PID000000992,992,2020-10-26T01:08:16.487293696+00:00,103.512706304,0.009569377990430622,0.009569377990430622,0.9999999999976694
F004_PID000000992,992,2020-10-26T01:08:16.487337472+00:00,103.512662528,0.007194244604316547,0.007194244604316547,0.9999999999976694
F004_PID000000992,992,2020-10-26T01:08:16.487483392+00:00,103.512516608,0.004784688995215311,0.004784688995215311,0.9999999999976694
F004_PID000000992,992,2020-10-26T01:08:16.487532544+00:00,103.512467456,0.002386634844868735,0.002386634844868735,0.9999999999976694
F004_PID000000992,992,2020-10-26T01:08:16.487579136+00:00,103.512420864,0.004761904761904762,0.004761904761904762,0.9999999999976694
F004_PID000000992,992,2020-10-26T01:08:16.487674112+00:00,103.512325888,0.002386634844868735,0.002386634844868735,0.9999999999976694
F004_PID000000992,992,2020-10-26T01:08:16.487712256+00:00,103.512287744,0.004784688995215311,0.004784688995215311,0.9999999999976694
F004_PID000000992,992,2020-10-26T01:08:16.487813888+00:00,103.512186112,0.007159904534606206,0.007159904534606206,0.9999999999976694
F004_PID000000992,992,2020-10-26T01:08:17.242824448+00:00,102.757175552,0.009523809523809525,0.009523809523809525,0.9999999999976694
F004_PID000000992,992,2020-10-26T01:08:17.242966016+00:00,102.757033984,0.011933174224343675,0.011933174224343675,0.9999999999976694
F004_PID000000992,992,2020-10-26T01:08:17.243123456+00:00,102.756876544,0.014354066985645933,0.014354066985645933,0.9999999999976694
F004_PID000000992,992,2020-10-26T01:08:18.634999552+00:00,101.365000448,0.016786570743405275,0.016786570743405275,0.9999999999976694
F004_PID000000992,992,2020-10-26T01:08:18.907806208+00:00,101.092193792,0.014423076923076924,0.014423076923076924,0.9999999999976694
F004_PID000000992,992,2020-10-26T01:08:19.743736832+00:00,100.256263168,0.011990407673860911,0.011990407673860911,0.9999999999976694
F004_PID000000992,992,2020-10-26T01:08:19.743878144+00:00,100.256121856,0.009615384615384616,0.009615384615384616,0.9999999999976694
F004_PID000000992,992,2020-10-26T01:08:19.744024064+00:00,100.255975936,0.007194244604316547,0.007194244604316547,0.9999999999976694
F004_PID000000992,992,2020-10-26T01:08:19.744079360+00:00,100.25592064,0.004784688995215311,0.004784688995215311,0.9999999999976694
F004_PID000000992,992,2020-10-26T01:08:19.755572992+00:00,100.244427008,0.002398081534772182,0.002398081534772182,0.9999999999976694
F004_PID000000992,992,2020-10-26T01:08:19.755620864+00:00,100.244379136,0.0,0.0,0.9999999999976694
F004_PID000000992,992,2020-10-26T01:08:20.138776832+00:00,99.861223168,0.002398081534772182,0.002398081534772182,0.9999999999976694
F004_PID000000992,992,2020-10-26T01:08:20.138951168+00:00,99.861048832,0.004784688995215311,0.004784688995215311,0.9999999999976694
F004_PID000000992,992,2020-10-26T01:08:20.138990336+00:00,99.861009664,0.007194244604316547,0.007194244604316547,0.9999999999976694
F004_PID000000992,992,2020-10-26T01:08:20.139145472+00:00,99.860854528,0.009615384615384616,0.009615384615384616,0.9999999999976694
F004_PID000000992,992,2020-10-26T01:08:20.139226112+00:00,99.860773888,0.007194244604316547,0.007194244604316547,0.9999999999976694
F004_PID000000992,992,2020-10-26T01:08:20.139273216+00:00,99.860726784,0.009569377990430622,0.009569377990430622,0.9999999999976694
F004_PID000000992,992,2020-10-26T01:08:20.139365376+00:00,99.860634624,0.007194244604316547,0.007194244604316547,0.9999999999976694
F004_PID000000992,992,2020-10-26T01:08:20.219464704+00:00,99.780535296,0.009615384615384616,0.009615384615384616,0.9999999999976694
F004_PID000000992,992,2020-10-26T01:08:20.219608320+00:00,99.78039168,0.012048192771084338,0.012048192771084338,0.9999999999976694
F004_PID000000992,992,2020-10-26T01:08:20.219655168+00:00,99.780344832,0.014423076923076924,0.014423076923076924,0.9999999999976694
F004_PID000000992,992,2020-10-26T01:08:20.229865472+00:00,99.770134528,0.01932367149758454,0.01932367149758454,0.9999999999976694
F004_PID000000992,992,2020-10-26T01:08:20.250544640+00:00,99.74945536,0.016867469879518072,0.016867469879518072,0.9999999999976694
F004_PID000000992,992,2020-10-26T01:08:20.250710784+00:00,99.749289216,0.014423076923076924,0.014423076923076924,0.9999999999976694
F004_PID000000992,992,2020-10-26T01:08:20.312104192+00:00,99.687895808,0.012048192771084338,0.012048192771084338,0.9999999999976694
F004_PID000000992,992,2020-10-26T01:08:20.624781568+00:00,99.375218432,0.009615384615384616,0.009615384615384616,0.9999999999976694
F004_PID000000992,992,2020-10-26T01:08:20.637865984+00:00,99.362134016,0.011990407673860911,0.011990407673860911,0.9999999999976694
F004_PID000000992,992,2020-10-26T01:08:20.929181440+00:00,99.07081856,0.014354066985645933,0.014354066985645933,0.9999999999976694
F004_PID000000992,992,2020-10-26T01:08:20.929316864+00:00,99.070683136,0.016786570743405275,0.016786570743405275,0.9999999999976694
F004_PID000000992,992,2020-10-26T01:08:20.941254912+00:00,99.058745088,0.019230769230769232,0.019230769230769232,0.9999999999976694
F004_PID000000992,992,2020-10-26T01:08:21.062836992+00:00,98.937163008,0.016786570743405275,0.016786570743405275,0.9999999999976694
F004_PID000000992,992,2020-10-26T01:08:21.063704064+00:00,98.936295936,0.014354066985645933,0.014354066985645933,0.9999999999976694
F004_PID000000992,992,2020-10-26T01:08:21.063837952+00:00,98.936162048,0.011990407673860911,0.011990407673860911,0.9999999999976694
F004_PID000000992,992,2020-10-26T01:08:22.548243200+00:00,97.4517568,0.014354066985645933,0.014354066985645933,0.9999999999976694
F004_PID000000992,992,2020-10-26T01:08:22.548422400+00:00,97.4515776,0.016786570743405275,0.016786570743405275,0.9999999999976694
F004_PID000000992,992,2020-10-26T01:08:23.681402880+00:00,96.31859712,0.014354066985645933,0.014354066985645933,0.9999999999976694
F004_PID000000992,992,2020-10-26T01:08:23.681554432+00:00,96.318445568,0.011933174224343675,0.011933174224343675,0.9999999999976694
F004_PID000000992,992,2020-10-26T01:08:23.681601280+00:00,96.31839872,0.009569377990430622,0.009569377990430622,0.9999999999976694
F004_PID000000992,992,2020-10-26T01:08:23.713832960+00:00,96.28616704,0.011933174224343675,0.011933174224343675,0.9999999999976694
F004_PID000000992,992,2020-10-26T01:08:23.713972224+00:00,96.286027776,0.014354066985645933,0.014354066985645933,0.9999999999976694
F004_PID000000992,992,2020-10-26T01:08:23.714107392+00:00,96.285892608,0.016786570743405275,0.016786570743405275,0.9999999999976694
F004_PID000000992,992,2020-10-26T01:08:24.231285760+00:00,95.76871424,0.014423076923076924,0.014423076923076924,0.9999999999976694
F004_PID000000992,992,2020-10-26T01:08:24.231440640+00:00,95.76855936,0.011990407673860911,0.011990407673860911,0.9999999999976694
F004_PID000000992,992,2020-10-26T01:08:25.023805440+00:00,94.97619456,0.014423076923076924,0.014423076923076924,0.9999999999976694
F004_PID000000992,992,2020-10-26T01:08:27.445789696+00:00,92.554210304,0.016867469879518072,0.016867469879518072,0.9999999999976694
F004_PID000000992,992,2020-10-26T01:08:27.445868032+00:00,92.554131968,0.019230769230769232,0.019230769230769232,0.9999999999976694
F004_PID000000992,992,2020-10-26T01:08:27.445942016+00:00,92.554057984,0.02158273381294964,0.02158273381294964,0.9999999999976694
F004_PID000000992,992,2020-10-26T01:08:27.446004480+00:00,92.55399552,0.02403846153846154,0.02403846153846154,0.9999999999976694
F004_PID000000992,992,2020-10-26T01:08:27.446043648+00:00,92.553956352,0.02650602409638554,0.02650602409638554,0.9999999999976694
F004_PID000000992,992,2020-10-26T01:08:27.446216448+00:00,92.553783552,0.028985507246376812,0.028985507246376812,0.9999999999976694
F004_PID000000992,992,2020-10-26T01:08:27.446395648+00:00,92.553604352,0.03132530120481928,0.03132530120481928,0.9999999999976694
F004_PID000000992,992,2020-10-26T01:08:27.447431680+00:00,92.55256832,0.03132530120481928,0.03132530120481928,0.9999999999976694
F004_PID000000992,992,2020-10-26T01:08:27.447478272+00:00,92.552521728,0.033816425120772944,0.033816425120772944,0.9999999999976694
F004_PID000000992,992,2020-10-26T01:08:27.447538688+00:00,92.552461312,0.0430622009569378,0.0430622009569378,0.9999999999976694
F004_PID000000992,992,2020-10-26T01:08:27.447666688+00:00,92.552333312,0.045346062052505964,0.045346062052505964,0.9999999999976694
F004_PID000000992,992,2020-10-26T01:08:27.448139008+00:00,92.551860992,0.045346062052505964,0.045346062052505964,0.9999999999976694
F004_PID000000992,992,2020-10-26T01:08:27.448178432+00:00,92.551821568,-0.07006369426751592,-0.07006369426751592,1.9999999999997797
F004_PID000000992,992,2020-10-26T01:08:27.449107712+00:00,92.550892288,-0.06553911205073996,-0.06553911205073996,1.9999999999997797
F004_PID000000992,992,2020-10-26T01:08:27.450244352+00:00,92.549755648,-0.20863309352517986,-0.20863309352517986,1.0000000000021103
F004_PID000000992,992,2020-10-26T01:08:27.450309632+00:00,92.549690368,-0.2,-0.2,1.0000000000021103
F004_PID000000992,992,2020-10-26T01:08:27.450651648+00:00,92.549348352,-0.18867924528301888,-0.18867924528301888,1.0000000000021103
F004_PID000000992,992,2020-10-26T01:08:27.450651648+00:00,92.549348352,-0.18309859154929578,-0.18309859154929578,1.0000000000021103
F004_PID000000992,992,2020-10-26T01:08:27.451143680+00:00,92.54885632,-0.18032786885245902,-0.18032786885245902,1.0000000000021103
F004_PID000000992,992,2020-10-26T01:08:27.451215872+00:00,92.548784128,-0.1784037558685446,-0.1784037558685446,1.0000000000021103
F004_PID000000992,992,2020-10-26T01:08:27.451402240+00:00,92.54859776,-0.17452830188679244,-0.17452830188679244,1.0000000000021103
F004_PID000000992,992,2020-10-26T01:08:27.451446784+00:00,92.548553216,-0.1773049645390071,-0.1773049645390071,1.0000000000021103
F004_PID000000992,992,2020-10-26T01:08:27.459827456+00:00,92.540172544,-0.17176470588235293,-0.17176470588235293,1.0000000000021103
F004_PID000000992,992,2020-10-26T01:08:27.459978496+00:00,92.540021504,-0.16901408450704225,-0.16901408450704225,1.0000000000021103
F004_PID000000992,992,2020-10-26T01:08:27.460247040+00:00,92.53975296,-0.17176470588235293,-0.17176470588235293,1.0000000000021103
F004_PID000000992,992,2020-10-26T01:08:27.460654080+00:00,92.53934592,-0.16901408450704225,-0.16901408450704225,1.0000000000021103
F004_PID000000992,992,2020-10-26T01:08:27.462776832+00:00,92.537223168,-0.15311004784688995,-0.15311004784688995,1.0000000000021103
F004_PID000000992,992,2020-10-26T01:08:27.462934528+00:00,92.537065472,-0.15587529976019185,-0.15587529976019185,1.0000000000021103
F004_PID000000992,992,2020-10-26T01:08:27.467596032+00:00,92.532403968,-0.15587529976019185,-0.15587529976019185,1.0000000000021103
F004_PID000000992,992,2020-10-26T01:08:27.468109824+00:00,92.531890176,-0.1614457831325301,-0.1614457831325301,1.0000000000021103
F004_PID000000992,992,2020-10-26T01:08:27.470447872+00:00,92.529552128,-0.15587529976019185,-0.15587529976019185,1.0000000000021103
F004_PID000000992,992,2020-10-26T01:08:27.522513152+00:00,92.477486848,-0.15587529976019185,-0.15587529976019185,1.0000000000021103
F004_PID000000992,992,2020-10-26T01:08:27.522636288+00:00,92.477363712,0.07582938388625593,0.07582938388625593,0.9999999999976694
F004_PID000000992,992,2020-10-26T01:08:27.522747136+00:00,92.477252864,-0.029914529914529916,-0.029914529914529916,1.9999999999997797
F004_PID000000992,992,2020-10-26T01:08:27.522891520+00:00,92.47710848,-0.031982942430703626,-0.031982942430703626,1.9999999999997797
F004_PID000000992,992,2020-10-26T01:08:27.522913536+00:00,92.477086464,0.08872901678657075,0.08872901678657075,0.9999999999976694
F004_PID000000992,992,2020-10-26T01:08:27.523040768+00:00,92.476959232,0.08353221957040573,0.08353221957040573,0.9999999999976694
F004_PID000000992,992,2020-10-26T01:08:27.523154688+00:00,92.476845312,0.07838479809976247,0.07838479809976247,0.9999999999976694
F004_PID000000992,992,2020-10-26T01:08:27.523257856+00:00,92.476742144,0.07838479809976247,0.07838479809976247,0.9999999999976694
F004_PID000000992,992,2020-10-26T01:08:27.523257856+00:00,92.476742144,-0.036093418259023353,-0.036093418259023353,1.9999999999997797
F004_PID000000992,992,2020-10-26T01:08:27.523385856+00:00,92.476614144,-0.03829787234042553,-0.03829787234042553,1.9999999999997797
F004_PID000000992,992,2020-10-26T01:08:27.523439360+00:00,92.47656064,-0.04051172707889126,-0.04051172707889126,1.9999999999997797
F004_PID000000992,992,2020-10-26T01:08:27.524107520+00:00,92.47589248,-0.16467780429594273,-0.16467780429594273,1.0000000000021103
F004_PID000000992,992,2020-10-26T01:08:27.526070016+00:00,92.473929984,-0.04051172707889126,-0.04051172707889126,1.9999999999997797
F004_PID000000992,992,2020-10-26T01:08:27.528400128+00:00,92.471599872,-0.18159806295399517,-0.18159806295399517,1.0000000000021103
F004_PID000000992,992,2020-10-26T01:08:27.528453376+00:00,92.471546624,-0.178743961352657,-0.178743961352657,1.0000000000021103
F004_PID000000992,992,2020-10-26T01:08:27.529208320+00:00,92.47079168,-0.1902439024390244,-0.1902439024390244,1.0000000000021103
F004_PID000000992,992,2020-10-26T01:08:27.529223424+00:00,92.470776576,-0.2019704433497537,-0.2019704433497537,1.0000000000021103
F004_PID000000992,992,2020-10-26T01:08:27.530152704+00:00,92.469847296,-0.2097560975609756,-0.2097560975609756,1.0000000000021103
F004_PID000000992,992,2020-10-26T01:08:27.530970368+00:00,92.469029632,-0.06437768240343347,-0.06437768240343347,1.9999999999997797
F004_PID000000992,992,2020-10-26T01:08:27.533727488+00:00,92.466272512,-0.06437768240343347,-0.06437768240343347,1.9999999999997797
F004_PID000000992,992,2020-10-26T01:08:27.535185152+00:00,92.464814848,-0.06638115631691649,-0.06638115631691649,1.9999999999997797
F004_PID000000992,992,2020-10-26T01:08:27.535745792+00:00,92.464254208,-0.07096774193548387,-0.07096774193548387,1.9999999999997797
F004_PID000000992,992,2020-10-26T01:08:27.538712064+00:00,92.461287936,-0.06896551724137931,-0.06896551724137931,1.9999999999997797
F004_PID000000992,992,2020-10-26T01:08:27.541759744+00:00,92.458240256,-0.07096774193548387,-0.07096774193548387,1.9999999999997797
F004_PID000000992,992,2020-10-26T01:08:27.541900288+00:00,92.458099712,-0.06183368869936034,-0.06183368869936034,1.9999999999997797
F004_PID000000992,992,2020-10-26T01:08:27.542014464+00:00,92.457985536,-0.05982905982905983,-0.05982905982905983,1.9999999999997797
F004_PID000000992,992,2020-10-26T01:08:27.573547776+00:00,92.426452224,-0.05084745762711865,-0.05084745762711865,1.9999999999997797
F004_PID000000992,992,2020-10-26T01:08:27.589370112+00:00,92.410629888,-0.042735042735042736,-0.042735042735042736,1.9999999999997797
F004_PID000000992,992,2020-10-26T01:08:27.593761024+00:00,92.406238976,-0.05084745762711865,-0.05084745762711865,1.9999999999997797
F004_PID000000992,992,2020-10-26T01:08:27.594383616+00:00,92.405616384,-0.030303030303030304,-0.030303030303030304,1.9999999999997797
F004_PID000000992,992,2020-10-26T01:08:27.613731840+00:00,92.38626816,-0.021834061135371178,-0.021834061135371178,1.9999999999997797
F004_PID000000992,992,2020-10-26T01:08:27.633473536+00:00,92.366526464,-0.16417910447761194,-0.16417910447761194,1.0000000000021103
F004_PID000000992,992,2020-10-26T01:08:27.633726464+00:00,92.366273536,-0.15841584158415842,-0.15841584158415842,1.0000000000021103
F004_PID000000992,992,2020-10-26T01:08:27.633806336+00:00,92.366193664,-0.16417910447761194,-0.16417910447761194,1.0000000000021103
F004_PID000000992,992,2020-10-26T01:08:27.648702464+00:00,92.351297536,-0.17587939698492464,-0.17587939698492464,1.0000000000021103
F004_PID000000992,992,2020-10-26T01:08:27.648711424+00:00,92.351288576,-0.18781725888324874,-0.18781725888324874,1.0000000000021103
F004_PID000000992,992,2020-10-26T01:08:27.650319104+00:00,92.349680896,-0.1848101265822785,-0.1848101265822785,1.0000000000021103
F004_PID000000992,992,2020-10-26T01:08:27.653936896+00:00,92.346063104,-0.17884130982367757,-0.17884130982367757,1.0000000000021103
F004_PID000000992,992,2020-10-26T01:08:27.658364928+00:00,92.341635072,-0.16708229426433915,-0.16708229426433915,1.0000000000021103
F004_PID000000992,992,2020-10-26T01:08:27.658384896+00:00,92.341615104,-0.17530864197530865,-0.17530864197530865,1.0000000000021103
F004_PID000000992,992,2020-10-26T01:08:27.658390528+00:00,92.341609472,-0.16381418092909536,-0.16381418092909536,1.0000000000021103
F004_PID000000992,992,2020-10-26T01:08:27.658738944+00:00,92.341261056,-0.16381418092909536,-0.16381418092909536,1.0000000000021103
F004_PID000000992,992,2020-10-26T01:08:27.658758400+00:00,92.3412416,-0.023655913978494623,-0.023655913978494623,1.9999999999997797
F004_PID000000992,992,2020-10-26T01:08:27.658951936+00:00,92.341048064,-0.02586206896551724,-0.02586206896551724,1.9999999999997797
F004_PID000000992,992,2020-10-26T01:08:27.670832384+00:00,92.329167616,-0.030303030303030304,-0.030303030303030304,1.9999999999997797
F004_PID000000992,992,2020-10-26T01:08:27.693800448+00:00,92.306199552,-0.039301310043668124,-0.039301310043668124,1.9999999999997797
F004_PID000000992,992,2020-10-26T01:08:27.693952768+00:00,92.306047232,-0.048458149779735685,-0.048458149779735685,1.9999999999997797
F004_PID000000992,992,2020-10-26T01:08:27.699841536+00:00,92.300158464,-0.05077262693156733,-0.05077262693156733,1.9999999999997797
F004_PID000000992,992,2020-10-26T01:08:27.699983872+00:00,92.300016128,-0.048458149779735685,-0.048458149779735685,1.9999999999997797
F004_PID000000992,992,2020-10-26T01:08:27.708712704+00:00,92.291287296,-0.039301310043668124,-0.039301310043668124,1.9999999999997797
F004_PID000000992,992,2020-10-26T01:08:27.708842752+00:00,92.291157248,-0.030303030303030304,-0.030303030303030304,1.9999999999997797
F004_PID000000992,992,2020-10-26T01:08:27.709167104+00:00,92.290832896,-0.039301310043668124,-0.039301310043668124,1.9999999999997797
F004_PID000000992,992,2020-10-26T01:08:27.709193728+00:00,92.290806272,-0.048458149779735685,-0.048458149779735685,1.9999999999997797
F004_PID000000992,992,2020-10-26T01:08:27.717329408+00:00,92.282670592,-0.039301310043668124,-0.039301310043668124,1.9999999999997797
F004_PID000000992,992,2020-10-26T01:08:27.768700928+00:00,92.231299072,-0.030303030303030304,-0.030303030303030304,1.9999999999997797
F004_PID000000992,992,2020-10-26T01:08:29.243009280+00:00,90.75699072,-0.032397408207343416,-0.032397408207343416,1.9999999999997797
F004_PID000000992,992,2020-10-26T01:08:29.253482496+00:00,90.746517504,0.08737864077669903,0.08737864077669903,0.9999999999976694
F004_PID000000992,992,2020-10-26T01:08:29.253736192+00:00,90.746263808,0.0821256038647343,0.0821256038647343,0.9999999999976694
F004_PID000000992,992,2020-10-26T01:08:29.253788672+00:00,90.746211328,0.07951807228915662,0.07951807228915662,0.9999999999976694
F004_PID000000992,992,2020-10-26T01:08:29.253879040+00:00,90.74612096,0.07692307692307693,0.07692307692307693,0.9999999999976694
F004_PID000000992,992,2020-10-26T01:08:29.253954048+00:00,90.746045952,0.0746987951807229,0.0746987951807229,0.9999999999976694
F004_PID000000992,992,2020-10-26T01:08:29.254047488+00:00,90.745952512,0.07211538461538461,0.07211538461538461,0.9999999999976694
F004_PID000000992,992,2020-10-26T01:08:29.254096128+00:00,90.745903872,0.06310679611650485,0.06310679611650485,0.9999999999976694
F004_PID000000992,992,2020-10-26T01:08:29.254126080+00:00,90.74587392,0.06053268765133172,0.06053268765133172,0.9999999999976694
F004_PID000000992,992,2020-10-26T01:08:29.254194432+00:00,90.745805568,0.057971014492753624,0.057971014492753624,0.9999999999976694
F004_PID000000992,992,2020-10-26T01:08:29.254349824+00:00,90.745650176,0.05339805825242718,0.05339805825242718,0.9999999999976694
F004_PID000000992,992,2020-10-26T01:08:29.254428672+00:00,90.745571328,0.051094890510948905,0.051094890510948905,0.9999999999976694
F004_PID000000992,992,2020-10-26T01:08:29.254801664+00:00,90.745198336,0.04878048780487805,0.04878048780487805,0.9999999999976694
F004_PID000000992,992,2020-10-26T01:08:29.254835712+00:00,90.745164288,0.04645476772616137,0.04645476772616137,0.9999999999976694
F004_PID000000992,992,2020-10-26T01:08:29.262296832+00:00,90.737703168,0.04390243902439024,0.04390243902439024,0.9999999999976694
F004_PID000000992,992,2020-10-26T01:08:29.262630656+00:00,90.737369344,0.04645476772616137,0.04645476772616137,0.9999999999976694
F004_PID000000992,992,2020-10-26T01:08:29.267781376+00:00,90.732218624,0.04645476772616137,0.04645476772616137,0.9999999999976694
F004_PID000000992,992,2020-10-26T01:08:29.269218816+00:00,90.730781184,0.037037037037037035,0.037037037037037035,0.9999999999976694
F004_PID000000992,992,2020-10-26T01:08:29.269363968+00:00,90.730636032,0.034482758620689655,0.034482758620689655,0.9999999999976694
F004_PID000000992,992,2020-10-26T01:08:29.272832256+00:00,90.727167744,0.0297029702970297,0.0297029702970297,0.9999999999976694
F004_PID000000992,992,2020-10-26T01:08:29.303586048+00:00,90.696413952,0.03225806451612903,0.03225806451612903,0.9999999999976694
F004_PID000000992,992,2020-10-26T01:08:29.303739136+00:00,90.696260864,0.034653465346534656,0.034653465346534656,0.9999999999976694
F004_PID000000992,992,2020-10-26T01:08:29.303789312+00:00,90.696210688,0.037037037037037035,0.037037037037037035,0.9999999999976694
F004_PID000000992,992,2020-10-26T01:08:29.323585280+00:00,90.67641472,0.039603960396039604,0.039603960396039604,0.9999999999976694
F004_PID000000992,992,2020-10-26T01:08:29.323747328+00:00,90.676252672,0.04218362282878412,0.04218362282878412,0.9999999999976694
F004_PID000000992,992,2020-10-26T01:08:29.323800576+00:00,90.676199424,0.04477611940298507,0.04477611940298507,0.9999999999976694
F004_PID000000992,992,2020-10-26T01:08:29.323951872+00:00,90.676048128,0.04218362282878412,0.04218362282878412,0.9999999999976694
F004_PID000000992,992,2020-10-26T01:08:29.324140800+00:00,90.6758592,0.039603960396039604,0.039603960396039604,0.9999999999976694
F004_PID000000992,992,2020-10-26T01:08:29.334096384+00:00,90.665903616,0.037037037037037035,0.037037037037037035,0.9999999999976694
F004_PID000000992,992,2020-10-26T01:08:29.334145280+00:00,90.66585472,0.034482758620689655,0.034482758620689655,0.9999999999976694
F004_PID000000992,992,2020-10-26T01:08:29.334257152+00:00,90.665742848,0.03209876543209877,0.03209876543209877,0.9999999999976694
F004_PID000000992,992,2020-10-26T01:08:29.403401984+00:00,90.596598016,0.022004889975550123,0.022004889975550123,0.9999999999976694
F004_PID000000992,992,2020-10-26T01:08:29.403437824+00:00,90.596562176,0.0024937655860349127,0.0024937655860349127,0.9999999999976694
F004_PID000000992,992,2020-10-26T01:08:29.403592192+00:00,90.596407808,0.0,0.0,0.9999999999976694
F004_PID000000992,992,2020-10-26T01:08:29.419492096+00:00,90.580507904,-0.0196078431372549,-0.0196078431372549,0.9999999999976694
F004_PID000000992,992,2020-10-26T01:08:29.448367616+00:00,90.551632384,-0.009900990099009901,-0.009900990099009901,0.9999999999976694
F004_PID000000992,992,2020-10-26T01:08:29.448402944+00:00,90.551597056,0.009708737864077669,0.009708737864077669,0.9999999999976694
F004_PID000000992,992,2020-10-26T01:08:29.448525568+00:00,90.551474432,0.012106537530266344,0.012106537530266344,0.9999999999976694
F004_PID000000992,992,2020-10-26T01:08:29.448574464+00:00,90.551425536,0.016867469879518072,0.016867469879518072,0.9999999999976694
F004_PID000000992,992,2020-10-26T01:08:29.448684800+00:00,90.5513152,0.01932367149758454,0.01932367149758454,0.9999999999976694
F004_PID000000992,992,2020-10-26T01:08:29.448730624+00:00,90.551269376,0.021791767554479417,0.021791767554479417,0.9999999999976694
F004_PID000000992,992,2020-10-26T01:08:29.493720320+00:00,90.50627968,0.024271844660194174,0.024271844660194174,0.9999999999976694
F004_PID000000992,992,2020-10-26T01:08:29.739482880+00:00,90.26051712,0.021791767554479417,0.021791767554479417,0.9999999999976694
F004_PID000000992,992,2020-10-26T01:08:29.739529984+00:00,90.260470016,0.01932367149758454,0.01932367149758454,0.9999999999976694
F004_PID000000992,992,2020-10-26T01:08:29.939528192+00:00,90.060471808,0.021791767554479417,0.021791767554479417,0.9999999999976694
F004_PID000000992,992,2020-10-26T01:08:29.939667712+00:00,90.060332288,0.024271844660194174,0.024271844660194174,0.9999999999976694
F004_PID000000992,992,2020-10-26T01:08:30.017940736+00:00,89.982059264,0.026634382566585957,0.026634382566585957,0.9999999999976694
F004_PID000000992,992,2020-10-26T01:08:30.018102272+00:00,89.981897728,0.02912621359223301,0.02912621359223301,0.9999999999976694
F004_PID000000992,992,2020-10-26T01:08:30.018156288+00:00,89.981843712,0.031630170316301706,0.031630170316301706,0.9999999999976694
F004_PID000000992,992,2020-10-26T01:08:30.018203392+00:00,89.981796608,0.02926829268292683,0.02926829268292683,0.9999999999976694
F004_PID000000992,992,2020-10-26T01:08:30.018356224+00:00,89.981643776,0.0267639902676399,0.0267639902676399,0.9999999999976694
F004_PID000000992,992,2020-10-26T01:08:30.018409472+00:00,89.981590528,0.024271844660194174,0.024271844660194174,0.9999999999976694
F004_PID000000992,992,2020-10-26T01:08:30.676113152+00:00,89.323886848,0.021791767554479417,0.021791767554479417,0.9999999999976694
F004_PID000000992,992,2020-10-26T01:08:30.684486400+00:00,89.3155136,0.01932367149758454,0.01932367149758454,0.9999999999976694
F004_PID000000992,992,2020-10-26T01:08:31.166693632+00:00,88.833306368,0.021791767554479417,0.021791767554479417,0.9999999999976694
F004_PID000000992,992,2020-10-26T01:08:31.167661824+00:00,88.832338176,0.024271844660194174,0.024271844660194174,0.9999999999976694
F004_PID000000992,992,2020-10-26T01:08:31.393723904+00:00,88.606276096,0.02926829268292683,0.02926829268292683,0.9999999999976694
F004_PID000000992,992,2020-10-26T01:08:31.393864448+00:00,88.606135552,0.03178484107579462,0.03178484107579462,0.9999999999976694
F004_PID000000992,992,2020-10-26T01:08:31.394021376+00:00,88.605978624,0.02926829268292683,0.02926829268292683,0.9999999999976694
F004_PID000000992,992,2020-10-26T01:08:31.394192896+00:00,88.605807104,0.0267639902676399,0.0267639902676399,0.9999999999976694
F004_PID000000992,992,2020-10-26T01:08:31.525154560+00:00,88.47484544,0.024271844660194174,0.024271844660194174,0.9999999999976694
F004_PID000000992,992,2020-10-26T01:08:31.563643904+00:00,88.436356096,0.021791767554479417,0.021791767554479417,0.9999999999976694
F004_PID000000992,992,2020-10-26T01:08:31.998854912+00:00,88.001145088,0.024271844660194174,0.024271844660194174,0.9999999999976694
F004_PID000000992,992,2020-10-26T01:08:32.007386368+00:00,87.992613632,0.0267639902676399,0.0267639902676399,0.9999999999976694
F004_PID000000992,992,2020-10-26T01:08:32.305336832+00:00,87.694663168,0.02926829268292683,0.02926829268292683,0.9999999999976694
F004_PID000000992,992,2020-10-26T01:08:32.316033280+00:00,87.68396672,0.03178484107579462,0.03178484107579462,0.9999999999976694
F004_PID000000992,992,2020-10-26T01:08:32.671352064+00:00,87.328647936,0.05236907730673317,0.05236907730673317,0.9999999999976694
F004_PID000000992,992,2020-10-26T01:08:32.779643136+00:00,87.220356864,0.04975124378109453,0.04975124378109453,0.9999999999976694
F004_PID000000992,992,2020-10-26T01:08:32.779794176+00:00,87.220205824,0.04714640198511166,0.04714640198511166,0.9999999999976694
F004_PID000000992,992,2020-10-26T01:08:32.900824576+00:00,87.099175424,0.04455445544554455,0.04455445544554455,0.9999999999976694
F004_PID000000992,992,2020-10-26T01:08:33.533102336+00:00,86.466897664,0.04197530864197531,0.04197530864197531,0.9999999999976694
F004_PID000000992,992,2020-10-26T01:08:34.952489216+00:00,85.047510784,0.04455445544554455,0.04455445544554455,0.9999999999976694
F004_PID000000992,992,2020-10-26T01:08:34.962168576+00:00,85.037831424,0.04197530864197531,0.04197530864197531,0.9999999999976694
F004_PID000000992,992,2020-10-26T01:08:35.481601024+00:00,84.518398976,0.04455445544554455,0.04455445544554455,0.9999999999976694
F004_PID000000992,992,2020-10-26T01:08:35.482184960+00:00,84.51781504,0.04714640198511166,0.04714640198511166,0.9999999999976694
F004_PID000000992,992,2020-10-26T01:08:36.734536704+00:00,83.265463296,0.04975124378109453,0.04975124378109453,0.9999999999976694
F004_PID000000992,992,2020-10-26T01:08:36.734588416+00:00,83.265411584,0.052109181141439205,0.052109181141439205,0.9999999999976694
F004_PID000000992,992,2020-10-26T01:08:36.891928576+00:00,83.108071424,0.04950495049504951,0.04950495049504951,0.9999999999976694
F004_PID000000992,992,2020-10-26T01:08:36.892081664+00:00,83.107918336,0.04691358024691358,0.04691358024691358,0.9999999999976694
F004_PID000000992,992,2020-10-26T01:08:36.892129536+00:00,83.107870464,0.04455445544554455,0.04455445544554455,0.9999999999976694
F004_PID000000992,992,2020-10-26T01:08:36.892272896+00:00,83.107727104,0.04197530864197531,0.04197530864197531,0.9999999999976694
F004_PID000000992,992,2020-10-26T01:08:36.934035968+00:00,83.065964032,0.03722084367245657,0.03722084367245657,0.9999999999976694
F004_PID000000992,992,2020-10-26T01:08:37.431431424+00:00,82.568568576,0.03980099502487562,0.03980099502487562,0.9999999999976694
F004_PID000000992,992,2020-10-26T01:08:37.673287168+00:00,82.326712832,0.01951219512195122,0.01951219512195122,0.9999999999976694
F004_PID000000992,992,2020-10-26T01:08:39.166979584+00:00,80.833020416,0.022004889975550123,0.022004889975550123,0.9999999999976694
F004_PID000000992,992,2020-10-26T01:08:39.167150080+00:00,80.83284992,0.024509803921568627,0.024509803921568627,0.9999999999976694
F004_PID000000992,992,2020-10-26T01:08:39.167201024+00:00,80.832798976,0.02689486552567237,0.02689486552567237,0.9999999999976694
F004_PID000000992,992,2020-10-26T01:08:39.167315456+00:00,80.832684544,0.031630170316301706,0.031630170316301706,0.9999999999976694
F004_PID000000992,992,2020-10-26T01:08:39.242677504+00:00,80.757322496,0.03414634146341464,0.03414634146341464,0.9999999999976694
F004_PID000000992,992,2020-10-26T01:08:39.242733312+00:00,80.757266688,0.03667481662591687,0.03667481662591687,0.9999999999976694
F004_PID000000992,992,2020-10-26T01:08:39.244563200+00:00,80.7554368,0.03414634146341464,0.03414634146341464,0.9999999999976694
F004_PID000000992,992,2020-10-26T01:08:39.244720640+00:00,80.75527936,0.031630170316301706,0.031630170316301706,0.9999999999976694
F004_PID000000992,992,2020-10-26T01:08:39.244863744+00:00,80.755136256,0.02912621359223301,0.02912621359223301,0.9999999999976694
F004_PID000000992,992,2020-10-26T01:08:39.503111680+00:00,80.49688832,0.026634382566585957,0.026634382566585957,0.9999999999976694
F004_PID000000992,992,2020-10-26T01:08:39.503267584+00:00,80.496732416,0.02912621359223301,0.02912621359223301,0.9999999999976694
F004_PID000000992,992,2020-10-26T01:08:39.503315456+00:00,80.496684544,0.0267639902676399,0.0267639902676399,0.9999999999976694
F004_PID000000992,992,2020-10-26T01:08:39.503409920+00:00,80.49659008,0.02926829268292683,0.02926829268292683,0.9999999999976694
F004_PID000000992,992,2020-10-26T01:08:39.503515136+00:00,80.496484864,0.0267639902676399,0.0267639902676399,0.9999999999976694
F004_PID000000992,992,2020-10-26T01:08:39.503566592+00:00,80.496433408,0.024271844660194174,0.024271844660194174,0.9999999999976694
F004_PID000000992,992,2020-10-26T01:08:39.503616512+00:00,80.496383488,0.021791767554479417,0.021791767554479417,0.9999999999976694
F004_PID000000992,992,2020-10-26T01:08:40.139119360+00:00,79.86088064,0.024271844660194174,0.024271844660194174,0.9999999999976694
F004_PID000000992,992,2020-10-26T01:08:40.538848256+00:00,79.461151744,0.0267639902676399,0.0267639902676399,0.9999999999976694
F004_PID000000992,992,2020-10-26T01:08:40.538990080+00:00,79.46100992,0.02926829268292683,0.02926829268292683,0.9999999999976694
F004_PID000000992,992,2020-10-26T01:08:40.539128320+00:00,79.46087168,0.03178484107579462,0.03178484107579462,0.9999999999976694
F004_PID000000992,992,2020-10-26T01:08:40.539175168+00:00,79.460824832,0.03414634146341464,0.03414634146341464,0.9999999999976694
F004_PID000000992,992,2020-10-26T01:08:40.539280384+00:00,79.460719616,0.031630170316301706,0.031630170316301706,0.9999999999976694
F004_PID000000992,992,2020-10-26T01:08:40.547652352+00:00,79.452347648,0.03414634146341464,0.03414634146341464,0.9999999999976694
F004_PID000000992,992,2020-10-26T01:08:40.547789312+00:00,79.452210688,0.0364963503649635,0.0364963503649635,0.9999999999976694
F004_PID000000992,992,2020-10-26T01:08:40.547800832+00:00,79.452199168,0.038834951456310676,0.038834951456310676,0.9999999999976694
F004_PID000000992,992,2020-10-26T01:08:40.549412096+00:00,79.450587904,0.0413625304136253,0.0413625304136253,0.9999999999976694
F004_PID000000992,992,2020-10-26T01:08:40.552798720+00:00,79.44720128,0.043689320388349516,0.043689320388349516,0.9999999999976694
F004_PID000000992,992,2020-10-26T01:08:40.552956160+00:00,79.44704384,0.04878048780487805,0.04878048780487805,0.9999999999976694
F004_PID000000992,992,2020-10-26T01:08:40.553045248+00:00,79.446954752,-0.06926406926406926,-0.06926406926406926,1.9999999999997797
F004_PID000000992,992,2020-10-26T01:08:40.553174272+00:00,79.446825728,-0.06695464362850972,-0.06695464362850972,1.9999999999997797
F004_PID000000992,992,2020-10-26T01:08:40.553212160+00:00,79.44678784,-0.06493506493506493,-0.06493506493506493,1.9999999999997797
F004_PID000000992,992,2020-10-26T01:08:40.553228544+00:00,79.446771456,-0.055793991416309016,-0.055793991416309016,1.9999999999997797
F004_PID000000992,992,2020-10-26T01:08:40.553257984+00:00,79.446742016,-0.05353319057815846,-0.05353319057815846,1.9999999999997797
F004_PID000000992,992,2020-10-26T01:08:40.553442048+00:00,79.446557952,-0.05128205128205128,-0.05128205128205128,1.9999999999997797
F004_PID000000992,992,2020-10-26T01:08:40.553492736+00:00,79.446507264,-0.04904051172707889,-0.04904051172707889,1.9999999999997797
F004_PID000000992,992,2020-10-26T01:08:40.555576064+00:00,79.444423936,-0.1855421686746988,-0.1855421686746988,1.0000000000021103
F004_PID000000992,992,2020-10-26T01:08:40.555794432+00:00,79.444205568,-0.17985611510791366,-0.17985611510791366,1.0000000000021103
F004_PID000000992,992,2020-10-26T01:08:40.555911680+00:00,79.44408832,-0.16864608076009502,-0.16864608076009502,1.0000000000021103
F004_PID000000992,992,2020-10-26T01:08:40.567960832+00:00,79.432039168,-0.15254237288135594,-0.15254237288135594,1.0000000000021103
F004_PID000000992,992,2020-10-26T01:08:40.571827200+00:00,79.4281728,-0.15254237288135594,-0.15254237288135594,1.0000000000021103
F004_PID000000992,992,2020-10-26T01:08:40.576325888+00:00,79.423674112,-0.14698795180722893,-0.14698795180722893,1.0000000000021103
F004_PID000000992,992,2020-10-26T01:08:40.640855296+00:00,79.359144704,-0.15254237288135594,-0.15254237288135594,1.0000000000021103
F004_PID000000992,992,2020-10-26T01:08:40.653156096+00:00,79.346843904,-0.15254237288135594,-0.15254237288135594,1.0000000000021103
F004_PID000000992,992,2020-10-26T01:08:40.653193472+00:00,79.346806528,-0.1553398058252427,-0.1553398058252427,1.0000000000021103
F004_PID000000992,992,2020-10-26T01:08:40.653515520+00:00,79.34648448,-0.1553398058252427,-0.1553398058252427,1.0000000000021103
F004_PID000000992,992,2020-10-26T01:08:40.653523712+00:00,79.346476288,-0.019271948608137045,-0.019271948608137045,1.9999999999997797
F004_PID000000992,992,2020-10-26T01:08:40.653757184+00:00,79.346242816,0.10361445783132531,0.10361445783132531,0.9999999999976694
F004_PID000000992,992,2020-10-26T01:08:40.653819648+00:00,79.346180352,0.09832134292565947,0.09832134292565947,0.9999999999976694
F004_PID000000992,992,2020-10-26T01:08:40.654113280+00:00,79.34588672,0.09569377990430622,0.09569377990430622,0.9999999999976694
F004_PID000000992,992,2020-10-26T01:08:40.654172672+00:00,79.345827328,0.09352517985611511,0.09352517985611511,0.9999999999976694
F004_PID000000992,992,2020-10-26T01:08:40.654381824+00:00,79.345618176,0.09615384615384616,0.09615384615384616,0.9999999999976694
F004_PID000000992,992,2020-10-26T01:08:40.654435584+00:00,79.345564416,0.09397590361445783,0.09397590361445783,0.9999999999976694
F004_PID000000992,992,2020-10-26T01:08:40.665184512+00:00,79.334815488,0.09927360774818401,0.09927360774818401,0.9999999999976694
F004_PID000000992,992,2020-10-26T01:08:40.666414336+00:00,79.333585664,0.0948905109489051,0.0948905109489051,0.9999999999976694
F004_PID000000992,992,2020-10-26T01:08:40.666587648+00:00,79.333412352,0.09223300970873786,0.09223300970873786,0.9999999999976694
F004_PID000000992,992,2020-10-26T01:08:40.669202176+00:00,79.330797824,0.08958837772397095,0.08958837772397095,0.9999999999976694
F004_PID000000992,992,2020-10-26T01:08:40.669246976+00:00,79.330753024,0.08068459657701711,0.08068459657701711,0.9999999999976694
F004_PID000000992,992,2020-10-26T01:08:40.669276672+00:00,79.330723328,0.07160493827160494,0.07160493827160494,0.9999999999976694
F004_PID000000992,992,2020-10-26T01:08:40.669389568+00:00,79.330610432,0.06633906633906633,0.06633906633906633,0.9999999999976694
F004_PID000000992,992,2020-10-26T01:08:40.669435392+00:00,79.330564608,0.06403940886699508,0.06403940886699508,0.9999999999976694
F004_PID000000992,992,2020-10-26T01:08:40.669479168+00:00,79.330520832,0.06172839506172839,0.06172839506172839,0.9999999999976694
F004_PID000000992,992,2020-10-26T01:08:40.669521152+00:00,79.330478848,0.0594059405940594,0.0594059405940594,0.9999999999976694
F004_PID000000992,992,2020-10-26T01:08:40.671802112+00:00,79.328197888,0.0594059405940594,0.0594059405940594,0.9999999999976694
F004_PID000000992,992,2020-10-26T01:08:40.678421248+00:00,79.321578752,0.06862745098039216,0.06862745098039216,0.9999999999976694
F004_PID000000992,992,2020-10-26T01:08:40.678454784+00:00,79.321545216,0.07766990291262135,0.07766990291262135,0.9999999999976694
F004_PID000000992,992,2020-10-26T01:08:40.678592256+00:00,79.321407744,0.08292682926829269,0.08292682926829269,0.9999999999976694
F004_PID000000992,992,2020-10-26T01:08:40.678722304+00:00,79.321277696,0.08557457212713937,0.08557457212713937,0.9999999999976694
F004_PID000000992,992,2020-10-26T01:08:40.691645952+00:00,79.308354048,0.08823529411764706,0.08823529411764706,0.9999999999976694
F004_PID000000992,992,2020-10-26T01:08:40.691707904+00:00,79.308292096,0.08557457212713937,0.08557457212713937,0.9999999999976694
F004_PID000000992,992,2020-10-26T01:08:40.691859456+00:00,79.308140544,0.08292682926829269,0.08292682926829269,0.9999999999976694
F004_PID000000992,992,2020-10-26T01:08:40.694203904+00:00,79.305796096,0.08557457212713937,0.08557457212713937,0.9999999999976694
F004_PID000000992,992,2020-10-26T01:08:40.694247680+00:00,79.30575232,0.08780487804878048,0.08780487804878048,0.9999999999976694
F004_PID000000992,992,2020-10-26T01:08:40.694404864+00:00,79.305595136,0.09046454767726161,0.09046454767726161,0.9999999999976694
F004_PID000000992,992,2020-10-26T01:08:40.739339008+00:00,79.260660992,0.08780487804878048,0.08780487804878048,0.9999999999976694
F004_PID000000992,992,2020-10-26T01:08:40.739778560+00:00,79.26022144,0.08557457212713937,0.08557457212713937,0.9999999999976694
F004_PID000000992,992,2020-10-26T01:08:40.739846400+00:00,79.2601536,0.08292682926829269,0.08292682926829269,0.9999999999976694
F004_PID000000992,992,2020-10-26T01:08:40.753652224+00:00,79.246347776,0.08292682926829269,0.08292682926829269,0.9999999999976694
F004_PID000000992,992,2020-10-26T01:08:40.779745792+00:00,79.220254208,0.07766990291262135,0.07766990291262135,0.9999999999976694
F004_PID000000992,992,2020-10-26T01:08:40.823737600+00:00,79.1762624,0.07506053268765134,0.07506053268765134,0.9999999999976694
F004_PID000000992,992,2020-10-26T01:08:40.829697792+00:00,79.170302208,0.07766990291262135,0.07766990291262135,0.9999999999976694
F004_PID000000992,992,2020-10-26T01:08:40.836288+00:00,79.163712,0.07766990291262135,0.07766990291262135,0.9999999999976694
F004_PID000000992,992,2020-10-26T01:08:40.948716032+00:00,79.051283968,0.07506053268765134,0.07506053268765134,0.9999999999976694
F004_PID000000992,992,2020-10-26T01:08:42.086893568+00:00,77.913106432,0.06601466992665037,0.06601466992665037,0.9999999999976694
F004_PID000000992,992,2020-10-26T01:08:42.086932224+00:00,77.913067776,0.056790123456790124,0.056790123456790124,0.9999999999976694
F004_PID000000992,992,2020-10-26T01:08:42.087054592+00:00,77.912945408,0.051597051597051594,0.051597051597051594,0.9999999999976694
F004_PID000000992,992,2020-10-26T01:08:42.087200768+00:00,77.912799232,0.04926108374384237,0.04926108374384237,0.9999999999976694
F004_PID000000992,992,2020-10-26T01:08:42.087350016+00:00,77.912649984,0.051597051597051594,0.051597051597051594,0.9999999999976694
F004_PID000000992,992,2020-10-26T01:08:42.100577792+00:00,77.899422208,0.03132530120481928,0.03132530120481928,0.9999999999976694
F004_PID000000992,992,2020-10-26T01:08:42.123712+00:00,77.876288,0.03597122302158273,0.03597122302158273,0.9999999999976694
F004_PID000000992,992,2020-10-26T01:08:42.156669184+00:00,77.843330816,0.03365384615384615,0.03365384615384615,0.9999999999976694
F004_PID000000992,992,2020-10-26T01:08:42.235837952+00:00,77.764162048,0.03117505995203837,0.03117505995203837,0.9999999999976694
F004_PID000000992,992,2020-10-26T01:08:42.236052480+00:00,77.76394752,0.02650602409638554,0.02650602409638554,0.9999999999976694
F004_PID000000992,992,2020-10-26T01:08:42.236114176+00:00,77.763885824,0.02650602409638554,0.02650602409638554,0.9999999999976694
F004_PID000000992,992,2020-10-26T01:08:42.236114176+00:00,77.763885824,0.024154589371980676,0.024154589371980676,0.9999999999976694
F004_PID000000992,992,2020-10-26T01:08:42.393039872+00:00,77.606960128,0.026634382566585957,0.026634382566585957,0.9999999999976694
F004_PID000000992,992,2020-10-26T01:08:42.662543104+00:00,77.337456896,0.024154589371980676,0.024154589371980676,0.9999999999976694
F004_PID000000992,992,2020-10-26T01:08:43.038822144+00:00,76.961177856,0.026634382566585957,0.026634382566585957,0.9999999999976694
F004_PID000000992,992,2020-10-26T01:08:43.650953472+00:00,76.349046528,0.024154589371980676,0.024154589371980676,0.9999999999976694
F004_PID000000992,992,2020-10-26T01:08:43.651110144+00:00,76.348889856,0.021686746987951807,0.021686746987951807,0.9999999999976694
F004_PID000000992,992,2020-10-26T01:08:43.685112064+00:00,76.314887936,0.024154589371980676,0.024154589371980676,0.9999999999976694
F004_PID000000992,992,2020-10-26T01:08:43.739198720+00:00,76.26080128,0.026634382566585957,0.026634382566585957,0.9999999999976694
F004_PID000000992,992,2020-10-26T01:08:44.417278976+00:00,75.582721024,0.011933174224343675,0.011933174224343675,0.9999999999976694
F004_PID000000992,992,2020-10-26T01:08:44.417597440+00:00,75.58240256,0.009569377990430622,0.009569377990430622,0.9999999999976694
F004_PID000000992,992,2020-10-26T01:08:44.644119552+00:00,75.355880448,0.011933174224343675,0.011933174224343675,0.9999999999976694
F004_PID000000992,992,2020-10-26T01:08:44.776816128+00:00,75.223183872,0.009523809523809525,0.009523809523809525,0.9999999999976694
F004_PID000000992,992,2020-10-26T01:08:49.621433856+00:00,70.378566144,0.011876484560570071,0.011876484560570071,0.9999999999976694
F004_PID000000992,992,2020-10-26T01:08:49.622662912+00:00,70.377337088,0.009523809523809525,0.009523809523809525,0.9999999999976694
F004_PID000000992,992,2020-10-26T01:08:49.623267072+00:00,70.376732928,0.009523809523809525,0.009523809523809525,0.9999999999976694
F004_PID000000992,992,2020-10-26T01:08:49.623285760+00:00,70.37671424,0.1457905544147844,0.1457905544147844,1.9999999999997797
F004_PID000000992,992,2020-10-26T01:08:49.623416832+00:00,70.376583168,0.14344262295081966,0.14344262295081966,1.9999999999997797
F004_PID000000992,992,2020-10-26T01:08:49.623447296+00:00,70.376552704,0.1411042944785276,0.1411042944785276,1.9999999999997797
F004_PID000000992,992,2020-10-26T01:08:49.623481856+00:00,70.376518144,0.13877551020408163,0.13877551020408163,1.9999999999997797
F004_PID000000992,992,2020-10-26T01:08:49.623572736+00:00,70.376427264,0.2768878718535469,0.2768878718535469,1.0000000000021103
F004_PID000000992,992,2020-10-26T01:08:49.624090112+00:00,70.375909888,0.2702078521939954,0.2702078521939954,1.0000000000021103
F004_PID000000992,992,2020-10-26T01:08:49.624146432+00:00,70.375853568,0.2672811059907834,0.2672811059907834,1.0000000000021103
F004_PID000000992,992,2020-10-26T01:08:49.624170240+00:00,70.37582976,0.26436781609195403,0.26436781609195403,1.0000000000021103
F004_PID000000992,992,2020-10-26T01:08:49.624210944+00:00,70.375789056,0.2528473804100228,0.2528473804100228,1.0000000000021103
F004_PID000000992,992,2020-10-26T01:08:49.624258048+00:00,70.375741952,0.24423963133640553,0.24423963133640553,1.0000000000021103
F004_PID000000992,992,2020-10-26T01:08:49.624258048+00:00,70.375741952,0.23853211009174313,0.23853211009174313,1.0000000000021103
F004_PID000000992,992,2020-10-26T01:08:49.624306176+00:00,70.375693824,0.22727272727272727,0.22727272727272727,1.0000000000021103
F004_PID000000992,992,2020-10-26T01:08:49.624441344+00:00,70.375558656,0.21621621621621623,0.21621621621621623,1.0000000000021103
F004_PID000000992,992,2020-10-26T01:08:49.624463872+00:00,70.375536128,0.2080536912751678,0.2080536912751678,1.0000000000021103
F004_PID000000992,992,2020-10-26T01:08:49.624491776+00:00,70.375508224,0.2080536912751678,0.2080536912751678,1.0000000000021103
F004_PID000000992,992,2020-10-26T01:08:49.624529664+00:00,70.375470336,0.21076233183856502,0.21076233183856502,1.0000000000021103
F004_PID000000992,992,2020-10-26T01:08:49.624590848+00:00,70.375409152,0.1973392461197339,0.1973392461197339,1.0000000000021103
F004_PID000000992,992,2020-10-26T01:08:49.624655360+00:00,70.37534464,0.19469026548672566,0.19469026548672566,1.0000000000021103
F004_PID000000992,992,2020-10-26T01:08:49.624807424+00:00,70.375192576,0.20535714285714285,0.20535714285714285,1.0000000000021103
F004_PID000000992,992,2020-10-26T01:08:49.625228800+00:00,70.3747712,0.20535714285714285,0.20535714285714285,1.0000000000021103
F004_PID000000992,992,2020-10-26T01:08:49.631696128+00:00,70.368303872,0.19090909090909092,0.19090909090909092,1.0000000000021103
F004_PID000000992,992,2020-10-26T01:08:49.632174592+00:00,70.367825408,0.18018018018018017,0.18018018018018017,1.0000000000021103
F004_PID000000992,992,2020-10-26T01:08:49.632363520+00:00,70.36763648,0.17752808988764046,0.17752808988764046,1.0000000000021103
F004_PID000000992,992,2020-10-26T01:08:49.632411904+00:00,70.367588096,0.17194570135746606,0.17194570135746606,1.0000000000021103
F004_PID000000992,992,2020-10-26T01:08:49.633008896+00:00,70.366991104,0.1511111111111111,0.1511111111111111,1.0000000000021103
F004_PID000000992,992,2020-10-26T01:08:49.633114368+00:00,70.366885632,0.14855875831485588,0.14855875831485588,1.0000000000021103
F004_PID000000992,992,2020-10-26T01:08:49.633996800+00:00,70.3660032,0.1511111111111111,0.1511111111111111,1.0000000000021103
F004_PID000000992,992,2020-10-26T01:08:49.635906560+00:00,70.36409344,0.1511111111111111,0.1511111111111111,1.0000000000021103
F004_PID000000992,992,2020-10-26T01:08:49.642964224+00:00,70.357035776,0.16593886462882096,0.16593886462882096,1.0000000000021103
F004_PID000000992,992,2020-10-26T01:08:49.643303168+00:00,70.356696832,0.16593886462882096,0.16593886462882096,1.0000000000021103
F004_PID000000992,992,2020-10-26T01:08:49.643314944+00:00,70.356685056,0.047058823529411764,0.047058823529411764,1.9999999999997797
F004_PID000000992,992,2020-10-26T01:08:49.643558912+00:00,70.356441088,0.04911591355599214,0.04911591355599214,1.9999999999997797
F004_PID000000992,992,2020-10-26T01:08:49.643578624+00:00,70.356421376,0.050980392156862744,0.050980392156862744,1.9999999999997797
F004_PID000000992,992,2020-10-26T01:08:49.643587840+00:00,70.35641216,0.05719921104536489,0.05719921104536489,1.9999999999997797
F004_PID000000992,992,2020-10-26T01:08:49.643676672+00:00,70.356323328,0.17286652078774617,0.17286652078774617,1.0000000000021103
F004_PID000000992,992,2020-10-26T01:08:49.643904512+00:00,70.356095488,0.17286652078774617,0.17286652078774617,1.0000000000021103
F004_PID000000992,992,2020-10-26T01:08:49.643919104+00:00,70.356080896,0.17802197802197803,0.17802197802197803,1.0000000000021103
F004_PID000000992,992,2020-10-26T01:08:49.644008704+00:00,70.355991296,0.1703056768558952,0.1703056768558952,1.0000000000021103
F004_PID000000992,992,2020-10-26T01:08:49.644289280+00:00,70.35571072,0.16666666666666666,0.16666666666666666,1.0000000000021103
F004_PID000000992,992,2020-10-26T01:08:49.663918848+00:00,70.336081152,0.1615720524017467,0.1615720524017467,1.0000000000021103
F004_PID000000992,992,2020-10-26T01:08:49.672557568+00:00,70.327442432,0.15904139433551198,0.15904139433551198,1.0000000000021103
F004_PID000000992,992,2020-10-26T01:08:49.693811712+00:00,70.306188288,0.14412416851441243,0.14412416851441243,1.0000000000021103
F004_PID000000992,992,2020-10-26T01:08:49.711256064+00:00,70.288743936,0.1193058568329718,0.1193058568329718,1.0000000000021103
F004_PID000000992,992,2020-10-26T01:08:49.713149440+00:00,70.28685056,0.1193058568329718,0.1193058568329718,1.0000000000021103
F004_PID000000992,992,2020-10-26T01:08:49.744401664+00:00,70.255598336,0.10967741935483871,0.10967741935483871,1.0000000000021103
F004_PID000000992,992,2020-10-26T01:08:49.799740672+00:00,70.200259328,0.10492505353319058,0.10492505353319058,1.0000000000021103
F004_PID000000992,992,2020-10-26T01:08:49.799788544+00:00,70.200211456,0.08533916849015317,0.08533916849015317,1.0000000000021103
F004_PID000000992,992,2020-10-26T01:08:49.959579392+00:00,70.040420608,0.08333333333333333,0.08333333333333333,1.0000000000021103
F004_PID000000992,992,2020-10-26T01:08:49.959602176+00:00,70.040397824,0.08131868131868132,0.08131868131868132,1.0000000000021103
F004_PID000000992,992,2020-10-26T01:08:49.959734016+00:00,70.040265984,0.07894736842105263,0.07894736842105263,1.0000000000021103
F004_PID000000992,992,2020-10-26T01:08:49.959786496+00:00,70.040213504,0.07692307692307693,0.07692307692307693,1.0000000000021103
F004_PID000000992,992,2020-10-26T01:08:49.959856128+00:00,70.040143872,0.07929515418502203,0.07929515418502203,1.0000000000021103
F004_PID000000992,992,2020-10-26T01:08:49.959939072+00:00,70.040060928,0.07692307692307693,0.07692307692307693,1.0000000000021103
F004_PID000000992,992,2020-10-26T01:08:49.960149760+00:00,70.03985024,0.07929515418502203,0.07929515418502203,1.0000000000021103
F004_PID000000992,992,2020-10-26T01:08:50.403369216+00:00,69.596630784,0.07111111111111111,0.07111111111111111,1.0000000000021103
F004_PID000000992,992,2020-10-26T01:08:50.403397376+00:00,69.596602624,0.06278026905829596,0.06278026905829596,1.0000000000021103
F004_PID000000992,992,2020-10-26T01:08:50.403561984+00:00,69.596438016,0.05803571428571429,0.05803571428571429,1.0000000000021103
F004_PID000000992,992,2020-10-26T01:08:50.403652096+00:00,69.596347904,0.053811659192825115,0.053811659192825115,1.0000000000021103
F004_PID000000992,992,2020-10-26T01:08:50.403718144+00:00,69.596281856,0.05145413870246085,0.05145413870246085,1.0000000000021103
F004_PID000000992,992,2020-10-26T01:08:50.403766784+00:00,69.596233216,0.049107142857142856,0.049107142857142856,1.0000000000021103
F004_PID000000992,992,2020-10-26T01:08:50.403885568+00:00,69.596114432,0.05145413870246085,0.05145413870246085,1.0000000000021103
F004_PID000000992,992,2020-10-26T01:08:50.403927040+00:00,69.59607296,0.04932735426008968,0.04932735426008968,1.0000000000021103
F004_PID000000992,992,2020-10-26T01:08:50.404020480+00:00,69.59597952,0.051685393258426963,0.051685393258426963,1.0000000000021103
F004_PID000000992,992,2020-10-26T01:08:50.404114944+00:00,69.595885056,0.04932735426008968,0.04932735426008968,1.0000000000021103
F004_PID000000992,992,2020-10-26T01:08:50.404249600+00:00,69.5957504,0.04697986577181208,0.04697986577181208,1.0000000000021103
F004_PID000000992,992,2020-10-26T01:08:50.416487680+00:00,69.58351232,0.04269662921348315,0.04269662921348315,1.0000000000021103
F004_PID000000992,992,2020-10-26T01:08:50.416677120+00:00,69.58332288,0.024282560706401765,0.024282560706401765,1.0000000000021103
F004_PID000000992,992,2020-10-26T01:08:50.416810752+00:00,69.583189248,0.022123893805309734,0.022123893805309734,1.0000000000021103
F004_PID000000992,992,2020-10-26T01:08:50.416854272+00:00,69.583145728,0.019955654101995565,0.019955654101995565,1.0000000000021103
F004_PID000000992,992,2020-10-26T01:08:50.416898304+00:00,69.583101696,0.017699115044247787,0.017699115044247787,1.0000000000021103
F004_PID000000992,992,2020-10-26T01:08:50.416998400+00:00,69.5830016,0.01545253863134658,0.01545253863134658,1.0000000000021103
F004_PID000000992,992,2020-10-26T01:08:50.423687424+00:00,69.576312576,0.01545253863134658,0.01545253863134658,1.0000000000021103
F004_PID000000992,992,2020-10-26T01:08:50.431508224+00:00,69.568491776,-0.006772009029345372,-0.006772009029345372,1.0000000000021103
F004_PID000000992,992,2020-10-26T01:08:50.433370368+00:00,69.566629632,-0.00904977375565611,-0.00904977375565611,1.0000000000021103
F004_PID000000992,992,2020-10-26T01:08:50.433951744+00:00,69.566048256,-0.00904977375565611,-0.00904977375565611,1.0000000000021103
F004_PID000000992,992,2020-10-26T01:08:50.442492672+00:00,69.557507328,-0.013636363636363636,-0.013636363636363636,1.0000000000021103
F004_PID000000992,992,2020-10-26T01:08:50.442834432+00:00,69.557165568,-0.020594965675057208,-0.020594965675057208,1.0000000000021103
F004_PID000000992,992,2020-10-26T01:08:50.442923520+00:00,69.55707648,-0.0228310502283105,-0.0228310502283105,1.0000000000021103
F004_PID000000992,992,2020-10-26T01:08:50.442992896+00:00,69.557007104,-0.03167420814479638,-0.03167420814479638,1.0000000000021103
F004_PID000000992,992,2020-10-26T01:08:50.443065088+00:00,69.556934912,-0.034013605442176874,-0.034013605442176874,1.0000000000021103
F004_PID000000992,992,2020-10-26T01:08:50.443108864+00:00,69.556891136,-0.03837471783295711,-0.03837471783295711,1.0000000000021103
F004_PID000000992,992,2020-10-26T01:08:50.443201792+00:00,69.556798208,-0.04072398190045249,-0.04072398190045249,1.0000000000021103
F004_PID000000992,992,2020-10-26T01:08:50.468260864+00:00,69.531739136,-0.03837471783295711,-0.03837471783295711,1.0000000000021103
F004_PID000000992,992,2020-10-26T01:08:50.484217600+00:00,69.5157824,-0.036036036036036036,-0.036036036036036036,1.0000000000021103
F004_PID000000992,992,2020-10-26T01:08:50.484337408+00:00,69.515662592,-0.033860045146726865,-0.033860045146726865,1.0000000000021103
F004_PID000000992,992,2020-10-26T01:08:50.484369664+00:00,69.515630336,-0.025056947608200455,-0.025056947608200455,1.0000000000021103
F004_PID000000992,992,2020-10-26T01:08:50.484560128+00:00,69.515439872,-0.02040816326530612,-0.02040816326530612,1.0000000000021103
F004_PID000000992,992,2020-10-26T01:08:50.484644608+00:00,69.515355392,-0.01580135440180587,-0.01580135440180587,1.0000000000021103
F004_PID000000992,992,2020-10-26T01:08:50.484747776+00:00,69.515252224,-0.013574660633484163,-0.013574660633484163,1.0000000000021103
F004_PID000000992,992,2020-10-26T01:08:50.485554688+00:00,69.514445312,-0.00909090909090909,-0.00909090909090909,1.0000000000021103
F004_PID000000992,992,2020-10-26T01:08:50.523442432+00:00,69.476557568,-0.011337868480725623,-0.011337868480725623,1.0000000000021103
F004_PID000000992,992,2020-10-26T01:08:50.554210304+00:00,69.445789696,-0.00909090909090909,-0.00909090909090909,1.0000000000021103
F004_PID000000992,992,2020-10-26T01:08:50.568573440+00:00,69.43142656,-0.018018018018018018,-0.018018018018018018,1.0000000000021103
F004_PID000000992,992,2020-10-26T01:08:50.579259648+00:00,69.420740352,-0.020224719101123594,-0.020224719101123594,1.0000000000021103
F004_PID000000992,992,2020-10-26T01:08:50.579290368+00:00,69.420709632,-0.02252252252252252,-0.02252252252252252,1.0000000000021103
F004_PID000000992,992,2020-10-26T01:08:50.579909888+00:00,69.420090112,-0.04367816091954023,-0.04367816091954023,1.0000000000021103
F004_PID000000992,992,2020-10-26T01:08:50.592295936+00:00,69.407704064,-0.04849884526558892,-0.04849884526558892,1.0000000000021103
F004_PID000000992,992,2020-10-26T01:08:50.592438528+00:00,69.407561472,-0.05336426914153132,-0.05336426914153132,1.0000000000021103
F004_PID000000992,992,2020-10-26T01:08:50.618370816+00:00,69.381629184,-0.04449648711943794,-0.04449648711943794,1.0000000000021103
F004_PID000000992,992,2020-10-26T01:08:50.623739648+00:00,69.376260352,-0.039627039627039624,-0.039627039627039624,1.0000000000021103
F004_PID000000992,992,2020-10-26T01:08:50.623867392+00:00,69.376132608,-0.037383177570093455,-0.037383177570093455,1.0000000000021103
F004_PID000000992,992,2020-10-26T01:08:50.623918336+00:00,69.376081664,-0.03255813953488372,-0.03255813953488372,1.0000000000021103
F004_PID000000992,992,2020-10-26T01:08:50.629211136+00:00,69.370788864,-0.030303030303030304,-0.030303030303030304,1.0000000000021103
F004_PID000000992,992,2020-10-26T01:08:50.629245184+00:00,69.370754816,-0.027906976744186046,-0.027906976744186046,1.0000000000021103
F004_PID000000992,992,2020-10-26T01:08:50.859319808+00:00,69.140680192,-0.030303030303030304,-0.030303030303030304,1.0000000000021103
F004_PID000000992,992,2020-10-26T01:08:50.859482624+00:00,69.140517376,-0.03255813953488372,-0.03255813953488372,1.0000000000021103
F004_PID000000992,992,2020-10-26T01:08:50.859526656+00:00,69.140473344,-0.03480278422273782,-0.03480278422273782,1.0000000000021103
F004_PID000000992,992,2020-10-26T01:08:51.685669888+00:00,68.314330112,-0.032407407407407406,-0.032407407407407406,1.0000000000021103
F004_PID000000992,992,2020-10-26T01:08:51.685838848+00:00,68.314161152,-0.030162412993039442,-0.030162412993039442,1.0000000000021103
F004_PID000000992,992,2020-10-26T01:08:51.685883392+00:00,68.314116608,-0.027906976744186046,-0.027906976744186046,1.0000000000021103
F004_PID000000992,992,2020-10-26T01:08:51.685975808+00:00,68.314024192,-0.02564102564102564,-0.02564102564102564,1.0000000000021103
F004_PID000000992,992,2020-10-26T01:08:51.686329600+00:00,68.3136704,-0.027906976744186046,-0.027906976744186046,1.0000000000021103
F004_PID000000992,992,2020-10-26T01:08:51.686375936+00:00,68.313624064,-0.030162412993039442,-0.030162412993039442,1.0000000000021103
F004_PID000000992,992,2020-10-26T01:08:51.686515456+00:00,68.313484544,-0.03255813953488372,-0.03255813953488372,1.0000000000021103
F004_PID000000992,992,2020-10-26T01:08:51.686568192+00:00,68.313431808,-0.025404157043879907,-0.025404157043879907,1.0000000000021103
F004_PID000000992,992,2020-10-26T01:08:51.686702848+00:00,68.313297152,-0.023148148148148147,-0.023148148148148147,1.0000000000021103
F004_PID000000992,992,2020-10-26T01:08:51.686746624+00:00,68.313253376,-0.020785219399538105,-0.020785219399538105,1.0000000000021103
F004_PID000000992,992,2020-10-26T01:08:51.686842880+00:00,68.31315712,-0.018518518518518517,-0.018518518518518517,1.0000000000021103
F004_PID000000992,992,2020-10-26T01:08:51.734903296+00:00,68.265096704,-0.013953488372093023,-0.013953488372093023,1.0000000000021103
F004_PID000000992,992,2020-10-26T01:08:51.735046656+00:00,68.264953344,0.004739336492890996,0.004739336492890996,1.0000000000021103
F004_PID000000992,992,2020-10-26T01:08:51.809385984+00:00,68.190614016,0.004739336492890996,0.004739336492890996,1.0000000000021103
F004_PID000000992,992,2020-10-26T01:08:52.622661888+00:00,67.377338112,0.002364066193853428,0.002364066193853428,1.0000000000021103
F004_PID000000992,992,2020-10-26T01:08:52.622810880+00:00,67.37718912,0.0,0.0,1.0000000000021103
F004_PID000000992,992,2020-10-26T01:08:52.622963200+00:00,67.3770368,-0.002364066193853428,-0.002364066193853428,1.0000000000021103
F004_PID000000992,992,2020-10-26T01:08:52.623024384+00:00,67.376975616,-0.02088167053364269,-0.02088167053364269,1.0000000000021103
F004_PID000000992,992,2020-10-26T01:08:52.623169024+00:00,67.376830976,-0.023148148148148147,-0.023148148148148147,1.0000000000021103
F004_PID000000992,992,2020-10-26T01:08:52.623215360+00:00,67.37678464,-0.025404157043879907,-0.025404157043879907,1.0000000000021103
F004_PID000000992,992,2020-10-26T01:08:52.623301376+00:00,67.376698624,-0.023148148148148147,-0.023148148148148147,1.0000000000021103
F004_PID000000992,992,2020-10-26T01:08:53.129930240+00:00,66.87006976,-0.025404157043879907,-0.025404157043879907,1.0000000000021103
F004_PID000000992,992,2020-10-26T01:08:53.130076672+00:00,66.869923328,-0.023148148148148147,-0.023148148148148147,1.0000000000021103
F004_PID000000992,992,2020-10-26T01:08:53.130123008+00:00,66.869876992,-0.02088167053364269,-0.02088167053364269,1.0000000000021103
F004_PID000000992,992,2020-10-26T01:08:53.130263296+00:00,66.869736704,-0.018604651162790697,-0.018604651162790697,1.0000000000021103
F004_PID000000992,992,2020-10-26T01:08:53.130320896+00:00,66.869679104,-0.02088167053364269,-0.02088167053364269,1.0000000000021103
F004_PID000000992,992,2020-10-26T01:08:53.130433792+00:00,66.869566208,-0.023148148148148147,-0.023148148148148147,1.0000000000021103
F004_PID000000992,992,2020-10-26T01:08:53.436244736+00:00,66.563755264,-0.027649769585253458,-0.027649769585253458,1.0000000000021103
F004_PID000000992,992,2020-10-26T01:08:53.437629440+00:00,66.56237056,-0.029885057471264367,-0.029885057471264367,1.0000000000021103
F004_PID000000992,992,2020-10-26T01:08:53.754990080+00:00,66.24500992,-0.027649769585253458,-0.027649769585253458,1.0000000000021103
F004_PID000000992,992,2020-10-26T01:08:53.920607232+00:00,66.079392768,-0.025404157043879907,-0.025404157043879907,1.0000000000021103
F004_PID000000992,992,2020-10-26T01:08:53.920740864+00:00,66.079259136,-0.023148148148148147,-0.023148148148148147,1.0000000000021103
F004_PID000000992,992,2020-10-26T01:08:53.920844800+00:00,66.0791552,-0.02088167053364269,-0.02088167053364269,1.0000000000021103
F004_PID000000992,992,2020-10-26T01:08:54.137780480+00:00,65.86221952,-0.016317016317016316,-0.016317016317016316,1.0000000000021103
F004_PID000000992,992,2020-10-26T01:08:54.137967872+00:00,65.862032128,-0.013953488372093023,-0.013953488372093023,1.0000000000021103
F004_PID000000992,992,2020-10-26T01:08:54.137997312+00:00,65.862002688,0.004739336492890996,0.004739336492890996,1.0000000000021103
F004_PID000000992,992,2020-10-26T01:08:54.427276544+00:00,65.572723456,0.009523809523809525,0.009523809523809525,1.0000000000021103
F004_PID000000992,992,2020-10-26T01:08:54.427471360+00:00,65.57252864,0.007125890736342043,0.007125890736342043,1.0000000000021103
F004_PID000000992,992,2020-10-26T01:08:54.427521536+00:00,65.572478464,0.009478672985781991,0.009478672985781991,1.0000000000021103
F004_PID000000992,992,2020-10-26T01:08:54.427921152+00:00,65.572078848,0.009478672985781991,0.009478672985781991,1.0000000000021103
F004_PID000000992,992,2020-10-26T01:08:54.427973120+00:00,65.57202688,0.009523809523809525,0.009523809523809525,1.0000000000021103
F004_PID000000992,992,2020-10-26T01:08:54.428083200+00:00,65.5719168,0.011876484560570071,0.011876484560570071,1.0000000000021103
F004_PID000000992,992,2020-10-26T01:08:54.428232704+00:00,65.571767296,0.014285714285714285,0.014285714285714285,1.0000000000021103
F004_PID000000992,992,2020-10-26T01:08:54.428316672+00:00,65.571683328,0.016706443914081145,0.016706443914081145,1.0000000000021103
F004_PID000000992,992,2020-10-26T01:08:54.428389632+00:00,65.571610368,0.019138755980861243,0.019138755980861243,1.0000000000021103
F004_PID000000992,992,2020-10-26T01:08:54.428515840+00:00,65.57148416,0.016706443914081145,0.016706443914081145,1.0000000000021103
F004_PID000000992,992,2020-10-26T01:08:54.428561152+00:00,65.571438848,0.026004728132387706,0.026004728132387706,1.0000000000021103
F004_PID000000992,992,2020-10-26T01:08:54.428594432+00:00,65.571405568,0.02830188679245283,0.02830188679245283,1.0000000000021103
F004_PID000000992,992,2020-10-26T01:08:54.428646912+00:00,65.571353088,0.035629453681710214,0.035629453681710214,1.0000000000021103
F004_PID000000992,992,2020-10-26T01:08:54.428701696+00:00,65.571298304,0.03317535545023697,0.03317535545023697,1.0000000000021103
F004_PID000000992,992,2020-10-26T01:08:54.440361472+00:00,65.559638528,0.035629453681710214,0.035629453681710214,1.0000000000021103
F004_PID000000992,992,2020-10-26T01:08:54.515641856+00:00,65.484358144,0.058004640371229696,0.058004640371229696,1.0000000000021103
F004_PID000000992,992,2020-10-26T01:08:54.568434944+00:00,65.431565056,0.06666666666666667,0.06666666666666667,1.0000000000021103
F004_PID000000992,992,2020-10-26T01:08:54.568823808+00:00,65.431176192,0.06666666666666667,0.06666666666666667,1.0000000000021103
F004_PID000000992,992,2020-10-26T01:08:54.568847360+00:00,65.43115264,-0.04722792607802875,-0.04722792607802875,1.9999999999997797
F004_PID000000992,992,2020-10-26T01:08:54.569038336+00:00,65.430961664,-0.045081967213114756,-0.045081967213114756,1.9999999999997797
F004_PID000000992,992,2020-10-26T01:08:54.569193472+00:00,65.430806528,-0.04081632653061224,-0.04081632653061224,1.9999999999997797
F004_PID000000992,992,2020-10-26T01:08:54.569483264+00:00,65.430516736,-0.04081632653061224,-0.04081632653061224,1.9999999999997797
F004_PID000000992,992,2020-10-26T01:08:54.581481472+00:00,65.418518528,-0.04081632653061224,-0.04081632653061224,1.9999999999997797
F004_PID000000992,992,2020-10-26T01:08:54.628520704+00:00,65.371479296,-0.04665314401622718,-0.04665314401622718,1.9999999999997797
F004_PID000000992,992,2020-10-26T01:08:54.628638464+00:00,65.371361536,-0.04878048780487805,-0.04878048780487805,1.9999999999997797
F004_PID000000992,992,2020-10-26T01:08:54.721650688+00:00,65.278349312,0.06363636363636363,0.06363636363636363,1.0000000000021103
F004_PID000000992,992,2020-10-26T01:08:54.721898496+00:00,65.278101504,0.061224489795918366,0.061224489795918366,1.0000000000021103
F004_PID000000992,992,2020-10-26T01:08:54.721959424+00:00,65.278040576,0.058823529411764705,0.058823529411764705,1.0000000000021103
F004_PID000000992,992,2020-10-26T01:08:54.722033152+00:00,65.277966848,0.05454545454545454,0.05454545454545454,1.0000000000021103
F004_PID000000992,992,2020-10-26T01:08:54.722063616+00:00,65.277936384,0.05215419501133787,0.05215419501133787,1.0000000000021103
F004_PID000000992,992,2020-10-26T01:08:54.722164480+00:00,65.27783552,0.04740406320541761,0.04740406320541761,1.0000000000021103
F004_PID000000992,992,2020-10-26T01:08:54.722206976+00:00,65.277793024,0.0387243735763098,0.0387243735763098,1.0000000000021103
F004_PID000000992,992,2020-10-26T01:08:54.722267136+00:00,65.277732864,0.0365296803652968,0.0365296803652968,1.0000000000021103
F004_PID000000992,992,2020-10-26T01:08:54.722310400+00:00,65.2776896,0.03416856492027335,0.03416856492027335,1.0000000000021103
F004_PID000000992,992,2020-10-26T01:08:54.722361088+00:00,65.277638912,0.031818181818181815,0.031818181818181815,1.0000000000021103
F004_PID000000992,992,2020-10-26T01:08:54.722497024+00:00,65.277502976,0.013392857142857142,0.013392857142857142,1.0000000000021103
F004_PID000000992,992,2020-10-26T01:08:54.723265536+00:00,65.276734464,0.013392857142857142,0.013392857142857142,1.0000000000021103
F004_PID000000992,992,2020-10-26T01:08:54.724196096+00:00,65.275803904,0.015659955257270694,0.015659955257270694,1.0000000000021103
F004_PID000000992,992,2020-10-26T01:08:54.724328448+00:00,65.275671552,0.017937219730941704,0.017937219730941704,1.0000000000021103
F004_PID000000992,992,2020-10-26T01:08:54.725064960+00:00,65.27493504,0.020224719101123594,0.020224719101123594,1.0000000000021103
F004_PID000000992,992,2020-10-26T01:08:54.734709248+00:00,65.265290752,0.020224719101123594,0.020224719101123594,1.0000000000021103
F004_PID000000992,992,2020-10-26T01:08:54.735660288+00:00,65.264339712,0.017937219730941704,0.017937219730941704,1.0000000000021103
F004_PID000000992,992,2020-10-26T01:08:54.735712512+00:00,65.264287488,0.015659955257270694,0.015659955257270694,1.0000000000021103
F004_PID000000992,992,2020-10-26T01:08:54.735812352+00:00,65.264187648,0.013452914798206279,0.013452914798206279,1.0000000000021103
F004_PID000000992,992,2020-10-26T01:08:54.735855872+00:00,65.264144128,0.011185682326621925,0.011185682326621925,1.0000000000021103
F004_PID000000992,992,2020-10-26T01:08:54.735896832+00:00,65.264103168,0.008968609865470852,0.008968609865470852,1.0000000000021103
F004_PID000000992,992,2020-10-26T01:08:54.784766976+00:00,65.215233024,0.0,0.0,1.0000000000021103
F004_PID000000992,992,2020-10-26T01:08:54.784936192+00:00,65.215063808,-0.002257336343115124,-0.002257336343115124,1.0000000000021103
F004_PID000000992,992,2020-10-26T01:08:54.784980224+00:00,65.215019776,0.0,0.0,1.0000000000021103
F004_PID000000992,992,2020-10-26T01:08:54.785080064+00:00,65.214919936,-0.002257336343115124,-0.002257336343115124,1.0000000000021103
F004_PID000000992,992,2020-10-26T01:08:54.785123584+00:00,65.214876416,0.0,0.0,1.0000000000021103
F004_PID000000992,992,2020-10-26T01:08:54.785264640+00:00,65.21473536,0.0022675736961451248,0.0022675736961451248,1.0000000000021103
F004_PID000000992,992,2020-10-26T01:08:54.839208704+00:00,65.160791296,0.0,0.0,1.0000000000021103
F004_PID000000992,992,2020-10-26T01:08:54.871697408+00:00,65.128302592,-0.002257336343115124,-0.002257336343115124,1.0000000000021103
F004_PID000000992,992,2020-10-26T01:08:54.885509376+00:00,65.114490624,0.0,0.0,1.0000000000021103
F004_PID000000992,992,2020-10-26T01:08:54.898033664+00:00,65.101966336,0.0022675736961451248,0.0022675736961451248,1.0000000000021103
F004_PID000000992,992,2020-10-26T01:08:55.395318016+00:00,64.604681984,0.004545454545454545,0.004545454545454545,1.0000000000021103
F004_PID000000992,992,2020-10-26T01:08:55.395360256+00:00,64.604639744,0.006802721088435374,0.006802721088435374,1.0000000000021103
F004_PID000000992,992,2020-10-26T01:08:55.395480320+00:00,64.60451968,0.025404157043879907,0.025404157043879907,1.0000000000021103
F004_PID000000992,992,2020-10-26T01:08:55.619134464+00:00,64.380865536,0.025404157043879907,0.025404157043879907,1.0000000000021103
F004_PID000000992,992,2020-10-26T01:08:55.619146752+00:00,64.380853248,0.027777777777777776,0.027777777777777776,1.0000000000021103
F004_PID000000992,992,2020-10-26T01:08:55.619425024+00:00,64.380574976,0.030162412993039442,0.030162412993039442,1.0000000000021103
F004_PID000000992,992,2020-10-26T01:08:55.619473152+00:00,64.380526848,0.03255813953488372,0.03255813953488372,1.0000000000021103
F004_PID000000992,992,2020-10-26T01:08:55.619540736+00:00,64.380459264,0.03480278422273782,0.03480278422273782,1.0000000000021103
F004_PID000000992,992,2020-10-26T01:08:55.619575296+00:00,64.380424704,0.039627039627039624,0.039627039627039624,1.0000000000021103
F004_PID000000992,992,2020-10-26T01:08:55.619765760+00:00,64.38023424,0.04849884526558892,0.04849884526558892,1.0000000000021103
F004_PID000000992,992,2020-10-26T01:08:55.619798784+00:00,64.380201216,0.05069124423963134,0.05069124423963134,1.0000000000021103
F004_PID000000992,992,2020-10-26T01:08:55.629057024+00:00,64.370942976,0.053117782909930716,0.053117782909930716,1.0000000000021103
F004_PID000000992,992,2020-10-26T01:08:55.629118208+00:00,64.370881792,0.05069124423963134,0.05069124423963134,1.0000000000021103
F004_PID000000992,992,2020-10-26T01:08:55.629964544+00:00,64.370035456,0.04827586206896552,0.04827586206896552,1.0000000000021103
F004_PID000000992,992,2020-10-26T01:08:55.630128128+00:00,64.369871872,0.04608294930875576,0.04608294930875576,1.0000000000021103
F004_PID000000992,992,2020-10-26T01:08:55.630274048+00:00,64.369725952,0.04128440366972477,0.04128440366972477,1.0000000000021103
F004_PID000000992,992,2020-10-26T01:08:55.630411008+00:00,64.369588992,0.032407407407407406,0.032407407407407406,1.0000000000021103
F004_PID000000992,992,2020-10-26T01:08:55.630856448+00:00,64.369143552,0.03002309468822171,0.03002309468822171,1.0000000000021103
F004_PID000000992,992,2020-10-26T01:08:55.630909952+00:00,64.369090048,0.027649769585253458,0.027649769585253458,1.0000000000021103
F004_PID000000992,992,2020-10-26T01:08:55.631006464+00:00,64.368993536,0.03002309468822171,0.03002309468822171,1.0000000000021103
F004_PID000000992,992,2020-10-26T01:08:55.631158016+00:00,64.368841984,0.027649769585253458,0.027649769585253458,1.0000000000021103
F004_PID000000992,992,2020-10-26T01:08:55.692787456+00:00,64.307212544,0.027649769585253458,0.027649769585253458,1.0000000000021103
F004_PID000000992,992,2020-10-26T01:08:56.439970304+00:00,63.560029696,0.03002309468822171,0.03002309468822171,1.0000000000021103
F004_PID000000992,992,2020-10-26T01:08:56.440024064+00:00,63.559975936,0.032407407407407406,0.032407407407407406,1.0000000000021103
F004_PID000000992,992,2020-10-26T01:08:56.445529088+00:00,63.554470912,0.032407407407407406,0.032407407407407406,1.0000000000021103
F004_PID000000992,992,2020-10-26T01:08:57.785049856+00:00,62.214950144,0.03480278422273782,0.03480278422273782,1.0000000000021103
F004_PID000000992,992,2020-10-26T01:08:57.790562560+00:00,62.20943744,0.037037037037037035,0.037037037037037035,1.0000000000021103
F004_PID000000992,992,2020-10-26T01:08:57.790706432+00:00,62.209293568,0.04186046511627907,0.04186046511627907,1.0000000000021103
F004_PID000000992,992,2020-10-26T01:08:57.790868736+00:00,62.209131264,0.05069124423963134,0.05069124423963134,1.0000000000021103
F004_PID000000992,992,2020-10-26T01:08:57.790899456+00:00,62.209100544,0.052873563218390804,0.052873563218390804,1.0000000000021103
F004_PID000000992,992,2020-10-26T01:08:57.791898112+00:00,62.208101888,0.055299539170506916,0.055299539170506916,1.0000000000021103
F004_PID000000992,992,2020-10-26T01:08:57.791958272+00:00,62.208041728,0.052873563218390804,0.052873563218390804,1.0000000000021103
F004_PID000000992,992,2020-10-26T01:08:57.804249088+00:00,62.195750912,0.052873563218390804,0.052873563218390804,1.0000000000021103
F004_PID000000992,992,2020-10-26T01:09:00.017433088+00:00,59.982566912,0.055299539170506916,0.055299539170506916,1.0000000000021103
F004_PID000000992,992,2020-10-26T01:09:00.017516288+00:00,59.982483712,-0.059548254620123205,-0.059548254620123205,1.9999999999997797
F004_PID000000992,992,2020-10-26T01:09:00.017588736+00:00,59.982411264,-0.06172839506172839,-0.06172839506172839,1.9999999999997797
F004_PID000000992,992,2020-10-26T01:09:00.017880064+00:00,59.982119936,-0.05737704918032787,-0.05737704918032787,1.9999999999997797
F004_PID000000992,992,2020-10-26T01:09:00.018081792+00:00,59.981918208,0.0502283105022831,0.0502283105022831,1.0000000000021103
F004_PID000000992,992,2020-10-26T01:09:00.018130432+00:00,59.981869568,0.05239179954441914,0.05239179954441914,1.0000000000021103
F004_PID000000992,992,2020-10-26T01:09:00.018301184+00:00,59.981698816,0.047619047619047616,0.047619047619047616,1.0000000000021103
F004_PID000000992,992,2020-10-26T01:09:00.018386944+00:00,59.981613056,0.045454545454545456,0.045454545454545456,1.0000000000021103
F004_PID000000992,992,2020-10-26T01:09:00.018416128+00:00,59.981583872,0.03669724770642202,0.03669724770642202,1.0000000000021103
F004_PID000000992,992,2020-10-26T01:09:00.018445568+00:00,59.981554432,0.046296296296296294,0.046296296296296294,1.0000000000021103
F004_PID000000992,992,2020-10-26T01:09:00.018517504+00:00,59.981482496,0.04186046511627907,0.04186046511627907,1.0000000000021103
F004_PID000000992,992,2020-10-26T01:09:00.018559744+00:00,59.981440256,0.039627039627039624,0.039627039627039624,1.0000000000021103
F004_PID000000992,992,2020-10-26T01:09:00.018653952+00:00,59.981346048,0.037209302325581395,0.037209302325581395,1.0000000000021103
F004_PID000000992,992,2020-10-26T01:09:00.018698752+00:00,59.981301248,0.04608294930875576,0.04608294930875576,1.0000000000021103
F004_PID000000992,992,2020-10-26T01:09:00.018758656+00:00,59.981241344,0.04367816091954023,0.04367816091954023,1.0000000000021103
F004_PID000000992,992,2020-10-26T01:09:00.018814464+00:00,59.981185536,0.04128440366972477,0.04128440366972477,1.0000000000021103
F004_PID000000992,992,2020-10-26T01:09:00.018861568+00:00,59.981138432,0.043478260869565216,0.043478260869565216,1.0000000000021103
F004_PID000000992,992,2020-10-26T01:09:00.018895360+00:00,59.98110464,0.045871559633027525,0.045871559633027525,1.0000000000021103
F004_PID000000992,992,2020-10-26T01:09:00.018979328+00:00,59.981020672,0.04367816091954023,0.04367816091954023,1.0000000000021103
F004_PID000000992,992,2020-10-26T01:09:00.019073024+00:00,59.980926976,0.04608294930875576,0.04608294930875576,1.0000000000021103
F004_PID000000992,992,2020-10-26T01:09:00.019126528+00:00,59.980873472,0.04827586206896552,0.04827586206896552,1.0000000000021103
F004_PID000000992,992,2020-10-26T01:09:00.019218432+00:00,59.980781568,0.045871559633027525,0.045871559633027525,1.0000000000021103
F004_PID000000992,992,2020-10-26T01:09:00.019273216+00:00,59.980726784,0.043478260869565216,0.043478260869565216,1.0000000000021103
F004_PID000000992,992,2020-10-26T01:09:00.019408384+00:00,59.980591616,0.04128440366972477,0.04128440366972477,1.0000000000021103
F004_PID000000992,992,2020-10-26T01:09:00.025746176+00:00,59.974253824,0.032407407407407406,0.032407407407407406,1.0000000000021103
F004_PID000000992,992,2020-10-26T01:09:00.025879552+00:00,59.974120448,0.03464203233256351,0.03464203233256351,1.0000000000021103
F004_PID000000992,992,2020-10-26T01:09:00.025914112+00:00,59.974085888,0.032407407407407406,0.032407407407407406,1.0000000000021103
F004_PID000000992,992,2020-10-26T01:09:00.029337856+00:00,59.970662144,0.030162412993039442,0.030162412993039442,1.0000000000021103
F004_PID000000992,992,2020-10-26T01:09:00.029387264+00:00,59.970612736,0.027777777777777776,0.027777777777777776,1.0000000000021103
F004_PID000000992,992,2020-10-26T01:09:00.029492480+00:00,59.97050752,0.025404157043879907,0.025404157043879907,1.0000000000021103
F004_PID000000992,992,2020-10-26T01:09:00.143425280+00:00,59.85657472,0.034324942791762014,0.034324942791762014,1.0000000000021103
F004_PID000000992,992,2020-10-26T01:09:00.143459840+00:00,59.85654016,0.04308390022675737,0.04308390022675737,1.0000000000021103
F004_PID000000992,992,2020-10-26T01:09:00.143576320+00:00,59.85642368,0.045454545454545456,0.045454545454545456,1.0000000000021103
F004_PID000000992,992,2020-10-26T01:09:00.143630592+00:00,59.856369408,0.04783599088838269,0.04783599088838269,1.0000000000021103
F004_PID000000992,992,2020-10-26T01:09:00.143676416+00:00,59.856323584,0.0502283105022831,0.0502283105022831,1.0000000000021103
F004_PID000000992,992,2020-10-26T01:09:00.173388288+00:00,59.826611712,0.041474654377880185,0.041474654377880185,1.0000000000021103
F004_PID000000992,992,2020-10-26T01:09:00.179350016+00:00,59.820649984,0.03255813953488372,0.03255813953488372,1.0000000000021103
F004_PID000000992,992,2020-10-26T01:09:00.179499776+00:00,59.820500224,0.030162412993039442,0.030162412993039442,1.0000000000021103
F004_PID000000992,992,2020-10-26T01:09:00.179554304+00:00,59.820445696,0.027777777777777776,0.027777777777777776,1.0000000000021103
F004_PID000000992,992,2020-10-26T01:09:00.179644416+00:00,59.820355584,0.025404157043879907,0.025404157043879907,1.0000000000021103
F004_PID000000992,992,2020-10-26T01:09:00.194198784+00:00,59.805801216,0.027777777777777776,0.027777777777777776,1.0000000000021103
F004_PID000000992,992,2020-10-26T01:09:00.277511936+00:00,59.722488064,0.025404157043879907,0.025404157043879907,1.0000000000021103
F004_PID000000992,992,2020-10-26T01:09:00.277650688+00:00,59.722349312,0.023148148148148147,0.023148148148148147,1.0000000000021103
F004_PID000000992,992,2020-10-26T01:09:00.277795840+00:00,59.72220416,0.020785219399538105,0.020785219399538105,1.0000000000021103
F004_PID000000992,992,2020-10-26T01:09:00.277835520+00:00,59.72216448,0.0022675736961451248,0.0022675736961451248,1.0000000000021103
F004_PID000000992,992,2020-10-26T01:09:00.278005760+00:00,59.72199424,0.0,0.0,1.0000000000021103
F004_PID000000992,992,2020-10-26T01:09:00.278053888+00:00,59.721946112,-0.0022675736961451248,-0.0022675736961451248,1.0000000000021103
F004_PID000000992,992,2020-10-26T01:09:00.311070720+00:00,59.68892928,0.0,0.0,1.0000000000021103
F004_PID000000992,992,2020-10-26T01:09:00.311205888+00:00,59.688794112,0.0022675736961451248,0.0022675736961451248,1.0000000000021103
F004_PID000000992,992,2020-10-26T01:09:00.414626560+00:00,59.58537344,0.0,0.0,1.0000000000021103
F004_PID000000992,992,2020-10-26T01:09:00.414771456+00:00,59.585228544,-0.0022675736961451248,-0.0022675736961451248,1.0000000000021103
F004_PID000000992,992,2020-10-26T01:09:00.415027712+00:00,59.584972288,0.0,0.0,1.0000000000021103
F004_PID000000992,992,2020-10-26T01:09:00.415192576+00:00,59.584807424,-0.0022675736961451248,-0.0022675736961451248,1.0000000000021103
F004_PID000000992,992,2020-10-26T01:09:01.523383296+00:00,58.476616704,-0.006772009029345372,-0.006772009029345372,1.0000000000021103
F004_PID000000992,992,2020-10-26T01:09:01.535132928+00:00,58.464867072,-0.011235955056179775,-0.011235955056179775,1.0000000000021103
F004_PID000000992,992,2020-10-26T01:09:01.547988736+00:00,58.452011264,-0.013513513513513514,-0.013513513513513514,1.0000000000021103
F004_PID000000992,992,2020-10-26T01:09:01.687802624+00:00,58.312197376,-0.01809954751131222,-0.01809954751131222,1.0000000000021103
F004_PID000000992,992,2020-10-26T01:09:01.687953408+00:00,58.312046592,-0.022727272727272728,-0.022727272727272728,1.0000000000021103
F004_PID000000992,992,2020-10-26T01:09:01.688145664+00:00,58.311854336,-0.029748283752860413,-0.029748283752860413,1.0000000000021103
F004_PID000000992,992,2020-10-26T01:09:01.696652544+00:00,58.303347456,-0.0273972602739726,-0.0273972602739726,1.0000000000021103
F004_PID000000992,992,2020-10-26T01:09:01.696895488+00:00,58.303104512,-0.03619909502262444,-0.03619909502262444,1.0000000000021103
F004_PID000000992,992,2020-10-26T01:09:01.697253888+00:00,58.302746112,-0.033860045146726865,-0.033860045146726865,1.0000000000021103
F004_PID000000992,992,2020-10-26T01:09:01.702103808+00:00,58.297896192,-0.033860045146726865,-0.033860045146726865,1.0000000000021103
F004_PID000000992,992,2020-10-26T01:09:01.734204928+00:00,58.265795072,-0.025056947608200455,-0.025056947608200455,1.0000000000021103
F004_PID000000992,992,2020-10-26T01:09:01.734360320+00:00,58.26563968,-0.02040816326530612,-0.02040816326530612,1.0000000000021103
F004_PID000000992,992,2020-10-26T01:09:01.734416384+00:00,58.265583616,-0.01809954751131222,-0.01809954751131222,1.0000000000021103
F004_PID000000992,992,2020-10-26T01:09:01.749791488+00:00,58.250208512,-0.013513513513513514,-0.013513513513513514,1.0000000000021103
F004_PID000000992,992,2020-10-26T01:09:01.888129280+00:00,58.11187072,-0.006711409395973154,-0.006711409395973154,1.0000000000021103
F004_PID000000992,992,2020-10-26T01:09:01.888265472+00:00,58.111734528,-0.004484304932735426,-0.004484304932735426,1.0000000000021103
F004_PID000000992,992,2020-10-26T01:09:01.908776704+00:00,58.091223296,-0.0022471910112359553,-0.0022471910112359553,1.0000000000021103
F004_PID000000992,992,2020-10-26T01:09:02.123791104+00:00,57.876208896,0.0,0.0,1.0000000000021103
F004_PID000000992,992,2020-10-26T01:09:02.128012544+00:00,57.871987456,-0.0022471910112359553,-0.0022471910112359553,1.0000000000021103
F004_PID000000992,992,2020-10-26T01:09:02.128053760+00:00,57.87194624,-0.004484304932735426,-0.004484304932735426,1.0000000000021103
F004_PID000000992,992,2020-10-26T01:09:02.192762112+00:00,57.807237888,-0.009009009009009009,-0.009009009009009009,1.0000000000021103
F004_PID000000992,992,2020-10-26T01:09:02.192900096+00:00,57.807099904,-0.011286681715575621,-0.011286681715575621,1.0000000000021103
F004_PID000000992,992,2020-10-26T01:09:04.763677952+00:00,55.236322048,-0.013513513513513514,-0.013513513513513514,1.0000000000021103
F004_PID000000992,992,2020-10-26T01:09:04.763823872+00:00,55.236176128,-0.01809954751131222,-0.01809954751131222,1.0000000000021103
F004_PID000000992,992,2020-10-26T01:09:04.790523648+00:00,55.209476352,-0.035555555555555556,-0.035555555555555556,1.0000000000021103
F004_PID000000992,992,2020-10-26T01:09:04.790726144+00:00,55.209273856,-0.042505592841163314,-0.042505592841163314,1.0000000000021103
F004_PID000000992,992,2020-10-26T01:09:04.790773248+00:00,55.209226752,-0.0467706013363029,-0.0467706013363029,1.0000000000021103
F004_PID000000992,992,2020-10-26T01:09:04.790878208+00:00,55.209121792,-0.049107142857142856,-0.049107142857142856,1.0000000000021103
F004_PID000000992,992,2020-10-26T01:09:04.799088640+00:00,55.20091136,-0.03070175438596491,-0.03070175438596491,1.0000000000021103
F004_PID000000992,992,2020-10-26T01:09:04.799307008+00:00,55.200692992,-0.02857142857142857,-0.02857142857142857,1.0000000000021103
F004_PID000000992,992,2020-10-26T01:09:04.799451136+00:00,55.200548864,-0.024070021881838075,-0.024070021881838075,1.0000000000021103
F004_PID000000992,992,2020-10-26T01:09:04.923386368+00:00,55.076613632,-0.03253796095444685,-0.03253796095444685,1.0000000000021103
F004_PID000000992,992,2020-10-26T01:09:04.924687360+00:00,55.07531264,-0.037037037037037035,-0.037037037037037035,1.0000000000021103
F004_PID000000992,992,2020-10-26T01:09:04.973354496+00:00,55.026645504,-0.02857142857142857,-0.02857142857142857,1.0000000000021103
F004_PID000000992,992,2020-10-26T01:09:04.973501696+00:00,55.026498304,-0.024070021881838075,-0.024070021881838075,1.0000000000021103
F004_PID000000992,992,2020-10-26T01:09:05.106742528+00:00,54.893257472,-0.017391304347826087,-0.017391304347826087,1.0000000000021103
F004_PID000000992,992,2020-10-26T01:09:05.106863872+00:00,54.893136128,-0.015250544662309368,-0.015250544662309368,1.0000000000021103
F004_PID000000992,992,2020-10-26T01:09:05.106984192+00:00,54.893015808,-0.013100436681222707,-0.013100436681222707,1.0000000000021103
F004_PID000000992,992,2020-10-26T01:09:05.107874560+00:00,54.89212544,-0.008771929824561403,-0.008771929824561403,1.0000000000021103
F004_PID000000992,992,2020-10-26T01:09:05.264820224+00:00,54.735179776,-0.004366812227074236,-0.004366812227074236,1.0000000000021103
F004_PID000000992,992,2020-10-26T01:09:05.264853248+00:00,54.735146752,0.0,0.0,1.0000000000021103
F004_PID000000992,992,2020-10-26T01:09:05.828641792+00:00,54.171358208,-0.002188183807439825,-0.002188183807439825,1.0000000000021103
F004_PID000000992,992,2020-10-26T01:09:07.155454464+00:00,52.844545536,-0.006593406593406593,-0.006593406593406593,1.0000000000021103
F004_PID000000992,992,2020-10-26T01:09:09.217466368+00:00,50.782533632,-0.010940919037199124,-0.010940919037199124,1.0000000000021103
F004_PID000000992,992,2020-10-26T01:09:09.321956608+00:00,50.678043392,-0.01762114537444934,-0.01762114537444934,1.0000000000021103
F004_PID000000992,992,2020-10-26T01:09:09.322120448+00:00,50.677879552,-0.022123893805309734,-0.022123893805309734,1.0000000000021103
F004_PID000000992,992,2020-10-26T01:09:09.322153984+00:00,50.677846016,-0.024282560706401765,-0.024282560706401765,1.0000000000021103
F004_PID000000992,992,2020-10-26T01:09:09.322281216+00:00,50.677718784,-0.02643171806167401,-0.02643171806167401,1.0000000000021103
F004_PID000000992,992,2020-10-26T01:09:09.399045120+00:00,50.60095488,-0.02869757174392936,-0.02869757174392936,1.0000000000021103
F004_PID000000992,992,2020-10-26T01:09:09.652314624+00:00,50.347685376,-0.02654867256637168,-0.02654867256637168,1.0000000000021103
F004_PID000000992,992,2020-10-26T01:09:09.652438528+00:00,50.347561472,-0.024390243902439025,-0.024390243902439025,1.0000000000021103
F004_PID000000992,992,2020-10-26T01:09:09.653125888+00:00,50.346874112,-0.019867549668874173,-0.019867549668874173,1.0000000000021103
F004_PID000000992,992,2020-10-26T01:09:12.269934080+00:00,47.73006592,-0.024390243902439025,-0.024390243902439025,1.0000000000021103
F004_PID000000992,992,2020-10-26T01:09:12.440488448+00:00,47.559511552,-0.02869757174392936,-0.02869757174392936,1.0000000000021103
F004_PID000000992,992,2020-10-26T01:09:12.573394432+00:00,47.426605568,-0.037199124726477024,-0.037199124726477024,1.0000000000021103
F004_PID000000992,992,2020-10-26T01:09:12.573864448+00:00,47.426135552,-0.037199124726477024,-0.037199124726477024,1.0000000000021103
F004_PID000000992,992,2020-10-26T01:09:12.573875968+00:00,47.426124032,-0.04405286343612335,-0.04405286343612335,1.0000000000021103
F004_PID000000992,992,2020-10-26T01:09:12.573927680+00:00,47.42607232,-0.04405286343612335,-0.04405286343612335,1.0000000000021103
F004_PID000000992,992,2020-10-26T01:09:12.573941760+00:00,47.42605824,-0.048672566371681415,-0.048672566371681415,1.0000000000021103
F004_PID000000992,992,2020-10-26T01:09:12.574224896+00:00,47.425775104,-0.048672566371681415,-0.048672566371681415,1.0000000000021103
F004_PID000000992,992,2020-10-26T01:09:12.574251008+00:00,47.425748992,0.03067484662576687,0.03067484662576687,1.9999999999997797
F004_PID000000992,992,2020-10-26T01:09:12.574486528+00:00,47.425513472,0.02857142857142857,0.02857142857142857,1.9999999999997797
F004_PID000000992,992,2020-10-26T01:09:12.574486528+00:00,47.425513472,0.026476578411405296,0.026476578411405296,1.9999999999997797
F004_PID000000992,992,2020-10-26T01:09:12.574510848+00:00,47.425489152,0.024390243902439025,0.024390243902439025,1.9999999999997797
F004_PID000000992,992,2020-10-26T01:09:12.574597376+00:00,47.425402624,0.01818181818181818,0.01818181818181818,1.9999999999997797
F004_PID000000992,992,2020-10-26T01:09:12.574610176+00:00,47.425389824,0.016129032258064516,0.016129032258064516,1.9999999999997797
F004_PID000000992,992,2020-10-26T01:09:12.574683136+00:00,47.425316864,0.014084507042253521,0.014084507042253521,1.9999999999997797
F004_PID000000992,992,2020-10-26T01:09:12.574948352+00:00,47.425051648,0.15862068965517243,0.15862068965517243,0.9999999999976694
F004_PID000000992,992,2020-10-26T01:09:12.575066368+00:00,47.424933632,0.15668202764976957,0.15668202764976957,0.9999999999976694
F004_PID000000992,992,2020-10-26T01:09:12.575066368+00:00,47.424933632,0.14883720930232558,0.14883720930232558,0.9999999999976694
F004_PID000000992,992,2020-10-26T01:09:12.575097088+00:00,47.424902912,0.15081206496519722,0.15081206496519722,0.9999999999976694
F004_PID000000992,992,2020-10-26T01:09:12.575108864+00:00,47.424891136,0.14022988505747128,0.14022988505747128,0.9999999999976694
F004_PID000000992,992,2020-10-26T01:09:12.575177728+00:00,47.424822272,0.1382488479262673,0.1382488479262673,0.9999999999976694
F004_PID000000992,992,2020-10-26T01:09:12.575241728+00:00,47.424758272,0.13425925925925927,0.13425925925925927,0.9999999999976694
F004_PID000000992,992,2020-10-26T01:09:12.575241728+00:00,47.424758272,0.12412177985948478,0.12412177985948478,0.9999999999976694
F004_PID000000992,992,2020-10-26T01:09:12.575241728+00:00,47.424758272,0.11888111888111888,0.11888111888111888,0.9999999999976694
F004_PID000000992,992,2020-10-26T01:09:12.575254272+00:00,47.424745728,0.1136890951276102,0.1136890951276102,0.9999999999976694
F004_PID000000992,992,2020-10-26T01:09:12.575297792+00:00,47.424702208,0.09339407744874716,0.09339407744874716,0.9999999999976694
F004_PID000000992,992,2020-10-26T01:09:12.575388928+00:00,47.424611072,0.09839816933638444,0.09839816933638444,0.9999999999976694
F004_PID000000992,992,2020-10-26T01:09:12.575486720+00:00,47.42451328,0.08843537414965986,0.08843537414965986,0.9999999999976694
F004_PID000000992,992,2020-10-26T01:09:12.575502592+00:00,47.424497408,0.0738255033557047,0.0738255033557047,0.9999999999976694
F004_PID000000992,992,2020-10-26T01:09:12.575533056+00:00,47.424466944,0.06904231625835189,0.06904231625835189,0.9999999999976694
F004_PID000000992,992,2020-10-26T01:09:12.577050624+00:00,47.422949376,0.08932461873638345,0.08932461873638345,0.9999999999976694
F004_PID000000992,992,2020-10-26T01:09:12.577193984+00:00,47.422806016,0.09409190371991247,0.09409190371991247,0.9999999999976694
F004_PID000000992,992,2020-10-26T01:09:12.584684544+00:00,47.415315456,0.09409190371991247,0.09409190371991247,0.9999999999976694
F004_PID000000992,992,2020-10-26T01:09:12.584702976+00:00,47.415297024,-0.03288201160541586,-0.03288201160541586,1.9999999999997797
F004_PID000000992,992,2020-10-26T01:09:12.584793600+00:00,47.4152064,-0.11715481171548117,-0.11715481171548117,1.0000000000021103
F004_PID000000992,992,2020-10-26T01:09:12.584961536+00:00,47.415038464,-0.11530398322851153,-0.11530398322851153,1.0000000000021103
F004_PID000000992,992,2020-10-26T01:09:12.584987392+00:00,47.415012608,-0.10970464135021098,-0.10970464135021098,1.0000000000021103
F004_PID000000992,992,2020-10-26T01:09:12.585084928+00:00,47.414915072,-0.10736842105263159,-0.10736842105263159,1.0000000000021103
F004_PID000000992,992,2020-10-26T01:09:12.585178624+00:00,47.414821376,-0.10548523206751055,-0.10548523206751055,1.0000000000021103
F004_PID000000992,992,2020-10-26T01:09:12.585251328+00:00,47.414748672,-0.10359408033826638,-0.10359408033826638,1.0000000000021103
F004_PID000000992,992,2020-10-26T01:09:12.596366848+00:00,47.403633152,-0.10828025477707007,-0.10828025477707007,1.0000000000021103
F004_PID000000992,992,2020-10-26T01:09:12.673910272+00:00,47.326089728,-0.12681912681912683,-0.12681912681912683,1.0000000000021103
F004_PID000000992,992,2020-10-26T01:09:12.673919488+00:00,47.326080512,-0.10828025477707007,-0.10828025477707007,1.0000000000021103
F004_PID000000992,992,2020-10-26T01:09:12.698582784+00:00,47.301417216,-0.12987012987012986,-0.12987012987012986,1.0000000000021103
F004_PID000000992,992,2020-10-26T01:09:12.708576+00:00,47.291424,-0.10828025477707007,-0.10828025477707007,1.0000000000021103
F004_PID000000992,992,2020-10-26T01:09:12.713101824+00:00,47.286898176,-0.10828025477707007,-0.10828025477707007,1.0000000000021103
F004_PID000000992,992,2020-10-26T01:09:12.713117696+00:00,47.286882304,-0.021526418786692758,-0.021526418786692758,1.9999999999997797
F004_PID000000992,992,2020-10-26T01:09:12.713397760+00:00,47.28660224,-0.0234375,-0.0234375,1.9999999999997797
F004_PID000000992,992,2020-10-26T01:09:12.713405440+00:00,47.28659456,-0.027450980392156862,-0.027450980392156862,1.9999999999997797
F004_PID000000992,992,2020-10-26T01:09:12.713424640+00:00,47.28657536,-0.029354207436399216,-0.029354207436399216,1.9999999999997797
F004_PID000000992,992,2020-10-26T01:09:12.713632+00:00,47.286368,0.08061002178649238,0.08061002178649238,0.9999999999976694
F004_PID000000992,992,2020-10-26T01:09:12.713925632+00:00,47.286074368,0.0735930735930736,0.0735930735930736,0.9999999999976694
F004_PID000000992,992,2020-10-26T01:09:12.713976576+00:00,47.286023424,0.09129511677282377,0.09129511677282377,0.9999999999976694
F004_PID000000992,992,2020-10-26T01:09:12.719444736+00:00,47.280555264,-0.017208413001912046,-0.017208413001912046,1.9999999999997797
F004_PID000000992,992,2020-10-26T01:09:12.719736320+00:00,47.28026368,-0.011538461538461539,-0.011538461538461539,1.9999999999997797
F004_PID000000992,992,2020-10-26T01:09:12.744404992+00:00,47.255595008,-0.019083969465648856,-0.019083969465648856,1.9999999999997797
F004_PID000000992,992,2020-10-26T01:09:12.912737536+00:00,47.087262464,-0.038910505836575876,-0.038910505836575876,1.9999999999997797
F004_PID000000992,992,2020-10-26T01:09:12.944913152+00:00,47.055086848,-0.04263565891472868,-0.04263565891472868,1.9999999999997797
F004_PID000000992,992,2020-10-26T01:09:13.214232576+00:00,46.785767424,-0.04061895551257253,-0.04061895551257253,1.9999999999997797
F004_PID000000992,992,2020-10-26T01:09:14.111734528+00:00,45.888265472,-0.04247104247104247,-0.04247104247104247,1.9999999999997797
F004_PID000000992,992,2020-10-26T01:09:16.283848192+00:00,43.716151808,-0.04061895551257253,-0.04061895551257253,1.9999999999997797
F004_PID000000992,992,2020-10-26T01:09:16.284138496+00:00,43.715861504,-0.14957264957264957,-0.14957264957264957,1.0000000000021103
F004_PID000000992,992,2020-10-26T01:09:16.284405248+00:00,43.715594752,-0.14775160599571735,-0.14775160599571735,1.0000000000021103
F004_PID000000992,992,2020-10-26T01:09:16.286001152+00:00,43.713998848,-0.14775160599571735,-0.14775160599571735,1.0000000000021103
F004_PID000000992,992,2020-10-26T01:09:16.305369344+00:00,43.694630656,-0.14285714285714285,-0.14285714285714285,1.0000000000021103
F004_PID000000992,992,2020-10-26T01:09:16.419711488+00:00,43.580288512,-0.12418300653594772,-0.12418300653594772,1.0000000000021103
F004_PID000000992,992,2020-10-26T01:09:16.433892096+00:00,43.566107904,-0.12035010940919037,-0.12035010940919037,1.0000000000021103
F004_PID000000992,992,2020-10-26T01:09:16.469542144+00:00,43.530457856,-0.11790393013100436,-0.11790393013100436,1.0000000000021103
F004_PID000000992,992,2020-10-26T01:09:16.469590016+00:00,43.530409984,-0.11546840958605664,-0.11546840958605664,1.0000000000021103
F004_PID000000992,992,2020-10-26T01:09:16.470023424+00:00,43.529976576,-0.10822510822510822,-0.10822510822510822,1.0000000000021103
F004_PID000000992,992,2020-10-26T01:09:16.470171392+00:00,43.529828608,-0.10344827586206896,-0.10344827586206896,1.0000000000021103
F004_PID000000992,992,2020-10-26T01:09:16.478045440+00:00,43.52195456,-0.09565217391304348,-0.09565217391304348,1.0000000000021103
F004_PID000000992,992,2020-10-26T01:09:16.478166784+00:00,43.521833216,-0.09170305676855896,-0.09170305676855896,1.0000000000021103
F004_PID000000992,992,2020-10-26T01:09:16.478275584+00:00,43.521724416,-0.08971553610503283,-0.08971553610503283,1.0000000000021103
F004_PID000000992,992,2020-10-26T01:09:16.478477056+00:00,43.521522944,-0.08571428571428572,-0.08571428571428572,1.0000000000021103
F004_PID000000992,992,2020-10-26T01:09:16.478596352+00:00,43.521403648,-0.08771929824561403,-0.08771929824561403,1.0000000000021103
F004_PID000000992,992,2020-10-26T01:09:16.481818112+00:00,43.518181888,-0.08370044052863436,-0.08370044052863436,1.0000000000021103
F004_PID000000992,992,2020-10-26T01:09:16.481933056+00:00,43.518066944,-0.08167770419426049,-0.08167770419426049,1.0000000000021103
F004_PID000000992,992,2020-10-26T01:09:16.482091520+00:00,43.51790848,-0.07692307692307693,-0.07692307692307693,1.0000000000021103
F004_PID000000992,992,2020-10-26T01:09:16.482206976+00:00,43.517793024,-0.07894736842105263,-0.07894736842105263,1.0000000000021103
F004_PID000000992,992,2020-10-26T01:09:16.547799040+00:00,43.45220096,-0.08370044052863436,-0.08370044052863436,1.0000000000021103
F004_PID000000992,992,2020-10-26T01:09:16.547919104+00:00,43.452080896,-0.08771929824561403,-0.08771929824561403,1.0000000000021103
F004_PID000000992,992,2020-10-26T01:09:16.598359552+00:00,43.401640448,-0.07964601769911504,-0.07964601769911504,1.0000000000021103
F004_PID000000992,992,2020-10-26T01:09:16.614172672+00:00,43.385827328,-0.07760532150776053,-0.07760532150776053,1.0000000000021103
F004_PID000000992,992,2020-10-26T01:09:16.614213376+00:00,43.385786624,-0.0752212389380531,-0.0752212389380531,1.0000000000021103
F004_PID000000992,992,2020-10-26T01:09:16.616478720+00:00,43.38352128,-0.07111111111111111,-0.07111111111111111,1.0000000000021103
F004_PID000000992,992,2020-10-26T01:09:16.826640384+00:00,43.173359616,-0.07349665924276169,-0.07349665924276169,1.0000000000021103
F004_PID000000992,992,2020-10-26T01:09:16.826768128+00:00,43.173231872,-0.07760532150776053,-0.07760532150776053,1.0000000000021103
F004_PID000000992,992,2020-10-26T01:09:17.813532928+00:00,42.186467072,-0.08,-0.08,1.0000000000021103
F004_PID000000992,992,2020-10-26T01:09:17.813667584+00:00,42.186332416,-0.082039911308204,-0.082039911308204,1.0000000000021103
F004_PID000000992,992,2020-10-26T01:09:17.813684992+00:00,42.186315008,-0.084070796460177,-0.084070796460177,1.0000000000021103
F004_PID000000992,992,2020-10-26T01:09:18.126219264+00:00,41.873780736,-0.082039911308204,-0.082039911308204,1.0000000000021103
F004_PID000000992,992,2020-10-26T01:09:18.128922880+00:00,41.87107712,-0.082039911308204,-0.082039911308204,1.0000000000021103
F004_PID000000992,992,2020-10-26T01:09:18.128962816+00:00,41.871037184,-0.08240534521158129,-0.08240534521158129,1.0000000000021103
F004_PID000000992,992,2020-10-26T01:09:18.129067776+00:00,41.870932224,-0.087248322147651,-0.087248322147651,1.0000000000021103
F004_PID000000992,992,2020-10-26T01:09:18.129286912+00:00,41.870713088,-0.08968609865470852,-0.08968609865470852,1.0000000000021103
F004_PID000000992,992,2020-10-26T01:09:18.129343744+00:00,41.870656256,-0.08482142857142858,-0.08482142857142858,1.0000000000021103
F004_PID000000992,992,2020-10-26T01:09:18.129401856+00:00,41.870598144,-0.09213483146067415,-0.09213483146067415,1.0000000000021103
F004_PID000000992,992,2020-10-26T01:09:18.129548288+00:00,41.870451712,-0.09417040358744394,-0.09417040358744394,1.0000000000021103
F004_PID000000992,992,2020-10-26T01:09:18.129716480+00:00,41.87028352,-0.006185567010309278,-0.006185567010309278,1.9999999999997797
F004_PID000000992,992,2020-10-26T01:09:18.130027520+00:00,41.86997248,-0.01026694045174538,-0.01026694045174538,1.9999999999997797
F004_PID000000992,992,2020-10-26T01:09:18.137280512+00:00,41.862719488,-0.018329938900203666,-0.018329938900203666,1.9999999999997797
F004_PID000000992,992,2020-10-26T01:09:18.141860864+00:00,41.858139136,0.0,0.0,1.9999999999997797
F004_PID000000992,992,2020-10-26T01:09:18.145581824+00:00,41.854418176,-0.001996007984031936,-0.001996007984031936,1.9999999999997797
F004_PID000000992,992,2020-10-26T01:09:18.253373184+00:00,41.746626816,-0.009900990099009901,-0.009900990099009901,1.9999999999997797
F004_PID000000992,992,2020-10-26T01:09:18.253506560+00:00,41.74649344,-0.013806706114398421,-0.013806706114398421,1.9999999999997797
F004_PID000000992,992,2020-10-26T01:09:18.278035712+00:00,41.721964288,0.0989010989010989,0.0989010989010989,0.9999999999976694
F004_PID000000992,992,2020-10-26T01:09:18.278326016+00:00,41.721673984,0.09170305676855896,0.09170305676855896,0.9999999999976694
F004_PID000000992,992,2020-10-26T01:09:18.278486528+00:00,41.721513472,0.09170305676855896,0.09170305676855896,0.9999999999976694
F004_PID000000992,992,2020-10-26T01:09:18.278798592+00:00,41.721201408,0.08771929824561403,0.08771929824561403,0.9999999999976694
F004_PID000000992,992,2020-10-26T01:09:18.289669120+00:00,41.71033088,0.09251101321585903,0.09251101321585903,0.9999999999976694
F004_PID000000992,992,2020-10-26T01:09:18.298235392+00:00,41.701764608,0.08771929824561403,0.08771929824561403,0.9999999999976694
F004_PID000000992,992,2020-10-26T01:09:18.349273600+00:00,41.6507264,0.08533916849015317,0.08533916849015317,0.9999999999976694
F004_PID000000992,992,2020-10-26T01:09:18.349430528+00:00,41.650569472,0.08296943231441048,0.08296943231441048,0.9999999999976694
F004_PID000000992,992,2020-10-26T01:09:18.353473792+00:00,41.646526208,0.08533916849015317,0.08533916849015317,0.9999999999976694
F004_PID000000992,992,2020-10-26T01:09:18.353981952+00:00,41.646018048,0.08771929824561403,0.08771929824561403,0.9999999999976694
F004_PID000000992,992,2020-10-26T01:09:18.549182976+00:00,41.450817024,0.08296943231441048,0.08296943231441048,0.9999999999976694
F004_PID000000992,992,2020-10-26T01:09:18.549295872+00:00,41.450704128,0.08771929824561403,0.08771929824561403,0.9999999999976694
F004_PID000000992,992,2020-10-26T01:09:18.619173888+00:00,41.380826112,0.08571428571428572,0.08571428571428572,0.9999999999976694
F004_PID000000992,992,2020-10-26T01:09:18.654330624+00:00,41.345669376,0.07760532150776053,0.07760532150776053,0.9999999999976694
F004_PID000000992,992,2020-10-26T01:09:18.654416640+00:00,41.34558336,0.0752212389380531,0.0752212389380531,0.9999999999976694
F004_PID000000992,992,2020-10-26T01:09:18.654479360+00:00,41.34552064,0.07048458149779736,0.07048458149779736,0.9999999999976694
F004_PID000000992,992,2020-10-26T01:09:18.654532608+00:00,41.345467392,0.06813186813186813,0.06813186813186813,0.9999999999976694
F004_PID000000992,992,2020-10-26T01:09:18.654585088+00:00,41.345414912,0.06578947368421052,0.06578947368421052,0.9999999999976694
F004_PID000000992,992,2020-10-26T01:09:18.654636288+00:00,41.345363712,0.06345733041575492,0.06345733041575492,0.9999999999976694
F004_PID000000992,992,2020-10-26T01:09:18.654685184+00:00,41.345314816,0.0611353711790393,0.0611353711790393,0.9999999999976694
F004_PID000000992,992,2020-10-26T01:09:18.654735616+00:00,41.345264384,0.05286343612334802,0.05286343612334802,0.9999999999976694
F004_PID000000992,992,2020-10-26T01:09:18.654735616+00:00,41.345264384,0.05518763796909492,0.05518763796909492,0.9999999999976694
F004_PID000000992,992,2020-10-26T01:09:18.654800128+00:00,41.345199872,0.05752212389380531,0.05752212389380531,0.9999999999976694
F004_PID000000992,992,2020-10-26T01:09:18.654876160+00:00,41.34512384,0.0598669623059867,0.0598669623059867,0.9999999999976694
F004_PID000000992,992,2020-10-26T01:09:18.667161600+00:00,41.3328384,0.03854875283446712,0.03854875283446712,0.9999999999976694
F004_PID000000992,992,2020-10-26T01:09:18.667319552+00:00,41.332680448,0.03619909502262444,0.03619909502262444,0.9999999999976694
F004_PID000000992,992,2020-10-26T01:09:18.667355392+00:00,41.332644608,0.018433179723502304,0.018433179723502304,0.9999999999976694
F004_PID000000992,992,2020-10-26T01:09:18.667507712+00:00,41.332492288,0.016166281755196306,0.016166281755196306,0.9999999999976694
F004_PID000000992,992,2020-10-26T01:09:18.667526656+00:00,41.332473344,0.013888888888888888,0.013888888888888888,0.9999999999976694
F004_PID000000992,992,2020-10-26T01:09:18.667658496+00:00,41.332341504,0.011547344110854504,0.011547344110854504,0.9999999999976694
F004_PID000000992,992,2020-10-26T01:09:18.694189056+00:00,41.305810944,0.013888888888888888,0.013888888888888888,0.9999999999976694
F004_PID000000992,992,2020-10-26T01:09:18.694327296+00:00,41.305672704,0.016241299303944315,0.016241299303944315,0.9999999999976694
F004_PID000000992,992,2020-10-26T01:09:18.694462208+00:00,41.305537792,0.018604651162790697,0.018604651162790697,0.9999999999976694
F004_PID000000992,992,2020-10-26T01:09:18.694605824+00:00,41.305394176,0.016241299303944315,0.016241299303944315,0.9999999999976694
F004_PID000000992,992,2020-10-26T01:09:18.694648320+00:00,41.30535168,0.02528735632183908,0.02528735632183908,0.9999999999976694
F004_PID000000992,992,2020-10-26T01:09:18.694780928+00:00,41.305219072,0.027649769585253458,0.027649769585253458,0.9999999999976694
F004_PID000000992,992,2020-10-26T01:09:18.743181568+00:00,41.256818432,0.04954954954954955,0.04954954954954955,0.9999999999976694
F004_PID000000992,992,2020-10-26T01:09:18.743361280+00:00,41.25663872,0.05191873589164785,0.05191873589164785,0.9999999999976694
F004_PID000000992,992,2020-10-26T01:09:18.747072256+00:00,41.252927744,0.04954954954954955,0.04954954954954955,0.9999999999976694
F004_PID000000992,992,2020-10-26T01:09:18.747219712+00:00,41.252780288,0.04719101123595506,0.04719101123595506,0.9999999999976694
F004_PID000000992,992,2020-10-26T01:09:18.747363328+00:00,41.252636672,0.04484304932735426,0.04484304932735426,0.9999999999976694
F004_PID000000992,992,2020-10-26T01:09:18.747413504+00:00,41.252586496,0.042505592841163314,0.042505592841163314,0.9999999999976694
F004_PID000000992,992,2020-10-26T01:09:18.747457792+00:00,41.252542208,0.033860045146726865,0.033860045146726865,0.9999999999976694
F004_PID000000992,992,2020-10-26T01:09:18.747502592+00:00,41.252497408,0.03619909502262444,0.03619909502262444,0.9999999999976694
F004_PID000000992,992,2020-10-26T01:09:18.747603200+00:00,41.2523968,0.033860045146726865,0.033860045146726865,0.9999999999976694
F004_PID000000992,992,2020-10-26T01:09:18.747650816+00:00,41.252349184,0.03153153153153153,0.03153153153153153,0.9999999999976694
F004_PID000000992,992,2020-10-26T01:09:18.798724096+00:00,41.201275904,0.033860045146726865,0.033860045146726865,0.9999999999976694
F004_PID000000992,992,2020-10-26T01:09:18.798860800+00:00,41.2011392,0.03619909502262444,0.03619909502262444,0.9999999999976694
F004_PID000000992,992,2020-10-26T01:09:18.798911232+00:00,41.201088768,0.03854875283446712,0.03854875283446712,0.9999999999976694
F004_PID000000992,992,2020-10-26T01:09:18.799002368+00:00,41.200997632,0.04090909090909091,0.04090909090909091,0.9999999999976694
F004_PID000000992,992,2020-10-26T01:09:18.799154688+00:00,41.200845312,0.03854875283446712,0.03854875283446712,0.9999999999976694
F004_PID000000992,992,2020-10-26T01:09:18.799207424+00:00,41.200792576,0.03619909502262444,0.03619909502262444,0.9999999999976694
F004_PID000000992,992,2020-10-26T01:09:18.799249664+00:00,41.200750336,0.04484304932735426,0.04484304932735426,0.9999999999976694
F004_PID000000992,992,2020-10-26T01:09:18.799380480+00:00,41.20061952,0.04719101123595506,0.04719101123595506,0.9999999999976694
F004_PID000000992,992,2020-10-26T01:09:18.799513344+00:00,41.200486656,0.04954954954954955,0.04954954954954955,0.9999999999976694
F004_PID000000992,992,2020-10-26T01:09:18.809911552+00:00,41.190088448,0.05191873589164785,0.05191873589164785,0.9999999999976694
F004_PID000000992,992,2020-10-26T01:09:18.839211008+00:00,41.160788992,0.04954954954954955,0.04954954954954955,0.9999999999976694
F004_PID000000992,992,2020-10-26T01:09:18.839366912+00:00,41.160633088,0.04719101123595506,0.04719101123595506,0.9999999999976694
F004_PID000000992,992,2020-10-26T01:09:18.839483648+00:00,41.160516352,0.03854875283446712,0.03854875283446712,0.9999999999976694
F004_PID000000992,992,2020-10-26T01:09:18.839627776+00:00,41.160372224,0.03619909502262444,0.03619909502262444,0.9999999999976694
F004_PID000000992,992,2020-10-26T01:09:18.839762432+00:00,41.160237568,0.033860045146726865,0.033860045146726865,0.9999999999976694
F004_PID000000992,992,2020-10-26T01:09:18.884807680+00:00,41.11519232,0.029213483146067417,0.029213483146067417,0.9999999999976694
F004_PID000000992,992,2020-10-26T01:09:18.884929536+00:00,41.115070464,0.02702702702702703,0.02702702702702703,0.9999999999976694
F004_PID000000992,992,2020-10-26T01:09:18.902755328+00:00,41.097244672,0.02262443438914027,0.02262443438914027,0.9999999999976694
F004_PID000000992,992,2020-10-26T01:09:19.225379584+00:00,40.774620416,0.02262443438914027,0.02262443438914027,0.9999999999976694
F004_PID000000992,992,2020-10-26T01:09:19.367771136+00:00,40.632228864,0.02727272727272727,0.02727272727272727,0.9999999999976694
F004_PID000000992,992,2020-10-26T01:09:19.367941632+00:00,40.632058368,0.029612756264236904,0.029612756264236904,0.9999999999976694
F004_PID000000992,992,2020-10-26T01:09:19.367988224+00:00,40.632011776,0.034013605442176874,0.034013605442176874,0.9999999999976694
F004_PID000000992,992,2020-10-26T01:09:19.368081152+00:00,40.631918848,0.03636363636363636,0.03636363636363636,0.9999999999976694
F004_PID000000992,992,2020-10-26T01:09:19.368134912+00:00,40.631865088,0.034013605442176874,0.034013605442176874,0.9999999999976694
F004_PID000000992,992,2020-10-26T01:09:19.368226304+00:00,40.631773696,0.03636363636363636,0.03636363636363636,0.9999999999976694
F004_PID000000992,992,2020-10-26T01:09:19.368279552+00:00,40.631720448,0.0387243735763098,0.0387243735763098,0.9999999999976694
F004_PID000000992,992,2020-10-26T01:09:19.368423168+00:00,40.631576832,0.03636363636363636,0.03636363636363636,0.9999999999976694
F004_PID000000992,992,2020-10-26T01:09:19.368472320+00:00,40.63152768,0.04504504504504504,0.04504504504504504,0.9999999999976694
F004_PID000000992,992,2020-10-26T01:09:19.368572416+00:00,40.631427584,0.04269662921348315,0.04269662921348315,0.9999999999976694
F004_PID000000992,992,2020-10-26T01:09:19.368680704+00:00,40.631319296,0.04504504504504504,0.04504504504504504,0.9999999999976694
F004_PID000000992,992,2020-10-26T01:09:19.409520896+00:00,40.590479104,0.03636363636363636,0.03636363636363636,0.9999999999976694
F004_PID000000992,992,2020-10-26T01:09:19.409666048+00:00,40.590333952,0.034013605442176874,0.034013605442176874,0.9999999999976694
F004_PID000000992,992,2020-10-26T01:09:19.409801728+00:00,40.590198272,0.03636363636363636,0.03636363636363636,0.9999999999976694
F004_PID000000992,992,2020-10-26T01:09:19.409937664+00:00,40.590062336,0.0387243735763098,0.0387243735763098,0.9999999999976694
F004_PID000000992,992,2020-10-26T01:09:19.410079232+00:00,40.589920768,0.03636363636363636,0.03636363636363636,0.9999999999976694
F004_PID000000992,992,2020-10-26T01:09:19.625123584+00:00,40.374876416,0.034013605442176874,0.034013605442176874,0.9999999999976694
F004_PID000000992,992,2020-10-26T01:09:19.625260800+00:00,40.3747392,0.03636363636363636,0.03636363636363636,0.9999999999976694
F004_PID000000992,992,2020-10-26T01:09:19.625391104+00:00,40.374608896,0.0387243735763098,0.0387243735763098,0.9999999999976694
F004_PID000000992,992,2020-10-26T01:09:19.625528576+00:00,40.374471424,0.03636363636363636,0.03636363636363636,0.9999999999976694
F004_PID000000992,992,2020-10-26T01:09:19.625571328+00:00,40.374428672,0.04504504504504504,0.04504504504504504,0.9999999999976694
F004_PID000000992,992,2020-10-26T01:09:19.625705216+00:00,40.374294784,0.04740406320541761,0.04740406320541761,0.9999999999976694
F004_PID000000992,992,2020-10-26T01:09:19.686698240+00:00,40.31330176,0.04504504504504504,0.04504504504504504,0.9999999999976694
F004_PID000000992,992,2020-10-26T01:09:19.686832640+00:00,40.31316736,0.04740406320541761,0.04740406320541761,0.9999999999976694
F004_PID000000992,992,2020-10-26T01:09:19.686882816+00:00,40.313117184,0.0387243735763098,0.0387243735763098,0.9999999999976694
F004_PID000000992,992,2020-10-26T01:09:19.686955264+00:00,40.313044736,0.04740406320541761,0.04740406320541761,0.9999999999976694
F004_PID000000992,992,2020-10-26T01:09:19.687023616+00:00,40.312976384,0.04504504504504504,0.04504504504504504,0.9999999999976694
F004_PID000000992,992,2020-10-26T01:09:19.687079936+00:00,40.312920064,0.04269662921348315,0.04269662921348315,0.9999999999976694
F004_PID000000992,992,2020-10-26T01:09:19.687164928+00:00,40.312835072,0.04504504504504504,0.04504504504504504,0.9999999999976694
F004_PID000000992,992,2020-10-26T01:09:19.687218176+00:00,40.312781824,0.04740406320541761,0.04740406320541761,0.9999999999976694
F004_PID000000992,992,2020-10-26T01:09:20.034198016+00:00,39.965801984,0.04504504504504504,0.04504504504504504,0.9999999999976694
F004_PID000000992,992,2020-10-26T01:09:20.034333184+00:00,39.965666816,0.03636363636363636,0.03636363636363636,0.9999999999976694
F004_PID000000992,992,2020-10-26T01:09:20.035215616+00:00,39.964784384,0.034013605442176874,0.034013605442176874,0.9999999999976694
F004_PID000000992,992,2020-10-26T01:09:20.035354368+00:00,39.964645632,0.03167420814479638,0.03167420814479638,0.9999999999976694
F004_PID000000992,992,2020-10-26T01:09:20.035489024+00:00,39.964510976,0.029345372460496615,0.029345372460496615,0.9999999999976694
F004_PID000000992,992,2020-10-26T01:09:20.035716608+00:00,39.964283392,0.024943310657596373,0.024943310657596373,0.9999999999976694
F004_PID000000992,992,2020-10-26T01:09:20.054158592+00:00,39.945841408,0.02050113895216401,0.02050113895216401,0.9999999999976694
F004_PID000000992,992,2020-10-26T01:09:20.054297344+00:00,39.945702656,0.0228310502283105,0.0228310502283105,0.9999999999976694
F004_PID000000992,992,2020-10-26T01:09:20.054430720+00:00,39.94556928,0.02517162471395881,0.02517162471395881,0.9999999999976694
F004_PID000000992,992,2020-10-26T01:09:20.054474752+00:00,39.945525248,0.0228310502283105,0.0228310502283105,0.9999999999976694
F004_PID000000992,992,2020-10-26T01:09:20.054580736+00:00,39.945419264,0.02050113895216401,0.02050113895216401,0.9999999999976694
F004_PID000000992,992,2020-10-26T01:09:20.054626048+00:00,39.945373952,0.0228310502283105,0.0228310502283105,0.9999999999976694
F004_PID000000992,992,2020-10-26T01:09:20.054672640+00:00,39.94532736,0.02050113895216401,0.02050113895216401,0.9999999999976694
F004_PID000000992,992,2020-10-26T01:09:20.054770432+00:00,39.945229568,0.0228310502283105,0.0228310502283105,0.9999999999976694
F004_PID000000992,992,2020-10-26T01:09:20.834013440+00:00,39.16598656,0.02050113895216401,0.02050113895216401,0.9999999999976694
F004_PID000000992,992,2020-10-26T01:09:20.835112960+00:00,39.16488704,0.0228310502283105,0.0228310502283105,0.9999999999976694
F004_PID000000992,992,2020-10-26T01:09:20.835161856+00:00,39.164838144,0.02517162471395881,0.02517162471395881,0.9999999999976694
F004_PID000000992,992,2020-10-26T01:09:20.835302912+00:00,39.164697088,0.0228310502283105,0.0228310502283105,0.9999999999976694
F004_PID000000992,992,2020-10-26T01:09:20.835437568+00:00,39.164562432,0.02050113895216401,0.02050113895216401,0.9999999999976694
F004_PID000000992,992,2020-10-26T01:09:21.774089984+00:00,38.225910016,0.015873015873015872,0.015873015873015872,0.9999999999976694
F004_PID000000992,992,2020-10-26T01:09:23.638899200+00:00,36.3611008,0.01818181818181818,0.01818181818181818,0.9999999999976694
F004_PID000000992,992,2020-10-26T01:09:23.639410688+00:00,36.360589312,0.02050113895216401,0.02050113895216401,0.9999999999976694
F004_PID000000992,992,2020-10-26T01:09:23.639599616+00:00,36.360400384,0.0228310502283105,0.0228310502283105,0.9999999999976694
F004_PID000000992,992,2020-10-26T01:09:24.782117632+00:00,35.217882368,0.04186046511627907,0.04186046511627907,0.9999999999976694
F004_PID000000992,992,2020-10-26T01:09:24.784508928+00:00,35.215491072,0.0228310502283105,0.0228310502283105,0.9999999999976694
F004_PID000000992,992,2020-10-26T01:09:24.784729344+00:00,35.215270656,0.020594965675057208,0.020594965675057208,0.9999999999976694
F004_PID000000992,992,2020-10-26T01:09:24.784872960+00:00,35.21512704,0.0182648401826484,0.0182648401826484,0.9999999999976694
F004_PID000000992,992,2020-10-26T01:09:24.784900096+00:00,35.215099904,0.015945330296127564,0.015945330296127564,0.9999999999976694
F004_PID000000992,992,2020-10-26T01:09:24.785005824+00:00,35.214994176,0.0182648401826484,0.0182648401826484,0.9999999999976694
F004_PID000000992,992,2020-10-26T01:09:25.022843648+00:00,34.977156352,0.020594965675057208,0.020594965675057208,0.9999999999976694
F004_PID000000992,992,2020-10-26T01:09:25.141297152+00:00,34.858702848,0.022935779816513763,0.022935779816513763,0.9999999999976694
F004_PID000000992,992,2020-10-26T01:09:25.160815616+00:00,34.839184384,0.020594965675057208,0.020594965675057208,0.9999999999976694
F004_PID000000992,992,2020-10-26T01:09:30.000452608+00:00,29.999547392,0.020594965675057208,0.020594965675057208,0.9999999999976694
F004_PID000000992,992,2020-10-26T01:09:30.000507904+00:00,29.999492096,0.020594965675057208,0.020594965675057208,0.9999999999976694
F004_PID000000992,992,2020-10-26T01:09:35.336372224+00:00,24.663627776,0.020594965675057208,0.020594965675057208,0.9999999999976694
F004_PID000000992,992,2020-10-26T01:09:35.336404480+00:00,24.66359552,0.03002309468822171,0.03002309468822171,0.9999999999976694
F004_PID000000992,992,2020-10-26T01:09:35.336591616+00:00,24.663408384,0.032407407407407406,0.032407407407407406,0.9999999999976694
F004_PID000000992,992,2020-10-26T01:09:35.336678656+00:00,24.663321344,0.03464203233256351,0.03464203233256351,0.9999999999976694
F004_PID000000992,992,2020-10-26T01:09:35.336806912+00:00,24.663193088,0.03908045977011494,0.03908045977011494,0.9999999999976694
F004_PID000000992,992,2020-10-26T01:09:35.336846080+00:00,24.66315392,0.04387990762124711,0.04387990762124711,0.9999999999976694
F004_PID000000992,992,2020-10-26T01:09:35.336894208+00:00,24.663105792,0.046296296296296294,0.046296296296296294,0.9999999999976694
F004_PID000000992,992,2020-10-26T01:09:35.336942848+00:00,24.663057152,0.04849884526558892,0.04849884526558892,0.9999999999976694
F004_PID000000992,992,2020-10-26T01:09:35.337060608+00:00,24.662939392,0.05069124423963134,0.05069124423963134,0.9999999999976694
F004_PID000000992,992,2020-10-26T01:09:35.338749440+00:00,24.66125056,-0.05,-0.05,1.9999999999997797
F004_PID000000992,992,2020-10-26T01:09:35.338984704+00:00,24.661015296,-0.04132231404958678,-0.04132231404958678,1.9999999999997797
F004_PID000000992,992,2020-10-26T01:09:35.339028992+00:00,24.660971008,-0.037037037037037035,-0.037037037037037035,1.9999999999997797
F004_PID000000992,992,2020-10-26T01:09:35.340390144+00:00,24.659609856,-0.031055900621118012,-0.031055900621118012,1.9999999999997797
F004_PID000000992,992,2020-10-26T01:09:35.340858880+00:00,24.65914112,-0.16627634660421545,-0.16627634660421545,1.0000000000021103
F004_PID000000992,992,2020-10-26T01:09:35.341109504+00:00,24.658890496,-0.1554524361948956,-0.1554524361948956,1.0000000000021103
F004_PID000000992,992,2020-10-26T01:09:35.342179072+00:00,24.657820928,-0.1554524361948956,-0.1554524361948956,1.0000000000021103
F004_PID000000992,992,2020-10-26T01:09:35.349629696+00:00,24.650370304,-0.1527777777777778,-0.1527777777777778,1.0000000000021103
F004_PID000000992,992,2020-10-26T01:09:35.351370496+00:00,24.648629504,-0.1318181818181818,-0.1318181818181818,1.0000000000021103
F004_PID000000992,992,2020-10-26T01:09:35.351860480+00:00,24.64813952,-0.13958810068649885,-0.13958810068649885,1.0000000000021103
F004_PID000000992,992,2020-10-26T01:09:35.352073216+00:00,24.647926784,-0.024691358024691357,-0.024691358024691357,1.9999999999997797
F004_PID000000992,992,2020-10-26T01:09:35.353058560+00:00,24.64694144,-0.006060606060606061,-0.006060606060606061,1.9999999999997797
F004_PID000000992,992,2020-10-26T01:09:35.363773184+00:00,24.636226816,-0.136986301369863,-0.136986301369863,1.0000000000021103
F004_PID000000992,992,2020-10-26T01:09:35.365196544+00:00,24.634803456,-0.136986301369863,-0.136986301369863,1.0000000000021103
F004_PID000000992,992,2020-10-26T01:09:35.375429376+00:00,24.624570624,-0.024691358024691357,-0.024691358024691357,1.9999999999997797
F004_PID000000992,992,2020-10-26T01:09:35.375736320+00:00,24.62426368,-0.13439635535307518,-0.13439635535307518,1.0000000000021103
F004_PID000000992,992,2020-10-26T01:09:35.397244416+00:00,24.602755584,-0.1292517006802721,-0.1292517006802721,1.0000000000021103
F004_PID000000992,992,2020-10-26T01:09:35.424200448+00:00,24.575799552,-0.10421286031042129,-0.10421286031042129,1.0000000000021103
F004_PID000000992,992,2020-10-26T01:09:35.464716288+00:00,24.535283712,-0.09933774834437085,-0.09933774834437085,1.0000000000021103
F004_PID000000992,992,2020-10-26T01:09:35.466912768+00:00,24.533087232,-0.11496746203904555,-0.11496746203904555,1.0000000000021103
F004_PID000000992,992,2020-10-26T01:09:35.474210048+00:00,24.525789952,-0.11982570806100218,-0.11982570806100218,1.0000000000021103
F004_PID000000992,992,2020-10-26T01:09:35.485161984+00:00,24.514838016,-0.11208791208791209,-0.11208791208791209,1.0000000000021103
F004_PID000000992,992,2020-10-26T01:09:35.533688320+00:00,24.46631168,-0.09619686800894854,-0.09619686800894854,1.0000000000021103
F004_PID000000992,992,2020-10-26T01:09:35.534779904+00:00,24.465220096,-0.09213483146067415,-0.09213483146067415,1.0000000000021103
F004_PID000000992,992,2020-10-26T01:09:35.578713856+00:00,24.421286144,-0.087248322147651,-0.087248322147651,1.0000000000021103
F004_PID000000992,992,2020-10-26T01:09:35.912555008+00:00,24.087444992,-0.09131403118040089,-0.09131403118040089,1.0000000000021103
F004_PID000000992,992,2020-10-26T01:09:35.913018624+00:00,24.086981376,-0.09131403118040089,-0.09131403118040089,1.0000000000021103
F004_PID000000992,992,2020-10-26T01:09:35.913094912+00:00,24.086905088,0.008097165991902834,0.008097165991902834,1.9999999999997797
F004_PID000000992,992,2020-10-26T01:09:35.913328896+00:00,24.086671104,0.12669683257918551,0.12669683257918551,0.9999999999976694
F004_PID000000992,992,2020-10-26T01:09:35.913443328+00:00,24.086556672,0.11659192825112108,0.11659192825112108,0.9999999999976694
F004_PID000000992,992,2020-10-26T01:09:35.913473792+00:00,24.086526208,0.10666666666666667,0.10666666666666667,0.9999999999976694
F004_PID000000992,992,2020-10-26T01:09:35.913718016+00:00,24.086281984,0.10176991150442478,0.10176991150442478,0.9999999999976694
F004_PID000000992,992,2020-10-26T01:09:35.913800960+00:00,24.08619904,0.0945054945054945,0.0945054945054945,0.9999999999976694
F004_PID000000992,992,2020-10-26T01:09:35.913815552+00:00,24.086184448,0.0755939524838013,0.0755939524838013,0.9999999999976694
F004_PID000000992,992,2020-10-26T01:09:35.913878272+00:00,24.086121728,0.0735930735930736,0.0735930735930736,0.9999999999976694
F004_PID000000992,992,2020-10-26T01:09:35.913964544+00:00,24.086035456,0.06956521739130435,0.06956521739130435,0.9999999999976694
F004_PID000000992,992,2020-10-26T01:09:35.914954496+00:00,24.085045504,0.08742004264392324,0.08742004264392324,0.9999999999976694
F004_PID000000992,992,2020-10-26T01:09:35.924996096+00:00,24.075003904,0.09207708779443255,0.09207708779443255,0.9999999999976694
F004_PID000000992,992,2020-10-26T01:09:35.925662720+00:00,24.07433728,0.08817204301075268,0.08817204301075268,0.9999999999976694
F004_PID000000992,992,2020-10-26T01:09:36.033431808+00:00,23.966568192,0.08026030368763558,0.08026030368763558,0.9999999999976694
F004_PID000000992,992,2020-10-26T01:09:36.033448192+00:00,23.966551808,0.07221006564551423,0.07221006564551423,0.9999999999976694
F004_PID000000992,992,2020-10-26T01:09:37.632517120+00:00,22.36748288,0.06753812636165578,0.06753812636165578,0.9999999999976694
F004_PID000000992,992,2020-10-26T01:09:37.632696320+00:00,22.36730368,0.06550218340611354,0.06550218340611354,0.9999999999976694
F004_PID000000992,992,2020-10-26T01:09:37.632717056+00:00,22.367282944,0.06140350877192982,0.06140350877192982,0.9999999999976694
F004_PID000000992,992,2020-10-26T01:09:37.632867840+00:00,22.36713216,0.05908096280087528,0.05908096280087528,0.9999999999976694
F004_PID000000992,992,2020-10-26T01:09:37.633006592+00:00,22.366993408,0.0611353711790393,0.0611353711790393,0.9999999999976694
F004_PID000000992,992,2020-10-26T01:09:37.633043712+00:00,22.366956288,0.058823529411764705,0.058823529411764705,0.9999999999976694
F004_PID000000992,992,2020-10-26T01:09:37.633149696+00:00,22.366850304,0.0611353711790393,0.0611353711790393,0.9999999999976694
F004_PID000000992,992,2020-10-26T01:09:37.633196544+00:00,22.366803456,0.06345733041575492,0.06345733041575492,0.9999999999976694
F004_PID000000992,992,2020-10-26T01:09:37.633241088+00:00,22.366758912,0.06140350877192982,0.06140350877192982,0.9999999999976694
F004_PID000000992,992,2020-10-26T01:09:37.633690368+00:00,22.366309632,0.07079646017699115,0.07079646017699115,0.9999999999976694
F004_PID000000992,992,2020-10-26T01:09:37.633816832+00:00,22.366183168,0.0728476821192053,0.0728476821192053,0.9999999999976694
F004_PID000000992,992,2020-10-26T01:09:37.633836800+00:00,22.3661632,0.08096280087527352,0.08096280087527352,0.9999999999976694
F004_PID000000992,992,2020-10-26T01:09:37.633939456+00:00,22.366060544,0.08496732026143791,0.08496732026143791,0.9999999999976694
F004_PID000000992,992,2020-10-26T01:09:37.634004736+00:00,22.365995264,0.08971553610503283,0.08971553610503283,0.9999999999976694
F004_PID000000992,992,2020-10-26T01:09:37.634097152+00:00,22.365902848,-0.021611001964636542,-0.021611001964636542,1.9999999999997797
F004_PID000000992,992,2020-10-26T01:09:37.634375680+00:00,22.36562432,-0.01761252446183953,-0.01761252446183953,1.9999999999997797
F004_PID000000992,992,2020-10-26T01:09:37.634390784+00:00,22.365609216,-0.015625,-0.015625,1.9999999999997797
F004_PID000000992,992,2020-10-26T01:09:37.634491648+00:00,22.365508352,-0.01364522417153996,-0.01364522417153996,1.9999999999997797
F004_PID000000992,992,2020-10-26T01:09:37.635632384+00:00,22.364367616,-0.00784313725490196,-0.00784313725490196,1.9999999999997797
F004_PID000000992,992,2020-10-26T01:09:37.963839232+00:00,22.036160768,-0.009823182711198428,-0.009823182711198428,1.9999999999997797
F004_PID000000992,992,2020-10-26T01:09:38.292953088+00:00,21.707046912,-0.015625,-0.015625,1.9999999999997797
F004_PID000000992,992,2020-10-26T01:09:38.941242368+00:00,21.058757632,0.09565217391304348,0.09565217391304348,0.9999999999976694
F004_PID000000992,992,2020-10-26T01:09:38.941487360+00:00,21.05851264,0.09090909090909091,0.09090909090909091,0.9999999999976694
F004_PID000000992,992,2020-10-26T01:09:38.941538816+00:00,21.058461184,0.08695652173913043,0.08695652173913043,0.9999999999976694
F004_PID000000992,992,2020-10-26T01:09:38.941636352+00:00,21.058363648,0.08459869848156182,0.08459869848156182,0.9999999999976694
F004_PID000000992,992,2020-10-26T01:09:38.941777408+00:00,21.058222592,0.08260869565217391,0.08260869565217391,0.9999999999976694
F004_PID000000992,992,2020-10-26T01:09:38.941840896+00:00,21.058159104,0.07860262008733625,0.07860262008733625,0.9999999999976694
F004_PID000000992,992,2020-10-26T01:09:38.941971968+00:00,21.058028032,0.07048458149779736,0.07048458149779736,0.9999999999976694
F004_PID000000992,992,2020-10-26T01:09:38.942279680+00:00,21.05772032,0.06813186813186813,0.06813186813186813,0.9999999999976694
F004_PID000000992,992,2020-10-26T01:09:38.943012608+00:00,21.056987392,0.06578947368421052,0.06578947368421052,0.9999999999976694
F004_PID000000992,992,2020-10-26T01:09:38.943159552+00:00,21.056840448,0.06345733041575492,0.06345733041575492,0.9999999999976694
F004_PID000000992,992,2020-10-26T01:09:38.943197696+00:00,21.056802304,0.06140350877192982,0.06140350877192982,0.9999999999976694
F004_PID000000992,992,2020-10-26T01:09:38.957644544+00:00,21.042355456,0.044642857142857144,0.044642857142857144,0.9999999999976694
F004_PID000000992,992,2020-10-26T01:09:38.959216128+00:00,21.040783872,0.042316258351893093,0.042316258351893093,0.9999999999976694
F004_PID000000992,992,2020-10-26T01:09:38.959346176+00:00,21.040653824,0.044642857142857144,0.044642857142857144,0.9999999999976694
F004_PID000000992,992,2020-10-26T01:09:39.015584256+00:00,20.984415744,0.04697986577181208,0.04697986577181208,0.9999999999976694
F004_PID000000992,992,2020-10-26T01:09:39.030278656+00:00,20.969721344,0.04932735426008968,0.04932735426008968,0.9999999999976694
F004_PID000000992,992,2020-10-26T01:09:39.030413312+00:00,20.969586688,0.051685393258426963,0.051685393258426963,0.9999999999976694
F004_PID000000992,992,2020-10-26T01:09:39.153683456+00:00,20.846316544,0.04932735426008968,0.04932735426008968,0.9999999999976694
F004_PID000000992,992,2020-10-26T01:09:39.153830912+00:00,20.846169088,0.04697986577181208,0.04697986577181208,0.9999999999976694
F004_PID000000992,992,2020-10-26T01:09:39.402304+00:00,20.597696,0.044642857142857144,0.044642857142857144,0.9999999999976694
F004_PID000000992,992,2020-10-26T01:09:39.402475776+00:00,20.597524224,0.042316258351893093,0.042316258351893093,0.9999999999976694
F004_PID000000992,992,2020-10-26T01:09:39.402527744+00:00,20.597472256,0.04,0.04,0.9999999999976694
F004_PID000000992,992,2020-10-26T01:09:39.402828800+00:00,20.5971712,0.0378619153674833,0.0378619153674833,0.9999999999976694
F004_PID000000992,992,2020-10-26T01:09:39.402974464+00:00,20.597025536,0.03571428571428571,0.03571428571428571,0.9999999999976694
F004_PID000000992,992,2020-10-26T01:09:39.403177472+00:00,20.596822528,0.0334075723830735,0.0334075723830735,0.9999999999976694
F004_PID000000992,992,2020-10-26T01:09:39.405671936+00:00,20.594328064,0.03571428571428571,0.03571428571428571,0.9999999999976694
F004_PID000000992,992,2020-10-26T01:09:39.405798656+00:00,20.594201344,0.03803131991051454,0.03803131991051454,0.9999999999976694
F004_PID000000992,992,2020-10-26T01:09:39.434601728+00:00,20.565398272,0.03571428571428571,0.03571428571428571,0.9999999999976694
F004_PID000000992,992,2020-10-26T01:09:39.473674752+00:00,20.526325248,0.03803131991051454,0.03803131991051454,0.9999999999976694
F004_PID000000992,992,2020-10-26T01:09:39.473835776+00:00,20.526164224,0.04035874439461883,0.04035874439461883,0.9999999999976694
F004_PID000000992,992,2020-10-26T01:09:39.529006848+00:00,20.470993152,0.04269662921348315,0.04269662921348315,0.9999999999976694
F004_PID000000992,992,2020-10-26T01:09:40.000248832+00:00,19.999751168,0.04269662921348315,0.04269662921348315,0.9999999999976694
F004_PID000000992,992,2020-10-26T01:09:40.334167040+00:00,19.66583296,0.04035874439461883,0.04035874439461883,0.9999999999976694
F004_PID000000992,992,2020-10-26T01:09:40.334329344+00:00,19.665670656,0.03803131991051454,0.03803131991051454,0.9999999999976694
F004_PID000000992,992,2020-10-26T01:09:40.335475968+00:00,19.664524032,0.03571428571428571,0.03571428571428571,0.9999999999976694
F004_PID000000992,992,2020-10-26T01:09:40.339894016+00:00,19.660105984,0.03111111111111111,0.03111111111111111,0.9999999999976694
F004_PID000000992,992,2020-10-26T01:09:41.565307904+00:00,18.434692096,0.03571428571428571,0.03571428571428571,0.9999999999976694
F004_PID000000992,992,2020-10-26T01:09:41.585033216+00:00,18.414966784,0.03803131991051454,0.03803131991051454,0.9999999999976694
F004_PID000000992,992,2020-10-26T01:09:41.842248704+00:00,18.157751296,0.03571428571428571,0.03571428571428571,0.9999999999976694
F004_PID000000992,992,2020-10-26T01:09:42.392860672+00:00,17.607139328,0.03803131991051454,0.03803131991051454,0.9999999999976694
F004_PID000000992,992,2020-10-26T01:09:42.393020672+00:00,17.606979328,0.04035874439461883,0.04035874439461883,0.9999999999976694
F004_PID000000992,992,2020-10-26T01:09:42.413361664+00:00,17.586638336,0.04269662921348315,0.04269662921348315,0.9999999999976694
F004_PID000000992,992,2020-10-26T01:09:44.136921600+00:00,15.8630784,0.04504504504504504,0.04504504504504504,0.9999999999976694
F004_PID000000992,992,2020-10-26T01:09:44.137132288+00:00,15.862867712,0.04719101123595506,0.04719101123595506,0.9999999999976694
F004_PID000000992,992,2020-10-26T01:09:44.137297152+00:00,15.862702848,0.04954954954954955,0.04954954954954955,0.9999999999976694
F004_PID000000992,992,2020-10-26T01:09:44.145509888+00:00,15.854490112,0.05191873589164785,0.05191873589164785,0.9999999999976694
F004_PID000000992,992,2020-10-26T01:09:44.145669632+00:00,15.854330368,0.06040268456375839,0.06040268456375839,0.9999999999976694
F004_PID000000992,992,2020-10-26T01:09:44.145816064+00:00,15.854183936,0.0651685393258427,0.0651685393258427,0.9999999999976694
F004_PID000000992,992,2020-10-26T01:09:44.145947648+00:00,15.854052352,0.06726457399103139,0.06726457399103139,0.9999999999976694
F004_PID000000992,992,2020-10-26T01:09:44.149001216+00:00,15.850998784,0.07142857142857142,0.07142857142857142,0.9999999999976694
F004_PID000000992,992,2020-10-26T01:09:44.167822080+00:00,15.83217792,-0.04,-0.04,1.9999999999997797
F004_PID000000992,992,2020-10-26T01:09:44.168172288+00:00,15.831827712,0.07142857142857142,0.07142857142857142,0.9999999999976694
F004_PID000000992,992,2020-10-26T01:09:44.168237312+00:00,15.831762688,0.07349665924276169,0.07349665924276169,0.9999999999976694
F004_PID000000992,992,2020-10-26T01:09:44.168262656+00:00,15.831737344,0.07760532150776053,0.07760532150776053,0.9999999999976694
F004_PID000000992,992,2020-10-26T01:09:44.168384+00:00,15.831616,0.0728476821192053,0.0728476821192053,0.9999999999976694
F004_PID000000992,992,2020-10-26T01:09:44.168431104+00:00,15.831568896,0.07079646017699115,0.07079646017699115,0.9999999999976694
F004_PID000000992,992,2020-10-26T01:09:44.168474112+00:00,15.831525888,0.0684326710816777,0.0684326710816777,0.9999999999976694
F004_PID000000992,992,2020-10-26T01:09:44.168529152+00:00,15.831470848,0.06430155210643015,0.06430155210643015,0.9999999999976694
F004_PID000000992,992,2020-10-26T01:09:44.168529152+00:00,15.831470848,0.06904231625835189,0.06904231625835189,0.9999999999976694
F004_PID000000992,992,2020-10-26T01:09:44.168872704+00:00,15.831127296,0.06666666666666667,0.06666666666666667,0.9999999999976694
F004_PID000000992,992,2020-10-26T01:09:44.169301504+00:00,15.830698496,0.0645879732739421,0.0645879732739421,0.9999999999976694
F004_PID000000992,992,2020-10-26T01:09:44.179422208+00:00,15.820577792,0.06040268456375839,0.06040268456375839,0.9999999999976694
F004_PID000000992,992,2020-10-26T01:09:44.189201408+00:00,15.810798592,0.05803571428571429,0.05803571428571429,0.9999999999976694
F004_PID000000992,992,2020-10-26T01:09:44.189285632+00:00,15.810714368,0.0556792873051225,0.0556792873051225,0.9999999999976694
F004_PID000000992,992,2020-10-26T01:09:44.189340416+00:00,15.810659584,0.05333333333333334,0.05333333333333334,0.9999999999976694
F004_PID000000992,992,2020-10-26T01:09:44.189409536+00:00,15.810590464,0.050997782705099776,0.050997782705099776,0.9999999999976694
F004_PID000000992,992,2020-10-26T01:09:44.189450496+00:00,15.810549504,0.042505592841163314,0.042505592841163314,0.9999999999976694
F004_PID000000992,992,2020-10-26T01:09:44.229184256+00:00,15.770815744,0.04484304932735426,0.04484304932735426,0.9999999999976694
F004_PID000000992,992,2020-10-26T01:09:44.269705472+00:00,15.730294528,0.04017857142857143,0.04017857142857143,0.9999999999976694
F004_PID000000992,992,2020-10-26T01:09:44.434356224+00:00,15.565643776,0.05701754385964912,0.05701754385964912,0.9999999999976694
F004_PID000000992,992,2020-10-26T01:09:44.781565696+00:00,15.218434304,0.07589285714285714,0.07589285714285714,0.9999999999976694
F004_PID000000992,992,2020-10-26T01:09:44.781711104+00:00,15.218288896,0.07829977628635347,0.07829977628635347,0.9999999999976694
F004_PID000000992,992,2020-10-26T01:09:44.781849088+00:00,15.218150912,0.08071748878923767,0.08071748878923767,0.9999999999976694
F004_PID000000992,992,2020-10-26T01:09:45.516884992+00:00,14.483115008,0.07829977628635347,0.07829977628635347,0.9999999999976694
F004_PID000000992,992,2020-10-26T01:09:45.516934912+00:00,14.483065088,0.07589285714285714,0.07589285714285714,0.9999999999976694
F004_PID000000992,992,2020-10-26T01:09:45.517198080+00:00,14.48280192,0.07829977628635347,0.07829977628635347,0.9999999999976694
F004_PID000000992,992,2020-10-26T01:09:45.517322240+00:00,14.48267776,0.08071748878923767,0.08071748878923767,0.9999999999976694
F004_PID000000992,992,2020-10-26T01:09:45.517361408+00:00,14.482638592,0.07829977628635347,0.07829977628635347,0.9999999999976694
F004_PID000000992,992,2020-10-26T01:09:45.517477632+00:00,14.482522368,0.08071748878923767,0.08071748878923767,0.9999999999976694
F004_PID000000992,992,2020-10-26T01:09:45.520437504+00:00,14.479562496,0.06167400881057269,0.06167400881057269,0.9999999999976694
F004_PID000000992,992,2020-10-26T01:09:45.520572416+00:00,14.479427584,0.05934065934065934,0.05934065934065934,0.9999999999976694
F004_PID000000992,992,2020-10-26T01:09:45.520615424+00:00,14.479384576,0.05701754385964912,0.05701754385964912,0.9999999999976694
F004_PID000000992,992,2020-10-26T01:09:45.520747008+00:00,14.479252992,0.054945054945054944,0.054945054945054944,0.9999999999976694
F004_PID000000992,992,2020-10-26T01:09:45.522775808+00:00,14.477224192,0.0738255033557047,0.0738255033557047,0.9999999999976694
F004_PID000000992,992,2020-10-26T01:09:45.522939904+00:00,14.477060096,0.07623318385650224,0.07623318385650224,0.9999999999976694
F004_PID000000992,992,2020-10-26T01:09:45.522995968+00:00,14.477004032,0.07865168539325842,0.07865168539325842,0.9999999999976694
F004_PID000000992,992,2020-10-26T01:09:45.723855104+00:00,14.276144896,0.07623318385650224,0.07623318385650224,0.9999999999976694
F004_PID000000992,992,2020-10-26T01:09:45.725922816+00:00,14.274077184,0.05726872246696035,0.05726872246696035,0.9999999999976694
F004_PID000000992,992,2020-10-26T01:09:45.726112+00:00,14.273888,0.054945054945054944,0.054945054945054944,0.9999999999976694
F004_PID000000992,992,2020-10-26T01:09:46.115472896+00:00,13.884527104,0.05726872246696035,0.05726872246696035,0.9999999999976694
F004_PID000000992,992,2020-10-26T01:09:52.037170688+00:00,7.962829312,0.054945054945054944,0.054945054945054944,0.9999999999976694
F004_PID000000992,992,2020-10-26T01:09:52.037285120+00:00,7.96271488,0.05726872246696035,0.05726872246696035,0.9999999999976694
F004_PID000000992,992,2020-10-26T01:09:55.070701056+00:00,4.929298944,0.059602649006622516,0.059602649006622516,0.9999999999976694
F004_PID000000992,992,2020-10-26T01:09:55.714005760+00:00,4.28599424,0.06167400881057269,0.06167400881057269,0.9999999999976694
F004_PID000000992,992,2020-10-26T01:09:55.717620480+00:00,4.28237952,0.04484304932735426,0.04484304932735426,0.9999999999976694
F004_PID000000992,992,2020-10-26T01:09:56.254399488+00:00,3.745600512,0.049107142857142856,0.049107142857142856,0.9999999999976694
F004_PID000000992,992,2020-10-26T01:09:56.254544384+00:00,3.745455616,0.05145413870246085,0.05145413870246085,0.9999999999976694
F004_PID000000992,992,2020-10-26T01:09:56.254716416+00:00,3.745283584,0.056179775280898875,0.056179775280898875,0.9999999999976694
F004_PID000000992,992,2020-10-26T01:09:56.254852096+00:00,3.745147904,0.05829596412556054,0.05829596412556054,0.9999999999976694
F004_PID000000992,992,2020-10-26T01:09:56.299301888+00:00,3.700698112,0.060674157303370786,0.060674157303370786,0.9999999999976694
F004_PID000000992,992,2020-10-26T01:09:56.299454208+00:00,3.700545792,0.06278026905829596,0.06278026905829596,0.9999999999976694
F004_PID000000992,992,2020-10-26T01:09:56.299978496+00:00,3.700021504,0.06278026905829596,0.06278026905829596,0.9999999999976694
F004_PID000000992,992,2020-10-26T01:09:56.300005632+00:00,3.699994368,-0.03067484662576687,-0.03067484662576687,1.9999999999997797
F004_PID000000992,992,2020-10-26T01:09:56.300354048+00:00,3.699645952,-0.02857142857142857,-0.02857142857142857,1.9999999999997797
F004_PID000000992,992,2020-10-26T01:09:56.300378112+00:00,3.699621888,-0.16666666666666666,-0.16666666666666666,1.0000000000021103
F004_PID000000992,992,2020-10-26T01:09:56.300644096+00:00,3.699355904,-0.16129032258064516,-0.16129032258064516,1.0000000000021103
F004_PID000000992,992,2020-10-26T01:09:56.300830720+00:00,3.69916928,-0.1506849315068493,-0.1506849315068493,1.0000000000021103
F004_PID000000992,992,2020-10-26T01:09:56.300840192+00:00,3.699159808,-0.14027149321266968,-0.14027149321266968,1.0000000000021103
F004_PID000000992,992,2020-10-26T01:09:56.300934144+00:00,3.699065856,-0.13769751693002258,-0.13769751693002258,1.0000000000021103
F004_PID000000992,992,2020-10-26T01:09:56.300934144+00:00,3.699065856,-0.13258426966292136,-0.13258426966292136,1.0000000000021103
F004_PID000000992,992,2020-10-26T01:09:56.301049088+00:00,3.698950912,-0.13004484304932734,-0.13004484304932734,1.0000000000021103
F004_PID000000992,992,2020-10-26T01:09:56.301119744+00:00,3.698880256,-0.12,-0.12,1.0000000000021103
F004_PID000000992,992,2020-10-26T01:09:56.301142528+00:00,3.698857472,-0.11751662971175167,-0.11751662971175167,1.0000000000021103
F004_PID000000992,992,2020-10-26T01:09:56.301290240+00:00,3.69870976,-0.12249443207126949,-0.12249443207126949,1.0000000000021103
F004_PID000000992,992,2020-10-26T01:09:56.301373440+00:00,3.69862656,-0.11751662971175167,-0.11751662971175167,1.0000000000021103
F004_PID000000992,992,2020-10-26T01:09:56.301448960+00:00,3.69855104,-0.12,-0.12,1.0000000000021103
F004_PID000000992,992,2020-10-26T01:09:56.301496576+00:00,3.698503424,-0.12249443207126949,-0.12249443207126949,1.0000000000021103
F004_PID000000992,992,2020-10-26T01:09:56.301551872+00:00,3.698448128,-0.11659192825112108,-0.11659192825112108,1.0000000000021103
F004_PID000000992,992,2020-10-26T01:09:56.301560320+00:00,3.69843968,-0.12162162162162163,-0.12162162162162163,1.0000000000021103
F004_PID000000992,992,2020-10-26T01:09:56.301880832+00:00,3.698119168,-0.12162162162162163,-0.12162162162162163,1.0000000000021103
F004_PID000000992,992,2020-10-26T01:09:56.306640384+00:00,3.693359616,-0.11910112359550562,-0.11910112359550562,1.0000000000021103
F004_PID000000992,992,2020-10-26T01:09:56.306787840+00:00,3.69321216,-0.11711711711711711,-0.11711711711711711,1.0000000000021103
F004_PID000000992,992,2020-10-26T01:09:56.313616640+00:00,3.68638336,-0.1146067415730337,-0.1146067415730337,1.0000000000021103
F004_PID000000992,992,2020-10-26T01:09:56.313740800+00:00,3.6862592,-0.11711711711711711,-0.11711711711711711,1.0000000000021103
F004_PID000000992,992,2020-10-26T01:09:56.313778944+00:00,3.686221056,-0.10961968680089486,-0.10961968680089486,1.0000000000021103
F004_PID000000992,992,2020-10-26T01:09:56.314358272+00:00,3.685641728,-0.09010989010989011,-0.09010989010989011,1.0000000000021103
F004_PID000000992,992,2020-10-26T01:09:56.321011200+00:00,3.6789888,-0.08533916849015317,-0.08533916849015317,1.0000000000021103
F004_PID000000992,992,2020-10-26T01:09:56.327724288+00:00,3.672275712,-0.08296943231441048,-0.08296943231441048,1.0000000000021103
F004_PID000000992,992,2020-10-26T01:09:56.328446464+00:00,3.671553536,-0.08533916849015317,-0.08533916849015317,1.0000000000021103
F004_PID000000992,992,2020-10-26T01:09:56.328725248+00:00,3.671274752,-0.08296943231441048,-0.08296943231441048,1.0000000000021103
F004_PID000000992,992,2020-10-26T01:09:56.328884480+00:00,3.67111552,-0.08533916849015317,-0.08533916849015317,1.0000000000021103
F004_PID000000992,992,2020-10-26T01:09:56.334542592+00:00,3.665457408,-0.08296943231441048,-0.08296943231441048,1.0000000000021103
F004_PID000000992,992,2020-10-26T01:09:56.338954496+00:00,3.661045504,-0.07894736842105263,-0.07894736842105263,1.0000000000021103
F004_PID000000992,992,2020-10-26T01:09:56.372968704+00:00,3.627031296,-0.08131868131868132,-0.08131868131868132,1.0000000000021103
F004_PID000000992,992,2020-10-26T01:09:56.373119744+00:00,3.626880256,-0.08370044052863436,-0.08370044052863436,1.0000000000021103
F004_PID000000992,992,2020-10-26T01:09:56.378834944+00:00,3.621165056,-0.08771929824561403,-0.08771929824561403,1.0000000000021103
F004_PID000000992,992,2020-10-26T01:09:56.423377408+00:00,3.576622592,-0.07964601769911504,-0.07964601769911504,1.0000000000021103
F004_PID000000992,992,2020-10-26T01:09:56.424715776+00:00,3.575284224,-0.07488986784140969,-0.07488986784140969,1.0000000000021103
F004_PID000000992,992,2020-10-26T01:09:56.438388224+00:00,3.561611776,-0.06666666666666667,-0.06666666666666667,1.0000000000021103
F004_PID000000992,992,2020-10-26T01:09:56.439571968+00:00,3.560428032,-0.049773755656108594,-0.049773755656108594,1.0000000000021103
F004_PID000000992,992,2020-10-26T01:09:56.439782912+00:00,3.560217088,-0.045454545454545456,-0.045454545454545456,1.0000000000021103
F004_PID000000992,992,2020-10-26T01:09:56.443383040+00:00,3.55661696,-0.05405405405405406,-0.05405405405405406,1.0000000000021103
F004_PID000000992,992,2020-10-26T01:09:56.457728768+00:00,3.542271232,-0.051685393258426963,-0.051685393258426963,1.0000000000021103
F004_PID000000992,992,2020-10-26T01:09:56.464695808+00:00,3.535304192,-0.05405405405405406,-0.05405405405405406,1.0000000000021103
F004_PID000000992,992,2020-10-26T01:09:56.498358272+00:00,3.501641728,-0.045454545454545456,-0.045454545454545456,1.0000000000021103
F004_PID000000992,992,2020-10-26T01:09:56.568389120+00:00,3.43161088,-0.05405405405405406,-0.05405405405405406,1.0000000000021103
F004_PID000000992,992,2020-10-26T01:09:56.618352384+00:00,3.381647616,-0.045454545454545456,-0.045454545454545456,1.0000000000021103
F004_PID000000992,992,2020-10-26T01:09:56.643374848+00:00,3.356625152,-0.05405405405405406,-0.05405405405405406,1.0000000000021103
F004_PID000000992,992,2020-10-26T01:09:56.644697600+00:00,3.3553024,-0.058823529411764705,-0.058823529411764705,1.0000000000021103
F004_PID000000992,992,2020-10-26T01:09:56.693356288+00:00,3.306643712,-0.0502283105022831,-0.0502283105022831,1.0000000000021103
F004_PID000000992,992,2020-10-26T01:09:56.693502464+00:00,3.306497536,-0.045454545454545456,-0.045454545454545456,1.0000000000021103
F004_PID000000992,992,2020-10-26T01:09:56.748387328+00:00,3.251612672,-0.05405405405405406,-0.05405405405405406,1.0000000000021103
F004_PID000000992,992,2020-10-26T01:09:56.765774848+00:00,3.234225152,-0.058823529411764705,-0.058823529411764705,1.0000000000021103
F004_PID000000992,992,2020-10-26T01:09:56.765934080+00:00,3.23406592,-0.06605922551252848,-0.06605922551252848,1.0000000000021103
F004_PID000000992,992,2020-10-26T01:09:56.766267904+00:00,3.233732096,-0.07586206896551724,-0.07586206896551724,1.0000000000021103
F004_PID000000992,992,2020-10-26T01:09:56.766546176+00:00,3.233453824,0.03305785123966942,0.03305785123966942,1.9999999999997797
F004_PID000000992,992,2020-10-26T01:09:56.766859776+00:00,3.233140224,0.030927835051546393,0.030927835051546393,1.9999999999997797
F004_PID000000992,992,2020-10-26T01:09:56.771715072+00:00,3.228284928,0.048582995951417005,0.048582995951417005,1.9999999999997797
F004_PID000000992,992,2020-10-26T01:09:56.779709440+00:00,3.22029056,0.044715447154471545,0.044715447154471545,1.9999999999997797
F004_PID000000992,992,2020-10-26T01:09:56.786477568+00:00,3.213522432,0.04259634888438134,0.04259634888438134,1.9999999999997797
F004_PID000000992,992,2020-10-26T01:09:56.798341632+00:00,3.201658368,0.044715447154471545,0.044715447154471545,1.9999999999997797
F004_PID000000992,992,2020-10-26T01:09:56.807990016+00:00,3.192009984,0.04259634888438134,0.04259634888438134,1.9999999999997797
F004_PID000000992,992,2020-10-26T01:09:56.814241536+00:00,3.185758464,0.044715447154471545,0.044715447154471545,1.9999999999997797
F004_PID000000992,992,2020-10-26T01:09:56.821254400+00:00,3.1787456,0.04259634888438134,0.04259634888438134,1.9999999999997797
F004_PID000000992,992,2020-10-26T01:09:56.868375552+00:00,3.131624448,0.03420523138832998,0.03420523138832998,1.9999999999997797
F004_PID000000992,992,2020-10-26T01:09:56.904178688+00:00,3.095821312,0.03225806451612903,0.03225806451612903,1.9999999999997797
F004_PID000000992,992,2020-10-26T01:09:56.990465536+00:00,3.009534464,0.028112449799196786,0.028112449799196786,1.9999999999997797
F004_PID000000992,992,2020-10-26T01:09:57.220659200+00:00,2.7793408,0.030181086519114688,0.030181086519114688,1.9999999999997797
F004_PID000000992,992,2020-10-26T01:09:57.240271616+00:00,2.759728384,0.028112449799196786,0.028112449799196786,1.9999999999997797
F004_PID000000992,992,2020-10-26T01:09:57.382271232+00:00,2.617728768,0.028112449799196786,0.028112449799196786,1.9999999999997797
F004_PID000000992,992,2020-10-26T01:09:58.163787520+00:00,1.83621248,0.14798206278026907,0.14798206278026907,0.9999999999976694
F004_PID000000992,992,2020-10-26T01:09:58.164305152+00:00,1.835694848,0.14798206278026907,0.14798206278026907,0.9999999999976694
F004_PID000000992,992,2020-10-26T01:09:58.164332032+00:00,1.835667968,0.028112449799196786,0.028112449799196786,1.9999999999997797
F004_PID000000992,992,2020-10-26T01:09:58.164675072+00:00,1.835324928,-0.09255079006772009,-0.09255079006772009,1.0000000000021103
F004_PID000000992,992,2020-10-26T01:09:58.164887296+00:00,1.835112704,-0.09049773755656108,-0.09049773755656108,1.0000000000021103
F004_PID000000992,992,2020-10-26T01:09:58.164970496+00:00,1.835029504,-0.09662921348314607,-0.09662921348314607,1.0000000000021103
F004_PID000000992,992,2020-10-26T01:09:58.165031680+00:00,1.83496832,-0.09417040358744394,-0.09417040358744394,1.0000000000021103
F004_PID000000992,992,2020-10-26T01:09:58.165145600+00:00,1.8348544,-0.11013215859030837,-0.11013215859030837,1.0000000000021103
F004_PID000000992,992,2020-10-26T01:09:58.165187840+00:00,1.83481216,-0.11258278145695365,-0.11258278145695365,1.0000000000021103
F004_PID000000992,992,2020-10-26T01:09:58.165246464+00:00,1.834753536,-0.11061946902654868,-0.11061946902654868,1.0000000000021103
F004_PID000000992,992,2020-10-26T01:09:58.166187776+00:00,1.833812224,-0.11061946902654868,-0.11061946902654868,1.0000000000021103
F004_PID000000992,992,2020-10-26T01:09:58.176519680+00:00,1.82348032,-0.11061946902654868,-0.11061946902654868,1.0000000000021103
F004_PID000000992,992,2020-10-26T01:09:58.176528896+00:00,1.823471104,-0.1130820399113082,-0.1130820399113082,1.0000000000021103
F004_PID000000992,992,2020-10-26T01:09:58.176659456+00:00,1.823340544,-0.1130820399113082,-0.1130820399113082,1.0000000000021103
F004_PID000000992,992,2020-10-26T01:09:58.176683008+00:00,1.823316992,-0.008032128514056224,-0.008032128514056224,1.9999999999997797
F004_PID000000992,992,2020-10-26T01:09:58.176843008+00:00,1.823156992,0.10762331838565023,0.10762331838565023,0.9999999999976694
F004_PID000000992,992,2020-10-26T01:09:58.176998656+00:00,1.823001344,0.11512415349887133,0.11512415349887133,0.9999999999976694
F004_PID000000992,992,2020-10-26T01:09:58.177041152+00:00,1.822958848,0.11261261261261261,0.11261261261261261,0.9999999999976694
F004_PID000000992,992,2020-10-26T01:09:58.177542656+00:00,1.822457344,0.13024282560706402,0.13024282560706402,0.9999999999976694
F004_PID000000992,992,2020-10-26T01:09:58.182920192+00:00,1.817079808,0.013861386138613862,0.013861386138613862,1.9999999999997797
F004_PID000000992,992,2020-10-26T01:09:58.184957952+00:00,1.815042048,0.011857707509881422,0.011857707509881422,1.9999999999997797
F004_PID000000992,992,2020-10-26T01:09:58.333744384+00:00,1.666255616,0.013861386138613862,0.013861386138613862,1.9999999999997797
F004_PID000000992,992,2020-10-26T01:09:58.338383360+00:00,1.66161664,0.011857707509881422,0.011857707509881422,1.9999999999997797
F004_PID000000992,992,2020-10-26T01:09:58.818720+00:00,1.18128,0.013806706114398421,0.013806706114398421,1.9999999999997797
F004_PID000000992,992,2020-10-26T01:09:58.867443200+00:00,1.1325568,0.015810276679841896,0.015810276679841896,1.9999999999997797
F004_PID000000992,992,2020-10-26T01:09:59.283805952+00:00,0.716194048,-0.11160714285714286,-0.11160714285714286,1.0000000000021103
F004_PID000000992,992,2020-10-26T01:09:59.284348160+00:00,0.71565184,-0.1091314031180401,-0.1091314031180401,1.0000000000021103
F004_PID000000992,992,2020-10-26T01:09:59.284530432+00:00,0.715469568,-0.10714285714285714,-0.10714285714285714,1.0000000000021103
F004_PID000000992,992,2020-10-26T01:09:59.284995840+00:00,0.71500416,-0.10714285714285714,-0.10714285714285714,1.0000000000021103
F004_PID000000992,992,2020-10-26T01:09:59.304048128+00:00,0.695951872,-0.10222222222222223,-0.10222222222222223,1.0000000000021103
F004_PID000000992,992,2020-10-26T01:09:59.426085120+00:00,0.57391488,-0.09977827050997783,-0.09977827050997783,1.0000000000021103
F004_PID000000992,992,2020-10-26T01:09:59.429231616+00:00,0.570768384,-0.09734513274336283,-0.09734513274336283,1.0000000000021103
F004_PID000000992,992,2020-10-26T01:09:59.429380608+00:00,0.570619392,-0.09251101321585903,-0.09251101321585903,1.0000000000021103
F004_PID000000992,992,2020-10-26T01:09:59.456965120+00:00,0.54303488,-0.08444444444444445,-0.08444444444444445,1.0000000000021103
F004_PID000000992,992,2020-10-26T01:09:59.480323840+00:00,0.51967616,-0.07964601769911504,-0.07964601769911504,1.0000000000021103
F004_PID000000992,992,2020-10-26T01:09:59.488907008+00:00,0.511092992,-0.08771929824561403,-0.08771929824561403,1.0000000000021103
F004_PID000000992,992,2020-10-26T01:09:59.489063936+00:00,0.510936064,-0.09251101321585903,-0.09251101321585903,1.0000000000021103
F004_PID000000992,992,2020-10-26T01:09:59.493708032+00:00,0.506291968,-0.08444444444444445,-0.08444444444444445,1.0000000000021103
F004_PID000000992,992,2020-10-26T01:09:59.583367168+00:00,0.416632832,-0.07623318385650224,-0.07623318385650224,1.0000000000021103
F004_PID000000992,992,2020-10-26T01:09:59.584752128+00:00,0.415247872,-0.07207207207207207,-0.07207207207207207,1.0000000000021103
F004_PID000000992,992,2020-10-26T01:09:59.593545984+00:00,0.406454016,-0.08035714285714286,-0.08035714285714286,1.0000000000021103
F004_PID000000992,992,2020-10-26T01:09:59.593718784+00:00,0.406281216,-0.08277404921700224,-0.08277404921700224,1.0000000000021103
F004_PID000000992,992,2020-10-26T01:09:59.594889472+00:00,0.405110528,-0.0744920993227991,-0.0744920993227991,1.0000000000021103
F004_PID000000992,992,2020-10-26T01:09:59.598389760+00:00,0.40161024,-0.08277404921700224,-0.08277404921700224,1.0000000000021103
F004_PID000000992,992,2020-10-26T01:09:59.604617216+00:00,0.395382784,-0.08277404921700224,-0.08277404921700224,1.0000000000021103
F004_PID000000992,992,2020-10-26T01:09:59.733305856+00:00,0.266694144,-0.08277404921700224,-0.08277404921700224,1.0000000000021103
F004_PID000000992,992,2020-10-26T01:09:59.733352448+00:00,0.266647552,-0.0744920993227991,-0.0744920993227991,1.0000000000021103
F004_PID000000992,992,2020-10-26T01:09:59.733517312+00:00,0.266482688,-0.0696629213483146,-0.0696629213483146,1.0000000000021103
F004_PID000000992,992,2020-10-26T01:09:59.733651200+00:00,0.2663488,-0.0654627539503386,-0.0654627539503386,1.0000000000021103
F004_PID000000992,992,2020-10-26T01:09:59.733910016+00:00,0.266089984,-0.061224489795918366,-0.061224489795918366,1.0000000000021103
F004_PID000000992,992,2020-10-26T01:09:59.734072064+00:00,0.265927936,-0.058823529411764705,-0.058823529411764705,1.0000000000021103
F004_PID000000992,992,2020-10-26T01:09:59.832739584+00:00,0.167260416,-0.058823529411764705,-0.058823529411764705,1.0000000000021103
F004_PID000000992,992,2020-10-26T01:09:59.852797184+00:00,0.147202816,-0.058823529411764705,-0.058823529411764705,1.0000000000021103
F004_PID000000992,992,2020-10-26T01:09:59.852833536+00:00,0.147166464,-0.061224489795918366,-0.061224489795918366,1.0000000000021103
F004_PID000000992,992,2020-10-26T01:09:59.853037568+00:00,0.146962432,-0.06363636363636363,-0.06363636363636363,1.0000000000021103
F004_PID000000992,992,2020-10-26T01:09:59.853125632+00:00,0.146874368,-0.06605922551252848,-0.06605922551252848,1.0000000000021103
F004_PID000000992,992,2020-10-26T01:09:59.853169152+00:00,0.146830848,-0.06818181818181818,-0.06818181818181818,1.0000000000021103
F004_PID000000992,992,2020-10-26T01:09:59.853229312+00:00,0.146770688,-0.07239819004524888,-0.07239819004524888,1.0000000000021103
F004_PID000000992,992,2020-10-26T01:09:59.853293312+00:00,0.146706688,-0.07029478458049887,-0.07029478458049887,1.0000000000021103
F004_PID000000992,992,2020-10-26T01:09:59.853393664+00:00,0.146606336,-0.07517084282460136,-0.07517084282460136,1.0000000000021103
F004_PID000000992,992,2020-10-26T01:09:59.895104512+00:00,0.104895488,-0.07517084282460136,-0.07517084282460136,1.0000000000021103
F004_PID000000992,992,2020-10-26T01:09:59.978382080+00:00,0.02161792,-0.0835214446952596,-0.0835214446952596,1.0000000000021103
F004_PID000000992,992,2020-10-26T01:09:59.978548224+00:00,0.021451776,-0.08843537414965986,-0.08843537414965986,1.0000000000021103
F004_PID000000992,992,2020-10-26T01:09:59.986964736+00:00,0.013035264,-0.09049773755656108,-0.09049773755656108,1.0000000000021103
F005_PID000000436,436,2019-11-04T00:28:00.150190080+00:00,119.84980992,-0.07264957264957266,0.07264957264957266,1.0000000000021103
F005_PID000000436,436,2019-11-04T00:28:07.242311168+00:00,112.757688832,-0.06808510638297872,0.06808510638297872,1.0000000000021103
F005_PID000000436,436,2019-11-04T00:28:16.225697024+00:00,103.774302976,-0.06581740976645435,0.06581740976645435,1.0000000000021103
F005_PID000000436,436,2019-11-04T00:28:21.810139904+00:00,98.189860096,-0.07036247334754797,0.07036247334754797,1.0000000000021103
F005_PID000000436,436,2019-11-04T00:28:21.810192640+00:00,98.18980736,-0.07494646680942184,0.07494646680942184,1.0000000000021103
F005_PID000000436,436,2019-11-04T00:28:21.810303744+00:00,98.189696256,-0.07956989247311828,0.07956989247311828,1.0000000000021103
F005_PID000000436,436,2019-11-04T00:28:21.810357760+00:00,98.18964224,-0.08423326133909287,0.08423326133909287,1.0000000000021103
F005_PID000000436,436,2019-11-04T00:28:21.836541440+00:00,98.16345856,-0.08817204301075268,0.08817204301075268,1.0000000000021103
F005_PID000000436,436,2019-11-04T00:28:21.836596992+00:00,98.163403008,-0.09287257019438445,0.09287257019438445,1.0000000000021103
F005_PID000000436,436,2019-11-04T00:28:21.837068032+00:00,98.162931968,-0.08817204301075268,0.08817204301075268,1.0000000000021103
F005_PID000000436,436,2019-11-04T00:28:21.837113600+00:00,98.1628864,-0.08423326133909287,0.08423326133909287,1.0000000000021103
F005_PID000000436,436,2019-11-04T00:28:22.413664+00:00,97.586336,-0.08189655172413793,0.08189655172413793,1.0000000000021103
F005_PID000000436,436,2019-11-04T00:28:23.024374272+00:00,96.975625728,-0.08423326133909287,0.08423326133909287,1.0000000000021103
F005_PID000000436,436,2019-11-04T00:28:23.734151168+00:00,96.265848832,-0.07956989247311828,0.07956989247311828,1.0000000000021103
F005_PID000000436,436,2019-11-04T00:28:44.450449152+00:00,75.549550848,-0.07036247334754797,0.07036247334754797,1.0000000000021103
F005_PID000000436,436,2019-11-04T00:28:44.450525952+00:00,75.549474048,-0.06437768240343347,0.06437768240343347,1.0000000000021103
F005_PID000000436,436,2019-11-04T00:28:44.450579456+00:00,75.549420544,-0.06236559139784946,0.06236559139784946,1.0000000000021103
F005_PID000000436,436,2019-11-04T00:28:44.450626816+00:00,75.549373184,-0.057815845824411134,0.057815845824411134,1.0000000000021103
F005_PID000000436,436,2019-11-04T00:28:44.450854144+00:00,75.549145856,-0.05106382978723404,0.05106382978723404,1.0000000000021103
F005_PID000000436,436,2019-11-04T00:28:44.451025152+00:00,75.548974848,-0.04904051172707889,0.04904051172707889,1.0000000000021103
F005_PID000000436,436,2019-11-04T00:28:44.490067712+00:00,75.509932288,-0.05106382978723404,0.05106382978723404,1.0000000000021103
F005_PID000000436,436,2019-11-04T00:28:51.188810496+00:00,68.811189504,-0.05907172995780591,0.05907172995780591,1.0000000000021103
F005_PID000000436,436,2019-11-04T00:28:51.189015296+00:00,68.810984704,-0.06581740976645435,0.06581740976645435,1.0000000000021103
F005_PID000000436,436,2019-11-04T00:28:51.189182720+00:00,68.81081728,-0.07494646680942184,0.07494646680942184,1.0000000000021103
F005_PID000000436,436,2019-11-04T00:28:51.189414400+00:00,68.8105856,-0.07956989247311828,0.07956989247311828,1.0000000000021103
F005_PID000000436,436,2019-11-04T00:28:58.140067328+00:00,61.859932672,-0.0835117773019272,0.0835117773019272,1.0000000000021103
F005_PID000000436,436,2019-11-04T00:28:58.155649536+00:00,61.844350464,-0.07956989247311828,0.07956989247311828,1.0000000000021103
F005_PID000000436,436,2019-11-04T00:28:59.069931264+00:00,60.930068736,-0.08189655172413793,0.08189655172413793,1.0000000000021103
F005_PID000000436,436,2019-11-04T00:28:59.598793472+00:00,60.401206528,-0.08658008658008658,0.08658008658008658,1.0000000000021103
F005_PID000000436,436,2019-11-04T00:28:59.723318016+00:00,60.276681984,-0.08189655172413793,0.08189655172413793,1.0000000000021103
F005_PID000000436,436,2019-11-04T00:29:00.001611008+00:00,59.998388992,-0.08658008658008658,0.08658008658008658,1.0000000000021103
F005_PID000000436,436,2019-11-04T00:29:00.070587904+00:00,59.929412096,-0.08658008658008658,0.08658008658008658,1.0000000000021103
F005_PID000000436,436,2019-11-04T00:29:00.070600192+00:00,59.929399808,-0.08459869848156182,0.08459869848156182,1.0000000000021103
F005_PID000000436,436,2019-11-04T00:29:00.070775296+00:00,59.929224704,-0.07991360691144708,0.07991360691144708,1.0000000000021103
F005_PID000000436,436,2019-11-04T00:29:00.070823680+00:00,59.92917632,-0.07792207792207792,0.07792207792207792,1.0000000000021103
F005_PID000000436,436,2019-11-04T00:29:00.070869760+00:00,59.92913024,-0.06866952789699571,0.06866952789699571,1.0000000000021103
F005_PID000000436,436,2019-11-04T00:29:00.070914816+00:00,59.929085184,-0.0641025641025641,0.0641025641025641,1.0000000000021103
F005_PID000000436,436,2019-11-04T00:29:00.070959104+00:00,59.929040896,-0.059574468085106386,0.059574468085106386,1.0000000000021103
F005_PID000000436,436,2019-11-04T00:29:00.071062016+00:00,59.928937984,-0.0641025641025641,0.0641025641025641,1.0000000000021103
F005_PID000000436,436,2019-11-04T00:29:00.071226112+00:00,59.928773888,-0.05194805194805195,0.05194805194805195,1.0000000000021103
F005_PID000000436,436,2019-11-04T00:29:00.073786880+00:00,59.92621312,-0.05652173913043478,0.05652173913043478,1.0000000000021103
F005_PID000000436,436,2019-11-04T00:29:00.173442816+00:00,59.826557184,-0.06578947368421052,0.06578947368421052,1.0000000000021103
F005_PID000000436,436,2019-11-04T00:29:00.173606912+00:00,59.826393088,-0.06783369803063458,0.06783369803063458,1.0000000000021103
F005_PID000000436,436,2019-11-04T00:29:00.173662464+00:00,59.826337536,-0.07252747252747253,0.07252747252747253,1.0000000000021103
F005_PID000000436,436,2019-11-04T00:29:00.173822464+00:00,59.826177536,-0.07658643326039387,0.07658643326039387,1.0000000000021103
F005_PID000000436,436,2019-11-04T00:29:00.612389888+00:00,59.387610112,-0.07252747252747253,0.07252747252747253,1.0000000000021103
F005_PID000000436,436,2019-11-04T00:29:00.612551936+00:00,59.387448064,-0.06783369803063458,0.06783369803063458,1.0000000000021103
F005_PID000000436,436,2019-11-04T00:29:00.642028032+00:00,59.357971968,-0.07252747252747253,0.07252747252747253,1.0000000000021103
F005_PID000000436,436,2019-11-04T00:29:01.167104+00:00,58.832896,-0.06783369803063458,0.06783369803063458,1.0000000000021103
F005_PID000000436,436,2019-11-04T00:29:01.247202816+00:00,58.752797184,-0.06318082788671024,0.06318082788671024,1.0000000000021103
F005_PID000000436,436,2019-11-04T00:29:03.477825280+00:00,56.52217472,-0.05856832971800434,0.05856832971800434,1.0000000000021103
F005_PID000000436,436,2019-11-04T00:29:07.389613056+00:00,52.610386944,-0.06318082788671024,0.06318082788671024,1.0000000000021103
F005_PID000000436,436,2019-11-04T00:29:13.710433280+00:00,46.28956672,-0.05856832971800434,0.05856832971800434,1.0000000000021103
F005_PID000000436,436,2019-11-04T00:29:13.710942720+00:00,46.28905728,-0.05032822757111598,0.05032822757111598,1.0000000000021103
F005_PID000000436,436,2019-11-04T00:29:13.711122176+00:00,46.288877824,-0.04405286343612335,0.04405286343612335,1.0000000000021103
F005_PID000000436,436,2019-11-04T00:29:13.711172864+00:00,46.288827136,-0.037199124726477024,0.037199124726477024,1.0000000000021103
F005_PID000000436,436,2019-11-04T00:29:13.711281920+00:00,46.28871808,-0.034934497816593885,0.034934497816593885,1.0000000000021103
F005_PID000000436,436,2019-11-04T00:29:13.712832+00:00,46.287168,-0.037199124726477024,0.037199124726477024,1.0000000000021103
F005_PID000000436,436,2019-11-04T00:29:13.713009152+00:00,46.286990848,-0.04139433551198257,0.04139433551198257,1.0000000000021103
F005_PID000000436,436,2019-11-04T00:29:13.724446720+00:00,46.27555328,-0.037199124726477024,0.037199124726477024,1.0000000000021103
F005_PID000000436,436,2019-11-04T00:29:14.822224640+00:00,45.17777536,-0.04139433551198257,0.04139433551198257,1.0000000000021103
F005_PID000000436,436,2019-11-04T00:29:15.048576512+00:00,44.951423488,-0.04139433551198257,0.04139433551198257,1.0000000000021103
F005_PID000000436,436,2019-11-04T00:29:15.048590080+00:00,44.95140992,-0.04139433551198257,0.04139433551198257,1.0000000000021103
F005_PID000000436,436,2019-11-04T00:29:15.094185216+00:00,44.905814784,-0.04139433551198257,0.04139433551198257,1.0000000000021103
F005_PID000000436,436,2019-11-04T00:29:16.382548224+00:00,43.617451776,-0.0368763557483731,0.0368763557483731,1.0000000000021103
F005_PID000000436,436,2019-11-04T00:29:16.392162816+00:00,43.607837184,-0.032679738562091505,0.032679738562091505,1.0000000000021103
F005_PID000000436,436,2019-11-04T00:29:16.392332032+00:00,43.607667968,-0.028199566160520606,0.028199566160520606,1.0000000000021103
F005_PID000000436,436,2019-11-04T00:29:16.392383232+00:00,43.607616768,-0.02608695652173913,0.02608695652173913,1.0000000000021103
F005_PID000000436,436,2019-11-04T00:29:16.393042176+00:00,43.606957824,-0.02608695652173913,0.02608695652173913,1.0000000000021103
F005_PID000000436,436,2019-11-04T00:29:16.393117184+00:00,43.606882816,-0.09859154929577464,0.09859154929577464,1.9999999999997797
F005_PID000000436,436,2019-11-04T00:29:16.393344+00:00,43.606656,-0.19474835886214442,0.19474835886214442,0.9999999999976694
F005_PID000000436,436,2019-11-04T00:29:16.393391104+00:00,43.606608896,-0.19213973799126638,0.19213973799126638,0.9999999999976694
F005_PID000000436,436,2019-11-04T00:29:16.393416960+00:00,43.60658304,-0.19037199124726478,0.19037199124726478,0.9999999999976694
F005_PID000000436,436,2019-11-04T00:29:16.393521408+00:00,43.606478592,-0.18518518518518517,0.18518518518518517,0.9999999999976694
F005_PID000000436,436,2019-11-04T00:29:16.393521408+00:00,43.606478592,-0.18004338394793926,0.18004338394793926,0.9999999999976694
F005_PID000000436,436,2019-11-04T00:29:16.393593856+00:00,43.606406144,-0.16989247311827957,0.16989247311827957,0.9999999999976694
F005_PID000000436,436,2019-11-04T00:29:16.393664256+00:00,43.606335744,-0.16488222698072805,0.16488222698072805,0.9999999999976694
F005_PID000000436,436,2019-11-04T00:29:16.393724928+00:00,43.606275072,-0.1630901287553648,0.1630901287553648,0.9999999999976694
F005_PID000000436,436,2019-11-04T00:29:16.393743616+00:00,43.606256384,-0.15948275862068967,0.15948275862068967,0.9999999999976694
F005_PID000000436,436,2019-11-04T00:29:16.394064640+00:00,43.60593536,-0.1645021645021645,0.1645021645021645,0.9999999999976694
F005_PID000000436,436,2019-11-04T00:29:16.394112512+00:00,43.605887488,-0.16956521739130434,0.16956521739130434,0.9999999999976694
F005_PID000000436,436,2019-11-04T00:29:16.394433024+00:00,43.605566976,-0.16956521739130434,0.16956521739130434,0.9999999999976694
F005_PID000000436,436,2019-11-04T00:29:16.395229696+00:00,43.604770304,-0.17982456140350878,0.17982456140350878,0.9999999999976694
F005_PID000000436,436,2019-11-04T00:29:16.395318272+00:00,43.604681728,-0.0846774193548387,0.0846774193548387,1.9999999999997797
F005_PID000000436,436,2019-11-04T00:29:16.398114048+00:00,43.601885952,-0.08906882591093117,0.08906882591093117,1.9999999999997797
F005_PID000000436,436,2019-11-04T00:29:16.403079168+00:00,43.596920832,-0.08032128514056225,0.08032128514056225,1.9999999999997797
F005_PID000000436,436,2019-11-04T00:29:16.403113984+00:00,43.596886016,-0.07171314741035857,0.07171314741035857,1.9999999999997797
F005_PID000000436,436,2019-11-04T00:29:16.403459328+00:00,43.596540672,-0.06958250497017893,0.06958250497017893,1.9999999999997797
F005_PID000000436,436,2019-11-04T00:29:16.405077504+00:00,43.594922496,0.02631578947368421,-0.02631578947368421,1.0000000000021103
F005_PID000000436,436,2019-11-04T00:29:16.405645568+00:00,43.594354432,0.02631578947368421,-0.02631578947368421,1.0000000000021103
F005_PID000000436,436,2019-11-04T00:29:16.405668352+00:00,43.594331648,-0.06958250497017893,0.06958250497017893,1.9999999999997797
F005_PID000000436,436,2019-11-04T00:29:16.405749760+00:00,43.59425024,-0.05283757338551859,0.05283757338551859,1.9999999999997797
F005_PID000000436,436,2019-11-04T00:29:16.405749760+00:00,43.59425024,-0.036608863198458574,0.036608863198458574,1.9999999999997797
F005_PID000000436,436,2019-11-04T00:29:16.480380672+00:00,43.519619328,-0.03262955854126679,0.03262955854126679,1.9999999999997797
F005_PID000000436,436,2019-11-04T00:29:16.481332224+00:00,43.518667776,-0.036328871892925434,0.036328871892925434,1.9999999999997797
F005_PID000000436,436,2019-11-04T00:29:16.486417408+00:00,43.513582592,-0.03435114503816794,0.03435114503816794,1.9999999999997797
F005_PID000000436,436,2019-11-04T00:29:16.518362368+00:00,43.481637632,-0.01937984496124031,0.01937984496124031,1.9999999999997797
F005_PID000000436,436,2019-11-04T00:29:16.529489920+00:00,43.47051008,-0.12393162393162394,0.12393162393162394,0.9999999999976694
F005_PID000000436,436,2019-11-04T00:29:16.532865792+00:00,43.467134208,-0.12017167381974249,0.12017167381974249,0.9999999999976694
F005_PID000000436,436,2019-11-04T00:29:16.541163008+00:00,43.458836992,-0.01556420233463035,0.01556420233463035,1.9999999999997797
F005_PID000000436,436,2019-11-04T00:29:16.547997696+00:00,43.452002304,0.0,-0.0,1.9999999999997797
F005_PID000000436,436,2019-11-04T00:29:16.548496896+00:00,43.451503104,0.0,-0.0,1.9999999999997797
F005_PID000000436,436,2019-11-04T00:29:17.373649664+00:00,42.626350336,-0.10722100656455143,0.10722100656455143,0.9999999999976694
F005_PID000000436,436,2019-11-04T00:29:17.374187776+00:00,42.625812224,-0.10480349344978165,0.10480349344978165,0.9999999999976694
F005_PID000000436,436,2019-11-04T00:29:17.555389696+00:00,42.444610304,-0.09691629955947137,0.09691629955947137,0.9999999999976694
F005_PID000000436,436,2019-11-04T00:29:17.555567104+00:00,42.444432896,-0.0945054945054945,0.0945054945054945,0.9999999999976694
F005_PID000000436,436,2019-11-04T00:29:18.025410304+00:00,41.974589696,-0.0945054945054945,0.0945054945054945,0.9999999999976694
F005_PID000000436,436,2019-11-04T00:29:19.443611648+00:00,40.556388352,-0.09691629955947137,0.09691629955947137,0.9999999999976694
F005_PID000000436,436,2019-11-04T00:29:19.443792384+00:00,40.556207616,-0.10087719298245613,0.10087719298245613,0.9999999999976694
F005_PID000000436,436,2019-11-04T00:29:19.443956736+00:00,40.556043264,-0.10329670329670329,0.10329670329670329,0.9999999999976694
F005_PID000000436,436,2019-11-04T00:29:20.179878144+00:00,39.820121856,-0.10329670329670329,0.10329670329670329,0.9999999999976694
F005_PID000000436,436,2019-11-04T00:29:20.208682752+00:00,39.791317248,-0.10329670329670329,0.10329670329670329,0.9999999999976694
F005_PID000000436,436,2019-11-04T00:29:22.304049920+00:00,37.69595008,-0.10329670329670329,0.10329670329670329,0.9999999999976694
F005_PID000000436,436,2019-11-04T00:29:23.962658560+00:00,36.03734144,-0.09846827133479212,0.09846827133479212,0.9999999999976694
F005_PID000000436,436,2019-11-04T00:29:30.103743232+00:00,29.896256768,-0.10572687224669604,0.10572687224669604,0.9999999999976694
F005_PID000000436,436,2019-11-04T00:29:30.199899904+00:00,29.800100096,-0.10087719298245613,0.10087719298245613,0.9999999999976694
F005_PID000000436,436,2019-11-04T00:29:30.204649472+00:00,29.795350528,-0.12053571428571429,0.12053571428571429,0.9999999999976694
F005_PID000000436,436,2019-11-04T00:29:30.206139648+00:00,29.793860352,-0.12808988764044943,0.12808988764044943,0.9999999999976694
F005_PID000000436,436,2019-11-04T00:29:30.221925888+00:00,29.778074112,-0.12304250559284116,0.12304250559284116,0.9999999999976694
F005_PID000000436,436,2019-11-04T00:29:30.234160128+00:00,29.765839872,-0.11804008908685969,0.11804008908685969,0.9999999999976694
F005_PID000000436,436,2019-11-04T00:29:30.234317312+00:00,29.765682688,-0.11409395973154363,0.11409395973154363,0.9999999999976694
F005_PID000000436,436,2019-11-04T00:29:30.282969344+00:00,29.717030656,-0.11160714285714286,0.11160714285714286,0.9999999999976694
F005_PID000000436,436,2019-11-04T00:29:30.422964480+00:00,29.57703552,-0.10666666666666667,0.10666666666666667,0.9999999999976694
F005_PID000000436,436,2019-11-04T00:29:30.425509120+00:00,29.57449088,-0.10267857142857142,0.10267857142857142,0.9999999999976694
F005_PID000000436,436,2019-11-04T00:29:30.434406656+00:00,29.565593344,-0.09777777777777778,0.09777777777777778,0.9999999999976694
F005_PID000000436,436,2019-11-04T00:29:30.756328192+00:00,29.243671808,-0.08144796380090498,0.08144796380090498,0.9999999999976694
F005_PID000000436,436,2019-11-04T00:29:32.875874816+00:00,27.124125184,-0.08636363636363636,0.08636363636363636,0.9999999999976694
F005_PID000000436,436,2019-11-04T00:29:32.875921408+00:00,27.124078592,-0.091324200913242,0.091324200913242,0.9999999999976694
F005_PID000000436,436,2019-11-04T00:29:32.876081152+00:00,27.123918848,-0.09382151029748284,0.09382151029748284,0.9999999999976694
F005_PID000000436,436,2019-11-04T00:29:39.657761024+00:00,20.342238976,-0.0979498861047836,0.0979498861047836,0.9999999999976694
F005_PID000000436,436,2019-11-04T00:29:42.812768+00:00,17.187232,-0.10297482837528604,0.10297482837528604,0.9999999999976694
F005_PID000000436,436,2019-11-04T00:29:45.588452096+00:00,14.411547904,-0.0979498861047836,0.0979498861047836,0.9999999999976694
F005_PID000000436,436,2019-11-04T00:29:45.588630784+00:00,14.411369216,-0.09297052154195011,0.09297052154195011,0.9999999999976694
F005_PID000000436,436,2019-11-04T00:29:45.588796416+00:00,14.411203584,-0.09049773755656108,0.09049773755656108,0.9999999999976694
F005_PID000000436,436,2019-11-04T00:29:45.597390336+00:00,14.402609664,-0.08558558558558559,0.08558558558558559,0.9999999999976694
F005_PID000000436,436,2019-11-04T00:29:45.713378048+00:00,14.286621952,-0.06637168141592921,0.06637168141592921,0.9999999999976694
F005_PID000000436,436,2019-11-04T00:29:45.739622144+00:00,14.260377856,-0.07111111111111111,0.07111111111111111,0.9999999999976694
F005_PID000000436,436,2019-11-04T00:29:45.768742400+00:00,14.2312576,-0.06873614190687362,0.06873614190687362,0.9999999999976694
F005_PID000000436,436,2019-11-04T00:29:46.338755072+00:00,13.661244928,-0.07111111111111111,0.07111111111111111,0.9999999999976694
F005_PID000000436,436,2019-11-04T00:29:46.830192384+00:00,13.169807616,-0.07349665924276169,0.07349665924276169,0.9999999999976694
F005_PID000000436,436,2019-11-04T00:29:46.902427136+00:00,13.097572864,-0.07829977628635347,0.07829977628635347,0.9999999999976694
F005_PID000000436,436,2019-11-04T00:29:50.015049472+00:00,9.984950528,-0.08240534521158129,0.08240534521158129,0.9999999999976694
F005_PID000000436,436,2019-11-04T00:29:50.015196160+00:00,9.98480384,-0.087248322147651,0.087248322147651,0.9999999999976694
F005_PID000000436,436,2019-11-04T00:29:50.019883264+00:00,9.980116736,-0.08314606741573034,0.08314606741573034,0.9999999999976694
F005_PID000000436,436,2019-11-04T00:29:50.028076288+00:00,9.971923712,-0.08803611738148984,0.08803611738148984,0.9999999999976694
F005_PID000000436,436,2019-11-04T00:29:50.110031872+00:00,9.889968128,-0.09213483146067415,0.09213483146067415,0.9999999999976694
F005_PID000000436,436,2019-11-04T00:29:50.138438144+00:00,9.861561856,-0.11212814645308924,0.11212814645308924,0.9999999999976694
F005_PID000000436,436,2019-11-04T00:29:50.177810944+00:00,9.822189056,-0.10804597701149425,0.10804597701149425,0.9999999999976694
F005_PID000000436,436,2019-11-04T00:29:50.186767104+00:00,9.813232896,-0.11212814645308924,0.11212814645308924,0.9999999999976694
F005_PID000000436,436,2019-11-04T00:29:50.188030720+00:00,9.81196928,-0.12808988764044943,0.12808988764044943,0.9999999999976694
F005_PID000000436,436,2019-11-04T00:29:50.190654976+00:00,9.809345024,-0.13318284424379231,0.13318284424379231,0.9999999999976694
F005_PID000000436,436,2019-11-04T00:29:50.196079104+00:00,9.803920896,-0.1383219954648526,0.1383219954648526,0.9999999999976694
F005_PID000000436,436,2019-11-04T00:29:50.196450816+00:00,9.803549184,-0.1383219954648526,0.1383219954648526,0.9999999999976694
F005_PID000000436,436,2019-11-04T00:29:50.196476160+00:00,9.80352384,-0.1409090909090909,0.1409090909090909,0.9999999999976694
F005_PID000000436,436,2019-11-04T00:29:50.196852736+00:00,9.803147264,-0.1409090909090909,0.1409090909090909,0.9999999999976694
F005_PID000000436,436,2019-11-04T00:29:50.196920064+00:00,9.803079936,-0.03292181069958848,0.03292181069958848,1.9999999999997797
F005_PID000000436,436,2019-11-04T00:29:50.197965824+00:00,9.802034176,0.07061503416856492,-0.07061503416856492,1.0000000000021103
F005_PID000000436,436,2019-11-04T00:29:50.198801152+00:00,9.801198848,0.07061503416856492,-0.07061503416856492,1.0000000000021103
F005_PID000000436,436,2019-11-04T00:29:50.199664640+00:00,9.80033536,0.07061503416856492,-0.07061503416856492,1.0000000000021103
F005_PID000000436,436,2019-11-04T00:29:50.199681280+00:00,9.80031872,0.07551487414187644,-0.07551487414187644,1.0000000000021103
F005_PID000000436,436,2019-11-04T00:29:50.199953152+00:00,9.800046848,0.07551487414187644,-0.07551487414187644,1.0000000000021103
F005_PID000000436,436,2019-11-04T00:29:50.199994368+00:00,9.800005632,-0.028925619834710745,0.028925619834710745,1.9999999999997797
F005_PID000000436,436,2019-11-04T00:29:50.200057088+00:00,9.799942912,-0.024896265560165973,0.024896265560165973,1.9999999999997797
F005_PID000000436,436,2019-11-04T00:29:50.200149760+00:00,9.79985024,-0.1382488479262673,0.1382488479262673,0.9999999999976694
F005_PID000000436,436,2019-11-04T00:29:50.200213760+00:00,9.79978624,-0.13302752293577982,0.13302752293577982,0.9999999999976694
F005_PID000000436,436,2019-11-04T00:29:50.203280128+00:00,9.796719872,-0.1278538812785388,0.1278538812785388,0.9999999999976694
F005_PID000000436,436,2019-11-04T00:29:50.205475840+00:00,9.79452416,-0.13574660633484162,0.13574660633484162,0.9999999999976694
F005_PID000000436,436,2019-11-04T00:29:50.206469376+00:00,9.793530624,-0.1409090909090909,0.1409090909090909,0.9999999999976694
F005_PID000000436,436,2019-11-04T00:29:50.207666688+00:00,9.792333312,-0.1461187214611872,0.1461187214611872,0.9999999999976694
F005_PID000000436,436,2019-11-04T00:29:50.210015488+00:00,9.789984512,-0.1409090909090909,0.1409090909090909,0.9999999999976694
F005_PID000000436,436,2019-11-04T00:29:50.213558784+00:00,9.786441216,-0.136986301369863,0.136986301369863,0.9999999999976694
F005_PID000000436,436,2019-11-04T00:29:50.218391808+00:00,9.781608192,-0.1318181818181818,0.1318181818181818,0.9999999999976694
F005_PID000000436,436,2019-11-04T00:29:50.221872640+00:00,9.77812736,-0.136986301369863,0.136986301369863,0.9999999999976694
F005_PID000000436,436,2019-11-04T00:29:50.229790464+00:00,9.770209536,-0.1409090909090909,0.1409090909090909,0.9999999999976694
F005_PID000000436,436,2019-11-04T00:29:50.229963520+00:00,9.77003648,-0.1461187214611872,0.1461187214611872,0.9999999999976694
F005_PID000000436,436,2019-11-04T00:29:50.246239744+00:00,9.753760256,-0.14220183486238533,0.14220183486238533,0.9999999999976694
F005_PID000000436,436,2019-11-04T00:29:50.262281984+00:00,9.737718016,-0.14220183486238533,0.14220183486238533,0.9999999999976694
F005_PID000000436,436,2019-11-04T00:29:50.262325248+00:00,9.737674752,-0.028925619834710745,0.028925619834710745,1.9999999999997797
F005_PID000000436,436,2019-11-04T00:29:50.308379904+00:00,9.691620096,-0.012195121951219513,0.012195121951219513,1.9999999999997797
F005_PID000000436,436,2019-11-04T00:29:50.308564224+00:00,9.691435776,-0.12162162162162163,0.12162162162162163,0.9999999999976694
F005_PID000000436,436,2019-11-04T00:29:50.308772608+00:00,9.691227392,-0.11409395973154363,0.11409395973154363,0.9999999999976694
F005_PID000000436,436,2019-11-04T00:29:50.334481664+00:00,9.665518336,-0.11910112359550562,0.11910112359550562,0.9999999999976694
F005_PID000000436,436,2019-11-04T00:29:50.354116608+00:00,9.645883392,-0.13958810068649885,0.13958810068649885,0.9999999999976694
F005_PID000000436,436,2019-11-04T00:29:50.354315008+00:00,9.645684992,-0.028925619834710745,0.028925619834710745,1.9999999999997797
F005_PID000000436,436,2019-11-04T00:29:50.383563264+00:00,9.616436736,-0.03292181069958848,0.03292181069958848,1.9999999999997797
F005_PID000000436,436,2019-11-04T00:29:50.384687360+00:00,9.61531264,-0.03490759753593429,0.03490759753593429,1.9999999999997797
F005_PID000000436,436,2019-11-04T00:29:50.385882880+00:00,9.61411712,-0.030927835051546393,0.030927835051546393,1.9999999999997797
F005_PID000000436,436,2019-11-04T00:29:53.999023104+00:00,6.000976896,-0.026694045174537988,0.026694045174537988,1.9999999999997797
F005_PID000000436,436,2019-11-04T00:29:54.085055232+00:00,5.914944768,-0.030927835051546393,0.030927835051546393,1.9999999999997797
F005_PID000000436,436,2019-11-04T00:29:55.355567360+00:00,4.64443264,-0.13895216400911162,0.13895216400911162,0.9999999999976694
F005_PID000000436,436,2019-11-04T00:29:55.358181376+00:00,4.641818624,-0.13378684807256236,0.13378684807256236,0.9999999999976694
F005_PID000000436,436,2019-11-04T00:29:55.364152576+00:00,4.635847424,-0.12866817155756208,0.12866817155756208,0.9999999999976694
F005_PID000000436,436,2019-11-04T00:29:55.364209920+00:00,4.63579008,-0.12359550561797752,0.12359550561797752,0.9999999999976694
F005_PID000000436,436,2019-11-04T00:29:55.369488896+00:00,4.630511104,-0.1185682326621924,0.1185682326621924,0.9999999999976694
F005_PID000000436,436,2019-11-04T00:29:55.427908096+00:00,4.572091904,-0.11060948081264109,0.11060948081264109,0.9999999999976694
F005_PID000000436,436,2019-11-04T00:29:55.973987584+00:00,4.026012416,-0.11564625850340136,0.11564625850340136,0.9999999999976694
F005_PID000000436,436,2019-11-04T00:29:55.974046464+00:00,4.025953536,-0.12072892938496584,0.12072892938496584,0.9999999999976694
F005_PID000000436,436,2019-11-04T00:29:56.420446720+00:00,3.57955328,-0.12585812356979406,0.12585812356979406,0.9999999999976694
F005_PID000000436,436,2019-11-04T00:29:56.440860672+00:00,3.559139328,-0.12072892938496584,0.12072892938496584,0.9999999999976694
F005_PID000000436,436,2019-11-04T00:29:58.682555392+00:00,1.317444608,-0.11564625850340136,0.11564625850340136,0.9999999999976694
F005_PID000000436,436,2019-11-04T00:29:58.882538496+00:00,1.117461504,-0.11060948081264109,0.11060948081264109,0.9999999999976694
F005_PID000000436,436,2019-11-04T00:29:58.882705664+00:00,1.117294336,-0.10810810810810811,0.10810810810810811,0.9999999999976694
F005_PID000000436,436,2019-11-04T00:29:58.998365184+00:00,1.001634816,-0.11060948081264109,0.11060948081264109,0.9999999999976694
F005_PID000000436,436,2019-11-04T00:29:59.016343040+00:00,0.98365696,-0.11564625850340136,0.11564625850340136,0.9999999999976694
F006_PID000000038,38,2019-01-25T02:18:00.314293248+00:00,119.685706752,-0.017921146953405017,-0.017921146953405017,0.9999999999976694
F006_PID000000038,38,2019-01-25T02:18:00.314349568+00:00,119.685650432,-0.02142857142857143,-0.02142857142857143,0.9999999999976694
F006_PID000000038,38,2019-01-25T02:18:00.314542080+00:00,119.68545792,-0.02491103202846975,-0.02491103202846975,0.9999999999976694
F006_PID000000038,38,2019-01-25T02:18:00.314719744+00:00,119.685280256,-0.028368794326241134,-0.028368794326241134,0.9999999999976694
F006_PID000000038,38,2019-01-25T02:18:03.306238976+00:00,116.693761024,-0.028368794326241134,-0.028368794326241134,0.9999999999976694
F006_PID000000038,38,2019-01-25T02:18:06.541650432+00:00,113.458349568,-0.02491103202846975,-0.02491103202846975,0.9999999999976694
F006_PID000000038,38,2019-01-25T02:18:06.541852416+00:00,113.458147584,-0.02142857142857143,-0.02142857142857143,0.9999999999976694
F006_PID000000038,38,2019-01-25T02:18:06.875181312+00:00,113.124818688,-0.014388489208633094,-0.014388489208633094,0.9999999999976694
F006_PID000000038,38,2019-01-25T02:18:06.875415040+00:00,113.12458496,-0.010752688172043012,-0.010752688172043012,0.9999999999976694
F006_PID000000038,38,2019-01-25T02:18:07.528523264+00:00,112.471476736,-0.007194244604316547,-0.007194244604316547,0.9999999999976694
F006_PID000000038,38,2019-01-25T02:18:07.643230720+00:00,112.35676928,-0.010752688172043012,-0.010752688172043012,0.9999999999976694
F006_PID000000038,38,2019-01-25T02:18:07.714010112+00:00,112.285989888,-0.007194244604316547,-0.007194244604316547,0.9999999999976694
F006_PID000000038,38,2019-01-25T02:18:07.843745792+00:00,112.156254208,-0.010830324909747292,-0.010830324909747292,0.9999999999976694
F006_PID000000038,38,2019-01-25T02:18:07.843800832+00:00,112.156199168,-0.014388489208633094,-0.014388489208633094,0.9999999999976694
F006_PID000000038,38,2019-01-25T02:18:07.843996416+00:00,112.156003584,-0.017921146953405017,-0.017921146953405017,0.9999999999976694
F006_PID000000038,38,2019-01-25T02:18:07.844051712+00:00,112.155948288,-0.02142857142857143,-0.02142857142857143,0.9999999999976694
F006_PID000000038,38,2019-01-25T02:18:08.395088128+00:00,111.604911872,-0.017793594306049824,-0.017793594306049824,0.9999999999976694
F006_PID000000038,38,2019-01-25T02:18:08.395272192+00:00,111.604727808,-0.014285714285714285,-0.014285714285714285,0.9999999999976694
F006_PID000000038,38,2019-01-25T02:18:08.395325952+00:00,111.604674048,-0.010752688172043012,-0.010752688172043012,0.9999999999976694
F006_PID000000038,38,2019-01-25T02:18:08.395382528+00:00,111.604617472,-0.007194244604316547,-0.007194244604316547,0.9999999999976694
F006_PID000000038,38,2019-01-25T02:18:08.395447808+00:00,111.604552192,-0.0036101083032490976,-0.0036101083032490976,0.9999999999976694
F006_PID000000038,38,2019-01-25T02:18:08.399502592+00:00,111.600497408,-0.007194244604316547,-0.007194244604316547,0.9999999999976694
F006_PID000000038,38,2019-01-25T02:18:08.496054528+00:00,111.503945472,-0.0035842293906810036,-0.0035842293906810036,0.9999999999976694
F006_PID000000038,38,2019-01-25T02:18:08.496423680+00:00,111.50357632,0.0,0.0,0.9999999999976694
F006_PID000000038,38,2019-01-25T02:18:08.496711168+00:00,111.503288832,0.014184397163120567,0.014184397163120567,0.9999999999976694
F006_PID000000038,38,2019-01-25T02:18:08.497231104+00:00,111.502768896,0.0176678445229682,0.0176678445229682,0.9999999999976694
F006_PID000000038,38,2019-01-25T02:18:08.497425920+00:00,111.50257408,0.0313588850174216,0.0313588850174216,0.9999999999976694
F006_PID000000038,38,2019-01-25T02:18:08.509716736+00:00,111.490283264,0.0313588850174216,0.0313588850174216,0.9999999999976694
F006_PID000000038,38,2019-01-25T02:18:08.509728768+00:00,111.490271232,0.045936395759717315,0.045936395759717315,0.9999999999976694
F006_PID000000038,38,2019-01-25T02:18:08.510002944+00:00,111.489997056,0.045936395759717315,0.045936395759717315,0.9999999999976694
F006_PID000000038,38,2019-01-25T02:18:08.510056704+00:00,111.489943296,-0.035830618892508145,-0.035830618892508145,1.9999999999997797
F006_PID000000038,38,2019-01-25T02:18:08.510112512+00:00,111.489887488,-0.15636363636363637,-0.15636363636363637,1.0000000000021103
F006_PID000000038,38,2019-01-25T02:18:08.510218496+00:00,111.489781504,-0.148014440433213,-0.148014440433213,1.0000000000021103
F006_PID000000038,38,2019-01-25T02:18:08.510341888+00:00,111.489658112,-0.15636363636363637,-0.15636363636363637,1.0000000000021103
F006_PID000000038,38,2019-01-25T02:18:08.510503936+00:00,111.489496064,-0.15217391304347827,-0.15217391304347827,1.0000000000021103
F006_PID000000038,38,2019-01-25T02:18:08.510594816+00:00,111.489405184,-0.15217391304347827,-0.15217391304347827,1.0000000000021103
F006_PID000000038,38,2019-01-25T02:18:08.510862848+00:00,111.489137152,-0.15636363636363637,-0.15636363636363637,1.0000000000021103
F006_PID000000038,38,2019-01-25T02:18:08.518735104+00:00,111.481264896,-0.13978494623655913,-0.13978494623655913,1.0000000000021103
F006_PID000000038,38,2019-01-25T02:18:08.523239936+00:00,111.476760064,-0.11439114391143912,-0.11439114391143912,1.0000000000021103
F006_PID000000038,38,2019-01-25T02:18:08.584219648+00:00,111.415780352,-0.11029411764705882,-0.11029411764705882,1.0000000000021103
F006_PID000000038,38,2019-01-25T02:18:08.593635584+00:00,111.406364416,-0.11029411764705882,-0.11029411764705882,1.0000000000021103
F006_PID000000038,38,2019-01-25T02:18:08.593651456+00:00,111.406348544,-0.11029411764705882,-0.11029411764705882,1.0000000000021103
F006_PID000000038,38,2019-01-25T02:18:08.602183936+00:00,111.397816064,-0.11439114391143912,-0.11439114391143912,1.0000000000021103
F006_PID000000038,38,2019-01-25T02:18:08.602546176+00:00,111.397453824,-0.11439114391143912,-0.11439114391143912,1.0000000000021103
F006_PID000000038,38,2019-01-25T02:18:08.622419968+00:00,111.377580032,-0.11029411764705882,-0.11029411764705882,1.0000000000021103
F006_PID000000038,38,2019-01-25T02:18:08.649276672+00:00,111.350723328,-0.10622710622710622,-0.10622710622710622,1.0000000000021103
F006_PID000000038,38,2019-01-25T02:18:08.649516544+00:00,111.350483456,-0.10622710622710622,-0.10622710622710622,1.0000000000021103
F006_PID000000038,38,2019-01-25T02:18:08.649530112+00:00,111.350469888,-0.10622710622710622,-0.10622710622710622,1.0000000000021103
F006_PID000000038,38,2019-01-25T02:18:08.649704960+00:00,111.35029504,-0.11029411764705882,-0.11029411764705882,1.0000000000021103
F006_PID000000038,38,2019-01-25T02:18:08.651294976+00:00,111.348705024,-0.09701492537313433,-0.09701492537313433,1.0000000000021103
F006_PID000000038,38,2019-01-25T02:18:08.658483712+00:00,111.341516288,-0.08888888888888889,-0.08888888888888889,1.0000000000021103
F006_PID000000038,38,2019-01-25T02:18:08.685396224+00:00,111.314603776,-0.08208955223880597,-0.08208955223880597,1.0000000000021103
F006_PID000000038,38,2019-01-25T02:18:08.685752832+00:00,111.314247168,-0.07806691449814127,-0.07806691449814127,1.0000000000021103
F006_PID000000038,38,2019-01-25T02:18:08.685838080+00:00,111.31416192,-0.07407407407407407,-0.07407407407407407,1.0000000000021103
F006_PID000000038,38,2019-01-25T02:18:08.685959936+00:00,111.314040064,-0.07011070110701106,-0.07011070110701106,1.0000000000021103
F006_PID000000038,38,2019-01-25T02:18:08.686141952+00:00,111.313858048,-0.056179775280898875,-0.056179775280898875,1.0000000000021103
F006_PID000000038,38,2019-01-25T02:18:08.686465536+00:00,111.313534464,-0.05223880597014925,-0.05223880597014925,1.0000000000021103
F006_PID000000038,38,2019-01-25T02:18:08.686499328+00:00,111.313500672,-0.03787878787878788,-0.03787878787878788,1.0000000000021103
F006_PID000000038,38,2019-01-25T02:18:08.686533376+00:00,111.313466624,-0.03007518796992481,-0.03007518796992481,1.0000000000021103
F006_PID000000038,38,2019-01-25T02:18:08.686598400+00:00,111.3134016,-0.022727272727272728,-0.022727272727272728,1.0000000000021103
F006_PID000000038,38,2019-01-25T02:18:08.687215616+00:00,111.312784384,-0.015267175572519083,-0.015267175572519083,1.0000000000021103
F006_PID000000038,38,2019-01-25T02:18:08.687348992+00:00,111.312651008,-0.011494252873563218,-0.011494252873563218,1.0000000000021103
F006_PID000000038,38,2019-01-25T02:18:08.687927296+00:00,111.312072704,-0.003861003861003861,-0.003861003861003861,1.0000000000021103
F006_PID000000038,38,2019-01-25T02:18:08.687986944+00:00,111.312013056,-0.007692307692307693,-0.007692307692307693,1.0000000000021103
F006_PID000000038,38,2019-01-25T02:18:08.688837120+00:00,111.31116288,-0.0038314176245210726,-0.0038314176245210726,1.0000000000021103
F006_PID000000038,38,2019-01-25T02:18:08.688873728+00:00,111.311126272,-0.011406844106463879,-0.011406844106463879,1.0000000000021103
F006_PID000000038,38,2019-01-25T02:18:08.695109120+00:00,111.30489088,-0.015267175572519083,-0.015267175572519083,1.0000000000021103
F006_PID000000038,38,2019-01-25T02:18:08.695330048+00:00,111.304669952,-0.019011406844106463,-0.019011406844106463,1.0000000000021103
F006_PID000000038,38,2019-01-25T02:18:08.729741824+00:00,111.270258176,-0.033707865168539325,-0.033707865168539325,1.0000000000021103
F006_PID000000038,38,2019-01-25T02:18:08.729934848+00:00,111.270065152,-0.04150943396226415,-0.04150943396226415,1.0000000000021103
F006_PID000000038,38,2019-01-25T02:18:08.729995008+00:00,111.270004992,-0.049429657794676805,-0.049429657794676805,1.0000000000021103
F006_PID000000038,38,2019-01-25T02:18:08.730115840+00:00,111.26988416,-0.05343511450381679,-0.05343511450381679,1.0000000000021103
F006_PID000000038,38,2019-01-25T02:18:08.730176512+00:00,111.269823488,-0.05747126436781609,-0.05747126436781609,1.0000000000021103
F006_PID000000038,38,2019-01-25T02:18:08.744451328+00:00,111.255548672,-0.06463878326996197,-0.06463878326996197,1.0000000000021103
F006_PID000000038,38,2019-01-25T02:18:08.759464704+00:00,111.240535296,-0.06870229007633588,-0.06870229007633588,1.0000000000021103
F006_PID000000038,38,2019-01-25T02:18:08.759941888+00:00,111.240058112,-0.07224334600760456,-0.07224334600760456,1.0000000000021103
F006_PID000000038,38,2019-01-25T02:18:08.774425088+00:00,111.225574912,-0.06513409961685823,-0.06513409961685823,1.0000000000021103
F006_PID000000038,38,2019-01-25T02:18:08.800076032+00:00,111.199923968,-0.057034220532319393,-0.057034220532319393,1.0000000000021103
F006_PID000000038,38,2019-01-25T02:18:08.800270336+00:00,111.199729664,-0.05303030303030303,-0.05303030303030303,1.0000000000021103
F006_PID000000038,38,2019-01-25T02:18:08.800349952+00:00,111.199650048,-0.04905660377358491,-0.04905660377358491,1.0000000000021103
F006_PID000000038,38,2019-01-25T02:18:08.800825344+00:00,111.199174656,-0.045454545454545456,-0.045454545454545456,1.0000000000021103
F006_PID000000038,38,2019-01-25T02:18:08.819236864+00:00,111.180763136,-0.049429657794676805,-0.049429657794676805,1.0000000000021103
F006_PID000000038,38,2019-01-25T02:18:08.819415296+00:00,111.180584704,-0.05343511450381679,-0.05343511450381679,1.0000000000021103
F006_PID000000038,38,2019-01-25T02:18:08.838706688+00:00,111.161293312,-0.049429657794676805,-0.049429657794676805,1.0000000000021103
F006_PID000000038,38,2019-01-25T02:18:08.838903040+00:00,111.16109696,-0.045454545454545456,-0.045454545454545456,1.0000000000021103
F006_PID000000038,38,2019-01-25T02:18:08.888654336+00:00,111.111345664,-0.03076923076923077,-0.03076923076923077,1.0000000000021103
F006_PID000000038,38,2019-01-25T02:18:08.888854016+00:00,111.111145984,-0.02702702702702703,-0.02702702702702703,1.0000000000021103
F006_PID000000038,38,2019-01-25T02:18:08.889052672+00:00,111.110947328,-0.023076923076923078,-0.023076923076923078,1.0000000000021103
F006_PID000000038,38,2019-01-25T02:18:08.889111808+00:00,111.110888192,-0.030534351145038167,-0.030534351145038167,1.0000000000021103
F006_PID000000038,38,2019-01-25T02:18:08.889299200+00:00,111.1107008,-0.034220532319391636,-0.034220532319391636,1.0000000000021103
F006_PID000000038,38,2019-01-25T02:18:08.972140288+00:00,111.027859712,-0.030303030303030304,-0.030303030303030304,1.0000000000021103
F006_PID000000038,38,2019-01-25T02:18:08.972318464+00:00,111.027681536,-0.026615969581749048,-0.026615969581749048,1.0000000000021103
F006_PID000000038,38,2019-01-25T02:18:09.527436800+00:00,110.4725632,-0.033962264150943396,-0.033962264150943396,1.0000000000021103
F006_PID000000038,38,2019-01-25T02:18:09.527620864+00:00,110.472379136,-0.03759398496240601,-0.03759398496240601,1.0000000000021103
F006_PID000000038,38,2019-01-25T02:18:09.527671296+00:00,110.472328704,-0.04119850187265917,-0.04119850187265917,1.0000000000021103
F006_PID000000038,38,2019-01-25T02:18:09.527801600+00:00,110.4721984,-0.045112781954887216,-0.045112781954887216,1.0000000000021103
F006_PID000000038,38,2019-01-25T02:18:10.783583744+00:00,109.216416256,-0.014598540145985401,-0.014598540145985401,1.0000000000021103
F006_PID000000038,38,2019-01-25T02:18:10.783783680+00:00,109.21621632,-0.007352941176470588,-0.007352941176470588,1.0000000000021103
F006_PID000000038,38,2019-01-25T02:18:10.783961856+00:00,109.216038144,-0.0036900369003690036,-0.0036900369003690036,1.0000000000021103
F006_PID000000038,38,2019-01-25T02:18:10.784034816+00:00,109.215965184,0.0,0.0,1.0000000000021103
F006_PID000000038,38,2019-01-25T02:18:12.714099200+00:00,107.2859008,-0.0072992700729927005,-0.0072992700729927005,1.0000000000021103
F006_PID000000038,38,2019-01-25T02:18:13.449031168+00:00,106.550968832,-0.01098901098901099,-0.01098901098901099,1.0000000000021103
F006_PID000000038,38,2019-01-25T02:18:13.949731584+00:00,106.050268416,-0.0072992700729927005,-0.0072992700729927005,1.0000000000021103
F006_PID000000038,38,2019-01-25T02:18:22.688634880+00:00,97.31136512,-0.014705882352941176,-0.014705882352941176,1.0000000000021103
F006_PID000000038,38,2019-01-25T02:18:22.814723328+00:00,97.185276672,-0.028985507246376812,-0.028985507246376812,1.0000000000021103
F006_PID000000038,38,2019-01-25T02:18:22.814926592+00:00,97.185073408,-0.03272727272727273,-0.03272727272727273,1.0000000000021103
F006_PID000000038,38,2019-01-25T02:18:22.815222016+00:00,97.184777984,-0.04659498207885305,-0.04659498207885305,1.0000000000021103
F006_PID000000038,38,2019-01-25T02:18:22.815412480+00:00,97.18458752,-0.050359712230215826,-0.050359712230215826,1.0000000000021103
F006_PID000000038,38,2019-01-25T02:18:22.815477248+00:00,97.184522752,-0.05415162454873646,-0.05415162454873646,1.0000000000021103
F006_PID000000038,38,2019-01-25T02:18:22.815621120+00:00,97.18437888,-0.057971014492753624,-0.057971014492753624,1.0000000000021103
F006_PID000000038,38,2019-01-25T02:18:22.815926016+00:00,97.184073984,-0.057971014492753624,-0.057971014492753624,1.0000000000021103
F006_PID000000038,38,2019-01-25T02:18:22.815940864+00:00,97.184059136,-0.06181818181818182,-0.06181818181818182,1.0000000000021103
F006_PID000000038,38,2019-01-25T02:18:22.816249088+00:00,97.183750912,-0.06569343065693431,-0.06569343065693431,1.0000000000021103
F006_PID000000038,38,2019-01-25T02:18:22.816306944+00:00,97.183693056,-0.06569343065693431,-0.06569343065693431,1.0000000000021103
F006_PID000000038,38,2019-01-25T02:18:22.816306944+00:00,97.183693056,0.0457516339869281,0.0457516339869281,1.9999999999997797
F006_PID000000038,38,2019-01-25T02:18:22.816655872+00:00,97.183344128,-0.06181818181818182,-0.06181818181818182,1.0000000000021103
F006_PID000000038,38,2019-01-25T02:18:22.816729344+00:00,97.183270656,-0.06181818181818182,-0.06181818181818182,1.0000000000021103
F006_PID000000038,38,2019-01-25T02:18:22.816729344+00:00,97.183270656,-0.06569343065693431,-0.06569343065693431,1.0000000000021103
F006_PID000000038,38,2019-01-25T02:18:22.816927744+00:00,97.183072256,-0.06909090909090909,-0.06909090909090909,1.0000000000021103
F006_PID000000038,38,2019-01-25T02:18:22.816979200+00:00,97.1830208,-0.07581227436823104,-0.07581227436823104,1.0000000000021103
F006_PID000000038,38,2019-01-25T02:18:22.817007616+00:00,97.182992384,-0.07581227436823104,-0.07581227436823104,1.0000000000021103
F006_PID000000038,38,2019-01-25T02:18:22.818095104+00:00,97.181904896,-0.07194244604316546,-0.07194244604316546,1.0000000000021103
F006_PID000000038,38,2019-01-25T02:18:22.833436160+00:00,97.16656384,-0.1037037037037037,-0.1037037037037037,1.0000000000021103
F006_PID000000038,38,2019-01-25T02:18:22.838708224+00:00,97.161291776,-0.10780669144981413,-0.10780669144981413,1.0000000000021103
F006_PID000000038,38,2019-01-25T02:18:22.872492544+00:00,97.127507456,-0.1037037037037037,-0.1037037037037037,1.0000000000021103
F006_PID000000038,38,2019-01-25T02:18:22.910436352+00:00,97.089563648,-0.0996309963099631,-0.0996309963099631,1.0000000000021103
F006_PID000000038,38,2019-01-25T02:18:22.910953216+00:00,97.089046784,-0.0996309963099631,-0.0996309963099631,1.0000000000021103
F006_PID000000038,38,2019-01-25T02:18:22.910966528+00:00,97.089033472,-0.0996309963099631,-0.0996309963099631,1.0000000000021103
F006_PID000000038,38,2019-01-25T02:18:22.939722240+00:00,97.06027776,-0.11272727272727273,-0.11272727272727273,1.0000000000021103
F006_PID000000038,38,2019-01-25T02:18:22.939900672+00:00,97.060099328,-0.11678832116788321,-0.11678832116788321,1.0000000000021103
F006_PID000000038,38,2019-01-25T02:18:23.030853632+00:00,96.969146368,-0.11678832116788321,-0.11678832116788321,1.0000000000021103
F006_PID000000038,38,2019-01-25T02:18:23.030899200+00:00,96.9691008,-0.003278688524590164,-0.003278688524590164,1.9999999999997797
F006_PID000000038,38,2019-01-25T02:18:23.031152384+00:00,96.968847616,-0.003278688524590164,-0.003278688524590164,1.9999999999997797
F006_PID000000038,38,2019-01-25T02:18:23.031242240+00:00,96.96875776,-0.003278688524590164,-0.003278688524590164,1.9999999999997797
F006_PID000000038,38,2019-01-25T02:18:23.031819776+00:00,96.968180224,-0.11678832116788321,-0.11678832116788321,1.0000000000021103
F006_PID000000038,38,2019-01-25T02:18:23.054579968+00:00,96.945420032,-0.12318840579710146,-0.12318840579710146,1.0000000000021103
F006_PID000000038,38,2019-01-25T02:18:23.188286208+00:00,96.811713792,-0.11510791366906475,-0.11510791366906475,1.0000000000021103
F006_PID000000038,38,2019-01-25T02:18:23.243166976+00:00,96.756833024,-0.1111111111111111,-0.1111111111111111,1.0000000000021103
F006_PID000000038,38,2019-01-25T02:18:23.327798016+00:00,96.672201984,-0.10714285714285714,-0.10714285714285714,1.0000000000021103
F006_PID000000038,38,2019-01-25T02:18:23.328042752+00:00,96.671957248,-0.10714285714285714,-0.10714285714285714,1.0000000000021103
F006_PID000000038,38,2019-01-25T02:18:23.328056576+00:00,96.671943424,-0.10714285714285714,-0.10714285714285714,1.0000000000021103
F006_PID000000038,38,2019-01-25T02:18:23.328531200+00:00,96.6714688,-0.10714285714285714,-0.10714285714285714,1.0000000000021103
F006_PID000000038,38,2019-01-25T02:18:23.328654336+00:00,96.671345664,-0.10714285714285714,-0.10714285714285714,1.0000000000021103
F006_PID000000038,38,2019-01-25T02:18:23.328667392+00:00,96.671332608,-0.10714285714285714,-0.10714285714285714,1.0000000000021103
F006_PID000000038,38,2019-01-25T02:18:23.329683712+00:00,96.670316288,-0.09420289855072464,-0.09420289855072464,1.0000000000021103
F006_PID000000038,38,2019-01-25T02:18:23.329915136+00:00,96.670084864,-0.09025270758122744,-0.09025270758122744,1.0000000000021103
F006_PID000000038,38,2019-01-25T02:18:23.365031424+00:00,96.634968576,-0.08363636363636363,-0.08363636363636363,1.0000000000021103
F006_PID000000038,38,2019-01-25T02:18:23.410566656+00:00,96.589433344,-0.07011070110701106,-0.07011070110701106,1.0000000000021103
F006_PID000000038,38,2019-01-25T02:18:23.454715648+00:00,96.545284352,-0.056179775280898875,-0.056179775280898875,1.0000000000021103
F006_PID000000038,38,2019-01-25T02:18:23.454905344+00:00,96.545094656,-0.05223880597014925,-0.05223880597014925,1.0000000000021103
F006_PID000000038,38,2019-01-25T02:18:23.544242432+00:00,96.455757568,-0.056179775280898875,-0.056179775280898875,1.0000000000021103
F006_PID000000038,38,2019-01-25T02:18:23.544445696+00:00,96.455554304,-0.06015037593984962,-0.06015037593984962,1.0000000000021103
F006_PID000000038,38,2019-01-25T02:18:23.544634880+00:00,96.45536512,-0.07407407407407407,-0.07407407407407407,1.0000000000021103
F006_PID000000038,38,2019-01-25T02:18:23.697767680+00:00,96.30223232,-0.07806691449814127,-0.07806691449814127,1.0000000000021103
F006_PID000000038,38,2019-01-25T02:18:23.725431040+00:00,96.27456896,-0.08614232209737828,-0.08614232209737828,1.0000000000021103
F006_PID000000038,38,2019-01-25T02:18:23.887923200+00:00,96.1120768,-0.09433962264150944,-0.09433962264150944,1.0000000000021103
F006_PID000000038,38,2019-01-25T02:18:24.204732672+00:00,95.795267328,-0.10780669144981413,-0.10780669144981413,1.0000000000021103
F006_PID000000038,38,2019-01-25T02:18:24.402205696+00:00,95.597794304,-0.0996309963099631,-0.0996309963099631,1.0000000000021103
F006_PID000000038,38,2019-01-25T02:18:29.857415168+00:00,90.142584832,-0.1037037037037037,-0.1037037037037037,1.0000000000021103
F006_PID000000038,38,2019-01-25T02:18:29.857655808+00:00,90.142344192,0.009966777408637873,0.009966777408637873,1.9999999999997797
F006_PID000000038,38,2019-01-25T02:18:29.858171648+00:00,90.141828352,0.009966777408637873,0.009966777408637873,1.9999999999997797
F006_PID000000038,38,2019-01-25T02:18:29.871003648+00:00,90.128996352,0.07801418439716312,0.07801418439716312,0.9999999999976694
F006_PID000000038,38,2019-01-25T02:18:29.871054592+00:00,90.128945408,0.06474820143884892,0.06474820143884892,0.9999999999976694
F006_PID000000038,38,2019-01-25T02:18:29.871101184+00:00,90.128898816,0.051094890510948905,0.051094890510948905,0.9999999999976694
F006_PID000000038,38,2019-01-25T02:18:29.871373312+00:00,90.128626688,0.051094890510948905,0.051094890510948905,0.9999999999976694
F006_PID000000038,38,2019-01-25T02:18:29.871424256+00:00,90.128575744,0.051094890510948905,0.051094890510948905,0.9999999999976694
F006_PID000000038,38,2019-01-25T02:18:29.897913344+00:00,90.102086656,0.02127659574468085,0.02127659574468085,0.9999999999976694
F006_PID000000038,38,2019-01-25T02:18:29.902762240+00:00,90.09723776,0.0176678445229682,0.0176678445229682,0.9999999999976694
F006_PID000000038,38,2019-01-25T02:18:29.933249792+00:00,90.066750208,0.02112676056338028,0.02112676056338028,0.9999999999976694
F006_PID000000038,38,2019-01-25T02:18:29.952325376+00:00,90.047674624,0.0176678445229682,0.0176678445229682,0.9999999999976694
F006_PID000000038,38,2019-01-25T02:18:30.121956096+00:00,89.878043904,0.014184397163120567,0.014184397163120567,0.9999999999976694
F006_PID000000038,38,2019-01-25T02:18:30.122007552+00:00,89.877992448,0.010676156583629894,0.010676156583629894,0.9999999999976694
F006_PID000000038,38,2019-01-25T02:18:41.232802816+00:00,78.767197184,0.014184397163120567,0.014184397163120567,0.9999999999976694
F006_PID000000038,38,2019-01-25T02:18:41.234245632+00:00,78.765754368,0.017793594306049824,0.017793594306049824,0.9999999999976694
F006_PID000000038,38,2019-01-25T02:18:49.864545536+00:00,70.135454464,0.02127659574468085,0.02127659574468085,0.9999999999976694
F006_PID000000038,38,2019-01-25T02:18:52.112454144+00:00,67.887545856,0.03496503496503497,0.03496503496503497,0.9999999999976694
F006_PID000000038,38,2019-01-25T02:18:52.112834560+00:00,67.88716544,0.03496503496503497,0.03496503496503497,0.9999999999976694
F006_PID000000038,38,2019-01-25T02:18:52.112852224+00:00,67.887147776,0.03859649122807018,0.03859649122807018,0.9999999999976694
F006_PID000000038,38,2019-01-25T02:18:52.112892416+00:00,67.887107584,0.03859649122807018,0.03859649122807018,0.9999999999976694
F006_PID000000038,38,2019-01-25T02:18:52.112892416+00:00,67.887107584,0.05338078291814947,0.05338078291814947,0.9999999999976694
F006_PID000000038,38,2019-01-25T02:18:52.112976128+00:00,67.887023872,0.05338078291814947,0.05338078291814947,0.9999999999976694
F006_PID000000038,38,2019-01-25T02:18:52.112976128+00:00,67.887023872,0.05714285714285714,0.05714285714285714,0.9999999999976694
F006_PID000000038,38,2019-01-25T02:18:52.113050624+00:00,67.886949376,0.05714285714285714,0.05714285714285714,0.9999999999976694
F006_PID000000038,38,2019-01-25T02:18:52.113050624+00:00,67.886949376,-0.14705882352941177,-0.14705882352941177,1.0000000000021103
F006_PID000000038,38,2019-01-25T02:18:52.113264128+00:00,67.886735872,-0.14285714285714285,-0.14285714285714285,1.0000000000021103
F006_PID000000038,38,2019-01-25T02:18:52.113351424+00:00,67.886648576,-0.1386861313868613,-0.1386861313868613,1.0000000000021103
F006_PID000000038,38,2019-01-25T02:18:52.113414144+00:00,67.886585856,-0.13454545454545455,-0.13454545454545455,1.0000000000021103
F006_PID000000038,38,2019-01-25T02:18:52.113515776+00:00,67.886484224,-0.13043478260869565,-0.13043478260869565,1.0000000000021103
F006_PID000000038,38,2019-01-25T02:18:52.113647616+00:00,67.886352384,-0.11827956989247312,-0.11827956989247312,1.0000000000021103
F006_PID000000038,38,2019-01-25T02:18:52.113764608+00:00,67.886235392,-0.11428571428571428,-0.11428571428571428,1.0000000000021103
F006_PID000000038,38,2019-01-25T02:18:52.113883136+00:00,67.886116864,-0.1103202846975089,-0.1103202846975089,1.0000000000021103
F006_PID000000038,38,2019-01-25T02:18:52.113948160+00:00,67.88605184,-0.09747292418772563,-0.09747292418772563,1.0000000000021103
F006_PID000000038,38,2019-01-25T02:18:52.114025728+00:00,67.885974272,-0.09747292418772563,-0.09747292418772563,1.0000000000021103
F006_PID000000038,38,2019-01-25T02:18:52.114215680+00:00,67.88578432,-0.10144927536231885,-0.10144927536231885,1.0000000000021103
F006_PID000000038,38,2019-01-25T02:18:52.114274304+00:00,67.885725696,-0.10545454545454545,-0.10545454545454545,1.0000000000021103
F006_PID000000038,38,2019-01-25T02:18:52.114334976+00:00,67.885665024,-0.10948905109489052,-0.10948905109489052,1.0000000000021103
F006_PID000000038,38,2019-01-25T02:18:52.114413312+00:00,67.885586688,-0.12177121771217712,-0.12177121771217712,1.0000000000021103
F006_PID000000038,38,2019-01-25T02:18:52.114463744+00:00,67.885536256,-0.12177121771217712,-0.12177121771217712,1.0000000000021103
F006_PID000000038,38,2019-01-25T02:18:52.114463744+00:00,67.885536256,-0.12177121771217712,-0.12177121771217712,1.0000000000021103
F006_PID000000038,38,2019-01-25T02:18:52.121774848+00:00,67.878225152,-0.10545454545454545,-0.10545454545454545,1.0000000000021103
F006_PID000000038,38,2019-01-25T02:18:52.126209792+00:00,67.873790208,-0.07865168539325842,-0.07865168539325842,1.0000000000021103
F006_PID000000038,38,2019-01-25T02:18:52.210931456+00:00,67.789068544,-0.08270676691729323,-0.08270676691729323,1.0000000000021103
F006_PID000000038,38,2019-01-25T02:18:52.374232832+00:00,67.625767168,-0.09293680297397769,-0.09293680297397769,1.0000000000021103
F006_PID000000038,38,2019-01-25T02:18:52.374435840+00:00,67.62556416,-0.09701492537313433,-0.09701492537313433,1.0000000000021103
F006_PID000000038,38,2019-01-25T02:18:52.374503936+00:00,67.625496064,-0.10112359550561797,-0.10112359550561797,1.0000000000021103
F006_PID000000038,38,2019-01-25T02:18:52.374716928+00:00,67.625283072,0.016722408026755852,0.016722408026755852,1.9999999999997797
F006_PID000000038,38,2019-01-25T02:18:52.375017984+00:00,67.624982016,0.016722408026755852,0.016722408026755852,1.9999999999997797
F006_PID000000038,38,2019-01-25T02:18:52.375437568+00:00,67.624562432,0.016722408026755852,0.016722408026755852,1.9999999999997797
F006_PID000000038,38,2019-01-25T02:18:52.450112256+00:00,67.549887744,0.02,0.02,1.9999999999997797
F006_PID000000038,38,2019-01-25T02:18:52.499741696+00:00,67.500258304,0.11272727272727273,0.11272727272727273,0.9999999999976694
F006_PID000000038,38,2019-01-25T02:18:52.499974656+00:00,67.500025344,0.11272727272727273,0.11272727272727273,0.9999999999976694
F006_PID000000038,38,2019-01-25T02:18:52.508117504+00:00,67.491882496,0.0967741935483871,0.0967741935483871,0.9999999999976694
F006_PID000000038,38,2019-01-25T02:18:52.511820544+00:00,67.488179456,0.08896797153024912,0.08896797153024912,0.9999999999976694
F006_PID000000038,38,2019-01-25T02:18:52.515335936+00:00,67.484664064,0.07581227436823104,0.07581227436823104,0.9999999999976694
F006_PID000000038,38,2019-01-25T02:18:52.521752832+00:00,67.478247168,0.06810035842293907,0.06810035842293907,0.9999999999976694
F006_PID000000038,38,2019-01-25T02:18:52.523941376+00:00,67.476058624,0.06474820143884892,0.06474820143884892,0.9999999999976694
F006_PID000000038,38,2019-01-25T02:18:52.524583936+00:00,67.475416064,0.051094890510948905,0.051094890510948905,0.9999999999976694
F006_PID000000038,38,2019-01-25T02:18:52.524638208+00:00,67.475361792,0.037037037037037035,0.037037037037037035,0.9999999999976694
F006_PID000000038,38,2019-01-25T02:18:52.524769792+00:00,67.475230208,0.033210332103321034,0.033210332103321034,0.9999999999976694
F006_PID000000038,38,2019-01-25T02:18:52.524969216+00:00,67.475030784,0.02962962962962963,0.02962962962962963,0.9999999999976694
F006_PID000000038,38,2019-01-25T02:18:52.574232064+00:00,67.425767936,0.03345724907063197,0.03345724907063197,0.9999999999976694
F006_PID000000038,38,2019-01-25T02:18:52.582687488+00:00,67.417312512,0.04119850187265917,0.04119850187265917,0.9999999999976694
F006_PID000000038,38,2019-01-25T02:18:52.595757568+00:00,67.404242432,0.02962962962962963,0.02962962962962963,0.9999999999976694
F006_PID000000038,38,2019-01-25T02:18:52.596002560+00:00,67.40399744,0.025830258302583026,0.025830258302583026,0.9999999999976694
F006_PID000000038,38,2019-01-25T02:18:52.999106560+00:00,67.00089344,0.022058823529411766,0.022058823529411766,0.9999999999976694
F006_PID000000038,38,2019-01-25T02:18:52.999253504+00:00,67.000746496,0.025830258302583026,0.025830258302583026,0.9999999999976694
F006_PID000000038,38,2019-01-25T02:18:54.762284032+00:00,65.237715968,0.029411764705882353,0.029411764705882353,0.9999999999976694
F006_PID000000038,38,2019-01-25T02:18:54.762381568+00:00,65.237618432,0.040892193308550186,0.040892193308550186,0.9999999999976694
F006_PID000000038,38,2019-01-25T02:18:54.762536448+00:00,65.237463552,0.04868913857677903,0.04868913857677903,0.9999999999976694
F006_PID000000038,38,2019-01-25T02:18:54.762596352+00:00,65.237403648,0.055762081784386616,0.055762081784386616,0.9999999999976694
F006_PID000000038,38,2019-01-25T02:18:54.762652416+00:00,65.237347584,0.05970149253731343,0.05970149253731343,0.9999999999976694
F006_PID000000038,38,2019-01-25T02:18:54.763148544+00:00,65.236851456,-0.030716723549488054,-0.030716723549488054,1.9999999999997797
F006_PID000000038,38,2019-01-25T02:18:54.763207936+00:00,65.236792064,-0.02027027027027027,-0.02027027027027027,1.9999999999997797
F006_PID000000038,38,2019-01-25T02:18:54.763240448+00:00,65.236759552,-0.013422818791946308,-0.013422818791946308,1.9999999999997797
F006_PID000000038,38,2019-01-25T02:18:54.763473152+00:00,65.236526848,0.0,0.0,1.9999999999997797
F006_PID000000038,38,2019-01-25T02:18:54.763819776+00:00,65.236180224,-0.006666666666666667,-0.006666666666666667,1.9999999999997797
F006_PID000000038,38,2019-01-25T02:18:54.763888128+00:00,65.236111872,-0.006666666666666667,-0.006666666666666667,1.9999999999997797
F006_PID000000038,38,2019-01-25T02:18:54.764035072+00:00,65.235964928,0.07971014492753623,0.07971014492753623,0.9999999999976694
F006_PID000000038,38,2019-01-25T02:18:54.764270592+00:00,65.235729408,0.0695970695970696,0.0695970695970696,0.9999999999976694
F006_PID000000038,38,2019-01-25T02:18:54.764444416+00:00,65.235555584,0.06273062730627306,0.06273062730627306,0.9999999999976694
F006_PID000000038,38,2019-01-25T02:18:54.764549632+00:00,65.235450368,0.06273062730627306,0.06273062730627306,0.9999999999976694
F006_PID000000038,38,2019-01-25T02:18:54.772945664+00:00,65.227054336,-0.023728813559322035,-0.023728813559322035,1.9999999999997797
F006_PID000000038,38,2019-01-25T02:18:54.773003264+00:00,65.226996736,-0.016835016835016835,-0.016835016835016835,1.9999999999997797
F006_PID000000038,38,2019-01-25T02:18:54.773191936+00:00,65.226808064,-0.023728813559322035,-0.023728813559322035,1.9999999999997797
F006_PID000000038,38,2019-01-25T02:18:54.773439744+00:00,65.226560256,-0.023728813559322035,-0.023728813559322035,1.9999999999997797
F006_PID000000038,38,2019-01-25T02:18:54.867920896+00:00,65.132079104,-0.016835016835016835,-0.016835016835016835,1.9999999999997797
F006_PID000000038,38,2019-01-25T02:18:54.886669568+00:00,65.113330432,-0.013422818791946308,-0.013422818791946308,1.9999999999997797
F006_PID000000038,38,2019-01-25T02:18:54.902811904+00:00,65.097188096,-0.13533834586466165,-0.13533834586466165,1.0000000000021103
F006_PID000000038,38,2019-01-25T02:18:54.903072768+00:00,65.096927232,-0.14393939393939395,-0.14393939393939395,1.0000000000021103
F006_PID000000038,38,2019-01-25T02:18:54.911234816+00:00,65.088765184,-0.12686567164179105,-0.12686567164179105,1.0000000000021103
F006_PID000000038,38,2019-01-25T02:18:56.363742464+00:00,63.636257536,-0.13108614232209737,-0.13108614232209737,1.0000000000021103
F006_PID000000038,38,2019-01-25T02:18:56.383414272+00:00,63.616585728,-0.12686567164179105,-0.12686567164179105,1.0000000000021103
F006_PID000000038,38,2019-01-25T02:18:56.399901440+00:00,63.60009856,-0.11851851851851852,-0.11851851851851852,1.0000000000021103
F006_PID000000038,38,2019-01-25T02:18:56.400436480+00:00,63.59956352,-0.11851851851851852,-0.11851851851851852,1.0000000000021103
F006_PID000000038,38,2019-01-25T02:18:56.400453120+00:00,63.59954688,-0.11851851851851852,-0.11851851851851852,1.0000000000021103
F006_PID000000038,38,2019-01-25T02:18:56.454810624+00:00,63.545189376,-0.10861423220973783,-0.10861423220973783,1.0000000000021103
F006_PID000000038,38,2019-01-25T02:18:56.815149824+00:00,63.184850176,-0.09505703422053231,-0.09505703422053231,1.0000000000021103
F006_PID000000038,38,2019-01-25T02:18:56.815339776+00:00,63.184660224,-0.09090909090909091,-0.09090909090909091,1.0000000000021103
F006_PID000000038,38,2019-01-25T02:18:56.817348096+00:00,63.182651904,-0.08270676691729323,-0.08270676691729323,1.0000000000021103
F006_PID000000038,38,2019-01-25T02:18:56.824033792+00:00,63.175966208,-0.07865168539325842,-0.07865168539325842,1.0000000000021103
F006_PID000000038,38,2019-01-25T02:18:56.824225792+00:00,63.175774208,-0.07462686567164178,-0.07462686567164178,1.0000000000021103
F006_PID000000038,38,2019-01-25T02:18:56.824279296+00:00,63.175720704,-0.06060606060606061,-0.06060606060606061,1.0000000000021103
F006_PID000000038,38,2019-01-25T02:18:56.993907712+00:00,63.006092288,-0.06463878326996197,-0.06463878326996197,1.0000000000021103
F006_PID000000038,38,2019-01-25T02:18:56.994092032+00:00,63.005907968,-0.06870229007633588,-0.06870229007633588,1.0000000000021103
F006_PID000000038,38,2019-01-25T02:18:56.994240256+00:00,63.005759744,-0.07692307692307693,-0.07692307692307693,1.0000000000021103
F006_PID000000038,38,2019-01-25T02:18:56.994283520+00:00,63.00571648,-0.09090909090909091,-0.09090909090909091,1.0000000000021103
F006_PID000000038,38,2019-01-25T02:18:56.994595840+00:00,63.00540416,-0.09505703422053231,-0.09505703422053231,1.0000000000021103
F006_PID000000038,38,2019-01-25T02:18:56.994660608+00:00,63.005339392,-0.10344827586206896,-0.10344827586206896,1.0000000000021103
F006_PID000000038,38,2019-01-25T02:18:57.005975296+00:00,62.994024704,-0.09923664122137404,-0.09923664122137404,1.0000000000021103
F006_PID000000038,38,2019-01-25T02:18:57.006161664+00:00,62.993838336,-0.09505703422053231,-0.09505703422053231,1.0000000000021103
F006_PID000000038,38,2019-01-25T02:18:57.029167616+00:00,62.970832384,-0.08679245283018867,-0.08679245283018867,1.0000000000021103
F006_PID000000038,38,2019-01-25T02:18:57.029400832+00:00,62.970599168,-0.08270676691729323,-0.08270676691729323,1.0000000000021103
F006_PID000000038,38,2019-01-25T02:18:57.124915456+00:00,62.875084544,-0.07462686567164178,-0.07462686567164178,1.0000000000021103
F006_PID000000038,38,2019-01-25T02:18:57.134370816+00:00,62.865629184,-0.08270676691729323,-0.08270676691729323,1.0000000000021103
F006_PID000000038,38,2019-01-25T02:18:57.148763136+00:00,62.851236864,-0.06870229007633588,-0.06870229007633588,1.0000000000021103
F006_PID000000038,38,2019-01-25T02:18:57.152088832+00:00,62.847911168,-0.06060606060606061,-0.06060606060606061,1.0000000000021103
F006_PID000000038,38,2019-01-25T02:18:57.173746944+00:00,62.826253056,-0.06415094339622641,-0.06415094339622641,1.0000000000021103
F006_PID000000038,38,2019-01-25T02:18:57.173940992+00:00,62.826059008,-0.06818181818181818,-0.06818181818181818,1.0000000000021103
F006_PID000000038,38,2019-01-25T02:18:57.174132736+00:00,62.825867264,-0.07633587786259542,-0.07633587786259542,1.0000000000021103
F006_PID000000038,38,2019-01-25T02:18:57.174167808+00:00,62.825832192,-0.08461538461538462,-0.08461538461538462,1.0000000000021103
F006_PID000000038,38,2019-01-25T02:18:57.174204416+00:00,62.825795584,-0.09848484848484848,-0.09848484848484848,1.0000000000021103
F006_PID000000038,38,2019-01-25T02:18:57.174358272+00:00,62.825641728,-0.10266159695817491,-0.10266159695817491,1.0000000000021103
F006_PID000000038,38,2019-01-25T02:18:57.174638592+00:00,62.825361408,-0.10687022900763359,-0.10687022900763359,1.0000000000021103
F006_PID000000038,38,2019-01-25T02:18:57.177229312+00:00,62.822770688,-0.09848484848484848,-0.09848484848484848,1.0000000000021103
F006_PID000000038,38,2019-01-25T02:18:57.187172096+00:00,62.812827904,-0.09022556390977443,-0.09022556390977443,1.0000000000021103
F006_PID000000038,38,2019-01-25T02:18:57.264268032+00:00,62.735731968,-0.08614232209737828,-0.08614232209737828,1.0000000000021103
F006_PID000000038,38,2019-01-25T02:18:57.314380288+00:00,62.685619712,-0.09433962264150944,-0.09433962264150944,1.0000000000021103
F006_PID000000038,38,2019-01-25T02:18:57.314565632+00:00,62.685434368,-0.09848484848484848,-0.09848484848484848,1.0000000000021103
F006_PID000000038,38,2019-01-25T02:18:57.379410944+00:00,62.620589056,-0.10687022900763359,-0.10687022900763359,1.0000000000021103
F006_PID000000038,38,2019-01-25T02:18:57.477051648+00:00,62.522948352,-0.09848484848484848,-0.09848484848484848,1.0000000000021103
F006_PID000000038,38,2019-01-25T02:18:57.477238016+00:00,62.522761984,-0.09433962264150944,-0.09433962264150944,1.0000000000021103
F006_PID000000038,38,2019-01-25T02:18:57.558706432+00:00,62.441293568,-0.09848484848484848,-0.09848484848484848,1.0000000000021103
F006_PID000000038,38,2019-01-25T02:18:57.703719424+00:00,62.296280576,-0.09433962264150944,-0.09433962264150944,1.0000000000021103
F006_PID000000038,38,2019-01-25T02:18:59.908203264+00:00,60.091796736,-0.08614232209737828,-0.08614232209737828,1.0000000000021103
F006_PID000000038,38,2019-01-25T02:19:00.882924800+00:00,59.1170752,-0.08208955223880597,-0.08208955223880597,1.0000000000021103
F006_PID000000038,38,2019-01-25T02:19:00.883104+00:00,59.116896,-0.07865168539325842,-0.07865168539325842,1.0000000000021103
F006_PID000000038,38,2019-01-25T02:19:00.883159040+00:00,59.11684096,-0.07462686567164178,-0.07462686567164178,1.0000000000021103
F006_PID000000038,38,2019-01-25T02:19:00.883294720+00:00,59.11670528,-0.06060606060606061,-0.06060606060606061,1.0000000000021103
F006_PID000000038,38,2019-01-25T02:19:00.895357184+00:00,59.104642816,-0.05343511450381679,-0.05343511450381679,1.0000000000021103
F006_PID000000038,38,2019-01-25T02:19:00.895549440+00:00,59.10445056,-0.057034220532319393,-0.057034220532319393,1.0000000000021103
F006_PID000000038,38,2019-01-25T02:19:00.895869696+00:00,59.104130304,-0.04980842911877394,-0.04980842911877394,1.0000000000021103
F006_PID000000038,38,2019-01-25T02:19:03.305662976+00:00,56.694337024,-0.04980842911877394,-0.04980842911877394,1.0000000000021103
F006_PID000000038,38,2019-01-25T02:19:03.309976064+00:00,56.690023936,-0.04580152671755725,-0.04580152671755725,1.0000000000021103
F006_PID000000038,38,2019-01-25T02:19:05.638053632+00:00,54.361946368,-0.04182509505703422,-0.04182509505703422,1.0000000000021103
F006_PID000000038,38,2019-01-25T02:19:06.333039616+00:00,53.666960384,-0.03816793893129771,-0.03816793893129771,1.0000000000021103
F006_PID000000038,38,2019-01-25T02:19:06.333075200+00:00,53.6669248,-0.030303030303030304,-0.030303030303030304,1.0000000000021103
F006_PID000000038,38,2019-01-25T02:19:06.333244928+00:00,53.666755072,-0.026615969581749048,-0.026615969581749048,1.0000000000021103
F006_PID000000038,38,2019-01-25T02:19:06.333310208+00:00,53.666689792,-0.022900763358778626,-0.022900763358778626,1.0000000000021103
F006_PID000000038,38,2019-01-25T02:19:06.343759360+00:00,53.65624064,-0.03076923076923077,-0.03076923076923077,1.0000000000021103
F006_PID000000038,38,2019-01-25T02:19:06.343953920+00:00,53.65604608,-0.034482758620689655,-0.034482758620689655,1.0000000000021103
F006_PID000000038,38,2019-01-25T02:19:10.534070016+00:00,49.465929984,-0.026615969581749048,-0.026615969581749048,1.0000000000021103
F006_PID000000038,38,2019-01-25T02:19:10.534264064+00:00,49.465735936,-0.022900763358778626,-0.022900763358778626,1.0000000000021103
F006_PID000000038,38,2019-01-25T02:19:10.548555264+00:00,49.451444736,-0.015384615384615385,-0.015384615384615385,1.0000000000021103
F006_PID000000038,38,2019-01-25T02:19:10.552403456+00:00,49.447596544,-0.007633587786259542,-0.007633587786259542,1.0000000000021103
F006_PID000000038,38,2019-01-25T02:19:10.552626688+00:00,49.447373312,-0.0038022813688212928,-0.0038022813688212928,1.0000000000021103
F006_PID000000038,38,2019-01-25T02:19:10.552654848+00:00,49.447345152,0.0,0.0,1.0000000000021103
F006_PID000000038,38,2019-01-25T02:19:11.116971520+00:00,48.88302848,-0.007633587786259542,-0.007633587786259542,1.0000000000021103
F006_PID000000038,38,2019-01-25T02:19:15.659744768+00:00,44.340255232,0.023622047244094488,0.023622047244094488,1.0000000000021103
F006_PID000000038,38,2019-01-25T02:19:15.660008448+00:00,44.339991552,0.027450980392156862,0.027450980392156862,1.0000000000021103
F006_PID000000038,38,2019-01-25T02:19:15.660067072+00:00,44.339932928,0.03501945525291829,0.03501945525291829,1.0000000000021103
F006_PID000000038,38,2019-01-25T02:19:15.668493824+00:00,44.331506176,0.0390625,0.0390625,1.0000000000021103
F006_PID000000038,38,2019-01-25T02:19:15.668677376+00:00,44.331322624,0.043137254901960784,0.043137254901960784,1.0000000000021103
F006_PID000000038,38,2019-01-25T02:19:15.668900608+00:00,44.331099392,0.047244094488188976,0.047244094488188976,1.0000000000021103
F006_PID000000038,38,2019-01-25T02:19:15.668958720+00:00,44.33104128,0.058365758754863814,0.058365758754863814,1.0000000000021103
F006_PID000000038,38,2019-01-25T02:19:15.669373184+00:00,44.330626816,0.06201550387596899,0.06201550387596899,1.0000000000021103
F006_PID000000038,38,2019-01-25T02:19:15.674310656+00:00,44.325689344,0.06614785992217899,0.06614785992217899,1.0000000000021103
F006_PID000000038,38,2019-01-25T02:19:15.674581760+00:00,44.32541824,0.06614785992217899,0.06614785992217899,1.0000000000021103
F006_PID000000038,38,2019-01-25T02:19:15.674633216+00:00,44.325366784,-0.12179487179487179,-0.12179487179487179,1.9999999999997797
F006_PID000000038,38,2019-01-25T02:19:15.674936576+00:00,44.325063424,-0.23674911660777384,-0.23674911660777384,0.9999999999976694
F006_PID000000038,38,2019-01-25T02:19:15.674973952+00:00,44.325026048,-0.23674911660777384,-0.23674911660777384,0.9999999999976694
F006_PID000000038,38,2019-01-25T02:19:15.675042560+00:00,44.32495744,-0.2313167259786477,-0.2313167259786477,0.9999999999976694
F006_PID000000038,38,2019-01-25T02:19:15.675153920+00:00,44.32484608,-0.22695035460992907,-0.22695035460992907,0.9999999999976694
F006_PID000000038,38,2019-01-25T02:19:15.675357696+00:00,44.324642304,-0.21830985915492956,-0.21830985915492956,0.9999999999976694
F006_PID000000038,38,2019-01-25T02:19:15.679092480+00:00,44.32090752,-0.18493150684931506,-0.18493150684931506,0.9999999999976694
F006_PID000000038,38,2019-01-25T02:19:15.679617024+00:00,44.320382976,-0.18088737201365188,-0.18088737201365188,0.9999999999976694
F006_PID000000038,38,2019-01-25T02:19:15.683512320+00:00,44.31648768,-0.16498316498316498,-0.16498316498316498,0.9999999999976694
F006_PID000000038,38,2019-01-25T02:19:15.684052736+00:00,44.315947264,-0.14950166112956811,-0.14950166112956811,0.9999999999976694
F006_PID000000038,38,2019-01-25T02:19:15.694196224+00:00,44.305803776,-0.15333333333333332,-0.15333333333333332,0.9999999999976694
F006_PID000000038,38,2019-01-25T02:19:15.694378240+00:00,44.30562176,-0.15719063545150502,-0.15719063545150502,0.9999999999976694
F006_PID000000038,38,2019-01-25T02:19:15.710167808+00:00,44.289832192,-0.14950166112956811,-0.14950166112956811,0.9999999999976694
F006_PID000000038,38,2019-01-25T02:19:15.710365184+00:00,44.289634816,-0.1456953642384106,-0.1456953642384106,0.9999999999976694
F006_PID000000038,38,2019-01-25T02:19:15.713694976+00:00,44.286305024,-0.1342281879194631,-0.1342281879194631,0.9999999999976694
F006_PID000000038,38,2019-01-25T02:19:15.713893376+00:00,44.286106624,-0.13043478260869565,-0.13043478260869565,0.9999999999976694
F006_PID000000038,38,2019-01-25T02:19:15.741624832+00:00,44.258375168,-0.1342281879194631,-0.1342281879194631,0.9999999999976694
F006_PID000000038,38,2019-01-25T02:19:15.741831680+00:00,44.25816832,-0.14189189189189189,-0.14189189189189189,0.9999999999976694
F006_PID000000038,38,2019-01-25T02:19:15.755590912+00:00,44.244409088,-0.1342281879194631,-0.1342281879194631,0.9999999999976694
F006_PID000000038,38,2019-01-25T02:19:15.815475968+00:00,44.184524032,-0.12244897959183673,-0.12244897959183673,0.9999999999976694
F006_PID000000038,38,2019-01-25T02:19:15.815657472+00:00,44.184342528,-0.11864406779661017,-0.11864406779661017,0.9999999999976694
F006_PID000000038,38,2019-01-25T02:19:15.816138496+00:00,44.183861504,-0.11262798634812286,-0.11262798634812286,0.9999999999976694
F006_PID000000038,38,2019-01-25T02:19:15.839746560+00:00,44.16025344,-0.10034602076124567,-0.10034602076124567,0.9999999999976694
F006_PID000000038,38,2019-01-25T02:19:15.839942400+00:00,44.1600576,-0.09655172413793103,-0.09655172413793103,0.9999999999976694
F006_PID000000038,38,2019-01-25T02:19:15.840136704+00:00,44.159863296,-0.09342560553633218,-0.09342560553633218,0.9999999999976694
F006_PID000000038,38,2019-01-25T02:19:15.840188416+00:00,44.159811584,-0.09027777777777778,-0.09027777777777778,0.9999999999976694
F006_PID000000038,38,2019-01-25T02:19:15.840931328+00:00,44.159068672,-0.09027777777777778,-0.09027777777777778,0.9999999999976694
F006_PID000000038,38,2019-01-25T02:19:15.873515520+00:00,44.12648448,-0.08391608391608392,-0.08391608391608392,0.9999999999976694
F006_PID000000038,38,2019-01-25T02:19:15.895955968+00:00,44.104044032,-0.08013937282229965,-0.08013937282229965,0.9999999999976694
F006_PID000000038,38,2019-01-25T02:19:15.896130816+00:00,44.103869184,-0.07692307692307693,-0.07692307692307693,0.9999999999976694
F006_PID000000038,38,2019-01-25T02:19:15.896317696+00:00,44.103682304,-0.07042253521126761,-0.07042253521126761,0.9999999999976694
F006_PID000000038,38,2019-01-25T02:19:15.896511744+00:00,44.103488256,-0.06666666666666667,-0.06666666666666667,0.9999999999976694
F006_PID000000038,38,2019-01-25T02:19:15.896570112+00:00,44.103429888,-0.07317073170731707,-0.07317073170731707,0.9999999999976694
F006_PID000000038,38,2019-01-25T02:19:15.896688640+00:00,44.10331136,-0.06993006993006994,-0.06993006993006994,0.9999999999976694
F006_PID000000038,38,2019-01-25T02:19:16.221241600+00:00,43.7787584,-0.07317073170731707,-0.07317073170731707,0.9999999999976694
F006_PID000000038,38,2019-01-25T02:19:16.221430272+00:00,43.778569728,-0.0763888888888889,-0.0763888888888889,0.9999999999976694
F006_PID000000038,38,2019-01-25T02:19:16.238978816+00:00,43.761021184,-0.08013937282229965,-0.08013937282229965,0.9999999999976694
F006_PID000000038,38,2019-01-25T02:19:16.260189696+00:00,43.739810304,-0.0763888888888889,-0.0763888888888889,0.9999999999976694
F006_PID000000038,38,2019-01-25T02:19:16.460332800+00:00,43.5396672,-0.07317073170731707,-0.07317073170731707,0.9999999999976694
F006_PID000000038,38,2019-01-25T02:19:16.911828480+00:00,43.08817152,-0.06944444444444445,-0.06944444444444445,0.9999999999976694
F006_PID000000038,38,2019-01-25T02:19:17.554701568+00:00,42.445298432,-0.0726643598615917,-0.0726643598615917,0.9999999999976694
F006_PID000000038,38,2019-01-25T02:19:17.567424512+00:00,42.432575488,-0.06944444444444445,-0.06944444444444445,0.9999999999976694
F006_PID000000038,38,2019-01-25T02:19:17.739271424+00:00,42.260728576,-0.0726643598615917,-0.0726643598615917,0.9999999999976694
F006_PID000000038,38,2019-01-25T02:19:17.742764800+00:00,42.2572352,-0.07586206896551724,-0.07586206896551724,0.9999999999976694
F006_PID000000038,38,2019-01-25T02:19:20.391041536+00:00,39.608958464,-0.08532423208191127,-0.08532423208191127,0.9999999999976694
F006_PID000000038,38,2019-01-25T02:19:20.391239424+00:00,39.608760576,-0.08904109589041095,-0.08904109589041095,0.9999999999976694
F006_PID000000038,38,2019-01-25T02:19:20.391299840+00:00,39.60870016,-0.09278350515463918,-0.09278350515463918,0.9999999999976694
F006_PID000000038,38,2019-01-25T02:19:20.391358976+00:00,39.608641024,-0.09655172413793103,-0.09655172413793103,0.9999999999976694
F006_PID000000038,38,2019-01-25T02:19:20.391393536+00:00,39.608606464,-0.10034602076124567,-0.10034602076124567,0.9999999999976694
F006_PID000000038,38,2019-01-25T02:19:20.391585536+00:00,39.608414464,-0.10652920962199312,-0.10652920962199312,0.9999999999976694
F006_PID000000038,38,2019-01-25T02:19:20.391835392+00:00,39.608164608,-0.11864406779661017,-0.11864406779661017,0.9999999999976694
F006_PID000000038,38,2019-01-25T02:19:20.391945216+00:00,39.608054784,-0.11864406779661017,-0.11864406779661017,0.9999999999976694
F006_PID000000038,38,2019-01-25T02:19:21.815685888+00:00,38.184314112,-0.11262798634812286,-0.11262798634812286,0.9999999999976694
F006_PID000000038,38,2019-01-25T02:19:21.815866368+00:00,38.184133632,-0.10034602076124567,-0.10034602076124567,0.9999999999976694
F006_PID000000038,38,2019-01-25T02:19:21.816054528+00:00,38.183945472,-0.09655172413793103,-0.09655172413793103,0.9999999999976694
F006_PID000000038,38,2019-01-25T02:19:22.146649600+00:00,37.8533504,-0.10034602076124567,-0.10034602076124567,0.9999999999976694
F006_PID000000038,38,2019-01-25T02:19:24.121409536+00:00,35.878590464,-0.09655172413793103,-0.09655172413793103,0.9999999999976694
F006_PID000000038,38,2019-01-25T02:19:24.121594624+00:00,35.878405376,-0.08710801393728224,-0.08710801393728224,0.9999999999976694
F006_PID000000038,38,2019-01-25T02:19:24.122244608+00:00,35.877755392,-0.08710801393728224,-0.08710801393728224,0.9999999999976694
F006_PID000000038,38,2019-01-25T02:19:25.174013696+00:00,34.825986304,-0.08710801393728224,-0.08710801393728224,0.9999999999976694
F006_PID000000038,38,2019-01-25T02:19:25.174396672+00:00,34.825603328,-0.08710801393728224,-0.08710801393728224,0.9999999999976694
F006_PID000000038,38,2019-01-25T02:19:25.929235200+00:00,34.0707648,-0.09090909090909091,-0.09090909090909091,0.9999999999976694
F006_PID000000038,38,2019-01-25T02:19:25.929460480+00:00,34.07053952,-0.09722222222222222,-0.09722222222222222,0.9999999999976694
F006_PID000000038,38,2019-01-25T02:19:25.929896192+00:00,34.070103808,-0.10652920962199312,-0.10652920962199312,0.9999999999976694
F006_PID000000038,38,2019-01-25T02:19:25.930234368+00:00,34.069765632,-0.11864406779661017,-0.11864406779661017,0.9999999999976694
F006_PID000000038,38,2019-01-25T02:19:25.942164992+00:00,34.057835008,-0.12244897959183673,-0.12244897959183673,0.9999999999976694
F006_PID000000038,38,2019-01-25T02:19:26.094937344+00:00,33.905062656,-0.13013698630136986,-0.13013698630136986,0.9999999999976694
F006_PID000000038,38,2019-01-25T02:19:26.095145472+00:00,33.904854528,-0.13310580204778158,-0.13310580204778158,0.9999999999976694
F006_PID000000038,38,2019-01-25T02:19:26.095460864+00:00,33.904539136,-0.1360544217687075,-0.1360544217687075,0.9999999999976694
F006_PID000000038,38,2019-01-25T02:19:26.108647168+00:00,33.891352832,-0.13993174061433447,-0.13993174061433447,0.9999999999976694
F006_PID000000038,38,2019-01-25T02:19:26.213183488+00:00,33.786816512,-0.14776632302405499,-0.14776632302405499,0.9999999999976694
F006_PID000000038,38,2019-01-25T02:19:26.392191232+00:00,33.607808768,-0.14383561643835616,-0.14383561643835616,0.9999999999976694
F006_PID000000038,38,2019-01-25T02:19:26.941155840+00:00,33.05884416,-0.14383561643835616,-0.14383561643835616,0.9999999999976694
F006_PID000000038,38,2019-01-25T02:19:27.464983040+00:00,32.53501696,-0.14776632302405499,-0.14776632302405499,0.9999999999976694
F006_PID000000038,38,2019-01-25T02:19:27.572656640+00:00,32.42734336,-0.13993174061433447,-0.13993174061433447,0.9999999999976694
F006_PID000000038,38,2019-01-25T02:19:28.725399040+00:00,31.27460096,-0.14383561643835616,-0.14383561643835616,0.9999999999976694
F006_PID000000038,38,2019-01-25T02:19:29.243525888+00:00,30.756474112,-0.14383561643835616,-0.14383561643835616,0.9999999999976694
F006_PID000000038,38,2019-01-25T02:19:29.243577344+00:00,30.756422656,-0.04375,-0.04375,1.9999999999997797
F006_PID000000038,38,2019-01-25T02:19:29.243847680+00:00,30.75615232,0.1590909090909091,0.1590909090909091,1.0000000000021103
F006_PID000000038,38,2019-01-25T02:19:29.243900416+00:00,30.756099584,0.14942528735632185,0.14942528735632185,1.0000000000021103
F006_PID000000038,38,2019-01-25T02:19:29.243977216+00:00,30.756022784,0.1320754716981132,0.1320754716981132,1.0000000000021103
F006_PID000000038,38,2019-01-25T02:19:29.244055808+00:00,30.755944192,0.12781954887218044,0.12781954887218044,1.0000000000021103
F006_PID000000038,38,2019-01-25T02:19:29.244326912+00:00,30.755673088,0.1320754716981132,0.1320754716981132,1.0000000000021103
F006_PID000000038,38,2019-01-25T02:19:29.251975936+00:00,30.748024064,0.12781954887218044,0.12781954887218044,1.0000000000021103
F006_PID000000038,38,2019-01-25T02:19:29.252827648+00:00,30.747172352,0.1111111111111111,0.1111111111111111,1.0000000000021103
F006_PID000000038,38,2019-01-25T02:19:29.267037184+00:00,30.732962816,0.1070110701107011,0.1070110701107011,1.0000000000021103
F006_PID000000038,38,2019-01-25T02:19:29.293725696+00:00,30.706274304,0.12359550561797752,0.12359550561797752,1.0000000000021103
F006_PID000000038,38,2019-01-25T02:19:29.293922048+00:00,30.706077952,0.12781954887218044,0.12781954887218044,1.0000000000021103
F006_PID000000038,38,2019-01-25T02:19:29.319779328+00:00,30.680220672,0.13108614232209737,0.13108614232209737,1.0000000000021103
F006_PID000000038,38,2019-01-25T02:19:29.366893568+00:00,30.633106432,0.13533834586466165,0.13533834586466165,1.0000000000021103
F006_PID000000038,38,2019-01-25T02:19:29.369745920+00:00,30.63025408,0.12213740458015267,0.12213740458015267,1.0000000000021103
F006_PID000000038,38,2019-01-25T02:19:29.369803264+00:00,30.630196736,0.11877394636015326,0.11877394636015326,1.0000000000021103
F006_PID000000038,38,2019-01-25T02:19:29.369931520+00:00,30.63006848,0.11450381679389313,0.11450381679389313,1.0000000000021103
F006_PID000000038,38,2019-01-25T02:19:29.380394240+00:00,30.61960576,0.10077519379844961,0.10077519379844961,1.0000000000021103
F006_PID000000038,38,2019-01-25T02:19:29.380482304+00:00,30.619517696,0.09652509652509653,0.09652509652509653,1.0000000000021103
F006_PID000000038,38,2019-01-25T02:19:29.380586240+00:00,30.61941376,0.09230769230769231,0.09230769230769231,1.0000000000021103
F006_PID000000038,38,2019-01-25T02:19:29.380647936+00:00,30.619352064,0.08396946564885496,0.08396946564885496,1.0000000000021103
F006_PID000000038,38,2019-01-25T02:19:29.381103616+00:00,30.618896384,0.08045977011494253,0.08045977011494253,1.0000000000021103
F006_PID000000038,38,2019-01-25T02:19:29.381320960+00:00,30.61867904,0.07692307692307693,0.07692307692307693,1.0000000000021103
F006_PID000000038,38,2019-01-25T02:19:29.381515776+00:00,30.618484224,0.07279693486590039,0.07279693486590039,1.0000000000021103
F006_PID000000038,38,2019-01-25T02:19:29.383522304+00:00,30.616477696,0.06563706563706563,0.06563706563706563,1.0000000000021103
F006_PID000000038,38,2019-01-25T02:19:29.422277632+00:00,30.577722368,0.07633587786259542,0.07633587786259542,1.0000000000021103
F006_PID000000038,38,2019-01-25T02:19:29.422467584+00:00,30.577532416,0.08045977011494253,0.08045977011494253,1.0000000000021103
F006_PID000000038,38,2019-01-25T02:19:29.434250240+00:00,30.56574976,0.08461538461538462,0.08461538461538462,1.0000000000021103
F006_PID000000038,38,2019-01-25T02:19:29.559305728+00:00,30.440694272,0.07633587786259542,0.07633587786259542,1.0000000000021103
F006_PID000000038,38,2019-01-25T02:19:29.559526912+00:00,30.440473088,0.07224334600760456,0.07224334600760456,1.0000000000021103
F006_PID000000038,38,2019-01-25T02:19:29.573567744+00:00,30.426432256,0.06153846153846154,0.06153846153846154,1.0000000000021103
F006_PID000000038,38,2019-01-25T02:19:29.583760896+00:00,30.416239104,0.05426356589147287,0.05426356589147287,1.0000000000021103
F006_PID000000038,38,2019-01-25T02:19:29.915477504+00:00,30.084522496,0.05058365758754864,0.05058365758754864,1.0000000000021103
F006_PID000000038,38,2019-01-25T02:19:31.708809728+00:00,28.291190272,0.046511627906976744,0.046511627906976744,1.0000000000021103
F006_PID000000038,38,2019-01-25T02:19:31.709001984+00:00,28.290998016,0.05058365758754864,0.05058365758754864,1.0000000000021103
F006_PID000000038,38,2019-01-25T02:19:31.733686016+00:00,28.266313984,0.046511627906976744,0.046511627906976744,1.0000000000021103
F006_PID000000038,38,2019-01-25T02:19:32.739257600+00:00,27.2607424,0.05058365758754864,0.05058365758754864,1.0000000000021103
F006_PID000000038,38,2019-01-25T02:19:32.739439360+00:00,27.26056064,0.046511627906976744,0.046511627906976744,1.0000000000021103
F006_PID000000038,38,2019-01-25T02:19:33.925608448+00:00,26.074391552,0.046511627906976744,0.046511627906976744,1.0000000000021103
F006_PID000000038,38,2019-01-25T02:19:34.320334848+00:00,25.679665152,0.05058365758754864,0.05058365758754864,1.0000000000021103
F006_PID000000038,38,2019-01-25T02:19:34.320488960+00:00,25.67951104,0.046511627906976744,0.046511627906976744,1.0000000000021103
F006_PID000000038,38,2019-01-25T02:19:34.320625920+00:00,25.67937408,0.05058365758754864,0.05058365758754864,1.0000000000021103
F006_PID000000038,38,2019-01-25T02:19:34.320926464+00:00,25.679073536,0.046511627906976744,0.046511627906976744,1.0000000000021103
F006_PID000000038,38,2019-01-25T02:19:34.416148480+00:00,25.58385152,0.05058365758754864,0.05058365758754864,1.0000000000021103
F006_PID000000038,38,2019-01-25T02:19:34.454554112+00:00,25.545445888,0.046511627906976744,0.046511627906976744,1.0000000000021103
F006_PID000000038,38,2019-01-25T02:19:34.454759424+00:00,25.545240576,0.042801556420233464,0.042801556420233464,1.0000000000021103
F006_PID000000038,38,2019-01-25T02:19:34.518711296+00:00,25.481288704,0.046875,0.046875,1.0000000000021103
F006_PID000000038,38,2019-01-25T02:19:34.518905344+00:00,25.481094656,0.05058365758754864,0.05058365758754864,1.0000000000021103
F006_PID000000038,38,2019-01-25T02:19:34.668737024+00:00,25.331262976,0.046511627906976744,0.046511627906976744,1.0000000000021103
F006_PID000000038,38,2019-01-25T02:19:34.668921344+00:00,25.331078656,0.042801556420233464,0.042801556420233464,1.0000000000021103
F006_PID000000038,38,2019-01-25T02:19:34.671153408+00:00,25.328846592,0.042801556420233464,0.042801556420233464,1.0000000000021103
F006_PID000000038,38,2019-01-25T02:19:34.671166208+00:00,25.328833792,0.0390625,0.0390625,1.0000000000021103
F006_PID000000038,38,2019-01-25T02:19:34.671342592+00:00,25.328657408,0.03501945525291829,0.03501945525291829,1.0000000000021103
F006_PID000000038,38,2019-01-25T02:19:34.672261120+00:00,25.32773888,0.031007751937984496,0.031007751937984496,1.0000000000021103
F006_PID000000038,38,2019-01-25T02:19:34.672455168+00:00,25.327544832,0.02702702702702703,0.02702702702702703,1.0000000000021103
F006_PID000000038,38,2019-01-25T02:19:35.189267712+00:00,24.810732288,0.031007751937984496,0.031007751937984496,1.0000000000021103
F006_PID000000038,38,2019-01-25T02:19:35.189480448+00:00,24.810519552,0.03474903474903475,0.03474903474903475,1.0000000000021103
F006_PID000000038,38,2019-01-25T02:19:35.189673216+00:00,24.810326784,0.038461538461538464,0.038461538461538464,1.0000000000021103
F006_PID000000038,38,2019-01-25T02:19:35.189853184+00:00,24.810146816,0.04247104247104247,0.04247104247104247,1.0000000000021103
F006_PID000000038,38,2019-01-25T02:19:35.643735296+00:00,24.356264704,0.038461538461538464,0.038461538461538464,1.0000000000021103
F006_PID000000038,38,2019-01-25T02:19:35.783981568+00:00,24.216018432,0.04247104247104247,0.04247104247104247,1.0000000000021103
F006_PID000000038,38,2019-01-25T02:19:35.943724032+00:00,24.056275968,0.038461538461538464,0.038461538461538464,1.0000000000021103
F006_PID000000038,38,2019-01-25T02:19:38.472393728+00:00,21.527606272,0.0421455938697318,0.0421455938697318,1.0000000000021103
F006_PID000000038,38,2019-01-25T02:19:38.472570880+00:00,21.52742912,0.046153846153846156,0.046153846153846156,1.0000000000021103
F006_PID000000038,38,2019-01-25T02:19:40.224553984+00:00,19.775446016,0.0421455938697318,0.0421455938697318,1.0000000000021103
F006_PID000000038,38,2019-01-25T02:19:40.678070016+00:00,19.321929984,0.046153846153846156,0.046153846153846156,1.0000000000021103
F006_PID000000038,38,2019-01-25T02:19:41.057856768+00:00,18.942143232,0.0421455938697318,0.0421455938697318,1.0000000000021103
F006_PID000000038,38,2019-01-25T02:19:41.104070656+00:00,18.895929344,0.046153846153846156,0.046153846153846156,1.0000000000021103
F006_PID000000038,38,2019-01-25T02:19:41.309148160+00:00,18.69085184,0.0421455938697318,0.0421455938697318,1.0000000000021103
F006_PID000000038,38,2019-01-25T02:19:41.863063808+00:00,18.136936192,0.046153846153846156,0.046153846153846156,1.0000000000021103
F006_PID000000038,38,2019-01-25T02:19:42.623543808+00:00,17.376456192,0.0421455938697318,0.0421455938697318,1.0000000000021103
F006_PID000000038,38,2019-01-25T02:19:44.128591872+00:00,15.871408128,0.046153846153846156,0.046153846153846156,1.0000000000021103
F006_PID000000038,38,2019-01-25T02:19:46.400122112+00:00,13.599877888,0.04980842911877394,0.04980842911877394,1.0000000000021103
F006_PID000000038,38,2019-01-25T02:19:46.400305152+00:00,13.599694848,0.05384615384615385,0.05384615384615385,1.0000000000021103
F006_PID000000038,38,2019-01-25T02:19:46.400500992+00:00,13.599499008,0.06201550387596899,0.06201550387596899,1.0000000000021103
F006_PID000000038,38,2019-01-25T02:19:46.415323648+00:00,13.584676352,0.0703125,0.0703125,1.0000000000021103
F006_PID000000038,38,2019-01-25T02:19:46.416128+00:00,13.583872,0.07450980392156863,0.07450980392156863,1.0000000000021103
F006_PID000000038,38,2019-01-25T02:19:46.432526848+00:00,13.567473152,0.06614785992217899,0.06614785992217899,1.0000000000021103
F006_PID000000038,38,2019-01-25T02:19:46.432773888+00:00,13.567226112,0.06201550387596899,0.06201550387596899,1.0000000000021103
F006_PID000000038,38,2019-01-25T02:19:46.432813824+00:00,13.567186176,0.05384615384615385,0.05384615384615385,1.0000000000021103
F006_PID000000038,38,2019-01-25T02:19:46.432973056+00:00,13.567026944,0.04980842911877394,0.04980842911877394,1.0000000000021103
F006_PID000000038,38,2019-01-25T02:19:46.433036032+00:00,13.566963968,0.04580152671755725,0.04580152671755725,1.0000000000021103
F006_PID000000038,38,2019-01-25T02:19:46.471672576+00:00,13.528327424,0.0421455938697318,0.0421455938697318,1.0000000000021103
F006_PID000000038,38,2019-01-25T02:19:48.083136256+00:00,11.916863744,0.03816793893129771,0.03816793893129771,1.0000000000021103
F006_PID000000038,38,2019-01-25T02:19:48.239502336+00:00,11.760497664,0.034482758620689655,0.034482758620689655,1.0000000000021103
F006_PID000000038,38,2019-01-25T02:19:48.239686912+00:00,11.760313088,0.03076923076923077,0.03076923076923077,1.0000000000021103
F006_PID000000038,38,2019-01-25T02:19:48.239874560+00:00,11.76012544,0.02702702702702703,0.02702702702702703,1.0000000000021103
F006_PID000000038,38,2019-01-25T02:19:48.892504064+00:00,11.107495936,0.02702702702702703,0.02702702702702703,1.0000000000021103
F006_PID000000038,38,2019-01-25T02:19:48.892593408+00:00,11.107406592,0.22137404580152673,0.22137404580152673,0.9999999999976694
F006_PID000000038,38,2019-01-25T02:19:48.892736768+00:00,11.107263232,0.20754716981132076,0.20754716981132076,0.9999999999976694
F006_PID000000038,38,2019-01-25T02:19:48.892766464+00:00,11.107233536,0.19850187265917604,0.19850187265917604,0.9999999999976694
F006_PID000000038,38,2019-01-25T02:19:48.892798464+00:00,11.107201536,0.1895910780669145,0.1895910780669145,0.9999999999976694
F006_PID000000038,38,2019-01-25T02:19:48.892885248+00:00,11.107114752,0.1895910780669145,0.1895910780669145,0.9999999999976694
F006_PID000000038,38,2019-01-25T02:19:48.892997120+00:00,11.10700288,0.1895910780669145,0.1895910780669145,0.9999999999976694
F006_PID000000038,38,2019-01-25T02:19:48.893028608+00:00,11.106971392,0.19850187265917604,0.19850187265917604,0.9999999999976694
F006_PID000000038,38,2019-01-25T02:19:48.893094400+00:00,11.1069056,0.19402985074626866,0.19402985074626866,0.9999999999976694
F006_PID000000038,38,2019-01-25T02:19:48.893218560+00:00,11.10678144,0.19402985074626866,0.19402985074626866,0.9999999999976694
F006_PID000000038,38,2019-01-25T02:19:48.893253120+00:00,11.10674688,0.19402985074626866,0.19402985074626866,0.9999999999976694
F006_PID000000038,38,2019-01-25T02:19:48.893422848+00:00,11.106577152,0.19402985074626866,0.19402985074626866,0.9999999999976694
F006_PID000000038,38,2019-01-25T02:19:48.893449984+00:00,11.106550016,0.19850187265917604,0.19850187265917604,0.9999999999976694
F006_PID000000038,38,2019-01-25T02:19:48.893490944+00:00,11.106509056,0.19402985074626866,0.19402985074626866,0.9999999999976694
F006_PID000000038,38,2019-01-25T02:19:48.893522176+00:00,11.106477824,0.19402985074626866,0.19402985074626866,0.9999999999976694
F006_PID000000038,38,2019-01-25T02:19:48.893542656+00:00,11.106457344,0.19402985074626866,0.19402985074626866,0.9999999999976694
F006_PID000000038,38,2019-01-25T02:19:48.893575424+00:00,11.106424576,0.19850187265917604,0.19850187265917604,0.9999999999976694
F006_PID000000038,38,2019-01-25T02:19:48.893607424+00:00,11.106392576,0.19850187265917604,0.19850187265917604,0.9999999999976694
F006_PID000000038,38,2019-01-25T02:19:48.893669632+00:00,11.106330368,0.0958904109589041,0.0958904109589041,1.9999999999997797
F006_PID000000038,38,2019-01-25T02:19:48.893782016+00:00,11.106217984,0.0847457627118644,0.0847457627118644,1.9999999999997797
F006_PID000000038,38,2019-01-25T02:19:48.894144256+00:00,11.105855744,0.08163265306122448,0.08163265306122448,1.9999999999997797
F006_PID000000038,38,2019-01-25T02:19:48.894206720+00:00,11.10579328,-0.030534351145038167,-0.030534351145038167,1.0000000000021103
F006_PID000000038,38,2019-01-25T02:19:48.894260224+00:00,11.105739776,-0.023076923076923078,-0.023076923076923078,1.0000000000021103
F006_PID000000038,38,2019-01-25T02:19:48.894317312+00:00,11.105682688,-0.019157088122605363,-0.019157088122605363,1.0000000000021103
F006_PID000000038,38,2019-01-25T02:19:48.894382336+00:00,11.105617664,-0.019157088122605363,-0.019157088122605363,1.0000000000021103
F006_PID000000038,38,2019-01-25T02:19:48.894449408+00:00,11.105550592,-0.011406844106463879,-0.011406844106463879,1.0000000000021103
F006_PID000000038,38,2019-01-25T02:19:48.894580480+00:00,11.10541952,-0.011406844106463879,-0.011406844106463879,1.0000000000021103
F006_PID000000038,38,2019-01-25T02:19:48.894614272+00:00,11.105385728,-0.007575757575757576,-0.007575757575757576,1.0000000000021103
F006_PID000000038,38,2019-01-25T02:19:48.894669056+00:00,11.105330944,0.0,0.0,1.0000000000021103
F006_PID000000038,38,2019-01-25T02:19:48.894869760+00:00,11.10513024,0.007462686567164179,0.007462686567164179,1.0000000000021103
F006_PID000000038,38,2019-01-25T02:19:48.894935040+00:00,11.10506496,0.007462686567164179,0.007462686567164179,1.0000000000021103
F006_PID000000038,38,2019-01-25T02:19:48.894994944+00:00,11.105005056,0.018867924528301886,0.018867924528301886,1.0000000000021103
F006_PID000000038,38,2019-01-25T02:19:48.895240704+00:00,11.104759296,0.022727272727272728,0.022727272727272728,1.0000000000021103
F006_PID000000038,38,2019-01-25T02:19:48.895296768+00:00,11.104703232,0.026415094339622643,0.026415094339622643,1.0000000000021103
F006_PID000000038,38,2019-01-25T02:19:48.895401984+00:00,11.104598016,0.030303030303030304,0.030303030303030304,1.0000000000021103
F006_PID000000038,38,2019-01-25T02:19:48.895631360+00:00,11.10436864,0.022900763358778626,0.022900763358778626,1.0000000000021103
F006_PID000000038,38,2019-01-25T02:19:48.897008128+00:00,11.102991872,0.015384615384615385,0.015384615384615385,1.0000000000021103
F006_PID000000038,38,2019-01-25T02:19:48.900898304+00:00,11.099101696,0.011583011583011582,0.011583011583011582,1.0000000000021103
F006_PID000000038,38,2019-01-25T02:19:48.901000192+00:00,11.098999808,0.015384615384615385,0.015384615384615385,1.0000000000021103
F006_PID000000038,38,2019-01-25T02:19:48.901231872+00:00,11.098768128,0.0,0.0,1.0000000000021103
F006_PID000000038,38,2019-01-25T02:19:48.901316096+00:00,11.098683904,-0.014925373134328358,-0.014925373134328358,1.0000000000021103
F006_PID000000038,38,2019-01-25T02:19:48.901437184+00:00,11.098562816,-0.022556390977443608,-0.022556390977443608,1.0000000000021103
F006_PID000000038,38,2019-01-25T02:19:48.901488128+00:00,11.098511872,-0.029850746268656716,-0.029850746268656716,1.0000000000021103
F006_PID000000038,38,2019-01-25T02:19:48.901647616+00:00,11.098352384,-0.033707865168539325,-0.033707865168539325,1.0000000000021103
F006_PID000000038,38,2019-01-25T02:19:48.901695488+00:00,11.098304512,-0.026415094339622643,-0.026415094339622643,1.0000000000021103
F006_PID000000038,38,2019-01-25T02:19:48.902468608+00:00,11.097531392,-0.014925373134328358,-0.014925373134328358,1.0000000000021103
F006_PID000000038,38,2019-01-25T02:19:48.902682880+00:00,11.09731712,-0.011152416356877323,-0.011152416356877323,1.0000000000021103
F006_PID000000038,38,2019-01-25T02:19:48.902990592+00:00,11.097009408,-0.007407407407407408,-0.007407407407407408,1.0000000000021103
F006_PID000000038,38,2019-01-25T02:19:48.903223808+00:00,11.096776192,-0.011152416356877323,-0.011152416356877323,1.0000000000021103
F006_PID000000038,38,2019-01-25T02:19:48.903447552+00:00,11.096552448,-0.007407407407407408,-0.007407407407407408,1.0000000000021103
F006_PID000000038,38,2019-01-25T02:19:48.904449280+00:00,11.09555072,-0.03597122302158273,-0.03597122302158273,1.0000000000021103
F006_PID000000038,38,2019-01-25T02:19:48.904622336+00:00,11.095377664,-0.039711191335740074,-0.039711191335740074,1.0000000000021103
F006_PID000000038,38,2019-01-25T02:19:48.906904064+00:00,11.093095936,-0.02564102564102564,-0.02564102564102564,1.0000000000021103
F006_PID000000038,38,2019-01-25T02:19:48.907083776+00:00,11.092916224,-0.021897810218978103,-0.021897810218978103,1.0000000000021103
F006_PID000000038,38,2019-01-25T02:19:48.910402304+00:00,11.089597696,-0.05263157894736842,-0.05263157894736842,1.0000000000021103
F006_PID000000038,38,2019-01-25T02:19:48.910578944+00:00,11.089421056,-0.05660377358490566,-0.05660377358490566,1.0000000000021103
F006_PID000000038,38,2019-01-25T02:19:48.910783232+00:00,11.089216768,-0.06060606060606061,-0.06060606060606061,1.0000000000021103
F006_PID000000038,38,2019-01-25T02:19:48.911053312+00:00,11.088946688,-0.046153846153846156,-0.046153846153846156,1.0000000000021103
F006_PID000000038,38,2019-01-25T02:19:48.912894208+00:00,11.087105792,-0.05343511450381679,-0.05343511450381679,1.0000000000021103
F006_PID000000038,38,2019-01-25T02:19:48.916493568+00:00,11.083506432,-0.046153846153846156,-0.046153846153846156,1.0000000000021103
F006_PID000000038,38,2019-01-25T02:19:48.919246336+00:00,11.080753664,-0.0421455938697318,-0.0421455938697318,1.0000000000021103
F006_PID000000038,38,2019-01-25T02:19:48.919471872+00:00,11.080528128,-0.03816793893129771,-0.03816793893129771,1.0000000000021103
F006_PID000000038,38,2019-01-25T02:19:48.968785920+00:00,11.03121408,-0.007874015748031496,-0.007874015748031496,1.0000000000021103
F006_PID000000038,38,2019-01-25T02:19:48.970220800+00:00,11.0297792,0.0,0.0,1.0000000000021103
F006_PID000000038,38,2019-01-25T02:19:49.019763456+00:00,10.980236544,-0.015384615384615385,-0.015384615384615385,1.0000000000021103
F006_PID000000038,38,2019-01-25T02:19:49.019791360+00:00,10.98020864,-0.04477611940298507,-0.04477611940298507,1.0000000000021103
F006_PID000000038,38,2019-01-25T02:19:49.019947008+00:00,10.980052992,-0.05263157894736842,-0.05263157894736842,1.0000000000021103
F006_PID000000038,38,2019-01-25T02:19:49.020006144+00:00,10.979993856,-0.05660377358490566,-0.05660377358490566,1.0000000000021103
F006_PID000000038,38,2019-01-25T02:19:49.020066048+00:00,10.979933952,-0.06060606060606061,-0.06060606060606061,1.0000000000021103
F006_PID000000038,38,2019-01-25T02:19:49.028709120+00:00,10.97129088,-0.05660377358490566,-0.05660377358490566,1.0000000000021103
F006_PID000000038,38,2019-01-25T02:19:49.029477376+00:00,10.970522624,-0.04868913857677903,-0.04868913857677903,1.0000000000021103
F006_PID000000038,38,2019-01-25T02:19:49.029619200+00:00,10.9703808,-0.05263157894736842,-0.05263157894736842,1.0000000000021103
F006_PID000000038,38,2019-01-25T02:19:49.032753920+00:00,10.96724608,-0.06060606060606061,-0.06060606060606061,1.0000000000021103
F006_PID000000038,38,2019-01-25T02:19:49.033615872+00:00,10.966384128,-0.07279693486590039,-0.07279693486590039,1.0000000000021103
F006_PID000000038,38,2019-01-25T02:19:49.033813760+00:00,10.96618624,-0.06463878326996197,-0.06463878326996197,1.0000000000021103
F006_PID000000038,38,2019-01-25T02:19:49.039248640+00:00,10.96075136,-0.06060606060606061,-0.06060606060606061,1.0000000000021103
F006_PID000000038,38,2019-01-25T02:19:49.068735744+00:00,10.931264256,-0.06463878326996197,-0.06463878326996197,1.0000000000021103
F006_PID000000038,38,2019-01-25T02:19:49.078726656+00:00,10.921273344,-0.06060606060606061,-0.06060606060606061,1.0000000000021103
F006_PID000000038,38,2019-01-25T02:19:49.089677824+00:00,10.910322176,-0.03125,-0.03125,1.0000000000021103
F006_PID000000038,38,2019-01-25T02:19:49.094719744+00:00,10.905280256,-0.015873015873015872,-0.015873015873015872,1.0000000000021103
F006_PID000000038,38,2019-01-25T02:19:49.094919680+00:00,10.90508032,-0.011857707509881422,-0.011857707509881422,1.0000000000021103
F006_PID000000038,38,2019-01-25T02:19:49.094954240+00:00,10.90504576,-0.007874015748031496,-0.007874015748031496,1.0000000000021103
F006_PID000000038,38,2019-01-25T02:19:49.110746368+00:00,10.889253632,0.0,0.0,1.0000000000021103
F006_PID000000038,38,2019-01-25T02:19:49.529000448+00:00,10.470999552,0.0,0.0,1.0000000000021103
F006_PID000000038,38,2019-01-25T02:19:52.259421952+00:00,7.740578048,0.0,0.0,1.0000000000021103
F006_PID000000038,38,2019-01-25T02:19:58.909053952+00:00,1.090946048,0.03076923076923077,0.03076923076923077,1.0000000000021103
F006_PID000000038,38,2019-01-25T02:19:58.909297920+00:00,1.09070208,0.03875968992248062,0.03875968992248062,1.0000000000021103
F006_PID000000038,38,2019-01-25T02:19:58.909362944+00:00,1.090637056,0.046153846153846156,0.046153846153846156,1.0000000000021103
F006_PID000000038,38,2019-01-25T02:19:58.909425152+00:00,1.090574848,0.05343511450381679,0.05343511450381679,1.0000000000021103
F006_PID000000038,38,2019-01-25T02:19:58.909630720+00:00,1.09036928,0.05747126436781609,0.05747126436781609,1.0000000000021103
F006_PID000000038,38,2019-01-25T02:19:58.909677824+00:00,1.090322176,0.06153846153846154,0.06153846153846154,1.0000000000021103
F006_PID000000038,38,2019-01-25T02:19:58.928189696+00:00,1.071810304,0.06513409961685823,0.06513409961685823,1.0000000000021103
F006_PID000000038,38,2019-01-25T02:19:58.956512+00:00,1.043488,0.06870229007633588,0.06870229007633588,1.0000000000021103
F006_PID000000038,38,2019-01-25T02:19:58.956705280+00:00,1.04329472,0.07279693486590039,0.07279693486590039,1.0000000000021103
F006_PID000000038,38,2019-01-25T02:19:58.956760576+00:00,1.043239424,0.07633587786259542,0.07633587786259542,1.0000000000021103
F006_PID000000038,38,2019-01-25T02:19:58.956811520+00:00,1.04318848,0.09022556390977443,0.09022556390977443,1.0000000000021103
F006_PID000000038,38,2019-01-25T02:19:58.956995584+00:00,1.043004416,0.09433962264150944,0.09433962264150944,1.0000000000021103
F006_PID000000038,38,2019-01-25T02:19:58.957184256+00:00,1.042815744,0.09848484848484848,0.09848484848484848,1.0000000000021103
F006_PID000000038,38,2019-01-25T02:19:58.957341696+00:00,1.042658304,-0.09375,-0.09375,1.9999999999997797
F006_PID000000038,38,2019-01-25T02:19:58.957394432+00:00,1.042605568,-0.09034267912772585,-0.09034267912772585,1.9999999999997797
F006_PID000000038,38,2019-01-25T02:19:58.957601280+00:00,1.04239872,0.1018867924528302,0.1018867924528302,1.0000000000021103
F006_PID000000038,38,2019-01-25T02:19:58.957859328+00:00,1.042140672,0.09363295880149813,0.09363295880149813,1.0000000000021103
F006_PID000000038,38,2019-01-25T02:19:58.957910272+00:00,1.042089728,0.08679245283018867,0.08679245283018867,1.0000000000021103
F006_PID000000038,38,2019-01-25T02:19:59.088719104+00:00,0.911280896,0.08270676691729323,0.08270676691729323,1.0000000000021103
F006_PID000000038,38,2019-01-25T02:19:59.232933632+00:00,0.767066368,0.08270676691729323,0.08270676691729323,1.0000000000021103
F006_PID000000038,38,2019-01-25T02:19:59.232988928+00:00,0.767011072,-0.1705685618729097,-0.1705685618729097,0.9999999999976694
F006_PID000000038,38,2019-01-25T02:19:59.233602816+00:00,0.766397184,-0.16778523489932887,-0.16778523489932887,0.9999999999976694
F006_PID000000038,38,2019-01-25T02:19:59.233652224+00:00,0.766347776,-0.16387959866220736,-0.16387959866220736,0.9999999999976694
F006_PID000000038,38,2019-01-25T02:19:59.233981696+00:00,0.766018304,-0.16778523489932887,-0.16778523489932887,0.9999999999976694
F006_PID000000038,38,2019-01-25T02:19:59.241429504+00:00,0.758570496,-0.152317880794702,-0.152317880794702,0.9999999999976694
F006_PID000000038,38,2019-01-25T02:19:59.293491456+00:00,0.706508544,-0.08074534161490683,-0.08074534161490683,1.9999999999997797
F006_PID000000038,38,2019-01-25T02:19:59.350057728+00:00,0.649942272,-0.18771331058020477,-0.18771331058020477,0.9999999999976694
F006_PID000000038,38,2019-01-25T02:19:59.370947584+00:00,0.629052416,-0.17966101694915254,-0.17966101694915254,0.9999999999976694
F006_PID000000038,38,2019-01-25T02:19:59.377746432+00:00,0.622253568,-0.18771331058020477,-0.18771331058020477,0.9999999999976694
F006_PID000000038,38,2019-01-25T02:19:59.377953792+00:00,0.622046208,-0.08074534161490683,-0.08074534161490683,1.9999999999997797
F006_PID000000038,38,2019-01-25T02:19:59.453549056+00:00,0.546450944,-0.07739938080495357,-0.07739938080495357,1.9999999999997797
F006_PID000000038,38,2019-01-25T02:19:59.454020608+00:00,0.545979392,-0.07407407407407407,-0.07407407407407407,1.9999999999997797
F007_PID000000814,814,2020-07-09T00:48:02.541319168+00:00,117.458680832,-0.005050505050505051,0.005050505050505051,0.9999999999976694
F007_PID000000814,814,2020-07-09T00:48:02.555205120+00:00,117.44479488,-0.007556675062972292,0.007556675062972292,0.9999999999976694
F007_PID000000814,814,2020-07-09T00:48:02.561633280+00:00,117.43836672,-0.007556675062972292,0.007556675062972292,0.9999999999976694
F007_PID000000814,814,2020-07-09T00:48:02.623817984+00:00,117.376182016,-0.007556675062972292,0.007556675062972292,0.9999999999976694
F007_PID000000814,814,2020-07-09T00:48:02.623840512+00:00,117.376159488,-0.012658227848101266,0.012658227848101266,0.9999999999976694
F007_PID000000814,814,2020-07-09T00:48:02.623927296+00:00,117.376072704,-0.012658227848101266,0.012658227848101266,0.9999999999976694
F007_PID000000814,814,2020-07-09T00:48:02.623965696+00:00,117.376034304,-0.015228426395939087,0.015228426395939087,0.9999999999976694
F007_PID000000814,814,2020-07-09T00:48:02.624174848+00:00,117.375825152,-0.015228426395939087,0.015228426395939087,0.9999999999976694
F007_PID000000814,814,2020-07-09T00:48:02.624250368+00:00,117.375749632,0.11699779249448124,-0.11699779249448124,1.9999999999997797
F007_PID000000814,814,2020-07-09T00:48:02.624516864+00:00,117.375483136,0.2875318066157761,-0.2875318066157761,1.0000000000021103
F007_PID000000814,814,2020-07-09T00:48:02.624560640+00:00,117.37543936,0.28426395939086296,-0.28426395939086296,1.0000000000021103
F007_PID000000814,814,2020-07-09T00:48:02.624722944+00:00,117.375277056,0.2777777777777778,-0.2777777777777778,1.0000000000021103
F007_PID000000814,814,2020-07-09T00:48:02.624829952+00:00,117.375170048,0.27455919395465994,-0.27455919395465994,1.0000000000021103
F007_PID000000814,814,2020-07-09T00:48:02.624888832+00:00,117.375111168,0.27455919395465994,-0.27455919395465994,1.0000000000021103
F007_PID000000814,814,2020-07-09T00:48:02.624896512+00:00,117.375103488,0.2777777777777778,-0.2777777777777778,1.0000000000021103
F007_PID000000814,814,2020-07-09T00:48:02.624942592+00:00,117.375057408,0.27455919395465994,-0.27455919395465994,1.0000000000021103
F007_PID000000814,814,2020-07-09T00:48:02.625012480+00:00,117.37498752,0.27455919395465994,-0.27455919395465994,1.0000000000021103
F007_PID000000814,814,2020-07-09T00:48:02.625033216+00:00,117.374966784,0.2777777777777778,-0.2777777777777778,1.0000000000021103
F007_PID000000814,814,2020-07-09T00:48:02.625125120+00:00,117.37487488,0.27455919395465994,-0.27455919395465994,1.0000000000021103
F007_PID000000814,814,2020-07-09T00:48:02.625265408+00:00,117.374734592,0.2727272727272727,-0.2727272727272727,1.0000000000021103
F007_PID000000814,814,2020-07-09T00:48:02.625290496+00:00,117.374709504,0.2708860759493671,-0.2708860759493671,1.0000000000021103
F007_PID000000814,814,2020-07-09T00:48:02.625312+00:00,117.374688,0.26717557251908397,-0.26717557251908397,1.0000000000021103
F007_PID000000814,814,2020-07-09T00:48:02.625332992+00:00,117.374667008,0.26903553299492383,-0.26903553299492383,1.0000000000021103
F007_PID000000814,814,2020-07-09T00:48:02.625433600+00:00,117.3745664,0.26153846153846155,-0.26153846153846155,1.0000000000021103
F007_PID000000814,814,2020-07-09T00:48:02.625566976+00:00,117.374433024,0.24873096446700507,-0.24873096446700507,1.0000000000021103
F007_PID000000814,814,2020-07-09T00:48:02.625649920+00:00,117.37435008,0.25190839694656486,-0.25190839694656486,1.0000000000021103
F007_PID000000814,814,2020-07-09T00:48:02.625695744+00:00,117.374304256,0.25380710659898476,-0.25380710659898476,1.0000000000021103
F007_PID000000814,814,2020-07-09T00:48:02.625884416+00:00,117.374115584,0.24615384615384617,-0.24615384615384617,1.0000000000021103
F007_PID000000814,814,2020-07-09T00:48:02.626006528+00:00,117.373993472,0.24808184143222506,-0.24808184143222506,1.0000000000021103
F007_PID000000814,814,2020-07-09T00:48:02.626088448+00:00,117.373911552,0.22613065326633167,-0.22613065326633167,1.0000000000021103
F007_PID000000814,814,2020-07-09T00:48:02.626111232+00:00,117.373888768,0.22613065326633167,-0.22613065326633167,1.0000000000021103
F007_PID000000814,814,2020-07-09T00:48:02.626125056+00:00,117.373874944,0.22613065326633167,-0.22613065326633167,1.0000000000021103
F007_PID000000814,814,2020-07-09T00:48:02.626137088+00:00,117.373862912,0.21227621483375958,-0.21227621483375958,1.0000000000021103
F007_PID000000814,814,2020-07-09T00:48:02.626137088+00:00,117.373862912,0.19791666666666666,-0.19791666666666666,1.0000000000021103
F007_PID000000814,814,2020-07-09T00:48:02.626148608+00:00,117.373851392,0.19160104986876642,-0.19160104986876642,1.0000000000021103
F007_PID000000814,814,2020-07-09T00:48:02.626325760+00:00,117.37367424,0.2,-0.2,1.0000000000021103
F007_PID000000814,814,2020-07-09T00:48:02.626387968+00:00,117.373612032,0.203125,-0.203125,1.0000000000021103
F007_PID000000814,814,2020-07-09T00:48:02.626616576+00:00,117.373383424,0.19895287958115182,-0.19895287958115182,1.0000000000021103
F007_PID000000814,814,2020-07-09T00:48:02.626626560+00:00,117.37337344,0.19895287958115182,-0.19895287958115182,1.0000000000021103
F007_PID000000814,814,2020-07-09T00:48:02.636178688+00:00,117.363821312,0.203125,-0.203125,1.0000000000021103
F007_PID000000814,814,2020-07-09T00:48:02.639026176+00:00,117.360973824,0.04054054054054054,-0.04054054054054054,1.9999999999997797
F007_PID000000814,814,2020-07-09T00:48:02.639349504+00:00,117.360650496,0.031818181818181815,-0.031818181818181815,1.9999999999997797
F007_PID000000814,814,2020-07-09T00:48:02.639411712+00:00,117.360588288,0.04128440366972477,-0.04128440366972477,1.9999999999997797
F007_PID000000814,814,2020-07-09T00:48:02.642400768+00:00,117.357599232,0.04128440366972477,-0.04128440366972477,1.9999999999997797
F007_PID000000814,814,2020-07-09T00:48:02.654895616+00:00,117.345104384,0.038901601830663615,-0.038901601830663615,1.9999999999997797
F007_PID000000814,814,2020-07-09T00:48:02.662153472+00:00,117.337846528,0.04128440366972477,-0.04128440366972477,1.9999999999997797
F007_PID000000814,814,2020-07-09T00:48:02.663853824+00:00,117.336146176,0.02947845804988662,-0.02947845804988662,1.9999999999997797
F007_PID000000814,814,2020-07-09T00:48:02.664024576+00:00,117.335975424,0.03167420814479638,-0.03167420814479638,1.9999999999997797
F007_PID000000814,814,2020-07-09T00:48:02.701828096+00:00,117.298171904,0.1906005221932115,-0.1906005221932115,1.0000000000021103
F007_PID000000814,814,2020-07-09T00:48:02.701877504+00:00,117.298122496,0.1906005221932115,-0.1906005221932115,1.0000000000021103
F007_PID000000814,814,2020-07-09T00:48:02.702062080+00:00,117.29793792,0.18635170603674542,-0.18635170603674542,1.0000000000021103
F007_PID000000814,814,2020-07-09T00:48:02.702191104+00:00,117.297808896,0.18848167539267016,-0.18848167539267016,1.0000000000021103
F007_PID000000814,814,2020-07-09T00:48:02.702278656+00:00,117.297721344,0.18635170603674542,-0.18635170603674542,1.0000000000021103
F007_PID000000814,814,2020-07-09T00:48:02.702319872+00:00,117.297680128,0.17098445595854922,-0.17098445595854922,1.0000000000021103
F007_PID000000814,814,2020-07-09T00:48:02.737420032+00:00,117.262579968,0.16494845360824742,-0.16494845360824742,1.0000000000021103
F007_PID000000814,814,2020-07-09T00:48:02.760390144+00:00,117.239609856,0.16195372750642673,-0.16195372750642673,1.0000000000021103
F007_PID000000814,814,2020-07-09T00:48:02.760575744+00:00,117.239424256,0.15897435897435896,-0.15897435897435896,1.0000000000021103
F007_PID000000814,814,2020-07-09T00:48:02.760625152+00:00,117.239374848,0.15681233933161953,-0.15681233933161953,1.0000000000021103
F007_PID000000814,814,2020-07-09T00:48:02.769245952+00:00,117.230754048,0.15384615384615385,-0.15384615384615385,1.0000000000021103
F007_PID000000814,814,2020-07-09T00:48:02.769294336+00:00,117.230705664,0.15384615384615385,-0.15384615384615385,1.0000000000021103
F007_PID000000814,814,2020-07-09T00:48:02.770024960+00:00,117.22997504,0.15384615384615385,-0.15384615384615385,1.0000000000021103
F007_PID000000814,814,2020-07-09T00:48:02.773202944+00:00,117.226797056,0.1306532663316583,-0.1306532663316583,1.0000000000021103
F007_PID000000814,814,2020-07-09T00:48:02.792981504+00:00,117.207018496,0.1240506329113924,-0.1240506329113924,1.0000000000021103
F007_PID000000814,814,2020-07-09T00:48:02.793398016+00:00,117.206601984,0.11959287531806616,-0.11959287531806616,1.0000000000021103
F007_PID000000814,814,2020-07-09T00:48:02.793658112+00:00,117.206341888,0.116751269035533,-0.116751269035533,1.0000000000021103
F007_PID000000814,814,2020-07-09T00:48:02.793823488+00:00,117.206176512,0.11392405063291139,-0.11392405063291139,1.0000000000021103
F007_PID000000814,814,2020-07-09T00:48:02.799879168+00:00,117.200120832,0.116751269035533,-0.116751269035533,1.0000000000021103
F007_PID000000814,814,2020-07-09T00:48:02.808774912+00:00,117.191225088,0.11392405063291139,-0.11392405063291139,1.0000000000021103
F007_PID000000814,814,2020-07-09T00:48:02.813364992+00:00,117.186635008,0.13695090439276486,-0.13695090439276486,1.0000000000021103
F007_PID000000814,814,2020-07-09T00:48:02.813828864+00:00,117.186171136,0.12531969309462915,-0.12531969309462915,1.0000000000021103
F007_PID000000814,814,2020-07-09T00:48:02.813899264+00:00,117.186100736,0.10275689223057644,-0.10275689223057644,1.0000000000021103
F007_PID000000814,814,2020-07-09T00:48:02.814010880+00:00,117.18598912,0.10050251256281408,-0.10050251256281408,1.0000000000021103
F007_PID000000814,814,2020-07-09T00:48:02.814149632+00:00,117.185850368,0.0982367758186398,-0.0982367758186398,1.0000000000021103
F007_PID000000814,814,2020-07-09T00:48:02.814220544+00:00,117.185779456,0.09595959595959595,-0.09595959595959595,1.0000000000021103
F007_PID000000814,814,2020-07-09T00:48:02.814345984+00:00,117.185654016,0.09367088607594937,-0.09367088607594937,1.0000000000021103
F007_PID000000814,814,2020-07-09T00:48:02.858741504+00:00,117.141258496,0.09644670050761421,-0.09644670050761421,1.0000000000021103
F007_PID000000814,814,2020-07-09T00:48:02.858828288+00:00,117.141171712,0.1076923076923077,-0.1076923076923077,1.0000000000021103
F007_PID000000814,814,2020-07-09T00:48:02.859032576+00:00,117.140967424,0.10997442455242967,-0.10997442455242967,1.0000000000021103
F007_PID000000814,814,2020-07-09T00:48:02.868807168+00:00,117.131192832,0.09873417721518987,-0.09873417721518987,1.0000000000021103
F007_PID000000814,814,2020-07-09T00:48:02.869002496+00:00,117.130997504,0.09644670050761421,-0.09644670050761421,1.0000000000021103
F007_PID000000814,814,2020-07-09T00:48:02.928124160+00:00,117.07187584,0.09644670050761421,-0.09644670050761421,1.0000000000021103
F007_PID000000814,814,2020-07-09T00:48:02.928167680+00:00,117.07183232,0.09414758269720101,-0.09414758269720101,1.0000000000021103
F007_PID000000814,814,2020-07-09T00:48:02.928466944+00:00,117.071533056,0.09137055837563451,-0.09137055837563451,1.0000000000021103
F007_PID000000814,814,2020-07-09T00:48:02.928538112+00:00,117.071461888,0.09137055837563451,-0.09137055837563451,1.0000000000021103
F007_PID000000814,814,2020-07-09T00:48:03.088417792+00:00,116.911582208,0.08040201005025126,-0.08040201005025126,1.0000000000021103
F007_PID000000814,814,2020-07-09T00:48:03.088581888+00:00,116.911418112,0.08040201005025126,-0.08040201005025126,1.0000000000021103
F007_PID000000814,814,2020-07-09T00:48:03.089245952+00:00,116.910754048,0.09137055837563451,-0.09137055837563451,1.0000000000021103
F007_PID000000814,814,2020-07-09T00:48:03.099244544+00:00,116.900755456,0.08040201005025126,-0.08040201005025126,1.0000000000021103
F007_PID000000814,814,2020-07-09T00:48:03.143742976+00:00,116.856257024,0.09137055837563451,-0.09137055837563451,1.0000000000021103
F007_PID000000814,814,2020-07-09T00:48:03.143937792+00:00,116.856062208,0.09367088607594937,-0.09367088607594937,1.0000000000021103
F007_PID000000814,814,2020-07-09T00:48:03.295670016+00:00,116.704329984,0.09137055837563451,-0.09137055837563451,1.0000000000021103
F007_PID000000814,814,2020-07-09T00:48:04.668501760+00:00,115.33149824,0.09137055837563451,-0.09137055837563451,1.0000000000021103
F007_PID000000814,814,2020-07-09T00:48:04.673822464+00:00,115.326177536,0.08860759493670886,-0.08860759493670886,1.0000000000021103
F007_PID000000814,814,2020-07-09T00:48:05.735706112+00:00,114.264293888,0.08860759493670886,-0.08860759493670886,1.0000000000021103
F007_PID000000814,814,2020-07-09T00:48:05.735791360+00:00,114.26420864,0.17995444191343962,-0.17995444191343962,1.9999999999997797
F007_PID000000814,814,2020-07-09T00:48:05.735972096+00:00,114.264027904,0.17727272727272728,-0.17727272727272728,1.9999999999997797
F007_PID000000814,814,2020-07-09T00:48:05.736108800+00:00,114.2638912,0.2982456140350877,-0.2982456140350877,0.9999999999976694
F007_PID000000814,814,2020-07-09T00:48:05.736416512+00:00,114.263583488,0.2964824120603015,-0.2964824120603015,0.9999999999976694
F007_PID000000814,814,2020-07-09T00:48:05.736557056+00:00,114.263442944,0.2947103274559194,-0.2947103274559194,0.9999999999976694
F007_PID000000814,814,2020-07-09T00:48:05.736590592+00:00,114.263409408,0.2914572864321608,-0.2914572864321608,0.9999999999976694
F007_PID000000814,814,2020-07-09T00:48:05.736731392+00:00,114.263268608,0.28967254408060455,-0.28967254408060455,0.9999999999976694
F007_PID000000814,814,2020-07-09T00:48:05.736834304+00:00,114.263165696,0.2864321608040201,-0.2864321608040201,0.9999999999976694
F007_PID000000814,814,2020-07-09T00:48:05.736906752+00:00,114.263093248,0.2832080200501253,-0.2832080200501253,0.9999999999976694
F007_PID000000814,814,2020-07-09T00:48:05.736906752+00:00,114.263093248,0.2759493670886076,-0.2759493670886076,0.9999999999976694
F007_PID000000814,814,2020-07-09T00:48:05.737024768+00:00,114.262975232,0.2832080200501253,-0.2832080200501253,0.9999999999976694
F007_PID000000814,814,2020-07-09T00:48:05.737080832+00:00,114.262919168,0.285,-0.285,0.9999999999976694
F007_PID000000814,814,2020-07-09T00:48:05.737126400+00:00,114.2628736,0.286783042394015,-0.286783042394015,0.9999999999976694
F007_PID000000814,814,2020-07-09T00:48:05.737192192+00:00,114.262807808,0.27722772277227725,-0.27722772277227725,0.9999999999976694
F007_PID000000814,814,2020-07-09T00:48:05.737272832+00:00,114.262727168,0.2740740740740741,-0.2740740740740741,0.9999999999976694
F007_PID000000814,814,2020-07-09T00:48:05.737430272+00:00,114.262569728,0.27586206896551724,-0.27586206896551724,0.9999999999976694
F007_PID000000814,814,2020-07-09T00:48:05.737516032+00:00,114.262483968,0.27901234567901234,-0.27901234567901234,0.9999999999976694
F007_PID000000814,814,2020-07-09T00:48:05.737656832+00:00,114.262343168,0.2665036674816626,-0.2665036674816626,0.9999999999976694
F007_PID000000814,814,2020-07-09T00:48:05.737665536+00:00,114.262334464,0.26034063260340634,-0.26034063260340634,0.9999999999976694
F007_PID000000814,814,2020-07-09T00:48:05.749579008+00:00,114.250420992,0.2567237163814181,-0.2567237163814181,0.9999999999976694
F007_PID000000814,814,2020-07-09T00:48:05.750076160+00:00,114.24992384,0.25853658536585367,-0.25853658536585367,0.9999999999976694
F007_PID000000814,814,2020-07-09T00:48:05.752625152+00:00,114.247374848,0.25853658536585367,-0.25853658536585367,0.9999999999976694
F007_PID000000814,814,2020-07-09T00:48:05.752684032+00:00,114.247315968,0.2567237163814181,-0.2567237163814181,0.9999999999976694
F007_PID000000814,814,2020-07-09T00:48:05.753877760+00:00,114.24612224,0.2660098522167488,-0.2660098522167488,0.9999999999976694
F007_PID000000814,814,2020-07-09T00:48:05.754561536+00:00,114.245438464,0.2678132678132678,-0.2678132678132678,0.9999999999976694
F007_PID000000814,814,2020-07-09T00:48:05.754632192+00:00,114.245367808,0.25547445255474455,-0.25547445255474455,0.9999999999976694
F007_PID000000814,814,2020-07-09T00:48:05.756484352+00:00,114.243515648,0.24257425742574257,-0.24257425742574257,0.9999999999976694
F007_PID000000814,814,2020-07-09T00:48:05.762683392+00:00,114.237316608,0.22439024390243903,-0.22439024390243903,0.9999999999976694
F007_PID000000814,814,2020-07-09T00:48:05.762943744+00:00,114.237056256,0.21674876847290642,-0.21674876847290642,0.9999999999976694
F007_PID000000814,814,2020-07-09T00:48:05.763147008+00:00,114.236852992,0.1932367149758454,-0.1932367149758454,0.9999999999976694
F007_PID000000814,814,2020-07-09T00:48:05.763557120+00:00,114.23644288,0.1932367149758454,-0.1932367149758454,0.9999999999976694
F007_PID000000814,814,2020-07-09T00:48:05.763580928+00:00,114.236419072,0.08571428571428572,-0.08571428571428572,1.9999999999997797
F007_PID000000814,814,2020-07-09T00:48:05.763679488+00:00,114.236320512,0.08370044052863436,-0.08370044052863436,1.9999999999997797
F007_PID000000814,814,2020-07-09T00:48:05.764656640+00:00,114.23534336,0.19128329297820823,-0.19128329297820823,0.9999999999976694
F007_PID000000814,814,2020-07-09T00:48:05.766021888+00:00,114.233978112,0.18840579710144928,-0.18840579710144928,0.9999999999976694
F007_PID000000814,814,2020-07-09T00:48:05.766093568+00:00,114.233906432,0.19230769230769232,-0.19230769230769232,0.9999999999976694
F007_PID000000814,814,2020-07-09T00:48:05.766301440+00:00,114.23369856,0.19424460431654678,-0.19424460431654678,0.9999999999976694
F007_PID000000814,814,2020-07-09T00:48:05.766487040+00:00,114.23351296,0.1971153846153846,-0.1971153846153846,0.9999999999976694
F007_PID000000814,814,2020-07-09T00:48:05.766657024+00:00,114.233342976,0.20476190476190476,-0.20476190476190476,0.9999999999976694
F007_PID000000814,814,2020-07-09T00:48:05.780207360+00:00,114.21979264,0.20476190476190476,-0.20476190476190476,0.9999999999976694
F007_PID000000814,814,2020-07-09T00:48:05.780239872+00:00,114.219760128,0.09761388286334056,-0.09761388286334056,1.9999999999997797
F007_PID000000814,814,2020-07-09T00:48:05.780525312+00:00,114.219474688,-0.024630541871921183,0.024630541871921183,1.0000000000021103
F007_PID000000814,814,2020-07-09T00:48:05.780886528+00:00,114.219113472,-0.022113022113022112,0.022113022113022112,1.0000000000021103
F007_PID000000814,814,2020-07-09T00:48:05.781108224+00:00,114.218891776,-0.019704433497536946,0.019704433497536946,1.0000000000021103
F007_PID000000814,814,2020-07-09T00:48:05.781158912+00:00,114.218841088,-0.009950248756218905,0.009950248756218905,1.0000000000021103
F007_PID000000814,814,2020-07-09T00:48:05.781358848+00:00,114.218641152,-0.007444168734491315,0.007444168734491315,1.0000000000021103
F007_PID000000814,814,2020-07-09T00:48:05.781491712+00:00,114.218508288,0.002457002457002457,-0.002457002457002457,1.0000000000021103
F007_PID000000814,814,2020-07-09T00:48:05.790870016+00:00,114.209129984,0.004901960784313725,-0.004901960784313725,1.0000000000021103
F007_PID000000814,814,2020-07-09T00:48:05.797905152+00:00,114.202094848,0.007371007371007371,-0.007371007371007371,1.0000000000021103
F007_PID000000814,814,2020-07-09T00:48:05.798430720+00:00,114.20156928,0.009852216748768473,-0.009852216748768473,1.0000000000021103
F007_PID000000814,814,2020-07-09T00:48:05.799316480+00:00,114.20068352,0.01990049751243781,-0.01990049751243781,1.0000000000021103
F007_PID000000814,814,2020-07-09T00:48:05.808280832+00:00,114.191719168,0.009852216748768473,-0.009852216748768473,1.0000000000021103
F007_PID000000814,814,2020-07-09T00:48:05.814994432+00:00,114.185005568,0.007407407407407408,-0.007407407407407408,1.0000000000021103
F007_PID000000814,814,2020-07-09T00:48:05.820676096+00:00,114.179323904,0.027707808564231738,-0.027707808564231738,1.0000000000021103
F007_PID000000814,814,2020-07-09T00:48:05.820811008+00:00,114.179188992,0.027707808564231738,-0.027707808564231738,1.0000000000021103
F007_PID000000814,814,2020-07-09T00:48:05.856228608+00:00,114.143771392,0.03816793893129771,-0.03816793893129771,1.0000000000021103
F007_PID000000814,814,2020-07-09T00:48:05.858774272+00:00,114.141225728,0.04060913705583756,-0.04060913705583756,1.0000000000021103
F007_PID000000814,814,2020-07-09T00:48:05.858985216+00:00,114.141014784,0.043037974683544304,-0.043037974683544304,1.0000000000021103
F007_PID000000814,814,2020-07-09T00:48:05.859065856+00:00,114.140934144,0.045454545454545456,-0.045454545454545456,1.0000000000021103
F007_PID000000814,814,2020-07-09T00:48:05.859161344+00:00,114.140838656,0.04810126582278481,-0.04810126582278481,1.0000000000021103
F007_PID000000814,814,2020-07-09T00:48:05.873421824+00:00,114.126578176,0.045454545454545456,-0.045454545454545456,1.0000000000021103
F007_PID000000814,814,2020-07-09T00:48:05.873496832+00:00,114.126503168,0.035,-0.035,1.0000000000021103
F007_PID000000814,814,2020-07-09T00:48:05.873792+00:00,114.126208,0.03258145363408521,-0.03258145363408521,1.0000000000021103
F007_PID000000814,814,2020-07-09T00:48:05.874250752+00:00,114.125749248,0.043037974683544304,-0.043037974683544304,1.0000000000021103
F007_PID000000814,814,2020-07-09T00:48:05.879282432+00:00,114.120717568,0.03258145363408521,-0.03258145363408521,1.0000000000021103
F007_PID000000814,814,2020-07-09T00:48:05.886634496+00:00,114.113365504,0.012285012285012284,-0.012285012285012284,1.0000000000021103
F007_PID000000814,814,2020-07-09T00:48:05.886712064+00:00,114.113287936,0.009852216748768473,-0.009852216748768473,1.0000000000021103
F007_PID000000814,814,2020-07-09T00:48:05.887129856+00:00,114.112870144,0.012285012285012284,-0.012285012285012284,1.0000000000021103
F007_PID000000814,814,2020-07-09T00:48:05.928389632+00:00,114.071610368,0.014778325123152709,-0.014778325123152709,1.0000000000021103
F007_PID000000814,814,2020-07-09T00:48:05.928526592+00:00,114.071473408,0.014778325123152709,-0.014778325123152709,1.0000000000021103
F007_PID000000814,814,2020-07-09T00:48:05.941427712+00:00,114.058572288,0.024875621890547265,-0.024875621890547265,1.0000000000021103
F007_PID000000814,814,2020-07-09T00:48:05.951328512+00:00,114.048671488,0.04568527918781726,-0.04568527918781726,1.0000000000021103
F007_PID000000814,814,2020-07-09T00:48:09.988699648+00:00,110.011300352,0.043037974683544304,-0.043037974683544304,1.0000000000021103
F007_PID000000814,814,2020-07-09T00:48:09.989469952+00:00,110.010530048,0.037783375314861464,-0.037783375314861464,1.0000000000021103
F007_PID000000814,814,2020-07-09T00:48:11.640371456+00:00,108.359628544,0.035175879396984924,-0.035175879396984924,1.0000000000021103
F007_PID000000814,814,2020-07-09T00:48:11.640466944+00:00,108.359533056,0.03,-0.03,1.0000000000021103
F007_PID000000814,814,2020-07-09T00:48:11.640531200+00:00,108.3594688,0.017721518987341773,-0.017721518987341773,1.0000000000021103
F007_PID000000814,814,2020-07-09T00:48:11.640531200+00:00,108.3594688,0.02030456852791878,-0.02030456852791878,1.0000000000021103
F007_PID000000814,814,2020-07-09T00:48:11.640598272+00:00,108.359401728,0.0024937655860349127,-0.0024937655860349127,1.0000000000021103
F007_PID000000814,814,2020-07-09T00:48:12.052811520+00:00,107.94718848,-0.002506265664160401,0.002506265664160401,1.0000000000021103
F007_PID000000814,814,2020-07-09T00:48:18.546764544+00:00,101.453235456,0.0,-0.0,1.0000000000021103
F007_PID000000814,814,2020-07-09T00:48:23.008836096+00:00,96.991163904,0.0024937655860349127,-0.0024937655860349127,1.0000000000021103
F007_PID000000814,814,2020-07-09T00:48:23.030949120+00:00,96.96905088,0.0024937655860349127,-0.0024937655860349127,1.0000000000021103
F007_PID000000814,814,2020-07-09T00:48:23.030976+00:00,96.969024,0.0,-0.0,1.0000000000021103
F007_PID000000814,814,2020-07-09T00:48:23.031336448+00:00,96.968663552,0.0,-0.0,1.0000000000021103
F007_PID000000814,814,2020-07-09T00:48:23.031394816+00:00,96.968605184,0.11504424778761062,-0.11504424778761062,1.9999999999997797
F007_PID000000814,814,2020-07-09T00:48:23.031621632+00:00,96.968378368,-0.010101010101010102,0.010101010101010102,1.0000000000021103
F007_PID000000814,814,2020-07-09T00:48:23.031798528+00:00,96.968201472,-0.012594458438287154,0.012594458438287154,1.0000000000021103
F007_PID000000814,814,2020-07-09T00:48:23.031963904+00:00,96.968036096,-0.01507537688442211,0.01507537688442211,1.0000000000021103
F007_PID000000814,814,2020-07-09T00:48:23.032086272+00:00,96.967913728,-0.025380710659898477,0.025380710659898477,1.0000000000021103
F007_PID000000814,814,2020-07-09T00:48:23.032346368+00:00,96.967653632,-0.025380710659898477,0.025380710659898477,1.0000000000021103
F007_PID000000814,814,2020-07-09T00:48:23.032419840+00:00,96.96758016,0.24,-0.24,0.9999999999976694
F007_PID000000814,814,2020-07-09T00:48:23.032524544+00:00,96.967475456,0.24,-0.24,0.9999999999976694
F007_PID000000814,814,2020-07-09T00:48:23.032679680+00:00,96.96732032,0.23690773067331672,-0.23690773067331672,0.9999999999976694
F007_PID000000814,814,2020-07-09T00:48:23.033126400+00:00,96.9668736,0.23690773067331672,-0.23690773067331672,0.9999999999976694
F007_PID000000814,814,2020-07-09T00:48:23.033187584+00:00,96.966812416,0.10467706013363029,-0.10467706013363029,1.9999999999997797
F007_PID000000814,814,2020-07-09T00:48:23.034170624+00:00,96.965829376,0.10666666666666667,-0.10666666666666667,1.9999999999997797
F007_PID000000814,814,2020-07-09T00:48:23.034282496+00:00,96.965717504,-0.017721518987341773,0.017721518987341773,1.0000000000021103
F007_PID000000814,814,2020-07-09T00:48:23.034333184+00:00,96.965666816,-0.022900763358778626,0.022900763358778626,1.0000000000021103
F007_PID000000814,814,2020-07-09T00:48:23.034333184+00:00,96.965666816,-0.035175879396984924,0.035175879396984924,1.0000000000021103
F007_PID000000814,814,2020-07-09T00:48:23.034452992+00:00,96.965547008,-0.02743142144638404,0.02743142144638404,1.0000000000021103
F007_PID000000814,814,2020-07-09T00:48:23.034601728+00:00,96.965398272,-0.024875621890547265,0.024875621890547265,1.0000000000021103
F007_PID000000814,814,2020-07-09T00:48:23.034690304+00:00,96.965309696,-0.022443890274314215,0.022443890274314215,1.0000000000021103
F007_PID000000814,814,2020-07-09T00:48:23.034747904+00:00,96.965252096,-0.01990049751243781,0.01990049751243781,1.0000000000021103
F007_PID000000814,814,2020-07-09T00:48:23.034816768+00:00,96.965183232,-0.022443890274314215,0.022443890274314215,1.0000000000021103
F007_PID000000814,814,2020-07-09T00:48:23.034865920+00:00,96.96513408,-0.01990049751243781,0.01990049751243781,1.0000000000021103
F007_PID000000814,814,2020-07-09T00:48:23.034968576+00:00,96.965031424,-0.025,0.025,1.0000000000021103
F007_PID000000814,814,2020-07-09T00:48:23.035093760+00:00,96.96490624,-0.020100502512562814,0.020100502512562814,1.0000000000021103
F007_PID000000814,814,2020-07-09T00:48:23.035174400+00:00,96.9648256,-0.012658227848101266,0.012658227848101266,1.0000000000021103
F007_PID000000814,814,2020-07-09T00:48:23.035252736+00:00,96.964747264,-0.002506265664160401,0.002506265664160401,1.0000000000021103
F007_PID000000814,814,2020-07-09T00:48:23.035263488+00:00,96.964736512,-0.005025125628140704,0.005025125628140704,1.0000000000021103
F007_PID000000814,814,2020-07-09T00:48:23.035374592+00:00,96.964625408,-0.012658227848101266,0.012658227848101266,1.0000000000021103
F007_PID000000814,814,2020-07-09T00:48:23.035447296+00:00,96.964552704,-0.01015228426395939,0.01015228426395939,1.0000000000021103
F007_PID000000814,814,2020-07-09T00:48:23.035696384+00:00,96.964303616,-0.007594936708860759,0.007594936708860759,1.0000000000021103
F007_PID000000814,814,2020-07-09T00:48:23.037938688+00:00,96.962061312,-0.010101010101010102,0.010101010101010102,1.0000000000021103
F007_PID000000814,814,2020-07-09T00:48:23.040797440+00:00,96.95920256,-0.02,0.02,1.0000000000021103
F007_PID000000814,814,2020-07-09T00:48:23.040979968+00:00,96.959020032,-0.022556390977443608,0.022556390977443608,1.0000000000021103
F007_PID000000814,814,2020-07-09T00:48:23.041643264+00:00,96.958356736,-0.02512562814070352,0.02512562814070352,1.0000000000021103
F007_PID000000814,814,2020-07-09T00:48:23.042261248+00:00,96.957738752,-0.022556390977443608,0.022556390977443608,1.0000000000021103
F007_PID000000814,814,2020-07-09T00:48:23.044924928+00:00,96.955075072,-0.04176904176904177,0.04176904176904177,1.0000000000021103
F007_PID000000814,814,2020-07-09T00:48:23.045758464+00:00,96.954241536,-0.04433497536945813,0.04433497536945813,1.0000000000021103
F007_PID000000814,814,2020-07-09T00:48:23.046107392+00:00,96.953892608,-0.04176904176904177,0.04176904176904177,1.0000000000021103
F007_PID000000814,814,2020-07-09T00:48:23.046589440+00:00,96.95341056,-0.022556390977443608,0.022556390977443608,1.0000000000021103
F007_PID000000814,814,2020-07-09T00:48:23.046701824+00:00,96.953298176,-0.02512562814070352,0.02512562814070352,1.0000000000021103
F007_PID000000814,814,2020-07-09T00:48:23.049292800+00:00,96.9507072,-0.022556390977443608,0.022556390977443608,1.0000000000021103
F007_PID000000814,814,2020-07-09T00:48:23.099250432+00:00,96.900749568,-0.02,0.02,1.0000000000021103
F007_PID000000814,814,2020-07-09T00:48:23.099326976+00:00,96.900673024,-0.017456359102244388,0.017456359102244388,1.0000000000021103
F007_PID000000814,814,2020-07-09T00:48:23.153415680+00:00,96.84658432,-0.02,0.02,1.0000000000021103
F007_PID000000814,814,2020-07-09T00:48:23.174248192+00:00,96.825751808,-0.017456359102244388,0.017456359102244388,1.0000000000021103
F007_PID000000814,814,2020-07-09T00:48:23.195226112+00:00,96.804773888,-0.007556675062972292,0.007556675062972292,1.0000000000021103
F007_PID000000814,814,2020-07-09T00:48:23.203397120+00:00,96.79660288,-0.005050505050505051,0.005050505050505051,1.0000000000021103
F007_PID000000814,814,2020-07-09T00:48:24.819984128+00:00,95.180015872,-0.015,0.015,1.0000000000021103
F007_PID000000814,814,2020-07-09T00:48:29.239704832+00:00,90.760295168,-0.012468827930174564,0.012468827930174564,1.0000000000021103
F007_PID000000814,814,2020-07-09T00:48:29.239883520+00:00,90.76011648,-0.015,0.015,1.0000000000021103
F007_PID000000814,814,2020-07-09T00:48:29.248079360+00:00,90.75192064,-0.005050505050505051,0.005050505050505051,1.0000000000021103
F007_PID000000814,814,2020-07-09T00:48:29.393966336+00:00,90.606033664,-0.0025188916876574307,0.0025188916876574307,1.0000000000021103
F007_PID000000814,814,2020-07-09T00:48:29.394148608+00:00,90.605851392,0.0,-0.0,1.0000000000021103
F007_PID000000814,814,2020-07-09T00:48:29.394340096+00:00,90.605659904,0.002531645569620253,-0.002531645569620253,1.0000000000021103
F007_PID000000814,814,2020-07-09T00:48:29.470204672+00:00,90.529795328,0.0,-0.0,1.0000000000021103
F007_PID000000814,814,2020-07-09T00:48:29.771110912+00:00,90.228889088,0.002531645569620253,-0.002531645569620253,1.0000000000021103
F007_PID000000814,814,2020-07-09T00:48:29.771788544+00:00,90.228211456,0.0,-0.0,1.0000000000021103
F007_PID000000814,814,2020-07-09T00:48:29.990366720+00:00,90.00963328,0.002544529262086514,-0.002544529262086514,1.0000000000021103
F007_PID000000814,814,2020-07-09T00:48:29.991254016+00:00,90.008745984,0.00510204081632653,-0.00510204081632653,1.0000000000021103
F007_PID000000814,814,2020-07-09T00:48:30.222784256+00:00,89.777215744,0.0,-0.0,1.0000000000021103
F007_PID000000814,814,2020-07-09T00:48:30.474624768+00:00,89.525375232,-0.0025575447570332483,0.0025575447570332483,1.0000000000021103
F007_PID000000814,814,2020-07-09T00:48:30.477142528+00:00,89.522857472,-0.005128205128205128,0.005128205128205128,1.0000000000021103
F007_PID000000814,814,2020-07-09T00:48:30.478017536+00:00,89.521982464,-0.007712082262210797,0.007712082262210797,1.0000000000021103
F007_PID000000814,814,2020-07-09T00:48:30.479472384+00:00,89.520527616,-0.010256410256410256,0.010256410256410256,1.0000000000021103
F007_PID000000814,814,2020-07-09T00:48:30.481910784+00:00,89.518089216,-0.01278772378516624,0.01278772378516624,1.0000000000021103
F007_PID000000814,814,2020-07-09T00:48:30.485565952+00:00,89.514434048,-0.015384615384615385,0.015384615384615385,1.0000000000021103
F007_PID000000814,814,2020-07-09T00:48:30.485863168+00:00,89.514136832,-0.025380710659898477,0.025380710659898477,1.0000000000021103
F007_PID000000814,814,2020-07-09T00:48:30.614776320+00:00,89.38522368,-0.025380710659898477,0.025380710659898477,1.0000000000021103
F007_PID000000814,814,2020-07-09T00:48:30.614832384+00:00,89.385167616,0.10222222222222223,-0.10222222222222223,1.9999999999997797
F007_PID000000814,814,2020-07-09T00:48:30.614896640+00:00,89.38510336,0.09821428571428571,-0.09821428571428571,1.9999999999997797
F007_PID000000814,814,2020-07-09T00:48:30.615197184+00:00,89.384802816,0.0957683741648107,-0.0957683741648107,1.9999999999997797
F007_PID000000814,814,2020-07-09T00:48:30.615314432+00:00,89.384685568,0.09333333333333334,-0.09333333333333334,1.9999999999997797
F007_PID000000814,814,2020-07-09T00:48:30.615416832+00:00,89.384583168,0.08520179372197309,-0.08520179372197309,1.9999999999997797
F007_PID000000814,814,2020-07-09T00:48:30.615461120+00:00,89.38453888,0.21,-0.21,0.9999999999976694
F007_PID000000814,814,2020-07-09T00:48:30.615633408+00:00,89.384366592,0.19506172839506172,-0.19506172839506172,0.9999999999976694
F007_PID000000814,814,2020-07-09T00:48:30.615633408+00:00,89.384366592,0.07317073170731707,-0.07317073170731707,1.9999999999997797
F007_PID000000814,814,2020-07-09T00:48:30.615826176+00:00,89.384173824,0.0752212389380531,-0.0752212389380531,1.9999999999997797
F007_PID000000814,814,2020-07-09T00:48:30.616046848+00:00,89.383953152,0.07317073170731707,-0.07317073170731707,1.9999999999997797
F007_PID000000814,814,2020-07-09T00:48:30.617008896+00:00,89.382991104,0.07079646017699115,-0.07079646017699115,1.9999999999997797
F007_PID000000814,814,2020-07-09T00:48:30.619841024+00:00,89.380158976,0.0684326710816777,-0.0684326710816777,1.9999999999997797
F007_PID000000814,814,2020-07-09T00:48:30.628236032+00:00,89.371763968,0.049891540130151846,-0.049891540130151846,1.9999999999997797
F007_PID000000814,814,2020-07-09T00:48:30.629266176+00:00,89.370733824,0.04157549234135667,-0.04157549234135667,1.9999999999997797
F007_PID000000814,814,2020-07-09T00:48:30.636185088+00:00,89.363814912,0.16381418092909536,-0.16381418092909536,0.9999999999976694
F007_PID000000814,814,2020-07-09T00:48:30.636426240+00:00,89.36357376,0.15815085158150852,-0.15815085158150852,0.9999999999976694
F007_PID000000814,814,2020-07-09T00:48:30.636487168+00:00,89.363512832,0.15815085158150852,-0.15815085158150852,0.9999999999976694
F007_PID000000814,814,2020-07-09T00:48:30.636510720+00:00,89.36348928,0.16626506024096385,-0.16626506024096385,0.9999999999976694
F007_PID000000814,814,2020-07-09T00:48:30.636613120+00:00,89.36338688,0.16346153846153846,-0.16346153846153846,0.9999999999976694
F007_PID000000814,814,2020-07-09T00:48:30.636690176+00:00,89.363309824,0.1606714628297362,-0.1606714628297362,0.9999999999976694
F007_PID000000814,814,2020-07-09T00:48:30.638369536+00:00,89.361630464,0.16346153846153846,-0.16346153846153846,0.9999999999976694
F007_PID000000814,814,2020-07-09T00:48:30.638573568+00:00,89.361426432,0.1606714628297362,-0.1606714628297362,0.9999999999976694
F007_PID000000814,814,2020-07-09T00:48:30.639139840+00:00,89.36086016,0.16346153846153846,-0.16346153846153846,0.9999999999976694
F007_PID000000814,814,2020-07-09T00:48:30.642127616+00:00,89.357872384,0.16626506024096385,-0.16626506024096385,0.9999999999976694
F007_PID000000814,814,2020-07-09T00:48:30.644466176+00:00,89.355533824,0.16626506024096385,-0.16626506024096385,0.9999999999976694
F007_PID000000814,814,2020-07-09T00:48:30.645531904+00:00,89.354468096,0.1642512077294686,-0.1642512077294686,0.9999999999976694
F007_PID000000814,814,2020-07-09T00:48:30.670008832+00:00,89.329991168,0.16019417475728157,-0.16019417475728157,0.9999999999976694
F007_PID000000814,814,2020-07-09T00:48:30.685112064+00:00,89.314887936,0.15196078431372548,-0.15196078431372548,0.9999999999976694
F007_PID000000814,814,2020-07-09T00:48:30.743432192+00:00,89.256567808,0.1407766990291262,-0.1407766990291262,0.9999999999976694
F007_PID000000814,814,2020-07-09T00:48:30.743493376+00:00,89.256506624,0.12376237623762376,-0.12376237623762376,0.9999999999976694
F007_PID000000814,814,2020-07-09T00:48:30.744708352+00:00,89.255291648,0.12376237623762376,-0.12376237623762376,0.9999999999976694
F007_PID000000814,814,2020-07-09T00:48:30.754324736+00:00,89.245675264,0.12098765432098765,-0.12098765432098765,0.9999999999976694
F007_PID000000814,814,2020-07-09T00:48:30.754376960+00:00,89.24562304,0.12098765432098765,-0.12098765432098765,0.9999999999976694
F007_PID000000814,814,2020-07-09T00:48:30.756262656+00:00,89.243737344,0.10462287104622871,-0.10462287104622871,0.9999999999976694
F007_PID000000814,814,2020-07-09T00:48:30.798978560+00:00,89.20102144,0.10194174757281553,-0.10194174757281553,0.9999999999976694
F007_PID000000814,814,2020-07-09T00:48:30.799085824+00:00,89.200914176,0.09535452322738386,-0.09535452322738386,0.9999999999976694
F007_PID000000814,814,2020-07-09T00:48:30.799147264+00:00,89.200852736,0.09313725490196079,-0.09313725490196079,0.9999999999976694
F007_PID000000814,814,2020-07-09T00:48:30.799722496+00:00,89.200277504,0.06698564593301436,-0.06698564593301436,0.9999999999976694
F007_PID000000814,814,2020-07-09T00:48:30.799867136+00:00,89.200132864,0.0625,-0.0625,0.9999999999976694
F007_PID000000814,814,2020-07-09T00:48:30.943464704+00:00,89.056535296,0.0625,-0.0625,0.9999999999976694
F007_PID000000814,814,2020-07-09T00:48:35.356389120+00:00,84.64361088,0.04411764705882353,-0.04411764705882353,0.9999999999976694
F007_PID000000814,814,2020-07-09T00:48:39.735053824+00:00,80.264946176,0.04878048780487805,-0.04878048780487805,0.9999999999976694
F007_PID000000814,814,2020-07-09T00:48:41.606556416+00:00,78.393443584,0.05392156862745098,-0.05392156862745098,0.9999999999976694
F007_PID000000814,814,2020-07-09T00:48:41.606743552+00:00,78.393256448,0.056511056511056514,-0.056511056511056514,0.9999999999976694
F007_PID000000814,814,2020-07-09T00:48:41.606819840+00:00,78.39318016,0.059113300492610835,-0.059113300492610835,0.9999999999976694
F007_PID000000814,814,2020-07-09T00:48:41.744859904+00:00,78.255140096,0.06372549019607843,-0.06372549019607843,0.9999999999976694
F007_PID000000814,814,2020-07-09T00:48:41.749372928+00:00,78.250627072,0.08173076923076923,-0.08173076923076923,0.9999999999976694
F007_PID000000814,814,2020-07-09T00:48:42.979319296+00:00,77.020680704,0.08433734939759036,-0.08433734939759036,0.9999999999976694
F007_PID000000814,814,2020-07-09T00:48:50.248450048+00:00,69.751549952,0.07398568019093078,-0.07398568019093078,0.9999999999976694
F007_PID000000814,814,2020-07-09T00:48:50.248640256+00:00,69.751359744,0.06954436450839328,-0.06954436450839328,0.9999999999976694
F007_PID000000814,814,2020-07-09T00:48:50.248683776+00:00,69.751316224,0.06698564593301436,-0.06698564593301436,0.9999999999976694
F007_PID000000814,814,2020-07-09T00:48:50.249668352+00:00,69.750331648,0.06443914081145585,-0.06443914081145585,0.9999999999976694
F007_PID000000814,814,2020-07-09T00:48:50.383919104+00:00,69.616080896,0.06698564593301436,-0.06698564593301436,0.9999999999976694
F007_PID000000814,814,2020-07-09T00:48:55.605217536+00:00,64.394782464,0.06190476190476191,-0.06190476190476191,0.9999999999976694
F007_PID000000814,814,2020-07-09T00:48:55.605405440+00:00,64.39459456,0.05938242280285035,-0.05938242280285035,0.9999999999976694
F007_PID000000814,814,2020-07-09T00:48:55.619017472+00:00,64.380982528,0.04116222760290557,-0.04116222760290557,0.9999999999976694
F007_PID000000814,814,2020-07-09T00:48:55.743407360+00:00,64.25659264,0.038834951456310676,-0.038834951456310676,0.9999999999976694
F007_PID000000814,814,2020-07-09T00:48:55.743475712+00:00,64.256524288,0.01904761904761905,-0.01904761904761905,0.9999999999976694
F007_PID000000814,814,2020-07-09T00:48:55.743684608+00:00,64.256315392,0.016706443914081145,-0.016706443914081145,0.9999999999976694
F007_PID000000814,814,2020-07-09T00:48:55.754239232+00:00,64.245760768,0.014285714285714285,-0.014285714285714285,0.9999999999976694
F007_PID000000814,814,2020-07-09T00:48:55.754708992+00:00,64.245291008,0.014285714285714285,-0.014285714285714285,0.9999999999976694
F007_PID000000814,814,2020-07-09T00:48:55.754719232+00:00,64.245280768,0.011933174224343675,-0.011933174224343675,0.9999999999976694
F007_PID000000814,814,2020-07-09T00:48:55.755066368+00:00,64.244933632,0.011933174224343675,-0.011933174224343675,0.9999999999976694
F007_PID000000814,814,2020-07-09T00:48:55.755080960+00:00,64.24491904,0.009569377990430622,-0.009569377990430622,0.9999999999976694
F007_PID000000814,814,2020-07-09T00:48:55.755203840+00:00,64.24479616,0.009569377990430622,-0.009569377990430622,0.9999999999976694
F007_PID000000814,814,2020-07-09T00:48:55.755215872+00:00,64.244784128,0.007194244604316547,-0.007194244604316547,0.9999999999976694
F007_PID000000814,814,2020-07-09T00:48:55.755385856+00:00,64.244614144,0.007194244604316547,-0.007194244604316547,0.9999999999976694
F007_PID000000814,814,2020-07-09T00:48:55.755407360+00:00,64.24459264,0.0024096385542168677,-0.0024096385542168677,0.9999999999976694
F007_PID000000814,814,2020-07-09T00:48:55.755572992+00:00,64.244427008,0.0024096385542168677,-0.0024096385542168677,0.9999999999976694
F007_PID000000814,814,2020-07-09T00:48:55.755584768+00:00,64.244415232,-0.0072992700729927005,0.0072992700729927005,0.9999999999976694
F007_PID000000814,814,2020-07-09T00:48:55.755713024+00:00,64.244286976,-0.0072992700729927005,0.0072992700729927005,0.9999999999976694
F007_PID000000814,814,2020-07-09T00:48:55.755724032+00:00,64.244275968,-0.014705882352941176,0.014705882352941176,0.9999999999976694
F007_PID000000814,814,2020-07-09T00:48:55.755959808+00:00,64.244040192,-0.014705882352941176,0.014705882352941176,0.9999999999976694
F007_PID000000814,814,2020-07-09T00:48:55.756002304+00:00,64.243997696,-0.029850746268656716,0.029850746268656716,0.9999999999976694
F007_PID000000814,814,2020-07-09T00:48:55.756026368+00:00,64.243973632,-0.03225806451612903,0.03225806451612903,0.9999999999976694
F007_PID000000814,814,2020-07-09T00:48:55.756071936+00:00,64.243928064,-0.03225806451612903,0.03225806451612903,0.9999999999976694
F007_PID000000814,814,2020-07-09T00:48:55.756071936+00:00,64.243928064,-0.03482587064676617,0.03482587064676617,0.9999999999976694
F007_PID000000814,814,2020-07-09T00:48:55.756194304+00:00,64.243805696,-0.03482587064676617,0.03482587064676617,0.9999999999976694
F007_PID000000814,814,2020-07-09T00:48:55.756194304+00:00,64.243805696,-0.04,0.04,0.9999999999976694
F007_PID000000814,814,2020-07-09T00:48:55.756251648+00:00,64.243748352,-0.04,0.04,0.9999999999976694
F007_PID000000814,814,2020-07-09T00:48:55.756304640+00:00,64.24369536,-0.04,0.04,0.9999999999976694
F007_PID000000814,814,2020-07-09T00:48:55.756349440+00:00,64.24365056,0.09956709956709957,-0.09956709956709957,1.9999999999997797
F007_PID000000814,814,2020-07-09T00:48:55.757069568+00:00,64.242930432,0.29923273657289,-0.29923273657289,1.0000000000021103
F007_PID000000814,814,2020-07-09T00:48:55.757125120+00:00,64.24287488,0.29591836734693877,-0.29591836734693877,1.0000000000021103
F007_PID000000814,814,2020-07-09T00:48:55.757211392+00:00,64.242788608,0.2926208651399491,-0.2926208651399491,1.0000000000021103
F007_PID000000814,814,2020-07-09T00:48:55.757359616+00:00,64.242640384,0.23300970873786409,-0.23300970873786409,1.0000000000021103
F007_PID000000814,814,2020-07-09T00:48:55.757560064+00:00,64.242439936,0.2273838630806846,-0.2273838630806846,1.0000000000021103
F007_PID000000814,814,2020-07-09T00:48:55.757560064+00:00,64.242439936,0.2273838630806846,-0.2273838630806846,1.0000000000021103
F007_PID000000814,814,2020-07-09T00:48:55.757579264+00:00,64.242420736,0.23039215686274508,-0.23039215686274508,1.0000000000021103
F007_PID000000814,814,2020-07-09T00:48:55.757641984+00:00,64.242358016,0.23039215686274508,-0.23039215686274508,1.0000000000021103
F007_PID000000814,814,2020-07-09T00:48:55.757666816+00:00,64.242333184,0.2273838630806846,-0.2273838630806846,1.0000000000021103
F007_PID000000814,814,2020-07-09T00:48:55.757761024+00:00,64.242238976,0.21844660194174756,-0.21844660194174756,1.0000000000021103
F007_PID000000814,814,2020-07-09T00:48:55.757857024+00:00,64.242142976,0.21549636803874092,-0.21549636803874092,1.0000000000021103
F007_PID000000814,814,2020-07-09T00:48:55.757915392+00:00,64.242084608,0.21549636803874092,-0.21549636803874092,1.0000000000021103
F007_PID000000814,814,2020-07-09T00:48:55.757915392+00:00,64.242084608,0.21844660194174756,-0.21844660194174756,1.0000000000021103
F007_PID000000814,814,2020-07-09T00:48:55.757971712+00:00,64.242028288,0.21654501216545013,-0.21654501216545013,1.0000000000021103
F007_PID000000814,814,2020-07-09T00:48:55.757988352+00:00,64.242011648,0.2146341463414634,-0.2146341463414634,1.0000000000021103
F007_PID000000814,814,2020-07-09T00:48:55.757988352+00:00,64.242011648,0.2107843137254902,-0.2107843137254902,1.0000000000021103
F007_PID000000814,814,2020-07-09T00:48:55.758031872+00:00,64.241968128,0.21271393643031786,-0.21271393643031786,1.0000000000021103
F007_PID000000814,814,2020-07-09T00:48:55.758108928+00:00,64.241891072,0.20493827160493827,-0.20493827160493827,1.0000000000021103
F007_PID000000814,814,2020-07-09T00:48:55.758183680+00:00,64.24181632,0.1970074812967581,-0.1970074812967581,1.0000000000021103
F007_PID000000814,814,2020-07-09T00:48:55.758426112+00:00,64.241573888,0.19900497512437812,-0.19900497512437812,1.0000000000021103
F007_PID000000814,814,2020-07-09T00:48:55.758494464+00:00,64.241505536,0.20099255583126552,-0.20099255583126552,1.0000000000021103
F007_PID000000814,814,2020-07-09T00:48:55.761323520+00:00,64.23867648,0.18627450980392157,-0.18627450980392157,1.0000000000021103
F007_PID000000814,814,2020-07-09T00:48:55.761946112+00:00,64.238053888,0.18024691358024691,-0.18024691358024691,1.0000000000021103
F007_PID000000814,814,2020-07-09T00:48:55.762041856+00:00,64.237958144,0.1761786600496278,-0.1761786600496278,1.0000000000021103
F007_PID000000814,814,2020-07-09T00:48:55.762108928+00:00,64.237891072,0.17206982543640897,-0.17206982543640897,1.0000000000021103
F007_PID000000814,814,2020-07-09T00:48:55.762652672+00:00,64.237347328,0.17412935323383086,-0.17412935323383086,1.0000000000021103
F007_PID000000814,814,2020-07-09T00:48:55.762873088+00:00,64.237126912,0.1761786600496278,-0.1761786600496278,1.0000000000021103
F007_PID000000814,814,2020-07-09T00:48:55.762994432+00:00,64.237005568,0.19095477386934673,-0.19095477386934673,1.0000000000021103
F007_PID000000814,814,2020-07-09T00:48:55.763412224+00:00,64.236587776,0.18796992481203006,-0.18796992481203006,1.0000000000021103
F007_PID000000814,814,2020-07-09T00:48:55.763453184+00:00,64.236546816,0.17346938775510204,-0.17346938775510204,1.0000000000021103
F007_PID000000814,814,2020-07-09T00:48:55.763660288+00:00,64.236339712,0.17557251908396945,-0.17557251908396945,1.0000000000021103
F007_PID000000814,814,2020-07-09T00:48:55.764023296+00:00,64.235976704,0.17346938775510204,-0.17346938775510204,1.0000000000021103
F007_PID000000814,814,2020-07-09T00:48:55.764090880+00:00,64.23590912,0.17135549872122763,-0.17135549872122763,1.0000000000021103
F007_PID000000814,814,2020-07-09T00:48:55.764515328+00:00,64.235484672,0.23118279569892472,-0.23118279569892472,1.0000000000021103
F007_PID000000814,814,2020-07-09T00:48:55.766274560+00:00,64.23372544,0.22702702702702704,-0.22702702702702704,1.0000000000021103
F007_PID000000814,814,2020-07-09T00:48:55.766283776+00:00,64.233716224,0.22702702702702704,-0.22702702702702704,1.0000000000021103
F007_PID000000814,814,2020-07-09T00:48:55.774144256+00:00,64.225855744,0.21066666666666667,-0.21066666666666667,1.0000000000021103
F007_PID000000814,814,2020-07-09T00:48:55.776195328+00:00,64.223804672,0.19160104986876642,-0.19160104986876642,1.0000000000021103
F007_PID000000814,814,2020-07-09T00:48:55.776575744+00:00,64.223424256,0.19160104986876642,-0.19160104986876642,1.0000000000021103
F007_PID000000814,814,2020-07-09T00:48:55.776692992+00:00,64.223307008,0.19160104986876642,-0.19160104986876642,1.0000000000021103
F007_PID000000814,814,2020-07-09T00:48:55.777274624+00:00,64.222725376,0.193717277486911,-0.193717277486911,1.0000000000021103
F007_PID000000814,814,2020-07-09T00:48:55.777326592+00:00,64.222673408,0.1968503937007874,-0.1968503937007874,1.0000000000021103
F007_PID000000814,814,2020-07-09T00:48:55.777444096+00:00,64.222555904,0.2010443864229765,-0.2010443864229765,1.0000000000021103
F007_PID000000814,814,2020-07-09T00:48:55.777522944+00:00,64.222477056,0.19791666666666666,-0.19791666666666666,1.0000000000021103
F007_PID000000814,814,2020-07-09T00:48:55.778034688+00:00,64.221965312,0.2073490813648294,-0.2073490813648294,1.0000000000021103
F007_PID000000814,814,2020-07-09T00:48:55.778284288+00:00,64.221715712,0.19680851063829788,-0.19680851063829788,1.0000000000021103
F007_PID000000814,814,2020-07-09T00:48:55.778469120+00:00,64.22153088,0.19363395225464192,-0.19363395225464192,1.0000000000021103
F007_PID000000814,814,2020-07-09T00:48:55.782154240+00:00,64.21784576,0.18933333333333333,-0.18933333333333333,1.0000000000021103
F007_PID000000814,814,2020-07-09T00:48:55.879963392+00:00,64.120036608,0.18933333333333333,-0.18933333333333333,1.0000000000021103
F007_PID000000814,814,2020-07-09T00:48:55.880989952+00:00,64.119010048,0.18933333333333333,-0.18933333333333333,1.0000000000021103
F007_PID000000814,814,2020-07-09T00:48:55.883599360+00:00,64.11640064,0.17678100263852242,-0.17678100263852242,1.0000000000021103
F007_PID000000814,814,2020-07-09T00:48:55.883798784+00:00,64.116201216,0.1724137931034483,-0.1724137931034483,1.0000000000021103
F007_PID000000814,814,2020-07-09T00:48:55.883845376+00:00,64.116154624,0.1693121693121693,-0.1693121693121693,1.0000000000021103
F007_PID000000814,814,2020-07-09T00:48:55.883926528+00:00,64.116073472,0.1693121693121693,-0.1693121693121693,1.0000000000021103
F007_PID000000814,814,2020-07-09T00:48:55.883926528+00:00,64.116073472,0.16710875331564987,-0.16710875331564987,1.0000000000021103
F007_PID000000814,814,2020-07-09T00:48:55.884026624+00:00,64.115973376,0.16489361702127658,-0.16489361702127658,1.0000000000021103
F007_PID000000814,814,2020-07-09T00:48:55.891525888+00:00,64.108474112,0.168,-0.168,1.0000000000021103
F007_PID000000814,814,2020-07-09T00:48:55.891596544+00:00,64.108403456,0.1702127659574468,-0.1702127659574468,1.0000000000021103
F007_PID000000814,814,2020-07-09T00:48:55.891753472+00:00,64.108246528,0.168,-0.168,1.0000000000021103
F007_PID000000814,814,2020-07-09T00:48:55.891918848+00:00,64.108081152,0.1702127659574468,-0.1702127659574468,1.0000000000021103
F007_PID000000814,814,2020-07-09T00:48:55.944266496+00:00,64.055733504,0.168,-0.168,1.0000000000021103
F007_PID000000814,814,2020-07-09T00:48:55.986428160+00:00,64.01357184,0.16180371352785147,-0.16180371352785147,1.0000000000021103
F007_PID000000814,814,2020-07-09T00:48:56.039794688+00:00,63.960205312,0.1662269129287599,-0.1662269129287599,1.0000000000021103
F007_PID000000814,814,2020-07-09T00:48:56.237409536+00:00,63.762590464,0.1662269129287599,-0.1662269129287599,1.0000000000021103
F007_PID000000814,814,2020-07-09T00:48:56.334135552+00:00,63.665864448,0.1662269129287599,-0.1662269129287599,1.0000000000021103
F007_PID000000814,814,2020-07-09T00:48:56.334224384+00:00,63.665775616,0.0,-0.0,1.9999999999997797
F007_PID000000814,814,2020-07-09T00:48:56.334365952+00:00,63.665634048,0.002257336343115124,-0.002257336343115124,1.9999999999997797
F007_PID000000814,814,2020-07-09T00:48:56.334408960+00:00,63.66559104,0.0045045045045045045,-0.0045045045045045045,1.9999999999997797
F007_PID000000814,814,2020-07-09T00:48:56.334534912+00:00,63.665465088,-0.15404699738903394,0.15404699738903394,0.9999999999976694
F007_PID000000814,814,2020-07-09T00:48:56.334597120+00:00,63.66540288,-0.15104166666666666,0.15104166666666666,0.9999999999976694
F007_PID000000814,814,2020-07-09T00:48:56.334597120+00:00,63.66540288,-0.14882506527415143,0.14882506527415143,0.9999999999976694
F007_PID000000814,814,2020-07-09T00:48:56.334654976+00:00,63.665345024,-0.14583333333333334,0.14583333333333334,0.9999999999976694
F007_PID000000814,814,2020-07-09T00:48:56.334681856+00:00,63.665318144,-0.14583333333333334,0.14583333333333334,0.9999999999976694
F007_PID000000814,814,2020-07-09T00:48:56.334681856+00:00,63.665318144,-0.14285714285714285,0.14285714285714285,0.9999999999976694
F007_PID000000814,814,2020-07-09T00:48:56.334695424+00:00,63.665304576,-0.13695090439276486,0.13695090439276486,0.9999999999976694
F007_PID000000814,814,2020-07-09T00:48:56.334901760+00:00,63.66509824,-0.13110539845758354,0.13110539845758354,0.9999999999976694
F007_PID000000814,814,2020-07-09T00:48:56.334943744+00:00,63.665056256,-0.12244897959183673,0.12244897959183673,0.9999999999976694
F007_PID000000814,814,2020-07-09T00:48:56.335012096+00:00,63.664987904,-0.1111111111111111,0.1111111111111111,0.9999999999976694
F007_PID000000814,814,2020-07-09T00:48:56.335127808+00:00,63.664872192,-0.11398963730569948,0.11398963730569948,0.9999999999976694
F007_PID000000814,814,2020-07-09T00:48:56.335192832+00:00,63.664807168,-0.11688311688311688,0.11688311688311688,0.9999999999976694
F007_PID000000814,814,2020-07-09T00:48:56.335244544+00:00,63.664755456,-0.11398963730569948,0.11398963730569948,0.9999999999976694
F007_PID000000814,814,2020-07-09T00:48:56.335356928+00:00,63.664643072,-0.1111111111111111,0.1111111111111111,0.9999999999976694
F007_PID000000814,814,2020-07-09T00:48:56.335415552+00:00,63.664584448,-0.10824742268041238,0.10824742268041238,0.9999999999976694
F007_PID000000814,814,2020-07-09T00:48:56.335514368+00:00,63.664485632,-0.10539845758354756,0.10539845758354756,0.9999999999976694
F007_PID000000814,814,2020-07-09T00:48:56.335789056+00:00,63.664210944,-0.10539845758354756,0.10539845758354756,0.9999999999976694
F007_PID000000814,814,2020-07-09T00:48:56.335941632+00:00,63.664058368,-0.10077519379844961,0.10077519379844961,0.9999999999976694
F007_PID000000814,814,2020-07-09T00:48:56.335992832+00:00,63.664007168,-0.0979381443298969,0.0979381443298969,0.9999999999976694
F007_PID000000814,814,2020-07-09T00:48:56.336065792+00:00,63.663934208,-0.0979381443298969,0.0979381443298969,0.9999999999976694
F007_PID000000814,814,2020-07-09T00:48:56.336114688+00:00,63.663885312,-0.109375,0.109375,0.9999999999976694
F007_PID000000814,814,2020-07-09T00:48:56.336648704+00:00,63.663351296,-0.10362694300518134,0.10362694300518134,0.9999999999976694
F007_PID000000814,814,2020-07-09T00:48:56.337077504+00:00,63.662922496,-0.10824742268041238,0.10824742268041238,0.9999999999976694
F007_PID000000814,814,2020-07-09T00:48:56.337152+00:00,63.662848,-0.1111111111111111,0.1111111111111111,0.9999999999976694
F007_PID000000814,814,2020-07-09T00:48:56.337493504+00:00,63.662506496,-0.1111111111111111,0.1111111111111111,0.9999999999976694
F007_PID000000814,814,2020-07-09T00:48:56.339536896+00:00,63.660463104,-0.11568123393316196,0.11568123393316196,0.9999999999976694
F007_PID000000814,814,2020-07-09T00:48:56.342960128+00:00,63.657039872,-0.11282051282051282,0.11282051282051282,0.9999999999976694
F007_PID000000814,814,2020-07-09T00:48:56.343167232+00:00,63.656832768,-0.10152284263959391,0.10152284263959391,0.9999999999976694
F007_PID000000814,814,2020-07-09T00:48:56.345449728+00:00,63.654550272,-0.10152284263959391,0.10152284263959391,0.9999999999976694
F007_PID000000814,814,2020-07-09T00:48:56.345480704+00:00,63.654519296,-0.11282051282051282,0.11282051282051282,0.9999999999976694
F007_PID000000814,814,2020-07-09T00:48:56.345694720+00:00,63.65430528,-0.10362694300518134,0.10362694300518134,0.9999999999976694
F007_PID000000814,814,2020-07-09T00:48:56.345860352+00:00,63.654139648,-0.10362694300518134,0.10362694300518134,0.9999999999976694
F007_PID000000814,814,2020-07-09T00:48:56.345919488+00:00,63.654080512,0.04269662921348315,-0.04269662921348315,1.9999999999997797
F007_PID000000814,814,2020-07-09T00:48:56.346015488+00:00,63.653984512,-0.1122715404699739,0.1122715404699739,0.9999999999976694
F007_PID000000814,814,2020-07-09T00:48:56.346120192+00:00,63.653879808,-0.08951406649616368,0.08951406649616368,0.9999999999976694
F007_PID000000814,814,2020-07-09T00:48:56.346174208+00:00,63.653825792,-0.08673469387755102,0.08673469387755102,0.9999999999976694
F007_PID000000814,814,2020-07-09T00:48:56.346360832+00:00,63.653639168,-0.08673469387755102,0.08673469387755102,0.9999999999976694
F007_PID000000814,814,2020-07-09T00:48:56.346360832+00:00,63.653639168,-0.09230769230769231,0.09230769230769231,0.9999999999976694
F007_PID000000814,814,2020-07-09T00:48:56.346540288+00:00,63.653459712,-0.07848101265822785,0.07848101265822785,0.9999999999976694
F007_PID000000814,814,2020-07-09T00:48:56.346596608+00:00,63.653403392,-0.08121827411167512,0.08121827411167512,0.9999999999976694
F007_PID000000814,814,2020-07-09T00:48:56.346657024+00:00,63.653342976,-0.07848101265822785,0.07848101265822785,0.9999999999976694
F007_PID000000814,814,2020-07-09T00:48:56.346764032+00:00,63.653235968,-0.07575757575757576,0.07575757575757576,0.9999999999976694
F007_PID000000814,814,2020-07-09T00:48:56.347189760+00:00,63.65281024,-0.07304785894206549,0.07304785894206549,0.9999999999976694
F007_PID000000814,814,2020-07-09T00:48:56.347280896+00:00,63.652719104,-0.06766917293233082,0.06766917293233082,0.9999999999976694
F007_PID000000814,814,2020-07-09T00:48:56.348003072+00:00,63.651996928,-0.04668304668304668,0.04668304668304668,0.9999999999976694
F007_PID000000814,814,2020-07-09T00:48:56.348108544+00:00,63.651891456,-0.04197530864197531,0.04197530864197531,0.9999999999976694
F007_PID000000814,814,2020-07-09T00:48:56.348203520+00:00,63.65179648,-0.03722084367245657,0.03722084367245657,0.9999999999976694
F007_PID000000814,814,2020-07-09T00:48:56.348582656+00:00,63.651417344,-0.04239401496259352,0.04239401496259352,0.9999999999976694
F007_PID000000814,814,2020-07-09T00:48:56.348601344+00:00,63.651398656,-0.03980099502487562,0.03980099502487562,0.9999999999976694
F007_PID000000814,814,2020-07-09T00:48:56.349283840+00:00,63.65071616,-0.029556650246305417,0.029556650246305417,0.9999999999976694
F007_PID000000814,814,2020-07-09T00:48:56.349336320+00:00,63.65066368,-0.010050251256281407,0.010050251256281407,0.9999999999976694
F007_PID000000814,814,2020-07-09T00:48:56.349550336+00:00,63.650449664,-0.007518796992481203,0.007518796992481203,0.9999999999976694
F007_PID000000814,814,2020-07-09T00:48:56.349624064+00:00,63.650375936,-0.005025125628140704,0.005025125628140704,0.9999999999976694
F007_PID000000814,814,2020-07-09T00:48:56.350462464+00:00,63.649537536,0.007444168734491315,-0.007444168734491315,0.9999999999976694
F007_PID000000814,814,2020-07-09T00:48:56.350994688+00:00,63.649005312,0.007444168734491315,-0.007444168734491315,0.9999999999976694
F007_PID000000814,814,2020-07-09T00:48:56.351033344+00:00,63.648966656,-0.002506265664160401,0.002506265664160401,0.9999999999976694
F007_PID000000814,814,2020-07-09T00:48:56.351168512+00:00,63.648831488,-0.005025125628140704,0.005025125628140704,0.9999999999976694
F007_PID000000814,814,2020-07-09T00:48:56.351321344+00:00,63.648678656,-0.007518796992481203,0.007518796992481203,0.9999999999976694
F007_PID000000814,814,2020-07-09T00:48:56.355244032+00:00,63.644755968,-0.015151515151515152,0.015151515151515152,0.9999999999976694
F007_PID000000814,814,2020-07-09T00:48:56.359264768+00:00,63.640735232,-0.012658227848101266,0.012658227848101266,0.9999999999976694
F007_PID000000814,814,2020-07-09T00:48:56.359340544+00:00,63.640659456,-0.010101010101010102,0.010101010101010102,0.9999999999976694
F007_PID000000814,814,2020-07-09T00:48:56.359520+00:00,63.64048,-0.007594936708860759,0.007594936708860759,0.9999999999976694
F007_PID000000814,814,2020-07-09T00:48:56.359699712+00:00,63.640300288,-0.005050505050505051,0.005050505050505051,0.9999999999976694
F007_PID000000814,814,2020-07-09T00:48:56.359775488+00:00,63.640224512,-0.0025188916876574307,0.0025188916876574307,0.9999999999976694
F007_PID000000814,814,2020-07-09T00:48:56.359881728+00:00,63.640118272,-0.005025125628140704,0.005025125628140704,0.9999999999976694
F007_PID000000814,814,2020-07-09T00:48:56.360005376+00:00,63.639994624,-0.0025188916876574307,0.0025188916876574307,0.9999999999976694
F007_PID000000814,814,2020-07-09T00:48:56.362173696+00:00,63.637826304,0.0,-0.0,0.9999999999976694
F007_PID000000814,814,2020-07-09T00:48:56.368441344+00:00,63.631558656,0.002506265664160401,-0.002506265664160401,0.9999999999976694
F007_PID000000814,814,2020-07-09T00:48:56.369891072+00:00,63.630108928,0.005025125628140704,-0.005025125628140704,0.9999999999976694
F007_PID000000814,814,2020-07-09T00:48:56.370092288+00:00,63.629907712,0.007556675062972292,-0.007556675062972292,0.9999999999976694
F007_PID000000814,814,2020-07-09T00:48:56.370275840+00:00,63.62972416,0.012531328320802004,-0.012531328320802004,0.9999999999976694
F007_PID000000814,814,2020-07-09T00:48:56.371800064+00:00,63.628199936,0.017456359102244388,-0.017456359102244388,0.9999999999976694
F007_PID000000814,814,2020-07-09T00:48:56.458609408+00:00,63.541390592,-0.0024449877750611247,0.0024449877750611247,0.9999999999976694
F007_PID000000814,814,2020-07-09T00:48:56.458786304+00:00,63.541213696,-0.004901960784313725,0.004901960784313725,0.9999999999976694
F007_PID000000814,814,2020-07-09T00:48:56.458836736+00:00,63.541163264,-0.009852216748768473,0.009852216748768473,0.9999999999976694
F007_PID000000814,814,2020-07-09T00:48:56.458942464+00:00,63.541057536,-0.012345679012345678,0.012345679012345678,0.9999999999976694
F007_PID000000814,814,2020-07-09T00:48:56.459004416+00:00,63.540995584,-0.014778325123152709,0.014778325123152709,0.9999999999976694
F007_PID000000814,814,2020-07-09T00:48:56.468428032+00:00,63.531571968,0.005025125628140704,-0.005025125628140704,0.9999999999976694
F007_PID000000814,814,2020-07-09T00:48:56.468601088+00:00,63.531398912,0.007556675062972292,-0.007556675062972292,0.9999999999976694
F007_PID000000814,814,2020-07-09T00:48:56.468798208+00:00,63.531201792,0.005025125628140704,-0.005025125628140704,0.9999999999976694
F007_PID000000814,814,2020-07-09T00:48:56.469263360+00:00,63.53073664,0.007518796992481203,-0.007518796992481203,0.9999999999976694
F007_PID000000814,814,2020-07-09T00:48:56.469468160+00:00,63.53053184,0.010050251256281407,-0.010050251256281407,0.9999999999976694
F007_PID000000814,814,2020-07-09T00:48:56.470000384+00:00,63.529999616,0.012531328320802004,-0.012531328320802004,0.9999999999976694
F007_PID000000814,814,2020-07-09T00:48:56.631119360+00:00,63.36888064,0.02278481012658228,-0.02278481012658228,0.9999999999976694
F007_PID000000814,814,2020-07-09T00:48:56.631333376+00:00,63.368666624,0.027707808564231738,-0.027707808564231738,0.9999999999976694
F007_PID000000814,814,2020-07-09T00:48:56.634228224+00:00,63.365771776,0.030303030303030304,-0.030303030303030304,0.9999999999976694
F007_PID000000814,814,2020-07-09T00:48:56.634415872+00:00,63.365584128,0.03291139240506329,-0.03291139240506329,0.9999999999976694
F007_PID000000814,814,2020-07-09T00:48:56.634583040+00:00,63.36541696,0.03553299492385787,-0.03553299492385787,0.9999999999976694
F007_PID000000814,814,2020-07-09T00:48:56.634781952+00:00,63.365218048,0.03291139240506329,-0.03291139240506329,0.9999999999976694
F007_PID000000814,814,2020-07-09T00:48:57.288008704+00:00,62.711991296,0.03291139240506329,-0.03291139240506329,0.9999999999976694
F007_PID000000814,814,2020-07-09T00:48:57.288031744+00:00,62.711968256,0.030456852791878174,-0.030456852791878174,0.9999999999976694
F007_PID000000814,814,2020-07-09T00:48:57.288367616+00:00,62.711632384,0.027989821882951654,-0.027989821882951654,0.9999999999976694
F007_PID000000814,814,2020-07-09T00:48:57.288444928+00:00,62.711555072,0.025380710659898477,-0.025380710659898477,0.9999999999976694
F007_PID000000814,814,2020-07-09T00:48:57.346606592+00:00,62.653393408,0.020202020202020204,-0.020202020202020204,0.9999999999976694
F007_PID000000814,814,2020-07-09T00:48:57.346685184+00:00,62.653314816,0.015228426395939087,-0.015228426395939087,0.9999999999976694
F007_PID000000814,814,2020-07-09T00:48:57.348557568+00:00,62.651442432,0.012658227848101266,-0.012658227848101266,0.9999999999976694
F007_PID000000814,814,2020-07-09T00:48:57.348759808+00:00,62.651240192,0.007556675062972292,-0.007556675062972292,0.9999999999976694
F007_PID000000814,814,2020-07-09T00:48:57.348932608+00:00,62.651067392,0.005050505050505051,-0.005050505050505051,0.9999999999976694
F007_PID000000814,814,2020-07-09T00:48:57.380629760+00:00,62.61937024,0.007556675062972292,-0.007556675062972292,0.9999999999976694
F007_PID000000814,814,2020-07-09T00:48:57.390225152+00:00,62.609774848,0.010050251256281407,-0.010050251256281407,0.9999999999976694
F007_PID000000814,814,2020-07-09T00:48:57.478406144+00:00,62.521593856,0.015,-0.015,0.9999999999976694
F007_PID000000814,814,2020-07-09T00:48:57.478585600+00:00,62.5214144,0.020100502512562814,-0.020100502512562814,0.9999999999976694
F007_PID000000814,814,2020-07-09T00:48:57.478642176+00:00,62.521357824,0.025252525252525252,-0.025252525252525252,0.9999999999976694
F007_PID000000814,814,2020-07-09T00:48:57.478862592+00:00,62.521137408,0.027848101265822784,-0.027848101265822784,0.9999999999976694
F007_PID000000814,814,2020-07-09T00:48:57.480080128+00:00,62.519919872,0.030303030303030304,-0.030303030303030304,0.9999999999976694
F007_PID000000814,814,2020-07-09T00:48:57.500195584+00:00,62.499804416,0.027848101265822784,-0.027848101265822784,0.9999999999976694
F007_PID000000814,814,2020-07-09T00:48:58.801316352+00:00,61.198683648,0.030456852791878174,-0.030456852791878174,0.9999999999976694
F007_PID000000814,814,2020-07-09T00:48:58.823230720+00:00,61.17676928,0.03535353535353535,-0.03535353535353535,0.9999999999976694
F007_PID000000814,814,2020-07-09T00:49:00.146454528+00:00,59.853545472,0.0327455919395466,-0.0327455919395466,0.9999999999976694
F007_PID000000814,814,2020-07-09T00:49:00.146742016+00:00,59.853257984,0.027848101265822784,-0.027848101265822784,0.9999999999976694
F007_PID000000814,814,2020-07-09T00:49:00.957956352+00:00,59.042043648,0.025252525252525252,-0.025252525252525252,0.9999999999976694
F007_PID000000814,814,2020-07-09T00:49:00.958079232+00:00,59.041920768,0.027848101265822784,-0.027848101265822784,0.9999999999976694
F007_PID000000814,814,2020-07-09T00:49:03.954010368+00:00,56.045989632,0.025252525252525252,-0.025252525252525252,0.9999999999976694
F007_PID000000814,814,2020-07-09T00:49:04.959113728+00:00,55.040886272,0.022670025188916875,-0.022670025188916875,0.9999999999976694
F007_PID000000814,814,2020-07-09T00:49:04.959194880+00:00,55.04080512,0.025252525252525252,-0.025252525252525252,0.9999999999976694
F007_PID000000814,814,2020-07-09T00:49:07.174590976+00:00,52.825409024,0.027707808564231738,-0.027707808564231738,0.9999999999976694
F007_PID000000814,814,2020-07-09T00:49:09.452667648+00:00,50.547332352,0.027707808564231738,-0.027707808564231738,0.9999999999976694
F007_PID000000814,814,2020-07-09T00:49:09.452784640+00:00,50.54721536,0.025252525252525252,-0.025252525252525252,0.9999999999976694
F007_PID000000814,814,2020-07-09T00:49:09.453118464+00:00,50.546881536,0.022670025188916875,-0.022670025188916875,0.9999999999976694
F007_PID000000814,814,2020-07-09T00:49:09.453181696+00:00,50.546818304,0.020100502512562814,-0.020100502512562814,0.9999999999976694
F007_PID000000814,814,2020-07-09T00:49:09.453268736+00:00,50.546731264,0.022556390977443608,-0.022556390977443608,0.9999999999976694
F007_PID000000814,814,2020-07-09T00:49:10.135478528+00:00,49.864521472,0.02512562814070352,-0.02512562814070352,0.9999999999976694
F007_PID000000814,814,2020-07-09T00:49:12.776888576+00:00,47.223111424,0.03553299492385787,-0.03553299492385787,0.9999999999976694
F007_PID000000814,814,2020-07-09T00:49:12.777355008+00:00,47.222644992,0.03553299492385787,-0.03553299492385787,0.9999999999976694
F007_PID000000814,814,2020-07-09T00:49:12.777366272+00:00,47.222633728,0.04081632653061224,-0.04081632653061224,0.9999999999976694
F007_PID000000814,814,2020-07-09T00:49:12.777430016+00:00,47.222569984,-0.08314606741573034,0.08314606741573034,1.9999999999997797
F007_PID000000814,814,2020-07-09T00:49:12.777631232+00:00,47.222368768,-0.08071748878923767,0.08071748878923767,1.9999999999997797
F007_PID000000814,814,2020-07-09T00:49:12.778023936+00:00,47.221976064,-0.07829977628635347,0.07829977628635347,1.9999999999997797
F007_PID000000814,814,2020-07-09T00:49:12.778084864+00:00,47.221915136,-0.07589285714285714,0.07589285714285714,1.9999999999997797
F007_PID000000814,814,2020-07-09T00:49:12.779128576+00:00,47.220871424,-0.07349665924276169,0.07349665924276169,1.9999999999997797
F007_PID000000814,814,2020-07-09T00:49:12.779199232+00:00,47.220800768,-0.06637168141592921,0.06637168141592921,1.9999999999997797
F007_PID000000814,814,2020-07-09T00:49:12.779279872+00:00,47.220720128,-0.05592841163310962,0.05592841163310962,1.9999999999997797
F007_PID000000814,814,2020-07-09T00:49:12.779343872+00:00,47.220656128,-0.04308390022675737,0.04308390022675737,1.9999999999997797
F007_PID000000814,814,2020-07-09T00:49:12.779779328+00:00,47.220220672,-0.18863049095607234,0.18863049095607234,1.0000000000021103
F007_PID000000814,814,2020-07-09T00:49:12.781238272+00:00,47.218761728,-0.2010443864229765,0.2010443864229765,1.0000000000021103
F007_PID000000814,814,2020-07-09T00:49:12.781261824+00:00,47.218738176,-0.17647058823529413,0.17647058823529413,1.0000000000021103
F007_PID000000814,814,2020-07-09T00:49:12.781389056+00:00,47.218610944,-0.16455696202531644,0.16455696202531644,1.0000000000021103
F007_PID000000814,814,2020-07-09T00:49:12.781471744+00:00,47.218528256,-0.16161616161616163,0.16161616161616163,1.0000000000021103
F007_PID000000814,814,2020-07-09T00:49:12.781528576+00:00,47.218471424,-0.16455696202531644,0.16455696202531644,1.0000000000021103
F007_PID000000814,814,2020-07-09T00:49:12.781528576+00:00,47.218471424,-0.16243654822335024,0.16243654822335024,1.0000000000021103
F007_PID000000814,814,2020-07-09T00:49:12.781616128+00:00,47.218383872,-0.15365239294710328,0.15365239294710328,1.0000000000021103
F007_PID000000814,814,2020-07-09T00:49:12.781641728+00:00,47.218358272,-0.15365239294710328,0.15365239294710328,1.0000000000021103
F007_PID000000814,814,2020-07-09T00:49:12.781658112+00:00,47.218341888,-0.14786967418546365,0.14786967418546365,1.0000000000021103
F007_PID000000814,814,2020-07-09T00:49:12.782795520+00:00,47.21720448,-0.13366336633663367,0.13366336633663367,1.0000000000021103
F007_PID000000814,814,2020-07-09T00:49:12.792722944+00:00,47.207277056,-0.12807881773399016,0.12807881773399016,1.0000000000021103
F007_PID000000814,814,2020-07-09T00:49:12.792904448+00:00,47.207095552,-0.12530712530712532,0.12530712530712532,1.0000000000021103
F007_PID000000814,814,2020-07-09T00:49:12.799246080+00:00,47.20075392,-0.12315270935960591,0.12315270935960591,1.0000000000021103
F007_PID000000814,814,2020-07-09T00:49:12.799299328+00:00,47.200700672,-0.12039312039312039,0.12039312039312039,1.0000000000021103
F007_PID000000814,814,2020-07-09T00:49:12.799373312+00:00,47.200626688,-0.10948905109489052,0.10948905109489052,1.0000000000021103
F007_PID000000814,814,2020-07-09T00:49:12.799392+00:00,47.200608,-0.10679611650485436,0.10679611650485436,1.0000000000021103
F007_PID000000814,814,2020-07-09T00:49:12.800185856+00:00,47.199814144,-0.10462287104622871,0.10462287104622871,1.0000000000021103
F007_PID000000814,814,2020-07-09T00:49:12.800560896+00:00,47.199439104,-0.0861244019138756,0.0861244019138756,1.0000000000021103
F007_PID000000814,814,2020-07-09T00:49:12.802921216+00:00,47.197078784,-0.08393285371702638,0.08393285371702638,1.0000000000021103
F007_PID000000814,814,2020-07-09T00:49:12.806942208+00:00,47.193057792,-0.06601466992665037,0.06601466992665037,1.0000000000021103
F007_PID000000814,814,2020-07-09T00:49:12.810385408+00:00,47.189614592,-0.06341463414634146,0.06341463414634146,1.0000000000021103
F007_PID000000814,814,2020-07-09T00:49:12.813578752+00:00,47.186421248,-0.06601466992665037,0.06601466992665037,1.0000000000021103
F007_PID000000814,814,2020-07-09T00:49:12.854309888+00:00,47.145690112,-0.06862745098039216,0.06862745098039216,1.0000000000021103
F007_PID000000814,814,2020-07-09T00:49:12.867685120+00:00,47.13231488,-0.0594059405940594,0.0594059405940594,1.0000000000021103
F007_PID000000814,814,2020-07-09T00:49:12.867869696+00:00,47.132130304,-0.056790123456790124,0.056790123456790124,1.0000000000021103
F007_PID000000814,814,2020-07-09T00:49:12.898605056+00:00,47.101394944,-0.06601466992665037,0.06601466992665037,1.0000000000021103
F007_PID000000814,814,2020-07-09T00:49:12.898785536+00:00,47.101214464,-0.07125307125307126,0.07125307125307126,1.0000000000021103
F007_PID000000814,814,2020-07-09T00:49:12.898837760+00:00,47.10116224,-0.07389162561576355,0.07389162561576355,1.0000000000021103
F007_PID000000814,814,2020-07-09T00:49:12.898950656+00:00,47.101049344,-0.07654320987654321,0.07654320987654321,1.0000000000021103
F007_PID000000814,814,2020-07-09T00:49:12.903407360+00:00,47.09659264,-0.06733167082294264,0.06733167082294264,1.0000000000021103
F007_PID000000814,814,2020-07-09T00:49:12.910470656+00:00,47.089529344,-0.06965174129353234,0.06965174129353234,1.0000000000021103
F007_PID000000814,814,2020-07-09T00:49:12.911576576+00:00,47.088423424,-0.07881773399014778,0.07881773399014778,1.0000000000021103
F007_PID000000814,814,2020-07-09T00:49:12.916469248+00:00,47.083530752,-0.06965174129353234,0.06965174129353234,1.0000000000021103
F007_PID000000814,814,2020-07-09T00:49:12.916646144+00:00,47.083353856,-0.06733167082294264,0.06733167082294264,1.0000000000021103
F007_PID000000814,814,2020-07-09T00:49:12.916719360+00:00,47.08328064,-0.06467661691542288,0.06467661691542288,1.0000000000021103
F007_PID000000814,814,2020-07-09T00:49:13.425048576+00:00,46.574951424,-0.06733167082294264,0.06733167082294264,1.0000000000021103
F007_PID000000814,814,2020-07-09T00:49:13.425128704+00:00,46.574871296,-0.06965174129353234,0.06965174129353234,1.0000000000021103
F007_PID000000814,814,2020-07-09T00:49:13.425235968+00:00,46.574764032,-0.06699751861042183,0.06699751861042183,1.0000000000021103
F007_PID000000814,814,2020-07-09T00:49:13.604865536+00:00,46.395134464,-0.06965174129353234,0.06965174129353234,1.0000000000021103
F007_PID000000814,814,2020-07-09T00:49:17.698245632+00:00,42.301754368,-0.06733167082294264,0.06733167082294264,1.0000000000021103
F007_PID000000814,814,2020-07-09T00:49:17.698434816+00:00,42.301565184,-0.06467661691542288,0.06467661691542288,1.0000000000021103
F007_PID000000814,814,2020-07-09T00:49:17.698492928+00:00,42.301507072,-0.062034739454094295,0.062034739454094295,1.0000000000021103
F007_PID000000814,814,2020-07-09T00:49:17.698604032+00:00,42.301395968,-0.0594059405940594,0.0594059405940594,1.0000000000021103
F007_PID000000814,814,2020-07-09T00:49:17.698795008+00:00,42.301204992,-0.056790123456790124,0.056790123456790124,1.0000000000021103
F007_PID000000814,814,2020-07-09T00:49:18.082871552+00:00,41.917128448,-0.0594059405940594,0.0594059405940594,1.0000000000021103
F007_PID000000814,814,2020-07-09T00:49:18.083083008+00:00,41.916916992,-0.062034739454094295,0.062034739454094295,1.0000000000021103
F007_PID000000814,814,2020-07-09T00:49:18.083159296+00:00,41.916840704,-0.06467661691542288,0.06467661691542288,1.0000000000021103
F007_PID000000814,814,2020-07-09T00:49:18.099118336+00:00,41.900881664,-0.06699751861042183,0.06699751861042183,1.0000000000021103
F007_PID000000814,814,2020-07-09T00:49:18.099297536+00:00,41.900702464,-0.06965174129353234,0.06965174129353234,1.0000000000021103
F007_PID000000814,814,2020-07-09T00:49:18.099771136+00:00,41.900228864,-0.07769423558897243,0.07769423558897243,1.0000000000021103
F007_PID000000814,814,2020-07-09T00:49:18.100046336+00:00,41.899953664,-0.08,0.08,1.0000000000021103
F007_PID000000814,814,2020-07-09T00:49:18.171695360+00:00,41.82830464,-0.0773067331670823,0.0773067331670823,1.0000000000021103
F007_PID000000814,814,2020-07-09T00:49:18.180088832+00:00,41.819911168,-0.07462686567164178,0.07462686567164178,1.0000000000021103
F007_PID000000814,814,2020-07-09T00:49:18.180266752+00:00,41.819733248,-0.07196029776674938,0.07196029776674938,1.0000000000021103
F007_PID000000814,814,2020-07-09T00:49:18.183666944+00:00,41.816333056,-0.06965174129353234,0.06965174129353234,1.0000000000021103
F007_PID000000814,814,2020-07-09T00:49:18.928493824+00:00,41.071506176,-0.06699751861042183,0.06699751861042183,1.0000000000021103
F007_PID000000814,814,2020-07-09T00:49:19.072719616+00:00,40.927280384,-0.06699751861042183,0.06699751861042183,1.0000000000021103
F007_PID000000814,814,2020-07-09T00:49:19.072736512+00:00,40.927263488,-0.06965174129353234,0.06965174129353234,1.0000000000021103
F007_PID000000814,814,2020-07-09T00:49:19.073100800+00:00,40.9268992,-0.06699751861042183,0.06699751861042183,1.0000000000021103
F007_PID000000814,814,2020-07-09T00:49:20.007389184+00:00,39.992610816,-0.06467661691542288,0.06467661691542288,1.0000000000021103
F007_PID000000814,814,2020-07-09T00:49:20.515237376+00:00,39.484762624,-0.062034739454094295,0.062034739454094295,1.0000000000021103
F007_PID000000814,814,2020-07-09T00:49:21.171593472+00:00,38.828406528,-0.056790123456790124,0.056790123456790124,1.0000000000021103
F007_PID000000814,814,2020-07-09T00:49:21.851560704+00:00,38.148439296,-0.054187192118226604,0.054187192118226604,1.0000000000021103
F007_PID000000814,814,2020-07-09T00:49:22.719027968+00:00,37.280972032,-0.05185185185185185,0.05185185185185185,1.0000000000021103
F007_PID000000814,814,2020-07-09T00:49:22.719230208+00:00,37.280769792,-0.04950495049504951,0.04950495049504951,1.0000000000021103
F007_PID000000814,814,2020-07-09T00:49:22.736235776+00:00,37.263764224,-0.04714640198511166,0.04714640198511166,1.0000000000021103
F007_PID000000814,814,2020-07-09T00:49:22.736296448+00:00,37.263703552,-0.04455445544554455,0.04455445544554455,1.0000000000021103
F007_PID000000814,814,2020-07-09T00:49:22.736427264+00:00,37.263572736,-0.04218362282878412,0.04218362282878412,1.0000000000021103
F007_PID000000814,814,2020-07-09T00:49:22.736616192+00:00,37.263383808,-0.03980099502487562,0.03980099502487562,1.0000000000021103
F007_PID000000814,814,2020-07-09T00:49:22.736686336+00:00,37.263313664,-0.03722084367245657,0.03722084367245657,1.0000000000021103
F007_PID000000814,814,2020-07-09T00:49:22.745082368+00:00,37.254917632,-0.03482587064676617,0.03482587064676617,1.0000000000021103
F007_PID000000814,814,2020-07-09T00:49:22.745828352+00:00,37.254171648,-0.01020408163265306,0.01020408163265306,1.0000000000021103
F007_PID000000814,814,2020-07-09T00:49:22.753584128+00:00,37.246415872,-0.007633587786259542,0.007633587786259542,1.0000000000021103
F007_PID000000814,814,2020-07-09T00:49:22.765052160+00:00,37.23494784,-0.0025575447570332483,0.0025575447570332483,1.0000000000021103
F007_PID000000814,814,2020-07-09T00:49:22.857458944+00:00,37.142541056,0.005076142131979695,-0.005076142131979695,1.0000000000021103
F007_PID000000814,814,2020-07-09T00:49:22.873452032+00:00,37.126547968,0.015384615384615385,-0.015384615384615385,1.0000000000021103
F007_PID000000814,814,2020-07-09T00:49:22.873805312+00:00,37.126194688,0.007751937984496124,-0.007751937984496124,1.0000000000021103
F007_PID000000814,814,2020-07-09T00:49:22.878409216+00:00,37.121590784,0.010309278350515464,-0.010309278350515464,1.0000000000021103
F007_PID000000814,814,2020-07-09T00:49:23.020382208+00:00,36.979617792,0.010309278350515464,-0.010309278350515464,1.0000000000021103
F007_PID000000814,814,2020-07-09T00:49:23.020441856+00:00,36.979558144,-0.12304250559284116,0.12304250559284116,1.9999999999997797
F007_PID000000814,814,2020-07-09T00:49:23.020821248+00:00,36.979178752,-0.29381443298969073,0.29381443298969073,0.9999999999976694
F007_PID000000814,814,2020-07-09T00:49:23.020951040+00:00,36.97904896,-0.29015544041450775,0.29015544041450775,0.9999999999976694
F007_PID000000814,814,2020-07-09T00:49:23.021002752+00:00,36.978997248,-0.27692307692307694,0.27692307692307694,0.9999999999976694
F007_PID000000814,814,2020-07-09T00:49:23.021002752+00:00,36.978997248,-0.265625,0.265625,0.9999999999976694
F007_PID000000814,814,2020-07-09T00:49:23.021209088+00:00,36.978790912,-0.2559366754617414,0.2559366754617414,0.9999999999976694
F007_PID000000814,814,2020-07-09T00:49:23.021265920+00:00,36.97873408,-0.24281984334203655,0.24281984334203655,0.9999999999976694
F007_PID000000814,814,2020-07-09T00:49:23.021304320+00:00,36.97869568,-0.24281984334203655,0.24281984334203655,0.9999999999976694
F007_PID000000814,814,2020-07-09T00:49:23.021405184+00:00,36.978594816,-0.24083769633507854,0.24083769633507854,0.9999999999976694
F007_PID000000814,814,2020-07-09T00:49:23.025529344+00:00,36.974470656,-0.22164948453608246,0.22164948453608246,0.9999999999976694
F007_PID000000814,814,2020-07-09T00:49:23.030260480+00:00,36.96973952,-0.22797927461139897,0.22797927461139897,0.9999999999976694
F007_PID000000814,814,2020-07-09T00:49:23.030553344+00:00,36.969446656,-0.06278026905829596,0.06278026905829596,1.9999999999997797
F007_PID000000814,814,2020-07-09T00:49:23.030969856+00:00,36.969030144,-0.06040268456375839,0.06040268456375839,1.9999999999997797
F007_PID000000814,814,2020-07-09T00:49:23.031975936+00:00,36.968024064,-0.2248062015503876,0.2248062015503876,0.9999999999976694
F007_PID000000814,814,2020-07-09T00:49:23.032240128+00:00,36.967759872,-0.22164948453608246,0.22164948453608246,0.9999999999976694
F007_PID000000814,814,2020-07-09T00:49:23.032317440+00:00,36.96768256,-0.2248062015503876,0.2248062015503876,0.9999999999976694
F007_PID000000814,814,2020-07-09T00:49:23.032903424+00:00,36.967096576,-0.20844327176781002,0.20844327176781002,0.9999999999976694
F007_PID000000814,814,2020-07-09T00:49:23.033176576+00:00,36.966823424,-0.19786096256684493,0.19786096256684493,0.9999999999976694
F007_PID000000814,814,2020-07-09T00:49:23.034113792+00:00,36.965886208,-0.19786096256684493,0.19786096256684493,0.9999999999976694
F007_PID000000814,814,2020-07-09T00:49:23.034547968+00:00,36.965452032,-0.19466666666666665,0.19466666666666665,0.9999999999976694
F007_PID000000814,814,2020-07-09T00:49:23.035832320+00:00,36.96416768,-0.19148936170212766,0.19148936170212766,0.9999999999976694
F007_PID000000814,814,2020-07-09T00:49:23.035907840+00:00,36.96409216,-0.1883289124668435,0.1883289124668435,0.9999999999976694
F007_PID000000814,814,2020-07-09T00:49:23.035973632+00:00,36.964026368,-0.17585301837270342,0.17585301837270342,0.9999999999976694
F007_PID000000814,814,2020-07-09T00:49:23.035994112+00:00,36.964005888,-0.1736842105263158,0.1736842105263158,0.9999999999976694
F007_PID000000814,814,2020-07-09T00:49:23.039081984+00:00,36.960918016,-0.14948453608247422,0.14948453608247422,0.9999999999976694
F007_PID000000814,814,2020-07-09T00:49:23.042225408+00:00,36.957774592,-0.14507772020725387,0.14507772020725387,0.9999999999976694
F007_PID000000814,814,2020-07-09T00:49:23.043999488+00:00,36.956000512,-0.1421188630490956,0.1421188630490956,0.9999999999976694
F007_PID000000814,814,2020-07-09T00:49:23.047030272+00:00,36.952969728,-0.13989637305699482,0.13989637305699482,0.9999999999976694
F007_PID000000814,814,2020-07-09T00:49:23.048968448+00:00,36.951031552,-0.13766233766233765,0.13766233766233765,0.9999999999976694
F007_PID000000814,814,2020-07-09T00:49:23.049104384+00:00,36.950895616,-0.13178294573643412,0.13178294573643412,0.9999999999976694
F007_PID000000814,814,2020-07-09T00:49:23.049700864+00:00,36.950299136,-0.1116751269035533,0.1116751269035533,0.9999999999976694
F007_PID000000814,814,2020-07-09T00:49:23.058592768+00:00,36.941407232,-0.09774436090225563,0.09774436090225563,0.9999999999976694
F007_PID000000814,814,2020-07-09T00:49:23.102038784+00:00,36.897961216,-0.08860759493670886,0.08860759493670886,0.9999999999976694
F007_PID000000814,814,2020-07-09T00:49:23.120794112+00:00,36.879205888,-0.09137055837563451,0.09137055837563451,0.9999999999976694
F007_PID000000814,814,2020-07-09T00:49:23.120974080+00:00,36.87902592,-0.09414758269720101,0.09414758269720101,0.9999999999976694
F007_PID000000814,814,2020-07-09T00:49:23.128432128+00:00,36.871567872,-0.10327455919395466,0.10327455919395466,0.9999999999976694
F007_PID000000814,814,2020-07-09T00:49:23.136639232+00:00,36.863360768,-0.10606060606060606,0.10606060606060606,0.9999999999976694
F007_PID000000814,814,2020-07-09T00:49:23.136807168+00:00,36.863192832,-0.10886075949367088,0.10886075949367088,0.9999999999976694
F007_PID000000814,814,2020-07-09T00:49:23.148860416+00:00,36.851139584,-0.09974424552429667,0.09974424552429667,0.9999999999976694
F007_PID000000814,814,2020-07-09T00:49:23.149148928+00:00,36.850851072,-0.10256410256410256,0.10256410256410256,0.9999999999976694
F007_PID000000814,814,2020-07-09T00:49:23.151582208+00:00,36.848417792,-0.10485933503836317,0.10485933503836317,0.9999999999976694
F007_PID000000814,814,2020-07-09T00:49:23.155766016+00:00,36.844233984,-0.11392405063291139,0.11392405063291139,0.9999999999976694
F007_PID000000814,814,2020-07-09T00:49:23.156855040+00:00,36.84314496,-0.1111111111111111,0.1111111111111111,0.9999999999976694
F007_PID000000814,814,2020-07-09T00:49:23.157462016+00:00,36.842537984,-0.10204081632653061,0.10204081632653061,0.9999999999976694
F007_PID000000814,814,2020-07-09T00:49:23.157661952+00:00,36.842338048,-0.09923664122137404,0.09923664122137404,0.9999999999976694
F007_PID000000814,814,2020-07-09T00:49:23.159446272+00:00,36.840553728,-0.08997429305912596,0.08997429305912596,0.9999999999976694
F007_PID000000814,814,2020-07-09T00:49:23.159748608+00:00,36.840251392,-0.08717948717948718,0.08717948717948718,0.9999999999976694
F007_PID000000814,814,2020-07-09T00:49:23.176107776+00:00,36.823892224,-0.08483290488431877,0.08483290488431877,0.9999999999976694
F007_PID000000814,814,2020-07-09T00:49:23.182836736+00:00,36.817163264,-0.08205128205128205,0.08205128205128205,0.9999999999976694
F007_PID000000814,814,2020-07-09T00:49:23.183008256+00:00,36.816991744,-0.07969151670951156,0.07969151670951156,0.9999999999976694
F007_PID000000814,814,2020-07-09T00:49:23.213903616+00:00,36.786096384,-0.07692307692307693,0.07692307692307693,0.9999999999976694
F007_PID000000814,814,2020-07-09T00:49:23.237416960+00:00,36.76258304,-0.07142857142857142,0.07142857142857142,0.9999999999976694
F007_PID000000814,814,2020-07-09T00:49:23.271627008+00:00,36.728372992,-0.06905370843989769,0.06905370843989769,0.9999999999976694
F007_PID000000814,814,2020-07-09T00:49:24.087961344+00:00,35.912038656,-0.07142857142857142,0.07142857142857142,0.9999999999976694
F007_PID000000814,814,2020-07-09T00:49:24.162823424+00:00,35.837176576,-0.07614213197969544,0.07614213197969544,0.9999999999976694
F007_PID000000814,814,2020-07-09T00:49:24.163004928+00:00,35.836995072,-0.07888040712468193,0.07888040712468193,0.9999999999976694
F007_PID000000814,814,2020-07-09T00:49:24.163087360+00:00,35.83691264,-0.08163265306122448,0.08163265306122448,0.9999999999976694
F007_PID000000814,814,2020-07-09T00:49:24.164899584+00:00,35.835100416,-0.08717948717948718,0.08717948717948718,0.9999999999976694
F007_PID000000814,814,2020-07-09T00:49:24.165122560+00:00,35.83487744,-0.08951406649616368,0.08951406649616368,0.9999999999976694
F007_PID000000814,814,2020-07-09T00:49:24.165200640+00:00,35.83479936,-0.09183673469387756,0.09183673469387756,0.9999999999976694
F007_PID000000814,814,2020-07-09T00:49:24.165319424+00:00,35.834680576,-0.09644670050761421,0.09644670050761421,0.9999999999976694
F007_PID000000814,814,2020-07-09T00:49:24.165698048+00:00,35.834301952,-0.09367088607594937,0.09367088607594937,0.9999999999976694
F007_PID000000814,814,2020-07-09T00:49:26.341882624+00:00,33.658117376,-0.09644670050761421,0.09644670050761421,0.9999999999976694
F007_PID000000814,814,2020-07-09T00:49:26.588462592+00:00,33.411537408,-0.10552763819095477,0.10552763819095477,0.9999999999976694
F007_PID000000814,814,2020-07-09T00:49:26.588664320+00:00,33.41133568,-0.10831234256926953,0.10831234256926953,0.9999999999976694
F007_PID000000814,814,2020-07-09T00:49:26.714774272+00:00,33.285225728,-0.1111111111111111,0.1111111111111111,0.9999999999976694
F007_PID000000814,814,2020-07-09T00:49:27.273487616+00:00,32.726512384,-0.10831234256926953,0.10831234256926953,0.9999999999976694
F007_PID000000814,814,2020-07-09T00:49:28.239148032+00:00,31.760851968,-0.1111111111111111,0.1111111111111111,0.9999999999976694
F007_PID000000814,814,2020-07-09T00:49:28.239288832+00:00,31.760711168,-0.10831234256926953,0.10831234256926953,0.9999999999976694
F007_PID000000814,814,2020-07-09T00:49:28.831463168+00:00,31.168536832,-0.1111111111111111,0.1111111111111111,0.9999999999976694
F007_PID000000814,814,2020-07-09T00:49:28.832017664+00:00,31.167982336,-0.1111111111111111,0.1111111111111111,0.9999999999976694
F007_PID000000814,814,2020-07-09T00:49:28.832036864+00:00,31.167963136,-0.11392405063291139,0.11392405063291139,0.9999999999976694
F007_PID000000814,814,2020-07-09T00:49:28.832434176+00:00,31.167565824,-0.116751269035533,0.116751269035533,0.9999999999976694
F007_PID000000814,814,2020-07-09T00:49:28.832769024+00:00,31.167230976,-0.11392405063291139,0.11392405063291139,0.9999999999976694
F007_PID000000814,814,2020-07-09T00:49:28.841245184+00:00,31.158754816,-0.116751269035533,0.116751269035533,0.9999999999976694
F007_PID000000814,814,2020-07-09T00:49:28.846937600+00:00,31.1530624,-0.12562814070351758,0.12562814070351758,0.9999999999976694
F007_PID000000814,814,2020-07-09T00:49:28.847307008+00:00,31.152692992,-0.12562814070351758,0.12562814070351758,0.9999999999976694
F007_PID000000814,814,2020-07-09T00:49:28.847376640+00:00,31.15262336,0.019693654266958426,-0.019693654266958426,1.9999999999997797
F007_PID000000814,814,2020-07-09T00:49:28.847665408+00:00,31.152334592,0.017467248908296942,-0.017467248908296942,1.9999999999997797
F007_PID000000814,814,2020-07-09T00:49:28.847824640+00:00,31.15217536,0.017467248908296942,-0.017467248908296942,1.9999999999997797
F007_PID000000814,814,2020-07-09T00:49:28.848396032+00:00,31.151603968,0.021929824561403508,-0.021929824561403508,1.9999999999997797
F007_PID000000814,814,2020-07-09T00:49:28.861126144+00:00,31.138873856,0.004464285714285714,-0.004464285714285714,1.9999999999997797
F007_PID000000814,814,2020-07-09T00:49:28.922530304+00:00,31.077469696,0.008888888888888889,-0.008888888888888889,1.9999999999997797
F007_PID000000814,814,2020-07-09T00:49:28.944794112+00:00,31.055205888,0.004424778761061947,-0.004424778761061947,1.9999999999997797
F007_PID000000814,814,2020-07-09T00:49:28.945083136+00:00,31.054916864,0.15228426395939088,-0.15228426395939088,1.0000000000021103
F007_PID000000814,814,2020-07-09T00:49:28.945246208+00:00,31.054753792,0.14936708860759493,-0.14936708860759493,1.0000000000021103
F007_PID000000814,814,2020-07-09T00:49:28.945684992+00:00,31.054315008,0.14936708860759493,-0.14936708860759493,1.0000000000021103
F007_PID000000814,814,2020-07-09T00:49:28.945761280+00:00,31.05423872,-0.15012722646310434,0.15012722646310434,0.9999999999976694
F007_PID000000814,814,2020-07-09T00:49:28.945920+00:00,31.05408,-0.16080402010050251,0.16080402010050251,0.9999999999976694
F007_PID000000814,814,2020-07-09T00:49:28.946046720+00:00,31.05395328,-0.15789473684210525,0.15789473684210525,0.9999999999976694
F007_PID000000814,814,2020-07-09T00:49:28.946254848+00:00,31.053745152,-0.155,0.155,0.9999999999976694
F007_PID000000814,814,2020-07-09T00:49:28.946330368+00:00,31.053669632,-0.15211970074812967,0.15211970074812967,0.9999999999976694
F007_PID000000814,814,2020-07-09T00:49:28.946398720+00:00,31.05360128,-0.1414141414141414,0.1414141414141414,0.9999999999976694
F007_PID000000814,814,2020-07-09T00:49:28.946635520+00:00,31.05336448,-0.1385390428211587,0.1385390428211587,0.9999999999976694
F007_PID000000814,814,2020-07-09T00:49:28.958191104+00:00,31.041808896,-0.11604938271604938,0.11604938271604938,0.9999999999976694
F007_PID000000814,814,2020-07-09T00:49:28.959076608+00:00,31.040923392,-0.11166253101736973,0.11166253101736973,0.9999999999976694
F007_PID000000814,814,2020-07-09T00:49:29.084765440+00:00,30.91523456,-0.11442786069651742,0.11442786069651742,0.9999999999976694
F007_PID000000814,814,2020-07-09T00:49:29.222546688+00:00,30.777453312,-0.11166253101736973,0.11166253101736973,0.9999999999976694
F007_PID000000814,814,2020-07-09T00:49:29.993222144+00:00,30.006777856,-0.10891089108910891,0.10891089108910891,0.9999999999976694
F007_PID000000814,814,2020-07-09T00:49:30.130172928+00:00,29.869827072,-0.11166253101736973,0.11166253101736973,0.9999999999976694
F007_PID000000814,814,2020-07-09T00:49:32.660406784+00:00,27.339593216,-0.11166253101736973,0.11166253101736973,0.9999999999976694
F007_PID000000814,814,2020-07-09T00:49:32.660505344+00:00,27.339494656,-0.10945273631840796,0.10945273631840796,0.9999999999976694
F007_PID000000814,814,2020-07-09T00:49:32.660588800+00:00,27.3394112,-0.10723192019950124,0.10723192019950124,0.9999999999976694
F007_PID000000814,814,2020-07-09T00:49:32.660678144+00:00,27.339321856,-0.1044776119402985,0.1044776119402985,0.9999999999976694
F007_PID000000814,814,2020-07-09T00:49:32.799253504+00:00,27.200746496,-0.10173697270471464,0.10173697270471464,0.9999999999976694
F007_PID000000814,814,2020-07-09T00:49:32.802820864+00:00,27.197179136,-0.09725685785536159,0.09725685785536159,0.9999999999976694
F007_PID000000814,814,2020-07-09T00:49:32.803003648+00:00,27.196996352,-0.09181141439205956,0.09181141439205956,0.9999999999976694
F007_PID000000814,814,2020-07-09T00:49:32.803079680+00:00,27.19692032,-0.08955223880597014,0.08955223880597014,0.9999999999976694
F007_PID000000814,814,2020-07-09T00:49:32.803234048+00:00,27.196765952,-0.085,0.085,0.9999999999976694
F007_PID000000814,814,2020-07-09T00:49:32.803409664+00:00,27.196590336,-0.08270676691729323,0.08270676691729323,0.9999999999976694
F007_PID000000814,814,2020-07-09T00:49:32.803485440+00:00,27.19651456,-0.08,0.08,0.9999999999976694
F007_PID000000814,814,2020-07-09T00:49:32.803553792+00:00,27.196446208,-0.08270676691729323,0.08270676691729323,0.9999999999976694
F007_PID000000814,814,2020-07-09T00:49:32.804392192+00:00,27.195607808,-0.07341772151898734,0.07341772151898734,0.9999999999976694
F007_PID000000814,814,2020-07-09T00:49:32.804587776+00:00,27.195412224,-0.0707070707070707,0.0707070707070707,0.9999999999976694
F007_PID000000814,814,2020-07-09T00:49:32.827774208+00:00,27.172225792,-0.06835443037974684,0.06835443037974684,0.9999999999976694
F007_PID000000814,814,2020-07-09T00:49:43.413682432+00:00,16.586317568,-0.06835443037974684,0.06835443037974684,0.9999999999976694
F007_PID000000814,814,2020-07-09T00:49:43.413782016+00:00,16.586217984,-0.0737913486005089,0.0737913486005089,0.9999999999976694
F007_PID000000814,814,2020-07-09T00:49:43.413851136+00:00,16.586148864,-0.07614213197969544,0.07614213197969544,0.9999999999976694
F007_PID000000814,814,2020-07-09T00:49:43.413955584+00:00,16.586044416,-0.07848101265822785,0.07848101265822785,0.9999999999976694
F007_PID000000814,814,2020-07-09T00:49:43.414137600+00:00,16.5858624,-0.08121827411167512,0.08121827411167512,0.9999999999976694
F007_PID000000814,814,2020-07-09T00:49:43.414214656+00:00,16.585785344,-0.08396946564885496,0.08396946564885496,0.9999999999976694
F007_PID000000814,814,2020-07-09T00:49:43.414274048+00:00,16.585725952,-0.08629441624365482,0.08629441624365482,0.9999999999976694
F007_PID000000814,814,2020-07-09T00:49:43.414506240+00:00,16.58549376,-0.09090909090909091,0.09090909090909091,0.9999999999976694
F007_PID000000814,814,2020-07-09T00:49:43.414558208+00:00,16.585441792,-0.08860759493670886,0.08860759493670886,0.9999999999976694
F007_PID000000814,814,2020-07-09T00:49:43.414640384+00:00,16.585359616,-0.08629441624365482,0.08629441624365482,0.9999999999976694
F007_PID000000814,814,2020-07-09T00:49:43.429098752+00:00,16.570901248,-0.09183673469387756,0.09183673469387756,0.9999999999976694
F007_PID000000814,814,2020-07-09T00:49:43.429298944+00:00,16.570701056,-0.09644670050761421,0.09644670050761421,0.9999999999976694
F007_PID000000814,814,2020-07-09T00:49:43.429415680+00:00,16.57058432,-0.09367088607594937,0.09367088607594937,0.9999999999976694
F007_PID000000814,814,2020-07-09T00:49:43.429595904+00:00,16.570404096,-0.09090909090909091,0.09090909090909091,0.9999999999976694
F007_PID000000814,814,2020-07-09T00:49:46.600819200+00:00,13.3991808,-0.08816120906801007,0.08816120906801007,0.9999999999976694
F007_PID000000814,814,2020-07-09T00:49:48.635474176+00:00,11.364525824,-0.09090909090909091,0.09090909090909091,0.9999999999976694
F007_PID000000814,814,2020-07-09T00:49:48.635659264+00:00,11.364340736,-0.09367088607594937,0.09367088607594937,0.9999999999976694
F007_PID000000814,814,2020-07-09T00:49:48.644253440+00:00,11.35574656,-0.09090909090909091,0.09090909090909091,0.9999999999976694
F007_PID000000814,814,2020-07-09T00:49:48.644438528+00:00,11.355561472,-0.08816120906801007,0.08816120906801007,0.9999999999976694
F007_PID000000814,814,2020-07-09T00:49:48.644515840+00:00,11.35548416,-0.08542713567839195,0.08542713567839195,0.9999999999976694
F007_PID000000814,814,2020-07-09T00:49:48.650245632+00:00,11.349754368,-0.08816120906801007,0.08816120906801007,0.9999999999976694
F007_PID000000814,814,2020-07-09T00:49:48.769540608+00:00,11.230459392,-0.08354430379746836,0.08354430379746836,0.9999999999976694
F007_PID000000814,814,2020-07-09T00:49:48.769729024+00:00,11.230270976,-0.07808564231738035,0.07808564231738035,0.9999999999976694
F007_PID000000814,814,2020-07-09T00:49:48.769805056+00:00,11.230194944,-0.07537688442211055,0.07537688442211055,0.9999999999976694
F007_PID000000814,814,2020-07-09T00:49:48.769965312+00:00,11.230034688,-0.0707070707070707,0.0707070707070707,0.9999999999976694
F007_PID000000814,814,2020-07-09T00:49:48.770019584+00:00,11.229980416,-0.07341772151898734,0.07341772151898734,0.9999999999976694
F007_PID000000814,814,2020-07-09T00:49:48.803593216+00:00,11.196406784,-0.07888040712468193,0.07888040712468193,0.9999999999976694
F007_PID000000814,814,2020-07-09T00:49:48.803774208+00:00,11.196225792,-0.08354430379746836,0.08354430379746836,0.9999999999976694
F007_PID000000814,814,2020-07-09T00:49:48.803850496+00:00,11.196149504,-0.08629441624365482,0.08629441624365482,0.9999999999976694
F007_PID000000814,814,2020-07-09T00:49:49.318637824+00:00,10.681362176,-0.08629441624365482,0.08629441624365482,0.9999999999976694
F007_PID000000814,814,2020-07-09T00:49:49.318840576+00:00,10.681159424,-0.08354430379746836,0.08354430379746836,0.9999999999976694
F007_PID000000814,814,2020-07-09T00:49:49.528963840+00:00,10.47103616,-0.07888040712468193,0.07888040712468193,0.9999999999976694
F007_PID000000814,814,2020-07-09T00:49:49.529157632+00:00,10.470842368,-0.07341772151898734,0.07341772151898734,0.9999999999976694
F007_PID000000814,814,2020-07-09T00:49:49.529336064+00:00,10.470663936,-0.0707070707070707,0.0707070707070707,0.9999999999976694
F007_PID000000814,814,2020-07-09T00:49:49.529539584+00:00,10.470460416,-0.06835443037974684,0.06835443037974684,0.9999999999976694
F007_PID000000814,814,2020-07-09T00:49:51.023781632+00:00,8.976218368,-0.06598984771573604,0.06598984771573604,0.9999999999976694
F007_PID000000814,814,2020-07-09T00:49:52.443374336+00:00,7.556625664,-0.06598984771573604,0.06598984771573604,0.9999999999976694
F007_PID000000814,814,2020-07-09T00:49:52.443436032+00:00,7.556563968,-0.06870229007633588,0.06870229007633588,0.9999999999976694
F007_PID000000814,814,2020-07-09T00:49:52.443580672+00:00,7.556419328,-0.07106598984771574,0.07106598984771574,0.9999999999976694
F007_PID000000814,814,2020-07-09T00:49:52.443773440+00:00,7.55622656,-0.07341772151898734,0.07341772151898734,0.9999999999976694
F007_PID000000814,814,2020-07-09T00:49:52.443866368+00:00,7.556133632,-0.07614213197969544,0.07614213197969544,0.9999999999976694
F007_PID000000814,814,2020-07-09T00:49:52.443980288+00:00,7.556019712,-0.07848101265822785,0.07848101265822785,0.9999999999976694
F007_PID000000814,814,2020-07-09T00:49:52.444062208+00:00,7.555937792,-0.08121827411167512,0.08121827411167512,0.9999999999976694
F007_PID000000814,814,2020-07-09T00:49:52.444118272+00:00,7.555881728,-0.07848101265822785,0.07848101265822785,0.9999999999976694
F007_PID000000814,814,2020-07-09T00:49:52.444233472+00:00,7.555766528,-0.08312342569269521,0.08312342569269521,0.9999999999976694
F007_PID000000814,814,2020-07-09T00:49:52.642813440+00:00,7.35718656,-0.08860759493670886,0.08860759493670886,0.9999999999976694
F007_PID000000814,814,2020-07-09T00:49:52.642992384+00:00,7.357007616,-0.09319899244332494,0.09319899244332494,0.9999999999976694
F007_PID000000814,814,2020-07-09T00:49:58.128060160+00:00,1.87193984,-0.09090909090909091,0.09090909090909091,0.9999999999976694
F007_PID000000814,814,2020-07-09T00:49:58.128144640+00:00,1.87185536,-0.08816120906801007,0.08816120906801007,0.9999999999976694
F007_PID000000814,814,2020-07-09T00:49:58.128275200+00:00,1.8717248,-0.08270676691729323,0.08270676691729323,0.9999999999976694
F007_PID000000814,814,2020-07-09T00:49:58.128352+00:00,1.871648,-0.07808564231738035,0.07808564231738035,0.9999999999976694
F007_PID000000814,814,2020-07-09T00:49:58.128436224+00:00,1.871563776,-0.07575757575757576,0.07575757575757576,0.9999999999976694
F007_PID000000814,814,2020-07-09T00:49:58.128512256+00:00,1.871487744,-0.07341772151898734,0.07341772151898734,0.9999999999976694
F007_PID000000814,814,2020-07-09T00:49:58.128586496+00:00,1.871413504,-0.06870229007633588,0.06870229007633588,0.9999999999976694
F007_PID000000814,814,2020-07-09T00:49:58.128663808+00:00,1.871336192,-0.06598984771573604,0.06598984771573604,0.9999999999976694
F008_PID000000370,370,2019-09-19T00:23:00.110829824+00:00,119.889170176,-0.14587737843551796,0.14587737843551796,0.9999999999976694
F008_PID000000370,370,2019-09-19T00:23:00.391240192+00:00,119.608759808,-0.15074309978768577,0.15074309978768577,0.9999999999976694
F008_PID000000370,370,2019-09-19T00:23:00.398707968+00:00,119.601292032,-0.1543340380549683,0.1543340380549683,0.9999999999976694
F008_PID000000370,370,2019-09-19T00:23:01.056769792+00:00,118.943230208,-0.15789473684210525,0.15789473684210525,0.9999999999976694
F008_PID000000370,370,2019-09-19T00:23:01.057345024+00:00,118.942654976,-0.16142557651991615,0.16142557651991615,0.9999999999976694
F008_PID000000370,370,2019-09-19T00:23:01.062025472+00:00,118.937974528,-0.16142557651991615,0.16142557651991615,0.9999999999976694
F008_PID000000370,370,2019-09-19T00:23:01.062092032+00:00,118.937907968,-0.16631578947368422,0.16631578947368422,0.9999999999976694
F008_PID000000370,370,2019-09-19T00:23:01.062554880+00:00,118.93744512,-0.16631578947368422,0.16631578947368422,0.9999999999976694
F008_PID000000370,370,2019-09-19T00:23:01.062626048+00:00,118.937373952,-0.07156673114119923,0.07156673114119923,1.9999999999997797
F008_PID000000370,370,2019-09-19T00:23:01.062626048+00:00,118.937373952,0.02564102564102564,-0.02564102564102564,1.0000000000021103
F008_PID000000370,370,2019-09-19T00:23:01.062723072+00:00,118.937276928,0.02145922746781116,-0.02145922746781116,1.0000000000021103
F008_PID000000370,370,2019-09-19T00:23:01.062804480+00:00,118.93719552,0.017094017094017096,-0.017094017094017096,1.0000000000021103
F008_PID000000370,370,2019-09-19T00:23:01.063371008+00:00,118.936628992,0.014989293361884369,-0.014989293361884369,1.0000000000021103
F008_PID000000370,370,2019-09-19T00:23:01.063609856+00:00,118.936390144,0.028199566160520606,-0.028199566160520606,1.0000000000021103
F008_PID000000370,370,2019-09-19T00:23:01.064853760+00:00,118.93514624,0.023758099352051837,-0.023758099352051837,1.0000000000021103
F008_PID000000370,370,2019-09-19T00:23:01.065862144+00:00,118.934137856,0.014989293361884369,-0.014989293361884369,1.0000000000021103
F008_PID000000370,370,2019-09-19T00:23:01.074061824+00:00,118.925938176,0.01282051282051282,-0.01282051282051282,1.0000000000021103
F008_PID000000370,370,2019-09-19T00:23:01.090483968+00:00,118.909516032,0.00851063829787234,-0.00851063829787234,1.0000000000021103
F008_PID000000370,370,2019-09-19T00:23:01.159064832+00:00,118.840935168,0.01282051282051282,-0.01282051282051282,1.0000000000021103
F008_PID000000370,370,2019-09-19T00:23:01.159250688+00:00,118.840749312,0.017167381974248927,-0.017167381974248927,1.0000000000021103
F008_PID000000370,370,2019-09-19T00:23:01.159308288+00:00,118.840691712,0.01935483870967742,-0.01935483870967742,1.0000000000021103
F008_PID000000370,370,2019-09-19T00:23:01.159494400+00:00,118.8405056,0.028199566160520606,-0.028199566160520606,1.0000000000021103
F008_PID000000370,370,2019-09-19T00:23:01.159548928+00:00,118.840451072,0.032679738562091505,-0.032679738562091505,1.0000000000021103
F008_PID000000370,370,2019-09-19T00:23:01.159723520+00:00,118.84027648,-0.07058823529411765,0.07058823529411765,1.9999999999997797
F008_PID000000370,370,2019-09-19T00:23:01.160141824+00:00,118.839858176,-0.06692913385826772,0.06692913385826772,1.9999999999997797
F008_PID000000370,370,2019-09-19T00:23:01.160952576+00:00,118.839047424,-0.06483300589390963,0.06483300589390963,1.9999999999997797
F008_PID000000370,370,2019-09-19T00:23:01.161110528+00:00,118.838889472,-0.07326732673267326,0.07326732673267326,1.9999999999997797
F008_PID000000370,370,2019-09-19T00:23:01.161138688+00:00,118.838861312,-0.08055009823182711,0.08055009823182711,1.9999999999997797
F008_PID000000370,370,2019-09-19T00:23:01.161303040+00:00,118.83869696,-0.07632093933463796,0.07632093933463796,1.9999999999997797
F008_PID000000370,370,2019-09-19T00:23:01.161341440+00:00,118.83865856,-0.07421875,0.07421875,1.9999999999997797
F008_PID000000370,370,2019-09-19T00:23:01.161531648+00:00,118.838468352,-0.0784313725490196,0.0784313725490196,1.9999999999997797
F008_PID000000370,370,2019-09-19T00:23:01.169455872+00:00,118.830544128,-0.08267716535433071,0.08267716535433071,1.9999999999997797
F008_PID000000370,370,2019-09-19T00:23:01.169681152+00:00,118.830318848,0.019693654266958426,-0.019693654266958426,1.0000000000021103
F008_PID000000370,370,2019-09-19T00:23:01.170053376+00:00,118.829946624,0.017467248908296942,-0.017467248908296942,1.0000000000021103
F008_PID000000370,370,2019-09-19T00:23:01.170165504+00:00,118.829834496,0.015317286652078774,-0.015317286652078774,1.0000000000021103
F008_PID000000370,370,2019-09-19T00:23:01.170260736+00:00,118.829739264,0.013157894736842105,-0.013157894736842105,1.0000000000021103
F008_PID000000370,370,2019-09-19T00:23:01.170348544+00:00,118.829651456,0.008733624454148471,-0.008733624454148471,1.0000000000021103
F008_PID000000370,370,2019-09-19T00:23:01.170416384+00:00,118.829583616,0.004347826086956522,-0.004347826086956522,1.0000000000021103
F008_PID000000370,370,2019-09-19T00:23:01.170845440+00:00,118.82915456,0.006535947712418301,-0.006535947712418301,1.0000000000021103
F008_PID000000370,370,2019-09-19T00:23:01.171354112+00:00,118.828645888,0.0021691973969631237,-0.0021691973969631237,1.0000000000021103
F008_PID000000370,370,2019-09-19T00:23:01.171417600+00:00,118.8285824,0.004329004329004329,-0.004329004329004329,1.0000000000021103
F008_PID000000370,370,2019-09-19T00:23:01.171874304+00:00,118.828125696,-0.004366812227074236,0.004366812227074236,1.0000000000021103
F008_PID000000370,370,2019-09-19T00:23:01.172005888+00:00,118.827994112,-0.006535947712418301,0.006535947712418301,1.0000000000021103
F008_PID000000370,370,2019-09-19T00:23:01.183410688+00:00,118.816589312,-0.015384615384615385,0.015384615384615385,1.0000000000021103
F008_PID000000370,370,2019-09-19T00:23:01.183579648+00:00,118.816420352,-0.013215859030837005,0.013215859030837005,1.0000000000021103
F008_PID000000370,370,2019-09-19T00:23:01.188388608+00:00,118.811611392,-0.03139013452914798,0.03139013452914798,1.0000000000021103
F008_PID000000370,370,2019-09-19T00:23:01.189990400+00:00,118.8100096,-0.033707865168539325,0.033707865168539325,1.0000000000021103
F008_PID000000370,370,2019-09-19T00:23:01.194241024+00:00,118.805758976,-0.03587443946188341,0.03587443946188341,1.0000000000021103
F008_PID000000370,370,2019-09-19T00:23:01.194300160+00:00,118.80569984,-0.038202247191011236,0.038202247191011236,1.0000000000021103
F008_PID000000370,370,2019-09-19T00:23:01.199614464+00:00,118.800385536,-0.038202247191011236,0.038202247191011236,1.0000000000021103
F008_PID000000370,370,2019-09-19T00:23:01.199634176+00:00,118.800365824,-0.04524886877828054,0.04524886877828054,1.0000000000021103
F008_PID000000370,370,2019-09-19T00:23:01.199706880+00:00,118.80029312,-0.04524886877828054,0.04524886877828054,1.0000000000021103
F008_PID000000370,370,2019-09-19T00:23:01.199706880+00:00,118.80029312,-0.05239179954441914,0.05239179954441914,1.0000000000021103
F008_PID000000370,370,2019-09-19T00:23:01.199762688+00:00,118.800237312,-0.05239179954441914,0.05239179954441914,1.0000000000021103
F008_PID000000370,370,2019-09-19T00:23:01.199762688+00:00,118.800237312,-0.05963302752293578,0.05963302752293578,1.0000000000021103
F008_PID000000370,370,2019-09-19T00:23:01.199836672+00:00,118.800163328,-0.05963302752293578,0.05963302752293578,1.0000000000021103
F008_PID000000370,370,2019-09-19T00:23:01.199836672+00:00,118.800163328,-0.06697459584295612,0.06697459584295612,1.0000000000021103
F008_PID000000370,370,2019-09-19T00:23:01.199918080+00:00,118.80008192,-0.06697459584295612,0.06697459584295612,1.0000000000021103
F008_PID000000370,370,2019-09-19T00:23:01.199918080+00:00,118.80008192,-0.07441860465116279,0.07441860465116279,1.0000000000021103
F008_PID000000370,370,2019-09-19T00:23:01.199988992+00:00,118.800011008,-0.07441860465116279,0.07441860465116279,1.0000000000021103
F008_PID000000370,370,2019-09-19T00:23:01.199988992+00:00,118.800011008,-0.08196721311475409,0.08196721311475409,1.0000000000021103
F008_PID000000370,370,2019-09-19T00:23:01.200072192+00:00,118.799927808,-0.08196721311475409,0.08196721311475409,1.0000000000021103
F008_PID000000370,370,2019-09-19T00:23:01.200072192+00:00,118.799927808,0.02736842105263158,-0.02736842105263158,2.0000000000042206
F008_PID000000370,370,2019-09-19T00:23:01.200221952+00:00,118.799778048,0.018789144050104383,-0.018789144050104383,2.0000000000042206
F008_PID000000370,370,2019-09-19T00:23:01.200291072+00:00,118.799708928,0.012448132780082987,-0.012448132780082987,2.0000000000042206
F008_PID000000370,370,2019-09-19T00:23:01.200428288+00:00,118.799571712,0.008264462809917356,-0.008264462809917356,2.0000000000042206
F008_PID000000370,370,2019-09-19T00:23:01.200530944+00:00,118.799469056,0.002053388090349076,-0.002053388090349076,2.0000000000042206
F008_PID000000370,370,2019-09-19T00:23:01.200566272+00:00,118.799433728,-0.010141987829614604,0.010141987829614604,2.0000000000042206
F008_PID000000370,370,2019-09-19T00:23:01.200762112+00:00,118.799237888,-0.016129032258064516,0.016129032258064516,2.0000000000042206
F008_PID000000370,370,2019-09-19T00:23:01.200897792+00:00,118.799102208,-0.125,0.125,1.0000000000021103
F008_PID000000370,370,2019-09-19T00:23:01.201084928+00:00,118.798915072,-0.13258426966292136,0.13258426966292136,1.0000000000021103
F008_PID000000370,370,2019-09-19T00:23:01.201149440+00:00,118.79885056,-0.1403118040089087,0.1403118040089087,1.0000000000021103
F008_PID000000370,370,2019-09-19T00:23:01.201244160+00:00,118.79875584,-0.14412416851441243,0.14412416851441243,1.0000000000021103
F008_PID000000370,370,2019-09-19T00:23:01.201345536+00:00,118.798654464,-0.14601769911504425,0.14601769911504425,1.0000000000021103
F008_PID000000370,370,2019-09-19T00:23:01.201491968+00:00,118.798508032,-0.036,0.036,2.0000000000042206
F008_PID000000370,370,2019-09-19T00:23:01.201767424+00:00,118.798232576,-0.14855875831485588,0.14855875831485588,1.0000000000021103
F008_PID000000370,370,2019-09-19T00:23:01.203002368+00:00,118.796997632,-0.1504424778761062,0.1504424778761062,1.0000000000021103
F008_PID000000370,370,2019-09-19T00:23:01.203576320+00:00,118.79642368,-0.1479028697571744,0.1479028697571744,1.0000000000021103
F008_PID000000370,370,2019-09-19T00:23:01.209093888+00:00,118.790906112,-0.16853932584269662,0.16853932584269662,1.0000000000021103
F008_PID000000370,370,2019-09-19T00:23:01.211522048+00:00,118.788477952,-0.17913832199546487,0.17913832199546487,1.0000000000021103
F008_PID000000370,370,2019-09-19T00:23:01.223950592+00:00,118.776049408,-0.16853932584269662,0.16853932584269662,1.0000000000021103
F008_PID000000370,370,2019-09-19T00:23:01.224018432+00:00,118.775981568,-0.15812917594654788,0.15812917594654788,1.0000000000021103
F008_PID000000370,370,2019-09-19T00:23:01.224018432+00:00,118.775981568,-0.13785557986870897,0.13785557986870897,1.0000000000021103
F008_PID000000370,370,2019-09-19T00:23:01.226257664+00:00,118.773742336,-0.1328976034858388,0.1328976034858388,1.0000000000021103
F008_PID000000370,370,2019-09-19T00:23:01.228136960+00:00,118.77186304,-0.13043478260869565,0.13043478260869565,1.0000000000021103
F008_PID000000370,370,2019-09-19T00:23:01.228359680+00:00,118.77164032,-0.13537117903930132,0.13537117903930132,1.0000000000021103
F008_PID000000370,370,2019-09-19T00:23:01.231274240+00:00,118.76872576,-0.12389380530973451,0.12389380530973451,1.0000000000021103
F008_PID000000370,370,2019-09-19T00:23:01.231451392+00:00,118.768548608,-0.11894273127753303,0.11894273127753303,1.0000000000021103
F008_PID000000370,370,2019-09-19T00:23:01.231843072+00:00,118.768156928,-0.11403508771929824,0.11403508771929824,1.0000000000021103
F008_PID000000370,370,2019-09-19T00:23:01.231898112+00:00,118.768101888,-0.11013215859030837,0.11013215859030837,1.0000000000021103
F008_PID000000370,370,2019-09-19T00:23:01.234430208+00:00,118.765569792,-0.12554112554112554,0.12554112554112554,1.0000000000021103
F008_PID000000370,370,2019-09-19T00:23:01.240269056+00:00,118.759730944,-0.11013215859030837,0.11013215859030837,1.0000000000021103
F008_PID000000370,370,2019-09-19T00:23:01.243844096+00:00,118.756155904,-0.10526315789473684,0.10526315789473684,1.0000000000021103
F008_PID000000370,370,2019-09-19T00:23:01.243900928+00:00,118.756099072,-0.09734513274336283,0.09734513274336283,1.0000000000021103
F008_PID000000370,370,2019-09-19T00:23:01.263543808+00:00,118.736456192,-0.09251101321585903,0.09251101321585903,1.0000000000021103
F008_PID000000370,370,2019-09-19T00:23:01.269812736+00:00,118.730187264,-0.10222222222222223,0.10222222222222223,1.0000000000021103
F008_PID000000370,370,2019-09-19T00:23:01.269868800+00:00,118.7301312,-0.11013215859030837,0.11013215859030837,1.0000000000021103
F008_PID000000370,370,2019-09-19T00:23:01.269911808+00:00,118.730088192,-0.12,0.12,1.0000000000021103
F008_PID000000370,370,2019-09-19T00:23:01.269911808+00:00,118.730088192,-0.14027149321266968,0.14027149321266968,1.0000000000021103
F008_PID000000370,370,2019-09-19T00:23:01.270708992+00:00,118.729291008,-0.14545454545454545,0.14545454545454545,1.0000000000021103
F008_PID000000370,370,2019-09-19T00:23:01.271248640+00:00,118.72875136,-0.1506849315068493,0.1506849315068493,1.0000000000021103
F008_PID000000370,370,2019-09-19T00:23:01.272840960+00:00,118.72715904,-0.1559633027522936,0.1559633027522936,1.0000000000021103
F008_PID000000370,370,2019-09-19T00:23:01.273095424+00:00,118.726904576,-0.15862068965517243,0.15862068965517243,1.0000000000021103
F008_PID000000370,370,2019-09-19T00:23:01.281736704+00:00,118.718263296,-0.16397228637413394,0.16397228637413394,1.0000000000021103
F008_PID000000370,370,2019-09-19T00:23:01.281939712+00:00,118.718060288,-0.16666666666666666,0.16666666666666666,1.0000000000021103
F008_PID000000370,370,2019-09-19T00:23:01.286645760+00:00,118.71335424,-0.17050691244239632,0.17050691244239632,1.0000000000021103
F008_PID000000370,370,2019-09-19T00:23:01.294222336+00:00,118.705777664,-0.16859122401847576,0.16859122401847576,1.0000000000021103
F008_PID000000370,370,2019-09-19T00:23:01.295670272+00:00,118.704329728,-0.17050691244239632,0.17050691244239632,1.0000000000021103
F008_PID000000370,370,2019-09-19T00:23:01.304463360+00:00,118.69553664,-0.17050691244239632,0.17050691244239632,1.0000000000021103
F008_PID000000370,370,2019-09-19T00:23:01.304523520+00:00,118.69547648,-0.051759834368530024,0.051759834368530024,2.0000000000042206
F008_PID000000370,370,2019-09-19T00:23:01.306555648+00:00,118.693444352,0.07511737089201878,-0.07511737089201878,1.0000000000021103
F008_PID000000370,370,2019-09-19T00:23:01.306723072+00:00,118.693276928,0.06018518518518518,-0.06018518518518518,1.0000000000021103
F008_PID000000370,370,2019-09-19T00:23:01.306777600+00:00,118.6932224,0.0514018691588785,-0.0514018691588785,1.0000000000021103
F008_PID000000370,370,2019-09-19T00:23:01.306971904+00:00,118.693028096,0.04918032786885246,-0.04918032786885246,1.0000000000021103
F008_PID000000370,370,2019-09-19T00:23:01.307026688+00:00,118.692973312,0.04672897196261682,-0.04672897196261682,1.0000000000021103
F008_PID000000370,370,2019-09-19T00:23:01.307184384+00:00,118.692815616,0.04428904428904429,-0.04428904428904429,1.0000000000021103
F008_PID000000370,370,2019-09-19T00:23:01.307248640+00:00,118.69275136,0.037037037037037035,-0.037037037037037035,1.0000000000021103
F008_PID000000370,370,2019-09-19T00:23:01.307896832+00:00,118.692103168,0.03480278422273782,-0.03480278422273782,1.0000000000021103
F008_PID000000370,370,2019-09-19T00:23:01.310415872+00:00,118.689584128,0.02528735632183908,-0.02528735632183908,1.0000000000021103
F008_PID000000370,370,2019-09-19T00:23:01.312061952+00:00,118.687938048,0.020594965675057208,-0.020594965675057208,1.0000000000021103
F008_PID000000370,370,2019-09-19T00:23:01.312193280+00:00,118.68780672,0.0022471910112359553,-0.0022471910112359553,1.0000000000021103
F008_PID000000370,370,2019-09-19T00:23:01.312618496+00:00,118.687381504,-0.002257336343115124,0.002257336343115124,1.0000000000021103
F008_PID000000370,370,2019-09-19T00:23:01.312727040+00:00,118.68727296,-0.004524886877828055,0.004524886877828055,1.0000000000021103
F008_PID000000370,370,2019-09-19T00:23:01.313086976+00:00,118.686913024,-0.009009009009009009,0.009009009009009009,1.0000000000021103
F008_PID000000370,370,2019-09-19T00:23:01.313138688+00:00,118.686861312,-0.015873015873015872,0.015873015873015872,1.0000000000021103
F008_PID000000370,370,2019-09-19T00:23:01.313480960+00:00,118.68651904,-0.02517162471395881,0.02517162471395881,1.0000000000021103
F008_PID000000370,370,2019-09-19T00:23:01.313622272+00:00,118.686377728,-0.031818181818181815,0.031818181818181815,1.0000000000021103
F008_PID000000370,370,2019-09-19T00:23:01.314234112+00:00,118.685765888,-0.034013605442176874,0.034013605442176874,1.0000000000021103
F008_PID000000370,370,2019-09-19T00:23:01.315422720+00:00,118.68457728,-0.031818181818181815,0.031818181818181815,1.0000000000021103
F008_PID000000370,370,2019-09-19T00:23:01.318726400+00:00,118.6812736,-0.029612756264236904,0.029612756264236904,1.0000000000021103
F008_PID000000370,370,2019-09-19T00:23:01.326601728+00:00,118.673398272,-0.02517162471395881,0.02517162471395881,1.0000000000021103
F008_PID000000370,370,2019-09-19T00:23:01.326918912+00:00,118.673081088,-0.020689655172413793,0.020689655172413793,1.0000000000021103
F008_PID000000370,370,2019-09-19T00:23:01.337922304+00:00,118.662077696,-0.011389521640091117,0.011389521640091117,1.0000000000021103
F008_PID000000370,370,2019-09-19T00:23:01.338097152+00:00,118.661902848,-0.0091324200913242,0.0091324200913242,1.0000000000021103
F008_PID000000370,370,2019-09-19T00:23:01.338159872+00:00,118.661840128,-0.006864988558352402,0.006864988558352402,1.0000000000021103
F008_PID000000370,370,2019-09-19T00:23:01.338462976+00:00,118.661537024,-0.0045871559633027525,0.0045871559633027525,1.0000000000021103
F008_PID000000370,370,2019-09-19T00:23:01.338805248+00:00,118.661194752,0.0,-0.0,1.0000000000021103
F008_PID000000370,370,2019-09-19T00:23:01.339268864+00:00,118.660731136,-0.0022988505747126436,0.0022988505747126436,1.0000000000021103
F008_PID000000370,370,2019-09-19T00:23:01.348326400+00:00,118.6516736,-0.006864988558352402,0.006864988558352402,1.0000000000021103
F008_PID000000370,370,2019-09-19T00:23:01.363347456+00:00,118.636652544,-0.0022988505747126436,0.0022988505747126436,1.0000000000021103
F008_PID000000370,370,2019-09-19T00:23:01.389806336+00:00,118.610193664,-0.006864988558352402,0.006864988558352402,1.0000000000021103
F008_PID000000370,370,2019-09-19T00:23:01.394762240+00:00,118.60523776,-0.0022988505747126436,0.0022988505747126436,1.0000000000021103
F008_PID000000370,370,2019-09-19T00:23:01.413356288+00:00,118.586643712,-0.020316027088036117,0.020316027088036117,1.0000000000021103
F008_PID000000370,370,2019-09-19T00:23:01.413731840+00:00,118.58626816,-0.029082774049217,0.029082774049217,1.0000000000021103
F008_PID000000370,370,2019-09-19T00:23:01.426450176+00:00,118.573549824,-0.03125,0.03125,1.0000000000021103
F008_PID000000370,370,2019-09-19T00:23:01.430240768+00:00,118.569759232,-0.029082774049217,0.029082774049217,1.0000000000021103
F008_PID000000370,370,2019-09-19T00:23:01.433407744+00:00,118.566592256,-0.03837471783295711,0.03837471783295711,1.0000000000021103
F008_PID000000370,370,2019-09-19T00:23:01.433577472+00:00,118.566422528,-0.04054054054054054,0.04054054054054054,1.0000000000021103
F008_PID000000370,370,2019-09-19T00:23:01.433717504+00:00,118.566282496,-0.0547945205479452,0.0547945205479452,1.0000000000021103
F008_PID000000370,370,2019-09-19T00:23:01.433969664+00:00,118.566030336,-0.05694760820045558,0.05694760820045558,1.0000000000021103
F008_PID000000370,370,2019-09-19T00:23:01.434029568+00:00,118.565970432,-0.05215419501133787,0.05215419501133787,1.0000000000021103
F008_PID000000370,370,2019-09-19T00:23:01.434115328+00:00,118.565884672,-0.06178489702517163,0.06178489702517163,1.0000000000021103
F008_PID000000370,370,2019-09-19T00:23:01.434178816+00:00,118.565821184,-0.06422018348623854,0.06422018348623854,1.0000000000021103
F008_PID000000370,370,2019-09-19T00:23:01.434238208+00:00,118.565761792,-0.06206896551724138,0.06206896551724138,1.0000000000021103
F008_PID000000370,370,2019-09-19T00:23:01.434344448+00:00,118.565655552,-0.06422018348623854,0.06422018348623854,1.0000000000021103
F008_PID000000370,370,2019-09-19T00:23:01.444252160+00:00,118.55574784,-0.06636155606407322,0.06636155606407322,1.0000000000021103
F008_PID000000370,370,2019-09-19T00:23:01.446695936+00:00,118.553304064,-0.06422018348623854,0.06422018348623854,1.0000000000021103
F008_PID000000370,370,2019-09-19T00:23:01.446854144+00:00,118.553145856,-0.06206896551724138,0.06206896551724138,1.0000000000021103
F008_PID000000370,370,2019-09-19T00:23:01.459228416+00:00,118.540771584,-0.06422018348623854,0.06422018348623854,1.0000000000021103
F008_PID000000370,370,2019-09-19T00:23:01.466566656+00:00,118.533433344,-0.0684931506849315,0.0684931506849315,1.0000000000021103
F008_PID000000370,370,2019-09-19T00:23:01.470842624+00:00,118.529157376,-0.06422018348623854,0.06422018348623854,1.0000000000021103
F008_PID000000370,370,2019-09-19T00:23:01.525968384+00:00,118.474031616,-0.0684931506849315,0.0684931506849315,1.0000000000021103
F008_PID000000370,370,2019-09-19T00:23:01.569278464+00:00,118.430721536,-0.06636155606407322,0.06636155606407322,1.0000000000021103
F008_PID000000370,370,2019-09-19T00:23:01.569594112+00:00,118.430405888,-0.0639269406392694,0.0639269406392694,1.0000000000021103
F008_PID000000370,370,2019-09-19T00:23:01.569660672+00:00,118.430339328,-0.06178489702517163,0.06178489702517163,1.0000000000021103
F008_PID000000370,370,2019-09-19T00:23:01.569829120+00:00,118.43017088,-0.05747126436781609,0.05747126436781609,1.0000000000021103
F008_PID000000370,370,2019-09-19T00:23:01.579003648+00:00,118.420996352,-0.059907834101382486,0.059907834101382486,1.0000000000021103
F008_PID000000370,370,2019-09-19T00:23:01.579173888+00:00,118.420826112,-0.06206896551724138,0.06206896551724138,1.0000000000021103
F008_PID000000370,370,2019-09-19T00:23:01.600638720+00:00,118.39936128,-0.06636155606407322,0.06636155606407322,1.0000000000021103
F008_PID000000370,370,2019-09-19T00:23:01.665816320+00:00,118.33418368,-0.06422018348623854,0.06422018348623854,1.0000000000021103
F008_PID000000370,370,2019-09-19T00:23:01.666572288+00:00,118.333427712,-0.059907834101382486,0.059907834101382486,1.0000000000021103
F008_PID000000370,370,2019-09-19T00:23:01.666740480+00:00,118.33325952,-0.05747126436781609,0.05747126436781609,1.0000000000021103
F008_PID000000370,370,2019-09-19T00:23:01.719830272+00:00,118.280169728,-0.059907834101382486,0.059907834101382486,1.0000000000021103
F008_PID000000370,370,2019-09-19T00:23:01.719995648+00:00,118.280004352,-0.06206896551724138,0.06206896551724138,1.0000000000021103
F008_PID000000370,370,2019-09-19T00:23:01.755292416+00:00,118.244707584,-0.059907834101382486,0.059907834101382486,1.0000000000021103
F008_PID000000370,370,2019-09-19T00:23:01.755458048+00:00,118.244541952,-0.05747126436781609,0.05747126436781609,1.0000000000021103
F008_PID000000370,370,2019-09-19T00:23:01.798376192+00:00,118.201623808,-0.04783599088838269,0.04783599088838269,1.0000000000021103
F008_PID000000370,370,2019-09-19T00:23:01.798543360+00:00,118.20145664,-0.045662100456621,0.045662100456621,1.0000000000021103
F008_PID000000370,370,2019-09-19T00:23:01.921910016+00:00,118.078089984,-0.04328018223234624,0.04328018223234624,1.0000000000021103
F008_PID000000370,370,2019-09-19T00:23:02.077160192+00:00,117.922839808,-0.03854875283446712,0.03854875283446712,1.0000000000021103
F008_PID000000370,370,2019-09-19T00:23:02.077342720+00:00,117.92265728,-0.0319634703196347,0.0319634703196347,1.0000000000021103
F008_PID000000370,370,2019-09-19T00:23:02.159162112+00:00,117.840837888,-0.029748283752860413,0.029748283752860413,1.0000000000021103
F008_PID000000370,370,2019-09-19T00:23:02.160607744+00:00,117.839392256,-0.0319634703196347,0.0319634703196347,1.0000000000021103
F008_PID000000370,370,2019-09-19T00:23:03.703760640+00:00,116.29623936,-0.03416856492027335,0.03416856492027335,1.0000000000021103
F008_PID000000370,370,2019-09-19T00:23:03.703940096+00:00,116.296059904,-0.03636363636363636,0.03636363636363636,1.0000000000021103
F008_PID000000370,370,2019-09-19T00:23:04.440004864+00:00,115.559995136,-0.04072398190045249,0.04072398190045249,1.0000000000021103
F008_PID000000370,370,2019-09-19T00:23:04.440168960+00:00,115.55983104,-0.04308390022675737,0.04308390022675737,1.0000000000021103
F008_PID000000370,370,2019-09-19T00:23:04.440420352+00:00,115.559579648,-0.04783599088838269,0.04783599088838269,1.0000000000021103
F008_PID000000370,370,2019-09-19T00:23:04.441223424+00:00,115.558776576,-0.05215419501133787,0.05215419501133787,1.0000000000021103
F008_PID000000370,370,2019-09-19T00:23:04.441385984+00:00,115.558614016,-0.05454545454545454,0.05454545454545454,1.0000000000021103
F008_PID000000370,370,2019-09-19T00:23:05.529996032+00:00,114.470003968,-0.0502283105022831,0.0502283105022831,1.0000000000021103
F008_PID000000370,370,2019-09-19T00:23:07.259401216+00:00,112.740598784,-0.05239179954441914,0.05239179954441914,1.0000000000021103
F008_PID000000370,370,2019-09-19T00:23:07.278899712+00:00,112.721100288,-0.05668934240362812,0.05668934240362812,1.0000000000021103
F008_PID000000370,370,2019-09-19T00:23:07.299586560+00:00,112.70041344,-0.060948081264108354,0.060948081264108354,1.0000000000021103
F008_PID000000370,370,2019-09-19T00:23:07.378417920+00:00,112.62158208,-0.07061503416856492,0.07061503416856492,1.0000000000021103
F008_PID000000370,370,2019-09-19T00:23:07.378612736+00:00,112.621387264,-0.0779816513761468,0.0779816513761468,1.0000000000021103
F008_PID000000370,370,2019-09-19T00:23:07.378819072+00:00,112.621180928,-0.0821917808219178,0.0821917808219178,1.0000000000021103
F008_PID000000370,370,2019-09-19T00:23:07.378875648+00:00,112.621124352,-0.08843537414965986,0.08843537414965986,1.0000000000021103
F008_PID000000370,370,2019-09-19T00:23:07.379046144+00:00,112.620953856,-0.0945945945945946,0.0945945945945946,1.0000000000021103
F008_PID000000370,370,2019-09-19T00:23:07.379401472+00:00,112.620598528,-0.09954751131221719,0.09954751131221719,1.0000000000021103
F008_PID000000370,370,2019-09-19T00:23:07.379563776+00:00,112.620436224,-0.10204081632653061,0.10204081632653061,1.0000000000021103
F008_PID000000370,370,2019-09-19T00:23:07.519798528+00:00,112.480201472,-0.1070615034168565,0.1070615034168565,1.0000000000021103
F008_PID000000370,370,2019-09-19T00:23:07.520028672+00:00,112.479971328,-0.1095890410958904,0.1095890410958904,1.0000000000021103
F008_PID000000370,370,2019-09-19T00:23:07.605788416+00:00,112.394211584,-0.10454545454545454,0.10454545454545454,1.0000000000021103
F008_PID000000370,370,2019-09-19T00:23:07.605951488+00:00,112.394048512,-0.1004566210045662,0.1004566210045662,1.0000000000021103
F008_PID000000370,370,2019-09-19T00:23:07.606000128+00:00,112.393999872,-0.0963302752293578,0.0963302752293578,1.0000000000021103
F008_PID000000370,370,2019-09-19T00:23:07.606124288+00:00,112.393875712,-0.091324200913242,0.091324200913242,1.0000000000021103
F008_PID000000370,370,2019-09-19T00:23:07.606183424+00:00,112.393816576,-0.08505747126436781,0.08505747126436781,1.0000000000021103
F008_PID000000370,370,2019-09-19T00:23:07.606244864+00:00,112.393755136,-0.0776255707762557,0.0776255707762557,1.0000000000021103
F008_PID000000370,370,2019-09-19T00:23:07.606328576+00:00,112.393671424,-0.07339449541284404,0.07339449541284404,1.0000000000021103
F008_PID000000370,370,2019-09-19T00:23:07.606405120+00:00,112.39359488,-0.06912442396313365,0.06912442396313365,1.0000000000021103
F008_PID000000370,370,2019-09-19T00:23:07.606466048+00:00,112.393533952,-0.06666666666666667,0.06666666666666667,1.0000000000021103
F008_PID000000370,370,2019-09-19T00:23:07.606528+00:00,112.393472,-0.06451612903225806,0.06451612903225806,1.0000000000021103
F008_PID000000370,370,2019-09-19T00:23:07.663262464+00:00,112.336737536,-0.06880733944954129,0.06880733944954129,1.0000000000021103
F008_PID000000370,370,2019-09-19T00:23:07.663432448+00:00,112.336567552,-0.07126436781609195,0.07126436781609195,1.0000000000021103
F008_PID000000370,370,2019-09-19T00:23:07.745157120+00:00,112.25484288,-0.06697459584295612,0.06697459584295612,1.0000000000021103
F008_PID000000370,370,2019-09-19T00:23:07.793805312+00:00,112.206194688,-0.06912442396313365,0.06912442396313365,1.0000000000021103
F008_PID000000370,370,2019-09-19T00:23:07.810682368+00:00,112.189317632,-0.06697459584295612,0.06697459584295612,1.0000000000021103
F008_PID000000370,370,2019-09-19T00:23:08.643604992+00:00,111.356395008,-0.06912442396313365,0.06912442396313365,1.0000000000021103
F008_PID000000370,370,2019-09-19T00:23:08.649248768+00:00,111.350751232,-0.0765661252900232,0.0765661252900232,1.0000000000021103
F008_PID000000370,370,2019-09-19T00:23:08.649416192+00:00,111.350583808,-0.08083140877598152,0.08083140877598152,1.0000000000021103
F008_PID000000370,370,2019-09-19T00:23:08.649605376+00:00,111.350394624,-0.08584686774941995,0.08584686774941995,1.0000000000021103
F008_PID000000370,370,2019-09-19T00:23:08.649786880+00:00,111.35021312,-0.09006928406466513,0.09006928406466513,1.0000000000021103
F008_PID000000370,370,2019-09-19T00:23:08.650073856+00:00,111.349926144,-0.08755760368663594,0.08755760368663594,1.0000000000021103
F008_PID000000370,370,2019-09-19T00:23:09.019774976+00:00,110.980225024,-0.08505747126436781,0.08505747126436781,1.0000000000021103
F008_PID000000370,370,2019-09-19T00:23:09.019833344+00:00,110.980166656,-0.08083140877598152,0.08083140877598152,1.0000000000021103
F008_PID000000370,370,2019-09-19T00:23:09.020018688+00:00,110.979981312,-0.07586206896551724,0.07586206896551724,1.0000000000021103
F008_PID000000370,370,2019-09-19T00:23:09.020078080+00:00,110.97992192,-0.07159353348729793,0.07159353348729793,1.0000000000021103
F008_PID000000370,370,2019-09-19T00:23:09.020138752+00:00,110.979861248,-0.06944444444444445,0.06944444444444445,1.0000000000021103
F008_PID000000370,370,2019-09-19T00:23:09.020262912+00:00,110.979737088,-0.06206896551724138,0.06206896551724138,1.0000000000021103
F008_PID000000370,370,2019-09-19T00:23:09.020440576+00:00,110.979559424,-0.05555555555555555,0.05555555555555555,1.0000000000021103
F008_PID000000370,370,2019-09-19T00:23:09.066111488+00:00,110.933888512,-0.059907834101382486,0.059907834101382486,1.0000000000021103
F008_PID000000370,370,2019-09-19T00:23:09.066275072+00:00,110.933724928,-0.06481481481481481,0.06481481481481481,1.0000000000021103
F008_PID000000370,370,2019-09-19T00:23:09.143390208+00:00,110.856609792,-0.05504587155963303,0.05504587155963303,1.0000000000021103
F008_PID000000370,370,2019-09-19T00:23:09.143552256+00:00,110.856447744,-0.05069124423963134,0.05069124423963134,1.0000000000021103
F008_PID000000370,370,2019-09-19T00:23:09.143718912+00:00,110.856281088,-0.04827586206896552,0.04827586206896552,1.0000000000021103
F008_PID000000370,370,2019-09-19T00:23:09.143899136+00:00,110.856100864,-0.04608294930875576,0.04608294930875576,1.0000000000021103
F008_PID000000370,370,2019-09-19T00:23:09.144078336+00:00,110.855921664,-0.04827586206896552,0.04827586206896552,1.0000000000021103
F008_PID000000370,370,2019-09-19T00:23:09.144137728+00:00,110.855862272,-0.0410958904109589,0.0410958904109589,1.0000000000021103
F008_PID000000370,370,2019-09-19T00:23:09.144247552+00:00,110.855752448,-0.04328018223234624,0.04328018223234624,1.0000000000021103
F008_PID000000370,370,2019-09-19T00:23:09.144304128+00:00,110.855695872,-0.045662100456621,0.045662100456621,1.0000000000021103
F008_PID000000370,370,2019-09-19T00:23:09.144363520+00:00,110.85563648,-0.043478260869565216,0.043478260869565216,1.0000000000021103
F008_PID000000370,370,2019-09-19T00:23:09.144426496+00:00,110.855573504,-0.04128440366972477,0.04128440366972477,1.0000000000021103
F008_PID000000370,370,2019-09-19T00:23:09.144488448+00:00,110.855511552,-0.043478260869565216,0.043478260869565216,1.0000000000021103
F008_PID000000370,370,2019-09-19T00:23:09.159218176+00:00,110.840781824,-0.0387243735763098,0.0387243735763098,1.0000000000021103
F008_PID000000370,370,2019-09-19T00:23:09.159387136+00:00,110.840612864,-0.0365296803652968,0.0365296803652968,1.0000000000021103
F008_PID000000370,370,2019-09-19T00:23:09.159560960+00:00,110.84043904,-0.034324942791762014,0.034324942791762014,1.0000000000021103
F008_PID000000370,370,2019-09-19T00:23:09.288368640+00:00,110.71163136,-0.016317016317016316,0.016317016317016316,1.0000000000021103
F008_PID000000370,370,2019-09-19T00:23:09.298345984+00:00,110.701654016,-0.034324942791762014,0.034324942791762014,1.0000000000021103
F008_PID000000370,370,2019-09-19T00:23:09.304255488+00:00,110.695744512,-0.0365296803652968,0.0365296803652968,1.0000000000021103
F008_PID000000370,370,2019-09-19T00:23:09.409246208+00:00,110.590753792,-0.04128440366972477,0.04128440366972477,1.0000000000021103
F008_PID000000370,370,2019-09-19T00:23:09.409424128+00:00,110.590575872,-0.043478260869565216,0.043478260869565216,1.0000000000021103
F008_PID000000370,370,2019-09-19T00:23:09.443742720+00:00,110.55625728,-0.04128440366972477,0.04128440366972477,1.0000000000021103
F008_PID000000370,370,2019-09-19T00:23:09.488745984+00:00,110.511254016,-0.043478260869565216,0.043478260869565216,1.0000000000021103
F008_PID000000370,370,2019-09-19T00:23:09.891550976+00:00,110.108449024,-0.04128440366972477,0.04128440366972477,1.0000000000021103
F008_PID000000370,370,2019-09-19T00:23:10.029245440+00:00,109.97075456,-0.038901601830663615,0.038901601830663615,1.0000000000021103
F008_PID000000370,370,2019-09-19T00:23:10.029427200+00:00,109.9705728,-0.03669724770642202,0.03669724770642202,1.0000000000021103
F008_PID000000370,370,2019-09-19T00:23:10.068737536+00:00,109.931262464,-0.034324942791762014,0.034324942791762014,1.0000000000021103
F008_PID000000370,370,2019-09-19T00:23:15.462418688+00:00,104.537581312,-0.029885057471264367,0.029885057471264367,1.0000000000021103
F008_PID000000370,370,2019-09-19T00:23:15.464353280+00:00,104.53564672,-0.029885057471264367,0.029885057471264367,1.0000000000021103
F008_PID000000370,370,2019-09-19T00:23:15.464435712+00:00,104.535564288,-0.027649769585253458,0.027649769585253458,1.0000000000021103
F008_PID000000370,370,2019-09-19T00:23:15.464521984+00:00,104.535478016,-0.013636363636363636,0.013636363636363636,1.0000000000021103
F008_PID000000370,370,2019-09-19T00:23:15.464648448+00:00,104.535351552,-0.013636363636363636,0.013636363636363636,1.0000000000021103
F008_PID000000370,370,2019-09-19T00:23:15.464684544+00:00,104.535315456,-0.0091324200913242,0.0091324200913242,1.0000000000021103
F008_PID000000370,370,2019-09-19T00:23:15.464758528+00:00,104.535241472,-0.0091324200913242,0.0091324200913242,1.0000000000021103
F008_PID000000370,370,2019-09-19T00:23:15.464758528+00:00,104.535241472,-0.0045871559633027525,0.0045871559633027525,1.0000000000021103
F008_PID000000370,370,2019-09-19T00:23:15.464857600+00:00,104.5351424,-0.0045871559633027525,0.0045871559633027525,1.0000000000021103
F008_PID000000370,370,2019-09-19T00:23:15.464857600+00:00,104.5351424,-0.11788617886178862,0.11788617886178862,2.0000000000042206
F008_PID000000370,370,2019-09-19T00:23:15.465039872+00:00,104.534960128,-0.23873873873873874,0.23873873873873874,1.0000000000021103
F008_PID000000370,370,2019-09-19T00:23:15.465160960+00:00,104.53483904,-0.23318385650224216,0.23318385650224216,1.0000000000021103
F008_PID000000370,370,2019-09-19T00:23:15.466577152+00:00,104.533422848,-0.23042505592841164,0.23042505592841164,1.0000000000021103
F008_PID000000370,370,2019-09-19T00:23:15.466939392+00:00,104.533060608,-0.22494432071269488,0.22494432071269488,1.0000000000021103
F008_PID000000370,370,2019-09-19T00:23:15.467014656+00:00,104.532985344,-0.21951219512195122,0.21951219512195122,1.0000000000021103
F008_PID000000370,370,2019-09-19T00:23:15.476102912+00:00,104.523897088,-0.22494432071269488,0.22494432071269488,1.0000000000021103
F008_PID000000370,370,2019-09-19T00:23:15.476303360+00:00,104.52369664,-0.23042505592841164,0.23042505592841164,1.0000000000021103
F008_PID000000370,370,2019-09-19T00:23:15.476530688+00:00,104.523469312,-0.23595505617977527,0.23595505617977527,1.0000000000021103
F008_PID000000370,370,2019-09-19T00:23:15.480572928+00:00,104.519427072,-0.2290249433106576,0.2290249433106576,1.0000000000021103
F008_PID000000370,370,2019-09-19T00:23:15.480621312+00:00,104.519378688,-0.21478060046189376,0.21478060046189376,1.0000000000021103
F008_PID000000370,370,2019-09-19T00:23:15.481057536+00:00,104.518942464,-0.22041763341067286,0.22041763341067286,1.0000000000021103
F008_PID000000370,370,2019-09-19T00:23:15.481127168+00:00,104.518872832,-0.21478060046189376,0.21478060046189376,1.0000000000021103
F008_PID000000370,370,2019-09-19T00:23:15.481201664+00:00,104.518798336,-0.20919540229885059,0.20919540229885059,1.0000000000021103
F008_PID000000370,370,2019-09-19T00:23:15.481350400+00:00,104.5186496,-0.21478060046189376,0.21478060046189376,1.0000000000021103
F008_PID000000370,370,2019-09-19T00:23:15.481404672+00:00,104.518595328,-0.22041763341067286,0.22041763341067286,1.0000000000021103
F008_PID000000370,370,2019-09-19T00:23:15.481732864+00:00,104.518267136,-0.09583333333333334,0.09583333333333334,2.0000000000042206
F008_PID000000370,370,2019-09-19T00:23:15.481998336+00:00,104.518001664,-0.2175925925925926,0.2175925925925926,1.0000000000021103
F008_PID000000370,370,2019-09-19T00:23:15.482229248+00:00,104.517770752,-0.228310502283105,0.228310502283105,1.0000000000021103
F008_PID000000370,370,2019-09-19T00:23:15.482971136+00:00,104.517028864,-0.10699588477366255,0.10699588477366255,2.0000000000042206
F008_PID000000370,370,2019-09-19T00:23:15.491769344+00:00,104.508230656,-0.10472279260780287,0.10472279260780287,2.0000000000042206
F008_PID000000370,370,2019-09-19T00:23:15.535416064+00:00,104.464583936,-0.09730848861283643,0.09730848861283643,2.0000000000042206
F008_PID000000370,370,2019-09-19T00:23:15.535495168+00:00,104.464504832,-0.2128146453089245,0.2128146453089245,1.0000000000021103
F008_PID000000370,370,2019-09-19T00:23:15.535537920+00:00,104.46446208,-0.2018140589569161,0.2018140589569161,1.0000000000021103
F008_PID000000370,370,2019-09-19T00:23:15.535556096+00:00,104.464443904,-0.18040089086859687,0.18040089086859687,1.0000000000021103
F008_PID000000370,370,2019-09-19T00:23:15.535900416+00:00,104.464099584,-0.17777777777777778,0.17777777777777778,1.0000000000021103
F008_PID000000370,370,2019-09-19T00:23:15.535969024+00:00,104.464030976,-0.17256637168141592,0.17256637168141592,1.0000000000021103
F008_PID000000370,370,2019-09-19T00:23:15.536034816+00:00,104.463965184,-0.16997792494481237,0.16997792494481237,1.0000000000021103
F008_PID000000370,370,2019-09-19T00:23:15.536211712+00:00,104.463788288,-0.16740088105726872,0.16740088105726872,1.0000000000021103
F008_PID000000370,370,2019-09-19T00:23:15.536308736+00:00,104.463691264,-0.16228070175438597,0.16228070175438597,1.0000000000021103
F008_PID000000370,370,2019-09-19T00:23:15.543014656+00:00,104.456985344,-0.1511111111111111,0.1511111111111111,1.0000000000021103
F008_PID000000370,370,2019-09-19T00:23:15.543198720+00:00,104.45680128,-0.14601769911504425,0.14601769911504425,1.0000000000021103
F008_PID000000370,370,2019-09-19T00:23:15.547158272+00:00,104.452841728,-0.1511111111111111,0.1511111111111111,1.0000000000021103
F008_PID000000370,370,2019-09-19T00:23:15.547364608+00:00,104.452635392,-0.15367483296213807,0.15367483296213807,1.0000000000021103
F008_PID000000370,370,2019-09-19T00:23:15.555221760+00:00,104.44477824,-0.1383219954648526,0.1383219954648526,1.0000000000021103
F008_PID000000370,370,2019-09-19T00:23:15.555724800+00:00,104.4442752,-0.13318284424379231,0.13318284424379231,1.0000000000021103
F008_PID000000370,370,2019-09-19T00:23:15.599867136+00:00,104.400132864,-0.12808988764044943,0.12808988764044943,1.0000000000021103
F008_PID000000370,370,2019-09-19T00:23:15.601089792+00:00,104.398910208,-0.10816777041942605,0.10816777041942605,1.0000000000021103
F008_PID000000370,370,2019-09-19T00:23:15.630242816+00:00,104.369757184,-0.10329670329670329,0.10329670329670329,1.0000000000021103
F008_PID000000370,370,2019-09-19T00:23:15.652585984+00:00,104.347414016,-0.09933774834437085,0.09933774834437085,1.0000000000021103
F008_PID000000370,370,2019-09-19T00:23:15.652759552+00:00,104.347240448,-0.09691629955947137,0.09691629955947137,1.0000000000021103
F008_PID000000370,370,2019-09-19T00:23:15.652923136+00:00,104.347076864,-0.09933774834437085,0.09933774834437085,1.0000000000021103
F008_PID000000370,370,2019-09-19T00:23:15.653072128+00:00,104.346927872,-0.09534368070953436,0.09534368070953436,1.0000000000021103
F008_PID000000370,370,2019-09-19T00:23:15.653127424+00:00,104.346872576,-0.09333333333333334,0.09333333333333334,1.0000000000021103
F008_PID000000370,370,2019-09-19T00:23:15.653258496+00:00,104.346741504,-0.08928571428571429,0.08928571428571429,1.0000000000021103
F008_PID000000370,370,2019-09-19T00:23:15.653317120+00:00,104.34668288,-0.08685968819599109,0.08685968819599109,1.0000000000021103
F008_PID000000370,370,2019-09-19T00:23:15.653376+00:00,104.346624,-0.08482142857142858,0.08482142857142858,1.0000000000021103
F008_PID000000370,370,2019-09-19T00:23:15.653435136+00:00,104.346564864,-0.087248322147651,0.087248322147651,1.0000000000021103
F008_PID000000370,370,2019-09-19T00:23:15.653492992+00:00,104.346507008,-0.08314606741573034,0.08314606741573034,1.0000000000021103
F008_PID000000370,370,2019-09-19T00:23:15.653658368+00:00,104.346341632,-0.08071748878923767,0.08071748878923767,1.0000000000021103
F008_PID000000370,370,2019-09-19T00:23:15.659843840+00:00,104.34015616,-0.07589285714285714,0.07589285714285714,1.0000000000021103
F008_PID000000370,370,2019-09-19T00:23:15.765674496+00:00,104.234325504,-0.0696629213483146,0.0696629213483146,1.0000000000021103
F008_PID000000370,370,2019-09-19T00:23:15.765897728+00:00,104.234102272,-0.06726457399103139,0.06726457399103139,1.0000000000021103
F008_PID000000370,370,2019-09-19T00:23:15.773746688+00:00,104.226253312,-0.0696629213483146,0.0696629213483146,1.0000000000021103
F008_PID000000370,370,2019-09-19T00:23:15.773912064+00:00,104.226087936,-0.07207207207207207,0.07207207207207207,1.0000000000021103
F008_PID000000370,370,2019-09-19T00:23:15.843775488+00:00,104.156224512,-0.0696629213483146,0.0696629213483146,1.0000000000021103
F008_PID000000370,370,2019-09-19T00:23:15.844292608+00:00,104.155707392,-0.0625,0.0625,1.0000000000021103
F008_PID000000370,370,2019-09-19T00:23:15.844456704+00:00,104.155543296,-0.056179775280898875,0.056179775280898875,1.0000000000021103
F008_PID000000370,370,2019-09-19T00:23:15.849750528+00:00,104.150249472,-0.05191873589164785,0.05191873589164785,1.0000000000021103
F008_PID000000370,370,2019-09-19T00:23:15.932375552+00:00,104.067624448,-0.056179775280898875,0.056179775280898875,1.0000000000021103
F008_PID000000370,370,2019-09-19T00:23:15.933395712+00:00,104.066604288,-0.05855855855855856,0.05855855855855856,1.0000000000021103
F008_PID000000370,370,2019-09-19T00:23:15.982873600+00:00,104.0171264,-0.06818181818181818,0.06818181818181818,1.0000000000021103
F008_PID000000370,370,2019-09-19T00:23:15.982911744+00:00,104.017088256,-0.08796296296296297,0.08796296296296297,1.0000000000021103
F008_PID000000370,370,2019-09-19T00:23:15.983041536+00:00,104.016958464,-0.09006928406466513,0.09006928406466513,1.0000000000021103
F008_PID000000370,370,2019-09-19T00:23:15.983104768+00:00,104.016895232,-0.09767441860465116,0.09767441860465116,1.0000000000021103
F008_PID000000370,370,2019-09-19T00:23:15.983237632+00:00,104.016762368,-0.107981220657277,0.107981220657277,1.0000000000021103
F008_PID000000370,370,2019-09-19T00:23:15.983638784+00:00,104.016361216,-0.11320754716981132,0.11320754716981132,1.0000000000021103
F008_PID000000370,370,2019-09-19T00:23:15.984533504+00:00,104.015466496,-0.11737089201877934,0.11737089201877934,1.0000000000021103
F008_PID000000370,370,2019-09-19T00:23:15.985423616+00:00,104.014576384,-0.12354312354312354,0.12354312354312354,1.0000000000021103
F008_PID000000370,370,2019-09-19T00:23:16.075083264+00:00,103.924916736,-0.12761020881670534,0.12761020881670534,1.0000000000021103
F008_PID000000370,370,2019-09-19T00:23:16.075256832+00:00,103.924743168,-0.135632183908046,0.135632183908046,1.0000000000021103
F008_PID000000370,370,2019-09-19T00:23:16.099779584+00:00,103.900220416,-0.14087759815242495,0.14087759815242495,1.0000000000021103
F008_PID000000370,370,2019-09-19T00:23:16.116472832+00:00,103.883527168,-0.1382488479262673,0.1382488479262673,1.0000000000021103
F008_PID000000370,370,2019-09-19T00:23:16.119216640+00:00,103.88078336,-0.14087759815242495,0.14087759815242495,1.0000000000021103
F008_PID000000370,370,2019-09-19T00:23:16.251471104+00:00,103.748528896,-0.1382488479262673,0.1382488479262673,1.0000000000021103
F008_PID000000370,370,2019-09-19T00:23:16.502056960+00:00,103.49794304,-0.13302752293577982,0.13302752293577982,1.0000000000021103
F008_PID000000370,370,2019-09-19T00:23:16.502260480+00:00,103.49773952,-0.125,0.125,1.0000000000021103
F008_PID000000370,370,2019-09-19T00:23:16.502435072+00:00,103.497564928,-0.11981566820276497,0.11981566820276497,1.0000000000021103
F008_PID000000370,370,2019-09-19T00:23:16.502494208+00:00,103.497505792,-0.11574074074074074,0.11574074074074074,1.0000000000021103
F008_PID000000370,370,2019-09-19T00:23:16.502551808+00:00,103.497448192,-0.1136890951276102,0.1136890951276102,1.0000000000021103
F008_PID000000370,370,2019-09-19T00:23:16.502588928+00:00,103.497411072,-0.10955710955710955,0.10955710955710955,1.0000000000021103
F008_PID000000370,370,2019-09-19T00:23:16.502780672+00:00,103.497219328,-0.1053864168618267,0.1053864168618267,1.0000000000021103
F008_PID000000370,370,2019-09-19T00:23:16.502841344+00:00,103.497158656,-0.102803738317757,0.102803738317757,1.0000000000021103
F008_PID000000370,370,2019-09-19T00:23:16.607393280+00:00,103.39260672,-0.1048951048951049,0.1048951048951049,1.0000000000021103
F008_PID000000370,370,2019-09-19T00:23:16.607579392+00:00,103.392420608,-0.11007025761124122,0.11007025761124122,1.0000000000021103
F008_PID000000370,370,2019-09-19T00:23:16.607643904+00:00,103.392356096,-0.11267605633802817,0.11267605633802817,1.0000000000021103
F008_PID000000370,370,2019-09-19T00:23:16.607743232+00:00,103.392256768,-0.11475409836065574,0.11475409836065574,1.0000000000021103
F008_PID000000370,370,2019-09-19T00:23:16.639232256+00:00,103.360767744,-0.11214953271028037,0.11214953271028037,1.0000000000021103
F008_PID000000370,370,2019-09-19T00:23:16.639293952+00:00,103.360706048,-0.11007025761124122,0.11007025761124122,1.0000000000021103
F008_PID000000370,370,2019-09-19T00:23:16.639455744+00:00,103.360544256,-0.107981220657277,0.107981220657277,1.0000000000021103
F008_PID000000370,370,2019-09-19T00:23:16.639623680+00:00,103.36037632,-0.1053864168618267,0.1053864168618267,1.0000000000021103
F008_PID000000370,370,2019-09-19T00:23:17.218638336+00:00,102.781361664,-0.10747663551401869,0.10747663551401869,1.0000000000021103
F008_PID000000370,370,2019-09-19T00:23:17.218817280+00:00,102.78118272,-0.11007025761124122,0.11007025761124122,1.0000000000021103
F008_PID000000370,370,2019-09-19T00:23:17.565996544+00:00,102.434003456,-0.107981220657277,0.107981220657277,1.0000000000021103
F008_PID000000370,370,2019-09-19T00:23:17.566164736+00:00,102.433835264,-0.1053864168618267,0.1053864168618267,1.0000000000021103
F008_PID000000370,370,2019-09-19T00:23:17.614148608+00:00,102.385851392,-0.10747663551401869,0.10747663551401869,1.0000000000021103
F008_PID000000370,370,2019-09-19T00:23:19.325637120+00:00,100.67436288,-0.11162790697674418,0.11162790697674418,1.0000000000021103
F008_PID000000370,370,2019-09-19T00:23:19.325805056+00:00,100.674194944,-0.11421911421911422,0.11421911421911422,1.0000000000021103
F008_PID000000370,370,2019-09-19T00:23:19.326000128+00:00,100.673999872,-0.11832946635730858,0.11832946635730858,1.0000000000021103
F008_PID000000370,370,2019-09-19T00:23:19.326062080+00:00,100.67393792,-0.12093023255813953,0.12093023255813953,1.0000000000021103
F008_PID000000370,370,2019-09-19T00:23:19.326246912+00:00,100.673753088,-0.12296983758700696,0.12296983758700696,1.0000000000021103
F008_PID000000370,370,2019-09-19T00:23:19.339337728+00:00,100.660662272,-0.12702078521939955,0.12702078521939955,1.0000000000021103
F008_PID000000370,370,2019-09-19T00:23:19.339393024+00:00,100.660606976,-0.125,0.125,1.0000000000021103
F008_PID000000370,370,2019-09-19T00:23:19.339453696+00:00,100.660546304,-0.13023255813953488,0.13023255813953488,1.0000000000021103
F008_PID000000370,370,2019-09-19T00:23:19.339520768+00:00,100.660479232,-0.13551401869158877,0.13551401869158877,1.0000000000021103
F008_PID000000370,370,2019-09-19T00:23:19.339579136+00:00,100.660420864,-0.13752913752913754,0.13752913752913754,1.0000000000021103
F008_PID000000370,370,2019-09-19T00:23:19.339645952+00:00,100.660354048,-0.14018691588785046,0.14018691588785046,1.0000000000021103
F008_PID000000370,370,2019-09-19T00:23:19.339705088+00:00,100.660294912,-0.14814814814814814,0.14814814814814814,1.0000000000021103
F008_PID000000370,370,2019-09-19T00:23:19.340176640+00:00,100.65982336,-0.1598173515981735,0.1598173515981735,1.0000000000021103
F008_PID000000370,370,2019-09-19T00:23:19.340225536+00:00,100.659774464,-0.16363636363636364,0.16363636363636364,1.0000000000021103
F008_PID000000370,370,2019-09-19T00:23:19.340269824+00:00,100.659730176,-0.1689497716894977,0.1689497716894977,1.0000000000021103
F008_PID000000370,370,2019-09-19T00:23:19.340352768+00:00,100.659647232,-0.1746031746031746,0.1746031746031746,1.0000000000021103
F008_PID000000370,370,2019-09-19T00:23:19.340425472+00:00,100.659574528,-0.17727272727272728,0.17727272727272728,1.0000000000021103
F008_PID000000370,370,2019-09-19T00:23:19.340614400+00:00,100.6593856,-0.182648401826484,0.182648401826484,1.0000000000021103
F008_PID000000370,370,2019-09-19T00:23:19.353733376+00:00,100.646266624,-0.18807339449541285,0.18807339449541285,1.0000000000021103
F008_PID000000370,370,2019-09-19T00:23:19.354720+00:00,100.64528,-0.20270270270270271,0.20270270270270271,1.0000000000021103
F008_PID000000370,370,2019-09-19T00:23:19.354866688+00:00,100.645133312,-0.22477064220183487,0.22477064220183487,1.0000000000021103
F008_PID000000370,370,2019-09-19T00:23:19.355040256+00:00,100.644959744,-0.10103092783505155,0.10103092783505155,2.0000000000042206
F008_PID000000370,370,2019-09-19T00:23:19.355305472+00:00,100.644694528,-0.2219679633867277,0.2219679633867277,1.0000000000021103
F008_PID000000370,370,2019-09-19T00:23:19.365754624+00:00,100.634245376,-0.2255125284738041,0.2255125284738041,1.0000000000021103
F008_PID000000370,370,2019-09-19T00:23:19.366869248+00:00,100.633130752,-0.22272727272727272,0.22272727272727272,1.0000000000021103
F008_PID000000370,370,2019-09-19T00:23:19.367041024+00:00,100.632958976,-0.2191780821917808,0.2191780821917808,1.0000000000021103
F008_PID000000370,370,2019-09-19T00:23:19.367217920+00:00,100.63278208,-0.2164009111617312,0.2164009111617312,1.0000000000021103
F008_PID000000370,370,2019-09-19T00:23:19.469832192+00:00,100.530167808,-0.2128146453089245,0.2128146453089245,1.0000000000021103
F008_PID000000370,370,2019-09-19T00:23:19.470018048+00:00,100.529981952,-0.2100456621004566,0.2100456621004566,1.0000000000021103
F008_PID000000370,370,2019-09-19T00:23:19.498731776+00:00,100.501268224,-0.2128146453089245,0.2128146453089245,1.0000000000021103
F008_PID000000370,370,2019-09-19T00:23:19.498905600+00:00,100.5010944,-0.21559633027522937,0.21559633027522937,1.0000000000021103
F008_PID000000370,370,2019-09-19T00:23:19.499080960+00:00,100.50091904,-0.22119815668202766,0.22119815668202766,1.0000000000021103
F008_PID000000370,370,2019-09-19T00:23:19.499510528+00:00,100.500489472,-0.09730848861283643,0.09730848861283643,2.0000000000042206
F008_PID000000370,370,2019-09-19T00:23:19.573828096+00:00,100.426171904,-0.10103092783505155,0.10103092783505155,2.0000000000042206
F008_PID000000370,370,2019-09-19T00:23:19.632718080+00:00,100.36728192,-0.09730848861283643,0.09730848861283643,2.0000000000042206
F008_PID000000370,370,2019-09-19T00:23:20.157847808+00:00,99.842152192,-0.21839080459770116,0.21839080459770116,1.0000000000021103
F008_PID000000370,370,2019-09-19T00:23:20.158104320+00:00,99.84189568,-0.2100456621004566,0.2100456621004566,1.0000000000021103
F008_PID000000370,370,2019-09-19T00:23:20.158252544+00:00,99.841747456,-0.20454545454545456,0.20454545454545456,1.0000000000021103
F008_PID000000370,370,2019-09-19T00:23:20.158353920+00:00,99.84164608,-0.19909502262443438,0.19909502262443438,1.0000000000021103
F008_PID000000370,370,2019-09-19T00:23:20.158405376+00:00,99.841594624,-0.1963882618510158,0.1963882618510158,1.0000000000021103
F008_PID000000370,370,2019-09-19T00:23:20.158500864+00:00,99.841499136,-0.1927437641723356,0.1927437641723356,1.0000000000021103
F008_PID000000370,370,2019-09-19T00:23:20.158561280+00:00,99.84143872,-0.19004524886877827,0.19004524886877827,1.0000000000021103
F008_PID000000370,370,2019-09-19T00:23:20.158823168+00:00,99.841176832,-0.18820861678004536,0.18820861678004536,1.0000000000021103
F008_PID000000370,370,2019-09-19T00:23:20.170759424+00:00,99.829240576,-0.18284424379232506,0.18284424379232506,1.0000000000021103
F008_PID000000370,370,2019-09-19T00:23:20.182773504+00:00,99.817226496,-0.17752808988764046,0.17752808988764046,1.0000000000021103
F008_PID000000370,370,2019-09-19T00:23:20.183105792+00:00,99.816894208,-0.17194570135746606,0.17194570135746606,1.0000000000021103
F008_PID000000370,370,2019-09-19T00:23:20.209445376+00:00,99.790554624,-0.17727272727272728,0.17727272727272728,1.0000000000021103
F008_PID000000370,370,2019-09-19T00:23:20.209611264+00:00,99.790388736,-0.17995444191343962,0.17995444191343962,1.0000000000021103
F008_PID000000370,370,2019-09-19T00:23:20.316305920+00:00,99.68369408,-0.16473317865429235,0.16473317865429235,1.0000000000021103
F008_PID000000370,370,2019-09-19T00:23:20.316365824+00:00,99.683634176,-0.14350797266514806,0.14350797266514806,1.0000000000021103
F008_PID000000370,370,2019-09-19T00:23:20.490240+00:00,99.50976,-0.13958810068649885,0.13958810068649885,1.0000000000021103
F008_PID000000370,370,2019-09-19T00:23:20.490426112+00:00,99.509573888,-0.136986301369863,0.136986301369863,1.0000000000021103
F008_PID000000370,370,2019-09-19T00:23:20.490596096+00:00,99.509403904,-0.13958810068649885,0.13958810068649885,1.0000000000021103
F008_PID000000370,370,2019-09-19T00:23:20.492165376+00:00,99.507834624,-0.16083916083916083,0.16083916083916083,1.0000000000021103
F008_PID000000370,370,2019-09-19T00:23:21.055284480+00:00,98.94471552,-0.15690866510538642,0.15690866510538642,1.0000000000021103
F008_PID000000370,370,2019-09-19T00:23:21.063021312+00:00,98.936978688,-0.15151515151515152,0.15151515151515152,1.0000000000021103
F008_PID000000370,370,2019-09-19T00:23:21.063190528+00:00,98.936809472,-0.14352941176470588,0.14352941176470588,1.0000000000021103
F008_PID000000370,370,2019-09-19T00:23:21.063373824+00:00,98.936626176,-0.14084507042253522,0.14084507042253522,1.0000000000021103
F008_PID000000370,370,2019-09-19T00:23:22.149267712+00:00,97.850732288,-0.14622641509433962,0.14622641509433962,1.0000000000021103
F008_PID000000370,370,2019-09-19T00:23:22.149471488+00:00,97.850528512,-0.15023474178403756,0.15023474178403756,1.0000000000021103
F008_PID000000370,370,2019-09-19T00:23:22.149526784+00:00,97.850473216,-0.1522248243559719,0.1522248243559719,1.0000000000021103
F008_PID000000370,370,2019-09-19T00:23:22.149587968+00:00,97.850412032,-0.15492957746478872,0.15492957746478872,1.0000000000021103
F008_PID000000370,370,2019-09-19T00:23:22.149650176+00:00,97.850349824,-0.16279069767441862,0.16279069767441862,1.0000000000021103
F008_PID000000370,370,2019-09-19T00:23:22.149703424+00:00,97.850296576,-0.16083916083916083,0.16083916083916083,1.0000000000021103
F008_PID000000370,370,2019-09-19T00:23:22.162735360+00:00,97.83726464,-0.16627634660421545,0.16627634660421545,1.0000000000021103
F008_PID000000370,370,2019-09-19T00:23:22.163764992+00:00,97.836235008,-0.18160919540229886,0.18160919540229886,1.0000000000021103
F008_PID000000370,370,2019-09-19T00:23:22.426532864+00:00,97.573467136,-0.17620137299771166,0.17620137299771166,1.0000000000021103
F008_PID000000370,370,2019-09-19T00:23:22.426747904+00:00,97.573252096,-0.1735159817351598,0.1735159817351598,1.0000000000021103
F008_PID000000370,370,2019-09-19T00:23:23.365979904+00:00,96.634020096,-0.17889908256880735,0.17889908256880735,1.0000000000021103
F008_PID000000370,370,2019-09-19T00:23:23.366191872+00:00,96.633808128,-0.18160919540229886,0.18160919540229886,1.0000000000021103
F008_PID000000370,370,2019-09-19T00:23:23.978859264+00:00,96.021140736,-0.16627634660421545,0.16627634660421545,1.0000000000021103
F008_PID000000370,370,2019-09-19T00:23:23.978899968+00:00,96.021100032,-0.14482758620689656,0.14482758620689656,1.0000000000021103
F008_PID000000370,370,2019-09-19T00:23:23.979078400+00:00,96.0209216,-0.13958810068649885,0.13958810068649885,1.0000000000021103
F008_PID000000370,370,2019-09-19T00:23:23.991112704+00:00,96.008887296,-0.13439635535307518,0.13439635535307518,1.0000000000021103
F008_PID000000370,370,2019-09-19T00:23:24.194049792+00:00,95.805950208,-0.13958810068649885,0.13958810068649885,1.0000000000021103
F008_PID000000370,370,2019-09-19T00:23:24.467561728+00:00,95.532438272,-0.14482758620689656,0.14482758620689656,1.0000000000021103
F008_PID000000370,370,2019-09-19T00:23:24.782096384+00:00,95.217903616,-0.15011547344110854,0.15011547344110854,1.0000000000021103
F008_PID000000370,370,2019-09-19T00:23:24.782271744+00:00,95.217728256,-0.15402298850574714,0.15402298850574714,1.0000000000021103
F008_PID000000370,370,2019-09-19T00:23:24.782454272+00:00,95.217545728,-0.15935334872979215,0.15935334872979215,1.0000000000021103
F008_PID000000370,370,2019-09-19T00:23:24.782633472+00:00,95.217366528,-0.16473317865429235,0.16473317865429235,1.0000000000021103
F008_PID000000370,370,2019-09-19T00:23:24.782691584+00:00,95.217308416,-0.17050691244239632,0.17050691244239632,1.0000000000021103
F008_PID000000370,370,2019-09-19T00:23:24.796725760+00:00,95.20327424,-0.1743119266055046,0.1743119266055046,1.0000000000021103
F008_PID000000370,370,2019-09-19T00:23:24.805727232+00:00,95.194272768,-0.19626168224299065,0.19626168224299065,1.0000000000021103
F008_PID000000370,370,2019-09-19T00:23:24.805802752+00:00,95.194197248,-0.21100917431192662,0.21100917431192662,1.0000000000021103
F008_PID000000370,370,2019-09-19T00:23:24.806003712+00:00,95.193996288,-0.21939953810623555,0.21939953810623555,1.0000000000021103
F008_PID000000370,370,2019-09-19T00:23:24.806062080+00:00,95.19393792,-0.22298850574712645,0.22298850574712645,1.0000000000021103
F008_PID000000370,370,2019-09-19T00:23:24.806104320+00:00,95.19389568,-0.22654462242562928,0.22654462242562928,1.0000000000021103
F008_PID000000370,370,2019-09-19T00:23:24.806238464+00:00,95.193761536,-0.23006833712984054,0.23006833712984054,1.0000000000021103
F008_PID000000370,370,2019-09-19T00:23:24.806549760+00:00,95.19345024,-0.23006833712984054,0.23006833712984054,1.0000000000021103
F008_PID000000370,370,2019-09-19T00:23:24.806596608+00:00,95.193403392,-0.10655737704918032,0.10655737704918032,2.0000000000042206
F008_PID000000370,370,2019-09-19T00:23:24.806822912+00:00,95.193177088,0.009259259259259259,-0.009259259259259259,1.0000000000021103
F008_PID000000370,370,2019-09-19T00:23:24.807222016+00:00,95.192777984,0.0069605568445475635,-0.0069605568445475635,1.0000000000021103
F008_PID000000370,370,2019-09-19T00:23:24.904782848+00:00,95.095217152,0.0023094688221709007,-0.0023094688221709007,1.0000000000021103
F008_PID000000370,370,2019-09-19T00:23:24.913239040+00:00,95.08676096,-0.006864988558352402,0.006864988558352402,1.0000000000021103
F008_PID000000370,370,2019-09-19T00:23:24.921257984+00:00,95.078742016,-0.0091324200913242,0.0091324200913242,1.0000000000021103
F008_PID000000370,370,2019-09-19T00:23:24.936012544+00:00,95.063987456,-0.0045871559633027525,0.0045871559633027525,1.0000000000021103
F008_PID000000370,370,2019-09-19T00:23:24.938343936+00:00,95.061656064,-0.02252252252252252,0.02252252252252252,1.0000000000021103
F008_PID000000370,370,2019-09-19T00:23:24.939589632+00:00,95.060410368,-0.026905829596412557,0.026905829596412557,1.0000000000021103
F008_PID000000370,370,2019-09-19T00:23:25.010629376+00:00,94.989370624,-0.02252252252252252,0.02252252252252252,1.0000000000021103
F008_PID000000370,370,2019-09-19T00:23:25.141390080+00:00,94.85860992,-0.026905829596412557,0.026905829596412557,1.0000000000021103
F008_PID000000370,370,2019-09-19T00:23:25.231977984+00:00,94.768022016,-0.02252252252252252,0.02252252252252252,1.0000000000021103
F008_PID000000370,370,2019-09-19T00:23:25.243623424+00:00,94.756376576,-0.01809954751131222,0.01809954751131222,1.0000000000021103
F008_PID000000370,370,2019-09-19T00:23:25.365030912+00:00,94.634969088,-0.013636363636363636,0.013636363636363636,1.0000000000021103
F008_PID000000370,370,2019-09-19T00:23:25.390089472+00:00,94.609910528,-0.011389521640091117,0.011389521640091117,1.0000000000021103
F008_PID000000370,370,2019-09-19T00:23:25.391406080+00:00,94.60859392,-0.013636363636363636,0.013636363636363636,1.0000000000021103
F008_PID000000370,370,2019-09-19T00:23:25.693550336+00:00,94.306449664,-0.01809954751131222,0.01809954751131222,1.0000000000021103
F008_PID000000370,370,2019-09-19T00:23:25.700624896+00:00,94.299375104,-0.02252252252252252,0.02252252252252252,1.0000000000021103
F008_PID000000370,370,2019-09-19T00:23:27.027565568+00:00,92.972434432,-0.026905829596412557,0.026905829596412557,1.0000000000021103
F008_PID000000370,370,2019-09-19T00:23:28.042235648+00:00,91.957764352,-0.029213483146067417,0.029213483146067417,1.0000000000021103
F008_PID000000370,370,2019-09-19T00:23:28.042414848+00:00,91.957585152,-0.03139013452914798,0.03139013452914798,1.0000000000021103
F008_PID000000370,370,2019-09-19T00:23:28.042465536+00:00,91.957534464,-0.033707865168539325,0.033707865168539325,1.0000000000021103
F008_PID000000370,370,2019-09-19T00:23:28.042565888+00:00,91.957434112,-0.036036036036036036,0.036036036036036036,1.0000000000021103
F008_PID000000370,370,2019-09-19T00:23:28.042611200+00:00,91.9573888,-0.04308390022675737,0.04308390022675737,1.0000000000021103
F008_PID000000370,370,2019-09-19T00:23:28.042772992+00:00,91.957227008,-0.04740406320541761,0.04740406320541761,1.0000000000021103
F008_PID000000370,370,2019-09-19T00:23:28.042834688+00:00,91.957165312,-0.053811659192825115,0.053811659192825115,1.0000000000021103
F008_PID000000370,370,2019-09-19T00:23:28.043008768+00:00,91.956991232,-0.05803571428571429,0.05803571428571429,1.0000000000021103
F008_PID000000370,370,2019-09-19T00:23:28.043065856+00:00,91.956934144,-0.060133630289532294,0.060133630289532294,1.0000000000021103
F008_PID000000370,370,2019-09-19T00:23:28.043190272+00:00,91.956809728,-0.0744920993227991,0.0744920993227991,1.0000000000021103
F008_PID000000370,370,2019-09-19T00:23:28.043249664+00:00,91.956750336,-0.08428246013667426,0.08428246013667426,1.0000000000021103
F008_PID000000370,370,2019-09-19T00:23:28.043445504+00:00,91.956554496,-0.0867579908675799,0.0867579908675799,1.0000000000021103
F008_PID000000370,370,2019-09-19T00:23:28.043507712+00:00,91.956492288,-0.09174311926605505,0.09174311926605505,1.0000000000021103
F008_PID000000370,370,2019-09-19T00:23:28.043575808+00:00,91.956424192,-0.09930715935334873,0.09930715935334873,1.0000000000021103
F008_PID000000370,370,2019-09-19T00:23:28.043766528+00:00,91.956233472,-0.10440835266821345,0.10440835266821345,1.0000000000021103
F008_PID000000370,370,2019-09-19T00:23:28.043930368+00:00,91.956069632,-0.10955710955710955,0.10955710955710955,1.0000000000021103
F008_PID000000370,370,2019-09-19T00:23:28.044109824+00:00,91.955890176,-0.10697674418604651,0.10697674418604651,1.0000000000021103
F008_PID000000370,370,2019-09-19T00:23:28.044226816+00:00,91.955773184,-0.1111111111111111,0.1111111111111111,1.0000000000021103
F008_PID000000370,370,2019-09-19T00:23:28.044290048+00:00,91.955709952,-0.10854503464203233,0.10854503464203233,1.0000000000021103
F008_PID000000370,370,2019-09-19T00:23:28.044510464+00:00,91.955489536,-0.10440835266821345,0.10440835266821345,1.0000000000021103
F008_PID000000370,370,2019-09-19T00:23:28.044731392+00:00,91.955268608,-0.09930715935334873,0.09930715935334873,1.0000000000021103
F008_PID000000370,370,2019-09-19T00:23:28.044794880+00:00,91.95520512,-0.0967741935483871,0.0967741935483871,1.0000000000021103
F008_PID000000370,370,2019-09-19T00:23:28.045064192+00:00,91.954935808,-0.09930715935334873,0.09930715935334873,1.0000000000021103
F008_PID000000370,370,2019-09-19T00:23:28.171475456+00:00,91.828524544,-0.09425287356321839,0.09425287356321839,1.0000000000021103
F008_PID000000370,370,2019-09-19T00:23:28.184218880+00:00,91.81578112,-0.09930715935334873,0.09930715935334873,1.0000000000021103
F008_PID000000370,370,2019-09-19T00:23:28.184391424+00:00,91.815608576,-0.09425287356321839,0.09425287356321839,1.0000000000021103
F008_PID000000370,370,2019-09-19T00:23:28.393396992+00:00,91.606603008,-0.08924485125858124,0.08924485125858124,1.0000000000021103
F008_PID000000370,370,2019-09-19T00:23:30.327704320+00:00,89.67229568,-0.09425287356321839,0.09425287356321839,1.0000000000021103
F008_PID000000370,370,2019-09-19T00:23:30.416156416+00:00,89.583843584,-0.09930715935334873,0.09930715935334873,1.0000000000021103
F008_PID000000370,370,2019-09-19T00:23:30.416336384+00:00,89.583663616,-0.10185185185185185,0.10185185185185185,1.0000000000021103
F008_PID000000370,370,2019-09-19T00:23:31.283852032+00:00,88.716147968,-0.0967741935483871,0.0967741935483871,1.0000000000021103
F008_PID000000370,370,2019-09-19T00:23:31.682832896+00:00,88.317167104,-0.09174311926605505,0.09174311926605505,1.0000000000021103
F008_PID000000370,370,2019-09-19T00:23:31.688421120+00:00,88.31157888,-0.0967741935483871,0.0967741935483871,1.0000000000021103
F008_PID000000370,370,2019-09-19T00:23:31.688605952+00:00,88.311394048,-0.10909090909090909,0.10909090909090909,1.0000000000021103
F008_PID000000370,370,2019-09-19T00:23:31.688773120+00:00,88.31122688,-0.1141552511415525,0.1141552511415525,1.0000000000021103
F008_PID000000370,370,2019-09-19T00:23:31.694220288+00:00,88.305779712,-0.11926605504587157,0.11926605504587157,1.0000000000021103
F008_PID000000370,370,2019-09-19T00:23:31.694395136+00:00,88.305604864,-0.12183908045977011,0.12183908045977011,1.0000000000021103
F008_PID000000370,370,2019-09-19T00:23:31.709842176+00:00,88.290157824,-0.11670480549199085,0.11670480549199085,1.0000000000021103
F008_PID000000370,370,2019-09-19T00:23:31.743747840+00:00,88.25625216,-0.12183908045977011,0.12183908045977011,1.0000000000021103
F008_PID000000370,370,2019-09-19T00:23:31.754163712+00:00,88.245836288,-0.11926605504587157,0.11926605504587157,1.0000000000021103
F008_PID000000370,370,2019-09-19T00:23:31.810127616+00:00,88.189872384,-0.12183908045977011,0.12183908045977011,1.0000000000021103
F008_PID000000370,370,2019-09-19T00:23:31.883750656+00:00,88.116249344,-0.11670480549199085,0.11670480549199085,1.0000000000021103
F008_PID000000370,370,2019-09-19T00:23:32.219250944+00:00,87.780749056,-0.12183908045977011,0.12183908045977011,1.0000000000021103
F008_PID000000370,370,2019-09-19T00:23:32.219430656+00:00,87.780569344,-0.12585812356979406,0.12585812356979406,1.0000000000021103
F008_PID000000370,370,2019-09-19T00:23:32.231560448+00:00,87.768439552,-0.1310344827586207,0.1310344827586207,1.0000000000021103
F008_PID000000370,370,2019-09-19T00:23:32.232710912+00:00,87.767289088,-0.136986301369863,0.136986301369863,1.0000000000021103
F008_PID000000370,370,2019-09-19T00:23:32.239920384+00:00,87.760079616,-0.14479638009049775,0.14479638009049775,1.0000000000021103
F008_PID000000370,370,2019-09-19T00:23:32.239955456+00:00,87.760044544,-0.1552511415525114,0.1552511415525114,1.0000000000021103
F008_PID000000370,370,2019-09-19T00:23:32.370571520+00:00,87.62942848,-0.15,0.15,1.0000000000021103
F008_PID000000370,370,2019-09-19T00:23:32.413494784+00:00,87.586505216,-0.1461187214611872,0.1461187214611872,1.0000000000021103
F008_PID000000370,370,2019-09-19T00:23:32.413673728+00:00,87.586326272,-0.1409090909090909,0.1409090909090909,1.0000000000021103
F008_PID000000370,370,2019-09-19T00:23:34.246259456+00:00,85.753740544,-0.1461187214611872,0.1461187214611872,1.0000000000021103
F008_PID000000370,370,2019-09-19T00:23:34.485345536+00:00,85.514654464,-0.14350797266514806,0.14350797266514806,1.0000000000021103
F008_PID000000370,370,2019-09-19T00:23:35.169700352+00:00,84.830299648,-0.1461187214611872,0.1461187214611872,1.0000000000021103
F008_PID000000370,370,2019-09-19T00:23:38.872477440+00:00,81.12752256,-0.14350797266514806,0.14350797266514806,1.0000000000021103
F008_PID000000370,370,2019-09-19T00:23:44.908240384+00:00,75.091759616,-0.14545454545454545,0.14545454545454545,1.0000000000021103
F008_PID000000370,370,2019-09-19T00:23:45.702505728+00:00,74.297494272,-0.1473922902494331,0.1473922902494331,1.0000000000021103
F008_PID000000370,370,2019-09-19T00:23:45.799468032+00:00,74.200531968,-0.14479638009049775,0.14479638009049775,1.0000000000021103
F008_PID000000370,370,2019-09-19T00:23:45.800950272+00:00,74.199049728,-0.14221218961625282,0.14221218961625282,1.0000000000021103
F008_PID000000370,370,2019-09-19T00:23:45.803747840+00:00,74.19625216,-0.14479638009049775,0.14479638009049775,1.0000000000021103
F008_PID000000370,370,2019-09-19T00:23:45.978755584+00:00,74.021244416,-0.13963963963963963,0.13963963963963963,1.0000000000021103
F008_PID000000370,370,2019-09-19T00:23:46.176458496+00:00,73.823541504,-0.14479638009049775,0.14479638009049775,1.0000000000021103
F008_PID000000370,370,2019-09-19T00:23:46.284281600+00:00,73.7157184,-0.13963963963963963,0.13963963963963963,1.0000000000021103
F008_PID000000370,370,2019-09-19T00:23:46.285206528+00:00,73.714793472,-0.14479638009049775,0.14479638009049775,1.0000000000021103
F008_PID000000370,370,2019-09-19T00:23:46.559506176+00:00,73.440493824,-0.14221218961625282,0.14221218961625282,1.0000000000021103
F008_PID000000370,370,2019-09-19T00:23:46.966817024+00:00,73.033182976,-0.14479638009049775,0.14479638009049775,1.0000000000021103
F008_PID000000370,370,2019-09-19T00:23:49.119336704+00:00,70.880663296,-0.1473922902494331,0.1473922902494331,1.0000000000021103
F008_PID000000370,370,2019-09-19T00:23:51.317842176+00:00,68.682157824,-0.14221218961625282,0.14221218961625282,1.0000000000021103
F008_PID000000370,370,2019-09-19T00:23:51.329913856+00:00,68.670086144,-0.13707865168539327,0.13707865168539327,1.0000000000021103
F008_PID000000370,370,2019-09-19T00:23:52.129443072+00:00,67.870556928,-0.13707865168539327,0.13707865168539327,1.0000000000021103
F008_PID000000370,370,2019-09-19T00:23:52.581264896+00:00,67.418735104,-0.1319910514541387,0.1319910514541387,1.0000000000021103
F008_PID000000370,370,2019-09-19T00:23:52.581451520+00:00,67.41854848,-0.12018140589569161,0.12018140589569161,1.0000000000021103
F008_PID000000370,370,2019-09-19T00:23:52.581628672+00:00,67.418371328,-0.11764705882352941,0.11764705882352941,1.0000000000021103
F008_PID000000370,370,2019-09-19T00:23:52.581685504+00:00,67.418314496,-0.11363636363636363,0.11363636363636363,1.0000000000021103
F008_PID000000370,370,2019-09-19T00:23:52.581782272+00:00,67.418217728,-0.1095890410958904,0.1095890410958904,1.0000000000021103
F008_PID000000370,370,2019-09-19T00:23:52.581856768+00:00,67.418143232,-0.1070615034168565,0.1070615034168565,1.0000000000021103
F008_PID000000370,370,2019-09-19T00:23:52.581959680+00:00,67.41804032,-0.10091743119266056,0.10091743119266056,1.0000000000021103
F008_PID000000370,370,2019-09-19T00:23:52.582019072+00:00,67.417980928,-0.09259259259259259,0.09259259259259259,1.0000000000021103
F008_PID000000370,370,2019-09-19T00:23:52.582079232+00:00,67.417920768,-0.08837209302325581,0.08837209302325581,1.0000000000021103
F008_PID000000370,370,2019-09-19T00:23:52.582189568+00:00,67.417810432,-0.08624708624708624,0.08624708624708624,1.0000000000021103
F008_PID000000370,370,2019-09-19T00:23:52.582346240+00:00,67.41765376,-0.07981220657276995,0.07981220657276995,1.0000000000021103
F008_PID000000370,370,2019-09-19T00:23:52.582571776+00:00,67.417428224,-0.07226107226107226,0.07226107226107226,1.0000000000021103
F008_PID000000370,370,2019-09-19T00:23:52.582641664+00:00,67.417358336,-0.06791569086651054,0.06791569086651054,1.0000000000021103
F008_PID000000370,370,2019-09-19T00:23:52.582708224+00:00,67.417291776,-0.06572769953051644,0.06572769953051644,1.0000000000021103
F008_PID000000370,370,2019-09-19T00:23:52.594360576+00:00,67.405639424,-0.06132075471698113,0.06132075471698113,1.0000000000021103
F008_PID000000370,370,2019-09-19T00:23:52.651589120+00:00,67.34841088,-0.06352941176470588,0.06352941176470588,1.0000000000021103
F008_PID000000370,370,2019-09-19T00:23:52.651769088+00:00,67.348230912,-0.0660377358490566,0.0660377358490566,1.0000000000021103
F008_PID000000370,370,2019-09-19T00:23:52.658618624+00:00,67.341381376,-0.06103286384976526,0.06103286384976526,1.0000000000021103
F008_PID000000370,370,2019-09-19T00:23:52.658785792+00:00,67.341214208,-0.058823529411764705,0.058823529411764705,1.0000000000021103
F008_PID000000370,370,2019-09-19T00:23:52.703551232+00:00,67.296448768,-0.04895104895104895,0.04895104895104895,1.0000000000021103
F008_PID000000370,370,2019-09-19T00:23:52.713379072+00:00,67.286620928,-0.03926096997690531,0.03926096997690531,1.0000000000021103
F008_PID000000370,370,2019-09-19T00:23:52.719828992+00:00,67.280171008,-0.03480278422273782,0.03480278422273782,1.0000000000021103
F008_PID000000370,370,2019-09-19T00:23:52.979715328+00:00,67.020284672,-0.037037037037037035,0.037037037037037035,1.0000000000021103
F008_PID000000370,370,2019-09-19T00:23:53.715653120+00:00,66.28434688,-0.03926096997690531,0.03926096997690531,1.0000000000021103
F008_PID000000370,370,2019-09-19T00:23:53.813479168+00:00,66.186520832,-0.04367816091954023,0.04367816091954023,1.0000000000021103
F008_PID000000370,370,2019-09-19T00:23:53.813660160+00:00,66.18633984,-0.05092592592592592,0.05092592592592592,1.0000000000021103
F008_PID000000370,370,2019-09-19T00:23:53.963404288+00:00,66.036595712,-0.06074766355140187,0.06074766355140187,1.0000000000021103
F008_PID000000370,370,2019-09-19T00:23:53.963601152+00:00,66.036398848,-0.06293706293706294,0.06293706293706294,1.0000000000021103
F008_PID000000370,370,2019-09-19T00:23:53.964308736+00:00,66.035691264,-0.06074766355140187,0.06074766355140187,1.0000000000021103
F008_PID000000370,370,2019-09-19T00:23:53.983241472+00:00,66.016758528,-0.06511627906976744,0.06511627906976744,1.0000000000021103
F008_PID000000370,370,2019-09-19T00:23:53.983307008+00:00,66.016692992,-0.06944444444444445,0.06944444444444445,1.0000000000021103
F008_PID000000370,370,2019-09-19T00:23:55.921346304+00:00,64.078653696,-0.0794392523364486,0.0794392523364486,1.0000000000021103
F008_PID000000370,370,2019-09-19T00:23:55.933719296+00:00,64.066280704,-0.06944444444444445,0.06944444444444445,1.0000000000021103
F008_PID000000370,370,2019-09-19T00:23:55.933903104+00:00,64.066096896,-0.06511627906976744,0.06511627906976744,1.0000000000021103
F008_PID000000370,370,2019-09-19T00:23:56.058417408+00:00,63.941582592,-0.055299539170506916,0.055299539170506916,1.0000000000021103
F008_PID000000370,370,2019-09-19T00:23:56.058587392+00:00,63.941412608,-0.05092592592592592,0.05092592592592592,1.0000000000021103
F008_PID000000370,370,2019-09-19T00:23:56.084121856+00:00,63.915878144,-0.046511627906976744,0.046511627906976744,1.0000000000021103
F008_PID000000370,370,2019-09-19T00:23:56.084299008+00:00,63.915700992,-0.04428904428904429,0.04428904428904429,1.0000000000021103
F008_PID000000370,370,2019-09-19T00:23:56.084477696+00:00,63.915522304,-0.04205607476635514,0.04205607476635514,1.0000000000021103
F008_PID000000370,370,2019-09-19T00:23:56.084807680+00:00,63.91519232,-0.03480278422273782,0.03480278422273782,1.0000000000021103
F008_PID000000370,370,2019-09-19T00:23:56.084981504+00:00,63.915018496,-0.03480278422273782,0.03480278422273782,1.0000000000021103
F008_PID000000370,370,2019-09-19T00:23:56.085056256+00:00,63.914943744,-0.1440329218106996,0.1440329218106996,2.0000000000042206
F008_PID000000370,370,2019-09-19T00:23:56.085417472+00:00,63.914582528,-0.14168377823408623,0.14168377823408623,2.0000000000042206
F008_PID000000370,370,2019-09-19T00:23:56.085691904+00:00,63.914308096,-0.12778904665314403,0.12778904665314403,2.0000000000042206
F008_PID000000370,370,2019-09-19T00:23:56.085777408+00:00,63.914222592,-0.12550607287449392,0.12550607287449392,2.0000000000042206
F008_PID000000370,370,2019-09-19T00:23:56.085827584+00:00,63.914172416,-0.11871227364185111,0.11871227364185111,2.0000000000042206
F008_PID000000370,370,2019-09-19T00:23:56.141369344+00:00,63.858630656,-0.12096774193548387,0.12096774193548387,2.0000000000042206
F008_PID000000370,370,2019-09-19T00:23:56.184919808+00:00,63.815080192,-0.13008130081300814,0.13008130081300814,2.0000000000042206
F008_PID000000370,370,2019-09-19T00:23:56.185002496+00:00,63.814997504,-0.0228310502283105,0.0228310502283105,1.0000000000021103
F008_PID000000370,370,2019-09-19T00:23:56.185417984+00:00,63.814582016,-0.02947845804988662,0.02947845804988662,1.0000000000021103
F008_PID000000370,370,2019-09-19T00:23:56.185603584+00:00,63.814396416,-0.03167420814479638,0.03167420814479638,1.0000000000021103
F008_PID000000370,370,2019-09-19T00:23:56.186431744+00:00,63.813568256,-0.036036036036036036,0.036036036036036036,1.0000000000021103
F008_PID000000370,370,2019-09-19T00:23:56.186822912+00:00,63.813177088,-0.04035874439461883,0.04035874439461883,1.0000000000021103
F008_PID000000370,370,2019-09-19T00:23:56.186983680+00:00,63.81301632,-0.05454545454545454,0.05454545454545454,1.0000000000021103
F008_PID000000370,370,2019-09-19T00:23:56.187113984+00:00,63.812886016,-0.0502283105022831,0.0502283105022831,1.0000000000021103
F008_PID000000370,370,2019-09-19T00:23:56.187176704+00:00,63.812823296,-0.05454545454545454,0.05454545454545454,1.0000000000021103
F008_PID000000370,370,2019-09-19T00:23:56.187284480+00:00,63.81271552,-0.06178489702517163,0.06178489702517163,1.0000000000021103
F008_PID000000370,370,2019-09-19T00:23:56.187580672+00:00,63.812419328,-0.06605922551252848,0.06605922551252848,1.0000000000021103
F008_PID000000370,370,2019-09-19T00:23:56.218708480+00:00,63.78129152,-0.07029478458049887,0.07029478458049887,1.0000000000021103
F008_PID000000370,370,2019-09-19T00:23:56.218764800+00:00,63.7812352,-0.07517084282460136,0.07517084282460136,1.0000000000021103
F008_PID000000370,370,2019-09-19T00:23:56.223755776+00:00,63.776244224,-0.07936507936507936,0.07936507936507936,1.0000000000021103
F008_PID000000370,370,2019-09-19T00:23:56.223813888+00:00,63.776186112,-0.08181818181818182,0.08181818181818182,1.0000000000021103
F008_PID000000370,370,2019-09-19T00:23:56.223872+00:00,63.776128,-0.08428246013667426,0.08428246013667426,1.0000000000021103
F008_PID000000370,370,2019-09-19T00:23:56.223906816+00:00,63.776093184,-0.09255079006772009,0.09255079006772009,1.0000000000021103
F008_PID000000370,370,2019-09-19T00:23:56.223987968+00:00,63.776012032,-0.10250569476082004,0.10250569476082004,1.0000000000021103
F008_PID000000370,370,2019-09-19T00:23:56.223998976+00:00,63.776001024,-0.10755148741418764,0.10755148741418764,1.0000000000021103
F008_PID000000370,370,2019-09-19T00:23:56.224090112+00:00,63.775909888,-0.11264367816091954,0.11264367816091954,1.0000000000021103
F008_PID000000370,370,2019-09-19T00:23:56.224152064+00:00,63.775847936,-0.11778290993071594,0.11778290993071594,1.0000000000021103
F008_PID000000370,370,2019-09-19T00:23:56.224193792+00:00,63.775806208,-0.12558139534883722,0.12558139534883722,1.0000000000021103
F008_PID000000370,370,2019-09-19T00:23:56.224271104+00:00,63.775728896,-0.12761020881670534,0.12761020881670534,1.0000000000021103
F008_PID000000370,370,2019-09-19T00:23:56.224392960+00:00,63.77560704,-0.13286713286713286,0.13286713286713286,1.0000000000021103
F008_PID000000370,370,2019-09-19T00:23:56.224496384+00:00,63.775503616,-0.14482758620689656,0.14482758620689656,1.0000000000021103
F008_PID000000370,370,2019-09-19T00:23:56.224625408+00:00,63.775374592,-0.14220183486238533,0.14220183486238533,1.0000000000021103
F008_PID000000370,370,2019-09-19T00:23:56.224684288+00:00,63.775315712,-0.14022988505747128,0.14022988505747128,1.0000000000021103
F008_PID000000370,370,2019-09-19T00:23:56.224724992+00:00,63.775275008,-0.14285714285714285,0.14285714285714285,1.0000000000021103
F008_PID000000370,370,2019-09-19T00:23:56.224814848+00:00,63.775185152,-0.14874141876430205,0.14874141876430205,1.0000000000021103
F008_PID000000370,370,2019-09-19T00:23:56.224856320+00:00,63.77514368,-0.15261958997722094,0.15261958997722094,1.0000000000021103
F008_PID000000370,370,2019-09-19T00:23:56.224928768+00:00,63.775071232,-0.15,0.15,1.0000000000021103
F008_PID000000370,370,2019-09-19T00:23:56.224997376+00:00,63.775002624,-0.15575620767494355,0.15575620767494355,1.0000000000021103
F008_PID000000370,370,2019-09-19T00:23:56.225081600+00:00,63.7749184,-0.1583710407239819,0.1583710407239819,1.0000000000021103
F008_PID000000370,370,2019-09-19T00:23:56.235194624+00:00,63.764805376,-0.16363636363636364,0.16363636363636364,1.0000000000021103
F008_PID000000370,370,2019-09-19T00:23:56.238031872+00:00,63.761968128,-0.16363636363636364,0.16363636363636364,1.0000000000021103
F008_PID000000370,370,2019-09-19T00:23:56.238085376+00:00,63.761914624,-0.053497942386831275,0.053497942386831275,1.9999999999997797
F008_PID000000370,370,2019-09-19T00:23:56.239040+00:00,63.76096,-0.053497942386831275,0.053497942386831275,1.9999999999997797
F008_PID000000370,370,2019-09-19T00:23:56.251617536+00:00,63.748382464,-0.06224066390041494,0.06224066390041494,1.9999999999997797
F008_PID000000370,370,2019-09-19T00:23:56.253153792+00:00,63.746846208,-0.07112970711297072,0.07112970711297072,1.9999999999997797
F008_PID000000370,370,2019-09-19T00:23:56.253307392+00:00,63.746692608,-0.06889352818371608,0.06889352818371608,1.9999999999997797
F008_PID000000370,370,2019-09-19T00:23:56.253827072+00:00,63.746172928,-0.06444906444906445,0.06444906444906445,1.9999999999997797
F008_PID000000370,370,2019-09-19T00:23:56.253982976+00:00,63.746017024,-0.06224066390041494,0.06224066390041494,1.9999999999997797
F008_PID000000370,370,2019-09-19T00:23:56.258723072+00:00,63.741276928,-0.053497942386831275,0.053497942386831275,1.9999999999997797
F008_PID000000370,370,2019-09-19T00:23:56.358364160+00:00,63.64163584,-0.06224066390041494,0.06224066390041494,1.9999999999997797
F008_PID000000370,370,2019-09-19T00:23:56.358570752+00:00,63.641429248,0.056074766355140186,-0.056074766355140186,0.9999999999976694
F008_PID000000370,370,2019-09-19T00:23:56.358628352+00:00,63.641371648,0.06046511627906977,-0.06046511627906977,0.9999999999976694
F008_PID000000370,370,2019-09-19T00:23:56.359128320+00:00,63.64087168,0.05555555555555555,-0.05555555555555555,0.9999999999976694
F008_PID000000370,370,2019-09-19T00:23:56.359151616+00:00,63.640848384,0.03636363636363636,-0.03636363636363636,0.9999999999976694
F008_PID000000370,370,2019-09-19T00:23:56.359182336+00:00,63.640817664,0.03416856492027335,-0.03416856492027335,0.9999999999976694
F008_PID000000370,370,2019-09-19T00:23:56.359340800+00:00,63.6406592,0.029748283752860413,-0.029748283752860413,0.9999999999976694
F008_PID000000370,370,2019-09-19T00:23:56.470246912+00:00,63.529753088,0.0273972602739726,-0.0273972602739726,0.9999999999976694
F008_PID000000370,370,2019-09-19T00:23:56.483343872+00:00,63.516656128,0.009302325581395349,-0.009302325581395349,0.9999999999976694
F008_PID000000370,370,2019-09-19T00:23:56.483527424+00:00,63.516472576,0.0069605568445475635,-0.0069605568445475635,0.9999999999976694
F008_PID000000370,370,2019-09-19T00:23:56.483742464+00:00,63.516257536,0.004629629629629629,-0.004629629629629629,0.9999999999976694
F008_PID000000370,370,2019-09-19T00:23:56.572764160+00:00,63.42723584,0.0,-0.0,0.9999999999976694
F008_PID000000370,370,2019-09-19T00:23:56.735562240+00:00,63.26443776,0.004629629629629629,-0.004629629629629629,0.9999999999976694
F008_PID000000370,370,2019-09-19T00:23:56.833182208+00:00,63.166817792,0.009216589861751152,-0.009216589861751152,0.9999999999976694
F008_PID000000370,370,2019-09-19T00:23:56.941224192+00:00,63.058775808,0.0045871559633027525,-0.0045871559633027525,0.9999999999976694
F008_PID000000370,370,2019-09-19T00:23:58.143511040+00:00,61.85648896,0.002288329519450801,-0.002288329519450801,0.9999999999976694
F008_PID000000370,370,2019-09-19T00:23:58.143601408+00:00,61.856398592,0.0,-0.0,0.9999999999976694
F008_PID000000370,370,2019-09-19T00:23:58.143676672+00:00,61.856323328,0.0022988505747126436,-0.0022988505747126436,0.9999999999976694
F008_PID000000370,370,2019-09-19T00:23:58.143744256+00:00,61.856255744,-0.0023094688221709007,0.0023094688221709007,0.9999999999976694
F008_PID000000370,370,2019-09-19T00:23:58.143761920+00:00,61.85623808,-0.0069605568445475635,0.0069605568445475635,0.9999999999976694
F008_PID000000370,370,2019-09-19T00:23:58.143841536+00:00,61.856158464,-0.009259259259259259,0.009259259259259259,0.9999999999976694
F008_PID000000370,370,2019-09-19T00:23:58.143930624+00:00,61.856069376,-0.013824884792626729,0.013824884792626729,0.9999999999976694
F008_PID000000370,370,2019-09-19T00:23:58.144345856+00:00,61.855654144,-0.018518518518518517,0.018518518518518517,0.9999999999976694
F008_PID000000370,370,2019-09-19T00:23:58.144431616+00:00,61.855568384,-0.02564102564102564,0.02564102564102564,0.9999999999976694
F008_PID000000370,370,2019-09-19T00:23:58.145111552+00:00,61.854888448,-0.030162412993039442,0.030162412993039442,0.9999999999976694
F008_PID000000370,370,2019-09-19T00:23:58.145166848+00:00,61.854833152,-0.03496503496503497,0.03496503496503497,0.9999999999976694
F008_PID000000370,370,2019-09-19T00:23:58.145226240+00:00,61.85477376,-0.041666666666666664,0.041666666666666664,0.9999999999976694
F008_PID000000370,370,2019-09-19T00:23:58.145336832+00:00,61.854663168,-0.04608294930875576,0.04608294930875576,0.9999999999976694
F008_PID000000370,370,2019-09-19T00:23:58.145424128+00:00,61.854575872,-0.05045871559633028,0.05045871559633028,0.9999999999976694
F008_PID000000370,370,2019-09-19T00:23:58.145536+00:00,61.854464,-0.055299539170506916,0.055299539170506916,0.9999999999976694
F008_PID000000370,370,2019-09-19T00:23:58.145777664+00:00,61.854222336,-0.06264501160092807,0.06264501160092807,0.9999999999976694
F008_PID000000370,370,2019-09-19T00:23:58.146544896+00:00,61.853455104,-0.07009345794392523,0.07009345794392523,0.9999999999976694
F008_PID000000370,370,2019-09-19T00:23:58.155936768+00:00,61.844063232,-0.06511627906976744,0.06511627906976744,0.9999999999976694
F008_PID000000370,370,2019-09-19T00:23:58.156112640+00:00,61.84388736,-0.06074766355140187,0.06074766355140187,0.9999999999976694
F008_PID000000370,370,2019-09-19T00:23:58.156418048+00:00,61.843581952,-0.056338028169014086,0.056338028169014086,0.9999999999976694
F008_PID000000370,370,2019-09-19T00:23:58.156594176+00:00,61.843405824,-0.0514018691588785,0.0514018691588785,0.9999999999976694
F008_PID000000370,370,2019-09-19T00:23:58.156659712+00:00,61.843340288,-0.046948356807511735,0.046948356807511735,0.9999999999976694
F008_PID000000370,370,2019-09-19T00:23:58.156719360+00:00,61.84328064,-0.04205607476635514,0.04205607476635514,0.9999999999976694
F008_PID000000370,370,2019-09-19T00:23:58.156819200+00:00,61.8431808,-0.039627039627039624,0.039627039627039624,0.9999999999976694
F008_PID000000370,370,2019-09-19T00:23:58.156880384+00:00,61.843119616,-0.0351288056206089,0.0351288056206089,0.9999999999976694
F008_PID000000370,370,2019-09-19T00:23:58.157024256+00:00,61.842975744,-0.03286384976525822,0.03286384976525822,0.9999999999976694
F008_PID000000370,370,2019-09-19T00:23:58.346546688+00:00,61.653453312,-0.02564102564102564,0.02564102564102564,0.9999999999976694
F008_PID000000370,370,2019-09-19T00:23:58.403399680+00:00,61.59660032,-0.023255813953488372,0.023255813953488372,0.9999999999976694
F008_PID000000370,370,2019-09-19T00:23:59.213157888+00:00,60.786842112,-0.02088167053364269,0.02088167053364269,0.9999999999976694
F008_PID000000370,370,2019-09-19T00:23:59.213363712+00:00,60.786636288,-0.018604651162790697,0.018604651162790697,0.9999999999976694
F008_PID000000370,370,2019-09-19T00:23:59.213436416+00:00,60.786563584,-0.0117096018735363,0.0117096018735363,0.9999999999976694
F008_PID000000370,370,2019-09-19T00:23:59.213530368+00:00,60.786469632,-0.009345794392523364,0.009345794392523364,0.9999999999976694
F008_PID000000370,370,2019-09-19T00:23:59.213581312+00:00,60.786418688,-0.00702576112412178,0.00702576112412178,0.9999999999976694
F008_PID000000370,370,2019-09-19T00:23:59.213710080+00:00,60.78628992,-0.004694835680751174,0.004694835680751174,0.9999999999976694
F008_PID000000370,370,2019-09-19T00:23:59.214224384+00:00,60.785775616,-0.004694835680751174,0.004694835680751174,0.9999999999976694
F008_PID000000370,370,2019-09-19T00:23:59.214270208+00:00,60.785729792,-0.11666666666666667,0.11666666666666667,1.9999999999997797
F008_PID000000370,370,2019-09-19T00:23:59.215095552+00:00,60.784904448,-0.11434511434511435,0.11434511434511435,1.9999999999997797
F008_PID000000370,370,2019-09-19T00:24:00.298368768+00:00,59.701631232,-0.09611451942740286,0.09611451942740286,1.9999999999997797
F008_PID000000370,370,2019-09-19T00:24:00.348337664+00:00,59.651662336,-0.11434511434511435,0.11434511434511435,1.9999999999997797
F008_PID000000370,370,2019-09-19T00:24:01.008379392+00:00,58.991620608,-0.00234192037470726,0.00234192037470726,0.9999999999976694
F008_PID000000370,370,2019-09-19T00:24:01.008805376+00:00,58.991194624,-0.004694835680751174,0.004694835680751174,0.9999999999976694
F008_PID000000370,370,2019-09-19T00:24:01.031148800+00:00,58.9688512,-0.009345794392523364,0.009345794392523364,0.9999999999976694
F008_PID000000370,370,2019-09-19T00:24:01.031374080+00:00,58.96862592,-0.011655011655011656,0.011655011655011656,0.9999999999976694
F008_PID000000370,370,2019-09-19T00:24:03.897231616+00:00,56.102768384,-0.00702576112412178,0.00702576112412178,0.9999999999976694
F008_PID000000370,370,2019-09-19T00:24:10.262832896+00:00,49.737167104,-0.011655011655011656,0.011655011655011656,0.9999999999976694
F008_PID000000370,370,2019-09-19T00:24:10.267667200+00:00,49.7323328,-0.01639344262295082,0.01639344262295082,0.9999999999976694
F008_PID000000370,370,2019-09-19T00:24:10.274808064+00:00,49.725191936,-0.02097902097902098,0.02097902097902098,0.9999999999976694
F008_PID000000370,370,2019-09-19T00:24:10.275045632+00:00,49.724954368,-0.02336448598130841,0.02336448598130841,0.9999999999976694
F008_PID000000370,370,2019-09-19T00:24:10.275297536+00:00,49.724702464,-0.02576112412177986,0.02576112412177986,0.9999999999976694
F008_PID000000370,370,2019-09-19T00:24:10.275779840+00:00,49.72422016,-0.028037383177570093,0.028037383177570093,0.9999999999976694
F008_PID000000370,370,2019-09-19T00:24:10.276486656+00:00,49.723513344,-0.02576112412177986,0.02576112412177986,0.9999999999976694
F008_PID000000370,370,2019-09-19T00:24:10.761908224+00:00,49.238091776,-0.030303030303030304,0.030303030303030304,0.9999999999976694
F008_PID000000370,370,2019-09-19T00:24:10.969230080+00:00,49.03076992,-0.02576112412177986,0.02576112412177986,0.9999999999976694
F008_PID000000370,370,2019-09-19T00:24:11.207787776+00:00,48.792212224,-0.02097902097902098,0.02097902097902098,0.9999999999976694
F008_PID000000370,370,2019-09-19T00:24:15.517513728+00:00,44.482486272,-0.01639344262295082,0.01639344262295082,0.9999999999976694
F008_PID000000370,370,2019-09-19T00:24:15.529186048+00:00,44.470813952,-0.011764705882352941,0.011764705882352941,0.9999999999976694
F008_PID000000370,370,2019-09-19T00:24:15.557145344+00:00,44.442854656,-0.014084507042253521,0.014084507042253521,0.9999999999976694
F008_PID000000370,370,2019-09-19T00:24:16.747433472+00:00,43.252566528,-0.01639344262295082,0.01639344262295082,0.9999999999976694
F008_PID000000370,370,2019-09-19T00:24:16.820345088+00:00,43.179654912,-0.02358490566037736,0.02358490566037736,0.9999999999976694
F008_PID000000370,370,2019-09-19T00:24:16.820742912+00:00,43.179257088,-0.02588235294117647,0.02588235294117647,0.9999999999976694
F008_PID000000370,370,2019-09-19T00:24:16.820802048+00:00,43.179197952,-0.02830188679245283,0.02830188679245283,0.9999999999976694
F008_PID000000370,370,2019-09-19T00:24:16.820934912+00:00,43.179065088,-0.03286384976525822,0.03286384976525822,0.9999999999976694
F008_PID000000370,370,2019-09-19T00:24:16.821001472+00:00,43.178998528,-0.037383177570093455,0.037383177570093455,0.9999999999976694
F008_PID000000370,370,2019-09-19T00:24:16.821067008+00:00,43.178932992,-0.04408352668213457,0.04408352668213457,0.9999999999976694
F008_PID000000370,370,2019-09-19T00:24:16.821112064+00:00,43.178887936,-0.04895104895104895,0.04895104895104895,0.9999999999976694
F008_PID000000370,370,2019-09-19T00:24:16.821645824+00:00,43.178354176,-0.05336426914153132,0.05336426914153132,0.9999999999976694
F008_PID000000370,370,2019-09-19T00:24:16.821921792+00:00,43.178078208,-0.059907834101382486,0.059907834101382486,0.9999999999976694
F008_PID000000370,370,2019-09-19T00:24:16.822027264+00:00,43.177972736,-0.06481481481481481,0.06481481481481481,0.9999999999976694
F008_PID000000370,370,2019-09-19T00:24:16.846563072+00:00,43.153436928,-0.05827505827505827,0.05827505827505827,0.9999999999976694
F008_PID000000370,370,2019-09-19T00:24:16.846731520+00:00,43.15326848,-0.05092592592592592,0.05092592592592592,0.9999999999976694
F008_PID000000370,370,2019-09-19T00:24:16.847329536+00:00,43.152670464,-0.05827505827505827,0.05827505827505827,0.9999999999976694
F008_PID000000370,370,2019-09-19T00:24:16.869246208+00:00,43.130753792,-0.05581395348837209,0.05581395348837209,0.9999999999976694
F008_PID000000370,370,2019-09-19T00:24:16.929838592+00:00,43.070161408,-0.05336426914153132,0.05336426914153132,0.9999999999976694
F008_PID000000370,370,2019-09-19T00:24:16.930002176+00:00,43.069997824,-0.05116279069767442,0.05116279069767442,0.9999999999976694
F008_PID000000370,370,2019-09-19T00:24:16.930163200+00:00,43.0698368,-0.048723897911832945,0.048723897911832945,0.9999999999976694
F008_PID000000370,370,2019-09-19T00:24:16.930216960+00:00,43.06978304,-0.04387990762124711,0.04387990762124711,0.9999999999976694
F008_PID000000370,370,2019-09-19T00:24:16.930278400+00:00,43.0697216,-0.037209302325581395,0.037209302325581395,0.9999999999976694
F008_PID000000370,370,2019-09-19T00:24:16.930343936+00:00,43.069656064,-0.03496503496503497,0.03496503496503497,0.9999999999976694
F008_PID000000370,370,2019-09-19T00:24:16.930410240+00:00,43.06958976,-0.03271028037383177,0.03271028037383177,0.9999999999976694
F008_PID000000370,370,2019-09-19T00:24:16.930477824+00:00,43.069522176,-0.028169014084507043,0.028169014084507043,0.9999999999976694
F008_PID000000370,370,2019-09-19T00:24:16.930544128+00:00,43.069455872,-0.02358490566037736,0.02358490566037736,0.9999999999976694
F008_PID000000370,370,2019-09-19T00:24:16.930602752+00:00,43.069397248,-0.018779342723004695,0.018779342723004695,0.9999999999976694
F008_PID000000370,370,2019-09-19T00:24:16.931811840+00:00,43.06818816,-0.014150943396226415,0.014150943396226415,0.9999999999976694
F008_PID000000370,370,2019-09-19T00:24:17.008608512+00:00,42.991391488,-0.018779342723004695,0.018779342723004695,0.9999999999976694
F008_PID000000370,370,2019-09-19T00:24:17.008803840+00:00,42.99119616,-0.02336448598130841,0.02336448598130841,0.9999999999976694
F008_PID000000370,370,2019-09-19T00:24:17.020321024+00:00,42.979678976,-0.018604651162790697,0.018604651162790697,0.9999999999976694
F008_PID000000370,370,2019-09-19T00:24:17.020368384+00:00,42.979631616,-0.016241299303944315,0.016241299303944315,0.9999999999976694
F008_PID000000370,370,2019-09-19T00:24:17.020491776+00:00,42.979508224,-0.011655011655011656,0.011655011655011656,0.9999999999976694
F008_PID000000370,370,2019-09-19T00:24:17.229670656+00:00,42.770329344,-0.009302325581395349,0.009302325581395349,0.9999999999976694
F008_PID000000370,370,2019-09-19T00:24:22.266328832+00:00,37.733671168,-0.01160092807424594,0.01160092807424594,0.9999999999976694
F008_PID000000370,370,2019-09-19T00:24:26.399666944+00:00,33.600333056,-0.016317016317016316,0.016317016317016316,0.9999999999976694
F008_PID000000370,370,2019-09-19T00:24:26.399716608+00:00,33.600283392,-0.018691588785046728,0.018691588785046728,0.9999999999976694
F008_PID000000370,370,2019-09-19T00:24:26.414844160+00:00,33.58515584,-0.023474178403755867,0.023474178403755867,0.9999999999976694
F008_PID000000370,370,2019-09-19T00:24:26.461352192+00:00,33.538647808,-0.02576112412177986,0.02576112412177986,0.9999999999976694
F008_PID000000370,370,2019-09-19T00:24:26.498623744+00:00,33.501376256,-0.030303030303030304,0.030303030303030304,0.9999999999976694
F008_PID000000370,370,2019-09-19T00:24:26.515100160+00:00,33.48489984,-0.0351288056206089,0.0351288056206089,0.9999999999976694
F008_PID000000370,370,2019-09-19T00:24:26.600228096+00:00,33.399771904,-0.027906976744186046,0.027906976744186046,0.9999999999976694
F008_PID000000370,370,2019-09-19T00:24:26.602064128+00:00,33.397935872,-0.02336448598130841,0.02336448598130841,0.9999999999976694
F008_PID000000370,370,2019-09-19T00:24:26.625715456+00:00,33.374284544,-0.018604651162790697,0.018604651162790697,0.9999999999976694
F008_PID000000370,370,2019-09-19T00:24:26.821597184+00:00,33.178402816,-0.013888888888888888,0.013888888888888888,0.9999999999976694
F008_PID000000370,370,2019-09-19T00:24:26.821779712+00:00,33.178220288,-0.009302325581395349,0.009302325581395349,0.9999999999976694
F008_PID000000370,370,2019-09-19T00:24:28.607733760+00:00,31.39226624,-0.013888888888888888,0.013888888888888888,0.9999999999976694
F008_PID000000370,370,2019-09-19T00:24:28.611202048+00:00,31.388797952,-0.018604651162790697,0.018604651162790697,0.9999999999976694
F008_PID000000370,370,2019-09-19T00:24:32.194140928+00:00,27.805859072,-0.014018691588785047,0.014018691588785047,0.9999999999976694
F008_PID000000370,370,2019-09-19T00:24:32.780804352+00:00,27.219195648,-0.009302325581395349,0.009302325581395349,0.9999999999976694
F008_PID000000370,370,2019-09-19T00:24:33.320365824+00:00,26.679634176,-0.013888888888888888,0.013888888888888888,0.9999999999976694
F008_PID000000370,370,2019-09-19T00:24:33.320530432+00:00,26.679469568,-0.018604651162790697,0.018604651162790697,0.9999999999976694
F008_PID000000370,370,2019-09-19T00:24:38.364425728+00:00,21.635574272,-0.02097902097902098,0.02097902097902098,0.9999999999976694
F008_PID000000370,370,2019-09-19T00:24:38.364628992+00:00,21.635371008,-0.023255813953488372,0.023255813953488372,0.9999999999976694
F008_PID000000370,370,2019-09-19T00:24:38.364791296+00:00,21.635208704,-0.02564102564102564,0.02564102564102564,0.9999999999976694
F008_PID000000370,370,2019-09-19T00:24:38.364840192+00:00,21.635159808,-0.028037383177570093,0.028037383177570093,0.9999999999976694
F008_PID000000370,370,2019-09-19T00:24:38.364956928+00:00,21.635043072,-0.030303030303030304,0.030303030303030304,0.9999999999976694
F008_PID000000370,370,2019-09-19T00:24:38.365208064+00:00,21.634791936,-0.03480278422273782,0.03480278422273782,0.9999999999976694
F008_PID000000370,370,2019-09-19T00:24:39.608833024+00:00,20.391166976,-0.03255813953488372,0.03255813953488372,0.9999999999976694
F008_PID000000370,370,2019-09-19T00:24:39.608898560+00:00,20.39110144,-0.030303030303030304,0.030303030303030304,0.9999999999976694
F008_PID000000370,370,2019-09-19T00:24:39.609014784+00:00,20.390985216,-0.025522041763341066,0.025522041763341066,0.9999999999976694
F008_PID000000370,370,2019-09-19T00:24:39.621513472+00:00,20.378486528,-0.02097902097902098,0.02097902097902098,0.9999999999976694
F008_PID000000370,370,2019-09-19T00:24:39.621867264+00:00,20.378132736,-0.01639344262295082,0.01639344262295082,0.9999999999976694
F008_PID000000370,370,2019-09-19T00:24:39.622027008+00:00,20.377972992,-0.014018691588785047,0.014018691588785047,0.9999999999976694
F008_PID000000370,370,2019-09-19T00:24:39.812508928+00:00,20.187491072,-0.016317016317016316,0.016317016317016316,0.9999999999976694
F008_PID000000370,370,2019-09-19T00:24:39.812667904+00:00,20.187332096,-0.018691588785046728,0.018691588785046728,0.9999999999976694
F008_PID000000370,370,2019-09-19T00:24:40.302002176+00:00,19.697997824,-0.01639344262295082,0.01639344262295082,0.9999999999976694
F008_PID000000370,370,2019-09-19T00:24:41.027941632+00:00,18.972058368,-0.01639344262295082,0.01639344262295082,0.9999999999976694
F008_PID000000370,370,2019-09-19T00:24:41.027954176+00:00,18.972045824,-0.018779342723004695,0.018779342723004695,0.9999999999976694
F008_PID000000370,370,2019-09-19T00:24:41.028122368+00:00,18.971877632,-0.02564102564102564,0.02564102564102564,0.9999999999976694
F008_PID000000370,370,2019-09-19T00:24:41.028187904+00:00,18.971812096,-0.03908045977011494,0.03908045977011494,0.9999999999976694
F008_PID000000370,370,2019-09-19T00:24:41.028250368+00:00,18.971749632,-0.045662100456621,0.045662100456621,0.9999999999976694
F008_PID000000370,370,2019-09-19T00:24:41.028309248+00:00,18.971690752,-0.05,0.05,0.9999999999976694
F008_PID000000370,370,2019-09-19T00:24:41.028393216+00:00,18.971606784,-0.057208237986270026,0.057208237986270026,0.9999999999976694
F008_PID000000370,370,2019-09-19T00:24:41.028451072+00:00,18.971548928,-0.05069124423963134,0.05069124423963134,0.9999999999976694
F008_PID000000370,370,2019-09-19T00:24:41.028520704+00:00,18.971479296,-0.046296296296296294,0.046296296296296294,0.9999999999976694
F008_PID000000370,370,2019-09-19T00:24:41.128276224+00:00,18.871723776,-0.041474654377880185,0.041474654377880185,0.9999999999976694
F008_PID000000370,370,2019-09-19T00:24:41.329470976+00:00,18.670529024,-0.03669724770642202,0.03669724770642202,0.9999999999976694
F008_PID000000370,370,2019-09-19T00:24:41.329518336+00:00,18.670481664,-0.034324942791762014,0.034324942791762014,0.9999999999976694
F008_PID000000370,370,2019-09-19T00:24:43.949275392+00:00,16.050724608,-0.02088167053364269,0.02088167053364269,0.9999999999976694
F008_PID000000370,370,2019-09-19T00:24:43.949328128+00:00,16.050671872,-0.018518518518518517,0.018518518518518517,0.9999999999976694
F008_PID000000370,370,2019-09-19T00:24:43.949667072+00:00,16.050332928,-0.018518518518518517,0.018518518518518517,0.9999999999976694
F008_PID000000370,370,2019-09-19T00:24:43.949722624+00:00,16.050277376,-0.11666666666666667,0.11666666666666667,1.9999999999997797
F008_PID000000370,370,2019-09-19T00:24:43.949839104+00:00,16.050160896,-0.2350230414746544,0.2350230414746544,1.0000000000021103
F008_PID000000370,370,2019-09-19T00:24:43.949916416+00:00,16.050083584,-0.22935779816513763,0.22935779816513763,1.0000000000021103
F008_PID000000370,370,2019-09-19T00:24:43.950000896+00:00,16.049999104,-0.2237442922374429,0.2237442922374429,1.0000000000021103
F008_PID000000370,370,2019-09-19T00:24:43.950207488+00:00,16.049792512,-0.22018348623853212,0.22018348623853212,1.0000000000021103
F008_PID000000370,370,2019-09-19T00:24:43.950385408+00:00,16.049614592,-0.21739130434782608,0.21739130434782608,1.0000000000021103
F008_PID000000370,370,2019-09-19T00:24:43.950396160+00:00,16.04960384,-0.22298850574712645,0.22298850574712645,1.0000000000021103
F008_PID000000370,370,2019-09-19T00:24:43.950587904+00:00,16.049412096,-0.21739130434782608,0.21739130434782608,1.0000000000021103
F008_PID000000370,370,2019-09-19T00:24:43.950654208+00:00,16.049345792,-0.2146118721461187,0.2146118721461187,1.0000000000021103
F008_PID000000370,370,2019-09-19T00:24:43.950740224+00:00,16.049259776,-0.20909090909090908,0.20909090909090908,1.0000000000021103
F008_PID000000370,370,2019-09-19T00:24:43.951438336+00:00,16.048561664,-0.20634920634920634,0.20634920634920634,1.0000000000021103
F008_PID000000370,370,2019-09-19T00:24:43.958168576+00:00,16.041831424,-0.18485523385300667,0.18485523385300667,1.0000000000021103
F008_PID000000370,370,2019-09-19T00:24:43.961728+00:00,16.038272,-0.17960088691796008,0.17960088691796008,1.0000000000021103
F008_PID000000370,370,2019-09-19T00:24:43.961946112+00:00,16.038053888,-0.18222222222222223,0.18222222222222223,1.0000000000021103
F008_PID000000370,370,2019-09-19T00:24:43.962288128+00:00,16.037711872,-0.17857142857142858,0.17857142857142858,1.0000000000021103
F008_PID000000370,370,2019-09-19T00:24:43.962636800+00:00,16.0373632,-0.18120805369127516,0.18120805369127516,1.0000000000021103
F008_PID000000370,370,2019-09-19T00:24:43.963687424+00:00,16.036312576,-0.17857142857142858,0.17857142857142858,1.0000000000021103
F008_PID000000370,370,2019-09-19T00:24:43.964768768+00:00,16.035231232,-0.18385650224215247,0.18385650224215247,1.0000000000021103
F008_PID000000370,370,2019-09-19T00:24:43.991361024+00:00,16.008638976,-0.18385650224215247,0.18385650224215247,1.0000000000021103
F008_PID000000370,370,2019-09-19T00:24:43.991386624+00:00,16.008613376,-0.09090909090909091,0.09090909090909091,1.9999999999997797
F008_PID000000370,370,2019-09-19T00:24:43.991577600+00:00,16.0084224,-0.09465020576131687,0.09465020576131687,1.9999999999997797
F008_PID000000370,370,2019-09-19T00:24:43.991631872+00:00,16.008368128,-0.09650924024640657,0.09650924024640657,1.9999999999997797
F008_PID000000370,370,2019-09-19T00:24:43.991829504+00:00,16.008170496,0.016166281755196306,-0.016166281755196306,0.9999999999976694
F008_PID000000370,370,2019-09-19T00:24:43.991887104+00:00,16.008112896,0.013888888888888888,-0.013888888888888888,0.9999999999976694
F008_PID000000370,370,2019-09-19T00:24:43.991951616+00:00,16.008048384,0.009302325581395349,-0.009302325581395349,0.9999999999976694
F008_PID000000370,370,2019-09-19T00:24:43.992027136+00:00,16.007972864,0.006993006993006993,-0.006993006993006993,0.9999999999976694
F008_PID000000370,370,2019-09-19T00:24:43.992326912+00:00,16.007673088,0.004651162790697674,-0.004651162790697674,0.9999999999976694
F008_PID000000370,370,2019-09-19T00:24:43.992992256+00:00,16.007007744,0.002320185614849188,-0.002320185614849188,0.9999999999976694
F008_PID000000370,370,2019-09-19T00:24:43.993529600+00:00,16.0064704,0.0,-0.0,0.9999999999976694
F008_PID000000370,370,2019-09-19T00:24:43.993583616+00:00,16.006416384,-0.0023094688221709007,0.0023094688221709007,0.9999999999976694
F008_PID000000370,370,2019-09-19T00:24:43.995385856+00:00,16.004614144,-0.006896551724137931,0.006896551724137931,0.9999999999976694
F008_PID000000370,370,2019-09-19T00:24:44.003999232+00:00,15.996000768,-0.02576112412177986,0.02576112412177986,0.9999999999976694
F008_PID000000370,370,2019-09-19T00:24:44.006541312+00:00,15.993458688,-0.021176470588235293,0.021176470588235293,0.9999999999976694
F008_PID000000370,370,2019-09-19T00:24:44.006718208+00:00,15.993281792,-0.018867924528301886,0.018867924528301886,0.9999999999976694
F008_PID000000370,370,2019-09-19T00:24:44.042918656+00:00,15.957081344,-0.018867924528301886,0.018867924528301886,0.9999999999976694
F008_PID000000370,370,2019-09-19T00:24:44.042964736+00:00,15.957035264,-0.1278825995807128,0.1278825995807128,1.9999999999997797
F008_PID000000370,370,2019-09-19T00:24:44.043106560+00:00,15.95689344,-0.12552301255230125,0.12552301255230125,1.9999999999997797
F008_PID000000370,370,2019-09-19T00:24:44.043220736+00:00,15.956779264,-0.12317327766179541,0.12317327766179541,1.9999999999997797
F008_PID000000370,370,2019-09-19T00:24:44.043322624+00:00,15.956677376,-0.24249422632794457,0.24249422632794457,1.0000000000021103
F008_PID000000370,370,2019-09-19T00:24:44.043378432+00:00,15.956621568,-0.23963133640552994,0.23963133640552994,1.0000000000021103
F008_PID000000370,370,2019-09-19T00:24:44.043476736+00:00,15.956523264,-0.2367816091954023,0.2367816091954023,1.0000000000021103
F008_PID000000370,370,2019-09-19T00:24:44.043508480+00:00,15.95649152,-0.23325635103926096,0.23325635103926096,1.0000000000021103
F008_PID000000370,370,2019-09-19T00:24:44.043569664+00:00,15.956430336,-0.2304147465437788,0.2304147465437788,1.0000000000021103
F008_PID000000370,370,2019-09-19T00:24:44.043893248+00:00,15.956106752,-0.2304147465437788,0.2304147465437788,1.0000000000021103
F008_PID000000370,370,2019-09-19T00:24:44.043921408+00:00,15.956078592,-0.1125,0.1125,1.9999999999997797
F008_PID000000370,370,2019-09-19T00:24:44.044146688+00:00,15.955853312,-0.11482254697286012,0.11482254697286012,1.9999999999997797
F008_PID000000370,370,2019-09-19T00:24:44.044347904+00:00,15.955652096,-0.23325635103926096,0.23325635103926096,1.0000000000021103
F008_PID000000370,370,2019-09-19T00:24:44.044411392+00:00,15.955588608,-0.2304147465437788,0.2304147465437788,1.0000000000021103
F008_PID000000370,370,2019-09-19T00:24:44.055017728+00:00,15.944982272,-0.1125,0.1125,1.9999999999997797
F008_PID000000370,370,2019-09-19T00:24:44.058348544+00:00,15.941651456,-0.0942622950819672,0.0942622950819672,1.9999999999997797
F008_PID000000370,370,2019-09-19T00:24:44.072434944+00:00,15.927565056,-0.09650924024640657,0.09650924024640657,1.9999999999997797
F008_PID000000370,370,2019-09-19T00:24:44.073372416+00:00,15.926627584,-0.08757637474541752,0.08757637474541752,1.9999999999997797
F008_PID000000370,370,2019-09-19T00:24:44.169216512+00:00,15.830783488,-0.09127789046653144,0.09127789046653144,1.9999999999997797
F008_PID000000370,370,2019-09-19T00:24:44.354469376+00:00,15.645530624,0.02050113895216401,-0.02050113895216401,0.9999999999976694
F008_PID000000370,370,2019-09-19T00:24:44.354905088+00:00,15.645094912,0.0182648401826484,-0.0182648401826484,0.9999999999976694
F008_PID000000370,370,2019-09-19T00:24:44.355049984+00:00,15.644950016,0.016018306636155607,-0.016018306636155607,0.9999999999976694
F008_PID000000370,370,2019-09-19T00:24:44.355191808+00:00,15.644808192,0.013761467889908258,-0.013761467889908258,0.9999999999976694
F008_PID000000370,370,2019-09-19T00:24:44.355358720+00:00,15.64464128,0.011441647597254004,-0.011441647597254004,0.9999999999976694
F008_PID000000370,370,2019-09-19T00:24:44.355413248+00:00,15.644586752,0.009174311926605505,-0.009174311926605505,0.9999999999976694
F008_PID000000370,370,2019-09-19T00:24:44.355570432+00:00,15.644429568,0.0045662100456621,-0.0045662100456621,0.9999999999976694
F008_PID000000370,370,2019-09-19T00:24:44.356554496+00:00,15.643445504,0.0,-0.0,0.9999999999976694
F008_PID000000370,370,2019-09-19T00:24:44.367326976+00:00,15.632673024,-0.0045662100456621,0.0045662100456621,0.9999999999976694
F008_PID000000370,370,2019-09-19T00:24:44.470903040+00:00,15.52909696,-0.00909090909090909,0.00909090909090909,0.9999999999976694
F008_PID000000370,370,2019-09-19T00:24:44.478539776+00:00,15.521460224,-0.01834862385321101,0.01834862385321101,0.9999999999976694
F008_PID000000370,370,2019-09-19T00:24:44.483332864+00:00,15.516667136,-0.037383177570093455,0.037383177570093455,0.9999999999976694
F008_PID000000370,370,2019-09-19T00:24:44.594382336+00:00,15.405617664,-0.04225352112676056,0.04225352112676056,0.9999999999976694
F008_PID000000370,370,2019-09-19T00:24:45.008455168+00:00,14.991544832,-0.03773584905660377,0.03773584905660377,0.9999999999976694
F008_PID000000370,370,2019-09-19T00:24:45.008518656+00:00,14.991481344,-0.03286384976525822,0.03286384976525822,0.9999999999976694
F008_PID000000370,370,2019-09-19T00:24:45.016180736+00:00,14.983819264,-0.02830188679245283,0.02830188679245283,0.9999999999976694
F008_PID000000370,370,2019-09-19T00:24:45.016382208+00:00,14.983617792,-0.023474178403755867,0.023474178403755867,0.9999999999976694
F008_PID000000370,370,2019-09-19T00:24:45.016430592+00:00,14.983569408,-0.02107728337236534,0.02107728337236534,0.9999999999976694
F008_PID000000370,370,2019-09-19T00:24:45.016579584+00:00,14.983420416,-0.01647058823529412,0.01647058823529412,0.9999999999976694
F008_PID000000370,370,2019-09-19T00:24:45.016834304+00:00,14.983165696,-0.014084507042253521,0.014084507042253521,0.9999999999976694
F008_PID000000370,370,2019-09-19T00:24:45.016899840+00:00,14.98310016,-0.011764705882352941,0.011764705882352941,0.9999999999976694
F008_PID000000370,370,2019-09-19T00:24:45.043067136+00:00,14.956932864,-0.014150943396226415,0.014150943396226415,0.9999999999976694
F008_PID000000370,370,2019-09-19T00:24:45.043955712+00:00,14.956044288,-0.01647058823529412,0.01647058823529412,0.9999999999976694
F008_PID000000370,370,2019-09-19T00:24:45.048060160+00:00,14.95193984,-0.018867924528301886,0.018867924528301886,0.9999999999976694
F008_PID000000370,370,2019-09-19T00:24:45.048235008+00:00,14.951764992,-0.021176470588235293,0.021176470588235293,0.9999999999976694
F008_PID000000370,370,2019-09-19T00:24:45.048403456+00:00,14.951596544,-0.023474178403755867,0.023474178403755867,0.9999999999976694
F008_PID000000370,370,2019-09-19T00:24:45.087284480+00:00,14.91271552,-0.028037383177570093,0.028037383177570093,0.9999999999976694
F008_PID000000370,370,2019-09-19T00:24:45.109563392+00:00,14.890436608,-0.03255813953488372,0.03255813953488372,0.9999999999976694
F008_PID000000370,370,2019-09-19T00:24:45.387812608+00:00,14.612187392,-0.037383177570093455,0.037383177570093455,0.9999999999976694
F008_PID000000370,370,2019-09-19T00:24:46.180080128+00:00,13.819919872,-0.03286384976525822,0.03286384976525822,0.9999999999976694
F008_PID000000370,370,2019-09-19T00:24:47.506318080+00:00,12.49368192,-0.0351288056206089,0.0351288056206089,0.9999999999976694
F008_PID000000370,370,2019-09-19T00:24:48.555564800+00:00,11.4444352,-0.0351288056206089,0.0351288056206089,0.9999999999976694
F008_PID000000370,370,2019-09-19T00:24:48.555603200+00:00,11.4443968,-0.03755868544600939,0.03755868544600939,0.9999999999976694
F008_PID000000370,370,2019-09-19T00:24:48.555733248+00:00,11.444266752,-0.04205607476635514,0.04205607476635514,0.9999999999976694
F008_PID000000370,370,2019-09-19T00:24:48.555814144+00:00,11.444185856,-0.046511627906976744,0.046511627906976744,0.9999999999976694
F008_PID000000370,370,2019-09-19T00:24:48.555894784+00:00,11.444105216,-0.05092592592592592,0.05092592592592592,0.9999999999976694
F008_PID000000370,370,2019-09-19T00:24:48.555951872+00:00,11.444048128,-0.05581395348837209,0.05581395348837209,0.9999999999976694
F008_PID000000370,370,2019-09-19T00:24:48.556146944+00:00,11.443853056,-0.06235565819861432,0.06235565819861432,0.9999999999976694
F008_PID000000370,370,2019-09-19T00:24:48.556355840+00:00,11.44364416,-0.06728538283062645,0.06728538283062645,0.9999999999976694
F008_PID000000370,370,2019-09-19T00:24:48.556413696+00:00,11.443586304,-0.06976744186046512,0.06976744186046512,0.9999999999976694
F008_PID000000370,370,2019-09-19T00:24:48.556471808+00:00,11.443528192,-0.07621247113163972,0.07621247113163972,0.9999999999976694
F008_PID000000370,370,2019-09-19T00:24:48.556837888+00:00,11.443162112,-0.08624708624708624,0.08624708624708624,0.9999999999976694
F008_PID000000370,370,2019-09-19T00:24:48.556900608+00:00,11.443099392,-0.08878504672897196,0.08878504672897196,0.9999999999976694
F008_PID000000370,370,2019-09-19T00:24:48.969141248+00:00,11.030858752,-0.08372093023255814,0.08372093023255814,0.9999999999976694
F008_PID000000370,370,2019-09-19T00:24:48.969308416+00:00,11.030691584,-0.0794392523364486,0.0794392523364486,0.9999999999976694
F008_PID000000370,370,2019-09-19T00:24:48.969489152+00:00,11.030510848,-0.07192575406032482,0.07192575406032482,0.9999999999976694
F008_PID000000370,370,2019-09-19T00:24:53.861357056+00:00,6.138642944,-0.0794392523364486,0.0794392523364486,0.9999999999976694
F008_PID000000370,370,2019-09-19T00:24:53.862077696+00:00,6.137922304,-0.08450704225352113,0.08450704225352113,0.9999999999976694
F008_PID000000370,370,2019-09-19T00:24:53.863280640+00:00,6.13671936,-0.08878504672897196,0.08878504672897196,0.9999999999976694
F008_PID000000370,370,2019-09-19T00:24:53.865142528+00:00,6.134857472,-0.09133489461358314,0.09133489461358314,0.9999999999976694
F008_PID000000370,370,2019-09-19T00:24:53.866659072+00:00,6.133340928,-0.09557109557109557,0.09557109557109557,0.9999999999976694
F008_PID000000370,370,2019-09-19T00:24:53.866719488+00:00,6.133280512,-0.09767441860465116,0.09767441860465116,0.9999999999976694
F008_PID000000370,370,2019-09-19T00:24:53.867070208+00:00,6.132929792,-0.10023310023310024,0.10023310023310024,0.9999999999976694
F008_PID000000370,370,2019-09-19T00:24:53.867558912+00:00,6.132441088,-0.10648148148148148,0.10648148148148148,0.9999999999976694
F008_PID000000370,370,2019-09-19T00:24:53.877250816+00:00,6.122749184,-0.11162790697674418,0.11162790697674418,0.9999999999976694
F008_PID000000370,370,2019-09-19T00:24:53.882792704+00:00,6.117207296,-0.11574074074074074,0.11574074074074074,0.9999999999976694
F008_PID000000370,370,2019-09-19T00:24:54.015637760+00:00,5.98436224,-0.11574074074074074,0.11574074074074074,0.9999999999976694
F008_PID000000370,370,2019-09-19T00:24:54.015650048+00:00,5.984349952,-0.1261682242990654,0.1261682242990654,0.9999999999976694
F008_PID000000370,370,2019-09-19T00:24:54.015697152+00:00,5.984302848,-0.1261682242990654,0.1261682242990654,0.9999999999976694
F008_PID000000370,370,2019-09-19T00:24:54.015768832+00:00,5.984231168,-0.0211864406779661,0.0211864406779661,1.9999999999997797
F008_PID000000370,370,2019-09-19T00:24:54.015939072+00:00,5.984060928,-0.03347280334728033,0.03347280334728033,1.9999999999997797
F008_PID000000370,370,2019-09-19T00:24:54.016031744+00:00,5.983968256,-0.04219409282700422,0.04219409282700422,1.9999999999997797
F008_PID000000370,370,2019-09-19T00:24:54.016118784+00:00,5.983881216,-0.053304904051172705,0.053304904051172705,1.9999999999997797
F008_PID000000370,370,2019-09-19T00:24:54.016330496+00:00,5.983669504,-0.05106382978723404,0.05106382978723404,1.9999999999997797
F008_PID000000370,370,2019-09-19T00:24:54.016602880+00:00,5.98339712,-0.057815845824411134,0.057815845824411134,1.9999999999997797
F008_PID000000370,370,2019-09-19T00:24:54.016613888+00:00,5.983386112,-0.060085836909871244,0.060085836909871244,1.9999999999997797
F008_PID000000370,370,2019-09-19T00:24:54.016634624+00:00,5.983365376,-0.060085836909871244,0.060085836909871244,1.9999999999997797
F008_PID000000370,370,2019-09-19T00:24:54.017957376+00:00,5.982042624,-0.05555555555555555,0.05555555555555555,1.9999999999997797
F008_PID000000370,370,2019-09-19T00:24:54.025022720+00:00,5.97497728,-0.0635593220338983,0.0635593220338983,1.9999999999997797
F008_PID000000370,370,2019-09-19T00:24:54.027852800+00:00,5.9721472,-0.07916666666666666,0.07916666666666666,1.9999999999997797
F008_PID000000370,370,2019-09-19T00:24:54.029257472+00:00,5.970742528,-0.08823529411764706,0.08823529411764706,1.9999999999997797
F008_PID000000370,370,2019-09-19T00:24:54.034446080+00:00,5.96555392,-0.0859538784067086,0.0859538784067086,1.9999999999997797
F008_PID000000370,370,2019-09-19T00:24:54.034611712+00:00,5.965388288,-0.08823529411764706,0.08823529411764706,1.9999999999997797
F008_PID000000370,370,2019-09-19T00:24:54.059215872+00:00,5.940784128,-0.08368200836820083,0.08368200836820083,1.9999999999997797
F008_PID000000370,370,2019-09-19T00:24:54.063651328+00:00,5.936348672,-0.10212765957446808,0.10212765957446808,1.9999999999997797
F008_PID000000370,370,2019-09-19T00:24:54.073937920+00:00,5.92606208,-0.10683760683760683,0.10683760683760683,1.9999999999997797
F008_PID000000370,370,2019-09-19T00:24:54.109929728+00:00,5.890070272,-0.10212765957446808,0.10212765957446808,1.9999999999997797
F008_PID000000370,370,2019-09-19T00:24:54.125063936+00:00,5.874936064,-0.10683760683760683,0.10683760683760683,1.9999999999997797
F008_PID000000370,370,2019-09-19T00:24:54.126096640+00:00,5.87390336,-0.10683760683760683,0.10683760683760683,1.9999999999997797
F008_PID000000370,370,2019-09-19T00:24:54.138387712+00:00,5.861612288,-0.11440677966101695,0.11440677966101695,1.9999999999997797
F008_PID000000370,370,2019-09-19T00:24:54.353362944+00:00,5.646637056,-0.12393162393162394,0.12393162393162394,1.9999999999997797
F008_PID000000370,370,2019-09-19T00:24:54.353523968+00:00,5.646476032,-0.12153518123667377,0.12153518123667377,1.9999999999997797
F008_PID000000370,370,2019-09-19T00:24:54.418974208+00:00,5.581025792,-0.002421307506053269,0.002421307506053269,1.0000000000021103
F008_PID000000370,370,2019-09-19T00:24:54.419286528+00:00,5.580713472,-0.009615384615384616,0.009615384615384616,1.0000000000021103
F008_PID000000370,370,2019-09-19T00:24:54.419408384+00:00,5.580591616,-0.011990407673860911,0.011990407673860911,1.0000000000021103
F008_PID000000370,370,2019-09-19T00:24:54.419468288+00:00,5.580531712,-0.016706443914081145,0.016706443914081145,1.0000000000021103
F008_PID000000370,370,2019-09-19T00:24:54.419548672+00:00,5.580451328,-0.019138755980861243,0.019138755980861243,1.0000000000021103
F008_PID000000370,370,2019-09-19T00:24:54.419623168+00:00,5.580376832,-0.03755868544600939,0.03755868544600939,1.0000000000021103
F008_PID000000370,370,2019-09-19T00:24:54.419623168+00:00,5.580376832,-0.04205607476635514,0.04205607476635514,1.0000000000021103
F008_PID000000370,370,2019-09-19T00:24:54.419825408+00:00,5.580174592,-0.05188679245283019,0.05188679245283019,1.0000000000021103
F008_PID000000370,370,2019-09-19T00:24:54.419886848+00:00,5.580113152,-0.056338028169014086,0.056338028169014086,1.0000000000021103
F008_PID000000370,370,2019-09-19T00:24:54.420118528+00:00,5.579881472,-0.058823529411764705,0.058823529411764705,1.0000000000021103
F008_PID000000370,370,2019-09-19T00:24:54.421009664+00:00,5.578990336,-0.0688836104513064,0.0688836104513064,1.0000000000021103
F008_PID000000370,370,2019-09-19T00:24:54.421191168+00:00,5.578808832,-0.06635071090047394,0.06635071090047394,1.0000000000021103
F008_PID000000370,370,2019-09-19T00:24:54.421364480+00:00,5.57863552,-0.0688836104513064,0.0688836104513064,1.0000000000021103
F008_PID000000370,370,2019-09-19T00:24:54.427300096+00:00,5.572699904,-0.08624708624708624,0.08624708624708624,1.0000000000021103
F008_PID000000370,370,2019-09-19T00:24:54.450306304+00:00,5.549693696,-0.08120649651972157,0.08120649651972157,1.0000000000021103
F008_PID000000370,370,2019-09-19T00:24:54.543408128+00:00,5.456591872,-0.07126436781609195,0.07126436781609195,1.0000000000021103
F008_PID000000370,370,2019-09-19T00:24:54.543573504+00:00,5.456426496,-0.06636155606407322,0.06636155606407322,1.0000000000021103
F008_PID000000370,370,2019-09-19T00:24:54.543957504+00:00,5.456042496,-0.06206896551724138,0.06206896551724138,1.0000000000021103
F008_PID000000370,370,2019-09-19T00:24:54.606047488+00:00,5.393952512,-0.057736720554272515,0.057736720554272515,1.0000000000021103
F008_PID000000370,370,2019-09-19T00:24:54.616160768+00:00,5.383839232,-0.06206896551724138,0.06206896551724138,1.0000000000021103
F008_PID000000370,370,2019-09-19T00:24:54.778450688+00:00,5.221549312,-0.07192575406032482,0.07192575406032482,1.0000000000021103
F008_PID000000370,370,2019-09-19T00:24:54.778632192+00:00,5.221367808,-0.07621247113163972,0.07621247113163972,1.0000000000021103
F008_PID000000370,370,2019-09-19T00:24:54.778805504+00:00,5.221194496,-0.08120649651972157,0.08120649651972157,1.0000000000021103
F008_PID000000370,370,2019-09-19T00:24:55.198553600+00:00,4.8014464,-0.07692307692307693,0.07692307692307693,1.0000000000021103
F008_PID000000370,370,2019-09-19T00:24:55.198725888+00:00,4.801274112,-0.07192575406032482,0.07192575406032482,1.0000000000021103
F008_PID000000370,370,2019-09-19T00:24:55.198789376+00:00,4.801210624,-0.0675990675990676,0.0675990675990676,1.0000000000021103
F008_PID000000370,370,2019-09-19T00:24:55.198962432+00:00,4.801037568,-0.06323185011709602,0.06323185011709602,1.0000000000021103
F008_PID000000370,370,2019-09-19T00:24:55.199910656+00:00,4.800089344,-0.05827505827505827,0.05827505827505827,1.0000000000021103
F008_PID000000370,370,2019-09-19T00:24:55.232469504+00:00,4.767530496,-0.05336426914153132,0.05336426914153132,1.0000000000021103
F008_PID000000370,370,2019-09-19T00:24:55.232653824+00:00,4.767346176,-0.05116279069767442,0.05116279069767442,1.0000000000021103
F008_PID000000370,370,2019-09-19T00:24:55.232871424+00:00,4.767128576,-0.04449648711943794,0.04449648711943794,1.0000000000021103
F008_PID000000370,370,2019-09-19T00:24:55.233315584+00:00,4.766684416,-0.15527950310559005,0.15527950310559005,1.9999999999997797
F008_PID000000370,370,2019-09-19T00:24:55.233510144+00:00,4.766489856,-0.04225352112676056,0.04225352112676056,1.0000000000021103
F008_PID000000370,370,2019-09-19T00:24:55.233647872+00:00,4.766352128,-0.04672897196261682,0.04672897196261682,1.0000000000021103
F008_PID000000370,370,2019-09-19T00:24:55.234259200+00:00,4.7657408,-0.04428904428904429,0.04428904428904429,1.0000000000021103
F008_PID000000370,370,2019-09-19T00:24:55.234346240+00:00,4.76565376,-0.04918032786885246,0.04918032786885246,1.0000000000021103
F008_PID000000370,370,2019-09-19T00:24:55.234417664+00:00,4.765582336,-0.0514018691588785,0.0514018691588785,1.0000000000021103
F008_PID000000370,370,2019-09-19T00:24:55.234562048+00:00,4.765437952,-0.053613053613053616,0.053613053613053616,1.0000000000021103
F008_PID000000370,370,2019-09-19T00:24:55.238051584+00:00,4.761948416,-0.0585480093676815,0.0585480093676815,1.0000000000021103
F008_PID000000370,370,2019-09-19T00:24:55.263766016+00:00,4.736233984,-0.056338028169014086,0.056338028169014086,1.0000000000021103
F008_PID000000370,370,2019-09-19T00:24:55.270786816+00:00,4.729213184,-0.06074766355140187,0.06074766355140187,1.0000000000021103
F008_PID000000370,370,2019-09-19T00:24:55.283528960+00:00,4.71647104,-0.06511627906976744,0.06511627906976744,1.0000000000021103
F008_PID000000370,370,2019-09-19T00:24:55.323383552+00:00,4.676616448,-0.055299539170506916,0.055299539170506916,1.0000000000021103
F008_PID000000370,370,2019-09-19T00:24:55.339218688+00:00,4.660781312,-0.053117782909930716,0.053117782909930716,1.0000000000021103
F008_PID000000370,370,2019-09-19T00:24:55.379399936+00:00,4.620600064,-0.048723897911832945,0.048723897911832945,1.0000000000021103
F008_PID000000370,370,2019-09-19T00:24:55.379728640+00:00,4.62027136,-0.04428904428904429,0.04428904428904429,1.0000000000021103
F008_PID000000370,370,2019-09-19T00:24:55.385886208+00:00,4.614113792,-0.03981264637002342,0.03981264637002342,1.0000000000021103
F008_PID000000370,370,2019-09-19T00:24:55.386141440+00:00,4.61385856,-0.15289256198347106,0.15289256198347106,1.9999999999997797
F008_PID000000370,370,2019-09-19T00:24:55.391532800+00:00,4.6084672,-0.14814814814814814,0.14814814814814814,1.9999999999997797
F008_PID000000370,370,2019-09-19T00:24:55.404725248+00:00,4.595274752,-0.15289256198347106,0.15289256198347106,1.9999999999997797
F008_PID000000370,370,2019-09-19T00:24:55.404892160+00:00,4.59510784,-0.15051546391752577,0.15051546391752577,1.9999999999997797
F008_PID000000370,370,2019-09-19T00:24:56.293376768+00:00,3.706623232,-0.13626834381551362,0.13626834381551362,1.9999999999997797
F008_PID000000370,370,2019-09-19T00:24:56.303533056+00:00,3.696466944,-0.15051546391752577,0.15051546391752577,1.9999999999997797
F009_PID000000484,484,2019-12-10T01:28:00.027887872+00:00,119.972112128,0.1076923076923077,0.1076923076923077,1.0000000000021103
F009_PID000000484,484,2019-12-10T01:28:00.028053504+00:00,119.971946496,0.10429447852760736,0.10429447852760736,1.0000000000021103
F009_PID000000484,484,2019-12-10T01:28:00.081437952+00:00,119.918562048,0.1076923076923077,0.1076923076923077,1.0000000000021103
F009_PID000000484,484,2019-12-10T01:28:00.100359680+00:00,119.89964032,0.11042944785276074,0.11042944785276074,1.0000000000021103
F009_PID000000484,484,2019-12-10T01:28:00.100369664+00:00,119.899630336,0.11384615384615385,0.11384615384615385,1.0000000000021103
F009_PID000000484,484,2019-12-10T01:28:00.104296704+00:00,119.895703296,0.11213517665130568,0.11213517665130568,1.0000000000021103
F009_PID000000484,484,2019-12-10T01:28:00.179207936+00:00,119.820792064,0.11042944785276074,0.11042944785276074,1.0000000000021103
F009_PID000000484,484,2019-12-10T01:28:00.179343872+00:00,119.820656128,0.1076923076923077,0.1076923076923077,1.0000000000021103
F009_PID000000484,484,2019-12-10T01:28:00.182790400+00:00,119.8172096,0.10599078341013825,0.10599078341013825,1.0000000000021103
F009_PID000000484,484,2019-12-10T01:28:00.182800896+00:00,119.817199104,0.1076923076923077,0.1076923076923077,1.0000000000021103
F009_PID000000484,484,2019-12-10T01:28:00.256060416+00:00,119.743939584,0.1076923076923077,0.1076923076923077,1.0000000000021103
F009_PID000000484,484,2019-12-10T01:28:00.609202688+00:00,119.390797312,0.1076923076923077,0.1076923076923077,1.0000000000021103
F009_PID000000484,484,2019-12-10T01:28:00.621161728+00:00,119.378838272,0.1076923076923077,0.1076923076923077,1.0000000000021103
F009_PID000000484,484,2019-12-10T01:28:00.621308672+00:00,119.378691328,0.11042944785276074,0.11042944785276074,1.0000000000021103
F009_PID000000484,484,2019-12-10T01:28:00.713980672+00:00,119.286019328,0.11042944785276074,0.11042944785276074,1.0000000000021103
F009_PID000000484,484,2019-12-10T01:28:03.438380032+00:00,116.561619968,0.12422360248447205,0.12422360248447205,1.0000000000021103
F009_PID000000484,484,2019-12-10T01:28:03.438533632+00:00,116.561466368,0.12597200622083982,0.12597200622083982,1.0000000000021103
F009_PID000000484,484,2019-12-10T01:28:03.457762048+00:00,116.542237952,0.1294851794071763,0.1294851794071763,1.0000000000021103
F009_PID000000484,484,2019-12-10T01:28:03.514226688+00:00,116.485773312,0.13125,0.13125,1.0000000000021103
F009_PID000000484,484,2019-12-10T01:28:03.579227392+00:00,116.420772608,0.13302034428794993,0.13302034428794993,1.0000000000021103
F009_PID000000484,484,2019-12-10T01:28:03.579370752+00:00,116.420629248,0.13479623824451412,0.13479623824451412,1.0000000000021103
F009_PID000000484,484,2019-12-10T01:28:03.579530752+00:00,116.420469248,0.13615023474178403,0.13615023474178403,1.0000000000021103
F009_PID000000484,484,2019-12-10T01:28:03.604207872+00:00,116.395792128,0.13793103448275862,0.13793103448275862,1.0000000000021103
F009_PID000000484,484,2019-12-10T01:28:03.617474816+00:00,116.382525184,0.140625,0.140625,1.0000000000021103
F009_PID000000484,484,2019-12-10T01:28:04.222347008+00:00,115.777652992,0.140625,0.140625,1.0000000000021103
F009_PID000000484,484,2019-12-10T01:28:04.223047936+00:00,115.776952064,0.140625,0.140625,1.0000000000021103
F009_PID000000484,484,2019-12-10T01:28:05.928788224+00:00,114.071211776,0.13884555382215288,0.13884555382215288,1.0000000000021103
F009_PID000000484,484,2019-12-10T01:28:05.928965376+00:00,114.071034624,0.13615023474178403,0.13615023474178403,1.0000000000021103
F009_PID000000484,484,2019-12-10T01:28:05.929116416+00:00,114.070883584,0.134375,0.134375,1.0000000000021103
F009_PID000000484,484,2019-12-10T01:28:05.929126144+00:00,114.070873856,0.13260530421216848,0.13260530421216848,1.0000000000021103
F009_PID000000484,484,2019-12-10T01:28:06.085084928+00:00,113.914915072,0.134375,0.134375,1.0000000000021103
F009_PID000000484,484,2019-12-10T01:28:07.850064384+00:00,112.149935616,0.13260530421216848,0.13260530421216848,1.0000000000021103
F009_PID000000484,484,2019-12-10T01:28:08.048343296+00:00,111.951656704,0.13125,0.13125,1.0000000000021103
F009_PID000000484,484,2019-12-10T01:28:08.064222976+00:00,111.935777024,0.1294851794071763,0.1294851794071763,1.0000000000021103
F009_PID000000484,484,2019-12-10T01:28:08.066739456+00:00,111.933260544,0.12597200622083982,0.12597200622083982,1.0000000000021103
F009_PID000000484,484,2019-12-10T01:28:08.310302976+00:00,111.689697024,0.1294851794071763,0.1294851794071763,1.0000000000021103
F009_PID000000484,484,2019-12-10T01:28:08.310448128+00:00,111.689551872,0.13125,0.13125,1.0000000000021103
F009_PID000000484,484,2019-12-10T01:28:08.443319040+00:00,111.55668096,0.13260530421216848,0.13260530421216848,1.0000000000021103
F009_PID000000484,484,2019-12-10T01:28:08.443337728+00:00,111.556662272,0.13798449612403102,0.13798449612403102,1.0000000000021103
F009_PID000000484,484,2019-12-10T01:28:08.449213184+00:00,111.550786816,0.13975155279503104,0.13975155279503104,1.0000000000021103
F009_PID000000484,484,2019-12-10T01:28:08.459197952+00:00,111.540802048,0.14152410575427682,0.14152410575427682,1.0000000000021103
F009_PID000000484,484,2019-12-10T01:28:10.973721344+00:00,109.026278656,0.14330218068535824,0.14330218068535824,1.0000000000021103
F009_PID000000484,484,2019-12-10T01:28:10.996944384+00:00,109.003055616,0.14330218068535824,0.14330218068535824,1.0000000000021103
F009_PID000000484,484,2019-12-10T01:28:10.996956672+00:00,109.003043328,-0.005420054200542005,-0.005420054200542005,1.9999999999997797
F009_PID000000484,484,2019-12-10T01:28:10.997508352+00:00,109.002491648,-0.14506172839506173,-0.14506172839506173,0.9999999999976694
F009_PID000000484,484,2019-12-10T01:28:10.997714944+00:00,109.002285056,-0.14153846153846153,-0.14153846153846153,0.9999999999976694
F009_PID000000484,484,2019-12-10T01:28:10.997714944+00:00,109.002285056,-0.14021571648690292,-0.14021571648690292,0.9999999999976694
F009_PID000000484,484,2019-12-10T01:28:10.997804288+00:00,109.002195712,-0.13671274961597543,-0.13671274961597543,0.9999999999976694
F009_PID000000484,484,2019-12-10T01:28:10.997860352+00:00,109.002139648,-0.1297709923664122,-0.1297709923664122,0.9999999999976694
F009_PID000000484,484,2019-12-10T01:28:10.998006528+00:00,109.001993472,-0.1297709923664122,-0.1297709923664122,0.9999999999976694
F009_PID000000484,484,2019-12-10T01:28:10.998307584+00:00,109.001692416,-0.12804878048780488,-0.12804878048780488,0.9999999999976694
F009_PID000000484,484,2019-12-10T01:28:10.998322944+00:00,109.001677056,-0.1437125748502994,-0.1437125748502994,0.9999999999976694
F009_PID000000484,484,2019-12-10T01:28:10.998519552+00:00,109.001480448,-0.1454272863568216,-0.1454272863568216,0.9999999999976694
F009_PID000000484,484,2019-12-10T01:28:11.012099328+00:00,108.987900672,-0.14887218045112782,-0.14887218045112782,0.9999999999976694
F009_PID000000484,484,2019-12-10T01:28:11.069926656+00:00,108.930073344,-0.1454272863568216,-0.1454272863568216,0.9999999999976694
F009_PID000000484,484,2019-12-10T01:28:11.072253440+00:00,108.92774656,-0.14798206278026907,-0.14798206278026907,0.9999999999976694
F009_PID000000484,484,2019-12-10T01:28:11.073247744+00:00,108.926752256,-0.15142428785607195,-0.15142428785607195,0.9999999999976694
F009_PID000000484,484,2019-12-10T01:28:11.089713152+00:00,108.910286848,-0.14798206278026907,-0.14798206278026907,0.9999999999976694
F009_PID000000484,484,2019-12-10T01:28:11.123352576+00:00,108.876647424,-0.13767019667170954,-0.13767019667170954,0.9999999999976694
F009_PID000000484,484,2019-12-10T01:28:11.123366912+00:00,108.876633088,-0.12710566615620214,-0.12710566615620214,0.9999999999976694
F009_PID000000484,484,2019-12-10T01:28:11.123520768+00:00,108.876479232,-0.12538226299694188,-0.12538226299694188,0.9999999999976694
F009_PID000000484,484,2019-12-10T01:28:11.129723392+00:00,108.870276608,-0.12195121951219512,-0.12195121951219512,0.9999999999976694
F009_PID000000484,484,2019-12-10T01:28:11.131771136+00:00,108.868228864,-0.12195121951219512,-0.12195121951219512,0.9999999999976694
F009_PID000000484,484,2019-12-10T01:28:11.134428672+00:00,108.865571328,-0.12538226299694188,-0.12538226299694188,0.9999999999976694
F009_PID000000484,484,2019-12-10T01:28:11.135321344+00:00,108.864678656,-0.12883435582822086,-0.12883435582822086,0.9999999999976694
F009_PID000000484,484,2019-12-10T01:28:11.136084736+00:00,108.863915264,-0.130568356374808,-0.130568356374808,0.9999999999976694
F009_PID000000484,484,2019-12-10T01:28:11.136186368+00:00,108.863813632,-0.12788906009244994,-0.12788906009244994,0.9999999999976694
F009_PID000000484,484,2019-12-10T01:28:11.139974144+00:00,108.860025856,-0.12442396313364056,-0.12442396313364056,0.9999999999976694
F009_PID000000484,484,2019-12-10T01:28:11.140075008+00:00,108.859924992,-0.12098009188361408,-0.12098009188361408,0.9999999999976694
F009_PID000000484,484,2019-12-10T01:28:11.143464448+00:00,108.856535552,-0.11556240369799692,-0.11556240369799692,0.9999999999976694
F009_PID000000484,484,2019-12-10T01:28:11.143858176+00:00,108.856141824,-0.11901081916537867,-0.11901081916537867,0.9999999999976694
F009_PID000000484,484,2019-12-10T01:28:11.144408064+00:00,108.855591936,-0.11627906976744186,-0.11627906976744186,0.9999999999976694
F009_PID000000484,484,2019-12-10T01:28:11.144433408+00:00,108.855566592,-0.0995260663507109,-0.0995260663507109,0.9999999999976694
F009_PID000000484,484,2019-12-10T01:28:11.145393152+00:00,108.854606848,-0.09606299212598425,-0.09606299212598425,0.9999999999976694
F009_PID000000484,484,2019-12-10T01:28:11.148190720+00:00,108.85180928,-0.09606299212598425,-0.09606299212598425,0.9999999999976694
F009_PID000000484,484,2019-12-10T01:28:11.189860096+00:00,108.810139904,-0.08242612752721618,-0.08242612752721618,0.9999999999976694
F009_PID000000484,484,2019-12-10T01:28:11.190002944+00:00,108.809997056,-0.07956318252730109,-0.07956318252730109,0.9999999999976694
F009_PID000000484,484,2019-12-10T01:28:11.190022912+00:00,108.809977088,-0.07620528771384137,-0.07620528771384137,0.9999999999976694
F009_PID000000484,484,2019-12-10T01:28:11.190512640+00:00,108.80948736,-0.07042253521126761,-0.07042253521126761,0.9999999999976694
F009_PID000000484,484,2019-12-10T01:28:11.190942464+00:00,108.809057536,-0.06708268330733229,-0.06708268330733229,0.9999999999976694
F009_PID000000484,484,2019-12-10T01:28:11.191441920+00:00,108.80855808,-0.06416275430359937,-0.06416275430359937,0.9999999999976694
F009_PID000000484,484,2019-12-10T01:28:11.191451392+00:00,108.808548608,-0.061224489795918366,-0.061224489795918366,0.9999999999976694
F009_PID000000484,484,2019-12-10T01:28:11.191463424+00:00,108.808536576,-0.05956112852664577,-0.05956112852664577,0.9999999999976694
F009_PID000000484,484,2019-12-10T01:28:11.191603456+00:00,108.808396544,-0.057902973395931145,-0.057902973395931145,0.9999999999976694
F009_PID000000484,484,2019-12-10T01:28:11.191729408+00:00,108.808270592,-0.05956112852664577,-0.05956112852664577,0.9999999999976694
F009_PID000000484,484,2019-12-10T01:28:11.192343808+00:00,108.807656192,-0.05362776025236593,-0.05362776025236593,0.9999999999976694
F009_PID000000484,484,2019-12-10T01:28:11.192480512+00:00,108.807519488,-0.05196850393700787,-0.05196850393700787,0.9999999999976694
F009_PID000000484,484,2019-12-10T01:28:11.192630784+00:00,108.807369216,-0.05362776025236593,-0.05362776025236593,0.9999999999976694
F009_PID000000484,484,2019-12-10T01:28:11.192772608+00:00,108.807227392,-0.05196850393700787,-0.05196850393700787,0.9999999999976694
F009_PID000000484,484,2019-12-10T01:28:11.194200320+00:00,108.80579968,-0.05362776025236593,-0.05362776025236593,0.9999999999976694
F009_PID000000484,484,2019-12-10T01:28:11.194257152+00:00,108.805742848,-0.05956112852664577,-0.05956112852664577,0.9999999999976694
F009_PID000000484,484,2019-12-10T01:28:11.194393856+00:00,108.805606144,-0.061224489795918366,-0.061224489795918366,0.9999999999976694
F009_PID000000484,484,2019-12-10T01:28:11.194521088+00:00,108.805478912,-0.06456692913385827,-0.06456692913385827,0.9999999999976694
F009_PID000000484,484,2019-12-10T01:28:11.194654464+00:00,108.805345536,-0.0679304897314376,-0.0679304897314376,0.9999999999976694
F009_PID000000484,484,2019-12-10T01:28:11.197883648+00:00,108.802116352,-0.0679304897314376,-0.0679304897314376,0.9999999999976694
F009_PID000000484,484,2019-12-10T01:28:11.202714880+00:00,108.79728512,-0.06200317965023847,-0.06200317965023847,0.9999999999976694
F009_PID000000484,484,2019-12-10T01:28:11.210130688+00:00,108.789869312,-0.058637083993660855,-0.058637083993660855,0.9999999999976694
F009_PID000000484,484,2019-12-10T01:28:11.210274816+00:00,108.789725184,-0.056962025316455694,-0.056962025316455694,0.9999999999976694
F009_PID000000484,484,2019-12-10T01:28:11.260024832+00:00,108.739975168,-0.05362776025236593,-0.05362776025236593,0.9999999999976694
F009_PID000000484,484,2019-12-10T01:28:11.260092672+00:00,108.739907328,-0.050314465408805034,-0.050314465408805034,0.9999999999976694
F009_PID000000484,484,2019-12-10T01:28:11.260193792+00:00,108.739806208,-0.04866562009419152,-0.04866562009419152,0.9999999999976694
F009_PID000000484,484,2019-12-10T01:28:11.289235456+00:00,108.710764544,-0.06200317965023847,-0.06200317965023847,0.9999999999976694
F009_PID000000484,484,2019-12-10T01:28:13.618553344+00:00,106.381446656,-0.06200317965023847,-0.06200317965023847,0.9999999999976694
F009_PID000000484,484,2019-12-10T01:28:14.395059456+00:00,105.604940544,-0.06539074960127592,-0.06539074960127592,0.9999999999976694
F009_PID000000484,484,2019-12-10T01:28:14.395200512+00:00,105.604799488,-0.06369426751592357,-0.06369426751592357,0.9999999999976694
F009_PID000000484,484,2019-12-10T01:28:14.538808576+00:00,105.461191424,-0.0670926517571885,-0.0670926517571885,0.9999999999976694
F009_PID000000484,484,2019-12-10T01:28:14.538946816+00:00,105.461053184,-0.0688,-0.0688,0.9999999999976694
F009_PID000000484,484,2019-12-10T01:28:14.546364928+00:00,105.453635072,-0.07177033492822966,-0.07177033492822966,0.9999999999976694
F009_PID000000484,484,2019-12-10T01:28:15.083267072+00:00,104.916732928,-0.0752,-0.0752,0.9999999999976694
F009_PID000000484,484,2019-12-10T01:28:15.083289600+00:00,104.9167104,-0.07692307692307693,-0.07692307692307693,0.9999999999976694
F009_PID000000484,484,2019-12-10T01:28:15.083301120+00:00,104.91669888,-0.07865168539325842,-0.07865168539325842,0.9999999999976694
F009_PID000000484,484,2019-12-10T01:28:15.083310848+00:00,104.916689152,-0.08038585209003216,-0.08038585209003216,0.9999999999976694
F009_PID000000484,484,2019-12-10T01:28:15.083321856+00:00,104.916678144,-0.0821256038647343,-0.0821256038647343,0.9999999999976694
F009_PID000000484,484,2019-12-10T01:28:15.083332096+00:00,104.916667904,-0.08387096774193549,-0.08387096774193549,0.9999999999976694
F009_PID000000484,484,2019-12-10T01:28:15.083342336+00:00,104.916657664,-0.08562197092084006,-0.08562197092084006,0.9999999999976694
F009_PID000000484,484,2019-12-10T01:28:15.083352832+00:00,104.916647168,-0.08914100486223663,-0.08914100486223663,0.9999999999976694
F009_PID000000484,484,2019-12-10T01:28:15.083595520+00:00,104.91640448,-0.09208400646203554,-0.09208400646203554,0.9999999999976694
F009_PID000000484,484,2019-12-10T01:28:15.083595520+00:00,104.91640448,-0.09562398703403566,-0.09562398703403566,0.9999999999976694
F009_PID000000484,484,2019-12-10T01:28:15.083595520+00:00,104.91640448,-0.0991869918699187,-0.0991869918699187,0.9999999999976694
F009_PID000000484,484,2019-12-10T01:28:15.083915776+00:00,104.916084224,-0.10097719869706841,-0.10097719869706841,0.9999999999976694
F009_PID000000484,484,2019-12-10T01:28:15.085159168+00:00,104.914840832,-0.10679611650485436,-0.10679611650485436,0.9999999999976694
F009_PID000000484,484,2019-12-10T01:28:15.095847680+00:00,104.90415232,-0.10679611650485436,-0.10679611650485436,0.9999999999976694
F009_PID000000484,484,2019-12-10T01:28:15.095857920+00:00,104.90414208,0.03526093088857546,0.03526093088857546,1.9999999999997797
F009_PID000000484,484,2019-12-10T01:28:15.096198656+00:00,104.903801344,0.03389830508474576,0.03389830508474576,1.9999999999997797
F009_PID000000484,484,2019-12-10T01:28:15.096209152+00:00,104.903790848,0.028089887640449437,0.028089887640449437,1.9999999999997797
F009_PID000000484,484,2019-12-10T01:28:15.096209152+00:00,104.903790848,-0.1072,-0.1072,0.9999999999976694
F009_PID000000484,484,2019-12-10T01:28:15.104312832+00:00,104.895687168,-0.11287758346581876,-0.11287758346581876,0.9999999999976694
F009_PID000000484,484,2019-12-10T01:28:15.107924224+00:00,104.892075776,-0.11287758346581876,-0.11287758346581876,0.9999999999976694
F009_PID000000484,484,2019-12-10T01:28:15.107934976+00:00,104.892065024,-0.11642743221690591,-0.11642743221690591,0.9999999999976694
F009_PID000000484,484,2019-12-10T01:28:15.108575744+00:00,104.891424256,0.0223463687150838,0.0223463687150838,1.9999999999997797
F009_PID000000484,484,2019-12-10T01:28:15.183868416+00:00,104.816131584,0.025069637883008356,0.025069637883008356,1.9999999999997797
F009_PID000000484,484,2019-12-10T01:28:15.184015872+00:00,104.815984128,0.027777777777777776,0.027777777777777776,1.9999999999997797
F009_PID000000484,484,2019-12-10T01:28:15.223336960+00:00,104.77666304,0.0223463687150838,0.0223463687150838,1.9999999999997797
F009_PID000000484,484,2019-12-10T01:28:15.539250944+00:00,104.460749056,0.019498607242339833,0.019498607242339833,1.9999999999997797
F009_PID000000484,484,2019-12-10T01:28:17.510814464+00:00,102.489185536,0.019498607242339833,0.019498607242339833,1.9999999999997797
F009_PID000000484,484,2019-12-10T01:28:17.520060416+00:00,102.479939584,0.019498607242339833,0.019498607242339833,1.9999999999997797
F009_PID000000484,484,2019-12-10T01:28:19.682998784+00:00,100.317001216,0.02086230876216968,0.02086230876216968,1.9999999999997797
F009_PID000000484,484,2019-12-10T01:28:24.583437568+00:00,95.416562432,-0.1192368839427663,-0.1192368839427663,0.9999999999976694
F009_PID000000484,484,2019-12-10T01:28:24.583628544+00:00,95.416371456,-0.11746031746031746,-0.11746031746031746,0.9999999999976694
F009_PID000000484,484,2019-12-10T01:28:24.583647488+00:00,95.416352512,-0.11392405063291139,-0.11392405063291139,0.9999999999976694
F009_PID000000484,484,2019-12-10T01:28:24.583856640+00:00,95.41614336,-0.1069182389937107,-0.1069182389937107,0.9999999999976694
F009_PID000000484,484,2019-12-10T01:28:24.584123136+00:00,95.415876864,-0.10410094637223975,-0.10410094637223975,0.9999999999976694
F009_PID000000484,484,2019-12-10T01:28:24.584133632+00:00,95.415866368,-0.1069182389937107,-0.1069182389937107,0.9999999999976694
F009_PID000000484,484,2019-12-10T01:28:24.592271872+00:00,95.407728128,-0.10344827586206896,-0.10344827586206896,0.9999999999976694
F009_PID000000484,484,2019-12-10T01:28:24.595586560+00:00,95.40441344,-0.09779179810725552,-0.09779179810725552,0.9999999999976694
F009_PID000000484,484,2019-12-10T01:28:24.596012288+00:00,95.403987712,-0.09779179810725552,-0.09779179810725552,0.9999999999976694
F009_PID000000484,484,2019-12-10T01:28:24.596417536+00:00,95.403582464,-0.0949367088607595,-0.0949367088607595,0.9999999999976694
F009_PID000000484,484,2019-12-10T01:28:24.602986240+00:00,95.39701376,-0.0914826498422713,-0.0914826498422713,0.9999999999976694
F009_PID000000484,484,2019-12-10T01:28:24.602995712+00:00,95.397004288,-0.08860759493670886,-0.08860759493670886,0.9999999999976694
F009_PID000000484,484,2019-12-10T01:28:24.604105728+00:00,95.395894272,-0.08860759493670886,-0.08860759493670886,0.9999999999976694
F009_PID000000484,484,2019-12-10T01:28:24.605249536+00:00,95.394750464,-0.08860759493670886,-0.08860759493670886,0.9999999999976694
F009_PID000000484,484,2019-12-10T01:28:24.671620352+00:00,95.328379648,-0.08571428571428572,-0.08571428571428572,0.9999999999976694
F009_PID000000484,484,2019-12-10T01:28:24.673205504+00:00,95.326794496,-0.08227848101265822,-0.08227848101265822,0.9999999999976694
F009_PID000000484,484,2019-12-10T01:28:24.674351616+00:00,95.325648384,-0.07643312101910828,-0.07643312101910828,0.9999999999976694
F009_PID000000484,484,2019-12-10T01:28:24.674508544+00:00,95.325491456,-0.07472178060413355,-0.07472178060413355,0.9999999999976694
F009_PID000000484,484,2019-12-10T01:28:24.674521344+00:00,95.325478656,-0.0688,-0.0688,0.9999999999976694
F009_PID000000484,484,2019-12-10T01:28:24.674660608+00:00,95.325339392,-0.06581059390048154,-0.06581059390048154,0.9999999999976694
F009_PID000000484,484,2019-12-10T01:28:24.674685696+00:00,95.325314304,-0.0641025641025641,-0.0641025641025641,0.9999999999976694
F009_PID000000484,484,2019-12-10T01:28:24.674815744+00:00,95.325184256,-0.05901116427432217,-0.05901116427432217,0.9999999999976694
F009_PID000000484,484,2019-12-10T01:28:24.674828544+00:00,95.325171456,-0.05750798722044728,-0.05750798722044728,0.9999999999976694
F009_PID000000484,484,2019-12-10T01:28:24.675231488+00:00,95.324768512,-0.060897435897435896,-0.060897435897435896,0.9999999999976694
F009_PID000000484,484,2019-12-10T01:28:24.809902592+00:00,95.190097408,-0.06430868167202572,-0.06430868167202572,0.9999999999976694
F009_PID000000484,484,2019-12-10T01:28:24.810233344+00:00,95.189766656,-0.06602254428341385,-0.06602254428341385,0.9999999999976694
F009_PID000000484,484,2019-12-10T01:28:24.810383360+00:00,95.18961664,-0.06902086677367576,-0.06902086677367576,0.9999999999976694
F009_PID000000484,484,2019-12-10T01:28:24.822342656+00:00,95.177657344,-0.0707395498392283,-0.0707395498392283,0.9999999999976694
F009_PID000000484,484,2019-12-10T01:28:24.822480640+00:00,95.17751936,-0.07419354838709677,-0.07419354838709677,0.9999999999976694
F009_PID000000484,484,2019-12-10T01:28:26.378757376+00:00,93.621242624,-0.07419354838709677,-0.07419354838709677,0.9999999999976694
F009_PID000000484,484,2019-12-10T01:28:26.378925056+00:00,93.621074944,-0.07568438003220612,-0.07568438003220612,0.9999999999976694
F009_PID000000484,484,2019-12-10T01:28:26.687368704+00:00,93.312631296,-0.07568438003220612,-0.07568438003220612,0.9999999999976694
F009_PID000000484,484,2019-12-10T01:28:27.545850368+00:00,92.454149632,-0.07568438003220612,-0.07568438003220612,0.9999999999976694
F009_PID000000484,484,2019-12-10T01:28:28.500935936+00:00,91.499064064,-0.07865168539325842,-0.07865168539325842,0.9999999999976694
F009_PID000000484,484,2019-12-10T01:28:28.500956928+00:00,91.499043072,-0.0821256038647343,-0.0821256038647343,0.9999999999976694
F009_PID000000484,484,2019-12-10T01:28:28.506083584+00:00,91.493916416,-0.088,-0.088,0.9999999999976694
F009_PID000000484,484,2019-12-10T01:28:28.506256896+00:00,91.493743104,-0.08945686900958466,-0.08945686900958466,0.9999999999976694
F009_PID000000484,484,2019-12-10T01:28:28.584556544+00:00,91.415443456,-0.09294871794871795,-0.09294871794871795,0.9999999999976694
F009_PID000000484,484,2019-12-10T01:28:28.585639168+00:00,91.414360832,-0.10015898251192369,-0.10015898251192369,0.9999999999976694
F009_PID000000484,484,2019-12-10T01:28:28.591543296+00:00,91.408456704,-0.10366826156299841,-0.10366826156299841,0.9999999999976694
F009_PID000000484,484,2019-12-10T01:28:28.591679488+00:00,91.408320512,0.036211699164345405,0.036211699164345405,1.9999999999997797
F009_PID000000484,484,2019-12-10T01:28:28.591865856+00:00,91.408134144,0.03765690376569038,0.03765690376569038,1.9999999999997797
F009_PID000000484,484,2019-12-10T01:28:28.591912192+00:00,91.408087808,0.036312849162011177,0.036312849162011177,1.9999999999997797
F009_PID000000484,484,2019-12-10T01:28:28.592139264+00:00,91.407860736,-0.09697933227344992,-0.09697933227344992,0.9999999999976694
F009_PID000000484,484,2019-12-10T01:28:28.592316928+00:00,91.407683072,-0.09523809523809523,-0.09523809523809523,0.9999999999976694
F009_PID000000484,484,2019-12-10T01:28:28.592518656+00:00,91.407481344,-0.09667194928684628,-0.09667194928684628,0.9999999999976694
F009_PID000000484,484,2019-12-10T01:28:28.597764864+00:00,91.402235136,-0.10236220472440945,-0.10236220472440945,0.9999999999976694
F009_PID000000484,484,2019-12-10T01:28:28.599197440+00:00,91.40080256,-0.10410094637223975,-0.10410094637223975,0.9999999999976694
F009_PID000000484,484,2019-12-10T01:28:28.719675136+00:00,91.280324864,-0.10236220472440945,-0.10236220472440945,0.9999999999976694
F009_PID000000484,484,2019-12-10T01:28:28.749392640+00:00,91.25060736,-0.0989010989010989,-0.0989010989010989,0.9999999999976694
F009_PID000000484,484,2019-12-10T01:28:28.757747712+00:00,91.242252288,-0.09320695102685624,-0.09320695102685624,0.9999999999976694
F009_PID000000484,484,2019-12-10T01:28:28.765491200+00:00,91.2345088,-0.08976377952755905,-0.08976377952755905,0.9999999999976694
F009_PID000000484,484,2019-12-10T01:28:28.834162944+00:00,91.165837056,-0.08688783570300158,-0.08688783570300158,0.9999999999976694
F009_PID000000484,484,2019-12-10T01:28:28.837767936+00:00,91.162232064,-0.08346456692913386,-0.08346456692913386,0.9999999999976694
F009_PID000000484,484,2019-12-10T01:28:28.838170880+00:00,91.16182912,-0.0761904761904762,-0.0761904761904762,0.9999999999976694
F009_PID000000484,484,2019-12-10T01:28:28.839171840+00:00,91.16082816,-0.07028753993610223,-0.07028753993610223,0.9999999999976694
F009_PID000000484,484,2019-12-10T01:28:28.839317760+00:00,91.16068224,-0.0685805422647528,-0.0685805422647528,0.9999999999976694
F009_PID000000484,484,2019-12-10T01:28:28.839481088+00:00,91.160518912,-0.06687898089171974,-0.06687898089171974,0.9999999999976694
F009_PID000000484,484,2019-12-10T01:28:30.039681792+00:00,89.960318208,-0.07028753993610223,-0.07028753993610223,0.9999999999976694
F009_PID000000484,484,2019-12-10T01:28:30.039840512+00:00,89.960159488,-0.072,-0.072,0.9999999999976694
F009_PID000000484,484,2019-12-10T01:28:30.039982336+00:00,89.960017664,-0.0754414125200642,-0.0754414125200642,0.9999999999976694
F009_PID000000484,484,2019-12-10T01:28:40.529248256+00:00,79.470751744,-0.07717041800643087,-0.07717041800643087,0.9999999999976694
F009_PID000000484,484,2019-12-10T01:28:40.529353472+00:00,79.470646528,-0.07890499194847021,-0.07890499194847021,0.9999999999976694
F009_PID000000484,484,2019-12-10T01:28:40.529353472+00:00,79.470646528,-0.08064516129032258,-0.08064516129032258,0.9999999999976694
F009_PID000000484,484,2019-12-10T01:28:40.529353472+00:00,79.470646528,-0.08239095315024232,-0.08239095315024232,0.9999999999976694
F009_PID000000484,484,2019-12-10T01:28:40.529366016+00:00,79.470633984,-0.08239095315024232,-0.08239095315024232,0.9999999999976694
F009_PID000000484,484,2019-12-10T01:28:40.529379584+00:00,79.470620416,-0.08090614886731391,-0.08090614886731391,0.9999999999976694
F009_PID000000484,484,2019-12-10T01:28:40.529967360+00:00,79.47003264,-0.08265802269043761,-0.08265802269043761,0.9999999999976694
F009_PID000000484,484,2019-12-10T01:28:40.530046208+00:00,79.469953792,-0.08441558441558442,-0.08441558441558442,0.9999999999976694
F009_PID000000484,484,2019-12-10T01:28:40.530066688+00:00,79.469933312,-0.08617886178861789,-0.08617886178861789,0.9999999999976694
F009_PID000000484,484,2019-12-10T01:28:40.530088960+00:00,79.46991104,-0.08617886178861789,-0.08617886178861789,0.9999999999976694
F009_PID000000484,484,2019-12-10T01:28:40.531219456+00:00,79.468780544,-0.08914100486223663,-0.08914100486223663,0.9999999999976694
F009_PID000000484,484,2019-12-10T01:28:40.750206208+00:00,79.249793792,-0.08562197092084006,-0.08562197092084006,0.9999999999976694
F009_PID000000484,484,2019-12-10T01:28:40.750359040+00:00,79.24964096,-0.08914100486223663,-0.08914100486223663,0.9999999999976694
F009_PID000000484,484,2019-12-10T01:28:40.750382080+00:00,79.24961792,-0.08617886178861789,-0.08617886178861789,0.9999999999976694
F009_PID000000484,484,2019-12-10T01:28:40.751309824+00:00,79.248690176,-0.08265802269043761,-0.08265802269043761,0.9999999999976694
F009_PID000000484,484,2019-12-10T01:28:40.754704640+00:00,79.24529536,-0.08265802269043761,-0.08265802269043761,0.9999999999976694
F009_PID000000484,484,2019-12-10T01:28:40.759997696+00:00,79.240002304,-0.0791599353796446,-0.0791599353796446,0.9999999999976694
F009_PID000000484,484,2019-12-10T01:28:40.853747712+00:00,79.146252288,-0.07568438003220612,-0.07568438003220612,0.9999999999976694
F009_PID000000484,484,2019-12-10T01:28:48.215089152+00:00,71.784910848,-0.0791599353796446,-0.0791599353796446,0.9999999999976694
F009_PID000000484,484,2019-12-10T01:28:48.215292928+00:00,71.784707072,-0.08265802269043761,-0.08265802269043761,0.9999999999976694
F009_PID000000484,484,2019-12-10T01:28:48.223628288+00:00,71.776371712,-0.08617886178861789,-0.08617886178861789,0.9999999999976694
F009_PID000000484,484,2019-12-10T01:28:48.223769088+00:00,71.776230912,-0.08914100486223663,-0.08914100486223663,0.9999999999976694
F009_PID000000484,484,2019-12-10T01:28:51.710680832+00:00,68.289319168,-0.08562197092084006,-0.08562197092084006,0.9999999999976694
F009_PID000000484,484,2019-12-10T01:28:51.710836992+00:00,68.289163008,-0.08265802269043761,-0.08265802269043761,0.9999999999976694
F009_PID000000484,484,2019-12-10T01:28:51.711295232+00:00,68.288704768,-0.09003215434083602,-0.09003215434083602,0.9999999999976694
F009_PID000000484,484,2019-12-10T01:28:56.689337856+00:00,63.310662144,-0.09584664536741214,-0.09584664536741214,0.9999999999976694
F009_PID000000484,484,2019-12-10T01:28:56.690406656+00:00,63.309593344,-0.09872611464968153,-0.09872611464968153,0.9999999999976694
F009_PID000000484,484,2019-12-10T01:28:56.690605568+00:00,63.309394432,-0.10223642172523961,-0.10223642172523961,0.9999999999976694
F009_PID000000484,484,2019-12-10T01:28:56.698969344+00:00,63.301030656,-0.10576923076923077,-0.10576923076923077,0.9999999999976694
F009_PID000000484,484,2019-12-10T01:28:56.715189248+00:00,63.284810752,-0.10289389067524116,-0.10289389067524116,0.9999999999976694
F009_PID000000484,484,2019-12-10T01:28:56.718716416+00:00,63.281283584,-0.10576923076923077,-0.10576923076923077,0.9999999999976694
F009_PID000000484,484,2019-12-10T01:28:56.745166848+00:00,63.254833152,-0.10289389067524116,-0.10289389067524116,0.9999999999976694
F009_PID000000484,484,2019-12-10T01:28:56.745316096+00:00,63.254683904,-0.09935897435897435,-0.09935897435897435,0.9999999999976694
F009_PID000000484,484,2019-12-10T01:28:56.751397376+00:00,63.248602624,-0.09584664536741214,-0.09584664536741214,0.9999999999976694
F009_PID000000484,484,2019-12-10T01:28:56.760009216+00:00,63.239990784,-0.09872611464968153,-0.09872611464968153,0.9999999999976694
F009_PID000000484,484,2019-12-10T01:28:56.760144896+00:00,63.239855104,-0.10223642172523961,-0.10223642172523961,0.9999999999976694
F009_PID000000484,484,2019-12-10T01:28:56.761942272+00:00,63.238057728,-0.09935897435897435,-0.09935897435897435,0.9999999999976694
F009_PID000000484,484,2019-12-10T01:28:56.810749952+00:00,63.189250048,-0.10289389067524116,-0.10289389067524116,0.9999999999976694
F009_PID000000484,484,2019-12-10T01:28:56.820005120+00:00,63.17999488,-0.10576923076923077,-0.10576923076923077,0.9999999999976694
F009_PID000000484,484,2019-12-10T01:28:56.848537856+00:00,63.151462144,-0.10223642172523961,-0.10223642172523961,0.9999999999976694
F009_PID000000484,484,2019-12-10T01:28:56.848679168+00:00,63.151320832,-0.09935897435897435,-0.09935897435897435,0.9999999999976694
F009_PID000000484,484,2019-12-10T01:28:56.850237952+00:00,63.149762048,-0.09584664536741214,-0.09584664536741214,0.9999999999976694
F009_PID000000484,484,2019-12-10T01:28:56.850608640+00:00,63.14939136,-0.09935897435897435,-0.09935897435897435,0.9999999999976694
F009_PID000000484,484,2019-12-10T01:28:56.896425216+00:00,63.103574784,-0.09584664536741214,-0.09584664536741214,0.9999999999976694
F009_PID000000484,484,2019-12-10T01:28:56.951302144+00:00,63.048697856,-0.09235668789808917,-0.09235668789808917,0.9999999999976694
F009_PID000000484,484,2019-12-10T01:28:56.951439872+00:00,63.048560128,-0.08888888888888889,-0.08888888888888889,0.9999999999976694
F009_PID000000484,484,2019-12-10T01:29:00.192681728+00:00,59.807318272,-0.0816,-0.0816,0.9999999999976694
F009_PID000000484,484,2019-12-10T01:29:01.704911872+00:00,58.295088128,-0.08507223113964688,-0.08507223113964688,0.9999999999976694
F009_PID000000484,484,2019-12-10T01:29:01.705052416+00:00,58.294947584,-0.08856682769726248,-0.08856682769726248,0.9999999999976694
F009_PID000000484,484,2019-12-10T01:29:02.546237952+00:00,57.453762048,-0.08265802269043761,-0.08265802269043761,0.9999999999976694
F009_PID000000484,484,2019-12-10T01:29:02.546385152+00:00,57.453614848,-0.0791599353796446,-0.0791599353796446,0.9999999999976694
F009_PID000000484,484,2019-12-10T01:29:02.688645632+00:00,57.311354368,-0.07568438003220612,-0.07568438003220612,0.9999999999976694
F009_PID000000484,484,2019-12-10T01:29:03.618791680+00:00,56.38120832,-0.0791599353796446,-0.0791599353796446,0.9999999999976694
F009_PID000000484,484,2019-12-10T01:29:03.618945024+00:00,56.381054976,-0.08507223113964688,-0.08507223113964688,0.9999999999976694
F009_PID000000484,484,2019-12-10T01:29:03.619081728+00:00,56.380918272,-0.08856682769726248,-0.08856682769726248,0.9999999999976694
F009_PID000000484,484,2019-12-10T01:29:03.619662336+00:00,56.380337664,-0.08507223113964688,-0.08507223113964688,0.9999999999976694
F009_PID000000484,484,2019-12-10T01:29:03.619856128+00:00,56.380143872,-0.08856682769726248,-0.08856682769726248,0.9999999999976694
F009_PID000000484,484,2019-12-10T01:29:03.620372480+00:00,56.37962752,-0.09208400646203554,-0.09208400646203554,0.9999999999976694
F009_PID000000484,484,2019-12-10T01:29:03.620908800+00:00,56.3790912,-0.09562398703403566,-0.09562398703403566,0.9999999999976694
F009_PID000000484,484,2019-12-10T01:29:03.623323392+00:00,56.376676608,-0.09854604200323101,-0.09854604200323101,0.9999999999976694
F009_PID000000484,484,2019-12-10T01:29:03.641409024+00:00,56.358590976,-0.10144927536231885,-0.10144927536231885,0.9999999999976694
F009_PID000000484,484,2019-12-10T01:29:03.644835584+00:00,56.355164416,-0.09854604200323101,-0.09854604200323101,0.9999999999976694
F009_PID000000484,484,2019-12-10T01:29:03.794595072+00:00,56.205404928,-0.09854604200323101,-0.09854604200323101,0.9999999999976694
F009_PID000000484,484,2019-12-10T01:29:03.794606848+00:00,56.205393152,-0.10210696920583469,-0.10210696920583469,0.9999999999976694
F009_PID000000484,484,2019-12-10T01:29:03.794926080+00:00,56.20507392,-0.1038961038961039,-0.1038961038961039,0.9999999999976694
F009_PID000000484,484,2019-12-10T01:29:03.794926080+00:00,56.20507392,-0.10679611650485436,-0.10679611650485436,0.9999999999976694
F009_PID000000484,484,2019-12-10T01:29:03.794926080+00:00,56.20507392,-0.10679611650485436,-0.10679611650485436,0.9999999999976694
F009_PID000000484,484,2019-12-10T01:29:03.794926080+00:00,56.20507392,0.029787234042553193,0.029787234042553193,1.9999999999997797
F009_PID000000484,484,2019-12-10T01:29:03.795397632+00:00,56.204602368,0.02702702702702703,0.02702702702702703,1.9999999999997797
F009_PID000000484,484,2019-12-10T01:29:03.795397632+00:00,56.204602368,0.02564102564102564,0.02564102564102564,1.9999999999997797
F009_PID000000484,484,2019-12-10T01:29:03.795690240+00:00,56.20430976,0.02145922746781116,0.02145922746781116,1.9999999999997797
F009_PID000000484,484,2019-12-10T01:29:03.795747328+00:00,56.204252672,0.018651362984218076,0.018651362984218076,1.9999999999997797
F009_PID000000484,484,2019-12-10T01:29:03.803528704+00:00,56.196471296,0.012838801711840228,0.012838801711840228,1.9999999999997797
F009_PID000000484,484,2019-12-10T01:29:03.923340800+00:00,56.0766592,0.007173601147776184,0.007173601147776184,1.9999999999997797
F009_PID000000484,484,2019-12-10T01:29:03.923496960+00:00,56.07650304,0.010014306151645207,0.010014306151645207,1.9999999999997797
F009_PID000000484,484,2019-12-10T01:29:03.933354496+00:00,56.066645504,-0.0014144271570014145,-0.0014144271570014145,1.9999999999997797
F009_PID000000484,484,2019-12-10T01:29:04.002739968+00:00,55.997260032,0.1611842105263158,0.1611842105263158,1.0000000000021103
F009_PID000000484,484,2019-12-10T01:29:04.003071232+00:00,55.996928768,0.15737704918032788,0.15737704918032788,1.0000000000021103
F009_PID000000484,484,2019-12-10T01:29:04.003083520+00:00,55.99691648,0.15460526315789475,0.15460526315789475,1.0000000000021103
F009_PID000000484,484,2019-12-10T01:29:04.003095552+00:00,55.996904448,0.15650741350906094,0.15650741350906094,1.0000000000021103
F009_PID000000484,484,2019-12-10T01:29:04.003197696+00:00,55.996802304,0.15460526315789475,0.15460526315789475,1.0000000000021103
F009_PID000000484,484,2019-12-10T01:29:04.003197696+00:00,55.996802304,0.15270935960591134,0.15270935960591134,1.0000000000021103
F009_PID000000484,484,2019-12-10T01:29:04.022223872+00:00,55.977776128,0.15270935960591134,0.15270935960591134,1.0000000000021103
F009_PID000000484,484,2019-12-10T01:29:04.023531520+00:00,55.97646848,0.15270935960591134,0.15270935960591134,1.0000000000021103
F009_PID000000484,484,2019-12-10T01:29:04.136404224+00:00,55.863595776,0.15270935960591134,0.15270935960591134,1.0000000000021103
F009_PID000000484,484,2019-12-10T01:29:04.141406464+00:00,55.858593536,0.15650741350906094,0.15650741350906094,1.0000000000021103
F009_PID000000484,484,2019-12-10T01:29:04.141836544+00:00,55.858163456,0.14518760195758565,0.14518760195758565,1.0000000000021103
F009_PID000000484,484,2019-12-10T01:29:04.160389632+00:00,55.839610368,0.14238952536824878,0.14238952536824878,1.0000000000021103
F009_PID000000484,484,2019-12-10T01:29:04.160536832+00:00,55.839463168,0.14052287581699346,0.14052287581699346,1.0000000000021103
F009_PID000000484,484,2019-12-10T01:29:04.160547328+00:00,55.839452672,0.13866231647634583,0.13866231647634583,1.0000000000021103
F009_PID000000484,484,2019-12-10T01:29:04.160688384+00:00,55.839311616,0.13725490196078433,0.13725490196078433,1.0000000000021103
F009_PID000000484,484,2019-12-10T01:29:04.160840960+00:00,55.83915904,0.13539967373572595,0.13539967373572595,1.0000000000021103
F009_PID000000484,484,2019-12-10T01:29:04.160851456+00:00,55.839148544,0.13355048859934854,0.13355048859934854,1.0000000000021103
F009_PID000000484,484,2019-12-10T01:29:04.160986368+00:00,55.839013632,0.13170731707317074,0.13170731707317074,1.0000000000021103
F009_PID000000484,484,2019-12-10T01:29:04.161122816+00:00,55.838877184,0.12987012987012986,0.12987012987012986,1.0000000000021103
F009_PID000000484,484,2019-12-10T01:29:04.161160448+00:00,55.838839552,0.14098360655737704,0.14098360655737704,1.0000000000021103
F009_PID000000484,484,2019-12-10T01:29:04.179677696+00:00,55.820322304,0.14285714285714285,0.14285714285714285,1.0000000000021103
F009_PID000000484,484,2019-12-10T01:29:04.273336576+00:00,55.726663424,0.15806988352745424,0.15806988352745424,1.0000000000021103
F009_PID000000484,484,2019-12-10T01:29:04.298375424+00:00,55.701624576,0.14285714285714285,0.14285714285714285,1.0000000000021103
F009_PID000000484,484,2019-12-10T01:29:04.298383616+00:00,55.701616384,0.1280388978930308,0.1280388978930308,1.0000000000021103
F009_PID000000484,484,2019-12-10T01:29:04.298531328+00:00,55.701468672,0.1262135922330097,0.1262135922330097,1.0000000000021103
F009_PID000000484,484,2019-12-10T01:29:04.298540800+00:00,55.7014592,0.12258064516129032,0.12258064516129032,1.0000000000021103
F009_PID000000484,484,2019-12-10T01:29:04.298686464+00:00,55.701313536,0.11974110032362459,0.11974110032362459,1.0000000000021103
F009_PID000000484,484,2019-12-10T01:29:04.298695936+00:00,55.701304064,0.11688311688311688,0.11688311688311688,1.0000000000021103
F009_PID000000484,484,2019-12-10T01:29:04.298845440+00:00,55.70115456,0.11326860841423948,0.11326860841423948,1.0000000000021103
F009_PID000000484,484,2019-12-10T01:29:04.299320320+00:00,55.70067968,0.11147011308562198,0.11147011308562198,1.0000000000021103
F009_PID000000484,484,2019-12-10T01:29:04.362723072+00:00,55.637276928,0.10789049919484701,0.10789049919484701,1.0000000000021103
F009_PID000000484,484,2019-12-10T01:29:04.478358016+00:00,55.521641984,0.12234910277324633,0.12234910277324633,1.0000000000021103
F009_PID000000484,484,2019-12-10T01:29:04.479401472+00:00,55.520598528,0.1260229132569558,0.1260229132569558,1.0000000000021103
F009_PID000000484,484,2019-12-10T01:29:04.483476736+00:00,55.516523264,0.1297208538587849,0.1297208538587849,1.0000000000021103
F009_PID000000484,484,2019-12-10T01:29:04.485301760+00:00,55.51469824,0.13344316309719934,0.13344316309719934,1.0000000000021103
F009_PID000000484,484,2019-12-10T01:29:04.485437696+00:00,55.514562304,0.1353135313531353,0.1353135313531353,1.0000000000021103
F009_PID000000484,484,2019-12-10T01:29:04.486864128+00:00,55.513135872,0.13815789473684212,0.13815789473684212,1.0000000000021103
F009_PID000000484,484,2019-12-10T01:29:04.488352512+00:00,55.511647488,0.12337662337662338,0.12337662337662338,1.0000000000021103
F009_PID000000484,484,2019-12-10T01:29:04.489649920+00:00,55.51035008,0.12155591572123177,0.12155591572123177,1.0000000000021103
F009_PID000000484,484,2019-12-10T01:29:05.504556800+00:00,54.4954432,0.11793214862681745,0.11793214862681745,1.0000000000021103
F009_PID000000484,484,2019-12-10T01:29:05.504569088+00:00,54.495430912,0.11507293354943274,0.11507293354943274,1.0000000000021103
F009_PID000000484,484,2019-12-10T01:29:05.504577792+00:00,54.495422208,0.11147011308562198,0.11147011308562198,1.0000000000021103
F009_PID000000484,484,2019-12-10T01:29:05.504711680+00:00,54.49528832,0.10789049919484701,0.10789049919484701,1.0000000000021103
F009_PID000000484,484,2019-12-10T01:29:05.504867584+00:00,54.495132416,0.1043338683788122,0.1043338683788122,1.0000000000021103
F009_PID000000484,484,2019-12-10T01:29:05.633340672+00:00,54.366659328,0.09854604200323101,0.09854604200323101,1.0000000000021103
F009_PID000000484,484,2019-12-10T01:29:08.441466368+00:00,51.558533632,0.10210696920583469,0.10210696920583469,1.0000000000021103
F009_PID000000484,484,2019-12-10T01:29:08.441627648+00:00,51.558372352,0.1050080775444265,0.1050080775444265,1.0000000000021103
F009_PID000000484,484,2019-12-10T01:29:08.441637376+00:00,51.558362624,0.1085899513776337,0.1085899513776337,1.0000000000021103
F009_PID000000484,484,2019-12-10T01:29:08.463741696+00:00,51.536258304,0.10679611650485436,0.10679611650485436,1.0000000000021103
F009_PID000000484,484,2019-12-10T01:29:08.464590336+00:00,51.535409664,0.1085899513776337,0.1085899513776337,1.0000000000021103
F009_PID000000484,484,2019-12-10T01:29:08.530592256+00:00,51.469407744,0.10679611650485436,0.10679611650485436,1.0000000000021103
F009_PID000000484,484,2019-12-10T01:29:09.709673472+00:00,50.290326528,0.1050080775444265,0.1050080775444265,1.0000000000021103
F009_PID000000484,484,2019-12-10T01:29:09.710088960+00:00,50.28991104,0.10144927536231885,0.10144927536231885,1.0000000000021103
F009_PID000000484,484,2019-12-10T01:29:09.718582784+00:00,50.281417216,0.09854604200323101,0.09854604200323101,1.0000000000021103
F009_PID000000484,484,2019-12-10T01:29:10.974620416+00:00,49.025379584,0.09854604200323101,0.09854604200323101,1.0000000000021103
F009_PID000000484,484,2019-12-10T01:29:12.670039296+00:00,47.329960704,0.10210696920583469,0.10210696920583469,1.0000000000021103
F009_PID000000484,484,2019-12-10T01:29:12.670053632+00:00,47.329946368,0.1050080775444265,0.1050080775444265,1.0000000000021103
F009_PID000000484,484,2019-12-10T01:29:12.670192640+00:00,47.32980736,0.10679611650485436,0.10679611650485436,1.0000000000021103
F009_PID000000484,484,2019-12-10T01:29:13.233645824+00:00,46.766354176,0.1032258064516129,0.1032258064516129,1.0000000000021103
F009_PID000000484,484,2019-12-10T01:29:13.233788672+00:00,46.766211328,0.10144927536231885,0.10144927536231885,1.0000000000021103
F009_PID000000484,484,2019-12-10T01:29:13.237887488+00:00,46.762112512,0.09854604200323101,0.09854604200323101,1.0000000000021103
F009_PID000000484,484,2019-12-10T01:29:13.414551040+00:00,46.58544896,0.09500805152979067,0.09500805152979067,1.0000000000021103
F009_PID000000484,484,2019-12-10T01:29:13.512061952+00:00,46.487938048,0.09149277688603531,0.09149277688603531,1.0000000000021103
F009_PID000000484,484,2019-12-10T01:29:13.512230656+00:00,46.487769344,0.08856682769726248,0.08856682769726248,1.0000000000021103
F009_PID000000484,484,2019-12-10T01:29:13.512252928+00:00,46.487747072,0.08414239482200647,0.08414239482200647,1.0000000000021103
F009_PID000000484,484,2019-12-10T01:29:13.512386304+00:00,46.487613696,0.08116883116883117,0.08116883116883117,1.0000000000021103
F009_PID000000484,484,2019-12-10T01:29:13.512400128+00:00,46.487599872,0.07516339869281045,0.07516339869281045,1.0000000000021103
F009_PID000000484,484,2019-12-10T01:29:13.512575232+00:00,46.487424768,0.07166123778501629,0.07166123778501629,1.0000000000021103
F009_PID000000484,484,2019-12-10T01:29:13.512594176+00:00,46.487405824,0.06818181818181818,0.06818181818181818,1.0000000000021103
F009_PID000000484,484,2019-12-10T01:29:13.512775936+00:00,46.487224064,0.06514657980456026,0.06514657980456026,1.0000000000021103
F009_PID000000484,484,2019-12-10T01:29:13.512870144+00:00,46.487129856,0.06818181818181818,0.06818181818181818,1.0000000000021103
F009_PID000000484,484,2019-12-10T01:29:13.512870144+00:00,46.487129856,0.06129032258064516,0.06129032258064516,1.0000000000021103
F009_PID000000484,484,2019-12-10T01:29:13.512895488+00:00,46.487104512,0.056179775280898875,0.056179775280898875,1.0000000000021103
F009_PID000000484,484,2019-12-10T01:29:13.512918272+00:00,46.487081728,0.05314009661835749,0.05314009661835749,1.0000000000021103
F009_PID000000484,484,2019-12-10T01:29:13.512928512+00:00,46.487071488,0.0464,0.0464,1.0000000000021103
F009_PID000000484,484,2019-12-10T01:29:13.513626112+00:00,46.486373888,0.03481012658227848,0.03481012658227848,1.0000000000021103
F009_PID000000484,484,2019-12-10T01:29:13.586694144+00:00,46.413305856,0.021875,0.021875,1.0000000000021103
F009_PID000000484,484,2019-12-10T01:29:13.588141056+00:00,46.411858944,0.024922118380062305,0.024922118380062305,1.0000000000021103
F009_PID000000484,484,2019-12-10T01:29:13.601722112+00:00,46.398277888,0.03785488958990536,0.03785488958990536,1.0000000000021103
F009_PID000000484,484,2019-12-10T01:29:15.006690560+00:00,44.99330944,0.03785488958990536,0.03785488958990536,1.0000000000021103
F009_PID000000484,484,2019-12-10T01:29:15.705468928+00:00,44.294531072,0.03622047244094488,0.03622047244094488,1.0000000000021103
F009_PID000000484,484,2019-12-10T01:29:15.714147840+00:00,44.28585216,0.03317535545023697,0.03317535545023697,1.0000000000021103
F009_PID000000484,484,2019-12-10T01:29:15.728039680+00:00,44.27196032,0.0202808112324493,0.0202808112324493,1.0000000000021103
F009_PID000000484,484,2019-12-10T01:29:15.731687424+00:00,44.268312576,0.017214397496087636,0.017214397496087636,1.0000000000021103
F009_PID000000484,484,2019-12-10T01:29:15.736098816+00:00,44.263901184,0.004754358161648178,0.004754358161648178,1.0000000000021103
F009_PID000000484,484,2019-12-10T01:29:15.758793728+00:00,44.241206272,0.004754358161648178,0.004754358161648178,1.0000000000021103
F009_PID000000484,484,2019-12-10T01:29:16.183340544+00:00,43.816659456,0.007898894154818325,0.007898894154818325,1.0000000000021103
F009_PID000000484,484,2019-12-10T01:29:16.196701696+00:00,43.803298304,0.011023622047244094,0.011023622047244094,1.0000000000021103
F009_PID000000484,484,2019-12-10T01:29:16.197794304+00:00,43.802205696,0.011023622047244094,0.011023622047244094,1.0000000000021103
F009_PID000000484,484,2019-12-10T01:29:16.198397696+00:00,43.801602304,0.0141287284144427,0.0141287284144427,1.0000000000021103
F009_PID000000484,484,2019-12-10T01:29:16.206035712+00:00,43.793964288,0.01732283464566929,0.01732283464566929,1.0000000000021103
F009_PID000000484,484,2019-12-10T01:29:16.206046464+00:00,43.793953536,0.020537124802527645,0.020537124802527645,1.0000000000021103
F009_PID000000484,484,2019-12-10T01:29:17.197044480+00:00,42.80295552,0.020537124802527645,0.020537124802527645,1.0000000000021103
F009_PID000000484,484,2019-12-10T01:29:17.809494016+00:00,42.190505984,0.017432646592709985,0.017432646592709985,1.0000000000021103
F009_PID000000484,484,2019-12-10T01:29:17.810779392+00:00,42.189220608,0.014308426073131956,0.014308426073131956,1.0000000000021103
F009_PID000000484,484,2019-12-10T01:29:17.818827264+00:00,42.181172736,0.011164274322169059,0.011164274322169059,1.0000000000021103
F009_PID000000484,484,2019-12-10T01:29:17.822717440+00:00,42.17728256,0.00794912559618442,0.00794912559618442,1.0000000000021103
F009_PID000000484,484,2019-12-10T01:29:18.335032576+00:00,41.664967424,0.004784688995215311,0.004784688995215311,1.0000000000021103
F009_PID000000484,484,2019-12-10T01:29:18.348498176+00:00,41.651501824,-0.001584786053882726,-0.001584786053882726,1.0000000000021103
F009_PID000000484,484,2019-12-10T01:29:18.364655104+00:00,41.635344896,-0.0031746031746031746,-0.0031746031746031746,1.0000000000021103
F009_PID000000484,484,2019-12-10T01:29:18.365787136+00:00,41.634212864,-0.0031746031746031746,-0.0031746031746031746,1.0000000000021103
F009_PID000000484,484,2019-12-10T01:29:18.365797632+00:00,41.634202368,0.10891089108910891,0.10891089108910891,2.0000000000042206
F009_PID000000484,484,2019-12-10T01:29:18.365949184+00:00,41.634050816,-0.001589825119236884,-0.001589825119236884,1.0000000000021103
F009_PID000000484,484,2019-12-10T01:29:18.365961728+00:00,41.634038272,0.001584786053882726,0.001584786053882726,1.0000000000021103
F009_PID000000484,484,2019-12-10T01:29:18.365973504+00:00,41.634026496,0.004739336492890996,0.004739336492890996,1.0000000000021103
F009_PID000000484,484,2019-12-10T01:29:18.365983232+00:00,41.634016768,0.00792393026941363,0.00792393026941363,1.0000000000021103
F009_PID000000484,484,2019-12-10T01:29:18.366004480+00:00,41.63399552,0.0047694753577106515,0.0047694753577106515,1.0000000000021103
F009_PID000000484,484,2019-12-10T01:29:18.366095360+00:00,41.63390464,0.0031847133757961785,0.0031847133757961785,1.0000000000021103
F009_PID000000484,484,2019-12-10T01:29:18.366459136+00:00,41.633540864,-0.016233766233766232,-0.016233766233766232,1.0000000000021103
F009_PID000000484,484,2019-12-10T01:29:18.377978368+00:00,41.622021632,-0.016233766233766232,-0.016233766233766232,1.0000000000021103
F009_PID000000484,484,2019-12-10T01:29:18.377990400+00:00,41.6220096,-0.019543973941368076,-0.019543973941368076,1.0000000000021103
F009_PID000000484,484,2019-12-10T01:29:18.378113024+00:00,41.621886976,-0.02287581699346405,-0.02287581699346405,1.0000000000021103
F009_PID000000484,484,2019-12-10T01:29:18.386457088+00:00,41.613542912,0.0927536231884058,0.0927536231884058,2.0000000000042206
F009_PID000000484,484,2019-12-10T01:29:18.386914048+00:00,41.613085952,0.08613138686131387,0.08613138686131387,2.0000000000042206
F009_PID000000484,484,2019-12-10T01:29:18.386924032+00:00,41.613075968,0.07396449704142012,0.07396449704142012,2.0000000000042206
F009_PID000000484,484,2019-12-10T01:29:18.387386880+00:00,41.61261312,0.08076358296622614,0.08076358296622614,2.0000000000042206
F009_PID000000484,484,2019-12-10T01:29:18.387520512+00:00,41.612479488,0.08076358296622614,0.08076358296622614,2.0000000000042206
F009_PID000000484,484,2019-12-10T01:29:18.444954624+00:00,41.555045376,0.08076358296622614,0.08076358296622614,2.0000000000042206
F009_PID000000484,484,2019-12-10T01:29:18.462622208+00:00,41.537377792,0.08345534407027819,0.08345534407027819,2.0000000000042206
F009_PID000000484,484,2019-12-10T01:29:18.501392384+00:00,41.498607616,-0.033003300330033,-0.033003300330033,1.0000000000021103
F009_PID000000484,484,2019-12-10T01:29:18.501560064+00:00,41.498439936,-0.03130148270181219,-0.03130148270181219,1.0000000000021103
F009_PID000000484,484,2019-12-10T01:29:18.501759488+00:00,41.498240512,-0.02287581699346405,-0.02287581699346405,1.0000000000021103
F009_PID000000484,484,2019-12-10T01:29:18.502206464+00:00,41.497793536,-0.03130148270181219,-0.03130148270181219,1.0000000000021103
F009_PID000000484,484,2019-12-10T01:29:18.502509312+00:00,41.497490688,-0.03130148270181219,-0.03130148270181219,1.0000000000021103
F009_PID000000484,484,2019-12-10T01:29:18.511412992+00:00,41.488587008,-0.027914614121510674,-0.027914614121510674,1.0000000000021103
F009_PID000000484,484,2019-12-10T01:29:18.513230592+00:00,41.486769408,-0.024549918166939442,-0.024549918166939442,1.0000000000021103
F009_PID000000484,484,2019-12-10T01:29:18.519781376+00:00,41.480218624,-0.018121911037891267,-0.018121911037891267,1.0000000000021103
F009_PID000000484,484,2019-12-10T01:29:18.519926272+00:00,41.480073728,-0.014778325123152709,-0.014778325123152709,1.0000000000021103
F009_PID000000484,484,2019-12-10T01:29:18.619047936+00:00,41.380952064,-0.018121911037891267,-0.018121911037891267,1.0000000000021103
F009_PID000000484,484,2019-12-10T01:29:18.636383744+00:00,41.363616256,-0.021487603305785124,-0.021487603305785124,1.0000000000021103
F009_PID000000484,484,2019-12-10T01:29:18.636514816+00:00,41.363485184,-0.024875621890547265,-0.024875621890547265,1.0000000000021103
F009_PID000000484,484,2019-12-10T01:29:18.648491520+00:00,41.35150848,-0.02809917355371901,-0.02809917355371901,1.0000000000021103
F009_PID000000484,484,2019-12-10T01:29:18.649042688+00:00,41.350957312,-0.034482758620689655,-0.034482758620689655,1.0000000000021103
F009_PID000000484,484,2019-12-10T01:29:18.719558400+00:00,41.2804416,-0.03789126853377265,-0.03789126853377265,1.0000000000021103
F009_PID000000484,484,2019-12-10T01:29:18.719692800+00:00,41.2803072,0.08029197080291971,0.08029197080291971,2.0000000000042206
F009_PID000000484,484,2019-12-10T01:29:18.719838720+00:00,41.28016128,-0.03789126853377265,-0.03789126853377265,1.0000000000021103
F009_PID000000484,484,2019-12-10T01:29:18.719977728+00:00,41.280022272,-0.03789126853377265,-0.03789126853377265,1.0000000000021103
F009_PID000000484,484,2019-12-10T01:29:18.720004608+00:00,41.279995392,0.20915032679738563,0.20915032679738563,1.0000000000021103
F009_PID000000484,484,2019-12-10T01:29:18.720056576+00:00,41.279943424,0.21311475409836064,0.21311475409836064,1.0000000000021103
F009_PID000000484,484,2019-12-10T01:29:18.720085504+00:00,41.279914496,0.2066115702479339,0.2066115702479339,1.0000000000021103
F009_PID000000484,484,2019-12-10T01:29:18.720634880+00:00,41.27936512,0.2066115702479339,0.2066115702479339,1.0000000000021103
F009_PID000000484,484,2019-12-10T01:29:18.720634880+00:00,41.27936512,0.07669616519174041,0.07669616519174041,2.0000000000042206
F009_PID000000484,484,2019-12-10T01:29:18.720634880+00:00,41.27936512,0.07988165680473373,0.07988165680473373,2.0000000000042206
F009_PID000000484,484,2019-12-10T01:29:18.720694272+00:00,41.279305728,0.07669616519174041,0.07669616519174041,2.0000000000042206
F009_PID000000484,484,2019-12-10T01:29:18.720694272+00:00,41.279305728,0.07828655834564253,0.07828655834564253,2.0000000000042206
F009_PID000000484,484,2019-12-10T01:29:18.720722944+00:00,41.279277056,0.07988165680473373,0.07988165680473373,2.0000000000042206
F009_PID000000484,484,2019-12-10T01:29:18.720773376+00:00,41.279226624,0.21061359867330018,0.21061359867330018,1.0000000000021103
F009_PID000000484,484,2019-12-10T01:29:18.720800768+00:00,41.279199232,0.21061359867330018,0.21061359867330018,1.0000000000021103
F009_PID000000484,484,2019-12-10T01:29:18.720808704+00:00,41.279191296,0.19672131147540983,0.19672131147540983,1.0000000000021103
F009_PID000000484,484,2019-12-10T01:29:18.720841728+00:00,41.279158272,0.19672131147540983,0.19672131147540983,1.0000000000021103
F009_PID000000484,484,2019-12-10T01:29:18.720966912+00:00,41.279033088,0.17363344051446947,0.17363344051446947,1.0000000000021103
F009_PID000000484,484,2019-12-10T01:29:18.721075200+00:00,41.2789248,0.16693679092382496,0.16693679092382496,1.0000000000021103
F009_PID000000484,484,2019-12-10T01:29:18.721075200+00:00,41.2789248,0.16693679092382496,0.16693679092382496,1.0000000000021103
F009_PID000000484,484,2019-12-10T01:29:18.721075200+00:00,41.2789248,0.04499274310595065,0.04499274310595065,2.0000000000042206
F009_PID000000484,484,2019-12-10T01:29:18.721515520+00:00,41.27848448,0.04499274310595065,0.04499274310595065,2.0000000000042206
F009_PID000000484,484,2019-12-10T01:29:18.727876096+00:00,41.272123904,0.03941605839416058,0.03941605839416058,2.0000000000042206
F009_PID000000484,484,2019-12-10T01:29:18.732139520+00:00,41.26786048,0.04499274310595065,0.04499274310595065,2.0000000000042206
F009_PID000000484,484,2019-12-10T01:29:18.737792+00:00,41.262208,-0.07516339869281045,-0.07516339869281045,1.0000000000021103
F009_PID000000484,484,2019-12-10T01:29:18.738473984+00:00,41.261526016,-0.07166123778501629,-0.07166123778501629,1.0000000000021103
F009_PID000000484,484,2019-12-10T01:29:18.738711552+00:00,41.261288448,-0.0630048465266559,-0.0630048465266559,1.0000000000021103
F009_PID000000484,484,2019-12-10T01:29:18.738919936+00:00,41.261080064,-0.0630048465266559,-0.0630048465266559,1.0000000000021103
F009_PID000000484,484,2019-12-10T01:29:18.749981952+00:00,41.250018048,-0.05958132045088567,-0.05958132045088567,1.0000000000021103
F009_PID000000484,484,2019-12-10T01:29:18.799143680+00:00,41.20085632,-0.056179775280898875,-0.056179775280898875,1.0000000000021103
F009_PID000000484,484,2019-12-10T01:29:18.799722752+00:00,41.200277248,-0.05314009661835749,-0.05314009661835749,1.0000000000021103
F009_PID000000484,484,2019-12-10T01:29:18.799722752+00:00,41.200277248,-0.04975922953451043,-0.04975922953451043,1.0000000000021103
F009_PID000000484,484,2019-12-10T01:29:18.828715776+00:00,41.171284224,-0.04807692307692308,-0.04807692307692308,1.0000000000021103
F009_PID000000484,484,2019-12-10T01:29:18.838563840+00:00,41.16143616,-0.041935483870967745,-0.041935483870967745,1.0000000000021103
F009_PID000000484,484,2019-12-10T01:29:23.018762240+00:00,36.98123776,-0.045307443365695796,-0.045307443365695796,1.0000000000021103
F009_PID000000484,484,2019-12-10T01:29:23.018905600+00:00,36.9810944,-0.04700162074554295,-0.04700162074554295,1.0000000000021103
F009_PID000000484,484,2019-12-10T01:29:23.019045632+00:00,36.980954368,-0.05040650406504065,-0.05040650406504065,1.0000000000021103
F009_PID000000484,484,2019-12-10T01:29:23.019055872+00:00,36.980944128,-0.053833605220228384,-0.053833605220228384,1.0000000000021103
F009_PID000000484,484,2019-12-10T01:29:23.019207680+00:00,36.98079232,-0.056910569105691054,-0.056910569105691054,1.0000000000021103
F009_PID000000484,484,2019-12-10T01:29:23.027872+00:00,36.972128,-0.06035889070146819,-0.06035889070146819,1.0000000000021103
F009_PID000000484,484,2019-12-10T01:29:23.031483392+00:00,36.968516608,0.057971014492753624,0.057971014492753624,2.0000000000042206
F009_PID000000484,484,2019-12-10T01:29:23.031724288+00:00,36.968275712,0.05187319884726225,0.05187319884726225,2.0000000000042206
F009_PID000000484,484,2019-12-10T01:29:23.031739904+00:00,36.968260096,-0.06645056726094004,-0.06645056726094004,1.0000000000021103
F009_PID000000484,484,2019-12-10T01:29:23.032042240+00:00,36.96795776,-0.07516339869281045,-0.07516339869281045,1.0000000000021103
F009_PID000000484,484,2019-12-10T01:29:23.032629248+00:00,36.967370752,-0.07516339869281045,-0.07516339869281045,1.0000000000021103
F009_PID000000484,484,2019-12-10T01:29:23.033273088+00:00,36.966726912,-0.06645056726094004,-0.06645056726094004,1.0000000000021103
F009_PID000000484,484,2019-12-10T01:29:23.043393536+00:00,36.956606464,0.05187319884726225,0.05187319884726225,2.0000000000042206
F009_PID000000484,484,2019-12-10T01:29:23.043696896+00:00,36.956303104,0.04499274310595065,0.04499274310595065,2.0000000000042206
F009_PID000000484,484,2019-12-10T01:29:23.044161792+00:00,36.955838208,0.04499274310595065,0.04499274310595065,2.0000000000042206
F009_PID000000484,484,2019-12-10T01:29:23.044171776+00:00,36.955828224,0.04499274310595065,0.04499274310595065,2.0000000000042206
F009_PID000000484,484,2019-12-10T01:29:23.055054336+00:00,36.944945664,-0.07516339869281045,-0.07516339869281045,1.0000000000021103
F009_PID000000484,484,2019-12-10T01:29:23.056099584+00:00,36.943900416,-0.07516339869281045,-0.07516339869281045,1.0000000000021103
F009_PID000000484,484,2019-12-10T01:29:23.066682880+00:00,36.93331712,0.04499274310595065,0.04499274310595065,2.0000000000042206
F009_PID000000484,484,2019-12-10T01:29:23.067603968+00:00,36.932396032,0.04499274310595065,0.04499274310595065,2.0000000000042206
F009_PID000000484,484,2019-12-10T01:29:25.999906816+00:00,34.000093184,0.028064992614475627,0.028064992614475627,2.0000000000042206
F009_PID000000484,484,2019-12-10T01:29:25.999927552+00:00,34.000072448,0.010526315789473684,0.010526315789473684,2.0000000000042206
F009_PID000000484,484,2019-12-10T01:29:25.999938560+00:00,34.00006144,-0.007656967840735069,-0.007656967840735069,2.0000000000042206
F009_PID000000484,484,2019-12-10T01:29:25.999957760+00:00,34.00004224,-0.015432098765432098,-0.015432098765432098,2.0000000000042206
F009_PID000000484,484,2019-12-10T01:29:25.999969024+00:00,34.000030976,-0.015432098765432098,-0.015432098765432098,2.0000000000042206
F009_PID000000484,484,2019-12-10T01:29:25.999984384+00:00,34.000015616,-0.015432098765432098,-0.015432098765432098,2.0000000000042206
F009_PID000000484,484,2019-12-10T01:29:25.999995904+00:00,34.000004096,-0.015432098765432098,-0.015432098765432098,2.0000000000042206
F009_PID000000484,484,2019-12-10T01:29:26.000005632+00:00,33.999994368,-0.015432098765432098,-0.015432098765432098,2.0000000000042206
F009_PID000000484,484,2019-12-10T01:29:26.000015872+00:00,33.999984128,-0.015432098765432098,-0.015432098765432098,2.0000000000042206
F009_PID000000484,484,2019-12-10T01:29:26.000025344+00:00,33.999974656,-0.015432098765432098,-0.015432098765432098,2.0000000000042206
F009_PID000000484,484,2019-12-10T01:29:26.000034816+00:00,33.999965184,-0.015432098765432098,-0.015432098765432098,2.0000000000042206
F009_PID000000484,484,2019-12-10T01:29:26.000044544+00:00,33.999955456,-0.015432098765432098,-0.015432098765432098,2.0000000000042206
F009_PID000000484,484,2019-12-10T01:29:26.001101312+00:00,33.998898688,-0.013910355486862442,-0.013910355486862442,2.0000000000042206
F009_PID000000484,484,2019-12-10T01:29:26.001110528+00:00,33.998889472,0.004724409448818898,0.004724409448818898,2.0000000000042206
F009_PID000000484,484,2019-12-10T01:29:26.001120512+00:00,33.998879488,0.02572347266881029,0.02572347266881029,2.0000000000042206
F009_PID000000484,484,2019-12-10T01:29:26.001130240+00:00,33.99886976,0.047619047619047616,0.047619047619047616,2.0000000000042206
F009_PID000000484,484,2019-12-10T01:29:26.001138432+00:00,33.998861568,0.047619047619047616,0.047619047619047616,2.0000000000042206
F009_PID000000484,484,2019-12-10T01:29:26.001149696+00:00,33.998850304,0.047619047619047616,0.047619047619047616,2.0000000000042206
F009_PID000000484,484,2019-12-10T01:29:26.001160448+00:00,33.998839552,0.047619047619047616,0.047619047619047616,2.0000000000042206
F009_PID000000484,484,2019-12-10T01:29:26.001171456+00:00,33.998828544,0.047619047619047616,0.047619047619047616,2.0000000000042206
F009_PID000000484,484,2019-12-10T01:29:26.001180672+00:00,33.998819328,0.047619047619047616,0.047619047619047616,2.0000000000042206
F009_PID000000484,484,2019-12-10T01:29:26.001189888+00:00,33.998810112,0.047619047619047616,0.047619047619047616,2.0000000000042206
F009_PID000000484,484,2019-12-10T01:29:26.001200384+00:00,33.998799616,0.047619047619047616,0.047619047619047616,2.0000000000042206
F009_PID000000484,484,2019-12-10T01:29:26.001210112+00:00,33.998789888,0.047619047619047616,0.047619047619047616,2.0000000000042206
F009_PID000000484,484,2019-12-10T01:29:26.002115072+00:00,33.997884928,-0.056466302367941715,-0.056466302367941715,1.0000000000021103
F009_PID000000484,484,2019-12-10T01:29:26.002285568+00:00,33.997714432,-0.05301645338208409,-0.05301645338208409,1.0000000000021103
F009_PID000000484,484,2019-12-10T01:29:26.002435328+00:00,33.997564672,-0.051094890510948905,-0.051094890510948905,1.0000000000021103
F009_PID000000484,484,2019-12-10T01:29:26.005976576+00:00,33.994023424,-0.04727272727272727,-0.04727272727272727,1.0000000000021103
F009_PID000000484,484,2019-12-10T01:29:26.014253056+00:00,33.985746944,-0.043478260869565216,-0.043478260869565216,1.0000000000021103
F009_PID000000484,484,2019-12-10T01:29:26.019717632+00:00,33.980282368,-0.039711191335740074,-0.039711191335740074,1.0000000000021103
F009_PID000000484,484,2019-12-10T01:29:26.075565056+00:00,33.924434944,-0.03272727272727273,-0.03272727272727273,1.0000000000021103
F009_PID000000484,484,2019-12-10T01:29:26.082833408+00:00,33.917166592,-0.0364963503649635,-0.0364963503649635,1.0000000000021103
F009_PID000000484,484,2019-12-10T01:29:26.208644352+00:00,33.791355648,-0.040293040293040296,-0.040293040293040296,1.0000000000021103
F009_PID000000484,484,2019-12-10T01:29:26.208788736+00:00,33.791211264,-0.04411764705882353,-0.04411764705882353,1.0000000000021103
F009_PID000000484,484,2019-12-10T01:29:26.208812288+00:00,33.791187712,-0.047619047619047616,-0.047619047619047616,1.0000000000021103
F009_PID000000484,484,2019-12-10T01:29:26.209071872+00:00,33.790928128,-0.051470588235294115,-0.051470588235294115,1.0000000000021103
F009_PID000000484,484,2019-12-10T01:29:26.209071872+00:00,33.790928128,0.05454545454545454,0.05454545454545454,2.0000000000042206
F009_PID000000484,484,2019-12-10T01:29:26.209508608+00:00,33.790491392,0.047619047619047616,0.047619047619047616,2.0000000000042206
F009_PID000000484,484,2019-12-10T01:29:26.222467328+00:00,33.777532672,0.04132231404958678,0.04132231404958678,2.0000000000042206
F009_PID000000484,484,2019-12-10T01:29:26.748446976+00:00,33.251553024,0.05351170568561873,0.05351170568561873,2.0000000000042206
F009_PID000000484,484,2019-12-10T01:29:26.748475904+00:00,33.251524096,0.05704697986577181,0.05704697986577181,2.0000000000042206
F009_PID000000484,484,2019-12-10T01:29:26.748615936+00:00,33.251384064,-0.048507462686567165,-0.048507462686567165,1.0000000000021103
F009_PID000000484,484,2019-12-10T01:29:26.748780032+00:00,33.251219968,-0.040740740740740744,-0.040740740740740744,1.0000000000021103
F009_PID000000484,484,2019-12-10T01:29:26.748811776+00:00,33.251188224,-0.03717472118959108,-0.03717472118959108,1.0000000000021103
F009_PID000000484,484,2019-12-10T01:29:26.748980736+00:00,33.251019264,-0.03333333333333333,-0.03333333333333333,1.0000000000021103
F009_PID000000484,484,2019-12-10T01:29:26.748980736+00:00,33.251019264,-0.031423290203327174,-0.031423290203327174,1.0000000000021103
F009_PID000000484,484,2019-12-10T01:29:26.757774080+00:00,33.24222592,-0.027624309392265192,-0.027624309392265192,1.0000000000021103
F009_PID000000484,484,2019-12-10T01:29:26.761038080+00:00,33.23896192,-0.01858736059479554,-0.01858736059479554,1.0000000000021103
F009_PID000000484,484,2019-12-10T01:29:26.761214464+00:00,33.238785536,-0.014814814814814815,-0.014814814814814815,1.0000000000021103
F009_PID000000484,484,2019-12-10T01:29:26.826215168+00:00,33.173784832,-0.007462686567164179,-0.007462686567164179,1.0000000000021103
F009_PID000000484,484,2019-12-10T01:29:26.827332864+00:00,33.172667136,-0.011235955056179775,-0.011235955056179775,1.0000000000021103
F009_PID000000484,484,2019-12-10T01:29:26.827343360+00:00,33.17265664,-0.015037593984962405,-0.015037593984962405,1.0000000000021103
F009_PID000000484,484,2019-12-10T01:29:26.827498240+00:00,33.17250176,-0.018726591760299626,-0.018726591760299626,1.0000000000021103
F009_PID000000484,484,2019-12-10T01:29:26.827507456+00:00,33.172492544,-0.022556390977443608,-0.022556390977443608,1.0000000000021103
F009_PID000000484,484,2019-12-10T01:29:26.829510912+00:00,33.170489088,-0.026217228464419477,-0.026217228464419477,1.0000000000021103
F009_PID000000484,484,2019-12-10T01:29:26.829639680+00:00,33.17036032,-0.028142589118198873,-0.028142589118198873,1.0000000000021103
F009_PID000000484,484,2019-12-10T01:29:26.839223040+00:00,33.16077696,0.07588532883642496,0.07588532883642496,2.0000000000042206
F009_PID000000484,484,2019-12-10T01:29:26.847537408+00:00,33.152462592,0.06867671691792294,0.06867671691792294,2.0000000000042206
F009_PID000000484,484,2019-12-10T01:29:26.857733376+00:00,33.142266624,-0.035381750465549346,-0.035381750465549346,1.0000000000021103
F009_PID000000484,484,2019-12-10T01:29:26.857885184+00:00,33.142114816,-0.03177570093457944,-0.03177570093457944,1.0000000000021103
F009_PID000000484,484,2019-12-10T01:29:26.874200576+00:00,33.125799424,-0.029850746268656716,-0.029850746268656716,1.0000000000021103
F009_PID000000484,484,2019-12-10T01:29:27.038710784+00:00,32.961289216,-0.03177570093457944,-0.03177570093457944,1.0000000000021103
F009_PID000000484,484,2019-12-10T01:29:27.111417088+00:00,32.888582912,0.07226890756302522,0.07226890756302522,2.0000000000042206
F009_PID000000484,484,2019-12-10T01:29:27.123071744+00:00,32.876928256,-0.03177570093457944,-0.03177570093457944,1.0000000000021103
F009_PID000000484,484,2019-12-10T01:29:27.123208192+00:00,32.876791808,-0.029850746268656716,-0.029850746268656716,1.0000000000021103
F009_PID000000484,484,2019-12-10T01:29:27.182638336+00:00,32.817361664,-0.026217228464419477,-0.026217228464419477,1.0000000000021103
F009_PID000000484,484,2019-12-10T01:29:27.183574272+00:00,32.816425728,-0.022388059701492536,-0.022388059701492536,1.0000000000021103
F009_PID000000484,484,2019-12-10T01:29:27.195230720+00:00,32.80476928,-0.01858736059479554,-0.01858736059479554,1.0000000000021103
F009_PID000000484,484,2019-12-10T01:29:27.195915776+00:00,32.804084224,-0.014814814814814815,-0.014814814814814815,1.0000000000021103
F009_PID000000484,484,2019-12-10T01:29:27.349205504+00:00,32.650794496,-0.007462686567164179,-0.007462686567164179,1.0000000000021103
F009_PID000000484,484,2019-12-10T01:29:27.914029824+00:00,32.085970176,-0.011235955056179775,-0.011235955056179775,1.0000000000021103
F009_PID000000484,484,2019-12-10T01:29:27.914162944+00:00,32.085837056,-0.015037593984962405,-0.015037593984962405,1.0000000000021103
F009_PID000000484,484,2019-12-10T01:29:27.914320384+00:00,32.085679616,-0.018726591760299626,-0.018726591760299626,1.0000000000021103
F009_PID000000484,484,2019-12-10T01:29:27.914320384+00:00,32.085679616,-0.022556390977443608,-0.022556390977443608,1.0000000000021103
F009_PID000000484,484,2019-12-10T01:29:27.934689536+00:00,32.065310464,-0.026415094339622643,-0.026415094339622643,1.0000000000021103
F009_PID000000484,484,2019-12-10T01:29:27.934830336+00:00,32.065169664,0.07952622673434856,0.07952622673434856,2.0000000000042206
F009_PID000000484,484,2019-12-10T01:29:27.934857472+00:00,32.065142528,0.07226890756302522,0.07226890756302522,2.0000000000042206
F009_PID000000484,484,2019-12-10T01:29:27.935166976+00:00,32.064833024,0.06440677966101695,0.06440677966101695,2.0000000000042206
F009_PID000000484,484,2019-12-10T01:29:27.935177984+00:00,32.064822016,0.059625212947189095,0.059625212947189095,2.0000000000042206
F009_PID000000484,484,2019-12-10T01:29:27.935189504+00:00,32.064810496,0.04991394148020654,0.04991394148020654,2.0000000000042206
F009_PID000000484,484,2019-12-10T01:29:27.946758400+00:00,32.0532416,0.043327556325823226,0.043327556325823226,2.0000000000042206
F009_PID000000484,484,2019-12-10T01:29:27.990298880+00:00,32.00970112,0.039723661485319514,0.039723661485319514,2.0000000000042206
F009_PID000000484,484,2019-12-10T01:29:28.050804992+00:00,31.949195008,0.043327556325823226,0.043327556325823226,2.0000000000042206
F009_PID000000484,484,2019-12-10T01:29:28.071379712+00:00,31.928620288,-0.06769825918762089,-0.06769825918762089,1.0000000000021103
F009_PID000000484,484,2019-12-10T01:29:28.071548928+00:00,31.928451072,-0.05950095969289827,-0.05950095969289827,1.0000000000021103
F009_PID000000484,484,2019-12-10T01:29:28.071583232+00:00,31.928416768,-0.055876685934489405,-0.055876685934489405,1.0000000000021103
F009_PID000000484,484,2019-12-10T01:29:28.071729920+00:00,31.92827008,-0.05384615384615385,-0.05384615384615385,1.0000000000021103
F009_PID000000484,484,2019-12-10T01:29:28.071729920+00:00,31.92827008,-0.04980842911877394,-0.04980842911877394,1.0000000000021103
F009_PID000000484,484,2019-12-10T01:29:28.071779072+00:00,31.928220928,-0.026217228464419477,-0.026217228464419477,1.0000000000021103
F009_PID000000484,484,2019-12-10T01:29:28.071979008+00:00,31.928020992,-0.022388059701492536,-0.022388059701492536,1.0000000000021103
F009_PID000000484,484,2019-12-10T01:29:28.072808704+00:00,31.927191296,-0.01858736059479554,-0.01858736059479554,1.0000000000021103
F009_PID000000484,484,2019-12-10T01:29:28.084657920+00:00,31.91534208,-0.011235955056179775,-0.011235955056179775,1.0000000000021103
F009_PID000000484,484,2019-12-10T01:29:28.468289024+00:00,31.531710976,-0.015037593984962405,-0.015037593984962405,1.0000000000021103
F009_PID000000484,484,2019-12-10T01:29:28.468299520+00:00,31.53170048,-0.018867924528301886,-0.018867924528301886,1.0000000000021103
F009_PID000000484,484,2019-12-10T01:29:28.468427776+00:00,31.531572224,-0.022727272727272728,-0.022727272727272728,1.0000000000021103
F009_PID000000484,484,2019-12-10T01:29:28.468438528+00:00,31.531561472,-0.026615969581749048,-0.026615969581749048,1.0000000000021103
F009_PID000000484,484,2019-12-10T01:29:28.468457984+00:00,31.531542016,-0.030303030303030304,-0.030303030303030304,1.0000000000021103
F009_PID000000484,484,2019-12-10T01:29:28.468468480+00:00,31.53153152,-0.033962264150943396,-0.033962264150943396,1.0000000000021103
F009_PID000000484,484,2019-12-10T01:29:28.468849664+00:00,31.531150336,0.0727580372250423,0.0727580372250423,2.0000000000042206
F009_PID000000484,484,2019-12-10T01:29:28.468867072+00:00,31.531132928,0.06554621848739496,0.06554621848739496,2.0000000000042206
F009_PID000000484,484,2019-12-10T01:29:28.469472768+00:00,31.530527232,0.04631217838765009,0.04631217838765009,2.0000000000042206
F009_PID000000484,484,2019-12-10T01:29:28.481406208+00:00,31.518593792,0.039723661485319514,0.039723661485319514,2.0000000000042206
F009_PID000000484,484,2019-12-10T01:29:29.109139712+00:00,30.890860288,0.043327556325823226,0.043327556325823226,2.0000000000042206
F009_PID000000484,484,2019-12-10T01:29:30.083329024+00:00,29.916670976,0.043327556325823226,0.043327556325823226,2.0000000000042206
F009_PID000000484,484,2019-12-10T01:29:30.083351552+00:00,29.916648448,0.03496503496503497,0.03496503496503497,2.0000000000042206
F009_PID000000484,484,2019-12-10T01:29:30.083351552+00:00,29.916648448,0.03677758318739054,0.03677758318739054,2.0000000000042206
F009_PID000000484,484,2019-12-10T01:29:30.083351552+00:00,29.916648448,0.03859649122807018,0.03859649122807018,2.0000000000042206
F009_PID000000484,484,2019-12-10T01:29:30.083409920+00:00,29.91659008,0.1607843137254902,0.1607843137254902,1.0000000000021103
F009_PID000000484,484,2019-12-10T01:29:30.083764736+00:00,29.916235264,0.15851272015655576,0.15851272015655576,1.0000000000021103
F009_PID000000484,484,2019-12-10T01:29:30.083764736+00:00,29.916235264,0.15520628683693516,0.15520628683693516,1.0000000000021103
F009_PID000000484,484,2019-12-10T01:29:30.083775744+00:00,29.916224256,0.1506849315068493,0.1506849315068493,1.0000000000021103
F009_PID000000484,484,2019-12-10T01:29:30.083775744+00:00,29.916224256,0.14619883040935672,0.14619883040935672,1.0000000000021103
F009_PID000000484,484,2019-12-10T01:29:30.083797248+00:00,29.916202752,0.13953488372093023,0.13953488372093023,1.0000000000021103
F009_PID000000484,484,2019-12-10T01:29:30.083806720+00:00,29.91619328,0.13513513513513514,0.13513513513513514,1.0000000000021103
F009_PID000000484,484,2019-12-10T01:29:30.083858944+00:00,29.916141056,0.13953488372093023,0.13953488372093023,1.0000000000021103
F009_PID000000484,484,2019-12-10T01:29:30.083858944+00:00,29.916141056,0.14396887159533073,0.14396887159533073,1.0000000000021103
F009_PID000000484,484,2019-12-10T01:29:30.083922176+00:00,29.916077824,0.11787072243346007,0.11787072243346007,1.0000000000021103
F009_PID000000484,484,2019-12-10T01:29:30.083951360+00:00,29.91604864,0.1157495256166983,0.1157495256166983,1.0000000000021103
F009_PID000000484,484,2019-12-10T01:29:30.083965440+00:00,29.91603456,0.11787072243346007,0.11787072243346007,1.0000000000021103
F009_PID000000484,484,2019-12-10T01:29:30.084101888+00:00,29.915898112,0.1157495256166983,0.1157495256166983,1.0000000000021103
F009_PID000000484,484,2019-12-10T01:29:30.084251136+00:00,29.915748864,0.11787072243346007,0.11787072243346007,1.0000000000021103
F009_PID000000484,484,2019-12-10T01:29:30.086215680+00:00,29.91378432,0.12121212121212122,0.12121212121212122,1.0000000000021103
F009_PID000000484,484,2019-12-10T01:29:30.087917824+00:00,29.912082176,0.12452830188679245,0.12452830188679245,1.0000000000021103
F009_PID000000484,484,2019-12-10T01:29:30.094668032+00:00,29.905331968,0.13092979127134724,0.13092979127134724,1.0000000000021103
F009_PID000000484,484,2019-12-10T01:29:30.094805504+00:00,29.905194496,0.13307984790874525,0.13307984790874525,1.0000000000021103
F009_PID000000484,484,2019-12-10T01:29:30.094917376+00:00,29.905082624,0.13523809523809524,0.13523809523809524,1.0000000000021103
F009_PID000000484,484,2019-12-10T01:29:30.095186176+00:00,29.904813824,0.13523809523809524,0.13523809523809524,1.0000000000021103
F009_PID000000484,484,2019-12-10T01:29:30.095208448+00:00,29.904791552,0.018803418803418803,0.018803418803418803,2.0000000000042206
F009_PID000000484,484,2019-12-10T01:29:30.095208448+00:00,29.904791552,0.13523809523809524,0.13523809523809524,1.0000000000021103
F009_PID000000484,484,2019-12-10T01:29:30.095473920+00:00,29.90452608,0.13523809523809524,0.13523809523809524,1.0000000000021103
F009_PID000000484,484,2019-12-10T01:29:30.095473920+00:00,29.90452608,-0.09541984732824428,-0.09541984732824428,1.0000000000021103
F009_PID000000484,484,2019-12-10T01:29:30.095726080+00:00,29.90427392,-0.08712121212121213,-0.08712121212121213,1.0000000000021103
F009_PID000000484,484,2019-12-10T01:29:30.095936+00:00,29.904064,-0.08365019011406843,-0.08365019011406843,1.0000000000021103
F009_PID000000484,484,2019-12-10T01:29:30.095987712+00:00,29.904012288,-0.05947955390334572,-0.05947955390334572,1.0000000000021103
F009_PID000000484,484,2019-12-10T01:29:30.095998720+00:00,29.90400128,-0.03802281368821293,-0.03802281368821293,1.0000000000021103
F009_PID000000484,484,2019-12-10T01:29:30.096696576+00:00,29.903303424,-0.03409090909090909,-0.03409090909090909,1.0000000000021103
F009_PID000000484,484,2019-12-10T01:29:30.096876800+00:00,29.9031232,-0.02824858757062147,-0.02824858757062147,1.0000000000021103
F009_PID000000484,484,2019-12-10T01:29:30.105325312+00:00,29.894674688,-0.024574669187145556,-0.024574669187145556,1.0000000000021103
F009_PID000000484,484,2019-12-10T01:29:30.105463040+00:00,29.89453696,-0.02071563088512241,-0.02071563088512241,1.0000000000021103
F009_PID000000484,484,2019-12-10T01:29:30.106100992+00:00,29.893899008,-0.016885553470919325,-0.016885553470919325,1.0000000000021103
F009_PID000000484,484,2019-12-10T01:29:30.114197504+00:00,29.885802496,-0.0149812734082397,-0.0149812734082397,1.0000000000021103
F009_PID000000484,484,2019-12-10T01:29:30.127748352+00:00,29.872251648,-0.011194029850746268,-0.011194029850746268,1.0000000000021103
F009_PID000000484,484,2019-12-10T01:29:30.155920640+00:00,29.84407936,-0.0149812734082397,-0.0149812734082397,1.0000000000021103
F009_PID000000484,484,2019-12-10T01:29:30.161620992+00:00,29.838379008,-0.018796992481203006,-0.018796992481203006,1.0000000000021103
F009_PID000000484,484,2019-12-10T01:29:30.161957376+00:00,29.838042624,-0.022641509433962263,-0.022641509433962263,1.0000000000021103
F009_PID000000484,484,2019-12-10T01:29:30.161987584+00:00,29.838012416,-0.02631578947368421,-0.02631578947368421,1.0000000000021103
F009_PID000000484,484,2019-12-10T01:29:30.162097152+00:00,29.837902848,-0.02824858757062147,-0.02824858757062147,1.0000000000021103
F009_PID000000484,484,2019-12-10T01:29:30.162118400+00:00,29.8378816,-0.03018867924528302,-0.03018867924528302,1.0000000000021103
F009_PID000000484,484,2019-12-10T01:29:30.229664768+00:00,29.770335232,-0.02824858757062147,-0.02824858757062147,1.0000000000021103
F009_PID000000484,484,2019-12-10T01:29:35.000548608+00:00,24.999451392,-0.024574669187145556,-0.024574669187145556,1.0000000000021103
F009_PID000000484,484,2019-12-10T01:29:35.000558080+00:00,24.99944192,-0.022727272727272728,-0.022727272727272728,1.0000000000021103
F009_PID000000484,484,2019-12-10T01:29:35.000566784+00:00,24.999433216,-0.020872865275142316,-0.020872865275142316,1.0000000000021103
F009_PID000000484,484,2019-12-10T01:29:35.000748544+00:00,24.999251456,-0.017013232514177693,-0.017013232514177693,1.0000000000021103
F009_PID000000484,484,2019-12-10T01:29:35.004069632+00:00,24.995930368,-0.01509433962264151,-0.01509433962264151,1.0000000000021103
F009_PID000000484,484,2019-12-10T01:29:35.009081856+00:00,24.990918144,-0.0076045627376425855,-0.0076045627376425855,1.0000000000021103
F009_PID000000484,484,2019-12-10T01:29:35.009368064+00:00,24.990631936,-0.003787878787878788,-0.003787878787878788,1.0000000000021103
F009_PID000000484,484,2019-12-10T01:29:35.010313472+00:00,24.989686528,0.0,0.0,1.0000000000021103
F009_PID000000484,484,2019-12-10T01:29:35.010401536+00:00,24.989598464,0.0076045627376425855,0.0076045627376425855,1.0000000000021103
F009_PID000000484,484,2019-12-10T01:29:35.010581504+00:00,24.989418496,0.011363636363636364,0.011363636363636364,1.0000000000021103
F009_PID000000484,484,2019-12-10T01:29:35.010591488+00:00,24.989408512,0.015209125475285171,0.015209125475285171,1.0000000000021103
F009_PID000000484,484,2019-12-10T01:29:35.010825984+00:00,24.989174016,0.017077798861480076,0.017077798861480076,1.0000000000021103
F009_PID000000484,484,2019-12-10T01:29:35.012822272+00:00,24.987177728,0.017077798861480076,0.017077798861480076,1.0000000000021103
F009_PID000000484,484,2019-12-10T01:29:35.012837376+00:00,24.987162624,0.013333333333333334,0.013333333333333334,1.0000000000021103
F009_PID000000484,484,2019-12-10T01:29:35.013075968+00:00,24.986924032,0.009560229445506692,0.009560229445506692,1.0000000000021103
F009_PID000000484,484,2019-12-10T01:29:35.013104640+00:00,24.98689536,0.005714285714285714,0.005714285714285714,1.0000000000021103
F009_PID000000484,484,2019-12-10T01:29:35.013113344+00:00,24.986886656,0.0018975332068311196,0.0018975332068311196,1.0000000000021103
F009_PID000000484,484,2019-12-10T01:29:35.014012928+00:00,24.985987072,0.0018975332068311196,0.0018975332068311196,1.0000000000021103
F009_PID000000484,484,2019-12-10T01:29:35.014150656+00:00,24.985849344,0.005714285714285714,0.005714285714285714,1.0000000000021103
F009_PID000000484,484,2019-12-10T01:29:35.015039488+00:00,24.984960512,0.009560229445506692,0.009560229445506692,1.0000000000021103
F009_PID000000484,484,2019-12-10T01:29:35.081482496+00:00,24.918517504,0.013333333333333334,0.013333333333333334,1.0000000000021103
F009_PID000000484,484,2019-12-10T01:29:35.082585600+00:00,24.9174144,0.009560229445506692,0.009560229445506692,1.0000000000021103
F009_PID000000484,484,2019-12-10T01:29:35.084170752+00:00,24.915829248,0.009560229445506692,0.009560229445506692,1.0000000000021103
F009_PID000000484,484,2019-12-10T01:29:35.084983296+00:00,24.915016704,0.005714285714285714,0.005714285714285714,1.0000000000021103
F009_PID000000484,484,2019-12-10T01:29:35.149390336+00:00,24.850609664,0.0019120458891013384,0.0019120458891013384,1.0000000000021103
F009_PID000000484,484,2019-12-10T01:29:35.210311424+00:00,24.789688576,-0.0056925996204933585,-0.0056925996204933585,1.0000000000021103
F009_PID000000484,484,2019-12-10T01:29:35.508526080+00:00,24.49147392,-0.001890359168241966,-0.001890359168241966,1.0000000000021103
F009_PID000000484,484,2019-12-10T01:29:35.508666368+00:00,24.491333632,-0.0056925996204933585,-0.0056925996204933585,1.0000000000021103
F009_PID000000484,484,2019-12-10T01:29:35.510012672+00:00,24.489987328,-0.001890359168241966,-0.001890359168241966,1.0000000000021103
F009_PID000000484,484,2019-12-10T01:29:35.511947520+00:00,24.48805248,-0.001890359168241966,-0.001890359168241966,1.0000000000021103
F009_PID000000484,484,2019-12-10T01:29:35.512087040+00:00,24.48791296,0.005714285714285714,0.005714285714285714,1.0000000000021103
F009_PID000000484,484,2019-12-10T01:29:35.563915520+00:00,24.43608448,0.009487666034155597,0.009487666034155597,1.0000000000021103
F009_PID000000484,484,2019-12-10T01:29:35.565616896+00:00,24.434383104,0.013333333333333334,0.013333333333333334,1.0000000000021103
F009_PID000000484,484,2019-12-10T01:29:35.565763328+00:00,24.434236672,0.019157088122605363,0.019157088122605363,1.0000000000021103
F009_PID000000484,484,2019-12-10T01:29:35.570034432+00:00,24.429965568,0.022900763358778626,0.022900763358778626,1.0000000000021103
F009_PID000000484,484,2019-12-10T01:29:35.582103808+00:00,24.417896192,0.026615969581749048,0.026615969581749048,1.0000000000021103
F009_PID000000484,484,2019-12-10T01:29:35.637030912+00:00,24.362969088,0.022900763358778626,0.022900763358778626,1.0000000000021103
F009_PID000000484,484,2019-12-10T01:29:35.637187072+00:00,24.362812928,0.019011406844106463,0.019011406844106463,1.0000000000021103
F009_PID000000484,484,2019-12-10T01:29:35.647196160+00:00,24.35280384,0.020872865275142316,0.020872865275142316,1.0000000000021103
F009_PID000000484,484,2019-12-10T01:29:35.651184384+00:00,24.348815616,0.024761904761904763,0.024761904761904763,1.0000000000021103
F009_PID000000484,484,2019-12-10T01:29:35.756167680+00:00,24.24383232,0.028462998102466792,0.028462998102466792,1.0000000000021103
F009_PID000000484,484,2019-12-10T01:29:35.918155520+00:00,24.08184448,0.024761904761904763,0.024761904761904763,1.0000000000021103
F009_PID000000484,484,2019-12-10T01:29:37.002298368+00:00,22.997701632,0.03213610586011342,0.03213610586011342,1.0000000000021103
F009_PID000000484,484,2019-12-10T01:29:37.003376640+00:00,22.99662336,0.036053130929791274,0.036053130929791274,1.0000000000021103
F009_PID000000484,484,2019-12-10T01:29:37.006706432+00:00,22.993293568,0.036053130929791274,0.036053130929791274,1.0000000000021103
F009_PID000000484,484,2019-12-10T01:29:37.007661312+00:00,22.992338688,0.036053130929791274,0.036053130929791274,1.0000000000021103
F009_PID000000484,484,2019-12-10T01:29:37.007872256+00:00,22.992127744,0.036053130929791274,0.036053130929791274,1.0000000000021103
F009_PID000000484,484,2019-12-10T01:29:37.138342912+00:00,22.861657088,0.03787878787878788,0.03787878787878788,1.0000000000021103
F009_PID000000484,484,2019-12-10T01:29:37.138353152+00:00,22.861646848,0.04580152671755725,0.04580152671755725,1.0000000000021103
F009_PID000000484,484,2019-12-10T01:29:37.149334016+00:00,22.850665984,0.04980842911877394,0.04980842911877394,1.0000000000021103
F009_PID000000484,484,2019-12-10T01:29:37.149474816+00:00,22.850525184,0.05182341650671785,0.05182341650671785,1.0000000000021103
F009_PID000000484,484,2019-12-10T01:29:37.335273728+00:00,22.664726272,0.055449330783938815,0.055449330783938815,1.0000000000021103
F009_PID000000484,484,2019-12-10T01:29:37.502588416+00:00,22.497411584,0.05182341650671785,0.05182341650671785,1.0000000000021103
F009_PID000000484,484,2019-12-10T01:29:37.502622720+00:00,22.49737728,0.04780114722753346,0.04780114722753346,1.0000000000021103
F009_PID000000484,484,2019-12-10T01:29:37.502632704+00:00,22.497367296,0.04380952380952381,0.04380952380952381,1.0000000000021103
F009_PID000000484,484,2019-12-10T01:29:37.502730752+00:00,22.497269248,0.036468330134357005,0.036468330134357005,1.0000000000021103
F009_PID000000484,484,2019-12-10T01:29:37.503197184+00:00,22.496802816,0.032504780114722756,0.032504780114722756,1.0000000000021103
F009_PID000000484,484,2019-12-10T01:29:37.710813696+00:00,22.289186304,0.03619047619047619,0.03619047619047619,1.0000000000021103
F009_PID000000484,484,2019-12-10T01:29:37.710952192+00:00,22.289047808,0.040152963671128104,0.040152963671128104,1.0000000000021103
F009_PID000000484,484,2019-12-10T01:29:37.710971904+00:00,22.289028096,0.044145873320537425,0.044145873320537425,1.0000000000021103
F009_PID000000484,484,2019-12-10T01:29:37.711120128+00:00,22.288879872,0.04816955684007707,0.04816955684007707,1.0000000000021103
F009_PID000000484,484,2019-12-10T01:29:37.719923712+00:00,22.280076288,0.05182341650671785,0.05182341650671785,1.0000000000021103
F009_PID000000484,484,2019-12-10T01:29:38.042897664+00:00,21.957102336,0.05725190839694656,0.05725190839694656,1.0000000000021103
F009_PID000000484,484,2019-12-10T01:29:38.042944256+00:00,21.957055744,0.05904761904761905,0.05904761904761905,1.0000000000021103
F009_PID000000484,484,2019-12-10T01:29:38.504250368+00:00,21.495749632,0.06309751434034416,0.06309751434034416,1.0000000000021103
F009_PID000000484,484,2019-12-10T01:29:38.504551168+00:00,21.495448832,0.06309751434034416,0.06309751434034416,1.0000000000021103
F009_PID000000484,484,2019-12-10T01:29:38.504563712+00:00,21.495436288,0.06358381502890173,0.06358381502890173,1.0000000000021103
F009_PID000000484,484,2019-12-10T01:29:38.504711424+00:00,21.495288576,0.06769825918762089,0.06769825918762089,1.0000000000021103
F009_PID000000484,484,2019-12-10T01:29:38.504720640+00:00,21.49527936,0.07129094412331406,0.07129094412331406,1.0000000000021103
F009_PID000000484,484,2019-12-10T01:29:38.504730624+00:00,21.495269376,0.07543520309477757,0.07543520309477757,1.0000000000021103
F009_PID000000484,484,2019-12-10T01:29:38.504918016+00:00,21.495081984,0.07335907335907337,0.07335907335907337,1.0000000000021103
F009_PID000000484,484,2019-12-10T01:29:38.504969984+00:00,21.495030016,0.07129094412331406,0.07129094412331406,1.0000000000021103
F009_PID000000484,484,2019-12-10T01:29:38.505310720+00:00,21.49468928,0.0671785028790787,0.0671785028790787,1.0000000000021103
F009_PID000000484,484,2019-12-10T01:29:38.505318400+00:00,21.4946816,0.06309751434034416,0.06309751434034416,1.0000000000021103
F009_PID000000484,484,2019-12-10T01:29:38.505487360+00:00,21.49451264,0.06309751434034416,0.06309751434034416,1.0000000000021103
F009_PID000000484,484,2019-12-10T01:29:38.505487360+00:00,21.49451264,0.06333973128598848,0.06333973128598848,1.0000000000021103
F009_PID000000484,484,2019-12-10T01:29:38.513320448+00:00,21.486679552,0.07750472589792061,0.07750472589792061,1.0000000000021103
F009_PID000000484,484,2019-12-10T01:29:38.513462784+00:00,21.486537216,0.07547169811320754,0.07547169811320754,1.0000000000021103
F009_PID000000484,484,2019-12-10T01:29:38.513616896+00:00,21.486383104,0.07344632768361582,0.07344632768361582,1.0000000000021103
F009_PID000000484,484,2019-12-10T01:29:38.562278656+00:00,21.437721344,0.06994328922495274,0.06994328922495274,1.0000000000021103
F009_PID000000484,484,2019-12-10T01:29:38.562428928+00:00,21.437571072,0.07196969696969698,0.07196969696969698,1.0000000000021103
F009_PID000000484,484,2019-12-10T01:29:38.593196800+00:00,21.4068032,0.07547169811320754,0.07547169811320754,1.0000000000021103
F009_PID000000484,484,2019-12-10T01:29:38.633338880+00:00,21.36666112,0.08239700374531835,0.08239700374531835,1.0000000000021103
F009_PID000000484,484,2019-12-10T01:29:38.638334720+00:00,21.36166528,0.09885931558935361,0.09885931558935361,1.0000000000021103
F009_PID000000484,484,2019-12-10T01:29:38.638347520+00:00,21.36165248,0.11583011583011583,0.11583011583011583,1.0000000000021103
F009_PID000000484,484,2019-12-10T01:29:38.638477312+00:00,21.361522688,0.12015503875968993,0.12015503875968993,1.0000000000021103
F009_PID000000484,484,2019-12-10T01:29:38.644345856+00:00,21.355654144,0.1245136186770428,0.1245136186770428,1.0000000000021103
F009_PID000000484,484,2019-12-10T01:29:38.648347648+00:00,21.351652352,0.10727969348659004,0.10727969348659004,1.0000000000021103
F009_PID000000484,484,2019-12-10T01:29:38.648357888+00:00,21.351642112,0.09056603773584905,0.09056603773584905,1.0000000000021103
F009_PID000000484,484,2019-12-10T01:29:38.648503296+00:00,21.351496704,0.08646616541353383,0.08646616541353383,1.0000000000021103
F009_PID000000484,484,2019-12-10T01:29:38.648958720+00:00,21.35104128,0.10305343511450382,0.10305343511450382,1.0000000000021103
F009_PID000000484,484,2019-12-10T01:29:38.654326528+00:00,21.345673472,0.10727969348659004,0.10727969348659004,1.0000000000021103
F009_PID000000484,484,2019-12-10T01:29:38.763182336+00:00,21.236817664,0.10305343511450382,0.10305343511450382,1.0000000000021103
F009_PID000000484,484,2019-12-10T01:29:38.802092800+00:00,21.1979072,0.12015503875968993,0.12015503875968993,1.0000000000021103
F009_PID000000484,484,2019-12-10T01:29:38.802224896+00:00,21.197775104,0.1245136186770428,0.1245136186770428,1.0000000000021103
F009_PID000000484,484,2019-12-10T01:29:38.938356480+00:00,21.06164352,0.10727969348659004,0.10727969348659004,1.0000000000021103
F009_PID000000484,484,2019-12-10T01:29:38.938505984+00:00,21.061494016,0.10305343511450382,0.10305343511450382,1.0000000000021103
F009_PID000000484,484,2019-12-10T01:29:38.938517504+00:00,21.061482496,0.09885931558935361,0.09885931558935361,1.0000000000021103
F009_PID000000484,484,2019-12-10T01:29:38.938656512+00:00,21.061343488,0.09541984732824428,0.09541984732824428,1.0000000000021103
F009_PID000000484,484,2019-12-10T01:29:38.974755584+00:00,21.025244416,0.09961685823754789,0.09961685823754789,1.0000000000021103
F009_PID000000484,484,2019-12-10T01:29:38.988327680+00:00,21.01167232,0.11673151750972763,0.11673151750972763,1.0000000000021103
F009_PID000000484,484,2019-12-10T01:29:39.043360+00:00,20.95664,0.09961685823754789,0.09961685823754789,1.0000000000021103
F009_PID000000484,484,2019-12-10T01:29:39.092079360+00:00,20.90792064,0.11673151750972763,0.11673151750972763,1.0000000000021103
F009_PID000000484,484,2019-12-10T01:29:39.128352256+00:00,20.871647744,0.09961685823754789,0.09961685823754789,1.0000000000021103
F009_PID000000484,484,2019-12-10T01:29:39.144354816+00:00,20.855645184,0.09541984732824428,0.09541984732824428,1.0000000000021103
F009_PID000000484,484,2019-12-10T01:29:40.008887808+00:00,19.991112192,0.09125475285171103,0.09125475285171103,1.0000000000021103
F009_PID000000484,484,2019-12-10T01:29:40.009037568+00:00,19.990962432,0.08712121212121213,0.08712121212121213,1.0000000000021103
F009_PID000000484,484,2019-12-10T01:29:40.133342720+00:00,19.86665728,0.08015267175572519,0.08015267175572519,1.0000000000021103
F009_PID000000484,484,2019-12-10T01:29:40.133507584+00:00,19.866492416,0.07809523809523809,0.07809523809523809,1.0000000000021103
F009_PID000000484,484,2019-12-10T01:29:40.133648640+00:00,19.86635136,0.07400379506641366,0.07400379506641366,1.0000000000021103
F009_PID000000484,484,2019-12-10T01:29:40.133879296+00:00,19.866120704,0.06870229007633588,0.06870229007633588,1.0000000000021103
F009_PID000000484,484,2019-12-10T01:29:40.133905664+00:00,19.866094336,0.06692160611854685,0.06692160611854685,1.0000000000021103
F009_PID000000484,484,2019-12-10T01:29:40.133905664+00:00,19.866094336,0.06896551724137931,0.06896551724137931,1.0000000000021103
F009_PID000000484,484,2019-12-10T01:29:40.134029568+00:00,19.865970432,0.06692160611854685,0.06692160611854685,1.0000000000021103
F009_PID000000484,484,2019-12-10T01:29:40.149359360+00:00,19.85064064,0.05242718446601942,0.05242718446601942,1.0000000000021103
F009_PID000000484,484,2019-12-10T01:29:40.199017216+00:00,19.800982784,0.04873294346978557,0.04873294346978557,1.0000000000021103
F009_PID000000484,484,2019-12-10T01:29:40.199168+00:00,19.800832,0.05078125,0.05078125,1.0000000000021103
F009_PID000000484,484,2019-12-10T01:29:40.300252160+00:00,19.69974784,0.054901960784313725,0.054901960784313725,1.0000000000021103
F009_PID000000484,484,2019-12-10T01:29:40.300264960+00:00,19.69973504,0.05859375,0.05859375,1.0000000000021103
F009_PID000000484,484,2019-12-10T01:29:40.300393472+00:00,19.699606528,0.06274509803921569,0.06274509803921569,1.0000000000021103
F009_PID000000484,484,2019-12-10T01:29:40.300414464+00:00,19.699585536,0.06640625,0.06640625,1.0000000000021103
F009_PID000000484,484,2019-12-10T01:29:40.300524544+00:00,19.699475456,0.06432748538011696,0.06432748538011696,1.0000000000021103
F009_PID000000484,484,2019-12-10T01:29:40.300571648+00:00,19.699428352,0.06640625,0.06640625,1.0000000000021103
F009_PID000000484,484,2019-12-10T01:29:40.339669248+00:00,19.660330752,0.07364341085271318,0.07364341085271318,1.0000000000021103
F009_PID000000484,484,2019-12-10T01:29:40.339928832+00:00,19.660071168,0.07156673114119923,0.07156673114119923,1.0000000000021103
F009_PID000000484,484,2019-12-10T01:29:40.348241920+00:00,19.65175808,0.08571428571428572,0.08571428571428572,1.0000000000021103
F009_PID000000484,484,2019-12-10T01:29:48.436393728+00:00,11.563606272,0.08571428571428572,0.08571428571428572,1.0000000000021103
F009_PID000000484,484,2019-12-10T01:29:48.436542208+00:00,11.563457792,0.08221797323135756,0.08221797323135756,1.0000000000021103
F009_PID000000484,484,2019-12-10T01:29:48.436573184+00:00,11.563426816,0.0842911877394636,0.0842911877394636,1.0000000000021103
F009_PID000000484,484,2019-12-10T01:29:54.023264+00:00,5.976736,0.08221797323135756,0.08221797323135756,1.0000000000021103
F009_PID000000484,484,2019-12-10T01:29:54.023274240+00:00,5.97672576,0.07514450867052024,0.07514450867052024,1.0000000000021103
F009_PID000000484,484,2019-12-10T01:29:54.023333376+00:00,5.976666624,0.0710172744721689,0.0710172744721689,1.0000000000021103
F009_PID000000484,484,2019-12-10T01:29:54.023608576+00:00,5.976391424,0.06896551724137931,0.06896551724137931,1.0000000000021103
F009_PID000000484,484,2019-12-10T01:29:54.023608576+00:00,5.976391424,0.0648854961832061,0.0648854961832061,1.0000000000021103
F009_PID000000484,484,2019-12-10T01:29:54.023628544+00:00,5.976371456,0.06692160611854685,0.06692160611854685,1.0000000000021103
F009_PID000000484,484,2019-12-10T01:29:54.023757824+00:00,5.976242176,0.06333973128598848,0.06333973128598848,1.0000000000021103
F009_PID000000484,484,2019-12-10T01:29:54.023871232+00:00,5.976128768,0.06130268199233716,0.06130268199233716,1.0000000000021103
F009_PID000000484,484,2019-12-10T01:29:54.023929088+00:00,5.976070912,0.06333973128598848,0.06333973128598848,1.0000000000021103
F009_PID000000484,484,2019-12-10T01:29:54.024455680+00:00,5.97554432,0.05927342256214149,0.05927342256214149,1.0000000000021103
F009_PID000000484,484,2019-12-10T01:29:54.024691456+00:00,5.975308544,0.05566218809980806,0.05566218809980806,1.0000000000021103
F009_PID000000484,484,2019-12-10T01:29:54.024691456+00:00,5.975308544,0.047619047619047616,0.047619047619047616,1.0000000000021103
F009_PID000000484,484,2019-12-10T01:29:54.024691456+00:00,5.975308544,0.045627376425855515,0.045627376425855515,1.0000000000021103
F009_PID000000484,484,2019-12-10T01:29:54.024700672+00:00,5.975299328,0.03969754253308128,0.03969754253308128,1.0000000000021103
F009_PID000000484,484,2019-12-10T01:29:54.025059328+00:00,5.974940672,0.03787878787878788,0.03787878787878788,1.0000000000021103
F009_PID000000484,484,2019-12-10T01:29:54.025059328+00:00,5.974940672,0.034220532319391636,0.034220532319391636,1.0000000000021103
F009_PID000000484,484,2019-12-10T01:29:54.025066496+00:00,5.974933504,0.03619047619047619,0.03619047619047619,1.0000000000021103
F009_PID000000484,484,2019-12-10T01:29:54.025066496+00:00,5.974933504,0.03435114503816794,0.03435114503816794,1.0000000000021103
F009_PID000000484,484,2019-12-10T01:29:54.025240064+00:00,5.974759936,0.03238095238095238,0.03238095238095238,1.0000000000021103
F009_PID000000484,484,2019-12-10T01:29:54.025253120+00:00,5.97474688,0.030418250950570342,0.030418250950570342,1.0000000000021103
F009_PID000000484,484,2019-12-10T01:29:54.025691136+00:00,5.974308864,0.02857142857142857,0.02857142857142857,1.0000000000021103
F009_PID000000484,484,2019-12-10T01:29:54.025825792+00:00,5.974174208,0.0248565965583174,0.0248565965583174,1.0000000000021103
F009_PID000000484,484,2019-12-10T01:29:54.025888+00:00,5.974112,0.02095238095238095,0.02095238095238095,1.0000000000021103
F009_PID000000484,484,2019-12-10T01:29:54.026899712+00:00,5.973100288,0.022813688212927757,0.022813688212927757,1.0000000000021103
F009_PID000000484,484,2019-12-10T01:29:54.040965632+00:00,5.959034368,0.019083969465648856,0.019083969465648856,1.0000000000021103
F009_PID000000484,484,2019-12-10T01:29:54.045247232+00:00,5.954752768,0.0037593984962406013,0.0037593984962406013,1.0000000000021103
F009_PID000000484,484,2019-12-10T01:29:54.095552+00:00,5.904448,0.00749063670411985,0.00749063670411985,1.0000000000021103
F009_PID000000484,484,2019-12-10T01:29:54.095768832+00:00,5.904231168,0.011194029850746268,0.011194029850746268,1.0000000000021103
F009_PID000000484,484,2019-12-10T01:29:54.095931648+00:00,5.904068352,0.0149812734082397,0.0149812734082397,1.0000000000021103
F009_PID000000484,484,2019-12-10T01:29:54.101870848+00:00,5.898129152,0.0,0.0,1.0000000000021103
F009_PID000000484,484,2019-12-10T01:29:54.153359360+00:00,5.84664064,-0.007547169811320755,-0.007547169811320755,1.0000000000021103
F009_PID000000484,484,2019-12-10T01:29:54.156699136+00:00,5.843300864,-0.011363636363636364,-0.011363636363636364,1.0000000000021103
F009_PID000000484,484,2019-12-10T01:29:54.164830464+00:00,5.835169536,-0.015209125475285171,-0.015209125475285171,1.0000000000021103
F009_PID000000484,484,2019-12-10T01:29:54.208528640+00:00,5.79147136,-0.011363636363636364,-0.011363636363636364,1.0000000000021103
F009_PID000000484,484,2019-12-10T01:29:54.504073216+00:00,5.495926784,-0.015209125475285171,-0.015209125475285171,1.0000000000021103
F009_PID000000484,484,2019-12-10T01:29:54.504083200+00:00,5.4959168,-0.01893939393939394,-0.01893939393939394,1.0000000000021103
F009_PID000000484,484,2019-12-10T01:29:54.504220160+00:00,5.49577984,-0.022813688212927757,-0.022813688212927757,1.0000000000021103
F009_PID000000484,484,2019-12-10T01:29:54.504512512+00:00,5.495487488,-0.03018867924528302,-0.03018867924528302,1.0000000000021103
F009_PID000000484,484,2019-12-10T01:29:55.123314688+00:00,4.876685312,-0.02835538752362949,-0.02835538752362949,1.0000000000021103
F009_PID000000484,484,2019-12-10T01:29:55.123323904+00:00,4.876676096,-0.026515151515151516,-0.026515151515151516,1.0000000000021103
F009_PID000000484,484,2019-12-10T01:29:55.123716608+00:00,4.876283392,-0.028462998102466792,-0.028462998102466792,1.0000000000021103
F009_PID000000484,484,2019-12-10T01:29:55.123794432+00:00,4.876205568,-0.030418250950570342,-0.030418250950570342,1.0000000000021103
F009_PID000000484,484,2019-12-10T01:29:55.123804160+00:00,4.87619584,-0.02857142857142857,-0.02857142857142857,1.0000000000021103
F010_PID000000018,18,2019-01-14T01:03:00.585251328+00:00,119.414748672,0.14285714285714285,0.14285714285714285,0.9999999999976694
F010_PID000000018,18,2019-01-14T01:03:00.799369984+00:00,119.200630016,0.14285714285714285,0.14285714285714285,0.9999999999976694
F010_PID000000018,18,2019-01-14T01:03:02.285402368+00:00,117.714597632,0.14782608695652175,0.14782608695652175,0.9999999999976694
F010_PID000000018,18,2019-01-14T01:03:02.364952576+00:00,117.635047424,0.14782608695652175,0.14782608695652175,0.9999999999976694
F010_PID000000018,18,2019-01-14T01:03:02.583597312+00:00,117.416402688,0.15151515151515152,0.15151515151515152,0.9999999999976694
F010_PID000000018,18,2019-01-14T01:03:02.804389120+00:00,117.19561088,0.15151515151515152,0.15151515151515152,0.9999999999976694
F010_PID000000018,18,2019-01-14T01:03:02.948800256+00:00,117.051199744,0.15151515151515152,0.15151515151515152,0.9999999999976694
F010_PID000000018,18,2019-01-14T01:03:03.002797568+00:00,116.997202432,0.15151515151515152,0.15151515151515152,0.9999999999976694
F010_PID000000018,18,2019-01-14T01:03:03.002834944+00:00,116.997165056,0.1565217391304348,0.1565217391304348,0.9999999999976694
F010_PID000000018,18,2019-01-14T01:03:03.011282688+00:00,116.988717312,0.17094017094017094,0.17094017094017094,0.9999999999976694
F010_PID000000018,18,2019-01-14T01:03:03.011564032+00:00,116.988435968,0.17094017094017094,0.17094017094017094,0.9999999999976694
F010_PID000000018,18,2019-01-14T01:03:03.011619072+00:00,116.988380928,0.05384615384615385,0.05384615384615385,1.9999999999997797
F010_PID000000018,18,2019-01-14T01:03:03.011894272+00:00,116.988105728,-0.09333333333333334,-0.09333333333333334,1.0000000000021103
F010_PID000000018,18,2019-01-14T01:03:03.012753920+00:00,116.98724608,-0.09821428571428571,-0.09821428571428571,1.0000000000021103
F010_PID000000018,18,2019-01-14T01:03:03.020466688+00:00,116.979533312,-0.07894736842105263,-0.07894736842105263,1.0000000000021103
F010_PID000000018,18,2019-01-14T01:03:03.946879744+00:00,116.053120256,-0.07423580786026202,-0.07423580786026202,1.0000000000021103
F010_PID000000018,18,2019-01-14T01:03:03.947154944+00:00,116.052845056,-0.07017543859649122,-0.07017543859649122,1.0000000000021103
F010_PID000000018,18,2019-01-14T01:03:03.947271168+00:00,116.052728832,-0.07017543859649122,-0.07017543859649122,1.0000000000021103
F010_PID000000018,18,2019-01-14T01:03:03.947420928+00:00,116.052579072,-0.07017543859649122,-0.07017543859649122,1.0000000000021103
F010_PID000000018,18,2019-01-14T01:03:03.973868800+00:00,116.0261312,-0.06607929515418502,-0.06607929515418502,1.0000000000021103
F010_PID000000018,18,2019-01-14T01:03:04.130554368+00:00,115.869445632,-0.06140350877192982,-0.06140350877192982,1.0000000000021103
F010_PID000000018,18,2019-01-14T01:03:04.134140160+00:00,115.86585984,-0.06607929515418502,-0.06607929515418502,1.0000000000021103
F010_PID000000018,18,2019-01-14T01:03:04.379127040+00:00,115.62087296,-0.04932735426008968,-0.04932735426008968,1.0000000000021103
F010_PID000000018,18,2019-01-14T01:03:04.379311360+00:00,115.62068864,-0.044642857142857144,-0.044642857142857144,1.0000000000021103
F010_PID000000018,18,2019-01-14T01:03:04.379564544+00:00,115.620435456,-0.036036036036036036,-0.036036036036036036,1.0000000000021103
F010_PID000000018,18,2019-01-14T01:03:04.379730432+00:00,115.620269568,-0.03167420814479638,-0.03167420814479638,1.0000000000021103
F010_PID000000018,18,2019-01-14T01:03:04.455771648+00:00,115.544228352,-0.03636363636363636,-0.03636363636363636,1.0000000000021103
F010_PID000000018,18,2019-01-14T01:03:04.455830528+00:00,115.544169472,-0.04072398190045249,-0.04072398190045249,1.0000000000021103
F010_PID000000018,18,2019-01-14T01:03:04.456150528+00:00,115.543849472,-0.036036036036036036,-0.036036036036036036,1.0000000000021103
F010_PID000000018,18,2019-01-14T01:03:04.758349568+00:00,115.241650432,-0.03167420814479638,-0.03167420814479638,1.0000000000021103
F010_PID000000018,18,2019-01-14T01:03:04.758405888+00:00,115.241594112,-0.02702702702702703,-0.02702702702702703,1.0000000000021103
F010_PID000000018,18,2019-01-14T01:03:04.884779264+00:00,115.115220736,-0.009174311926605505,-0.009174311926605505,1.0000000000021103
F010_PID000000018,18,2019-01-14T01:03:04.885156352+00:00,115.114843648,-0.004608294930875576,-0.004608294930875576,1.0000000000021103
F010_PID000000018,18,2019-01-14T01:03:04.902649856+00:00,115.097350144,-0.009174311926605505,-0.009174311926605505,1.0000000000021103
F010_PID000000018,18,2019-01-14T01:03:04.933810944+00:00,115.066189056,-0.004608294930875576,-0.004608294930875576,1.0000000000021103
F010_PID000000018,18,2019-01-14T01:03:04.933996800+00:00,115.0660032,-0.009174311926605505,-0.009174311926605505,1.0000000000021103
F010_PID000000018,18,2019-01-14T01:03:04.934062848+00:00,115.065937152,-0.0045662100456621,-0.0045662100456621,1.0000000000021103
F010_PID000000018,18,2019-01-14T01:03:04.936788224+00:00,115.063211776,-0.00909090909090909,-0.00909090909090909,1.0000000000021103
F010_PID000000018,18,2019-01-14T01:03:05.004250880+00:00,114.99574912,-0.0045662100456621,-0.0045662100456621,1.0000000000021103
F010_PID000000018,18,2019-01-14T01:03:05.004432128+00:00,114.995567872,-0.00909090909090909,-0.00909090909090909,1.0000000000021103
F010_PID000000018,18,2019-01-14T01:03:05.022454528+00:00,114.977545472,-0.0045662100456621,-0.0045662100456621,1.0000000000021103
F010_PID000000018,18,2019-01-14T01:03:05.044291584+00:00,114.955708416,-0.00909090909090909,-0.00909090909090909,1.0000000000021103
F010_PID000000018,18,2019-01-14T01:03:05.112336640+00:00,114.88766336,-0.0045662100456621,-0.0045662100456621,1.0000000000021103
F010_PID000000018,18,2019-01-14T01:03:05.176198144+00:00,114.823801856,-0.00909090909090909,-0.00909090909090909,1.0000000000021103
F010_PID000000018,18,2019-01-14T01:03:05.176606464+00:00,114.823393536,-0.00909090909090909,-0.00909090909090909,1.0000000000021103
F010_PID000000018,18,2019-01-14T01:03:05.176640256+00:00,114.823359744,0.21739130434782608,0.21739130434782608,0.9999999999976694
F010_PID000000018,18,2019-01-14T01:03:05.176752640+00:00,114.82324736,0.20353982300884957,0.20353982300884957,0.9999999999976694
F010_PID000000018,18,2019-01-14T01:03:05.176767488+00:00,114.823232512,0.1891891891891892,0.1891891891891892,0.9999999999976694
F010_PID000000018,18,2019-01-14T01:03:05.176796928+00:00,114.823203072,0.168141592920354,0.168141592920354,0.9999999999976694
F010_PID000000018,18,2019-01-14T01:03:05.176811520+00:00,114.82318848,0.17333333333333334,0.17333333333333334,0.9999999999976694
F010_PID000000018,18,2019-01-14T01:03:05.176900608+00:00,114.823099392,0.168141592920354,0.168141592920354,0.9999999999976694
F010_PID000000018,18,2019-01-14T01:03:05.176967424+00:00,114.823032576,0.15789473684210525,0.15789473684210525,0.9999999999976694
F010_PID000000018,18,2019-01-14T01:03:05.177000960+00:00,114.82299904,0.13793103448275862,0.13793103448275862,0.9999999999976694
F010_PID000000018,18,2019-01-14T01:03:05.177016832+00:00,114.822983168,0.13304721030042918,0.13304721030042918,0.9999999999976694
F010_PID000000018,18,2019-01-14T01:03:05.177136896+00:00,114.822863104,0.1282051282051282,0.1282051282051282,0.9999999999976694
F010_PID000000018,18,2019-01-14T01:03:05.177203968+00:00,114.822796032,0.12340425531914893,0.12340425531914893,0.9999999999976694
F010_PID000000018,18,2019-01-14T01:03:05.177401088+00:00,114.822598912,0.11965811965811966,0.11965811965811966,0.9999999999976694
F010_PID000000018,18,2019-01-14T01:03:05.177445632+00:00,114.822554368,0.1148936170212766,0.1148936170212766,0.9999999999976694
F010_PID000000018,18,2019-01-14T01:03:05.177515776+00:00,114.822484224,0.1148936170212766,0.1148936170212766,0.9999999999976694
F010_PID000000018,18,2019-01-14T01:03:05.177515776+00:00,114.822484224,0.14410480349344978,0.14410480349344978,0.9999999999976694
F010_PID000000018,18,2019-01-14T01:03:05.178208512+00:00,114.821791488,0.14410480349344978,0.14410480349344978,0.9999999999976694
F010_PID000000018,18,2019-01-14T01:03:05.178256384+00:00,114.821743616,0.03557312252964427,0.03557312252964427,1.9999999999997797
F010_PID000000018,18,2019-01-14T01:03:05.178352640+00:00,114.82164736,-0.11926605504587157,-0.11926605504587157,1.0000000000021103
F010_PID000000018,18,2019-01-14T01:03:05.178575360+00:00,114.82142464,-0.08928571428571429,-0.08928571428571429,1.0000000000021103
F010_PID000000018,18,2019-01-14T01:03:05.178782208+00:00,114.821217792,-0.08444444444444445,-0.08444444444444445,1.0000000000021103
F010_PID000000018,18,2019-01-14T01:03:05.178837504+00:00,114.821162496,-0.07964601769911504,-0.07964601769911504,1.0000000000021103
F010_PID000000018,18,2019-01-14T01:03:05.178958848+00:00,114.821041152,-0.07488986784140969,-0.07488986784140969,1.0000000000021103
F010_PID000000018,18,2019-01-14T01:03:05.179226624+00:00,114.820773376,-0.07964601769911504,-0.07964601769911504,1.0000000000021103
F010_PID000000018,18,2019-01-14T01:03:05.179285760+00:00,114.82071424,-0.07555555555555556,-0.07555555555555556,1.0000000000021103
F010_PID000000018,18,2019-01-14T01:03:05.179527936+00:00,114.820472064,-0.07142857142857142,-0.07142857142857142,1.0000000000021103
F010_PID000000018,18,2019-01-14T01:03:05.179831296+00:00,114.820168704,-0.10091743119266056,-0.10091743119266056,1.0000000000021103
F010_PID000000018,18,2019-01-14T01:03:05.179902464+00:00,114.820097536,-0.09090909090909091,-0.09090909090909091,1.0000000000021103
F010_PID000000018,18,2019-01-14T01:03:05.187526656+00:00,114.812473344,-0.07142857142857142,-0.07142857142857142,1.0000000000021103
F010_PID000000018,18,2019-01-14T01:03:05.187727104+00:00,114.812272896,-0.06666666666666667,-0.06666666666666667,1.0000000000021103
F010_PID000000018,18,2019-01-14T01:03:05.187904+00:00,114.812096,-0.0625,-0.0625,1.0000000000021103
F010_PID000000018,18,2019-01-14T01:03:05.189294080+00:00,114.81070592,-0.06726457399103139,-0.06726457399103139,1.0000000000021103
F010_PID000000018,18,2019-01-14T01:03:05.192983296+00:00,114.807016704,-0.07692307692307693,-0.07692307692307693,1.0000000000021103
F010_PID000000018,18,2019-01-14T01:03:05.193159168+00:00,114.806840832,-0.08181818181818182,-0.08181818181818182,1.0000000000021103
F010_PID000000018,18,2019-01-14T01:03:05.193346560+00:00,114.80665344,-0.07692307692307693,-0.07692307692307693,1.0000000000021103
F010_PID000000018,18,2019-01-14T01:03:05.193417472+00:00,114.806582528,-0.08108108108108109,-0.08108108108108109,1.0000000000021103
F010_PID000000018,18,2019-01-14T01:03:05.194301696+00:00,114.805698304,-0.08108108108108109,-0.08108108108108109,1.0000000000021103
F010_PID000000018,18,2019-01-14T01:03:05.194370816+00:00,114.805629184,0.13807531380753138,0.13807531380753138,0.9999999999976694
F010_PID000000018,18,2019-01-14T01:03:05.194564096+00:00,114.805435904,0.13445378151260504,0.13445378151260504,0.9999999999976694
F010_PID000000018,18,2019-01-14T01:03:05.194788608+00:00,114.805211392,0.11965811965811966,0.11965811965811966,0.9999999999976694
F010_PID000000018,18,2019-01-14T01:03:05.195011584+00:00,114.804988416,0.1148936170212766,0.1148936170212766,0.9999999999976694
F010_PID000000018,18,2019-01-14T01:03:05.195043072+00:00,114.804956928,0.11016949152542373,0.11016949152542373,0.9999999999976694
F010_PID000000018,18,2019-01-14T01:03:05.254927360+00:00,114.74507264,0.1592920353982301,0.1592920353982301,0.9999999999976694
F010_PID000000018,18,2019-01-14T01:03:05.255191296+00:00,114.744808704,0.03968253968253968,0.03968253968253968,1.9999999999997797
F010_PID000000018,18,2019-01-14T01:03:05.255247104+00:00,114.744752896,0.0546875,0.0546875,1.9999999999997797
F010_PID000000018,18,2019-01-14T01:03:05.284283648+00:00,114.715716352,-0.09502262443438914,-0.09502262443438914,1.0000000000021103
F010_PID000000018,18,2019-01-14T01:03:05.284836864+00:00,114.715163136,-0.09502262443438914,-0.09502262443438914,1.0000000000021103
F010_PID000000018,18,2019-01-14T01:03:05.284877056+00:00,114.715122944,0.0546875,0.0546875,1.9999999999997797
F010_PID000000018,18,2019-01-14T01:03:05.292890880+00:00,114.70710912,0.06923076923076923,0.06923076923076923,1.9999999999997797
F010_PID000000018,18,2019-01-14T01:03:05.310070272+00:00,114.689929728,-0.07555555555555556,-0.07555555555555556,1.0000000000021103
F010_PID000000018,18,2019-01-14T01:03:05.317808128+00:00,114.682191872,0.06923076923076923,0.06923076923076923,1.9999999999997797
F010_PID000000018,18,2019-01-14T01:03:05.319748352+00:00,114.680251648,0.0546875,0.0546875,1.9999999999997797
F010_PID000000018,18,2019-01-14T01:03:05.330734080+00:00,114.66926592,0.05058365758754864,0.05058365758754864,1.9999999999997797
F010_PID000000018,18,2019-01-14T01:03:05.333661440+00:00,114.66633856,0.06513409961685823,0.06513409961685823,1.9999999999997797
F010_PID000000018,18,2019-01-14T01:03:05.334155008+00:00,114.665844992,0.061068702290076333,0.061068702290076333,1.9999999999997797
F010_PID000000018,18,2019-01-14T01:03:05.387944448+00:00,114.612055552,0.057034220532319393,0.057034220532319393,1.9999999999997797
F010_PID000000018,18,2019-01-14T01:03:05.424177664+00:00,114.575822336,-0.05982905982905983,-0.05982905982905983,1.0000000000021103
F010_PID000000018,18,2019-01-14T01:03:05.424230144+00:00,114.575769856,-0.047619047619047616,-0.047619047619047616,1.0000000000021103
F010_PID000000018,18,2019-01-14T01:03:05.424280576+00:00,114.575719424,-0.030837004405286344,-0.030837004405286344,1.0000000000021103
F010_PID000000018,18,2019-01-14T01:03:05.424339712+00:00,114.575660288,-0.013452914798206279,-0.013452914798206279,1.0000000000021103
F010_PID000000018,18,2019-01-14T01:03:05.424568832+00:00,114.575431168,-0.009009009009009009,-0.009009009009009009,1.0000000000021103
F010_PID000000018,18,2019-01-14T01:03:05.424690432+00:00,114.575309568,-0.004524886877828055,-0.004524886877828055,1.0000000000021103
F010_PID000000018,18,2019-01-14T01:03:05.425092352+00:00,114.574907648,0.0,0.0,1.0000000000021103
F010_PID000000018,18,2019-01-14T01:03:05.436459520+00:00,114.56354048,0.0045662100456621,0.0045662100456621,1.0000000000021103
F010_PID000000018,18,2019-01-14T01:03:05.436966656+00:00,114.563033344,0.009174311926605505,0.009174311926605505,1.0000000000021103
F010_PID000000018,18,2019-01-14T01:03:05.437144832+00:00,114.562855168,0.0045662100456621,0.0045662100456621,1.0000000000021103
F010_PID000000018,18,2019-01-14T01:03:05.437885184+00:00,114.562114816,-0.009009009009009009,-0.009009009009009009,1.0000000000021103
F010_PID000000018,18,2019-01-14T01:03:05.473472512+00:00,114.526527488,-0.02654867256637168,-0.02654867256637168,1.0000000000021103
F010_PID000000018,18,2019-01-14T01:03:05.537608960+00:00,114.46239104,-0.009009009009009009,-0.009009009009009009,1.0000000000021103
F010_PID000000018,18,2019-01-14T01:03:05.538109952+00:00,114.461890048,-0.009009009009009009,-0.009009009009009009,1.0000000000021103
F010_PID000000018,18,2019-01-14T01:03:05.538397440+00:00,114.46160256,0.009174311926605505,0.009174311926605505,1.0000000000021103
F010_PID000000018,18,2019-01-14T01:03:05.541354240+00:00,114.45864576,0.0136986301369863,0.0136986301369863,1.0000000000021103
F010_PID000000018,18,2019-01-14T01:03:05.663710208+00:00,114.336289792,-0.004484304932735426,-0.004484304932735426,1.0000000000021103
F010_PID000000018,18,2019-01-14T01:03:06.354147584+00:00,113.645852416,-0.004484304932735426,-0.004484304932735426,1.0000000000021103
F010_PID000000018,18,2019-01-14T01:03:06.448035584+00:00,113.551964416,0.00909090909090909,0.00909090909090909,1.0000000000021103
F010_PID000000018,18,2019-01-14T01:03:06.448229632+00:00,113.551770368,0.0136986301369863,0.0136986301369863,1.0000000000021103
F010_PID000000018,18,2019-01-14T01:03:06.448295168+00:00,113.551704832,0.01818181818181818,0.01818181818181818,1.0000000000021103
F010_PID000000018,18,2019-01-14T01:03:06.889737728+00:00,113.110262272,0.01818181818181818,0.01818181818181818,1.0000000000021103
F010_PID000000018,18,2019-01-14T01:03:06.958681088+00:00,113.041318912,0.0228310502283105,0.0228310502283105,1.0000000000021103
F010_PID000000018,18,2019-01-14T01:03:06.958904320+00:00,113.04109568,0.027522935779816515,0.027522935779816515,1.0000000000021103
F010_PID000000018,18,2019-01-14T01:03:06.959036160+00:00,113.04096384,0.0319634703196347,0.0319634703196347,1.0000000000021103
F010_PID000000018,18,2019-01-14T01:03:06.959169280+00:00,113.04083072,-0.06995884773662552,-0.06995884773662552,1.9999999999997797
F010_PID000000018,18,2019-01-14T01:03:06.959352064+00:00,113.040647936,-0.07377049180327869,-0.07377049180327869,1.9999999999997797
F010_PID000000018,18,2019-01-14T01:03:06.959438592+00:00,113.040561408,-0.07377049180327869,-0.07377049180327869,1.9999999999997797
F010_PID000000018,18,2019-01-14T01:03:06.959531776+00:00,113.040468224,-0.06938775510204082,-0.06938775510204082,1.9999999999997797
F010_PID000000018,18,2019-01-14T01:03:06.959580672+00:00,113.040419328,-0.06938775510204082,-0.06938775510204082,1.9999999999997797
F010_PID000000018,18,2019-01-14T01:03:06.959641088+00:00,113.040358912,0.03167420814479638,0.03167420814479638,1.0000000000021103
F010_PID000000018,18,2019-01-14T01:03:06.959702784+00:00,113.040297216,0.036036036036036036,0.036036036036036036,1.0000000000021103
F010_PID000000018,18,2019-01-14T01:03:06.959959296+00:00,113.040040704,-0.06504065040650407,-0.06504065040650407,1.9999999999997797
F010_PID000000018,18,2019-01-14T01:03:06.960006656+00:00,113.039993344,-0.06504065040650407,-0.06504065040650407,1.9999999999997797
F010_PID000000018,18,2019-01-14T01:03:06.960230656+00:00,113.039769344,-0.06504065040650407,-0.06504065040650407,1.9999999999997797
F010_PID000000018,18,2019-01-14T01:03:07.035509504+00:00,112.964490496,-0.06882591093117409,-0.06882591093117409,1.9999999999997797
F010_PID000000018,18,2019-01-14T01:03:07.084723712+00:00,112.915276288,-0.03529411764705882,-0.03529411764705882,1.9999999999997797
F010_PID000000018,18,2019-01-14T01:03:08.069966080+00:00,111.93003392,-0.03529411764705882,-0.03529411764705882,1.9999999999997797
F010_PID000000018,18,2019-01-14T01:03:13.230768128+00:00,106.769231872,-0.03529411764705882,-0.03529411764705882,1.9999999999997797
F010_PID000000018,18,2019-01-14T01:03:13.438293760+00:00,106.56170624,-0.11392405063291139,-0.11392405063291139,0.9999999999976694
F010_PID000000018,18,2019-01-14T01:03:13.438793472+00:00,106.561206528,-0.11392405063291139,-0.11392405063291139,0.9999999999976694
F010_PID000000018,18,2019-01-14T01:03:13.438845184+00:00,106.561154816,-0.03937007874015748,-0.03937007874015748,1.9999999999997797
F010_PID000000018,18,2019-01-14T01:03:13.438925056+00:00,106.561074944,-0.03937007874015748,-0.03937007874015748,1.9999999999997797
F010_PID000000018,18,2019-01-14T01:03:13.438938624+00:00,106.561061376,-0.03125,-0.03125,1.9999999999997797
F010_PID000000018,18,2019-01-14T01:03:13.439184384+00:00,106.560815616,-0.03125,-0.03125,1.9999999999997797
F010_PID000000018,18,2019-01-14T01:03:13.439317760+00:00,106.56068224,-0.03529411764705882,-0.03529411764705882,1.9999999999997797
F010_PID000000018,18,2019-01-14T01:03:13.454267136+00:00,106.545732864,-0.0199203187250996,-0.0199203187250996,1.9999999999997797
F010_PID000000018,18,2019-01-14T01:03:13.454321408+00:00,106.545678592,-0.00392156862745098,-0.00392156862745098,1.9999999999997797
F010_PID000000018,18,2019-01-14T01:03:13.454441728+00:00,106.545558272,0.0,0.0,1.9999999999997797
F010_PID000000018,18,2019-01-14T01:03:13.458342912+00:00,106.541657088,0.00392156862745098,0.00392156862745098,1.9999999999997797
F010_PID000000018,18,2019-01-14T01:03:13.485079296+00:00,106.514920704,-0.07172995780590717,-0.07172995780590717,0.9999999999976694
F010_PID000000018,18,2019-01-14T01:03:13.485322240+00:00,106.51467776,-0.07172995780590717,-0.07172995780590717,0.9999999999976694
F010_PID000000018,18,2019-01-14T01:03:13.508169728+00:00,106.491830272,-0.039301310043668124,-0.039301310043668124,0.9999999999976694
F010_PID000000018,18,2019-01-14T01:03:13.508479232+00:00,106.491520768,-0.02654867256637168,-0.02654867256637168,0.9999999999976694
F010_PID000000018,18,2019-01-14T01:03:13.508669952+00:00,106.491330048,-0.030837004405286344,-0.030837004405286344,0.9999999999976694
F010_PID000000018,18,2019-01-14T01:03:13.533686272+00:00,106.466313728,0.0045662100456621,0.0045662100456621,0.9999999999976694
F010_PID000000018,18,2019-01-14T01:03:13.579673856+00:00,106.420326144,0.00909090909090909,0.00909090909090909,0.9999999999976694
F010_PID000000018,18,2019-01-14T01:03:13.579749376+00:00,106.420250624,-0.008928571428571428,-0.008928571428571428,0.9999999999976694
F010_PID000000018,18,2019-01-14T01:03:13.579780864+00:00,106.420219136,-0.04310344827586207,-0.04310344827586207,0.9999999999976694
F010_PID000000018,18,2019-01-14T01:03:13.579912960+00:00,106.42008704,-0.03862660944206009,-0.03862660944206009,0.9999999999976694
F010_PID000000018,18,2019-01-14T01:03:13.587778816+00:00,106.412221184,-0.04310344827586207,-0.04310344827586207,0.9999999999976694
F010_PID000000018,18,2019-01-14T01:03:13.598010624+00:00,106.401989376,-0.047619047619047616,-0.047619047619047616,0.9999999999976694
F010_PID000000018,18,2019-01-14T01:03:13.664760576+00:00,106.335239424,-0.030837004405286344,-0.030837004405286344,0.9999999999976694
F010_PID000000018,18,2019-01-14T01:03:13.664794112+00:00,106.335205888,-0.012987012987012988,-0.012987012987012988,0.9999999999976694
F010_PID000000018,18,2019-01-14T01:03:13.664807424+00:00,106.335192576,0.02242152466367713,0.02242152466367713,0.9999999999976694
F010_PID000000018,18,2019-01-14T01:03:13.689209344+00:00,106.310790656,0.026785714285714284,0.026785714285714284,0.9999999999976694
F010_PID000000018,18,2019-01-14T01:03:13.700384768+00:00,106.299615232,0.03111111111111111,0.03111111111111111,0.9999999999976694
F010_PID000000018,18,2019-01-14T01:03:13.786808320+00:00,106.21319168,0.03571428571428571,0.03571428571428571,0.9999999999976694
F010_PID000000018,18,2019-01-14T01:03:13.786999552+00:00,106.213000448,0.04,0.04,0.9999999999976694
F010_PID000000018,18,2019-01-14T01:03:13.787208960+00:00,106.21279104,0.03571428571428571,0.03571428571428571,0.9999999999976694
F010_PID000000018,18,2019-01-14T01:03:13.787273984+00:00,106.212726016,0.04504504504504504,0.04504504504504504,0.9999999999976694
F010_PID000000018,18,2019-01-14T01:03:13.787335424+00:00,106.212664576,0.049773755656108594,0.049773755656108594,0.9999999999976694
F010_PID000000018,18,2019-01-14T01:03:13.787401216+00:00,106.212598784,0.05405405405405406,0.05405405405405406,0.9999999999976694
F010_PID000000018,18,2019-01-14T01:03:13.787506176+00:00,106.212493824,0.06363636363636363,0.06363636363636363,0.9999999999976694
F010_PID000000018,18,2019-01-14T01:03:13.787635200+00:00,106.2123648,0.06787330316742081,0.06787330316742081,0.9999999999976694
F010_PID000000018,18,2019-01-14T01:03:13.787668992+00:00,106.212331008,0.07272727272727272,0.07272727272727272,0.9999999999976694
F010_PID000000018,18,2019-01-14T01:03:13.787998208+00:00,106.212001792,0.0776255707762557,0.0776255707762557,0.9999999999976694
F010_PID000000018,18,2019-01-14T01:03:13.788044544+00:00,106.211955456,0.0776255707762557,0.0776255707762557,0.9999999999976694
F010_PID000000018,18,2019-01-14T01:03:13.788197632+00:00,106.211802368,0.07272727272727272,0.07272727272727272,0.9999999999976694
F010_PID000000018,18,2019-01-14T01:03:13.788386304+00:00,106.211613696,0.06787330316742081,0.06787330316742081,0.9999999999976694
F010_PID000000018,18,2019-01-14T01:03:13.788575232+00:00,106.211424768,0.06363636363636363,0.06363636363636363,0.9999999999976694
F010_PID000000018,18,2019-01-14T01:03:13.796303872+00:00,106.203696128,0.06787330316742081,0.06787330316742081,0.9999999999976694
F010_PID000000018,18,2019-01-14T01:03:13.906414848+00:00,106.093585152,0.07272727272727272,0.07272727272727272,0.9999999999976694
F010_PID000000018,18,2019-01-14T01:03:13.906589440+00:00,106.09341056,0.0776255707762557,0.0776255707762557,0.9999999999976694
F010_PID000000018,18,2019-01-14T01:03:13.906791424+00:00,106.093208576,0.08256880733944955,0.08256880733944955,0.9999999999976694
F010_PID000000018,18,2019-01-14T01:03:13.906995456+00:00,106.093004544,0.0867579908675799,0.0867579908675799,0.9999999999976694
F010_PID000000018,18,2019-01-14T01:03:13.907606272+00:00,106.092393728,0.09090909090909091,0.09090909090909091,0.9999999999976694
F010_PID000000018,18,2019-01-14T01:03:13.934259456+00:00,106.065740544,0.08597285067873303,0.08597285067873303,0.9999999999976694
F010_PID000000018,18,2019-01-14T01:03:13.934471168+00:00,106.065528832,0.08108108108108109,0.08108108108108109,0.9999999999976694
F010_PID000000018,18,2019-01-14T01:03:14.059236352+00:00,105.940763648,0.08597285067873303,0.08597285067873303,0.9999999999976694
F010_PID000000018,18,2019-01-14T01:03:14.059303168+00:00,105.940696832,0.09090909090909091,0.09090909090909091,0.9999999999976694
F010_PID000000018,18,2019-01-14T01:03:14.109271808+00:00,105.890728192,0.08597285067873303,0.08597285067873303,0.9999999999976694
F010_PID000000018,18,2019-01-14T01:03:14.109480704+00:00,105.890519296,0.08108108108108109,0.08108108108108109,0.9999999999976694
F010_PID000000018,18,2019-01-14T01:03:14.109679360+00:00,105.89032064,0.07623318385650224,0.07623318385650224,0.9999999999976694
F010_PID000000018,18,2019-01-14T01:03:14.199264+00:00,105.800736,0.08108108108108109,0.08108108108108109,0.9999999999976694
F010_PID000000018,18,2019-01-14T01:03:14.199443968+00:00,105.800556032,0.08597285067873303,0.08597285067873303,0.9999999999976694
F010_PID000000018,18,2019-01-14T01:03:14.199758848+00:00,105.800241152,0.09090909090909091,0.09090909090909091,0.9999999999976694
F010_PID000000018,18,2019-01-14T01:03:14.283692032+00:00,105.716307968,0.08597285067873303,0.08597285067873303,0.9999999999976694
F010_PID000000018,18,2019-01-14T01:03:14.283885568+00:00,105.716114432,0.08108108108108109,0.08108108108108109,0.9999999999976694
F010_PID000000018,18,2019-01-14T01:03:14.404990720+00:00,105.59500928,0.08597285067873303,0.08597285067873303,0.9999999999976694
F010_PID000000018,18,2019-01-14T01:03:14.405192960+00:00,105.59480704,0.09090909090909091,0.09090909090909091,0.9999999999976694
F010_PID000000018,18,2019-01-14T01:03:14.463736064+00:00,105.536263936,0.08597285067873303,0.08597285067873303,0.9999999999976694
F010_PID000000018,18,2019-01-14T01:03:14.463935488+00:00,105.536064512,0.08108108108108109,0.08108108108108109,0.9999999999976694
F010_PID000000018,18,2019-01-14T01:03:14.595033856+00:00,105.404966144,0.08597285067873303,0.08597285067873303,0.9999999999976694
F010_PID000000018,18,2019-01-14T01:03:14.595236864+00:00,105.404763136,0.09090909090909091,0.09090909090909091,0.9999999999976694
F010_PID000000018,18,2019-01-14T01:03:14.924065024+00:00,105.075934976,0.08597285067873303,0.08597285067873303,0.9999999999976694
F010_PID000000018,18,2019-01-14T01:03:14.924248064+00:00,105.075751936,0.08108108108108109,0.08108108108108109,0.9999999999976694
F010_PID000000018,18,2019-01-14T01:03:15.012805120+00:00,104.98719488,0.07623318385650224,0.07623318385650224,0.9999999999976694
F010_PID000000018,18,2019-01-14T01:03:15.054495232+00:00,104.945504768,0.08108108108108109,0.08108108108108109,0.9999999999976694
F010_PID000000018,18,2019-01-14T01:03:15.054671872+00:00,104.945328128,0.08597285067873303,0.08597285067873303,0.9999999999976694
F010_PID000000018,18,2019-01-14T01:03:15.054736896+00:00,104.945263104,0.09090909090909091,0.09090909090909091,0.9999999999976694
F010_PID000000018,18,2019-01-14T01:03:15.103718912+00:00,104.896281088,0.08597285067873303,0.08597285067873303,0.9999999999976694
F010_PID000000018,18,2019-01-14T01:03:15.103906304+00:00,104.896093696,0.08108108108108109,0.08108108108108109,0.9999999999976694
F010_PID000000018,18,2019-01-14T01:03:15.245047808+00:00,104.754952192,0.08597285067873303,0.08597285067873303,0.9999999999976694
F010_PID000000018,18,2019-01-14T01:03:15.245263360+00:00,104.75473664,0.09090909090909091,0.09090909090909091,0.9999999999976694
F010_PID000000018,18,2019-01-14T01:03:15.588931072+00:00,104.411068928,0.08597285067873303,0.08597285067873303,0.9999999999976694
F010_PID000000018,18,2019-01-14T01:03:15.589120256+00:00,104.410879744,0.08108108108108109,0.08108108108108109,0.9999999999976694
F010_PID000000018,18,2019-01-14T01:03:15.724272896+00:00,104.275727104,0.08597285067873303,0.08597285067873303,0.9999999999976694
F010_PID000000018,18,2019-01-14T01:03:15.724491264+00:00,104.275508736,0.09090909090909091,0.09090909090909091,0.9999999999976694
F010_PID000000018,18,2019-01-14T01:03:15.858673664+00:00,104.141326336,0.08597285067873303,0.08597285067873303,0.9999999999976694
F010_PID000000018,18,2019-01-14T01:03:15.858877696+00:00,104.141122304,0.08108108108108109,0.08108108108108109,0.9999999999976694
F010_PID000000018,18,2019-01-14T01:03:15.859016704+00:00,104.140983296,0.07623318385650224,0.07623318385650224,0.9999999999976694
F010_PID000000018,18,2019-01-14T01:03:15.999279616+00:00,104.000720384,0.08108108108108109,0.08108108108108109,0.9999999999976694
F010_PID000000018,18,2019-01-14T01:03:16.002779136+00:00,103.997220864,0.08597285067873303,0.08597285067873303,0.9999999999976694
F010_PID000000018,18,2019-01-14T01:03:16.002977024+00:00,103.997022976,0.09090909090909091,0.09090909090909091,0.9999999999976694
F010_PID000000018,18,2019-01-14T01:03:16.359352320+00:00,103.64064768,0.08597285067873303,0.08597285067873303,0.9999999999976694
F010_PID000000018,18,2019-01-14T01:03:16.359571200+00:00,103.6404288,0.08108108108108109,0.08108108108108109,0.9999999999976694
F010_PID000000018,18,2019-01-14T01:03:16.359753472+00:00,103.640246528,0.07692307692307693,0.07692307692307693,0.9999999999976694
F010_PID000000018,18,2019-01-14T01:03:16.494247680+00:00,103.50575232,0.08181818181818182,0.08181818181818182,0.9999999999976694
F010_PID000000018,18,2019-01-14T01:03:16.494443264+00:00,103.505556736,0.08597285067873303,0.08597285067873303,0.9999999999976694
F010_PID000000018,18,2019-01-14T01:03:16.494629376+00:00,103.505370624,0.09090909090909091,0.09090909090909091,0.9999999999976694
F010_PID000000018,18,2019-01-14T01:03:16.742699264+00:00,103.257300736,0.08597285067873303,0.08597285067873303,0.9999999999976694
F010_PID000000018,18,2019-01-14T01:03:16.742915072+00:00,103.257084928,0.08181818181818182,0.08181818181818182,0.9999999999976694
F010_PID000000018,18,2019-01-14T01:03:16.742964224+00:00,103.257035776,0.07692307692307693,0.07692307692307693,0.9999999999976694
F010_PID000000018,18,2019-01-14T01:03:16.743145728+00:00,103.256854272,0.07207207207207207,0.07207207207207207,0.9999999999976694
F010_PID000000018,18,2019-01-14T01:03:16.879296+00:00,103.120704,0.07692307692307693,0.07692307692307693,0.9999999999976694
F010_PID000000018,18,2019-01-14T01:03:16.879491328+00:00,103.120508672,0.08108108108108109,0.08108108108108109,0.9999999999976694
F010_PID000000018,18,2019-01-14T01:03:16.880143616+00:00,103.119856384,0.08597285067873303,0.08597285067873303,0.9999999999976694
F010_PID000000018,18,2019-01-14T01:03:16.880325888+00:00,103.119674112,0.09090909090909091,0.09090909090909091,0.9999999999976694
F010_PID000000018,18,2019-01-14T01:03:17.390340352+00:00,102.609659648,0.09502262443438914,0.09502262443438914,0.9999999999976694
F010_PID000000018,18,2019-01-14T01:03:17.390534400+00:00,102.6094656,0.09009009009009009,0.09009009009009009,0.9999999999976694
F010_PID000000018,18,2019-01-14T01:03:17.390736128+00:00,102.609263872,0.08520179372197309,0.08520179372197309,0.9999999999976694
F010_PID000000018,18,2019-01-14T01:03:17.529280768+00:00,102.470719232,0.09009009009009009,0.09009009009009009,0.9999999999976694
F010_PID000000018,18,2019-01-14T01:03:17.529476096+00:00,102.470523904,0.09502262443438914,0.09502262443438914,0.9999999999976694
F010_PID000000018,18,2019-01-14T01:03:17.672304384+00:00,102.327695616,0.09009009009009009,0.09009009009009009,0.9999999999976694
F010_PID000000018,18,2019-01-14T01:03:17.672501760+00:00,102.32749824,0.08597285067873303,0.08597285067873303,0.9999999999976694
F010_PID000000018,18,2019-01-14T01:03:17.672549888+00:00,102.327450112,0.08108108108108109,0.08108108108108109,0.9999999999976694
F010_PID000000018,18,2019-01-14T01:03:17.672741120+00:00,102.32725888,0.07623318385650224,0.07623318385650224,0.9999999999976694
F010_PID000000018,18,2019-01-14T01:03:17.672805888+00:00,102.327194112,0.07207207207207207,0.07207207207207207,0.9999999999976694
F010_PID000000018,18,2019-01-14T01:03:17.809275136+00:00,102.190724864,0.07692307692307693,0.07692307692307693,0.9999999999976694
F010_PID000000018,18,2019-01-14T01:03:17.809467904+00:00,102.190532096,0.08108108108108109,0.08108108108108109,0.9999999999976694
F010_PID000000018,18,2019-01-14T01:03:18.097689856+00:00,101.902310144,0.07623318385650224,0.07623318385650224,0.9999999999976694
F010_PID000000018,18,2019-01-14T01:03:18.097872384+00:00,101.902127616,0.07207207207207207,0.07207207207207207,0.9999999999976694
F010_PID000000018,18,2019-01-14T01:03:18.261266944+00:00,101.738733056,0.07692307692307693,0.07692307692307693,0.9999999999976694
F010_PID000000018,18,2019-01-14T01:03:19.005706496+00:00,100.994293504,0.07692307692307693,0.07692307692307693,0.9999999999976694
F010_PID000000018,18,2019-01-14T01:03:19.005744128+00:00,100.994255872,0.07272727272727272,0.07272727272727272,0.9999999999976694
F010_PID000000018,18,2019-01-14T01:03:19.005887744+00:00,100.994112256,0.06787330316742081,0.06787330316742081,0.9999999999976694
F010_PID000000018,18,2019-01-14T01:03:19.006596608+00:00,100.993403392,0.08035714285714286,0.08035714285714286,0.9999999999976694
F010_PID000000018,18,2019-01-14T01:03:19.006776576+00:00,100.993223424,0.08520179372197309,0.08520179372197309,0.9999999999976694
F010_PID000000018,18,2019-01-14T01:03:19.006839040+00:00,100.99316096,0.08928571428571429,0.08928571428571429,0.9999999999976694
F010_PID000000018,18,2019-01-14T01:03:19.508873984+00:00,100.491126016,0.09333333333333334,0.09333333333333334,0.9999999999976694
F010_PID000000018,18,2019-01-14T01:03:19.534025984+00:00,100.465974016,0.09821428571428571,0.09821428571428571,0.9999999999976694
F010_PID000000018,18,2019-01-14T01:03:19.534662400+00:00,100.4653376,0.1031390134529148,0.1031390134529148,0.9999999999976694
F010_PID000000018,18,2019-01-14T01:03:19.559773184+00:00,100.440226816,0.1031390134529148,0.1031390134529148,0.9999999999976694
F010_PID000000018,18,2019-01-14T01:03:19.564255232+00:00,100.435744768,0.1031390134529148,0.1031390134529148,0.9999999999976694
F010_PID000000018,18,2019-01-14T01:03:19.564263936+00:00,100.435736064,0.1031390134529148,0.1031390134529148,0.9999999999976694
F010_PID000000018,18,2019-01-14T01:03:19.564356864+00:00,100.435643136,-0.008064516129032258,-0.008064516129032258,1.9999999999997797
F010_PID000000018,18,2019-01-14T01:03:19.564549376+00:00,100.435450624,-0.1792452830188679,-0.1792452830188679,1.0000000000021103
F010_PID000000018,18,2019-01-14T01:03:19.564694784+00:00,100.435305216,-0.17370892018779344,-0.17370892018779344,1.0000000000021103
F010_PID000000018,18,2019-01-14T01:03:19.564875776+00:00,100.435124224,-0.17757009345794392,-0.17757009345794392,1.0000000000021103
F010_PID000000018,18,2019-01-14T01:03:19.565077504+00:00,100.434922496,-0.17209302325581396,-0.17209302325581396,1.0000000000021103
F010_PID000000018,18,2019-01-14T01:03:19.565163520+00:00,100.43483648,-0.1559633027522936,-0.1559633027522936,1.0000000000021103
F010_PID000000018,18,2019-01-14T01:03:19.565283328+00:00,100.434716672,-0.16129032258064516,-0.16129032258064516,1.0000000000021103
F010_PID000000018,18,2019-01-14T01:03:19.565365760+00:00,100.43463424,-0.16129032258064516,-0.16129032258064516,1.0000000000021103
F010_PID000000018,18,2019-01-14T01:03:19.565550848+00:00,100.434449152,-0.15348837209302327,-0.15348837209302327,1.0000000000021103
F010_PID000000018,18,2019-01-14T01:03:19.566340352+00:00,100.433659648,-0.16981132075471697,-0.16981132075471697,1.0000000000021103
F010_PID000000018,18,2019-01-14T01:03:19.572376320+00:00,100.42762368,-0.12727272727272726,-0.12727272727272726,1.0000000000021103
F010_PID000000018,18,2019-01-14T01:03:19.573054976+00:00,100.426945024,-0.10714285714285714,-0.10714285714285714,1.0000000000021103
F010_PID000000018,18,2019-01-14T01:03:19.573288192+00:00,100.426711808,-0.08771929824561403,-0.08771929824561403,1.0000000000021103
F010_PID000000018,18,2019-01-14T01:03:19.579448576+00:00,100.420551424,0.06060606060606061,0.06060606060606061,1.9999999999997797
F010_PID000000018,18,2019-01-14T01:03:19.579995904+00:00,100.420004096,0.06060606060606061,0.06060606060606061,1.9999999999997797
F010_PID000000018,18,2019-01-14T01:03:19.580218368+00:00,100.419781632,0.06060606060606061,0.06060606060606061,1.9999999999997797
F010_PID000000018,18,2019-01-14T01:03:19.641004288+00:00,100.358995712,0.046153846153846156,0.046153846153846156,1.9999999999997797
F010_PID000000018,18,2019-01-14T01:03:19.642829568+00:00,100.357170432,-0.11210762331838565,-0.11210762331838565,1.0000000000021103
F010_PID000000018,18,2019-01-14T01:03:19.745799424+00:00,100.254200576,0.046153846153846156,0.046153846153846156,1.9999999999997797
F010_PID000000018,18,2019-01-14T01:03:20.012503296+00:00,99.987496704,0.03125,0.03125,1.9999999999997797
F010_PID000000018,18,2019-01-14T01:03:20.012862976+00:00,99.987137024,0.03125,0.03125,1.9999999999997797
F010_PID000000018,18,2019-01-14T01:03:20.106160640+00:00,99.89383936,0.046153846153846156,0.046153846153846156,1.9999999999997797
F010_PID000000018,18,2019-01-14T01:03:21.823510528+00:00,98.176489472,0.046153846153846156,0.046153846153846156,1.9999999999997797
F010_PID000000018,18,2019-01-14T01:03:21.835018752+00:00,98.164981248,0.046153846153846156,0.046153846153846156,1.9999999999997797
F010_PID000000018,18,2019-01-14T01:03:22.211447040+00:00,97.78855296,0.04980842911877394,0.04980842911877394,1.9999999999997797
F010_PID000000018,18,2019-01-14T01:03:24.318174208+00:00,95.681825792,0.04980842911877394,0.04980842911877394,1.9999999999997797
F010_PID000000018,18,2019-01-14T01:03:24.407970816+00:00,95.592029184,0.04980842911877394,0.04980842911877394,1.9999999999997797
F010_PID000000018,18,2019-01-14T01:03:24.744449280+00:00,95.25555072,0.06614785992217899,0.06614785992217899,1.9999999999997797
F010_PID000000018,18,2019-01-14T01:03:24.744490496+00:00,95.255509504,0.08045977011494253,0.08045977011494253,1.9999999999997797
F010_PID000000018,18,2019-01-14T01:03:24.744550400+00:00,95.2554496,0.09727626459143969,0.09727626459143969,1.9999999999997797
F010_PID000000018,18,2019-01-14T01:03:24.744722688+00:00,95.255277312,-0.05454545454545454,-0.05454545454545454,1.0000000000021103
F010_PID000000018,18,2019-01-14T01:03:24.744806656+00:00,95.255193344,-0.058823529411764705,-0.058823529411764705,1.0000000000021103
F010_PID000000018,18,2019-01-14T01:03:24.744869376+00:00,95.255130624,-0.05405405405405406,-0.05405405405405406,1.0000000000021103
F010_PID000000018,18,2019-01-14T01:03:24.745165824+00:00,95.254834176,-0.058823529411764705,-0.058823529411764705,1.0000000000021103
F010_PID000000018,18,2019-01-14T01:03:24.745425664+00:00,95.254574336,0.09302325581395349,0.09302325581395349,1.9999999999997797
F010_PID000000018,18,2019-01-14T01:03:26.005072384+00:00,93.994927616,0.09302325581395349,0.09302325581395349,1.9999999999997797
F010_PID000000018,18,2019-01-14T01:03:26.005601792+00:00,93.994398208,0.09652509652509653,0.09652509652509653,1.9999999999997797
F010_PID000000018,18,2019-01-14T01:03:27.338783232+00:00,92.661216768,0.09230769230769231,0.09230769230769231,1.9999999999997797
F010_PID000000018,18,2019-01-14T01:03:28.106898944+00:00,91.893101056,0.09578544061302682,0.09578544061302682,1.9999999999997797
F010_PID000000018,18,2019-01-14T01:03:30.470030592+00:00,89.529969408,-0.05829596412556054,-0.05829596412556054,1.0000000000021103
F010_PID000000018,18,2019-01-14T01:03:30.470784768+00:00,89.529215232,-0.05829596412556054,-0.05829596412556054,1.0000000000021103
F010_PID000000018,18,2019-01-14T01:03:30.618887424+00:00,89.381112576,-0.06306306306306306,-0.06306306306306306,1.0000000000021103
F010_PID000000018,18,2019-01-14T01:03:32.446857216+00:00,87.553142784,-0.05829596412556054,-0.05829596412556054,1.0000000000021103
F010_PID000000018,18,2019-01-14T01:03:33.239599616+00:00,86.760400384,-0.05829596412556054,-0.05829596412556054,1.0000000000021103
F010_PID000000018,18,2019-01-14T01:03:33.244884992+00:00,86.755115008,-0.05357142857142857,-0.05357142857142857,1.0000000000021103
F010_PID000000018,18,2019-01-14T01:03:34.277148672+00:00,85.722851328,-0.04888888888888889,-0.04888888888888889,1.0000000000021103
F010_PID000000018,18,2019-01-14T01:03:34.542735104+00:00,85.457264896,-0.05357142857142857,-0.05357142857142857,1.0000000000021103
F010_PID000000018,18,2019-01-14T01:03:35.533929472+00:00,84.466070528,-0.04888888888888889,-0.04888888888888889,1.0000000000021103
F010_PID000000018,18,2019-01-14T01:03:37.165892608+00:00,82.834107392,-0.04888888888888889,-0.04888888888888889,1.0000000000021103
F010_PID000000018,18,2019-01-14T01:03:37.524409856+00:00,82.475590144,-0.04424778761061947,-0.04424778761061947,1.0000000000021103
F010_PID000000018,18,2019-01-14T01:03:40.051662592+00:00,79.948337408,-0.04424778761061947,-0.04424778761061947,1.0000000000021103
F010_PID000000018,18,2019-01-14T01:03:40.609694720+00:00,79.39030528,-0.04424778761061947,-0.04424778761061947,1.0000000000021103
F010_PID000000018,18,2019-01-14T01:03:41.052330496+00:00,78.947669504,-0.04,-0.04,1.0000000000021103
F010_PID000000018,18,2019-01-14T01:03:41.052789504+00:00,78.947210496,-0.03139013452914798,-0.03139013452914798,1.0000000000021103
F010_PID000000018,18,2019-01-14T01:03:41.334016768+00:00,78.665983232,-0.03139013452914798,-0.03139013452914798,1.0000000000021103
F010_PID000000018,18,2019-01-14T01:03:41.334079232+00:00,78.665920768,-0.036036036036036036,-0.036036036036036036,1.0000000000021103
F010_PID000000018,18,2019-01-14T01:03:41.334964224+00:00,78.665035776,-0.03139013452914798,-0.03139013452914798,1.0000000000021103
F010_PID000000018,18,2019-01-14T01:03:41.429399808+00:00,78.570600192,-0.03139013452914798,-0.03139013452914798,1.0000000000021103
F010_PID000000018,18,2019-01-14T01:03:41.442548480+00:00,78.55745152,-0.03139013452914798,-0.03139013452914798,1.0000000000021103
F010_PID000000018,18,2019-01-14T01:03:41.442738688+00:00,78.557261312,-0.026785714285714284,-0.026785714285714284,1.0000000000021103
F010_PID000000018,18,2019-01-14T01:03:41.442943744+00:00,78.557056256,-0.02242152466367713,-0.02242152466367713,1.0000000000021103
F010_PID000000018,18,2019-01-14T01:03:41.443131136+00:00,78.556868864,-0.018018018018018018,-0.018018018018018018,1.0000000000021103
F010_PID000000018,18,2019-01-14T01:03:41.443331072+00:00,78.556668928,-0.013574660633484163,-0.013574660633484163,1.0000000000021103
F010_PID000000018,18,2019-01-14T01:03:41.443394304+00:00,78.556605696,-0.00909090909090909,-0.00909090909090909,1.0000000000021103
F010_PID000000018,18,2019-01-14T01:03:41.443458304+00:00,78.556541696,-0.0045662100456621,-0.0045662100456621,1.0000000000021103
F010_PID000000018,18,2019-01-14T01:03:41.443594240+00:00,78.55640576,0.0,0.0,1.0000000000021103
F010_PID000000018,18,2019-01-14T01:03:41.443739392+00:00,78.556260608,0.004608294930875576,0.004608294930875576,1.0000000000021103
F010_PID000000018,18,2019-01-14T01:03:41.444114432+00:00,78.555885568,0.009174311926605505,0.009174311926605505,1.0000000000021103
F010_PID000000018,18,2019-01-14T01:03:41.444161792+00:00,78.555838208,0.009174311926605505,0.009174311926605505,1.0000000000021103
F010_PID000000018,18,2019-01-14T01:03:41.444161792+00:00,78.555838208,-0.09836065573770492,-0.09836065573770492,1.9999999999997797
F010_PID000000018,18,2019-01-14T01:03:41.444272384+00:00,78.555727616,-0.09387755102040816,-0.09387755102040816,1.9999999999997797
F010_PID000000018,18,2019-01-14T01:03:41.444385536+00:00,78.555614464,-0.0975609756097561,-0.0975609756097561,1.9999999999997797
F010_PID000000018,18,2019-01-14T01:03:41.444403456+00:00,78.555596544,-0.0975609756097561,-0.0975609756097561,1.9999999999997797
F010_PID000000018,18,2019-01-14T01:03:41.444441088+00:00,78.555558912,-0.0975609756097561,-0.0975609756097561,1.9999999999997797
F010_PID000000018,18,2019-01-14T01:03:41.444493056+00:00,78.555506944,-0.08264462809917356,-0.08264462809917356,1.9999999999997797
F010_PID000000018,18,2019-01-14T01:03:41.444616192+00:00,78.555383808,-0.07818930041152264,-0.07818930041152264,1.9999999999997797
F010_PID000000018,18,2019-01-14T01:03:41.444656384+00:00,78.555343616,-0.0743801652892562,-0.0743801652892562,1.9999999999997797
F010_PID000000018,18,2019-01-14T01:03:41.453479168+00:00,78.546520832,-0.16591928251121077,-0.16591928251121077,0.9999999999976694
F010_PID000000018,18,2019-01-14T01:03:41.453701888+00:00,78.546298112,-0.16591928251121077,-0.16591928251121077,0.9999999999976694
F010_PID000000018,18,2019-01-14T01:03:41.453879040+00:00,78.54612096,-0.15555555555555556,-0.15555555555555556,0.9999999999976694
F010_PID000000018,18,2019-01-14T01:03:41.454202112+00:00,78.545797888,-0.16071428571428573,-0.16071428571428573,0.9999999999976694
F010_PID000000018,18,2019-01-14T01:03:41.455159040+00:00,78.54484096,-0.16071428571428573,-0.16071428571428573,0.9999999999976694
F010_PID000000018,18,2019-01-14T01:03:41.462194432+00:00,78.537805568,-0.14035087719298245,-0.14035087719298245,0.9999999999976694
F010_PID000000018,18,2019-01-14T01:03:41.463576064+00:00,78.536423936,-0.1016949152542373,-0.1016949152542373,0.9999999999976694
F010_PID000000018,18,2019-01-14T01:03:41.469263360+00:00,78.53073664,-0.08333333333333333,-0.08333333333333333,0.9999999999976694
F010_PID000000018,18,2019-01-14T01:03:41.472649216+00:00,78.527350784,-0.05172413793103448,-0.05172413793103448,0.9999999999976694
F010_PID000000018,18,2019-01-14T01:03:41.472891904+00:00,78.527108096,-0.03508771929824561,-0.03508771929824561,0.9999999999976694
F010_PID000000018,18,2019-01-14T01:03:41.473211392+00:00,78.526788608,-0.03508771929824561,-0.03508771929824561,0.9999999999976694
F010_PID000000018,18,2019-01-14T01:03:41.574916608+00:00,78.425083392,0.0,0.0,0.9999999999976694
F010_PID000000018,18,2019-01-14T01:03:41.585616640+00:00,78.41438336,0.004524886877828055,0.004524886877828055,0.9999999999976694
F010_PID000000018,18,2019-01-14T01:03:42.961368064+00:00,77.038631936,0.004524886877828055,0.004524886877828055,0.9999999999976694
F010_PID000000018,18,2019-01-14T01:03:43.261367296+00:00,76.738632704,0.004524886877828055,0.004524886877828055,0.9999999999976694
F010_PID000000018,18,2019-01-14T01:03:43.652243968+00:00,76.347756032,0.004524886877828055,0.004524886877828055,0.9999999999976694
F010_PID000000018,18,2019-01-14T01:03:44.043082240+00:00,75.95691776,0.009009009009009009,0.009009009009009009,0.9999999999976694
F010_PID000000018,18,2019-01-14T01:03:44.338935552+00:00,75.661064448,0.009009009009009009,0.009009009009009009,0.9999999999976694
F010_PID000000018,18,2019-01-14T01:03:44.338949632+00:00,75.661050368,0.013574660633484163,0.013574660633484163,0.9999999999976694
F010_PID000000018,18,2019-01-14T01:03:44.339138304+00:00,75.660861696,0.018018018018018018,0.018018018018018018,0.9999999999976694
F010_PID000000018,18,2019-01-14T01:03:44.339194624+00:00,75.660805376,0.013452914798206279,0.013452914798206279,0.9999999999976694
F010_PID000000018,18,2019-01-14T01:03:44.339285248+00:00,75.660714752,0.009009009009009009,0.009009009009009009,0.9999999999976694
F010_PID000000018,18,2019-01-14T01:03:44.339607296+00:00,75.660392704,0.01818181818181818,0.01818181818181818,0.9999999999976694
F010_PID000000018,18,2019-01-14T01:03:44.339667456+00:00,75.660332544,0.0228310502283105,0.0228310502283105,0.9999999999976694
F010_PID000000018,18,2019-01-14T01:03:47.428188928+00:00,72.571811072,0.02727272727272727,0.02727272727272727,0.9999999999976694
F010_PID000000018,18,2019-01-14T01:03:47.481775872+00:00,72.518224128,0.02262443438914027,0.02262443438914027,0.9999999999976694
F010_PID000000018,18,2019-01-14T01:03:48.056162816+00:00,71.943837184,0.02262443438914027,0.02262443438914027,0.9999999999976694
F010_PID000000018,18,2019-01-14T01:03:48.439703552+00:00,71.560296448,0.02262443438914027,0.02262443438914027,0.9999999999976694
F010_PID000000018,18,2019-01-14T01:03:53.333682688+00:00,66.666317312,0.02262443438914027,0.02262443438914027,0.9999999999976694
F010_PID000000018,18,2019-01-14T01:03:53.333767168+00:00,66.666232832,0.22641509433962265,0.22641509433962265,1.0000000000021103
F010_PID000000018,18,2019-01-14T01:03:53.334031104+00:00,66.665968896,0.22641509433962265,0.22641509433962265,1.0000000000021103
F010_PID000000018,18,2019-01-14T01:03:53.334062336+00:00,66.665937664,0.22641509433962265,0.22641509433962265,1.0000000000021103
F010_PID000000018,18,2019-01-14T01:03:53.335206400+00:00,66.6647936,0.22641509433962265,0.22641509433962265,1.0000000000021103
F010_PID000000018,18,2019-01-14T01:03:53.335270912+00:00,66.664729088,0.09243697478991597,0.09243697478991597,1.9999999999997797
F010_PID000000018,18,2019-01-14T01:03:53.335305216+00:00,66.664694784,0.09623430962343096,0.09623430962343096,1.9999999999997797
F010_PID000000018,18,2019-01-14T01:03:53.335424+00:00,66.664576,0.01818181818181818,0.01818181818181818,0.9999999999976694
F010_PID000000018,18,2019-01-14T01:03:53.335559168+00:00,66.664440832,0.01818181818181818,0.01818181818181818,0.9999999999976694
F010_PID000000018,18,2019-01-14T01:03:53.335590656+00:00,66.664409344,0.01818181818181818,0.01818181818181818,0.9999999999976694
F010_PID000000018,18,2019-01-14T01:03:53.335949056+00:00,66.664050944,0.04,0.04,0.9999999999976694
F010_PID000000018,18,2019-01-14T01:03:53.338614784+00:00,66.661385216,0.004291845493562232,0.004291845493562232,0.9999999999976694
F010_PID000000018,18,2019-01-14T01:03:53.347578112+00:00,66.652421888,0.03734439834024896,0.03734439834024896,0.9999999999976694
F010_PID000000018,18,2019-01-14T01:03:53.358537984+00:00,66.641462016,0.004291845493562232,0.004291845493562232,0.9999999999976694
F010_PID000000018,18,2019-01-14T01:03:53.401023744+00:00,66.598976256,0.04,0.04,0.9999999999976694
F010_PID000000018,18,2019-01-14T01:03:53.408677632+00:00,66.591322368,0.004291845493562232,0.004291845493562232,0.9999999999976694
F010_PID000000018,18,2019-01-14T01:03:53.471007488+00:00,66.528992512,0.04,0.04,0.9999999999976694
F010_PID000000018,18,2019-01-14T01:03:53.499256832+00:00,66.500743168,0.044642857142857144,0.044642857142857144,0.9999999999976694
F010_PID000000018,18,2019-01-14T01:03:53.499315712+00:00,66.500684288,0.04888888888888889,0.04888888888888889,0.9999999999976694
F010_PID000000018,18,2019-01-14T01:03:53.499455232+00:00,66.500544768,0.04424778761061947,0.04424778761061947,0.9999999999976694
F010_PID000000018,18,2019-01-14T01:03:53.499579136+00:00,66.500420864,0.04888888888888889,0.04888888888888889,0.9999999999976694
F010_PID000000018,18,2019-01-14T01:03:53.499756544+00:00,66.500243456,0.04424778761061947,0.04424778761061947,0.9999999999976694
F010_PID000000018,18,2019-01-14T01:03:53.499935744+00:00,66.500064256,0.04,0.04,0.9999999999976694
F010_PID000000018,18,2019-01-14T01:03:53.517756160+00:00,66.48224384,0.03571428571428571,0.03571428571428571,0.9999999999976694
F010_PID000000018,18,2019-01-14T01:03:55.297420800+00:00,64.7025792,0.04,0.04,0.9999999999976694
F010_PID000000018,18,2019-01-14T01:03:57.446314496+00:00,62.553685504,0.04,0.04,0.9999999999976694
F010_PID000000018,18,2019-01-14T01:03:57.446705920+00:00,62.55329408,0.04,0.04,0.9999999999976694
F010_PID000000018,18,2019-01-14T01:03:57.446886656+00:00,62.553113344,0.04424778761061947,0.04424778761061947,0.9999999999976694
F010_PID000000018,18,2019-01-14T01:03:57.446947584+00:00,62.553052416,0.048458149779735685,0.048458149779735685,0.9999999999976694
F010_PID000000018,18,2019-01-14T01:03:57.447204096+00:00,62.552795904,0.05263157894736842,0.05263157894736842,0.9999999999976694
F010_PID000000018,18,2019-01-14T01:03:57.447494912+00:00,62.552505088,0.05263157894736842,0.05263157894736842,0.9999999999976694
F010_PID000000018,18,2019-01-14T01:03:57.452675584+00:00,62.547324416,0.05263157894736842,0.05263157894736842,0.9999999999976694
F010_PID000000018,18,2019-01-14T01:03:57.452918272+00:00,62.547081728,0.05726872246696035,0.05726872246696035,0.9999999999976694
F010_PID000000018,18,2019-01-14T01:03:57.453123328+00:00,62.546876672,0.061946902654867256,0.061946902654867256,0.9999999999976694
F010_PID000000018,18,2019-01-14T01:03:57.453184512+00:00,62.546815488,0.06666666666666667,0.06666666666666667,0.9999999999976694
F010_PID000000018,18,2019-01-14T01:03:57.453369344+00:00,62.546630656,0.07142857142857142,0.07142857142857142,0.9999999999976694
F010_PID000000018,18,2019-01-14T01:03:57.453433088+00:00,62.546566912,0.07623318385650224,0.07623318385650224,0.9999999999976694
F010_PID000000018,18,2019-01-14T01:03:57.453522432+00:00,62.546477568,0.08108108108108109,0.08108108108108109,0.9999999999976694
F010_PID000000018,18,2019-01-14T01:03:57.457916416+00:00,62.542083584,0.08108108108108109,0.08108108108108109,0.9999999999976694
F010_PID000000018,18,2019-01-14T01:03:57.457978112+00:00,62.542021888,0.08108108108108109,0.08108108108108109,0.9999999999976694
F010_PID000000018,18,2019-01-14T01:03:57.458164224+00:00,62.541835776,0.07623318385650224,0.07623318385650224,0.9999999999976694
F010_PID000000018,18,2019-01-14T01:03:57.458764032+00:00,62.541235968,0.07623318385650224,0.07623318385650224,0.9999999999976694
F010_PID000000018,18,2019-01-14T01:03:57.458893312+00:00,62.541106688,0.07623318385650224,0.07623318385650224,0.9999999999976694
F010_PID000000018,18,2019-01-14T01:03:57.459919872+00:00,62.540080128,0.07623318385650224,0.07623318385650224,0.9999999999976694
F010_PID000000018,18,2019-01-14T01:03:57.460104192+00:00,62.539895808,0.07623318385650224,0.07623318385650224,0.9999999999976694
F010_PID000000018,18,2019-01-14T01:03:57.460559360+00:00,62.53944064,0.07623318385650224,0.07623318385650224,0.9999999999976694
F010_PID000000018,18,2019-01-14T01:03:57.460765952+00:00,62.539234048,0.07623318385650224,0.07623318385650224,0.9999999999976694
F010_PID000000018,18,2019-01-14T01:03:57.466246912+00:00,62.533753088,0.08108108108108109,0.08108108108108109,0.9999999999976694
F010_PID000000018,18,2019-01-14T01:03:57.469659648+00:00,62.530340352,0.08108108108108109,0.08108108108108109,0.9999999999976694
F010_PID000000018,18,2019-01-14T01:03:57.469851904+00:00,62.530148096,0.08108108108108109,0.08108108108108109,0.9999999999976694
F010_PID000000018,18,2019-01-14T01:03:57.470032896+00:00,62.529967104,0.08520179372197309,0.08520179372197309,0.9999999999976694
F010_PID000000018,18,2019-01-14T01:03:57.490640128+00:00,62.509359872,0.08520179372197309,0.08520179372197309,0.9999999999976694
F010_PID000000018,18,2019-01-14T01:03:57.490763520+00:00,62.50923648,0.08520179372197309,0.08520179372197309,0.9999999999976694
F010_PID000000018,18,2019-01-14T01:03:57.502281984+00:00,62.497718016,0.08520179372197309,0.08520179372197309,0.9999999999976694
F010_PID000000018,18,2019-01-14T01:03:57.502383104+00:00,62.497616896,0.08520179372197309,0.08520179372197309,0.9999999999976694
F010_PID000000018,18,2019-01-14T01:03:57.513952768+00:00,62.486047232,0.08520179372197309,0.08520179372197309,0.9999999999976694
F010_PID000000018,18,2019-01-14T01:03:57.514058496+00:00,62.485941504,0.08520179372197309,0.08520179372197309,0.9999999999976694
F010_PID000000018,18,2019-01-14T01:03:57.649907712+00:00,62.350092288,0.08520179372197309,0.08520179372197309,0.9999999999976694
F010_PID000000018,18,2019-01-14T01:03:59.582734336+00:00,60.417265664,0.08520179372197309,0.08520179372197309,0.9999999999976694
F010_PID000000018,18,2019-01-14T01:03:59.582759936+00:00,60.417240064,0.09009009009009009,0.09009009009009009,0.9999999999976694
F010_PID000000018,18,2019-01-14T01:03:59.583374336+00:00,60.416625664,0.09417040358744394,0.09417040358744394,0.9999999999976694
F010_PID000000018,18,2019-01-14T01:03:59.595094528+00:00,60.404905472,0.12554112554112554,0.12554112554112554,0.9999999999976694
F010_PID000000018,18,2019-01-14T01:03:59.747894784+00:00,60.252105216,0.12554112554112554,0.12554112554112554,0.9999999999976694
F010_PID000000018,18,2019-01-14T01:03:59.747960320+00:00,60.25203968,-0.06474820143884892,-0.06474820143884892,1.9999999999997797
F010_PID000000018,18,2019-01-14T01:03:59.748185856+00:00,60.251814144,-0.051094890510948905,-0.051094890510948905,1.9999999999997797
F010_PID000000018,18,2019-01-14T01:03:59.748256256+00:00,60.251743744,-0.037037037037037035,-0.037037037037037035,1.9999999999997797
F010_PID000000018,18,2019-01-14T01:03:59.748308736+00:00,60.251691264,-0.04059040590405904,-0.04059040590405904,1.9999999999997797
F010_PID000000018,18,2019-01-14T01:04:00.054794752+00:00,59.945205248,-0.04059040590405904,-0.04059040590405904,1.9999999999997797
F010_PID000000018,18,2019-01-14T01:04:00.641139456+00:00,59.358860544,-0.04059040590405904,-0.04059040590405904,1.9999999999997797
F010_PID000000018,18,2019-01-14T01:04:02.054470144+00:00,57.945529856,-0.04059040590405904,-0.04059040590405904,1.9999999999997797
F010_PID000000018,18,2019-01-14T01:04:03.352215552+00:00,56.647784448,-0.04059040590405904,-0.04059040590405904,1.9999999999997797
F010_PID000000018,18,2019-01-14T01:04:03.842840064+00:00,56.157159936,-0.04059040590405904,-0.04059040590405904,1.9999999999997797
F010_PID000000018,18,2019-01-14T01:04:05.269322496+00:00,54.730677504,-0.04059040590405904,-0.04059040590405904,1.9999999999997797
F010_PID000000018,18,2019-01-14T01:04:06.615604480+00:00,53.38439552,-0.04059040590405904,-0.04059040590405904,1.9999999999997797
F010_PID000000018,18,2019-01-14T01:04:06.902915072+00:00,53.097084928,-0.19491525423728814,-0.19491525423728814,1.0000000000021103
F010_PID000000018,18,2019-01-14T01:04:06.903429632+00:00,53.096570368,-0.18487394957983194,-0.18487394957983194,1.0000000000021103
F010_PID000000018,18,2019-01-14T01:04:06.911418880+00:00,53.08858112,-0.1652892561983471,-0.1652892561983471,1.0000000000021103
F010_PID000000018,18,2019-01-14T01:04:07.546435840+00:00,52.45356416,-0.16049382716049382,-0.16049382716049382,1.0000000000021103
F010_PID000000018,18,2019-01-14T01:04:09.793694208+00:00,50.206305792,-0.1417004048582996,-0.1417004048582996,1.0000000000021103
F010_PID000000018,18,2019-01-14T01:04:10.490838784+00:00,49.509161216,-0.1417004048582996,-0.1417004048582996,1.0000000000021103
F010_PID000000018,18,2019-01-14T01:04:11.957616640+00:00,48.04238336,-0.1417004048582996,-0.1417004048582996,1.0000000000021103
F010_PID000000018,18,2019-01-14T01:04:16.209885952+00:00,43.790114048,-0.1417004048582996,-0.1417004048582996,1.0000000000021103
F010_PID000000018,18,2019-01-14T01:04:16.616340224+00:00,43.383659776,-0.1417004048582996,-0.1417004048582996,1.0000000000021103
F010_PID000000018,18,2019-01-14T01:04:16.618106880+00:00,43.38189312,-0.1417004048582996,-0.1417004048582996,1.0000000000021103
F010_PID000000018,18,2019-01-14T01:04:17.473567744+00:00,42.526432256,-0.13709677419354838,-0.13709677419354838,1.0000000000021103
F010_PID000000018,18,2019-01-14T01:04:18.017963776+00:00,41.982036224,-0.13709677419354838,-0.13709677419354838,1.0000000000021103
F010_PID000000018,18,2019-01-14T01:04:22.058353664+00:00,37.941646336,-0.16049382716049382,-0.16049382716049382,1.0000000000021103
F010_PID000000018,18,2019-01-14T01:04:22.486141440+00:00,37.51385856,-0.16049382716049382,-0.16049382716049382,1.0000000000021103
F010_PID000000018,18,2019-01-14T01:04:22.486239744+00:00,37.513760256,-0.014388489208633094,-0.014388489208633094,1.9999999999997797
F010_PID000000018,18,2019-01-14T01:04:22.486409728+00:00,37.513590272,0.1810344827586207,0.1810344827586207,0.9999999999976694
F010_PID000000018,18,2019-01-14T01:04:22.486640640+00:00,37.51335936,0.16101694915254236,0.16101694915254236,0.9999999999976694
F010_PID000000018,18,2019-01-14T01:04:22.494523904+00:00,37.505476096,0.14655172413793102,0.14655172413793102,0.9999999999976694
F010_PID000000018,18,2019-01-14T01:04:28.646037248+00:00,31.353962752,0.14655172413793102,0.14655172413793102,0.9999999999976694
F010_PID000000018,18,2019-01-14T01:04:28.714640128+00:00,31.285359872,0.14655172413793102,0.14655172413793102,0.9999999999976694
F010_PID000000018,18,2019-01-14T01:04:28.714854144+00:00,31.285145856,-0.04316546762589928,-0.04316546762589928,1.9999999999997797
F010_PID000000018,18,2019-01-14T01:04:28.715124736+00:00,31.284875264,-0.029197080291970802,-0.029197080291970802,1.9999999999997797
F010_PID000000018,18,2019-01-14T01:04:30.048087040+00:00,29.95191296,-0.029197080291970802,-0.029197080291970802,1.9999999999997797
F010_PID000000018,18,2019-01-14T01:04:30.099031296+00:00,29.900968704,-0.029197080291970802,-0.029197080291970802,1.9999999999997797
F010_PID000000018,18,2019-01-14T01:04:30.099045376+00:00,29.900954624,-0.03296703296703297,-0.03296703296703297,1.9999999999997797
F010_PID000000018,18,2019-01-14T01:04:30.099259136+00:00,29.900740864,0.16299559471365638,0.16299559471365638,0.9999999999976694
F010_PID000000018,18,2019-01-14T01:04:30.099297536+00:00,29.900702464,0.16666666666666666,0.16666666666666666,0.9999999999976694
F010_PID000000018,18,2019-01-14T01:04:30.099474688+00:00,29.900525312,0.14655172413793102,0.14655172413793102,0.9999999999976694
F010_PID000000018,18,2019-01-14T01:04:32.486192128+00:00,27.513807872,0.15021459227467812,0.15021459227467812,0.9999999999976694
F010_PID000000018,18,2019-01-14T01:04:33.272010240+00:00,26.72798976,0.14655172413793102,0.14655172413793102,0.9999999999976694
F010_PID000000018,18,2019-01-14T01:04:33.777207808+00:00,26.222792192,0.13675213675213677,0.13675213675213677,0.9999999999976694
F010_PID000000018,18,2019-01-14T01:04:34.237888256+00:00,25.762111744,0.1271186440677966,0.1271186440677966,0.9999999999976694
F010_PID000000018,18,2019-01-14T01:04:34.572415488+00:00,25.427584512,0.13675213675213677,0.13675213675213677,0.9999999999976694
F010_PID000000018,18,2019-01-14T01:04:35.713897984+00:00,24.286102016,0.13675213675213677,0.13675213675213677,0.9999999999976694
F010_PID000000018,18,2019-01-14T01:04:35.713921024+00:00,24.286078976,0.13304721030042918,0.13304721030042918,0.9999999999976694
F010_PID000000018,18,2019-01-14T01:04:35.714113280+00:00,24.28588672,0.1282051282051282,0.1282051282051282,0.9999999999976694
F010_PID000000018,18,2019-01-14T01:04:35.714185472+00:00,24.285814528,0.12340425531914893,0.12340425531914893,0.9999999999976694
F010_PID000000018,18,2019-01-14T01:04:35.714372352+00:00,24.285627648,0.11965811965811966,0.11965811965811966,0.9999999999976694
F010_PID000000018,18,2019-01-14T01:04:35.725018624+00:00,24.274981376,0.12446351931330472,0.12446351931330472,0.9999999999976694
F010_PID000000018,18,2019-01-14T01:04:35.725186560+00:00,24.27481344,0.12931034482758622,0.12931034482758622,0.9999999999976694
F010_PID000000018,18,2019-01-14T01:04:35.725363456+00:00,24.274636544,0.13304721030042918,0.13304721030042918,0.9999999999976694
F010_PID000000018,18,2019-01-14T01:04:35.725562368+00:00,24.274437632,0.11790393013100436,0.11790393013100436,0.9999999999976694
F010_PID000000018,18,2019-01-14T01:04:35.725747712+00:00,24.274252288,0.12173913043478261,0.12173913043478261,0.9999999999976694
F010_PID000000018,18,2019-01-14T01:04:39.165030656+00:00,20.834969344,0.12173913043478261,0.12173913043478261,0.9999999999976694
F010_PID000000018,18,2019-01-14T01:04:44.220488704+00:00,15.779511296,0.11790393013100436,0.11790393013100436,0.9999999999976694
F010_PID000000018,18,2019-01-14T01:04:45.953224704+00:00,14.046775296,0.11790393013100436,0.11790393013100436,0.9999999999976694
F010_PID000000018,18,2019-01-14T01:04:45.953383680+00:00,14.04661632,0.11790393013100436,0.11790393013100436,0.9999999999976694
F010_PID000000018,18,2019-01-14T01:04:45.953444352+00:00,14.046555648,0.12173913043478261,0.12173913043478261,0.9999999999976694
F010_PID000000018,18,2019-01-14T01:04:46.834307584+00:00,13.165692416,0.12173913043478261,0.12173913043478261,0.9999999999976694
F010_PID000000018,18,2019-01-14T01:04:48.143346944+00:00,11.856653056,0.12554112554112554,0.12554112554112554,0.9999999999976694
F010_PID000000018,18,2019-01-14T01:04:48.143548928+00:00,11.856451072,0.12173913043478261,0.12173913043478261,0.9999999999976694
F010_PID000000018,18,2019-01-14T01:04:48.488850944+00:00,11.511149056,0.12173913043478261,0.12173913043478261,0.9999999999976694
F010_PID000000018,18,2019-01-14T01:04:50.767265024+00:00,9.232734976,0.12554112554112554,0.12554112554112554,0.9999999999976694
F010_PID000000018,18,2019-01-14T01:04:51.635720960+00:00,8.36427904,0.12554112554112554,0.12554112554112554,0.9999999999976694
F010_PID000000018,18,2019-01-14T01:04:51.983767808+00:00,8.016232192,0.12931034482758622,0.12931034482758622,0.9999999999976694
F010_PID000000018,18,2019-01-14T01:04:52.948707584+00:00,7.051292416,0.13304721030042918,0.13304721030042918,0.9999999999976694
F010_PID000000018,18,2019-01-14T01:04:52.961523712+00:00,7.038476288,0.12931034482758622,0.12931034482758622,0.9999999999976694
F010_PID000000018,18,2019-01-14T01:04:57.244396800+00:00,2.7556032,0.12931034482758622,0.12931034482758622,0.9999999999976694
F010_PID000000018,18,2019-01-14T01:04:57.244610816+00:00,2.755389184,-0.1836734693877551,-0.1836734693877551,1.0000000000021103
F010_PID000000018,18,2019-01-14T01:04:57.244779008+00:00,2.755220992,-0.1836734693877551,-0.1836734693877551,1.0000000000021103
F010_PID000000018,18,2019-01-14T01:04:57.244840192+00:00,2.755159808,-0.1885245901639344,-0.1885245901639344,1.0000000000021103
F010_PID000000018,18,2019-01-14T01:04:57.244882688+00:00,2.755117312,-0.1836734693877551,-0.1836734693877551,1.0000000000021103
F010_PID000000018,18,2019-01-14T01:04:57.245008896+00:00,2.754991104,-0.17408906882591094,-0.17408906882591094,1.0000000000021103
F010_PID000000018,18,2019-01-14T01:04:57.245087488+00:00,2.754912512,-0.16049382716049382,-0.16049382716049382,1.0000000000021103
F010_PID000000018,18,2019-01-14T01:04:57.245115648+00:00,2.754884352,-0.14634146341463414,-0.14634146341463414,1.0000000000021103
F010_PID000000018,18,2019-01-14T01:04:57.245149696+00:00,2.754850304,-0.1417004048582996,-0.1417004048582996,1.0000000000021103
F010_PID000000018,18,2019-01-14T01:04:57.245399552+00:00,2.754600448,-0.13821138211382114,-0.13821138211382114,1.0000000000021103
F010_PID000000018,18,2019-01-14T01:04:57.245623808+00:00,2.754376192,-0.13360323886639677,-0.13360323886639677,1.0000000000021103
F010_PID000000018,18,2019-01-14T01:04:57.252936192+00:00,2.747063808,-0.11553784860557768,-0.11553784860557768,1.0000000000021103
F010_PID000000018,18,2019-01-14T01:04:57.252954624+00:00,2.747045376,-0.09803921568627451,-0.09803921568627451,1.0000000000021103
F010_PID000000018,18,2019-01-14T01:04:57.259609856+00:00,2.740390144,-0.1067193675889328,-0.1067193675889328,1.0000000000021103
F010_PID000000018,18,2019-01-14T01:04:57.259789312+00:00,2.740210688,-0.1111111111111111,-0.1111111111111111,1.0000000000021103
F010_PID000000018,18,2019-01-14T01:04:57.304665344+00:00,2.695334656,0.014084507042253521,0.014084507042253521,1.9999999999997797
F010_PID000000018,18,2019-01-14T01:04:57.304883968+00:00,2.695116032,-0.12449799196787148,-0.12449799196787148,1.0000000000021103
F010_PID000000018,18,2019-01-14T01:04:57.304948992+00:00,2.695051008,-0.128,-0.128,1.0000000000021103
F010_PID000000018,18,2019-01-14T01:04:57.305153792+00:00,2.694846208,-0.12449799196787148,-0.12449799196787148,1.0000000000021103
F010_PID000000018,18,2019-01-14T01:04:57.305349120+00:00,2.69465088,-0.128,-0.128,1.0000000000021103
F010_PID000000018,18,2019-01-14T01:04:57.352852480+00:00,2.64714752,0.010526315789473684,0.010526315789473684,1.9999999999997797
F010_PID000000018,18,2019-01-14T01:04:58.502933504+00:00,1.497066496,0.010526315789473684,0.010526315789473684,1.9999999999997797
F011_PID000000174,174,2019-05-09T00:08:02.299687168+00:00,117.700312832,0.03178484107579462,-0.03178484107579462,0.9999999999976694
F011_PID000000174,174,2019-05-09T00:08:02.444320256+00:00,117.555679744,0.03178484107579462,-0.03178484107579462,0.9999999999976694
F011_PID000000174,174,2019-05-09T00:08:02.444613632+00:00,117.555386368,0.03178484107579462,-0.03178484107579462,0.9999999999976694
F011_PID000000174,174,2019-05-09T00:08:04.989040128+00:00,115.010959872,0.02926829268292683,-0.02926829268292683,0.9999999999976694
F011_PID000000174,174,2019-05-09T00:08:06.686869504+00:00,113.313130496,0.01728395061728395,-0.01728395061728395,0.9999999999976694
F011_PID000000174,174,2019-05-09T00:08:06.687151104+00:00,113.312848896,0.0024330900243309003,-0.0024330900243309003,0.9999999999976694
F011_PID000000174,174,2019-05-09T00:08:06.687251968+00:00,113.312748032,-0.007371007371007371,0.007371007371007371,0.9999999999976694
F011_PID000000174,174,2019-05-09T00:08:06.687961600+00:00,113.3120384,-0.009852216748768473,0.009852216748768473,0.9999999999976694
F011_PID000000174,174,2019-05-09T00:08:06.688024320+00:00,113.31197568,-0.012285012285012284,0.012285012285012284,0.9999999999976694
F011_PID000000174,174,2019-05-09T00:08:06.688050688+00:00,113.311949312,-0.012285012285012284,0.012285012285012284,0.9999999999976694
F011_PID000000174,174,2019-05-09T00:08:06.688141824+00:00,113.311858176,-0.014778325123152709,0.014778325123152709,0.9999999999976694
F011_PID000000174,174,2019-05-09T00:08:06.688222208+00:00,113.311777792,-0.012345679012345678,0.012345679012345678,0.9999999999976694
F011_PID000000174,174,2019-05-09T00:08:06.688404480+00:00,113.31159552,-0.007371007371007371,0.007371007371007371,0.9999999999976694
F011_PID000000174,174,2019-05-09T00:08:06.690142208+00:00,113.309857792,-0.007371007371007371,0.007371007371007371,0.9999999999976694
F011_PID000000174,174,2019-05-09T00:08:07.004752128+00:00,112.995247872,-0.012224938875305624,0.012224938875305624,0.9999999999976694
F011_PID000000174,174,2019-05-09T00:08:08.891052032+00:00,111.108947968,-0.012224938875305624,0.012224938875305624,0.9999999999976694
F011_PID000000174,174,2019-05-09T00:08:10.190551808+00:00,109.809448192,-0.012224938875305624,0.012224938875305624,0.9999999999976694
F011_PID000000174,174,2019-05-09T00:08:10.190756608+00:00,109.809243392,-0.0171990171990172,0.0171990171990172,0.9999999999976694
F011_PID000000174,174,2019-05-09T00:08:10.191113728+00:00,109.808886272,-0.019704433497536946,0.019704433497536946,0.9999999999976694
F011_PID000000174,174,2019-05-09T00:08:10.191179776+00:00,109.808820224,-0.022222222222222223,0.022222222222222223,0.9999999999976694
F011_PID000000174,174,2019-05-09T00:08:10.191238400+00:00,109.8087616,-0.02702702702702703,0.02702702702702703,0.9999999999976694
F011_PID000000174,174,2019-05-09T00:08:10.191363840+00:00,109.80863616,-0.029411764705882353,0.029411764705882353,0.9999999999976694
F011_PID000000174,174,2019-05-09T00:08:12.087227136+00:00,107.912772864,-0.029411764705882353,0.029411764705882353,0.9999999999976694
F011_PID000000174,174,2019-05-09T00:08:16.432036352+00:00,103.567963648,-0.02689486552567237,0.02689486552567237,0.9999999999976694
F011_PID000000174,174,2019-05-09T00:08:16.432210944+00:00,103.567789056,-0.024509803921568627,0.024509803921568627,0.9999999999976694
F011_PID000000174,174,2019-05-09T00:08:16.432400896+00:00,103.567599104,-0.014563106796116505,0.014563106796116505,0.9999999999976694
F011_PID000000174,174,2019-05-09T00:08:16.432464640+00:00,103.56753536,-0.012106537530266344,0.012106537530266344,0.9999999999976694
F011_PID000000174,174,2019-05-09T00:08:16.432520704+00:00,103.567479296,-0.0072992700729927005,0.0072992700729927005,0.9999999999976694
F011_PID000000174,174,2019-05-09T00:08:16.432647168+00:00,103.567352832,-0.0048543689320388345,0.0048543689320388345,0.9999999999976694
F011_PID000000174,174,2019-05-09T00:08:16.433304576+00:00,103.566695424,-0.0048543689320388345,0.0048543689320388345,0.9999999999976694
F011_PID000000174,174,2019-05-09T00:08:16.445927424+00:00,103.554072576,0.009852216748768473,-0.009852216748768473,0.9999999999976694
F011_PID000000174,174,2019-05-09T00:08:16.691923456+00:00,103.308076544,0.007407407407407408,-0.007407407407407408,0.9999999999976694
F011_PID000000174,174,2019-05-09T00:08:16.692187392+00:00,103.307812608,0.0049261083743842365,-0.0049261083743842365,0.9999999999976694
F011_PID000000174,174,2019-05-09T00:08:17.376755456+00:00,102.623244544,0.007407407407407408,-0.007407407407407408,0.9999999999976694
F011_PID000000174,174,2019-05-09T00:08:17.376960256+00:00,102.623039744,0.009852216748768473,-0.009852216748768473,0.9999999999976694
F011_PID000000174,174,2019-05-09T00:08:17.425167616+00:00,102.574832384,0.007407407407407408,-0.007407407407407408,0.9999999999976694
F011_PID000000174,174,2019-05-09T00:08:17.426125568+00:00,102.573874432,0.0049261083743842365,-0.0049261083743842365,0.9999999999976694
F011_PID000000174,174,2019-05-09T00:08:17.528247296+00:00,102.471752704,0.007407407407407408,-0.007407407407407408,0.9999999999976694
F011_PID000000174,174,2019-05-09T00:08:17.528280064+00:00,102.471719936,0.007407407407407408,-0.007407407407407408,0.9999999999976694
F011_PID000000174,174,2019-05-09T00:08:17.528429824+00:00,102.471570176,0.002457002457002457,-0.002457002457002457,0.9999999999976694
F011_PID000000174,174,2019-05-09T00:08:18.669256192+00:00,101.330743808,0.007407407407407408,-0.007407407407407408,0.9999999999976694
F011_PID000000174,174,2019-05-09T00:08:18.669439744+00:00,101.330560256,0.009852216748768473,-0.009852216748768473,0.9999999999976694
F011_PID000000174,174,2019-05-09T00:08:18.669681152+00:00,101.330318848,0.009852216748768473,-0.009852216748768473,0.9999999999976694
F011_PID000000174,174,2019-05-09T00:08:22.649661696+00:00,97.350338304,0.01485148514851485,-0.01485148514851485,0.9999999999976694
F011_PID000000174,174,2019-05-09T00:08:22.649884928+00:00,97.350115072,0.02926829268292683,-0.02926829268292683,0.9999999999976694
F011_PID000000174,174,2019-05-09T00:08:22.650303488+00:00,97.349696512,0.031630170316301706,-0.031630170316301706,0.9999999999976694
F011_PID000000174,174,2019-05-09T00:08:32.101593856+00:00,87.898406144,0.031630170316301706,-0.031630170316301706,0.9999999999976694
F011_PID000000174,174,2019-05-09T00:08:32.102176768+00:00,87.897823232,0.031630170316301706,-0.031630170316301706,0.9999999999976694
F011_PID000000174,174,2019-05-09T00:08:33.005635328+00:00,86.994364672,0.02912621359223301,-0.02912621359223301,0.9999999999976694
F011_PID000000174,174,2019-05-09T00:08:37.505994752+00:00,82.494005248,0.031630170316301706,-0.031630170316301706,0.9999999999976694
F011_PID000000174,174,2019-05-09T00:08:42.251530496+00:00,77.748469504,0.03398058252427184,-0.03398058252427184,0.9999999999976694
F011_PID000000174,174,2019-05-09T00:09:02.878882048+00:00,57.121117952,0.0364963503649635,-0.0364963503649635,0.9999999999976694
F011_PID000000174,174,2019-05-09T00:09:02.879222528+00:00,57.120777472,0.03902439024390244,-0.03902439024390244,0.9999999999976694
F011_PID000000174,174,2019-05-09T00:09:02.879412992+00:00,57.120587008,0.04156479217603912,-0.04156479217603912,0.9999999999976694
F011_PID000000174,174,2019-05-09T00:09:02.879989248+00:00,57.120010752,0.03902439024390244,-0.03902439024390244,0.9999999999976694
F011_PID000000174,174,2019-05-09T00:09:02.880192512+00:00,57.119807488,0.0364963503649635,-0.0364963503649635,0.9999999999976694
F011_PID000000174,174,2019-05-09T00:09:02.880638464+00:00,57.119361536,0.03398058252427184,-0.03398058252427184,0.9999999999976694
F011_PID000000174,174,2019-05-09T00:09:02.880938240+00:00,57.11906176,0.03398058252427184,-0.03398058252427184,0.9999999999976694
F011_PID000000174,174,2019-05-09T00:09:03.054714880+00:00,56.94528512,0.024509803921568627,-0.024509803921568627,0.9999999999976694
F011_PID000000174,174,2019-05-09T00:09:04.948306944+00:00,55.051693056,0.022004889975550123,-0.022004889975550123,0.9999999999976694
F011_PID000000174,174,2019-05-09T00:09:04.953159424+00:00,55.046840576,0.022004889975550123,-0.022004889975550123,0.9999999999976694
F011_PID000000174,174,2019-05-09T00:09:04.953297152+00:00,55.046702848,0.022004889975550123,-0.022004889975550123,0.9999999999976694
F011_PID000000174,174,2019-05-09T00:09:04.953406464+00:00,55.046593536,0.022004889975550123,-0.022004889975550123,0.9999999999976694
F011_PID000000174,174,2019-05-09T00:09:04.955558912+00:00,55.044441088,0.022004889975550123,-0.022004889975550123,0.9999999999976694
F011_PID000000174,174,2019-05-09T00:09:04.966169600+00:00,55.0338304,0.022004889975550123,-0.022004889975550123,0.9999999999976694
F011_PID000000174,174,2019-05-09T00:09:09.180029952+00:00,50.819970048,0.022004889975550123,-0.022004889975550123,0.9999999999976694
F011_PID000000174,174,2019-05-09T00:09:09.180102400+00:00,50.8198976,0.024509803921568627,-0.024509803921568627,0.9999999999976694
F011_PID000000174,174,2019-05-09T00:09:09.180250368+00:00,50.819749632,0.02702702702702703,-0.02702702702702703,0.9999999999976694
F011_PID000000174,174,2019-05-09T00:09:09.180442624+00:00,50.819557376,0.024509803921568627,-0.024509803921568627,0.9999999999976694
F011_PID000000174,174,2019-05-09T00:09:16.128748544+00:00,43.871251456,0.01951219512195122,-0.01951219512195122,0.9999999999976694
F011_PID000000174,174,2019-05-09T00:09:16.247888896+00:00,43.752111104,0.024509803921568627,-0.024509803921568627,0.9999999999976694
F011_PID000000174,174,2019-05-09T00:09:20.058466048+00:00,39.941533952,0.01951219512195122,-0.01951219512195122,0.9999999999976694
F011_PID000000174,174,2019-05-09T00:09:21.910741760+00:00,38.08925824,0.024509803921568627,-0.024509803921568627,0.9999999999976694
F011_PID000000174,174,2019-05-09T00:09:21.910782976+00:00,38.089217024,0.024509803921568627,-0.024509803921568627,0.9999999999976694
F011_PID000000174,174,2019-05-09T00:09:21.911122688+00:00,38.088877312,0.01951219512195122,-0.01951219512195122,0.9999999999976694
F011_PID000000174,174,2019-05-09T00:09:21.911319296+00:00,38.088680704,0.024509803921568627,-0.024509803921568627,0.9999999999976694
F011_PID000000174,174,2019-05-09T00:09:21.911428864+00:00,38.088571136,0.024509803921568627,-0.024509803921568627,0.9999999999976694
F011_PID000000174,174,2019-05-09T00:09:21.943265280+00:00,38.05673472,0.01951219512195122,-0.01951219512195122,0.9999999999976694
F011_PID000000174,174,2019-05-09T00:09:23.215736064+00:00,36.784263936,0.024509803921568627,-0.024509803921568627,0.9999999999976694
F011_PID000000174,174,2019-05-09T00:09:23.217761024+00:00,36.782238976,0.024509803921568627,-0.024509803921568627,0.9999999999976694
F011_PID000000174,174,2019-05-09T00:09:23.226571776+00:00,36.773428224,0.024509803921568627,-0.024509803921568627,0.9999999999976694
F011_PID000000174,174,2019-05-09T00:09:26.016129024+00:00,33.983870976,0.022004889975550123,-0.022004889975550123,0.9999999999976694
F011_PID000000174,174,2019-05-09T00:09:26.016802560+00:00,33.98319744,0.024509803921568627,-0.024509803921568627,0.9999999999976694
F011_PID000000174,174,2019-05-09T00:09:26.018612736+00:00,33.981387264,0.024509803921568627,-0.024509803921568627,0.9999999999976694
F011_PID000000174,174,2019-05-09T00:09:26.028746496+00:00,33.971253504,0.024509803921568627,-0.024509803921568627,0.9999999999976694
F011_PID000000174,174,2019-05-09T00:09:28.240712960+00:00,31.75928704,0.024509803921568627,-0.024509803921568627,0.9999999999976694
F011_PID000000174,174,2019-05-09T00:09:29.662924288+00:00,30.337075712,0.024509803921568627,-0.024509803921568627,0.9999999999976694
F011_PID000000174,174,2019-05-09T00:09:38.457911808+00:00,21.542088192,0.024509803921568627,-0.024509803921568627,0.9999999999976694
F011_PID000000174,174,2019-05-09T00:09:39.785177600+00:00,20.2148224,0.022004889975550123,-0.022004889975550123,0.9999999999976694
F011_PID000000174,174,2019-05-09T00:09:39.805594624+00:00,20.194405376,0.022004889975550123,-0.022004889975550123,0.9999999999976694
F011_PID000000174,174,2019-05-09T00:09:44.027795712+00:00,15.972204288,0.022004889975550123,-0.022004889975550123,0.9999999999976694
F011_PID000000174,174,2019-05-09T00:09:44.027993600+00:00,15.9720064,0.022004889975550123,-0.022004889975550123,0.9999999999976694
F011_PID000000174,174,2019-05-09T00:09:44.029251840+00:00,15.97074816,0.022004889975550123,-0.022004889975550123,0.9999999999976694
F011_PID000000174,174,2019-05-09T00:09:44.031977984+00:00,15.968022016,0.022004889975550123,-0.022004889975550123,0.9999999999976694
F011_PID000000174,174,2019-05-09T00:09:44.033730048+00:00,15.966269952,0.022004889975550123,-0.022004889975550123,0.9999999999976694
F011_PID000000174,174,2019-05-09T00:09:44.043656448+00:00,15.956343552,0.022004889975550123,-0.022004889975550123,0.9999999999976694
F011_PID000000174,174,2019-05-09T00:09:44.849065216+00:00,15.150934784,0.022004889975550123,-0.022004889975550123,0.9999999999976694
F011_PID000000174,174,2019-05-09T00:09:44.849705728+00:00,15.150294272,0.022004889975550123,-0.022004889975550123,0.9999999999976694
F011_PID000000174,174,2019-05-09T00:09:44.854384384+00:00,15.145615616,0.022004889975550123,-0.022004889975550123,0.9999999999976694
F011_PID000000174,174,2019-05-09T00:09:44.854994944+00:00,15.145005056,0.022004889975550123,-0.022004889975550123,0.9999999999976694
F011_PID000000174,174,2019-05-09T00:09:44.858781696+00:00,15.141218304,0.022004889975550123,-0.022004889975550123,0.9999999999976694
F011_PID000000174,174,2019-05-09T00:09:44.859429632+00:00,15.140570368,0.022004889975550123,-0.022004889975550123,0.9999999999976694
F011_PID000000174,174,2019-05-09T00:09:45.751246848+00:00,14.248753152,0.022004889975550123,-0.022004889975550123,0.9999999999976694
F011_PID000000174,174,2019-05-09T00:09:45.751345920+00:00,14.24865408,0.04239401496259352,-0.04239401496259352,0.9999999999976694
F011_PID000000174,174,2019-05-09T00:09:45.751430400+00:00,14.2485696,0.045,-0.045,0.9999999999976694
F011_PID000000174,174,2019-05-09T00:09:45.751528960+00:00,14.24847104,0.047619047619047616,-0.047619047619047616,0.9999999999976694
F011_PID000000174,174,2019-05-09T00:09:45.751600640+00:00,14.24839936,0.05025125628140704,-0.05025125628140704,0.9999999999976694
F011_PID000000174,174,2019-05-09T00:09:45.751660544+00:00,14.248339456,0.05025125628140704,-0.05025125628140704,0.9999999999976694
F011_PID000000174,174,2019-05-09T00:09:45.751660544+00:00,14.248339456,-0.043478260869565216,0.043478260869565216,1.9999999999997797
F011_PID000000174,174,2019-05-09T00:09:45.751803392+00:00,14.248196608,-0.0410958904109589,0.0410958904109589,1.9999999999997797
F011_PID000000174,174,2019-05-09T00:09:45.751944192+00:00,14.248055808,-0.0410958904109589,0.0410958904109589,1.9999999999997797
F011_PID000000174,174,2019-05-09T00:09:45.751988224+00:00,14.248011776,-0.0410958904109589,0.0410958904109589,1.9999999999997797
F011_PID000000174,174,2019-05-09T00:09:45.751996672+00:00,14.248003328,-0.049773755656108594,0.049773755656108594,1.9999999999997797
F011_PID000000174,174,2019-05-09T00:09:45.752101888+00:00,14.247898112,-0.04740406320541761,0.04740406320541761,1.9999999999997797
F011_PID000000174,174,2019-05-09T00:09:45.752250624+00:00,14.247749376,-0.05454545454545454,0.05454545454545454,1.9999999999997797
F011_PID000000174,174,2019-05-09T00:09:45.752341760+00:00,14.24765824,-0.04805491990846682,0.04805491990846682,1.9999999999997797
F011_PID000000174,174,2019-05-09T00:09:45.752521984+00:00,14.247478016,0.04522613065326633,-0.04522613065326633,0.9999999999976694
F011_PID000000174,174,2019-05-09T00:09:45.752966144+00:00,14.247033856,0.04522613065326633,-0.04522613065326633,0.9999999999976694
F011_PID000000174,174,2019-05-09T00:09:45.753163264+00:00,14.246836736,0.04522613065326633,-0.04522613065326633,0.9999999999976694
F011_PID000000174,174,2019-05-09T00:09:45.753264896+00:00,14.246735104,0.04522613065326633,-0.04522613065326633,0.9999999999976694
F011_PID000000174,174,2019-05-09T00:09:45.753356544+00:00,14.246643456,0.03740648379052369,-0.03740648379052369,0.9999999999976694
F011_PID000000174,174,2019-05-09T00:09:45.754041088+00:00,14.245958912,0.03740648379052369,-0.03740648379052369,0.9999999999976694
F011_PID000000174,174,2019-05-09T00:09:45.754253312+00:00,14.245746688,-0.05454545454545454,0.05454545454545454,1.9999999999997797
F011_PID000000174,174,2019-05-09T00:09:45.754398464+00:00,14.245601536,-0.05454545454545454,0.05454545454545454,1.9999999999997797
F011_PID000000174,174,2019-05-09T00:09:45.759734528+00:00,14.240265472,-0.04504504504504504,0.04504504504504504,1.9999999999997797
F011_PID000000174,174,2019-05-09T00:09:45.759983872+00:00,14.240016128,-0.03636363636363636,0.03636363636363636,1.9999999999997797
F011_PID000000174,174,2019-05-09T00:09:45.760561152+00:00,14.239438848,-0.03854875283446712,0.03854875283446712,1.9999999999997797
F011_PID000000174,174,2019-05-09T00:09:45.765044992+00:00,14.234955008,-0.03636363636363636,0.03636363636363636,1.9999999999997797
F011_PID000000174,174,2019-05-09T00:09:45.769763584+00:00,14.230236416,-0.02702702702702703,0.02702702702702703,1.9999999999997797
F011_PID000000174,174,2019-05-09T00:09:45.822790656+00:00,14.177209344,-0.15736040609137056,0.15736040609137056,1.0000000000021103
F011_PID000000174,174,2019-05-09T00:09:45.823029504+00:00,14.176970496,-0.15151515151515152,0.15151515151515152,1.0000000000021103
F011_PID000000174,174,2019-05-09T00:09:45.823078144+00:00,14.176921856,-0.15151515151515152,0.15151515151515152,1.0000000000021103
F011_PID000000174,174,2019-05-09T00:09:45.823182848+00:00,14.176817152,-0.15151515151515152,0.15151515151515152,1.0000000000021103
F011_PID000000174,174,2019-05-09T00:09:45.823194624+00:00,14.176805376,-0.15443037974683543,0.15443037974683543,1.0000000000021103
F011_PID000000174,174,2019-05-09T00:09:45.823235328+00:00,14.176764672,-0.1457286432160804,0.1457286432160804,1.0000000000021103
F011_PID000000174,174,2019-05-09T00:09:45.830475264+00:00,14.169524736,-0.14786967418546365,0.14786967418546365,1.0000000000021103
F011_PID000000174,174,2019-05-09T00:09:45.836223744+00:00,14.163776256,-0.1457286432160804,0.1457286432160804,1.0000000000021103
F011_PID000000174,174,2019-05-09T00:09:45.863511296+00:00,14.136488704,-0.14285714285714285,0.14285714285714285,1.0000000000021103
F011_PID000000174,174,2019-05-09T00:09:45.865186816+00:00,14.134813184,-0.14,0.14,1.0000000000021103
F011_PID000000174,174,2019-05-09T00:09:45.865222656+00:00,14.134777344,-0.14285714285714285,0.14285714285714285,1.0000000000021103
F011_PID000000174,174,2019-05-09T00:09:45.889755136+00:00,14.110244864,-0.1457286432160804,0.1457286432160804,1.0000000000021103
F011_PID000000174,174,2019-05-09T00:09:45.894451456+00:00,14.105548544,-0.14285714285714285,0.14285714285714285,1.0000000000021103
F011_PID000000174,174,2019-05-09T00:09:45.985866496+00:00,14.014133504,-0.14,0.14,1.0000000000021103
F011_PID000000174,174,2019-05-09T00:09:45.994255616+00:00,14.005744384,-0.13131313131313133,0.13131313131313133,1.0000000000021103
F011_PID000000174,174,2019-05-09T00:09:45.994451968+00:00,14.005548032,-0.12846347607052896,0.12846347607052896,1.0000000000021103
F011_PID000000174,174,2019-05-09T00:09:45.996204032+00:00,14.003795968,-0.13131313131313133,0.13131313131313133,1.0000000000021103
F011_PID000000174,174,2019-05-09T00:09:45.996273408+00:00,14.003726592,-0.1341772151898734,0.1341772151898734,1.0000000000021103
F011_PID000000174,174,2019-05-09T00:09:45.996479488+00:00,14.003520512,-0.13705583756345177,0.13705583756345177,1.0000000000021103
F011_PID000000174,174,2019-05-09T00:09:45.996661760+00:00,14.00333824,-0.13924050632911392,0.13924050632911392,1.0000000000021103
F011_PID000000174,174,2019-05-09T00:09:46.007673600+00:00,13.9923264,-0.13705583756345177,0.13705583756345177,1.0000000000021103
F011_PID000000174,174,2019-05-09T00:09:46.014748160+00:00,13.98525184,-0.13924050632911392,0.13924050632911392,1.0000000000021103
F011_PID000000174,174,2019-05-09T00:09:46.104411648+00:00,13.895588352,-0.13705583756345177,0.13705583756345177,1.0000000000021103
F011_PID000000174,174,2019-05-09T00:09:46.156948480+00:00,13.84305152,-0.13924050632911392,0.13924050632911392,1.0000000000021103
F011_PID000000174,174,2019-05-09T00:09:46.188758784+00:00,13.811241216,-0.1450381679389313,0.1450381679389313,1.0000000000021103
F011_PID000000174,174,2019-05-09T00:09:46.189351680+00:00,13.81064832,-0.01580135440180587,0.01580135440180587,1.9999999999997797
F011_PID000000174,174,2019-05-09T00:09:46.189552384+00:00,13.810447616,-0.01580135440180587,0.01580135440180587,1.9999999999997797
F011_PID000000174,174,2019-05-09T00:09:46.189989632+00:00,13.810010368,-0.024608501118568233,0.024608501118568233,1.9999999999997797
F011_PID000000174,174,2019-05-09T00:09:46.265220096+00:00,13.734779904,-0.022321428571428572,0.022321428571428572,1.9999999999997797
F011_PID000000174,174,2019-05-09T00:09:46.867227136+00:00,13.132772864,-0.013513513513513514,0.013513513513513514,1.9999999999997797
F011_PID000000174,174,2019-05-09T00:09:46.867461888+00:00,13.132538112,-0.14213197969543148,0.14213197969543148,1.0000000000021103
F011_PID000000174,174,2019-05-09T00:09:46.867518464+00:00,13.132481536,-0.13994910941475827,0.13994910941475827,1.0000000000021103
F011_PID000000174,174,2019-05-09T00:09:46.867646208+00:00,13.132353792,-0.13994910941475827,0.13994910941475827,1.0000000000021103
F011_PID000000174,174,2019-05-09T00:09:46.867717632+00:00,13.132282368,-0.13705583756345177,0.13705583756345177,1.0000000000021103
F011_PID000000174,174,2019-05-09T00:09:46.868080128+00:00,13.131919872,-0.1341772151898734,0.1341772151898734,1.0000000000021103
F011_PID000000174,174,2019-05-09T00:09:46.868318464+00:00,13.131681536,-0.13131313131313133,0.13131313131313133,1.0000000000021103
F011_PID000000174,174,2019-05-09T00:09:47.007848192+00:00,12.992151808,-0.12846347607052896,0.12846347607052896,1.0000000000021103
F011_PID000000174,174,2019-05-09T00:09:47.074019072+00:00,12.925980928,-0.12562814070351758,0.12562814070351758,1.0000000000021103
F011_PID000000174,174,2019-05-09T00:09:47.265260032+00:00,12.734739968,-0.12846347607052896,0.12846347607052896,1.0000000000021103
F011_PID000000174,174,2019-05-09T00:09:47.265444864+00:00,12.734555136,-0.13131313131313133,0.13131313131313133,1.0000000000021103
F011_PID000000174,174,2019-05-09T00:09:47.265643264+00:00,12.734356736,-0.1341772151898734,0.1341772151898734,1.0000000000021103
F011_PID000000174,174,2019-05-09T00:09:47.266032640+00:00,12.73396736,-0.13705583756345177,0.13705583756345177,1.0000000000021103
F011_PID000000174,174,2019-05-09T00:09:47.266111488+00:00,12.733888512,-0.13924050632911392,0.13924050632911392,1.0000000000021103
F011_PID000000174,174,2019-05-09T00:09:47.653754368+00:00,12.346245632,-0.13350125944584382,0.13350125944584382,1.0000000000021103
F011_PID000000174,174,2019-05-09T00:09:47.653954304+00:00,12.346045696,-0.1306532663316583,0.1306532663316583,1.0000000000021103
F011_PID000000174,174,2019-05-09T00:09:47.654143232+00:00,12.345856768,-0.13350125944584382,0.13350125944584382,1.0000000000021103
F011_PID000000174,174,2019-05-09T00:09:47.662683136+00:00,12.337316864,-0.13131313131313133,0.13131313131313133,1.0000000000021103
F011_PID000000174,174,2019-05-09T00:09:47.663115264+00:00,12.336884736,-0.13350125944584382,0.13350125944584382,1.0000000000021103
F011_PID000000174,174,2019-05-09T00:09:48.049023488+00:00,11.950976512,-0.13924050632911392,0.13924050632911392,1.0000000000021103
F011_PID000000174,174,2019-05-09T00:09:48.049281024+00:00,11.950718976,-0.14213197969543148,0.14213197969543148,1.0000000000021103
F011_PID000000174,174,2019-05-09T00:09:48.049609984+00:00,11.950390016,-0.013513513513513514,0.013513513513513514,1.9999999999997797
F011_PID000000174,174,2019-05-09T00:09:48.049802752+00:00,11.950197248,-0.013513513513513514,0.013513513513513514,1.9999999999997797
F011_PID000000174,174,2019-05-09T00:09:48.051494144+00:00,11.948505856,-0.013513513513513514,0.013513513513513514,1.9999999999997797
F011_PID000000174,174,2019-05-09T00:09:48.052491776+00:00,11.947508224,-0.013513513513513514,0.013513513513513514,1.9999999999997797
F011_PID000000174,174,2019-05-09T00:09:48.573076224+00:00,11.426923776,-0.015730337078651686,0.015730337078651686,1.9999999999997797
F011_PID000000174,174,2019-05-09T00:09:49.443893760+00:00,10.55610624,-0.017937219730941704,0.017937219730941704,1.9999999999997797
F011_PID000000174,174,2019-05-09T00:09:49.451379712+00:00,10.548620288,-0.015730337078651686,0.015730337078651686,1.9999999999997797
F011_PID000000174,174,2019-05-09T00:09:49.745902080+00:00,10.25409792,-0.015730337078651686,0.015730337078651686,1.9999999999997797
F011_PID000000174,174,2019-05-09T00:09:54.734370560+00:00,5.26562944,-0.0066815144766146995,0.0066815144766146995,1.9999999999997797
F011_PID000000174,174,2019-05-09T00:09:54.734655744+00:00,5.265344256,-0.13283208020050125,0.13283208020050125,1.0000000000021103
F011_PID000000174,174,2019-05-09T00:09:54.734732800+00:00,5.2652672,-0.13,0.13,1.0000000000021103
F011_PID000000174,174,2019-05-09T00:09:54.734785536+00:00,5.265214464,-0.12781954887218044,0.12781954887218044,1.0000000000021103
F011_PID000000174,174,2019-05-09T00:09:54.734881792+00:00,5.265118208,-0.12219451371571072,0.12219451371571072,1.0000000000021103
F011_PID000000174,174,2019-05-09T00:09:54.734932224+00:00,5.265067776,-0.12219451371571072,0.12219451371571072,1.0000000000021103
F011_PID000000174,174,2019-05-09T00:09:54.734945792+00:00,5.265054208,-0.11940298507462686,0.11940298507462686,1.0000000000021103
F011_PID000000174,174,2019-05-09T00:09:54.743037696+00:00,5.256962304,-0.11662531017369727,0.11662531017369727,1.0000000000021103
F011_PID000000174,174,2019-05-09T00:09:54.743228928+00:00,5.256771072,-0.11386138613861387,0.11386138613861387,1.0000000000021103
F011_PID000000174,174,2019-05-09T00:09:54.743854592+00:00,5.256145408,-0.11166253101736973,0.11166253101736973,1.0000000000021103
F011_PID000000174,174,2019-05-09T00:09:55.598347776+00:00,4.401652224,-0.11442786069651742,0.11442786069651742,1.0000000000021103
F011_PID000000174,174,2019-05-09T00:09:55.598465536+00:00,4.401534464,-0.1172069825436409,0.1172069825436409,1.0000000000021103
F011_PID000000174,174,2019-05-09T00:09:55.598552832+00:00,4.401447168,-0.12,0.12,1.0000000000021103
F011_PID000000174,174,2019-05-09T00:09:55.598629120+00:00,4.40137088,-0.12562814070351758,0.12562814070351758,1.0000000000021103
F011_PID000000174,174,2019-05-09T00:09:55.598702336+00:00,4.401297664,-0.12846347607052896,0.12846347607052896,1.0000000000021103
F011_PID000000174,174,2019-05-09T00:09:55.598733056+00:00,4.401266944,-0.13994910941475827,0.13994910941475827,1.0000000000021103
F011_PID000000174,174,2019-05-09T00:09:55.598815488+00:00,4.401184512,-0.011286681715575621,0.011286681715575621,1.9999999999997797
F011_PID000000174,174,2019-05-09T00:09:55.598877952+00:00,4.401122048,-0.013513513513513514,0.013513513513513514,1.9999999999997797
F011_PID000000174,174,2019-05-09T00:09:55.598963456+00:00,4.401036544,-0.015730337078651686,0.015730337078651686,1.9999999999997797
F011_PID000000174,174,2019-05-09T00:09:55.599141376+00:00,4.400858624,-0.015730337078651686,0.015730337078651686,1.9999999999997797
F011_PID000000174,174,2019-05-09T00:09:55.599180544+00:00,4.400819456,-0.017937219730941704,0.017937219730941704,1.9999999999997797
F011_PID000000174,174,2019-05-09T00:09:55.599639552+00:00,4.400360448,-0.015730337078651686,0.015730337078651686,1.9999999999997797
F012_PID000000354,354,2019-09-10T00:08:00.151334656+00:00,119.848665344,-0.06724511930585683,0.06724511930585683,1.0000000000021103
F012_PID000000354,354,2019-09-10T00:08:01.344374016+00:00,118.655625984,-0.06493506493506493,0.06493506493506493,1.0000000000021103
F012_PID000000354,354,2019-09-10T00:08:03.746818560+00:00,116.25318144,-0.06493506493506493,0.06493506493506493,1.0000000000021103
F012_PID000000354,354,2019-09-10T00:08:03.946920448+00:00,116.053079552,-0.06493506493506493,0.06493506493506493,1.0000000000021103
F012_PID000000354,354,2019-09-10T00:08:04.018328064+00:00,115.981671936,-0.06493506493506493,0.06493506493506493,1.0000000000021103
F012_PID000000354,354,2019-09-10T00:08:04.019192320+00:00,115.98080768,-0.06493506493506493,0.06493506493506493,1.0000000000021103
F012_PID000000354,354,2019-09-10T00:08:08.446585600+00:00,111.5534144,-0.06724511930585683,0.06724511930585683,1.0000000000021103
F012_PID000000354,354,2019-09-10T00:08:08.446728448+00:00,111.553271552,-0.06956521739130435,0.06956521739130435,1.0000000000021103
F012_PID000000354,354,2019-09-10T00:08:09.155226368+00:00,110.844773632,-0.06724511930585683,0.06724511930585683,1.0000000000021103
F012_PID000000354,354,2019-09-10T00:08:09.155374848+00:00,110.844625152,-0.06493506493506493,0.06493506493506493,1.0000000000021103
F012_PID000000354,354,2019-09-10T00:08:13.609089536+00:00,106.390910464,-0.06086956521739131,0.06086956521739131,1.0000000000021103
F012_PID000000354,354,2019-09-10T00:08:13.609099008+00:00,106.390900992,-0.058823529411764705,0.058823529411764705,1.0000000000021103
F012_PID000000354,354,2019-09-10T00:08:13.609378048+00:00,106.390621952,-0.05263157894736842,0.05263157894736842,1.0000000000021103
F012_PID000000354,354,2019-09-10T00:08:13.922132992+00:00,106.077867008,-0.058823529411764705,0.058823529411764705,1.0000000000021103
F012_PID000000354,354,2019-09-10T00:08:13.922344960+00:00,106.07765504,-0.0611353711790393,0.0611353711790393,1.0000000000021103
F012_PID000000354,354,2019-09-10T00:08:13.922476288+00:00,106.077523712,-0.06345733041575492,0.06345733041575492,1.0000000000021103
F012_PID000000354,354,2019-09-10T00:08:14.103629568+00:00,105.896370432,-0.058823529411764705,0.058823529411764705,1.0000000000021103
F012_PID000000354,354,2019-09-10T00:08:14.183931136+00:00,105.816068864,-0.06345733041575492,0.06345733041575492,1.0000000000021103
F012_PID000000354,354,2019-09-10T00:08:14.196706048+00:00,105.803293952,-0.058823529411764705,0.058823529411764705,1.0000000000021103
F012_PID000000354,354,2019-09-10T00:08:14.224214528+00:00,105.775785472,-0.06345733041575492,0.06345733041575492,1.0000000000021103
F012_PID000000354,354,2019-09-10T00:08:14.225981184+00:00,105.774018816,-0.0611353711790393,0.0611353711790393,1.0000000000021103
F012_PID000000354,354,2019-09-10T00:08:14.226264576+00:00,105.773735424,-0.058823529411764705,0.058823529411764705,1.0000000000021103
F012_PID000000354,354,2019-09-10T00:08:14.284463872+00:00,105.715536128,-0.05263157894736842,0.05263157894736842,1.0000000000021103
F012_PID000000354,354,2019-09-10T00:08:14.484456192+00:00,105.515543808,-0.058823529411764705,0.058823529411764705,1.0000000000021103
F012_PID000000354,354,2019-09-10T00:08:14.485243136+00:00,105.514756864,-0.0611353711790393,0.0611353711790393,1.0000000000021103
F012_PID000000354,354,2019-09-10T00:08:14.485371136+00:00,105.514628864,-0.06345733041575492,0.06345733041575492,1.0000000000021103
F012_PID000000354,354,2019-09-10T00:08:14.485518848+00:00,105.514481152,-0.06956521739130435,0.06956521739130435,1.0000000000021103
F012_PID000000354,354,2019-09-10T00:08:14.517431808+00:00,105.482568192,-0.06753812636165578,0.06753812636165578,1.0000000000021103
F012_PID000000354,354,2019-09-10T00:08:14.517565952+00:00,105.482434048,-0.06290672451193059,0.06290672451193059,1.0000000000021103
F012_PID000000354,354,2019-09-10T00:08:14.518281216+00:00,105.481718784,-0.06493506493506493,0.06493506493506493,1.0000000000021103
F012_PID000000354,354,2019-09-10T00:08:16.099792128+00:00,103.900207872,-0.06956521739130435,0.06956521739130435,1.0000000000021103
F012_PID000000354,354,2019-09-10T00:08:17.015556352+00:00,102.984443648,-0.06724511930585683,0.06724511930585683,1.0000000000021103
F012_PID000000354,354,2019-09-10T00:08:17.016156160+00:00,102.98384384,-0.06493506493506493,0.06493506493506493,1.0000000000021103
F012_PID000000354,354,2019-09-10T00:08:23.534589184+00:00,96.465410816,-0.06263498920086392,0.06263498920086392,1.0000000000021103
F012_PID000000354,354,2019-09-10T00:08:23.534768128+00:00,96.465231872,-0.05652173913043478,0.05652173913043478,1.0000000000021103
F012_PID000000354,354,2019-09-10T00:08:30.679886080+00:00,89.32011392,-0.058823529411764705,0.058823529411764705,1.0000000000021103
F012_PID000000354,354,2019-09-10T00:08:30.680021248+00:00,89.319978752,-0.0611353711790393,0.0611353711790393,1.0000000000021103
F012_PID000000354,354,2019-09-10T00:08:30.774537216+00:00,89.225462784,-0.058823529411764705,0.058823529411764705,1.0000000000021103
F012_PID000000354,354,2019-09-10T00:08:30.774667008+00:00,89.225332992,-0.05652173913043478,0.05652173913043478,1.0000000000021103
F012_PID000000354,354,2019-09-10T00:08:30.796720640+00:00,89.20327936,-0.058823529411764705,0.058823529411764705,1.0000000000021103
F012_PID000000354,354,2019-09-10T00:08:30.796892160+00:00,89.20310784,-0.0611353711790393,0.0611353711790393,1.0000000000021103
F012_PID000000354,354,2019-09-10T00:08:30.799259136+00:00,89.200740864,-0.05652173913043478,0.05652173913043478,1.0000000000021103
F012_PID000000354,354,2019-09-10T00:08:30.865019392+00:00,89.134980608,-0.0611353711790393,0.0611353711790393,1.0000000000021103
F012_PID000000354,354,2019-09-10T00:08:30.920155136+00:00,89.079844864,-0.058823529411764705,0.058823529411764705,1.0000000000021103
F012_PID000000354,354,2019-09-10T00:08:31.963677184+00:00,88.036322816,-0.0611353711790393,0.0611353711790393,1.0000000000021103
F012_PID000000354,354,2019-09-10T00:08:32.069143040+00:00,87.93085696,-0.058823529411764705,0.058823529411764705,1.0000000000021103
F012_PID000000354,354,2019-09-10T00:08:32.069401344+00:00,87.930598656,-0.05652173913043478,0.05652173913043478,1.0000000000021103
F012_PID000000354,354,2019-09-10T00:08:36.956554496+00:00,83.043445504,-0.054466230936819175,0.054466230936819175,1.0000000000021103
F012_PID000000354,354,2019-09-10T00:08:50.784748032+00:00,69.215251968,-0.05240174672489083,0.05240174672489083,1.0000000000021103
F012_PID000000354,354,2019-09-10T00:08:50.784937728+00:00,69.215062272,-0.054466230936819175,0.054466230936819175,1.0000000000021103
F012_PID000000354,354,2019-09-10T00:08:50.794491904+00:00,69.205508096,-0.056768558951965066,0.056768558951965066,1.0000000000021103
F012_PID000000354,354,2019-09-10T00:08:50.794625792+00:00,69.205374208,-0.05908096280087528,0.05908096280087528,1.0000000000021103
F012_PID000000354,354,2019-09-10T00:08:50.794992896+00:00,69.205007104,-0.05908096280087528,0.05908096280087528,1.0000000000021103
F012_PID000000354,354,2019-09-10T00:08:50.795003392+00:00,69.204996608,-0.05934065934065934,0.05934065934065934,1.0000000000021103
F012_PID000000354,354,2019-09-10T00:08:50.899812096+00:00,69.100187904,-0.05701754385964912,0.05701754385964912,1.0000000000021103
F012_PID000000354,354,2019-09-10T00:08:50.900098048+00:00,69.099901952,-0.05470459518599562,0.05470459518599562,1.0000000000021103
F012_PID000000354,354,2019-09-10T00:08:55.111934720+00:00,64.88806528,-0.056768558951965066,0.056768558951965066,1.0000000000021103
F012_PID000000354,354,2019-09-10T00:08:55.170920960+00:00,64.82907904,-0.05470459518599562,0.05470459518599562,1.0000000000021103
F012_PID000000354,354,2019-09-10T00:08:55.182690560+00:00,64.81730944,-0.056768558951965066,0.056768558951965066,1.0000000000021103
F012_PID000000354,354,2019-09-10T00:08:55.486843136+00:00,64.513156864,-0.05470459518599562,0.05470459518599562,1.0000000000021103
F012_PID000000354,354,2019-09-10T00:08:55.498562560+00:00,64.50143744,-0.056768558951965066,0.056768558951965066,1.0000000000021103
F012_PID000000354,354,2019-09-10T00:08:56.058158080+00:00,63.94184192,-0.05470459518599562,0.05470459518599562,1.0000000000021103
F012_PID000000354,354,2019-09-10T00:09:01.135716096+00:00,58.864283904,-0.056768558951965066,0.056768558951965066,1.0000000000021103
F012_PID000000354,354,2019-09-10T00:09:05.252007936+00:00,54.747992064,-0.056768558951965066,0.056768558951965066,1.0000000000021103
F012_PID000000354,354,2019-09-10T00:09:05.252018688+00:00,54.747981312,-0.05908096280087528,0.05908096280087528,1.0000000000021103
F012_PID000000354,354,2019-09-10T00:09:05.252209408+00:00,54.747790592,-0.054466230936819175,0.054466230936819175,1.0000000000021103
F012_PID000000354,354,2019-09-10T00:09:06.806859264+00:00,53.193140736,-0.054466230936819175,0.054466230936819175,1.0000000000021103
F012_PID000000354,354,2019-09-10T00:09:10.157814528+00:00,49.842185472,-0.05240174672489083,0.05240174672489083,1.0000000000021103
F012_PID000000354,354,2019-09-10T00:09:10.158485504+00:00,49.841514496,-0.05240174672489083,0.05240174672489083,1.0000000000021103
F012_PID000000354,354,2019-09-10T00:09:10.164205824+00:00,49.835794176,-0.054466230936819175,0.054466230936819175,1.0000000000021103
F012_PID000000354,354,2019-09-10T00:09:10.164484096+00:00,49.835515904,-0.054466230936819175,0.054466230936819175,1.0000000000021103
F012_PID000000354,354,2019-09-10T00:09:10.784770816+00:00,49.215229184,-0.05240174672489083,0.05240174672489083,1.0000000000021103
F012_PID000000354,354,2019-09-10T00:09:11.309722368+00:00,48.690277632,-0.05470459518599562,0.05470459518599562,1.0000000000021103
F012_PID000000354,354,2019-09-10T00:09:11.309855488+00:00,48.690144512,-0.05701754385964912,0.05701754385964912,1.0000000000021103
F012_PID000000354,354,2019-09-10T00:09:11.309995264+00:00,48.690004736,-0.0611353711790393,0.0611353711790393,1.0000000000021103
F012_PID000000354,354,2019-09-10T00:09:11.429825024+00:00,48.570174976,-0.07127429805615551,0.07127429805615551,1.0000000000021103
F012_PID000000354,354,2019-09-10T00:09:11.429983744+00:00,48.570016256,-0.07725321888412018,0.07725321888412018,1.0000000000021103
F012_PID000000354,354,2019-09-10T00:09:11.430123264+00:00,48.569876736,-0.08189655172413793,0.08189655172413793,1.0000000000021103
F012_PID000000354,354,2019-09-10T00:09:11.430131456+00:00,48.569868544,-0.08423326133909287,0.08423326133909287,1.0000000000021103
F012_PID000000354,354,2019-09-10T00:09:11.431047680+00:00,48.56895232,-0.07423580786026202,0.07423580786026202,1.0000000000021103
F012_PID000000354,354,2019-09-10T00:09:11.431202560+00:00,48.56879744,-0.0718954248366013,0.0718954248366013,1.0000000000021103
F012_PID000000354,354,2019-09-10T00:09:11.431341312+00:00,48.568658688,-0.06724511930585683,0.06724511930585683,1.0000000000021103
F012_PID000000354,354,2019-09-10T00:09:11.431872+00:00,48.568128,-0.06724511930585683,0.06724511930585683,1.0000000000021103
F012_PID000000354,354,2019-09-10T00:09:11.432596736+00:00,48.567403264,-0.06724511930585683,0.06724511930585683,1.0000000000021103
F012_PID000000354,354,2019-09-10T00:09:11.432606208+00:00,48.567393792,-0.06724511930585683,0.06724511930585683,1.0000000000021103
F012_PID000000354,354,2019-09-10T00:09:11.606473216+00:00,48.393526784,-0.06493506493506493,0.06493506493506493,1.0000000000021103
F012_PID000000354,354,2019-09-10T00:09:11.606694144+00:00,48.393305856,-0.06263498920086392,0.06263498920086392,1.0000000000021103
F012_PID000000354,354,2019-09-10T00:09:11.606831360+00:00,48.39316864,-0.05856832971800434,0.05856832971800434,1.0000000000021103
F012_PID000000354,354,2019-09-10T00:09:12.973190912+00:00,47.026809088,-0.06086956521739131,0.06086956521739131,1.0000000000021103
F012_PID000000354,354,2019-09-10T00:09:12.973322496+00:00,47.026677504,-0.06318082788671024,0.06318082788671024,1.0000000000021103
F012_PID000000354,354,2019-09-10T00:09:13.026356224+00:00,46.973643776,-0.06086956521739131,0.06086956521739131,1.0000000000021103
F012_PID000000354,354,2019-09-10T00:09:13.028337408+00:00,46.971662592,-0.05856832971800434,0.05856832971800434,1.0000000000021103
F012_PID000000354,354,2019-09-10T00:09:16.197238528+00:00,43.802761472,-0.06666666666666667,0.06666666666666667,1.0000000000021103
F012_PID000000354,354,2019-09-10T00:09:16.197442560+00:00,43.80255744,-0.06896551724137931,0.06896551724137931,1.0000000000021103
F012_PID000000354,354,2019-09-10T00:09:16.198074624+00:00,43.801925376,-0.07127429805615551,0.07127429805615551,1.0000000000021103
F012_PID000000354,354,2019-09-10T00:09:16.198723328+00:00,43.801276672,-0.07127429805615551,0.07127429805615551,1.0000000000021103
F012_PID000000354,354,2019-09-10T00:09:16.198745856+00:00,43.801254144,-0.08061002178649238,0.08061002178649238,1.0000000000021103
F012_PID000000354,354,2019-09-10T00:09:16.198755072+00:00,43.801244928,-0.08296943231441048,0.08296943231441048,1.0000000000021103
F012_PID000000354,354,2019-09-10T00:09:16.198763520+00:00,43.80123648,-0.08533916849015317,0.08533916849015317,1.0000000000021103
F012_PID000000354,354,2019-09-10T00:09:16.199104768+00:00,43.800895232,-0.08932461873638345,0.08932461873638345,1.0000000000021103
F012_PID000000354,354,2019-09-10T00:09:16.199104768+00:00,43.800895232,-0.09409190371991247,0.09409190371991247,1.0000000000021103
F012_PID000000354,354,2019-09-10T00:09:16.199160320+00:00,43.80083968,-0.09409190371991247,0.09409190371991247,1.0000000000021103
F012_PID000000354,354,2019-09-10T00:09:16.199160320+00:00,43.80083968,-0.004016064257028112,0.004016064257028112,1.9999999999997797
F012_PID000000354,354,2019-09-10T00:09:16.199314688+00:00,43.800685312,0.1561771561771562,-0.1561771561771562,0.9999999999976694
F012_PID000000354,354,2019-09-10T00:09:16.199773184+00:00,43.800226816,0.15348837209302327,-0.15348837209302327,0.9999999999976694
F012_PID000000354,354,2019-09-10T00:09:16.199969024+00:00,43.800030976,0.15151515151515152,-0.15151515151515152,0.9999999999976694
F012_PID000000354,354,2019-09-10T00:09:16.199969024+00:00,43.800030976,0.12272727272727273,-0.12272727272727273,0.9999999999976694
F012_PID000000354,354,2019-09-10T00:09:16.199997952+00:00,43.800002048,0.12272727272727273,-0.12272727272727273,0.9999999999976694
F012_PID000000354,354,2019-09-10T00:09:16.200032+00:00,43.799968,0.10762331838565023,-0.10762331838565023,0.9999999999976694
F012_PID000000354,354,2019-09-10T00:09:16.200186368+00:00,43.799813632,0.10514541387024609,-0.10514541387024609,0.9999999999976694
F012_PID000000354,354,2019-09-10T00:09:16.200387584+00:00,43.799612416,0.10267857142857142,-0.10267857142857142,0.9999999999976694
F012_PID000000354,354,2019-09-10T00:09:16.200397824+00:00,43.799602176,0.10267857142857142,-0.10267857142857142,0.9999999999976694
F012_PID000000354,354,2019-09-10T00:09:16.200532480+00:00,43.79946752,0.10514541387024609,-0.10514541387024609,0.9999999999976694
F012_PID000000354,354,2019-09-10T00:09:16.200642816+00:00,43.799357184,0.10762331838565023,-0.10762331838565023,0.9999999999976694
F012_PID000000354,354,2019-09-10T00:09:16.206925568+00:00,43.793074432,0.10762331838565023,-0.10762331838565023,0.9999999999976694
F012_PID000000354,354,2019-09-10T00:09:16.208569856+00:00,43.791430144,0.09777777777777778,-0.09777777777777778,0.9999999999976694
F012_PID000000354,354,2019-09-10T00:09:16.211086848+00:00,43.788913152,0.09777777777777778,-0.09777777777777778,0.9999999999976694
F012_PID000000354,354,2019-09-10T00:09:16.211097856+00:00,43.788902144,-0.06261859582542695,0.06261859582542695,1.9999999999997797
F012_PID000000354,354,2019-09-10T00:09:16.211483904+00:00,43.788516096,-0.1522633744855967,0.1522633744855967,1.0000000000021103
F012_PID000000354,354,2019-09-10T00:09:16.211537664+00:00,43.788462336,-0.15918367346938775,0.15918367346938775,1.0000000000021103
F012_PID000000354,354,2019-09-10T00:09:16.211835136+00:00,43.788164864,-0.15682281059063136,0.15682281059063136,1.0000000000021103
F012_PID000000354,354,2019-09-10T00:09:16.212115968+00:00,43.787884032,-0.15682281059063136,0.15682281059063136,1.0000000000021103
F012_PID000000354,354,2019-09-10T00:09:16.212115968+00:00,43.787884032,-0.16155419222903886,0.16155419222903886,1.0000000000021103
F012_PID000000354,354,2019-09-10T00:09:16.212140544+00:00,43.787859456,-0.0696798493408663,0.0696798493408663,1.9999999999997797
F012_PID000000354,354,2019-09-10T00:09:16.212158976+00:00,43.787841024,-0.07142857142857142,0.07142857142857142,1.9999999999997797
F012_PID000000354,354,2019-09-10T00:09:16.212393728+00:00,43.787606272,0.0881057268722467,-0.0881057268722467,0.9999999999976694
F012_PID000000354,354,2019-09-10T00:09:16.212636928+00:00,43.787363072,0.0881057268722467,-0.0881057268722467,0.9999999999976694
F012_PID000000354,354,2019-09-10T00:09:16.212644864+00:00,43.787355136,0.0881057268722467,-0.0881057268722467,0.9999999999976694
F012_PID000000354,354,2019-09-10T00:09:16.212956928+00:00,43.787043072,0.0881057268722467,-0.0881057268722467,0.9999999999976694
F012_PID000000354,354,2019-09-10T00:09:16.213103360+00:00,43.78689664,0.0881057268722467,-0.0881057268722467,0.9999999999976694
F012_PID000000354,354,2019-09-10T00:09:16.213124352+00:00,43.786875648,0.0881057268722467,-0.0881057268722467,0.9999999999976694
F012_PID000000354,354,2019-09-10T00:09:16.232816128+00:00,43.767183872,0.084070796460177,-0.084070796460177,0.9999999999976694
F012_PID000000354,354,2019-09-10T00:09:16.294174208+00:00,43.705825792,-0.07547169811320754,0.07547169811320754,1.9999999999997797
F012_PID000000354,354,2019-09-10T00:09:16.294505728+00:00,43.705494272,-0.07344632768361582,0.07344632768361582,1.9999999999997797
F012_PID000000354,354,2019-09-10T00:09:16.295144960+00:00,43.70485504,-0.07344632768361582,0.07344632768361582,1.9999999999997797
F012_PID000000354,354,2019-09-10T00:09:16.309213184+00:00,43.690786816,-0.08159392789373814,0.08159392789373814,1.9999999999997797
F012_PID000000354,354,2019-09-10T00:09:16.309224448+00:00,43.690775552,-0.08986615678776291,0.08986615678776291,1.9999999999997797
F012_PID000000354,354,2019-09-10T00:09:16.336427776+00:00,43.663572224,0.06726457399103139,-0.06726457399103139,0.9999999999976694
F012_PID000000354,354,2019-09-10T00:09:16.336646656+00:00,43.663353344,0.060133630289532294,-0.060133630289532294,0.9999999999976694
F012_PID000000354,354,2019-09-10T00:09:16.336707840+00:00,43.66329216,0.05543237250554324,-0.05543237250554324,0.9999999999976694
F012_PID000000354,354,2019-09-10T00:09:16.336883456+00:00,43.663116544,0.05333333333333334,-0.05333333333333334,0.9999999999976694
F012_PID000000354,354,2019-09-10T00:09:16.337054208+00:00,43.662945792,0.050997782705099776,-0.050997782705099776,0.9999999999976694
F012_PID000000354,354,2019-09-10T00:09:16.337054208+00:00,43.662945792,0.04035874439461883,-0.04035874439461883,0.9999999999976694
F012_PID000000354,354,2019-09-10T00:09:16.337327872+00:00,43.662672128,0.04035874439461883,-0.04035874439461883,0.9999999999976694
F012_PID000000354,354,2019-09-10T00:09:16.350353664+00:00,43.649646336,0.0228310502283105,-0.0228310502283105,0.9999999999976694
F012_PID000000354,354,2019-09-10T00:09:16.367956992+00:00,43.632043008,0.016091954022988506,-0.016091954022988506,0.9999999999976694
F012_PID000000354,354,2019-09-10T00:09:16.368464384+00:00,43.631535616,0.011547344110854504,-0.011547344110854504,0.9999999999976694
F012_PID000000354,354,2019-09-10T00:09:16.369200128+00:00,43.630799872,0.011547344110854504,-0.011547344110854504,0.9999999999976694
F012_PID000000354,354,2019-09-10T00:09:16.369421056+00:00,43.630578944,0.004651162790697674,-0.004651162790697674,0.9999999999976694
F012_PID000000354,354,2019-09-10T00:09:16.369867264+00:00,43.630132736,0.0,-0.0,0.9999999999976694
F012_PID000000354,354,2019-09-10T00:09:16.374343680+00:00,43.62565632,-0.004608294930875576,0.004608294930875576,0.9999999999976694
F012_PID000000354,354,2019-09-10T00:09:16.397857536+00:00,43.602142464,-0.004608294930875576,0.004608294930875576,0.9999999999976694
F012_PID000000354,354,2019-09-10T00:09:16.398437632+00:00,43.601562368,-0.004608294930875576,0.004608294930875576,0.9999999999976694
F012_PID000000354,354,2019-09-10T00:09:16.409185536+00:00,43.590814464,0.0,-0.0,0.9999999999976694
F012_PID000000354,354,2019-09-10T00:09:16.556662528+00:00,43.443337472,0.0,-0.0,0.9999999999976694
F012_PID000000354,354,2019-09-10T00:09:16.628014336+00:00,43.371985664,-0.006896551724137931,0.006896551724137931,0.9999999999976694
F012_PID000000354,354,2019-09-10T00:09:16.628156672+00:00,43.371843328,-0.009216589861751152,0.009216589861751152,0.9999999999976694
F012_PID000000354,354,2019-09-10T00:09:16.628299008+00:00,43.371700992,-0.011494252873563218,0.011494252873563218,0.9999999999976694
F012_PID000000354,354,2019-09-10T00:09:16.629080832+00:00,43.370919168,-0.02050113895216401,0.02050113895216401,0.9999999999976694
F012_PID000000354,354,2019-09-10T00:09:16.715303936+00:00,43.284696064,-0.02050113895216401,0.02050113895216401,0.9999999999976694
F012_PID000000354,354,2019-09-10T00:09:17.021685504+00:00,42.978314496,-0.02050113895216401,0.02050113895216401,0.9999999999976694
F012_PID000000354,354,2019-09-10T00:09:18.263998464+00:00,41.736001536,-0.013761467889908258,0.013761467889908258,0.9999999999976694
F012_PID000000354,354,2019-09-10T00:09:18.788529408+00:00,41.211470592,-0.022727272727272728,0.022727272727272728,0.9999999999976694
F012_PID000000354,354,2019-09-10T00:09:18.803886592+00:00,41.196113408,-0.022727272727272728,0.022727272727272728,0.9999999999976694
F012_PID000000354,354,2019-09-10T00:09:20.194034176+00:00,39.805965824,-0.02050113895216401,0.02050113895216401,0.9999999999976694
F012_PID000000354,354,2019-09-10T00:09:20.195143680+00:00,39.80485632,-0.022727272727272728,0.022727272727272728,0.9999999999976694
F012_PID000000354,354,2019-09-10T00:09:21.171566336+00:00,38.828433664,-0.022727272727272728,0.022727272727272728,0.9999999999976694
F012_PID000000354,354,2019-09-10T00:09:21.171720448+00:00,38.828279552,-0.025056947608200455,0.025056947608200455,0.9999999999976694
F012_PID000000354,354,2019-09-10T00:09:23.268964096+00:00,36.731035904,-0.025056947608200455,0.025056947608200455,0.9999999999976694
F012_PID000000354,354,2019-09-10T00:09:23.270216192+00:00,36.729783808,-0.0228310502283105,0.0228310502283105,0.9999999999976694
F012_PID000000354,354,2019-09-10T00:09:23.273750784+00:00,36.726249216,-0.0228310502283105,0.0228310502283105,0.9999999999976694
F012_PID000000354,354,2019-09-10T00:09:23.294784+00:00,36.705216,-0.0228310502283105,0.0228310502283105,0.9999999999976694
F012_PID000000354,354,2019-09-10T00:09:23.300104448+00:00,36.699895552,-0.0228310502283105,0.0228310502283105,0.9999999999976694
F012_PID000000354,354,2019-09-10T00:09:23.303702528+00:00,36.696297472,-0.0228310502283105,0.0228310502283105,0.9999999999976694
F012_PID000000354,354,2019-09-10T00:09:23.370572288+00:00,36.629427712,-0.0228310502283105,0.0228310502283105,0.9999999999976694
F012_PID000000354,354,2019-09-10T00:09:23.472876032+00:00,36.527123968,-0.0228310502283105,0.0228310502283105,0.9999999999976694
F012_PID000000354,354,2019-09-10T00:09:24.441288448+00:00,35.558711552,-0.02050113895216401,0.02050113895216401,0.9999999999976694
F012_PID000000354,354,2019-09-10T00:09:24.441465088+00:00,35.558534912,-0.01818181818181818,0.01818181818181818,0.9999999999976694
F012_PID000000354,354,2019-09-10T00:09:24.455904+00:00,35.544096,-0.037037037037037035,0.037037037037037035,0.9999999999976694
F012_PID000000354,354,2019-09-10T00:09:24.706728704+00:00,35.293271296,-0.037037037037037035,0.037037037037037035,0.9999999999976694
F012_PID000000354,354,2019-09-10T00:09:25.874245120+00:00,34.12575488,-0.037037037037037035,0.037037037037037035,0.9999999999976694
F012_PID000000354,354,2019-09-10T00:09:26.544386560+00:00,33.45561344,-0.037037037037037035,0.037037037037037035,0.9999999999976694
F012_PID000000354,354,2019-09-10T00:09:27.580186880+00:00,32.41981312,-0.037037037037037035,0.037037037037037035,0.9999999999976694
F012_PID000000354,354,2019-09-10T00:09:27.591516416+00:00,32.408483584,-0.037037037037037035,0.037037037037037035,0.9999999999976694
F012_PID000000354,354,2019-09-10T00:09:27.602898176+00:00,32.397101824,-0.037037037037037035,0.037037037037037035,0.9999999999976694
F012_PID000000354,354,2019-09-10T00:09:30.629968640+00:00,29.37003136,-0.037037037037037035,0.037037037037037035,0.9999999999976694
F012_PID000000354,354,2019-09-10T00:09:30.650881024+00:00,29.349118976,-0.037037037037037035,0.037037037037037035,0.9999999999976694
F012_PID000000354,354,2019-09-10T00:09:30.652855296+00:00,29.347144704,-0.037037037037037035,0.037037037037037035,0.9999999999976694
F012_PID000000354,354,2019-09-10T00:09:30.753250304+00:00,29.246749696,-0.037037037037037035,0.037037037037037035,0.9999999999976694
F012_PID000000354,354,2019-09-10T00:09:31.748844288+00:00,28.251155712,-0.03926096997690531,0.03926096997690531,0.9999999999976694
F012_PID000000354,354,2019-09-10T00:09:31.923785472+00:00,28.076214528,-0.037037037037037035,0.037037037037037035,0.9999999999976694
F012_PID000000354,354,2019-09-10T00:09:32.190188288+00:00,27.809811712,-0.037037037037037035,0.037037037037037035,0.9999999999976694
F012_PID000000354,354,2019-09-10T00:09:32.194324224+00:00,27.805675776,-0.028037383177570093,0.028037383177570093,0.9999999999976694
F012_PID000000354,354,2019-09-10T00:09:32.194333696+00:00,27.805666304,-0.009174311926605505,0.009174311926605505,0.9999999999976694
F012_PID000000354,354,2019-09-10T00:09:32.194467584+00:00,27.805532416,-0.006864988558352402,0.006864988558352402,0.9999999999976694
F012_PID000000354,354,2019-09-10T00:09:32.198999808+00:00,27.801000192,-0.006864988558352402,0.006864988558352402,0.9999999999976694
F012_PID000000354,354,2019-09-10T00:09:32.334780416+00:00,27.665219584,-0.0022988505747126436,0.0022988505747126436,0.9999999999976694
F012_PID000000354,354,2019-09-10T00:09:32.957594368+00:00,27.042405632,-0.0045871559633027525,0.0045871559633027525,0.9999999999976694
F012_PID000000354,354,2019-09-10T00:09:33.231255040+00:00,26.76874496,-0.006864988558352402,0.006864988558352402,0.9999999999976694
F012_PID000000354,354,2019-09-10T00:09:33.510381568+00:00,26.489618432,-0.006864988558352402,0.006864988558352402,0.9999999999976694
F012_PID000000354,354,2019-09-10T00:09:33.624064+00:00,26.375936,-0.006864988558352402,0.006864988558352402,0.9999999999976694
F012_PID000000354,354,2019-09-10T00:09:33.624786688+00:00,26.375213312,-0.006864988558352402,0.006864988558352402,0.9999999999976694
F012_PID000000354,354,2019-09-10T00:09:33.627814656+00:00,26.372185344,-0.006864988558352402,0.006864988558352402,0.9999999999976694
F012_PID000000354,354,2019-09-10T00:09:33.628950272+00:00,26.371049728,-0.006864988558352402,0.006864988558352402,0.9999999999976694
F012_PID000000354,354,2019-09-10T00:09:33.629341184+00:00,26.370658816,-0.006864988558352402,0.006864988558352402,0.9999999999976694
F012_PID000000354,354,2019-09-10T00:09:33.629982208+00:00,26.370017792,-0.006864988558352402,0.006864988558352402,0.9999999999976694
F012_PID000000354,354,2019-09-10T00:09:33.678898432+00:00,26.321101568,-0.006864988558352402,0.006864988558352402,0.9999999999976694
F012_PID000000354,354,2019-09-10T00:09:33.788338688+00:00,26.211661312,-0.0045871559633027525,0.0045871559633027525,0.9999999999976694
F012_PID000000354,354,2019-09-10T00:09:33.791149824+00:00,26.208850176,-0.006864988558352402,0.006864988558352402,0.9999999999976694
F012_PID000000354,354,2019-09-10T00:09:34.732880128+00:00,25.267119872,-0.0045871559633027525,0.0045871559633027525,0.9999999999976694
F012_PID000000354,354,2019-09-10T00:09:34.873674752+00:00,25.126325248,-0.006864988558352402,0.006864988558352402,0.9999999999976694
F012_PID000000354,354,2019-09-10T00:09:35.375144960+00:00,24.62485504,-0.0045871559633027525,0.0045871559633027525,0.9999999999976694
F012_PID000000354,354,2019-09-10T00:09:35.376829696+00:00,24.623170304,-0.006864988558352402,0.006864988558352402,0.9999999999976694
F012_PID000000354,354,2019-09-10T00:09:35.423173120+00:00,24.57682688,-0.0045871559633027525,0.0045871559633027525,0.9999999999976694
F012_PID000000354,354,2019-09-10T00:09:35.540909056+00:00,24.459090944,-0.006864988558352402,0.006864988558352402,0.9999999999976694
F012_PID000000354,354,2019-09-10T00:09:35.840094208+00:00,24.159905792,-0.0045871559633027525,0.0045871559633027525,0.9999999999976694
F012_PID000000354,354,2019-09-10T00:09:35.907665664+00:00,24.092334336,-0.006864988558352402,0.006864988558352402,0.9999999999976694
F012_PID000000354,354,2019-09-10T00:09:35.963745792+00:00,24.036254208,-0.0045871559633027525,0.0045871559633027525,0.9999999999976694
F012_PID000000354,354,2019-09-10T00:09:36.035203328+00:00,23.964796672,-0.006864988558352402,0.006864988558352402,0.9999999999976694
F012_PID000000354,354,2019-09-10T00:09:36.085100800+00:00,23.9148992,-0.0045871559633027525,0.0045871559633027525,0.9999999999976694
F012_PID000000354,354,2019-09-10T00:09:36.096743424+00:00,23.903256576,0.0023094688221709007,-0.0023094688221709007,0.9999999999976694
F012_PID000000354,354,2019-09-10T00:09:36.153884416+00:00,23.846115584,0.0023094688221709007,-0.0023094688221709007,0.9999999999976694
F012_PID000000354,354,2019-09-10T00:09:36.166963968+00:00,23.833036032,0.0,-0.0,0.9999999999976694
F012_PID000000354,354,2019-09-10T00:09:36.175753984+00:00,23.824246016,0.0023094688221709007,-0.0023094688221709007,0.9999999999976694
F012_PID000000354,354,2019-09-10T00:09:36.233432576+00:00,23.766567424,-0.0022988505747126436,0.0022988505747126436,0.9999999999976694
F012_PID000000354,354,2019-09-10T00:09:36.251516160+00:00,23.74848384,-0.0045871559633027525,0.0045871559633027525,0.9999999999976694
F012_PID000000354,354,2019-09-10T00:09:36.296760064+00:00,23.703239936,-0.011389521640091117,0.011389521640091117,0.9999999999976694
F012_PID000000354,354,2019-09-10T00:09:38.099026944+00:00,21.900973056,-0.0091324200913242,0.0091324200913242,0.9999999999976694
F012_PID000000354,354,2019-09-10T00:09:38.100050944+00:00,21.899949056,-0.011389521640091117,0.011389521640091117,0.9999999999976694
F012_PID000000354,354,2019-09-10T00:09:38.152288256+00:00,21.847711744,-0.0091324200913242,0.0091324200913242,0.9999999999976694
F012_PID000000354,354,2019-09-10T00:09:38.233353984+00:00,21.766646016,-0.01809954751131222,0.01809954751131222,0.9999999999976694
F012_PID000000354,354,2019-09-10T00:09:38.239199488+00:00,21.760800512,-0.02040816326530612,0.02040816326530612,0.9999999999976694
F012_PID000000354,354,2019-09-10T00:09:38.248781824+00:00,21.751218176,-0.02040816326530612,0.02040816326530612,0.9999999999976694
F012_PID000000354,354,2019-09-10T00:09:38.332241408+00:00,21.667758592,-0.011441647597254004,0.011441647597254004,0.9999999999976694
F012_PID000000354,354,2019-09-10T00:09:38.562444800+00:00,21.4375552,-0.006896551724137931,0.006896551724137931,0.9999999999976694
F012_PID000000354,354,2019-09-10T00:09:39.414213376+00:00,20.585786624,-0.0045871559633027525,0.0045871559633027525,0.9999999999976694
F012_PID000000354,354,2019-09-10T00:09:39.417317632+00:00,20.582682368,-0.0045871559633027525,0.0045871559633027525,0.9999999999976694
F012_PID000000354,354,2019-09-10T00:09:40.129105920+00:00,19.87089408,-0.006864988558352402,0.006864988558352402,0.9999999999976694
F012_PID000000354,354,2019-09-10T00:09:40.129254144+00:00,19.870745856,-0.009174311926605505,0.009174311926605505,0.9999999999976694
F012_PID000000354,354,2019-09-10T00:09:40.129423872+00:00,19.870576128,-0.006864988558352402,0.006864988558352402,0.9999999999976694
F012_PID000000354,354,2019-09-10T00:09:40.829933312+00:00,19.170066688,-0.0045871559633027525,0.0045871559633027525,0.9999999999976694
F012_PID000000354,354,2019-09-10T00:09:41.148890880+00:00,18.85110912,0.0023094688221709007,-0.0023094688221709007,0.9999999999976694
F012_PID000000354,354,2019-09-10T00:09:41.161352960+00:00,18.83864704,0.004608294930875576,-0.004608294930875576,0.9999999999976694
F012_PID000000354,354,2019-09-10T00:09:41.161491456+00:00,18.838508544,0.009259259259259259,-0.009259259259259259,0.9999999999976694
F012_PID000000354,354,2019-09-10T00:09:41.161622784+00:00,18.838377216,0.006928406466512702,-0.006928406466512702,0.9999999999976694
F012_PID000000354,354,2019-09-10T00:09:41.162119936+00:00,18.837880064,0.009259259259259259,-0.009259259259259259,0.9999999999976694
F012_PID000000354,354,2019-09-10T00:09:41.163429376+00:00,18.836570624,0.006928406466512702,-0.006928406466512702,0.9999999999976694
F012_PID000000354,354,2019-09-10T00:09:41.170620160+00:00,18.82937984,0.009259259259259259,-0.009259259259259259,0.9999999999976694
F012_PID000000354,354,2019-09-10T00:09:41.174667776+00:00,18.825332224,0.009259259259259259,-0.009259259259259259,0.9999999999976694
F012_PID000000354,354,2019-09-10T00:09:42.398833152+00:00,17.601166848,0.006928406466512702,-0.006928406466512702,0.9999999999976694
F012_PID000000354,354,2019-09-10T00:09:43.265267968+00:00,16.734732032,0.006928406466512702,-0.006928406466512702,0.9999999999976694
F012_PID000000354,354,2019-09-10T00:09:45.122208512+00:00,14.877791488,0.006928406466512702,-0.006928406466512702,0.9999999999976694
F012_PID000000354,354,2019-09-10T00:09:45.122219008+00:00,14.877780992,0.01160092807424594,-0.01160092807424594,0.9999999999976694
F012_PID000000354,354,2019-09-10T00:09:45.122621952+00:00,14.877378048,0.018691588785046728,-0.018691588785046728,0.9999999999976694
F012_PID000000354,354,2019-09-10T00:09:45.331620096+00:00,14.668379904,0.02107728337236534,-0.02107728337236534,0.9999999999976694
F012_PID000000354,354,2019-09-10T00:09:45.331778816+00:00,14.668221184,0.027906976744186046,-0.027906976744186046,0.9999999999976694
F012_PID000000354,354,2019-09-10T00:09:45.332054272+00:00,14.667945728,0.027906976744186046,-0.027906976744186046,0.9999999999976694
F012_PID000000354,354,2019-09-10T00:09:45.332077056+00:00,14.667922944,0.03271028037383177,-0.03271028037383177,0.9999999999976694
F012_PID000000354,354,2019-09-10T00:09:45.332077056+00:00,14.667922944,0.041666666666666664,-0.041666666666666664,0.9999999999976694
F012_PID000000354,354,2019-09-10T00:09:45.332077056+00:00,14.667922944,0.04827586206896552,-0.04827586206896552,0.9999999999976694
F012_PID000000354,354,2019-09-10T00:09:45.332431360+00:00,14.66756864,0.04827586206896552,-0.04827586206896552,0.9999999999976694
F012_PID000000354,354,2019-09-10T00:09:45.332468480+00:00,14.66753152,-0.10412573673870335,0.10412573673870335,1.9999999999997797
F012_PID000000354,354,2019-09-10T00:09:45.332762624+00:00,14.667237376,-0.10059171597633136,0.10059171597633136,1.9999999999997797
F012_PID000000354,354,2019-09-10T00:09:45.333177344+00:00,14.666822656,-0.19742489270386265,0.19742489270386265,1.0000000000021103
F012_PID000000354,354,2019-09-10T00:09:45.333177344+00:00,14.666822656,-0.1948608137044968,0.1948608137044968,1.0000000000021103
F012_PID000000354,354,2019-09-10T00:09:45.333177344+00:00,14.666822656,-0.20169851380042464,0.20169851380042464,1.0000000000021103
F012_PID000000354,354,2019-09-10T00:09:45.333201152+00:00,14.666798848,-0.20507399577167018,0.20507399577167018,1.0000000000021103
F012_PID000000354,354,2019-09-10T00:09:45.333344768+00:00,14.666655232,-0.2,0.2,1.0000000000021103
F012_PID000000354,354,2019-09-10T00:09:45.333557760+00:00,14.66644224,-0.19747899159663865,0.19747899159663865,1.0000000000021103
F012_PID000000354,354,2019-09-10T00:09:45.333689856+00:00,14.666310144,-0.19747899159663865,0.19747899159663865,1.0000000000021103
F012_PID000000354,354,2019-09-10T00:09:45.333689856+00:00,14.666310144,-0.1949685534591195,0.1949685534591195,1.0000000000021103
F012_PID000000354,354,2019-09-10T00:09:45.334019840+00:00,14.66598016,-0.1949685534591195,0.1949685534591195,1.0000000000021103
F012_PID000000354,354,2019-09-10T00:09:45.334030336+00:00,14.665969664,-0.1949685534591195,0.1949685534591195,1.0000000000021103
F012_PID000000354,354,2019-09-10T00:09:45.334874112+00:00,14.665125888,-0.1949685534591195,0.1949685534591195,1.0000000000021103
F012_PID000000354,354,2019-09-10T00:09:45.342134272+00:00,14.657865728,-0.18503118503118504,0.18503118503118504,1.0000000000021103
F012_PID000000354,354,2019-09-10T00:09:45.342539008+00:00,14.657460992,-0.1825726141078838,0.1825726141078838,1.0000000000021103
F012_PID000000354,354,2019-09-10T00:09:45.344654080+00:00,14.65534592,-0.16326530612244897,0.16326530612244897,1.0000000000021103
F012_PID000000354,354,2019-09-10T00:09:45.409850368+00:00,14.590149632,-0.15637860082304528,0.15637860082304528,1.0000000000021103
F012_PID000000354,354,2019-09-10T00:09:45.441208320+00:00,14.55879168,-0.15289256198347106,0.15289256198347106,1.0000000000021103
F012_PID000000354,354,2019-09-10T00:09:45.444409600+00:00,14.5555904,-0.15113871635610765,0.15113871635610765,1.0000000000021103
F012_PID000000354,354,2019-09-10T00:09:45.524379392+00:00,14.475620608,-0.15113871635610765,0.15113871635610765,1.0000000000021103
F012_PID000000354,354,2019-09-10T00:09:45.526411520+00:00,14.47358848,-0.15113871635610765,0.15113871635610765,1.0000000000021103
F012_PID000000354,354,2019-09-10T00:09:45.679731968+00:00,14.320268032,-0.15463917525773196,0.15463917525773196,1.0000000000021103
F012_PID000000354,354,2019-09-10T00:09:45.871395584+00:00,14.128604416,-0.1522633744855967,0.1522633744855967,1.0000000000021103
F012_PID000000354,354,2019-09-10T00:09:45.871674112+00:00,14.128325888,-0.14989733059548255,0.14989733059548255,1.0000000000021103
F012_PID000000354,354,2019-09-10T00:09:45.888696576+00:00,14.111303424,-0.1522633744855967,0.1522633744855967,1.0000000000021103
F012_PID000000354,354,2019-09-10T00:09:45.888834560+00:00,14.11116544,-0.15463917525773196,0.15463917525773196,1.0000000000021103
F012_PID000000354,354,2019-09-10T00:09:46.033688832+00:00,13.966311168,-0.14989733059548255,0.14989733059548255,1.0000000000021103
F012_PID000000354,354,2019-09-10T00:09:46.038985984+00:00,13.961014016,-0.1463917525773196,0.1463917525773196,1.0000000000021103
F012_PID000000354,354,2019-09-10T00:09:46.180878592+00:00,13.819121408,-0.15113871635610765,0.15113871635610765,1.0000000000021103
F012_PID000000354,354,2019-09-10T00:09:46.181021440+00:00,13.81897856,-0.15463917525773196,0.15463917525773196,1.0000000000021103
F012_PID000000354,354,2019-09-10T00:09:46.181030400+00:00,13.8189696,-0.1522633744855967,0.1522633744855967,1.0000000000021103
F012_PID000000354,354,2019-09-10T00:09:46.181715968+00:00,13.818284032,-0.14989733059548255,0.14989733059548255,1.0000000000021103
F012_PID000000354,354,2019-09-10T00:09:46.623392512+00:00,13.376607488,-0.1463917525773196,0.1463917525773196,1.0000000000021103
F012_PID000000354,354,2019-09-10T00:09:46.889792+00:00,13.110208,-0.1487603305785124,0.1487603305785124,1.0000000000021103
F012_PID000000354,354,2019-09-10T00:09:46.890191104+00:00,13.109808896,-0.1463917525773196,0.1463917525773196,1.0000000000021103
F012_PID000000354,354,2019-09-10T00:09:48.370533376+00:00,11.629466624,-0.1446280991735537,0.1446280991735537,1.0000000000021103
F012_PID000000354,354,2019-09-10T00:09:48.370542080+00:00,11.62945792,-0.1422680412371134,0.1422680412371134,1.0000000000021103
F012_PID000000354,354,2019-09-10T00:09:48.370738944+00:00,11.629261056,-0.13692946058091288,0.13692946058091288,1.0000000000021103
F012_PID000000354,354,2019-09-10T00:09:48.372733184+00:00,11.627266816,-0.1392931392931393,0.1392931392931393,1.0000000000021103
F012_PID000000354,354,2019-09-10T00:09:48.373001984+00:00,11.626998016,-0.1392931392931393,0.1392931392931393,1.0000000000021103
F012_PID000000354,354,2019-09-10T00:09:48.373533440+00:00,11.62646656,-0.13389121338912133,0.13389121338912133,1.0000000000021103
F012_PID000000354,354,2019-09-10T00:09:48.375480832+00:00,11.624519168,-0.13389121338912133,0.13389121338912133,1.0000000000021103
F012_PID000000354,354,2019-09-10T00:09:48.465165056+00:00,11.534834944,-0.13389121338912133,0.13389121338912133,1.0000000000021103
F012_PID000000354,354,2019-09-10T00:09:48.493362432+00:00,11.506637568,-0.12658227848101267,0.12658227848101267,1.0000000000021103
F012_PID000000354,354,2019-09-10T00:09:48.493912064+00:00,11.506087936,-0.12473572938689217,0.12473572938689217,1.0000000000021103
F012_PID000000354,354,2019-09-10T00:09:48.516021504+00:00,11.483978496,-0.12842105263157894,0.12842105263157894,1.0000000000021103
F012_PID000000354,354,2019-09-10T00:09:48.543566592+00:00,11.456433408,-0.1320754716981132,0.1320754716981132,1.0000000000021103
F012_PID000000354,354,2019-09-10T00:09:48.614045952+00:00,11.385954048,-0.13569937369519833,0.13569937369519833,1.0000000000021103
F012_PID000000354,354,2019-09-10T00:09:48.614109952+00:00,11.385890048,-0.1375,0.1375,1.0000000000021103
F012_PID000000354,354,2019-09-10T00:09:48.637771776+00:00,11.362228224,-0.14107883817427386,0.14107883817427386,1.0000000000021103
F012_PID000000354,354,2019-09-10T00:09:49.117147136+00:00,10.882852864,-0.14345114345114346,0.14345114345114346,1.0000000000021103
F012_PID000000354,354,2019-09-10T00:09:49.117277952+00:00,10.882722048,-0.14583333333333334,0.14583333333333334,1.0000000000021103
F012_PID000000354,354,2019-09-10T00:09:49.118458624+00:00,10.881541376,-0.14345114345114346,0.14345114345114346,1.0000000000021103
F012_PID000000354,354,2019-09-10T00:09:49.121600512+00:00,10.878399488,-0.14107883817427386,0.14107883817427386,1.0000000000021103
F012_PID000000354,354,2019-09-10T00:09:50.544349696+00:00,9.455650304,-0.14345114345114346,0.14345114345114346,1.0000000000021103
F012_PID000000354,354,2019-09-10T00:09:50.544358912+00:00,9.455641088,-0.14583333333333334,0.14583333333333334,1.0000000000021103
F012_PID000000354,354,2019-09-10T00:09:50.569296896+00:00,9.430703104,-0.14345114345114346,0.14345114345114346,1.0000000000021103
F012_PID000000354,354,2019-09-10T00:09:52.504192768+00:00,7.495807232,-0.14107883817427386,0.14107883817427386,1.0000000000021103
F012_PID000000354,354,2019-09-10T00:09:52.512398592+00:00,7.487601408,-0.13636363636363635,0.13636363636363635,1.0000000000021103
F012_PID000000354,354,2019-09-10T00:09:54.196605440+00:00,5.80339456,-0.13278008298755187,0.13278008298755187,1.0000000000021103
F012_PID000000354,354,2019-09-10T00:09:54.196638720+00:00,5.80336128,-0.13097713097713098,0.13097713097713098,1.0000000000021103
F012_PID000000354,354,2019-09-10T00:09:54.610921216+00:00,5.389078784,-0.13636363636363635,0.13636363636363635,1.0000000000021103
F012_PID000000354,354,2019-09-10T00:09:57.675231232+00:00,2.324768768,-0.13097713097713098,0.13097713097713098,1.0000000000021103
F012_PID000000354,354,2019-09-10T00:09:59.702341120+00:00,0.29765888,-0.13278008298755187,0.13278008298755187,1.0000000000021103
