observation_date,available_at_utc,brent_usd
1987-05-20,1987-05-21T00:00:00Z,18.6300
1987-05-21,1987-05-22T00:00:00Z,18.4500
1987-05-22,1987-05-23T00:00:00Z,18.5500
1987-05-25,1987-05-26T00:00:00Z,18.6000
1987-05-26,1987-05-27T00:00:00Z,18.6300
1987-05-27,1987-05-28T00:00:00Z,18.6000
1987-05-28,1987-05-29T00:00:00Z,18.6000
1987-05-29,1987-05-30T00:00:00Z,18.5800
1987-06-01,1987-06-02T00:00:00Z,18.6500
1987-06-02,1987-06-03T00:00:00Z,18.6800
1987-06-03,1987-06-04T00:00:00Z,18.7500
1987-06-04,1987-06-05T00:00:00Z,18.7800
1987-06-05,1987-06-06T00:00:00Z,18.6500
1987-06-08,1987-06-09T00:00:00Z,18.7500
1987-06-09,1987-06-10T00:00:00Z,18.7800
1987-06-10,1987-06-11T00:00:00Z,18.7800
1987-06-11,1987-06-12T00:00:00Z,18.6800
1987-06-12,1987-06-13T00:00:00Z,18.7800
1987-06-16,1987-06-17T00:00:00Z,18.9000
1987-06-17,1987-06-18T00:00:00Z,19.0300
1987-06-18,1987-06-19T00:00:00Z,19.0500
1987-06-19,1987-06-20T00:00:00Z,19.0500
1987-06-22,1987-06-23T00:00:00Z,19.1000
1987-06-23,1987-06-24T00:00:00Z,18.9000
1987-06-24,1987-06-25T00:00:00Z,18.7500
1987-06-25,1987-06-26T00:00:00Z,18.7000
1987-06-26,1987-06-27T00:00:00Z,19.0800
1987-06-29,1987-06-30T00:00:00Z,19.1500
1987-06-30,1987-07-01T00:00:00Z,19.0800
1987-07-01,1987-07-02T00:00:00Z,18.9800
1987-07-02,1987-07-03T00:00:00Z,19.2500
1987-07-03,1987-07-04T00:00:00Z,19.3300
1987-07-06,1987-07-07T00:00:00Z,19.4800
1987-07-07,1987-07-08T00:00:00Z,19.5000
1987-07-08,1987-07-09T00:00:00Z,19.4800
1987-07-09,1987-07-10T00:00:00Z,19.6800
1987-07-10,1987-07-11T00:00:00Z,19.7300
1987-07-13,1987-07-14T00:00:00Z,19.8300
1987-07-14,1987-07-15T00:00:00Z,19.8800
1987-07-15,1987-07-16T00:00:00Z,20.2800
1987-07-16,1987-07-17T00:00:00Z,20.4000
1987-07-17,1987-07-18T00:00:00Z,20.6300
1987-07-20,1987-07-21T00:00:00Z,20.5500
1987-07-21,1987-07-22T00:00:00Z,20.3500
1987-07-22,1987-07-23T00:00:00Z,20.3300
1987-07-23,1987-07-24T00:00:00Z,20.1500
1987-07-24,1987-07-25T00:00:00Z,19.5800
1987-07-27,1987-07-28T00:00:00Z,19.3000
1987-07-28,1987-07-29T00:00:00Z,19.7800
1987-07-29,1987-07-30T00:00:00Z,19.9800
1987-07-30,1987-07-31T00:00:00Z,20.2000
1987-07-31,1987-08-01T00:00:00Z,20.0300
1987-08-03,1987-08-04T00:00:00Z,20.9500
1987-08-04,1987-08-05T00:00:00Z,20.6500
1987-08-05,1987-08-06T00:00:00Z,19.8000
1987-08-06,1987-08-07T00:00:00Z,19.7500
1987-08-07,1987-08-08T00:00:00Z,19.6500
1987-08-10,1987-08-11T00:00:00Z,19.4300
1987-08-11,1987-08-12T00:00:00Z,19.4500
1987-08-12,1987-08-13T00:00:00Z,19.5000
1987-08-13,1987-08-14T00:00:00Z,19.4000
1987-08-14,1987-08-15T00:00:00Z,19.2500
1987-08-17,1987-08-18T00:00:00Z,18.8500
1987-08-18,1987-08-19T00:00:00Z,18.7500
1987-08-19,1987-08-20T00:00:00Z,18.5000
1987-08-20,1987-08-21T00:00:00Z,18.3000
1987-08-21,1987-08-22T00:00:00Z,18.1000
1987-08-24,1987-08-25T00:00:00Z,17.4800
1987-08-25,1987-08-26T00:00:00Z,17.5500
1987-08-26,1987-08-27T00:00:00Z,18.1000
1987-08-27,1987-08-28T00:00:00Z,18.2800
1987-08-28,1987-08-29T00:00:00Z,18.2000
1987-08-31,1987-09-01T00:00:00Z,18.6300
1987-09-01,1987-09-02T00:00:00Z,18.4300
1987-09-02,1987-09-03T00:00:00Z,18.4000
1987-09-03,1987-09-04T00:00:00Z,18.1800
1987-09-04,1987-09-05T00:00:00Z,18.1300
1987-09-07,1987-09-08T00:00:00Z,17.6000
1987-09-08,1987-09-09T00:00:00Z,17.6800
1987-09-09,1987-09-10T00:00:00Z,17.9000
1987-09-10,1987-09-11T00:00:00Z,18.3000
1987-09-11,1987-09-12T00:00:00Z,18.1800
1987-09-14,1987-09-15T00:00:00Z,18.1500
1987-09-15,1987-09-16T00:00:00Z,18.5300
1987-09-16,1987-09-17T00:00:00Z,18.5300
1987-09-17,1987-09-18T00:00:00Z,18.4300
1987-09-18,1987-09-19T00:00:00Z,18.3000
1987-09-21,1987-09-22T00:00:00Z,18.2800
1987-09-22,1987-09-23T00:00:00Z,18.4800
1987-09-23,1987-09-24T00:00:00Z,18.4800
1987-09-24,1987-09-25T00:00:00Z,18.6800
1987-09-25,1987-09-26T00:00:00Z,18.6000
1987-09-28,1987-09-29T00:00:00Z,18.6500
1987-09-29,1987-09-30T00:00:00Z,18.5000
1987-09-30,1987-10-01T00:00:00Z,18.4800
1987-10-01,1987-10-02T00:00:00Z,18.5000
1987-10-02,1987-10-03T00:00:00Z,18.6500
1987-10-05,1987-10-06T00:00:00Z,18.7800
1987-10-06,1987-10-07T00:00:00Z,18.6000
1987-10-07,1987-10-08T00:00:00Z,18.5800
1987-10-08,1987-10-09T00:00:00Z,18.6300
1987-10-09,1987-10-10T00:00:00Z,18.6000
1987-10-12,1987-10-13T00:00:00Z,18.5500
1987-10-13,1987-10-14T00:00:00Z,18.5500
1987-10-14,1987-10-15T00:00:00Z,18.6800
1987-10-15,1987-10-16T00:00:00Z,18.6800
1987-10-16,1987-10-17T00:00:00Z,19.0000
1987-10-19,1987-10-20T00:00:00Z,19.1000
1987-10-20,1987-10-21T00:00:00Z,18.7800
1987-10-21,1987-10-22T00:00:00Z,18.9300
1987-10-22,1987-10-23T00:00:00Z,19.1300
1987-10-23,1987-10-24T00:00:00Z,18.9800
1987-10-26,1987-10-27T00:00:00Z,18.7500
1987-10-27,1987-10-28T00:00:00Z,18.8000
1987-10-28,1987-10-29T00:00:00Z,18.8500
1987-10-29,1987-10-30T00:00:00Z,18.7500
1987-10-30,1987-10-31T00:00:00Z,18.8000
1987-11-02,1987-11-03T00:00:00Z,18.6300
1987-11-03,1987-11-04T00:00:00Z,18.3800
1987-11-04,1987-11-05T00:00:00Z,17.9300
1987-11-05,1987-11-06T00:00:00Z,17.8500
1987-11-06,1987-11-07T00:00:00Z,17.9500
1987-11-09,1987-11-10T00:00:00Z,17.5000
1987-11-10,1987-11-11T00:00:00Z,17.7500
1987-11-11,1987-11-12T00:00:00Z,17.8000
1987-11-12,1987-11-13T00:00:00Z,17.8500
1987-11-13,1987-11-14T00:00:00Z,17.8000
1987-11-16,1987-11-17T00:00:00Z,17.6800
1987-11-17,1987-11-18T00:00:00Z,17.4000
1987-11-18,1987-11-19T00:00:00Z,17.1800
1987-11-19,1987-11-20T00:00:00Z,17.4800
1987-11-20,1987-11-21T00:00:00Z,17.6000
1987-11-23,1987-11-24T00:00:00Z,17.9000
1987-11-24,1987-11-25T00:00:00Z,17.8300
1987-11-25,1987-11-26T00:00:00Z,17.6800
1987-11-26,1987-11-27T00:00:00Z,17.7300
1987-11-27,1987-11-28T00:00:00Z,17.7800
1987-11-30,1987-12-01T00:00:00Z,17.7000
1987-12-01,1987-12-02T00:00:00Z,17.6500
1987-12-02,1987-12-03T00:00:00Z,17.7000
1987-12-03,1987-12-04T00:00:00Z,17.9300
1987-12-04,1987-12-05T00:00:00Z,18.0000
1987-12-07,1987-12-08T00:00:00Z,17.7800
1987-12-08,1987-12-09T00:00:00Z,17.5800
1987-12-09,1987-12-10T00:00:00Z,17.4300
1987-12-10,1987-12-11T00:00:00Z,17.5500
1987-12-11,1987-12-12T00:00:00Z,17.7300
1987-12-14,1987-12-15T00:00:00Z,16.8000
1987-12-15,1987-12-16T00:00:00Z,16.2000
1987-12-16,1987-12-17T00:00:00Z,15.9300
1987-12-17,1987-12-18T00:00:00Z,15.0300
1987-12-18,1987-12-19T00:00:00Z,15.6000
1987-12-21,1987-12-22T00:00:00Z,15.4000
1987-12-22,1987-12-23T00:00:00Z,16.7000
1987-12-23,1987-12-24T00:00:00Z,17.2500
1987-12-24,1987-12-25T00:00:00Z,17.1000
1987-12-28,1987-12-29T00:00:00Z,17.0000
1987-12-29,1987-12-30T00:00:00Z,17.3800
1987-12-30,1987-12-31T00:00:00Z,17.8500
1987-12-31,1988-01-01T00:00:00Z,17.6000
1988-01-04,1988-01-05T00:00:00Z,17.9500
1988-01-05,1988-01-06T00:00:00Z,17.0800
1988-01-06,1988-01-07T00:00:00Z,17.9000
1988-01-08,1988-01-09T00:00:00Z,16.8800
1988-01-11,1988-01-12T00:00:00Z,16.6500
1988-01-12,1988-01-13T00:00:00Z,15.9500
1988-01-13,1988-01-14T00:00:00Z,16.3800
1988-01-14,1988-01-15T00:00:00Z,16.5500
1988-01-15,1988-01-16T00:00:00Z,16.6500
1988-01-18,1988-01-19T00:00:00Z,16.8300
1988-01-19,1988-01-20T00:00:00Z,17.1000
1988-01-20,1988-01-21T00:00:00Z,16.8300
1988-01-21,1988-01-22T00:00:00Z,17.0800
1988-01-22,1988-01-23T00:00:00Z,16.7000
1988-01-25,1988-01-26T00:00:00Z,16.4500
1988-01-27,1988-01-28T00:00:00Z,16.1300
1988-01-28,1988-01-29T00:00:00Z,16.1000
1988-01-29,1988-01-30T00:00:00Z,16.2800
1988-02-01,1988-02-02T00:00:00Z,16.1000
1988-02-02,1988-02-03T00:00:00Z,16.1800
1988-02-03,1988-02-04T00:00:00Z,16.1500
1988-02-04,1988-02-05T00:00:00Z,16.1800
1988-02-05,1988-02-06T00:00:00Z,16.1000
1988-02-08,1988-02-09T00:00:00Z,16.5000
1988-02-09,1988-02-10T00:00:00Z,16.4000
1988-02-10,1988-02-11T00:00:00Z,16.1300
1988-02-11,1988-02-12T00:00:00Z,16.1000
1988-02-12,1988-02-13T00:00:00Z,15.7500
1988-02-15,1988-02-16T00:00:00Z,15.6800
1988-02-16,1988-02-17T00:00:00Z,15.6300
1988-02-17,1988-02-18T00:00:00Z,15.8500
1988-02-18,1988-02-19T00:00:00Z,15.4800
1988-02-19,1988-02-20T00:00:00Z,15.5500
1988-02-22,1988-02-23T00:00:00Z,15.3800
1988-02-23,1988-02-24T00:00:00Z,15.5800
1988-02-24,1988-02-25T00:00:00Z,15.3500
1988-02-25,1988-02-26T00:00:00Z,14.8500
1988-02-26,1988-02-27T00:00:00Z,14.6500
1988-02-29,1988-03-01T00:00:00Z,14.7300
1988-03-01,1988-03-02T00:00:00Z,14.1800
1988-03-02,1988-03-03T00:00:00Z,13.8000
1988-03-03,1988-03-04T00:00:00Z,14.0000
1988-03-04,1988-03-05T00:00:00Z,14.0000
1988-03-07,1988-03-08T00:00:00Z,13.9000
1988-03-08,1988-03-09T00:00:00Z,13.8000
1988-03-09,1988-03-10T00:00:00Z,13.9800
1988-03-10,1988-03-11T00:00:00Z,14.4800
1988-03-11,1988-03-12T00:00:00Z,14.8800
1988-03-14,1988-03-15T00:00:00Z,14.2800
1988-03-15,1988-03-16T00:00:00Z,14.3000
1988-03-16,1988-03-17T00:00:00Z,14.4500
1988-03-17,1988-03-18T00:00:00Z,14.4300
1988-03-18,1988-03-19T00:00:00Z,14.9300
1988-03-21,1988-03-22T00:00:00Z,15.3800
1988-03-22,1988-03-23T00:00:00Z,15.0300
1988-03-23,1988-03-24T00:00:00Z,15.4000
1988-03-24,1988-03-25T00:00:00Z,15.6500
1988-03-25,1988-03-26T00:00:00Z,15.4500
1988-03-28,1988-03-29T00:00:00Z,15.5500
1988-03-29,1988-03-30T00:00:00Z,15.6000
1988-03-30,1988-03-31T00:00:00Z,15.7000
1988-03-31,1988-04-01T00:00:00Z,15.6500
1988-04-05,1988-04-06T00:00:00Z,15.5000
1988-04-06,1988-04-07T00:00:00Z,15.3800
1988-04-07,1988-04-08T00:00:00Z,15.5300
1988-04-08,1988-04-09T00:00:00Z,15.5500
1988-04-11,1988-04-12T00:00:00Z,16.2000
1988-04-12,1988-04-13T00:00:00Z,16.4800
1988-04-13,1988-04-14T00:00:00Z,16.5500
1988-04-14,1988-04-15T00:00:00Z,16.6500
1988-04-15,1988-04-16T00:00:00Z,16.8500
1988-04-18,1988-04-19T00:00:00Z,17.4500
1988-04-19,1988-04-20T00:00:00Z,17.0500
1988-04-20,1988-04-21T00:00:00Z,16.7800
1988-04-21,1988-04-22T00:00:00Z,17.0000
1988-04-22,1988-04-23T00:00:00Z,17.1500
1988-04-25,1988-04-26T00:00:00Z,17.1300
1988-04-26,1988-04-27T00:00:00Z,17.1800
1988-04-27,1988-04-28T00:00:00Z,17.4000
1988-04-28,1988-04-29T00:00:00Z,16.8800
1988-04-29,1988-04-30T00:00:00Z,16.6000
1988-05-02,1988-05-03T00:00:00Z,15.9500
1988-05-03,1988-05-04T00:00:00Z,16.0800
1988-05-04,1988-05-05T00:00:00Z,16.1500
1988-05-05,1988-05-06T00:00:00Z,16.1500
1988-05-06,1988-05-07T00:00:00Z,16.4500
1988-05-09,1988-05-10T00:00:00Z,16.5000
1988-05-10,1988-05-11T00:00:00Z,16.3800
1988-05-11,1988-05-12T00:00:00Z,16.4800
1988-05-12,1988-05-13T00:00:00Z,16.4000
1988-05-13,1988-05-14T00:00:00Z,16.5000
1988-05-16,1988-05-17T00:00:00Z,16.6000
1988-05-17,1988-05-18T00:00:00Z,16.6000
1988-05-18,1988-05-19T00:00:00Z,16.4000
1988-05-19,1988-05-20T00:00:00Z,16.2500
1988-05-20,1988-05-21T00:00:00Z,16.4500
1988-05-23,1988-05-24T00:00:00Z,16.2300
1988-05-24,1988-05-25T00:00:00Z,16.3000
1988-05-25,1988-05-26T00:00:00Z,16.1800
1988-05-26,1988-05-27T00:00:00Z,16.1800
1988-05-27,1988-05-28T00:00:00Z,16.2500
1988-05-30,1988-05-31T00:00:00Z,16.2300
1988-05-31,1988-06-01T00:00:00Z,16.2000
1988-06-01,1988-06-02T00:00:00Z,16.3300
1988-06-02,1988-06-03T00:00:00Z,16.3300
1988-06-03,1988-06-04T00:00:00Z,16.4500
1988-06-06,1988-06-07T00:00:00Z,16.2500
1988-06-07,1988-06-08T00:00:00Z,16.2300
1988-06-08,1988-06-09T00:00:00Z,16.2800
1988-06-09,1988-06-10T00:00:00Z,16.3000
1988-06-10,1988-06-11T00:00:00Z,15.8500
1988-06-13,1988-06-14T00:00:00Z,15.5300
1988-06-14,1988-06-15T00:00:00Z,15.8500
1988-06-15,1988-06-16T00:00:00Z,15.7000
1988-06-16,1988-06-17T00:00:00Z,15.4300
1988-06-17,1988-06-18T00:00:00Z,15.4800
1988-06-20,1988-06-21T00:00:00Z,15.0000
1988-06-21,1988-06-22T00:00:00Z,15.0000
1988-06-22,1988-06-23T00:00:00Z,15.1300
1988-06-23,1988-06-24T00:00:00Z,15.1800
1988-06-24,1988-06-25T00:00:00Z,15.1500
1988-06-27,1988-06-28T00:00:00Z,14.9300
1988-06-28,1988-06-29T00:00:00Z,14.8300
1988-06-29,1988-06-30T00:00:00Z,14.5500
1988-06-30,1988-07-01T00:00:00Z,14.1800
1988-07-01,1988-07-02T00:00:00Z,13.9500
1988-07-04,1988-07-05T00:00:00Z,14.0500
1988-07-05,1988-07-06T00:00:00Z,13.9800
1988-07-06,1988-07-07T00:00:00Z,14.5000
1988-07-07,1988-07-08T00:00:00Z,15.5000
1988-07-08,1988-07-09T00:00:00Z,15.0500
1988-07-11,1988-07-12T00:00:00Z,14.6300
1988-07-12,1988-07-13T00:00:00Z,14.0000
1988-07-13,1988-07-14T00:00:00Z,14.1000
1988-07-14,1988-07-15T00:00:00Z,14.1000
1988-07-15,1988-07-16T00:00:00Z,14.2500
1988-07-18,1988-07-19T00:00:00Z,15.0000
1988-07-19,1988-07-20T00:00:00Z,14.9300
1988-07-20,1988-07-21T00:00:00Z,15.4800
1988-07-21,1988-07-22T00:00:00Z,15.6300
1988-07-22,1988-07-23T00:00:00Z,15.8300
1988-07-25,1988-07-26T00:00:00Z,15.8000
1988-07-26,1988-07-27T00:00:00Z,15.3800
1988-07-27,1988-07-28T00:00:00Z,15.4500
1988-07-28,1988-07-29T00:00:00Z,15.7000
1988-07-29,1988-07-30T00:00:00Z,15.7500
1988-08-01,1988-08-02T00:00:00Z,15.6000
1988-08-02,1988-08-03T00:00:00Z,15.3500
1988-08-03,1988-08-04T00:00:00Z,15.0000
1988-08-04,1988-08-05T00:00:00Z,14.5000
1988-08-05,1988-08-06T00:00:00Z,14.8500
1988-08-08,1988-08-09T00:00:00Z,15.4800
1988-08-09,1988-08-10T00:00:00Z,15.4000
1988-08-10,1988-08-11T00:00:00Z,15.1000
1988-08-11,1988-08-12T00:00:00Z,15.1300
1988-08-12,1988-08-13T00:00:00Z,14.9800
1988-08-15,1988-08-16T00:00:00Z,14.8000
1988-08-16,1988-08-17T00:00:00Z,14.8500
1988-08-17,1988-08-18T00:00:00Z,14.7500
1988-08-18,1988-08-19T00:00:00Z,14.7800
1988-08-19,1988-08-20T00:00:00Z,14.8500
1988-08-22,1988-08-23T00:00:00Z,15.0300
1988-08-23,1988-08-24T00:00:00Z,14.8000
1988-08-24,1988-08-25T00:00:00Z,14.8500
1988-08-25,1988-08-26T00:00:00Z,14.6300
1988-08-26,1988-08-27T00:00:00Z,14.5000
1988-08-29,1988-08-30T00:00:00Z,14.4800
1988-08-30,1988-08-31T00:00:00Z,14.4500
1988-08-31,1988-09-01T00:00:00Z,14.4000
1988-09-01,1988-09-02T00:00:00Z,14.1500
1988-09-02,1988-09-03T00:00:00Z,14.0000
1988-09-05,1988-09-06T00:00:00Z,13.6800
1988-09-06,1988-09-07T00:00:00Z,13.3500
1988-09-07,1988-09-08T00:00:00Z,13.1800
1988-09-08,1988-09-09T00:00:00Z,13.3000
1988-09-09,1988-09-10T00:00:00Z,13.2500
1988-09-12,1988-09-13T00:00:00Z,12.7000
1988-09-13,1988-09-14T00:00:00Z,13.4000
1988-09-14,1988-09-15T00:00:00Z,13.9000
1988-09-15,1988-09-16T00:00:00Z,13.5000
1988-09-16,1988-09-17T00:00:00Z,13.2300
1988-09-19,1988-09-20T00:00:00Z,12.8500
1988-09-20,1988-09-21T00:00:00Z,13.1500
1988-09-21,1988-09-22T00:00:00Z,13.0500
1988-09-22,1988-09-23T00:00:00Z,13.2000
1988-09-23,1988-09-24T00:00:00Z,13.2000
1988-09-26,1988-09-27T00:00:00Z,13.1000
1988-09-27,1988-09-28T00:00:00Z,12.5800
1988-09-28,1988-09-29T00:00:00Z,12.7500
1988-09-29,1988-09-30T00:00:00Z,12.5000
1988-09-30,1988-10-01T00:00:00Z,11.9300
1988-10-03,1988-10-04T00:00:00Z,11.6000
1988-10-04,1988-10-05T00:00:00Z,11.6500
1988-10-05,1988-10-06T00:00:00Z,11.2000
1988-10-06,1988-10-07T00:00:00Z,11.3000
1988-10-07,1988-10-08T00:00:00Z,11.3500
1988-10-10,1988-10-11T00:00:00Z,12.2000
1988-10-11,1988-10-12T00:00:00Z,12.3500
1988-10-12,1988-10-13T00:00:00Z,12.4500
1988-10-13,1988-10-14T00:00:00Z,12.5500
1988-10-14,1988-10-15T00:00:00Z,13.2000
1988-10-17,1988-10-18T00:00:00Z,13.5500
1988-10-18,1988-10-19T00:00:00Z,12.9000
1988-10-19,1988-10-20T00:00:00Z,13.3500
1988-10-20,1988-10-21T00:00:00Z,13.5000
1988-10-21,1988-10-22T00:00:00Z,13.4800
1988-10-24,1988-10-25T00:00:00Z,12.2000
1988-10-25,1988-10-26T00:00:00Z,12.0800
1988-10-26,1988-10-27T00:00:00Z,12.0800
1988-10-27,1988-10-28T00:00:00Z,12.3300
1988-10-28,1988-10-29T00:00:00Z,12.6000
1988-10-31,1988-11-01T00:00:00Z,12.6000
1988-11-01,1988-11-02T00:00:00Z,12.1800
1988-11-02,1988-11-03T00:00:00Z,12.3500
1988-11-03,1988-11-04T00:00:00Z,12.5000
1988-11-04,1988-11-05T00:00:00Z,12.7500
1988-11-07,1988-11-08T00:00:00Z,12.7500
1988-11-08,1988-11-09T00:00:00Z,12.6000
1988-11-09,1988-11-10T00:00:00Z,12.7000
1988-11-10,1988-11-11T00:00:00Z,13.0300
1988-11-11,1988-11-12T00:00:00Z,13.0300
1988-11-14,1988-11-15T00:00:00Z,13.0000
1988-11-15,1988-11-16T00:00:00Z,13.0000
1988-11-16,1988-11-17T00:00:00Z,12.7000
1988-11-17,1988-11-18T00:00:00Z,12.0500
1988-11-18,1988-11-19T00:00:00Z,12.0800
1988-11-21,1988-11-22T00:00:00Z,12.1300
1988-11-22,1988-11-23T00:00:00Z,13.3500
1988-11-23,1988-11-24T00:00:00Z,13.3300
1988-11-24,1988-11-25T00:00:00Z,12.9800
1988-11-25,1988-11-26T00:00:00Z,14.7000
1988-11-28,1988-11-29T00:00:00Z,14.7300
1988-11-29,1988-11-30T00:00:00Z,14.2500
1988-11-30,1988-12-01T00:00:00Z,14.3500
1988-12-01,1988-12-02T00:00:00Z,14.9300
1988-12-02,1988-12-03T00:00:00Z,14.8000
1988-12-05,1988-12-06T00:00:00Z,14.7300
1988-12-06,1988-12-07T00:00:00Z,14.4000
1988-12-07,1988-12-08T00:00:00Z,14.7000
1988-12-08,1988-12-09T00:00:00Z,15.0500
1988-12-09,1988-12-10T00:00:00Z,14.9000
1988-12-12,1988-12-13T00:00:00Z,15.2000
1988-12-13,1988-12-14T00:00:00Z,15.1800
1988-12-14,1988-12-15T00:00:00Z,15.3500
1988-12-15,1988-12-16T00:00:00Z,15.5800
1988-12-16,1988-12-17T00:00:00Z,15.6000
1988-12-19,1988-12-20T00:00:00Z,15.3000
1988-12-20,1988-12-21T00:00:00Z,15.2800
1988-12-21,1988-12-22T00:00:00Z,15.3300
1988-12-22,1988-12-23T00:00:00Z,15.2500
1988-12-23,1988-12-24T00:00:00Z,15.3800
1988-12-27,1988-12-28T00:00:00Z,16.2500
1988-12-28,1988-12-29T00:00:00Z,16.1000
1988-12-29,1988-12-30T00:00:00Z,15.9000
1988-12-30,1988-12-31T00:00:00Z,16.2300
1989-01-03,1989-01-04T00:00:00Z,16.4000
1989-01-04,1989-01-05T00:00:00Z,16.5300
1989-01-05,1989-01-06T00:00:00Z,16.5800
1989-01-06,1989-01-07T00:00:00Z,16.8500
1989-01-09,1989-01-10T00:00:00Z,17.0000
1989-01-10,1989-01-11T00:00:00Z,16.7500
1989-01-11,1989-01-12T00:00:00Z,16.9000
1989-01-12,1989-01-13T00:00:00Z,16.8500
1989-01-13,1989-01-14T00:00:00Z,17.4000
1989-01-16,1989-01-17T00:00:00Z,17.5000
1989-01-17,1989-01-18T00:00:00Z,17.7800
1989-01-18,1989-01-19T00:00:00Z,17.9500
1989-01-19,1989-01-20T00:00:00Z,18.1000
1989-01-20,1989-01-21T00:00:00Z,18.1500
1989-01-23,1989-01-24T00:00:00Z,16.9800
1989-01-24,1989-01-25T00:00:00Z,17.0500
1989-01-25,1989-01-26T00:00:00Z,17.7000
1989-01-26,1989-01-27T00:00:00Z,17.7300
1989-01-27,1989-01-28T00:00:00Z,17.1800
1989-01-30,1989-01-31T00:00:00Z,16.8500
1989-01-31,1989-02-01T00:00:00Z,16.3800
1989-02-01,1989-02-02T00:00:00Z,16.4000
1989-02-02,1989-02-03T00:00:00Z,16.9500
1989-02-03,1989-02-04T00:00:00Z,16.7500
1989-02-06,1989-02-07T00:00:00Z,16.5000
1989-02-07,1989-02-08T00:00:00Z,16.6000
1989-02-08,1989-02-09T00:00:00Z,16.7500
1989-02-09,1989-02-10T00:00:00Z,16.5800
1989-02-10,1989-02-11T00:00:00Z,16.4000
1989-02-13,1989-02-14T00:00:00Z,16.5000
1989-02-14,1989-02-15T00:00:00Z,16.8300
1989-02-15,1989-02-16T00:00:00Z,16.7500
1989-02-16,1989-02-17T00:00:00Z,17.1500
1989-02-17,1989-02-18T00:00:00Z,17.1500
1989-02-20,1989-02-21T00:00:00Z,17.3800
1989-02-21,1989-02-22T00:00:00Z,17.2000
1989-02-22,1989-02-23T00:00:00Z,16.9500
1989-02-23,1989-02-24T00:00:00Z,17.1000
1989-02-24,1989-02-25T00:00:00Z,17.0500
1989-02-27,1989-02-28T00:00:00Z,17.5500
1989-02-28,1989-03-01T00:00:00Z,17.2300
1989-03-01,1989-03-02T00:00:00Z,17.2500
1989-03-02,1989-03-03T00:00:00Z,17.4500
1989-03-03,1989-03-04T00:00:00Z,17.7300
1989-03-06,1989-03-07T00:00:00Z,17.7300
1989-03-07,1989-03-08T00:00:00Z,17.5500
1989-03-08,1989-03-09T00:00:00Z,17.5500
1989-03-09,1989-03-10T00:00:00Z,17.8000
1989-03-10,1989-03-11T00:00:00Z,17.6300
1989-03-13,1989-03-14T00:00:00Z,18.1000
1989-03-14,1989-03-15T00:00:00Z,18.6300
1989-03-15,1989-03-16T00:00:00Z,19.0800
1989-03-16,1989-03-17T00:00:00Z,18.9500
1989-03-17,1989-03-18T00:00:00Z,19.3000
1989-03-20,1989-03-21T00:00:00Z,19.1800
1989-03-21,1989-03-22T00:00:00Z,19.6300
1989-03-22,1989-03-23T00:00:00Z,19.6000
1989-03-23,1989-03-24T00:00:00Z,19.9300
1989-03-28,1989-03-29T00:00:00Z,19.7300
1989-03-29,1989-03-30T00:00:00Z,19.4500
1989-03-30,1989-03-31T00:00:00Z,20.0000
1989-03-31,1989-04-01T00:00:00Z,20.4500
1989-04-03,1989-04-04T00:00:00Z,19.6500
1989-04-04,1989-04-05T00:00:00Z,19.9000
1989-04-05,1989-04-06T00:00:00Z,19.7500
1989-04-06,1989-04-07T00:00:00Z,19.0800
1989-04-07,1989-04-08T00:00:00Z,19.4000
1989-04-10,1989-04-11T00:00:00Z,19.6000
1989-04-11,1989-04-12T00:00:00Z,19.9500
1989-04-12,1989-04-13T00:00:00Z,19.8500
1989-04-13,1989-04-14T00:00:00Z,19.9500
1989-04-14,1989-04-15T00:00:00Z,19.6300
1989-04-17,1989-04-18T00:00:00Z,19.8800
1989-04-18,1989-04-19T00:00:00Z,20.2000
1989-04-19,1989-04-20T00:00:00Z,21.5000
1989-04-20,1989-04-21T00:00:00Z,22.2500
1989-04-21,1989-04-22T00:00:00Z,21.6000
1989-04-24,1989-04-25T00:00:00Z,21.2000
1989-04-25,1989-04-26T00:00:00Z,21.1500
1989-04-26,1989-04-27T00:00:00Z,21.0500
1989-04-27,1989-04-28T00:00:00Z,20.6500
1989-04-28,1989-04-29T00:00:00Z,20.1500
1989-05-02,1989-05-03T00:00:00Z,19.1500
1989-05-03,1989-05-04T00:00:00Z,18.8800
1989-05-04,1989-05-05T00:00:00Z,19.7000
1989-05-05,1989-05-06T00:00:00Z,19.4000
1989-05-08,1989-05-09T00:00:00Z,18.8000
1989-05-09,1989-05-10T00:00:00Z,19.0300
1989-05-10,1989-05-11T00:00:00Z,18.8800
1989-05-11,1989-05-12T00:00:00Z,19.3000
1989-05-12,1989-05-13T00:00:00Z,19.2000
1989-05-15,1989-05-16T00:00:00Z,19.2000
1989-05-16,1989-05-17T00:00:00Z,19.8000
1989-05-17,1989-05-18T00:00:00Z,18.5800
1989-05-18,1989-05-19T00:00:00Z,18.6000
1989-05-19,1989-05-20T00:00:00Z,18.3000
1989-05-22,1989-05-23T00:00:00Z,17.4000
1989-05-23,1989-05-24T00:00:00Z,17.7000
1989-05-24,1989-05-25T00:00:00Z,18.1500
1989-05-25,1989-05-26T00:00:00Z,18.2000
1989-05-26,1989-05-27T00:00:00Z,17.6500
1989-05-29,1989-05-30T00:00:00Z,17.7300
1989-05-30,1989-05-31T00:00:00Z,18.0300
1989-05-31,1989-06-01T00:00:00Z,18.2500
1989-06-01,1989-06-02T00:00:00Z,18.0800
1989-06-02,1989-06-03T00:00:00Z,18.1500
1989-06-05,1989-06-06T00:00:00Z,18.5500
1989-06-06,1989-06-07T00:00:00Z,18.5000
1989-06-07,1989-06-08T00:00:00Z,18.1500
1989-06-08,1989-06-09T00:00:00Z,17.8000
1989-06-09,1989-06-10T00:00:00Z,17.9500
1989-06-12,1989-06-13T00:00:00Z,17.1800
1989-06-13,1989-06-14T00:00:00Z,16.8000
1989-06-14,1989-06-15T00:00:00Z,16.9000
1989-06-15,1989-06-16T00:00:00Z,16.9500
1989-06-16,1989-06-17T00:00:00Z,16.6500
1989-06-19,1989-06-20T00:00:00Z,16.8500
1989-06-20,1989-06-21T00:00:00Z,16.8800
1989-06-21,1989-06-22T00:00:00Z,17.1300
1989-06-22,1989-06-23T00:00:00Z,17.3000
1989-06-23,1989-06-24T00:00:00Z,18.0300
1989-06-26,1989-06-27T00:00:00Z,18.2300
1989-06-27,1989-06-28T00:00:00Z,18.2000
1989-06-28,1989-06-29T00:00:00Z,18.0000
1989-06-29,1989-06-30T00:00:00Z,18.2000
1989-06-30,1989-07-01T00:00:00Z,18.2800
1989-07-03,1989-07-04T00:00:00Z,18.4000
1989-07-04,1989-07-05T00:00:00Z,18.6000
1989-07-05,1989-07-06T00:00:00Z,18.7500
1989-07-06,1989-07-07T00:00:00Z,18.3000
1989-07-07,1989-07-08T00:00:00Z,17.8500
1989-07-10,1989-07-11T00:00:00Z,17.8300
1989-07-11,1989-07-12T00:00:00Z,17.6300
1989-07-12,1989-07-13T00:00:00Z,17.6500
1989-07-13,1989-07-14T00:00:00Z,17.6000
1989-07-14,1989-07-15T00:00:00Z,17.9000
1989-07-17,1989-07-18T00:00:00Z,18.0500
1989-07-18,1989-07-19T00:00:00Z,18.0500
1989-07-19,1989-07-20T00:00:00Z,17.8500
1989-07-20,1989-07-21T00:00:00Z,17.9800
1989-07-21,1989-07-22T00:00:00Z,17.8300
1989-07-24,1989-07-25T00:00:00Z,17.3000
1989-07-25,1989-07-26T00:00:00Z,17.0500
1989-07-26,1989-07-27T00:00:00Z,16.5000
1989-07-27,1989-07-28T00:00:00Z,16.2800
1989-07-28,1989-07-29T00:00:00Z,16.3800
1989-07-31,1989-08-01T00:00:00Z,16.3000
1989-08-01,1989-08-02T00:00:00Z,16.2300
1989-08-02,1989-08-03T00:00:00Z,16.1000
1989-08-03,1989-08-04T00:00:00Z,16.4000
1989-08-04,1989-08-05T00:00:00Z,16.1500
1989-08-07,1989-08-08T00:00:00Z,16.0500
1989-08-08,1989-08-09T00:00:00Z,16.2800
1989-08-09,1989-08-10T00:00:00Z,16.4500
1989-08-10,1989-08-11T00:00:00Z,16.9300
1989-08-11,1989-08-12T00:00:00Z,17.0000
1989-08-14,1989-08-15T00:00:00Z,16.8500
1989-08-15,1989-08-16T00:00:00Z,17.0000
1989-08-16,1989-08-17T00:00:00Z,17.0000
1989-08-17,1989-08-18T00:00:00Z,16.9500
1989-08-18,1989-08-19T00:00:00Z,16.8300
1989-08-21,1989-08-22T00:00:00Z,16.9000
1989-08-22,1989-08-23T00:00:00Z,17.1000
1989-08-23,1989-08-24T00:00:00Z,17.0800
1989-08-24,1989-08-25T00:00:00Z,17.0500
1989-08-25,1989-08-26T00:00:00Z,16.9500
1989-08-28,1989-08-29T00:00:00Z,16.9800
1989-08-29,1989-08-30T00:00:00Z,17.1000
1989-08-30,1989-08-31T00:00:00Z,17.1300
1989-08-31,1989-09-01T00:00:00Z,17.2000
1989-09-01,1989-09-02T00:00:00Z,17.3300
1989-09-04,1989-09-05T00:00:00Z,17.4300
1989-09-05,1989-09-06T00:00:00Z,17.4500
1989-09-06,1989-09-07T00:00:00Z,17.8000
1989-09-07,1989-09-08T00:00:00Z,17.8000
1989-09-08,1989-09-09T00:00:00Z,17.8300
1989-09-11,1989-09-12T00:00:00Z,17.9800
1989-09-12,1989-09-13T00:00:00Z,17.9000
1989-09-13,1989-09-14T00:00:00Z,18.0500
1989-09-14,1989-09-15T00:00:00Z,17.9000
1989-09-15,1989-09-16T00:00:00Z,17.8800
1989-09-18,1989-09-19T00:00:00Z,18.0500
1989-09-19,1989-09-20T00:00:00Z,17.9000
1989-09-20,1989-09-21T00:00:00Z,17.8000
1989-09-21,1989-09-22T00:00:00Z,17.8500
1989-09-22,1989-09-23T00:00:00Z,17.5300
1989-09-25,1989-09-26T00:00:00Z,17.4500
1989-09-26,1989-09-27T00:00:00Z,17.4500
1989-09-27,1989-09-28T00:00:00Z,17.5500
1989-09-28,1989-09-29T00:00:00Z,17.9300
1989-09-29,1989-09-30T00:00:00Z,18.2300
1989-10-02,1989-10-03T00:00:00Z,18.5800
1989-10-03,1989-10-04T00:00:00Z,18.7300
1989-10-04,1989-10-05T00:00:00Z,18.7800
1989-10-05,1989-10-06T00:00:00Z,18.4300
1989-10-06,1989-10-07T00:00:00Z,18.4500
1989-10-09,1989-10-10T00:00:00Z,18.2500
1989-10-10,1989-10-11T00:00:00Z,18.5500
1989-10-11,1989-10-12T00:00:00Z,18.8500
1989-10-12,1989-10-13T00:00:00Z,19.2300
1989-10-13,1989-10-14T00:00:00Z,19.6000
1989-10-16,1989-10-17T00:00:00Z,19.3800
1989-10-17,1989-10-18T00:00:00Z,19.5300
1989-10-18,1989-10-19T00:00:00Z,19.4300
1989-10-19,1989-10-20T00:00:00Z,19.3300
1989-10-20,1989-10-21T00:00:00Z,19.2000
1989-10-23,1989-10-24T00:00:00Z,18.8800
1989-10-24,1989-10-25T00:00:00Z,18.8000
1989-10-25,1989-10-26T00:00:00Z,18.8800
1989-10-26,1989-10-27T00:00:00Z,18.4800
1989-10-27,1989-10-28T00:00:00Z,18.7000
1989-10-30,1989-10-31T00:00:00Z,18.9800
1989-10-31,1989-11-01T00:00:00Z,18.9300
1989-11-01,1989-11-02T00:00:00Z,19.2300
1989-11-02,1989-11-03T00:00:00Z,19.2000
1989-11-03,1989-11-04T00:00:00Z,19.0000
1989-11-06,1989-11-07T00:00:00Z,18.9500
1989-11-07,1989-11-08T00:00:00Z,18.9000
1989-11-08,1989-11-09T00:00:00Z,18.9000
1989-11-09,1989-11-10T00:00:00Z,18.8500
1989-11-10,1989-11-11T00:00:00Z,19.0500
1989-11-13,1989-11-14T00:00:00Z,18.8500
1989-11-14,1989-11-15T00:00:00Z,18.7000
1989-11-15,1989-11-16T00:00:00Z,18.6500
1989-11-16,1989-11-17T00:00:00Z,18.6500
1989-11-17,1989-11-18T00:00:00Z,18.7500
1989-11-20,1989-11-21T00:00:00Z,18.8000
1989-11-21,1989-11-22T00:00:00Z,18.6800
1989-11-22,1989-11-23T00:00:00Z,18.6000
1989-11-23,1989-11-24T00:00:00Z,18.4000
1989-11-24,1989-11-25T00:00:00Z,18.4800
1989-11-27,1989-11-28T00:00:00Z,18.5000
1989-11-28,1989-11-29T00:00:00Z,18.2300
1989-11-29,1989-11-30T00:00:00Z,18.1500
1989-11-30,1989-12-01T00:00:00Z,18.4800
1989-12-01,1989-12-02T00:00:00Z,18.6800
1989-12-04,1989-12-05T00:00:00Z,19.2800
1989-12-05,1989-12-06T00:00:00Z,19.1800
1989-12-06,1989-12-07T00:00:00Z,19.2800
1989-12-07,1989-12-08T00:00:00Z,19.3300
1989-12-08,1989-12-09T00:00:00Z,19.1500
1989-12-11,1989-12-12T00:00:00Z,19.4500
1989-12-12,1989-12-13T00:00:00Z,19.5300
1989-12-13,1989-12-14T00:00:00Z,19.7800
1989-12-14,1989-12-15T00:00:00Z,19.6800
1989-12-15,1989-12-16T00:00:00Z,19.6800
1989-12-18,1989-12-19T00:00:00Z,19.9800
1989-12-19,1989-12-20T00:00:00Z,20.2800
1989-12-20,1989-12-21T00:00:00Z,20.2300
1989-12-21,1989-12-22T00:00:00Z,20.1300
1989-12-22,1989-12-23T00:00:00Z,20.5000
1989-12-27,1989-12-28T00:00:00Z,20.9000
1989-12-28,1989-12-29T00:00:00Z,20.8500
1989-12-29,1989-12-30T00:00:00Z,21.0500
1990-01-02,1990-01-03T00:00:00Z,21.2000
1990-01-03,1990-01-04T00:00:00Z,22.6500
1990-01-04,1990-01-05T00:00:00Z,22.5000
1990-01-05,1990-01-06T00:00:00Z,23.1300
1990-01-08,1990-01-09T00:00:00Z,21.3800
1990-01-09,1990-01-10T00:00:00Z,21.0300
1990-01-10,1990-01-11T00:00:00Z,21.9500
1990-01-11,1990-01-12T00:00:00Z,21.8800
1990-01-12,1990-01-13T00:00:00Z,22.1300
1990-01-15,1990-01-16T00:00:00Z,21.6000
1990-01-16,1990-01-17T00:00:00Z,21.1500
1990-01-17,1990-01-18T00:00:00Z,20.4500
1990-01-18,1990-01-19T00:00:00Z,20.7800
1990-01-19,1990-01-20T00:00:00Z,21.2800
1990-01-22,1990-01-23T00:00:00Z,20.8800
1990-01-23,1990-01-24T00:00:00Z,20.2300
1990-01-24,1990-01-25T00:00:00Z,20.1800
1990-01-25,1990-01-26T00:00:00Z,20.5500
1990-01-26,1990-01-27T00:00:00Z,20.6300
1990-01-29,1990-01-30T00:00:00Z,20.7300
1990-01-30,1990-01-31T00:00:00Z,20.7300
1990-01-31,1990-02-01T00:00:00Z,20.5000
1990-02-01,1990-02-02T00:00:00Z,20.5800
1990-02-02,1990-02-03T00:00:00Z,20.7300
1990-02-05,1990-02-06T00:00:00Z,20.7300
1990-02-06,1990-02-07T00:00:00Z,20.6000
1990-02-07,1990-02-08T00:00:00Z,20.1500
1990-02-08,1990-02-09T00:00:00Z,20.0500
1990-02-09,1990-02-10T00:00:00Z,19.7500
1990-02-12,1990-02-13T00:00:00Z,19.6800
1990-02-13,1990-02-14T00:00:00Z,20.0300
1990-02-14,1990-02-15T00:00:00Z,19.6000
1990-02-15,1990-02-16T00:00:00Z,19.9000
1990-02-16,1990-02-17T00:00:00Z,19.8800
1990-02-19,1990-02-20T00:00:00Z,19.9500
1990-02-20,1990-02-21T00:00:00Z,19.6800
1990-02-21,1990-02-22T00:00:00Z,19.5000
1990-02-22,1990-02-23T00:00:00Z,19.3500
1990-02-23,1990-02-24T00:00:00Z,18.7800
1990-02-26,1990-02-27T00:00:00Z,18.9000
1990-02-27,1990-02-28T00:00:00Z,19.2300
1990-02-28,1990-03-01T00:00:00Z,19.2000
1990-03-01,1990-03-02T00:00:00Z,19.3300
1990-03-02,1990-03-03T00:00:00Z,19.1800
1990-03-05,1990-03-06T00:00:00Z,19.1500
1990-03-06,1990-03-07T00:00:00Z,19.1800
1990-03-07,1990-03-08T00:00:00Z,18.9500
1990-03-08,1990-03-09T00:00:00Z,18.7300
1990-03-09,1990-03-10T00:00:00Z,18.6800
1990-03-12,1990-03-13T00:00:00Z,18.3000
1990-03-13,1990-03-14T00:00:00Z,18.5300
1990-03-14,1990-03-15T00:00:00Z,18.3300
1990-03-15,1990-03-16T00:00:00Z,18.4800
1990-03-16,1990-03-17T00:00:00Z,18.4000
1990-03-19,1990-03-20T00:00:00Z,17.8300
1990-03-20,1990-03-21T00:00:00Z,17.7500
1990-03-21,1990-03-22T00:00:00Z,17.7800
1990-03-22,1990-03-23T00:00:00Z,17.8300
1990-03-23,1990-03-24T00:00:00Z,17.8800
1990-03-26,1990-03-27T00:00:00Z,18.2300
1990-03-27,1990-03-28T00:00:00Z,18.1000
1990-03-28,1990-03-29T00:00:00Z,18.0300
1990-03-29,1990-03-30T00:00:00Z,17.9000
1990-03-30,1990-03-31T00:00:00Z,17.9500
1990-04-02,1990-04-03T00:00:00Z,18.1800
1990-04-03,1990-04-04T00:00:00Z,18.2000
1990-04-04,1990-04-05T00:00:00Z,17.9500
1990-04-05,1990-04-06T00:00:00Z,17.5500
1990-04-06,1990-04-07T00:00:00Z,17.1000
1990-04-09,1990-04-10T00:00:00Z,16.5300
1990-04-10,1990-04-11T00:00:00Z,15.9300
1990-04-11,1990-04-12T00:00:00Z,15.3000
1990-04-12,1990-04-13T00:00:00Z,15.8000
1990-04-17,1990-04-18T00:00:00Z,15.7000
1990-04-18,1990-04-19T00:00:00Z,15.3300
1990-04-19,1990-04-20T00:00:00Z,16.1300
1990-04-20,1990-04-21T00:00:00Z,16.3500
1990-04-23,1990-04-24T00:00:00Z,16.9500
1990-04-24,1990-04-25T00:00:00Z,16.7500
1990-04-25,1990-04-26T00:00:00Z,16.5000
1990-04-26,1990-04-27T00:00:00Z,16.6000
1990-04-27,1990-04-28T00:00:00Z,16.4300
1990-04-30,1990-05-01T00:00:00Z,16.3500
1990-05-01,1990-05-02T00:00:00Z,16.4300
1990-05-02,1990-05-03T00:00:00Z,16.5800
1990-05-03,1990-05-04T00:00:00Z,15.9300
1990-05-04,1990-05-05T00:00:00Z,15.5800
1990-05-07,1990-05-08T00:00:00Z,15.6500
1990-05-08,1990-05-09T00:00:00Z,16.1800
1990-05-09,1990-05-10T00:00:00Z,16.4500
1990-05-10,1990-05-11T00:00:00Z,16.7000
1990-05-11,1990-05-12T00:00:00Z,16.7300
1990-05-14,1990-05-15T00:00:00Z,17.4000
1990-05-15,1990-05-16T00:00:00Z,17.4000
1990-05-16,1990-05-17T00:00:00Z,17.2500
1990-05-17,1990-05-18T00:00:00Z,17.0500
1990-05-18,1990-05-19T00:00:00Z,17.0800
1990-05-21,1990-05-22T00:00:00Z,16.6500
1990-05-22,1990-05-23T00:00:00Z,16.4800
1990-05-23,1990-05-24T00:00:00Z,15.7000
1990-05-24,1990-05-25T00:00:00Z,15.8000
1990-05-25,1990-05-26T00:00:00Z,15.9500
1990-05-29,1990-05-30T00:00:00Z,15.4800
1990-05-30,1990-05-31T00:00:00Z,15.9800
1990-05-31,1990-06-01T00:00:00Z,15.3000
1990-06-01,1990-06-02T00:00:00Z,15.4300
1990-06-04,1990-06-05T00:00:00Z,15.3500
1990-06-05,1990-06-06T00:00:00Z,14.7800
1990-06-06,1990-06-07T00:00:00Z,14.8000
1990-06-07,1990-06-08T00:00:00Z,15.0300
1990-06-08,1990-06-09T00:00:00Z,14.6800
1990-06-11,1990-06-12T00:00:00Z,14.7300
1990-06-12,1990-06-13T00:00:00Z,14.9500
1990-06-13,1990-06-14T00:00:00Z,14.9000
1990-06-14,1990-06-15T00:00:00Z,15.3000
1990-06-15,1990-06-16T00:00:00Z,15.1500
1990-06-18,1990-06-19T00:00:00Z,14.8300
1990-06-19,1990-06-20T00:00:00Z,14.7500
1990-06-20,1990-06-21T00:00:00Z,14.7500
1990-06-21,1990-06-22T00:00:00Z,14.7500
1990-06-22,1990-06-23T00:00:00Z,15.4000
1990-06-25,1990-06-26T00:00:00Z,15.5800
1990-06-26,1990-06-27T00:00:00Z,15.5800
1990-06-27,1990-06-28T00:00:00Z,15.3300
1990-06-28,1990-06-29T00:00:00Z,15.4000
1990-06-29,1990-06-30T00:00:00Z,15.7300
1990-07-02,1990-07-03T00:00:00Z,15.4000
1990-07-03,1990-07-04T00:00:00Z,15.4800
1990-07-04,1990-07-05T00:00:00Z,15.4800
1990-07-05,1990-07-06T00:00:00Z,15.2300
1990-07-06,1990-07-07T00:00:00Z,15.3500
1990-07-09,1990-07-10T00:00:00Z,14.9800
1990-07-10,1990-07-11T00:00:00Z,15.5800
1990-07-11,1990-07-12T00:00:00Z,15.7000
1990-07-12,1990-07-13T00:00:00Z,15.8800
1990-07-13,1990-07-14T00:00:00Z,17.0300
1990-07-16,1990-07-17T00:00:00Z,17.7000
1990-07-17,1990-07-18T00:00:00Z,17.5800
1990-07-18,1990-07-19T00:00:00Z,17.7000
1990-07-19,1990-07-20T00:00:00Z,17.8500
1990-07-20,1990-07-21T00:00:00Z,18.0000
1990-07-23,1990-07-24T00:00:00Z,18.7300
1990-07-24,1990-07-25T00:00:00Z,19.0800
1990-07-25,1990-07-26T00:00:00Z,19.0000
1990-07-26,1990-07-27T00:00:00Z,18.7300
1990-07-27,1990-07-28T00:00:00Z,19.0300
1990-07-30,1990-07-31T00:00:00Z,18.9800
1990-07-31,1990-08-01T00:00:00Z,19.2300
1990-08-01,1990-08-02T00:00:00Z,19.9300
1990-08-02,1990-08-03T00:00:00Z,22.2500
1990-08-03,1990-08-04T00:00:00Z,24.1300
1990-08-06,1990-08-07T00:00:00Z,27.2800
1990-08-07,1990-08-08T00:00:00Z,27.3500
1990-08-08,1990-08-09T00:00:00Z,25.1500
1990-08-09,1990-08-10T00:00:00Z,25.9000
1990-08-10,1990-08-11T00:00:00Z,26.3000
1990-08-13,1990-08-14T00:00:00Z,26.6300
1990-08-14,1990-08-15T00:00:00Z,27.1000
1990-08-15,1990-08-16T00:00:00Z,26.5300
1990-08-16,1990-08-17T00:00:00Z,27.2000
1990-08-17,1990-08-18T00:00:00Z,28.4500
1990-08-20,1990-08-21T00:00:00Z,28.9000
1990-08-21,1990-08-22T00:00:00Z,29.0500
1990-08-22,1990-08-23T00:00:00Z,30.4500
1990-08-23,1990-08-24T00:00:00Z,32.3500
1990-08-24,1990-08-25T00:00:00Z,31.6500
1990-08-27,1990-08-28T00:00:00Z,27.6500
1990-08-28,1990-08-29T00:00:00Z,27.6500
1990-08-29,1990-08-30T00:00:00Z,27.6500
1990-08-30,1990-08-31T00:00:00Z,27.5000
1990-08-31,1990-09-01T00:00:00Z,27.8000
1990-09-03,1990-09-04T00:00:00Z,30.5300
1990-09-04,1990-09-05T00:00:00Z,30.0800
1990-09-05,1990-09-06T00:00:00Z,31.2300
1990-09-06,1990-09-07T00:00:00Z,32.1500
1990-09-07,1990-09-08T00:00:00Z,31.4500
1990-09-10,1990-09-11T00:00:00Z,31.4500
1990-09-11,1990-09-12T00:00:00Z,32.1000
1990-09-12,1990-09-13T00:00:00Z,31.2800
1990-09-13,1990-09-14T00:00:00Z,31.8800
1990-09-14,1990-09-15T00:00:00Z,33.3500
1990-09-17,1990-09-18T00:00:00Z,34.9000
1990-09-18,1990-09-19T00:00:00Z,35.9500
1990-09-19,1990-09-20T00:00:00Z,35.0800
1990-09-20,1990-09-21T00:00:00Z,35.6500
1990-09-21,1990-09-22T00:00:00Z,36.9500
1990-09-24,1990-09-25T00:00:00Z,40.7500
1990-09-25,1990-09-26T00:00:00Z,39.9000
1990-09-26,1990-09-27T00:00:00Z,40.8500
1990-09-27,1990-09-28T00:00:00Z,41.4500
1990-09-28,1990-09-29T00:00:00Z,41.0000
1990-10-01,1990-10-02T00:00:00Z,38.9500
1990-10-02,1990-10-03T00:00:00Z,35.4500
1990-10-03,1990-10-04T00:00:00Z,37.5500
1990-10-04,1990-10-05T00:00:00Z,37.2000
1990-10-05,1990-10-06T00:00:00Z,39.0500
1990-10-08,1990-10-09T00:00:00Z,39.2000
1990-10-09,1990-10-10T00:00:00Z,40.9000
1990-10-10,1990-10-11T00:00:00Z,40.2000
1990-10-11,1990-10-12T00:00:00Z,41.1500
1990-10-12,1990-10-13T00:00:00Z,39.9000
1990-10-15,1990-10-16T00:00:00Z,38.2800
1990-10-16,1990-10-17T00:00:00Z,38.9300
1990-10-17,1990-10-18T00:00:00Z,35.3300
1990-10-18,1990-10-19T00:00:00Z,35.6500
1990-10-19,1990-10-20T00:00:00Z,33.2000
1990-10-22,1990-10-23T00:00:00Z,27.4500
1990-10-23,1990-10-24T00:00:00Z,28.9500
1990-10-24,1990-10-25T00:00:00Z,30.1000
1990-10-25,1990-10-26T00:00:00Z,32.9000
1990-10-26,1990-10-27T00:00:00Z,33.7300
1990-10-29,1990-10-30T00:00:00Z,34.6500
1990-10-30,1990-10-31T00:00:00Z,35.5000
1990-10-31,1990-11-01T00:00:00Z,34.3000
1990-11-01,1990-11-02T00:00:00Z,35.6500
1990-11-02,1990-11-03T00:00:00Z,35.0500
1990-11-05,1990-11-06T00:00:00Z,33.8000
1990-11-06,1990-11-07T00:00:00Z,33.2000
1990-11-07,1990-11-08T00:00:00Z,34.5500
1990-11-08,1990-11-09T00:00:00Z,34.8500
1990-11-09,1990-11-10T00:00:00Z,34.2500
1990-11-12,1990-11-13T00:00:00Z,32.8500
1990-11-13,1990-11-14T00:00:00Z,33.6500
1990-11-14,1990-11-15T00:00:00Z,31.9500
1990-11-15,1990-11-16T00:00:00Z,32.2000
1990-11-16,1990-11-17T00:00:00Z,30.5500
1990-11-19,1990-11-20T00:00:00Z,30.8500
1990-11-20,1990-11-21T00:00:00Z,30.1000
1990-11-21,1990-11-22T00:00:00Z,30.6500
1990-11-22,1990-11-23T00:00:00Z,31.4000
1990-11-23,1990-11-24T00:00:00Z,32.0500
1990-11-26,1990-11-27T00:00:00Z,35.1000
1990-11-27,1990-11-28T00:00:00Z,34.8300
1990-11-28,1990-11-29T00:00:00Z,34.1000
1990-11-29,1990-11-30T00:00:00Z,34.6500
1990-11-30,1990-12-01T00:00:00Z,31.2000
1990-12-03,1990-12-04T00:00:00Z,31.2500
1990-12-04,1990-12-05T00:00:00Z,31.5000
1990-12-05,1990-12-06T00:00:00Z,30.2000
1990-12-06,1990-12-07T00:00:00Z,27.3500
1990-12-07,1990-12-08T00:00:00Z,28.3000
1990-12-10,1990-12-11T00:00:00Z,28.7500
1990-12-11,1990-12-12T00:00:00Z,28.0300
1990-12-12,1990-12-13T00:00:00Z,27.2800
1990-12-13,1990-12-14T00:00:00Z,27.8000
1990-12-14,1990-12-15T00:00:00Z,28.4500
1990-12-17,1990-12-18T00:00:00Z,28.2000
1990-12-18,1990-12-19T00:00:00Z,27.5500
1990-12-19,1990-12-20T00:00:00Z,28.1300
1990-12-20,1990-12-21T00:00:00Z,27.5500
1990-12-21,1990-12-22T00:00:00Z,26.9000
1990-12-24,1990-12-25T00:00:00Z,27.7000
1990-12-26,1990-12-27T00:00:00Z,27.7000
1990-12-27,1990-12-28T00:00:00Z,27.0500
1990-12-28,1990-12-29T00:00:00Z,27.4300
1990-12-31,1991-01-01T00:00:00Z,28.3500
1991-01-02,1991-01-03T00:00:00Z,26.7800
1991-01-03,1991-01-04T00:00:00Z,25.0500
1991-01-04,1991-01-05T00:00:00Z,24.0800
1991-01-07,1991-01-08T00:00:00Z,25.9300
1991-01-08,1991-01-09T00:00:00Z,25.7300
1991-01-09,1991-01-10T00:00:00Z,22.3500
1991-01-10,1991-01-11T00:00:00Z,26.5800
1991-01-11,1991-01-12T00:00:00Z,26.0500
1991-01-14,1991-01-15T00:00:00Z,29.5500
1991-01-15,1991-01-16T00:00:00Z,29.2500
1991-01-16,1991-01-17T00:00:00Z,30.2800
1991-01-17,1991-01-18T00:00:00Z,21.1000
1991-01-18,1991-01-19T00:00:00Z,19.1000
1991-01-21,1991-01-22T00:00:00Z,19.2500
1991-01-22,1991-01-23T00:00:00Z,20.7300
1991-01-23,1991-01-24T00:00:00Z,22.1500
1991-01-24,1991-01-25T00:00:00Z,20.9000
1991-01-25,1991-01-26T00:00:00Z,20.8000
1991-01-28,1991-01-29T00:00:00Z,20.4000
1991-01-29,1991-01-30T00:00:00Z,20.7500
1991-01-30,1991-01-31T00:00:00Z,20.9500
1991-01-31,1991-02-01T00:00:00Z,20.7000
1991-02-01,1991-02-02T00:00:00Z,20.8000
1991-02-04,1991-02-05T00:00:00Z,20.4500
1991-02-05,1991-02-06T00:00:00Z,20.2000
1991-02-06,1991-02-07T00:00:00Z,20.9300
1991-02-07,1991-02-08T00:00:00Z,20.9000
1991-02-08,1991-02-09T00:00:00Z,20.6500
1991-02-11,1991-02-12T00:00:00Z,21.2300
1991-02-12,1991-02-13T00:00:00Z,21.1000
1991-02-13,1991-02-14T00:00:00Z,21.0000
1991-02-14,1991-02-15T00:00:00Z,20.5000
1991-02-15,1991-02-16T00:00:00Z,18.3500
1991-02-18,1991-02-19T00:00:00Z,17.6800
1991-02-19,1991-02-20T00:00:00Z,17.8500
1991-02-20,1991-02-21T00:00:00Z,18.7500
1991-02-21,1991-02-22T00:00:00Z,18.5500
1991-02-22,1991-02-23T00:00:00Z,17.8000
1991-02-25,1991-02-26T00:00:00Z,17.8300
1991-02-26,1991-02-27T00:00:00Z,18.0000
1991-02-27,1991-02-28T00:00:00Z,18.6500
1991-02-28,1991-03-01T00:00:00Z,19.5000
1991-03-01,1991-03-02T00:00:00Z,19.3300
1991-03-04,1991-03-05T00:00:00Z,20.2000
1991-03-05,1991-03-06T00:00:00Z,20.0500
1991-03-06,1991-03-07T00:00:00Z,19.8500
1991-03-07,1991-03-08T00:00:00Z,19.6500
1991-03-08,1991-03-09T00:00:00Z,19.1000
1991-03-11,1991-03-12T00:00:00Z,18.6000
1991-03-12,1991-03-13T00:00:00Z,18.4300
1991-03-13,1991-03-14T00:00:00Z,20.3300
1991-03-14,1991-03-15T00:00:00Z,19.9800
1991-03-15,1991-03-16T00:00:00Z,19.0500
1991-03-18,1991-03-19T00:00:00Z,18.3000
1991-03-19,1991-03-20T00:00:00Z,18.9500
1991-03-20,1991-03-21T00:00:00Z,18.9800
1991-03-21,1991-03-22T00:00:00Z,18.8000
1991-03-22,1991-03-23T00:00:00Z,18.9500
1991-03-25,1991-03-26T00:00:00Z,18.6000
1991-03-26,1991-03-27T00:00:00Z,18.3500
1991-03-27,1991-03-28T00:00:00Z,18.1500
1991-03-28,1991-03-29T00:00:00Z,18.0000
1991-04-01,1991-04-02T00:00:00Z,18.0000
1991-04-02,1991-04-03T00:00:00Z,17.6300
1991-04-03,1991-04-04T00:00:00Z,17.7500
1991-04-04,1991-04-05T00:00:00Z,18.0000
1991-04-05,1991-04-06T00:00:00Z,18.3500
1991-04-08,1991-04-09T00:00:00Z,18.5800
1991-04-09,1991-04-10T00:00:00Z,18.6000
1991-04-10,1991-04-11T00:00:00Z,19.2500
1991-04-11,1991-04-12T00:00:00Z,19.5000
1991-04-12,1991-04-13T00:00:00Z,19.9300
1991-04-15,1991-04-16T00:00:00Z,20.2300
1991-04-16,1991-04-17T00:00:00Z,19.9000
1991-04-17,1991-04-18T00:00:00Z,19.8500
1991-04-18,1991-04-19T00:00:00Z,19.4000
1991-04-19,1991-04-20T00:00:00Z,19.1800
1991-04-22,1991-04-23T00:00:00Z,19.7800
1991-04-23,1991-04-24T00:00:00Z,19.6000
1991-04-24,1991-04-25T00:00:00Z,19.5500
1991-04-25,1991-04-26T00:00:00Z,19.6000
1991-04-26,1991-04-27T00:00:00Z,19.6300
1991-04-29,1991-04-30T00:00:00Z,19.9500
1991-04-30,1991-05-01T00:00:00Z,19.7000
1991-05-01,1991-05-02T00:00:00Z,19.7000
1991-05-02,1991-05-03T00:00:00Z,19.7000
1991-05-03,1991-05-04T00:00:00Z,19.5500
1991-05-06,1991-05-07T00:00:00Z,19.8000
1991-05-07,1991-05-08T00:00:00Z,19.8500
1991-05-08,1991-05-09T00:00:00Z,19.8000
1991-05-09,1991-05-10T00:00:00Z,20.0800
1991-05-10,1991-05-11T00:00:00Z,19.5300
1991-05-13,1991-05-14T00:00:00Z,19.2500
1991-05-14,1991-05-15T00:00:00Z,18.9500
1991-05-15,1991-05-16T00:00:00Z,18.8000
1991-05-16,1991-05-17T00:00:00Z,18.7500
1991-05-17,1991-05-18T00:00:00Z,18.7500
1991-05-20,1991-05-21T00:00:00Z,18.9000
1991-05-21,1991-05-22T00:00:00Z,19.0300
1991-05-22,1991-05-23T00:00:00Z,18.5800
1991-05-23,1991-05-24T00:00:00Z,18.7800
1991-05-24,1991-05-25T00:00:00Z,18.8300
1991-05-28,1991-05-29T00:00:00Z,19.0000
1991-05-29,1991-05-30T00:00:00Z,18.7500
1991-05-30,1991-05-31T00:00:00Z,18.7300
1991-05-31,1991-06-01T00:00:00Z,19.0000
1991-06-03,1991-06-04T00:00:00Z,19.0000
1991-06-04,1991-06-05T00:00:00Z,18.8300
1991-06-05,1991-06-06T00:00:00Z,18.6300
1991-06-06,1991-06-07T00:00:00Z,18.0300
1991-06-07,1991-06-08T00:00:00Z,18.2800
1991-06-10,1991-06-11T00:00:00Z,18.0000
1991-06-11,1991-06-12T00:00:00Z,17.8500
1991-06-12,1991-06-13T00:00:00Z,17.7300
1991-06-13,1991-06-14T00:00:00Z,18.0000
1991-06-14,1991-06-15T00:00:00Z,17.7000
1991-06-17,1991-06-18T00:00:00Z,17.8500
1991-06-18,1991-06-19T00:00:00Z,18.0000
1991-06-19,1991-06-20T00:00:00Z,17.8800
1991-06-20,1991-06-21T00:00:00Z,18.1500
1991-06-21,1991-06-22T00:00:00Z,18.4300
1991-06-24,1991-06-25T00:00:00Z,18.1800
1991-06-25,1991-06-26T00:00:00Z,18.1500
1991-06-26,1991-06-27T00:00:00Z,18.1000
1991-06-27,1991-06-28T00:00:00Z,18.0800
1991-06-28,1991-06-29T00:00:00Z,18.4800
1991-07-01,1991-07-02T00:00:00Z,18.5300
1991-07-02,1991-07-03T00:00:00Z,18.5500
1991-07-03,1991-07-04T00:00:00Z,18.5000
1991-07-04,1991-07-05T00:00:00Z,18.4800
1991-07-05,1991-07-06T00:00:00Z,18.7000
1991-07-08,1991-07-09T00:00:00Z,18.9800
1991-07-09,1991-07-10T00:00:00Z,19.0300
1991-07-10,1991-07-11T00:00:00Z,19.2300
1991-07-11,1991-07-12T00:00:00Z,19.2000
1991-07-12,1991-07-13T00:00:00Z,19.7800
1991-07-15,1991-07-16T00:00:00Z,19.6000
1991-07-16,1991-07-17T00:00:00Z,19.8300
1991-07-17,1991-07-18T00:00:00Z,20.1300
1991-07-18,1991-07-19T00:00:00Z,20.2800
1991-07-19,1991-07-20T00:00:00Z,20.2800
1991-07-22,1991-07-23T00:00:00Z,20.0800
1991-07-23,1991-07-24T00:00:00Z,19.5800
1991-07-24,1991-07-25T00:00:00Z,19.3300
1991-07-25,1991-07-26T00:00:00Z,19.6000
1991-07-26,1991-07-27T00:00:00Z,19.7300
1991-07-29,1991-07-30T00:00:00Z,19.5800
1991-07-30,1991-07-31T00:00:00Z,19.4800
1991-07-31,1991-08-01T00:00:00Z,19.6500
1991-08-01,1991-08-02T00:00:00Z,19.7300
1991-08-02,1991-08-03T00:00:00Z,19.4000
1991-08-05,1991-08-06T00:00:00Z,19.5000
1991-08-06,1991-08-07T00:00:00Z,19.4500
1991-08-07,1991-08-08T00:00:00Z,19.3500
1991-08-08,1991-08-09T00:00:00Z,19.7000
1991-08-09,1991-08-10T00:00:00Z,19.5800
1991-08-12,1991-08-13T00:00:00Z,19.6300
1991-08-13,1991-08-14T00:00:00Z,19.5000
1991-08-14,1991-08-15T00:00:00Z,19.2300
1991-08-15,1991-08-16T00:00:00Z,19.2500
1991-08-16,1991-08-17T00:00:00Z,19.3500
1991-08-19,1991-08-20T00:00:00Z,20.5500
1991-08-20,1991-08-21T00:00:00Z,20.9800
1991-08-21,1991-08-22T00:00:00Z,19.5500
1991-08-22,1991-08-23T00:00:00Z,19.5300
1991-08-23,1991-08-24T00:00:00Z,19.8500
1991-08-26,1991-08-27T00:00:00Z,20.0300
1991-08-27,1991-08-28T00:00:00Z,20.0300
1991-08-28,1991-08-29T00:00:00Z,19.9800
1991-08-29,1991-08-30T00:00:00Z,20.3000
1991-08-30,1991-08-31T00:00:00Z,20.5300
1991-09-02,1991-09-03T00:00:00Z,20.6500
1991-09-03,1991-09-04T00:00:00Z,20.5500
1991-09-04,1991-09-05T00:00:00Z,20.2500
1991-09-05,1991-09-06T00:00:00Z,20.1000
1991-09-06,1991-09-07T00:00:00Z,20.1300
1991-09-09,1991-09-10T00:00:00Z,19.8500
1991-09-10,1991-09-11T00:00:00Z,19.9300
1991-09-11,1991-09-12T00:00:00Z,20.0000
1991-09-12,1991-09-13T00:00:00Z,20.2500
1991-09-13,1991-09-14T00:00:00Z,20.3500
1991-09-16,1991-09-17T00:00:00Z,20.5300
1991-09-17,1991-09-18T00:00:00Z,20.3000
1991-09-18,1991-09-19T00:00:00Z,20.5300
1991-09-19,1991-09-20T00:00:00Z,20.4300
1991-09-20,1991-09-21T00:00:00Z,20.5500
1991-09-23,1991-09-24T00:00:00Z,20.8300
1991-09-24,1991-09-25T00:00:00Z,20.7500
1991-09-25,1991-09-26T00:00:00Z,20.6500
1991-09-26,1991-09-27T00:00:00Z,21.0000
1991-09-27,1991-09-28T00:00:00Z,21.4800
1991-09-30,1991-10-01T00:00:00Z,21.4300
1991-10-01,1991-10-02T00:00:00Z,21.1500
1991-10-02,1991-10-03T00:00:00Z,21.3000
1991-10-03,1991-10-04T00:00:00Z,21.7500
1991-10-04,1991-10-05T00:00:00Z,21.8300
1991-10-07,1991-10-08T00:00:00Z,21.9800
1991-10-08,1991-10-09T00:00:00Z,21.9500
1991-10-09,1991-10-10T00:00:00Z,22.4300
1991-10-10,1991-10-11T00:00:00Z,22.1300
1991-10-11,1991-10-12T00:00:00Z,22.0800
1991-10-14,1991-10-15T00:00:00Z,22.6000
1991-10-15,1991-10-16T00:00:00Z,22.8300
1991-10-16,1991-10-17T00:00:00Z,22.6000
1991-10-17,1991-10-18T00:00:00Z,22.7300
1991-10-18,1991-10-19T00:00:00Z,23.0000
1991-10-21,1991-10-22T00:00:00Z,22.9500
1991-10-22,1991-10-23T00:00:00Z,22.6500
1991-10-23,1991-10-24T00:00:00Z,22.4800
1991-10-24,1991-10-25T00:00:00Z,22.2500
1991-10-25,1991-10-26T00:00:00Z,22.3500
1991-10-28,1991-10-29T00:00:00Z,21.9000
1991-10-29,1991-10-30T00:00:00Z,21.8500
1991-10-30,1991-10-31T00:00:00Z,21.9500
1991-10-31,1991-11-01T00:00:00Z,22.0000
1991-11-01,1991-11-02T00:00:00Z,22.5300
1991-11-04,1991-11-05T00:00:00Z,22.7300
1991-11-05,1991-11-06T00:00:00Z,22.5300
1991-11-06,1991-11-07T00:00:00Z,22.0000
1991-11-07,1991-11-08T00:00:00Z,21.8500
1991-11-08,1991-11-09T00:00:00Z,21.8000
1991-11-11,1991-11-12T00:00:00Z,21.4500
1991-11-12,1991-11-13T00:00:00Z,21.2000
1991-11-13,1991-11-14T00:00:00Z,21.5000
1991-11-14,1991-11-15T00:00:00Z,21.0000
1991-11-15,1991-11-16T00:00:00Z,21.6300
1991-11-18,1991-11-19T00:00:00Z,21.3500
1991-11-19,1991-11-20T00:00:00Z,21.0800
1991-11-20,1991-11-21T00:00:00Z,20.4800
1991-11-21,1991-11-22T00:00:00Z,20.7300
1991-11-22,1991-11-23T00:00:00Z,20.1500
1991-11-25,1991-11-26T00:00:00Z,19.7800
1991-11-26,1991-11-27T00:00:00Z,19.7800
1991-11-27,1991-11-28T00:00:00Z,19.6500
1991-11-28,1991-11-29T00:00:00Z,19.9800
1991-11-29,1991-11-30T00:00:00Z,20.0800
1991-12-02,1991-12-03T00:00:00Z,19.6000
1991-12-03,1991-12-04T00:00:00Z,19.2000
1991-12-04,1991-12-05T00:00:00Z,19.1800
1991-12-05,1991-12-06T00:00:00Z,19.1500
1991-12-06,1991-12-07T00:00:00Z,19.0500
1991-12-09,1991-12-10T00:00:00Z,18.2500
1991-12-10,1991-12-11T00:00:00Z,18.1000
1991-12-11,1991-12-12T00:00:00Z,18.2800
1991-12-12,1991-12-13T00:00:00Z,18.5800
1991-12-13,1991-12-14T00:00:00Z,19.0500
1991-12-16,1991-12-17T00:00:00Z,18.5500
1991-12-17,1991-12-18T00:00:00Z,18.1300
1991-12-18,1991-12-19T00:00:00Z,18.1500
1991-12-19,1991-12-20T00:00:00Z,18.1500
1991-12-20,1991-12-21T00:00:00Z,18.5500
1991-12-23,1991-12-24T00:00:00Z,17.6000
1991-12-24,1991-12-25T00:00:00Z,17.7800
1991-12-26,1991-12-27T00:00:00Z,17.7800
1991-12-27,1991-12-28T00:00:00Z,17.7500
1991-12-30,1991-12-31T00:00:00Z,18.0000
1991-12-31,1992-01-01T00:00:00Z,17.7500
1992-01-02,1992-01-03T00:00:00Z,18.4500
1992-01-03,1992-01-04T00:00:00Z,18.5000
1992-01-06,1992-01-07T00:00:00Z,18.7500
1992-01-07,1992-01-08T00:00:00Z,18.4000
1992-01-08,1992-01-09T00:00:00Z,17.3000
1992-01-09,1992-01-10T00:00:00Z,17.1800
1992-01-10,1992-01-11T00:00:00Z,17.2300
1992-01-13,1992-01-14T00:00:00Z,18.0800
1992-01-14,1992-01-15T00:00:00Z,18.2300
1992-01-15,1992-01-16T00:00:00Z,18.3800
1992-01-16,1992-01-17T00:00:00Z,18.6800
1992-01-17,1992-01-18T00:00:00Z,18.4800
1992-01-20,1992-01-21T00:00:00Z,18.4500
1992-01-21,1992-01-22T00:00:00Z,17.8500
1992-01-22,1992-01-23T00:00:00Z,17.8300
1992-01-23,1992-01-24T00:00:00Z,18.1000
1992-01-24,1992-01-25T00:00:00Z,18.3300
1992-01-27,1992-01-28T00:00:00Z,18.5500
1992-01-28,1992-01-29T00:00:00Z,18.4300
1992-01-29,1992-01-30T00:00:00Z,18.1500
1992-01-30,1992-01-31T00:00:00Z,18.1000
1992-01-31,1992-02-01T00:00:00Z,18.1500
1992-02-03,1992-02-04T00:00:00Z,18.3500
1992-02-04,1992-02-05T00:00:00Z,18.4000
1992-02-05,1992-02-06T00:00:00Z,18.4800
1992-02-06,1992-02-07T00:00:00Z,18.5300
1992-02-07,1992-02-08T00:00:00Z,18.5800
1992-02-10,1992-02-11T00:00:00Z,18.9500
1992-02-11,1992-02-12T00:00:00Z,18.4800
1992-02-12,1992-02-13T00:00:00Z,18.3300
1992-02-13,1992-02-14T00:00:00Z,18.5300
1992-02-14,1992-02-15T00:00:00Z,18.6300
1992-02-17,1992-02-18T00:00:00Z,17.6500
1992-02-18,1992-02-19T00:00:00Z,17.7000
1992-02-19,1992-02-20T00:00:00Z,17.5000
1992-02-20,1992-02-21T00:00:00Z,17.8500
1992-02-21,1992-02-22T00:00:00Z,18.0000
1992-02-24,1992-02-25T00:00:00Z,17.4000
1992-02-25,1992-02-26T00:00:00Z,17.4300
1992-02-26,1992-02-27T00:00:00Z,17.2800
1992-02-27,1992-02-28T00:00:00Z,17.5500
1992-02-28,1992-02-29T00:00:00Z,17.4500
1992-03-02,1992-03-03T00:00:00Z,17.3500
1992-03-03,1992-03-04T00:00:00Z,17.0500
1992-03-04,1992-03-05T00:00:00Z,17.2800
1992-03-05,1992-03-06T00:00:00Z,17.4300
1992-03-06,1992-03-07T00:00:00Z,17.3000
1992-03-09,1992-03-10T00:00:00Z,17.3500
1992-03-10,1992-03-11T00:00:00Z,17.3500
1992-03-11,1992-03-12T00:00:00Z,17.2000
1992-03-12,1992-03-13T00:00:00Z,17.3500
1992-03-13,1992-03-14T00:00:00Z,17.7300
1992-03-16,1992-03-17T00:00:00Z,17.7300
1992-03-17,1992-03-18T00:00:00Z,17.8800
1992-03-18,1992-03-19T00:00:00Z,17.6500
1992-03-19,1992-03-20T00:00:00Z,17.6500
1992-03-20,1992-03-21T00:00:00Z,17.7500
1992-03-23,1992-03-24T00:00:00Z,17.5800
1992-03-24,1992-03-25T00:00:00Z,17.6500
1992-03-25,1992-03-26T00:00:00Z,17.7000
1992-03-26,1992-03-27T00:00:00Z,17.9800
1992-03-27,1992-03-28T00:00:00Z,17.8500
1992-03-30,1992-03-31T00:00:00Z,17.9800
1992-03-31,1992-04-01T00:00:00Z,19.0900
1992-04-01,1992-04-02T00:00:00Z,18.3800
1992-04-02,1992-04-03T00:00:00Z,18.5300
1992-04-03,1992-04-04T00:00:00Z,18.6300
1992-04-06,1992-04-07T00:00:00Z,18.9300
1992-04-07,1992-04-08T00:00:00Z,18.9300
1992-04-08,1992-04-09T00:00:00Z,19.1800
1992-04-09,1992-04-10T00:00:00Z,18.9500
1992-04-10,1992-04-11T00:00:00Z,19.0500
1992-04-13,1992-04-14T00:00:00Z,19.0300
1992-04-14,1992-04-15T00:00:00Z,18.8500
1992-04-15,1992-04-16T00:00:00Z,18.6000
1992-04-16,1992-04-17T00:00:00Z,18.9500
1992-04-20,1992-04-21T00:00:00Z,18.9500
1992-04-21,1992-04-22T00:00:00Z,19.0000
1992-04-22,1992-04-23T00:00:00Z,18.7300
1992-04-23,1992-04-24T00:00:00Z,18.7000
1992-04-24,1992-04-25T00:00:00Z,18.9000
1992-04-27,1992-04-28T00:00:00Z,18.9000
1992-04-28,1992-04-29T00:00:00Z,19.1800
1992-04-29,1992-04-30T00:00:00Z,19.2800
1992-04-30,1992-05-01T00:00:00Z,19.6500
1992-05-01,1992-05-02T00:00:00Z,19.8300
1992-05-04,1992-05-05T00:00:00Z,19.8800
1992-05-05,1992-05-06T00:00:00Z,19.9800
1992-05-06,1992-05-07T00:00:00Z,19.6800
1992-05-07,1992-05-08T00:00:00Z,19.6500
1992-05-08,1992-05-09T00:00:00Z,19.6300
1992-05-11,1992-05-12T00:00:00Z,19.7300
1992-05-12,1992-05-13T00:00:00Z,19.8000
1992-05-13,1992-05-14T00:00:00Z,19.9500
1992-05-14,1992-05-15T00:00:00Z,19.7500
1992-05-15,1992-05-16T00:00:00Z,19.7000
1992-05-18,1992-05-19T00:00:00Z,19.7000
1992-05-19,1992-05-20T00:00:00Z,19.3000
1992-05-20,1992-05-21T00:00:00Z,19.2800
1992-05-21,1992-05-22T00:00:00Z,19.6000
1992-05-22,1992-05-23T00:00:00Z,19.5800
1992-05-26,1992-05-27T00:00:00Z,20.5000
1992-05-27,1992-05-28T00:00:00Z,20.8000
1992-05-28,1992-05-29T00:00:00Z,20.7300
1992-05-29,1992-05-30T00:00:00Z,20.7000
1992-06-01,1992-06-02T00:00:00Z,20.9000
1992-06-02,1992-06-03T00:00:00Z,20.8500
1992-06-03,1992-06-04T00:00:00Z,21.2300
1992-06-04,1992-06-05T00:00:00Z,21.0800
1992-06-05,1992-06-06T00:00:00Z,21.3500
1992-06-08,1992-06-09T00:00:00Z,21.2500
1992-06-09,1992-06-10T00:00:00Z,21.1300
1992-06-10,1992-06-11T00:00:00Z,21.0500
1992-06-11,1992-06-12T00:00:00Z,21.3300
1992-06-12,1992-06-13T00:00:00Z,21.2800
1992-06-15,1992-06-16T00:00:00Z,21.3000
1992-06-16,1992-06-17T00:00:00Z,21.1300
1992-06-17,1992-06-18T00:00:00Z,21.0300
1992-06-18,1992-06-19T00:00:00Z,21.2300
1992-06-19,1992-06-20T00:00:00Z,21.1300
1992-06-22,1992-06-23T00:00:00Z,20.8300
1992-06-23,1992-06-24T00:00:00Z,21.3500
1992-06-24,1992-06-25T00:00:00Z,21.5500
1992-06-25,1992-06-26T00:00:00Z,21.5000
1992-06-26,1992-06-27T00:00:00Z,21.3000
1992-06-29,1992-06-30T00:00:00Z,21.0800
1992-06-30,1992-07-01T00:00:00Z,20.6000
1992-07-01,1992-07-02T00:00:00Z,20.2500
1992-07-02,1992-07-03T00:00:00Z,20.5300
1992-07-03,1992-07-04T00:00:00Z,20.6500
1992-07-06,1992-07-07T00:00:00Z,20.4500
1992-07-07,1992-07-08T00:00:00Z,19.8000
1992-07-08,1992-07-09T00:00:00Z,19.7000
1992-07-09,1992-07-10T00:00:00Z,19.7800
1992-07-10,1992-07-11T00:00:00Z,20.0000
1992-07-13,1992-07-14T00:00:00Z,19.8300
1992-07-14,1992-07-15T00:00:00Z,19.9800
1992-07-15,1992-07-16T00:00:00Z,19.8500
1992-07-16,1992-07-17T00:00:00Z,20.2300
1992-07-17,1992-07-18T00:00:00Z,20.2000
1992-07-20,1992-07-21T00:00:00Z,19.9500
1992-07-21,1992-07-22T00:00:00Z,20.0300
1992-07-22,1992-07-23T00:00:00Z,20.2300
1992-07-23,1992-07-24T00:00:00Z,20.4800
1992-07-24,1992-07-25T00:00:00Z,20.6000
1992-07-27,1992-07-28T00:00:00Z,20.5800
1992-07-28,1992-07-29T00:00:00Z,20.7800
1992-07-29,1992-07-30T00:00:00Z,20.6800
1992-07-30,1992-07-31T00:00:00Z,20.4800
1992-07-31,1992-08-01T00:00:00Z,20.3800
1992-08-03,1992-08-04T00:00:00Z,20.3300
1992-08-04,1992-08-05T00:00:00Z,19.8500
1992-08-05,1992-08-06T00:00:00Z,19.6800
1992-08-06,1992-08-07T00:00:00Z,19.7800
1992-08-07,1992-08-08T00:00:00Z,19.7500
1992-08-10,1992-08-11T00:00:00Z,19.5500
1992-08-11,1992-08-12T00:00:00Z,19.4800
1992-08-12,1992-08-13T00:00:00Z,19.6500
1992-08-13,1992-08-14T00:00:00Z,19.8300
1992-08-14,1992-08-15T00:00:00Z,19.8800
1992-08-17,1992-08-18T00:00:00Z,19.9500
1992-08-18,1992-08-19T00:00:00Z,19.9000
1992-08-19,1992-08-20T00:00:00Z,19.8000
1992-08-20,1992-08-21T00:00:00Z,19.6300
1992-08-21,1992-08-22T00:00:00Z,19.6800
1992-08-24,1992-08-25T00:00:00Z,19.6500
1992-08-25,1992-08-26T00:00:00Z,19.6800
1992-08-26,1992-08-27T00:00:00Z,19.6300
1992-08-27,1992-08-28T00:00:00Z,19.5000
1992-08-28,1992-08-29T00:00:00Z,19.6500
1992-08-31,1992-09-01T00:00:00Z,19.6500
1992-09-01,1992-09-02T00:00:00Z,19.8800
1992-09-02,1992-09-03T00:00:00Z,20.0000
1992-09-03,1992-09-04T00:00:00Z,19.9500
1992-09-04,1992-09-05T00:00:00Z,20.0300
1992-09-07,1992-09-08T00:00:00Z,20.1300
1992-09-08,1992-09-09T00:00:00Z,20.3000
1992-09-09,1992-09-10T00:00:00Z,20.3300
1992-09-10,1992-09-11T00:00:00Z,20.3000
1992-09-11,1992-09-12T00:00:00Z,20.3500
1992-09-14,1992-09-15T00:00:00Z,20.6800
1992-09-15,1992-09-16T00:00:00Z,20.5000
1992-09-16,1992-09-17T00:00:00Z,20.4300
1992-09-17,1992-09-18T00:00:00Z,20.3500
1992-09-18,1992-09-19T00:00:00Z,20.3000
1992-09-21,1992-09-22T00:00:00Z,20.1500
1992-09-22,1992-09-23T00:00:00Z,20.3300
1992-09-23,1992-09-24T00:00:00Z,20.5300
1992-09-24,1992-09-25T00:00:00Z,20.4300
1992-09-25,1992-09-26T00:00:00Z,20.3300
1992-09-28,1992-09-29T00:00:00Z,20.2800
1992-09-29,1992-09-30T00:00:00Z,20.1800
1992-09-30,1992-10-01T00:00:00Z,20.1800
1992-10-01,1992-10-02T00:00:00Z,20.2800
1992-10-02,1992-10-03T00:00:00Z,20.4000
1992-10-05,1992-10-06T00:00:00Z,20.2000
1992-10-06,1992-10-07T00:00:00Z,20.2300
1992-10-07,1992-10-08T00:00:00Z,20.2800
1992-10-08,1992-10-09T00:00:00Z,20.4800
1992-10-09,1992-10-10T00:00:00Z,20.4800
1992-10-12,1992-10-13T00:00:00Z,20.8000
1992-10-13,1992-10-14T00:00:00Z,20.8300
1992-10-14,1992-10-15T00:00:00Z,20.6800
1992-10-15,1992-10-16T00:00:00Z,20.7300
1992-10-16,1992-10-17T00:00:00Z,20.7800
1992-10-19,1992-10-20T00:00:00Z,20.7300
1992-10-20,1992-10-21T00:00:00Z,20.6800
1992-10-21,1992-10-22T00:00:00Z,20.2800
1992-10-22,1992-10-23T00:00:00Z,20.1300
1992-10-23,1992-10-24T00:00:00Z,20.0300
1992-10-26,1992-10-27T00:00:00Z,19.7800
1992-10-27,1992-10-28T00:00:00Z,19.7800
1992-10-28,1992-10-29T00:00:00Z,19.6500
1992-10-29,1992-10-30T00:00:00Z,19.4000
1992-10-30,1992-10-31T00:00:00Z,19.1300
1992-11-02,1992-11-03T00:00:00Z,19.2500
1992-11-03,1992-11-04T00:00:00Z,19.3500
1992-11-04,1992-11-05T00:00:00Z,19.0300
1992-11-05,1992-11-06T00:00:00Z,19.2000
1992-11-06,1992-11-07T00:00:00Z,19.1300
1992-11-09,1992-11-10T00:00:00Z,19.1000
1992-11-10,1992-11-11T00:00:00Z,19.5300
1992-11-11,1992-11-12T00:00:00Z,19.4000
1992-11-12,1992-11-13T00:00:00Z,19.1800
1992-11-13,1992-11-14T00:00:00Z,19.0500
1992-11-16,1992-11-17T00:00:00Z,19.2000
1992-11-17,1992-11-18T00:00:00Z,19.1500
1992-11-18,1992-11-19T00:00:00Z,19.1000
1992-11-19,1992-11-20T00:00:00Z,19.4800
1992-11-20,1992-11-21T00:00:00Z,19.4800
1992-11-23,1992-11-24T00:00:00Z,19.1500
1992-11-24,1992-11-25T00:00:00Z,19.1800
1992-11-25,1992-11-26T00:00:00Z,19.2800
1992-11-26,1992-11-27T00:00:00Z,18.9300
1992-11-27,1992-11-28T00:00:00Z,19.0800
1992-11-30,1992-12-01T00:00:00Z,19.2500
1992-12-01,1992-12-02T00:00:00Z,18.6500
1992-12-02,1992-12-03T00:00:00Z,18.3800
1992-12-03,1992-12-04T00:00:00Z,18.2000
1992-12-04,1992-12-05T00:00:00Z,18.3500
1992-12-07,1992-12-08T00:00:00Z,18.2500
1992-12-08,1992-12-09T00:00:00Z,18.0800
1992-12-09,1992-12-10T00:00:00Z,17.8000
1992-12-10,1992-12-11T00:00:00Z,18.2800
1992-12-11,1992-12-12T00:00:00Z,18.2000
1992-12-14,1992-12-15T00:00:00Z,18.0300
1992-12-15,1992-12-16T00:00:00Z,17.8000
1992-12-16,1992-12-17T00:00:00Z,17.9000
1992-12-17,1992-12-18T00:00:00Z,18.1800
1992-12-18,1992-12-19T00:00:00Z,18.3000
1992-12-21,1992-12-22T00:00:00Z,18.3300
1992-12-22,1992-12-23T00:00:00Z,18.0800
1992-12-23,1992-12-24T00:00:00Z,18.2300
1992-12-24,1992-12-25T00:00:00Z,18.2800
1992-12-29,1992-12-30T00:00:00Z,17.9300
1992-12-30,1992-12-31T00:00:00Z,17.8300
1992-12-31,1993-01-01T00:00:00Z,17.8500
1993-01-04,1993-01-05T00:00:00Z,17.7300
1993-01-05,1993-01-06T00:00:00Z,17.4800
1993-01-06,1993-01-07T00:00:00Z,17.5300
1993-01-07,1993-01-08T00:00:00Z,17.5800
1993-01-08,1993-01-09T00:00:00Z,17.2300
1993-01-11,1993-01-12T00:00:00Z,17.2800
1993-01-12,1993-01-13T00:00:00Z,16.8500
1993-01-13,1993-01-14T00:00:00Z,16.8500
1993-01-14,1993-01-15T00:00:00Z,17.0000
1993-01-15,1993-01-16T00:00:00Z,17.2800
1993-01-18,1993-01-19T00:00:00Z,17.2500
1993-01-19,1993-01-20T00:00:00Z,16.9800
1993-01-20,1993-01-21T00:00:00Z,16.7000
1993-01-21,1993-01-22T00:00:00Z,16.8800
1993-01-22,1993-01-23T00:00:00Z,17.0800
1993-01-25,1993-01-26T00:00:00Z,17.5800
1993-01-26,1993-01-27T00:00:00Z,17.9300
1993-01-27,1993-01-28T00:00:00Z,17.8800
1993-01-28,1993-01-29T00:00:00Z,18.1500
1993-01-29,1993-01-30T00:00:00Z,18.4800
1993-02-01,1993-02-02T00:00:00Z,18.5500
1993-02-02,1993-02-03T00:00:00Z,18.4000
1993-02-04,1993-02-05T00:00:00Z,18.6500
1993-02-05,1993-02-06T00:00:00Z,18.7000
1993-02-08,1993-02-09T00:00:00Z,18.5500
1993-02-09,1993-02-10T00:00:00Z,18.3300
1993-02-10,1993-02-11T00:00:00Z,18.4800
1993-02-11,1993-02-12T00:00:00Z,18.4300
1993-02-12,1993-02-13T00:00:00Z,18.4800
1993-02-15,1993-02-16T00:00:00Z,17.9800
1993-02-16,1993-02-17T00:00:00Z,18.2000
1993-02-17,1993-02-18T00:00:00Z,17.9300
1993-02-18,1993-02-19T00:00:00Z,17.8300
1993-02-19,1993-02-20T00:00:00Z,18.3000
1993-02-22,1993-02-23T00:00:00Z,18.6300
1993-02-23,1993-02-24T00:00:00Z,18.8800
1993-02-24,1993-02-25T00:00:00Z,18.8800
1993-02-25,1993-02-26T00:00:00Z,18.8300
1993-02-26,1993-02-27T00:00:00Z,18.8300
1993-03-01,1993-03-02T00:00:00Z,19.0300
1993-03-02,1993-03-03T00:00:00Z,18.8300
1993-03-03,1993-03-04T00:00:00Z,18.9300
1993-03-04,1993-03-05T00:00:00Z,19.3500
1993-03-05,1993-03-06T00:00:00Z,19.6000
1993-03-08,1993-03-09T00:00:00Z,19.2800
1993-03-09,1993-03-10T00:00:00Z,19.2300
1993-03-10,1993-03-11T00:00:00Z,19.0800
1993-03-11,1993-03-12T00:00:00Z,18.7000
1993-03-12,1993-03-13T00:00:00Z,18.8300
1993-03-15,1993-03-16T00:00:00Z,18.8800
1993-03-16,1993-03-17T00:00:00Z,18.5500
1993-03-17,1993-03-18T00:00:00Z,18.6000
1993-03-18,1993-03-19T00:00:00Z,18.7000
1993-03-19,1993-03-20T00:00:00Z,18.5800
1993-03-22,1993-03-23T00:00:00Z,18.1800
1993-03-23,1993-03-24T00:00:00Z,18.2300
1993-03-24,1993-03-25T00:00:00Z,18.5300
1993-03-25,1993-03-26T00:00:00Z,18.6000
1993-03-26,1993-03-27T00:00:00Z,18.5500
1993-03-29,1993-03-30T00:00:00Z,18.6500
1993-03-30,1993-03-31T00:00:00Z,18.4500
1993-03-31,1993-04-01T00:00:00Z,18.7000
1993-04-01,1993-04-02T00:00:00Z,18.9800
1993-04-02,1993-04-03T00:00:00Z,18.8800
1993-04-05,1993-04-06T00:00:00Z,18.9500
1993-04-06,1993-04-07T00:00:00Z,18.6500
1993-04-07,1993-04-08T00:00:00Z,18.7000
1993-04-08,1993-04-09T00:00:00Z,18.5300
1993-04-13,1993-04-14T00:00:00Z,18.8000
1993-04-14,1993-04-15T00:00:00Z,18.7300
1993-04-15,1993-04-16T00:00:00Z,18.6300
1993-04-16,1993-04-17T00:00:00Z,18.5000
1993-04-19,1993-04-20T00:00:00Z,18.4800
1993-04-20,1993-04-21T00:00:00Z,18.5300
1993-04-21,1993-04-22T00:00:00Z,18.6800
1993-04-22,1993-04-23T00:00:00Z,18.4800
1993-04-23,1993-04-24T00:00:00Z,18.6300
1993-04-26,1993-04-27T00:00:00Z,18.6300
1993-04-27,1993-04-28T00:00:00Z,18.5800
1993-04-28,1993-04-29T00:00:00Z,18.4800
1993-04-29,1993-04-30T00:00:00Z,18.8000
1993-04-30,1993-05-01T00:00:00Z,18.8500
1993-05-04,1993-05-05T00:00:00Z,18.9000
1993-05-05,1993-05-06T00:00:00Z,18.8500
1993-05-06,1993-05-07T00:00:00Z,19.1300
1993-05-07,1993-05-08T00:00:00Z,18.9800
1993-05-10,1993-05-11T00:00:00Z,18.9800
1993-05-11,1993-05-12T00:00:00Z,18.8300
1993-05-12,1993-05-13T00:00:00Z,18.9000
1993-05-13,1993-05-14T00:00:00Z,18.7000
1993-05-14,1993-05-15T00:00:00Z,18.4000
1993-05-17,1993-05-18T00:00:00Z,18.2800
1993-05-18,1993-05-19T00:00:00Z,18.1800
1993-05-19,1993-05-20T00:00:00Z,18.1300
1993-05-20,1993-05-21T00:00:00Z,18.1000
1993-05-21,1993-05-22T00:00:00Z,18.0500
1993-05-24,1993-05-25T00:00:00Z,18.1500
1993-05-25,1993-05-26T00:00:00Z,18.1500
1993-05-26,1993-05-27T00:00:00Z,18.0800
1993-05-27,1993-05-28T00:00:00Z,18.4300
1993-05-28,1993-05-29T00:00:00Z,18.4300
1993-06-01,1993-06-02T00:00:00Z,18.4800
1993-06-02,1993-06-03T00:00:00Z,18.4800
1993-06-03,1993-06-04T00:00:00Z,18.1500
1993-06-04,1993-06-05T00:00:00Z,18.2500
1993-06-07,1993-06-08T00:00:00Z,18.0000
1993-06-08,1993-06-09T00:00:00Z,18.2300
1993-06-09,1993-06-10T00:00:00Z,18.2300
1993-06-10,1993-06-11T00:00:00Z,18.2000
1993-06-11,1993-06-12T00:00:00Z,17.6300
1993-06-14,1993-06-15T00:00:00Z,17.5800
1993-06-15,1993-06-16T00:00:00Z,17.3000
1993-06-16,1993-06-17T00:00:00Z,17.3300
1993-06-17,1993-06-18T00:00:00Z,17.2300
1993-06-18,1993-06-19T00:00:00Z,17.1300
1993-06-21,1993-06-22T00:00:00Z,17.1800
1993-06-22,1993-06-23T00:00:00Z,17.1800
1993-06-23,1993-06-24T00:00:00Z,17.1800
1993-06-24,1993-06-25T00:00:00Z,17.2300
1993-06-25,1993-06-26T00:00:00Z,17.2300
1993-06-28,1993-06-29T00:00:00Z,17.2300
1993-06-29,1993-06-30T00:00:00Z,17.4800
1993-06-30,1993-07-01T00:00:00Z,17.4300
1993-07-01,1993-07-02T00:00:00Z,16.9800
1993-07-02,1993-07-03T00:00:00Z,16.6300
1993-07-05,1993-07-06T00:00:00Z,16.8800
1993-07-06,1993-07-07T00:00:00Z,17.1300
1993-07-07,1993-07-08T00:00:00Z,16.9000
1993-07-08,1993-07-09T00:00:00Z,16.5500
1993-07-09,1993-07-10T00:00:00Z,16.5300
1993-07-12,1993-07-13T00:00:00Z,16.7800
1993-07-13,1993-07-14T00:00:00Z,16.9500
1993-07-14,1993-07-15T00:00:00Z,16.5000
1993-07-15,1993-07-16T00:00:00Z,16.4800
1993-07-16,1993-07-17T00:00:00Z,16.6000
1993-07-19,1993-07-20T00:00:00Z,16.5800
1993-07-20,1993-07-21T00:00:00Z,16.5800
1993-07-21,1993-07-22T00:00:00Z,16.7300
1993-07-22,1993-07-23T00:00:00Z,16.6500
1993-07-23,1993-07-24T00:00:00Z,16.8500
1993-07-26,1993-07-27T00:00:00Z,16.8500
1993-07-27,1993-07-28T00:00:00Z,16.8500
1993-07-28,1993-07-29T00:00:00Z,17.1300
1993-07-29,1993-07-30T00:00:00Z,17.0800
1993-07-30,1993-07-31T00:00:00Z,16.8500
1993-08-02,1993-08-03T00:00:00Z,16.8500
1993-08-03,1993-08-04T00:00:00Z,16.5300
1993-08-04,1993-08-05T00:00:00Z,16.6300
1993-08-05,1993-08-06T00:00:00Z,16.6000
1993-08-06,1993-08-07T00:00:00Z,16.3800
1993-08-09,1993-08-10T00:00:00Z,16.4500
1993-08-10,1993-08-11T00:00:00Z,16.3000
1993-08-11,1993-08-12T00:00:00Z,16.5800
1993-08-12,1993-08-13T00:00:00Z,16.7800
1993-08-13,1993-08-14T00:00:00Z,16.9300
1993-08-16,1993-08-17T00:00:00Z,16.8000
1993-08-17,1993-08-18T00:00:00Z,16.8800
1993-08-18,1993-08-19T00:00:00Z,16.6300
1993-08-19,1993-08-20T00:00:00Z,16.6300
1993-08-20,1993-08-21T00:00:00Z,16.6800
1993-08-23,1993-08-24T00:00:00Z,16.8300
1993-08-24,1993-08-25T00:00:00Z,16.9300
1993-08-25,1993-08-26T00:00:00Z,16.6800
1993-08-26,1993-08-27T00:00:00Z,16.7500
1993-08-27,1993-08-28T00:00:00Z,17.0500
1993-08-31,1993-09-01T00:00:00Z,16.7300
1993-09-01,1993-09-02T00:00:00Z,16.5500
1993-09-02,1993-09-03T00:00:00Z,16.5000
1993-09-03,1993-09-04T00:00:00Z,16.3300
1993-09-06,1993-09-07T00:00:00Z,16.2300
1993-09-07,1993-09-08T00:00:00Z,15.8500
1993-09-08,1993-09-09T00:00:00Z,15.6500
1993-09-09,1993-09-10T00:00:00Z,15.7300
1993-09-10,1993-09-11T00:00:00Z,15.4300
1993-09-13,1993-09-14T00:00:00Z,15.4300
1993-09-14,1993-09-15T00:00:00Z,15.5800
1993-09-15,1993-09-16T00:00:00Z,15.3500
1993-09-16,1993-09-17T00:00:00Z,15.4300
1993-09-17,1993-09-18T00:00:00Z,15.5500
1993-09-20,1993-09-21T00:00:00Z,16.0300
1993-09-21,1993-09-22T00:00:00Z,16.2500
1993-09-22,1993-09-23T00:00:00Z,15.8800
1993-09-23,1993-09-24T00:00:00Z,15.8800
1993-09-24,1993-09-25T00:00:00Z,16.1000
1993-09-27,1993-09-28T00:00:00Z,16.1000
1993-09-28,1993-09-29T00:00:00Z,16.4000
1993-09-29,1993-09-30T00:00:00Z,16.7800
1993-09-30,1993-10-01T00:00:00Z,17.2300
1993-10-01,1993-10-02T00:00:00Z,17.0800
1993-10-04,1993-10-05T00:00:00Z,16.9000
1993-10-05,1993-10-06T00:00:00Z,16.7800
1993-10-06,1993-10-07T00:00:00Z,16.9800
1993-10-07,1993-10-08T00:00:00Z,16.8800
1993-10-08,1993-10-09T00:00:00Z,16.9800
1993-10-11,1993-10-12T00:00:00Z,17.1300
1993-10-12,1993-10-13T00:00:00Z,17.1500
1993-10-13,1993-10-14T00:00:00Z,17.0000
1993-10-14,1993-10-15T00:00:00Z,16.8000
1993-10-15,1993-10-16T00:00:00Z,16.7000
1993-10-18,1993-10-19T00:00:00Z,16.5000
1993-10-19,1993-10-20T00:00:00Z,16.5300
1993-10-20,1993-10-21T00:00:00Z,16.6800
1993-10-21,1993-10-22T00:00:00Z,16.8800
1993-10-22,1993-10-23T00:00:00Z,16.4800
1993-10-25,1993-10-26T00:00:00Z,16.1300
1993-10-26,1993-10-27T00:00:00Z,15.9500
1993-10-27,1993-10-28T00:00:00Z,15.9500
1993-10-28,1993-10-29T00:00:00Z,15.8300
1993-10-29,1993-10-30T00:00:00Z,15.4300
1993-11-01,1993-11-02T00:00:00Z,15.8300
1993-11-02,1993-11-03T00:00:00Z,15.6300
1993-11-03,1993-11-04T00:00:00Z,15.8300
1993-11-04,1993-11-05T00:00:00Z,15.7800
1993-11-05,1993-11-06T00:00:00Z,15.7300
1993-11-08,1993-11-09T00:00:00Z,15.2800
1993-11-09,1993-11-10T00:00:00Z,15.3300
1993-11-10,1993-11-11T00:00:00Z,15.2300
1993-11-11,1993-11-12T00:00:00Z,15.1800
1993-11-12,1993-11-13T00:00:00Z,15.0800
1993-11-15,1993-11-16T00:00:00Z,15.2500
1993-11-16,1993-11-17T00:00:00Z,15.3300
1993-11-17,1993-11-18T00:00:00Z,15.5500
1993-11-18,1993-11-19T00:00:00Z,15.4000
1993-11-19,1993-11-20T00:00:00Z,15.2500
1993-11-22,1993-11-23T00:00:00Z,15.3500
1993-11-23,1993-11-24T00:00:00Z,15.2500
1993-11-24,1993-11-25T00:00:00Z,15.1300
1993-11-25,1993-11-26T00:00:00Z,14.3500
1993-11-26,1993-11-27T00:00:00Z,14.2800
1993-11-29,1993-11-30T00:00:00Z,14.0500
1993-11-30,1993-12-01T00:00:00Z,14.2300
1993-12-01,1993-12-02T00:00:00Z,14.4300
1993-12-02,1993-12-03T00:00:00Z,14.1500
1993-12-03,1993-12-04T00:00:00Z,13.9500
1993-12-06,1993-12-07T00:00:00Z,13.9000
1993-12-07,1993-12-08T00:00:00Z,13.8800
1993-12-08,1993-12-09T00:00:00Z,13.4500
1993-12-09,1993-12-10T00:00:00Z,13.6000
1993-12-10,1993-12-11T00:00:00Z,13.8000
1993-12-13,1993-12-14T00:00:00Z,13.9000
1993-12-14,1993-12-15T00:00:00Z,14.7800
1993-12-15,1993-12-16T00:00:00Z,13.8000
1993-12-16,1993-12-17T00:00:00Z,13.6300
1993-12-17,1993-12-18T00:00:00Z,13.8500
1993-12-20,1993-12-21T00:00:00Z,13.6300
1993-12-21,1993-12-22T00:00:00Z,13.4500
1993-12-22,1993-12-23T00:00:00Z,13.6000
1993-12-23,1993-12-24T00:00:00Z,13.5500
1993-12-24,1993-12-25T00:00:00Z,13.3800
1993-12-29,1993-12-30T00:00:00Z,13.1300
1993-12-30,1993-12-31T00:00:00Z,13.2000
1993-12-31,1994-01-01T00:00:00Z,13.1800
1994-01-04,1994-01-05T00:00:00Z,13.4300
1994-01-05,1994-01-06T00:00:00Z,14.1000
1994-01-06,1994-01-07T00:00:00Z,14.5500
1994-01-07,1994-01-08T00:00:00Z,14.6300
1994-01-10,1994-01-11T00:00:00Z,14.1500
1994-01-11,1994-01-12T00:00:00Z,14.1000
1994-01-12,1994-01-13T00:00:00Z,13.9000
1994-01-13,1994-01-14T00:00:00Z,13.7500
1994-01-14,1994-01-15T00:00:00Z,14.1000
1994-01-17,1994-01-18T00:00:00Z,14.4000
1994-01-18,1994-01-19T00:00:00Z,14.1000
1994-01-19,1994-01-20T00:00:00Z,14.2500
1994-01-20,1994-01-21T00:00:00Z,14.1000
1994-01-21,1994-01-22T00:00:00Z,14.2300
1994-01-24,1994-01-25T00:00:00Z,14.3500
1994-01-25,1994-01-26T00:00:00Z,14.6300
1994-01-26,1994-01-27T00:00:00Z,14.8000
1994-01-27,1994-01-28T00:00:00Z,14.7800
1994-01-28,1994-01-29T00:00:00Z,14.6500
1994-01-31,1994-02-01T00:00:00Z,14.8300
1994-02-01,1994-02-02T00:00:00Z,15.0300
1994-02-02,1994-02-03T00:00:00Z,15.4000
1994-02-03,1994-02-04T00:00:00Z,15.4800
1994-02-04,1994-02-05T00:00:00Z,14.9300
1994-02-07,1994-02-08T00:00:00Z,14.6000
1994-02-08,1994-02-09T00:00:00Z,14.1300
1994-02-09,1994-02-10T00:00:00Z,13.5300
1994-02-10,1994-02-11T00:00:00Z,13.5800
1994-02-11,1994-02-12T00:00:00Z,13.7000
1994-02-14,1994-02-15T00:00:00Z,13.4000
1994-02-15,1994-02-16T00:00:00Z,13.1300
1994-02-16,1994-02-17T00:00:00Z,13.0800
1994-02-17,1994-02-18T00:00:00Z,13.2800
1994-02-18,1994-02-19T00:00:00Z,13.0000
1994-02-21,1994-02-22T00:00:00Z,13.0500
1994-02-22,1994-02-23T00:00:00Z,13.2000
1994-02-23,1994-02-24T00:00:00Z,13.2000
1994-02-24,1994-02-25T00:00:00Z,13.4000
1994-02-25,1994-02-26T00:00:00Z,13.3300
1994-02-28,1994-03-01T00:00:00Z,13.5900
1994-03-01,1994-03-02T00:00:00Z,13.4500
1994-03-02,1994-03-03T00:00:00Z,13.5000
1994-03-03,1994-03-04T00:00:00Z,13.5500
1994-03-04,1994-03-05T00:00:00Z,13.4300
1994-03-07,1994-03-08T00:00:00Z,13.1300
1994-03-08,1994-03-09T00:00:00Z,13.1500
1994-03-09,1994-03-10T00:00:00Z,13.3000
1994-03-10,1994-03-11T00:00:00Z,13.2300
1994-03-11,1994-03-12T00:00:00Z,13.7000
1994-03-14,1994-03-15T00:00:00Z,14.0300
1994-03-15,1994-03-16T00:00:00Z,14.2800
1994-03-16,1994-03-17T00:00:00Z,14.3000
1994-03-17,1994-03-18T00:00:00Z,14.2500
1994-03-18,1994-03-19T00:00:00Z,14.0500
1994-03-21,1994-03-22T00:00:00Z,14.5500
1994-03-22,1994-03-23T00:00:00Z,14.8000
1994-03-23,1994-03-24T00:00:00Z,14.5000
1994-03-24,1994-03-25T00:00:00Z,14.5300
1994-03-25,1994-03-26T00:00:00Z,14.5800
1994-03-28,1994-03-29T00:00:00Z,13.7500
1994-03-29,1994-03-30T00:00:00Z,13.3800
1994-03-30,1994-03-31T00:00:00Z,13.2300
1994-03-31,1994-04-01T00:00:00Z,13.2500
1994-04-05,1994-04-06T00:00:00Z,14.3300
1994-04-06,1994-04-07T00:00:00Z,14.3300
1994-04-07,1994-04-08T00:00:00Z,14.4000
1994-04-08,1994-04-09T00:00:00Z,14.3000
1994-04-11,1994-04-12T00:00:00Z,14.7300
1994-04-12,1994-04-13T00:00:00Z,14.8000
1994-04-13,1994-04-14T00:00:00Z,15.0000
1994-04-14,1994-04-15T00:00:00Z,15.2800
1994-04-15,1994-04-16T00:00:00Z,15.2300
1994-04-18,1994-04-19T00:00:00Z,15.4800
1994-04-19,1994-04-20T00:00:00Z,15.1300
1994-04-20,1994-04-21T00:00:00Z,15.3000
1994-04-21,1994-04-22T00:00:00Z,15.6300
1994-04-22,1994-04-23T00:00:00Z,16.2800
1994-04-25,1994-04-26T00:00:00Z,16.3800
1994-04-26,1994-04-27T00:00:00Z,16.0500
1994-04-27,1994-04-28T00:00:00Z,15.7500
1994-04-28,1994-04-29T00:00:00Z,15.6500
1994-04-29,1994-04-30T00:00:00Z,15.3500
1994-05-03,1994-05-04T00:00:00Z,15.9300
1994-05-04,1994-05-05T00:00:00Z,15.9500
1994-05-05,1994-05-06T00:00:00Z,15.8500
1994-05-06,1994-05-07T00:00:00Z,16.2500
1994-05-09,1994-05-10T00:00:00Z,16.3300
1994-05-10,1994-05-11T00:00:00Z,16.2500
1994-05-11,1994-05-12T00:00:00Z,16.1000
1994-05-12,1994-05-13T00:00:00Z,16.2500
1994-05-13,1994-05-14T00:00:00Z,16.5000
1994-05-16,1994-05-17T00:00:00Z,16.2300
1994-05-17,1994-05-18T00:00:00Z,15.8300
1994-05-18,1994-05-19T00:00:00Z,15.9800
1994-05-19,1994-05-20T00:00:00Z,16.1500
1994-05-20,1994-05-21T00:00:00Z,16.2300
1994-05-23,1994-05-24T00:00:00Z,16.6300
1994-05-24,1994-05-25T00:00:00Z,16.6300
1994-05-25,1994-05-26T00:00:00Z,16.3300
1994-05-26,1994-05-27T00:00:00Z,16.0800
1994-05-27,1994-05-28T00:00:00Z,16.0800
1994-05-31,1994-06-01T00:00:00Z,16.1800
1994-06-01,1994-06-02T00:00:00Z,16.4000
1994-06-02,1994-06-03T00:00:00Z,16.3500
1994-06-03,1994-06-04T00:00:00Z,16.1300
1994-06-06,1994-06-07T00:00:00Z,16.1800
1994-06-07,1994-06-08T00:00:00Z,15.9500
1994-06-08,1994-06-09T00:00:00Z,15.6500
1994-06-09,1994-06-10T00:00:00Z,16.1300
1994-06-10,1994-06-11T00:00:00Z,16.3800
1994-06-13,1994-06-14T00:00:00Z,16.2300
1994-06-14,1994-06-15T00:00:00Z,16.4000
1994-06-15,1994-06-16T00:00:00Z,16.7300
1994-06-16,1994-06-17T00:00:00Z,16.8800
1994-06-17,1994-06-18T00:00:00Z,17.1300
1994-06-20,1994-06-21T00:00:00Z,17.3800
1994-06-21,1994-06-22T00:00:00Z,17.6300
1994-06-22,1994-06-23T00:00:00Z,17.4800
1994-06-23,1994-06-24T00:00:00Z,17.3000
1994-06-24,1994-06-25T00:00:00Z,17.4000
1994-06-27,1994-06-28T00:00:00Z,17.4000
1994-06-28,1994-06-29T00:00:00Z,16.9800
1994-06-29,1994-06-30T00:00:00Z,17.2300
1994-06-30,1994-07-01T00:00:00Z,17.4500
1994-07-01,1994-07-02T00:00:00Z,17.6500
1994-07-04,1994-07-05T00:00:00Z,17.5000
1994-07-05,1994-07-06T00:00:00Z,17.1300
1994-07-06,1994-07-07T00:00:00Z,16.9000
1994-07-07,1994-07-08T00:00:00Z,16.7800
1994-07-08,1994-07-09T00:00:00Z,17.0000
1994-07-11,1994-07-12T00:00:00Z,17.4800
1994-07-12,1994-07-13T00:00:00Z,18.2500
1994-07-13,1994-07-14T00:00:00Z,18.2500
1994-07-14,1994-07-15T00:00:00Z,18.3300
1994-07-15,1994-07-16T00:00:00Z,18.1500
1994-07-18,1994-07-19T00:00:00Z,17.5000
1994-07-19,1994-07-20T00:00:00Z,17.2000
1994-07-20,1994-07-21T00:00:00Z,17.3500
1994-07-21,1994-07-22T00:00:00Z,17.4500
1994-07-22,1994-07-23T00:00:00Z,17.5800
1994-07-25,1994-07-26T00:00:00Z,17.3500
1994-07-26,1994-07-27T00:00:00Z,17.4300
1994-07-27,1994-07-28T00:00:00Z,17.8300
1994-07-28,1994-07-29T00:00:00Z,18.0000
1994-07-29,1994-07-30T00:00:00Z,18.4800
1994-08-01,1994-08-02T00:00:00Z,19.0300
1994-08-02,1994-08-03T00:00:00Z,18.4800
1994-08-03,1994-08-04T00:00:00Z,18.4800
1994-08-04,1994-08-05T00:00:00Z,18.4300
1994-08-05,1994-08-06T00:00:00Z,17.7800
1994-08-08,1994-08-09T00:00:00Z,17.9300
1994-08-09,1994-08-10T00:00:00Z,17.6800
1994-08-10,1994-08-11T00:00:00Z,17.3300
1994-08-11,1994-08-12T00:00:00Z,17.5000
1994-08-12,1994-08-13T00:00:00Z,17.1000
1994-08-15,1994-08-16T00:00:00Z,16.7500
1994-08-16,1994-08-17T00:00:00Z,16.6800
1994-08-17,1994-08-18T00:00:00Z,16.2800
1994-08-18,1994-08-19T00:00:00Z,16.3000
1994-08-19,1994-08-20T00:00:00Z,16.1300
1994-08-22,1994-08-23T00:00:00Z,15.2500
1994-08-23,1994-08-24T00:00:00Z,15.3000
1994-08-24,1994-08-25T00:00:00Z,15.8000
1994-08-25,1994-08-26T00:00:00Z,15.7500
1994-08-26,1994-08-27T00:00:00Z,15.8500
1994-08-30,1994-08-31T00:00:00Z,15.7800
1994-08-31,1994-09-01T00:00:00Z,16.0300
1994-09-01,1994-09-02T00:00:00Z,16.0300
1994-09-02,1994-09-03T00:00:00Z,15.8800
1994-09-05,1994-09-06T00:00:00Z,15.6000
1994-09-06,1994-09-07T00:00:00Z,15.9500
1994-09-07,1994-09-08T00:00:00Z,16.0300
1994-09-08,1994-09-09T00:00:00Z,16.0500
1994-09-09,1994-09-10T00:00:00Z,15.9300
1994-09-12,1994-09-13T00:00:00Z,15.8300
1994-09-13,1994-09-14T00:00:00Z,15.4800
1994-09-14,1994-09-15T00:00:00Z,15.4000
1994-09-15,1994-09-16T00:00:00Z,15.2500
1994-09-16,1994-09-17T00:00:00Z,15.3000
1994-09-19,1994-09-20T00:00:00Z,15.4500
1994-09-20,1994-09-21T00:00:00Z,15.7800
1994-09-21,1994-09-22T00:00:00Z,15.8000
1994-09-22,1994-09-23T00:00:00Z,15.9000
1994-09-23,1994-09-24T00:00:00Z,16.3000
1994-09-26,1994-09-27T00:00:00Z,16.1000
1994-09-27,1994-09-28T00:00:00Z,16.1000
1994-09-28,1994-09-29T00:00:00Z,16.2000
1994-09-29,1994-09-30T00:00:00Z,16.6000
1994-09-30,1994-10-01T00:00:00Z,16.7300
1994-10-03,1994-10-04T00:00:00Z,16.8500
1994-10-04,1994-10-05T00:00:00Z,16.7000
1994-10-05,1994-10-06T00:00:00Z,16.5000
1994-10-06,1994-10-07T00:00:00Z,16.6300
1994-10-07,1994-10-08T00:00:00Z,16.9300
1994-10-10,1994-10-11T00:00:00Z,16.7000
1994-10-11,1994-10-12T00:00:00Z,16.3800
1994-10-12,1994-10-13T00:00:00Z,16.0800
1994-10-13,1994-10-14T00:00:00Z,15.6300
1994-10-14,1994-10-15T00:00:00Z,15.5800
1994-10-17,1994-10-18T00:00:00Z,15.7500
1994-10-18,1994-10-19T00:00:00Z,16.1300
1994-10-19,1994-10-20T00:00:00Z,16.2800
1994-10-20,1994-10-21T00:00:00Z,16.5300
1994-10-21,1994-10-22T00:00:00Z,16.3500
1994-10-24,1994-10-25T00:00:00Z,16.4800
1994-10-25,1994-10-26T00:00:00Z,16.4800
1994-10-26,1994-10-27T00:00:00Z,16.8800
1994-10-27,1994-10-28T00:00:00Z,17.0800
1994-10-28,1994-10-29T00:00:00Z,17.1800
1994-10-31,1994-11-01T00:00:00Z,17.1800
1994-11-01,1994-11-02T00:00:00Z,17.4000
1994-11-02,1994-11-03T00:00:00Z,17.5800
1994-11-03,1994-11-04T00:00:00Z,17.7500
1994-11-04,1994-11-05T00:00:00Z,18.0000
1994-11-07,1994-11-08T00:00:00Z,17.7800
1994-11-08,1994-11-09T00:00:00Z,17.3800
1994-11-09,1994-11-10T00:00:00Z,17.5500
1994-11-10,1994-11-11T00:00:00Z,17.2000
1994-11-11,1994-11-12T00:00:00Z,17.3800
1994-11-14,1994-11-15T00:00:00Z,17.2500
1994-11-15,1994-11-16T00:00:00Z,16.9800
1994-11-16,1994-11-17T00:00:00Z,16.8000
1994-11-17,1994-11-18T00:00:00Z,16.5300
1994-11-18,1994-11-19T00:00:00Z,16.4500
1994-11-21,1994-11-22T00:00:00Z,17.2500
1994-11-22,1994-11-23T00:00:00Z,17.2000
1994-11-23,1994-11-24T00:00:00Z,16.8800
1994-11-24,1994-11-25T00:00:00Z,16.9500
1994-11-25,1994-11-26T00:00:00Z,17.0000
1994-11-28,1994-11-29T00:00:00Z,16.9500
1994-11-29,1994-11-30T00:00:00Z,17.0000
1994-11-30,1994-12-01T00:00:00Z,16.9500
1994-12-01,1994-12-02T00:00:00Z,16.9800
1994-12-02,1994-12-03T00:00:00Z,16.3500
1994-12-05,1994-12-06T00:00:00Z,15.9300
1994-12-06,1994-12-07T00:00:00Z,16.0500
1994-12-07,1994-12-08T00:00:00Z,15.8300
1994-12-08,1994-12-09T00:00:00Z,16.1300
1994-12-09,1994-12-10T00:00:00Z,16.0800
1994-12-12,1994-12-13T00:00:00Z,15.9800
1994-12-13,1994-12-14T00:00:00Z,15.7300
1994-12-14,1994-12-15T00:00:00Z,15.8300
1994-12-15,1994-12-16T00:00:00Z,15.6000
1994-12-16,1994-12-17T00:00:00Z,15.4800
1994-12-19,1994-12-20T00:00:00Z,15.5800
1994-12-20,1994-12-21T00:00:00Z,15.7300
1994-12-21,1994-12-22T00:00:00Z,15.6500
1994-12-22,1994-12-23T00:00:00Z,15.6000
1994-12-23,1994-12-24T00:00:00Z,15.5500
1994-12-28,1994-12-29T00:00:00Z,16.0800
1994-12-29,1994-12-30T00:00:00Z,16.2500
1994-12-30,1994-12-31T00:00:00Z,16.2300
1995-01-03,1995-01-04T00:00:00Z,15.8800
1995-01-04,1995-01-05T00:00:00Z,15.9300
1995-01-05,1995-01-06T00:00:00Z,16.1300
1995-01-06,1995-01-07T00:00:00Z,16.3500
1995-01-09,1995-01-10T00:00:00Z,16.0800
1995-01-10,1995-01-11T00:00:00Z,16.0000
1995-01-11,1995-01-12T00:00:00Z,16.4000
1995-01-12,1995-01-13T00:00:00Z,16.4800
1995-01-13,1995-01-14T00:00:00Z,16.2000
1995-01-16,1995-01-17T00:00:00Z,16.3800
1995-01-17,1995-01-18T00:00:00Z,16.7800
1995-01-18,1995-01-19T00:00:00Z,16.9500
1995-01-19,1995-01-20T00:00:00Z,17.0800
1995-01-20,1995-01-21T00:00:00Z,17.2300
1995-01-23,1995-01-24T00:00:00Z,17.0000
1995-01-24,1995-01-25T00:00:00Z,17.1500
1995-01-25,1995-01-26T00:00:00Z,16.9800
1995-01-26,1995-01-27T00:00:00Z,16.7300
1995-01-27,1995-01-28T00:00:00Z,16.3800
1995-01-30,1995-01-31T00:00:00Z,16.6800
1995-01-31,1995-02-01T00:00:00Z,16.8000
1995-02-01,1995-02-02T00:00:00Z,17.0500
1995-02-02,1995-02-03T00:00:00Z,17.0000
1995-02-03,1995-02-04T00:00:00Z,17.4000
1995-02-06,1995-02-07T00:00:00Z,17.0800
1995-02-07,1995-02-08T00:00:00Z,17.0500
1995-02-08,1995-02-09T00:00:00Z,17.0300
1995-02-09,1995-02-10T00:00:00Z,16.8500
1995-02-10,1995-02-11T00:00:00Z,16.8500
1995-02-13,1995-02-14T00:00:00Z,16.8800
1995-02-14,1995-02-15T00:00:00Z,17.0000
1995-02-15,1995-02-16T00:00:00Z,17.1000
1995-02-16,1995-02-17T00:00:00Z,17.1300
1995-02-17,1995-02-18T00:00:00Z,17.4000
1995-02-20,1995-02-21T00:00:00Z,17.4300
1995-02-21,1995-02-22T00:00:00Z,17.1800
1995-02-22,1995-02-23T00:00:00Z,17.0800
1995-02-23,1995-02-24T00:00:00Z,17.1000
1995-02-24,1995-02-25T00:00:00Z,17.1000
1995-02-27,1995-02-28T00:00:00Z,17.3500
1995-02-28,1995-03-01T00:00:00Z,17.2300
1995-03-01,1995-03-02T00:00:00Z,16.8500
1995-03-02,1995-03-03T00:00:00Z,16.5500
1995-03-03,1995-03-04T00:00:00Z,16.6800
1995-03-06,1995-03-07T00:00:00Z,16.7500
1995-03-07,1995-03-08T00:00:00Z,16.8500
1995-03-08,1995-03-09T00:00:00Z,16.7300
1995-03-09,1995-03-10T00:00:00Z,16.6500
1995-03-10,1995-03-11T00:00:00Z,16.5000
1995-03-13,1995-03-14T00:00:00Z,16.3000
1995-03-14,1995-03-15T00:00:00Z,16.3300
1995-03-15,1995-03-16T00:00:00Z,16.3800
1995-03-16,1995-03-17T00:00:00Z,16.5000
1995-03-17,1995-03-18T00:00:00Z,16.5500
1995-03-20,1995-03-21T00:00:00Z,16.8300
1995-03-21,1995-03-22T00:00:00Z,16.8000
1995-03-22,1995-03-23T00:00:00Z,17.0800
1995-03-23,1995-03-24T00:00:00Z,17.4800
1995-03-24,1995-03-25T00:00:00Z,17.6500
1995-03-27,1995-03-28T00:00:00Z,17.8300
1995-03-28,1995-03-29T00:00:00Z,17.8500
1995-03-29,1995-03-30T00:00:00Z,18.0500
1995-03-30,1995-03-31T00:00:00Z,17.9800
1995-03-31,1995-04-01T00:00:00Z,17.9800
1995-04-03,1995-04-04T00:00:00Z,17.8800
1995-04-04,1995-04-05T00:00:00Z,18.0300
1995-04-05,1995-04-06T00:00:00Z,18.3500
1995-04-06,1995-04-07T00:00:00Z,18.5000
1995-04-07,1995-04-08T00:00:00Z,18.4500
1995-04-10,1995-04-11T00:00:00Z,18.1500
1995-04-11,1995-04-12T00:00:00Z,18.6300
1995-04-12,1995-04-13T00:00:00Z,18.7300
1995-04-13,1995-04-14T00:00:00Z,17.9800
1995-04-18,1995-04-19T00:00:00Z,18.5500
1995-04-19,1995-04-20T00:00:00Z,18.7300
1995-04-20,1995-04-21T00:00:00Z,19.1500
1995-04-21,1995-04-22T00:00:00Z,19.1800
1995-04-24,1995-04-25T00:00:00Z,19.0500
1995-04-25,1995-04-26T00:00:00Z,19.3500
1995-04-26,1995-04-27T00:00:00Z,18.9000
1995-04-27,1995-04-28T00:00:00Z,19.0800
1995-04-28,1995-04-29T00:00:00Z,18.9800
1995-05-01,1995-05-02T00:00:00Z,19.3800
1995-05-02,1995-05-03T00:00:00Z,18.8300
1995-05-03,1995-05-04T00:00:00Z,18.3300
1995-05-04,1995-05-05T00:00:00Z,18.6800
1995-05-05,1995-05-06T00:00:00Z,18.8500
1995-05-08,1995-05-09T00:00:00Z,18.7800
1995-05-09,1995-05-10T00:00:00Z,18.1200
1995-05-10,1995-05-11T00:00:00Z,18.1000
1995-05-11,1995-05-12T00:00:00Z,18.0800
1995-05-12,1995-05-13T00:00:00Z,18.2300
1995-05-15,1995-05-16T00:00:00Z,18.4300
1995-05-16,1995-05-17T00:00:00Z,18.5300
1995-05-17,1995-05-18T00:00:00Z,18.5000
1995-05-18,1995-05-19T00:00:00Z,18.2300
1995-05-19,1995-05-20T00:00:00Z,18.4300
1995-05-22,1995-05-23T00:00:00Z,18.3800
1995-05-23,1995-05-24T00:00:00Z,18.4800
1995-05-24,1995-05-25T00:00:00Z,18.5500
1995-05-25,1995-05-26T00:00:00Z,18.0000
1995-05-26,1995-05-27T00:00:00Z,17.8000
1995-05-30,1995-05-31T00:00:00Z,17.4300
1995-05-31,1995-06-01T00:00:00Z,17.5800
1995-06-01,1995-06-02T00:00:00Z,17.7000
1995-06-02,1995-06-03T00:00:00Z,17.9000
1995-06-05,1995-06-06T00:00:00Z,18.2300
1995-06-06,1995-06-07T00:00:00Z,17.9500
1995-06-07,1995-06-08T00:00:00Z,18.1300
1995-06-08,1995-06-09T00:00:00Z,17.9300
1995-06-09,1995-06-10T00:00:00Z,17.6800
1995-06-12,1995-06-13T00:00:00Z,17.6300
1995-06-13,1995-06-14T00:00:00Z,17.8300
1995-06-14,1995-06-15T00:00:00Z,17.6300
1995-06-15,1995-06-16T00:00:00Z,17.9500
1995-06-16,1995-06-17T00:00:00Z,17.7500
1995-06-19,1995-06-20T00:00:00Z,16.9300
1995-06-20,1995-06-21T00:00:00Z,16.9800
1995-06-21,1995-06-22T00:00:00Z,16.5000
1995-06-22,1995-06-23T00:00:00Z,16.5500
1995-06-23,1995-06-24T00:00:00Z,16.4000
1995-06-26,1995-06-27T00:00:00Z,16.5500
1995-06-27,1995-06-28T00:00:00Z,16.6300
1995-06-28,1995-06-29T00:00:00Z,16.9500
1995-06-29,1995-06-30T00:00:00Z,16.5000
1995-06-30,1995-07-01T00:00:00Z,16.5800
1995-07-03,1995-07-04T00:00:00Z,16.3500
1995-07-04,1995-07-05T00:00:00Z,15.9300
1995-07-05,1995-07-06T00:00:00Z,16.0000
1995-07-06,1995-07-07T00:00:00Z,16.1500
1995-07-07,1995-07-08T00:00:00Z,16.1000
1995-07-10,1995-07-11T00:00:00Z,15.8800
1995-07-11,1995-07-12T00:00:00Z,15.9300
1995-07-12,1995-07-13T00:00:00Z,16.0300
1995-07-13,1995-07-14T00:00:00Z,15.9800
1995-07-14,1995-07-15T00:00:00Z,15.8000
1995-07-17,1995-07-18T00:00:00Z,15.7300
1995-07-18,1995-07-19T00:00:00Z,15.6800
1995-07-19,1995-07-20T00:00:00Z,15.8000
1995-07-20,1995-07-21T00:00:00Z,15.6800
1995-07-21,1995-07-22T00:00:00Z,15.3500
1995-07-24,1995-07-25T00:00:00Z,15.3800
1995-07-25,1995-07-26T00:00:00Z,15.4800
1995-07-26,1995-07-27T00:00:00Z,16.0000
1995-07-27,1995-07-28T00:00:00Z,15.9800
1995-07-28,1995-07-29T00:00:00Z,15.9300
1995-07-31,1995-08-01T00:00:00Z,15.7800
1995-08-01,1995-08-02T00:00:00Z,16.1000
1995-08-02,1995-08-03T00:00:00Z,16.1300
1995-08-03,1995-08-04T00:00:00Z,15.9900
1995-08-04,1995-08-05T00:00:00Z,16.0800
1995-08-07,1995-08-08T00:00:00Z,15.9000
1995-08-08,1995-08-09T00:00:00Z,16.0000
1995-08-09,1995-08-10T00:00:00Z,16.1300
1995-08-10,1995-08-11T00:00:00Z,16.0800
1995-08-11,1995-08-12T00:00:00Z,16.2300
1995-08-14,1995-08-15T00:00:00Z,15.9300
1995-08-15,1995-08-16T00:00:00Z,15.8500
1995-08-16,1995-08-17T00:00:00Z,15.7800
1995-08-17,1995-08-18T00:00:00Z,15.8500
1995-08-18,1995-08-19T00:00:00Z,16.0300
1995-08-21,1995-08-22T00:00:00Z,16.2500
1995-08-22,1995-08-23T00:00:00Z,16.2300
1995-08-23,1995-08-24T00:00:00Z,16.5000
1995-08-24,1995-08-25T00:00:00Z,16.3000
1995-08-25,1995-08-26T00:00:00Z,16.1500
1995-08-29,1995-08-30T00:00:00Z,16.2300
1995-08-30,1995-08-31T00:00:00Z,16.1800
1995-08-31,1995-09-01T00:00:00Z,16.2000
1995-09-01,1995-09-02T00:00:00Z,16.2500
1995-09-04,1995-09-05T00:00:00Z,16.6200
1995-09-05,1995-09-06T00:00:00Z,16.6800
1995-09-06,1995-09-07T00:00:00Z,16.6300
1995-09-07,1995-09-08T00:00:00Z,16.6000
1995-09-08,1995-09-09T00:00:00Z,16.9300
1995-09-11,1995-09-12T00:00:00Z,16.7500
1995-09-12,1995-09-13T00:00:00Z,16.9000
1995-09-13,1995-09-14T00:00:00Z,16.8500
1995-09-14,1995-09-15T00:00:00Z,17.0000
1995-09-15,1995-09-16T00:00:00Z,17.1800
1995-09-18,1995-09-19T00:00:00Z,17.2300
1995-09-19,1995-09-20T00:00:00Z,17.2300
1995-09-20,1995-09-21T00:00:00Z,17.0000
1995-09-21,1995-09-22T00:00:00Z,16.6000
1995-09-22,1995-09-23T00:00:00Z,16.4000
1995-09-25,1995-09-26T00:00:00Z,16.1800
1995-09-26,1995-09-27T00:00:00Z,16.1500
1995-09-27,1995-09-28T00:00:00Z,16.2800
1995-09-28,1995-09-29T00:00:00Z,16.6500
1995-09-29,1995-09-30T00:00:00Z,16.5800
1995-10-02,1995-10-03T00:00:00Z,16.5500
1995-10-03,1995-10-04T00:00:00Z,16.5800
1995-10-04,1995-10-05T00:00:00Z,16.4000
1995-10-05,1995-10-06T00:00:00Z,15.8500
1995-10-06,1995-10-07T00:00:00Z,15.7500
1995-10-09,1995-10-10T00:00:00Z,16.0000
1995-10-10,1995-10-11T00:00:00Z,15.9500
1995-10-11,1995-10-12T00:00:00Z,16.0500
1995-10-12,1995-10-13T00:00:00Z,15.9000
1995-10-13,1995-10-14T00:00:00Z,15.9800
1995-10-16,1995-10-17T00:00:00Z,16.1500
1995-10-17,1995-10-18T00:00:00Z,16.0300
1995-10-18,1995-10-19T00:00:00Z,15.9800
1995-10-19,1995-10-20T00:00:00Z,15.8500
1995-10-20,1995-10-21T00:00:00Z,15.8000
1995-10-23,1995-10-24T00:00:00Z,15.8800
1995-10-24,1995-10-25T00:00:00Z,16.0800
1995-10-25,1995-10-26T00:00:00Z,15.9800
1995-10-26,1995-10-27T00:00:00Z,16.3000
1995-10-27,1995-10-28T00:00:00Z,16.3500
1995-10-30,1995-10-31T00:00:00Z,16.4500
1995-10-31,1995-11-01T00:00:00Z,16.5800
1995-11-01,1995-11-02T00:00:00Z,16.5300
1995-11-02,1995-11-03T00:00:00Z,16.8300
1995-11-03,1995-11-04T00:00:00Z,16.8800
1995-11-06,1995-11-07T00:00:00Z,16.7800
1995-11-07,1995-11-08T00:00:00Z,16.7000
1995-11-08,1995-11-09T00:00:00Z,16.7500
1995-11-09,1995-11-10T00:00:00Z,16.9000
1995-11-10,1995-11-11T00:00:00Z,16.8300
1995-11-13,1995-11-14T00:00:00Z,16.6300
1995-11-14,1995-11-15T00:00:00Z,16.5800
1995-11-15,1995-11-16T00:00:00Z,16.7300
1995-11-16,1995-11-17T00:00:00Z,16.7800
1995-11-17,1995-11-18T00:00:00Z,17.0300
1995-11-20,1995-11-21T00:00:00Z,16.8000
1995-11-21,1995-11-22T00:00:00Z,16.6000
1995-11-22,1995-11-23T00:00:00Z,16.9000
1995-11-23,1995-11-24T00:00:00Z,16.8800
1995-11-24,1995-11-25T00:00:00Z,16.9300
1995-11-27,1995-11-28T00:00:00Z,17.2000
1995-11-28,1995-11-29T00:00:00Z,17.2500
1995-11-29,1995-11-30T00:00:00Z,17.3000
1995-11-30,1995-12-01T00:00:00Z,17.1300
1995-12-01,1995-12-02T00:00:00Z,17.1800
1995-12-04,1995-12-05T00:00:00Z,17.3500
1995-12-05,1995-12-06T00:00:00Z,17.5300
1995-12-06,1995-12-07T00:00:00Z,17.5500
1995-12-07,1995-12-08T00:00:00Z,17.4800
1995-12-08,1995-12-09T00:00:00Z,17.7300
1995-12-11,1995-12-12T00:00:00Z,17.6800
1995-12-12,1995-12-13T00:00:00Z,17.4800
1995-12-13,1995-12-14T00:00:00Z,17.7000
1995-12-14,1995-12-15T00:00:00Z,17.9000
1995-12-15,1995-12-16T00:00:00Z,18.1500
1995-12-18,1995-12-19T00:00:00Z,18.3300
1995-12-19,1995-12-20T00:00:00Z,18.0300
1995-12-20,1995-12-21T00:00:00Z,18.0500
1995-12-21,1995-12-22T00:00:00Z,18.1000
1995-12-22,1995-12-23T00:00:00Z,18.1800
1995-12-27,1995-12-28T00:00:00Z,18.7300
1995-12-28,1995-12-29T00:00:00Z,18.7800
1995-12-29,1995-12-30T00:00:00Z,18.6500
1996-01-02,1996-01-03T00:00:00Z,18.9500
1996-01-03,1996-01-04T00:00:00Z,19.1500
1996-01-04,1996-01-05T00:00:00Z,19.1300
1996-01-05,1996-01-06T00:00:00Z,19.5000
1996-01-08,1996-01-09T00:00:00Z,19.6800
1996-01-09,1996-01-10T00:00:00Z,19.0500
1996-01-10,1996-01-11T00:00:00Z,18.4800
1996-01-11,1996-01-12T00:00:00Z,17.8500
1996-01-12,1996-01-13T00:00:00Z,17.5800
1996-01-15,1996-01-16T00:00:00Z,17.5000
1996-01-16,1996-01-17T00:00:00Z,17.7300
1996-01-17,1996-01-18T00:00:00Z,17.4300
1996-01-18,1996-01-19T00:00:00Z,17.8800
1996-01-19,1996-01-20T00:00:00Z,17.5300
1996-01-22,1996-01-23T00:00:00Z,17.5300
1996-01-23,1996-01-24T00:00:00Z,17.3800
1996-01-24,1996-01-25T00:00:00Z,17.3300
1996-01-25,1996-01-26T00:00:00Z,17.0000
1996-01-26,1996-01-27T00:00:00Z,16.7000
1996-01-29,1996-01-30T00:00:00Z,16.2300
1996-01-30,1996-01-31T00:00:00Z,16.5300
1996-01-31,1996-02-01T00:00:00Z,16.6300
1996-02-01,1996-02-02T00:00:00Z,16.7800
1996-02-02,1996-02-03T00:00:00Z,17.0500
1996-02-05,1996-02-06T00:00:00Z,16.9300
1996-02-06,1996-02-07T00:00:00Z,16.8300
1996-02-07,1996-02-08T00:00:00Z,16.9300
1996-02-08,1996-02-09T00:00:00Z,17.0500
1996-02-09,1996-02-10T00:00:00Z,17.2300
1996-02-12,1996-02-13T00:00:00Z,17.1800
1996-02-13,1996-02-14T00:00:00Z,18.0800
1996-02-14,1996-02-15T00:00:00Z,18.2800
1996-02-15,1996-02-16T00:00:00Z,18.1800
1996-02-16,1996-02-17T00:00:00Z,18.2000
1996-02-19,1996-02-20T00:00:00Z,18.2000
1996-02-20,1996-02-21T00:00:00Z,18.5800
1996-02-21,1996-02-22T00:00:00Z,19.0500
1996-02-22,1996-02-23T00:00:00Z,19.2800
1996-02-23,1996-02-24T00:00:00Z,18.8500
1996-02-26,1996-02-27T00:00:00Z,18.8500
1996-02-27,1996-02-28T00:00:00Z,19.0000
1996-02-28,1996-02-29T00:00:00Z,18.6500
1996-02-29,1996-03-01T00:00:00Z,18.8000
1996-03-01,1996-03-02T00:00:00Z,18.5500
1996-03-04,1996-03-05T00:00:00Z,18.4000
1996-03-05,1996-03-06T00:00:00Z,18.7500
1996-03-06,1996-03-07T00:00:00Z,19.1800
1996-03-07,1996-03-08T00:00:00Z,19.0300
1996-03-08,1996-03-09T00:00:00Z,18.8500
1996-03-11,1996-03-12T00:00:00Z,18.9300
1996-03-12,1996-03-13T00:00:00Z,19.3000
1996-03-13,1996-03-14T00:00:00Z,19.5800
1996-03-14,1996-03-15T00:00:00Z,19.4000
1996-03-15,1996-03-16T00:00:00Z,19.3000
1996-03-18,1996-03-19T00:00:00Z,20.5000
1996-03-19,1996-03-20T00:00:00Z,20.3500
1996-03-20,1996-03-21T00:00:00Z,20.3800
1996-03-21,1996-03-22T00:00:00Z,20.3500
1996-03-22,1996-03-23T00:00:00Z,21.1500
1996-03-25,1996-03-26T00:00:00Z,21.3000
1996-03-26,1996-03-27T00:00:00Z,21.6800
1996-03-27,1996-03-28T00:00:00Z,21.3300
1996-03-28,1996-03-29T00:00:00Z,20.2500
1996-03-29,1996-03-30T00:00:00Z,20.3300
1996-04-01,1996-04-02T00:00:00Z,20.8000
1996-04-02,1996-04-03T00:00:00Z,21.1800
1996-04-03,1996-04-04T00:00:00Z,20.9300
1996-04-04,1996-04-05T00:00:00Z,20.8500
1996-04-09,1996-04-10T00:00:00Z,21.4300
1996-04-10,1996-04-11T00:00:00Z,22.6300
1996-04-11,1996-04-12T00:00:00Z,23.9000
1996-04-12,1996-04-13T00:00:00Z,22.7300
1996-04-15,1996-04-16T00:00:00Z,22.6800
1996-04-16,1996-04-17T00:00:00Z,21.2000
1996-04-17,1996-04-18T00:00:00Z,19.8800
1996-04-18,1996-04-19T00:00:00Z,19.3300
1996-04-19,1996-04-20T00:00:00Z,19.5300
1996-04-22,1996-04-23T00:00:00Z,19.3800
1996-04-23,1996-04-24T00:00:00Z,20.8800
1996-04-24,1996-04-25T00:00:00Z,20.7300
1996-04-25,1996-04-26T00:00:00Z,20.3500
1996-04-26,1996-04-27T00:00:00Z,20.0500
1996-04-29,1996-04-30T00:00:00Z,20.0500
1996-04-30,1996-05-01T00:00:00Z,19.5000
1996-05-01,1996-05-02T00:00:00Z,18.9500
1996-05-02,1996-05-03T00:00:00Z,19.4500
1996-05-03,1996-05-04T00:00:00Z,19.3800
1996-05-07,1996-05-08T00:00:00Z,20.0800
1996-05-08,1996-05-09T00:00:00Z,19.8500
1996-05-09,1996-05-10T00:00:00Z,19.3500
1996-05-10,1996-05-11T00:00:00Z,19.2300
1996-05-13,1996-05-14T00:00:00Z,19.4800
1996-05-14,1996-05-15T00:00:00Z,19.6300
1996-05-15,1996-05-16T00:00:00Z,19.5000
1996-05-16,1996-05-17T00:00:00Z,18.6300
1996-05-17,1996-05-18T00:00:00Z,18.0500
1996-05-20,1996-05-21T00:00:00Z,18.6300
1996-05-21,1996-05-22T00:00:00Z,18.7000
1996-05-22,1996-05-23T00:00:00Z,19.4000
1996-05-23,1996-05-24T00:00:00Z,19.5300
1996-05-24,1996-05-25T00:00:00Z,19.7300
1996-05-28,1996-05-29T00:00:00Z,19.5300
1996-05-29,1996-05-30T00:00:00Z,18.9500
1996-05-30,1996-05-31T00:00:00Z,18.1000
1996-05-31,1996-06-01T00:00:00Z,18.1000
1996-06-03,1996-06-04T00:00:00Z,18.2500
1996-06-04,1996-06-05T00:00:00Z,18.5000
1996-06-05,1996-06-06T00:00:00Z,18.2000
1996-06-06,1996-06-07T00:00:00Z,18.1800
1996-06-07,1996-06-08T00:00:00Z,18.4000
1996-06-10,1996-06-11T00:00:00Z,18.4800
1996-06-11,1996-06-12T00:00:00Z,18.2800
1996-06-12,1996-06-13T00:00:00Z,18.2300
1996-06-13,1996-06-14T00:00:00Z,17.9800
1996-06-14,1996-06-15T00:00:00Z,17.8300
1996-06-17,1996-06-18T00:00:00Z,18.7000
1996-06-18,1996-06-19T00:00:00Z,18.8000
1996-06-19,1996-06-20T00:00:00Z,18.4000
1996-06-20,1996-06-21T00:00:00Z,18.4300
1996-06-21,1996-06-22T00:00:00Z,18.4500
1996-06-24,1996-06-25T00:00:00Z,18.3800
1996-06-25,1996-06-26T00:00:00Z,18.3800
1996-06-26,1996-06-27T00:00:00Z,18.6000
1996-06-27,1996-06-28T00:00:00Z,19.3800
1996-06-28,1996-06-29T00:00:00Z,19.2800
1996-07-01,1996-07-02T00:00:00Z,19.7700
1996-07-02,1996-07-03T00:00:00Z,19.4300
1996-07-03,1996-07-04T00:00:00Z,19.1300
1996-07-04,1996-07-05T00:00:00Z,19.7700
1996-07-05,1996-07-06T00:00:00Z,19.9900
1996-07-08,1996-07-09T00:00:00Z,19.6200
1996-07-09,1996-07-10T00:00:00Z,19.6300
1996-07-10,1996-07-11T00:00:00Z,19.8000
1996-07-11,1996-07-12T00:00:00Z,20.0100
1996-07-12,1996-07-13T00:00:00Z,19.9300
1996-07-15,1996-07-16T00:00:00Z,20.2000
1996-07-16,1996-07-17T00:00:00Z,20.3000
1996-07-17,1996-07-18T00:00:00Z,19.7500
1996-07-18,1996-07-19T00:00:00Z,19.9500
1996-07-19,1996-07-20T00:00:00Z,19.4500
1996-07-22,1996-07-23T00:00:00Z,19.2300
1996-07-23,1996-07-24T00:00:00Z,19.5000
1996-07-24,1996-07-25T00:00:00Z,19.3600
1996-07-25,1996-07-26T00:00:00Z,19.5000
1996-07-26,1996-07-27T00:00:00Z,18.9200
1996-07-29,1996-07-30T00:00:00Z,18.9900
1996-07-30,1996-07-31T00:00:00Z,18.9000
1996-07-31,1996-08-01T00:00:00Z,19.0000
1996-08-01,1996-08-02T00:00:00Z,18.8400
1996-08-02,1996-08-03T00:00:00Z,19.6300
1996-08-05,1996-08-06T00:00:00Z,19.6500
1996-08-06,1996-08-07T00:00:00Z,19.4500
1996-08-07,1996-08-08T00:00:00Z,19.4800
1996-08-08,1996-08-09T00:00:00Z,20.0300
1996-08-09,1996-08-10T00:00:00Z,20.0500
1996-08-12,1996-08-13T00:00:00Z,20.6500
1996-08-13,1996-08-14T00:00:00Z,21.0300
1996-08-14,1996-08-15T00:00:00Z,20.9000
1996-08-15,1996-08-16T00:00:00Z,20.8800
1996-08-16,1996-08-17T00:00:00Z,21.3000
1996-08-19,1996-08-20T00:00:00Z,21.5800
1996-08-20,1996-08-21T00:00:00Z,21.3500
1996-08-21,1996-08-22T00:00:00Z,20.8000
1996-08-22,1996-08-23T00:00:00Z,21.2500
1996-08-23,1996-08-24T00:00:00Z,20.7800
1996-08-27,1996-08-28T00:00:00Z,20.4500
1996-08-28,1996-08-29T00:00:00Z,20.6800
1996-08-29,1996-08-30T00:00:00Z,21.0000
1996-08-30,1996-08-31T00:00:00Z,20.9800
1996-09-02,1996-09-03T00:00:00Z,22.2300
1996-09-03,1996-09-04T00:00:00Z,21.9000
1996-09-04,1996-09-05T00:00:00Z,22.2000
1996-09-05,1996-09-06T00:00:00Z,22.1500
1996-09-06,1996-09-07T00:00:00Z,22.4300
1996-09-09,1996-09-10T00:00:00Z,22.2500
1996-09-10,1996-09-11T00:00:00Z,22.6800
1996-09-11,1996-09-12T00:00:00Z,23.3000
1996-09-12,1996-09-13T00:00:00Z,23.3500
1996-09-13,1996-09-14T00:00:00Z,23.8300
1996-09-16,1996-09-17T00:00:00Z,22.6000
1996-09-17,1996-09-18T00:00:00Z,21.7000
1996-09-18,1996-09-19T00:00:00Z,22.3800
1996-09-19,1996-09-20T00:00:00Z,22.0800
1996-09-20,1996-09-21T00:00:00Z,21.7800
1996-09-23,1996-09-24T00:00:00Z,22.1500
1996-09-24,1996-09-25T00:00:00Z,22.7800
1996-09-25,1996-09-26T00:00:00Z,23.0500
1996-09-26,1996-09-27T00:00:00Z,23.3500
1996-09-27,1996-09-28T00:00:00Z,22.9000
1996-09-30,1996-10-01T00:00:00Z,24.1500
1996-10-01,1996-10-02T00:00:00Z,23.1800
1996-10-02,1996-10-03T00:00:00Z,23.1300
1996-10-03,1996-10-04T00:00:00Z,23.6300
1996-10-04,1996-10-05T00:00:00Z,23.8800
1996-10-07,1996-10-08T00:00:00Z,24.2800
1996-10-08,1996-10-09T00:00:00Z,24.5500
1996-10-09,1996-10-10T00:00:00Z,24.5800
1996-10-10,1996-10-11T00:00:00Z,23.6300
1996-10-11,1996-10-12T00:00:00Z,23.8500
1996-10-14,1996-10-15T00:00:00Z,24.7500
1996-10-15,1996-10-16T00:00:00Z,24.5800
1996-10-16,1996-10-17T00:00:00Z,24.5000
1996-10-17,1996-10-18T00:00:00Z,24.8300
1996-10-18,1996-10-19T00:00:00Z,25.1800
1996-10-21,1996-10-22T00:00:00Z,25.0800
1996-10-22,1996-10-23T00:00:00Z,25.4000
1996-10-23,1996-10-24T00:00:00Z,24.6000
1996-10-24,1996-10-25T00:00:00Z,24.2800
1996-10-25,1996-10-26T00:00:00Z,24.1300
1996-10-28,1996-10-29T00:00:00Z,24.4500
1996-10-29,1996-10-30T00:00:00Z,23.3000
1996-10-30,1996-10-31T00:00:00Z,23.1500
1996-10-31,1996-11-01T00:00:00Z,22.8000
1996-11-01,1996-11-02T00:00:00Z,22.3000
1996-11-04,1996-11-05T00:00:00Z,22.1000
1996-11-05,1996-11-06T00:00:00Z,21.8500
1996-11-06,1996-11-07T00:00:00Z,21.8500
1996-11-07,1996-11-08T00:00:00Z,21.7500
1996-11-08,1996-11-09T00:00:00Z,22.4000
1996-11-11,1996-11-12T00:00:00Z,22.7000
1996-11-12,1996-11-13T00:00:00Z,22.3800
1996-11-13,1996-11-14T00:00:00Z,22.8800
1996-11-14,1996-11-15T00:00:00Z,23.1800
1996-11-15,1996-11-16T00:00:00Z,23.2800
1996-11-18,1996-11-19T00:00:00Z,22.7500
1996-11-19,1996-11-20T00:00:00Z,23.1300
1996-11-20,1996-11-21T00:00:00Z,23.4000
1996-11-21,1996-11-22T00:00:00Z,22.9000
1996-11-22,1996-11-23T00:00:00Z,23.8600
1996-11-25,1996-11-26T00:00:00Z,23.2200
1996-11-26,1996-11-27T00:00:00Z,22.7800
1996-11-27,1996-11-28T00:00:00Z,23.0700
1996-11-28,1996-11-29T00:00:00Z,23.0000
1996-11-29,1996-11-30T00:00:00Z,23.1700
1996-12-02,1996-12-03T00:00:00Z,23.5000
1996-12-03,1996-12-04T00:00:00Z,24.1200
1996-12-04,1996-12-05T00:00:00Z,24.2100
1996-12-05,1996-12-06T00:00:00Z,24.4900
1996-12-06,1996-12-07T00:00:00Z,24.5600
1996-12-09,1996-12-10T00:00:00Z,24.1800
1996-12-10,1996-12-11T00:00:00Z,23.7400
1996-12-11,1996-12-12T00:00:00Z,22.9500
1996-12-12,1996-12-13T00:00:00Z,22.6500
1996-12-13,1996-12-14T00:00:00Z,22.8300
1996-12-16,1996-12-17T00:00:00Z,23.9800
1996-12-17,1996-12-18T00:00:00Z,24.0500
1996-12-18,1996-12-19T00:00:00Z,23.6900
1996-12-19,1996-12-20T00:00:00Z,24.1800
1996-12-20,1996-12-21T00:00:00Z,23.9600
1996-12-23,1996-12-24T00:00:00Z,23.5100
1996-12-24,1996-12-25T00:00:00Z,23.6600
1996-12-27,1996-12-28T00:00:00Z,23.5500
1996-12-30,1996-12-31T00:00:00Z,23.9500
1996-12-31,1997-01-01T00:00:00Z,23.9000
1997-01-02,1997-01-03T00:00:00Z,24.4500
1997-01-03,1997-01-04T00:00:00Z,24.1900
1997-01-06,1997-01-07T00:00:00Z,24.7600
1997-01-07,1997-01-08T00:00:00Z,24.7600
1997-01-08,1997-01-09T00:00:00Z,24.7800
1997-01-09,1997-01-10T00:00:00Z,24.8300
1997-01-10,1997-01-11T00:00:00Z,24.2200
1997-01-13,1997-01-14T00:00:00Z,23.4100
1997-01-15,1997-01-16T00:00:00Z,23.3100
1997-01-16,1997-01-17T00:00:00Z,23.3100
1997-01-17,1997-01-18T00:00:00Z,22.8700
1997-01-20,1997-01-21T00:00:00Z,22.8600
1997-01-21,1997-01-22T00:00:00Z,22.9800
1997-01-22,1997-01-23T00:00:00Z,22.9300
1997-01-23,1997-01-24T00:00:00Z,22.9300
1997-01-24,1997-01-25T00:00:00Z,22.8000
1997-01-27,1997-01-28T00:00:00Z,22.5600
1997-01-28,1997-01-29T00:00:00Z,22.6200
1997-01-29,1997-01-30T00:00:00Z,23.0100
1997-01-30,1997-01-31T00:00:00Z,23.4300
1997-01-31,1997-02-01T00:00:00Z,23.2800
1997-02-03,1997-02-04T00:00:00Z,22.9100
1997-02-04,1997-02-05T00:00:00Z,22.6500
1997-02-05,1997-02-06T00:00:00Z,22.6900
1997-02-06,1997-02-07T00:00:00Z,21.8600
1997-02-10,1997-02-11T00:00:00Z,20.7300
1997-02-11,1997-02-12T00:00:00Z,21.2500
1997-02-12,1997-02-13T00:00:00Z,21.1500
1997-02-13,1997-02-14T00:00:00Z,20.4700
1997-02-14,1997-02-15T00:00:00Z,20.5600
1997-02-17,1997-02-18T00:00:00Z,20.4800
1997-02-18,1997-02-19T00:00:00Z,20.5600
1997-02-19,1997-02-20T00:00:00Z,20.9800
1997-02-20,1997-02-21T00:00:00Z,20.5700
1997-02-21,1997-02-22T00:00:00Z,20.1300
1997-02-24,1997-02-25T00:00:00Z,19.8700
1997-02-25,1997-02-26T00:00:00Z,20.0800
1997-02-26,1997-02-27T00:00:00Z,19.8200
1997-02-27,1997-02-28T00:00:00Z,19.9600
1997-02-28,1997-03-01T00:00:00Z,19.4400
1997-03-03,1997-03-04T00:00:00Z,19.1000
1997-03-04,1997-03-05T00:00:00Z,19.4000
1997-03-05,1997-03-06T00:00:00Z,19.3800
1997-03-06,1997-03-07T00:00:00Z,19.5500
1997-03-10,1997-03-11T00:00:00Z,19.2100
1997-03-11,1997-03-12T00:00:00Z,18.5700
1997-03-12,1997-03-13T00:00:00Z,18.9800
1997-03-13,1997-03-14T00:00:00Z,19.3000
1997-03-14,1997-03-15T00:00:00Z,19.4400
1997-03-17,1997-03-18T00:00:00Z,18.9800
1997-03-18,1997-03-19T00:00:00Z,19.5400
1997-03-19,1997-03-20T00:00:00Z,20.0000
1997-03-20,1997-03-21T00:00:00Z,19.6200
1997-03-21,1997-03-22T00:00:00Z,19.3900
1997-03-24,1997-03-25T00:00:00Z,18.9300
1997-03-25,1997-03-26T00:00:00Z,18.7700
1997-03-26,1997-03-27T00:00:00Z,18.9100
1997-03-27,1997-03-28T00:00:00Z,18.5300
1997-03-28,1997-03-29T00:00:00Z,18.5300
1997-03-31,1997-04-01T00:00:00Z,18.5300
1997-04-01,1997-04-02T00:00:00Z,18.1500
1997-04-02,1997-04-03T00:00:00Z,17.9700
1997-04-03,1997-04-04T00:00:00Z,17.2800
1997-04-04,1997-04-05T00:00:00Z,17.2500
1997-04-07,1997-04-08T00:00:00Z,16.9200
1997-04-08,1997-04-09T00:00:00Z,16.9800
1997-04-09,1997-04-10T00:00:00Z,17.0200
1997-04-10,1997-04-11T00:00:00Z,17.2500
1997-04-11,1997-04-12T00:00:00Z,17.5400
1997-04-14,1997-04-15T00:00:00Z,17.6100
1997-04-15,1997-04-16T00:00:00Z,17.5300
1997-04-16,1997-04-17T00:00:00Z,17.2400
1997-04-17,1997-04-18T00:00:00Z,17.0000
1997-04-18,1997-04-19T00:00:00Z,17.2600
1997-04-21,1997-04-22T00:00:00Z,17.7400
1997-04-22,1997-04-23T00:00:00Z,17.7200
1997-04-23,1997-04-24T00:00:00Z,17.4600
1997-04-24,1997-04-25T00:00:00Z,17.8000
1997-04-25,1997-04-26T00:00:00Z,18.0700
1997-04-28,1997-04-29T00:00:00Z,17.9200
1997-04-29,1997-04-30T00:00:00Z,18.2700
1997-04-30,1997-05-01T00:00:00Z,18.2500
1997-05-01,1997-05-02T00:00:00Z,18.2400
1997-05-02,1997-05-03T00:00:00Z,17.7000
1997-05-05,1997-05-06T00:00:00Z,17.7200
1997-05-06,1997-05-07T00:00:00Z,17.8200
1997-05-07,1997-05-08T00:00:00Z,17.8400
1997-05-08,1997-05-09T00:00:00Z,18.3200
1997-05-09,1997-05-10T00:00:00Z,18.6200
1997-05-12,1997-05-13T00:00:00Z,19.4200
1997-05-13,1997-05-14T00:00:00Z,19.4000
1997-05-14,1997-05-15T00:00:00Z,19.1000
1997-05-15,1997-05-16T00:00:00Z,19.4000
1997-05-16,1997-05-17T00:00:00Z,19.7700
1997-05-19,1997-05-20T00:00:00Z,19.9200
1997-05-20,1997-05-21T00:00:00Z,19.7500
1997-05-21,1997-05-22T00:00:00Z,19.7000
1997-05-22,1997-05-23T00:00:00Z,20.0300
1997-05-23,1997-05-24T00:00:00Z,20.1500
1997-05-27,1997-05-28T00:00:00Z,19.3300
1997-05-28,1997-05-29T00:00:00Z,18.8800
1997-05-29,1997-05-30T00:00:00Z,19.3800
1997-05-30,1997-05-31T00:00:00Z,18.9900
1997-06-02,1997-06-03T00:00:00Z,19.1700
1997-06-03,1997-06-04T00:00:00Z,18.5900
1997-06-04,1997-06-05T00:00:00Z,18.3600
1997-06-05,1997-06-06T00:00:00Z,17.9600
1997-06-06,1997-06-07T00:00:00Z,17.4300
1997-06-09,1997-06-10T00:00:00Z,17.0800
1997-06-10,1997-06-11T00:00:00Z,17.0100
1997-06-11,1997-06-12T00:00:00Z,16.6900
1997-06-12,1997-06-13T00:00:00Z,16.7900
1997-06-13,1997-06-14T00:00:00Z,16.8300
1997-06-16,1997-06-17T00:00:00Z,17.1500
1997-06-17,1997-06-18T00:00:00Z,17.5500
1997-06-18,1997-06-19T00:00:00Z,17.2200
1997-06-19,1997-06-20T00:00:00Z,17.3400
1997-06-20,1997-06-21T00:00:00Z,17.0900
1997-06-23,1997-06-24T00:00:00Z,17.8000
1997-06-24,1997-06-25T00:00:00Z,17.6500
1997-06-25,1997-06-26T00:00:00Z,17.6500
1997-06-26,1997-06-27T00:00:00Z,17.6000
1997-06-27,1997-06-28T00:00:00Z,18.0000
1997-06-30,1997-07-01T00:00:00Z,18.2200
1997-07-02,1997-07-03T00:00:00Z,18.8300
1997-07-03,1997-07-04T00:00:00Z,18.1800
1997-07-07,1997-07-08T00:00:00Z,18.2800
1997-07-09,1997-07-10T00:00:00Z,18.2500
1997-07-10,1997-07-11T00:00:00Z,18.1600
1997-07-11,1997-07-12T00:00:00Z,18.0000
1997-07-14,1997-07-15T00:00:00Z,17.7900
1997-07-15,1997-07-16T00:00:00Z,18.1900
1997-07-16,1997-07-17T00:00:00Z,18.2700
1997-07-17,1997-07-18T00:00:00Z,18.8300
1997-07-18,1997-07-19T00:00:00Z,18.2100
1997-07-21,1997-07-22T00:00:00Z,18.2300
1997-07-22,1997-07-23T00:00:00Z,18.4700
1997-07-23,1997-07-24T00:00:00Z,18.7100
1997-07-24,1997-07-25T00:00:00Z,18.6600
1997-07-25,1997-07-26T00:00:00Z,18.7700
1997-07-28,1997-07-29T00:00:00Z,18.7600
1997-07-29,1997-07-30T00:00:00Z,18.7400
1997-07-30,1997-07-31T00:00:00Z,19.0200
1997-07-31,1997-08-01T00:00:00Z,18.9400
1997-08-01,1997-08-02T00:00:00Z,19.3300
1997-08-04,1997-08-05T00:00:00Z,19.6400
1997-08-05,1997-08-06T00:00:00Z,19.5100
1997-08-06,1997-08-07T00:00:00Z,19.2100
1997-08-07,1997-08-08T00:00:00Z,18.9400
1997-08-08,1997-08-09T00:00:00Z,18.5600
1997-08-11,1997-08-12T00:00:00Z,18.2100
1997-08-12,1997-08-13T00:00:00Z,18.5600
1997-08-13,1997-08-14T00:00:00Z,18.6300
1997-08-14,1997-08-15T00:00:00Z,19.0000
1997-08-15,1997-08-16T00:00:00Z,18.7700
1997-08-18,1997-08-19T00:00:00Z,18.4100
1997-08-19,1997-08-20T00:00:00Z,18.8800
1997-08-20,1997-08-21T00:00:00Z,18.8300
1997-08-21,1997-08-22T00:00:00Z,18.2600
1997-08-25,1997-08-26T00:00:00Z,17.8700
1997-08-26,1997-08-27T00:00:00Z,17.5800
1997-08-27,1997-08-28T00:00:00Z,17.8300
1997-08-28,1997-08-29T00:00:00Z,17.9100
1997-08-29,1997-08-30T00:00:00Z,17.9800
1997-09-02,1997-09-03T00:00:00Z,18.2200
1997-09-03,1997-09-04T00:00:00Z,18.1200
1997-09-04,1997-09-05T00:00:00Z,17.9200
1997-09-05,1997-09-06T00:00:00Z,18.1500
1997-09-08,1997-09-09T00:00:00Z,18.0300
1997-09-09,1997-09-10T00:00:00Z,18.1800
1997-09-10,1997-09-11T00:00:00Z,18.0800
1997-09-11,1997-09-12T00:00:00Z,18.2100
1997-09-12,1997-09-13T00:00:00Z,18.0600
1997-09-15,1997-09-16T00:00:00Z,18.0500
1997-09-16,1997-09-17T00:00:00Z,18.4000
1997-09-17,1997-09-18T00:00:00Z,18.2100
1997-09-18,1997-09-19T00:00:00Z,18.1400
1997-09-19,1997-09-20T00:00:00Z,18.3200
1997-09-22,1997-09-23T00:00:00Z,18.6500
1997-09-23,1997-09-24T00:00:00Z,18.5700
1997-09-24,1997-09-25T00:00:00Z,18.5200
1997-09-25,1997-09-26T00:00:00Z,19.0500
1997-09-26,1997-09-27T00:00:00Z,19.3600
1997-09-29,1997-09-30T00:00:00Z,19.4800
1997-09-30,1997-10-01T00:00:00Z,19.9600
1997-10-01,1997-10-02T00:00:00Z,19.8700
1997-10-02,1997-10-03T00:00:00Z,20.0800
1997-10-03,1997-10-04T00:00:00Z,21.2900
1997-10-06,1997-10-07T00:00:00Z,20.9400
1997-10-07,1997-10-08T00:00:00Z,20.7100
1997-10-08,1997-10-09T00:00:00Z,20.7900
1997-10-09,1997-10-10T00:00:00Z,20.6000
1997-10-10,1997-10-11T00:00:00Z,20.7300
1997-10-13,1997-10-14T00:00:00Z,20.0800
1997-10-14,1997-10-15T00:00:00Z,19.4000
1997-10-15,1997-10-16T00:00:00Z,19.2700
1997-10-16,1997-10-17T00:00:00Z,19.5600
1997-10-17,1997-10-18T00:00:00Z,19.4300
1997-10-20,1997-10-21T00:00:00Z,19.2900
1997-10-21,1997-10-22T00:00:00Z,19.3000
1997-10-22,1997-10-23T00:00:00Z,19.8600
1997-10-23,1997-10-24T00:00:00Z,19.8900
1997-10-24,1997-10-25T00:00:00Z,19.4500
1997-10-27,1997-10-28T00:00:00Z,19.6300
1997-10-28,1997-10-29T00:00:00Z,18.8600
1997-10-29,1997-10-30T00:00:00Z,19.0000
1997-10-30,1997-10-31T00:00:00Z,19.4500
1997-10-31,1997-11-01T00:00:00Z,19.4200
1997-11-03,1997-11-04T00:00:00Z,19.4800
1997-11-04,1997-11-05T00:00:00Z,19.1000
1997-11-05,1997-11-06T00:00:00Z,18.9300
1997-11-06,1997-11-07T00:00:00Z,18.9700
1997-11-07,1997-11-08T00:00:00Z,19.2400
1997-11-10,1997-11-11T00:00:00Z,19.1400
1997-11-12,1997-11-13T00:00:00Z,19.2600
1997-11-13,1997-11-14T00:00:00Z,19.7100
1997-11-14,1997-11-15T00:00:00Z,20.2400
1997-11-17,1997-11-18T00:00:00Z,19.5400
1997-11-18,1997-11-19T00:00:00Z,19.3900
1997-11-19,1997-11-20T00:00:00Z,19.4100
1997-11-20,1997-11-21T00:00:00Z,18.8200
1997-11-21,1997-11-22T00:00:00Z,18.8300
1997-11-24,1997-11-25T00:00:00Z,19.0100
1997-11-25,1997-11-26T00:00:00Z,19.1400
1997-11-26,1997-11-27T00:00:00Z,18.5000
1997-11-27,1997-11-28T00:00:00Z,18.6400
1997-11-28,1997-11-29T00:00:00Z,18.9600
1997-12-01,1997-12-02T00:00:00Z,18.0100
1997-12-02,1997-12-03T00:00:00Z,18.0400
1997-12-03,1997-12-04T00:00:00Z,17.9400
1997-12-04,1997-12-05T00:00:00Z,17.7000
1997-12-05,1997-12-06T00:00:00Z,17.9100
1997-12-08,1997-12-09T00:00:00Z,17.8700
1997-12-09,1997-12-10T00:00:00Z,17.5700
1997-12-10,1997-12-11T00:00:00Z,17.0800
1997-12-11,1997-12-12T00:00:00Z,16.9800
1997-12-12,1997-12-13T00:00:00Z,17.1200
1997-12-15,1997-12-16T00:00:00Z,16.8900
1997-12-16,1997-12-17T00:00:00Z,16.8000
1997-12-17,1997-12-18T00:00:00Z,16.9800
1997-12-18,1997-12-19T00:00:00Z,17.3400
1997-12-19,1997-12-20T00:00:00Z,17.2000
1997-12-22,1997-12-23T00:00:00Z,17.0400
1997-12-23,1997-12-24T00:00:00Z,17.0900
1997-12-24,1997-12-25T00:00:00Z,17.0400
1997-12-29,1997-12-30T00:00:00Z,16.3500
1997-12-30,1997-12-31T00:00:00Z,16.0100
1997-12-31,1998-01-01T00:00:00Z,15.8600
1998-01-02,1998-01-03T00:00:00Z,15.7700
1998-01-05,1998-01-06T00:00:00Z,15.2900
1998-01-06,1998-01-07T00:00:00Z,15.4800
1998-01-07,1998-01-08T00:00:00Z,15.3300
1998-01-08,1998-01-09T00:00:00Z,15.4700
1998-01-09,1998-01-10T00:00:00Z,15.3300
1998-01-12,1998-01-13T00:00:00Z,15.0700
1998-01-13,1998-01-14T00:00:00Z,15.0800
1998-01-14,1998-01-15T00:00:00Z,14.8100
1998-01-15,1998-01-16T00:00:00Z,14.7500
1998-01-16,1998-01-17T00:00:00Z,14.8900
1998-01-19,1998-01-20T00:00:00Z,15.3800
1998-01-20,1998-01-21T00:00:00Z,14.9500
1998-01-21,1998-01-22T00:00:00Z,14.6700
1998-01-22,1998-01-23T00:00:00Z,14.3500
1998-01-23,1998-01-24T00:00:00Z,14.2600
1998-01-26,1998-01-27T00:00:00Z,14.7900
1998-01-27,1998-01-28T00:00:00Z,15.7400
1998-01-28,1998-01-29T00:00:00Z,15.6400
1998-01-29,1998-01-30T00:00:00Z,16.2800
1998-01-30,1998-01-31T00:00:00Z,15.5900
1998-02-02,1998-02-03T00:00:00Z,15.2800
1998-02-03,1998-02-04T00:00:00Z,14.8700
1998-02-04,1998-02-05T00:00:00Z,14.5600
1998-02-05,1998-02-06T00:00:00Z,14.8300
1998-02-06,1998-02-07T00:00:00Z,15.0500
1998-02-09,1998-02-10T00:00:00Z,14.7700
1998-02-10,1998-02-11T00:00:00Z,14.6000
1998-02-11,1998-02-12T00:00:00Z,14.3500
1998-02-12,1998-02-13T00:00:00Z,14.0400
1998-02-13,1998-02-14T00:00:00Z,14.0500
1998-02-16,1998-02-17T00:00:00Z,13.5000
1998-02-17,1998-02-18T00:00:00Z,13.5000
1998-02-18,1998-02-19T00:00:00Z,13.4600
1998-02-19,1998-02-20T00:00:00Z,14.0200
1998-02-20,1998-02-21T00:00:00Z,13.9100
1998-02-23,1998-02-24T00:00:00Z,13.2600
1998-02-24,1998-02-25T00:00:00Z,13.0800
1998-02-25,1998-02-26T00:00:00Z,13.3500
1998-02-26,1998-02-27T00:00:00Z,13.3800
1998-02-27,1998-02-28T00:00:00Z,13.5300
1998-03-02,1998-03-03T00:00:00Z,13.3700
1998-03-03,1998-03-04T00:00:00Z,13.1800
1998-03-04,1998-03-05T00:00:00Z,13.0900
1998-03-05,1998-03-06T00:00:00Z,13.1800
1998-03-06,1998-03-07T00:00:00Z,12.8500
1998-03-09,1998-03-10T00:00:00Z,12.2400
1998-03-10,1998-03-11T00:00:00Z,12.3600
1998-03-11,1998-03-12T00:00:00Z,12.4100
1998-03-12,1998-03-13T00:00:00Z,12.3000
1998-03-13,1998-03-14T00:00:00Z,12.2500
1998-03-16,1998-03-17T00:00:00Z,11.7400
1998-03-17,1998-03-18T00:00:00Z,11.0500
1998-03-18,1998-03-19T00:00:00Z,12.2100
1998-03-19,1998-03-20T00:00:00Z,12.4100
1998-03-20,1998-03-21T00:00:00Z,12.3500
1998-03-23,1998-03-24T00:00:00Z,14.5300
1998-03-24,1998-03-25T00:00:00Z,14.0200
1998-03-25,1998-03-26T00:00:00Z,14.4100
1998-03-26,1998-03-27T00:00:00Z,15.1800
1998-03-27,1998-03-28T00:00:00Z,14.9200
1998-03-30,1998-03-31T00:00:00Z,14.3500
1998-03-31,1998-04-01T00:00:00Z,13.8700
1998-04-01,1998-04-02T00:00:00Z,13.7200
1998-04-02,1998-04-03T00:00:00Z,13.3800
1998-04-03,1998-04-04T00:00:00Z,13.6300
1998-04-06,1998-04-07T00:00:00Z,13.1300
1998-04-07,1998-04-08T00:00:00Z,12.8200
1998-04-08,1998-04-09T00:00:00Z,12.7900
1998-04-09,1998-04-10T00:00:00Z,13.2300
1998-04-14,1998-04-15T00:00:00Z,13.1500
1998-04-15,1998-04-16T00:00:00Z,13.3100
1998-04-16,1998-04-17T00:00:00Z,13.6800
1998-04-17,1998-04-18T00:00:00Z,14.0600
1998-04-20,1998-04-21T00:00:00Z,13.8200
1998-04-21,1998-04-22T00:00:00Z,13.9500
1998-04-22,1998-04-23T00:00:00Z,13.7100
1998-04-23,1998-04-24T00:00:00Z,13.4200
1998-04-24,1998-04-25T00:00:00Z,13.3200
1998-04-27,1998-04-28T00:00:00Z,13.6500
1998-04-28,1998-04-29T00:00:00Z,13.8800
1998-04-29,1998-04-30T00:00:00Z,14.0900
1998-04-30,1998-05-01T00:00:00Z,13.7900
1998-05-01,1998-05-02T00:00:00Z,14.6000
1998-05-05,1998-05-06T00:00:00Z,14.1300
1998-05-06,1998-05-07T00:00:00Z,13.9100
1998-05-07,1998-05-08T00:00:00Z,13.8100
1998-05-08,1998-05-09T00:00:00Z,13.9400
1998-05-11,1998-05-12T00:00:00Z,14.4100
1998-05-12,1998-05-13T00:00:00Z,14.7500
1998-05-13,1998-05-14T00:00:00Z,14.1500
1998-05-14,1998-05-15T00:00:00Z,14.2900
1998-05-15,1998-05-16T00:00:00Z,14.3300
1998-05-18,1998-05-19T00:00:00Z,14.7200
1998-05-19,1998-05-20T00:00:00Z,14.8700
1998-05-20,1998-05-21T00:00:00Z,14.5800
1998-05-21,1998-05-22T00:00:00Z,14.2900
1998-05-22,1998-05-23T00:00:00Z,14.3300
1998-05-26,1998-05-27T00:00:00Z,14.2700
1998-05-27,1998-05-28T00:00:00Z,14.7800
1998-05-28,1998-05-29T00:00:00Z,14.7100
1998-05-29,1998-05-30T00:00:00Z,14.0300
1998-06-01,1998-06-02T00:00:00Z,13.6600
1998-06-02,1998-06-03T00:00:00Z,13.6200
1998-06-03,1998-06-04T00:00:00Z,13.2300
1998-06-04,1998-06-05T00:00:00Z,13.7100
1998-06-05,1998-06-06T00:00:00Z,13.9500
1998-06-08,1998-06-09T00:00:00Z,13.5600
1998-06-09,1998-06-10T00:00:00Z,12.7600
1998-06-10,1998-06-11T00:00:00Z,12.2300
1998-06-11,1998-06-12T00:00:00Z,12.1200
1998-06-12,1998-06-13T00:00:00Z,11.6200
1998-06-15,1998-06-16T00:00:00Z,10.7700
1998-06-16,1998-06-17T00:00:00Z,10.7700
1998-06-17,1998-06-18T00:00:00Z,11.3000
1998-06-18,1998-06-19T00:00:00Z,10.8800
1998-06-19,1998-06-20T00:00:00Z,10.8900
1998-06-22,1998-06-23T00:00:00Z,11.2300
1998-06-23,1998-06-24T00:00:00Z,12.0900
1998-06-24,1998-06-25T00:00:00Z,12.5000
1998-06-25,1998-06-26T00:00:00Z,11.9400
1998-06-26,1998-06-27T00:00:00Z,12.0400
1998-06-29,1998-06-30T00:00:00Z,11.8300
1998-06-30,1998-07-01T00:00:00Z,11.8400
1998-07-01,1998-07-02T00:00:00Z,11.9300
1998-07-02,1998-07-03T00:00:00Z,11.9500
1998-07-03,1998-07-04T00:00:00Z,11.7900
1998-07-06,1998-07-07T00:00:00Z,11.7000
1998-07-07,1998-07-08T00:00:00Z,11.6600
1998-07-08,1998-07-09T00:00:00Z,11.7100
1998-07-09,1998-07-10T00:00:00Z,11.6100
1998-07-10,1998-07-11T00:00:00Z,11.6100
1998-07-13,1998-07-14T00:00:00Z,11.5600
1998-07-14,1998-07-15T00:00:00Z,11.8300
1998-07-15,1998-07-16T00:00:00Z,11.7900
1998-07-16,1998-07-17T00:00:00Z,12.6500
1998-07-17,1998-07-18T00:00:00Z,12.3800
1998-07-20,1998-07-21T00:00:00Z,12.1100
1998-07-21,1998-07-22T00:00:00Z,12.0100
1998-07-22,1998-07-23T00:00:00Z,12.2100
1998-07-23,1998-07-24T00:00:00Z,12.2300
1998-07-24,1998-07-25T00:00:00Z,12.0500
1998-07-27,1998-07-28T00:00:00Z,12.5300
1998-07-28,1998-07-29T00:00:00Z,12.7400
1998-07-29,1998-07-30T00:00:00Z,12.6000
1998-07-30,1998-07-31T00:00:00Z,12.5500
1998-07-31,1998-08-01T00:00:00Z,12.6300
1998-08-03,1998-08-04T00:00:00Z,12.0400
1998-08-04,1998-08-05T00:00:00Z,12.0300
1998-08-05,1998-08-06T00:00:00Z,12.3200
1998-08-06,1998-08-07T00:00:00Z,12.0800
1998-08-07,1998-08-08T00:00:00Z,12.0500
1998-08-10,1998-08-11T00:00:00Z,11.6200
1998-08-11,1998-08-12T00:00:00Z,11.1600
1998-08-12,1998-08-13T00:00:00Z,11.2400
1998-08-13,1998-08-14T00:00:00Z,11.4800
1998-08-14,1998-08-15T00:00:00Z,11.4600
1998-08-17,1998-08-18T00:00:00Z,11.9300
1998-08-18,1998-08-19T00:00:00Z,11.8700
1998-08-19,1998-08-20T00:00:00Z,11.9900
1998-08-20,1998-08-21T00:00:00Z,12.2100
1998-08-21,1998-08-22T00:00:00Z,12.0200
1998-08-24,1998-08-25T00:00:00Z,12.1500
1998-08-25,1998-08-26T00:00:00Z,12.4300
1998-08-26,1998-08-27T00:00:00Z,12.2400
1998-08-27,1998-08-28T00:00:00Z,11.9000
1998-08-28,1998-08-29T00:00:00Z,12.0600
1998-09-01,1998-09-02T00:00:00Z,12.1100
1998-09-02,1998-09-03T00:00:00Z,12.0500
1998-09-03,1998-09-04T00:00:00Z,12.5400
1998-09-04,1998-09-05T00:00:00Z,12.9600
1998-09-07,1998-09-08T00:00:00Z,12.5100
1998-09-08,1998-09-09T00:00:00Z,12.5300
1998-09-09,1998-09-10T00:00:00Z,12.5300
1998-09-10,1998-09-11T00:00:00Z,12.8200
1998-09-11,1998-09-12T00:00:00Z,12.6600
1998-09-14,1998-09-15T00:00:00Z,12.4700
1998-09-15,1998-09-16T00:00:00Z,12.6100
1998-09-16,1998-09-17T00:00:00Z,12.6500
1998-09-17,1998-09-18T00:00:00Z,12.9700
1998-09-18,1998-09-19T00:00:00Z,13.9200
1998-09-21,1998-09-22T00:00:00Z,14.3100
1998-09-22,1998-09-23T00:00:00Z,14.3600
1998-09-23,1998-09-24T00:00:00Z,14.6700
1998-09-24,1998-09-25T00:00:00Z,14.8400
1998-09-25,1998-09-26T00:00:00Z,14.5500
1998-09-28,1998-09-29T00:00:00Z,14.4100
1998-09-29,1998-09-30T00:00:00Z,14.3800
1998-09-30,1998-10-01T00:00:00Z,14.7100
1998-10-01,1998-10-02T00:00:00Z,14.4600
1998-10-02,1998-10-03T00:00:00Z,14.2100
1998-10-05,1998-10-06T00:00:00Z,14.1000
1998-10-06,1998-10-07T00:00:00Z,13.9800
1998-10-07,1998-10-08T00:00:00Z,13.8800
1998-10-08,1998-10-09T00:00:00Z,13.2300
1998-10-09,1998-10-10T00:00:00Z,12.8700
1998-10-12,1998-10-13T00:00:00Z,13.1800
1998-10-13,1998-10-14T00:00:00Z,12.7300
1998-10-14,1998-10-15T00:00:00Z,12.2600
1998-10-15,1998-10-16T00:00:00Z,11.9800
1998-10-16,1998-10-17T00:00:00Z,12.1100
1998-10-19,1998-10-20T00:00:00Z,11.6000
1998-10-20,1998-10-21T00:00:00Z,11.2900
1998-10-21,1998-10-22T00:00:00Z,11.9400
1998-10-22,1998-10-23T00:00:00Z,11.6800
1998-10-23,1998-10-24T00:00:00Z,12.1800
1998-10-26,1998-10-27T00:00:00Z,12.7400
1998-10-27,1998-10-28T00:00:00Z,12.4600
1998-10-28,1998-10-29T00:00:00Z,12.2600
1998-10-29,1998-10-30T00:00:00Z,12.3100
1998-10-30,1998-10-31T00:00:00Z,12.0000
1998-11-02,1998-11-03T00:00:00Z,12.4300
1998-11-03,1998-11-04T00:00:00Z,11.9300
1998-11-04,1998-11-05T00:00:00Z,11.8800
1998-11-05,1998-11-06T00:00:00Z,11.7300
1998-11-06,1998-11-07T00:00:00Z,11.5100
1998-11-09,1998-11-10T00:00:00Z,11.1500
1998-11-10,1998-11-11T00:00:00Z,11.1800
1998-11-11,1998-11-12T00:00:00Z,11.4500
1998-11-12,1998-11-13T00:00:00Z,11.5600
1998-11-13,1998-11-14T00:00:00Z,11.4600
1998-11-16,1998-11-17T00:00:00Z,11.1000
1998-11-17,1998-11-18T00:00:00Z,10.6200
1998-11-18,1998-11-19T00:00:00Z,10.2500
1998-11-19,1998-11-20T00:00:00Z,10.4500
1998-11-20,1998-11-21T00:00:00Z,10.4000
1998-11-23,1998-11-24T00:00:00Z,10.5400
1998-11-24,1998-11-25T00:00:00Z,10.5800
1998-11-25,1998-11-26T00:00:00Z,10.5100
1998-11-26,1998-11-27T00:00:00Z,10.4100
1998-11-27,1998-11-28T00:00:00Z,10.7700
1998-11-30,1998-12-01T00:00:00Z,9.9100
1998-12-01,1998-12-02T00:00:00Z,9.8700
1998-12-02,1998-12-03T00:00:00Z,9.7100
1998-12-03,1998-12-04T00:00:00Z,10.0500
1998-12-04,1998-12-05T00:00:00Z,9.7300
1998-12-07,1998-12-08T00:00:00Z,9.7000
1998-12-08,1998-12-09T00:00:00Z,9.6800
1998-12-09,1998-12-10T00:00:00Z,9.4600
1998-12-10,1998-12-11T00:00:00Z,9.1000
1998-12-11,1998-12-12T00:00:00Z,9.2600
1998-12-14,1998-12-15T00:00:00Z,9.4500
1998-12-15,1998-12-16T00:00:00Z,9.5700
1998-12-16,1998-12-17T00:00:00Z,10.8700
1998-12-17,1998-12-18T00:00:00Z,9.9200
1998-12-18,1998-12-19T00:00:00Z,9.6200
1998-12-21,1998-12-22T00:00:00Z,9.4500
1998-12-22,1998-12-23T00:00:00Z,9.8300
1998-12-23,1998-12-24T00:00:00Z,9.9100
1998-12-24,1998-12-25T00:00:00Z,9.9100
1998-12-29,1998-12-30T00:00:00Z,10.2300
1998-12-30,1998-12-31T00:00:00Z,10.4500
1998-12-31,1999-01-01T00:00:00Z,10.5400
1999-01-04,1999-01-05T00:00:00Z,10.9400
1999-01-05,1999-01-06T00:00:00Z,10.3000
1999-01-06,1999-01-07T00:00:00Z,10.6700
1999-01-07,1999-01-08T00:00:00Z,11.0800
1999-01-08,1999-01-09T00:00:00Z,11.7000
1999-01-11,1999-01-12T00:00:00Z,12.0700
1999-01-12,1999-01-13T00:00:00Z,11.7800
1999-01-13,1999-01-14T00:00:00Z,10.9000
1999-01-14,1999-01-15T00:00:00Z,11.1000
1999-01-15,1999-01-16T00:00:00Z,10.9700
1999-01-18,1999-01-19T00:00:00Z,10.8100
1999-01-19,1999-01-20T00:00:00Z,11.1900
1999-01-20,1999-01-21T00:00:00Z,10.8500
1999-01-21,1999-01-22T00:00:00Z,11.1400
1999-01-22,1999-01-23T00:00:00Z,11.2300
1999-01-25,1999-01-26T00:00:00Z,11.2100
1999-01-26,1999-01-27T00:00:00Z,10.8400
1999-01-27,1999-01-28T00:00:00Z,11.0300
1999-01-28,1999-01-29T00:00:00Z,11.1400
1999-01-29,1999-01-30T00:00:00Z,11.3400
1999-02-01,1999-02-02T00:00:00Z,10.8100
1999-02-02,1999-02-03T00:00:00Z,10.3900
1999-02-03,1999-02-04T00:00:00Z,10.7800
1999-02-04,1999-02-05T00:00:00Z,10.4200
1999-02-05,1999-02-06T00:00:00Z,10.1800
1999-02-08,1999-02-09T00:00:00Z,9.9700
1999-02-09,1999-02-10T00:00:00Z,9.7700
1999-02-10,1999-02-11T00:00:00Z,9.8800
1999-02-11,1999-02-12T00:00:00Z,9.8200
1999-02-12,1999-02-13T00:00:00Z,9.9700
1999-02-16,1999-02-17T00:00:00Z,9.9800
1999-02-17,1999-02-18T00:00:00Z,10.0900
1999-02-18,1999-02-19T00:00:00Z,9.9300
1999-02-19,1999-02-20T00:00:00Z,10.2900
1999-02-22,1999-02-23T00:00:00Z,10.2400
1999-02-23,1999-02-24T00:00:00Z,10.5800
1999-02-24,1999-02-25T00:00:00Z,10.6400
1999-02-25,1999-02-26T00:00:00Z,10.8400
1999-02-26,1999-02-27T00:00:00Z,10.5800
1999-03-01,1999-03-02T00:00:00Z,10.5200
1999-03-02,1999-03-03T00:00:00Z,10.4100
1999-03-03,1999-03-04T00:00:00Z,10.8100
1999-03-04,1999-03-05T00:00:00Z,11.2000
1999-03-05,1999-03-06T00:00:00Z,11.0200
1999-03-08,1999-03-09T00:00:00Z,11.4900
1999-03-09,1999-03-10T00:00:00Z,11.2500
1999-03-10,1999-03-11T00:00:00Z,11.4600
1999-03-11,1999-03-12T00:00:00Z,11.8600
1999-03-12,1999-03-13T00:00:00Z,12.3000
1999-03-15,1999-03-16T00:00:00Z,12.1700
1999-03-16,1999-03-17T00:00:00Z,12.1100
1999-03-17,1999-03-18T00:00:00Z,12.9500
1999-03-18,1999-03-19T00:00:00Z,13.3500
1999-03-19,1999-03-20T00:00:00Z,13.1500
1999-03-22,1999-03-23T00:00:00Z,13.3700
1999-03-23,1999-03-24T00:00:00Z,13.6400
1999-03-24,1999-03-25T00:00:00Z,13.3700
1999-03-25,1999-03-26T00:00:00Z,13.5000
1999-03-26,1999-03-27T00:00:00Z,13.9700
1999-03-29,1999-03-30T00:00:00Z,14.3400
1999-03-30,1999-03-31T00:00:00Z,14.5000
1999-03-31,1999-04-01T00:00:00Z,15.0200
1999-04-01,1999-04-02T00:00:00Z,14.6000
1999-04-06,1999-04-07T00:00:00Z,14.5300
1999-04-07,1999-04-08T00:00:00Z,14.1400
1999-04-08,1999-04-09T00:00:00Z,13.7200
1999-04-09,1999-04-10T00:00:00Z,14.1100
1999-04-12,1999-04-13T00:00:00Z,14.2300
1999-04-13,1999-04-14T00:00:00Z,14.6800
1999-04-14,1999-04-15T00:00:00Z,14.4500
1999-04-15,1999-04-16T00:00:00Z,14.8200
1999-04-16,1999-04-17T00:00:00Z,15.3400
1999-04-19,1999-04-20T00:00:00Z,16.0100
1999-04-20,1999-04-21T00:00:00Z,16.0400
1999-04-21,1999-04-22T00:00:00Z,15.9600
1999-04-22,1999-04-23T00:00:00Z,16.2900
1999-04-23,1999-04-24T00:00:00Z,16.0700
1999-04-26,1999-04-27T00:00:00Z,15.6300
1999-04-27,1999-04-28T00:00:00Z,15.9100
1999-04-28,1999-04-29T00:00:00Z,16.3800
1999-04-29,1999-04-30T00:00:00Z,16.5300
1999-04-30,1999-05-01T00:00:00Z,16.4500
1999-05-04,1999-05-05T00:00:00Z,16.9800
1999-05-05,1999-05-06T00:00:00Z,16.8500
1999-05-06,1999-05-07T00:00:00Z,16.4400
1999-05-07,1999-05-08T00:00:00Z,15.6600
1999-05-10,1999-05-11T00:00:00Z,15.7200
1999-05-11,1999-05-12T00:00:00Z,15.2300
1999-05-12,1999-05-13T00:00:00Z,14.7400
1999-05-13,1999-05-14T00:00:00Z,15.2100
1999-05-14,1999-05-15T00:00:00Z,15.1800
1999-05-17,1999-05-18T00:00:00Z,14.9800
1999-05-18,1999-05-19T00:00:00Z,14.4300
1999-05-19,1999-05-20T00:00:00Z,14.4200
1999-05-20,1999-05-21T00:00:00Z,14.4400
1999-05-21,1999-05-22T00:00:00Z,14.4900
1999-05-24,1999-05-25T00:00:00Z,14.8300
1999-05-25,1999-05-26T00:00:00Z,14.7100
1999-05-26,1999-05-27T00:00:00Z,15.1800
1999-05-27,1999-05-28T00:00:00Z,15.0400
1999-05-28,1999-05-29T00:00:00Z,14.7500
1999-06-01,1999-06-02T00:00:00Z,14.2200
1999-06-02,1999-06-03T00:00:00Z,14.2800
1999-06-03,1999-06-04T00:00:00Z,14.2600
1999-06-04,1999-06-05T00:00:00Z,15.2100
1999-06-07,1999-06-08T00:00:00Z,15.9800
1999-06-08,1999-06-09T00:00:00Z,16.2500
1999-06-09,1999-06-10T00:00:00Z,16.1900
1999-06-10,1999-06-11T00:00:00Z,15.9900
1999-06-11,1999-06-12T00:00:00Z,16.2500
1999-06-14,1999-06-15T00:00:00Z,16.0500
1999-06-15,1999-06-16T00:00:00Z,16.3300
1999-06-16,1999-06-17T00:00:00Z,16.2900
1999-06-17,1999-06-18T00:00:00Z,16.0000
1999-06-18,1999-06-19T00:00:00Z,15.9300
1999-06-21,1999-06-22T00:00:00Z,15.6400
1999-06-22,1999-06-23T00:00:00Z,15.9100
1999-06-23,1999-06-24T00:00:00Z,16.0400
1999-06-24,1999-06-25T00:00:00Z,16.2800
1999-06-25,1999-06-26T00:00:00Z,16.2700
1999-06-28,1999-06-29T00:00:00Z,16.2700
1999-06-29,1999-06-30T00:00:00Z,16.3800
1999-06-30,1999-07-01T00:00:00Z,16.9700
1999-07-01,1999-07-02T00:00:00Z,17.2500
1999-07-02,1999-07-03T00:00:00Z,17.5500
1999-07-06,1999-07-07T00:00:00Z,18.4700
1999-07-07,1999-07-08T00:00:00Z,18.3600
1999-07-08,1999-07-09T00:00:00Z,18.7400
1999-07-09,1999-07-10T00:00:00Z,18.9000
1999-07-12,1999-07-13T00:00:00Z,18.9400
1999-07-13,1999-07-14T00:00:00Z,19.4900
1999-07-14,1999-07-15T00:00:00Z,19.4800
1999-07-15,1999-07-16T00:00:00Z,18.9000
1999-07-16,1999-07-17T00:00:00Z,19.4200
1999-07-19,1999-07-20T00:00:00Z,19.7500
1999-07-20,1999-07-21T00:00:00Z,19.3300
1999-07-21,1999-07-22T00:00:00Z,18.6200
1999-07-22,1999-07-23T00:00:00Z,19.0100
1999-07-23,1999-07-24T00:00:00Z,19.6900
1999-07-26,1999-07-27T00:00:00Z,19.7300
1999-07-27,1999-07-28T00:00:00Z,19.4600
1999-07-28,1999-07-29T00:00:00Z,19.6500
1999-07-29,1999-07-30T00:00:00Z,19.9700
1999-07-30,1999-07-31T00:00:00Z,19.9700
1999-08-02,1999-08-03T00:00:00Z,19.2100
1999-08-03,1999-08-04T00:00:00Z,19.3200
1999-08-04,1999-08-05T00:00:00Z,19.3800
1999-08-05,1999-08-06T00:00:00Z,19.6400
1999-08-06,1999-08-07T00:00:00Z,19.6600
1999-08-09,1999-08-10T00:00:00Z,19.3400
1999-08-10,1999-08-11T00:00:00Z,20.1800
1999-08-11,1999-08-12T00:00:00Z,20.5800
1999-08-12,1999-08-13T00:00:00Z,20.3200
1999-08-13,1999-08-14T00:00:00Z,20.6100
1999-08-16,1999-08-17T00:00:00Z,20.6800
1999-08-17,1999-08-18T00:00:00Z,20.6100
1999-08-18,1999-08-19T00:00:00Z,20.6900
1999-08-19,1999-08-20T00:00:00Z,20.9200
1999-08-20,1999-08-21T00:00:00Z,21.1100
1999-08-23,1999-08-24T00:00:00Z,20.9600
1999-08-24,1999-08-25T00:00:00Z,20.4800
1999-08-25,1999-08-26T00:00:00Z,19.7100
1999-08-26,1999-08-27T00:00:00Z,19.8000
1999-08-27,1999-08-28T00:00:00Z,20.3200
1999-08-31,1999-09-01T00:00:00Z,21.0800
1999-09-01,1999-09-02T00:00:00Z,21.1000
1999-09-02,1999-09-03T00:00:00Z,20.6600
1999-09-03,1999-09-04T00:00:00Z,20.7400
1999-09-06,1999-09-07T00:00:00Z,21.1400
1999-09-07,1999-09-08T00:00:00Z,21.7100
1999-09-08,1999-09-09T00:00:00Z,21.9600
1999-09-09,1999-09-10T00:00:00Z,22.5100
1999-09-10,1999-09-11T00:00:00Z,22.3600
1999-09-13,1999-09-14T00:00:00Z,22.9800
1999-09-14,1999-09-15T00:00:00Z,23.1800
1999-09-15,1999-09-16T00:00:00Z,23.2500
1999-09-16,1999-09-17T00:00:00Z,23.0600
1999-09-17,1999-09-18T00:00:00Z,22.9300
1999-09-20,1999-09-21T00:00:00Z,22.8500
1999-09-21,1999-09-22T00:00:00Z,22.6800
1999-09-22,1999-09-23T00:00:00Z,22.4900
1999-09-23,1999-09-24T00:00:00Z,23.4100
1999-09-24,1999-09-25T00:00:00Z,23.6600
1999-09-27,1999-09-28T00:00:00Z,23.6000
1999-09-28,1999-09-29T00:00:00Z,23.2400
1999-09-29,1999-09-30T00:00:00Z,23.4600
1999-09-30,1999-10-01T00:00:00Z,22.9800
1999-10-01,1999-10-02T00:00:00Z,22.9800
1999-10-04,1999-10-05T00:00:00Z,23.3000
1999-10-05,1999-10-06T00:00:00Z,22.6400
1999-10-06,1999-10-07T00:00:00Z,23.0700
1999-10-07,1999-10-08T00:00:00Z,22.3300
1999-10-08,1999-10-09T00:00:00Z,20.7800
1999-10-11,1999-10-12T00:00:00Z,20.8400
1999-10-12,1999-10-13T00:00:00Z,21.8900
1999-10-13,1999-10-14T00:00:00Z,22.2600
1999-10-14,1999-10-15T00:00:00Z,22.2800
1999-10-15,1999-10-16T00:00:00Z,21.6500
1999-10-18,1999-10-19T00:00:00Z,22.2600
1999-10-19,1999-10-20T00:00:00Z,21.5900
1999-10-20,1999-10-21T00:00:00Z,21.0200
1999-10-21,1999-10-22T00:00:00Z,21.6800
1999-10-22,1999-10-23T00:00:00Z,22.3800
1999-10-25,1999-10-26T00:00:00Z,22.4500
1999-10-26,1999-10-27T00:00:00Z,22.1400
1999-10-27,1999-10-28T00:00:00Z,22.1800
1999-10-28,1999-10-29T00:00:00Z,21.2200
1999-10-29,1999-10-30T00:00:00Z,21.1100
1999-11-01,1999-11-02T00:00:00Z,21.3200
1999-11-02,1999-11-03T00:00:00Z,21.9800
1999-11-03,1999-11-04T00:00:00Z,22.3800
1999-11-04,1999-11-05T00:00:00Z,22.6400
1999-11-05,1999-11-06T00:00:00Z,22.8000
1999-11-08,1999-11-09T00:00:00Z,23.6200
1999-11-09,1999-11-10T00:00:00Z,24.4400
1999-11-10,1999-11-11T00:00:00Z,25.4200
1999-11-11,1999-11-12T00:00:00Z,24.9600
1999-11-12,1999-11-13T00:00:00Z,25.3900
1999-11-15,1999-11-16T00:00:00Z,25.9300
1999-11-16,1999-11-17T00:00:00Z,24.8800
1999-11-17,1999-11-18T00:00:00Z,24.9800
1999-11-18,1999-11-19T00:00:00Z,25.0200
1999-11-19,1999-11-20T00:00:00Z,25.1400
1999-11-22,1999-11-23T00:00:00Z,25.8600
1999-11-23,1999-11-24T00:00:00Z,25.6600
1999-11-24,1999-11-25T00:00:00Z,25.7700
1999-11-25,1999-11-26T00:00:00Z,25.9400
1999-11-26,1999-11-27T00:00:00Z,25.8500
1999-11-29,1999-11-30T00:00:00Z,25.6700
1999-11-30,1999-12-01T00:00:00Z,25.2000
1999-12-01,1999-12-02T00:00:00Z,24.2000
1999-12-02,1999-12-03T00:00:00Z,25.5200
1999-12-03,1999-12-04T00:00:00Z,26.1700
1999-12-06,1999-12-07T00:00:00Z,26.4600
1999-12-07,1999-12-08T00:00:00Z,26.1000
1999-12-08,1999-12-09T00:00:00Z,25.4500
1999-12-09,1999-12-10T00:00:00Z,25.8500
1999-12-10,1999-12-11T00:00:00Z,24.8600
1999-12-13,1999-12-14T00:00:00Z,24.3100
1999-12-14,1999-12-15T00:00:00Z,24.8800
1999-12-15,1999-12-16T00:00:00Z,25.6800
1999-12-16,1999-12-17T00:00:00Z,26.0900
1999-12-17,1999-12-18T00:00:00Z,26.2200
1999-12-20,1999-12-21T00:00:00Z,25.9800
1999-12-21,1999-12-22T00:00:00Z,25.5100
1999-12-22,1999-12-23T00:00:00Z,25.0400
1999-12-23,1999-12-24T00:00:00Z,25.1100
1999-12-29,1999-12-30T00:00:00Z,25.6300
1999-12-30,1999-12-31T00:00:00Z,24.9300
2000-01-04,2000-01-05T00:00:00Z,23.9500
2000-01-05,2000-01-06T00:00:00Z,23.7200
2000-01-06,2000-01-07T00:00:00Z,23.5500
2000-01-07,2000-01-08T00:00:00Z,23.3500
2000-01-10,2000-01-11T00:00:00Z,22.7700
2000-01-11,2000-01-12T00:00:00Z,23.9300
2000-01-12,2000-01-13T00:00:00Z,24.6200
2000-01-13,2000-01-14T00:00:00Z,24.9000
2000-01-14,2000-01-15T00:00:00Z,25.5000
2000-01-17,2000-01-18T00:00:00Z,25.9900
2000-01-18,2000-01-19T00:00:00Z,26.3100
2000-01-19,2000-01-20T00:00:00Z,26.1700
2000-01-20,2000-01-21T00:00:00Z,26.2600
2000-01-21,2000-01-22T00:00:00Z,27.1800
2000-01-24,2000-01-25T00:00:00Z,27.0200
2000-01-25,2000-01-26T00:00:00Z,27.2400
2000-01-26,2000-01-27T00:00:00Z,27.1800
2000-01-27,2000-01-28T00:00:00Z,26.9100
2000-01-28,2000-01-29T00:00:00Z,26.5900
2000-01-31,2000-02-01T00:00:00Z,27.0800
2000-02-01,2000-02-02T00:00:00Z,27.3500
2000-02-02,2000-02-03T00:00:00Z,27.1500
2000-02-03,2000-02-04T00:00:00Z,27.6000
2000-02-04,2000-02-05T00:00:00Z,27.4800
2000-02-07,2000-02-08T00:00:00Z,27.9400
2000-02-08,2000-02-09T00:00:00Z,27.6100
2000-02-09,2000-02-10T00:00:00Z,27.4400
2000-02-10,2000-02-11T00:00:00Z,27.3200
2000-02-11,2000-02-12T00:00:00Z,27.8200
2000-02-14,2000-02-15T00:00:00Z,28.0300
2000-02-15,2000-02-16T00:00:00Z,28.1200
2000-02-16,2000-02-17T00:00:00Z,28.1100
2000-02-17,2000-02-18T00:00:00Z,27.5400
2000-02-18,2000-02-19T00:00:00Z,27.2600
2000-02-21,2000-02-22T00:00:00Z,26.9300
2000-02-22,2000-02-23T00:00:00Z,27.2200
2000-02-23,2000-02-24T00:00:00Z,27.9200
2000-02-24,2000-02-25T00:00:00Z,28.2100
2000-02-25,2000-02-26T00:00:00Z,28.5300
2000-02-28,2000-02-29T00:00:00Z,28.7000
2000-02-29,2000-03-01T00:00:00Z,29.0100
2000-03-01,2000-03-02T00:00:00Z,29.7800
2000-03-02,2000-03-03T00:00:00Z,30.1200
2000-03-03,2000-03-04T00:00:00Z,29.8300
2000-03-06,2000-03-07T00:00:00Z,30.0800
2000-03-07,2000-03-08T00:00:00Z,31.9300
2000-03-08,2000-03-09T00:00:00Z,31.4100
2000-03-09,2000-03-10T00:00:00Z,29.1100
2000-03-10,2000-03-11T00:00:00Z,28.9700
2000-03-13,2000-03-14T00:00:00Z,29.2500
2000-03-14,2000-03-15T00:00:00Z,28.8300
2000-03-15,2000-03-16T00:00:00Z,28.0300
2000-03-16,2000-03-17T00:00:00Z,27.9700
2000-03-17,2000-03-18T00:00:00Z,27.8700
2000-03-20,2000-03-21T00:00:00Z,25.5900
2000-03-21,2000-03-22T00:00:00Z,24.9300
2000-03-22,2000-03-23T00:00:00Z,25.7700
2000-03-23,2000-03-24T00:00:00Z,25.3200
2000-03-24,2000-03-25T00:00:00Z,25.7400
2000-03-27,2000-03-28T00:00:00Z,25.1600
2000-03-28,2000-03-29T00:00:00Z,24.8000
2000-03-29,2000-03-30T00:00:00Z,23.7700
2000-03-30,2000-03-31T00:00:00Z,23.9400
2000-03-31,2000-04-01T00:00:00Z,23.9800
2000-04-03,2000-04-04T00:00:00Z,24.6200
2000-04-04,2000-04-05T00:00:00Z,23.2600
2000-04-05,2000-04-06T00:00:00Z,22.9800
2000-04-06,2000-04-07T00:00:00Z,22.9000
2000-04-07,2000-04-08T00:00:00Z,22.6300
2000-04-10,2000-04-11T00:00:00Z,21.0800
2000-04-11,2000-04-12T00:00:00Z,21.0500
2000-04-12,2000-04-13T00:00:00Z,21.4000
2000-04-13,2000-04-14T00:00:00Z,22.6500
2000-04-14,2000-04-15T00:00:00Z,22.1300
2000-04-17,2000-04-18T00:00:00Z,22.2000
2000-04-18,2000-04-19T00:00:00Z,22.6700
2000-04-19,2000-04-20T00:00:00Z,23.5000
2000-04-20,2000-04-21T00:00:00Z,23.5700
2000-04-25,2000-04-26T00:00:00Z,23.3600
2000-04-26,2000-04-27T00:00:00Z,22.9000
2000-04-27,2000-04-28T00:00:00Z,23.0700
2000-04-28,2000-04-29T00:00:00Z,23.7900
2000-05-02,2000-05-03T00:00:00Z,24.7300
2000-05-03,2000-05-04T00:00:00Z,25.1300
2000-05-04,2000-05-05T00:00:00Z,25.0600
2000-05-05,2000-05-06T00:00:00Z,24.9300
2000-05-08,2000-05-09T00:00:00Z,26.0300
2000-05-09,2000-05-10T00:00:00Z,26.6900
2000-05-10,2000-05-11T00:00:00Z,26.5900
2000-05-11,2000-05-12T00:00:00Z,27.2200
2000-05-12,2000-05-13T00:00:00Z,27.9800
2000-05-15,2000-05-16T00:00:00Z,28.2600
2000-05-16,2000-05-17T00:00:00Z,28.7800
2000-05-17,2000-05-18T00:00:00Z,28.4000
2000-05-18,2000-05-19T00:00:00Z,28.9000
2000-05-19,2000-05-20T00:00:00Z,29.0100
2000-05-22,2000-05-23T00:00:00Z,28.4500
2000-05-23,2000-05-24T00:00:00Z,28.1200
2000-05-24,2000-05-25T00:00:00Z,28.9700
2000-05-25,2000-05-26T00:00:00Z,29.6200
2000-05-26,2000-05-27T00:00:00Z,30.0900
2000-05-30,2000-05-31T00:00:00Z,29.8900
2000-05-31,2000-06-01T00:00:00Z,29.6400
2000-06-01,2000-06-02T00:00:00Z,29.6900
2000-06-02,2000-06-03T00:00:00Z,29.3500
2000-06-05,2000-06-06T00:00:00Z,28.2700
2000-06-06,2000-06-07T00:00:00Z,28.4200
2000-06-07,2000-06-08T00:00:00Z,28.3200
2000-06-08,2000-06-09T00:00:00Z,29.3400
2000-06-09,2000-06-10T00:00:00Z,29.0000
2000-06-12,2000-06-13T00:00:00Z,30.1000
2000-06-13,2000-06-14T00:00:00Z,30.4000
2000-06-14,2000-06-15T00:00:00Z,30.1200
2000-06-15,2000-06-16T00:00:00Z,29.7700
2000-06-16,2000-06-17T00:00:00Z,28.6800
2000-06-19,2000-06-20T00:00:00Z,27.6900
2000-06-20,2000-06-21T00:00:00Z,28.8600
2000-06-21,2000-06-22T00:00:00Z,30.7100
2000-06-22,2000-06-23T00:00:00Z,30.6100
2000-06-23,2000-06-24T00:00:00Z,31.0200
2000-06-26,2000-06-27T00:00:00Z,30.9000
2000-06-27,2000-06-28T00:00:00Z,30.4700
2000-06-28,2000-06-29T00:00:00Z,31.1500
2000-06-29,2000-06-30T00:00:00Z,31.0500
2000-06-30,2000-07-01T00:00:00Z,31.5800
2000-07-03,2000-07-04T00:00:00Z,32.1500
2000-07-04,2000-07-05T00:00:00Z,30.7300
2000-07-05,2000-07-06T00:00:00Z,30.3500
2000-07-06,2000-07-07T00:00:00Z,30.6700
2000-07-07,2000-07-08T00:00:00Z,30.6200
2000-07-10,2000-07-11T00:00:00Z,30.5800
2000-07-11,2000-07-12T00:00:00Z,29.8300
2000-07-12,2000-07-13T00:00:00Z,30.2700
2000-07-13,2000-07-14T00:00:00Z,31.1500
2000-07-14,2000-07-15T00:00:00Z,30.8200
2000-07-17,2000-07-18T00:00:00Z,28.4400
2000-07-18,2000-07-19T00:00:00Z,28.4600
2000-07-19,2000-07-20T00:00:00Z,28.3300
2000-07-20,2000-07-21T00:00:00Z,27.8500
2000-07-21,2000-07-22T00:00:00Z,26.6800
2000-07-24,2000-07-25T00:00:00Z,26.8400
2000-07-25,2000-07-26T00:00:00Z,25.7800
2000-07-26,2000-07-27T00:00:00Z,25.9200
2000-07-27,2000-07-28T00:00:00Z,25.6000
2000-07-28,2000-07-29T00:00:00Z,25.9600
2000-07-31,2000-08-01T00:00:00Z,25.3000
2000-08-01,2000-08-02T00:00:00Z,25.2400
2000-08-02,2000-08-03T00:00:00Z,26.8000
2000-08-03,2000-08-04T00:00:00Z,27.0400
2000-08-04,2000-08-05T00:00:00Z,28.0100
2000-08-07,2000-08-08T00:00:00Z,27.5600
2000-08-08,2000-08-09T00:00:00Z,27.5800
2000-08-09,2000-08-10T00:00:00Z,28.1300
2000-08-10,2000-08-11T00:00:00Z,28.9800
2000-08-11,2000-08-12T00:00:00Z,29.4400
2000-08-14,2000-08-15T00:00:00Z,29.2400
2000-08-15,2000-08-16T00:00:00Z,30.0000
2000-08-16,2000-08-17T00:00:00Z,29.6600
2000-08-17,2000-08-18T00:00:00Z,30.7100
2000-08-18,2000-08-19T00:00:00Z,30.7600
2000-08-21,2000-08-22T00:00:00Z,31.3400
2000-08-22,2000-08-23T00:00:00Z,30.1800
2000-08-23,2000-08-24T00:00:00Z,32.3800
2000-08-24,2000-08-25T00:00:00Z,31.6700
2000-08-25,2000-08-26T00:00:00Z,33.2600
2000-08-28,2000-08-29T00:00:00Z,33.2900
2000-08-29,2000-08-30T00:00:00Z,34.0300
2000-08-30,2000-08-31T00:00:00Z,34.1300
2000-08-31,2000-09-01T00:00:00Z,35.0800
2000-09-01,2000-09-02T00:00:00Z,35.0900
2000-09-04,2000-09-05T00:00:00Z,36.0200
2000-09-05,2000-09-06T00:00:00Z,35.7200
2000-09-06,2000-09-07T00:00:00Z,36.7000
2000-09-07,2000-09-08T00:00:00Z,37.4300
2000-09-08,2000-09-09T00:00:00Z,36.2700
2000-09-11,2000-09-12T00:00:00Z,36.8700
2000-09-12,2000-09-13T00:00:00Z,33.3000
2000-09-13,2000-09-14T00:00:00Z,31.0800
2000-09-14,2000-09-15T00:00:00Z,31.3500
2000-09-15,2000-09-16T00:00:00Z,33.6800
2000-09-18,2000-09-19T00:00:00Z,34.5500
2000-09-19,2000-09-20T00:00:00Z,33.4800
2000-09-20,2000-09-21T00:00:00Z,33.6700
2000-09-21,2000-09-22T00:00:00Z,32.1800
2000-09-22,2000-09-23T00:00:00Z,31.5900
2000-09-25,2000-09-26T00:00:00Z,30.0100
2000-09-26,2000-09-27T00:00:00Z,29.9400
2000-09-27,2000-09-28T00:00:00Z,29.7800
2000-09-28,2000-09-29T00:00:00Z,28.9100
2000-09-29,2000-09-30T00:00:00Z,28.4200
2000-10-02,2000-10-03T00:00:00Z,29.6500
2000-10-03,2000-10-04T00:00:00Z,30.6400
2000-10-04,2000-10-05T00:00:00Z,30.0700
2000-10-05,2000-10-06T00:00:00Z,29.1900
2000-10-06,2000-10-07T00:00:00Z,29.6200
2000-10-09,2000-10-10T00:00:00Z,29.9900
2000-10-10,2000-10-11T00:00:00Z,30.9500
2000-10-11,2000-10-12T00:00:00Z,31.2500
2000-10-12,2000-10-13T00:00:00Z,33.4500
2000-10-13,2000-10-14T00:00:00Z,33.5000
2000-10-16,2000-10-17T00:00:00Z,32.0300
2000-10-17,2000-10-18T00:00:00Z,30.3800
2000-10-18,2000-10-19T00:00:00Z,30.9800
2000-10-19,2000-10-20T00:00:00Z,31.2900
2000-10-20,2000-10-21T00:00:00Z,30.1600
2000-10-23,2000-10-24T00:00:00Z,30.9800
2000-10-24,2000-10-25T00:00:00Z,31.8100
2000-10-25,2000-10-26T00:00:00Z,31.1700
2000-10-26,2000-10-27T00:00:00Z,31.4800
2000-10-27,2000-10-28T00:00:00Z,31.3100
2000-10-30,2000-10-31T00:00:00Z,31.0900
2000-10-31,2000-11-01T00:00:00Z,30.1500
2000-11-01,2000-11-02T00:00:00Z,31.6200
2000-11-02,2000-11-03T00:00:00Z,30.8100
2000-11-03,2000-11-04T00:00:00Z,30.8100
2000-11-06,2000-11-07T00:00:00Z,31.0000
2000-11-07,2000-11-08T00:00:00Z,31.5900
2000-11-08,2000-11-09T00:00:00Z,31.3000
2000-11-09,2000-11-10T00:00:00Z,31.7900
2000-11-10,2000-11-11T00:00:00Z,32.2600
2000-11-13,2000-11-14T00:00:00Z,32.5000
2000-11-14,2000-11-15T00:00:00Z,33.0500
2000-11-15,2000-11-16T00:00:00Z,33.8200
2000-11-16,2000-11-17T00:00:00Z,34.1600
2000-11-17,2000-11-18T00:00:00Z,33.0900
2000-11-20,2000-11-21T00:00:00Z,34.2300
2000-11-21,2000-11-22T00:00:00Z,33.3300
2000-11-22,2000-11-23T00:00:00Z,33.1100
2000-11-23,2000-11-24T00:00:00Z,33.2900
2000-11-24,2000-11-25T00:00:00Z,33.3500
2000-11-27,2000-11-28T00:00:00Z,33.4700
2000-11-28,2000-11-29T00:00:00Z,32.5900
2000-11-29,2000-11-30T00:00:00Z,32.4500
2000-11-30,2000-12-01T00:00:00Z,32.5300
2000-12-01,2000-12-02T00:00:00Z,31.5900
2000-12-04,2000-12-05T00:00:00Z,30.3700
2000-12-05,2000-12-06T00:00:00Z,28.8800
2000-12-06,2000-12-07T00:00:00Z,27.4700
2000-12-07,2000-12-08T00:00:00Z,27.8500
2000-12-08,2000-12-09T00:00:00Z,26.8500
2000-12-11,2000-12-12T00:00:00Z,27.2800
2000-12-12,2000-12-13T00:00:00Z,26.8100
2000-12-13,2000-12-14T00:00:00Z,26.8400
2000-12-14,2000-12-15T00:00:00Z,24.3200
2000-12-15,2000-12-16T00:00:00Z,24.4400
2000-12-18,2000-12-19T00:00:00Z,25.1100
2000-12-19,2000-12-20T00:00:00Z,24.3600
2000-12-20,2000-12-21T00:00:00Z,23.2900
2000-12-21,2000-12-22T00:00:00Z,22.4000
2000-12-22,2000-12-23T00:00:00Z,22.2300
2000-12-27,2000-12-28T00:00:00Z,22.5800
2000-12-28,2000-12-29T00:00:00Z,22.2900
2000-12-29,2000-12-30T00:00:00Z,22.5800
2001-01-02,2001-01-03T00:00:00Z,23.4300
2001-01-03,2001-01-04T00:00:00Z,23.4400
2001-01-04,2001-01-05T00:00:00Z,24.5700
2001-01-05,2001-01-06T00:00:00Z,24.7700
2001-01-08,2001-01-09T00:00:00Z,24.7500
2001-01-09,2001-01-10T00:00:00Z,24.1300
2001-01-10,2001-01-11T00:00:00Z,24.9800
2001-01-11,2001-01-12T00:00:00Z,25.6000
2001-01-12,2001-01-13T00:00:00Z,25.6300
2001-01-15,2001-01-16T00:00:00Z,26.0300
2001-01-16,2001-01-17T00:00:00Z,25.5200
2001-01-17,2001-01-18T00:00:00Z,24.2700
2001-01-18,2001-01-19T00:00:00Z,24.7400
2001-01-19,2001-01-20T00:00:00Z,26.2900
2001-01-22,2001-01-23T00:00:00Z,27.6900
2001-01-23,2001-01-24T00:00:00Z,27.0200
2001-01-24,2001-01-25T00:00:00Z,27.0400
2001-01-25,2001-01-26T00:00:00Z,26.9400
2001-01-26,2001-01-27T00:00:00Z,27.0400
2001-01-29,2001-01-30T00:00:00Z,26.9500
2001-01-30,2001-01-31T00:00:00Z,26.3200
2001-01-31,2001-02-01T00:00:00Z,26.5900
2001-02-01,2001-02-02T00:00:00Z,27.1700
2001-02-02,2001-02-03T00:00:00Z,28.9000
2001-02-05,2001-02-06T00:00:00Z,29.2500
2001-02-06,2001-02-07T00:00:00Z,29.1000
2001-02-07,2001-02-08T00:00:00Z,29.5400
2001-02-08,2001-02-09T00:00:00Z,30.6800
2001-02-09,2001-02-10T00:00:00Z,29.5300
2001-02-12,2001-02-13T00:00:00Z,29.3200
2001-02-13,2001-02-14T00:00:00Z,28.0000
2001-02-14,2001-02-15T00:00:00Z,27.8900
2001-02-15,2001-02-16T00:00:00Z,26.3300
2001-02-16,2001-02-17T00:00:00Z,26.6100
2001-02-19,2001-02-20T00:00:00Z,27.0500
2001-02-20,2001-02-21T00:00:00Z,26.4500
2001-02-21,2001-02-22T00:00:00Z,26.1000
2001-02-22,2001-02-23T00:00:00Z,25.7500
2001-02-23,2001-02-24T00:00:00Z,26.1200
2001-02-26,2001-02-27T00:00:00Z,25.8400
2001-02-27,2001-02-28T00:00:00Z,25.2800
2001-02-28,2001-03-01T00:00:00Z,25.1600
2001-03-01,2001-03-02T00:00:00Z,24.7600
2001-03-02,2001-03-03T00:00:00Z,25.2800
2001-03-05,2001-03-06T00:00:00Z,25.9800
2001-03-06,2001-03-07T00:00:00Z,25.5900
2001-03-07,2001-03-08T00:00:00Z,25.9100
2001-03-08,2001-03-09T00:00:00Z,26.3700
2001-03-09,2001-03-10T00:00:00Z,25.7800
2001-03-12,2001-03-13T00:00:00Z,25.3400
2001-03-13,2001-03-14T00:00:00Z,24.8000
2001-03-14,2001-03-15T00:00:00Z,24.3100
2001-03-15,2001-03-16T00:00:00Z,23.3700
2001-03-16,2001-03-17T00:00:00Z,23.8400
2001-03-19,2001-03-20T00:00:00Z,23.1900
2001-03-20,2001-03-21T00:00:00Z,23.6300
2001-03-21,2001-03-22T00:00:00Z,23.2100
2001-03-22,2001-03-23T00:00:00Z,23.4500
2001-03-23,2001-03-24T00:00:00Z,23.9400
2001-03-26,2001-03-27T00:00:00Z,24.0100
2001-03-27,2001-03-28T00:00:00Z,24.4100
2001-03-28,2001-03-29T00:00:00Z,24.5000
2001-03-29,2001-03-30T00:00:00Z,23.7700
2001-03-30,2001-03-31T00:00:00Z,23.5000
2001-04-02,2001-04-03T00:00:00Z,23.3100
2001-04-03,2001-04-04T00:00:00Z,23.4700
2001-04-04,2001-04-05T00:00:00Z,24.3500
2001-04-05,2001-04-06T00:00:00Z,24.8700
2001-04-06,2001-04-07T00:00:00Z,24.0200
2001-04-09,2001-04-10T00:00:00Z,24.3700
2001-04-10,2001-04-11T00:00:00Z,25.6400
2001-04-11,2001-04-12T00:00:00Z,26.0800
2001-04-12,2001-04-13T00:00:00Z,27.1200
2001-04-13,2001-04-14T00:00:00Z,26.8000
2001-04-16,2001-04-17T00:00:00Z,26.8000
2001-04-17,2001-04-18T00:00:00Z,26.9900
2001-04-18,2001-04-19T00:00:00Z,26.1100
2001-04-19,2001-04-20T00:00:00Z,25.8600
2001-04-20,2001-04-21T00:00:00Z,25.5700
2001-04-23,2001-04-24T00:00:00Z,25.4200
2001-04-24,2001-04-25T00:00:00Z,25.7600
2001-04-25,2001-04-26T00:00:00Z,25.4900
2001-04-26,2001-04-27T00:00:00Z,26.7100
2001-04-27,2001-04-28T00:00:00Z,26.8500
2001-04-30,2001-05-01T00:00:00Z,27.2100
2001-05-01,2001-05-02T00:00:00Z,27.3100
2001-05-02,2001-05-03T00:00:00Z,26.8200
2001-05-03,2001-05-04T00:00:00Z,27.4600
2001-05-04,2001-05-05T00:00:00Z,27.5900
2001-05-07,2001-05-08T00:00:00Z,27.7100
2001-05-08,2001-05-09T00:00:00Z,27.4500
2001-05-09,2001-05-10T00:00:00Z,27.4600
2001-05-10,2001-05-11T00:00:00Z,28.2700
2001-05-11,2001-05-12T00:00:00Z,27.9700
2001-05-14,2001-05-15T00:00:00Z,27.7700
2001-05-15,2001-05-16T00:00:00Z,27.8800
2001-05-16,2001-05-17T00:00:00Z,28.1900
2001-05-17,2001-05-18T00:00:00Z,28.5700
2001-05-18,2001-05-19T00:00:00Z,29.3000
2001-05-21,2001-05-22T00:00:00Z,29.8000
2001-05-22,2001-05-23T00:00:00Z,29.7200
2001-05-23,2001-05-24T00:00:00Z,29.5100
2001-05-24,2001-05-25T00:00:00Z,28.8500
2001-05-25,2001-05-26T00:00:00Z,28.6900
2001-05-29,2001-05-30T00:00:00Z,29.1100
2001-05-30,2001-05-31T00:00:00Z,28.9200
2001-05-31,2001-06-01T00:00:00Z,28.5500
2001-06-01,2001-06-02T00:00:00Z,28.8600
2001-06-04,2001-06-05T00:00:00Z,28.9500
2001-06-05,2001-06-06T00:00:00Z,29.2500
2001-06-06,2001-06-07T00:00:00Z,28.7300
2001-06-07,2001-06-08T00:00:00Z,28.5500
2001-06-08,2001-06-09T00:00:00Z,28.8800
2001-06-11,2001-06-12T00:00:00Z,29.5700
2001-06-12,2001-06-13T00:00:00Z,29.0300
2001-06-13,2001-06-14T00:00:00Z,29.1300
2001-06-14,2001-06-15T00:00:00Z,28.5000
2001-06-15,2001-06-16T00:00:00Z,28.1300
2001-06-18,2001-06-19T00:00:00Z,27.6100
2001-06-19,2001-06-20T00:00:00Z,26.6800
2001-06-20,2001-06-21T00:00:00Z,26.2400
2001-06-21,2001-06-22T00:00:00Z,26.7000
2001-06-22,2001-06-23T00:00:00Z,26.8600
2001-06-25,2001-06-26T00:00:00Z,27.3600
2001-06-26,2001-06-27T00:00:00Z,27.6600
2001-06-27,2001-06-28T00:00:00Z,26.2500
2001-06-28,2001-06-29T00:00:00Z,25.6800
2001-06-29,2001-06-30T00:00:00Z,26.2100
2001-07-02,2001-07-03T00:00:00Z,25.7300
2001-07-03,2001-07-04T00:00:00Z,25.5600
2001-07-04,2001-07-05T00:00:00Z,25.9700
2001-07-05,2001-07-06T00:00:00Z,25.6900
2001-07-06,2001-07-07T00:00:00Z,26.5500
2001-07-09,2001-07-10T00:00:00Z,25.5900
2001-07-10,2001-07-11T00:00:00Z,24.6900
2001-07-11,2001-07-12T00:00:00Z,24.4400
2001-07-12,2001-07-13T00:00:00Z,23.6200
2001-07-13,2001-07-14T00:00:00Z,24.0200
2001-07-16,2001-07-17T00:00:00Z,23.5800
2001-07-17,2001-07-18T00:00:00Z,23.9000
2001-07-18,2001-07-19T00:00:00Z,23.1000
2001-07-19,2001-07-20T00:00:00Z,23.3500
2001-07-20,2001-07-21T00:00:00Z,23.4300
2001-07-23,2001-07-24T00:00:00Z,24.4400
2001-07-24,2001-07-25T00:00:00Z,24.3700
2001-07-25,2001-07-26T00:00:00Z,24.9000
2001-07-26,2001-07-27T00:00:00Z,24.9400
2001-07-27,2001-07-28T00:00:00Z,24.8200
2001-07-30,2001-07-31T00:00:00Z,24.4600
2001-07-31,2001-08-01T00:00:00Z,24.3500
2001-08-01,2001-08-02T00:00:00Z,24.2300
2001-08-02,2001-08-03T00:00:00Z,25.4900
2001-08-03,2001-08-04T00:00:00Z,25.6000
2001-08-06,2001-08-07T00:00:00Z,25.3900
2001-08-07,2001-08-08T00:00:00Z,25.9400
2001-08-08,2001-08-09T00:00:00Z,25.6100
2001-08-09,2001-08-10T00:00:00Z,25.2800
2001-08-10,2001-08-11T00:00:00Z,25.7800
2001-08-13,2001-08-14T00:00:00Z,25.8800
2001-08-14,2001-08-15T00:00:00Z,25.7100
2001-08-15,2001-08-16T00:00:00Z,25.6100
2001-08-16,2001-08-17T00:00:00Z,25.1800
2001-08-17,2001-08-18T00:00:00Z,24.6800
2001-08-20,2001-08-21T00:00:00Z,24.3500
2001-08-21,2001-08-22T00:00:00Z,25.3600
2001-08-22,2001-08-23T00:00:00Z,25.7100
2001-08-23,2001-08-24T00:00:00Z,25.6600
2001-08-24,2001-08-25T00:00:00Z,26.3300
2001-08-27,2001-08-28T00:00:00Z,26.2200
2001-08-28,2001-08-29T00:00:00Z,26.4600
2001-08-29,2001-08-30T00:00:00Z,26.6700
2001-08-30,2001-08-31T00:00:00Z,26.7000
2001-08-31,2001-09-01T00:00:00Z,26.8000
2001-09-03,2001-09-04T00:00:00Z,26.5200
2001-09-04,2001-09-05T00:00:00Z,26.2700
2001-09-05,2001-09-06T00:00:00Z,26.2700
2001-09-06,2001-09-07T00:00:00Z,26.6100
2001-09-07,2001-09-08T00:00:00Z,27.5400
2001-09-10,2001-09-11T00:00:00Z,27.5900
2001-09-11,2001-09-12T00:00:00Z,29.1200
2001-09-12,2001-09-13T00:00:00Z,28.2400
2001-09-13,2001-09-14T00:00:00Z,28.2000
2001-09-14,2001-09-15T00:00:00Z,29.2200
2001-09-17,2001-09-18T00:00:00Z,28.3200
2001-09-18,2001-09-19T00:00:00Z,27.5400
2001-09-19,2001-09-20T00:00:00Z,25.4400
2001-09-20,2001-09-21T00:00:00Z,25.5700
2001-09-21,2001-09-22T00:00:00Z,25.1700
2001-09-24,2001-09-25T00:00:00Z,20.6300
2001-09-25,2001-09-26T00:00:00Z,20.1300
2001-09-26,2001-09-27T00:00:00Z,20.6700
2001-09-27,2001-09-28T00:00:00Z,21.4700
2001-09-28,2001-09-29T00:00:00Z,21.8700
2001-10-01,2001-10-02T00:00:00Z,21.2200
2001-10-02,2001-10-03T00:00:00Z,21.2900
2001-10-03,2001-10-04T00:00:00Z,20.6300
2001-10-04,2001-10-05T00:00:00Z,20.9400
2001-10-05,2001-10-06T00:00:00Z,21.4600
2001-10-08,2001-10-09T00:00:00Z,20.9100
2001-10-09,2001-10-10T00:00:00Z,20.6500
2001-10-10,2001-10-11T00:00:00Z,21.0200
2001-10-11,2001-10-12T00:00:00Z,21.3800
2001-10-12,2001-10-13T00:00:00Z,20.5700
2001-10-15,2001-10-16T00:00:00Z,20.3600
2001-10-16,2001-10-17T00:00:00Z,20.4700
2001-10-17,2001-10-18T00:00:00Z,19.4700
2001-10-18,2001-10-19T00:00:00Z,19.2100
2001-10-19,2001-10-20T00:00:00Z,19.9100
2001-10-22,2001-10-23T00:00:00Z,20.3800
2001-10-23,2001-10-24T00:00:00Z,20.5600
2001-10-24,2001-10-25T00:00:00Z,20.3700
2001-10-25,2001-10-26T00:00:00Z,20.6700
2001-10-26,2001-10-27T00:00:00Z,20.3100
2001-10-29,2001-10-30T00:00:00Z,20.5500
2001-10-30,2001-10-31T00:00:00Z,20.4100
2001-10-31,2001-11-01T00:00:00Z,19.6300
2001-11-01,2001-11-02T00:00:00Z,19.3900
2001-11-02,2001-11-03T00:00:00Z,18.6300
2001-11-05,2001-11-06T00:00:00Z,18.7800
2001-11-06,2001-11-07T00:00:00Z,18.6400
2001-11-07,2001-11-08T00:00:00Z,18.8600
2001-11-08,2001-11-09T00:00:00Z,19.5400
2001-11-09,2001-11-10T00:00:00Z,20.7200
2001-11-12,2001-11-13T00:00:00Z,19.4800
2001-11-13,2001-11-14T00:00:00Z,20.4700
2001-11-14,2001-11-15T00:00:00Z,18.7800
2001-11-15,2001-11-16T00:00:00Z,16.5100
2001-11-16,2001-11-17T00:00:00Z,16.8600
2001-11-19,2001-11-20T00:00:00Z,16.5500
2001-11-20,2001-11-21T00:00:00Z,18.8200
2001-11-21,2001-11-22T00:00:00Z,18.4400
2001-11-22,2001-11-23T00:00:00Z,19.6500
2001-11-23,2001-11-24T00:00:00Z,19.4000
2001-11-26,2001-11-27T00:00:00Z,18.6600
2001-11-27,2001-11-28T00:00:00Z,19.0900
2001-11-28,2001-11-29T00:00:00Z,18.8100
2001-11-29,2001-11-30T00:00:00Z,18.5400
2001-11-30,2001-12-01T00:00:00Z,18.9200
2001-12-03,2001-12-04T00:00:00Z,20.0000
2001-12-04,2001-12-05T00:00:00Z,19.2800
2001-12-05,2001-12-06T00:00:00Z,19.2700
2001-12-06,2001-12-07T00:00:00Z,18.5700
2001-12-07,2001-12-08T00:00:00Z,17.8100
2001-12-10,2001-12-11T00:00:00Z,18.0300
2001-12-11,2001-12-12T00:00:00Z,17.6100
2001-12-12,2001-12-13T00:00:00Z,18.1300
2001-12-13,2001-12-14T00:00:00Z,17.8000
2001-12-14,2001-12-15T00:00:00Z,18.5400
2001-12-17,2001-12-18T00:00:00Z,18.5800
2001-12-18,2001-12-19T00:00:00Z,18.5100
2001-12-19,2001-12-20T00:00:00Z,19.0300
2001-12-20,2001-12-21T00:00:00Z,18.8700
2001-12-21,2001-12-22T00:00:00Z,18.7300
2001-12-24,2001-12-25T00:00:00Z,18.6500
2001-12-27,2001-12-28T00:00:00Z,18.8700
2001-12-28,2001-12-29T00:00:00Z,19.7700
2001-12-31,2002-01-01T00:00:00Z,19.3500
2002-01-02,2002-01-03T00:00:00Z,20.1300
2002-01-03,2002-01-04T00:00:00Z,20.4700
2002-01-04,2002-01-05T00:00:00Z,21.2000
2002-01-07,2002-01-08T00:00:00Z,21.0800
2002-01-08,2002-01-09T00:00:00Z,21.0300
2002-01-09,2002-01-10T00:00:00Z,20.2100
2002-01-10,2002-01-11T00:00:00Z,19.7100
2002-01-11,2002-01-12T00:00:00Z,20.0800
2002-01-14,2002-01-15T00:00:00Z,18.8900
2002-01-15,2002-01-16T00:00:00Z,18.8600
2002-01-16,2002-01-17T00:00:00Z,18.5000
2002-01-17,2002-01-18T00:00:00Z,18.2000
2002-01-18,2002-01-19T00:00:00Z,18.1700
2002-01-21,2002-01-22T00:00:00Z,18.3200
2002-01-22,2002-01-23T00:00:00Z,18.7000
2002-01-23,2002-01-24T00:00:00Z,18.8900
2002-01-24,2002-01-25T00:00:00Z,18.9100
2002-01-25,2002-01-26T00:00:00Z,19.0400
2002-01-28,2002-01-29T00:00:00Z,19.7400
2002-01-29,2002-01-30T00:00:00Z,19.2600
2002-01-30,2002-01-31T00:00:00Z,18.7100
2002-01-31,2002-02-01T00:00:00Z,19.0700
2002-02-01,2002-02-02T00:00:00Z,19.7000
2002-02-04,2002-02-05T00:00:00Z,20.2600
2002-02-05,2002-02-06T00:00:00Z,19.9000
2002-02-06,2002-02-07T00:00:00Z,19.9700
2002-02-07,2002-02-08T00:00:00Z,19.4200
2002-02-08,2002-02-09T00:00:00Z,20.0100
2002-02-11,2002-02-12T00:00:00Z,20.0800
2002-02-12,2002-02-13T00:00:00Z,21.7500
2002-02-13,2002-02-14T00:00:00Z,21.4100
2002-02-14,2002-02-15T00:00:00Z,20.9700
2002-02-15,2002-02-16T00:00:00Z,20.7600
2002-02-18,2002-02-19T00:00:00Z,20.1200
2002-02-19,2002-02-20T00:00:00Z,20.1800
2002-02-20,2002-02-21T00:00:00Z,19.4400
2002-02-21,2002-02-22T00:00:00Z,20.2100
2002-02-22,2002-02-23T00:00:00Z,20.1400
2002-02-25,2002-02-26T00:00:00Z,19.7800
2002-02-26,2002-02-27T00:00:00Z,19.9500
2002-02-27,2002-02-28T00:00:00Z,20.7300
2002-02-28,2002-03-01T00:00:00Z,20.7300
2002-03-01,2002-03-02T00:00:00Z,21.8300
2002-03-04,2002-03-05T00:00:00Z,21.5900
2002-03-05,2002-03-06T00:00:00Z,22.2500
2002-03-06,2002-03-07T00:00:00Z,22.1100
2002-03-07,2002-03-08T00:00:00Z,23.1000
2002-03-08,2002-03-09T00:00:00Z,22.3200
2002-03-11,2002-03-12T00:00:00Z,23.1400
2002-03-12,2002-03-13T00:00:00Z,22.7000
2002-03-13,2002-03-14T00:00:00Z,23.6000
2002-03-14,2002-03-15T00:00:00Z,23.7600
2002-03-15,2002-03-16T00:00:00Z,23.9000
2002-03-18,2002-03-19T00:00:00Z,23.8000
2002-03-19,2002-03-20T00:00:00Z,24.5100
2002-03-20,2002-03-21T00:00:00Z,24.7800
2002-03-21,2002-03-22T00:00:00Z,24.2500
2002-03-22,2002-03-23T00:00:00Z,24.8300
2002-03-25,2002-03-26T00:00:00Z,24.7500
2002-03-26,2002-03-27T00:00:00Z,24.6000
2002-03-27,2002-03-28T00:00:00Z,25.1300
2002-03-28,2002-03-29T00:00:00Z,25.3400
2002-03-29,2002-03-30T00:00:00Z,25.3400
2002-04-01,2002-04-02T00:00:00Z,26.0600
2002-04-02,2002-04-03T00:00:00Z,26.9700
2002-04-03,2002-04-04T00:00:00Z,26.7200
2002-04-04,2002-04-05T00:00:00Z,26.9700
2002-04-05,2002-04-06T00:00:00Z,25.3900
2002-04-08,2002-04-09T00:00:00Z,26.3600
2002-04-09,2002-04-10T00:00:00Z,25.4800
2002-04-10,2002-04-11T00:00:00Z,25.1300
2002-04-11,2002-04-12T00:00:00Z,24.2200
2002-04-12,2002-04-13T00:00:00Z,23.2500
2002-04-15,2002-04-16T00:00:00Z,23.3900
2002-04-16,2002-04-17T00:00:00Z,24.0300
2002-04-17,2002-04-18T00:00:00Z,25.2600
2002-04-18,2002-04-19T00:00:00Z,25.9000
2002-04-19,2002-04-20T00:00:00Z,25.8600
2002-04-22,2002-04-23T00:00:00Z,25.9600
2002-04-23,2002-04-24T00:00:00Z,26.2600
2002-04-24,2002-04-25T00:00:00Z,26.2000
2002-04-25,2002-04-26T00:00:00Z,26.4700
2002-04-26,2002-04-27T00:00:00Z,26.3200
2002-04-29,2002-04-30T00:00:00Z,26.8500
2002-04-30,2002-05-01T00:00:00Z,26.9800
2002-05-01,2002-05-02T00:00:00Z,26.6700
2002-05-02,2002-05-03T00:00:00Z,25.7300
2002-05-03,2002-05-04T00:00:00Z,25.8000
2002-05-07,2002-05-08T00:00:00Z,25.5300
2002-05-08,2002-05-09T00:00:00Z,26.0900
2002-05-09,2002-05-10T00:00:00Z,26.0900
2002-05-10,2002-05-11T00:00:00Z,26.8900
2002-05-13,2002-05-14T00:00:00Z,26.3000
2002-05-14,2002-05-15T00:00:00Z,27.1200
2002-05-15,2002-05-16T00:00:00Z,27.1700
2002-05-16,2002-05-17T00:00:00Z,25.7100
2002-05-17,2002-05-18T00:00:00Z,25.4500
2002-05-20,2002-05-21T00:00:00Z,25.9700
2002-05-21,2002-05-22T00:00:00Z,24.9900
2002-05-22,2002-05-23T00:00:00Z,24.3200
2002-05-23,2002-05-24T00:00:00Z,24.0100
2002-05-24,2002-05-25T00:00:00Z,23.7600
2002-05-27,2002-05-28T00:00:00Z,23.5200
2002-05-28,2002-05-29T00:00:00Z,24.7100
2002-05-29,2002-05-30T00:00:00Z,24.1800
2002-05-30,2002-05-31T00:00:00Z,23.7200
2002-05-31,2002-06-01T00:00:00Z,23.8700
2002-06-05,2002-06-06T00:00:00Z,23.1900
2002-06-06,2002-06-07T00:00:00Z,22.7900
2002-06-07,2002-06-08T00:00:00Z,22.9900
2002-06-10,2002-06-11T00:00:00Z,22.8300
2002-06-11,2002-06-12T00:00:00Z,22.3700
2002-06-12,2002-06-13T00:00:00Z,23.0900
2002-06-13,2002-06-14T00:00:00Z,23.7200
2002-06-14,2002-06-15T00:00:00Z,23.9700
2002-06-17,2002-06-18T00:00:00Z,24.6900
2002-06-18,2002-06-19T00:00:00Z,24.6400
2002-06-19,2002-06-20T00:00:00Z,24.8500
2002-06-20,2002-06-21T00:00:00Z,24.4200
2002-06-21,2002-06-22T00:00:00Z,24.1400
2002-06-24,2002-06-25T00:00:00Z,24.9900
2002-06-25,2002-06-26T00:00:00Z,25.3200
2002-06-26,2002-06-27T00:00:00Z,24.7500
2002-06-27,2002-06-28T00:00:00Z,25.3900
2002-06-28,2002-06-29T00:00:00Z,25.3300
2002-07-01,2002-07-02T00:00:00Z,25.6500
2002-07-02,2002-07-03T00:00:00Z,25.6400
2002-07-03,2002-07-04T00:00:00Z,25.5900
2002-07-04,2002-07-05T00:00:00Z,25.5100
2002-07-05,2002-07-06T00:00:00Z,25.7500
2002-07-08,2002-07-09T00:00:00Z,25.0800
2002-07-09,2002-07-10T00:00:00Z,24.9000
2002-07-10,2002-07-11T00:00:00Z,25.8200
2002-07-11,2002-07-12T00:00:00Z,25.8300
2002-07-12,2002-07-13T00:00:00Z,26.1100
2002-07-15,2002-07-16T00:00:00Z,26.1600
2002-07-16,2002-07-17T00:00:00Z,25.9400
2002-07-17,2002-07-18T00:00:00Z,26.1900
2002-07-18,2002-07-19T00:00:00Z,26.7200
2002-07-19,2002-07-20T00:00:00Z,26.3700
2002-07-22,2002-07-23T00:00:00Z,25.7000
2002-07-23,2002-07-24T00:00:00Z,25.6500
2002-07-24,2002-07-25T00:00:00Z,25.4300
2002-07-25,2002-07-26T00:00:00Z,25.3600
2002-07-26,2002-07-27T00:00:00Z,25.1000
2002-07-29,2002-07-30T00:00:00Z,25.2000
2002-07-30,2002-07-31T00:00:00Z,25.9500
2002-07-31,2002-08-01T00:00:00Z,26.2800
2002-08-01,2002-08-02T00:00:00Z,25.7900
2002-08-02,2002-08-03T00:00:00Z,25.1700
2002-08-05,2002-08-06T00:00:00Z,25.2000
2002-08-06,2002-08-07T00:00:00Z,25.6900
2002-08-07,2002-08-08T00:00:00Z,25.7000
2002-08-08,2002-08-09T00:00:00Z,25.5100
2002-08-09,2002-08-10T00:00:00Z,25.4900
2002-08-12,2002-08-13T00:00:00Z,25.6300
2002-08-13,2002-08-14T00:00:00Z,26.1100
2002-08-14,2002-08-15T00:00:00Z,26.4700
2002-08-15,2002-08-16T00:00:00Z,26.6600
2002-08-16,2002-08-17T00:00:00Z,27.3300
2002-08-19,2002-08-20T00:00:00Z,27.4400
2002-08-20,2002-08-21T00:00:00Z,27.6300
2002-08-21,2002-08-22T00:00:00Z,27.5300
2002-08-22,2002-08-23T00:00:00Z,27.8100
2002-08-23,2002-08-24T00:00:00Z,27.5100
2002-08-26,2002-08-27T00:00:00Z,27.5600
2002-08-27,2002-08-28T00:00:00Z,27.8900
2002-08-28,2002-08-29T00:00:00Z,27.5400
2002-08-29,2002-08-30T00:00:00Z,27.1100
2002-08-30,2002-08-31T00:00:00Z,27.5600
2002-09-02,2002-09-03T00:00:00Z,27.4500
2002-09-03,2002-09-04T00:00:00Z,26.5800
2002-09-04,2002-09-05T00:00:00Z,27.3100
2002-09-05,2002-09-06T00:00:00Z,27.5400
2002-09-06,2002-09-07T00:00:00Z,28.3600
2002-09-09,2002-09-10T00:00:00Z,28.6700
2002-09-10,2002-09-11T00:00:00Z,28.9200
2002-09-11,2002-09-12T00:00:00Z,28.6800
2002-09-12,2002-09-13T00:00:00Z,27.7600
2002-09-13,2002-09-14T00:00:00Z,28.5300
2002-09-16,2002-09-17T00:00:00Z,28.3800
2002-09-17,2002-09-18T00:00:00Z,27.7600
2002-09-18,2002-09-19T00:00:00Z,28.4100
2002-09-19,2002-09-20T00:00:00Z,28.4500
2002-09-20,2002-09-21T00:00:00Z,28.6100
2002-09-23,2002-09-24T00:00:00Z,29.3600
2002-09-24,2002-09-25T00:00:00Z,29.4700
2002-09-25,2002-09-26T00:00:00Z,29.1100
2002-09-26,2002-09-27T00:00:00Z,28.9300
2002-09-27,2002-09-28T00:00:00Z,29.0000
2002-09-30,2002-10-01T00:00:00Z,29.1100
2002-10-01,2002-10-02T00:00:00Z,29.4200
2002-10-02,2002-10-03T00:00:00Z,29.1400
2002-10-03,2002-10-04T00:00:00Z,28.4600
2002-10-04,2002-10-05T00:00:00Z,28.3200
2002-10-07,2002-10-08T00:00:00Z,28.3800
2002-10-08,2002-10-09T00:00:00Z,28.2800
2002-10-09,2002-10-10T00:00:00Z,28.2900
2002-10-10,2002-10-11T00:00:00Z,27.7000
2002-10-11,2002-10-12T00:00:00Z,28.1800
2002-10-14,2002-10-15T00:00:00Z,28.5600
2002-10-15,2002-10-16T00:00:00Z,28.6600
2002-10-16,2002-10-17T00:00:00Z,28.6100
2002-10-17,2002-10-18T00:00:00Z,28.2200
2002-10-18,2002-10-19T00:00:00Z,28.2000
2002-10-21,2002-10-22T00:00:00Z,27.0100
2002-10-22,2002-10-23T00:00:00Z,26.6900
2002-10-23,2002-10-24T00:00:00Z,26.6800
2002-10-24,2002-10-25T00:00:00Z,26.7800
2002-10-25,2002-10-26T00:00:00Z,25.9600
2002-10-28,2002-10-29T00:00:00Z,25.4400
2002-10-29,2002-10-30T00:00:00Z,25.7100
2002-10-30,2002-10-31T00:00:00Z,25.2900
2002-10-31,2002-11-01T00:00:00Z,25.5100
2002-11-01,2002-11-02T00:00:00Z,25.7800
2002-11-04,2002-11-05T00:00:00Z,25.2100
2002-11-05,2002-11-06T00:00:00Z,24.6600
2002-11-06,2002-11-07T00:00:00Z,23.7300
2002-11-07,2002-11-08T00:00:00Z,24.3600
2002-11-08,2002-11-09T00:00:00Z,23.5400
2002-11-11,2002-11-12T00:00:00Z,23.8600
2002-11-12,2002-11-13T00:00:00Z,24.0100
2002-11-13,2002-11-14T00:00:00Z,22.9600
2002-11-14,2002-11-15T00:00:00Z,22.8200
2002-11-15,2002-11-16T00:00:00Z,23.3300
2002-11-18,2002-11-19T00:00:00Z,23.4100
2002-11-19,2002-11-20T00:00:00Z,24.0500
2002-11-20,2002-11-21T00:00:00Z,24.0500
2002-11-21,2002-11-22T00:00:00Z,24.5200
2002-11-22,2002-11-23T00:00:00Z,24.7900
2002-11-25,2002-11-26T00:00:00Z,24.8500
2002-11-26,2002-11-27T00:00:00Z,24.5600
2002-11-27,2002-11-28T00:00:00Z,25.1100
2002-11-28,2002-11-29T00:00:00Z,25.7000
2002-11-29,2002-11-30T00:00:00Z,25.7400
2002-12-02,2002-12-03T00:00:00Z,25.7300
2002-12-03,2002-12-04T00:00:00Z,26.0900
2002-12-04,2002-12-05T00:00:00Z,25.9900
2002-12-05,2002-12-06T00:00:00Z,26.0700
2002-12-06,2002-12-07T00:00:00Z,25.6700
2002-12-09,2002-12-10T00:00:00Z,26.0600
2002-12-10,2002-12-11T00:00:00Z,26.3500
2002-12-11,2002-12-12T00:00:00Z,26.8500
2002-12-12,2002-12-13T00:00:00Z,27.2900
2002-12-13,2002-12-14T00:00:00Z,27.6400
2002-12-16,2002-12-17T00:00:00Z,28.7300
2002-12-17,2002-12-18T00:00:00Z,29.2500
2002-12-18,2002-12-19T00:00:00Z,29.9500
2002-12-19,2002-12-20T00:00:00Z,30.2600
2002-12-20,2002-12-21T00:00:00Z,29.5900
2002-12-23,2002-12-24T00:00:00Z,30.6100
2002-12-24,2002-12-25T00:00:00Z,30.9300
2002-12-27,2002-12-28T00:00:00Z,31.4900
2002-12-30,2002-12-31T00:00:00Z,32.0200
2002-12-31,2003-01-01T00:00:00Z,30.1200
2003-01-02,2003-01-03T00:00:00Z,30.3200
2003-01-03,2003-01-04T00:00:00Z,31.4300
2003-01-06,2003-01-07T00:00:00Z,31.4300
2003-01-07,2003-01-08T00:00:00Z,30.7800
2003-01-08,2003-01-09T00:00:00Z,29.3000
2003-01-09,2003-01-10T00:00:00Z,30.2600
2003-01-10,2003-01-11T00:00:00Z,30.0700
2003-01-13,2003-01-14T00:00:00Z,30.4600
2003-01-14,2003-01-15T00:00:00Z,31.3600
2003-01-15,2003-01-16T00:00:00Z,31.7300
2003-01-16,2003-01-17T00:00:00Z,32.2900
2003-01-17,2003-01-18T00:00:00Z,31.5700
2003-01-20,2003-01-21T00:00:00Z,32.2300
2003-01-21,2003-01-22T00:00:00Z,31.7200
2003-01-22,2003-01-23T00:00:00Z,32.0700
2003-01-23,2003-01-24T00:00:00Z,31.4000
2003-01-24,2003-01-25T00:00:00Z,31.6200
2003-01-27,2003-01-28T00:00:00Z,31.0200
2003-01-28,2003-01-29T00:00:00Z,30.7300
2003-01-29,2003-01-30T00:00:00Z,31.2600
2003-01-30,2003-01-31T00:00:00Z,31.4200
2003-01-31,2003-02-01T00:00:00Z,31.5700
2003-02-03,2003-02-04T00:00:00Z,30.9500
2003-02-04,2003-02-05T00:00:00Z,31.1300
2003-02-05,2003-02-06T00:00:00Z,31.7700
2003-02-06,2003-02-07T00:00:00Z,31.8100
2003-02-07,2003-02-08T00:00:00Z,32.2300
2003-02-10,2003-02-11T00:00:00Z,32.4700
2003-02-11,2003-02-12T00:00:00Z,32.5100
2003-02-12,2003-02-13T00:00:00Z,32.4600
2003-02-13,2003-02-14T00:00:00Z,33.2300
2003-02-14,2003-02-15T00:00:00Z,33.2600
2003-02-17,2003-02-18T00:00:00Z,33.0600
2003-02-18,2003-02-19T00:00:00Z,33.2600
2003-02-19,2003-02-20T00:00:00Z,33.1600
2003-02-20,2003-02-21T00:00:00Z,32.7600
2003-02-21,2003-02-22T00:00:00Z,32.7600
2003-02-24,2003-02-25T00:00:00Z,33.4100
2003-02-25,2003-02-26T00:00:00Z,33.6400
2003-02-26,2003-02-27T00:00:00Z,33.4600
2003-02-27,2003-02-28T00:00:00Z,34.0900
2003-02-28,2003-03-01T00:00:00Z,34.0000
2003-03-03,2003-03-04T00:00:00Z,33.4000
2003-03-04,2003-03-05T00:00:00Z,34.3700
2003-03-05,2003-03-06T00:00:00Z,33.9200
2003-03-06,2003-03-07T00:00:00Z,34.3900
2003-03-07,2003-03-08T00:00:00Z,34.4700
2003-03-10,2003-03-11T00:00:00Z,34.9400
2003-03-11,2003-03-12T00:00:00Z,34.0600
2003-03-12,2003-03-13T00:00:00Z,34.1600
2003-03-13,2003-03-14T00:00:00Z,33.9800
2003-03-14,2003-03-15T00:00:00Z,31.4800
2003-03-17,2003-03-18T00:00:00Z,30.3500
2003-03-18,2003-03-19T00:00:00Z,28.5500
2003-03-19,2003-03-20T00:00:00Z,28.4000
2003-03-20,2003-03-21T00:00:00Z,28.0000
2003-03-21,2003-03-22T00:00:00Z,25.5900
2003-03-24,2003-03-25T00:00:00Z,26.5400
2003-03-25,2003-03-26T00:00:00Z,27.2800
2003-03-26,2003-03-27T00:00:00Z,25.9800
2003-03-27,2003-03-28T00:00:00Z,27.2900
2003-03-28,2003-03-29T00:00:00Z,27.6600
2003-03-31,2003-04-01T00:00:00Z,28.0500
2003-04-01,2003-04-02T00:00:00Z,27.9400
2003-04-02,2003-04-03T00:00:00Z,26.2900
2003-04-03,2003-04-04T00:00:00Z,26.7500
2003-04-04,2003-04-05T00:00:00Z,25.6200
2003-04-07,2003-04-08T00:00:00Z,25.2700
2003-04-08,2003-04-09T00:00:00Z,24.8800
2003-04-09,2003-04-10T00:00:00Z,25.1100
2003-04-10,2003-04-11T00:00:00Z,25.1600
2003-04-11,2003-04-12T00:00:00Z,24.3900
2003-04-14,2003-04-15T00:00:00Z,24.7200
2003-04-15,2003-04-16T00:00:00Z,24.7400
2003-04-16,2003-04-17T00:00:00Z,24.8600
2003-04-17,2003-04-18T00:00:00Z,25.3600
2003-04-18,2003-04-19T00:00:00Z,25.7600
2003-04-21,2003-04-22T00:00:00Z,25.7600
2003-04-22,2003-04-23T00:00:00Z,25.7200
2003-04-23,2003-04-24T00:00:00Z,24.5600
2003-04-24,2003-04-25T00:00:00Z,24.0600
2003-04-25,2003-04-26T00:00:00Z,24.2900
2003-04-28,2003-04-29T00:00:00Z,23.4200
2003-04-29,2003-04-30T00:00:00Z,23.2300
2003-04-30,2003-05-01T00:00:00Z,23.6000
2003-05-01,2003-05-02T00:00:00Z,23.7900
2003-05-02,2003-05-03T00:00:00Z,23.7300
2003-05-05,2003-05-06T00:00:00Z,23.5900
2003-05-06,2003-05-07T00:00:00Z,23.9100
2003-05-07,2003-05-08T00:00:00Z,24.0100
2003-05-08,2003-05-09T00:00:00Z,24.4800
2003-05-09,2003-05-10T00:00:00Z,25.5500
2003-05-12,2003-05-13T00:00:00Z,25.6900
2003-05-13,2003-05-14T00:00:00Z,25.4500
2003-05-14,2003-05-15T00:00:00Z,25.9800
2003-05-15,2003-05-16T00:00:00Z,26.7700
2003-05-16,2003-05-17T00:00:00Z,27.1800
2003-05-19,2003-05-20T00:00:00Z,27.2300
2003-05-20,2003-05-21T00:00:00Z,26.6900
2003-05-21,2003-05-22T00:00:00Z,27.5800
2003-05-22,2003-05-23T00:00:00Z,27.3200
2003-05-23,2003-05-24T00:00:00Z,27.1400
2003-05-26,2003-05-27T00:00:00Z,26.7800
2003-05-27,2003-05-28T00:00:00Z,26.5500
2003-05-28,2003-05-29T00:00:00Z,26.4800
2003-05-29,2003-05-30T00:00:00Z,26.3900
2003-05-30,2003-05-31T00:00:00Z,26.5800
2003-06-02,2003-06-03T00:00:00Z,27.5600
2003-06-03,2003-06-04T00:00:00Z,27.9900
2003-06-04,2003-06-05T00:00:00Z,27.4900
2003-06-05,2003-06-06T00:00:00Z,28.1600
2003-06-06,2003-06-07T00:00:00Z,28.3800
2003-06-09,2003-06-10T00:00:00Z,28.6200
2003-06-10,2003-06-11T00:00:00Z,28.4400
2003-06-11,2003-06-12T00:00:00Z,28.9700
2003-06-12,2003-06-13T00:00:00Z,28.4800
2003-06-13,2003-06-14T00:00:00Z,27.3900
2003-06-16,2003-06-17T00:00:00Z,27.5000
2003-06-17,2003-06-18T00:00:00Z,27.1400
2003-06-18,2003-06-19T00:00:00Z,26.4300
2003-06-19,2003-06-20T00:00:00Z,26.2100
2003-06-20,2003-06-21T00:00:00Z,27.1300
2003-06-23,2003-06-24T00:00:00Z,27.1300
2003-06-24,2003-06-25T00:00:00Z,26.9600
2003-06-25,2003-06-26T00:00:00Z,27.3400
2003-06-26,2003-06-27T00:00:00Z,27.0600
2003-06-27,2003-06-28T00:00:00Z,27.4500
2003-06-30,2003-07-01T00:00:00Z,28.8800
2003-07-01,2003-07-02T00:00:00Z,28.3300
2003-07-02,2003-07-03T00:00:00Z,28.2000
2003-07-03,2003-07-04T00:00:00Z,28.6300
2003-07-04,2003-07-05T00:00:00Z,27.9700
2003-07-07,2003-07-08T00:00:00Z,27.2300
2003-07-08,2003-07-09T00:00:00Z,27.9500
2003-07-09,2003-07-10T00:00:00Z,28.2100
2003-07-10,2003-07-11T00:00:00Z,29.3700
2003-07-11,2003-07-12T00:00:00Z,29.3600
2003-07-14,2003-07-15T00:00:00Z,28.5200
2003-07-15,2003-07-16T00:00:00Z,28.8700
2003-07-16,2003-07-17T00:00:00Z,28.5100
2003-07-17,2003-07-18T00:00:00Z,28.5900
2003-07-18,2003-07-19T00:00:00Z,29.2000
2003-07-21,2003-07-22T00:00:00Z,28.0100
2003-07-22,2003-07-23T00:00:00Z,28.4000
2003-07-23,2003-07-24T00:00:00Z,27.6700
2003-07-24,2003-07-25T00:00:00Z,27.7300
2003-07-25,2003-07-26T00:00:00Z,28.3000
2003-07-28,2003-07-29T00:00:00Z,27.7100
2003-07-29,2003-07-30T00:00:00Z,28.2700
2003-07-30,2003-07-31T00:00:00Z,28.3100
2003-07-31,2003-08-01T00:00:00Z,28.6800
2003-08-01,2003-08-02T00:00:00Z,29.6300
2003-08-04,2003-08-05T00:00:00Z,29.9100
2003-08-05,2003-08-06T00:00:00Z,30.3700
2003-08-06,2003-08-07T00:00:00Z,30.0100
2003-08-07,2003-08-08T00:00:00Z,30.0600
2003-08-08,2003-08-09T00:00:00Z,30.5900
2003-08-11,2003-08-12T00:00:00Z,30.0500
2003-08-12,2003-08-13T00:00:00Z,30.1300
2003-08-13,2003-08-14T00:00:00Z,29.6600
2003-08-14,2003-08-15T00:00:00Z,28.9600
2003-08-15,2003-08-16T00:00:00Z,29.1800
2003-08-18,2003-08-19T00:00:00Z,29.8800
2003-08-19,2003-08-20T00:00:00Z,29.1800
2003-08-20,2003-08-21T00:00:00Z,29.2800
2003-08-21,2003-08-22T00:00:00Z,29.9500
2003-08-22,2003-08-23T00:00:00Z,30.2200
2003-08-25,2003-08-26T00:00:00Z,29.9800
2003-08-26,2003-08-27T00:00:00Z,30.0800
2003-08-27,2003-08-28T00:00:00Z,30.0500
2003-08-28,2003-08-29T00:00:00Z,30.1000
2003-08-29,2003-08-30T00:00:00Z,30.3800
2003-09-01,2003-09-02T00:00:00Z,29.6400
2003-09-02,2003-09-03T00:00:00Z,28.0800
2003-09-03,2003-09-04T00:00:00Z,27.8900
2003-09-04,2003-09-05T00:00:00Z,27.4900
2003-09-05,2003-09-06T00:00:00Z,27.7200
2003-09-08,2003-09-09T00:00:00Z,28.4700
2003-09-09,2003-09-10T00:00:00Z,27.6400
2003-09-10,2003-09-11T00:00:00Z,27.7600
2003-09-11,2003-09-12T00:00:00Z,27.4800
2003-09-12,2003-09-13T00:00:00Z,26.5200
2003-09-15,2003-09-16T00:00:00Z,26.3800
2003-09-16,2003-09-17T00:00:00Z,26.2800
2003-09-17,2003-09-18T00:00:00Z,25.7600
2003-09-18,2003-09-19T00:00:00Z,25.5600
2003-09-19,2003-09-20T00:00:00Z,25.5100
2003-09-22,2003-09-23T00:00:00Z,25.8200
2003-09-23,2003-09-24T00:00:00Z,25.7400
2003-09-24,2003-09-25T00:00:00Z,26.8100
2003-09-25,2003-09-26T00:00:00Z,27.0400
2003-09-26,2003-09-27T00:00:00Z,27.0200
2003-09-29,2003-09-30T00:00:00Z,27.7700
2003-09-30,2003-10-01T00:00:00Z,28.0900
2003-10-01,2003-10-02T00:00:00Z,27.9800
2003-10-02,2003-10-03T00:00:00Z,28.9000
2003-10-03,2003-10-04T00:00:00Z,29.1400
2003-10-06,2003-10-07T00:00:00Z,29.7500
2003-10-07,2003-10-08T00:00:00Z,29.3500
2003-10-08,2003-10-09T00:00:00Z,28.9600
2003-10-09,2003-10-10T00:00:00Z,30.2100
2003-10-10,2003-10-11T00:00:00Z,31.1300
2003-10-13,2003-10-14T00:00:00Z,31.0000
2003-10-14,2003-10-15T00:00:00Z,31.4500
2003-10-15,2003-10-16T00:00:00Z,31.2300
2003-10-16,2003-10-17T00:00:00Z,31.0500
2003-10-17,2003-10-18T00:00:00Z,30.2700
2003-10-20,2003-10-21T00:00:00Z,29.7800
2003-10-21,2003-10-22T00:00:00Z,29.6100
2003-10-22,2003-10-23T00:00:00Z,29.2500
2003-10-23,2003-10-24T00:00:00Z,29.6300
2003-10-24,2003-10-25T00:00:00Z,30.0100
2003-10-27,2003-10-28T00:00:00Z,29.3800
2003-10-28,2003-10-29T00:00:00Z,28.9900
2003-10-29,2003-10-30T00:00:00Z,28.5600
2003-10-30,2003-10-31T00:00:00Z,27.4700
2003-10-31,2003-11-01T00:00:00Z,27.8800
2003-11-03,2003-11-04T00:00:00Z,27.7800
2003-11-04,2003-11-05T00:00:00Z,27.3200
2003-11-05,2003-11-06T00:00:00Z,27.9000
2003-11-06,2003-11-07T00:00:00Z,28.5200
2003-11-07,2003-11-08T00:00:00Z,28.7300
2003-11-10,2003-11-11T00:00:00Z,28.8200
2003-11-11,2003-11-12T00:00:00Z,28.8800
2003-11-12,2003-11-13T00:00:00Z,28.5800
2003-11-13,2003-11-14T00:00:00Z,29.0100
2003-11-14,2003-11-15T00:00:00Z,29.7800
2003-11-17,2003-11-18T00:00:00Z,28.9800
2003-11-18,2003-11-19T00:00:00Z,29.2600
2003-11-19,2003-11-20T00:00:00Z,30.1300
2003-11-20,2003-11-21T00:00:00Z,29.8800
2003-11-21,2003-11-22T00:00:00Z,29.7900
2003-11-24,2003-11-25T00:00:00Z,27.9900
2003-11-25,2003-11-26T00:00:00Z,27.6200
2003-11-26,2003-11-27T00:00:00Z,28.2300
2003-11-27,2003-11-28T00:00:00Z,28.9000
2003-11-28,2003-11-29T00:00:00Z,28.9500
2003-12-01,2003-12-02T00:00:00Z,28.1700
2003-12-02,2003-12-03T00:00:00Z,29.1000
2003-12-03,2003-12-04T00:00:00Z,29.2600
2003-12-04,2003-12-05T00:00:00Z,29.2500
2003-12-05,2003-12-06T00:00:00Z,28.8700
2003-12-08,2003-12-09T00:00:00Z,30.5200
2003-12-09,2003-12-10T00:00:00Z,30.2700
2003-12-10,2003-12-11T00:00:00Z,30.0200
2003-12-11,2003-12-12T00:00:00Z,29.7900
2003-12-12,2003-12-13T00:00:00Z,30.2400
2003-12-15,2003-12-16T00:00:00Z,30.8900
2003-12-16,2003-12-17T00:00:00Z,30.6400
2003-12-17,2003-12-18T00:00:00Z,31.0100
2003-12-18,2003-12-19T00:00:00Z,30.7900
2003-12-19,2003-12-20T00:00:00Z,31.0300
2003-12-22,2003-12-23T00:00:00Z,28.7800
2003-12-23,2003-12-24T00:00:00Z,28.3000
2003-12-24,2003-12-25T00:00:00Z,29.4500
2003-12-29,2003-12-30T00:00:00Z,29.1700
2003-12-30,2003-12-31T00:00:00Z,30.1000
2003-12-31,2004-01-01T00:00:00Z,30.3000
2004-01-02,2004-01-03T00:00:00Z,29.5500
2004-01-05,2004-01-06T00:00:00Z,32.3000
2004-01-06,2004-01-07T00:00:00Z,31.2000
2004-01-07,2004-01-08T00:00:00Z,30.9900
2004-01-08,2004-01-09T00:00:00Z,31.1100
2004-01-09,2004-01-10T00:00:00Z,31.9100
2004-01-12,2004-01-13T00:00:00Z,31.4100
2004-01-13,2004-01-14T00:00:00Z,32.5500
2004-01-14,2004-01-15T00:00:00Z,31.8400
2004-01-15,2004-01-16T00:00:00Z,31.4300
2004-01-16,2004-01-17T00:00:00Z,31.2600
2004-01-19,2004-01-20T00:00:00Z,31.6700
2004-01-20,2004-01-21T00:00:00Z,32.2600
2004-01-21,2004-01-22T00:00:00Z,31.9500
2004-01-22,2004-01-23T00:00:00Z,31.4200
2004-01-23,2004-01-24T00:00:00Z,32.0800
2004-01-26,2004-01-27T00:00:00Z,31.1500
2004-01-27,2004-01-28T00:00:00Z,31.0500
2004-01-28,2004-01-29T00:00:00Z,30.7700
2004-01-29,2004-01-30T00:00:00Z,29.4700
2004-01-30,2004-01-31T00:00:00Z,29.5300
2004-02-02,2004-02-03T00:00:00Z,30.3000
2004-02-03,2004-02-04T00:00:00Z,30.0700
2004-02-04,2004-02-05T00:00:00Z,29.6300
2004-02-05,2004-02-06T00:00:00Z,29.0200
2004-02-06,2004-02-07T00:00:00Z,29.2600
2004-02-09,2004-02-10T00:00:00Z,29.1000
2004-02-10,2004-02-11T00:00:00Z,30.0600
2004-02-11,2004-02-12T00:00:00Z,30.3300
2004-02-12,2004-02-13T00:00:00Z,30.1700
2004-02-13,2004-02-14T00:00:00Z,30.9600
2004-02-16,2004-02-17T00:00:00Z,31.0800
2004-02-17,2004-02-18T00:00:00Z,31.4300
2004-02-18,2004-02-19T00:00:00Z,31.5700
2004-02-19,2004-02-20T00:00:00Z,31.6300
2004-02-20,2004-02-21T00:00:00Z,31.2200
2004-02-23,2004-02-24T00:00:00Z,31.8900
2004-02-24,2004-02-25T00:00:00Z,31.6000
2004-02-25,2004-02-26T00:00:00Z,32.4600
2004-02-26,2004-02-27T00:00:00Z,32.4500
2004-02-27,2004-02-28T00:00:00Z,32.9400
2004-03-01,2004-03-02T00:00:00Z,33.3400
2004-03-02,2004-03-03T00:00:00Z,34.1500
2004-03-03,2004-03-04T00:00:00Z,33.3200
2004-03-04,2004-03-05T00:00:00Z,33.4500
2004-03-05,2004-03-06T00:00:00Z,34.4000
2004-03-08,2004-03-09T00:00:00Z,34.2700
2004-03-09,2004-03-10T00:00:00Z,33.7200
2004-03-10,2004-03-11T00:00:00Z,32.8300
2004-03-11,2004-03-12T00:00:00Z,33.2200
2004-03-12,2004-03-13T00:00:00Z,32.7600
2004-03-15,2004-03-16T00:00:00Z,34.3900
2004-03-16,2004-03-17T00:00:00Z,34.7200
2004-03-17,2004-03-18T00:00:00Z,34.9500
2004-03-18,2004-03-19T00:00:00Z,34.4300
2004-03-19,2004-03-20T00:00:00Z,34.3300
2004-03-22,2004-03-23T00:00:00Z,33.5700
2004-03-23,2004-03-24T00:00:00Z,34.4000
2004-03-24,2004-03-25T00:00:00Z,34.1400
2004-03-25,2004-03-26T00:00:00Z,33.3200
2004-03-26,2004-03-27T00:00:00Z,32.5100
2004-03-29,2004-03-30T00:00:00Z,32.0400
2004-03-30,2004-03-31T00:00:00Z,33.0400
2004-03-31,2004-04-01T00:00:00Z,32.2900
2004-04-01,2004-04-02T00:00:00Z,32.5900
2004-04-02,2004-04-03T00:00:00Z,31.1900
2004-04-05,2004-04-06T00:00:00Z,31.1700
2004-04-06,2004-04-07T00:00:00Z,31.4800
2004-04-07,2004-04-08T00:00:00Z,33.0700
2004-04-08,2004-04-09T00:00:00Z,33.9800
2004-04-09,2004-04-10T00:00:00Z,34.0300
2004-04-12,2004-04-13T00:00:00Z,34.5100
2004-04-13,2004-04-14T00:00:00Z,34.1500
2004-04-14,2004-04-15T00:00:00Z,33.5400
2004-04-15,2004-04-16T00:00:00Z,33.7200
2004-04-16,2004-04-17T00:00:00Z,33.8500
2004-04-19,2004-04-20T00:00:00Z,34.7100
2004-04-20,2004-04-21T00:00:00Z,33.5600
2004-04-21,2004-04-22T00:00:00Z,33.2300
2004-04-22,2004-04-23T00:00:00Z,33.2400
2004-04-23,2004-04-24T00:00:00Z,33.7800
2004-04-26,2004-04-27T00:00:00Z,34.1800
2004-04-27,2004-04-28T00:00:00Z,34.1100
2004-04-28,2004-04-29T00:00:00Z,35.0200
2004-04-29,2004-04-30T00:00:00Z,34.6600
2004-04-30,2004-05-01T00:00:00Z,35.2300
2004-05-03,2004-05-04T00:00:00Z,34.9700
2004-05-04,2004-05-05T00:00:00Z,36.0700
2004-05-05,2004-05-06T00:00:00Z,36.5800
2004-05-06,2004-05-07T00:00:00Z,37.0500
2004-05-07,2004-05-08T00:00:00Z,37.2500
2004-05-10,2004-05-11T00:00:00Z,35.8300
2004-05-11,2004-05-12T00:00:00Z,36.9700
2004-05-12,2004-05-13T00:00:00Z,37.9500
2004-05-13,2004-05-14T00:00:00Z,38.3000
2004-05-14,2004-05-15T00:00:00Z,39.0400
2004-05-17,2004-05-18T00:00:00Z,38.8800
2004-05-18,2004-05-19T00:00:00Z,38.4300
2004-05-19,2004-05-20T00:00:00Z,38.3500
2004-05-20,2004-05-21T00:00:00Z,38.8900
2004-05-21,2004-05-22T00:00:00Z,37.6000
2004-05-24,2004-05-25T00:00:00Z,39.2200
2004-05-25,2004-05-26T00:00:00Z,38.4600
2004-05-26,2004-05-27T00:00:00Z,38.0500
2004-05-27,2004-05-28T00:00:00Z,37.0300
2004-05-28,2004-05-29T00:00:00Z,37.0000
2004-05-31,2004-06-01T00:00:00Z,37.0000
2004-06-01,2004-06-02T00:00:00Z,39.0500
2004-06-02,2004-06-03T00:00:00Z,37.9900
2004-06-03,2004-06-04T00:00:00Z,36.2600
2004-06-04,2004-06-05T00:00:00Z,35.9700
2004-06-07,2004-06-08T00:00:00Z,35.5700
2004-06-08,2004-06-09T00:00:00Z,35.4700
2004-06-09,2004-06-10T00:00:00Z,34.6900
2004-06-10,2004-06-11T00:00:00Z,35.7500
2004-06-11,2004-06-12T00:00:00Z,35.2300
2004-06-14,2004-06-15T00:00:00Z,35.2200
2004-06-15,2004-06-16T00:00:00Z,34.6600
2004-06-16,2004-06-17T00:00:00Z,34.5600
2004-06-17,2004-06-18T00:00:00Z,35.5800
2004-06-18,2004-06-19T00:00:00Z,35.4300
2004-06-21,2004-06-22T00:00:00Z,34.8200
2004-06-22,2004-06-23T00:00:00Z,34.9500
2004-06-23,2004-06-24T00:00:00Z,34.8100
2004-06-24,2004-06-25T00:00:00Z,34.7100
2004-06-25,2004-06-26T00:00:00Z,34.2500
2004-06-28,2004-06-29T00:00:00Z,33.2400
2004-06-29,2004-06-30T00:00:00Z,32.6100
2004-06-30,2004-07-01T00:00:00Z,33.2200
2004-07-01,2004-07-02T00:00:00Z,35.5800
2004-07-02,2004-07-03T00:00:00Z,35.3600
2004-07-05,2004-07-06T00:00:00Z,35.7300
2004-07-06,2004-07-07T00:00:00Z,36.4700
2004-07-07,2004-07-08T00:00:00Z,35.6200
2004-07-08,2004-07-09T00:00:00Z,37.1300
2004-07-09,2004-07-10T00:00:00Z,37.5800
2004-07-12,2004-07-13T00:00:00Z,37.7300
2004-07-13,2004-07-14T00:00:00Z,36.6800
2004-07-14,2004-07-15T00:00:00Z,37.5100
2004-07-15,2004-07-16T00:00:00Z,38.4100
2004-07-16,2004-07-17T00:00:00Z,38.4900
2004-07-19,2004-07-20T00:00:00Z,39.0700
2004-07-20,2004-07-21T00:00:00Z,38.9600
2004-07-21,2004-07-22T00:00:00Z,38.4800
2004-07-22,2004-07-23T00:00:00Z,39.1600
2004-07-23,2004-07-24T00:00:00Z,39.5900
2004-07-26,2004-07-27T00:00:00Z,39.7500
2004-07-27,2004-07-28T00:00:00Z,40.0900
2004-07-28,2004-07-29T00:00:00Z,41.0800
2004-07-29,2004-07-30T00:00:00Z,40.9300
2004-07-30,2004-07-31T00:00:00Z,41.4700
2004-08-02,2004-08-03T00:00:00Z,41.3500
2004-08-03,2004-08-04T00:00:00Z,41.8200
2004-08-04,2004-08-05T00:00:00Z,41.7500
2004-08-05,2004-08-06T00:00:00Z,42.4900
2004-08-06,2004-08-07T00:00:00Z,42.6300
2004-08-09,2004-08-10T00:00:00Z,43.2100
2004-08-10,2004-08-11T00:00:00Z,42.5000
2004-08-11,2004-08-12T00:00:00Z,42.4500
2004-08-12,2004-08-13T00:00:00Z,43.5000
2004-08-13,2004-08-14T00:00:00Z,44.1300
2004-08-16,2004-08-17T00:00:00Z,44.3500
2004-08-17,2004-08-18T00:00:00Z,44.0500
2004-08-18,2004-08-19T00:00:00Z,44.1200
2004-08-19,2004-08-20T00:00:00Z,44.8400
2004-08-20,2004-08-21T00:00:00Z,45.4600
2004-08-23,2004-08-24T00:00:00Z,44.3900
2004-08-24,2004-08-25T00:00:00Z,42.9900
2004-08-25,2004-08-26T00:00:00Z,42.3900
2004-08-26,2004-08-27T00:00:00Z,40.6500
2004-08-27,2004-08-28T00:00:00Z,40.7200
2004-08-30,2004-08-31T00:00:00Z,40.7800
2004-08-31,2004-09-01T00:00:00Z,39.8000
2004-09-01,2004-09-02T00:00:00Z,40.9600
2004-09-02,2004-09-03T00:00:00Z,42.3900
2004-09-03,2004-09-04T00:00:00Z,41.0700
2004-09-06,2004-09-07T00:00:00Z,40.4000
2004-09-07,2004-09-08T00:00:00Z,40.1900
2004-09-08,2004-09-09T00:00:00Z,39.9100
2004-09-09,2004-09-10T00:00:00Z,41.4500
2004-09-10,2004-09-11T00:00:00Z,41.0300
2004-09-13,2004-09-14T00:00:00Z,40.6300
2004-09-14,2004-09-15T00:00:00Z,41.3400
2004-09-15,2004-09-16T00:00:00Z,42.0300
2004-09-16,2004-09-17T00:00:00Z,40.6800
2004-09-17,2004-09-18T00:00:00Z,43.0800
2004-09-20,2004-09-21T00:00:00Z,43.6000
2004-09-21,2004-09-22T00:00:00Z,44.5600
2004-09-22,2004-09-23T00:00:00Z,45.6600
2004-09-23,2004-09-24T00:00:00Z,46.5300
2004-09-24,2004-09-25T00:00:00Z,46.1300
2004-09-27,2004-09-28T00:00:00Z,46.8700
2004-09-28,2004-09-29T00:00:00Z,47.5200
2004-09-29,2004-09-30T00:00:00Z,46.5400
2004-09-30,2004-10-01T00:00:00Z,47.7600
2004-10-01,2004-10-02T00:00:00Z,46.8600
2004-10-04,2004-10-05T00:00:00Z,46.9900
2004-10-05,2004-10-06T00:00:00Z,47.1000
2004-10-06,2004-10-07T00:00:00Z,47.9500
2004-10-07,2004-10-08T00:00:00Z,48.9800
2004-10-08,2004-10-09T00:00:00Z,49.4100
2004-10-11,2004-10-12T00:00:00Z,50.7500
2004-10-12,2004-10-13T00:00:00Z,51.2800
2004-10-13,2004-10-14T00:00:00Z,50.4200
2004-10-14,2004-10-15T00:00:00Z,51.3100
2004-10-15,2004-10-16T00:00:00Z,51.0200
2004-10-18,2004-10-19T00:00:00Z,49.1600
2004-10-19,2004-10-20T00:00:00Z,49.2100
2004-10-20,2004-10-21T00:00:00Z,50.7800
2004-10-21,2004-10-22T00:00:00Z,51.0600
2004-10-22,2004-10-23T00:00:00Z,52.2800
2004-10-25,2004-10-26T00:00:00Z,51.6800
2004-10-26,2004-10-27T00:00:00Z,52.0400
2004-10-27,2004-10-28T00:00:00Z,49.9900
2004-10-28,2004-10-29T00:00:00Z,48.8800
2004-10-29,2004-10-30T00:00:00Z,48.1600
2004-11-01,2004-11-02T00:00:00Z,46.8400
2004-11-02,2004-11-03T00:00:00Z,46.2500
2004-11-03,2004-11-04T00:00:00Z,46.1400
2004-11-04,2004-11-05T00:00:00Z,45.3200
2004-11-05,2004-11-06T00:00:00Z,44.3700
2004-11-08,2004-11-09T00:00:00Z,44.7800
2004-11-09,2004-11-10T00:00:00Z,43.2700
2004-11-10,2004-11-11T00:00:00Z,42.5700
2004-11-11,2004-11-12T00:00:00Z,42.2200
2004-11-12,2004-11-13T00:00:00Z,41.3300
2004-11-15,2004-11-16T00:00:00Z,39.3200
2004-11-16,2004-11-17T00:00:00Z,40.4800
2004-11-17,2004-11-18T00:00:00Z,40.2700
2004-11-18,2004-11-19T00:00:00Z,40.8000
2004-11-19,2004-11-20T00:00:00Z,42.2900
2004-11-22,2004-11-23T00:00:00Z,42.2600
2004-11-23,2004-11-24T00:00:00Z,43.0300
2004-11-24,2004-11-25T00:00:00Z,42.6200
2004-11-25,2004-11-26T00:00:00Z,43.1200
2004-11-26,2004-11-27T00:00:00Z,42.8700
2004-11-29,2004-11-30T00:00:00Z,44.0500
2004-11-30,2004-12-01T00:00:00Z,44.2300
2004-12-01,2004-12-02T00:00:00Z,41.1900
2004-12-02,2004-12-03T00:00:00Z,38.4900
2004-12-03,2004-12-04T00:00:00Z,38.5700
2004-12-06,2004-12-07T00:00:00Z,38.4300
2004-12-07,2004-12-08T00:00:00Z,37.1100
2004-12-08,2004-12-09T00:00:00Z,36.9000
2004-12-09,2004-12-10T00:00:00Z,38.3300
2004-12-10,2004-12-11T00:00:00Z,37.2400
2004-12-13,2004-12-14T00:00:00Z,36.7700
2004-12-14,2004-12-15T00:00:00Z,37.0300
2004-12-15,2004-12-16T00:00:00Z,41.5300
2004-12-16,2004-12-17T00:00:00Z,41.4900
2004-12-17,2004-12-18T00:00:00Z,43.0600
2004-12-20,2004-12-21T00:00:00Z,42.6700
2004-12-21,2004-12-22T00:00:00Z,42.7600
2004-12-22,2004-12-23T00:00:00Z,40.4400
2004-12-23,2004-12-24T00:00:00Z,40.2900
2004-12-24,2004-12-25T00:00:00Z,39.6000
2004-12-27,2004-12-28T00:00:00Z,39.6000
2004-12-28,2004-12-29T00:00:00Z,40.2400
2004-12-29,2004-12-30T00:00:00Z,38.9300
2004-12-30,2004-12-31T00:00:00Z,39.8000
2004-12-31,2005-01-01T00:00:00Z,40.3800
2005-01-04,2005-01-05T00:00:00Z,40.7500
2005-01-05,2005-01-06T00:00:00Z,41.0000
2005-01-06,2005-01-07T00:00:00Z,43.2500
2005-01-07,2005-01-08T00:00:00Z,43.2800
2005-01-10,2005-01-11T00:00:00Z,44.7100
2005-01-11,2005-01-12T00:00:00Z,43.4500
2005-01-12,2005-01-13T00:00:00Z,43.7500
2005-01-13,2005-01-14T00:00:00Z,45.7600
2005-01-14,2005-01-15T00:00:00Z,45.2600
2005-01-17,2005-01-18T00:00:00Z,45.1000
2005-01-18,2005-01-19T00:00:00Z,45.1800
2005-01-19,2005-01-20T00:00:00Z,45.1600
2005-01-20,2005-01-21T00:00:00Z,44.0600
2005-01-21,2005-01-22T00:00:00Z,45.8800
2005-01-24,2005-01-25T00:00:00Z,45.7400
2005-01-25,2005-01-26T00:00:00Z,46.1400
2005-01-26,2005-01-27T00:00:00Z,45.9400
2005-01-27,2005-01-28T00:00:00Z,46.5100
2005-01-28,2005-01-29T00:00:00Z,44.7500
2005-01-31,2005-02-01T00:00:00Z,44.5100
2005-02-01,2005-02-02T00:00:00Z,45.1200
2005-02-02,2005-02-03T00:00:00Z,44.1700
2005-02-03,2005-02-04T00:00:00Z,43.1300
2005-02-04,2005-02-05T00:00:00Z,43.2600
2005-02-07,2005-02-08T00:00:00Z,42.7000
2005-02-08,2005-02-09T00:00:00Z,42.7900
2005-02-09,2005-02-10T00:00:00Z,42.4900
2005-02-10,2005-02-11T00:00:00Z,44.0400
2005-02-11,2005-02-12T00:00:00Z,44.4100
2005-02-14,2005-02-15T00:00:00Z,44.5100
2005-02-15,2005-02-16T00:00:00Z,44.9100
2005-02-16,2005-02-17T00:00:00Z,45.4200
2005-02-17,2005-02-18T00:00:00Z,45.4200
2005-02-18,2005-02-19T00:00:00Z,45.8600
2005-02-21,2005-02-22T00:00:00Z,46.0900
2005-02-22,2005-02-23T00:00:00Z,47.6000
2005-02-23,2005-02-24T00:00:00Z,48.1600
2005-02-24,2005-02-25T00:00:00Z,49.2400
2005-02-25,2005-02-26T00:00:00Z,50.0500
2005-02-28,2005-03-01T00:00:00Z,50.1300
2005-03-01,2005-03-02T00:00:00Z,50.4700
2005-03-02,2005-03-03T00:00:00Z,51.0500
2005-03-03,2005-03-04T00:00:00Z,52.8900
2005-03-04,2005-03-05T00:00:00Z,52.1000
2005-03-07,2005-03-08T00:00:00Z,51.8700
2005-03-08,2005-03-09T00:00:00Z,53.2900
2005-03-09,2005-03-10T00:00:00Z,54.1100
2005-03-10,2005-03-11T00:00:00Z,53.0400
2005-03-11,2005-03-12T00:00:00Z,53.1500
2005-03-14,2005-03-15T00:00:00Z,53.6800
2005-03-15,2005-03-16T00:00:00Z,53.9700
2005-03-16,2005-03-17T00:00:00Z,54.6100
2005-03-17,2005-03-18T00:00:00Z,56.0300
2005-03-18,2005-03-19T00:00:00Z,55.9700
2005-03-21,2005-03-22T00:00:00Z,55.7900
2005-03-22,2005-03-23T00:00:00Z,55.3900
2005-03-23,2005-03-24T00:00:00Z,51.5200
2005-03-24,2005-03-25T00:00:00Z,52.3500
2005-03-28,2005-03-29T00:00:00Z,51.7500
2005-03-29,2005-03-30T00:00:00Z,51.4200
2005-03-30,2005-03-31T00:00:00Z,50.6300
2005-03-31,2005-04-01T00:00:00Z,53.2200
2005-04-01,2005-04-02T00:00:00Z,54.1400
2005-04-04,2005-04-05T00:00:00Z,55.9200
2005-04-05,2005-04-06T00:00:00Z,54.5300
2005-04-06,2005-04-07T00:00:00Z,54.0800
2005-04-07,2005-04-08T00:00:00Z,52.5700
2005-04-08,2005-04-09T00:00:00Z,51.8300
2005-04-11,2005-04-12T00:00:00Z,51.2100
2005-04-12,2005-04-13T00:00:00Z,51.5300
2005-04-13,2005-04-14T00:00:00Z,49.6700
2005-04-14,2005-04-15T00:00:00Z,50.2100
2005-04-15,2005-04-16T00:00:00Z,49.5200
2005-04-18,2005-04-19T00:00:00Z,48.5800
2005-04-19,2005-04-20T00:00:00Z,50.7900
2005-04-20,2005-04-21T00:00:00Z,51.5300
2005-04-21,2005-04-22T00:00:00Z,51.7300
2005-04-22,2005-04-23T00:00:00Z,53.5100
2005-04-25,2005-04-26T00:00:00Z,53.1000
2005-04-26,2005-04-27T00:00:00Z,52.4700
2005-04-27,2005-04-28T00:00:00Z,51.2900
2005-04-28,2005-04-29T00:00:00Z,50.7400
2005-04-29,2005-04-30T00:00:00Z,50.6100
2005-05-02,2005-05-03T00:00:00Z,50.8900
2005-05-03,2005-05-04T00:00:00Z,49.4800
2005-05-04,2005-05-05T00:00:00Z,50.3600
2005-05-05,2005-05-06T00:00:00Z,49.8100
2005-05-06,2005-05-07T00:00:00Z,49.7000
2005-05-09,2005-05-10T00:00:00Z,49.7100
2005-05-10,2005-05-11T00:00:00Z,50.6100
2005-05-11,2005-05-12T00:00:00Z,48.9100
2005-05-12,2005-05-13T00:00:00Z,47.4000
2005-05-13,2005-05-14T00:00:00Z,46.8500
2005-05-16,2005-05-17T00:00:00Z,46.4200
2005-05-17,2005-05-18T00:00:00Z,47.3100
2005-05-18,2005-05-19T00:00:00Z,47.3500
2005-05-19,2005-05-20T00:00:00Z,46.9200
2005-05-20,2005-05-21T00:00:00Z,46.9100
2005-05-23,2005-05-24T00:00:00Z,47.2800
2005-05-24,2005-05-25T00:00:00Z,47.2900
2005-05-25,2005-05-26T00:00:00Z,49.2400
2005-05-26,2005-05-27T00:00:00Z,49.7100
2005-05-27,2005-05-28T00:00:00Z,49.4200
2005-05-30,2005-05-31T00:00:00Z,49.3300
2005-05-31,2005-06-01T00:00:00Z,49.3000
2005-06-01,2005-06-02T00:00:00Z,50.4600
2005-06-02,2005-06-03T00:00:00Z,51.3000
2005-06-03,2005-06-04T00:00:00Z,51.9000
2005-06-06,2005-06-07T00:00:00Z,52.6100
2005-06-07,2005-06-08T00:00:00Z,51.6200
2005-06-08,2005-06-09T00:00:00Z,51.9200
2005-06-09,2005-06-10T00:00:00Z,51.3600
2005-06-10,2005-06-11T00:00:00Z,51.9800
2005-06-13,2005-06-14T00:00:00Z,52.0000
2005-06-14,2005-06-15T00:00:00Z,53.5200
2005-06-15,2005-06-16T00:00:00Z,54.1200
2005-06-16,2005-06-17T00:00:00Z,54.3000
2005-06-17,2005-06-18T00:00:00Z,56.9200
2005-06-20,2005-06-21T00:00:00Z,57.1000
2005-06-21,2005-06-22T00:00:00Z,57.3600
2005-06-22,2005-06-23T00:00:00Z,56.0600
2005-06-23,2005-06-24T00:00:00Z,57.0300
2005-06-24,2005-06-25T00:00:00Z,57.2100
2005-06-27,2005-06-28T00:00:00Z,58.5000
2005-06-28,2005-06-29T00:00:00Z,57.7500
2005-06-29,2005-06-30T00:00:00Z,55.4200
2005-06-30,2005-07-01T00:00:00Z,55.3600
2005-07-01,2005-07-02T00:00:00Z,56.4100
2005-07-04,2005-07-05T00:00:00Z,57.1300
2005-07-05,2005-07-06T00:00:00Z,57.8600
2005-07-06,2005-07-07T00:00:00Z,58.3800
2005-07-07,2005-07-08T00:00:00Z,57.5500
2005-07-08,2005-07-09T00:00:00Z,59.0000
2005-07-11,2005-07-12T00:00:00Z,56.1000
2005-07-12,2005-07-13T00:00:00Z,58.9500
2005-07-13,2005-07-14T00:00:00Z,58.3300
2005-07-14,2005-07-15T00:00:00Z,56.7900
2005-07-15,2005-07-16T00:00:00Z,56.9800
2005-07-18,2005-07-19T00:00:00Z,56.2500
2005-07-19,2005-07-20T00:00:00Z,56.7500
2005-07-20,2005-07-21T00:00:00Z,56.3900
2005-07-21,2005-07-22T00:00:00Z,55.5900
2005-07-22,2005-07-23T00:00:00Z,56.9800
2005-07-25,2005-07-26T00:00:00Z,57.5100
2005-07-26,2005-07-27T00:00:00Z,58.5800
2005-07-27,2005-07-28T00:00:00Z,58.3400
2005-07-28,2005-07-29T00:00:00Z,58.2800
2005-07-29,2005-07-30T00:00:00Z,59.7700
2005-08-01,2005-08-02T00:00:00Z,60.5600
2005-08-02,2005-08-03T00:00:00Z,60.1300
2005-08-03,2005-08-04T00:00:00Z,60.0400
2005-08-04,2005-08-05T00:00:00Z,60.6200
2005-08-05,2005-08-06T00:00:00Z,60.7300
2005-08-08,2005-08-09T00:00:00Z,62.5600
2005-08-09,2005-08-10T00:00:00Z,62.7900
2005-08-10,2005-08-11T00:00:00Z,63.7700
2005-08-11,2005-08-12T00:00:00Z,65.9000
2005-08-12,2005-08-13T00:00:00Z,67.2600
2005-08-15,2005-08-16T00:00:00Z,66.6800
2005-08-16,2005-08-17T00:00:00Z,65.1000
2005-08-17,2005-08-18T00:00:00Z,63.4100
2005-08-18,2005-08-19T00:00:00Z,61.7500
2005-08-19,2005-08-20T00:00:00Z,64.2100
2005-08-22,2005-08-23T00:00:00Z,65.8700
2005-08-23,2005-08-24T00:00:00Z,65.1600
2005-08-24,2005-08-25T00:00:00Z,65.2500
2005-08-25,2005-08-26T00:00:00Z,65.8800
2005-08-26,2005-08-27T00:00:00Z,66.2300
2005-08-29,2005-08-30T00:00:00Z,64.7700
2005-08-30,2005-08-31T00:00:00Z,66.1500
2005-08-31,2005-09-01T00:00:00Z,66.8000
2005-09-01,2005-09-02T00:00:00Z,66.7900
2005-09-02,2005-09-03T00:00:00Z,65.9500
2005-09-05,2005-09-06T00:00:00Z,64.1600
2005-09-06,2005-09-07T00:00:00Z,64.1600
2005-09-07,2005-09-08T00:00:00Z,63.6000
2005-09-08,2005-09-09T00:00:00Z,61.6600
2005-09-09,2005-09-10T00:00:00Z,62.6200
2005-09-12,2005-09-13T00:00:00Z,60.6900
2005-09-13,2005-09-14T00:00:00Z,61.3100
2005-09-14,2005-09-15T00:00:00Z,61.7000
2005-09-15,2005-09-16T00:00:00Z,61.9000
2005-09-16,2005-09-17T00:00:00Z,60.4800
2005-09-19,2005-09-20T00:00:00Z,64.0400
2005-09-20,2005-09-21T00:00:00Z,62.9800
2005-09-21,2005-09-22T00:00:00Z,64.3100
2005-09-22,2005-09-23T00:00:00Z,64.6400
2005-09-23,2005-09-24T00:00:00Z,62.1700
2005-09-26,2005-09-27T00:00:00Z,61.7300
2005-09-27,2005-09-28T00:00:00Z,62.5600
2005-09-28,2005-09-29T00:00:00Z,62.8100
2005-09-29,2005-09-30T00:00:00Z,62.0200
2005-09-30,2005-10-01T00:00:00Z,61.7000
2005-10-03,2005-10-04T00:00:00Z,61.6400
2005-10-04,2005-10-05T00:00:00Z,59.1700
2005-10-05,2005-10-06T00:00:00Z,59.3300
2005-10-06,2005-10-07T00:00:00Z,57.2000
2005-10-07,2005-10-08T00:00:00Z,57.2900
2005-10-10,2005-10-11T00:00:00Z,57.0100
2005-10-11,2005-10-12T00:00:00Z,58.1000
2005-10-12,2005-10-13T00:00:00Z,59.9100
2005-10-13,2005-10-14T00:00:00Z,59.4800
2005-10-14,2005-10-15T00:00:00Z,58.4500
2005-10-17,2005-10-18T00:00:00Z,59.8100
2005-10-18,2005-10-19T00:00:00Z,58.8500
2005-10-19,2005-10-20T00:00:00Z,58.1300
2005-10-20,2005-10-21T00:00:00Z,57.0400
2005-10-21,2005-10-22T00:00:00Z,56.9400
2005-10-24,2005-10-25T00:00:00Z,57.6400
2005-10-25,2005-10-26T00:00:00Z,58.7200
2005-10-26,2005-10-27T00:00:00Z,58.5600
2005-10-27,2005-10-28T00:00:00Z,58.1000
2005-10-28,2005-10-29T00:00:00Z,59.4700
2005-10-31,2005-11-01T00:00:00Z,58.4700
2005-11-01,2005-11-02T00:00:00Z,56.6900
2005-11-02,2005-11-03T00:00:00Z,58.5300
2005-11-03,2005-11-04T00:00:00Z,59.5500
2005-11-04,2005-11-05T00:00:00Z,60.4800
2005-11-07,2005-11-08T00:00:00Z,58.1900
2005-11-08,2005-11-09T00:00:00Z,57.8900
2005-11-09,2005-11-10T00:00:00Z,57.7100
2005-11-10,2005-11-11T00:00:00Z,55.8500
2005-11-11,2005-11-12T00:00:00Z,54.3000
2005-11-14,2005-11-15T00:00:00Z,54.1000
2005-11-15,2005-11-16T00:00:00Z,54.4500
2005-11-16,2005-11-17T00:00:00Z,53.6800
2005-11-17,2005-11-18T00:00:00Z,53.8000
2005-11-18,2005-11-19T00:00:00Z,52.8400
2005-11-21,2005-11-22T00:00:00Z,53.3600
2005-11-22,2005-11-23T00:00:00Z,54.2100
2005-11-23,2005-11-24T00:00:00Z,53.7300
2005-11-24,2005-11-25T00:00:00Z,53.4100
2005-11-25,2005-11-26T00:00:00Z,53.1500
2005-11-28,2005-11-29T00:00:00Z,52.9100
2005-11-29,2005-11-30T00:00:00Z,53.2400
2005-11-30,2005-12-01T00:00:00Z,53.2500
2005-12-01,2005-12-02T00:00:00Z,53.6500
2005-12-02,2005-12-03T00:00:00Z,54.9100
2005-12-05,2005-12-06T00:00:00Z,56.0500
2005-12-06,2005-12-07T00:00:00Z,55.6800
2005-12-07,2005-12-08T00:00:00Z,55.1700
2005-12-08,2005-12-09T00:00:00Z,56.2600
2005-12-09,2005-12-10T00:00:00Z,57.1800
2005-12-12,2005-12-13T00:00:00Z,57.2300
2005-12-13,2005-12-14T00:00:00Z,59.1600
2005-12-14,2005-12-15T00:00:00Z,59.5900
2005-12-15,2005-12-16T00:00:00Z,59.6700
2005-12-16,2005-12-17T00:00:00Z,58.1100
2005-12-19,2005-12-20T00:00:00Z,56.0900
2005-12-20,2005-12-21T00:00:00Z,56.0800
2005-12-21,2005-12-22T00:00:00Z,56.0500
2005-12-22,2005-12-23T00:00:00Z,57.3000
2005-12-23,2005-12-24T00:00:00Z,56.2800
2005-12-26,2005-12-27T00:00:00Z,56.5400
2005-12-28,2005-12-29T00:00:00Z,56.9100
2005-12-29,2005-12-30T00:00:00Z,57.7200
2005-12-30,2005-12-31T00:00:00Z,58.3400
2006-01-03,2006-01-04T00:00:00Z,61.5100
2006-01-04,2006-01-05T00:00:00Z,61.2500
2006-01-05,2006-01-06T00:00:00Z,61.6800
2006-01-06,2006-01-07T00:00:00Z,62.4300
2006-01-09,2006-01-10T00:00:00Z,62.5100
2006-01-10,2006-01-11T00:00:00Z,62.3200
2006-01-11,2006-01-12T00:00:00Z,61.5400
2006-01-12,2006-01-13T00:00:00Z,62.9500
2006-01-13,2006-01-14T00:00:00Z,61.5800
2006-01-16,2006-01-17T00:00:00Z,62.3400
2006-01-17,2006-01-18T00:00:00Z,63.2200
2006-01-18,2006-01-19T00:00:00Z,63.6000
2006-01-19,2006-01-20T00:00:00Z,63.6400
2006-01-20,2006-01-21T00:00:00Z,64.9200
2006-01-23,2006-01-24T00:00:00Z,64.5600
2006-01-24,2006-01-25T00:00:00Z,63.8200
2006-01-25,2006-01-26T00:00:00Z,62.6100
2006-01-26,2006-01-27T00:00:00Z,62.9300
2006-01-27,2006-01-28T00:00:00Z,64.9500
2006-01-30,2006-01-31T00:00:00Z,65.1400
2006-01-31,2006-02-01T00:00:00Z,63.1900
2006-02-01,2006-02-02T00:00:00Z,65.6400
2006-02-02,2006-02-03T00:00:00Z,63.4900
2006-02-03,2006-02-04T00:00:00Z,62.5400
2006-02-06,2006-02-07T00:00:00Z,63.3200
2006-02-07,2006-02-08T00:00:00Z,61.6400
2006-02-08,2006-02-09T00:00:00Z,60.8200
2006-02-09,2006-02-10T00:00:00Z,60.7000
2006-02-10,2006-02-11T00:00:00Z,59.6600
2006-02-13,2006-02-14T00:00:00Z,59.1600
2006-02-14,2006-02-15T00:00:00Z,58.2700
2006-02-15,2006-02-16T00:00:00Z,57.6700
2006-02-16,2006-02-17T00:00:00Z,56.7800
2006-02-17,2006-02-18T00:00:00Z,58.3400
2006-02-20,2006-02-21T00:00:00Z,60.0500
2006-02-21,2006-02-22T00:00:00Z,59.3500
2006-02-22,2006-02-23T00:00:00Z,58.7100
2006-02-23,2006-02-24T00:00:00Z,58.7100
2006-02-24,2006-02-25T00:00:00Z,60.1300
2006-02-27,2006-02-28T00:00:00Z,59.4400
2006-02-28,2006-03-01T00:00:00Z,59.7800
2006-03-01,2006-03-02T00:00:00Z,61.1200
2006-03-02,2006-03-03T00:00:00Z,62.2700
2006-03-03,2006-03-04T00:00:00Z,62.6900
2006-03-06,2006-03-07T00:00:00Z,61.4100
2006-03-07,2006-03-08T00:00:00Z,59.7900
2006-03-08,2006-03-09T00:00:00Z,58.4200
2006-03-09,2006-03-10T00:00:00Z,58.8200
2006-03-10,2006-03-11T00:00:00Z,59.0400
2006-03-13,2006-03-14T00:00:00Z,60.9900
2006-03-14,2006-03-15T00:00:00Z,62.3900
2006-03-15,2006-03-16T00:00:00Z,63.1200
2006-03-16,2006-03-17T00:00:00Z,62.0700
2006-03-17,2006-03-18T00:00:00Z,63.5400
2006-03-20,2006-03-21T00:00:00Z,62.3000
2006-03-21,2006-03-22T00:00:00Z,59.9600
2006-03-22,2006-03-23T00:00:00Z,61.2300
2006-03-23,2006-03-24T00:00:00Z,61.7600
2006-03-24,2006-03-25T00:00:00Z,62.7800
2006-03-27,2006-03-28T00:00:00Z,62.5900
2006-03-28,2006-03-29T00:00:00Z,64.3100
2006-03-29,2006-03-30T00:00:00Z,64.8800
2006-03-30,2006-03-31T00:00:00Z,65.9500
2006-03-31,2006-04-01T00:00:00Z,66.0600
2006-04-03,2006-04-04T00:00:00Z,67.2800
2006-04-04,2006-04-05T00:00:00Z,65.9300
2006-04-05,2006-04-06T00:00:00Z,66.7400
2006-04-06,2006-04-07T00:00:00Z,67.5800
2006-04-07,2006-04-08T00:00:00Z,67.1100
2006-04-10,2006-04-11T00:00:00Z,68.2000
2006-04-11,2006-04-12T00:00:00Z,68.5200
2006-04-12,2006-04-13T00:00:00Z,69.5400
2006-04-13,2006-04-14T00:00:00Z,69.3900
2006-04-18,2006-04-19T00:00:00Z,70.9700
2006-04-19,2006-04-20T00:00:00Z,72.6900
2006-04-20,2006-04-21T00:00:00Z,72.5700
2006-04-21,2006-04-22T00:00:00Z,73.9400
2006-04-24,2006-04-25T00:00:00Z,73.9600
2006-04-25,2006-04-26T00:00:00Z,72.8600
2006-04-26,2006-04-27T00:00:00Z,73.4600
2006-04-27,2006-04-28T00:00:00Z,71.7900
2006-04-28,2006-04-29T00:00:00Z,72.1500
2006-05-01,2006-05-02T00:00:00Z,73.3700
2006-05-02,2006-05-03T00:00:00Z,74.4500
2006-05-03,2006-05-04T00:00:00Z,73.7300
2006-05-04,2006-05-05T00:00:00Z,71.8400
2006-05-05,2006-05-06T00:00:00Z,71.2200
2006-05-08,2006-05-09T00:00:00Z,68.2600
2006-05-09,2006-05-10T00:00:00Z,70.6000
2006-05-10,2006-05-11T00:00:00Z,69.8300
2006-05-11,2006-05-12T00:00:00Z,72.2000
2006-05-12,2006-05-13T00:00:00Z,71.3000
2006-05-15,2006-05-16T00:00:00Z,68.6900
2006-05-16,2006-05-17T00:00:00Z,68.6600
2006-05-17,2006-05-18T00:00:00Z,67.5200
2006-05-18,2006-05-19T00:00:00Z,67.3900
2006-05-19,2006-05-20T00:00:00Z,66.9300
2006-05-22,2006-05-23T00:00:00Z,66.5200
2006-05-23,2006-05-24T00:00:00Z,68.9700
2006-05-24,2006-05-25T00:00:00Z,68.4500
2006-05-25,2006-05-26T00:00:00Z,68.5100
2006-05-26,2006-05-27T00:00:00Z,69.8800
2006-05-29,2006-05-30T00:00:00Z,69.1600
2006-05-30,2006-05-31T00:00:00Z,69.8200
2006-05-31,2006-06-01T00:00:00Z,67.5700
2006-06-01,2006-06-02T00:00:00Z,68.7700
2006-06-02,2006-06-03T00:00:00Z,68.4200
2006-06-05,2006-06-06T00:00:00Z,69.1300
2006-06-06,2006-06-07T00:00:00Z,68.2500
2006-06-07,2006-06-08T00:00:00Z,67.1700
2006-06-08,2006-06-09T00:00:00Z,65.7600
2006-06-09,2006-06-10T00:00:00Z,69.1300
2006-06-12,2006-06-13T00:00:00Z,68.6200
2006-06-13,2006-06-14T00:00:00Z,65.6700
2006-06-14,2006-06-15T00:00:00Z,65.5200
2006-06-15,2006-06-16T00:00:00Z,66.0400
2006-06-16,2006-06-17T00:00:00Z,65.0100
2006-06-19,2006-06-20T00:00:00Z,66.4000
2006-06-20,2006-06-21T00:00:00Z,67.5700
2006-06-21,2006-06-22T00:00:00Z,68.1700
2006-06-22,2006-06-23T00:00:00Z,69.6000
2006-06-23,2006-06-24T00:00:00Z,69.9100
2006-06-26,2006-06-27T00:00:00Z,69.8500
2006-06-27,2006-06-28T00:00:00Z,71.2600
2006-06-28,2006-06-29T00:00:00Z,71.7600
2006-06-29,2006-06-30T00:00:00Z,73.0200
2006-06-30,2006-07-01T00:00:00Z,73.2000
2006-07-03,2006-07-04T00:00:00Z,73.9400
2006-07-04,2006-07-05T00:00:00Z,73.1700
2006-07-05,2006-07-06T00:00:00Z,72.8800
2006-07-06,2006-07-07T00:00:00Z,73.1200
2006-07-07,2006-07-08T00:00:00Z,74.1400
2006-07-10,2006-07-11T00:00:00Z,72.3900
2006-07-11,2006-07-12T00:00:00Z,73.1400
2006-07-12,2006-07-13T00:00:00Z,73.0400
2006-07-13,2006-07-14T00:00:00Z,75.2300
2006-07-14,2006-07-15T00:00:00Z,76.1300
2006-07-17,2006-07-18T00:00:00Z,75.1200
2006-07-18,2006-07-19T00:00:00Z,75.3200
2006-07-19,2006-07-20T00:00:00Z,71.6200
2006-07-20,2006-07-21T00:00:00Z,72.5600
2006-07-21,2006-07-22T00:00:00Z,72.9600
2006-07-24,2006-07-25T00:00:00Z,72.0900
2006-07-25,2006-07-26T00:00:00Z,72.4900
2006-07-26,2006-07-27T00:00:00Z,73.7600
2006-07-27,2006-07-28T00:00:00Z,75.3600
2006-07-28,2006-07-29T00:00:00Z,73.9500
2006-07-31,2006-08-01T00:00:00Z,74.7500
2006-08-01,2006-08-02T00:00:00Z,76.3900
2006-08-02,2006-08-03T00:00:00Z,77.6300
2006-08-03,2006-08-04T00:00:00Z,76.2800
2006-08-04,2006-08-05T00:00:00Z,76.5300
2006-08-07,2006-08-08T00:00:00Z,77.8200
2006-08-08,2006-08-09T00:00:00Z,77.9300
2006-08-09,2006-08-10T00:00:00Z,78.2600
2006-08-10,2006-08-11T00:00:00Z,75.6900
2006-08-11,2006-08-12T00:00:00Z,75.1900
2006-08-14,2006-08-15T00:00:00Z,73.7800
2006-08-15,2006-08-16T00:00:00Z,73.5700
2006-08-16,2006-08-17T00:00:00Z,72.6700
2006-08-17,2006-08-18T00:00:00Z,70.4200
2006-08-18,2006-08-19T00:00:00Z,71.3000
2006-08-21,2006-08-22T00:00:00Z,72.4200
2006-08-22,2006-08-23T00:00:00Z,72.0600
2006-08-23,2006-08-24T00:00:00Z,71.1200
2006-08-24,2006-08-25T00:00:00Z,71.4000
2006-08-25,2006-08-26T00:00:00Z,72.5800
2006-08-28,2006-08-29T00:00:00Z,69.4400
2006-08-29,2006-08-30T00:00:00Z,67.0100
2006-08-30,2006-08-31T00:00:00Z,67.1500
2006-08-31,2006-09-01T00:00:00Z,67.6600
2006-09-01,2006-09-02T00:00:00Z,70.4900
2006-09-04,2006-09-05T00:00:00Z,68.6200
2006-09-05,2006-09-06T00:00:00Z,65.9400
2006-09-06,2006-09-07T00:00:00Z,65.4100
2006-09-07,2006-09-08T00:00:00Z,64.5200
2006-09-08,2006-09-09T00:00:00Z,64.3000
2006-09-11,2006-09-12T00:00:00Z,62.4100
2006-09-12,2006-09-13T00:00:00Z,62.2300
2006-09-13,2006-09-14T00:00:00Z,61.2800
2006-09-14,2006-09-15T00:00:00Z,60.7500
2006-09-15,2006-09-16T00:00:00Z,60.2300
2006-09-18,2006-09-19T00:00:00Z,61.4700
2006-09-19,2006-09-20T00:00:00Z,62.5200
2006-09-20,2006-09-21T00:00:00Z,59.0900
2006-09-21,2006-09-22T00:00:00Z,59.2700
2006-09-22,2006-09-23T00:00:00Z,58.8100
2006-09-25,2006-09-26T00:00:00Z,57.8900
2006-09-26,2006-09-27T00:00:00Z,58.5300
2006-09-27,2006-09-28T00:00:00Z,57.6000
2006-09-28,2006-09-29T00:00:00Z,60.6800
2006-09-29,2006-09-30T00:00:00Z,59.0900
2006-10-02,2006-10-03T00:00:00Z,58.8000
2006-10-03,2006-10-04T00:00:00Z,56.2800
2006-10-04,2006-10-05T00:00:00Z,55.8200
2006-10-05,2006-10-06T00:00:00Z,57.9300
2006-10-06,2006-10-07T00:00:00Z,56.9000
2006-10-09,2006-10-10T00:00:00Z,59.2500
2006-10-10,2006-10-11T00:00:00Z,57.8000
2006-10-11,2006-10-12T00:00:00Z,57.7500
2006-10-12,2006-10-13T00:00:00Z,57.8700
2006-10-13,2006-10-14T00:00:00Z,58.9700
2006-10-16,2006-10-17T00:00:00Z,58.2200
2006-10-17,2006-10-18T00:00:00Z,60.1300
2006-10-18,2006-10-19T00:00:00Z,58.5100
2006-10-19,2006-10-20T00:00:00Z,57.7400
2006-10-20,2006-10-21T00:00:00Z,57.9400
2006-10-23,2006-10-24T00:00:00Z,56.5600
2006-10-24,2006-10-25T00:00:00Z,56.5600
2006-10-25,2006-10-26T00:00:00Z,58.7900
2006-10-26,2006-10-27T00:00:00Z,58.7600
2006-10-27,2006-10-28T00:00:00Z,57.9900
2006-10-30,2006-10-31T00:00:00Z,57.0800
2006-10-31,2006-11-01T00:00:00Z,56.1300
2006-11-01,2006-11-02T00:00:00Z,56.3700
2006-11-02,2006-11-03T00:00:00Z,56.2600
2006-11-03,2006-11-04T00:00:00Z,56.5500
2006-11-06,2006-11-07T00:00:00Z,57.0200
2006-11-07,2006-11-08T00:00:00Z,56.9900
2006-11-08,2006-11-09T00:00:00Z,57.1800
2006-11-09,2006-11-10T00:00:00Z,59.7200
2006-11-10,2006-11-11T00:00:00Z,59.1800
2006-11-13,2006-11-14T00:00:00Z,56.8800
2006-11-14,2006-11-15T00:00:00Z,57.9000
2006-11-15,2006-11-16T00:00:00Z,57.9700
2006-11-16,2006-11-17T00:00:00Z,59.5000
2006-11-17,2006-11-18T00:00:00Z,57.0100
2006-11-20,2006-11-21T00:00:00Z,57.3800
2006-11-21,2006-11-22T00:00:00Z,59.5300
2006-11-22,2006-11-23T00:00:00Z,58.6600
2006-11-23,2006-11-24T00:00:00Z,59.7000
2006-11-24,2006-11-25T00:00:00Z,60.7200
2006-11-27,2006-11-28T00:00:00Z,60.5200
2006-11-28,2006-11-29T00:00:00Z,61.2200
2006-11-29,2006-11-30T00:00:00Z,62.1300
2006-11-30,2006-12-01T00:00:00Z,64.3600
2006-12-01,2006-12-02T00:00:00Z,64.7400
2006-12-04,2006-12-05T00:00:00Z,63.9700
2006-12-05,2006-12-06T00:00:00Z,63.6500
2006-12-06,2006-12-07T00:00:00Z,63.7000
2006-12-07,2006-12-08T00:00:00Z,63.1700
2006-12-08,2006-12-09T00:00:00Z,63.6700
2006-12-11,2006-12-12T00:00:00Z,62.5900
2006-12-12,2006-12-13T00:00:00Z,62.5800
2006-12-13,2006-12-14T00:00:00Z,61.8900
2006-12-14,2006-12-15T00:00:00Z,62.8500
2006-12-15,2006-12-16T00:00:00Z,62.9100
2006-12-18,2006-12-19T00:00:00Z,62.8100
2006-12-19,2006-12-20T00:00:00Z,62.1900
2006-12-20,2006-12-21T00:00:00Z,63.1300
2006-12-21,2006-12-22T00:00:00Z,62.1300
2006-12-22,2006-12-23T00:00:00Z,61.9200
2006-12-27,2006-12-28T00:00:00Z,60.7000
2006-12-28,2006-12-29T00:00:00Z,59.4100
2006-12-29,2006-12-30T00:00:00Z,58.9600
2007-01-02,2007-01-03T00:00:00Z,58.4900
2007-01-03,2007-01-04T00:00:00Z,56.6300
2007-01-04,2007-01-05T00:00:00Z,54.5800
2007-01-05,2007-01-06T00:00:00Z,52.8200
2007-01-08,2007-01-09T00:00:00Z,52.8200
2007-01-09,2007-01-10T00:00:00Z,52.3800
2007-01-10,2007-01-11T00:00:00Z,52.1100
2007-01-11,2007-01-12T00:00:00Z,51.6800
2007-01-12,2007-01-13T00:00:00Z,49.9500
2007-01-16,2007-01-17T00:00:00Z,51.2800
2007-01-17,2007-01-18T00:00:00Z,51.1900
2007-01-18,2007-01-19T00:00:00Z,50.8300
2007-01-19,2007-01-20T00:00:00Z,52.2900
2007-01-22,2007-01-23T00:00:00Z,54.3400
2007-01-23,2007-01-24T00:00:00Z,53.9300
2007-01-24,2007-01-25T00:00:00Z,55.1100
2007-01-25,2007-01-26T00:00:00Z,55.6700
2007-01-26,2007-01-27T00:00:00Z,55.2900
2007-01-29,2007-01-30T00:00:00Z,54.7100
2007-01-30,2007-01-31T00:00:00Z,54.6900
2007-01-31,2007-02-01T00:00:00Z,56.5200
2007-02-01,2007-02-02T00:00:00Z,56.7400
2007-02-02,2007-02-03T00:00:00Z,56.9300
2007-02-05,2007-02-06T00:00:00Z,58.6700
2007-02-06,2007-02-07T00:00:00Z,58.0400
2007-02-07,2007-02-08T00:00:00Z,58.3500
2007-02-08,2007-02-09T00:00:00Z,57.2400
2007-02-09,2007-02-10T00:00:00Z,57.2100
2007-02-12,2007-02-13T00:00:00Z,55.5200
2007-02-13,2007-02-14T00:00:00Z,56.1200
2007-02-14,2007-02-15T00:00:00Z,55.0500
2007-02-15,2007-02-16T00:00:00Z,54.2500
2007-02-16,2007-02-17T00:00:00Z,56.7800
2007-02-20,2007-02-21T00:00:00Z,55.9100
2007-02-21,2007-02-22T00:00:00Z,57.7400
2007-02-22,2007-02-23T00:00:00Z,58.6200
2007-02-23,2007-02-24T00:00:00Z,60.3800
2007-02-26,2007-02-27T00:00:00Z,60.3400
2007-02-27,2007-02-28T00:00:00Z,60.2800
2007-02-28,2007-03-01T00:00:00Z,59.3900
2007-03-01,2007-03-02T00:00:00Z,61.1800
2007-03-02,2007-03-03T00:00:00Z,61.9200
2007-03-05,2007-03-06T00:00:00Z,59.7800
2007-03-06,2007-03-07T00:00:00Z,59.6800
2007-03-07,2007-03-08T00:00:00Z,61.1300
2007-03-08,2007-03-09T00:00:00Z,60.9000
2007-03-09,2007-03-10T00:00:00Z,60.2500
2007-03-12,2007-03-13T00:00:00Z,60.5900
2007-03-13,2007-03-14T00:00:00Z,61.5200
2007-03-14,2007-03-15T00:00:00Z,60.8900
2007-03-15,2007-03-16T00:00:00Z,60.4000
2007-03-16,2007-03-17T00:00:00Z,60.9300
2007-03-19,2007-03-20T00:00:00Z,60.4900
2007-03-20,2007-03-21T00:00:00Z,60.1100
2007-03-21,2007-03-22T00:00:00Z,60.1800
2007-03-22,2007-03-23T00:00:00Z,61.5700
2007-03-23,2007-03-24T00:00:00Z,63.1000
2007-03-26,2007-03-27T00:00:00Z,64.4300
2007-03-27,2007-03-28T00:00:00Z,64.2500
2007-03-28,2007-03-29T00:00:00Z,66.1500
2007-03-29,2007-03-30T00:00:00Z,67.1900
2007-03-30,2007-03-31T00:00:00Z,68.4700
2007-04-02,2007-04-03T00:00:00Z,68.9400
2007-04-03,2007-04-04T00:00:00Z,68.0000
2007-04-04,2007-04-05T00:00:00Z,68.0900
2007-04-05,2007-04-06T00:00:00Z,69.1500
2007-04-10,2007-04-11T00:00:00Z,67.6400
2007-04-11,2007-04-12T00:00:00Z,68.6000
2007-04-12,2007-04-13T00:00:00Z,67.7900
2007-04-13,2007-04-14T00:00:00Z,68.7800
2007-04-16,2007-04-17T00:00:00Z,67.1000
2007-04-17,2007-04-18T00:00:00Z,66.3400
2007-04-18,2007-04-19T00:00:00Z,65.0900
2007-04-19,2007-04-20T00:00:00Z,66.1700
2007-04-20,2007-04-21T00:00:00Z,66.3400
2007-04-23,2007-04-24T00:00:00Z,66.8000
2007-04-24,2007-04-25T00:00:00Z,67.9400
2007-04-25,2007-04-26T00:00:00Z,67.4400
2007-04-26,2007-04-27T00:00:00Z,67.5100
2007-04-27,2007-04-28T00:00:00Z,67.2800
2007-04-30,2007-05-01T00:00:00Z,67.2300
2007-05-01,2007-05-02T00:00:00Z,67.4000
2007-05-02,2007-05-03T00:00:00Z,65.5700
2007-05-03,2007-05-04T00:00:00Z,64.8500
2007-05-04,2007-05-05T00:00:00Z,65.1400
2007-05-07,2007-05-08T00:00:00Z,62.7000
2007-05-08,2007-05-09T00:00:00Z,63.5500
2007-05-09,2007-05-10T00:00:00Z,63.5000
2007-05-10,2007-05-11T00:00:00Z,64.6300
2007-05-11,2007-05-12T00:00:00Z,65.1800
2007-05-14,2007-05-15T00:00:00Z,65.8600
2007-05-15,2007-05-16T00:00:00Z,66.7400
2007-05-16,2007-05-17T00:00:00Z,66.8300
2007-05-17,2007-05-18T00:00:00Z,69.0800
2007-05-18,2007-05-19T00:00:00Z,69.2600
2007-05-21,2007-05-22T00:00:00Z,69.5100
2007-05-22,2007-05-23T00:00:00Z,70.0500
2007-05-23,2007-05-24T00:00:00Z,71.0100
2007-05-24,2007-05-25T00:00:00Z,71.9600
2007-05-25,2007-05-26T00:00:00Z,70.7200
2007-05-29,2007-05-30T00:00:00Z,69.3100
2007-05-30,2007-05-31T00:00:00Z,67.6400
2007-05-31,2007-06-01T00:00:00Z,68.1800
2007-06-01,2007-06-02T00:00:00Z,68.6500
2007-06-04,2007-06-05T00:00:00Z,70.9000
2007-06-05,2007-06-06T00:00:00Z,71.3600
2007-06-06,2007-06-07T00:00:00Z,71.5000
2007-06-07,2007-06-08T00:00:00Z,72.3600
2007-06-08,2007-06-09T00:00:00Z,70.0400
2007-06-11,2007-06-12T00:00:00Z,68.8500
2007-06-12,2007-06-13T00:00:00Z,68.5600
2007-06-13,2007-06-14T00:00:00Z,69.2400
2007-06-14,2007-06-15T00:00:00Z,71.1800
2007-06-15,2007-06-16T00:00:00Z,71.6300
2007-06-18,2007-06-19T00:00:00Z,72.3300
2007-06-19,2007-06-20T00:00:00Z,72.1700
2007-06-20,2007-06-21T00:00:00Z,70.5500
2007-06-21,2007-06-22T00:00:00Z,71.8100
2007-06-22,2007-06-23T00:00:00Z,72.0400
2007-06-25,2007-06-26T00:00:00Z,71.3600
2007-06-26,2007-06-27T00:00:00Z,71.4100
2007-06-27,2007-06-28T00:00:00Z,71.8400
2007-06-28,2007-06-29T00:00:00Z,71.9600
2007-06-29,2007-06-30T00:00:00Z,72.2200
2007-07-02,2007-07-03T00:00:00Z,72.9000
2007-07-03,2007-07-04T00:00:00Z,74.2600
2007-07-05,2007-07-06T00:00:00Z,75.4000
2007-07-06,2007-07-07T00:00:00Z,76.5800
2007-07-09,2007-07-10T00:00:00Z,77.1000
2007-07-10,2007-07-11T00:00:00Z,77.8800
2007-07-11,2007-07-12T00:00:00Z,77.4400
2007-07-12,2007-07-13T00:00:00Z,78.2400
2007-07-13,2007-07-14T00:00:00Z,78.1200
2007-07-16,2007-07-17T00:00:00Z,78.1700
2007-07-17,2007-07-18T00:00:00Z,77.5900
2007-07-18,2007-07-19T00:00:00Z,78.0000
2007-07-19,2007-07-20T00:00:00Z,78.3700
2007-07-20,2007-07-21T00:00:00Z,79.0900
2007-07-23,2007-07-24T00:00:00Z,78.3600
2007-07-24,2007-07-25T00:00:00Z,75.8800
2007-07-25,2007-07-26T00:00:00Z,75.2100
2007-07-26,2007-07-27T00:00:00Z,77.2800
2007-07-27,2007-07-28T00:00:00Z,76.5800
2007-07-30,2007-07-31T00:00:00Z,76.0700
2007-07-31,2007-08-01T00:00:00Z,77.0100
2007-08-01,2007-08-02T00:00:00Z,77.1100
2007-08-02,2007-08-03T00:00:00Z,76.1400
2007-08-03,2007-08-04T00:00:00Z,75.3600
2007-08-06,2007-08-07T00:00:00Z,72.6900
2007-08-07,2007-08-08T00:00:00Z,70.4200
2007-08-08,2007-08-09T00:00:00Z,70.7300
2007-08-09,2007-08-10T00:00:00Z,70.0800
2007-08-10,2007-08-11T00:00:00Z,69.5700
2007-08-13,2007-08-14T00:00:00Z,71.3000
2007-08-14,2007-08-15T00:00:00Z,69.2900
2007-08-15,2007-08-16T00:00:00Z,71.3000
2007-08-16,2007-08-17T00:00:00Z,68.7700
2007-08-17,2007-08-18T00:00:00Z,69.8000
2007-08-20,2007-08-21T00:00:00Z,68.3700
2007-08-21,2007-08-22T00:00:00Z,67.8800
2007-08-22,2007-08-23T00:00:00Z,67.7300
2007-08-23,2007-08-24T00:00:00Z,68.7300
2007-08-24,2007-08-25T00:00:00Z,69.4900
2007-08-27,2007-08-28T00:00:00Z,68.8500
2007-08-28,2007-08-29T00:00:00Z,69.6600
2007-08-29,2007-08-30T00:00:00Z,70.4800
2007-08-30,2007-08-31T00:00:00Z,71.4600
2007-08-31,2007-09-01T00:00:00Z,72.2900
2007-09-04,2007-09-05T00:00:00Z,74.2200
2007-09-05,2007-09-06T00:00:00Z,74.7200
2007-09-06,2007-09-07T00:00:00Z,76.2100
2007-09-07,2007-09-08T00:00:00Z,75.0800
2007-09-10,2007-09-11T00:00:00Z,74.9700
2007-09-11,2007-09-12T00:00:00Z,76.2300
2007-09-12,2007-09-13T00:00:00Z,77.1500
2007-09-13,2007-09-14T00:00:00Z,77.8400
2007-09-14,2007-09-15T00:00:00Z,78.2700
2007-09-17,2007-09-18T00:00:00Z,77.9900
2007-09-18,2007-09-19T00:00:00Z,77.0000
2007-09-19,2007-09-20T00:00:00Z,78.4700
2007-09-20,2007-09-21T00:00:00Z,78.4800
2007-09-21,2007-09-22T00:00:00Z,78.9100
2007-09-24,2007-09-25T00:00:00Z,77.8700
2007-09-25,2007-09-26T00:00:00Z,76.8200
2007-09-26,2007-09-27T00:00:00Z,76.2100
2007-09-27,2007-09-28T00:00:00Z,78.8800
2007-09-28,2007-09-29T00:00:00Z,80.9700
2007-10-01,2007-10-02T00:00:00Z,78.3300
2007-10-02,2007-10-03T00:00:00Z,76.8700
2007-10-03,2007-10-04T00:00:00Z,77.8000
2007-10-04,2007-10-05T00:00:00Z,77.8400
2007-10-05,2007-10-06T00:00:00Z,79.0500
2007-10-08,2007-10-09T00:00:00Z,76.9400
2007-10-09,2007-10-10T00:00:00Z,77.8200
2007-10-10,2007-10-11T00:00:00Z,77.8500
2007-10-11,2007-10-12T00:00:00Z,80.8300
2007-10-12,2007-10-13T00:00:00Z,80.8200
2007-10-15,2007-10-16T00:00:00Z,82.5000
2007-10-16,2007-10-17T00:00:00Z,84.4300
2007-10-17,2007-10-18T00:00:00Z,85.2400
2007-10-18,2007-10-19T00:00:00Z,85.0300
2007-10-19,2007-10-20T00:00:00Z,84.2500
2007-10-22,2007-10-23T00:00:00Z,82.7200
2007-10-23,2007-10-24T00:00:00Z,82.3100
2007-10-24,2007-10-25T00:00:00Z,83.4700
2007-10-25,2007-10-26T00:00:00Z,85.4000
2007-10-26,2007-10-27T00:00:00Z,84.7100
2007-10-29,2007-10-30T00:00:00Z,89.8700
2007-10-30,2007-10-31T00:00:00Z,89.8700
2007-10-31,2007-11-01T00:00:00Z,89.8700
2007-11-01,2007-11-02T00:00:00Z,90.3600
2007-11-02,2007-11-03T00:00:00Z,92.1100
2007-11-05,2007-11-06T00:00:00Z,92.1600
2007-11-06,2007-11-07T00:00:00Z,93.9900
2007-11-07,2007-11-08T00:00:00Z,94.8500
2007-11-08,2007-11-09T00:00:00Z,94.4000
2007-11-09,2007-11-10T00:00:00Z,92.3200
2007-11-12,2007-11-13T00:00:00Z,91.5600
2007-11-13,2007-11-14T00:00:00Z,89.0900
2007-11-14,2007-11-15T00:00:00Z,90.7300
2007-11-15,2007-11-16T00:00:00Z,90.3200
2007-11-16,2007-11-17T00:00:00Z,91.9900
2007-11-19,2007-11-20T00:00:00Z,91.5900
2007-11-20,2007-11-21T00:00:00Z,94.1300
2007-11-21,2007-11-22T00:00:00Z,94.9700
2007-11-23,2007-11-24T00:00:00Z,95.3300
2007-11-26,2007-11-27T00:00:00Z,94.8800
2007-11-27,2007-11-28T00:00:00Z,93.2300
2007-11-28,2007-11-29T00:00:00Z,91.6400
2007-11-29,2007-11-30T00:00:00Z,92.3400
2007-11-30,2007-12-01T00:00:00Z,88.7100
2007-12-03,2007-12-04T00:00:00Z,87.8500
2007-12-04,2007-12-05T00:00:00Z,89.9700
2007-12-05,2007-12-06T00:00:00Z,90.7000
2007-12-06,2007-12-07T00:00:00Z,88.4600
2007-12-07,2007-12-08T00:00:00Z,88.4600
2007-12-10,2007-12-11T00:00:00Z,87.3300
2007-12-11,2007-12-12T00:00:00Z,87.7700
2007-12-12,2007-12-13T00:00:00Z,91.6900
2007-12-13,2007-12-14T00:00:00Z,92.5700
2007-12-14,2007-12-15T00:00:00Z,91.8600
2007-12-17,2007-12-18T00:00:00Z,90.3200
2007-12-18,2007-12-19T00:00:00Z,90.7100
2007-12-19,2007-12-20T00:00:00Z,90.9800
2007-12-20,2007-12-21T00:00:00Z,91.0600
2007-12-21,2007-12-22T00:00:00Z,91.0300
2007-12-24,2007-12-25T00:00:00Z,91.5900
2007-12-27,2007-12-28T00:00:00Z,95.6600
2007-12-28,2007-12-29T00:00:00Z,95.9200
2007-12-31,2008-01-01T00:00:00Z,93.6800
2008-01-02,2008-01-03T00:00:00Z,97.0100
2008-01-03,2008-01-04T00:00:00Z,98.4500
2008-01-04,2008-01-05T00:00:00Z,96.8700
2008-01-07,2008-01-08T00:00:00Z,94.1900
2008-01-08,2008-01-09T00:00:00Z,96.3700
2008-01-09,2008-01-10T00:00:00Z,96.7600
2008-01-10,2008-01-11T00:00:00Z,92.8000
2008-01-11,2008-01-12T00:00:00Z,91.8600
2008-01-14,2008-01-15T00:00:00Z,92.5800
2008-01-15,2008-01-16T00:00:00Z,90.8700
2008-01-16,2008-01-17T00:00:00Z,88.1000
2008-01-17,2008-01-18T00:00:00Z,88.9600
2008-01-18,2008-01-19T00:00:00Z,89.6600
2008-01-22,2008-01-23T00:00:00Z,88.1100
2008-01-23,2008-01-24T00:00:00Z,87.0600
2008-01-24,2008-01-25T00:00:00Z,87.6900
2008-01-25,2008-01-26T00:00:00Z,90.9600
2008-01-28,2008-01-29T00:00:00Z,90.9100
2008-01-29,2008-01-30T00:00:00Z,92.4900
2008-01-30,2008-01-31T00:00:00Z,92.4600
2008-01-31,2008-02-01T00:00:00Z,91.5800
2008-02-01,2008-02-02T00:00:00Z,91.4100
2008-02-04,2008-02-05T00:00:00Z,91.0900
2008-02-05,2008-02-06T00:00:00Z,89.6000
2008-02-06,2008-02-07T00:00:00Z,88.7300
2008-02-07,2008-02-08T00:00:00Z,88.5500
2008-02-08,2008-02-09T00:00:00Z,91.4500
2008-02-11,2008-02-12T00:00:00Z,93.9300
2008-02-12,2008-02-13T00:00:00Z,94.2800
2008-02-13,2008-02-14T00:00:00Z,93.8200
2008-02-14,2008-02-15T00:00:00Z,95.9200
2008-02-15,2008-02-16T00:00:00Z,96.9600
2008-02-19,2008-02-20T00:00:00Z,97.0300
2008-02-20,2008-02-21T00:00:00Z,97.8800
2008-02-21,2008-02-22T00:00:00Z,97.5200
2008-02-22,2008-02-23T00:00:00Z,96.0700
2008-02-25,2008-02-26T00:00:00Z,97.4300
2008-02-26,2008-02-27T00:00:00Z,99.0500
2008-02-27,2008-02-28T00:00:00Z,98.2800
2008-02-28,2008-02-29T00:00:00Z,99.8300
2008-02-29,2008-03-01T00:00:00Z,100.9000
2008-03-03,2008-03-04T00:00:00Z,101.8300
2008-03-04,2008-03-05T00:00:00Z,98.6000
2008-03-05,2008-03-06T00:00:00Z,100.9500
2008-03-06,2008-03-07T00:00:00Z,103.4700
2008-03-07,2008-03-08T00:00:00Z,104.6600
2008-03-10,2008-03-11T00:00:00Z,105.3300
2008-03-11,2008-03-12T00:00:00Z,106.7800
2008-03-12,2008-03-13T00:00:00Z,107.9900
2008-03-13,2008-03-14T00:00:00Z,109.1800
2008-03-14,2008-03-15T00:00:00Z,109.1600
2008-03-17,2008-03-18T00:00:00Z,104.4100
2008-03-18,2008-03-19T00:00:00Z,105.3500
2008-03-19,2008-03-20T00:00:00Z,102.6500
2008-03-20,2008-03-21T00:00:00Z,99.7800
2008-03-24,2008-03-25T00:00:00Z,100.9300
2008-03-25,2008-03-26T00:00:00Z,99.9100
2008-03-26,2008-03-27T00:00:00Z,102.8300
2008-03-27,2008-03-28T00:00:00Z,103.8900
2008-03-28,2008-03-29T00:00:00Z,102.6800
2008-03-31,2008-04-01T00:00:00Z,102.3300
2008-04-01,2008-04-02T00:00:00Z,98.6900
2008-04-02,2008-04-03T00:00:00Z,98.8500
2008-04-03,2008-04-04T00:00:00Z,102.3100
2008-04-04,2008-04-05T00:00:00Z,102.2100
2008-04-07,2008-04-08T00:00:00Z,105.9800
2008-04-08,2008-04-09T00:00:00Z,105.0500
2008-04-09,2008-04-10T00:00:00Z,107.4600
2008-04-10,2008-04-11T00:00:00Z,107.3700
2008-04-11,2008-04-12T00:00:00Z,107.1500
2008-04-14,2008-04-15T00:00:00Z,108.3200
2008-04-15,2008-04-16T00:00:00Z,110.8400
2008-04-16,2008-04-17T00:00:00Z,110.9500
2008-04-17,2008-04-18T00:00:00Z,111.3400
2008-04-18,2008-04-19T00:00:00Z,110.6700
2008-04-21,2008-04-22T00:00:00Z,111.3500
2008-04-22,2008-04-23T00:00:00Z,113.5400
2008-04-23,2008-04-24T00:00:00Z,115.3400
2008-04-24,2008-04-25T00:00:00Z,114.8500
2008-04-25,2008-04-26T00:00:00Z,116.6200
2008-04-28,2008-04-29T00:00:00Z,115.7000
2008-04-29,2008-04-30T00:00:00Z,113.8600
2008-04-30,2008-05-01T00:00:00Z,111.1200
2008-05-01,2008-05-02T00:00:00Z,107.3000
2008-05-02,2008-05-03T00:00:00Z,111.9200
2008-05-05,2008-05-06T00:00:00Z,115.6800
2008-05-06,2008-05-07T00:00:00Z,119.8800
2008-05-07,2008-05-08T00:00:00Z,120.2700
2008-05-08,2008-05-09T00:00:00Z,119.8500
2008-05-09,2008-05-10T00:00:00Z,123.5400
2008-05-12,2008-05-13T00:00:00Z,122.8900
2008-05-13,2008-05-14T00:00:00Z,123.1100
2008-05-14,2008-05-15T00:00:00Z,121.1800
2008-05-15,2008-05-16T00:00:00Z,122.7600
2008-05-16,2008-05-17T00:00:00Z,122.9800
2008-05-19,2008-05-20T00:00:00Z,122.1900
2008-05-20,2008-05-21T00:00:00Z,124.1200
2008-05-21,2008-05-22T00:00:00Z,127.2800
2008-05-22,2008-05-23T00:00:00Z,129.0400
2008-05-23,2008-05-24T00:00:00Z,129.7200
2008-05-27,2008-05-28T00:00:00Z,128.9200
2008-05-28,2008-05-29T00:00:00Z,128.9300
2008-05-29,2008-05-30T00:00:00Z,129.3300
2008-05-30,2008-05-31T00:00:00Z,127.8500
2008-06-02,2008-06-03T00:00:00Z,128.5000
2008-06-03,2008-06-04T00:00:00Z,126.2800
2008-06-04,2008-06-05T00:00:00Z,121.7200
2008-06-05,2008-06-06T00:00:00Z,122.3600
2008-06-06,2008-06-07T00:00:00Z,132.8100
2008-06-09,2008-06-10T00:00:00Z,134.4300
2008-06-10,2008-06-11T00:00:00Z,135.2400
2008-06-11,2008-06-12T00:00:00Z,134.5200
2008-06-12,2008-06-13T00:00:00Z,132.1100
2008-06-13,2008-06-14T00:00:00Z,134.2900
2008-06-16,2008-06-17T00:00:00Z,133.9000
2008-06-17,2008-06-18T00:00:00Z,131.2700
2008-06-18,2008-06-19T00:00:00Z,129.1200
2008-06-19,2008-06-20T00:00:00Z,131.8400
2008-06-20,2008-06-21T00:00:00Z,134.2800
2008-06-23,2008-06-24T00:00:00Z,134.5400
2008-06-24,2008-06-25T00:00:00Z,135.3700
2008-06-25,2008-06-26T00:00:00Z,131.5900
2008-06-26,2008-06-27T00:00:00Z,136.8200
2008-06-27,2008-06-28T00:00:00Z,139.3800
2008-06-30,2008-07-01T00:00:00Z,138.4000
2008-07-01,2008-07-02T00:00:00Z,140.6700
2008-07-02,2008-07-03T00:00:00Z,141.2400
2008-07-03,2008-07-04T00:00:00Z,143.9500
2008-07-07,2008-07-08T00:00:00Z,139.6200
2008-07-08,2008-07-09T00:00:00Z,134.1500
2008-07-09,2008-07-10T00:00:00Z,133.9100
2008-07-10,2008-07-11T00:00:00Z,135.8100
2008-07-11,2008-07-12T00:00:00Z,143.6800
2008-07-14,2008-07-15T00:00:00Z,142.4300
2008-07-15,2008-07-16T00:00:00Z,136.0200
2008-07-16,2008-07-17T00:00:00Z,133.3100
2008-07-17,2008-07-18T00:00:00Z,134.1600
2008-07-18,2008-07-19T00:00:00Z,129.3400
2008-07-21,2008-07-22T00:00:00Z,129.3400
2008-07-22,2008-07-23T00:00:00Z,127.1800
2008-07-23,2008-07-24T00:00:00Z,126.8600
2008-07-24,2008-07-25T00:00:00Z,125.4300
2008-07-25,2008-07-26T00:00:00Z,124.7000
2008-07-28,2008-07-29T00:00:00Z,125.6700
2008-07-29,2008-07-30T00:00:00Z,125.7700
2008-07-30,2008-07-31T00:00:00Z,122.4600
2008-07-31,2008-08-01T00:00:00Z,124.1000
2008-08-01,2008-08-02T00:00:00Z,124.1600
2008-08-04,2008-08-05T00:00:00Z,121.8700
2008-08-05,2008-08-06T00:00:00Z,116.5000
2008-08-06,2008-08-07T00:00:00Z,114.4700
2008-08-07,2008-08-08T00:00:00Z,116.9400
2008-08-08,2008-08-09T00:00:00Z,113.0300
2008-08-11,2008-08-12T00:00:00Z,110.5400
2008-08-12,2008-08-13T00:00:00Z,108.9800
2008-08-13,2008-08-14T00:00:00Z,110.6800
2008-08-14,2008-08-15T00:00:00Z,111.8200
2008-08-15,2008-08-16T00:00:00Z,108.8000
2008-08-18,2008-08-19T00:00:00Z,109.3300
2008-08-19,2008-08-20T00:00:00Z,109.0200
2008-08-20,2008-08-21T00:00:00Z,108.7200
2008-08-21,2008-08-22T00:00:00Z,117.2400
2008-08-22,2008-08-23T00:00:00Z,113.9900
2008-08-25,2008-08-26T00:00:00Z,109.7400
2008-08-26,2008-08-27T00:00:00Z,112.2000
2008-08-27,2008-08-28T00:00:00Z,113.0500
2008-08-28,2008-08-29T00:00:00Z,113.5400
2008-08-29,2008-08-30T00:00:00Z,113.4900
2008-09-02,2008-09-03T00:00:00Z,104.9400
2008-09-03,2008-09-04T00:00:00Z,103.8800
2008-09-04,2008-09-05T00:00:00Z,103.4100
2008-09-05,2008-09-06T00:00:00Z,102.5100
2008-09-08,2008-09-09T00:00:00Z,101.0800
2008-09-09,2008-09-10T00:00:00Z,98.9400
2008-09-10,2008-09-11T00:00:00Z,96.0000
2008-09-11,2008-09-12T00:00:00Z,96.0100
2008-09-12,2008-09-13T00:00:00Z,94.3700
2008-09-15,2008-09-16T00:00:00Z,90.4500
2008-09-16,2008-09-17T00:00:00Z,85.8500
2008-09-17,2008-09-18T00:00:00Z,86.0900
2008-09-18,2008-09-19T00:00:00Z,90.8900
2008-09-19,2008-09-20T00:00:00Z,93.4600
2008-09-22,2008-09-23T00:00:00Z,100.4300
2008-09-23,2008-09-24T00:00:00Z,100.7200
2008-09-24,2008-09-25T00:00:00Z,102.0900
2008-09-25,2008-09-26T00:00:00Z,100.4500
2008-09-26,2008-09-27T00:00:00Z,100.8800
2008-09-29,2008-09-30T00:00:00Z,95.9600
2008-09-30,2008-10-01T00:00:00Z,93.5200
2008-10-01,2008-10-02T00:00:00Z,92.1900
2008-10-02,2008-10-03T00:00:00Z,88.8800
2008-10-03,2008-10-04T00:00:00Z,88.9500
2008-10-06,2008-10-07T00:00:00Z,84.7100
2008-10-07,2008-10-08T00:00:00Z,83.1700
2008-10-08,2008-10-09T00:00:00Z,80.7700
2008-10-09,2008-10-10T00:00:00Z,81.6500
2008-10-10,2008-10-11T00:00:00Z,74.5800
2008-10-13,2008-10-14T00:00:00Z,74.3700
2008-10-14,2008-10-15T00:00:00Z,74.9800
2008-10-15,2008-10-16T00:00:00Z,66.8600
2008-10-16,2008-10-17T00:00:00Z,64.1400
2008-10-17,2008-10-18T00:00:00Z,66.0500
2008-10-20,2008-10-21T00:00:00Z,67.4500
2008-10-21,2008-10-22T00:00:00Z,65.9900
2008-10-22,2008-10-23T00:00:00Z,62.9500
2008-10-23,2008-10-24T00:00:00Z,65.0600
2008-10-24,2008-10-25T00:00:00Z,60.5700
2008-10-27,2008-10-28T00:00:00Z,59.3400
2008-10-28,2008-10-29T00:00:00Z,58.8700
2008-10-29,2008-10-30T00:00:00Z,64.0000
2008-10-30,2008-10-31T00:00:00Z,60.8600
2008-10-31,2008-11-01T00:00:00Z,60.0000
2008-11-03,2008-11-04T00:00:00Z,60.3200
2008-11-04,2008-11-05T00:00:00Z,62.7800
2008-11-05,2008-11-06T00:00:00Z,61.0900
2008-11-06,2008-11-07T00:00:00Z,56.1400
2008-11-07,2008-11-08T00:00:00Z,56.8400
2008-11-10,2008-11-11T00:00:00Z,57.0800
2008-11-11,2008-11-12T00:00:00Z,54.7600
2008-11-12,2008-11-13T00:00:00Z,52.4700
2008-11-13,2008-11-14T00:00:00Z,51.3200
2008-11-14,2008-11-15T00:00:00Z,50.7000
2008-11-17,2008-11-18T00:00:00Z,50.8200
2008-11-18,2008-11-19T00:00:00Z,49.1000
2008-11-19,2008-11-20T00:00:00Z,48.3500
2008-11-20,2008-11-21T00:00:00Z,45.7900
2008-11-21,2008-11-22T00:00:00Z,44.9100
2008-11-24,2008-11-25T00:00:00Z,49.5100
2008-11-25,2008-11-26T00:00:00Z,47.5100
2008-11-26,2008-11-27T00:00:00Z,49.3900
2008-11-28,2008-11-29T00:00:00Z,47.7200
2008-12-01,2008-12-02T00:00:00Z,47.5800
2008-12-02,2008-12-03T00:00:00Z,45.6400
2008-12-03,2008-12-04T00:00:00Z,44.3900
2008-12-04,2008-12-05T00:00:00Z,43.8300
2008-12-05,2008-12-06T00:00:00Z,37.0400
2008-12-08,2008-12-09T00:00:00Z,40.0200
2008-12-09,2008-12-10T00:00:00Z,39.7700
2008-12-10,2008-12-11T00:00:00Z,39.3400
2008-12-11,2008-12-12T00:00:00Z,43.5400
2008-12-12,2008-12-13T00:00:00Z,42.3800
2008-12-15,2008-12-16T00:00:00Z,45.0200
2008-12-16,2008-12-17T00:00:00Z,42.0000
2008-12-17,2008-12-18T00:00:00Z,41.8400
2008-12-18,2008-12-19T00:00:00Z,40.1900
2008-12-19,2008-12-20T00:00:00Z,39.5200
2008-12-22,2008-12-23T00:00:00Z,38.0800
2008-12-23,2008-12-24T00:00:00Z,35.2700
2008-12-24,2008-12-25T00:00:00Z,34.4500
2008-12-26,2008-12-27T00:00:00Z,33.7300
2008-12-29,2008-12-30T00:00:00Z,34.1600
2008-12-30,2008-12-31T00:00:00Z,35.2200
2008-12-31,2009-01-01T00:00:00Z,35.8200
2009-01-02,2009-01-03T00:00:00Z,42.9400
2009-01-05,2009-01-06T00:00:00Z,45.8400
2009-01-06,2009-01-07T00:00:00Z,48.8900
2009-01-07,2009-01-08T00:00:00Z,46.2300
2009-01-08,2009-01-09T00:00:00Z,42.9400
2009-01-09,2009-01-10T00:00:00Z,42.3400
2009-01-12,2009-01-13T00:00:00Z,40.8600
2009-01-13,2009-01-14T00:00:00Z,43.0500
2009-01-14,2009-01-15T00:00:00Z,42.2700
2009-01-15,2009-01-16T00:00:00Z,42.3200
2009-01-16,2009-01-17T00:00:00Z,43.4200
2009-01-20,2009-01-21T00:00:00Z,41.2200
2009-01-21,2009-01-22T00:00:00Z,39.9000
2009-01-22,2009-01-23T00:00:00Z,42.4200
2009-01-23,2009-01-24T00:00:00Z,43.1300
2009-01-26,2009-01-27T00:00:00Z,48.0000
2009-01-27,2009-01-28T00:00:00Z,42.8600
2009-01-28,2009-01-29T00:00:00Z,42.8600
2009-01-29,2009-01-30T00:00:00Z,43.1300
2009-01-30,2009-01-31T00:00:00Z,44.1700
2009-02-02,2009-02-03T00:00:00Z,42.9600
2009-02-03,2009-02-04T00:00:00Z,43.1500
2009-02-04,2009-02-05T00:00:00Z,43.6800
2009-02-05,2009-02-06T00:00:00Z,43.9200
2009-02-06,2009-02-07T00:00:00Z,44.4900
2009-02-09,2009-02-10T00:00:00Z,47.2300
2009-02-10,2009-02-11T00:00:00Z,45.8800
2009-02-11,2009-02-12T00:00:00Z,44.2400
2009-02-12,2009-02-13T00:00:00Z,47.2300
2009-02-13,2009-02-14T00:00:00Z,43.3600
2009-02-17,2009-02-18T00:00:00Z,39.6900
2009-02-18,2009-02-19T00:00:00Z,39.4100
2009-02-19,2009-02-20T00:00:00Z,42.3600
2009-02-20,2009-02-21T00:00:00Z,42.1900
2009-02-23,2009-02-24T00:00:00Z,41.2700
2009-02-24,2009-02-25T00:00:00Z,40.1800
2009-02-25,2009-02-26T00:00:00Z,42.3700
2009-02-26,2009-02-27T00:00:00Z,45.1500
2009-02-27,2009-02-28T00:00:00Z,44.4100
2009-03-02,2009-03-03T00:00:00Z,42.6000
2009-03-03,2009-03-04T00:00:00Z,42.7200
2009-03-04,2009-03-05T00:00:00Z,46.0700
2009-03-05,2009-03-06T00:00:00Z,44.4500
2009-03-06,2009-03-07T00:00:00Z,43.4800
2009-03-09,2009-03-10T00:00:00Z,44.5500
2009-03-10,2009-03-11T00:00:00Z,44.9900
2009-03-11,2009-03-12T00:00:00Z,43.2000
2009-03-12,2009-03-13T00:00:00Z,42.1900
2009-03-13,2009-03-14T00:00:00Z,44.9700
2009-03-16,2009-03-17T00:00:00Z,44.1200
2009-03-17,2009-03-18T00:00:00Z,45.5300
2009-03-18,2009-03-19T00:00:00Z,45.2200
2009-03-19,2009-03-20T00:00:00Z,48.0300
2009-03-20,2009-03-21T00:00:00Z,49.2700
2009-03-23,2009-03-24T00:00:00Z,51.8400
2009-03-24,2009-03-25T00:00:00Z,51.3200
2009-03-25,2009-03-26T00:00:00Z,51.4600
2009-03-26,2009-03-27T00:00:00Z,51.8900
2009-03-27,2009-03-28T00:00:00Z,50.8100
2009-03-30,2009-03-31T00:00:00Z,49.0500
2009-03-31,2009-04-01T00:00:00Z,46.1300
2009-04-01,2009-04-02T00:00:00Z,45.9200
2009-04-02,2009-04-03T00:00:00Z,50.8900
2009-04-03,2009-04-04T00:00:00Z,50.4800
2009-04-06,2009-04-07T00:00:00Z,50.9100
2009-04-07,2009-04-08T00:00:00Z,50.6200
2009-04-08,2009-04-09T00:00:00Z,52.0600
2009-04-09,2009-04-10T00:00:00Z,52.3300
2009-04-13,2009-04-14T00:00:00Z,50.7300
2009-04-14,2009-04-15T00:00:00Z,52.0600
2009-04-15,2009-04-16T00:00:00Z,51.3100
2009-04-16,2009-04-17T00:00:00Z,51.8300
2009-04-17,2009-04-18T00:00:00Z,52.0200
2009-04-20,2009-04-21T00:00:00Z,49.0600
2009-04-21,2009-04-22T00:00:00Z,48.6900
2009-04-22,2009-04-23T00:00:00Z,48.5000
2009-04-23,2009-04-24T00:00:00Z,48.2900
2009-04-24,2009-04-25T00:00:00Z,50.2900
2009-04-27,2009-04-28T00:00:00Z,48.6700
2009-04-28,2009-04-29T00:00:00Z,48.6400
2009-04-29,2009-04-30T00:00:00Z,50.2200
2009-04-30,2009-05-01T00:00:00Z,50.3000
2009-05-01,2009-05-02T00:00:00Z,51.7500
2009-05-04,2009-05-05T00:00:00Z,53.2600
2009-05-05,2009-05-06T00:00:00Z,53.1600
2009-05-06,2009-05-07T00:00:00Z,55.0700
2009-05-07,2009-05-08T00:00:00Z,56.6300
2009-05-08,2009-05-09T00:00:00Z,56.0200
2009-05-11,2009-05-12T00:00:00Z,55.9900
2009-05-12,2009-05-13T00:00:00Z,56.5200
2009-05-13,2009-05-14T00:00:00Z,56.8400
2009-05-14,2009-05-15T00:00:00Z,56.2500
2009-05-15,2009-05-16T00:00:00Z,56.3300
2009-05-18,2009-05-19T00:00:00Z,56.5100
2009-05-19,2009-05-20T00:00:00Z,57.1200
2009-05-20,2009-05-21T00:00:00Z,59.1000
2009-05-21,2009-05-22T00:00:00Z,58.0200
2009-05-22,2009-05-23T00:00:00Z,58.7000
2009-05-26,2009-05-27T00:00:00Z,59.0500
2009-05-27,2009-05-28T00:00:00Z,61.2800
2009-05-28,2009-05-29T00:00:00Z,63.4700
2009-05-29,2009-05-30T00:00:00Z,64.9800
2009-06-01,2009-06-02T00:00:00Z,66.6000
2009-06-02,2009-06-03T00:00:00Z,67.6700
2009-06-03,2009-06-04T00:00:00Z,66.1500
2009-06-04,2009-06-05T00:00:00Z,67.6800
2009-06-05,2009-06-06T00:00:00Z,67.7700
2009-06-08,2009-06-09T00:00:00Z,67.6100
2009-06-09,2009-06-10T00:00:00Z,68.9400
2009-06-10,2009-06-11T00:00:00Z,70.5200
2009-06-11,2009-06-12T00:00:00Z,71.7100
2009-06-12,2009-06-13T00:00:00Z,70.6200
2009-06-15,2009-06-16T00:00:00Z,68.4900
2009-06-16,2009-06-17T00:00:00Z,70.5200
2009-06-17,2009-06-18T00:00:00Z,68.9500
2009-06-18,2009-06-19T00:00:00Z,69.9600
2009-06-19,2009-06-20T00:00:00Z,70.4800
2009-06-22,2009-06-23T00:00:00Z,66.1300
2009-06-23,2009-06-24T00:00:00Z,66.3600
2009-06-24,2009-06-25T00:00:00Z,68.4700
2009-06-25,2009-06-26T00:00:00Z,68.8200
2009-06-26,2009-06-27T00:00:00Z,68.1000
2009-06-29,2009-06-30T00:00:00Z,69.7500
2009-06-30,2009-07-01T00:00:00Z,68.1100
2009-07-01,2009-07-02T00:00:00Z,68.5200
2009-07-02,2009-07-03T00:00:00Z,65.7400
2009-07-06,2009-07-07T00:00:00Z,63.1200
2009-07-07,2009-07-08T00:00:00Z,61.5400
2009-07-08,2009-07-09T00:00:00Z,59.7100
2009-07-09,2009-07-10T00:00:00Z,59.1700
2009-07-10,2009-07-11T00:00:00Z,58.4300
2009-07-13,2009-07-14T00:00:00Z,58.2500
2009-07-14,2009-07-15T00:00:00Z,60.4800
2009-07-15,2009-07-16T00:00:00Z,61.2500
2009-07-16,2009-07-17T00:00:00Z,62.0200
2009-07-17,2009-07-18T00:00:00Z,63.5400
2009-07-20,2009-07-21T00:00:00Z,64.6400
2009-07-21,2009-07-22T00:00:00Z,65.9300
2009-07-22,2009-07-23T00:00:00Z,65.3600
2009-07-23,2009-07-24T00:00:00Z,68.0600
2009-07-24,2009-07-25T00:00:00Z,68.8200
2009-07-27,2009-07-28T00:00:00Z,69.7800
2009-07-28,2009-07-29T00:00:00Z,68.5300
2009-07-29,2009-07-30T00:00:00Z,65.7900
2009-07-30,2009-07-31T00:00:00Z,68.8200
2009-07-31,2009-08-01T00:00:00Z,70.0800
2009-08-03,2009-08-04T00:00:00Z,72.9000
2009-08-04,2009-08-05T00:00:00Z,73.8200
2009-08-05,2009-08-06T00:00:00Z,74.3900
2009-08-06,2009-08-07T00:00:00Z,74.6100
2009-08-07,2009-08-08T00:00:00Z,74.2100
2009-08-10,2009-08-11T00:00:00Z,73.7900
2009-08-11,2009-08-12T00:00:00Z,71.5800
2009-08-12,2009-08-13T00:00:00Z,74.0300
2009-08-13,2009-08-14T00:00:00Z,73.7600
2009-08-14,2009-08-15T00:00:00Z,71.3300
2009-08-17,2009-08-18T00:00:00Z,68.6500
2009-08-18,2009-08-19T00:00:00Z,68.6600
2009-08-19,2009-08-20T00:00:00Z,72.8100
2009-08-20,2009-08-21T00:00:00Z,73.7500
2009-08-21,2009-08-22T00:00:00Z,73.7100
2009-08-24,2009-08-25T00:00:00Z,74.3400
2009-08-25,2009-08-26T00:00:00Z,73.1000
2009-08-26,2009-08-27T00:00:00Z,70.7400
2009-08-27,2009-08-28T00:00:00Z,70.6800
2009-08-28,2009-08-29T00:00:00Z,72.8000
2009-08-31,2009-09-01T00:00:00Z,69.0200
2009-09-01,2009-09-02T00:00:00Z,68.7800
2009-09-02,2009-09-03T00:00:00Z,67.6000
2009-09-03,2009-09-04T00:00:00Z,66.7800
2009-09-04,2009-09-05T00:00:00Z,65.8400
2009-09-08,2009-09-09T00:00:00Z,69.2000
2009-09-09,2009-09-10T00:00:00Z,69.7600
2009-09-10,2009-09-11T00:00:00Z,68.9600
2009-09-11,2009-09-12T00:00:00Z,68.7600
2009-09-14,2009-09-15T00:00:00Z,66.9100
2009-09-15,2009-09-16T00:00:00Z,66.5300
2009-09-16,2009-09-17T00:00:00Z,68.5100
2009-09-17,2009-09-18T00:00:00Z,71.5600
2009-09-18,2009-09-19T00:00:00Z,70.7200
2009-09-21,2009-09-22T00:00:00Z,68.1100
2009-09-22,2009-09-23T00:00:00Z,69.6500
2009-09-23,2009-09-24T00:00:00Z,67.4300
2009-09-24,2009-09-25T00:00:00Z,64.9900
2009-09-25,2009-09-26T00:00:00Z,64.6000
2009-09-28,2009-09-29T00:00:00Z,65.4300
2009-09-29,2009-09-30T00:00:00Z,64.6300
2009-09-30,2009-10-01T00:00:00Z,65.8200
2009-10-01,2009-10-02T00:00:00Z,67.1200
2009-10-02,2009-10-03T00:00:00Z,66.5000
2009-10-05,2009-10-06T00:00:00Z,65.2600
2009-10-06,2009-10-07T00:00:00Z,68.5100
2009-10-07,2009-10-08T00:00:00Z,67.6500
2009-10-08,2009-10-09T00:00:00Z,68.4700
2009-10-09,2009-10-10T00:00:00Z,69.4500
2009-10-12,2009-10-13T00:00:00Z,70.7500
2009-10-13,2009-10-14T00:00:00Z,70.8100
2009-10-14,2009-10-15T00:00:00Z,72.1600
2009-10-15,2009-10-16T00:00:00Z,73.1400
2009-10-16,2009-10-17T00:00:00Z,74.5800
2009-10-19,2009-10-20T00:00:00Z,75.8600
2009-10-20,2009-10-21T00:00:00Z,76.5100
2009-10-21,2009-10-22T00:00:00Z,77.7400
2009-10-22,2009-10-23T00:00:00Z,78.3600
2009-10-23,2009-10-24T00:00:00Z,77.7200
2009-10-26,2009-10-27T00:00:00Z,76.4500
2009-10-27,2009-10-28T00:00:00Z,76.6900
2009-10-28,2009-10-29T00:00:00Z,75.1100
2009-10-29,2009-10-30T00:00:00Z,77.1800
2009-10-30,2009-10-31T00:00:00Z,74.9100
2009-11-02,2009-11-03T00:00:00Z,75.5600
2009-11-03,2009-11-04T00:00:00Z,75.6800
2009-11-04,2009-11-05T00:00:00Z,78.2100
2009-11-05,2009-11-06T00:00:00Z,78.0200
2009-11-06,2009-11-07T00:00:00Z,75.5100
2009-11-09,2009-11-10T00:00:00Z,77.1800
2009-11-10,2009-11-11T00:00:00Z,77.0700
2009-11-11,2009-11-12T00:00:00Z,76.9900
2009-11-12,2009-11-13T00:00:00Z,75.1800
2009-11-13,2009-11-14T00:00:00Z,74.8100
2009-11-16,2009-11-17T00:00:00Z,77.1400
2009-11-17,2009-11-18T00:00:00Z,77.3600
2009-11-18,2009-11-19T00:00:00Z,78.6400
2009-11-19,2009-11-20T00:00:00Z,76.4500
2009-11-20,2009-11-21T00:00:00Z,75.6100
2009-11-23,2009-11-24T00:00:00Z,78.1400
2009-11-24,2009-11-25T00:00:00Z,75.3500
2009-11-25,2009-11-26T00:00:00Z,76.5700
2009-11-27,2009-11-28T00:00:00Z,76.0000
2009-11-30,2009-12-01T00:00:00Z,77.7700
2009-12-01,2009-12-02T00:00:00Z,78.6800
2009-12-02,2009-12-03T00:00:00Z,76.9600
2009-12-03,2009-12-04T00:00:00Z,77.7600
2009-12-04,2009-12-05T00:00:00Z,77.7400
2009-12-07,2009-12-08T00:00:00Z,76.1800
2009-12-08,2009-12-09T00:00:00Z,74.9300
2009-12-09,2009-12-10T00:00:00Z,73.6300
2009-12-10,2009-12-11T00:00:00Z,70.9100
2009-12-11,2009-12-12T00:00:00Z,70.0700
2009-12-14,2009-12-15T00:00:00Z,71.1900
2009-12-15,2009-12-16T00:00:00Z,71.3300
2009-12-16,2009-12-17T00:00:00Z,73.3400
2009-12-17,2009-12-18T00:00:00Z,71.2800
2009-12-18,2009-12-19T00:00:00Z,71.8700
2009-12-21,2009-12-22T00:00:00Z,72.7400
2009-12-22,2009-12-23T00:00:00Z,71.6400
2009-12-23,2009-12-24T00:00:00Z,73.8700
2009-12-24,2009-12-25T00:00:00Z,75.1500
2009-12-28,2009-12-29T00:00:00Z,76.5900
2009-12-29,2009-12-30T00:00:00Z,76.6500
2009-12-30,2009-12-31T00:00:00Z,77.6200
2009-12-31,2010-01-01T00:00:00Z,77.9100
2010-01-04,2010-01-05T00:00:00Z,79.0500
2010-01-05,2010-01-06T00:00:00Z,79.2700
2010-01-06,2010-01-07T00:00:00Z,80.1400
2010-01-07,2010-01-08T00:00:00Z,80.5700
2010-01-08,2010-01-09T00:00:00Z,80.0600
2010-01-11,2010-01-12T00:00:00Z,80.1400
2010-01-12,2010-01-13T00:00:00Z,79.3800
2010-01-13,2010-01-14T00:00:00Z,77.5700
2010-01-14,2010-01-15T00:00:00Z,77.6100
2010-01-15,2010-01-16T00:00:00Z,76.8500
2010-01-19,2010-01-20T00:00:00Z,75.1800
2010-01-20,2010-01-21T00:00:00Z,75.0900
2010-01-21,2010-01-22T00:00:00Z,74.1300
2010-01-22,2010-01-23T00:00:00Z,72.7300
2010-01-25,2010-01-26T00:00:00Z,72.1800
2010-01-26,2010-01-27T00:00:00Z,72.6300
2010-01-27,2010-01-28T00:00:00Z,72.7500
2010-01-28,2010-01-29T00:00:00Z,70.6500
2010-01-29,2010-01-30T00:00:00Z,71.2000
2010-02-01,2010-02-02T00:00:00Z,71.5800
2010-02-02,2010-02-03T00:00:00Z,73.9400
2010-02-03,2010-02-04T00:00:00Z,75.7700
2010-02-04,2010-02-05T00:00:00Z,71.3000
2010-02-05,2010-02-06T00:00:00Z,70.1100
2010-02-08,2010-02-09T00:00:00Z,69.6200
2010-02-09,2010-02-10T00:00:00Z,70.4000
2010-02-10,2010-02-11T00:00:00Z,70.4000
2010-02-11,2010-02-12T00:00:00Z,72.3500
2010-02-12,2010-02-13T00:00:00Z,71.4900
2010-02-16,2010-02-17T00:00:00Z,74.8200
2010-02-17,2010-02-18T00:00:00Z,74.8900
2010-02-18,2010-02-19T00:00:00Z,76.6100
2010-02-19,2010-02-20T00:00:00Z,76.8800
2010-02-22,2010-02-23T00:00:00Z,76.9500
2010-02-23,2010-02-24T00:00:00Z,76.4400
2010-02-24,2010-02-25T00:00:00Z,77.0000
2010-02-25,2010-02-26T00:00:00Z,74.3800
2010-02-26,2010-02-27T00:00:00Z,76.3600
2010-03-01,2010-03-02T00:00:00Z,76.0700
2010-03-02,2010-03-03T00:00:00Z,77.5000
2010-03-03,2010-03-04T00:00:00Z,78.6600
2010-03-04,2010-03-05T00:00:00Z,77.8800
2010-03-05,2010-03-06T00:00:00Z,79.2000
2010-03-08,2010-03-09T00:00:00Z,78.9400
2010-03-09,2010-03-10T00:00:00Z,78.7700
2010-03-10,2010-03-11T00:00:00Z,80.2900
2010-03-11,2010-03-12T00:00:00Z,79.4400
2010-03-12,2010-03-13T00:00:00Z,79.3800
2010-03-15,2010-03-16T00:00:00Z,77.0800
2010-03-16,2010-03-17T00:00:00Z,79.4500
2010-03-17,2010-03-18T00:00:00Z,80.2800
2010-03-18,2010-03-19T00:00:00Z,80.0900
2010-03-19,2010-03-20T00:00:00Z,78.3700
2010-03-22,2010-03-23T00:00:00Z,78.0900
2010-03-23,2010-03-24T00:00:00Z,79.1700
2010-03-24,2010-03-25T00:00:00Z,78.0300
2010-03-25,2010-03-26T00:00:00Z,78.6400
2010-03-26,2010-03-27T00:00:00Z,77.9800
2010-03-29,2010-03-30T00:00:00Z,79.8900
2010-03-30,2010-03-31T00:00:00Z,79.4600
2010-03-31,2010-04-01T00:00:00Z,80.3700
2010-04-01,2010-04-02T00:00:00Z,82.6300
2010-04-05,2010-04-06T00:00:00Z,84.4800
2010-04-06,2010-04-07T00:00:00Z,85.0500
2010-04-07,2010-04-08T00:00:00Z,84.4900
2010-04-08,2010-04-09T00:00:00Z,82.6300
2010-04-09,2010-04-10T00:00:00Z,82.7700
2010-04-12,2010-04-13T00:00:00Z,85.2100
2010-04-13,2010-04-14T00:00:00Z,83.4400
2010-04-14,2010-04-15T00:00:00Z,85.8100
2010-04-15,2010-04-16T00:00:00Z,86.9000
2010-04-16,2010-04-17T00:00:00Z,84.8100
2010-04-19,2010-04-20T00:00:00Z,83.0900
2010-04-20,2010-04-21T00:00:00Z,84.7300
2010-04-21,2010-04-22T00:00:00Z,84.5500
2010-04-22,2010-04-23T00:00:00Z,84.5800
2010-04-23,2010-04-24T00:00:00Z,86.0900
2010-04-26,2010-04-27T00:00:00Z,86.7200
2010-04-27,2010-04-28T00:00:00Z,85.5900
2010-04-28,2010-04-29T00:00:00Z,84.5900
2010-04-29,2010-04-30T00:00:00Z,86.8200
2010-04-30,2010-05-01T00:00:00Z,86.1900
2010-05-03,2010-05-04T00:00:00Z,88.0900
2010-05-04,2010-05-05T00:00:00Z,85.3900
2010-05-05,2010-05-06T00:00:00Z,82.3100
2010-05-06,2010-05-07T00:00:00Z,80.2100
2010-05-07,2010-05-08T00:00:00Z,76.4800
2010-05-10,2010-05-11T00:00:00Z,78.0800
2010-05-11,2010-05-12T00:00:00Z,79.0000
2010-05-12,2010-05-13T00:00:00Z,78.7000
2010-05-13,2010-05-14T00:00:00Z,79.4100
2010-05-14,2010-05-15T00:00:00Z,76.4300
2010-05-17,2010-05-18T00:00:00Z,73.8700
2010-05-18,2010-05-19T00:00:00Z,75.1200
2010-05-19,2010-05-20T00:00:00Z,71.8600
2010-05-20,2010-05-21T00:00:00Z,69.5600
2010-05-21,2010-05-22T00:00:00Z,70.4500
2010-05-24,2010-05-25T00:00:00Z,69.6200
2010-05-25,2010-05-26T00:00:00Z,67.1800
2010-05-26,2010-05-27T00:00:00Z,70.5900
2010-05-27,2010-05-28T00:00:00Z,73.5600
2010-05-28,2010-05-29T00:00:00Z,73.0000
2010-06-01,2010-06-02T00:00:00Z,73.0800
2010-06-02,2010-06-03T00:00:00Z,72.7800
2010-06-03,2010-06-04T00:00:00Z,73.1200
2010-06-04,2010-06-05T00:00:00Z,71.8400
2010-06-07,2010-06-08T00:00:00Z,71.0900
2010-06-08,2010-06-09T00:00:00Z,71.4300
2010-06-09,2010-06-10T00:00:00Z,73.6800
2010-06-10,2010-06-11T00:00:00Z,74.3300
2010-06-11,2010-06-12T00:00:00Z,73.2800
2010-06-14,2010-06-15T00:00:00Z,75.1100
2010-06-15,2010-06-16T00:00:00Z,75.2900
2010-06-16,2010-06-17T00:00:00Z,76.1200
2010-06-17,2010-06-18T00:00:00Z,77.5200
2010-06-18,2010-06-19T00:00:00Z,77.0500
2010-06-21,2010-06-22T00:00:00Z,78.5300
2010-06-22,2010-06-23T00:00:00Z,78.0800
2010-06-23,2010-06-24T00:00:00Z,75.2200
2010-06-24,2010-06-25T00:00:00Z,75.1700
2010-06-25,2010-06-26T00:00:00Z,76.2100
2010-06-28,2010-06-29T00:00:00Z,76.6600
2010-06-29,2010-06-30T00:00:00Z,74.2100
2010-06-30,2010-07-01T00:00:00Z,74.9400
2010-07-01,2010-07-02T00:00:00Z,71.7300
2010-07-02,2010-07-03T00:00:00Z,71.7500
2010-07-06,2010-07-07T00:00:00Z,73.0800
2010-07-07,2010-07-08T00:00:00Z,72.9700
2010-07-08,2010-07-09T00:00:00Z,74.5600
2010-07-09,2010-07-10T00:00:00Z,75.2000
2010-07-12,2010-07-13T00:00:00Z,74.3500
2010-07-13,2010-07-14T00:00:00Z,76.4500
2010-07-14,2010-07-15T00:00:00Z,76.6300
2010-07-15,2010-07-16T00:00:00Z,75.5200
2010-07-16,2010-07-17T00:00:00Z,75.5500
2010-07-19,2010-07-20T00:00:00Z,76.2900
2010-07-20,2010-07-21T00:00:00Z,76.3100
2010-07-21,2010-07-22T00:00:00Z,75.7500
2010-07-22,2010-07-23T00:00:00Z,77.5900
2010-07-23,2010-07-24T00:00:00Z,77.2700
2010-07-26,2010-07-27T00:00:00Z,77.9000
2010-07-27,2010-07-28T00:00:00Z,75.5200
2010-07-28,2010-07-29T00:00:00Z,76.6600
2010-07-29,2010-07-30T00:00:00Z,78.6000
2010-07-30,2010-07-31T00:00:00Z,77.5000
2010-08-02,2010-08-03T00:00:00Z,81.9300
2010-08-03,2010-08-04T00:00:00Z,83.6000
2010-08-04,2010-08-05T00:00:00Z,83.7600
2010-08-05,2010-08-06T00:00:00Z,82.9000
2010-08-06,2010-08-07T00:00:00Z,81.2800
2010-08-09,2010-08-10T00:00:00Z,81.5400
2010-08-10,2010-08-11T00:00:00Z,79.8900
2010-08-11,2010-08-12T00:00:00Z,77.8300
2010-08-12,2010-08-13T00:00:00Z,76.6300
2010-08-13,2010-08-14T00:00:00Z,75.1400
2010-08-16,2010-08-17T00:00:00Z,74.5600
2010-08-17,2010-08-18T00:00:00Z,76.7400
2010-08-18,2010-08-19T00:00:00Z,75.1000
2010-08-19,2010-08-20T00:00:00Z,74.8400
2010-08-20,2010-08-21T00:00:00Z,73.4800
2010-08-23,2010-08-24T00:00:00Z,73.0800
2010-08-24,2010-08-25T00:00:00Z,70.6100
2010-08-25,2010-08-26T00:00:00Z,70.7400
2010-08-26,2010-08-27T00:00:00Z,74.5000
2010-08-27,2010-08-28T00:00:00Z,75.1600
2010-08-30,2010-08-31T00:00:00Z,76.0500
2010-08-31,2010-09-01T00:00:00Z,75.5100
2010-09-01,2010-09-02T00:00:00Z,75.5300
2010-09-02,2010-09-03T00:00:00Z,74.9300
2010-09-03,2010-09-04T00:00:00Z,75.0300
2010-09-07,2010-09-08T00:00:00Z,75.7800
2010-09-08,2010-09-09T00:00:00Z,77.4800
2010-09-09,2010-09-10T00:00:00Z,77.8700
2010-09-10,2010-09-11T00:00:00Z,77.5400
2010-09-13,2010-09-14T00:00:00Z,78.5200
2010-09-14,2010-09-15T00:00:00Z,78.8900
2010-09-15,2010-09-16T00:00:00Z,78.4600
2010-09-16,2010-09-17T00:00:00Z,78.8900
2010-09-17,2010-09-18T00:00:00Z,77.4300
2010-09-20,2010-09-21T00:00:00Z,79.4200
2010-09-21,2010-09-22T00:00:00Z,78.7600
2010-09-22,2010-09-23T00:00:00Z,77.2900
2010-09-23,2010-09-24T00:00:00Z,77.6900
2010-09-24,2010-09-25T00:00:00Z,78.7300
2010-09-27,2010-09-28T00:00:00Z,77.7100
2010-09-28,2010-09-29T00:00:00Z,79.1400
2010-09-29,2010-09-30T00:00:00Z,78.7900
2010-09-30,2010-10-01T00:00:00Z,80.7700
2010-10-01,2010-10-02T00:00:00Z,82.6900
2010-10-04,2010-10-05T00:00:00Z,83.4200
2010-10-05,2010-10-06T00:00:00Z,83.3500
2010-10-06,2010-10-07T00:00:00Z,85.0100
2010-10-07,2010-10-08T00:00:00Z,83.6700
2010-10-08,2010-10-09T00:00:00Z,83.8800
2010-10-11,2010-10-12T00:00:00Z,83.0800
2010-10-12,2010-10-13T00:00:00Z,82.9900
2010-10-13,2010-10-14T00:00:00Z,84.0100
2010-10-14,2010-10-15T00:00:00Z,83.5500
2010-10-15,2010-10-16T00:00:00Z,81.9400
2010-10-18,2010-10-19T00:00:00Z,82.3000
2010-10-19,2010-10-20T00:00:00Z,81.1200
2010-10-20,2010-10-21T00:00:00Z,81.6800
2010-10-21,2010-10-22T00:00:00Z,81.2800
2010-10-22,2010-10-23T00:00:00Z,80.7500
2010-10-25,2010-10-26T00:00:00Z,81.9100
2010-10-26,2010-10-27T00:00:00Z,82.6200
2010-10-27,2010-10-28T00:00:00Z,81.2700
2010-10-28,2010-10-29T00:00:00Z,82.9700
2010-10-29,2010-10-30T00:00:00Z,82.4700
2010-11-01,2010-11-02T00:00:00Z,84.0600
2010-11-02,2010-11-03T00:00:00Z,84.7100
2010-11-03,2010-11-04T00:00:00Z,85.3300
2010-11-04,2010-11-05T00:00:00Z,86.8300
2010-11-05,2010-11-06T00:00:00Z,87.0500
2010-11-08,2010-11-09T00:00:00Z,87.1500
2010-11-09,2010-11-10T00:00:00Z,87.9300
2010-11-10,2010-11-11T00:00:00Z,87.9200
2010-11-11,2010-11-12T00:00:00Z,88.0800
2010-11-12,2010-11-13T00:00:00Z,86.0700
2010-11-15,2010-11-16T00:00:00Z,85.4900
2010-11-16,2010-11-17T00:00:00Z,83.9800
2010-11-17,2010-11-18T00:00:00Z,83.3600
2010-11-18,2010-11-19T00:00:00Z,83.7000
2010-11-19,2010-11-20T00:00:00Z,83.1700
2010-11-22,2010-11-23T00:00:00Z,82.3400
2010-11-23,2010-11-24T00:00:00Z,82.3700
2010-11-24,2010-11-25T00:00:00Z,84.5300
2010-11-26,2010-11-27T00:00:00Z,84.7800
2010-11-29,2010-11-30T00:00:00Z,85.9000
2010-11-30,2010-12-01T00:00:00Z,86.0200
2010-12-01,2010-12-02T00:00:00Z,88.5600
2010-12-02,2010-12-03T00:00:00Z,89.3700
2010-12-03,2010-12-04T00:00:00Z,90.6500
2010-12-06,2010-12-07T00:00:00Z,91.2500
2010-12-07,2010-12-08T00:00:00Z,90.7800
2010-12-08,2010-12-09T00:00:00Z,89.7400
2010-12-09,2010-12-10T00:00:00Z,89.9300
2010-12-10,2010-12-11T00:00:00Z,89.5400
2010-12-13,2010-12-14T00:00:00Z,90.4000
2010-12-14,2010-12-15T00:00:00Z,90.6300
2010-12-15,2010-12-16T00:00:00Z,91.3300
2010-12-16,2010-12-17T00:00:00Z,91.0900
2010-12-17,2010-12-18T00:00:00Z,91.1100
2010-12-20,2010-12-21T00:00:00Z,91.3100
2010-12-21,2010-12-22T00:00:00Z,93.1100
2010-12-22,2010-12-23T00:00:00Z,93.5500
2010-12-23,2010-12-24T00:00:00Z,93.6300
2010-12-27,2010-12-28T00:00:00Z,93.0800
2010-12-28,2010-12-29T00:00:00Z,93.5200
2010-12-29,2010-12-30T00:00:00Z,93.5200
2010-12-30,2010-12-31T00:00:00Z,92.5000
2010-12-31,2011-01-01T00:00:00Z,93.2300
2011-01-03,2011-01-04T00:00:00Z,95.8200
2011-01-04,2011-01-05T00:00:00Z,93.5200
2011-01-05,2011-01-06T00:00:00Z,95.0700
2011-01-06,2011-01-07T00:00:00Z,94.9500
2011-01-07,2011-01-08T00:00:00Z,94.2500
2011-01-10,2011-01-11T00:00:00Z,95.0500
2011-01-11,2011-01-12T00:00:00Z,96.8000
2011-01-12,2011-01-13T00:00:00Z,97.8600
2011-01-13,2011-01-14T00:00:00Z,97.8600
2011-01-14,2011-01-15T00:00:00Z,97.8600
2011-01-18,2011-01-19T00:00:00Z,97.8300
2011-01-19,2011-01-20T00:00:00Z,98.4200
2011-01-20,2011-01-21T00:00:00Z,96.2700
2011-01-21,2011-01-22T00:00:00Z,96.8400
2011-01-24,2011-01-25T00:00:00Z,96.7600
2011-01-25,2011-01-26T00:00:00Z,96.7600
2011-01-26,2011-01-27T00:00:00Z,96.0400
2011-01-27,2011-01-28T00:00:00Z,96.4800
2011-01-28,2011-01-29T00:00:00Z,97.0600
2011-01-31,2011-02-01T00:00:00Z,98.9700
2011-02-01,2011-02-02T00:00:00Z,100.4000
2011-02-02,2011-02-03T00:00:00Z,101.3000
2011-02-03,2011-02-04T00:00:00Z,101.6900
2011-02-04,2011-02-05T00:00:00Z,99.4300
2011-02-07,2011-02-08T00:00:00Z,99.4400
2011-02-08,2011-02-09T00:00:00Z,99.2500
2011-02-09,2011-02-10T00:00:00Z,100.1600
2011-02-10,2011-02-11T00:00:00Z,100.7400
2011-02-11,2011-02-12T00:00:00Z,99.9300
2011-02-14,2011-02-15T00:00:00Z,103.1200
2011-02-15,2011-02-16T00:00:00Z,102.4800
2011-02-16,2011-02-17T00:00:00Z,102.7800
2011-02-17,2011-02-18T00:00:00Z,103.4500
2011-02-18,2011-02-19T00:00:00Z,102.2000
2011-02-22,2011-02-23T00:00:00Z,106.8200
2011-02-23,2011-02-24T00:00:00Z,109.7700
2011-02-24,2011-02-25T00:00:00Z,113.9100
2011-02-25,2011-02-26T00:00:00Z,111.4700
2011-02-28,2011-03-01T00:00:00Z,112.2700
2011-03-01,2011-03-02T00:00:00Z,113.3400
2011-03-02,2011-03-03T00:00:00Z,116.8900
2011-03-03,2011-03-04T00:00:00Z,114.4200
2011-03-04,2011-03-05T00:00:00Z,115.7100
2011-03-07,2011-03-08T00:00:00Z,116.5800
2011-03-08,2011-03-09T00:00:00Z,112.3200
2011-03-09,2011-03-10T00:00:00Z,115.1900
2011-03-10,2011-03-11T00:00:00Z,114.0700
2011-03-11,2011-03-12T00:00:00Z,114.0700
2011-03-14,2011-03-15T00:00:00Z,112.9500
2011-03-15,2011-03-16T00:00:00Z,111.1100
2011-03-16,2011-03-17T00:00:00Z,110.9600
2011-03-17,2011-03-18T00:00:00Z,114.1800
2011-03-18,2011-03-19T00:00:00Z,114.1300
2011-03-21,2011-03-22T00:00:00Z,114.9200
2011-03-22,2011-03-23T00:00:00Z,115.6300
2011-03-23,2011-03-24T00:00:00Z,115.6500
2011-03-24,2011-03-25T00:00:00Z,115.4100
2011-03-25,2011-03-26T00:00:00Z,115.4500
2011-03-28,2011-03-29T00:00:00Z,115.9500
2011-03-29,2011-03-30T00:00:00Z,115.5800
2011-03-30,2011-03-31T00:00:00Z,115.3500
2011-03-31,2011-04-01T00:00:00Z,116.9400
2011-04-01,2011-04-02T00:00:00Z,118.6300
2011-04-04,2011-04-05T00:00:00Z,120.0700
2011-04-05,2011-04-06T00:00:00Z,122.8700
2011-04-06,2011-04-07T00:00:00Z,123.0100
2011-04-07,2011-04-08T00:00:00Z,122.9000
2011-04-08,2011-04-09T00:00:00Z,126.3000
2011-04-11,2011-04-12T00:00:00Z,126.4600
2011-04-12,2011-04-13T00:00:00Z,121.3300
2011-04-13,2011-04-14T00:00:00Z,122.7000
2011-04-14,2011-04-15T00:00:00Z,122.7400
2011-04-15,2011-04-16T00:00:00Z,124.6300
2011-04-18,2011-04-19T00:00:00Z,121.6900
2011-04-19,2011-04-20T00:00:00Z,121.3500
2011-04-20,2011-04-21T00:00:00Z,124.2600
2011-04-21,2011-04-22T00:00:00Z,123.6400
2011-04-26,2011-04-27T00:00:00Z,124.5500
2011-04-27,2011-04-28T00:00:00Z,124.9400
2011-04-28,2011-04-29T00:00:00Z,126.5900
2011-05-02,2011-05-03T00:00:00Z,126.6400
2011-05-03,2011-05-04T00:00:00Z,124.0100
2011-05-04,2011-05-05T00:00:00Z,121.5500
2011-05-05,2011-05-06T00:00:00Z,111.9300
2011-05-06,2011-05-07T00:00:00Z,113.6900
2011-05-09,2011-05-10T00:00:00Z,113.2100
2011-05-10,2011-05-11T00:00:00Z,117.8200
2011-05-11,2011-05-12T00:00:00Z,115.6600
2011-05-12,2011-05-13T00:00:00Z,112.8700
2011-05-13,2011-05-14T00:00:00Z,113.0800
2011-05-16,2011-05-17T00:00:00Z,113.7200
2011-05-17,2011-05-18T00:00:00Z,109.3900
2011-05-18,2011-05-19T00:00:00Z,112.5400
2011-05-19,2011-05-20T00:00:00Z,113.2000
2011-05-20,2011-05-21T00:00:00Z,111.2500
2011-05-23,2011-05-24T00:00:00Z,110.1300
2011-05-24,2011-05-25T00:00:00Z,112.5200
2011-05-25,2011-05-26T00:00:00Z,114.4700
2011-05-26,2011-05-27T00:00:00Z,115.0600
2011-05-27,2011-05-28T00:00:00Z,114.8500
2011-05-31,2011-06-01T00:00:00Z,117.1800
2011-06-01,2011-06-02T00:00:00Z,116.1500
2011-06-02,2011-06-03T00:00:00Z,114.3000
2011-06-03,2011-06-04T00:00:00Z,115.0900
2011-06-06,2011-06-07T00:00:00Z,115.4000
2011-06-07,2011-06-08T00:00:00Z,116.1400
2011-06-08,2011-06-09T00:00:00Z,118.4300
2011-06-09,2011-06-10T00:00:00Z,119.9500
2011-06-10,2011-06-11T00:00:00Z,118.7100
2011-06-13,2011-06-14T00:00:00Z,120.4900
2011-06-14,2011-06-15T00:00:00Z,120.3500
2011-06-15,2011-06-16T00:00:00Z,114.6700
2011-06-16,2011-06-17T00:00:00Z,114.6900
2011-06-17,2011-06-18T00:00:00Z,113.7400
2011-06-20,2011-06-21T00:00:00Z,112.2100
2011-06-21,2011-06-22T00:00:00Z,112.0200
2011-06-22,2011-06-23T00:00:00Z,113.5900
2011-06-23,2011-06-24T00:00:00Z,108.2700
2011-06-24,2011-06-25T00:00:00Z,104.7900
2011-06-27,2011-06-28T00:00:00Z,104.5700
2011-06-28,2011-06-29T00:00:00Z,107.5700
2011-06-29,2011-06-30T00:00:00Z,111.4900
2011-06-30,2011-07-01T00:00:00Z,111.7100
2011-07-01,2011-07-02T00:00:00Z,109.8200
2011-07-05,2011-07-06T00:00:00Z,113.2100
2011-07-06,2011-07-07T00:00:00Z,113.5500
2011-07-07,2011-07-08T00:00:00Z,117.4000
2011-07-08,2011-07-09T00:00:00Z,117.4000
2011-07-11,2011-07-12T00:00:00Z,117.3500
2011-07-12,2011-07-13T00:00:00Z,117.3600
2011-07-13,2011-07-14T00:00:00Z,118.4600
2011-07-14,2011-07-15T00:00:00Z,117.3800
2011-07-15,2011-07-16T00:00:00Z,118.0600
2011-07-18,2011-07-19T00:00:00Z,117.0500
2011-07-19,2011-07-20T00:00:00Z,118.1800
2011-07-20,2011-07-21T00:00:00Z,118.5200
2011-07-21,2011-07-22T00:00:00Z,118.2500
2011-07-22,2011-07-23T00:00:00Z,118.9900
2011-07-25,2011-07-26T00:00:00Z,118.2700
2011-07-26,2011-07-27T00:00:00Z,118.1400
2011-07-27,2011-07-28T00:00:00Z,117.9900
2011-07-28,2011-07-29T00:00:00Z,118.1600
2011-07-29,2011-07-30T00:00:00Z,115.9300
2011-08-01,2011-08-02T00:00:00Z,116.3700
2011-08-02,2011-08-03T00:00:00Z,116.0200
2011-08-03,2011-08-04T00:00:00Z,113.7400
2011-08-04,2011-08-05T00:00:00Z,110.2200
2011-08-05,2011-08-06T00:00:00Z,106.9200
2011-08-08,2011-08-09T00:00:00Z,103.0600
2011-08-09,2011-08-10T00:00:00Z,103.6300
2011-08-10,2011-08-11T00:00:00Z,103.8400
2011-08-11,2011-08-12T00:00:00Z,107.8200
2011-08-12,2011-08-13T00:00:00Z,108.1700
2011-08-15,2011-08-16T00:00:00Z,108.8900
2011-08-16,2011-08-17T00:00:00Z,109.6900
2011-08-17,2011-08-18T00:00:00Z,111.3700
2011-08-18,2011-08-19T00:00:00Z,108.3600
2011-08-19,2011-08-20T00:00:00Z,109.3700
2011-08-22,2011-08-23T00:00:00Z,108.8300
2011-08-23,2011-08-24T00:00:00Z,110.3500
2011-08-24,2011-08-25T00:00:00Z,111.9100
2011-08-25,2011-08-26T00:00:00Z,111.9100
2011-08-26,2011-08-27T00:00:00Z,112.2900
2011-08-30,2011-08-31T00:00:00Z,115.5900
2011-08-31,2011-09-01T00:00:00Z,116.4800
2011-09-01,2011-09-02T00:00:00Z,116.4300
2011-09-02,2011-09-03T00:00:00Z,115.9200
2011-09-06,2011-09-07T00:00:00Z,113.2900
2011-09-07,2011-09-08T00:00:00Z,117.5000
2011-09-08,2011-09-09T00:00:00Z,117.9900
2011-09-09,2011-09-10T00:00:00Z,115.1000
2011-09-12,2011-09-13T00:00:00Z,114.7500
2011-09-13,2011-09-14T00:00:00Z,114.0800
2011-09-14,2011-09-15T00:00:00Z,113.1000
2011-09-15,2011-09-16T00:00:00Z,116.7100
2011-09-16,2011-09-17T00:00:00Z,116.2600
2011-09-19,2011-09-20T00:00:00Z,112.8900
2011-09-20,2011-09-21T00:00:00Z,114.3900
2011-09-21,2011-09-22T00:00:00Z,114.2600
2011-09-22,2011-09-23T00:00:00Z,109.2100
2011-09-23,2011-09-24T00:00:00Z,109.1700
2011-09-26,2011-09-27T00:00:00Z,107.9000
2011-09-27,2011-09-28T00:00:00Z,109.5400
2011-09-28,2011-09-29T00:00:00Z,108.5200
2011-09-29,2011-09-30T00:00:00Z,107.0800
2011-09-30,2011-10-01T00:00:00Z,105.4200
2011-10-03,2011-10-04T00:00:00Z,103.6100
2011-10-04,2011-10-05T00:00:00Z,101.8400
2011-10-05,2011-10-06T00:00:00Z,103.7700
2011-10-06,2011-10-07T00:00:00Z,104.3800
2011-10-07,2011-10-08T00:00:00Z,106.5600
2011-10-10,2011-10-11T00:00:00Z,109.4900
2011-10-11,2011-10-12T00:00:00Z,109.2200
2011-10-12,2011-10-13T00:00:00Z,112.4400
2011-10-13,2011-10-14T00:00:00Z,112.4500
2011-10-14,2011-10-15T00:00:00Z,114.3300
2011-10-17,2011-10-18T00:00:00Z,112.9200
2011-10-18,2011-10-19T00:00:00Z,112.0800
2011-10-19,2011-10-20T00:00:00Z,111.7600
2011-10-20,2011-10-21T00:00:00Z,109.0000
2011-10-21,2011-10-22T00:00:00Z,111.6000
2011-10-24,2011-10-25T00:00:00Z,111.6700
2011-10-25,2011-10-26T00:00:00Z,112.1100
2011-10-26,2011-10-27T00:00:00Z,110.4300
2011-10-27,2011-10-28T00:00:00Z,112.4500
2011-10-28,2011-10-29T00:00:00Z,110.0100
2011-10-31,2011-11-01T00:00:00Z,108.4300
2011-11-01,2011-11-02T00:00:00Z,106.9700
2011-11-02,2011-11-03T00:00:00Z,110.8200
2011-11-03,2011-11-04T00:00:00Z,110.7600
2011-11-04,2011-11-05T00:00:00Z,112.2200
2011-11-07,2011-11-08T00:00:00Z,114.7500
2011-11-08,2011-11-09T00:00:00Z,115.6100
2011-11-09,2011-11-10T00:00:00Z,115.2900
2011-11-10,2011-11-11T00:00:00Z,113.3200
2011-11-11,2011-11-12T00:00:00Z,114.4300
2011-11-14,2011-11-15T00:00:00Z,112.5700
2011-11-15,2011-11-16T00:00:00Z,111.9000
2011-11-16,2011-11-17T00:00:00Z,111.9100
2011-11-17,2011-11-18T00:00:00Z,109.2500
2011-11-18,2011-11-19T00:00:00Z,107.8200
2011-11-21,2011-11-22T00:00:00Z,105.9800
2011-11-22,2011-11-23T00:00:00Z,107.7700
2011-11-23,2011-11-24T00:00:00Z,106.8300
2011-11-25,2011-11-26T00:00:00Z,106.0800
2011-11-28,2011-11-29T00:00:00Z,109.3800
2011-11-29,2011-11-30T00:00:00Z,111.2500
2011-11-30,2011-12-01T00:00:00Z,111.2200
2011-12-01,2011-12-02T00:00:00Z,108.8300
2011-12-02,2011-12-03T00:00:00Z,109.5900
2011-12-05,2011-12-06T00:00:00Z,110.1800
2011-12-06,2011-12-07T00:00:00Z,110.1600
2011-12-07,2011-12-08T00:00:00Z,110.0700
2011-12-08,2011-12-09T00:00:00Z,108.2300
2011-12-09,2011-12-10T00:00:00Z,107.9100
2011-12-12,2011-12-13T00:00:00Z,107.8200
2011-12-13,2011-12-14T00:00:00Z,109.2500
2011-12-14,2011-12-15T00:00:00Z,105.7200
2011-12-15,2011-12-16T00:00:00Z,104.5200
2011-12-16,2011-12-17T00:00:00Z,104.0000
2011-12-19,2011-12-20T00:00:00Z,104.5500
2011-12-20,2011-12-21T00:00:00Z,107.8000
2011-12-21,2011-12-22T00:00:00Z,108.0000
2011-12-22,2011-12-23T00:00:00Z,108.9800
2011-12-23,2011-12-24T00:00:00Z,109.2800
2011-12-28,2011-12-29T00:00:00Z,107.5400
2011-12-29,2011-12-30T00:00:00Z,106.8900
2011-12-30,2011-12-31T00:00:00Z,108.0900
2012-01-03,2012-01-04T00:00:00Z,111.1200
2012-01-04,2012-01-05T00:00:00Z,113.3700
2012-01-05,2012-01-06T00:00:00Z,113.5900
2012-01-06,2012-01-07T00:00:00Z,111.9600
2012-01-09,2012-01-10T00:00:00Z,111.0700
2012-01-10,2012-01-11T00:00:00Z,113.3000
2012-01-11,2012-01-12T00:00:00Z,111.6600
2012-01-12,2012-01-13T00:00:00Z,112.9700
2012-01-13,2012-01-14T00:00:00Z,109.8800
2012-01-17,2012-01-18T00:00:00Z,110.5500
2012-01-18,2012-01-19T00:00:00Z,109.8100
2012-01-19,2012-01-20T00:00:00Z,109.5400
2012-01-20,2012-01-21T00:00:00Z,108.5000
2012-01-23,2012-01-24T00:00:00Z,109.4600
2012-01-24,2012-01-25T00:00:00Z,108.3800
2012-01-25,2012-01-26T00:00:00Z,108.4800
2012-01-26,2012-01-27T00:00:00Z,109.0800
2012-01-27,2012-01-28T00:00:00Z,110.5000
2012-01-30,2012-01-31T00:00:00Z,110.2400
2012-01-31,2012-02-01T00:00:00Z,110.2600
2012-02-01,2012-02-02T00:00:00Z,111.9600
2012-02-02,2012-02-03T00:00:00Z,110.9600
2012-02-03,2012-02-04T00:00:00Z,112.5600
2012-02-06,2012-02-07T00:00:00Z,115.4700
2012-02-07,2012-02-08T00:00:00Z,116.8600
2012-02-08,2012-02-09T00:00:00Z,117.1800
2012-02-09,2012-02-10T00:00:00Z,118.4000
2012-02-10,2012-02-11T00:00:00Z,118.1300
2012-02-13,2012-02-14T00:00:00Z,118.7300
2012-02-14,2012-02-15T00:00:00Z,118.3000
2012-02-15,2012-02-16T00:00:00Z,120.2500
2012-02-16,2012-02-17T00:00:00Z,121.0000
2012-02-17,2012-02-18T00:00:00Z,120.6900
2012-02-21,2012-02-22T00:00:00Z,120.8500
2012-02-22,2012-02-23T00:00:00Z,123.0700
2012-02-23,2012-02-24T00:00:00Z,124.5300
2012-02-24,2012-02-25T00:00:00Z,124.8900
2012-02-27,2012-02-28T00:00:00Z,126.4600
2012-02-28,2012-02-29T00:00:00Z,124.0200
2012-02-29,2012-03-01T00:00:00Z,122.2300
2012-03-01,2012-03-02T00:00:00Z,125.7600
2012-03-02,2012-03-03T00:00:00Z,125.9300
2012-03-05,2012-03-06T00:00:00Z,126.6800
2012-03-06,2012-03-07T00:00:00Z,125.0300
2012-03-07,2012-03-08T00:00:00Z,125.3700
2012-03-08,2012-03-09T00:00:00Z,127.9600
2012-03-09,2012-03-10T00:00:00Z,128.0800
2012-03-12,2012-03-13T00:00:00Z,127.2700
2012-03-13,2012-03-14T00:00:00Z,128.1400
2012-03-14,2012-03-15T00:00:00Z,126.9800
2012-03-15,2012-03-16T00:00:00Z,123.6300
2012-03-16,2012-03-17T00:00:00Z,125.0900
2012-03-19,2012-03-20T00:00:00Z,125.7600
2012-03-20,2012-03-21T00:00:00Z,124.3800
2012-03-21,2012-03-22T00:00:00Z,123.8900
2012-03-22,2012-03-23T00:00:00Z,122.4900
2012-03-23,2012-03-24T00:00:00Z,125.2100
2012-03-26,2012-03-27T00:00:00Z,125.8500
2012-03-27,2012-03-28T00:00:00Z,125.2500
2012-03-28,2012-03-29T00:00:00Z,124.4100
2012-03-29,2012-03-30T00:00:00Z,123.2300
2012-03-30,2012-03-31T00:00:00Z,123.4100
2012-04-02,2012-04-03T00:00:00Z,124.4400
2012-04-04,2012-04-05T00:00:00Z,123.0400
2012-04-05,2012-04-06T00:00:00Z,123.5800
2012-04-10,2012-04-11T00:00:00Z,121.8900
2012-04-11,2012-04-12T00:00:00Z,120.4100
2012-04-12,2012-04-13T00:00:00Z,120.5700
2012-04-13,2012-04-14T00:00:00Z,120.6200
2012-04-16,2012-04-17T00:00:00Z,118.2300
2012-04-17,2012-04-18T00:00:00Z,117.4100
2012-04-18,2012-04-19T00:00:00Z,115.1800
2012-04-19,2012-04-20T00:00:00Z,117.0000
2012-04-20,2012-04-21T00:00:00Z,118.0800
2012-04-23,2012-04-24T00:00:00Z,116.6600
2012-04-24,2012-04-25T00:00:00Z,117.7400
2012-04-25,2012-04-26T00:00:00Z,117.4500
2012-04-26,2012-04-27T00:00:00Z,119.3300
2012-04-27,2012-04-28T00:00:00Z,119.3000
2012-04-30,2012-05-01T00:00:00Z,118.6600
2012-05-01,2012-05-02T00:00:00Z,119.5700
2012-05-02,2012-05-03T00:00:00Z,117.5700
2012-05-03,2012-05-04T00:00:00Z,115.9100
2012-05-04,2012-05-05T00:00:00Z,111.6600
2012-05-08,2012-05-09T00:00:00Z,110.4800
2012-05-09,2012-05-10T00:00:00Z,111.8900
2012-05-10,2012-05-11T00:00:00Z,112.2400
2012-05-11,2012-05-12T00:00:00Z,112.5000
2012-05-14,2012-05-15T00:00:00Z,110.7900
2012-05-15,2012-05-16T00:00:00Z,111.4000
2012-05-16,2012-05-17T00:00:00Z,109.8000
2012-05-17,2012-05-18T00:00:00Z,109.3100
2012-05-18,2012-05-19T00:00:00Z,108.0300
2012-05-21,2012-05-22T00:00:00Z,109.0200
2012-05-22,2012-05-23T00:00:00Z,109.7600
2012-05-23,2012-05-24T00:00:00Z,106.8800
2012-05-24,2012-05-25T00:00:00Z,107.2000
2012-05-25,2012-05-26T00:00:00Z,107.8600
2012-05-29,2012-05-30T00:00:00Z,107.5500
2012-05-30,2012-05-31T00:00:00Z,103.8500
2012-05-31,2012-06-01T00:00:00Z,103.8600
2012-06-01,2012-06-02T00:00:00Z,98.6300
2012-06-04,2012-06-05T00:00:00Z,97.7400
2012-06-05,2012-06-06T00:00:00Z,98.6500
2012-06-06,2012-06-07T00:00:00Z,101.1400
2012-06-07,2012-06-08T00:00:00Z,100.0500
2012-06-08,2012-06-09T00:00:00Z,97.5700
2012-06-11,2012-06-12T00:00:00Z,98.6000
2012-06-12,2012-06-13T00:00:00Z,96.5900
2012-06-13,2012-06-14T00:00:00Z,97.2900
2012-06-14,2012-06-15T00:00:00Z,96.4600
2012-06-15,2012-06-16T00:00:00Z,97.1300
2012-06-18,2012-06-19T00:00:00Z,95.2100
2012-06-19,2012-06-20T00:00:00Z,95.1400
2012-06-20,2012-06-21T00:00:00Z,93.5000
2012-06-21,2012-06-22T00:00:00Z,89.2200
2012-06-22,2012-06-23T00:00:00Z,89.2200
2012-06-25,2012-06-26T00:00:00Z,88.6900
2012-06-26,2012-06-27T00:00:00Z,90.1900
2012-06-27,2012-06-28T00:00:00Z,92.0600
2012-06-28,2012-06-29T00:00:00Z,91.0200
2012-06-29,2012-06-30T00:00:00Z,94.1700
2012-07-02,2012-07-03T00:00:00Z,95.2800
2012-07-03,2012-07-04T00:00:00Z,99.8900
2012-07-05,2012-07-06T00:00:00Z,101.5400
2012-07-06,2012-07-07T00:00:00Z,98.5000
2012-07-09,2012-07-10T00:00:00Z,99.9400
2012-07-10,2012-07-11T00:00:00Z,99.1500
2012-07-11,2012-07-12T00:00:00Z,99.2300
2012-07-12,2012-07-13T00:00:00Z,99.1800
2012-07-13,2012-07-14T00:00:00Z,101.9100
2012-07-16,2012-07-17T00:00:00Z,102.1000
2012-07-17,2012-07-18T00:00:00Z,104.2100
2012-07-18,2012-07-19T00:00:00Z,105.9200
2012-07-19,2012-07-20T00:00:00Z,107.7900
2012-07-20,2012-07-21T00:00:00Z,106.9800
2012-07-23,2012-07-24T00:00:00Z,103.9100
2012-07-24,2012-07-25T00:00:00Z,103.5700
2012-07-25,2012-07-26T00:00:00Z,102.3500
2012-07-26,2012-07-27T00:00:00Z,104.7700
2012-07-27,2012-07-28T00:00:00Z,106.3000
2012-07-30,2012-07-31T00:00:00Z,106.5400
2012-07-31,2012-08-01T00:00:00Z,105.9300
2012-08-01,2012-08-02T00:00:00Z,106.7800
2012-08-02,2012-08-03T00:00:00Z,107.5500
2012-08-03,2012-08-04T00:00:00Z,109.5700
2012-08-06,2012-08-07T00:00:00Z,110.0100
2012-08-07,2012-08-08T00:00:00Z,112.3900
2012-08-08,2012-08-09T00:00:00Z,113.4200
2012-08-09,2012-08-10T00:00:00Z,113.5200
2012-08-10,2012-08-11T00:00:00Z,113.1300
2012-08-13,2012-08-14T00:00:00Z,114.4800
2012-08-14,2012-08-15T00:00:00Z,113.9000
2012-08-15,2012-08-16T00:00:00Z,115.5100
2012-08-16,2012-08-17T00:00:00Z,116.1200
2012-08-17,2012-08-18T00:00:00Z,115.2000
2012-08-20,2012-08-21T00:00:00Z,115.5000
2012-08-21,2012-08-22T00:00:00Z,116.0300
2012-08-22,2012-08-23T00:00:00Z,115.7700
2012-08-23,2012-08-24T00:00:00Z,117.4500
2012-08-24,2012-08-25T00:00:00Z,115.7600
2012-08-27,2012-08-28T00:00:00Z,113.7400
2012-08-28,2012-08-29T00:00:00Z,112.6200
2012-08-29,2012-08-30T00:00:00Z,112.5300
2012-08-30,2012-08-31T00:00:00Z,112.2800
2012-08-31,2012-09-01T00:00:00Z,113.9300
2012-09-04,2012-09-05T00:00:00Z,114.9800
2012-09-05,2012-09-06T00:00:00Z,113.3200
2012-09-06,2012-09-07T00:00:00Z,114.5000
2012-09-07,2012-09-08T00:00:00Z,113.6400
2012-09-10,2012-09-11T00:00:00Z,113.8400
2012-09-11,2012-09-12T00:00:00Z,114.8600
2012-09-12,2012-09-13T00:00:00Z,114.8600
2012-09-13,2012-09-14T00:00:00Z,116.0000
2012-09-14,2012-09-15T00:00:00Z,117.4800
2012-09-17,2012-09-18T00:00:00Z,116.7000
2012-09-18,2012-09-19T00:00:00Z,113.2900
2012-09-19,2012-09-20T00:00:00Z,108.4900
2012-09-20,2012-09-21T00:00:00Z,109.4100
2012-09-21,2012-09-22T00:00:00Z,111.2700
2012-09-24,2012-09-25T00:00:00Z,109.2000
2012-09-25,2012-09-26T00:00:00Z,110.7700
2012-09-26,2012-09-27T00:00:00Z,108.9900
2012-09-27,2012-09-28T00:00:00Z,111.4500
2012-09-28,2012-09-29T00:00:00Z,111.3600
2012-10-01,2012-10-02T00:00:00Z,112.5800
2012-10-02,2012-10-03T00:00:00Z,112.4900
2012-10-03,2012-10-04T00:00:00Z,109.3200
2012-10-04,2012-10-05T00:00:00Z,110.4800
2012-10-05,2012-10-06T00:00:00Z,112.1700
2012-10-08,2012-10-09T00:00:00Z,112.6000
2012-10-09,2012-10-10T00:00:00Z,114.3200
2012-10-10,2012-10-11T00:00:00Z,116.1100
2012-10-11,2012-10-12T00:00:00Z,116.1800
2012-10-12,2012-10-13T00:00:00Z,115.1700
2012-10-15,2012-10-16T00:00:00Z,115.0000
2012-10-16,2012-10-17T00:00:00Z,115.0000
2012-10-17,2012-10-18T00:00:00Z,113.4900
2012-10-18,2012-10-19T00:00:00Z,112.5800
2012-10-19,2012-10-20T00:00:00Z,111.8900
2012-10-22,2012-10-23T00:00:00Z,109.6200
2012-10-23,2012-10-24T00:00:00Z,107.5300
2012-10-24,2012-10-25T00:00:00Z,107.6600
2012-10-25,2012-10-26T00:00:00Z,107.6400
2012-10-26,2012-10-27T00:00:00Z,108.9000
2012-10-29,2012-10-30T00:00:00Z,109.3300
2012-10-30,2012-10-31T00:00:00Z,109.4000
2012-10-31,2012-11-01T00:00:00Z,109.8900
2012-11-01,2012-11-02T00:00:00Z,108.8400
2012-11-02,2012-11-03T00:00:00Z,106.7900
2012-11-05,2012-11-06T00:00:00Z,105.5900
2012-11-06,2012-11-07T00:00:00Z,109.2700
2012-11-07,2012-11-08T00:00:00Z,108.2100
2012-11-08,2012-11-09T00:00:00Z,107.2300
2012-11-09,2012-11-10T00:00:00Z,108.6100
2012-11-12,2012-11-13T00:00:00Z,110.2300
2012-11-13,2012-11-14T00:00:00Z,108.8200
2012-11-14,2012-11-15T00:00:00Z,109.6600
2012-11-15,2012-11-16T00:00:00Z,110.0700
2012-11-16,2012-11-17T00:00:00Z,106.8100
2012-11-19,2012-11-20T00:00:00Z,110.0600
2012-11-20,2012-11-21T00:00:00Z,110.0100
2012-11-21,2012-11-22T00:00:00Z,110.8100
2012-11-23,2012-11-24T00:00:00Z,110.1400
2012-11-26,2012-11-27T00:00:00Z,110.1800
2012-11-27,2012-11-28T00:00:00Z,109.3300
2012-11-28,2012-11-29T00:00:00Z,108.2600
2012-11-29,2012-11-30T00:00:00Z,110.4700
2012-11-30,2012-12-01T00:00:00Z,110.8400
2012-12-03,2012-12-04T00:00:00Z,111.2700
2012-12-04,2012-12-05T00:00:00Z,109.9900
2012-12-05,2012-12-06T00:00:00Z,108.9600
2012-12-06,2012-12-07T00:00:00Z,108.0100
2012-12-07,2012-12-08T00:00:00Z,107.1600
2012-12-10,2012-12-11T00:00:00Z,108.2500
2012-12-11,2012-12-12T00:00:00Z,107.6000
2012-12-12,2012-12-13T00:00:00Z,110.1700
2012-12-13,2012-12-14T00:00:00Z,110.1800
2012-12-14,2012-12-15T00:00:00Z,109.2800
2012-12-17,2012-12-18T00:00:00Z,109.3500
2012-12-18,2012-12-19T00:00:00Z,109.9600
2012-12-19,2012-12-20T00:00:00Z,109.9500
2012-12-20,2012-12-21T00:00:00Z,110.5700
2012-12-21,2012-12-22T00:00:00Z,109.1300
2012-12-24,2012-12-25T00:00:00Z,108.4400
2012-12-26,2012-12-27T00:00:00Z,110.7200
2012-12-27,2012-12-28T00:00:00Z,110.0400
2012-12-28,2012-12-29T00:00:00Z,110.0500
2012-12-31,2013-01-01T00:00:00Z,110.8000
2013-01-02,2013-01-03T00:00:00Z,112.9800
2013-01-03,2013-01-04T00:00:00Z,113.0300
2013-01-04,2013-01-05T00:00:00Z,112.5800
2013-01-07,2013-01-08T00:00:00Z,112.4900
2013-01-08,2013-01-09T00:00:00Z,113.0300
2013-01-09,2013-01-10T00:00:00Z,113.0700
2013-01-10,2013-01-11T00:00:00Z,112.9700
2013-01-11,2013-01-12T00:00:00Z,110.3000
2013-01-14,2013-01-15T00:00:00Z,111.3200
2013-01-15,2013-01-16T00:00:00Z,111.7200
2013-01-16,2013-01-17T00:00:00Z,110.9700
2013-01-17,2013-01-18T00:00:00Z,111.0100
2013-01-18,2013-01-19T00:00:00Z,111.7100
2013-01-22,2013-01-23T00:00:00Z,112.7200
2013-01-23,2013-01-24T00:00:00Z,113.6800
2013-01-24,2013-01-25T00:00:00Z,114.5900
2013-01-25,2013-01-26T00:00:00Z,113.8800
2013-01-28,2013-01-29T00:00:00Z,113.9200
2013-01-29,2013-01-30T00:00:00Z,115.2200
2013-01-30,2013-01-31T00:00:00Z,115.4200
2013-01-31,2013-02-01T00:00:00Z,115.5500
2013-02-01,2013-02-02T00:00:00Z,115.5500
2013-02-04,2013-02-05T00:00:00Z,116.0600
2013-02-05,2013-02-06T00:00:00Z,117.0300
2013-02-06,2013-02-07T00:00:00Z,116.6100
2013-02-07,2013-02-08T00:00:00Z,117.1700
2013-02-08,2013-02-09T00:00:00Z,118.9000
2013-02-11,2013-02-12T00:00:00Z,118.2900
2013-02-12,2013-02-13T00:00:00Z,117.8900
2013-02-13,2013-02-14T00:00:00Z,118.4300
2013-02-14,2013-02-15T00:00:00Z,118.4800
2013-02-15,2013-02-16T00:00:00Z,117.4000
2013-02-19,2013-02-20T00:00:00Z,117.0400
2013-02-20,2013-02-21T00:00:00Z,116.2300
2013-02-21,2013-02-22T00:00:00Z,114.1900
2013-02-22,2013-02-23T00:00:00Z,113.7400
2013-02-25,2013-02-26T00:00:00Z,114.5500
2013-02-26,2013-02-27T00:00:00Z,112.9600
2013-02-27,2013-02-28T00:00:00Z,112.2400
2013-02-28,2013-03-01T00:00:00Z,112.2000
2013-03-01,2013-03-02T00:00:00Z,110.1400
2013-03-04,2013-03-05T00:00:00Z,109.9000
2013-03-05,2013-03-06T00:00:00Z,110.4200
2013-03-06,2013-03-07T00:00:00Z,110.2700
2013-03-07,2013-03-08T00:00:00Z,110.4200
2013-03-08,2013-03-09T00:00:00Z,108.9100
2013-03-11,2013-03-12T00:00:00Z,108.6400
2013-03-12,2013-03-13T00:00:00Z,108.4800
2013-03-13,2013-03-14T00:00:00Z,107.5100
2013-03-14,2013-03-15T00:00:00Z,108.1000
2013-03-15,2013-03-16T00:00:00Z,109.3200
2013-03-18,2013-03-19T00:00:00Z,108.5400
2013-03-19,2013-03-20T00:00:00Z,106.9100
2013-03-20,2013-03-21T00:00:00Z,108.2700
2013-03-21,2013-03-22T00:00:00Z,106.4100
2013-03-22,2013-03-23T00:00:00Z,106.5100
2013-03-25,2013-03-26T00:00:00Z,106.6600
2013-03-26,2013-03-27T00:00:00Z,107.1000
2013-03-27,2013-03-28T00:00:00Z,108.5100
2013-03-28,2013-03-29T00:00:00Z,108.4600
2013-04-01,2013-04-02T00:00:00Z,108.7600
2013-04-02,2013-04-03T00:00:00Z,109.6600
2013-04-03,2013-04-04T00:00:00Z,107.8200
2013-04-04,2013-04-05T00:00:00Z,105.0900
2013-04-05,2013-04-06T00:00:00Z,103.9800
2013-04-08,2013-04-09T00:00:00Z,103.1600
2013-04-09,2013-04-10T00:00:00Z,104.0800
2013-04-10,2013-04-11T00:00:00Z,104.8000
2013-04-11,2013-04-12T00:00:00Z,103.6200
2013-04-12,2013-04-13T00:00:00Z,100.5800
2013-04-15,2013-04-16T00:00:00Z,99.3200
2013-04-16,2013-04-17T00:00:00Z,97.8800
2013-04-17,2013-04-18T00:00:00Z,96.8400
2013-04-18,2013-04-19T00:00:00Z,97.4800
2013-04-19,2013-04-20T00:00:00Z,98.9400
2013-04-22,2013-04-23T00:00:00Z,99.0700
2013-04-23,2013-04-24T00:00:00Z,99.2500
2013-04-24,2013-04-25T00:00:00Z,100.7100
2013-04-25,2013-04-26T00:00:00Z,101.6200
2013-04-26,2013-04-27T00:00:00Z,102.3900
2013-04-29,2013-04-30T00:00:00Z,102.8800
2013-04-30,2013-05-01T00:00:00Z,101.5300
2013-05-01,2013-05-02T00:00:00Z,98.3400
2013-05-02,2013-05-03T00:00:00Z,100.3200
2013-05-03,2013-05-04T00:00:00Z,104.6000
2013-05-06,2013-05-07T00:00:00Z,105.0000
2013-05-07,2013-05-08T00:00:00Z,105.1800
2013-05-08,2013-05-09T00:00:00Z,103.7900
2013-05-09,2013-05-10T00:00:00Z,103.5900
2013-05-10,2013-05-11T00:00:00Z,101.3100
2013-05-13,2013-05-14T00:00:00Z,102.1700
2013-05-14,2013-05-15T00:00:00Z,102.7000
2013-05-15,2013-05-16T00:00:00Z,101.5700
2013-05-16,2013-05-17T00:00:00Z,104.2700
2013-05-17,2013-05-18T00:00:00Z,103.8300
2013-05-20,2013-05-21T00:00:00Z,104.5500
2013-05-21,2013-05-22T00:00:00Z,103.1000
2013-05-22,2013-05-23T00:00:00Z,102.1400
2013-05-23,2013-05-24T00:00:00Z,100.4600
2013-05-24,2013-05-25T00:00:00Z,101.2400
2013-05-28,2013-05-29T00:00:00Z,103.7700
2013-05-29,2013-05-30T00:00:00Z,102.1400
2013-05-30,2013-05-31T00:00:00Z,101.7900
2013-05-31,2013-06-01T00:00:00Z,100.4300
2013-06-03,2013-06-04T00:00:00Z,101.6300
2013-06-04,2013-06-05T00:00:00Z,102.0400
2013-06-05,2013-06-06T00:00:00Z,103.5100
2013-06-06,2013-06-07T00:00:00Z,103.3700
2013-06-07,2013-06-08T00:00:00Z,104.0700
2013-06-10,2013-06-11T00:00:00Z,103.8700
2013-06-11,2013-06-12T00:00:00Z,101.5000
2013-06-12,2013-06-13T00:00:00Z,103.1100
2013-06-13,2013-06-14T00:00:00Z,103.3800
2013-06-14,2013-06-15T00:00:00Z,105.1000
2013-06-17,2013-06-18T00:00:00Z,105.8000
2013-06-18,2013-06-19T00:00:00Z,105.2100
2013-06-19,2013-06-20T00:00:00Z,105.5600
2013-06-20,2013-06-21T00:00:00Z,102.7200
2013-06-21,2013-06-22T00:00:00Z,100.3600
2013-06-24,2013-06-25T00:00:00Z,99.8000
2013-06-25,2013-06-26T00:00:00Z,101.5100
2013-06-26,2013-06-27T00:00:00Z,100.6200
2013-06-27,2013-06-28T00:00:00Z,102.7400
2013-06-28,2013-06-29T00:00:00Z,102.4900
2013-07-01,2013-07-02T00:00:00Z,103.1900
2013-07-02,2013-07-03T00:00:00Z,103.9600
2013-07-03,2013-07-04T00:00:00Z,106.1200
2013-07-05,2013-07-06T00:00:00Z,107.4600
2013-07-08,2013-07-09T00:00:00Z,107.7500
2013-07-09,2013-07-10T00:00:00Z,107.9000
2013-07-10,2013-07-11T00:00:00Z,108.4300
2013-07-11,2013-07-12T00:00:00Z,108.1800
2013-07-12,2013-07-13T00:00:00Z,109.0300
2013-07-15,2013-07-16T00:00:00Z,109.0500
2013-07-16,2013-07-17T00:00:00Z,109.2900
2013-07-17,2013-07-18T00:00:00Z,109.6700
2013-07-18,2013-07-19T00:00:00Z,109.7100
2013-07-19,2013-07-20T00:00:00Z,109.3400
2013-07-22,2013-07-23T00:00:00Z,108.8200
2013-07-23,2013-07-24T00:00:00Z,109.2700
2013-07-24,2013-07-25T00:00:00Z,108.2300
2013-07-25,2013-07-26T00:00:00Z,108.1000
2013-07-26,2013-07-27T00:00:00Z,107.5700
2013-07-29,2013-07-30T00:00:00Z,108.1000
2013-07-30,2013-07-31T00:00:00Z,107.4700
2013-07-31,2013-08-01T00:00:00Z,107.8900
2013-08-01,2013-08-02T00:00:00Z,109.9400
2013-08-02,2013-08-03T00:00:00Z,109.6300
2013-08-05,2013-08-06T00:00:00Z,109.8100
2013-08-06,2013-08-07T00:00:00Z,108.7700
2013-08-07,2013-08-08T00:00:00Z,108.3900
2013-08-08,2013-08-09T00:00:00Z,107.3200
2013-08-09,2013-08-10T00:00:00Z,108.4900
2013-08-12,2013-08-13T00:00:00Z,109.2800
2013-08-13,2013-08-14T00:00:00Z,110.6900
2013-08-14,2013-08-15T00:00:00Z,110.2600
2013-08-15,2013-08-16T00:00:00Z,111.5800
2013-08-16,2013-08-17T00:00:00Z,111.8200
2013-08-19,2013-08-20T00:00:00Z,111.4100
2013-08-20,2013-08-21T00:00:00Z,110.7400
2013-08-21,2013-08-22T00:00:00Z,110.8200
2013-08-22,2013-08-23T00:00:00Z,110.5100
2013-08-23,2013-08-24T00:00:00Z,112.1200
2013-08-26,2013-08-27T00:00:00Z,112.2300
2013-08-27,2013-08-28T00:00:00Z,115.2100
2013-08-28,2013-08-29T00:00:00Z,116.2700
2013-08-29,2013-08-30T00:00:00Z,116.9100
2013-08-30,2013-08-31T00:00:00Z,115.9700
2013-09-03,2013-09-04T00:00:00Z,115.4900
2013-09-04,2013-09-05T00:00:00Z,115.6500
2013-09-05,2013-09-06T00:00:00Z,115.8100
2013-09-06,2013-09-07T00:00:00Z,117.1500
2013-09-09,2013-09-10T00:00:00Z,115.2000
2013-09-10,2013-09-11T00:00:00Z,112.1000
2013-09-11,2013-09-12T00:00:00Z,112.3700
2013-09-12,2013-09-13T00:00:00Z,113.1100
2013-09-13,2013-09-14T00:00:00Z,113.3100
2013-09-16,2013-09-17T00:00:00Z,110.8600
2013-09-17,2013-09-18T00:00:00Z,109.0500
2013-09-18,2013-09-19T00:00:00Z,109.0900
2013-09-19,2013-09-20T00:00:00Z,110.6600
2013-09-20,2013-09-21T00:00:00Z,110.2200
2013-09-23,2013-09-24T00:00:00Z,108.5600
2013-09-24,2013-09-25T00:00:00Z,107.6800
2013-09-25,2013-09-26T00:00:00Z,109.4600
2013-09-26,2013-09-27T00:00:00Z,108.8600
2013-09-27,2013-09-28T00:00:00Z,109.4500
2013-09-30,2013-10-01T00:00:00Z,107.8500
2013-10-01,2013-10-02T00:00:00Z,107.3200
2013-10-02,2013-10-03T00:00:00Z,109.0900
2013-10-03,2013-10-04T00:00:00Z,109.4900
2013-10-04,2013-10-05T00:00:00Z,109.4200
2013-10-07,2013-10-08T00:00:00Z,109.6600
2013-10-08,2013-10-09T00:00:00Z,110.5600
2013-10-09,2013-10-10T00:00:00Z,109.0200
2013-10-10,2013-10-11T00:00:00Z,111.6300
2013-10-11,2013-10-12T00:00:00Z,110.6500
2013-10-14,2013-10-15T00:00:00Z,110.1300
2013-10-15,2013-10-16T00:00:00Z,110.6700
2013-10-16,2013-10-17T00:00:00Z,110.7900
2013-10-17,2013-10-18T00:00:00Z,109.5500
2013-10-18,2013-10-19T00:00:00Z,109.4000
2013-10-21,2013-10-22T00:00:00Z,109.4700
2013-10-22,2013-10-23T00:00:00Z,109.5700
2013-10-23,2013-10-24T00:00:00Z,107.7400
2013-10-24,2013-10-25T00:00:00Z,106.6300
2013-10-25,2013-10-26T00:00:00Z,105.7000
2013-10-28,2013-10-29T00:00:00Z,108.2900
2013-10-29,2013-10-30T00:00:00Z,108.0400
2013-10-30,2013-10-31T00:00:00Z,108.4100
2013-10-31,2013-11-01T00:00:00Z,107.5300
2013-11-01,2013-11-02T00:00:00Z,105.7800
2013-11-04,2013-11-05T00:00:00Z,104.8500
2013-11-05,2013-11-06T00:00:00Z,105.0100
2013-11-06,2013-11-07T00:00:00Z,105.4600
2013-11-07,2013-11-08T00:00:00Z,103.0800
2013-11-08,2013-11-09T00:00:00Z,104.2900
2013-11-11,2013-11-12T00:00:00Z,105.7600
2013-11-12,2013-11-13T00:00:00Z,106.2900
2013-11-13,2013-11-14T00:00:00Z,106.9000
2013-11-14,2013-11-15T00:00:00Z,108.2900
2013-11-15,2013-11-16T00:00:00Z,108.2500
2013-11-18,2013-11-19T00:00:00Z,108.8000
2013-11-19,2013-11-20T00:00:00Z,108.2900
2013-11-20,2013-11-21T00:00:00Z,108.2700
2013-11-21,2013-11-22T00:00:00Z,109.9000
2013-11-22,2013-11-23T00:00:00Z,111.3600
2013-11-25,2013-11-26T00:00:00Z,110.8300
2013-11-26,2013-11-27T00:00:00Z,112.0400
2013-11-27,2013-11-28T00:00:00Z,111.3200
2013-11-29,2013-11-30T00:00:00Z,111.0700
2013-12-02,2013-12-03T00:00:00Z,111.4900
2013-12-03,2013-12-04T00:00:00Z,113.0600
2013-12-04,2013-12-05T00:00:00Z,113.2700
2013-12-05,2013-12-06T00:00:00Z,112.0700
2013-12-06,2013-12-07T00:00:00Z,111.5000
2013-12-09,2013-12-10T00:00:00Z,110.0700
2013-12-10,2013-12-11T00:00:00Z,108.9100
2013-12-11,2013-12-12T00:00:00Z,109.4700
2013-12-12,2013-12-13T00:00:00Z,108.9900
2013-12-13,2013-12-14T00:00:00Z,108.0800
2013-12-16,2013-12-17T00:00:00Z,110.3000
2013-12-17,2013-12-18T00:00:00Z,108.9100
2013-12-18,2013-12-19T00:00:00Z,109.5600
2013-12-19,2013-12-20T00:00:00Z,110.7800
2013-12-20,2013-12-21T00:00:00Z,112.1500
2013-12-23,2013-12-24T00:00:00Z,111.5800
2013-12-24,2013-12-25T00:00:00Z,111.5700
2013-12-26,2013-12-27T00:00:00Z,111.6500
2013-12-27,2013-12-28T00:00:00Z,112.0600
2013-12-30,2013-12-31T00:00:00Z,110.4700
2013-12-31,2014-01-01T00:00:00Z,109.9500
2014-01-02,2014-01-03T00:00:00Z,107.9400
2014-01-03,2014-01-04T00:00:00Z,106.5700
2014-01-06,2014-01-07T00:00:00Z,106.7100
2014-01-07,2014-01-08T00:00:00Z,107.0100
2014-01-08,2014-01-09T00:00:00Z,107.4200
2014-01-09,2014-01-10T00:00:00Z,107.4900
2014-01-10,2014-01-11T00:00:00Z,106.4400
2014-01-13,2014-01-14T00:00:00Z,108.0200
2014-01-14,2014-01-15T00:00:00Z,107.1200
2014-01-15,2014-01-16T00:00:00Z,108.0900
2014-01-16,2014-01-17T00:00:00Z,107.4600
2014-01-17,2014-01-18T00:00:00Z,108.4500
2014-01-20,2014-01-21T00:00:00Z,108.0100
2014-01-21,2014-01-22T00:00:00Z,109.1700
2014-01-22,2014-01-23T00:00:00Z,109.6900
2014-01-23,2014-01-24T00:00:00Z,109.6900
2014-01-24,2014-01-25T00:00:00Z,109.1400
2014-01-27,2014-01-28T00:00:00Z,108.7200
2014-01-28,2014-01-29T00:00:00Z,109.1000
2014-01-29,2014-01-30T00:00:00Z,108.8300
2014-01-30,2014-01-31T00:00:00Z,109.3600
2014-01-31,2014-02-01T00:00:00Z,108.1600
2014-02-03,2014-02-04T00:00:00Z,106.5500
2014-02-04,2014-02-05T00:00:00Z,107.0400
2014-02-05,2014-02-06T00:00:00Z,106.8100
2014-02-06,2014-02-07T00:00:00Z,108.1500
2014-02-07,2014-02-08T00:00:00Z,110.1200
2014-02-10,2014-02-11T00:00:00Z,110.1800
2014-02-11,2014-02-12T00:00:00Z,109.2100
2014-02-12,2014-02-13T00:00:00Z,108.6200
2014-02-13,2014-02-14T00:00:00Z,108.9800
2014-02-14,2014-02-15T00:00:00Z,108.6300
2014-02-18,2014-02-19T00:00:00Z,110.1400
2014-02-19,2014-02-20T00:00:00Z,110.3700
2014-02-20,2014-02-21T00:00:00Z,109.4200
2014-02-21,2014-02-22T00:00:00Z,109.0300
2014-02-24,2014-02-25T00:00:00Z,109.7600
2014-02-25,2014-02-26T00:00:00Z,109.1900
2014-02-26,2014-02-27T00:00:00Z,109.3900
2014-02-27,2014-02-28T00:00:00Z,108.5400
2014-02-28,2014-03-01T00:00:00Z,108.9800
2014-03-03,2014-03-04T00:00:00Z,111.2600
2014-03-04,2014-03-05T00:00:00Z,109.1700
2014-03-05,2014-03-06T00:00:00Z,108.1500
2014-03-06,2014-03-07T00:00:00Z,107.9900
2014-03-07,2014-03-08T00:00:00Z,109.1400
2014-03-10,2014-03-11T00:00:00Z,108.2700
2014-03-11,2014-03-12T00:00:00Z,108.3500
2014-03-12,2014-03-13T00:00:00Z,107.8800
2014-03-13,2014-03-14T00:00:00Z,107.4800
2014-03-14,2014-03-15T00:00:00Z,108.0800
2014-03-17,2014-03-18T00:00:00Z,106.9900
2014-03-18,2014-03-19T00:00:00Z,106.7900
2014-03-19,2014-03-20T00:00:00Z,105.9500
2014-03-20,2014-03-21T00:00:00Z,105.7300
2014-03-21,2014-03-22T00:00:00Z,107.2000
2014-03-24,2014-03-25T00:00:00Z,106.5900
2014-03-25,2014-03-26T00:00:00Z,107.0100
2014-03-26,2014-03-27T00:00:00Z,105.9000
2014-03-27,2014-03-28T00:00:00Z,106.5800
2014-03-28,2014-03-29T00:00:00Z,106.6400
2014-03-31,2014-04-01T00:00:00Z,105.9500
2014-04-01,2014-04-02T00:00:00Z,105.7000
2014-04-02,2014-04-03T00:00:00Z,103.3700
2014-04-03,2014-04-04T00:00:00Z,104.8800
2014-04-04,2014-04-05T00:00:00Z,106.4100
2014-04-07,2014-04-08T00:00:00Z,104.8900
2014-04-08,2014-04-09T00:00:00Z,105.8300
2014-04-09,2014-04-10T00:00:00Z,107.3900
2014-04-10,2014-04-11T00:00:00Z,107.1000
2014-04-11,2014-04-12T00:00:00Z,107.3400
2014-04-14,2014-04-15T00:00:00Z,107.6800
2014-04-15,2014-04-16T00:00:00Z,109.1000
2014-04-16,2014-04-17T00:00:00Z,109.7100
2014-04-17,2014-04-18T00:00:00Z,109.7900
2014-04-21,2014-04-22T00:00:00Z,109.6900
2014-04-22,2014-04-23T00:00:00Z,108.5400
2014-04-23,2014-04-24T00:00:00Z,108.4800
2014-04-24,2014-04-25T00:00:00Z,109.7900
2014-04-25,2014-04-26T00:00:00Z,109.5300
2014-04-28,2014-04-29T00:00:00Z,109.1200
2014-04-29,2014-04-30T00:00:00Z,109.8900
2014-04-30,2014-05-01T00:00:00Z,108.6300
2014-05-01,2014-05-02T00:00:00Z,108.6300
2014-05-02,2014-05-03T00:00:00Z,109.4800
2014-05-05,2014-05-06T00:00:00Z,109.4800
2014-05-06,2014-05-07T00:00:00Z,108.3000
2014-05-07,2014-05-08T00:00:00Z,108.1700
2014-05-08,2014-05-09T00:00:00Z,108.1900
2014-05-09,2014-05-10T00:00:00Z,108.2600
2014-05-12,2014-05-13T00:00:00Z,108.3700
2014-05-13,2014-05-14T00:00:00Z,108.7800
2014-05-14,2014-05-15T00:00:00Z,109.8700
2014-05-15,2014-05-16T00:00:00Z,109.7400
2014-05-16,2014-05-17T00:00:00Z,110.9000
2014-05-19,2014-05-20T00:00:00Z,110.8400
2014-05-20,2014-05-21T00:00:00Z,110.3500
2014-05-21,2014-05-22T00:00:00Z,111.3200
2014-05-22,2014-05-23T00:00:00Z,110.8900
2014-05-23,2014-05-24T00:00:00Z,110.1900
2014-05-26,2014-05-27T00:00:00Z,110.0100
2014-05-27,2014-05-28T00:00:00Z,109.8100
2014-05-28,2014-05-29T00:00:00Z,109.0900
2014-05-29,2014-05-30T00:00:00Z,109.9800
2014-05-30,2014-05-31T00:00:00Z,109.2100
2014-06-02,2014-06-03T00:00:00Z,109.3400
2014-06-03,2014-06-04T00:00:00Z,108.8700
2014-06-04,2014-06-05T00:00:00Z,109.0700
2014-06-05,2014-06-06T00:00:00Z,108.4300
2014-06-06,2014-06-07T00:00:00Z,109.2100
2014-06-09,2014-06-10T00:00:00Z,110.5500
2014-06-10,2014-06-11T00:00:00Z,109.1800
2014-06-11,2014-06-12T00:00:00Z,109.8300
2014-06-12,2014-06-13T00:00:00Z,112.1800
2014-06-13,2014-06-14T00:00:00Z,113.1500
2014-06-16,2014-06-17T00:00:00Z,113.4200
2014-06-17,2014-06-18T00:00:00Z,114.0200
2014-06-18,2014-06-19T00:00:00Z,114.2500
2014-06-19,2014-06-20T00:00:00Z,115.1900
2014-06-20,2014-06-21T00:00:00Z,114.5500
2014-06-23,2014-06-24T00:00:00Z,113.6200
2014-06-24,2014-06-25T00:00:00Z,113.7400
2014-06-25,2014-06-26T00:00:00Z,112.8400
2014-06-26,2014-06-27T00:00:00Z,112.6100
2014-06-27,2014-06-28T00:00:00Z,112.6200
2014-06-30,2014-07-01T00:00:00Z,111.0300
2014-07-01,2014-07-02T00:00:00Z,110.8400
2014-07-02,2014-07-03T00:00:00Z,110.1800
2014-07-03,2014-07-04T00:00:00Z,108.9800
2014-07-07,2014-07-08T00:00:00Z,108.7000
2014-07-08,2014-07-09T00:00:00Z,107.6500
2014-07-09,2014-07-10T00:00:00Z,106.8400
2014-07-10,2014-07-11T00:00:00Z,106.2000
2014-07-11,2014-07-12T00:00:00Z,105.7700
2014-07-14,2014-07-15T00:00:00Z,104.7300
2014-07-15,2014-07-16T00:00:00Z,104.7300
2014-07-16,2014-07-17T00:00:00Z,105.4100
2014-07-17,2014-07-18T00:00:00Z,106.0400
2014-07-18,2014-07-19T00:00:00Z,106.0300
2014-07-21,2014-07-22T00:00:00Z,105.7100
2014-07-22,2014-07-23T00:00:00Z,106.4800
2014-07-23,2014-07-24T00:00:00Z,106.8500
2014-07-24,2014-07-25T00:00:00Z,105.7800
2014-07-25,2014-07-26T00:00:00Z,106.8900
2014-07-28,2014-07-29T00:00:00Z,106.7000
2014-07-29,2014-07-30T00:00:00Z,106.9800
2014-07-30,2014-07-31T00:00:00Z,106.4700
2014-07-31,2014-08-01T00:00:00Z,104.9400
2014-08-01,2014-08-02T00:00:00Z,103.4500
2014-08-04,2014-08-05T00:00:00Z,103.6300
2014-08-05,2014-08-06T00:00:00Z,102.8200
2014-08-06,2014-08-07T00:00:00Z,104.1700
2014-08-07,2014-08-08T00:00:00Z,104.0200
2014-08-08,2014-08-09T00:00:00Z,103.3600
2014-08-11,2014-08-12T00:00:00Z,103.4700
2014-08-12,2014-08-13T00:00:00Z,101.6800
2014-08-13,2014-08-14T00:00:00Z,102.2700
2014-08-14,2014-08-15T00:00:00Z,101.1500
2014-08-15,2014-08-16T00:00:00Z,101.1300
2014-08-18,2014-08-19T00:00:00Z,99.3700
2014-08-19,2014-08-20T00:00:00Z,99.7400
2014-08-20,2014-08-21T00:00:00Z,99.9200
2014-08-21,2014-08-22T00:00:00Z,100.2800
2014-08-22,2014-08-23T00:00:00Z,100.0900
2014-08-25,2014-08-26T00:00:00Z,100.4900
2014-08-26,2014-08-27T00:00:00Z,100.5000
2014-08-27,2014-08-28T00:00:00Z,100.4000
2014-08-28,2014-08-29T00:00:00Z,100.7100
2014-08-29,2014-08-30T00:00:00Z,101.1200
2014-09-02,2014-09-03T00:00:00Z,100.2100
2014-09-03,2014-09-04T00:00:00Z,100.8800
2014-09-04,2014-09-05T00:00:00Z,101.2100
2014-09-05,2014-09-06T00:00:00Z,99.5100
2014-09-08,2014-09-09T00:00:00Z,99.5300
2014-09-09,2014-09-10T00:00:00Z,98.0800
2014-09-10,2014-09-11T00:00:00Z,96.2600
2014-09-11,2014-09-12T00:00:00Z,96.4200
2014-09-12,2014-09-13T00:00:00Z,96.3100
2014-09-15,2014-09-16T00:00:00Z,96.4300
2014-09-16,2014-09-17T00:00:00Z,97.3900
2014-09-17,2014-09-18T00:00:00Z,97.7000
2014-09-18,2014-09-19T00:00:00Z,96.8200
2014-09-19,2014-09-20T00:00:00Z,96.7500
2014-09-22,2014-09-23T00:00:00Z,95.3700
2014-09-23,2014-09-24T00:00:00Z,94.8700
2014-09-24,2014-09-25T00:00:00Z,94.5300
2014-09-25,2014-09-26T00:00:00Z,95.2000
2014-09-26,2014-09-27T00:00:00Z,95.0800
2014-09-29,2014-09-30T00:00:00Z,95.7000
2014-09-30,2014-10-01T00:00:00Z,94.6700
2014-10-01,2014-10-02T00:00:00Z,94.5700
2014-10-02,2014-10-03T00:00:00Z,91.2900
2014-10-03,2014-10-04T00:00:00Z,90.8000
2014-10-06,2014-10-07T00:00:00Z,90.6500
2014-10-07,2014-10-08T00:00:00Z,90.9000
2014-10-08,2014-10-09T00:00:00Z,90.2500
2014-10-09,2014-10-10T00:00:00Z,90.4700
2014-10-10,2014-10-11T00:00:00Z,88.6600
2014-10-13,2014-10-14T00:00:00Z,87.8200
2014-10-14,2014-10-15T00:00:00Z,86.3600
2014-10-15,2014-10-16T00:00:00Z,84.0200
2014-10-16,2014-10-17T00:00:00Z,84.0200
2014-10-17,2014-10-18T00:00:00Z,85.2700
2014-10-20,2014-10-21T00:00:00Z,84.4200
2014-10-21,2014-10-22T00:00:00Z,85.1700
2014-10-22,2014-10-23T00:00:00Z,86.3800
2014-10-23,2014-10-24T00:00:00Z,85.9400
2014-10-24,2014-10-25T00:00:00Z,86.0000
2014-10-27,2014-10-28T00:00:00Z,85.6400
2014-10-28,2014-10-29T00:00:00Z,85.5700
2014-10-29,2014-10-30T00:00:00Z,86.9100
2014-10-30,2014-10-31T00:00:00Z,85.5000
2014-10-31,2014-11-01T00:00:00Z,84.1700
2014-11-03,2014-11-04T00:00:00Z,84.9000
2014-11-04,2014-11-05T00:00:00Z,82.1200
2014-11-05,2014-11-06T00:00:00Z,82.8800
2014-11-06,2014-11-07T00:00:00Z,82.0800
2014-11-07,2014-11-08T00:00:00Z,83.2000
2014-11-10,2014-11-11T00:00:00Z,82.9000
2014-11-11,2014-11-12T00:00:00Z,80.9400
2014-11-12,2014-11-13T00:00:00Z,80.4200
2014-11-13,2014-11-14T00:00:00Z,77.7400
2014-11-14,2014-11-15T00:00:00Z,77.5100
2014-11-17,2014-11-18T00:00:00Z,76.8600
2014-11-18,2014-11-19T00:00:00Z,77.2300
2014-11-19,2014-11-20T00:00:00Z,77.2100
2014-11-20,2014-11-21T00:00:00Z,77.6100
2014-11-21,2014-11-22T00:00:00Z,79.2000
2014-11-24,2014-11-25T00:00:00Z,79.6200
2014-11-25,2014-11-26T00:00:00Z,77.6200
2014-11-26,2014-11-27T00:00:00Z,77.3900
2014-11-28,2014-11-29T00:00:00Z,71.8900
2014-12-01,2014-12-02T00:00:00Z,70.8700
2014-12-02,2014-12-03T00:00:00Z,71.1300
2014-12-03,2014-12-04T00:00:00Z,70.1300
2014-12-04,2014-12-05T00:00:00Z,68.4800
2014-12-05,2014-12-06T00:00:00Z,68.0000
2014-12-08,2014-12-09T00:00:00Z,65.6400
2014-12-09,2014-12-10T00:00:00Z,66.1100
2014-12-10,2014-12-11T00:00:00Z,63.3200
2014-12-11,2014-12-12T00:00:00Z,63.6500
2014-12-12,2014-12-13T00:00:00Z,61.6700
2014-12-15,2014-12-16T00:00:00Z,61.0900
2014-12-16,2014-12-17T00:00:00Z,60.2600
2014-12-17,2014-12-18T00:00:00Z,59.8400
2014-12-18,2014-12-19T00:00:00Z,58.8100
2014-12-19,2014-12-20T00:00:00Z,58.8700
2014-12-22,2014-12-23T00:00:00Z,58.3100
2014-12-23,2014-12-24T00:00:00Z,59.0700
2014-12-24,2014-12-25T00:00:00Z,58.6700
2014-12-26,2014-12-27T00:00:00Z,58.7200
2014-12-29,2014-12-30T00:00:00Z,57.8600
2014-12-30,2014-12-31T00:00:00Z,55.6000
2014-12-31,2015-01-01T00:00:00Z,55.2700
2015-01-02,2015-01-03T00:00:00Z,55.3800
2015-01-05,2015-01-06T00:00:00Z,51.0800
2015-01-06,2015-01-07T00:00:00Z,50.1200
2015-01-07,2015-01-08T00:00:00Z,49.0600
2015-01-08,2015-01-09T00:00:00Z,49.4300
2015-01-09,2015-01-10T00:00:00Z,47.6400
2015-01-12,2015-01-13T00:00:00Z,46.9000
2015-01-13,2015-01-14T00:00:00Z,45.1300
2015-01-14,2015-01-15T00:00:00Z,45.8200
2015-01-15,2015-01-16T00:00:00Z,47.6600
2015-01-16,2015-01-17T00:00:00Z,47.3800
2015-01-20,2015-01-21T00:00:00Z,46.4900
2015-01-21,2015-01-22T00:00:00Z,46.5000
2015-01-22,2015-01-23T00:00:00Z,46.0900
2015-01-23,2015-01-24T00:00:00Z,46.6900
2015-01-26,2015-01-27T00:00:00Z,46.0700
2015-01-27,2015-01-28T00:00:00Z,46.5500
2015-01-28,2015-01-29T00:00:00Z,47.0700
2015-01-29,2015-01-30T00:00:00Z,46.6100
2015-01-30,2015-01-31T00:00:00Z,47.5200
2015-02-02,2015-02-03T00:00:00Z,51.7400
2015-02-03,2015-02-04T00:00:00Z,54.4100
2015-02-04,2015-02-05T00:00:00Z,55.0700
2015-02-05,2015-02-06T00:00:00Z,55.9800
2015-02-06,2015-02-07T00:00:00Z,55.8800
2015-02-09,2015-02-10T00:00:00Z,57.0000
2015-02-10,2015-02-11T00:00:00Z,55.7900
2015-02-11,2015-02-12T00:00:00Z,53.4800
2015-02-12,2015-02-13T00:00:00Z,56.2300
2015-02-13,2015-02-14T00:00:00Z,60.3300
2015-02-16,2015-02-17T00:00:00Z,61.5700
2015-02-17,2015-02-18T00:00:00Z,60.7800
2015-02-18,2015-02-19T00:00:00Z,60.7200
2015-02-19,2015-02-20T00:00:00Z,58.7800
2015-02-20,2015-02-21T00:00:00Z,60.9900
2015-02-23,2015-02-24T00:00:00Z,59.7800
2015-02-24,2015-02-25T00:00:00Z,60.3300
2015-02-25,2015-02-26T00:00:00Z,59.7700
2015-02-26,2015-02-27T00:00:00Z,61.3900
2015-02-27,2015-02-28T00:00:00Z,61.8900
2015-03-02,2015-03-03T00:00:00Z,60.7500
2015-03-03,2015-03-04T00:00:00Z,61.1800
2015-03-04,2015-03-05T00:00:00Z,59.1800
2015-03-05,2015-03-06T00:00:00Z,60.3300
2015-03-06,2015-03-07T00:00:00Z,59.1500
2015-03-09,2015-03-10T00:00:00Z,58.6700
2015-03-10,2015-03-11T00:00:00Z,55.9500
2015-03-11,2015-03-12T00:00:00Z,56.4600
2015-03-12,2015-03-13T00:00:00Z,56.6600
2015-03-13,2015-03-14T00:00:00Z,54.8000
2015-03-16,2015-03-17T00:00:00Z,52.0000
2015-03-17,2015-03-18T00:00:00Z,52.1700
2015-03-18,2015-03-19T00:00:00Z,52.5900
2015-03-19,2015-03-20T00:00:00Z,52.9600
2015-03-20,2015-03-21T00:00:00Z,53.8800
2015-03-23,2015-03-24T00:00:00Z,53.8200
2015-03-24,2015-03-25T00:00:00Z,53.6100
2015-03-25,2015-03-26T00:00:00Z,54.1800
2015-03-26,2015-03-27T00:00:00Z,57.0200
2015-03-27,2015-03-28T00:00:00Z,56.4400
2015-03-30,2015-03-31T00:00:00Z,53.9900
2015-03-31,2015-04-01T00:00:00Z,53.6900
2015-04-01,2015-04-02T00:00:00Z,55.7300
2015-04-02,2015-04-03T00:00:00Z,55.7300
2015-04-06,2015-04-07T00:00:00Z,55.7300
2015-04-07,2015-04-08T00:00:00Z,57.5500
2015-04-08,2015-04-09T00:00:00Z,56.4200
2015-04-09,2015-04-10T00:00:00Z,56.0400
2015-04-10,2015-04-11T00:00:00Z,56.8200
2015-04-13,2015-04-14T00:00:00Z,57.1400
2015-04-14,2015-04-15T00:00:00Z,57.6900
2015-04-15,2015-04-16T00:00:00Z,59.3200
2015-04-16,2015-04-17T00:00:00Z,60.1300
2015-04-17,2015-04-18T00:00:00Z,61.3100
2015-04-20,2015-04-21T00:00:00Z,61.2000
2015-04-21,2015-04-22T00:00:00Z,60.1200
2015-04-22,2015-04-23T00:00:00Z,60.1200
2015-04-23,2015-04-24T00:00:00Z,62.6600
2015-04-24,2015-04-25T00:00:00Z,62.9600
2015-04-27,2015-04-28T00:00:00Z,62.8600
2015-04-28,2015-04-29T00:00:00Z,62.6100
2015-04-29,2015-04-30T00:00:00Z,63.9700
2015-04-30,2015-05-01T00:00:00Z,63.9000
2015-05-01,2015-05-02T00:00:00Z,64.1300
2015-05-04,2015-05-05T00:00:00Z,64.6200
2015-05-05,2015-05-06T00:00:00Z,65.4400
2015-05-06,2015-05-07T00:00:00Z,66.2200
2015-05-07,2015-05-08T00:00:00Z,64.9300
2015-05-08,2015-05-09T00:00:00Z,63.8200
2015-05-11,2015-05-12T00:00:00Z,62.8200
2015-05-12,2015-05-13T00:00:00Z,65.0900
2015-05-13,2015-05-14T00:00:00Z,66.3300
2015-05-14,2015-05-15T00:00:00Z,65.5800
2015-05-15,2015-05-16T00:00:00Z,64.6900
2015-05-18,2015-05-19T00:00:00Z,65.1500
2015-05-19,2015-05-20T00:00:00Z,63.4800
2015-05-20,2015-05-21T00:00:00Z,63.5200
2015-05-21,2015-05-22T00:00:00Z,64.7000
2015-05-22,2015-05-23T00:00:00Z,64.7000
2015-05-26,2015-05-27T00:00:00Z,61.6500
2015-05-27,2015-05-28T00:00:00Z,61.3500
2015-05-28,2015-05-29T00:00:00Z,60.1200
2015-05-29,2015-05-30T00:00:00Z,63.1600
2015-06-01,2015-06-02T00:00:00Z,62.8700
2015-06-02,2015-06-03T00:00:00Z,63.1400
2015-06-03,2015-06-04T00:00:00Z,62.7800
2015-06-04,2015-06-05T00:00:00Z,60.3400
2015-06-05,2015-06-06T00:00:00Z,60.3600
2015-06-08,2015-06-09T00:00:00Z,61.3300
2015-06-09,2015-06-10T00:00:00Z,63.2300
2015-06-10,2015-06-11T00:00:00Z,64.6800
2015-06-11,2015-06-12T00:00:00Z,63.7600
2015-06-12,2015-06-13T00:00:00Z,63.1900
2015-06-15,2015-06-16T00:00:00Z,60.9900
2015-06-16,2015-06-17T00:00:00Z,60.7500
2015-06-17,2015-06-18T00:00:00Z,60.7500
2015-06-18,2015-06-19T00:00:00Z,61.3700
2015-06-19,2015-06-20T00:00:00Z,59.4100
2015-06-22,2015-06-23T00:00:00Z,60.5400
2015-06-23,2015-06-24T00:00:00Z,61.6700
2015-06-24,2015-06-25T00:00:00Z,61.6300
2015-06-25,2015-06-26T00:00:00Z,60.2400
2015-06-26,2015-06-27T00:00:00Z,60.1400
2015-06-29,2015-06-30T00:00:00Z,59.0300
2015-06-30,2015-07-01T00:00:00Z,60.3100
2015-07-01,2015-07-02T00:00:00Z,61.6500
2015-07-02,2015-07-03T00:00:00Z,61.7300
2015-07-03,2015-07-04T00:00:00Z,59.0600
2015-07-06,2015-07-07T00:00:00Z,57.1900
2015-07-07,2015-07-08T00:00:00Z,54.7200
2015-07-08,2015-07-09T00:00:00Z,55.7000
2015-07-09,2015-07-10T00:00:00Z,57.8300
2015-07-10,2015-07-11T00:00:00Z,57.7200
2015-07-13,2015-07-14T00:00:00Z,57.6300
2015-07-14,2015-07-15T00:00:00Z,57.2000
2015-07-15,2015-07-16T00:00:00Z,57.3400
2015-07-16,2015-07-17T00:00:00Z,57.3100
2015-07-17,2015-07-18T00:00:00Z,56.3800
2015-07-20,2015-07-21T00:00:00Z,56.4200
2015-07-21,2015-07-22T00:00:00Z,55.9400
2015-07-22,2015-07-23T00:00:00Z,56.3600
2015-07-23,2015-07-24T00:00:00Z,55.7600
2015-07-24,2015-07-25T00:00:00Z,54.2900
2015-07-27,2015-07-28T00:00:00Z,54.0700
2015-07-28,2015-07-29T00:00:00Z,54.3000
2015-07-29,2015-07-30T00:00:00Z,54.7300
2015-07-30,2015-07-31T00:00:00Z,54.2900
2015-07-31,2015-08-01T00:00:00Z,53.2900
2015-08-03,2015-08-04T00:00:00Z,49.4900
2015-08-04,2015-08-05T00:00:00Z,49.0800
2015-08-05,2015-08-06T00:00:00Z,49.0400
2015-08-06,2015-08-07T00:00:00Z,47.8000
2015-08-07,2015-08-08T00:00:00Z,47.5400
2015-08-10,2015-08-11T00:00:00Z,48.3000
2015-08-11,2015-08-12T00:00:00Z,47.3300
2015-08-12,2015-08-13T00:00:00Z,48.2900
2015-08-13,2015-08-14T00:00:00Z,48.0100
2015-08-14,2015-08-15T00:00:00Z,47.7900
2015-08-17,2015-08-18T00:00:00Z,47.7700
2015-08-18,2015-08-19T00:00:00Z,47.0000
2015-08-19,2015-08-20T00:00:00Z,45.7500
2015-08-20,2015-08-21T00:00:00Z,45.6300
2015-08-21,2015-08-22T00:00:00Z,43.8400
2015-08-24,2015-08-25T00:00:00Z,41.5900
2015-08-25,2015-08-26T00:00:00Z,41.8600
2015-08-26,2015-08-27T00:00:00Z,41.7600
2015-08-27,2015-08-28T00:00:00Z,44.4600
2015-08-28,2015-08-29T00:00:00Z,47.9700
2015-09-01,2015-09-02T00:00:00Z,48.8000
2015-09-02,2015-09-03T00:00:00Z,47.6700
2015-09-03,2015-09-04T00:00:00Z,50.4100
2015-09-04,2015-09-05T00:00:00Z,48.5900
2015-09-07,2015-09-08T00:00:00Z,46.4200
2015-09-08,2015-09-09T00:00:00Z,48.8800
2015-09-09,2015-09-10T00:00:00Z,48.0400
2015-09-10,2015-09-11T00:00:00Z,47.7700
2015-09-11,2015-09-12T00:00:00Z,46.8700
2015-09-14,2015-09-15T00:00:00Z,45.8700
2015-09-15,2015-09-16T00:00:00Z,45.9100
2015-09-16,2015-09-17T00:00:00Z,49.3500
2015-09-17,2015-09-18T00:00:00Z,48.2700
2015-09-18,2015-09-19T00:00:00Z,47.2800
2015-09-21,2015-09-22T00:00:00Z,47.6400
2015-09-22,2015-09-23T00:00:00Z,46.6900
2015-09-23,2015-09-24T00:00:00Z,48.0000
2015-09-24,2015-09-25T00:00:00Z,47.0600
2015-09-25,2015-09-26T00:00:00Z,47.2800
2015-09-28,2015-09-29T00:00:00Z,46.0400
2015-09-29,2015-09-30T00:00:00Z,47.5800
2015-09-30,2015-10-01T00:00:00Z,47.2900
2015-10-01,2015-10-02T00:00:00Z,47.4800
2015-10-02,2015-10-03T00:00:00Z,46.5500
2015-10-05,2015-10-06T00:00:00Z,49.4500
2015-10-06,2015-10-07T00:00:00Z,51.3400
2015-10-07,2015-10-08T00:00:00Z,51.6600
2015-10-08,2015-10-09T00:00:00Z,52.1300
2015-10-09,2015-10-10T00:00:00Z,52.0800
2015-10-12,2015-10-13T00:00:00Z,50.9500
2015-10-13,2015-10-14T00:00:00Z,48.9400
2015-10-14,2015-10-15T00:00:00Z,48.2500
2015-10-15,2015-10-16T00:00:00Z,47.8700
2015-10-16,2015-10-17T00:00:00Z,48.9600
2015-10-19,2015-10-20T00:00:00Z,47.5100
2015-10-20,2015-10-21T00:00:00Z,46.9300
2015-10-21,2015-10-22T00:00:00Z,46.7200
2015-10-22,2015-10-23T00:00:00Z,46.5900
2015-10-23,2015-10-24T00:00:00Z,46.3000
2015-10-26,2015-10-27T00:00:00Z,46.5700
2015-10-27,2015-10-28T00:00:00Z,45.5400
2015-10-28,2015-10-29T00:00:00Z,47.6000
2015-10-29,2015-10-30T00:00:00Z,48.0400
2015-10-30,2015-10-31T00:00:00Z,48.0000
2015-11-02,2015-11-03T00:00:00Z,47.9100
2015-11-03,2015-11-04T00:00:00Z,48.0000
2015-11-04,2015-11-05T00:00:00Z,46.9600
2015-11-05,2015-11-06T00:00:00Z,47.1900
2015-11-06,2015-11-07T00:00:00Z,46.0900
2015-11-09,2015-11-10T00:00:00Z,45.3800
2015-11-10,2015-11-11T00:00:00Z,46.4400
2015-11-11,2015-11-12T00:00:00Z,44.9800
2015-11-12,2015-11-13T00:00:00Z,44.9800
2015-11-13,2015-11-14T00:00:00Z,41.9800
2015-11-16,2015-11-17T00:00:00Z,40.2800
2015-11-17,2015-11-18T00:00:00Z,41.2800
2015-11-18,2015-11-19T00:00:00Z,41.4500
2015-11-19,2015-11-20T00:00:00Z,42.2200
2015-11-20,2015-11-21T00:00:00Z,42.4900
2015-11-23,2015-11-24T00:00:00Z,43.7000
2015-11-24,2015-11-25T00:00:00Z,44.3800
2015-11-25,2015-11-26T00:00:00Z,43.5600
2015-11-26,2015-11-27T00:00:00Z,43.5500
2015-11-27,2015-11-28T00:00:00Z,43.0700
2015-11-30,2015-12-01T00:00:00Z,43.7300
2015-12-01,2015-12-02T00:00:00Z,42.9700
2015-12-02,2015-12-03T00:00:00Z,41.9200
2015-12-03,2015-12-04T00:00:00Z,42.0000
2015-12-04,2015-12-05T00:00:00Z,41.4400
2015-12-07,2015-12-08T00:00:00Z,39.6900
2015-12-08,2015-12-09T00:00:00Z,39.4400
2015-12-09,2015-12-10T00:00:00Z,39.0400
2015-12-10,2015-12-11T00:00:00Z,38.6500
2015-12-11,2015-12-12T00:00:00Z,36.9900
2015-12-14,2015-12-15T00:00:00Z,36.5100
2015-12-15,2015-12-16T00:00:00Z,37.6600
2015-12-16,2015-12-17T00:00:00Z,36.9600
2015-12-17,2015-12-18T00:00:00Z,36.2900
2015-12-18,2015-12-19T00:00:00Z,36.7600
2015-12-21,2015-12-22T00:00:00Z,35.3400
2015-12-22,2015-12-23T00:00:00Z,35.2600
2015-12-23,2015-12-24T00:00:00Z,35.7900
2015-12-24,2015-12-25T00:00:00Z,37.2200
2015-12-28,2015-12-29T00:00:00Z,37.0800
2015-12-29,2015-12-30T00:00:00Z,36.8500
2015-12-30,2015-12-31T00:00:00Z,35.6500
2015-12-31,2016-01-01T00:00:00Z,36.6100
2016-01-04,2016-01-05T00:00:00Z,36.2800
2016-01-05,2016-01-06T00:00:00Z,35.5600
2016-01-06,2016-01-07T00:00:00Z,33.8900
2016-01-07,2016-01-08T00:00:00Z,33.5700
2016-01-08,2016-01-09T00:00:00Z,31.6700
2016-01-11,2016-01-12T00:00:00Z,30.1400
2016-01-12,2016-01-13T00:00:00Z,29.1400
2016-01-13,2016-01-14T00:00:00Z,28.5800
2016-01-14,2016-01-15T00:00:00Z,28.8400
2016-01-15,2016-01-16T00:00:00Z,28.8000
2016-01-18,2016-01-19T00:00:00Z,27.3600
2016-01-19,2016-01-20T00:00:00Z,27.3600
2016-01-20,2016-01-21T00:00:00Z,26.0100
2016-01-21,2016-01-22T00:00:00Z,27.5900
2016-01-22,2016-01-23T00:00:00Z,30.4600
2016-01-25,2016-01-26T00:00:00Z,29.8200
2016-01-26,2016-01-27T00:00:00Z,30.9400
2016-01-27,2016-01-28T00:00:00Z,31.8300
2016-01-28,2016-01-29T00:00:00Z,33.0100
2016-01-29,2016-01-30T00:00:00Z,33.1400
2016-02-01,2016-02-02T00:00:00Z,32.4500
2016-02-02,2016-02-03T00:00:00Z,30.9800
2016-02-03,2016-02-04T00:00:00Z,32.3800
2016-02-04,2016-02-05T00:00:00Z,32.7600
2016-02-05,2016-02-06T00:00:00Z,32.3500
2016-02-08,2016-02-09T00:00:00Z,31.6400
2016-02-09,2016-02-10T00:00:00Z,30.1500
2016-02-10,2016-02-11T00:00:00Z,29.6400
2016-02-11,2016-02-12T00:00:00Z,28.8200
2016-02-12,2016-02-13T00:00:00Z,31.8000
2016-02-16,2016-02-17T00:00:00Z,31.0900
2016-02-17,2016-02-18T00:00:00Z,33.2100
2016-02-18,2016-02-19T00:00:00Z,33.2000
2016-02-19,2016-02-20T00:00:00Z,31.6600
2016-02-22,2016-02-23T00:00:00Z,33.5900
2016-02-23,2016-02-24T00:00:00Z,31.9000
2016-02-24,2016-02-25T00:00:00Z,31.5000
2016-02-25,2016-02-26T00:00:00Z,32.8300
2016-02-26,2016-02-27T00:00:00Z,35.7600
2016-02-29,2016-03-01T00:00:00Z,35.9200
2016-03-01,2016-03-02T00:00:00Z,35.7300
2016-03-02,2016-03-03T00:00:00Z,36.3800
2016-03-03,2016-03-04T00:00:00Z,35.7500
2016-03-04,2016-03-05T00:00:00Z,37.6100
2016-03-07,2016-03-08T00:00:00Z,39.0200
2016-03-08,2016-03-09T00:00:00Z,39.1600
2016-03-09,2016-03-10T00:00:00Z,40.2600
2016-03-10,2016-03-11T00:00:00Z,38.6300
2016-03-11,2016-03-12T00:00:00Z,39.4100
2016-03-14,2016-03-15T00:00:00Z,38.0600
2016-03-15,2016-03-16T00:00:00Z,37.4900
2016-03-16,2016-03-17T00:00:00Z,38.3800
2016-03-17,2016-03-18T00:00:00Z,39.2900
2016-03-18,2016-03-19T00:00:00Z,39.2600
2016-03-21,2016-03-22T00:00:00Z,39.9100
2016-03-22,2016-03-23T00:00:00Z,40.5400
2016-03-23,2016-03-24T00:00:00Z,38.8400
2016-03-24,2016-03-25T00:00:00Z,38.3300
2016-03-28,2016-03-29T00:00:00Z,38.3300
2016-03-29,2016-03-30T00:00:00Z,36.7500
2016-03-30,2016-03-31T00:00:00Z,36.7500
2016-03-31,2016-04-01T00:00:00Z,36.7500
2016-04-01,2016-04-02T00:00:00Z,36.4200
2016-04-04,2016-04-05T00:00:00Z,36.0500
2016-04-05,2016-04-06T00:00:00Z,35.8800
2016-04-06,2016-04-07T00:00:00Z,37.7700
2016-04-07,2016-04-08T00:00:00Z,37.1500
2016-04-08,2016-04-09T00:00:00Z,40.7100
2016-04-11,2016-04-12T00:00:00Z,41.5800
2016-04-12,2016-04-13T00:00:00Z,43.0200
2016-04-13,2016-04-14T00:00:00Z,42.8100
2016-04-14,2016-04-15T00:00:00Z,43.0200
2016-04-15,2016-04-16T00:00:00Z,41.3200
2016-04-18,2016-04-19T00:00:00Z,41.6400
2016-04-19,2016-04-20T00:00:00Z,43.0200
2016-04-20,2016-04-21T00:00:00Z,43.0900
2016-04-21,2016-04-22T00:00:00Z,43.4800
2016-04-22,2016-04-23T00:00:00Z,43.9700
2016-04-25,2016-04-26T00:00:00Z,42.9700
2016-04-26,2016-04-27T00:00:00Z,43.9400
2016-04-27,2016-04-28T00:00:00Z,44.1700
2016-04-28,2016-04-29T00:00:00Z,45.6000
2016-04-29,2016-04-30T00:00:00Z,45.6400
2016-05-02,2016-05-03T00:00:00Z,45.8200
2016-05-03,2016-05-04T00:00:00Z,43.0900
2016-05-04,2016-05-05T00:00:00Z,43.0800
2016-05-05,2016-05-06T00:00:00Z,44.3900
2016-05-06,2016-05-07T00:00:00Z,44.6000
2016-05-09,2016-05-10T00:00:00Z,42.4300
2016-05-10,2016-05-11T00:00:00Z,44.0100
2016-05-11,2016-05-12T00:00:00Z,46.0800
2016-05-12,2016-05-13T00:00:00Z,46.4300
2016-05-13,2016-05-14T00:00:00Z,47.0500
2016-05-16,2016-05-17T00:00:00Z,48.4900
2016-05-17,2016-05-18T00:00:00Z,48.7100
2016-05-18,2016-05-19T00:00:00Z,48.9300
2016-05-19,2016-05-20T00:00:00Z,47.0100
2016-05-20,2016-05-21T00:00:00Z,48.5400
2016-05-23,2016-05-24T00:00:00Z,47.7700
2016-05-24,2016-05-25T00:00:00Z,48.4200
2016-05-25,2016-05-26T00:00:00Z,48.8700
2016-05-26,2016-05-27T00:00:00Z,49.5200
2016-05-27,2016-05-28T00:00:00Z,49.0900
2016-05-31,2016-06-01T00:00:00Z,49.2600
2016-06-01,2016-06-02T00:00:00Z,48.8100
2016-06-02,2016-06-03T00:00:00Z,49.0500
2016-06-03,2016-06-04T00:00:00Z,48.5000
2016-06-06,2016-06-07T00:00:00Z,48.9400
2016-06-07,2016-06-08T00:00:00Z,49.7600
2016-06-08,2016-06-09T00:00:00Z,50.7300
2016-06-09,2016-06-10T00:00:00Z,50.5900
2016-06-10,2016-06-11T00:00:00Z,49.7000
2016-06-13,2016-06-14T00:00:00Z,49.3600
2016-06-14,2016-06-15T00:00:00Z,47.8800
2016-06-15,2016-06-16T00:00:00Z,47.4700
2016-06-16,2016-06-17T00:00:00Z,45.6600
2016-06-17,2016-06-18T00:00:00Z,46.5700
2016-06-20,2016-06-21T00:00:00Z,48.6800
2016-06-21,2016-06-22T00:00:00Z,48.1800
2016-06-22,2016-06-23T00:00:00Z,48.4300
2016-06-23,2016-06-24T00:00:00Z,48.6300
2016-06-24,2016-06-25T00:00:00Z,46.6900
2016-06-27,2016-06-28T00:00:00Z,45.0700
2016-06-28,2016-06-29T00:00:00Z,46.2900
2016-06-29,2016-06-30T00:00:00Z,48.4000
2016-06-30,2016-07-01T00:00:00Z,48.0500
2016-07-01,2016-07-02T00:00:00Z,47.6500
2016-07-04,2016-07-05T00:00:00Z,48.0200
2016-07-05,2016-07-06T00:00:00Z,45.6400
2016-07-06,2016-07-07T00:00:00Z,45.7000
2016-07-07,2016-07-08T00:00:00Z,45.9300
2016-07-08,2016-07-09T00:00:00Z,44.5300
2016-07-11,2016-07-12T00:00:00Z,44.0400
2016-07-12,2016-07-13T00:00:00Z,46.7200
2016-07-13,2016-07-14T00:00:00Z,44.6700
2016-07-14,2016-07-15T00:00:00Z,46.0100
2016-07-15,2016-07-16T00:00:00Z,46.2500
2016-07-18,2016-07-19T00:00:00Z,45.3500
2016-07-19,2016-07-20T00:00:00Z,45.7000
2016-07-20,2016-07-21T00:00:00Z,45.8200
2016-07-21,2016-07-22T00:00:00Z,44.9900
2016-07-22,2016-07-23T00:00:00Z,44.2400
2016-07-25,2016-07-26T00:00:00Z,43.7600
2016-07-26,2016-07-27T00:00:00Z,43.5600
2016-07-27,2016-07-28T00:00:00Z,42.7800
2016-07-28,2016-07-29T00:00:00Z,41.8700
2016-07-29,2016-07-30T00:00:00Z,40.7600
2016-08-01,2016-08-02T00:00:00Z,40.1700
2016-08-02,2016-08-03T00:00:00Z,40.0000
2016-08-03,2016-08-04T00:00:00Z,40.4500
2016-08-04,2016-08-05T00:00:00Z,41.3300
2016-08-05,2016-08-06T00:00:00Z,42.4700
2016-08-08,2016-08-09T00:00:00Z,43.2400
2016-08-09,2016-08-10T00:00:00Z,43.3700
2016-08-10,2016-08-11T00:00:00Z,42.1900
2016-08-11,2016-08-12T00:00:00Z,44.2300
2016-08-12,2016-08-13T00:00:00Z,45.1200
2016-08-15,2016-08-16T00:00:00Z,47.3100
2016-08-16,2016-08-17T00:00:00Z,48.2700
2016-08-17,2016-08-18T00:00:00Z,48.5800
2016-08-18,2016-08-19T00:00:00Z,49.4600
2016-08-19,2016-08-20T00:00:00Z,49.3900
2016-08-22,2016-08-23T00:00:00Z,48.1000
2016-08-23,2016-08-24T00:00:00Z,48.7000
2016-08-24,2016-08-25T00:00:00Z,47.5600
2016-08-25,2016-08-26T00:00:00Z,49.2500
2016-08-26,2016-08-27T00:00:00Z,49.6600
2016-08-29,2016-08-30T00:00:00Z,49.6600
2016-08-30,2016-08-31T00:00:00Z,47.9400
2016-08-31,2016-09-01T00:00:00Z,47.9400
2016-09-01,2016-09-02T00:00:00Z,45.0500
2016-09-02,2016-09-03T00:00:00Z,45.9600
2016-09-05,2016-09-06T00:00:00Z,46.7200
2016-09-06,2016-09-07T00:00:00Z,46.2100
2016-09-07,2016-09-08T00:00:00Z,47.0000
2016-09-08,2016-09-09T00:00:00Z,49.2300
2016-09-09,2016-09-10T00:00:00Z,48.3700
2016-09-12,2016-09-13T00:00:00Z,47.8200
2016-09-13,2016-09-14T00:00:00Z,46.4800
2016-09-14,2016-09-15T00:00:00Z,45.6500
2016-09-15,2016-09-16T00:00:00Z,45.8300
2016-09-16,2016-09-17T00:00:00Z,45.2600
2016-09-19,2016-09-20T00:00:00Z,46.0400
2016-09-20,2016-09-21T00:00:00Z,45.2400
2016-09-21,2016-09-22T00:00:00Z,45.9900
2016-09-22,2016-09-23T00:00:00Z,47.2100
2016-09-23,2016-09-24T00:00:00Z,46.7100
2016-09-26,2016-09-27T00:00:00Z,46.6100
2016-09-27,2016-09-28T00:00:00Z,44.9500
2016-09-28,2016-09-29T00:00:00Z,45.4900
2016-09-29,2016-09-30T00:00:00Z,48.4300
2016-09-30,2016-10-01T00:00:00Z,48.2400
2016-10-03,2016-10-04T00:00:00Z,48.6100
2016-10-04,2016-10-05T00:00:00Z,48.8100
2016-10-05,2016-10-06T00:00:00Z,49.5700
2016-10-06,2016-10-07T00:00:00Z,50.1400
2016-10-07,2016-10-08T00:00:00Z,50.4900
2016-10-10,2016-10-11T00:00:00Z,51.5400
2016-10-11,2016-10-12T00:00:00Z,50.4800
2016-10-12,2016-10-13T00:00:00Z,49.5300
2016-10-13,2016-10-14T00:00:00Z,49.2900
2016-10-14,2016-10-15T00:00:00Z,48.8700
2016-10-17,2016-10-18T00:00:00Z,49.3100
2016-10-18,2016-10-19T00:00:00Z,49.8100
2016-10-19,2016-10-20T00:00:00Z,51.8500
2016-10-20,2016-10-21T00:00:00Z,50.4200
2016-10-21,2016-10-22T00:00:00Z,50.2800
2016-10-24,2016-10-25T00:00:00Z,49.8000
2016-10-25,2016-10-26T00:00:00Z,49.0800
2016-10-26,2016-10-27T00:00:00Z,48.9800
2016-10-27,2016-10-28T00:00:00Z,49.1300
2016-10-28,2016-10-29T00:00:00Z,47.7800
2016-10-31,2016-11-01T00:00:00Z,46.2000
2016-11-01,2016-11-02T00:00:00Z,45.7700
2016-11-02,2016-11-03T00:00:00Z,44.2600
2016-11-03,2016-11-04T00:00:00Z,43.8400
2016-11-04,2016-11-05T00:00:00Z,43.0600
2016-11-07,2016-11-08T00:00:00Z,42.8300
2016-11-08,2016-11-09T00:00:00Z,43.4700
2016-11-09,2016-11-10T00:00:00Z,43.8800
2016-11-10,2016-11-11T00:00:00Z,43.6700
2016-11-11,2016-11-12T00:00:00Z,41.6100
2016-11-14,2016-11-15T00:00:00Z,41.8300
2016-11-15,2016-11-16T00:00:00Z,44.1500
2016-11-16,2016-11-17T00:00:00Z,45.0700
2016-11-17,2016-11-18T00:00:00Z,44.5700
2016-11-18,2016-11-19T00:00:00Z,44.4100
2016-11-21,2016-11-22T00:00:00Z,45.9600
2016-11-22,2016-11-23T00:00:00Z,46.1000
2016-11-23,2016-11-24T00:00:00Z,46.5400
2016-11-24,2016-11-25T00:00:00Z,47.5400
2016-11-25,2016-11-26T00:00:00Z,46.3200
2016-11-28,2016-11-29T00:00:00Z,46.6400
2016-11-29,2016-11-30T00:00:00Z,44.6800
2016-11-30,2016-12-01T00:00:00Z,47.9500
2016-12-01,2016-12-02T00:00:00Z,52.2800
2016-12-02,2016-12-03T00:00:00Z,52.3500
2016-12-05,2016-12-06T00:00:00Z,53.3000
2016-12-06,2016-12-07T00:00:00Z,52.3100
2016-12-07,2016-12-08T00:00:00Z,51.9000
2016-12-08,2016-12-09T00:00:00Z,51.6000
2016-12-09,2016-12-10T00:00:00Z,52.1900
2016-12-12,2016-12-13T00:00:00Z,53.9900
2016-12-13,2016-12-14T00:00:00Z,53.2800
2016-12-14,2016-12-15T00:00:00Z,53.1500
2016-12-15,2016-12-16T00:00:00Z,51.7200
2016-12-16,2016-12-17T00:00:00Z,54.1500
2016-12-19,2016-12-20T00:00:00Z,53.5300
2016-12-20,2016-12-21T00:00:00Z,54.5600
2016-12-21,2016-12-22T00:00:00Z,53.0100
2016-12-22,2016-12-23T00:00:00Z,54.0400
2016-12-23,2016-12-24T00:00:00Z,53.9300
2016-12-28,2016-12-29T00:00:00Z,54.9500
2016-12-29,2016-12-30T00:00:00Z,54.9700
2016-12-30,2016-12-31T00:00:00Z,54.9600
2017-01-03,2017-01-04T00:00:00Z,55.0500
2017-01-04,2017-01-05T00:00:00Z,54.5700
2017-01-05,2017-01-06T00:00:00Z,54.9900
2017-01-06,2017-01-07T00:00:00Z,55.9000
2017-01-09,2017-01-10T00:00:00Z,54.3900
2017-01-10,2017-01-11T00:00:00Z,53.2000
2017-01-11,2017-01-12T00:00:00Z,53.6100
2017-01-12,2017-01-13T00:00:00Z,54.5100
2017-01-13,2017-01-14T00:00:00Z,54.3700
2017-01-16,2017-01-17T00:00:00Z,54.3000
2017-01-17,2017-01-18T00:00:00Z,54.6800
2017-01-18,2017-01-19T00:00:00Z,53.7700
2017-01-19,2017-01-20T00:00:00Z,53.1800
2017-01-20,2017-01-21T00:00:00Z,55.0400
2017-01-23,2017-01-24T00:00:00Z,54.8000
2017-01-24,2017-01-25T00:00:00Z,54.7000
2017-01-25,2017-01-26T00:00:00Z,54.3400
2017-01-26,2017-01-27T00:00:00Z,55.8900
2017-01-27,2017-01-28T00:00:00Z,54.8000
2017-01-30,2017-01-31T00:00:00Z,54.7700
2017-01-31,2017-02-01T00:00:00Z,55.2500
2017-02-01,2017-02-02T00:00:00Z,55.7900
2017-02-02,2017-02-03T00:00:00Z,55.9400
2017-02-03,2017-02-04T00:00:00Z,55.9200
2017-02-06,2017-02-07T00:00:00Z,55.0200
2017-02-07,2017-02-08T00:00:00Z,53.7900
2017-02-08,2017-02-09T00:00:00Z,54.4200
2017-02-09,2017-02-10T00:00:00Z,53.9800
2017-02-10,2017-02-11T00:00:00Z,55.2000
2017-02-13,2017-02-14T00:00:00Z,54.1500
2017-02-14,2017-02-15T00:00:00Z,54.9600
2017-02-15,2017-02-16T00:00:00Z,54.5700
2017-02-16,2017-02-17T00:00:00Z,54.1600
2017-02-17,2017-02-18T00:00:00Z,54.4800
2017-02-20,2017-02-21T00:00:00Z,55.2500
2017-02-21,2017-02-22T00:00:00Z,56.3400
2017-02-22,2017-02-23T00:00:00Z,54.9000
2017-02-23,2017-02-24T00:00:00Z,55.8200
2017-02-24,2017-02-25T00:00:00Z,54.6900
2017-02-27,2017-02-28T00:00:00Z,54.6500
2017-02-28,2017-03-01T00:00:00Z,53.3600
2017-03-01,2017-03-02T00:00:00Z,55.7200
2017-03-02,2017-03-03T00:00:00Z,54.1600
2017-03-03,2017-03-04T00:00:00Z,54.1200
2017-03-06,2017-03-07T00:00:00Z,54.7300
2017-03-07,2017-03-08T00:00:00Z,54.6100
2017-03-08,2017-03-09T00:00:00Z,53.3000
2017-03-09,2017-03-10T00:00:00Z,50.6500
2017-03-10,2017-03-11T00:00:00Z,50.6300
2017-03-13,2017-03-14T00:00:00Z,50.1000
2017-03-14,2017-03-15T00:00:00Z,49.6000
2017-03-15,2017-03-16T00:00:00Z,50.6300
2017-03-16,2017-03-17T00:00:00Z,50.5600
2017-03-17,2017-03-18T00:00:00Z,50.5800
2017-03-20,2017-03-21T00:00:00Z,50.6700
2017-03-21,2017-03-22T00:00:00Z,50.1400
2017-03-22,2017-03-23T00:00:00Z,49.5600
2017-03-23,2017-03-24T00:00:00Z,50.1700
2017-03-24,2017-03-25T00:00:00Z,49.9700
2017-03-27,2017-03-28T00:00:00Z,50.1200
2017-03-28,2017-03-29T00:00:00Z,50.7200
2017-03-29,2017-03-30T00:00:00Z,51.3600
2017-03-30,2017-03-31T00:00:00Z,52.2500
2017-03-31,2017-04-01T00:00:00Z,52.2000
2017-04-03,2017-04-04T00:00:00Z,52.0400
2017-04-04,2017-04-05T00:00:00Z,53.0800
2017-04-05,2017-04-06T00:00:00Z,53.4100
2017-04-06,2017-04-07T00:00:00Z,53.6200
2017-04-07,2017-04-08T00:00:00Z,54.2400
2017-04-10,2017-04-11T00:00:00Z,54.7900
2017-04-11,2017-04-12T00:00:00Z,54.7300
2017-04-12,2017-04-13T00:00:00Z,54.7500
2017-04-13,2017-04-14T00:00:00Z,55.0500
2017-04-17,2017-04-18T00:00:00Z,54.7900
2017-04-18,2017-04-19T00:00:00Z,52.6000
2017-04-19,2017-04-20T00:00:00Z,52.4300
2017-04-20,2017-04-21T00:00:00Z,50.6600
2017-04-21,2017-04-22T00:00:00Z,49.9300
2017-04-24,2017-04-25T00:00:00Z,49.4500
2017-04-25,2017-04-26T00:00:00Z,49.3700
2017-04-26,2017-04-27T00:00:00Z,49.9900
2017-04-27,2017-04-28T00:00:00Z,49.4600
2017-04-28,2017-04-29T00:00:00Z,49.4600
2017-05-01,2017-05-02T00:00:00Z,50.4100
2017-05-02,2017-05-03T00:00:00Z,49.3100
2017-05-03,2017-05-04T00:00:00Z,48.8200
2017-05-04,2017-05-05T00:00:00Z,47.5300
2017-05-05,2017-05-06T00:00:00Z,47.4500
2017-05-08,2017-05-09T00:00:00Z,46.6100
2017-05-09,2017-05-10T00:00:00Z,47.0600
2017-05-10,2017-05-11T00:00:00Z,48.0900
2017-05-11,2017-05-12T00:00:00Z,49.1800
2017-05-12,2017-05-13T00:00:00Z,49.0800
2017-05-15,2017-05-16T00:00:00Z,51.2900
2017-05-16,2017-05-17T00:00:00Z,51.2100
2017-05-17,2017-05-18T00:00:00Z,51.7600
2017-05-18,2017-05-19T00:00:00Z,51.7100
2017-05-19,2017-05-20T00:00:00Z,52.7800
2017-05-22,2017-05-23T00:00:00Z,53.3500
2017-05-23,2017-05-24T00:00:00Z,53.1900
2017-05-24,2017-05-25T00:00:00Z,53.2900
2017-05-25,2017-05-26T00:00:00Z,52.2500
2017-05-26,2017-05-27T00:00:00Z,50.8400
2017-05-29,2017-05-30T00:00:00Z,52.2500
2017-05-30,2017-05-31T00:00:00Z,50.6500
2017-05-31,2017-06-01T00:00:00Z,49.4000
2017-06-01,2017-06-02T00:00:00Z,50.4100
2017-06-02,2017-06-03T00:00:00Z,48.4600
2017-06-05,2017-06-06T00:00:00Z,48.2500
2017-06-06,2017-06-07T00:00:00Z,48.1100
2017-06-07,2017-06-08T00:00:00Z,47.0800
2017-06-08,2017-06-09T00:00:00Z,46.3000
2017-06-09,2017-06-10T00:00:00Z,46.6400
2017-06-12,2017-06-13T00:00:00Z,47.1800
2017-06-13,2017-06-14T00:00:00Z,46.9500
2017-06-14,2017-06-15T00:00:00Z,45.4700
2017-06-15,2017-06-16T00:00:00Z,45.6100
2017-06-16,2017-06-17T00:00:00Z,45.7000
2017-06-19,2017-06-20T00:00:00Z,45.9300
2017-06-20,2017-06-21T00:00:00Z,43.9800
2017-06-21,2017-06-22T00:00:00Z,44.6200
2017-06-22,2017-06-23T00:00:00Z,44.4600
2017-06-23,2017-06-24T00:00:00Z,44.1400
2017-06-26,2017-06-27T00:00:00Z,44.0900
2017-06-27,2017-06-28T00:00:00Z,46.1700
2017-06-28,2017-06-29T00:00:00Z,46.4500
2017-06-29,2017-06-30T00:00:00Z,47.0200
2017-06-30,2017-07-01T00:00:00Z,47.0800
2017-07-03,2017-07-04T00:00:00Z,49.1300
2017-07-04,2017-07-05T00:00:00Z,49.1500
2017-07-05,2017-07-06T00:00:00Z,47.5800
2017-07-06,2017-07-07T00:00:00Z,48.5300
2017-07-07,2017-07-08T00:00:00Z,46.4700
2017-07-10,2017-07-11T00:00:00Z,46.5700
2017-07-11,2017-07-12T00:00:00Z,46.6800
2017-07-12,2017-07-13T00:00:00Z,46.7300
2017-07-13,2017-07-14T00:00:00Z,47.6500
2017-07-14,2017-07-15T00:00:00Z,47.8900
2017-07-17,2017-07-18T00:00:00Z,47.6600
2017-07-18,2017-07-19T00:00:00Z,47.9200
2017-07-19,2017-07-20T00:00:00Z,48.3400
2017-07-20,2017-07-21T00:00:00Z,48.5400
2017-07-21,2017-07-22T00:00:00Z,47.4700
2017-07-24,2017-07-25T00:00:00Z,47.8100
2017-07-25,2017-07-26T00:00:00Z,49.1900
2017-07-26,2017-07-27T00:00:00Z,50.0800
2017-07-27,2017-07-28T00:00:00Z,50.6700
2017-07-28,2017-07-29T00:00:00Z,52.0000
2017-07-31,2017-08-01T00:00:00Z,51.9900
2017-08-01,2017-08-02T00:00:00Z,50.7700
2017-08-02,2017-08-03T00:00:00Z,52.0900
2017-08-03,2017-08-04T00:00:00Z,52.8800
2017-08-04,2017-08-05T00:00:00Z,52.4800
2017-08-07,2017-08-08T00:00:00Z,51.4200
2017-08-08,2017-08-09T00:00:00Z,52.1800
2017-08-09,2017-08-10T00:00:00Z,52.1600
2017-08-10,2017-08-11T00:00:00Z,52.5900
2017-08-11,2017-08-12T00:00:00Z,51.4700
2017-08-14,2017-08-15T00:00:00Z,51.2900
2017-08-15,2017-08-16T00:00:00Z,49.9000
2017-08-16,2017-08-17T00:00:00Z,50.3900
2017-08-17,2017-08-18T00:00:00Z,50.3700
2017-08-18,2017-08-19T00:00:00Z,50.9600
2017-08-21,2017-08-22T00:00:00Z,51.9400
2017-08-22,2017-08-23T00:00:00Z,52.2900
2017-08-23,2017-08-24T00:00:00Z,52.3100
2017-08-24,2017-08-25T00:00:00Z,51.7300
2017-08-25,2017-08-26T00:00:00Z,51.8700
2017-08-28,2017-08-29T00:00:00Z,51.8700
2017-08-29,2017-08-30T00:00:00Z,51.6400
2017-08-30,2017-08-31T00:00:00Z,51.9100
2017-08-31,2017-09-01T00:00:00Z,52.6900
2017-09-01,2017-09-02T00:00:00Z,53.1500
2017-09-04,2017-09-05T00:00:00Z,52.6000
2017-09-05,2017-09-06T00:00:00Z,53.6300
2017-09-06,2017-09-07T00:00:00Z,54.4800
2017-09-07,2017-09-08T00:00:00Z,54.1600
2017-09-08,2017-09-09T00:00:00Z,54.5500
2017-09-11,2017-09-12T00:00:00Z,54.2000
2017-09-12,2017-09-13T00:00:00Z,55.0600
2017-09-13,2017-09-14T00:00:00Z,55.5200
2017-09-14,2017-09-15T00:00:00Z,56.7600
2017-09-15,2017-09-16T00:00:00Z,56.1800
2017-09-18,2017-09-19T00:00:00Z,55.5000
2017-09-19,2017-09-20T00:00:00Z,56.5800
2017-09-20,2017-09-21T00:00:00Z,57.2000
2017-09-21,2017-09-22T00:00:00Z,57.7300
2017-09-22,2017-09-23T00:00:00Z,58.1600
2017-09-25,2017-09-26T00:00:00Z,59.4200
2017-09-26,2017-09-27T00:00:00Z,59.7700
2017-09-27,2017-09-28T00:00:00Z,58.7400
2017-09-28,2017-09-29T00:00:00Z,58.8000
2017-09-29,2017-09-30T00:00:00Z,57.0200
2017-10-02,2017-10-03T00:00:00Z,55.6700
2017-10-03,2017-10-04T00:00:00Z,56.1200
2017-10-04,2017-10-05T00:00:00Z,56.0000
2017-10-05,2017-10-06T00:00:00Z,57.0900
2017-10-06,2017-10-07T00:00:00Z,55.5000
2017-10-09,2017-10-10T00:00:00Z,55.2900
2017-10-10,2017-10-11T00:00:00Z,56.6200
2017-10-11,2017-10-12T00:00:00Z,56.1300
2017-10-12,2017-10-13T00:00:00Z,56.1300
2017-10-13,2017-10-14T00:00:00Z,56.8600
2017-10-16,2017-10-17T00:00:00Z,57.4900
2017-10-17,2017-10-18T00:00:00Z,57.6300
2017-10-18,2017-10-19T00:00:00Z,58.0500
2017-10-19,2017-10-20T00:00:00Z,57.8200
2017-10-20,2017-10-21T00:00:00Z,57.8900
2017-10-23,2017-10-24T00:00:00Z,57.6900
2017-10-24,2017-10-25T00:00:00Z,57.8400
2017-10-25,2017-10-26T00:00:00Z,58.4500
2017-10-26,2017-10-27T00:00:00Z,58.7500
2017-10-27,2017-10-28T00:00:00Z,60.1500
2017-10-30,2017-10-31T00:00:00Z,60.6500
2017-10-31,2017-11-01T00:00:00Z,61.3500
2017-11-01,2017-11-02T00:00:00Z,60.9800
2017-11-02,2017-11-03T00:00:00Z,60.7900
2017-11-03,2017-11-04T00:00:00Z,61.4200
2017-11-06,2017-11-07T00:00:00Z,64.2700
2017-11-07,2017-11-08T00:00:00Z,64.3600
2017-11-08,2017-11-09T00:00:00Z,63.9600
2017-11-09,2017-11-10T00:00:00Z,64.4900
2017-11-10,2017-11-11T00:00:00Z,64.3500
2017-11-13,2017-11-14T00:00:00Z,62.9400
2017-11-14,2017-11-15T00:00:00Z,60.9100
2017-11-15,2017-11-16T00:00:00Z,61.2500
2017-11-16,2017-11-17T00:00:00Z,61.1800
2017-11-17,2017-11-18T00:00:00Z,61.3400
2017-11-20,2017-11-21T00:00:00Z,61.3400
2017-11-21,2017-11-22T00:00:00Z,62.2800
2017-11-22,2017-11-23T00:00:00Z,62.9200
2017-11-23,2017-11-24T00:00:00Z,63.2700
2017-11-24,2017-11-25T00:00:00Z,63.5800
2017-11-27,2017-11-28T00:00:00Z,63.2500
2017-11-28,2017-11-29T00:00:00Z,63.5600
2017-11-29,2017-11-30T00:00:00Z,63.7400
2017-11-30,2017-12-01T00:00:00Z,63.5300
2017-12-01,2017-12-02T00:00:00Z,64.5700
2017-12-04,2017-12-05T00:00:00Z,63.4500
2017-12-05,2017-12-06T00:00:00Z,63.4500
2017-12-06,2017-12-07T00:00:00Z,62.2500
2017-12-07,2017-12-08T00:00:00Z,62.3700
2017-12-08,2017-12-09T00:00:00Z,63.8600
2017-12-11,2017-12-12T00:00:00Z,65.6200
2017-12-12,2017-12-13T00:00:00Z,64.9600
2017-12-13,2017-12-14T00:00:00Z,63.6600
2017-12-14,2017-12-15T00:00:00Z,63.7200
2017-12-15,2017-12-16T00:00:00Z,63.8100
2017-12-18,2017-12-19T00:00:00Z,64.4500
2017-12-19,2017-12-20T00:00:00Z,63.6900
2017-12-20,2017-12-21T00:00:00Z,64.4300
2017-12-21,2017-12-22T00:00:00Z,64.6400
2017-12-22,2017-12-23T00:00:00Z,64.6100
2017-12-27,2017-12-28T00:00:00Z,66.0300
2017-12-28,2017-12-29T00:00:00Z,66.8000
2017-12-29,2017-12-30T00:00:00Z,66.7300
2018-01-02,2018-01-03T00:00:00Z,66.6500
2018-01-03,2018-01-04T00:00:00Z,67.8500
2018-01-04,2018-01-05T00:00:00Z,68.7300
2018-01-05,2018-01-06T00:00:00Z,68.0100
2018-01-08,2018-01-09T00:00:00Z,68.4800
2018-01-09,2018-01-10T00:00:00Z,69.0800
2018-01-10,2018-01-11T00:00:00Z,69.7900
2018-01-11,2018-01-12T00:00:00Z,70.3600
2018-01-12,2018-01-13T00:00:00Z,69.6400
2018-01-15,2018-01-16T00:00:00Z,70.3100
2018-01-16,2018-01-17T00:00:00Z,69.4000
2018-01-17,2018-01-18T00:00:00Z,69.1900
2018-01-18,2018-01-19T00:00:00Z,69.4800
2018-01-19,2018-01-20T00:00:00Z,68.5600
2018-01-22,2018-01-23T00:00:00Z,69.3200
2018-01-23,2018-01-24T00:00:00Z,69.8100
2018-01-24,2018-01-25T00:00:00Z,69.9100
2018-01-25,2018-01-26T00:00:00Z,71.0800
2018-01-26,2018-01-27T00:00:00Z,70.0800
2018-01-29,2018-01-30T00:00:00Z,68.4100
2018-01-30,2018-01-31T00:00:00Z,67.7800
2018-01-31,2018-02-01T00:00:00Z,67.7800
2018-02-01,2018-02-02T00:00:00Z,68.6000
2018-02-02,2018-02-03T00:00:00Z,67.4500
2018-02-05,2018-02-06T00:00:00Z,67.6900
2018-02-06,2018-02-07T00:00:00Z,66.7500
2018-02-07,2018-02-08T00:00:00Z,65.7400
2018-02-08,2018-02-09T00:00:00Z,64.2600
2018-02-09,2018-02-10T00:00:00Z,63.0400
2018-02-12,2018-02-13T00:00:00Z,62.2000
2018-02-13,2018-02-14T00:00:00Z,61.9400
2018-02-14,2018-02-15T00:00:00Z,62.2900
2018-02-15,2018-02-16T00:00:00Z,62.8600
2018-02-16,2018-02-17T00:00:00Z,64.3000
2018-02-19,2018-02-20T00:00:00Z,64.9500
2018-02-20,2018-02-21T00:00:00Z,64.6800
2018-02-21,2018-02-22T00:00:00Z,64.8100
2018-02-22,2018-02-23T00:00:00Z,66.1200
2018-02-23,2018-02-24T00:00:00Z,67.0400
2018-02-26,2018-02-27T00:00:00Z,67.9600
2018-02-27,2018-02-28T00:00:00Z,67.5900
2018-02-28,2018-03-01T00:00:00Z,66.0800
2018-03-01,2018-03-02T00:00:00Z,64.2300
2018-03-02,2018-03-03T00:00:00Z,64.2600
2018-03-05,2018-03-06T00:00:00Z,65.7800
2018-03-06,2018-03-07T00:00:00Z,65.6700
2018-03-07,2018-03-08T00:00:00Z,65.0900
2018-03-08,2018-03-09T00:00:00Z,63.8700
2018-03-09,2018-03-10T00:00:00Z,65.1900
2018-03-12,2018-03-13T00:00:00Z,64.5300
2018-03-13,2018-03-14T00:00:00Z,64.2000
2018-03-14,2018-03-15T00:00:00Z,63.6100
2018-03-15,2018-03-16T00:00:00Z,63.6700
2018-03-16,2018-03-17T00:00:00Z,64.6800
2018-03-19,2018-03-20T00:00:00Z,64.8200
2018-03-20,2018-03-21T00:00:00Z,66.0000
2018-03-21,2018-03-22T00:00:00Z,68.1500
2018-03-22,2018-03-23T00:00:00Z,68.9800
2018-03-23,2018-03-24T00:00:00Z,69.0300
2018-03-26,2018-03-27T00:00:00Z,68.8100
2018-03-27,2018-03-28T00:00:00Z,68.6300
2018-03-28,2018-03-29T00:00:00Z,68.1300
2018-03-29,2018-03-30T00:00:00Z,69.0200
2018-04-03,2018-04-04T00:00:00Z,69.0200
2018-04-04,2018-04-05T00:00:00Z,66.0400
2018-04-05,2018-04-06T00:00:00Z,66.5400
2018-04-06,2018-04-07T00:00:00Z,66.5100
2018-04-09,2018-04-10T00:00:00Z,68.1900
2018-04-10,2018-04-11T00:00:00Z,70.6700
2018-04-11,2018-04-12T00:00:00Z,72.7400
2018-04-12,2018-04-13T00:00:00Z,71.4400
2018-04-13,2018-04-14T00:00:00Z,73.1800
2018-04-16,2018-04-17T00:00:00Z,72.0500
2018-04-17,2018-04-18T00:00:00Z,71.7100
2018-04-18,2018-04-19T00:00:00Z,73.7300
2018-04-19,2018-04-20T00:00:00Z,74.8500
2018-04-20,2018-04-21T00:00:00Z,74.6200
2018-04-23,2018-04-24T00:00:00Z,74.5400
2018-04-24,2018-04-25T00:00:00Z,75.8600
2018-04-25,2018-04-26T00:00:00Z,73.7900
2018-04-26,2018-04-27T00:00:00Z,75.3900
2018-04-27,2018-04-28T00:00:00Z,75.3300
2018-04-30,2018-05-01T00:00:00Z,75.9200
2018-05-01,2018-05-02T00:00:00Z,74.8500
2018-05-02,2018-05-03T00:00:00Z,73.1400
2018-05-03,2018-05-04T00:00:00Z,73.4500
2018-05-04,2018-05-05T00:00:00Z,74.7500
2018-05-08,2018-05-09T00:00:00Z,74.1600
2018-05-09,2018-05-10T00:00:00Z,77.6000
2018-05-10,2018-05-11T00:00:00Z,77.5900
2018-05-11,2018-05-12T00:00:00Z,77.3700
2018-05-14,2018-05-15T00:00:00Z,78.1700
2018-05-15,2018-05-16T00:00:00Z,78.9400
2018-05-16,2018-05-17T00:00:00Z,78.1900
2018-05-17,2018-05-18T00:00:00Z,80.0900
2018-05-18,2018-05-19T00:00:00Z,78.3800
2018-05-21,2018-05-22T00:00:00Z,78.3400
2018-05-22,2018-05-23T00:00:00Z,80.4200
2018-05-23,2018-05-24T00:00:00Z,78.6900
2018-05-24,2018-05-25T00:00:00Z,78.9000
2018-05-25,2018-05-26T00:00:00Z,76.6000
2018-05-29,2018-05-30T00:00:00Z,74.5100
2018-05-30,2018-05-31T00:00:00Z,75.8900
2018-05-31,2018-06-01T00:00:00Z,76.4500
2018-06-01,2018-06-02T00:00:00Z,74.5400
2018-06-04,2018-06-05T00:00:00Z,73.4100
2018-06-05,2018-06-06T00:00:00Z,72.9100
2018-06-06,2018-06-07T00:00:00Z,73.2300
2018-06-07,2018-06-08T00:00:00Z,75.2300
2018-06-08,2018-06-09T00:00:00Z,75.1100
2018-06-11,2018-06-12T00:00:00Z,74.5800
2018-06-12,2018-06-13T00:00:00Z,74.8600
2018-06-13,2018-06-14T00:00:00Z,75.0700
2018-06-14,2018-06-15T00:00:00Z,74.7700
2018-06-15,2018-06-16T00:00:00Z,72.0200
2018-06-18,2018-06-19T00:00:00Z,74.8700
2018-06-19,2018-06-20T00:00:00Z,74.9200
2018-06-20,2018-06-21T00:00:00Z,74.2500
2018-06-21,2018-06-22T00:00:00Z,72.8700
2018-06-22,2018-06-23T00:00:00Z,73.6700
2018-06-25,2018-06-26T00:00:00Z,72.8200
2018-06-26,2018-06-27T00:00:00Z,73.5800
2018-06-27,2018-06-28T00:00:00Z,76.0900
2018-06-28,2018-06-29T00:00:00Z,76.2600
2018-06-29,2018-06-30T00:00:00Z,77.4400
2018-07-02,2018-07-03T00:00:00Z,76.7100
2018-07-03,2018-07-04T00:00:00Z,75.8700
2018-07-04,2018-07-05T00:00:00Z,76.9900
2018-07-05,2018-07-06T00:00:00Z,77.0900
2018-07-06,2018-07-07T00:00:00Z,74.9800
2018-07-09,2018-07-10T00:00:00Z,77.0800
2018-07-10,2018-07-11T00:00:00Z,77.8000
2018-07-11,2018-07-12T00:00:00Z,75.3500
2018-07-12,2018-07-13T00:00:00Z,72.1100
2018-07-13,2018-07-14T00:00:00Z,74.1100
2018-07-16,2018-07-17T00:00:00Z,71.0300
2018-07-17,2018-07-18T00:00:00Z,70.8700
2018-07-18,2018-07-19T00:00:00Z,70.5200
2018-07-19,2018-07-20T00:00:00Z,71.9400
2018-07-20,2018-07-21T00:00:00Z,71.9900
2018-07-23,2018-07-24T00:00:00Z,73.4500
2018-07-24,2018-07-25T00:00:00Z,73.5300
2018-07-25,2018-07-26T00:00:00Z,73.6700
2018-07-26,2018-07-27T00:00:00Z,74.5100
2018-07-27,2018-07-28T00:00:00Z,74.8400
2018-07-30,2018-07-31T00:00:00Z,74.9900
2018-07-31,2018-08-01T00:00:00Z,74.1600
2018-08-01,2018-08-02T00:00:00Z,72.2800
2018-08-02,2018-08-03T00:00:00Z,72.9500
2018-08-03,2018-08-04T00:00:00Z,72.4800
2018-08-06,2018-08-07T00:00:00Z,72.5100
2018-08-07,2018-08-08T00:00:00Z,72.3100
2018-08-08,2018-08-09T00:00:00Z,70.7100
2018-08-09,2018-08-10T00:00:00Z,70.5500
2018-08-10,2018-08-11T00:00:00Z,71.0000
2018-08-13,2018-08-14T00:00:00Z,70.6200
2018-08-14,2018-08-15T00:00:00Z,70.7700
2018-08-15,2018-08-16T00:00:00Z,68.3800
2018-08-16,2018-08-17T00:00:00Z,69.2100
2018-08-17,2018-08-18T00:00:00Z,70.1400
2018-08-20,2018-08-21T00:00:00Z,71.1100
2018-08-21,2018-08-22T00:00:00Z,71.6500
2018-08-22,2018-08-23T00:00:00Z,72.9600
2018-08-23,2018-08-24T00:00:00Z,73.7300
2018-08-24,2018-08-25T00:00:00Z,74.4100
2018-08-27,2018-08-28T00:00:00Z,74.4100
2018-08-28,2018-08-29T00:00:00Z,75.9100
2018-08-29,2018-08-30T00:00:00Z,76.0700
2018-08-30,2018-08-31T00:00:00Z,77.0500
2018-08-31,2018-09-01T00:00:00Z,76.9400
2018-09-03,2018-09-04T00:00:00Z,77.8100
2018-09-04,2018-09-05T00:00:00Z,77.5100
2018-09-05,2018-09-06T00:00:00Z,76.6800
2018-09-06,2018-09-07T00:00:00Z,75.6700
2018-09-07,2018-09-08T00:00:00Z,75.5500
2018-09-10,2018-09-11T00:00:00Z,76.7700
2018-09-11,2018-09-12T00:00:00Z,78.2200
2018-09-12,2018-09-13T00:00:00Z,80.0200
2018-09-13,2018-09-14T00:00:00Z,77.6600
2018-09-14,2018-09-15T00:00:00Z,77.8700
2018-09-17,2018-09-18T00:00:00Z,78.2200
2018-09-18,2018-09-19T00:00:00Z,79.2500
2018-09-19,2018-09-20T00:00:00Z,79.4300
2018-09-20,2018-09-21T00:00:00Z,79.0300
2018-09-21,2018-09-22T00:00:00Z,78.9000
2018-09-24,2018-09-25T00:00:00Z,80.8900
2018-09-25,2018-09-26T00:00:00Z,82.2100
2018-09-26,2018-09-27T00:00:00Z,81.8700
2018-09-27,2018-09-28T00:00:00Z,81.5400
2018-09-28,2018-09-29T00:00:00Z,82.7200
2018-10-01,2018-10-02T00:00:00Z,84.9400
2018-10-02,2018-10-03T00:00:00Z,85.6300
2018-10-03,2018-10-04T00:00:00Z,85.4500
2018-10-04,2018-10-05T00:00:00Z,86.0700
2018-10-05,2018-10-06T00:00:00Z,85.1200
2018-10-08,2018-10-09T00:00:00Z,84.2200
2018-10-09,2018-10-10T00:00:00Z,85.1600
2018-10-10,2018-10-11T00:00:00Z,83.8200
2018-10-11,2018-10-12T00:00:00Z,81.3500
2018-10-12,2018-10-13T00:00:00Z,80.7100
2018-10-15,2018-10-16T00:00:00Z,80.9100
2018-10-16,2018-10-17T00:00:00Z,80.5300
2018-10-17,2018-10-18T00:00:00Z,79.9100
2018-10-18,2018-10-19T00:00:00Z,80.3000
2018-10-19,2018-10-20T00:00:00Z,80.3800
2018-10-22,2018-10-23T00:00:00Z,80.4500
2018-10-23,2018-10-24T00:00:00Z,78.6700
2018-10-24,2018-10-25T00:00:00Z,77.3400
2018-10-25,2018-10-26T00:00:00Z,77.3000
2018-10-26,2018-10-27T00:00:00Z,77.4000
2018-10-29,2018-10-30T00:00:00Z,77.5600
2018-10-30,2018-10-31T00:00:00Z,75.6800
2018-10-31,2018-11-01T00:00:00Z,74.8400
2018-11-01,2018-11-02T00:00:00Z,71.2500
2018-11-02,2018-11-03T00:00:00Z,71.1100
2018-11-05,2018-11-06T00:00:00Z,72.6800
2018-11-06,2018-11-07T00:00:00Z,70.6400
2018-11-07,2018-11-08T00:00:00Z,70.1000
2018-11-08,2018-11-09T00:00:00Z,69.2900
2018-11-09,2018-11-10T00:00:00Z,69.0100
2018-11-12,2018-11-13T00:00:00Z,69.8100
2018-11-13,2018-11-14T00:00:00Z,65.4500
2018-11-14,2018-11-15T00:00:00Z,64.8800
2018-11-15,2018-11-16T00:00:00Z,65.6100
2018-11-16,2018-11-17T00:00:00Z,65.2900
2018-11-19,2018-11-20T00:00:00Z,64.1400
2018-11-20,2018-11-21T00:00:00Z,61.5000
2018-11-21,2018-11-22T00:00:00Z,61.6500
2018-11-22,2018-11-23T00:00:00Z,61.1100
2018-11-23,2018-11-24T00:00:00Z,57.6900
2018-11-26,2018-11-27T00:00:00Z,59.7000
2018-11-27,2018-11-28T00:00:00Z,59.5800
2018-11-28,2018-11-29T00:00:00Z,57.9700
2018-11-29,2018-11-30T00:00:00Z,58.2900
2018-11-30,2018-12-01T00:00:00Z,57.7100
2018-12-03,2018-12-04T00:00:00Z,60.1700
2018-12-04,2018-12-05T00:00:00Z,61.2200
2018-12-05,2018-12-06T00:00:00Z,61.4000
2018-12-06,2018-12-07T00:00:00Z,57.8300
2018-12-07,2018-12-08T00:00:00Z,61.7100
2018-12-10,2018-12-11T00:00:00Z,60.2900
2018-12-11,2018-12-12T00:00:00Z,59.7300
2018-12-12,2018-12-13T00:00:00Z,59.9400
2018-12-13,2018-12-14T00:00:00Z,59.0300
2018-12-14,2018-12-15T00:00:00Z,58.5600
2018-12-17,2018-12-18T00:00:00Z,57.5900
2018-12-18,2018-12-19T00:00:00Z,55.2600
2018-12-19,2018-12-20T00:00:00Z,55.6000
2018-12-20,2018-12-21T00:00:00Z,52.8400
2018-12-21,2018-12-22T00:00:00Z,51.9300
2018-12-27,2018-12-28T00:00:00Z,51.4900
2018-12-28,2018-12-29T00:00:00Z,50.5700
2019-01-02,2019-01-03T00:00:00Z,54.0600
2019-01-03,2019-01-04T00:00:00Z,53.2300
2019-01-04,2019-01-05T00:00:00Z,55.6400
2019-01-07,2019-01-08T00:00:00Z,57.1000
2019-01-08,2019-01-09T00:00:00Z,56.9100
2019-01-09,2019-01-10T00:00:00Z,59.4600
2019-01-10,2019-01-11T00:00:00Z,60.4700
2019-01-11,2019-01-12T00:00:00Z,59.2400
2019-01-14,2019-01-15T00:00:00Z,58.8000
2019-01-15,2019-01-16T00:00:00Z,58.6500
2019-01-16,2019-01-17T00:00:00Z,59.8100
2019-01-17,2019-01-18T00:00:00Z,59.8500
2019-01-18,2019-01-19T00:00:00Z,62.0400
2019-01-21,2019-01-22T00:00:00Z,62.1800
2019-01-22,2019-01-23T00:00:00Z,60.9000
2019-01-23,2019-01-24T00:00:00Z,61.0500
2019-01-24,2019-01-25T00:00:00Z,61.0900
2019-01-25,2019-01-26T00:00:00Z,61.4900
2019-01-28,2019-01-29T00:00:00Z,59.7100
2019-01-29,2019-01-30T00:00:00Z,60.9800
2019-01-30,2019-01-31T00:00:00Z,61.8900
2019-01-31,2019-02-01T00:00:00Z,62.4600
2019-02-01,2019-02-02T00:00:00Z,61.8600
2019-02-04,2019-02-05T00:00:00Z,62.2600
2019-02-05,2019-02-06T00:00:00Z,61.6700
2019-02-06,2019-02-07T00:00:00Z,62.2200
2019-02-07,2019-02-08T00:00:00Z,61.0100
2019-02-08,2019-02-09T00:00:00Z,61.3700
2019-02-11,2019-02-12T00:00:00Z,61.3000
2019-02-12,2019-02-13T00:00:00Z,62.5800
2019-02-13,2019-02-14T00:00:00Z,63.2700
2019-02-14,2019-02-15T00:00:00Z,64.0000
2019-02-15,2019-02-16T00:00:00Z,65.6500
2019-02-18,2019-02-19T00:00:00Z,66.4100
2019-02-19,2019-02-20T00:00:00Z,65.8600
2019-02-20,2019-02-21T00:00:00Z,66.8200
2019-02-21,2019-02-22T00:00:00Z,66.9100
2019-02-22,2019-02-23T00:00:00Z,66.9100
2019-02-25,2019-02-26T00:00:00Z,64.0200
2019-02-26,2019-02-27T00:00:00Z,64.5100
2019-02-27,2019-02-28T00:00:00Z,65.5500
2019-02-28,2019-03-01T00:00:00Z,65.0300
2019-03-01,2019-03-02T00:00:00Z,63.7100
2019-03-04,2019-03-05T00:00:00Z,64.4400
2019-03-05,2019-03-06T00:00:00Z,64.2400
2019-03-06,2019-03-07T00:00:00Z,64.5100
2019-03-07,2019-03-08T00:00:00Z,64.8200
2019-03-08,2019-03-09T00:00:00Z,65.6600
2019-03-11,2019-03-12T00:00:00Z,65.0600
2019-03-12,2019-03-13T00:00:00Z,65.3300
2019-03-13,2019-03-14T00:00:00Z,65.8900
2019-03-14,2019-03-15T00:00:00Z,66.1800
2019-03-15,2019-03-16T00:00:00Z,66.1100
2019-03-18,2019-03-19T00:00:00Z,66.6500
2019-03-19,2019-03-20T00:00:00Z,67.1300
2019-03-20,2019-03-21T00:00:00Z,68.3500
2019-03-21,2019-03-22T00:00:00Z,68.3000
2019-03-22,2019-03-23T00:00:00Z,66.2900
2019-03-25,2019-03-26T00:00:00Z,67.3700
2019-03-26,2019-03-27T00:00:00Z,67.5100
2019-03-27,2019-03-28T00:00:00Z,67.3500
2019-03-28,2019-03-29T00:00:00Z,66.0800
2019-03-29,2019-03-30T00:00:00Z,67.9300
2019-04-01,2019-04-02T00:00:00Z,69.0800
2019-04-02,2019-04-03T00:00:00Z,69.6800
2019-04-03,2019-04-04T00:00:00Z,69.2100
2019-04-04,2019-04-05T00:00:00Z,69.8000
2019-04-05,2019-04-06T00:00:00Z,69.9300
2019-04-08,2019-04-09T00:00:00Z,71.1200
2019-04-09,2019-04-10T00:00:00Z,71.0200
2019-04-10,2019-04-11T00:00:00Z,71.6300
2019-04-11,2019-04-12T00:00:00Z,71.3000
2019-04-12,2019-04-13T00:00:00Z,71.5700
2019-04-15,2019-04-16T00:00:00Z,70.9000
2019-04-16,2019-04-17T00:00:00Z,70.7400
2019-04-17,2019-04-18T00:00:00Z,71.1400
2019-04-18,2019-04-19T00:00:00Z,70.7100
2019-04-22,2019-04-23T00:00:00Z,70.7100
2019-04-23,2019-04-24T00:00:00Z,74.3900
2019-04-24,2019-04-25T00:00:00Z,73.5900
2019-04-25,2019-04-26T00:00:00Z,74.9400
2019-04-26,2019-04-27T00:00:00Z,71.0300
2019-04-29,2019-04-30T00:00:00Z,71.2200
2019-04-30,2019-05-01T00:00:00Z,72.1900
2019-05-01,2019-05-02T00:00:00Z,72.0100
2019-05-02,2019-05-03T00:00:00Z,70.5600
2019-05-03,2019-05-04T00:00:00Z,71.9500
2019-05-06,2019-05-07T00:00:00Z,71.9500
2019-05-07,2019-05-08T00:00:00Z,70.9800
2019-05-08,2019-05-09T00:00:00Z,71.0900
2019-05-09,2019-05-10T00:00:00Z,70.6100
2019-05-10,2019-05-11T00:00:00Z,71.6300
2019-05-13,2019-05-14T00:00:00Z,72.3500
2019-05-14,2019-05-15T00:00:00Z,72.5300
2019-05-15,2019-05-16T00:00:00Z,73.0900
2019-05-16,2019-05-17T00:00:00Z,74.7000
2019-05-17,2019-05-18T00:00:00Z,73.9400
2019-05-20,2019-05-21T00:00:00Z,73.2100
2019-05-21,2019-05-22T00:00:00Z,72.9400
2019-05-22,2019-05-23T00:00:00Z,71.9400
2019-05-23,2019-05-24T00:00:00Z,68.3700
2019-05-24,2019-05-25T00:00:00Z,67.9800
2019-05-28,2019-05-29T00:00:00Z,70.1900
2019-05-29,2019-05-30T00:00:00Z,70.6400
2019-05-30,2019-05-31T00:00:00Z,69.5500
2019-05-31,2019-06-01T00:00:00Z,66.7800
2019-06-03,2019-06-04T00:00:00Z,63.1600
2019-06-04,2019-06-05T00:00:00Z,63.5600
2019-06-05,2019-06-06T00:00:00Z,62.1400
2019-06-06,2019-06-07T00:00:00Z,62.7700
2019-06-07,2019-06-08T00:00:00Z,64.1000
2019-06-10,2019-06-11T00:00:00Z,64.3100
2019-06-11,2019-06-12T00:00:00Z,63.5600
2019-06-12,2019-06-13T00:00:00Z,61.6600
2019-06-13,2019-06-14T00:00:00Z,63.2800
2019-06-14,2019-06-15T00:00:00Z,63.1300
2019-06-17,2019-06-18T00:00:00Z,62.5600
2019-06-18,2019-06-19T00:00:00Z,63.3500
2019-06-19,2019-06-20T00:00:00Z,62.8500
2019-06-20,2019-06-21T00:00:00Z,65.4400
2019-06-21,2019-06-22T00:00:00Z,65.9900
2019-06-24,2019-06-25T00:00:00Z,65.1600
2019-06-25,2019-06-26T00:00:00Z,66.2400
2019-06-26,2019-06-27T00:00:00Z,66.8500
2019-06-27,2019-06-28T00:00:00Z,66.7800
2019-06-28,2019-06-29T00:00:00Z,67.5200
2019-07-01,2019-07-02T00:00:00Z,65.1000
2019-07-02,2019-07-03T00:00:00Z,62.7200
2019-07-03,2019-07-04T00:00:00Z,63.5300
2019-07-04,2019-07-05T00:00:00Z,63.6200
2019-07-05,2019-07-06T00:00:00Z,64.2300
2019-07-08,2019-07-09T00:00:00Z,64.8900
2019-07-09,2019-07-10T00:00:00Z,64.3000
2019-07-10,2019-07-11T00:00:00Z,66.4100
2019-07-11,2019-07-12T00:00:00Z,67.6400
2019-07-12,2019-07-13T00:00:00Z,66.6500
2019-07-15,2019-07-16T00:00:00Z,66.8600
2019-07-16,2019-07-17T00:00:00Z,65.8700
2019-07-17,2019-07-18T00:00:00Z,63.6700
2019-07-18,2019-07-19T00:00:00Z,60.7000
2019-07-19,2019-07-20T00:00:00Z,61.0400
2019-07-22,2019-07-23T00:00:00Z,61.9600
2019-07-23,2019-07-24T00:00:00Z,62.2800
2019-07-24,2019-07-25T00:00:00Z,63.8300
2019-07-25,2019-07-26T00:00:00Z,63.4700
2019-07-26,2019-07-27T00:00:00Z,62.4600
2019-07-29,2019-07-30T00:00:00Z,62.2900
2019-07-30,2019-07-31T00:00:00Z,62.5500
2019-07-31,2019-08-01T00:00:00Z,64.0700
2019-08-01,2019-08-02T00:00:00Z,62.9000
2019-08-02,2019-08-03T00:00:00Z,61.1200
2019-08-05,2019-08-06T00:00:00Z,59.3200
2019-08-06,2019-08-07T00:00:00Z,58.6300
2019-08-07,2019-08-08T00:00:00Z,55.0300
2019-08-08,2019-08-09T00:00:00Z,56.2900
2019-08-09,2019-08-10T00:00:00Z,57.3700
2019-08-12,2019-08-13T00:00:00Z,57.1300
2019-08-13,2019-08-14T00:00:00Z,59.9000
2019-08-14,2019-08-15T00:00:00Z,57.8600
2019-08-15,2019-08-16T00:00:00Z,57.3700
2019-08-16,2019-08-17T00:00:00Z,59.0000
2019-08-19,2019-08-20T00:00:00Z,59.7900
2019-08-20,2019-08-21T00:00:00Z,59.0300
2019-08-21,2019-08-22T00:00:00Z,60.6000
2019-08-22,2019-08-23T00:00:00Z,59.8100
2019-08-23,2019-08-24T00:00:00Z,58.6400
2019-08-26,2019-08-27T00:00:00Z,58.6400
2019-08-27,2019-08-28T00:00:00Z,58.4400
2019-08-28,2019-08-29T00:00:00Z,60.4200
2019-08-29,2019-08-30T00:00:00Z,60.5900
2019-08-30,2019-08-31T00:00:00Z,61.0400
2019-09-02,2019-09-03T00:00:00Z,58.5500
2019-09-03,2019-09-04T00:00:00Z,57.9300
2019-09-04,2019-09-05T00:00:00Z,60.6800
2019-09-05,2019-09-06T00:00:00Z,62.7000
2019-09-06,2019-09-07T00:00:00Z,61.2800
2019-09-09,2019-09-10T00:00:00Z,63.9900
2019-09-10,2019-09-11T00:00:00Z,64.6700
2019-09-11,2019-09-12T00:00:00Z,63.0200
2019-09-12,2019-09-13T00:00:00Z,60.7600
2019-09-13,2019-09-14T00:00:00Z,61.2500
2019-09-16,2019-09-17T00:00:00Z,68.4200
2019-09-17,2019-09-18T00:00:00Z,65.5900
2019-09-18,2019-09-19T00:00:00Z,64.2900
2019-09-19,2019-09-20T00:00:00Z,64.2500
2019-09-20,2019-09-21T00:00:00Z,65.2300
2019-09-23,2019-09-24T00:00:00Z,64.6600
2019-09-24,2019-09-25T00:00:00Z,64.1300
2019-09-25,2019-09-26T00:00:00Z,62.4100
2019-09-26,2019-09-27T00:00:00Z,62.0800
2019-09-27,2019-09-28T00:00:00Z,62.4800
2019-09-30,2019-10-01T00:00:00Z,60.9900
2019-10-01,2019-10-02T00:00:00Z,60.0600
2019-10-02,2019-10-03T00:00:00Z,57.9200
2019-10-03,2019-10-04T00:00:00Z,58.0100
2019-10-04,2019-10-05T00:00:00Z,59.1300
2019-10-07,2019-10-08T00:00:00Z,59.4600
2019-10-08,2019-10-09T00:00:00Z,58.1400
2019-10-09,2019-10-10T00:00:00Z,59.7000
2019-10-10,2019-10-11T00:00:00Z,59.0800
2019-10-11,2019-10-12T00:00:00Z,60.5900
2019-10-14,2019-10-15T00:00:00Z,58.8100
2019-10-15,2019-10-16T00:00:00Z,59.1900
2019-10-16,2019-10-17T00:00:00Z,59.3000
2019-10-17,2019-10-18T00:00:00Z,59.3500
2019-10-18,2019-10-19T00:00:00Z,59.9600
2019-10-21,2019-10-22T00:00:00Z,58.9500
2019-10-22,2019-10-23T00:00:00Z,60.5000
2019-10-23,2019-10-24T00:00:00Z,60.5200
2019-10-24,2019-10-25T00:00:00Z,61.7100
2019-10-25,2019-10-26T00:00:00Z,62.0600
2019-10-28,2019-10-29T00:00:00Z,60.3900
2019-10-29,2019-10-30T00:00:00Z,61.0500
2019-10-30,2019-10-31T00:00:00Z,60.2200
2019-10-31,2019-11-01T00:00:00Z,59.3000
2019-11-01,2019-11-02T00:00:00Z,60.1700
2019-11-04,2019-11-05T00:00:00Z,62.5200
2019-11-05,2019-11-06T00:00:00Z,62.7200
2019-11-06,2019-11-07T00:00:00Z,62.1100
2019-11-07,2019-11-08T00:00:00Z,62.6000
2019-11-08,2019-11-09T00:00:00Z,62.0000
2019-11-11,2019-11-12T00:00:00Z,62.5800
2019-11-12,2019-11-13T00:00:00Z,62.1900
2019-11-13,2019-11-14T00:00:00Z,62.2700
2019-11-14,2019-11-15T00:00:00Z,62.4600
2019-11-15,2019-11-16T00:00:00Z,63.3200
2019-11-18,2019-11-19T00:00:00Z,62.8200
2019-11-19,2019-11-20T00:00:00Z,62.3700
2019-11-20,2019-11-21T00:00:00Z,63.8000
2019-11-21,2019-11-22T00:00:00Z,64.9900
2019-11-22,2019-11-23T00:00:00Z,64.8300
2019-11-25,2019-11-26T00:00:00Z,64.6700
2019-11-26,2019-11-27T00:00:00Z,64.8200
2019-11-27,2019-11-28T00:00:00Z,65.0300
2019-11-28,2019-11-29T00:00:00Z,64.6800
2019-11-29,2019-11-30T00:00:00Z,64.5000
2019-12-02,2019-12-03T00:00:00Z,63.2000
2019-12-03,2019-12-04T00:00:00Z,62.9500
2019-12-04,2019-12-05T00:00:00Z,65.2500
2019-12-05,2019-12-06T00:00:00Z,65.6700
2019-12-06,2019-12-07T00:00:00Z,66.5000
2019-12-09,2019-12-10T00:00:00Z,66.4400
2019-12-10,2019-12-11T00:00:00Z,66.5700
2019-12-11,2019-12-12T00:00:00Z,65.3700
2019-12-12,2019-12-13T00:00:00Z,66.6700
2019-12-13,2019-12-14T00:00:00Z,67.4400
2019-12-16,2019-12-17T00:00:00Z,68.0400
2019-12-17,2019-12-18T00:00:00Z,68.9900
2019-12-18,2019-12-19T00:00:00Z,69.1200
2019-12-19,2019-12-20T00:00:00Z,69.7000
2019-12-20,2019-12-21T00:00:00Z,68.6600
2019-12-23,2019-12-24T00:00:00Z,67.4900
2019-12-24,2019-12-25T00:00:00Z,69.2600
2019-12-26,2019-12-27T00:00:00Z,69.2600
2019-12-27,2019-12-28T00:00:00Z,68.9100
2019-12-30,2019-12-31T00:00:00Z,68.3000
2019-12-31,2020-01-01T00:00:00Z,67.7700
2020-01-02,2020-01-03T00:00:00Z,67.0500
2020-01-03,2020-01-04T00:00:00Z,69.0800
2020-01-06,2020-01-07T00:00:00Z,70.2500
2020-01-07,2020-01-08T00:00:00Z,68.7400
2020-01-08,2020-01-09T00:00:00Z,67.3100
2020-01-09,2020-01-10T00:00:00Z,66.5800
2020-01-10,2020-01-11T00:00:00Z,66.7700
2020-01-13,2020-01-14T00:00:00Z,64.1400
2020-01-14,2020-01-15T00:00:00Z,64.4500
2020-01-15,2020-01-16T00:00:00Z,63.2900
2020-01-16,2020-01-17T00:00:00Z,64.6300
2020-01-17,2020-01-18T00:00:00Z,64.0500
2020-01-20,2020-01-21T00:00:00Z,64.6300
2020-01-21,2020-01-22T00:00:00Z,63.6600
2020-01-22,2020-01-23T00:00:00Z,62.1100
2020-01-23,2020-01-24T00:00:00Z,61.2600
2020-01-24,2020-01-25T00:00:00Z,59.3400
2020-01-27,2020-01-28T00:00:00Z,58.5400
2020-01-28,2020-01-29T00:00:00Z,59.3700
2020-01-29,2020-01-30T00:00:00Z,59.4600
2020-01-30,2020-01-31T00:00:00Z,57.7200
2020-01-31,2020-02-01T00:00:00Z,57.7700
2020-02-03,2020-02-04T00:00:00Z,54.0000
2020-02-04,2020-02-05T00:00:00Z,53.9000
2020-02-05,2020-02-06T00:00:00Z,55.3600
2020-02-06,2020-02-07T00:00:00Z,55.1800
2020-02-07,2020-02-08T00:00:00Z,54.5300
2020-02-10,2020-02-11T00:00:00Z,53.3900
2020-02-11,2020-02-12T00:00:00Z,54.0000
2020-02-12,2020-02-13T00:00:00Z,55.5400
2020-02-13,2020-02-14T00:00:00Z,56.3400
2020-02-14,2020-02-15T00:00:00Z,57.3700
2020-02-17,2020-02-18T00:00:00Z,57.8300
2020-02-18,2020-02-19T00:00:00Z,57.3500
2020-02-19,2020-02-20T00:00:00Z,59.7200
2020-02-20,2020-02-21T00:00:00Z,59.5700
2020-02-21,2020-02-22T00:00:00Z,58.6000
2020-02-24,2020-02-25T00:00:00Z,56.7100
2020-02-25,2020-02-26T00:00:00Z,55.2900
2020-02-26,2020-02-27T00:00:00Z,54.9600
2020-02-27,2020-02-28T00:00:00Z,52.1900
2020-02-28,2020-02-29T00:00:00Z,51.3100
2020-03-02,2020-03-03T00:00:00Z,52.5200
2020-03-03,2020-03-04T00:00:00Z,52.2400
2020-03-04,2020-03-05T00:00:00Z,51.8600
2020-03-05,2020-03-06T00:00:00Z,51.2900
2020-03-06,2020-03-07T00:00:00Z,45.6000
2020-03-09,2020-03-10T00:00:00Z,35.3300
2020-03-10,2020-03-11T00:00:00Z,35.5700
2020-03-11,2020-03-12T00:00:00Z,34.4500
2020-03-12,2020-03-13T00:00:00Z,31.0200
2020-03-13,2020-03-14T00:00:00Z,32.2500
2020-03-16,2020-03-17T00:00:00Z,27.9800
2020-03-17,2020-03-18T00:00:00Z,27.9700
2020-03-18,2020-03-19T00:00:00Z,22.7900
2020-03-19,2020-03-20T00:00:00Z,23.9800
2020-03-20,2020-03-21T00:00:00Z,25.5500
2020-03-23,2020-03-24T00:00:00Z,23.7500
2020-03-24,2020-03-25T00:00:00Z,24.5000
2020-03-25,2020-03-26T00:00:00Z,25.6200
2020-03-26,2020-03-27T00:00:00Z,23.5500
2020-03-27,2020-03-28T00:00:00Z,22.3900
2020-03-30,2020-03-31T00:00:00Z,19.1900
2020-03-31,2020-04-01T00:00:00Z,14.8500
2020-04-01,2020-04-02T00:00:00Z,14.9700
2020-04-02,2020-04-03T00:00:00Z,20.2400
2020-04-03,2020-04-04T00:00:00Z,24.3300
2020-04-06,2020-04-07T00:00:00Z,22.5800
2020-04-07,2020-04-08T00:00:00Z,22.1000
2020-04-08,2020-04-09T00:00:00Z,25.2200
2020-04-09,2020-04-10T00:00:00Z,20.2300
2020-04-14,2020-04-15T00:00:00Z,21.7400
2020-04-15,2020-04-16T00:00:00Z,19.8000
2020-04-16,2020-04-17T00:00:00Z,18.6900
2020-04-17,2020-04-18T00:00:00Z,19.7500
2020-04-20,2020-04-21T00:00:00Z,17.3600
2020-04-21,2020-04-22T00:00:00Z,9.1200
2020-04-22,2020-04-23T00:00:00Z,13.7700
2020-04-23,2020-04-24T00:00:00Z,15.0600
2020-04-24,2020-04-25T00:00:00Z,15.8700
2020-04-27,2020-04-28T00:00:00Z,15.1700
2020-04-28,2020-04-29T00:00:00Z,15.6000
2020-04-29,2020-04-30T00:00:00Z,17.8600
2020-04-30,2020-05-01T00:00:00Z,18.1100
2020-05-01,2020-05-02T00:00:00Z,18.4900
2020-05-04,2020-05-05T00:00:00Z,20.4000
2020-05-05,2020-05-06T00:00:00Z,25.4600
2020-05-06,2020-05-07T00:00:00Z,24.2000
2020-05-07,2020-05-08T00:00:00Z,24.2300
2020-05-11,2020-05-12T00:00:00Z,25.5300
2020-05-12,2020-05-13T00:00:00Z,26.6700
2020-05-13,2020-05-14T00:00:00Z,27.8900
2020-05-14,2020-05-15T00:00:00Z,29.8700
2020-05-15,2020-05-16T00:00:00Z,30.9500
2020-05-18,2020-05-19T00:00:00Z,33.3000
2020-05-19,2020-05-20T00:00:00Z,33.0600
2020-05-20,2020-05-21T00:00:00Z,34.7600
2020-05-21,2020-05-22T00:00:00Z,34.7800
2020-05-22,2020-05-23T00:00:00Z,33.8000
2020-05-26,2020-05-27T00:00:00Z,33.9500
2020-05-27,2020-05-28T00:00:00Z,32.7300
2020-05-28,2020-05-29T00:00:00Z,33.9800
2020-05-29,2020-05-30T00:00:00Z,34.1500
2020-06-01,2020-06-02T00:00:00Z,36.7400
2020-06-02,2020-06-03T00:00:00Z,37.7200
2020-06-03,2020-06-04T00:00:00Z,37.9800
2020-06-04,2020-06-05T00:00:00Z,38.4100
2020-06-05,2020-06-06T00:00:00Z,41.0000
2020-06-08,2020-06-09T00:00:00Z,39.6600
2020-06-09,2020-06-10T00:00:00Z,40.4500
2020-06-10,2020-06-11T00:00:00Z,41.1800
2020-06-11,2020-06-12T00:00:00Z,37.7600
2020-06-12,2020-06-13T00:00:00Z,38.5400
2020-06-15,2020-06-16T00:00:00Z,39.4400
2020-06-16,2020-06-17T00:00:00Z,40.7500
2020-06-17,2020-06-18T00:00:00Z,40.4700
2020-06-18,2020-06-19T00:00:00Z,41.7500
2020-06-19,2020-06-20T00:00:00Z,42.3300
2020-06-22,2020-06-23T00:00:00Z,43.2000
2020-06-23,2020-06-24T00:00:00Z,42.7200
2020-06-24,2020-06-25T00:00:00Z,40.4000
2020-06-25,2020-06-26T00:00:00Z,41.1800
2020-06-26,2020-06-27T00:00:00Z,40.9700
2020-06-29,2020-06-30T00:00:00Z,41.5800
2020-06-30,2020-07-01T00:00:00Z,41.6400
2020-07-01,2020-07-02T00:00:00Z,42.1800
2020-07-02,2020-07-03T00:00:00Z,43.1900
2020-07-03,2020-07-04T00:00:00Z,42.9200
2020-07-06,2020-07-07T00:00:00Z,42.7300
2020-07-07,2020-07-08T00:00:00Z,43.2800
2020-07-08,2020-07-09T00:00:00Z,43.6700
2020-07-09,2020-07-10T00:00:00Z,42.3500
2020-07-10,2020-07-11T00:00:00Z,43.2700
2020-07-13,2020-07-14T00:00:00Z,42.8500
2020-07-14,2020-07-15T00:00:00Z,42.9700
2020-07-15,2020-07-16T00:00:00Z,43.9600
2020-07-16,2020-07-17T00:00:00Z,43.7100
2020-07-17,2020-07-18T00:00:00Z,43.5300
2020-07-20,2020-07-21T00:00:00Z,43.3000
2020-07-21,2020-07-22T00:00:00Z,44.3100
2020-07-22,2020-07-23T00:00:00Z,43.9800
2020-07-23,2020-07-24T00:00:00Z,42.9600
2020-07-24,2020-07-25T00:00:00Z,43.2900
2020-07-27,2020-07-28T00:00:00Z,43.3900
2020-07-28,2020-07-29T00:00:00Z,43.1100
2020-07-29,2020-07-30T00:00:00Z,43.5100
2020-07-30,2020-07-31T00:00:00Z,42.9800
2020-07-31,2020-08-01T00:00:00Z,43.1300
2020-08-03,2020-08-04T00:00:00Z,43.7600
2020-08-04,2020-08-05T00:00:00Z,43.9900
2020-08-05,2020-08-06T00:00:00Z,44.9200
2020-08-06,2020-08-07T00:00:00Z,45.0400
2020-08-07,2020-08-08T00:00:00Z,44.0700
2020-08-10,2020-08-11T00:00:00Z,44.1900
2020-08-11,2020-08-12T00:00:00Z,43.6800
2020-08-12,2020-08-13T00:00:00Z,45.0900
2020-08-13,2020-08-14T00:00:00Z,44.8700
2020-08-14,2020-08-15T00:00:00Z,44.8600
2020-08-17,2020-08-18T00:00:00Z,44.9100
2020-08-18,2020-08-19T00:00:00Z,45.3400
2020-08-19,2020-08-20T00:00:00Z,45.2100
2020-08-20,2020-08-21T00:00:00Z,44.5600
2020-08-21,2020-08-22T00:00:00Z,43.9400
2020-08-24,2020-08-25T00:00:00Z,44.4300
2020-08-25,2020-08-26T00:00:00Z,46.0100
2020-08-26,2020-08-27T00:00:00Z,45.7900
2020-08-27,2020-08-28T00:00:00Z,44.8400
2020-08-28,2020-08-29T00:00:00Z,45.2200
2020-09-01,2020-09-02T00:00:00Z,45.7200
2020-09-02,2020-09-03T00:00:00Z,42.7000
2020-09-03,2020-09-04T00:00:00Z,42.7200
2020-09-04,2020-09-05T00:00:00Z,41.1000
2020-09-07,2020-09-08T00:00:00Z,40.6700
2020-09-08,2020-09-09T00:00:00Z,38.5300
2020-09-09,2020-09-10T00:00:00Z,39.9800
2020-09-10,2020-09-11T00:00:00Z,39.2700
2020-09-11,2020-09-12T00:00:00Z,38.8000
2020-09-14,2020-09-15T00:00:00Z,38.5700
2020-09-15,2020-09-16T00:00:00Z,39.5400
2020-09-16,2020-09-17T00:00:00Z,41.2300
2020-09-17,2020-09-18T00:00:00Z,42.3500
2020-09-18,2020-09-19T00:00:00Z,42.1600
2020-09-21,2020-09-22T00:00:00Z,40.3700
2020-09-22,2020-09-23T00:00:00Z,40.8400
2020-09-23,2020-09-24T00:00:00Z,41.0900
2020-09-24,2020-09-25T00:00:00Z,41.2400
2020-09-25,2020-09-26T00:00:00Z,40.9100
2020-09-28,2020-09-29T00:00:00Z,41.5900
2020-09-29,2020-09-30T00:00:00Z,40.3300
2020-09-30,2020-10-01T00:00:00Z,40.3000
2020-10-01,2020-10-02T00:00:00Z,39.7500
2020-10-02,2020-10-03T00:00:00Z,38.0000
2020-10-05,2020-10-06T00:00:00Z,39.7800
2020-10-06,2020-10-07T00:00:00Z,41.2700
2020-10-07,2020-10-08T00:00:00Z,40.6200
2020-10-08,2020-10-09T00:00:00Z,42.0000
2020-10-09,2020-10-10T00:00:00Z,41.6300
2020-10-12,2020-10-13T00:00:00Z,40.5000
2020-10-13,2020-10-14T00:00:00Z,41.3400
2020-10-14,2020-10-15T00:00:00Z,41.8100
2020-10-15,2020-10-16T00:00:00Z,41.6100
2020-10-16,2020-10-17T00:00:00Z,41.3400
2020-10-19,2020-10-20T00:00:00Z,41.2900
2020-10-20,2020-10-21T00:00:00Z,41.6200
2020-10-21,2020-10-22T00:00:00Z,40.0900
2020-10-22,2020-10-23T00:00:00Z,41.2800
2020-10-23,2020-10-24T00:00:00Z,40.7100
2020-10-26,2020-10-27T00:00:00Z,39.0600
2020-10-27,2020-10-28T00:00:00Z,39.7200
2020-10-28,2020-10-29T00:00:00Z,37.8600
2020-10-29,2020-10-30T00:00:00Z,36.5600
2020-10-30,2020-10-31T00:00:00Z,36.3300
2020-11-02,2020-11-03T00:00:00Z,37.7800
2020-11-03,2020-11-04T00:00:00Z,38.1700
2020-11-04,2020-11-05T00:00:00Z,39.6800
2020-11-05,2020-11-06T00:00:00Z,39.4700
2020-11-06,2020-11-07T00:00:00Z,38.0800
2020-11-09,2020-11-10T00:00:00Z,40.9300
2020-11-10,2020-11-11T00:00:00Z,42.2500
2020-11-11,2020-11-12T00:00:00Z,42.5000
2020-11-12,2020-11-13T00:00:00Z,42.1600
2020-11-13,2020-11-14T00:00:00Z,41.5100
2020-11-16,2020-11-17T00:00:00Z,42.7100
2020-11-17,2020-11-18T00:00:00Z,42.5400
2020-11-18,2020-11-19T00:00:00Z,42.9100
2020-11-19,2020-11-20T00:00:00Z,43.0900
2020-11-20,2020-11-21T00:00:00Z,43.7900
2020-11-23,2020-11-24T00:00:00Z,45.0000
2020-11-24,2020-11-25T00:00:00Z,46.6300
2020-11-25,2020-11-26T00:00:00Z,47.3000
2020-11-26,2020-11-27T00:00:00Z,46.3200
2020-11-27,2020-11-28T00:00:00Z,46.8800
2020-11-30,2020-12-01T00:00:00Z,46.8400
2020-12-01,2020-12-02T00:00:00Z,47.0300
2020-12-02,2020-12-03T00:00:00Z,47.8000
2020-12-03,2020-12-04T00:00:00Z,48.3700
2020-12-04,2020-12-05T00:00:00Z,49.1000
2020-12-07,2020-12-08T00:00:00Z,48.6300
2020-12-08,2020-12-09T00:00:00Z,48.8400
2020-12-09,2020-12-10T00:00:00Z,48.8100
2020-12-10,2020-12-11T00:00:00Z,50.3300
2020-12-11,2020-12-12T00:00:00Z,50.0100
2020-12-14,2020-12-15T00:00:00Z,50.2700
2020-12-15,2020-12-16T00:00:00Z,50.7700
2020-12-16,2020-12-17T00:00:00Z,50.8300
2020-12-17,2020-12-18T00:00:00Z,51.2000
2020-12-18,2020-12-19T00:00:00Z,52.1700
2020-12-21,2020-12-22T00:00:00Z,50.6100
2020-12-22,2020-12-23T00:00:00Z,49.8800
2020-12-23,2020-12-24T00:00:00Z,51.0500
2020-12-24,2020-12-25T00:00:00Z,50.8800
2020-12-28,2020-12-29T00:00:00Z,50.8800
2020-12-29,2020-12-30T00:00:00Z,50.4400
2020-12-30,2020-12-31T00:00:00Z,50.7400
2020-12-31,2021-01-01T00:00:00Z,51.2200
2021-01-04,2021-01-05T00:00:00Z,50.3700
2021-01-05,2021-01-06T00:00:00Z,53.1600
2021-01-06,2021-01-07T00:00:00Z,53.8000
2021-01-07,2021-01-08T00:00:00Z,53.7000
2021-01-08,2021-01-09T00:00:00Z,55.5100
2021-01-11,2021-01-12T00:00:00Z,54.8400
2021-01-12,2021-01-13T00:00:00Z,55.9800
2021-01-13,2021-01-14T00:00:00Z,55.5200
2021-01-14,2021-01-15T00:00:00Z,55.7600
2021-01-15,2021-01-16T00:00:00Z,54.8000
2021-01-18,2021-01-19T00:00:00Z,54.2100
2021-01-19,2021-01-20T00:00:00Z,55.3800
2021-01-20,2021-01-21T00:00:00Z,55.6600
2021-01-21,2021-01-22T00:00:00Z,55.6800
2021-01-22,2021-01-23T00:00:00Z,55.2200
2021-01-25,2021-01-26T00:00:00Z,55.4400
2021-01-26,2021-01-27T00:00:00Z,55.2600
2021-01-27,2021-01-28T00:00:00Z,55.0700
2021-01-28,2021-01-29T00:00:00Z,54.8700
2021-01-29,2021-01-30T00:00:00Z,55.2500
2021-02-01,2021-02-02T00:00:00Z,56.4200
2021-02-02,2021-02-03T00:00:00Z,57.6200
2021-02-03,2021-02-04T00:00:00Z,58.6100
2021-02-04,2021-02-05T00:00:00Z,58.9800
2021-02-05,2021-02-06T00:00:00Z,59.4800
2021-02-08,2021-02-09T00:00:00Z,60.1700
2021-02-09,2021-02-10T00:00:00Z,60.7400
2021-02-10,2021-02-11T00:00:00Z,61.1700
2021-02-11,2021-02-12T00:00:00Z,61.0900
2021-02-12,2021-02-13T00:00:00Z,62.4700
2021-02-15,2021-02-16T00:00:00Z,63.5800
2021-02-16,2021-02-17T00:00:00Z,63.9600
2021-02-17,2021-02-18T00:00:00Z,65.0200
2021-02-18,2021-02-19T00:00:00Z,64.0900
2021-02-19,2021-02-20T00:00:00Z,62.8400
2021-02-22,2021-02-23T00:00:00Z,64.7300
2021-02-23,2021-02-24T00:00:00Z,65.1600
2021-02-24,2021-02-25T00:00:00Z,66.8500
2021-02-25,2021-02-26T00:00:00Z,66.6900
2021-02-26,2021-02-27T00:00:00Z,65.8600
2021-03-01,2021-03-02T00:00:00Z,64.5600
2021-03-02,2021-03-03T00:00:00Z,63.1700
2021-03-03,2021-03-04T00:00:00Z,64.7000
2021-03-04,2021-03-05T00:00:00Z,67.3200
2021-03-05,2021-03-06T00:00:00Z,69.9500
2021-03-08,2021-03-09T00:00:00Z,68.0000
2021-03-09,2021-03-10T00:00:00Z,67.0300
2021-03-10,2021-03-11T00:00:00Z,67.5300
2021-03-11,2021-03-12T00:00:00Z,69.3400
2021-03-12,2021-03-13T00:00:00Z,68.8700
2021-03-15,2021-03-16T00:00:00Z,68.7800
2021-03-16,2021-03-17T00:00:00Z,67.9500
2021-03-17,2021-03-18T00:00:00Z,67.7300
2021-03-18,2021-03-19T00:00:00Z,62.1100
2021-03-19,2021-03-20T00:00:00Z,64.0000
2021-03-22,2021-03-23T00:00:00Z,63.8900
2021-03-23,2021-03-24T00:00:00Z,59.9600
2021-03-24,2021-03-25T00:00:00Z,63.7000
2021-03-25,2021-03-26T00:00:00Z,61.2100
2021-03-26,2021-03-27T00:00:00Z,63.7700
2021-03-29,2021-03-30T00:00:00Z,64.0600
2021-03-30,2021-03-31T00:00:00Z,63.2800
2021-03-31,2021-04-01T00:00:00Z,63.5200
2021-04-01,2021-04-02T00:00:00Z,63.8500
2021-04-06,2021-04-07T00:00:00Z,61.4700
2021-04-07,2021-04-08T00:00:00Z,61.8600
2021-04-08,2021-04-09T00:00:00Z,62.0900
2021-04-09,2021-04-10T00:00:00Z,61.8900
2021-04-12,2021-04-13T00:00:00Z,62.3800
2021-04-13,2021-04-14T00:00:00Z,62.8300
2021-04-14,2021-04-15T00:00:00Z,66.1100
2021-04-15,2021-04-16T00:00:00Z,66.1300
2021-04-16,2021-04-17T00:00:00Z,65.9800
2021-04-19,2021-04-20T00:00:00Z,66.5400
2021-04-20,2021-04-21T00:00:00Z,65.3400
2021-04-21,2021-04-22T00:00:00Z,64.0200
2021-04-22,2021-04-23T00:00:00Z,65.0700
2021-04-23,2021-04-24T00:00:00Z,65.7500
2021-04-26,2021-04-27T00:00:00Z,65.5000
2021-04-27,2021-04-28T00:00:00Z,66.2500
2021-04-28,2021-04-29T00:00:00Z,67.0800
2021-04-29,2021-04-30T00:00:00Z,68.2600
2021-04-30,2021-05-01T00:00:00Z,67.7300
2021-05-04,2021-05-05T00:00:00Z,68.9100
2021-05-05,2021-05-06T00:00:00Z,69.7100
2021-05-06,2021-05-07T00:00:00Z,68.6200
2021-05-07,2021-05-08T00:00:00Z,68.7300
2021-05-10,2021-05-11T00:00:00Z,68.6100
2021-05-11,2021-05-12T00:00:00Z,68.8300
2021-05-12,2021-05-13T00:00:00Z,69.6200
2021-05-13,2021-05-14T00:00:00Z,67.3600
2021-05-14,2021-05-15T00:00:00Z,69.2400
2021-05-17,2021-05-18T00:00:00Z,69.6200
2021-05-18,2021-05-19T00:00:00Z,69.0100
2021-05-19,2021-05-20T00:00:00Z,66.8800
2021-05-20,2021-05-21T00:00:00Z,65.1800
2021-05-21,2021-05-22T00:00:00Z,66.7200
2021-05-24,2021-05-25T00:00:00Z,68.5900
2021-05-25,2021-05-26T00:00:00Z,68.8000
2021-05-26,2021-05-27T00:00:00Z,68.9300
2021-05-27,2021-05-28T00:00:00Z,69.4300
2021-05-28,2021-05-29T00:00:00Z,69.3600
2021-06-01,2021-06-02T00:00:00Z,70.0300
2021-06-02,2021-06-03T00:00:00Z,70.6000
2021-06-03,2021-06-04T00:00:00Z,70.7100
2021-06-04,2021-06-05T00:00:00Z,71.3000
2021-06-07,2021-06-08T00:00:00Z,70.8900
2021-06-08,2021-06-09T00:00:00Z,71.3900
2021-06-09,2021-06-10T00:00:00Z,71.3100
2021-06-10,2021-06-11T00:00:00Z,71.6500
2021-06-11,2021-06-12T00:00:00Z,72.0500
2021-06-14,2021-06-15T00:00:00Z,72.2700
2021-06-15,2021-06-16T00:00:00Z,73.3800
2021-06-16,2021-06-17T00:00:00Z,73.8800
2021-06-17,2021-06-18T00:00:00Z,72.9200
2021-06-18,2021-06-19T00:00:00Z,73.1000
2021-06-21,2021-06-22T00:00:00Z,74.4900
2021-06-22,2021-06-23T00:00:00Z,74.9200
2021-06-23,2021-06-24T00:00:00Z,75.2200
2021-06-24,2021-06-25T00:00:00Z,75.9500
2021-06-25,2021-06-26T00:00:00Z,76.4500
2021-06-28,2021-06-29T00:00:00Z,74.7800
2021-06-29,2021-06-30T00:00:00Z,75.3800
2021-06-30,2021-07-01T00:00:00Z,76.9400
2021-07-01,2021-07-02T00:00:00Z,76.6900
2021-07-02,2021-07-03T00:00:00Z,77.5100
2021-07-05,2021-07-06T00:00:00Z,78.3400
2021-07-06,2021-07-07T00:00:00Z,75.8100
2021-07-07,2021-07-08T00:00:00Z,74.3100
2021-07-08,2021-07-09T00:00:00Z,75.0700
2021-07-09,2021-07-10T00:00:00Z,77.1400
2021-07-12,2021-07-13T00:00:00Z,76.7700
2021-07-13,2021-07-14T00:00:00Z,77.5000
2021-07-14,2021-07-15T00:00:00Z,75.7400
2021-07-15,2021-07-16T00:00:00Z,74.5300
2021-07-16,2021-07-17T00:00:00Z,74.4600
2021-07-19,2021-07-20T00:00:00Z,69.3300
2021-07-20,2021-07-21T00:00:00Z,70.0300
2021-07-21,2021-07-22T00:00:00Z,72.5400
2021-07-22,2021-07-23T00:00:00Z,74.2500
2021-07-23,2021-07-24T00:00:00Z,74.8600
2021-07-26,2021-07-27T00:00:00Z,74.7900
2021-07-27,2021-07-28T00:00:00Z,74.8700
2021-07-28,2021-07-29T00:00:00Z,75.0900
2021-07-29,2021-07-30T00:00:00Z,76.3000
2021-07-30,2021-07-31T00:00:00Z,77.7200
2021-08-02,2021-08-03T00:00:00Z,73.9100
2021-08-03,2021-08-04T00:00:00Z,73.2400
2021-08-04,2021-08-05T00:00:00Z,70.9900
2021-08-05,2021-08-06T00:00:00Z,72.1400
2021-08-06,2021-08-07T00:00:00Z,71.0200
2021-08-09,2021-08-10T00:00:00Z,69.6500
2021-08-10,2021-08-11T00:00:00Z,71.1400
2021-08-11,2021-08-12T00:00:00Z,71.9900
2021-08-12,2021-08-13T00:00:00Z,71.7900
2021-08-13,2021-08-14T00:00:00Z,70.9000
2021-08-16,2021-08-17T00:00:00Z,70.0700
2021-08-17,2021-08-18T00:00:00Z,69.4000
2021-08-18,2021-08-19T00:00:00Z,68.6100
2021-08-19,2021-08-20T00:00:00Z,66.8000
2021-08-20,2021-08-21T00:00:00Z,65.5100
2021-08-23,2021-08-24T00:00:00Z,69.0700
2021-08-24,2021-08-25T00:00:00Z,71.2100
2021-08-25,2021-08-26T00:00:00Z,72.1200
2021-08-26,2021-08-27T00:00:00Z,70.4200
2021-08-27,2021-08-28T00:00:00Z,72.2600
2021-08-31,2021-09-01T00:00:00Z,73.4500
2021-09-01,2021-09-02T00:00:00Z,71.9900
2021-09-02,2021-09-03T00:00:00Z,73.5600
2021-09-03,2021-09-04T00:00:00Z,73.0700
2021-09-06,2021-09-07T00:00:00Z,72.4300
2021-09-07,2021-09-08T00:00:00Z,71.5200
2021-09-08,2021-09-09T00:00:00Z,72.3600
2021-09-09,2021-09-10T00:00:00Z,71.3200
2021-09-10,2021-09-11T00:00:00Z,72.4400
2021-09-13,2021-09-14T00:00:00Z,72.9700
2021-09-14,2021-09-15T00:00:00Z,73.0500
2021-09-15,2021-09-16T00:00:00Z,74.8400
2021-09-16,2021-09-17T00:00:00Z,75.1400
2021-09-17,2021-09-18T00:00:00Z,74.6400
2021-09-20,2021-09-21T00:00:00Z,73.5900
2021-09-21,2021-09-22T00:00:00Z,73.6500
2021-09-22,2021-09-23T00:00:00Z,75.5000
2021-09-23,2021-09-24T00:00:00Z,76.4400
2021-09-24,2021-09-25T00:00:00Z,77.4200
2021-09-27,2021-09-28T00:00:00Z,78.8500
2021-09-28,2021-09-29T00:00:00Z,78.3000
2021-09-29,2021-09-30T00:00:00Z,77.8600
2021-09-30,2021-10-01T00:00:00Z,77.8100
2021-10-01,2021-10-02T00:00:00Z,79.4000
2021-10-04,2021-10-05T00:00:00Z,81.4400
2021-10-05,2021-10-06T00:00:00Z,82.7200
2021-10-06,2021-10-07T00:00:00Z,81.3900
2021-10-07,2021-10-08T00:00:00Z,82.3400
2021-10-08,2021-10-09T00:00:00Z,82.1700
2021-10-11,2021-10-12T00:00:00Z,83.7500
2021-10-12,2021-10-13T00:00:00Z,83.5300
2021-10-13,2021-10-14T00:00:00Z,83.5300
2021-10-14,2021-10-15T00:00:00Z,83.8600
2021-10-15,2021-10-16T00:00:00Z,84.6700
2021-10-18,2021-10-19T00:00:00Z,84.1300
2021-10-19,2021-10-20T00:00:00Z,85.0200
2021-10-20,2021-10-21T00:00:00Z,85.7600
2021-10-21,2021-10-22T00:00:00Z,84.5800
2021-10-22,2021-10-23T00:00:00Z,85.4300
2021-10-25,2021-10-26T00:00:00Z,84.8500
2021-10-26,2021-10-27T00:00:00Z,85.1100
2021-10-27,2021-10-28T00:00:00Z,84.1200
2021-10-28,2021-10-29T00:00:00Z,83.4000
2021-10-29,2021-10-30T00:00:00Z,83.1000
2021-11-01,2021-11-02T00:00:00Z,84.5100
2021-11-02,2021-11-03T00:00:00Z,84.4200
2021-11-03,2021-11-04T00:00:00Z,81.1000
2021-11-04,2021-11-05T00:00:00Z,80.1500
2021-11-05,2021-11-06T00:00:00Z,82.4300
2021-11-08,2021-11-09T00:00:00Z,83.2200
2021-11-09,2021-11-10T00:00:00Z,84.5200
2021-11-10,2021-11-11T00:00:00Z,82.9100
2021-11-11,2021-11-12T00:00:00Z,83.4000
2021-11-12,2021-11-13T00:00:00Z,82.9000
2021-11-15,2021-11-16T00:00:00Z,81.9400
2021-11-16,2021-11-17T00:00:00Z,82.8500
2021-11-17,2021-11-18T00:00:00Z,80.6700
2021-11-18,2021-11-19T00:00:00Z,82.4500
2021-11-19,2021-11-20T00:00:00Z,80.2400
2021-11-22,2021-11-23T00:00:00Z,80.9700
2021-11-23,2021-11-24T00:00:00Z,83.4300
2021-11-24,2021-11-25T00:00:00Z,82.3700
2021-11-25,2021-11-26T00:00:00Z,82.0500
2021-11-26,2021-11-27T00:00:00Z,72.3700
2021-11-29,2021-11-30T00:00:00Z,73.3400
2021-11-30,2021-12-01T00:00:00Z,70.8600
2021-12-01,2021-12-02T00:00:00Z,69.5300
2021-12-02,2021-12-03T00:00:00Z,70.5600
2021-12-03,2021-12-04T00:00:00Z,70.7100
2021-12-06,2021-12-07T00:00:00Z,73.3800
2021-12-07,2021-12-08T00:00:00Z,75.5400
2021-12-08,2021-12-09T00:00:00Z,75.9400
2021-12-09,2021-12-10T00:00:00Z,74.1000
2021-12-10,2021-12-11T00:00:00Z,74.9800
2021-12-13,2021-12-14T00:00:00Z,74.1200
2021-12-14,2021-12-15T00:00:00Z,73.3700
2021-12-15,2021-12-16T00:00:00Z,73.7100
2021-12-16,2021-12-17T00:00:00Z,74.6400
2021-12-17,2021-12-18T00:00:00Z,72.9700
2021-12-20,2021-12-21T00:00:00Z,70.5100
2021-12-21,2021-12-22T00:00:00Z,72.8500
2021-12-22,2021-12-23T00:00:00Z,74.6900
2021-12-23,2021-12-24T00:00:00Z,76.2600
2021-12-24,2021-12-25T00:00:00Z,75.2400
2021-12-29,2021-12-30T00:00:00Z,78.6300
2021-12-30,2021-12-31T00:00:00Z,78.6100
2021-12-31,2022-01-01T00:00:00Z,77.2400
2022-01-03,2022-01-04T00:00:00Z,78.2500
2022-01-04,2022-01-05T00:00:00Z,79.3900
2022-01-05,2022-01-06T00:00:00Z,80.6000
2022-01-06,2022-01-07T00:00:00Z,81.9900
2022-01-07,2022-01-08T00:00:00Z,82.2800
2022-01-10,2022-01-11T00:00:00Z,81.5600
2022-01-11,2022-01-12T00:00:00Z,84.9800
2022-01-12,2022-01-13T00:00:00Z,85.8300
2022-01-13,2022-01-14T00:00:00Z,85.8000
2022-01-14,2022-01-15T00:00:00Z,87.1700
2022-01-17,2022-01-18T00:00:00Z,87.8200
2022-01-18,2022-01-19T00:00:00Z,88.8300
2022-01-19,2022-01-20T00:00:00Z,89.6400
2022-01-20,2022-01-21T00:00:00Z,89.7500
2022-01-21,2022-01-22T00:00:00Z,89.7500
2022-01-24,2022-01-25T00:00:00Z,87.7400
2022-01-25,2022-01-26T00:00:00Z,89.4900
2022-01-26,2022-01-27T00:00:00Z,91.2200
2022-01-27,2022-01-28T00:00:00Z,90.7000
2022-01-28,2022-01-29T00:00:00Z,91.4700
2022-01-31,2022-02-01T00:00:00Z,92.3500
2022-02-01,2022-02-02T00:00:00Z,90.2400
2022-02-02,2022-02-03T00:00:00Z,91.4300
2022-02-03,2022-02-04T00:00:00Z,92.9900
2022-02-04,2022-02-05T00:00:00Z,96.8600
2022-02-07,2022-02-08T00:00:00Z,97.2800
2022-02-08,2022-02-09T00:00:00Z,96.0700
2022-02-09,2022-02-10T00:00:00Z,94.9500
2022-02-10,2022-02-11T00:00:00Z,96.3700
2022-02-11,2022-02-12T00:00:00Z,97.5000
2022-02-14,2022-02-15T00:00:00Z,101.6600
2022-02-15,2022-02-16T00:00:00Z,98.4300
2022-02-16,2022-02-17T00:00:00Z,97.4400
2022-02-17,2022-02-18T00:00:00Z,95.2800
2022-02-18,2022-02-19T00:00:00Z,96.1800
2022-02-21,2022-02-22T00:00:00Z,98.9500
2022-02-22,2022-02-23T00:00:00Z,98.7300
2022-02-23,2022-02-24T00:00:00Z,99.2900
2022-02-24,2022-02-25T00:00:00Z,101.2900
2022-02-25,2022-02-26T00:00:00Z,98.5600
2022-02-28,2022-03-01T00:00:00Z,103.0800
2022-03-01,2022-03-02T00:00:00Z,110.9300
2022-03-02,2022-03-03T00:00:00Z,118.9400
2022-03-03,2022-03-04T00:00:00Z,115.3600
2022-03-04,2022-03-05T00:00:00Z,123.8600
2022-03-07,2022-03-08T00:00:00Z,129.0200
2022-03-08,2022-03-09T00:00:00Z,133.1800
2022-03-09,2022-03-10T00:00:00Z,116.5800
2022-03-10,2022-03-11T00:00:00Z,114.5400
2022-03-11,2022-03-12T00:00:00Z,118.1100
2022-03-14,2022-03-15T00:00:00Z,110.3900
2022-03-15,2022-03-16T00:00:00Z,105.1400
2022-03-16,2022-03-17T00:00:00Z,104.6100
2022-03-17,2022-03-18T00:00:00Z,113.5000
2022-03-18,2022-03-19T00:00:00Z,114.3200
2022-03-21,2022-03-22T00:00:00Z,122.2900
2022-03-22,2022-03-23T00:00:00Z,121.5300
2022-03-23,2022-03-24T00:00:00Z,127.5200
2022-03-24,2022-03-25T00:00:00Z,123.9800
2022-03-25,2022-03-26T00:00:00Z,122.6700
2022-03-28,2022-03-29T00:00:00Z,114.5000
2022-03-29,2022-03-30T00:00:00Z,112.7900
2022-03-30,2022-03-31T00:00:00Z,115.5900
2022-03-31,2022-04-01T00:00:00Z,107.2900
2022-04-01,2022-04-02T00:00:00Z,106.1300
2022-04-04,2022-04-05T00:00:00Z,108.1500
2022-04-05,2022-04-06T00:00:00Z,106.6000
2022-04-06,2022-04-07T00:00:00Z,100.8100
2022-04-07,2022-04-08T00:00:00Z,99.8300
2022-04-08,2022-04-09T00:00:00Z,101.2600
2022-04-11,2022-04-12T00:00:00Z,97.9200
2022-04-12,2022-04-13T00:00:00Z,104.4200
2022-04-13,2022-04-14T00:00:00Z,108.4900
2022-04-14,2022-04-15T00:00:00Z,110.8300
2022-04-19,2022-04-20T00:00:00Z,105.4900
2022-04-20,2022-04-21T00:00:00Z,105.0500
2022-04-21,2022-04-22T00:00:00Z,107.2000
2022-04-22,2022-04-23T00:00:00Z,105.1500
2022-04-25,2022-04-26T00:00:00Z,99.2700
2022-04-26,2022-04-27T00:00:00Z,102.8900
2022-04-27,2022-04-28T00:00:00Z,103.3000
2022-04-28,2022-04-29T00:00:00Z,105.7800
2022-04-29,2022-04-30T00:00:00Z,108.3600
2022-05-03,2022-05-04T00:00:00Z,104.9400
2022-05-04,2022-05-05T00:00:00Z,110.5300
2022-05-05,2022-05-06T00:00:00Z,112.1100
2022-05-06,2022-05-07T00:00:00Z,113.8600
2022-05-09,2022-05-10T00:00:00Z,106.6700
2022-05-10,2022-05-11T00:00:00Z,102.6100
2022-05-11,2022-05-12T00:00:00Z,107.7000
2022-05-12,2022-05-13T00:00:00Z,108.0600
2022-05-13,2022-05-14T00:00:00Z,112.1200
2022-05-16,2022-05-17T00:00:00Z,114.8600
2022-05-17,2022-05-18T00:00:00Z,112.8900
2022-05-18,2022-05-19T00:00:00Z,110.0400
2022-05-19,2022-05-20T00:00:00Z,113.2200
2022-05-20,2022-05-21T00:00:00Z,113.6300
2022-05-23,2022-05-24T00:00:00Z,115.1300
2022-05-24,2022-05-25T00:00:00Z,115.7700
2022-05-25,2022-05-26T00:00:00Z,116.4100
2022-05-26,2022-05-27T00:00:00Z,119.8100
2022-05-27,2022-05-28T00:00:00Z,121.1900
2022-05-30,2022-05-31T00:00:00Z,123.0100
2022-05-31,2022-06-01T00:00:00Z,125.5300
2022-06-01,2022-06-02T00:00:00Z,122.2000
2022-06-03,2022-06-04T00:00:00Z,125.6800
2022-06-06,2022-06-07T00:00:00Z,124.9900
2022-06-07,2022-06-08T00:00:00Z,126.8900
2022-06-08,2022-06-09T00:00:00Z,129.2000
2022-06-09,2022-06-10T00:00:00Z,128.4700
2022-06-10,2022-06-11T00:00:00Z,127.4400
2022-06-13,2022-06-14T00:00:00Z,128.4400
2022-06-14,2022-06-15T00:00:00Z,127.0200
2022-06-15,2022-06-16T00:00:00Z,124.9600
2022-06-16,2022-06-17T00:00:00Z,125.7800
2022-06-17,2022-06-18T00:00:00Z,119.2200
2022-06-20,2022-06-21T00:00:00Z,118.2500
2022-06-21,2022-06-22T00:00:00Z,118.5100
2022-06-22,2022-06-23T00:00:00Z,115.5400
2022-06-23,2022-06-24T00:00:00Z,114.5000
2022-06-24,2022-06-25T00:00:00Z,117.3600
2022-06-27,2022-06-28T00:00:00Z,119.6900
2022-06-28,2022-06-29T00:00:00Z,122.2100
2022-06-29,2022-06-30T00:00:00Z,120.8000
2022-06-30,2022-07-01T00:00:00Z,119.7800
2022-07-01,2022-07-02T00:00:00Z,119.2100
2022-07-04,2022-07-05T00:00:00Z,121.8000
2022-07-05,2022-07-06T00:00:00Z,110.4900
2022-07-06,2022-07-07T00:00:00Z,108.5400
2022-07-07,2022-07-08T00:00:00Z,113.4000
2022-07-08,2022-07-09T00:00:00Z,113.9500
2022-07-11,2022-07-12T00:00:00Z,114.8500
2022-07-12,2022-07-13T00:00:00Z,106.9800
2022-07-13,2022-07-14T00:00:00Z,107.1700
2022-07-14,2022-07-15T00:00:00Z,107.7400
2022-07-15,2022-07-16T00:00:00Z,112.2600
2022-07-18,2022-07-19T00:00:00Z,117.2700
2022-07-19,2022-07-20T00:00:00Z,114.9600
2022-07-20,2022-07-21T00:00:00Z,115.8600
2022-07-21,2022-07-22T00:00:00Z,112.8100
2022-07-22,2022-07-23T00:00:00Z,106.7700
2022-07-25,2022-07-26T00:00:00Z,108.2300
2022-07-26,2022-07-27T00:00:00Z,107.3200
2022-07-27,2022-07-28T00:00:00Z,109.6400
2022-07-28,2022-07-29T00:00:00Z,109.6800
2022-07-29,2022-07-30T00:00:00Z,111.5100
2022-08-01,2022-08-02T00:00:00Z,106.0900
2022-08-02,2022-08-03T00:00:00Z,106.5100
2022-08-03,2022-08-04T00:00:00Z,101.8200
2022-08-04,2022-08-05T00:00:00Z,97.9900
2022-08-05,2022-08-06T00:00:00Z,100.3100
2022-08-08,2022-08-09T00:00:00Z,103.4600
2022-08-09,2022-08-10T00:00:00Z,103.8100
2022-08-10,2022-08-11T00:00:00Z,105.0600
2022-08-11,2022-08-12T00:00:00Z,107.1900
2022-08-12,2022-08-13T00:00:00Z,103.7000
2022-08-15,2022-08-16T00:00:00Z,98.2500
2022-08-16,2022-08-17T00:00:00Z,95.3600
2022-08-17,2022-08-18T00:00:00Z,97.2200
2022-08-18,2022-08-19T00:00:00Z,96.3500
2022-08-19,2022-08-20T00:00:00Z,96.4500
2022-08-22,2022-08-23T00:00:00Z,95.0600
2022-08-23,2022-08-24T00:00:00Z,99.4900
2022-08-24,2022-08-25T00:00:00Z,99.8700
2022-08-25,2022-08-26T00:00:00Z,98.8100
2022-08-26,2022-08-27T00:00:00Z,101.1300
2022-08-30,2022-08-31T00:00:00Z,99.3400
2022-08-31,2022-09-01T00:00:00Z,96.5500
2022-09-01,2022-09-02T00:00:00Z,92.2400
2022-09-02,2022-09-03T00:00:00Z,93.0900
2022-09-05,2022-09-06T00:00:00Z,94.2200
2022-09-06,2022-09-07T00:00:00Z,91.4300
2022-09-07,2022-09-08T00:00:00Z,86.8300
2022-09-08,2022-09-09T00:00:00Z,87.9900
2022-09-09,2022-09-10T00:00:00Z,91.6800
2022-09-12,2022-09-13T00:00:00Z,93.4500
2022-09-13,2022-09-14T00:00:00Z,92.0400
2022-09-14,2022-09-15T00:00:00Z,92.8300
2022-09-15,2022-09-16T00:00:00Z,89.2800
2022-09-16,2022-09-17T00:00:00Z,89.4300
2022-09-20,2022-09-21T00:00:00Z,89.6200
2022-09-21,2022-09-22T00:00:00Z,89.8600
2022-09-22,2022-09-23T00:00:00Z,90.4000
2022-09-23,2022-09-24T00:00:00Z,84.2900
2022-09-26,2022-09-27T00:00:00Z,82.5500
2022-09-27,2022-09-28T00:00:00Z,85.9700
2022-09-28,2022-09-29T00:00:00Z,89.5500
2022-09-29,2022-09-30T00:00:00Z,89.4100
2022-09-30,2022-10-01T00:00:00Z,88.9000
2022-10-03,2022-10-04T00:00:00Z,90.6800
2022-10-04,2022-10-05T00:00:00Z,93.7400
2022-10-05,2022-10-06T00:00:00Z,94.3500
2022-10-06,2022-10-07T00:00:00Z,95.6500
2022-10-07,2022-10-08T00:00:00Z,98.8800
2022-10-10,2022-10-11T00:00:00Z,97.1300
2022-10-11,2022-10-12T00:00:00Z,95.1700
2022-10-12,2022-10-13T00:00:00Z,93.4400
2022-10-13,2022-10-14T00:00:00Z,95.1600
2022-10-14,2022-10-15T00:00:00Z,92.2200
2022-10-17,2022-10-18T00:00:00Z,91.0400
2022-10-18,2022-10-19T00:00:00Z,89.4600
2022-10-19,2022-10-20T00:00:00Z,91.3400
2022-10-20,2022-10-21T00:00:00Z,91.5200
2022-10-21,2022-10-22T00:00:00Z,91.8200
2022-10-24,2022-10-25T00:00:00Z,91.5700
2022-10-25,2022-10-26T00:00:00Z,91.7600
2022-10-26,2022-10-27T00:00:00Z,92.9300
2022-10-27,2022-10-28T00:00:00Z,94.1700
2022-10-28,2022-10-29T00:00:00Z,94.6400
2022-10-31,2022-11-01T00:00:00Z,93.3000
2022-11-01,2022-11-02T00:00:00Z,95.1200
2022-11-02,2022-11-03T00:00:00Z,96.0700
2022-11-03,2022-11-04T00:00:00Z,95.2900
2022-11-04,2022-11-05T00:00:00Z,99.5300
2022-11-07,2022-11-08T00:00:00Z,99.8700
2022-11-08,2022-11-09T00:00:00Z,96.8500
2022-11-09,2022-11-10T00:00:00Z,93.0500
2022-11-10,2022-11-11T00:00:00Z,94.2500
2022-11-11,2022-11-12T00:00:00Z,96.3700
2022-11-14,2022-11-15T00:00:00Z,93.5900
2022-11-15,2022-11-16T00:00:00Z,94.3000
2022-11-16,2022-11-17T00:00:00Z,92.6100
2022-11-17,2022-11-18T00:00:00Z,91.0000
2022-11-18,2022-11-19T00:00:00Z,88.9300
2022-11-21,2022-11-22T00:00:00Z,88.4400
2022-11-22,2022-11-23T00:00:00Z,88.6500
2022-11-23,2022-11-24T00:00:00Z,85.9000
2022-11-24,2022-11-25T00:00:00Z,85.5900
2022-11-25,2022-11-26T00:00:00Z,83.4000
2022-11-28,2022-11-29T00:00:00Z,83.5000
2022-11-29,2022-11-30T00:00:00Z,83.2200
2022-11-30,2022-12-01T00:00:00Z,85.6100
2022-12-01,2022-12-02T00:00:00Z,86.2800
2022-12-02,2022-12-03T00:00:00Z,86.5400
2022-12-05,2022-12-06T00:00:00Z,83.3600
2022-12-06,2022-12-07T00:00:00Z,79.9200
2022-12-07,2022-12-08T00:00:00Z,77.1100
2022-12-08,2022-12-09T00:00:00Z,76.0200
2022-12-09,2022-12-10T00:00:00Z,76.3700
2022-12-12,2022-12-13T00:00:00Z,78.0000
2022-12-13,2022-12-14T00:00:00Z,80.1400
2022-12-14,2022-12-15T00:00:00Z,83.3300
2022-12-15,2022-12-16T00:00:00Z,82.3400
2022-12-16,2022-12-17T00:00:00Z,80.2000
2022-12-19,2022-12-20T00:00:00Z,81.6600
2022-12-20,2022-12-21T00:00:00Z,79.4500
2022-12-21,2022-12-22T00:00:00Z,80.2500
2022-12-22,2022-12-23T00:00:00Z,79.5800
2022-12-23,2022-12-24T00:00:00Z,82.4500
2022-12-28,2022-12-29T00:00:00Z,81.7000
2022-12-29,2022-12-30T00:00:00Z,80.9600
2022-12-30,2022-12-31T00:00:00Z,82.8200
2023-01-03,2023-01-04T00:00:00Z,80.3600
2023-01-04,2023-01-05T00:00:00Z,75.3100
2023-01-05,2023-01-06T00:00:00Z,76.7300
2023-01-06,2023-01-07T00:00:00Z,76.4100
2023-01-09,2023-01-10T00:00:00Z,77.5000
2023-01-10,2023-01-11T00:00:00Z,78.4000
2023-01-11,2023-01-12T00:00:00Z,81.1100
2023-01-12,2023-01-13T00:00:00Z,82.5900
2023-01-13,2023-01-14T00:00:00Z,83.4300
2023-01-16,2023-01-17T00:00:00Z,82.6500
2023-01-17,2023-01-18T00:00:00Z,84.3800
2023-01-18,2023-01-19T00:00:00Z,83.7800
2023-01-19,2023-01-20T00:00:00Z,85.0800
2023-01-20,2023-01-21T00:00:00Z,86.9600
2023-01-23,2023-01-24T00:00:00Z,87.5400
2023-01-24,2023-01-25T00:00:00Z,85.2500
2023-01-25,2023-01-26T00:00:00Z,85.0800
2023-01-26,2023-01-27T00:00:00Z,86.2900
2023-01-27,2023-01-28T00:00:00Z,85.3600
2023-01-30,2023-01-31T00:00:00Z,84.9000
2023-01-31,2023-02-01T00:00:00Z,83.4200
2023-02-01,2023-02-02T00:00:00Z,81.6100
2023-02-02,2023-02-03T00:00:00Z,80.5700
2023-02-03,2023-02-04T00:00:00Z,78.8500
2023-02-06,2023-02-07T00:00:00Z,80.4800
2023-02-07,2023-02-08T00:00:00Z,82.9200
2023-02-08,2023-02-09T00:00:00Z,84.1700
2023-02-09,2023-02-10T00:00:00Z,83.4600
2023-02-10,2023-02-11T00:00:00Z,85.4600
2023-02-13,2023-02-14T00:00:00Z,85.9800
2023-02-14,2023-02-15T00:00:00Z,84.9600
2023-02-15,2023-02-16T00:00:00Z,84.1100
2023-02-16,2023-02-17T00:00:00Z,83.8400
2023-02-17,2023-02-18T00:00:00Z,81.9700
2023-02-20,2023-02-21T00:00:00Z,82.7900
2023-02-21,2023-02-22T00:00:00Z,82.1400
2023-02-22,2023-02-23T00:00:00Z,79.5500
2023-02-23,2023-02-24T00:00:00Z,82.0800
2023-02-24,2023-02-25T00:00:00Z,82.3100
2023-02-27,2023-02-28T00:00:00Z,81.2400
2023-02-28,2023-03-01T00:00:00Z,83.2100
2023-03-01,2023-03-02T00:00:00Z,83.6800
2023-03-02,2023-03-03T00:00:00Z,84.1500
2023-03-03,2023-03-04T00:00:00Z,85.7400
2023-03-06,2023-03-07T00:00:00Z,85.8600
2023-03-07,2023-03-08T00:00:00Z,83.0300
2023-03-08,2023-03-09T00:00:00Z,82.1000
2023-03-09,2023-03-10T00:00:00Z,81.0000
2023-03-10,2023-03-11T00:00:00Z,82.3000
2023-03-13,2023-03-14T00:00:00Z,79.6700
2023-03-14,2023-03-15T00:00:00Z,76.7700
2023-03-15,2023-03-16T00:00:00Z,74.3000
2023-03-16,2023-03-17T00:00:00Z,73.1200
2023-03-17,2023-03-18T00:00:00Z,71.0300
2023-03-20,2023-03-21T00:00:00Z,72.4200
2023-03-21,2023-03-22T00:00:00Z,74.7800
2023-03-22,2023-03-23T00:00:00Z,76.0800
2023-03-23,2023-03-24T00:00:00Z,74.3100
2023-03-24,2023-03-25T00:00:00Z,73.6300
2023-03-27,2023-03-28T00:00:00Z,76.8000
2023-03-28,2023-03-29T00:00:00Z,78.0700
2023-03-29,2023-03-30T00:00:00Z,77.5100
2023-03-30,2023-03-31T00:00:00Z,78.4500
2023-03-31,2023-04-01T00:00:00Z,79.1900
2023-04-03,2023-04-04T00:00:00Z,85.8100
2023-04-04,2023-04-05T00:00:00Z,85.7000
2023-04-05,2023-04-06T00:00:00Z,85.8900
2023-04-06,2023-04-07T00:00:00Z,86.5600
2023-04-11,2023-04-12T00:00:00Z,87.3200
2023-04-12,2023-04-13T00:00:00Z,88.3100
2023-04-13,2023-04-14T00:00:00Z,86.5100
2023-04-14,2023-04-15T00:00:00Z,87.3100
2023-04-17,2023-04-18T00:00:00Z,85.6300
2023-04-18,2023-04-19T00:00:00Z,85.4800
2023-04-19,2023-04-20T00:00:00Z,85.3400
2023-04-20,2023-04-21T00:00:00Z,83.2900
2023-04-21,2023-04-22T00:00:00Z,83.3600
2023-04-24,2023-04-25T00:00:00Z,84.2300
2023-04-25,2023-04-26T00:00:00Z,82.1300
2023-04-26,2023-04-27T00:00:00Z,79.1900
2023-04-27,2023-04-28T00:00:00Z,80.1100
2023-04-28,2023-04-29T00:00:00Z,81.3200
2023-05-02,2023-05-03T00:00:00Z,76.7100
2023-05-03,2023-05-04T00:00:00Z,72.9100
2023-05-04,2023-05-05T00:00:00Z,73.0000
2023-05-05,2023-05-06T00:00:00Z,75.8500
2023-05-09,2023-05-10T00:00:00Z,77.7600
2023-05-10,2023-05-11T00:00:00Z,76.7000
2023-05-11,2023-05-12T00:00:00Z,75.3200
2023-05-12,2023-05-13T00:00:00Z,74.5400
2023-05-15,2023-05-16T00:00:00Z,75.4600
2023-05-16,2023-05-17T00:00:00Z,75.1500
2023-05-17,2023-05-18T00:00:00Z,76.9800
2023-05-18,2023-05-19T00:00:00Z,75.7500
2023-05-19,2023-05-20T00:00:00Z,75.4200
2023-05-22,2023-05-23T00:00:00Z,75.7700
2023-05-23,2023-05-24T00:00:00Z,76.6600
2023-05-24,2023-05-25T00:00:00Z,77.9900
2023-05-25,2023-05-26T00:00:00Z,75.6600
2023-05-26,2023-05-27T00:00:00Z,76.3300
2023-05-30,2023-05-31T00:00:00Z,73.3800
2023-05-31,2023-06-01T00:00:00Z,71.9800
2023-06-01,2023-06-02T00:00:00Z,74.1800
2023-06-02,2023-06-03T00:00:00Z,76.0000
2023-06-05,2023-06-06T00:00:00Z,76.6100
2023-06-06,2023-06-07T00:00:00Z,76.2200
2023-06-07,2023-06-08T00:00:00Z,76.8500
2023-06-08,2023-06-09T00:00:00Z,75.8800
2023-06-09,2023-06-10T00:00:00Z,74.7400
2023-06-12,2023-06-13T00:00:00Z,71.8000
2023-06-13,2023-06-14T00:00:00Z,74.2400
2023-06-14,2023-06-15T00:00:00Z,73.3900
2023-06-15,2023-06-16T00:00:00Z,75.7500
2023-06-16,2023-06-17T00:00:00Z,76.7600
2023-06-19,2023-06-20T00:00:00Z,76.0900
2023-06-20,2023-06-21T00:00:00Z,75.7900
2023-06-21,2023-06-22T00:00:00Z,76.9200
2023-06-22,2023-06-23T00:00:00Z,73.9300
2023-06-23,2023-06-24T00:00:00Z,73.5600
2023-06-26,2023-06-27T00:00:00Z,73.8600
2023-06-27,2023-06-28T00:00:00Z,71.8800
2023-06-28,2023-06-29T00:00:00Z,73.6400
2023-06-29,2023-06-30T00:00:00Z,73.8600
2023-06-30,2023-07-01T00:00:00Z,74.5100
2023-07-03,2023-07-04T00:00:00Z,74.5200
2023-07-04,2023-07-05T00:00:00Z,76.2300
2023-07-05,2023-07-06T00:00:00Z,76.7400
2023-07-06,2023-07-07T00:00:00Z,76.7200
2023-07-07,2023-07-08T00:00:00Z,78.7700
2023-07-10,2023-07-11T00:00:00Z,77.8300
2023-07-11,2023-07-12T00:00:00Z,79.5400
2023-07-12,2023-07-13T00:00:00Z,80.3500
2023-07-13,2023-07-14T00:00:00Z,81.3100
2023-07-14,2023-07-15T00:00:00Z,79.9000
2023-07-17,2023-07-18T00:00:00Z,77.8000
2023-07-18,2023-07-19T00:00:00Z,79.5400
2023-07-19,2023-07-20T00:00:00Z,79.3800
2023-07-20,2023-07-21T00:00:00Z,79.6200
2023-07-21,2023-07-22T00:00:00Z,81.0600
2023-07-24,2023-07-25T00:00:00Z,82.5300
2023-07-25,2023-07-26T00:00:00Z,83.4600
2023-07-26,2023-07-27T00:00:00Z,82.9800
2023-07-27,2023-07-28T00:00:00Z,84.2800
2023-07-28,2023-07-29T00:00:00Z,84.4900
2023-07-31,2023-08-01T00:00:00Z,85.2200
2023-08-01,2023-08-02T00:00:00Z,85.3400
2023-08-02,2023-08-03T00:00:00Z,84.0100
2023-08-03,2023-08-04T00:00:00Z,86.1900
2023-08-04,2023-08-05T00:00:00Z,87.3800
2023-08-07,2023-08-08T00:00:00Z,86.4700
2023-08-08,2023-08-09T00:00:00Z,88.0000
2023-08-09,2023-08-10T00:00:00Z,89.3100
2023-08-10,2023-08-11T00:00:00Z,87.4400
2023-08-11,2023-08-12T00:00:00Z,87.9300
2023-08-14,2023-08-15T00:00:00Z,87.4000
2023-08-15,2023-08-16T00:00:00Z,86.2800
2023-08-16,2023-08-17T00:00:00Z,84.4900
2023-08-17,2023-08-18T00:00:00Z,85.2400
2023-08-18,2023-08-19T00:00:00Z,85.9200
2023-08-21,2023-08-22T00:00:00Z,85.4400
2023-08-22,2023-08-23T00:00:00Z,84.7000
2023-08-23,2023-08-24T00:00:00Z,83.9400
2023-08-24,2023-08-25T00:00:00Z,84.0700
2023-08-25,2023-08-26T00:00:00Z,85.4200
2023-08-29,2023-08-30T00:00:00Z,86.3700
2023-08-30,2023-08-31T00:00:00Z,86.6200
2023-08-31,2023-09-01T00:00:00Z,87.2900
2023-09-01,2023-09-02T00:00:00Z,89.9800
2023-09-04,2023-09-05T00:00:00Z,90.4200
2023-09-05,2023-09-06T00:00:00Z,91.2500
2023-09-06,2023-09-07T00:00:00Z,91.7900
2023-09-07,2023-09-08T00:00:00Z,91.1600
2023-09-08,2023-09-09T00:00:00Z,91.8500
2023-09-11,2023-09-12T00:00:00Z,91.9700
2023-09-12,2023-09-13T00:00:00Z,93.5800
2023-09-13,2023-09-14T00:00:00Z,93.0400
2023-09-14,2023-09-15T00:00:00Z,95.2000
2023-09-15,2023-09-16T00:00:00Z,95.5500
2023-09-18,2023-09-19T00:00:00Z,95.9500
2023-09-19,2023-09-20T00:00:00Z,96.1100
2023-09-20,2023-09-21T00:00:00Z,94.5600
2023-09-21,2023-09-22T00:00:00Z,93.7000
2023-09-22,2023-09-23T00:00:00Z,93.9900
2023-09-25,2023-09-26T00:00:00Z,94.0100
2023-09-26,2023-09-27T00:00:00Z,94.4600
2023-09-27,2023-09-28T00:00:00Z,97.1000
2023-09-28,2023-09-29T00:00:00Z,96.6400
2023-09-29,2023-09-30T00:00:00Z,95.8600
2023-10-02,2023-10-03T00:00:00Z,91.2100
2023-10-03,2023-10-04T00:00:00Z,94.4600
2023-10-04,2023-10-05T00:00:00Z,89.8300
2023-10-05,2023-10-06T00:00:00Z,88.2800
2023-10-06,2023-10-07T00:00:00Z,87.8600
2023-10-09,2023-10-10T00:00:00Z,91.3700
2023-10-10,2023-10-11T00:00:00Z,90.7000
2023-10-11,2023-10-12T00:00:00Z,87.5800
2023-10-12,2023-10-13T00:00:00Z,88.4000
2023-10-13,2023-10-14T00:00:00Z,94.3300
2023-10-16,2023-10-17T00:00:00Z,90.9900
2023-10-17,2023-10-18T00:00:00Z,92.5200
2023-10-18,2023-10-19T00:00:00Z,91.9900
2023-10-19,2023-10-20T00:00:00Z,93.1200
2023-10-20,2023-10-21T00:00:00Z,93.7200
2023-10-23,2023-10-24T00:00:00Z,91.8800
2023-10-24,2023-10-25T00:00:00Z,88.0000
2023-10-25,2023-10-26T00:00:00Z,90.1400
2023-10-26,2023-10-27T00:00:00Z,88.4500
2023-10-27,2023-10-28T00:00:00Z,90.7300
2023-10-30,2023-10-31T00:00:00Z,90.7300
2023-10-31,2023-11-01T00:00:00Z,86.8200
2023-11-01,2023-11-02T00:00:00Z,86.9200
2023-11-02,2023-11-03T00:00:00Z,89.0200
2023-11-03,2023-11-04T00:00:00Z,87.5500
2023-11-06,2023-11-07T00:00:00Z,87.3100
2023-11-07,2023-11-08T00:00:00Z,83.4300
2023-11-08,2023-11-09T00:00:00Z,81.4600
2023-11-09,2023-11-10T00:00:00Z,81.7400
2023-11-10,2023-11-11T00:00:00Z,83.6600
2023-11-13,2023-11-14T00:00:00Z,84.0900
2023-11-14,2023-11-15T00:00:00Z,84.2000
2023-11-15,2023-11-16T00:00:00Z,82.4000
2023-11-16,2023-11-17T00:00:00Z,77.7300
2023-11-17,2023-11-18T00:00:00Z,81.2200
2023-11-20,2023-11-21T00:00:00Z,83.2500
2023-11-21,2023-11-22T00:00:00Z,82.4200
2023-11-22,2023-11-23T00:00:00Z,81.7600
2023-11-23,2023-11-24T00:00:00Z,80.8500
2023-11-24,2023-11-25T00:00:00Z,79.8200
2023-11-27,2023-11-28T00:00:00Z,79.4900
2023-11-28,2023-11-29T00:00:00Z,81.6600
2023-11-29,2023-11-30T00:00:00Z,82.9800
2023-11-30,2023-12-01T00:00:00Z,81.7200
2023-12-01,2023-12-02T00:00:00Z,78.7200
2023-12-04,2023-12-05T00:00:00Z,78.1600
2023-12-05,2023-12-06T00:00:00Z,77.2700
2023-12-06,2023-12-07T00:00:00Z,74.3300
2023-12-07,2023-12-08T00:00:00Z,74.2100
2023-12-08,2023-12-09T00:00:00Z,75.9400
2023-12-11,2023-12-12T00:00:00Z,75.7500
2023-12-12,2023-12-13T00:00:00Z,74.1100
2023-12-13,2023-12-14T00:00:00Z,74.1400
2023-12-14,2023-12-15T00:00:00Z,77.0500
2023-12-15,2023-12-16T00:00:00Z,76.8400
2023-12-18,2023-12-19T00:00:00Z,78.8900
2023-12-19,2023-12-20T00:00:00Z,79.8200
2023-12-20,2023-12-21T00:00:00Z,81.1000
2023-12-21,2023-12-22T00:00:00Z,80.7300
2023-12-22,2023-12-23T00:00:00Z,80.2300
2023-12-27,2023-12-28T00:00:00Z,80.9700
2023-12-28,2023-12-29T00:00:00Z,79.0400
2023-12-29,2023-12-30T00:00:00Z,77.6900
2024-01-02,2024-01-03T00:00:00Z,76.2400
2024-01-03,2024-01-04T00:00:00Z,77.1800
2024-01-04,2024-01-05T00:00:00Z,75.7900
2024-01-05,2024-01-06T00:00:00Z,78.3100
2024-01-08,2024-01-09T00:00:00Z,75.4700
2024-01-09,2024-01-10T00:00:00Z,77.9700
2024-01-10,2024-01-11T00:00:00Z,78.4600
2024-01-11,2024-01-12T00:00:00Z,80.2100
2024-01-12,2024-01-13T00:00:00Z,79.8900
2024-01-15,2024-01-16T00:00:00Z,79.7600
2024-01-16,2024-01-17T00:00:00Z,80.1500
2024-01-17,2024-01-18T00:00:00Z,78.8800
2024-01-18,2024-01-19T00:00:00Z,81.0400
2024-01-19,2024-01-20T00:00:00Z,80.7100
2024-01-22,2024-01-23T00:00:00Z,81.7000
2024-01-23,2024-01-24T00:00:00Z,82.0400
2024-01-24,2024-01-25T00:00:00Z,82.1500
2024-01-25,2024-01-26T00:00:00Z,82.3300
2024-01-26,2024-01-27T00:00:00Z,83.3400
2024-01-29,2024-01-30T00:00:00Z,83.9900
2024-01-30,2024-01-31T00:00:00Z,84.1400
2024-01-31,2024-02-01T00:00:00Z,82.9800
2024-02-01,2024-02-02T00:00:00Z,82.2000
2024-02-02,2024-02-03T00:00:00Z,79.5400
2024-02-05,2024-02-06T00:00:00Z,79.3000
2024-02-06,2024-02-07T00:00:00Z,80.4600
2024-02-07,2024-02-08T00:00:00Z,81.1800
2024-02-08,2024-02-09T00:00:00Z,83.0100
2024-02-09,2024-02-10T00:00:00Z,83.5800
2024-02-12,2024-02-13T00:00:00Z,83.8800
2024-02-13,2024-02-14T00:00:00Z,84.7200
2024-02-14,2024-02-15T00:00:00Z,84.4100
2024-02-15,2024-02-16T00:00:00Z,84.3300
2024-02-16,2024-02-17T00:00:00Z,84.8800
2024-02-19,2024-02-20T00:00:00Z,85.5200
2024-02-20,2024-02-21T00:00:00Z,84.7800
2024-02-21,2024-02-22T00:00:00Z,84.7700
2024-02-22,2024-02-23T00:00:00Z,85.8400
2024-02-23,2024-02-24T00:00:00Z,84.1800
2024-02-26,2024-02-27T00:00:00Z,84.0100
2024-02-27,2024-02-28T00:00:00Z,83.8000
2024-02-28,2024-02-29T00:00:00Z,84.0800
2024-02-29,2024-03-01T00:00:00Z,84.5700
2024-03-01,2024-03-02T00:00:00Z,84.8200
2024-03-04,2024-03-05T00:00:00Z,86.5800
2024-03-05,2024-03-06T00:00:00Z,85.8200
2024-03-06,2024-03-07T00:00:00Z,86.5900
2024-03-07,2024-03-08T00:00:00Z,84.8800
2024-03-08,2024-03-09T00:00:00Z,84.2900
2024-03-11,2024-03-12T00:00:00Z,83.4400
2024-03-12,2024-03-13T00:00:00Z,83.6600
2024-03-13,2024-03-14T00:00:00Z,83.9500
2024-03-14,2024-03-15T00:00:00Z,86.1600
2024-03-15,2024-03-16T00:00:00Z,85.3900
2024-03-18,2024-03-19T00:00:00Z,86.4700
2024-03-19,2024-03-20T00:00:00Z,87.3600
2024-03-20,2024-03-21T00:00:00Z,85.7700
2024-03-21,2024-03-22T00:00:00Z,84.9200
2024-03-22,2024-03-23T00:00:00Z,84.8700
2024-03-25,2024-03-26T00:00:00Z,86.1800
2024-03-26,2024-03-27T00:00:00Z,85.9100
2024-03-27,2024-03-28T00:00:00Z,84.9400
2024-03-28,2024-03-29T00:00:00Z,86.1700
2024-04-02,2024-04-03T00:00:00Z,87.6300
2024-04-03,2024-04-04T00:00:00Z,90.6000
2024-04-04,2024-04-05T00:00:00Z,90.3200
2024-04-05,2024-04-06T00:00:00Z,92.8100
2024-04-08,2024-04-09T00:00:00Z,91.7300
2024-04-09,2024-04-10T00:00:00Z,92.1300
2024-04-10,2024-04-11T00:00:00Z,91.5700
2024-04-11,2024-04-12T00:00:00Z,91.4900
2024-04-12,2024-04-13T00:00:00Z,93.1200
2024-04-15,2024-04-16T00:00:00Z,90.8400
2024-04-16,2024-04-17T00:00:00Z,91.2900
2024-04-17,2024-04-18T00:00:00Z,89.5400
2024-04-18,2024-04-19T00:00:00Z,88.3400
2024-04-19,2024-04-20T00:00:00Z,87.9600
2024-04-22,2024-04-23T00:00:00Z,87.3000
2024-04-23,2024-04-24T00:00:00Z,88.2900
2024-04-24,2024-04-25T00:00:00Z,89.0200
2024-04-25,2024-04-26T00:00:00Z,88.1000
2024-04-26,2024-04-27T00:00:00Z,89.9500
2024-04-29,2024-04-30T00:00:00Z,88.4400
2024-04-30,2024-05-01T00:00:00Z,88.2300
2024-05-01,2024-05-02T00:00:00Z,83.5500
2024-05-02,2024-05-03T00:00:00Z,84.8100
2024-05-03,2024-05-04T00:00:00Z,83.6000
2024-05-07,2024-05-08T00:00:00Z,82.6900
2024-05-08,2024-05-09T00:00:00Z,82.4400
2024-05-09,2024-05-10T00:00:00Z,83.2700
2024-05-10,2024-05-11T00:00:00Z,83.3900
2024-05-13,2024-05-14T00:00:00Z,83.1800
2024-05-14,2024-05-15T00:00:00Z,81.0000
2024-05-15,2024-05-16T00:00:00Z,79.9800
2024-05-16,2024-05-17T00:00:00Z,81.6500
2024-05-17,2024-05-18T00:00:00Z,82.2400
2024-05-20,2024-05-21T00:00:00Z,81.9100
2024-05-21,2024-05-22T00:00:00Z,81.2200
2024-05-22,2024-05-23T00:00:00Z,79.9000
2024-05-23,2024-05-24T00:00:00Z,79.2500
2024-05-24,2024-05-25T00:00:00Z,78.9200
2024-05-28,2024-05-29T00:00:00Z,81.3400
2024-05-29,2024-05-30T00:00:00Z,81.5000
2024-05-30,2024-05-31T00:00:00Z,81.4200
2024-05-31,2024-06-01T00:00:00Z,79.4100
2024-06-03,2024-06-04T00:00:00Z,76.4500
2024-06-04,2024-06-05T00:00:00Z,75.3300
2024-06-05,2024-06-06T00:00:00Z,75.4100
2024-06-06,2024-06-07T00:00:00Z,77.6200
2024-06-07,2024-06-08T00:00:00Z,78.1200
2024-06-10,2024-06-11T00:00:00Z,79.5900
2024-06-11,2024-06-12T00:00:00Z,80.1500
2024-06-12,2024-06-13T00:00:00Z,80.5200
2024-06-13,2024-06-14T00:00:00Z,81.4400
2024-06-14,2024-06-15T00:00:00Z,81.4900
2024-06-17,2024-06-18T00:00:00Z,82.4500
2024-06-18,2024-06-19T00:00:00Z,84.7900
2024-06-19,2024-06-20T00:00:00Z,85.6400
2024-06-20,2024-06-21T00:00:00Z,85.9200
2024-06-21,2024-06-22T00:00:00Z,86.4200
2024-06-24,2024-06-25T00:00:00Z,86.7500
2024-06-25,2024-06-26T00:00:00Z,86.8100
2024-06-26,2024-06-27T00:00:00Z,85.7600
2024-06-27,2024-06-28T00:00:00Z,87.0000
2024-06-28,2024-06-29T00:00:00Z,87.2600
2024-07-01,2024-07-02T00:00:00Z,86.5700
2024-07-02,2024-07-03T00:00:00Z,88.2800
2024-07-03,2024-07-04T00:00:00Z,88.2500
2024-07-04,2024-07-05T00:00:00Z,88.3400
2024-07-05,2024-07-06T00:00:00Z,88.6600
2024-07-08,2024-07-09T00:00:00Z,87.1500
2024-07-09,2024-07-10T00:00:00Z,86.4800
2024-07-10,2024-07-11T00:00:00Z,86.5500
2024-07-11,2024-07-12T00:00:00Z,86.4900
2024-07-12,2024-07-13T00:00:00Z,87.3500
2024-07-15,2024-07-16T00:00:00Z,86.4200
2024-07-16,2024-07-17T00:00:00Z,86.6000
2024-07-17,2024-07-18T00:00:00Z,85.7600
2024-07-18,2024-07-19T00:00:00Z,86.2600
2024-07-19,2024-07-20T00:00:00Z,85.1900
2024-07-22,2024-07-23T00:00:00Z,83.4400
2024-07-23,2024-07-24T00:00:00Z,82.2000
2024-07-24,2024-07-25T00:00:00Z,83.0100
2024-07-25,2024-07-26T00:00:00Z,82.5800
2024-07-26,2024-07-27T00:00:00Z,81.3500
2024-07-29,2024-07-30T00:00:00Z,80.9400
2024-07-30,2024-07-31T00:00:00Z,79.2600
2024-07-31,2024-08-01T00:00:00Z,81.3900
2024-08-01,2024-08-02T00:00:00Z,81.3700
2024-08-02,2024-08-03T00:00:00Z,78.3500
2024-08-05,2024-08-06T00:00:00Z,77.5100
2024-08-06,2024-08-07T00:00:00Z,76.6200
2024-08-07,2024-08-08T00:00:00Z,78.2600
2024-08-08,2024-08-09T00:00:00Z,80.7600
2024-08-09,2024-08-10T00:00:00Z,81.0700
2024-08-12,2024-08-13T00:00:00Z,83.0600
2024-08-13,2024-08-14T00:00:00Z,82.5100
2024-08-14,2024-08-15T00:00:00Z,82.1500
2024-08-15,2024-08-16T00:00:00Z,83.0900
2024-08-16,2024-08-17T00:00:00Z,81.5600
2024-08-19,2024-08-20T00:00:00Z,81.0900
2024-08-20,2024-08-21T00:00:00Z,78.8500
2024-08-21,2024-08-22T00:00:00Z,78.7700
2024-08-22,2024-08-23T00:00:00Z,78.8000
2024-08-23,2024-08-24T00:00:00Z,80.3400
2024-08-27,2024-08-28T00:00:00Z,81.5100
2024-08-28,2024-08-29T00:00:00Z,80.0400
2024-08-29,2024-08-30T00:00:00Z,81.5500
2024-08-30,2024-08-31T00:00:00Z,80.2000
2024-09-02,2024-09-03T00:00:00Z,77.8200
2024-09-03,2024-09-04T00:00:00Z,76.4600
2024-09-04,2024-09-05T00:00:00Z,74.6700
2024-09-05,2024-09-06T00:00:00Z,74.4700
2024-09-06,2024-09-07T00:00:00Z,72.8200
2024-09-09,2024-09-10T00:00:00Z,72.3700
2024-09-10,2024-09-11T00:00:00Z,70.3400
2024-09-11,2024-09-12T00:00:00Z,70.3100
2024-09-12,2024-09-13T00:00:00Z,73.8100
2024-09-13,2024-09-14T00:00:00Z,73.6800
2024-09-16,2024-09-17T00:00:00Z,73.9600
2024-09-17,2024-09-18T00:00:00Z,74.5500
2024-09-18,2024-09-19T00:00:00Z,74.5200
2024-09-19,2024-09-20T00:00:00Z,75.9300
2024-09-20,2024-09-21T00:00:00Z,75.9600
2024-09-23,2024-09-24T00:00:00Z,74.9500
2024-09-24,2024-09-25T00:00:00Z,75.2900
2024-09-25,2024-09-26T00:00:00Z,75.4000
2024-09-26,2024-09-27T00:00:00Z,73.0600
2024-09-27,2024-09-28T00:00:00Z,71.6300
2024-09-30,2024-10-01T00:00:00Z,72.3500
2024-10-01,2024-10-02T00:00:00Z,75.3000
2024-10-02,2024-10-03T00:00:00Z,74.8600
2024-10-03,2024-10-04T00:00:00Z,77.5700
2024-10-04,2024-10-05T00:00:00Z,79.3200
2024-10-07,2024-10-08T00:00:00Z,81.7400
2024-10-08,2024-10-09T00:00:00Z,78.1900
2024-10-09,2024-10-10T00:00:00Z,77.0600
2024-10-10,2024-10-11T00:00:00Z,79.4500
2024-10-11,2024-10-12T00:00:00Z,80.2700
2024-10-14,2024-10-15T00:00:00Z,78.4700
2024-10-15,2024-10-16T00:00:00Z,73.6800
2024-10-16,2024-10-17T00:00:00Z,73.6500
2024-10-17,2024-10-18T00:00:00Z,74.3700
2024-10-18,2024-10-19T00:00:00Z,72.7500
2024-10-21,2024-10-22T00:00:00Z,73.2900
2024-10-22,2024-10-23T00:00:00Z,75.5900
2024-10-23,2024-10-24T00:00:00Z,74.6800
2024-10-24,2024-10-25T00:00:00Z,74.2700
2024-10-25,2024-10-26T00:00:00Z,75.6200
2024-10-28,2024-10-29T00:00:00Z,71.8700
2024-10-29,2024-10-30T00:00:00Z,71.0900
2024-10-30,2024-10-31T00:00:00Z,73.2100
2024-10-31,2024-11-01T00:00:00Z,73.2500
2024-11-01,2024-11-02T00:00:00Z,73.6300
2024-11-04,2024-11-05T00:00:00Z,74.8900
2024-11-05,2024-11-06T00:00:00Z,76.9800
2024-11-06,2024-11-07T00:00:00Z,76.5200
2024-11-07,2024-11-08T00:00:00Z,75.7300
2024-11-08,2024-11-09T00:00:00Z,74.0400
2024-11-11,2024-11-12T00:00:00Z,72.1900
2024-11-12,2024-11-13T00:00:00Z,72.5600
2024-11-13,2024-11-14T00:00:00Z,72.8600
2024-11-14,2024-11-15T00:00:00Z,73.3900
2024-11-15,2024-11-16T00:00:00Z,73.4500
2024-11-18,2024-11-19T00:00:00Z,74.3500
2024-11-19,2024-11-20T00:00:00Z,74.3200
2024-11-20,2024-11-21T00:00:00Z,74.3300
2024-11-21,2024-11-22T00:00:00Z,75.0900
2024-11-22,2024-11-23T00:00:00Z,76.1000
2024-11-25,2024-11-26T00:00:00Z,74.2700
2024-11-26,2024-11-27T00:00:00Z,74.5600
2024-11-27,2024-11-28T00:00:00Z,73.9100
2024-11-28,2024-11-29T00:00:00Z,73.9200
2024-11-29,2024-11-30T00:00:00Z,74.1600
2024-12-02,2024-12-03T00:00:00Z,72.8100
2024-12-03,2024-12-04T00:00:00Z,74.8000
2024-12-04,2024-12-05T00:00:00Z,74.6800
2024-12-05,2024-12-06T00:00:00Z,73.7800
2024-12-06,2024-12-07T00:00:00Z,73.7800
2024-12-09,2024-12-10T00:00:00Z,73.7300
2024-12-10,2024-12-11T00:00:00Z,73.6400
2024-12-11,2024-12-12T00:00:00Z,74.3800
2024-12-12,2024-12-13T00:00:00Z,73.5200
2024-12-13,2024-12-14T00:00:00Z,74.8900
2024-12-16,2024-12-17T00:00:00Z,74.3000
2024-12-17,2024-12-18T00:00:00Z,73.1600
2024-12-18,2024-12-19T00:00:00Z,74.5700
2024-12-19,2024-12-20T00:00:00Z,73.7500
2024-12-20,2024-12-21T00:00:00Z,73.1900
2024-12-23,2024-12-24T00:00:00Z,72.1200
2024-12-24,2024-12-25T00:00:00Z,73.5000
2024-12-27,2024-12-28T00:00:00Z,73.7700
2024-12-30,2024-12-31T00:00:00Z,74.2400
2024-12-31,2025-01-01T00:00:00Z,74.5800
2025-01-02,2025-01-03T00:00:00Z,76.1400
2025-01-03,2025-01-04T00:00:00Z,76.7200
2025-01-06,2025-01-07T00:00:00Z,77.2700
2025-01-07,2025-01-08T00:00:00Z,77.8400
2025-01-08,2025-01-09T00:00:00Z,77.3700
2025-01-09,2025-01-10T00:00:00Z,78.4400
2025-01-10,2025-01-11T00:00:00Z,79.7600
2025-01-13,2025-01-14T00:00:00Z,82.6900
2025-01-14,2025-01-15T00:00:00Z,82.3900
2025-01-15,2025-01-16T00:00:00Z,83.4800
2025-01-16,2025-01-17T00:00:00Z,82.3900
2025-01-17,2025-01-18T00:00:00Z,83.0200
2025-01-20,2025-01-21T00:00:00Z,81.6800
2025-01-21,2025-01-22T00:00:00Z,80.5700
2025-01-22,2025-01-23T00:00:00Z,80.0000
2025-01-23,2025-01-24T00:00:00Z,78.6200
2025-01-24,2025-01-25T00:00:00Z,78.7100
2025-01-27,2025-01-28T00:00:00Z,77.3000
2025-01-28,2025-01-29T00:00:00Z,78.0100
2025-01-29,2025-01-30T00:00:00Z,77.0200
2025-01-30,2025-01-31T00:00:00Z,77.4200
2025-01-31,2025-02-01T00:00:00Z,77.1100
2025-02-03,2025-02-04T00:00:00Z,76.4900
2025-02-04,2025-02-05T00:00:00Z,76.5800
2025-02-05,2025-02-06T00:00:00Z,74.7100
2025-02-06,2025-02-07T00:00:00Z,74.5400
2025-02-07,2025-02-08T00:00:00Z,74.6800
2025-02-10,2025-02-11T00:00:00Z,76.2300
2025-02-11,2025-02-12T00:00:00Z,77.6500
2025-02-12,2025-02-13T00:00:00Z,75.3800
2025-02-13,2025-02-14T00:00:00Z,75.6100
2025-02-14,2025-02-15T00:00:00Z,75.1900
2025-02-17,2025-02-18T00:00:00Z,75.8100
2025-02-18,2025-02-19T00:00:00Z,76.4600
2025-02-19,2025-02-20T00:00:00Z,76.3400
2025-02-20,2025-02-21T00:00:00Z,76.9500
2025-02-21,2025-02-22T00:00:00Z,74.8800
2025-02-24,2025-02-25T00:00:00Z,74.8900
2025-02-25,2025-02-26T00:00:00Z,73.1100
2025-02-26,2025-02-27T00:00:00Z,73.4900
2025-02-27,2025-02-28T00:00:00Z,75.0100
2025-02-28,2025-03-01T00:00:00Z,74.7600
2025-03-03,2025-03-04T00:00:00Z,72.8500
2025-03-04,2025-03-05T00:00:00Z,72.3100
2025-03-05,2025-03-06T00:00:00Z,70.9200
2025-03-06,2025-03-07T00:00:00Z,71.0800
2025-03-07,2025-03-08T00:00:00Z,72.4900
2025-03-10,2025-03-11T00:00:00Z,71.0800
2025-03-11,2025-03-12T00:00:00Z,71.5100
2025-03-12,2025-03-13T00:00:00Z,72.3600
2025-03-13,2025-03-14T00:00:00Z,70.8200
2025-03-14,2025-03-15T00:00:00Z,71.9400
2025-03-17,2025-03-18T00:00:00Z,71.9300
2025-03-18,2025-03-19T00:00:00Z,71.9300
2025-03-19,2025-03-20T00:00:00Z,71.9400
2025-03-20,2025-03-21T00:00:00Z,72.6100
2025-03-21,2025-03-22T00:00:00Z,72.6400
2025-03-24,2025-03-25T00:00:00Z,73.9600
2025-03-25,2025-03-26T00:00:00Z,73.7800
2025-03-26,2025-03-27T00:00:00Z,74.6000
2025-03-27,2025-03-28T00:00:00Z,74.7200
2025-03-28,2025-03-29T00:00:00Z,74.6900
2025-03-31,2025-04-01T00:00:00Z,77.2300
2025-04-01,2025-04-02T00:00:00Z,77.7800
2025-04-02,2025-04-03T00:00:00Z,77.2700
2025-04-03,2025-04-04T00:00:00Z,72.5400
2025-04-04,2025-04-05T00:00:00Z,68.3600
2025-04-07,2025-04-08T00:00:00Z,66.1300
2025-04-08,2025-04-09T00:00:00Z,64.8600
2025-04-09,2025-04-10T00:00:00Z,67.3000
2025-04-10,2025-04-11T00:00:00Z,65.3700
2025-04-11,2025-04-12T00:00:00Z,66.8300
2025-04-14,2025-04-15T00:00:00Z,67.1800
2025-04-15,2025-04-16T00:00:00Z,66.5800
2025-04-16,2025-04-17T00:00:00Z,67.9400
2025-04-17,2025-04-18T00:00:00Z,69.3300
2025-04-22,2025-04-23T00:00:00Z,68.9300
2025-04-23,2025-04-24T00:00:00Z,68.2600
2025-04-24,2025-04-25T00:00:00Z,67.5000
2025-04-25,2025-04-26T00:00:00Z,66.9900
2025-04-28,2025-04-29T00:00:00Z,66.1300
2025-04-29,2025-04-30T00:00:00Z,64.0400
2025-04-30,2025-05-01T00:00:00Z,63.3700
2025-05-01,2025-05-02T00:00:00Z,62.3700
2025-05-02,2025-05-03T00:00:00Z,61.5700
2025-05-06,2025-05-07T00:00:00Z,62.3700
2025-05-07,2025-05-08T00:00:00Z,60.3100
2025-05-08,2025-05-09T00:00:00Z,62.2200
2025-05-09,2025-05-10T00:00:00Z,64.2600
2025-05-12,2025-05-13T00:00:00Z,65.2800
2025-05-13,2025-05-14T00:00:00Z,66.9300
2025-05-14,2025-05-15T00:00:00Z,65.9100
2025-05-15,2025-05-16T00:00:00Z,64.3600
2025-05-16,2025-05-17T00:00:00Z,65.2000
2025-05-19,2025-05-20T00:00:00Z,66.2500
2025-05-20,2025-05-21T00:00:00Z,66.9300
2025-05-21,2025-05-22T00:00:00Z,65.8600
2025-05-22,2025-05-23T00:00:00Z,64.8700
2025-05-23,2025-05-24T00:00:00Z,65.4100
2025-05-27,2025-05-28T00:00:00Z,64.3200
2025-05-28,2025-05-29T00:00:00Z,65.7200
2025-05-29,2025-05-30T00:00:00Z,64.6000
2025-05-30,2025-05-31T00:00:00Z,64.3200
2025-06-02,2025-06-03T00:00:00Z,66.5500
2025-06-03,2025-06-04T00:00:00Z,67.4800
2025-06-04,2025-06-05T00:00:00Z,66.6900
2025-06-05,2025-06-06T00:00:00Z,67.1400
2025-06-06,2025-06-07T00:00:00Z,68.0200
2025-06-09,2025-06-10T00:00:00Z,68.7300
2025-06-10,2025-06-11T00:00:00Z,68.4100
2025-06-11,2025-06-12T00:00:00Z,71.2900
2025-06-12,2025-06-13T00:00:00Z,70.8400
2025-06-13,2025-06-14T00:00:00Z,76.0000
2025-06-16,2025-06-17T00:00:00Z,75.0500
2025-06-17,2025-06-18T00:00:00Z,78.7000
2025-06-18,2025-06-19T00:00:00Z,78.3800
2025-06-19,2025-06-20T00:00:00Z,80.3700
2025-06-20,2025-06-21T00:00:00Z,78.7300
2025-06-23,2025-06-24T00:00:00Z,74.3400
2025-06-24,2025-06-25T00:00:00Z,69.1300
2025-06-25,2025-06-26T00:00:00Z,68.4000
2025-06-26,2025-06-27T00:00:00Z,68.5700
2025-06-27,2025-06-28T00:00:00Z,69.3700
2025-06-30,2025-07-01T00:00:00Z,68.1500
2025-07-01,2025-07-02T00:00:00Z,67.6300
2025-07-02,2025-07-03T00:00:00Z,70.8000
2025-07-03,2025-07-04T00:00:00Z,70.4200
2025-07-04,2025-07-05T00:00:00Z,71.0300
2025-07-07,2025-07-08T00:00:00Z,71.9500
2025-07-08,2025-07-09T00:00:00Z,72.5000
2025-07-09,2025-07-10T00:00:00Z,71.9800
2025-07-10,2025-07-11T00:00:00Z,70.3800
2025-07-11,2025-07-12T00:00:00Z,72.0600
2025-07-14,2025-07-15T00:00:00Z,70.9600
2025-07-15,2025-07-16T00:00:00Z,70.2700
2025-07-16,2025-07-17T00:00:00Z,69.6700
2025-07-17,2025-07-18T00:00:00Z,71.3200
2025-07-18,2025-07-19T00:00:00Z,71.0600
2025-07-21,2025-07-22T00:00:00Z,71.9200
2025-07-22,2025-07-23T00:00:00Z,69.6900
2025-07-23,2025-07-24T00:00:00Z,69.1700
2025-07-24,2025-07-25T00:00:00Z,70.4200
2025-07-25,2025-07-26T00:00:00Z,69.2300
2025-07-28,2025-07-29T00:00:00Z,70.8700
2025-07-29,2025-07-30T00:00:00Z,73.2100
2025-07-30,2025-07-31T00:00:00Z,73.9800
2025-07-31,2025-08-01T00:00:00Z,73.4300
2025-08-01,2025-08-02T00:00:00Z,70.5500
2025-08-04,2025-08-05T00:00:00Z,69.5600
2025-08-05,2025-08-06T00:00:00Z,69.1400
2025-08-06,2025-08-07T00:00:00Z,67.9700
2025-08-07,2025-08-08T00:00:00Z,66.9900
2025-08-08,2025-08-09T00:00:00Z,67.1700
2025-08-11,2025-08-12T00:00:00Z,67.3600
2025-08-12,2025-08-13T00:00:00Z,66.8000
2025-08-13,2025-08-14T00:00:00Z,66.2500
2025-08-14,2025-08-15T00:00:00Z,68.1200
2025-08-15,2025-08-16T00:00:00Z,67.3000
2025-08-18,2025-08-19T00:00:00Z,68.1800
2025-08-19,2025-08-20T00:00:00Z,66.6200
2025-08-20,2025-08-21T00:00:00Z,67.6100
2025-08-21,2025-08-22T00:00:00Z,68.4100
2025-08-22,2025-08-23T00:00:00Z,68.2900
2025-08-26,2025-08-27T00:00:00Z,66.8900
2025-08-27,2025-08-28T00:00:00Z,67.7500
2025-08-28,2025-08-29T00:00:00Z,68.6100
2025-08-29,2025-08-30T00:00:00Z,67.8300
2025-09-01,2025-09-02T00:00:00Z,67.0900
2025-09-02,2025-09-03T00:00:00Z,68.0900
2025-09-03,2025-09-04T00:00:00Z,67.7600
2025-09-04,2025-09-05T00:00:00Z,66.4100
2025-09-05,2025-09-06T00:00:00Z,64.9200
2025-09-08,2025-09-09T00:00:00Z,65.4400
2025-09-09,2025-09-10T00:00:00Z,67.9700
2025-09-10,2025-09-11T00:00:00Z,67.6200
2025-09-11,2025-09-12T00:00:00Z,67.2500
2025-09-12,2025-09-13T00:00:00Z,67.8700
2025-09-15,2025-09-16T00:00:00Z,67.8800
2025-09-16,2025-09-17T00:00:00Z,69.6900
2025-09-17,2025-09-18T00:00:00Z,69.1900
2025-09-18,2025-09-19T00:00:00Z,67.8300
2025-09-19,2025-09-20T00:00:00Z,67.0500
2025-09-22,2025-09-23T00:00:00Z,66.8700
2025-09-23,2025-09-24T00:00:00Z,67.9600
2025-09-24,2025-09-25T00:00:00Z,69.6400
2025-09-25,2025-09-26T00:00:00Z,70.4800
2025-09-26,2025-09-27T00:00:00Z,71.1500
2025-09-29,2025-09-30T00:00:00Z,69.0000
2025-09-30,2025-10-01T00:00:00Z,68.5200
2025-10-01,2025-10-02T00:00:00Z,66.6700
2025-10-02,2025-10-03T00:00:00Z,65.4400
2025-10-03,2025-10-04T00:00:00Z,66.1300
2025-10-06,2025-10-07T00:00:00Z,67.0900
2025-10-07,2025-10-08T00:00:00Z,67.1000
2025-10-08,2025-10-09T00:00:00Z,67.4200
2025-10-09,2025-10-10T00:00:00Z,67.2300
2025-10-10,2025-10-11T00:00:00Z,64.4100
2025-10-13,2025-10-14T00:00:00Z,64.1500
2025-10-14,2025-10-15T00:00:00Z,63.0000
2025-10-15,2025-10-16T00:00:00Z,62.3300
2025-10-16,2025-10-17T00:00:00Z,61.0800
2025-10-17,2025-10-18T00:00:00Z,61.2300
2025-10-20,2025-10-21T00:00:00Z,60.7100
2025-10-21,2025-10-22T00:00:00Z,61.0000
2025-10-22,2025-10-23T00:00:00Z,62.2800
2025-10-23,2025-10-24T00:00:00Z,66.3200
2025-10-24,2025-10-25T00:00:00Z,65.8000
2025-10-27,2025-10-28T00:00:00Z,65.5200
2025-10-28,2025-10-29T00:00:00Z,64.0300
2025-10-29,2025-10-30T00:00:00Z,65.0100
2025-10-30,2025-10-31T00:00:00Z,65.1100
2025-10-31,2025-11-01T00:00:00Z,65.4400
2025-11-03,2025-11-04T00:00:00Z,65.7900
2025-11-04,2025-11-05T00:00:00Z,65.0400
2025-11-05,2025-11-06T00:00:00Z,63.5400
2025-11-06,2025-11-07T00:00:00Z,63.4100
2025-11-07,2025-11-08T00:00:00Z,63.7200
2025-11-10,2025-11-11T00:00:00Z,63.0100
2025-11-11,2025-11-12T00:00:00Z,63.8600
2025-11-12,2025-11-13T00:00:00Z,61.8800
2025-11-13,2025-11-14T00:00:00Z,62.1400
2025-11-14,2025-11-15T00:00:00Z,63.4500
2025-11-17,2025-11-18T00:00:00Z,63.1600
2025-11-18,2025-11-19T00:00:00Z,64.8600
2025-11-19,2025-11-20T00:00:00Z,63.7800
2025-11-20,2025-11-21T00:00:00Z,63.6400
2025-11-21,2025-11-22T00:00:00Z,62.7800
2025-11-24,2025-11-25T00:00:00Z,64.8300
2025-11-25,2025-11-26T00:00:00Z,63.9900
2025-11-26,2025-11-27T00:00:00Z,64.8100
2025-11-27,2025-11-28T00:00:00Z,64.1800
2025-11-28,2025-11-29T00:00:00Z,64.0700
2025-12-01,2025-12-02T00:00:00Z,64.2200
2025-12-02,2025-12-03T00:00:00Z,63.3700
2025-12-03,2025-12-04T00:00:00Z,63.7500
2025-12-04,2025-12-05T00:00:00Z,64.1500
2025-12-05,2025-12-06T00:00:00Z,64.4200
2025-12-08,2025-12-09T00:00:00Z,63.3000
2025-12-09,2025-12-10T00:00:00Z,62.6200
2025-12-10,2025-12-11T00:00:00Z,63.1200
2025-12-11,2025-12-12T00:00:00Z,61.8700
2025-12-12,2025-12-13T00:00:00Z,62.1100
2025-12-15,2025-12-16T00:00:00Z,61.5500
2025-12-16,2025-12-17T00:00:00Z,59.9300
2025-12-17,2025-12-18T00:00:00Z,60.6100
2025-12-18,2025-12-19T00:00:00Z,60.6900
2025-12-19,2025-12-20T00:00:00Z,61.3500
2025-12-22,2025-12-23T00:00:00Z,62.2200
2025-12-23,2025-12-24T00:00:00Z,63.7000
2025-12-24,2025-12-25T00:00:00Z,63.7000
2025-12-29,2025-12-30T00:00:00Z,63.1000
2025-12-30,2025-12-31T00:00:00Z,62.3000
2025-12-31,2026-01-01T00:00:00Z,61.3500
2026-01-02,2026-01-03T00:00:00Z,61.9800
2026-01-05,2026-01-06T00:00:00Z,63.0000
2026-01-06,2026-01-07T00:00:00Z,62.1000
2026-01-07,2026-01-08T00:00:00Z,61.0800
2026-01-08,2026-01-09T00:00:00Z,63.3400
2026-01-09,2026-01-10T00:00:00Z,65.1100
2026-01-12,2026-01-13T00:00:00Z,65.4000
2026-01-13,2026-01-14T00:00:00Z,67.5800
2026-01-14,2026-01-15T00:00:00Z,68.8700
2026-01-15,2026-01-16T00:00:00Z,66.1600
2026-01-16,2026-01-17T00:00:00Z,66.9700
2026-01-19,2026-01-20T00:00:00Z,66.9100
2026-01-20,2026-01-21T00:00:00Z,67.6800
2026-01-21,2026-01-22T00:00:00Z,66.7200
2026-01-22,2026-01-23T00:00:00Z,65.4600
2026-01-23,2026-01-24T00:00:00Z,68.1600
2026-01-26,2026-01-27T00:00:00Z,67.7000
2026-01-27,2026-01-28T00:00:00Z,70.2800
2026-01-28,2026-01-29T00:00:00Z,70.9000
2026-01-29,2026-01-30T00:00:00Z,71.0000
2026-01-30,2026-01-31T00:00:00Z,72.2500
2026-02-02,2026-02-03T00:00:00Z,67.7200
2026-02-03,2026-02-04T00:00:00Z,70.0100
2026-02-04,2026-02-05T00:00:00Z,71.1500
2026-02-05,2026-02-06T00:00:00Z,69.8700
2026-02-06,2026-02-07T00:00:00Z,70.4500
2026-02-09,2026-02-10T00:00:00Z,71.1900
2026-02-10,2026-02-11T00:00:00Z,71.0100
2026-02-11,2026-02-12T00:00:00Z,71.5200
2026-02-12,2026-02-13T00:00:00Z,69.8000
2026-02-13,2026-02-14T00:00:00Z,69.9600
2026-02-16,2026-02-17T00:00:00Z,70.8100
2026-02-17,2026-02-18T00:00:00Z,69.7700
2026-02-18,2026-02-19T00:00:00Z,71.7800
2026-02-19,2026-02-20T00:00:00Z,73.1700
2026-02-20,2026-02-21T00:00:00Z,72.7500
2026-02-23,2026-02-24T00:00:00Z,71.9000
2026-02-24,2026-02-25T00:00:00Z,71.2100
2026-02-25,2026-02-26T00:00:00Z,70.6900
2026-02-26,2026-02-27T00:00:00Z,71.6600
2026-02-27,2026-02-28T00:00:00Z,71.3200
2026-03-02,2026-03-03T00:00:00Z,77.2400
2026-03-03,2026-03-04T00:00:00Z,83.2800
2026-03-04,2026-03-05T00:00:00Z,81.5600
2026-03-05,2026-03-06T00:00:00Z,88.5900
2026-03-06,2026-03-07T00:00:00Z,95.7400
2026-03-09,2026-03-10T00:00:00Z,94.3500
2026-03-10,2026-03-11T00:00:00Z,89.8400
2026-03-11,2026-03-12T00:00:00Z,90.9800
2026-03-12,2026-03-13T00:00:00Z,102.3800
2026-03-13,2026-03-14T00:00:00Z,103.2300
2026-03-16,2026-03-17T00:00:00Z,101.0400
2026-03-17,2026-03-18T00:00:00Z,108.3900
2026-03-18,2026-03-19T00:00:00Z,118.0900
2026-03-19,2026-03-20T00:00:00Z,111.0500
2026-03-20,2026-03-21T00:00:00Z,118.4200
2026-03-23,2026-03-24T00:00:00Z,103.7900
2026-03-24,2026-03-25T00:00:00Z,108.4200
2026-03-25,2026-03-26T00:00:00Z,109.1400
2026-03-26,2026-03-27T00:00:00Z,113.3900
2026-03-27,2026-03-28T00:00:00Z,121.4700
2026-03-30,2026-03-31T00:00:00Z,121.8800
2026-03-31,2026-04-01T00:00:00Z,126.6900
2026-04-01,2026-04-02T00:00:00Z,119.5600
2026-04-02,2026-04-03T00:00:00Z,127.6100
2026-04-07,2026-04-08T00:00:00Z,138.2100
2026-04-08,2026-04-09T00:00:00Z,122.1100
2026-04-09,2026-04-10T00:00:00Z,119.0300
2026-04-10,2026-04-11T00:00:00Z,119.0700
2026-04-13,2026-04-14T00:00:00Z,123.2800
2026-04-14,2026-04-15T00:00:00Z,118.6900
2026-04-15,2026-04-16T00:00:00Z,114.9300
2026-04-16,2026-04-17T00:00:00Z,116.6300
2026-04-17,2026-04-18T00:00:00Z,98.6300
2026-04-20,2026-04-21T00:00:00Z,103.4000
2026-04-21,2026-04-22T00:00:00Z,106.1400
2026-04-22,2026-04-23T00:00:00Z,113.4400
2026-04-23,2026-04-24T00:00:00Z,113.2500
2026-04-24,2026-04-25T00:00:00Z,111.8600
2026-04-27,2026-04-28T00:00:00Z,113.8900
2026-04-28,2026-04-29T00:00:00Z,117.6200
2026-04-29,2026-04-30T00:00:00Z,124.1600
2026-04-30,2026-05-01T00:00:00Z,124.2400
2026-05-01,2026-05-02T00:00:00Z,118.2600
2026-05-05,2026-05-06T00:00:00Z,114.5100
2026-05-06,2026-05-07T00:00:00Z,103.7000
2026-05-07,2026-05-08T00:00:00Z,101.8200
2026-05-08,2026-05-09T00:00:00Z,103.4800
2026-05-11,2026-05-12T00:00:00Z,106.1100
2026-05-12,2026-05-13T00:00:00Z,111.3700
2026-05-13,2026-05-14T00:00:00Z,110.2800
2026-05-14,2026-05-15T00:00:00Z,110.9100
2026-05-15,2026-05-16T00:00:00Z,113.9600
2026-05-18,2026-05-19T00:00:00Z,116.7300
2026-05-19,2026-05-20T00:00:00Z,114.6400
2026-05-20,2026-05-21T00:00:00Z,108.9300
2026-05-21,2026-05-22T00:00:00Z,105.8400
2026-05-22,2026-05-23T00:00:00Z,106.9000
2026-05-26,2026-05-27T00:00:00Z,102.7500
2026-05-27,2026-05-28T00:00:00Z,97.1100
2026-05-28,2026-05-29T00:00:00Z,95.4700
2026-05-29,2026-05-30T00:00:00Z,92.8800
2026-06-01,2026-06-02T00:00:00Z,98.2900
2026-06-02,2026-06-03T00:00:00Z,98.4900
2026-06-03,2026-06-04T00:00:00Z,101.6900
2026-06-04,2026-06-05T00:00:00Z,98.9800
2026-06-05,2026-06-06T00:00:00Z,97.2900
2026-06-08,2026-06-09T00:00:00Z,97.4600
2026-06-09,2026-06-10T00:00:00Z,94.1500
2026-06-10,2026-06-11T00:00:00Z,95.7300
2026-06-11,2026-06-12T00:00:00Z,92.8400
2026-06-12,2026-06-13T00:00:00Z,88.6400
2026-06-15,2026-06-16T00:00:00Z,84.3600
2026-06-16,2026-06-17T00:00:00Z,80.5000
2026-06-17,2026-06-18T00:00:00Z,80.3300
2026-06-18,2026-06-19T00:00:00Z,79.3500
2026-06-19,2026-06-20T00:00:00Z,80.4600
2026-06-22,2026-06-23T00:00:00Z,76.4900
2026-06-23,2026-06-24T00:00:00Z,75.6900
2026-06-24,2026-06-25T00:00:00Z,72.0900
2026-06-25,2026-06-26T00:00:00Z,73.7400
2026-06-26,2026-06-27T00:00:00Z,70.1600
2026-06-29,2026-06-30T00:00:00Z,71.5900
2026-06-30,2026-07-01T00:00:00Z,70.4600
2026-07-01,2026-07-02T00:00:00Z,69.2400
2026-07-02,2026-07-03T00:00:00Z,68.5300
2026-07-03,2026-07-04T00:00:00Z,68.6800
2026-07-06,2026-07-07T00:00:00Z,69.5600
