observation_date,available_at_utc,us_10y,jp_jgb_10y,diff_us_jp_10y
2018-01-04,2018-01-05T00:00:00Z,2.460000,0.052000,2.408000
2018-01-05,2018-01-06T00:00:00Z,2.470000,0.057000,2.413000
2018-01-09,2018-01-10T00:00:00Z,2.550000,0.067000,2.483000
2018-01-10,2018-01-11T00:00:00Z,2.550000,0.083000,2.467000
2018-01-11,2018-01-12T00:00:00Z,2.540000,0.068000,2.472000
2018-01-12,2018-01-13T00:00:00Z,2.550000,0.073000,2.477000
2018-01-16,2018-01-17T00:00:00Z,2.540000,0.079000,2.461000
2018-01-17,2018-01-18T00:00:00Z,2.570000,0.084000,2.486000
2018-01-18,2018-01-19T00:00:00Z,2.620000,0.079000,2.541000
2018-01-19,2018-01-20T00:00:00Z,2.640000,0.079000,2.561000
2018-01-22,2018-01-23T00:00:00Z,2.660000,0.079000,2.581000
2018-01-23,2018-01-24T00:00:00Z,2.630000,0.074000,2.556000
2018-01-24,2018-01-25T00:00:00Z,2.650000,0.079000,2.571000
2018-01-25,2018-01-26T00:00:00Z,2.630000,0.084000,2.546000
2018-01-26,2018-01-27T00:00:00Z,2.660000,0.074000,2.586000
2018-01-29,2018-01-30T00:00:00Z,2.700000,0.085000,2.615000
2018-01-30,2018-01-31T00:00:00Z,2.730000,0.095000,2.635000
2018-01-31,2018-02-01T00:00:00Z,2.720000,0.085000,2.635000
2018-02-01,2018-02-02T00:00:00Z,2.780000,0.095000,2.685000
2018-02-02,2018-02-03T00:00:00Z,2.840000,0.085000,2.755000
2018-02-05,2018-02-06T00:00:00Z,2.770000,0.086000,2.684000
2018-02-06,2018-02-07T00:00:00Z,2.790000,0.075000,2.715000
2018-02-07,2018-02-08T00:00:00Z,2.840000,0.075000,2.765000
2018-02-08,2018-02-09T00:00:00Z,2.850000,0.081000,2.769000
2018-02-09,2018-02-10T00:00:00Z,2.830000,0.071000,2.759000
2018-02-13,2018-02-14T00:00:00Z,2.830000,0.071000,2.759000
2018-02-14,2018-02-15T00:00:00Z,2.910000,0.066000,2.844000
2018-02-15,2018-02-16T00:00:00Z,2.900000,0.066000,2.834000
2018-02-16,2018-02-17T00:00:00Z,2.870000,0.062000,2.808000
2018-02-20,2018-02-21T00:00:00Z,2.880000,0.066000,2.814000
2018-02-21,2018-02-22T00:00:00Z,2.940000,0.058000,2.882000
2018-02-22,2018-02-23T00:00:00Z,2.920000,0.058000,2.862000
2018-02-23,2018-02-24T00:00:00Z,2.880000,0.053000,2.827000
2018-02-26,2018-02-27T00:00:00Z,2.860000,0.054000,2.806000
2018-02-27,2018-02-28T00:00:00Z,2.900000,0.049000,2.851000
2018-02-28,2018-03-01T00:00:00Z,2.870000,0.054000,2.816000
2018-03-01,2018-03-02T00:00:00Z,2.810000,0.048000,2.762000
2018-03-02,2018-03-03T00:00:00Z,2.860000,0.063000,2.797000
2018-03-05,2018-03-06T00:00:00Z,2.880000,0.038000,2.842000
2018-03-06,2018-03-07T00:00:00Z,2.880000,0.049000,2.831000
2018-03-07,2018-03-08T00:00:00Z,2.890000,0.044000,2.846000
2018-03-08,2018-03-09T00:00:00Z,2.860000,0.049000,2.811000
2018-03-09,2018-03-10T00:00:00Z,2.900000,0.044000,2.856000
2018-03-12,2018-03-13T00:00:00Z,2.870000,0.044000,2.826000
2018-03-13,2018-03-14T00:00:00Z,2.840000,0.045000,2.795000
2018-03-14,2018-03-15T00:00:00Z,2.810000,0.045000,2.765000
2018-03-15,2018-03-16T00:00:00Z,2.820000,0.040000,2.780000
2018-03-16,2018-03-17T00:00:00Z,2.850000,0.031000,2.819000
2018-03-19,2018-03-20T00:00:00Z,2.850000,0.036000,2.814000
2018-03-20,2018-03-21T00:00:00Z,2.890000,0.036000,2.854000
2018-03-22,2018-03-23T00:00:00Z,2.830000,0.031000,2.799000
2018-03-23,2018-03-24T00:00:00Z,2.820000,0.016000,2.804000
2018-03-26,2018-03-27T00:00:00Z,2.850000,0.022000,2.828000
2018-03-27,2018-03-28T00:00:00Z,2.780000,0.032000,2.748000
2018-03-28,2018-03-29T00:00:00Z,2.770000,0.032000,2.738000
2018-03-29,2018-03-30T00:00:00Z,2.740000,0.037000,2.703000
2018-04-02,2018-04-03T00:00:00Z,2.730000,0.042000,2.688000
2018-04-03,2018-04-04T00:00:00Z,2.790000,0.022000,2.768000
2018-04-04,2018-04-05T00:00:00Z,2.790000,0.027000,2.763000
2018-04-05,2018-04-06T00:00:00Z,2.830000,0.037000,2.793000
2018-04-06,2018-04-07T00:00:00Z,2.770000,0.038000,2.732000
2018-04-09,2018-04-10T00:00:00Z,2.780000,0.033000,2.747000
2018-04-10,2018-04-11T00:00:00Z,2.800000,0.033000,2.767000
2018-04-11,2018-04-12T00:00:00Z,2.790000,0.028000,2.762000
2018-04-12,2018-04-13T00:00:00Z,2.830000,0.033000,2.797000
2018-04-13,2018-04-14T00:00:00Z,2.820000,0.033000,2.787000
2018-04-16,2018-04-17T00:00:00Z,2.830000,0.039000,2.791000
2018-04-17,2018-04-18T00:00:00Z,2.820000,0.039000,2.781000
2018-04-18,2018-04-19T00:00:00Z,2.870000,0.034000,2.836000
2018-04-19,2018-04-20T00:00:00Z,2.920000,0.039000,2.881000
2018-04-20,2018-04-21T00:00:00Z,2.960000,0.059000,2.901000
2018-04-23,2018-04-24T00:00:00Z,2.980000,0.060000,2.920000
2018-04-24,2018-04-25T00:00:00Z,3.000000,0.055000,2.945000
2018-04-25,2018-04-26T00:00:00Z,3.030000,0.060000,2.970000
2018-04-26,2018-04-27T00:00:00Z,3.000000,0.060000,2.940000
2018-04-27,2018-04-28T00:00:00Z,2.960000,0.055000,2.905000
2018-05-01,2018-05-02T00:00:00Z,2.970000,0.040000,2.930000
2018-05-02,2018-05-03T00:00:00Z,2.970000,0.045000,2.925000
2018-05-07,2018-05-08T00:00:00Z,2.950000,0.046000,2.904000
2018-05-08,2018-05-09T00:00:00Z,2.970000,0.050000,2.920000
2018-05-09,2018-05-10T00:00:00Z,3.000000,0.051000,2.949000
2018-05-10,2018-05-11T00:00:00Z,2.970000,0.052000,2.918000
2018-05-11,2018-05-12T00:00:00Z,2.970000,0.047000,2.923000
2018-05-14,2018-05-15T00:00:00Z,3.000000,0.052000,2.948000
2018-05-15,2018-05-16T00:00:00Z,3.080000,0.058000,3.022000
2018-05-16,2018-05-17T00:00:00Z,3.090000,0.058000,3.032000
2018-05-17,2018-05-18T00:00:00Z,3.110000,0.062000,3.048000
2018-05-18,2018-05-19T00:00:00Z,3.060000,0.062000,2.998000
2018-05-21,2018-05-22T00:00:00Z,3.060000,0.059000,3.001000
2018-05-22,2018-05-23T00:00:00Z,3.060000,0.053000,3.007000
2018-05-23,2018-05-24T00:00:00Z,3.010000,0.048000,2.962000
2018-05-24,2018-05-25T00:00:00Z,2.980000,0.048000,2.932000
2018-05-25,2018-05-26T00:00:00Z,2.930000,0.043000,2.887000
2018-05-29,2018-05-30T00:00:00Z,2.770000,0.038000,2.732000
2018-05-30,2018-05-31T00:00:00Z,2.840000,0.033000,2.807000
2018-05-31,2018-06-01T00:00:00Z,2.830000,0.039000,2.791000
2018-06-01,2018-06-02T00:00:00Z,2.890000,0.050000,2.840000
2018-06-04,2018-06-05T00:00:00Z,2.940000,0.056000,2.884000
2018-06-05,2018-06-06T00:00:00Z,2.920000,0.056000,2.864000
2018-06-06,2018-06-07T00:00:00Z,2.970000,0.056000,2.914000
2018-06-07,2018-06-08T00:00:00Z,2.930000,0.055000,2.875000
2018-06-08,2018-06-09T00:00:00Z,2.930000,0.051000,2.879000
2018-06-11,2018-06-12T00:00:00Z,2.960000,0.051000,2.909000
2018-06-12,2018-06-13T00:00:00Z,2.960000,0.057000,2.903000
2018-06-13,2018-06-14T00:00:00Z,2.980000,0.057000,2.923000
2018-06-14,2018-06-15T00:00:00Z,2.940000,0.046000,2.894000
2018-06-15,2018-06-16T00:00:00Z,2.930000,0.041000,2.889000
2018-06-18,2018-06-19T00:00:00Z,2.920000,0.041000,2.879000
2018-06-19,2018-06-20T00:00:00Z,2.890000,0.037000,2.853000
2018-06-20,2018-06-21T00:00:00Z,2.930000,0.042000,2.888000
2018-06-21,2018-06-22T00:00:00Z,2.900000,0.043000,2.857000
2018-06-22,2018-06-23T00:00:00Z,2.900000,0.039000,2.861000
2018-06-25,2018-06-26T00:00:00Z,2.870000,0.040000,2.830000
2018-06-26,2018-06-27T00:00:00Z,2.880000,0.045000,2.835000
2018-06-27,2018-06-28T00:00:00Z,2.830000,0.046000,2.784000
2018-06-28,2018-06-29T00:00:00Z,2.840000,0.040000,2.800000
2018-06-29,2018-06-30T00:00:00Z,2.850000,0.040000,2.810000
2018-07-02,2018-07-03T00:00:00Z,2.870000,0.035000,2.835000
2018-07-03,2018-07-04T00:00:00Z,2.830000,0.037000,2.793000
2018-07-05,2018-07-06T00:00:00Z,2.840000,0.032000,2.808000
2018-07-06,2018-07-07T00:00:00Z,2.820000,0.027000,2.793000
2018-07-09,2018-07-10T00:00:00Z,2.860000,0.028000,2.832000
2018-07-10,2018-07-11T00:00:00Z,2.870000,0.038000,2.832000
2018-07-11,2018-07-12T00:00:00Z,2.850000,0.038000,2.812000
2018-07-12,2018-07-13T00:00:00Z,2.850000,0.038000,2.812000
2018-07-13,2018-07-14T00:00:00Z,2.830000,0.038000,2.792000
2018-07-17,2018-07-18T00:00:00Z,2.860000,0.039000,2.821000
2018-07-18,2018-07-19T00:00:00Z,2.880000,0.044000,2.836000
2018-07-19,2018-07-20T00:00:00Z,2.840000,0.039000,2.801000
2018-07-20,2018-07-21T00:00:00Z,2.890000,0.034000,2.856000
2018-07-23,2018-07-24T00:00:00Z,2.960000,0.086000,2.874000
2018-07-24,2018-07-25T00:00:00Z,2.950000,0.085000,2.865000
2018-07-25,2018-07-26T00:00:00Z,2.940000,0.070000,2.870000
2018-07-26,2018-07-27T00:00:00Z,2.980000,0.091000,2.889000
2018-07-27,2018-07-28T00:00:00Z,2.960000,0.101000,2.859000
2018-07-30,2018-07-31T00:00:00Z,2.980000,0.106000,2.874000
2018-07-31,2018-08-01T00:00:00Z,2.960000,0.050000,2.910000
2018-08-01,2018-08-02T00:00:00Z,3.000000,0.129000,2.871000
2018-08-02,2018-08-03T00:00:00Z,2.980000,0.121000,2.859000
2018-08-03,2018-08-04T00:00:00Z,2.950000,0.110000,2.840000
2018-08-06,2018-08-07T00:00:00Z,2.940000,0.105000,2.835000
2018-08-07,2018-08-08T00:00:00Z,2.980000,0.110000,2.870000
2018-08-08,2018-08-09T00:00:00Z,2.960000,0.110000,2.850000
2018-08-09,2018-08-10T00:00:00Z,2.930000,0.115000,2.815000
2018-08-10,2018-08-11T00:00:00Z,2.870000,0.105000,2.765000
2018-08-13,2018-08-14T00:00:00Z,2.880000,0.103000,2.777000
2018-08-14,2018-08-15T00:00:00Z,2.890000,0.106000,2.784000
2018-08-15,2018-08-16T00:00:00Z,2.860000,0.097000,2.763000
2018-08-16,2018-08-17T00:00:00Z,2.870000,0.104000,2.766000
2018-08-17,2018-08-18T00:00:00Z,2.870000,0.099000,2.771000
2018-08-20,2018-08-21T00:00:00Z,2.820000,0.100000,2.720000
2018-08-21,2018-08-22T00:00:00Z,2.850000,0.094000,2.756000
2018-08-22,2018-08-23T00:00:00Z,2.820000,0.100000,2.720000
2018-08-23,2018-08-24T00:00:00Z,2.820000,0.100000,2.720000
2018-08-24,2018-08-25T00:00:00Z,2.820000,0.106000,2.714000
2018-08-27,2018-08-28T00:00:00Z,2.850000,0.101000,2.749000
2018-08-28,2018-08-29T00:00:00Z,2.880000,0.101000,2.779000
2018-08-29,2018-08-30T00:00:00Z,2.890000,0.107000,2.783000
2018-08-30,2018-08-31T00:00:00Z,2.860000,0.115000,2.745000
2018-08-31,2018-09-01T00:00:00Z,2.860000,0.110000,2.750000
2018-09-04,2018-09-05T00:00:00Z,2.900000,0.125000,2.775000
2018-09-05,2018-09-06T00:00:00Z,2.900000,0.121000,2.779000
2018-09-06,2018-09-07T00:00:00Z,2.880000,0.116000,2.764000
2018-09-07,2018-09-08T00:00:00Z,2.940000,0.116000,2.824000
2018-09-10,2018-09-11T00:00:00Z,2.940000,0.121000,2.819000
2018-09-11,2018-09-12T00:00:00Z,2.980000,0.116000,2.864000
2018-09-12,2018-09-13T00:00:00Z,2.970000,0.116000,2.854000
2018-09-13,2018-09-14T00:00:00Z,2.970000,0.116000,2.854000
2018-09-14,2018-09-15T00:00:00Z,2.990000,0.117000,2.873000
2018-09-18,2018-09-19T00:00:00Z,3.050000,0.123000,2.927000
2018-09-19,2018-09-20T00:00:00Z,3.080000,0.128000,2.952000
2018-09-20,2018-09-21T00:00:00Z,3.070000,0.128000,2.942000
2018-09-21,2018-09-22T00:00:00Z,3.070000,0.140000,2.930000
2018-09-25,2018-09-26T00:00:00Z,3.100000,0.141000,2.959000
2018-09-26,2018-09-27T00:00:00Z,3.060000,0.135000,2.925000
2018-09-27,2018-09-28T00:00:00Z,3.060000,0.130000,2.930000
2018-09-28,2018-09-29T00:00:00Z,3.050000,0.134000,2.916000
2018-10-01,2018-10-02T00:00:00Z,3.090000,0.139000,2.951000
2018-10-02,2018-10-03T00:00:00Z,3.050000,0.137000,2.913000
2018-10-03,2018-10-04T00:00:00Z,3.150000,0.137000,3.013000
2018-10-04,2018-10-05T00:00:00Z,3.190000,0.157000,3.033000
2018-10-05,2018-10-06T00:00:00Z,3.230000,0.148000,3.082000
2018-10-09,2018-10-10T00:00:00Z,3.210000,0.158000,3.052000
2018-10-10,2018-10-11T00:00:00Z,3.220000,0.152000,3.068000
2018-10-11,2018-10-12T00:00:00Z,3.140000,0.144000,2.996000
2018-10-12,2018-10-13T00:00:00Z,3.150000,0.149000,3.001000
2018-10-15,2018-10-16T00:00:00Z,3.160000,0.144000,3.016000
2018-10-16,2018-10-17T00:00:00Z,3.160000,0.149000,3.011000
2018-10-17,2018-10-18T00:00:00Z,3.190000,0.147000,3.043000
2018-10-18,2018-10-19T00:00:00Z,3.170000,0.153000,3.017000
2018-10-19,2018-10-20T00:00:00Z,3.200000,0.150000,3.050000
2018-10-22,2018-10-23T00:00:00Z,3.200000,0.154000,3.046000
2018-10-23,2018-10-24T00:00:00Z,3.170000,0.149000,3.021000
2018-10-24,2018-10-25T00:00:00Z,3.100000,0.135000,2.965000
2018-10-25,2018-10-26T00:00:00Z,3.140000,0.115000,3.025000
2018-10-26,2018-10-27T00:00:00Z,3.080000,0.115000,2.965000
2018-10-29,2018-10-30T00:00:00Z,3.080000,0.110000,2.970000
2018-10-30,2018-10-31T00:00:00Z,3.120000,0.121000,2.999000
2018-10-31,2018-11-01T00:00:00Z,3.150000,0.127000,3.023000
2018-11-01,2018-11-02T00:00:00Z,3.140000,0.127000,3.013000
2018-11-02,2018-11-03T00:00:00Z,3.220000,0.132000,3.088000
2018-11-05,2018-11-06T00:00:00Z,3.200000,0.132000,3.068000
2018-11-06,2018-11-07T00:00:00Z,3.220000,0.132000,3.088000
2018-11-07,2018-11-08T00:00:00Z,3.220000,0.128000,3.092000
2018-11-08,2018-11-09T00:00:00Z,3.240000,0.129000,3.111000
2018-11-09,2018-11-10T00:00:00Z,3.190000,0.129000,3.061000
2018-11-13,2018-11-14T00:00:00Z,3.140000,0.119000,3.021000
2018-11-14,2018-11-15T00:00:00Z,3.120000,0.114000,3.006000
2018-11-15,2018-11-16T00:00:00Z,3.110000,0.114000,2.996000
2018-11-16,2018-11-17T00:00:00Z,3.080000,0.110000,2.970000
2018-11-19,2018-11-20T00:00:00Z,3.060000,0.100000,2.960000
2018-11-20,2018-11-21T00:00:00Z,3.060000,0.110000,2.950000
2018-11-21,2018-11-22T00:00:00Z,3.060000,0.102000,2.958000
2018-11-26,2018-11-27T00:00:00Z,3.070000,0.097000,2.973000
2018-11-27,2018-11-28T00:00:00Z,3.060000,0.098000,2.962000
2018-11-28,2018-11-29T00:00:00Z,3.060000,0.108000,2.952000
2018-11-29,2018-11-30T00:00:00Z,3.030000,0.091000,2.939000
2018-11-30,2018-12-01T00:00:00Z,3.010000,0.097000,2.913000
2018-12-03,2018-12-04T00:00:00Z,2.980000,0.093000,2.887000
2018-12-04,2018-12-05T00:00:00Z,2.910000,0.077000,2.833000
2018-12-06,2018-12-07T00:00:00Z,2.870000,0.063000,2.807000
2018-12-07,2018-12-08T00:00:00Z,2.850000,0.068000,2.782000
2018-12-10,2018-12-11T00:00:00Z,2.850000,0.048000,2.802000
2018-12-11,2018-12-12T00:00:00Z,2.890000,0.053000,2.837000
2018-12-12,2018-12-13T00:00:00Z,2.910000,0.064000,2.846000
2018-12-13,2018-12-14T00:00:00Z,2.910000,0.064000,2.846000
2018-12-14,2018-12-15T00:00:00Z,2.890000,0.043000,2.847000
2018-12-17,2018-12-18T00:00:00Z,2.860000,0.043000,2.817000
2018-12-18,2018-12-19T00:00:00Z,2.820000,0.040000,2.780000
2018-12-19,2018-12-20T00:00:00Z,2.770000,0.046000,2.724000
2018-12-20,2018-12-21T00:00:00Z,2.790000,0.041000,2.749000
2018-12-21,2018-12-22T00:00:00Z,2.790000,0.053000,2.737000
2018-12-26,2018-12-27T00:00:00Z,2.810000,0.036000,2.774000
2018-12-27,2018-12-28T00:00:00Z,2.770000,0.037000,2.733000
2018-12-28,2018-12-29T00:00:00Z,2.720000,0.013000,2.707000
2019-01-04,2019-01-05T00:00:00Z,2.670000,-0.023000,2.693000
2019-01-07,2019-01-08T00:00:00Z,2.700000,0.000000,2.700000
2019-01-08,2019-01-09T00:00:00Z,2.730000,0.014000,2.716000
2019-01-09,2019-01-10T00:00:00Z,2.740000,0.029000,2.711000
2019-01-10,2019-01-11T00:00:00Z,2.740000,0.024000,2.716000
2019-01-11,2019-01-12T00:00:00Z,2.710000,0.014000,2.696000
2019-01-15,2019-01-16T00:00:00Z,2.720000,0.014000,2.706000
2019-01-16,2019-01-17T00:00:00Z,2.730000,0.006000,2.724000
2019-01-17,2019-01-18T00:00:00Z,2.750000,0.007000,2.743000
2019-01-18,2019-01-19T00:00:00Z,2.790000,0.010000,2.780000
2019-01-22,2019-01-23T00:00:00Z,2.740000,-0.001000,2.741000
2019-01-23,2019-01-24T00:00:00Z,2.760000,0.004000,2.756000
2019-01-24,2019-01-25T00:00:00Z,2.720000,0.009000,2.711000
2019-01-25,2019-01-26T00:00:00Z,2.760000,-0.001000,2.761000
2019-01-28,2019-01-29T00:00:00Z,2.750000,0.001000,2.749000
2019-01-29,2019-01-30T00:00:00Z,2.720000,0.006000,2.714000
2019-01-30,2019-01-31T00:00:00Z,2.700000,0.007000,2.693000
2019-01-31,2019-02-01T00:00:00Z,2.630000,0.006000,2.624000
2019-02-01,2019-02-02T00:00:00Z,2.700000,-0.019000,2.719000
2019-02-04,2019-02-05T00:00:00Z,2.730000,-0.009000,2.739000
2019-02-05,2019-02-06T00:00:00Z,2.710000,-0.009000,2.719000
2019-02-06,2019-02-07T00:00:00Z,2.700000,-0.014000,2.714000
2019-02-07,2019-02-08T00:00:00Z,2.650000,-0.008000,2.658000
2019-02-08,2019-02-09T00:00:00Z,2.630000,-0.024000,2.654000
2019-02-12,2019-02-13T00:00:00Z,2.680000,-0.006000,2.686000
2019-02-13,2019-02-14T00:00:00Z,2.710000,-0.001000,2.711000
2019-02-14,2019-02-15T00:00:00Z,2.660000,-0.006000,2.666000
2019-02-15,2019-02-16T00:00:00Z,2.660000,-0.016000,2.676000
2019-02-19,2019-02-20T00:00:00Z,2.650000,-0.026000,2.676000
2019-02-20,2019-02-21T00:00:00Z,2.650000,-0.031000,2.681000
2019-02-21,2019-02-22T00:00:00Z,2.690000,-0.037000,2.727000
2019-02-22,2019-02-23T00:00:00Z,2.650000,-0.037000,2.687000
2019-02-25,2019-02-26T00:00:00Z,2.670000,-0.030000,2.700000
2019-02-26,2019-02-27T00:00:00Z,2.640000,-0.020000,2.660000
2019-02-27,2019-02-28T00:00:00Z,2.690000,-0.018000,2.708000
2019-02-28,2019-03-01T00:00:00Z,2.730000,-0.019000,2.749000
2019-03-01,2019-03-02T00:00:00Z,2.760000,-0.004000,2.764000
2019-03-04,2019-03-05T00:00:00Z,2.720000,0.007000,2.713000
2019-03-05,2019-03-06T00:00:00Z,2.720000,0.011000,2.709000
2019-03-06,2019-03-07T00:00:00Z,2.690000,0.001000,2.689000
2019-03-07,2019-03-08T00:00:00Z,2.640000,-0.004000,2.644000
2019-03-08,2019-03-09T00:00:00Z,2.620000,-0.028000,2.648000
2019-03-11,2019-03-12T00:00:00Z,2.640000,-0.030000,2.670000
2019-03-12,2019-03-13T00:00:00Z,2.610000,-0.025000,2.635000
2019-03-13,2019-03-14T00:00:00Z,2.610000,-0.040000,2.650000
2019-03-14,2019-03-15T00:00:00Z,2.630000,-0.033000,2.663000
2019-03-15,2019-03-16T00:00:00Z,2.590000,-0.028000,2.618000
2019-03-18,2019-03-19T00:00:00Z,2.600000,-0.028000,2.628000
2019-03-19,2019-03-20T00:00:00Z,2.610000,-0.037000,2.647000
2019-03-20,2019-03-21T00:00:00Z,2.540000,-0.027000,2.567000
2019-03-22,2019-03-23T00:00:00Z,2.440000,-0.061000,2.501000
2019-03-25,2019-03-26T00:00:00Z,2.430000,-0.076000,2.506000
2019-03-26,2019-03-27T00:00:00Z,2.410000,-0.056000,2.466000
2019-03-27,2019-03-28T00:00:00Z,2.390000,-0.056000,2.446000
2019-03-28,2019-03-29T00:00:00Z,2.390000,-0.086000,2.476000
2019-03-29,2019-03-30T00:00:00Z,2.410000,-0.082000,2.492000
2019-04-01,2019-04-02T00:00:00Z,2.490000,-0.070000,2.560000
2019-04-02,2019-04-03T00:00:00Z,2.480000,-0.053000,2.533000
2019-04-03,2019-04-04T00:00:00Z,2.520000,-0.053000,2.573000
2019-04-04,2019-04-05T00:00:00Z,2.510000,-0.041000,2.551000
2019-04-05,2019-04-06T00:00:00Z,2.500000,-0.032000,2.532000
2019-04-08,2019-04-09T00:00:00Z,2.520000,-0.047000,2.567000
2019-04-09,2019-04-10T00:00:00Z,2.510000,-0.046000,2.556000
2019-04-10,2019-04-11T00:00:00Z,2.480000,-0.057000,2.537000
2019-04-11,2019-04-12T00:00:00Z,2.510000,-0.062000,2.572000
2019-04-12,2019-04-13T00:00:00Z,2.560000,-0.051000,2.611000
2019-04-15,2019-04-16T00:00:00Z,2.550000,-0.031000,2.581000
2019-04-16,2019-04-17T00:00:00Z,2.600000,-0.021000,2.621000
2019-04-17,2019-04-18T00:00:00Z,2.590000,-0.009000,2.599000
2019-04-18,2019-04-19T00:00:00Z,2.570000,-0.026000,2.596000
2019-04-22,2019-04-23T00:00:00Z,2.590000,-0.027000,2.617000
2019-04-23,2019-04-24T00:00:00Z,2.570000,-0.030000,2.600000
2019-04-24,2019-04-25T00:00:00Z,2.530000,-0.037000,2.567000
2019-04-25,2019-04-26T00:00:00Z,2.540000,-0.031000,2.571000
2019-04-26,2019-04-27T00:00:00Z,2.510000,-0.045000,2.555000
2019-05-07,2019-05-08T00:00:00Z,2.450000,-0.049000,2.499000
2019-05-08,2019-05-09T00:00:00Z,2.490000,-0.049000,2.539000
2019-05-09,2019-05-10T00:00:00Z,2.450000,-0.044000,2.494000
2019-05-10,2019-05-11T00:00:00Z,2.470000,-0.044000,2.514000
2019-05-13,2019-05-14T00:00:00Z,2.400000,-0.043000,2.443000
2019-05-14,2019-05-15T00:00:00Z,2.420000,-0.048000,2.468000
2019-05-15,2019-05-16T00:00:00Z,2.370000,-0.048000,2.418000
2019-05-16,2019-05-17T00:00:00Z,2.400000,-0.058000,2.458000
2019-05-17,2019-05-18T00:00:00Z,2.390000,-0.053000,2.443000
2019-05-20,2019-05-21T00:00:00Z,2.410000,-0.042000,2.452000
2019-05-21,2019-05-22T00:00:00Z,2.430000,-0.042000,2.472000
2019-05-22,2019-05-23T00:00:00Z,2.390000,-0.048000,2.438000
2019-05-23,2019-05-24T00:00:00Z,2.310000,-0.058000,2.368000
2019-05-24,2019-05-25T00:00:00Z,2.320000,-0.068000,2.388000
2019-05-28,2019-05-29T00:00:00Z,2.260000,-0.066000,2.326000
2019-05-29,2019-05-30T00:00:00Z,2.250000,-0.089000,2.339000
2019-05-30,2019-05-31T00:00:00Z,2.220000,-0.077000,2.297000
2019-05-31,2019-06-01T00:00:00Z,2.140000,-0.092000,2.232000
2019-06-03,2019-06-04T00:00:00Z,2.070000,-0.088000,2.158000
2019-06-04,2019-06-05T00:00:00Z,2.120000,-0.097000,2.217000
2019-06-05,2019-06-06T00:00:00Z,2.120000,-0.123000,2.243000
2019-06-06,2019-06-07T00:00:00Z,2.120000,-0.116000,2.236000
2019-06-07,2019-06-08T00:00:00Z,2.090000,-0.112000,2.202000
2019-06-10,2019-06-11T00:00:00Z,2.150000,-0.117000,2.267000
2019-06-11,2019-06-12T00:00:00Z,2.150000,-0.107000,2.257000
2019-06-12,2019-06-13T00:00:00Z,2.130000,-0.107000,2.237000
2019-06-13,2019-06-14T00:00:00Z,2.100000,-0.108000,2.208000
2019-06-14,2019-06-15T00:00:00Z,2.090000,-0.122000,2.212000
2019-06-17,2019-06-18T00:00:00Z,2.090000,-0.122000,2.212000
2019-06-18,2019-06-19T00:00:00Z,2.060000,-0.122000,2.182000
2019-06-19,2019-06-20T00:00:00Z,2.030000,-0.133000,2.163000
2019-06-20,2019-06-21T00:00:00Z,2.010000,-0.163000,2.173000
2019-06-21,2019-06-22T00:00:00Z,2.070000,-0.162000,2.232000
2019-06-24,2019-06-25T00:00:00Z,2.020000,-0.146000,2.166000
2019-06-25,2019-06-26T00:00:00Z,2.000000,-0.147000,2.147000
2019-06-26,2019-06-27T00:00:00Z,2.050000,-0.140000,2.190000
2019-06-27,2019-06-28T00:00:00Z,2.010000,-0.134000,2.144000
2019-06-28,2019-06-29T00:00:00Z,2.000000,-0.156000,2.156000
2019-07-01,2019-07-02T00:00:00Z,2.030000,-0.140000,2.170000
2019-07-02,2019-07-03T00:00:00Z,1.980000,-0.135000,2.115000
2019-07-03,2019-07-04T00:00:00Z,1.960000,-0.160000,2.120000
2019-07-05,2019-07-06T00:00:00Z,2.040000,-0.170000,2.210000
2019-07-08,2019-07-09T00:00:00Z,2.050000,-0.154000,2.204000
2019-07-09,2019-07-10T00:00:00Z,2.070000,-0.144000,2.214000
2019-07-10,2019-07-11T00:00:00Z,2.070000,-0.128000,2.198000
2019-07-11,2019-07-12T00:00:00Z,2.130000,-0.143000,2.273000
2019-07-12,2019-07-13T00:00:00Z,2.120000,-0.118000,2.238000
2019-07-16,2019-07-17T00:00:00Z,2.130000,-0.123000,2.253000
2019-07-17,2019-07-18T00:00:00Z,2.060000,-0.128000,2.188000
2019-07-18,2019-07-19T00:00:00Z,2.040000,-0.138000,2.178000
2019-07-19,2019-07-20T00:00:00Z,2.050000,-0.138000,2.188000
2019-07-22,2019-07-23T00:00:00Z,2.050000,-0.138000,2.188000
2019-07-23,2019-07-24T00:00:00Z,2.080000,-0.148000,2.228000
2019-07-24,2019-07-25T00:00:00Z,2.050000,-0.148000,2.198000
2019-07-25,2019-07-26T00:00:00Z,2.080000,-0.153000,2.233000
2019-07-26,2019-07-27T00:00:00Z,2.080000,-0.153000,2.233000
2019-07-29,2019-07-30T00:00:00Z,2.060000,-0.148000,2.208000
2019-07-30,2019-07-31T00:00:00Z,2.060000,-0.153000,2.213000
2019-07-31,2019-08-01T00:00:00Z,2.020000,-0.157000,2.177000
2019-08-01,2019-08-02T00:00:00Z,1.900000,-0.131000,2.031000
2019-08-02,2019-08-03T00:00:00Z,1.860000,-0.167000,2.027000
2019-08-05,2019-08-06T00:00:00Z,1.750000,-0.197000,1.947000
2019-08-06,2019-08-07T00:00:00Z,1.730000,-0.181000,1.911000
2019-08-07,2019-08-08T00:00:00Z,1.710000,-0.198000,1.908000
2019-08-08,2019-08-09T00:00:00Z,1.720000,-0.191000,1.911000
2019-08-09,2019-08-10T00:00:00Z,1.740000,-0.220000,1.960000
2019-08-13,2019-08-14T00:00:00Z,1.680000,-0.237000,1.917000
2019-08-14,2019-08-15T00:00:00Z,1.590000,-0.221000,1.811000
2019-08-15,2019-08-16T00:00:00Z,1.520000,-0.238000,1.758000
2019-08-16,2019-08-17T00:00:00Z,1.550000,-0.236000,1.786000
2019-08-19,2019-08-20T00:00:00Z,1.600000,-0.231000,1.831000
2019-08-20,2019-08-21T00:00:00Z,1.550000,-0.236000,1.786000
2019-08-21,2019-08-22T00:00:00Z,1.590000,-0.241000,1.831000
2019-08-22,2019-08-23T00:00:00Z,1.620000,-0.241000,1.861000
2019-08-23,2019-08-24T00:00:00Z,1.520000,-0.235000,1.755000
2019-08-26,2019-08-27T00:00:00Z,1.540000,-0.276000,1.816000
2019-08-27,2019-08-28T00:00:00Z,1.490000,-0.265000,1.755000
2019-08-28,2019-08-29T00:00:00Z,1.470000,-0.271000,1.741000
2019-08-29,2019-08-30T00:00:00Z,1.500000,-0.286000,1.786000
2019-08-30,2019-08-31T00:00:00Z,1.500000,-0.275000,1.775000
2019-09-03,2019-09-04T00:00:00Z,1.470000,-0.274000,1.744000
2019-09-04,2019-09-05T00:00:00Z,1.470000,-0.286000,1.756000
2019-09-05,2019-09-06T00:00:00Z,1.570000,-0.269000,1.839000
2019-09-06,2019-09-07T00:00:00Z,1.550000,-0.243000,1.793000
2019-09-09,2019-09-10T00:00:00Z,1.630000,-0.253000,1.883000
2019-09-10,2019-09-11T00:00:00Z,1.720000,-0.221000,1.941000
2019-09-11,2019-09-12T00:00:00Z,1.750000,-0.201000,1.951000
2019-09-12,2019-09-13T00:00:00Z,1.790000,-0.207000,1.997000
2019-09-13,2019-09-14T00:00:00Z,1.900000,-0.150000,2.050000
2019-09-17,2019-09-18T00:00:00Z,1.810000,-0.145000,1.955000
2019-09-18,2019-09-19T00:00:00Z,1.800000,-0.178000,1.978000
2019-09-19,2019-09-20T00:00:00Z,1.790000,-0.220000,2.010000
2019-09-20,2019-09-21T00:00:00Z,1.740000,-0.209000,1.949000
2019-09-24,2019-09-25T00:00:00Z,1.640000,-0.231000,1.871000
2019-09-25,2019-09-26T00:00:00Z,1.730000,-0.246000,1.976000
2019-09-26,2019-09-27T00:00:00Z,1.700000,-0.236000,1.936000
2019-09-27,2019-09-28T00:00:00Z,1.690000,-0.224000,1.914000
2019-09-30,2019-10-01T00:00:00Z,1.680000,-0.206000,1.886000
2019-10-01,2019-10-02T00:00:00Z,1.650000,-0.139000,1.789000
2019-10-02,2019-10-03T00:00:00Z,1.600000,-0.169000,1.769000
2019-10-03,2019-10-04T00:00:00Z,1.540000,-0.194000,1.734000
2019-10-04,2019-10-05T00:00:00Z,1.520000,-0.215000,1.735000
2019-10-07,2019-10-08T00:00:00Z,1.560000,-0.230000,1.790000
2019-10-08,2019-10-09T00:00:00Z,1.540000,-0.203000,1.743000
2019-10-09,2019-10-10T00:00:00Z,1.590000,-0.208000,1.798000
2019-10-10,2019-10-11T00:00:00Z,1.670000,-0.214000,1.884000
2019-10-11,2019-10-12T00:00:00Z,1.760000,-0.183000,1.943000
2019-10-15,2019-10-16T00:00:00Z,1.770000,-0.171000,1.941000
2019-10-16,2019-10-17T00:00:00Z,1.750000,-0.162000,1.912000
2019-10-17,2019-10-18T00:00:00Z,1.760000,-0.157000,1.917000
2019-10-18,2019-10-19T00:00:00Z,1.760000,-0.151000,1.911000
2019-10-21,2019-10-22T00:00:00Z,1.800000,-0.136000,1.936000
2019-10-23,2019-10-24T00:00:00Z,1.770000,-0.138000,1.908000
2019-10-24,2019-10-25T00:00:00Z,1.770000,-0.145000,1.915000
2019-10-25,2019-10-26T00:00:00Z,1.800000,-0.145000,1.945000
2019-10-28,2019-10-29T00:00:00Z,1.850000,-0.129000,1.979000
2019-10-29,2019-10-30T00:00:00Z,1.840000,-0.108000,1.948000
2019-10-30,2019-10-31T00:00:00Z,1.780000,-0.120000,1.900000
2019-10-31,2019-11-01T00:00:00Z,1.690000,-0.139000,1.829000
2019-11-01,2019-11-02T00:00:00Z,1.730000,-0.179000,1.909000
2019-11-05,2019-11-06T00:00:00Z,1.860000,-0.133000,1.993000
2019-11-06,2019-11-07T00:00:00Z,1.810000,-0.083000,1.893000
2019-11-07,2019-11-08T00:00:00Z,1.920000,-0.083000,2.003000
2019-11-08,2019-11-09T00:00:00Z,1.940000,-0.058000,1.998000
2019-11-12,2019-11-13T00:00:00Z,1.920000,-0.032000,1.952000
2019-11-13,2019-11-14T00:00:00Z,1.880000,-0.043000,1.923000
2019-11-14,2019-11-15T00:00:00Z,1.820000,-0.067000,1.887000
2019-11-15,2019-11-16T00:00:00Z,1.840000,-0.066000,1.906000
2019-11-18,2019-11-19T00:00:00Z,1.810000,-0.082000,1.892000
2019-11-19,2019-11-20T00:00:00Z,1.790000,-0.087000,1.877000
2019-11-20,2019-11-21T00:00:00Z,1.730000,-0.106000,1.836000
2019-11-21,2019-11-22T00:00:00Z,1.770000,-0.107000,1.877000
2019-11-22,2019-11-23T00:00:00Z,1.770000,-0.077000,1.847000
2019-11-25,2019-11-26T00:00:00Z,1.760000,-0.081000,1.841000
2019-11-26,2019-11-27T00:00:00Z,1.740000,-0.092000,1.832000
2019-11-27,2019-11-28T00:00:00Z,1.770000,-0.106000,1.876000
2019-11-29,2019-11-30T00:00:00Z,1.780000,-0.075000,1.855000
2019-12-02,2019-12-03T00:00:00Z,1.830000,-0.039000,1.869000
2019-12-03,2019-12-04T00:00:00Z,1.720000,-0.014000,1.734000
2019-12-04,2019-12-05T00:00:00Z,1.770000,-0.029000,1.799000
2019-12-05,2019-12-06T00:00:00Z,1.800000,-0.035000,1.835000
2019-12-06,2019-12-07T00:00:00Z,1.840000,-0.009000,1.849000
2019-12-09,2019-12-10T00:00:00Z,1.830000,0.001000,1.829000
2019-12-10,2019-12-11T00:00:00Z,1.850000,-0.016000,1.866000
2019-12-11,2019-12-12T00:00:00Z,1.790000,0.004000,1.786000
2019-12-12,2019-12-13T00:00:00Z,1.900000,-0.015000,1.915000
2019-12-13,2019-12-14T00:00:00Z,1.820000,-0.014000,1.834000
2019-12-16,2019-12-17T00:00:00Z,1.890000,-0.019000,1.909000
2019-12-17,2019-12-18T00:00:00Z,1.890000,-0.004000,1.894000
2019-12-18,2019-12-19T00:00:00Z,1.920000,-0.009000,1.929000
2019-12-19,2019-12-20T00:00:00Z,1.920000,0.000000,1.920000
2019-12-20,2019-12-21T00:00:00Z,1.920000,0.014000,1.906000
2019-12-23,2019-12-24T00:00:00Z,1.930000,0.008000,1.922000
2019-12-24,2019-12-25T00:00:00Z,1.900000,0.008000,1.892000
2019-12-26,2019-12-27T00:00:00Z,1.900000,-0.012000,1.912000
2019-12-27,2019-12-28T00:00:00Z,1.880000,-0.007000,1.887000
2019-12-30,2019-12-31T00:00:00Z,1.900000,-0.015000,1.915000
2020-01-06,2020-01-07T00:00:00Z,1.810000,-0.025000,1.835000
2020-01-07,2020-01-08T00:00:00Z,1.830000,-0.008000,1.838000
2020-01-08,2020-01-09T00:00:00Z,1.870000,-0.013000,1.883000
2020-01-09,2020-01-10T00:00:00Z,1.850000,-0.003000,1.853000
2020-01-10,2020-01-11T00:00:00Z,1.830000,-0.003000,1.833000
2020-01-14,2020-01-15T00:00:00Z,1.820000,0.012000,1.808000
2020-01-15,2020-01-16T00:00:00Z,1.790000,0.008000,1.782000
2020-01-16,2020-01-17T00:00:00Z,1.810000,0.008000,1.802000
2020-01-17,2020-01-18T00:00:00Z,1.840000,-0.002000,1.842000
2020-01-21,2020-01-22T00:00:00Z,1.780000,-0.007000,1.787000
2020-01-22,2020-01-23T00:00:00Z,1.770000,-0.002000,1.772000
2020-01-23,2020-01-24T00:00:00Z,1.740000,-0.023000,1.763000
2020-01-24,2020-01-25T00:00:00Z,1.700000,-0.022000,1.722000
2020-01-27,2020-01-28T00:00:00Z,1.610000,-0.047000,1.657000
2020-01-28,2020-01-29T00:00:00Z,1.650000,-0.037000,1.687000
2020-01-29,2020-01-30T00:00:00Z,1.600000,-0.037000,1.637000
2020-01-30,2020-01-31T00:00:00Z,1.570000,-0.056000,1.626000
2020-01-31,2020-02-01T00:00:00Z,1.510000,-0.061000,1.571000
2020-02-03,2020-02-04T00:00:00Z,1.540000,-0.060000,1.600000
2020-02-04,2020-02-05T00:00:00Z,1.610000,-0.049000,1.659000
2020-02-05,2020-02-06T00:00:00Z,1.660000,-0.033000,1.693000
2020-02-06,2020-02-07T00:00:00Z,1.650000,-0.014000,1.664000
2020-02-07,2020-02-08T00:00:00Z,1.590000,-0.035000,1.625000
2020-02-10,2020-02-11T00:00:00Z,1.560000,-0.055000,1.615000
2020-02-12,2020-02-13T00:00:00Z,1.620000,-0.040000,1.660000
2020-02-13,2020-02-14T00:00:00Z,1.610000,-0.029000,1.639000
2020-02-14,2020-02-15T00:00:00Z,1.590000,-0.030000,1.620000
2020-02-18,2020-02-19T00:00:00Z,1.550000,-0.049000,1.599000
2020-02-19,2020-02-20T00:00:00Z,1.560000,-0.043000,1.603000
2020-02-20,2020-02-21T00:00:00Z,1.520000,-0.039000,1.559000
2020-02-21,2020-02-22T00:00:00Z,1.460000,-0.060000,1.520000
2020-02-25,2020-02-26T00:00:00Z,1.330000,-0.098000,1.428000
2020-02-26,2020-02-27T00:00:00Z,1.330000,-0.088000,1.418000
2020-02-27,2020-02-28T00:00:00Z,1.300000,-0.102000,1.402000
2020-02-28,2020-02-29T00:00:00Z,1.130000,-0.153000,1.283000
2020-03-02,2020-03-03T00:00:00Z,1.100000,-0.133000,1.233000
2020-03-03,2020-03-04T00:00:00Z,1.020000,-0.106000,1.126000
2020-03-04,2020-03-05T00:00:00Z,1.020000,-0.136000,1.156000
2020-03-05,2020-03-06T00:00:00Z,0.920000,-0.104000,1.024000
2020-03-06,2020-03-07T00:00:00Z,0.740000,-0.128000,0.868000
2020-03-09,2020-03-10T00:00:00Z,0.540000,-0.141000,0.681000
2020-03-10,2020-03-11T00:00:00Z,0.760000,-0.033000,0.793000
2020-03-11,2020-03-12T00:00:00Z,0.820000,-0.057000,0.877000
2020-03-12,2020-03-13T00:00:00Z,0.880000,-0.046000,0.926000
2020-03-13,2020-03-14T00:00:00Z,0.940000,0.007000,0.933000
2020-03-16,2020-03-17T00:00:00Z,0.730000,0.024000,0.706000
2020-03-17,2020-03-18T00:00:00Z,1.020000,0.020000,1.000000
2020-03-18,2020-03-19T00:00:00Z,1.180000,0.064000,1.116000
2020-03-19,2020-03-20T00:00:00Z,1.120000,0.104000,1.016000
2020-03-23,2020-03-24T00:00:00Z,0.760000,0.078000,0.682000
2020-03-24,2020-03-25T00:00:00Z,0.840000,0.049000,0.791000
2020-03-25,2020-03-26T00:00:00Z,0.880000,0.048000,0.832000
2020-03-26,2020-03-27T00:00:00Z,0.830000,0.019000,0.811000
2020-03-27,2020-03-28T00:00:00Z,0.720000,0.024000,0.696000
2020-03-30,2020-03-31T00:00:00Z,0.700000,0.021000,0.679000
2020-03-31,2020-04-01T00:00:00Z,0.700000,0.031000,0.669000
2020-04-01,2020-04-02T00:00:00Z,0.620000,0.018000,0.602000
2020-04-02,2020-04-03T00:00:00Z,0.630000,-0.002000,0.632000
2020-04-03,2020-04-04T00:00:00Z,0.620000,-0.011000,0.631000
2020-04-06,2020-04-07T00:00:00Z,0.670000,0.003000,0.667000
2020-04-07,2020-04-08T00:00:00Z,0.750000,0.004000,0.746000
2020-04-08,2020-04-09T00:00:00Z,0.770000,0.013000,0.757000
2020-04-09,2020-04-10T00:00:00Z,0.730000,0.012000,0.718000
2020-04-13,2020-04-14T00:00:00Z,0.760000,0.004000,0.756000
2020-04-14,2020-04-15T00:00:00Z,0.760000,0.013000,0.747000
2020-04-15,2020-04-16T00:00:00Z,0.630000,0.019000,0.611000
2020-04-16,2020-04-17T00:00:00Z,0.610000,0.003000,0.607000
2020-04-17,2020-04-18T00:00:00Z,0.650000,0.013000,0.637000
2020-04-20,2020-04-21T00:00:00Z,0.630000,0.014000,0.616000
2020-04-21,2020-04-22T00:00:00Z,0.580000,0.018000,0.562000
2020-04-22,2020-04-23T00:00:00Z,0.630000,-0.006000,0.636000
2020-04-23,2020-04-24T00:00:00Z,0.610000,-0.006000,0.616000
2020-04-24,2020-04-25T00:00:00Z,0.600000,-0.020000,0.620000
2020-04-27,2020-04-28T00:00:00Z,0.670000,-0.034000,0.704000
2020-04-28,2020-04-29T00:00:00Z,0.620000,-0.045000,0.665000
2020-04-30,2020-05-01T00:00:00Z,0.640000,-0.036000,0.676000
2020-05-01,2020-05-02T00:00:00Z,0.640000,-0.024000,0.664000
2020-05-07,2020-05-08T00:00:00Z,0.630000,0.002000,0.628000
2020-05-08,2020-05-09T00:00:00Z,0.690000,0.002000,0.688000
2020-05-11,2020-05-12T00:00:00Z,0.730000,0.013000,0.717000
2020-05-12,2020-05-13T00:00:00Z,0.690000,-0.003000,0.693000
2020-05-13,2020-05-14T00:00:00Z,0.640000,0.003000,0.637000
2020-05-14,2020-05-15T00:00:00Z,0.630000,-0.003000,0.633000
2020-05-15,2020-05-16T00:00:00Z,0.640000,0.001000,0.639000
2020-05-18,2020-05-19T00:00:00Z,0.730000,-0.007000,0.737000
2020-05-19,2020-05-20T00:00:00Z,0.700000,0.008000,0.692000
2020-05-20,2020-05-21T00:00:00Z,0.680000,0.009000,0.671000
2020-05-21,2020-05-22T00:00:00Z,0.680000,0.004000,0.676000
2020-05-22,2020-05-23T00:00:00Z,0.660000,-0.001000,0.661000
2020-05-26,2020-05-27T00:00:00Z,0.690000,0.010000,0.680000
2020-05-27,2020-05-28T00:00:00Z,0.680000,0.007000,0.673000
2020-05-28,2020-05-29T00:00:00Z,0.700000,0.005000,0.695000
2020-05-29,2020-05-30T00:00:00Z,0.650000,0.009000,0.641000
2020-06-01,2020-06-02T00:00:00Z,0.660000,0.014000,0.646000
2020-06-02,2020-06-03T00:00:00Z,0.680000,0.013000,0.667000
2020-06-03,2020-06-04T00:00:00Z,0.770000,0.018000,0.752000
2020-06-04,2020-06-05T00:00:00Z,0.820000,0.034000,0.786000
2020-06-05,2020-06-06T00:00:00Z,0.910000,0.049000,0.861000
2020-06-08,2020-06-09T00:00:00Z,0.880000,0.050000,0.830000
2020-06-09,2020-06-10T00:00:00Z,0.840000,0.025000,0.815000
2020-06-10,2020-06-11T00:00:00Z,0.750000,0.031000,0.719000
2020-06-11,2020-06-12T00:00:00Z,0.660000,0.017000,0.643000
2020-06-12,2020-06-13T00:00:00Z,0.710000,0.021000,0.689000
2020-06-15,2020-06-16T00:00:00Z,0.710000,0.011000,0.699000
2020-06-16,2020-06-17T00:00:00Z,0.750000,0.028000,0.722000
2020-06-17,2020-06-18T00:00:00Z,0.740000,0.027000,0.713000
2020-06-18,2020-06-19T00:00:00Z,0.710000,0.022000,0.688000
2020-06-19,2020-06-20T00:00:00Z,0.700000,0.022000,0.678000
2020-06-22,2020-06-23T00:00:00Z,0.710000,0.020000,0.690000
2020-06-23,2020-06-24T00:00:00Z,0.720000,0.020000,0.700000
2020-06-24,2020-06-25T00:00:00Z,0.690000,0.025000,0.665000
2020-06-25,2020-06-26T00:00:00Z,0.680000,0.025000,0.655000
2020-06-26,2020-06-27T00:00:00Z,0.640000,0.020000,0.620000
2020-06-29,2020-06-30T00:00:00Z,0.640000,0.025000,0.615000
2020-06-30,2020-07-01T00:00:00Z,0.660000,0.042000,0.618000
2020-07-01,2020-07-02T00:00:00Z,0.690000,0.062000,0.628000
2020-07-02,2020-07-03T00:00:00Z,0.680000,0.042000,0.638000
2020-07-06,2020-07-07T00:00:00Z,0.690000,0.043000,0.647000
2020-07-07,2020-07-08T00:00:00Z,0.650000,0.036000,0.614000
2020-07-08,2020-07-09T00:00:00Z,0.670000,0.018000,0.652000
2020-07-09,2020-07-10T00:00:00Z,0.620000,0.018000,0.602000
2020-07-10,2020-07-11T00:00:00Z,0.650000,0.018000,0.632000
2020-07-13,2020-07-14T00:00:00Z,0.640000,0.029000,0.611000
2020-07-14,2020-07-15T00:00:00Z,0.630000,0.024000,0.606000
2020-07-15,2020-07-16T00:00:00Z,0.640000,0.024000,0.616000
2020-07-16,2020-07-17T00:00:00Z,0.620000,0.014000,0.606000
2020-07-17,2020-07-18T00:00:00Z,0.640000,0.014000,0.626000
2020-07-20,2020-07-21T00:00:00Z,0.620000,0.025000,0.595000
2020-07-21,2020-07-22T00:00:00Z,0.610000,0.016000,0.594000
2020-07-22,2020-07-23T00:00:00Z,0.600000,0.016000,0.584000
2020-07-27,2020-07-28T00:00:00Z,0.620000,0.021000,0.599000
2020-07-28,2020-07-29T00:00:00Z,0.590000,0.027000,0.563000
2020-07-29,2020-07-30T00:00:00Z,0.580000,0.023000,0.557000
2020-07-30,2020-07-31T00:00:00Z,0.550000,0.023000,0.527000
2020-07-31,2020-08-01T00:00:00Z,0.550000,0.018000,0.532000
2020-08-03,2020-08-04T00:00:00Z,0.560000,0.029000,0.531000
2020-08-04,2020-08-05T00:00:00Z,0.520000,0.019000,0.501000
2020-08-05,2020-08-06T00:00:00Z,0.550000,0.014000,0.536000
2020-08-06,2020-08-07T00:00:00Z,0.550000,0.024000,0.526000
2020-08-07,2020-08-08T00:00:00Z,0.570000,0.014000,0.556000
2020-08-11,2020-08-12T00:00:00Z,0.640000,0.034000,0.606000
2020-08-12,2020-08-13T00:00:00Z,0.690000,0.048000,0.642000
2020-08-13,2020-08-14T00:00:00Z,0.710000,0.040000,0.670000
2020-08-14,2020-08-15T00:00:00Z,0.710000,0.054000,0.656000
2020-08-17,2020-08-18T00:00:00Z,0.690000,0.050000,0.640000
2020-08-18,2020-08-19T00:00:00Z,0.670000,0.044000,0.626000
2020-08-19,2020-08-20T00:00:00Z,0.680000,0.034000,0.646000
2020-08-20,2020-08-21T00:00:00Z,0.650000,0.034000,0.616000
2020-08-21,2020-08-22T00:00:00Z,0.640000,0.039000,0.601000
2020-08-24,2020-08-25T00:00:00Z,0.650000,0.030000,0.620000
2020-08-25,2020-08-26T00:00:00Z,0.690000,0.038000,0.652000
2020-08-26,2020-08-27T00:00:00Z,0.690000,0.050000,0.640000
2020-08-27,2020-08-28T00:00:00Z,0.740000,0.050000,0.690000
2020-08-28,2020-08-29T00:00:00Z,0.740000,0.065000,0.675000
2020-08-31,2020-09-01T00:00:00Z,0.720000,0.056000,0.664000
2020-09-01,2020-09-02T00:00:00Z,0.680000,0.051000,0.629000
2020-09-02,2020-09-03T00:00:00Z,0.660000,0.050000,0.610000
2020-09-03,2020-09-04T00:00:00Z,0.630000,0.040000,0.590000
2020-09-04,2020-09-05T00:00:00Z,0.720000,0.045000,0.675000
2020-09-08,2020-09-09T00:00:00Z,0.690000,0.045000,0.645000
2020-09-09,2020-09-10T00:00:00Z,0.710000,0.034000,0.676000
2020-09-10,2020-09-11T00:00:00Z,0.680000,0.033000,0.647000
2020-09-11,2020-09-12T00:00:00Z,0.670000,0.029000,0.641000
2020-09-14,2020-09-15T00:00:00Z,0.680000,0.027000,0.653000
2020-09-15,2020-09-16T00:00:00Z,0.680000,0.027000,0.653000
2020-09-16,2020-09-17T00:00:00Z,0.690000,0.028000,0.662000
2020-09-17,2020-09-18T00:00:00Z,0.690000,0.022000,0.668000
2020-09-18,2020-09-19T00:00:00Z,0.700000,0.023000,0.677000
2020-09-23,2020-09-24T00:00:00Z,0.680000,0.020000,0.660000
2020-09-24,2020-09-25T00:00:00Z,0.670000,0.019000,0.651000
2020-09-25,2020-09-26T00:00:00Z,0.660000,0.020000,0.640000
2020-09-28,2020-09-29T00:00:00Z,0.670000,0.036000,0.634000
2020-09-29,2020-09-30T00:00:00Z,0.660000,0.031000,0.629000
2020-09-30,2020-10-01T00:00:00Z,0.690000,0.027000,0.663000
2020-10-01,2020-10-02T00:00:00Z,0.680000,0.022000,0.658000
2020-10-02,2020-10-03T00:00:00Z,0.700000,0.017000,0.683000
2020-10-05,2020-10-06T00:00:00Z,0.780000,0.023000,0.757000
2020-10-06,2020-10-07T00:00:00Z,0.760000,0.033000,0.727000
2020-10-07,2020-10-08T00:00:00Z,0.810000,0.038000,0.772000
2020-10-08,2020-10-09T00:00:00Z,0.780000,0.037000,0.743000
2020-10-09,2020-10-10T00:00:00Z,0.790000,0.032000,0.758000
2020-10-13,2020-10-14T00:00:00Z,0.740000,0.028000,0.712000
2020-10-14,2020-10-15T00:00:00Z,0.730000,0.030000,0.700000
2020-10-15,2020-10-16T00:00:00Z,0.740000,0.023000,0.717000
2020-10-16,2020-10-17T00:00:00Z,0.760000,0.024000,0.736000
2020-10-19,2020-10-20T00:00:00Z,0.780000,0.025000,0.755000
2020-10-20,2020-10-21T00:00:00Z,0.810000,0.024000,0.786000
2020-10-21,2020-10-22T00:00:00Z,0.830000,0.034000,0.796000
2020-10-22,2020-10-23T00:00:00Z,0.870000,0.034000,0.836000
2020-10-23,2020-10-24T00:00:00Z,0.850000,0.040000,0.810000
2020-10-26,2020-10-27T00:00:00Z,0.810000,0.035000,0.775000
2020-10-27,2020-10-28T00:00:00Z,0.790000,0.030000,0.760000
2020-10-28,2020-10-29T00:00:00Z,0.790000,0.025000,0.765000
2020-10-29,2020-10-30T00:00:00Z,0.850000,0.031000,0.819000
2020-10-30,2020-10-31T00:00:00Z,0.880000,0.041000,0.839000
2020-11-02,2020-11-03T00:00:00Z,0.870000,0.046000,0.824000
2020-11-04,2020-11-05T00:00:00Z,0.780000,0.042000,0.738000
2020-11-05,2020-11-06T00:00:00Z,0.790000,0.023000,0.767000
2020-11-06,2020-11-07T00:00:00Z,0.830000,0.022000,0.808000
2020-11-09,2020-11-10T00:00:00Z,0.960000,0.022000,0.938000
2020-11-10,2020-11-11T00:00:00Z,0.980000,0.038000,0.942000
2020-11-12,2020-11-13T00:00:00Z,0.880000,0.033000,0.847000
2020-11-13,2020-11-14T00:00:00Z,0.890000,0.027000,0.863000
2020-11-16,2020-11-17T00:00:00Z,0.910000,0.027000,0.883000
2020-11-17,2020-11-18T00:00:00Z,0.870000,0.027000,0.843000
2020-11-18,2020-11-19T00:00:00Z,0.880000,0.023000,0.857000
2020-11-19,2020-11-20T00:00:00Z,0.860000,0.017000,0.843000
2020-11-20,2020-11-21T00:00:00Z,0.830000,0.018000,0.812000
2020-11-24,2020-11-25T00:00:00Z,0.880000,0.028000,0.852000
2020-11-25,2020-11-26T00:00:00Z,0.880000,0.023000,0.857000
2020-11-27,2020-11-28T00:00:00Z,0.840000,0.035000,0.805000
2020-11-30,2020-12-01T00:00:00Z,0.840000,0.034000,0.806000
2020-12-01,2020-12-02T00:00:00Z,0.920000,0.025000,0.895000
2020-12-02,2020-12-03T00:00:00Z,0.950000,0.029000,0.921000
2020-12-03,2020-12-04T00:00:00Z,0.920000,0.028000,0.892000
2020-12-04,2020-12-05T00:00:00Z,0.970000,0.029000,0.941000
2020-12-07,2020-12-08T00:00:00Z,0.940000,0.029000,0.911000
2020-12-08,2020-12-09T00:00:00Z,0.920000,0.023000,0.897000
2020-12-09,2020-12-10T00:00:00Z,0.950000,0.026000,0.924000
2020-12-10,2020-12-11T00:00:00Z,0.920000,0.022000,0.898000
2020-12-11,2020-12-12T00:00:00Z,0.900000,0.022000,0.878000
2020-12-14,2020-12-15T00:00:00Z,0.900000,0.023000,0.877000
2020-12-15,2020-12-16T00:00:00Z,0.920000,0.012000,0.908000
2020-12-16,2020-12-17T00:00:00Z,0.920000,0.017000,0.903000
2020-12-17,2020-12-18T00:00:00Z,0.940000,0.016000,0.924000
2020-12-18,2020-12-19T00:00:00Z,0.950000,0.017000,0.933000
2020-12-21,2020-12-22T00:00:00Z,0.950000,0.022000,0.928000
2020-12-22,2020-12-23T00:00:00Z,0.930000,0.016000,0.914000
2020-12-23,2020-12-24T00:00:00Z,0.960000,0.017000,0.943000
2020-12-24,2020-12-25T00:00:00Z,0.940000,0.028000,0.912000
2020-12-28,2020-12-29T00:00:00Z,0.940000,0.028000,0.912000
2020-12-29,2020-12-30T00:00:00Z,0.940000,0.035000,0.905000
2020-12-30,2020-12-31T00:00:00Z,0.930000,0.035000,0.895000
2021-01-04,2021-01-05T00:00:00Z,0.930000,0.033000,0.897000
2021-01-05,2021-01-06T00:00:00Z,0.960000,0.021000,0.939000
2021-01-06,2021-01-07T00:00:00Z,1.040000,0.027000,1.013000
2021-01-07,2021-01-08T00:00:00Z,1.080000,0.037000,1.043000
2021-01-08,2021-01-09T00:00:00Z,1.130000,0.038000,1.092000
2021-01-12,2021-01-13T00:00:00Z,1.150000,0.033000,1.117000
2021-01-13,2021-01-14T00:00:00Z,1.100000,0.028000,1.072000
2021-01-14,2021-01-15T00:00:00Z,1.150000,0.033000,1.117000
2021-01-15,2021-01-16T00:00:00Z,1.110000,0.033000,1.077000
2021-01-19,2021-01-20T00:00:00Z,1.100000,0.044000,1.056000
2021-01-20,2021-01-21T00:00:00Z,1.100000,0.040000,1.060000
2021-01-21,2021-01-22T00:00:00Z,1.120000,0.034000,1.086000
2021-01-22,2021-01-23T00:00:00Z,1.100000,0.040000,1.060000
2021-01-25,2021-01-26T00:00:00Z,1.050000,0.040000,1.010000
2021-01-26,2021-01-27T00:00:00Z,1.050000,0.035000,1.015000
2021-01-27,2021-01-28T00:00:00Z,1.040000,0.041000,0.999000
2021-01-28,2021-01-29T00:00:00Z,1.070000,0.041000,1.029000
2021-01-29,2021-01-30T00:00:00Z,1.110000,0.056000,1.054000
2021-02-01,2021-02-02T00:00:00Z,1.090000,0.061000,1.029000
2021-02-02,2021-02-03T00:00:00Z,1.120000,0.057000,1.063000
2021-02-03,2021-02-04T00:00:00Z,1.150000,0.062000,1.088000
2021-02-04,2021-02-05T00:00:00Z,1.150000,0.061000,1.089000
2021-02-05,2021-02-06T00:00:00Z,1.190000,0.061000,1.129000
2021-02-08,2021-02-09T00:00:00Z,1.190000,0.071000,1.119000
2021-02-09,2021-02-10T00:00:00Z,1.180000,0.072000,1.108000
2021-02-10,2021-02-11T00:00:00Z,1.150000,0.082000,1.068000
2021-02-12,2021-02-13T00:00:00Z,1.200000,0.067000,1.133000
2021-02-16,2021-02-17T00:00:00Z,1.300000,0.083000,1.217000
2021-02-17,2021-02-18T00:00:00Z,1.290000,0.104000,1.186000
2021-02-18,2021-02-19T00:00:00Z,1.290000,0.099000,1.191000
2021-02-19,2021-02-20T00:00:00Z,1.340000,0.108000,1.232000
2021-02-22,2021-02-23T00:00:00Z,1.370000,0.124000,1.246000
2021-02-24,2021-02-25T00:00:00Z,1.380000,0.125000,1.255000
2021-02-25,2021-02-26T00:00:00Z,1.540000,0.149000,1.391000
2021-02-26,2021-02-27T00:00:00Z,1.440000,0.168000,1.272000
2021-03-01,2021-03-02T00:00:00Z,1.450000,0.160000,1.290000
2021-03-02,2021-03-03T00:00:00Z,1.420000,0.135000,1.285000
2021-03-03,2021-03-04T00:00:00Z,1.470000,0.123000,1.347000
2021-03-04,2021-03-05T00:00:00Z,1.540000,0.143000,1.397000
2021-03-05,2021-03-06T00:00:00Z,1.560000,0.095000,1.465000
2021-03-08,2021-03-09T00:00:00Z,1.590000,0.120000,1.470000
2021-03-09,2021-03-10T00:00:00Z,1.550000,0.137000,1.413000
2021-03-10,2021-03-11T00:00:00Z,1.530000,0.131000,1.399000
2021-03-11,2021-03-12T00:00:00Z,1.540000,0.110000,1.430000
2021-03-12,2021-03-13T00:00:00Z,1.640000,0.121000,1.519000
2021-03-15,2021-03-16T00:00:00Z,1.620000,0.116000,1.504000
2021-03-16,2021-03-17T00:00:00Z,1.620000,0.107000,1.513000
2021-03-17,2021-03-18T00:00:00Z,1.630000,0.102000,1.528000
2021-03-18,2021-03-19T00:00:00Z,1.710000,0.111000,1.599000
2021-03-19,2021-03-20T00:00:00Z,1.740000,0.123000,1.617000
2021-03-22,2021-03-23T00:00:00Z,1.690000,0.088000,1.602000
2021-03-23,2021-03-24T00:00:00Z,1.630000,0.088000,1.542000
2021-03-24,2021-03-25T00:00:00Z,1.620000,0.078000,1.542000
2021-03-25,2021-03-26T00:00:00Z,1.630000,0.092000,1.538000
2021-03-26,2021-03-27T00:00:00Z,1.670000,0.088000,1.582000
2021-03-29,2021-03-30T00:00:00Z,1.730000,0.079000,1.651000
2021-03-30,2021-03-31T00:00:00Z,1.730000,0.099000,1.631000
2021-03-31,2021-04-01T00:00:00Z,1.740000,0.104000,1.636000
2021-04-01,2021-04-02T00:00:00Z,1.690000,0.122000,1.568000
2021-04-02,2021-04-03T00:00:00Z,1.720000,0.117000,1.603000
2021-04-05,2021-04-06T00:00:00Z,1.730000,0.117000,1.613000
2021-04-06,2021-04-07T00:00:00Z,1.670000,0.107000,1.563000
2021-04-07,2021-04-08T00:00:00Z,1.680000,0.098000,1.582000
2021-04-08,2021-04-09T00:00:00Z,1.640000,0.099000,1.541000
2021-04-09,2021-04-10T00:00:00Z,1.670000,0.102000,1.568000
2021-04-12,2021-04-13T00:00:00Z,1.690000,0.108000,1.582000
2021-04-13,2021-04-14T00:00:00Z,1.640000,0.103000,1.537000
2021-04-14,2021-04-15T00:00:00Z,1.640000,0.089000,1.551000
2021-04-15,2021-04-16T00:00:00Z,1.560000,0.089000,1.471000
2021-04-16,2021-04-17T00:00:00Z,1.590000,0.089000,1.501000
2021-04-19,2021-04-20T00:00:00Z,1.610000,0.084000,1.526000
2021-04-20,2021-04-21T00:00:00Z,1.580000,0.084000,1.496000
2021-04-21,2021-04-22T00:00:00Z,1.570000,0.075000,1.495000
2021-04-22,2021-04-23T00:00:00Z,1.570000,0.070000,1.500000
2021-04-23,2021-04-24T00:00:00Z,1.580000,0.070000,1.510000
2021-04-26,2021-04-27T00:00:00Z,1.580000,0.075000,1.505000
2021-04-27,2021-04-28T00:00:00Z,1.630000,0.086000,1.544000
2021-04-28,2021-04-29T00:00:00Z,1.630000,0.095000,1.535000
2021-04-30,2021-05-01T00:00:00Z,1.650000,0.095000,1.555000
2021-05-06,2021-05-07T00:00:00Z,1.580000,0.091000,1.489000
2021-05-07,2021-05-08T00:00:00Z,1.600000,0.086000,1.514000
2021-05-10,2021-05-11T00:00:00Z,1.630000,0.087000,1.543000
2021-05-11,2021-05-12T00:00:00Z,1.640000,0.077000,1.563000
2021-05-12,2021-05-13T00:00:00Z,1.690000,0.082000,1.608000
2021-05-13,2021-05-14T00:00:00Z,1.660000,0.098000,1.562000
2021-05-14,2021-05-15T00:00:00Z,1.630000,0.087000,1.543000
2021-05-17,2021-05-18T00:00:00Z,1.640000,0.082000,1.558000
2021-05-18,2021-05-19T00:00:00Z,1.640000,0.082000,1.558000
2021-05-19,2021-05-20T00:00:00Z,1.680000,0.077000,1.603000
2021-05-20,2021-05-21T00:00:00Z,1.630000,0.088000,1.542000
2021-05-21,2021-05-22T00:00:00Z,1.630000,0.086000,1.544000
2021-05-24,2021-05-25T00:00:00Z,1.610000,0.083000,1.527000
2021-05-25,2021-05-26T00:00:00Z,1.560000,0.078000,1.482000
2021-05-26,2021-05-27T00:00:00Z,1.580000,0.077000,1.503000
2021-05-27,2021-05-28T00:00:00Z,1.610000,0.079000,1.531000
2021-05-28,2021-05-29T00:00:00Z,1.580000,0.089000,1.491000
2021-06-01,2021-06-02T00:00:00Z,1.620000,0.085000,1.535000
2021-06-02,2021-06-03T00:00:00Z,1.590000,0.084000,1.506000
2021-06-03,2021-06-04T00:00:00Z,1.630000,0.090000,1.540000
2021-06-04,2021-06-05T00:00:00Z,1.560000,0.092000,1.468000
2021-06-07,2021-06-08T00:00:00Z,1.570000,0.084000,1.486000
2021-06-08,2021-06-09T00:00:00Z,1.530000,0.080000,1.450000
2021-06-09,2021-06-10T00:00:00Z,1.500000,0.075000,1.425000
2021-06-10,2021-06-11T00:00:00Z,1.450000,0.056000,1.394000
2021-06-11,2021-06-12T00:00:00Z,1.470000,0.040000,1.430000
2021-06-14,2021-06-15T00:00:00Z,1.510000,0.045000,1.465000
2021-06-15,2021-06-16T00:00:00Z,1.510000,0.056000,1.454000
2021-06-16,2021-06-17T00:00:00Z,1.570000,0.056000,1.514000
2021-06-17,2021-06-18T00:00:00Z,1.520000,0.070000,1.450000
2021-06-18,2021-06-19T00:00:00Z,1.450000,0.066000,1.384000
2021-06-21,2021-06-22T00:00:00Z,1.500000,0.053000,1.447000
2021-06-22,2021-06-23T00:00:00Z,1.480000,0.063000,1.417000
2021-06-23,2021-06-24T00:00:00Z,1.500000,0.063000,1.437000
2021-06-24,2021-06-25T00:00:00Z,1.490000,0.064000,1.426000
2021-06-25,2021-06-26T00:00:00Z,1.540000,0.059000,1.481000
2021-06-28,2021-06-29T00:00:00Z,1.490000,0.070000,1.420000
2021-06-29,2021-06-30T00:00:00Z,1.490000,0.070000,1.420000
2021-06-30,2021-07-01T00:00:00Z,1.450000,0.070000,1.380000
2021-07-01,2021-07-02T00:00:00Z,1.480000,0.052000,1.428000
2021-07-02,2021-07-03T00:00:00Z,1.440000,0.042000,1.398000
2021-07-06,2021-07-07T00:00:00Z,1.370000,0.043000,1.327000
2021-07-07,2021-07-08T00:00:00Z,1.330000,0.033000,1.297000
2021-07-08,2021-07-09T00:00:00Z,1.300000,0.028000,1.272000
2021-07-09,2021-07-10T00:00:00Z,1.370000,0.029000,1.341000
2021-07-12,2021-07-13T00:00:00Z,1.380000,0.028000,1.352000
2021-07-13,2021-07-14T00:00:00Z,1.420000,0.023000,1.397000
2021-07-14,2021-07-15T00:00:00Z,1.370000,0.019000,1.351000
2021-07-15,2021-07-16T00:00:00Z,1.310000,0.014000,1.296000
2021-07-16,2021-07-17T00:00:00Z,1.310000,0.019000,1.291000
2021-07-19,2021-07-20T00:00:00Z,1.190000,0.018000,1.172000
2021-07-20,2021-07-21T00:00:00Z,1.230000,0.014000,1.216000
2021-07-21,2021-07-22T00:00:00Z,1.300000,0.015000,1.285000
2021-07-26,2021-07-27T00:00:00Z,1.290000,0.015000,1.275000
2021-07-27,2021-07-28T00:00:00Z,1.250000,0.020000,1.230000
2021-07-28,2021-07-29T00:00:00Z,1.260000,0.016000,1.244000
2021-07-29,2021-07-30T00:00:00Z,1.280000,0.022000,1.258000
2021-07-30,2021-07-31T00:00:00Z,1.240000,0.022000,1.218000
2021-08-02,2021-08-03T00:00:00Z,1.200000,0.022000,1.178000
2021-08-03,2021-08-04T00:00:00Z,1.190000,0.012000,1.178000
2021-08-04,2021-08-05T00:00:00Z,1.190000,0.007000,1.183000
2021-08-05,2021-08-06T00:00:00Z,1.230000,0.012000,1.218000
2021-08-06,2021-08-07T00:00:00Z,1.310000,0.017000,1.293000
2021-08-10,2021-08-11T00:00:00Z,1.360000,0.028000,1.332000
2021-08-11,2021-08-12T00:00:00Z,1.350000,0.044000,1.306000
2021-08-12,2021-08-13T00:00:00Z,1.360000,0.028000,1.332000
2021-08-13,2021-08-14T00:00:00Z,1.290000,0.029000,1.261000
2021-08-16,2021-08-17T00:00:00Z,1.260000,0.018000,1.242000
2021-08-17,2021-08-18T00:00:00Z,1.260000,0.012000,1.248000
2021-08-18,2021-08-19T00:00:00Z,1.270000,0.018000,1.252000
2021-08-19,2021-08-20T00:00:00Z,1.240000,0.018000,1.222000
2021-08-20,2021-08-21T00:00:00Z,1.260000,0.013000,1.247000
2021-08-23,2021-08-24T00:00:00Z,1.250000,0.025000,1.225000
2021-08-24,2021-08-25T00:00:00Z,1.290000,0.025000,1.265000
2021-08-25,2021-08-26T00:00:00Z,1.350000,0.026000,1.324000
2021-08-26,2021-08-27T00:00:00Z,1.340000,0.024000,1.316000
2021-08-27,2021-08-28T00:00:00Z,1.310000,0.029000,1.281000
2021-08-30,2021-08-31T00:00:00Z,1.290000,0.025000,1.265000
2021-08-31,2021-09-01T00:00:00Z,1.300000,0.030000,1.270000
2021-09-01,2021-09-02T00:00:00Z,1.310000,0.035000,1.275000
2021-09-02,2021-09-03T00:00:00Z,1.290000,0.040000,1.250000
2021-09-03,2021-09-04T00:00:00Z,1.330000,0.046000,1.284000
2021-09-07,2021-09-08T00:00:00Z,1.380000,0.046000,1.334000
2021-09-08,2021-09-09T00:00:00Z,1.350000,0.053000,1.297000
2021-09-09,2021-09-10T00:00:00Z,1.300000,0.047000,1.253000
2021-09-10,2021-09-11T00:00:00Z,1.350000,0.051000,1.299000
2021-09-13,2021-09-14T00:00:00Z,1.330000,0.051000,1.279000
2021-09-14,2021-09-15T00:00:00Z,1.280000,0.051000,1.229000
2021-09-15,2021-09-16T00:00:00Z,1.310000,0.041000,1.269000
2021-09-16,2021-09-17T00:00:00Z,1.340000,0.052000,1.288000
2021-09-17,2021-09-18T00:00:00Z,1.370000,0.057000,1.313000
2021-09-21,2021-09-22T00:00:00Z,1.330000,0.047000,1.283000
2021-09-22,2021-09-23T00:00:00Z,1.320000,0.044000,1.276000
2021-09-24,2021-09-25T00:00:00Z,1.470000,0.063000,1.407000
2021-09-27,2021-09-28T00:00:00Z,1.480000,0.063000,1.417000
2021-09-28,2021-09-29T00:00:00Z,1.540000,0.084000,1.456000
2021-09-29,2021-09-30T00:00:00Z,1.550000,0.080000,1.470000
2021-09-30,2021-10-01T00:00:00Z,1.520000,0.081000,1.439000
2021-10-01,2021-10-02T00:00:00Z,1.480000,0.064000,1.416000
2021-10-04,2021-10-05T00:00:00Z,1.490000,0.059000,1.431000
2021-10-05,2021-10-06T00:00:00Z,1.540000,0.062000,1.478000
2021-10-06,2021-10-07T00:00:00Z,1.530000,0.083000,1.447000
2021-10-07,2021-10-08T00:00:00Z,1.580000,0.073000,1.507000
2021-10-08,2021-10-09T00:00:00Z,1.610000,0.083000,1.527000
2021-10-12,2021-10-13T00:00:00Z,1.590000,0.093000,1.497000
2021-10-13,2021-10-14T00:00:00Z,1.560000,0.088000,1.472000
2021-10-14,2021-10-15T00:00:00Z,1.520000,0.084000,1.436000
2021-10-15,2021-10-16T00:00:00Z,1.590000,0.079000,1.511000
2021-10-18,2021-10-19T00:00:00Z,1.590000,0.094000,1.496000
2021-10-19,2021-10-20T00:00:00Z,1.650000,0.090000,1.560000
2021-10-20,2021-10-21T00:00:00Z,1.650000,0.095000,1.555000
2021-10-21,2021-10-22T00:00:00Z,1.680000,0.090000,1.590000
2021-10-22,2021-10-23T00:00:00Z,1.660000,0.095000,1.565000
2021-10-25,2021-10-26T00:00:00Z,1.640000,0.100000,1.540000
2021-10-26,2021-10-27T00:00:00Z,1.630000,0.104000,1.526000
2021-10-27,2021-10-28T00:00:00Z,1.540000,0.101000,1.439000
2021-10-28,2021-10-29T00:00:00Z,1.570000,0.091000,1.479000
2021-10-29,2021-10-30T00:00:00Z,1.550000,0.101000,1.449000
2021-11-01,2021-11-02T00:00:00Z,1.580000,0.097000,1.483000
2021-11-02,2021-11-03T00:00:00Z,1.560000,0.087000,1.473000
2021-11-04,2021-11-05T00:00:00Z,1.530000,0.081000,1.449000
2021-11-05,2021-11-06T00:00:00Z,1.450000,0.067000,1.383000
2021-11-08,2021-11-09T00:00:00Z,1.510000,0.062000,1.448000
2021-11-09,2021-11-10T00:00:00Z,1.460000,0.068000,1.392000
2021-11-10,2021-11-11T00:00:00Z,1.560000,0.062000,1.498000
2021-11-12,2021-11-13T00:00:00Z,1.580000,0.078000,1.502000
2021-11-15,2021-11-16T00:00:00Z,1.630000,0.072000,1.558000
2021-11-16,2021-11-17T00:00:00Z,1.630000,0.078000,1.552000
2021-11-17,2021-11-18T00:00:00Z,1.600000,0.079000,1.521000
2021-11-18,2021-11-19T00:00:00Z,1.590000,0.089000,1.501000
2021-11-19,2021-11-20T00:00:00Z,1.540000,0.083000,1.457000
2021-11-22,2021-11-23T00:00:00Z,1.630000,0.079000,1.551000
2021-11-24,2021-11-25T00:00:00Z,1.640000,0.091000,1.549000
2021-11-26,2021-11-27T00:00:00Z,1.480000,0.079000,1.401000
2021-11-29,2021-11-30T00:00:00Z,1.520000,0.081000,1.439000
2021-11-30,2021-12-01T00:00:00Z,1.430000,0.067000,1.363000
2021-12-01,2021-12-02T00:00:00Z,1.430000,0.072000,1.358000
2021-12-02,2021-12-03T00:00:00Z,1.440000,0.066000,1.374000
2021-12-03,2021-12-04T00:00:00Z,1.350000,0.063000,1.287000
2021-12-06,2021-12-07T00:00:00Z,1.430000,0.048000,1.382000
2021-12-07,2021-12-08T00:00:00Z,1.480000,0.063000,1.417000
2021-12-08,2021-12-09T00:00:00Z,1.520000,0.058000,1.462000
2021-12-09,2021-12-10T00:00:00Z,1.490000,0.058000,1.432000
2021-12-10,2021-12-11T00:00:00Z,1.480000,0.063000,1.417000
2021-12-13,2021-12-14T00:00:00Z,1.420000,0.058000,1.362000
2021-12-14,2021-12-15T00:00:00Z,1.440000,0.060000,1.380000
2021-12-15,2021-12-16T00:00:00Z,1.470000,0.059000,1.411000
2021-12-16,2021-12-17T00:00:00Z,1.440000,0.054000,1.386000
2021-12-17,2021-12-18T00:00:00Z,1.410000,0.060000,1.350000
2021-12-20,2021-12-21T00:00:00Z,1.430000,0.050000,1.380000
2021-12-21,2021-12-22T00:00:00Z,1.480000,0.067000,1.413000
2021-12-22,2021-12-23T00:00:00Z,1.460000,0.072000,1.388000
2021-12-23,2021-12-24T00:00:00Z,1.500000,0.078000,1.422000
2021-12-27,2021-12-28T00:00:00Z,1.480000,0.078000,1.402000
2021-12-28,2021-12-29T00:00:00Z,1.490000,0.078000,1.412000
2021-12-29,2021-12-30T00:00:00Z,1.550000,0.073000,1.477000
2021-12-30,2021-12-31T00:00:00Z,1.520000,0.089000,1.431000
2022-01-04,2022-01-05T00:00:00Z,1.660000,0.104000,1.556000
2022-01-05,2022-01-06T00:00:00Z,1.710000,0.098000,1.612000
2022-01-06,2022-01-07T00:00:00Z,1.730000,0.118000,1.612000
2022-01-07,2022-01-08T00:00:00Z,1.760000,0.133000,1.627000
2022-01-11,2022-01-12T00:00:00Z,1.750000,0.153000,1.597000
2022-01-12,2022-01-13T00:00:00Z,1.740000,0.129000,1.611000
2022-01-13,2022-01-14T00:00:00Z,1.700000,0.129000,1.571000
2022-01-14,2022-01-15T00:00:00Z,1.780000,0.150000,1.630000
2022-01-18,2022-01-19T00:00:00Z,1.870000,0.150000,1.720000
2022-01-19,2022-01-20T00:00:00Z,1.830000,0.139000,1.691000
2022-01-20,2022-01-21T00:00:00Z,1.830000,0.145000,1.685000
2022-01-21,2022-01-22T00:00:00Z,1.750000,0.135000,1.615000
2022-01-24,2022-01-25T00:00:00Z,1.750000,0.141000,1.609000
2022-01-25,2022-01-26T00:00:00Z,1.780000,0.141000,1.639000
2022-01-26,2022-01-27T00:00:00Z,1.850000,0.141000,1.709000
2022-01-27,2022-01-28T00:00:00Z,1.810000,0.161000,1.649000
2022-01-28,2022-01-29T00:00:00Z,1.780000,0.172000,1.608000
2022-01-31,2022-02-01T00:00:00Z,1.790000,0.177000,1.613000
2022-02-01,2022-02-02T00:00:00Z,1.810000,0.187000,1.623000
2022-02-02,2022-02-03T00:00:00Z,1.780000,0.182000,1.598000
2022-02-03,2022-02-04T00:00:00Z,1.820000,0.182000,1.638000
2022-02-04,2022-02-05T00:00:00Z,1.930000,0.203000,1.727000
2022-02-07,2022-02-08T00:00:00Z,1.920000,0.202000,1.718000
2022-02-08,2022-02-09T00:00:00Z,1.960000,0.213000,1.747000
2022-02-09,2022-02-10T00:00:00Z,1.940000,0.212000,1.728000
2022-02-10,2022-02-11T00:00:00Z,2.030000,0.233000,1.797000
2022-02-14,2022-02-15T00:00:00Z,1.980000,0.223000,1.757000
2022-02-15,2022-02-16T00:00:00Z,2.050000,0.219000,1.831000
2022-02-16,2022-02-17T00:00:00Z,2.030000,0.223000,1.807000
2022-02-17,2022-02-18T00:00:00Z,1.970000,0.227000,1.743000
2022-02-18,2022-02-19T00:00:00Z,1.920000,0.223000,1.697000
2022-02-22,2022-02-23T00:00:00Z,1.940000,0.197000,1.743000
2022-02-24,2022-02-25T00:00:00Z,1.960000,0.193000,1.767000
2022-02-25,2022-02-26T00:00:00Z,1.970000,0.214000,1.756000
2022-02-28,2022-03-01T00:00:00Z,1.830000,0.191000,1.639000
2022-03-01,2022-03-02T00:00:00Z,1.720000,0.186000,1.534000
2022-03-02,2022-03-03T00:00:00Z,1.860000,0.144000,1.716000
2022-03-03,2022-03-04T00:00:00Z,1.860000,0.178000,1.682000
2022-03-04,2022-03-05T00:00:00Z,1.740000,0.164000,1.576000
2022-03-07,2022-03-08T00:00:00Z,1.780000,0.153000,1.627000
2022-03-08,2022-03-09T00:00:00Z,1.860000,0.165000,1.695000
2022-03-09,2022-03-10T00:00:00Z,1.940000,0.174000,1.766000
2022-03-10,2022-03-11T00:00:00Z,1.980000,0.198000,1.782000
2022-03-11,2022-03-12T00:00:00Z,2.000000,0.193000,1.807000
2022-03-14,2022-03-15T00:00:00Z,2.140000,0.204000,1.936000
2022-03-15,2022-03-16T00:00:00Z,2.150000,0.219000,1.931000
2022-03-16,2022-03-17T00:00:00Z,2.190000,0.213000,1.977000
2022-03-17,2022-03-18T00:00:00Z,2.200000,0.213000,1.987000
2022-03-18,2022-03-19T00:00:00Z,2.140000,0.218000,1.922000
2022-03-22,2022-03-23T00:00:00Z,2.380000,0.229000,2.151000
2022-03-23,2022-03-24T00:00:00Z,2.320000,0.234000,2.086000
2022-03-24,2022-03-25T00:00:00Z,2.340000,0.243000,2.097000
2022-03-25,2022-03-26T00:00:00Z,2.480000,0.248000,2.232000
2022-03-28,2022-03-29T00:00:00Z,2.460000,0.263000,2.197000
2022-03-29,2022-03-30T00:00:00Z,2.410000,0.255000,2.155000
2022-03-30,2022-03-31T00:00:00Z,2.350000,0.224000,2.126000
2022-03-31,2022-04-01T00:00:00Z,2.320000,0.218000,2.102000
2022-04-01,2022-04-02T00:00:00Z,2.390000,0.226000,2.164000
2022-04-04,2022-04-05T00:00:00Z,2.420000,0.223000,2.197000
2022-04-05,2022-04-06T00:00:00Z,2.540000,0.212000,2.328000
2022-04-06,2022-04-07T00:00:00Z,2.610000,0.238000,2.372000
2022-04-07,2022-04-08T00:00:00Z,2.660000,0.232000,2.428000
2022-04-08,2022-04-09T00:00:00Z,2.720000,0.227000,2.493000
2022-04-11,2022-04-12T00:00:00Z,2.790000,0.236000,2.554000
2022-04-12,2022-04-13T00:00:00Z,2.720000,0.241000,2.479000
2022-04-13,2022-04-14T00:00:00Z,2.700000,0.236000,2.464000
2022-04-14,2022-04-15T00:00:00Z,2.830000,0.237000,2.593000
2022-04-18,2022-04-19T00:00:00Z,2.850000,0.242000,2.608000
2022-04-19,2022-04-20T00:00:00Z,2.930000,0.244000,2.686000
2022-04-20,2022-04-21T00:00:00Z,2.850000,0.253000,2.597000
2022-04-21,2022-04-22T00:00:00Z,2.900000,0.249000,2.651000
2022-04-22,2022-04-23T00:00:00Z,2.900000,0.250000,2.650000
2022-04-25,2022-04-26T00:00:00Z,2.810000,0.250000,2.560000
2022-04-26,2022-04-27T00:00:00Z,2.770000,0.251000,2.519000
2022-04-27,2022-04-28T00:00:00Z,2.820000,0.250000,2.570000
2022-04-28,2022-04-29T00:00:00Z,2.850000,0.220000,2.630000
2022-05-02,2022-05-03T00:00:00Z,2.990000,0.231000,2.759000
2022-05-06,2022-05-07T00:00:00Z,3.120000,0.247000,2.873000
2022-05-09,2022-05-10T00:00:00Z,3.050000,0.253000,2.797000
2022-05-10,2022-05-11T00:00:00Z,2.990000,0.253000,2.737000
2022-05-11,2022-05-12T00:00:00Z,2.910000,0.253000,2.657000
2022-05-12,2022-05-13T00:00:00Z,2.840000,0.251000,2.589000
2022-05-13,2022-05-14T00:00:00Z,2.930000,0.247000,2.683000
2022-05-16,2022-05-17T00:00:00Z,2.880000,0.247000,2.633000
2022-05-17,2022-05-18T00:00:00Z,2.980000,0.247000,2.733000
2022-05-18,2022-05-19T00:00:00Z,2.890000,0.246000,2.644000
2022-05-19,2022-05-20T00:00:00Z,2.840000,0.246000,2.594000
2022-05-20,2022-05-21T00:00:00Z,2.780000,0.243000,2.537000
2022-05-23,2022-05-24T00:00:00Z,2.860000,0.244000,2.616000
2022-05-24,2022-05-25T00:00:00Z,2.760000,0.239000,2.521000
2022-05-25,2022-05-26T00:00:00Z,2.750000,0.215000,2.535000
2022-05-26,2022-05-27T00:00:00Z,2.750000,0.240000,2.510000
2022-05-27,2022-05-28T00:00:00Z,2.740000,0.236000,2.504000
2022-05-31,2022-06-01T00:00:00Z,2.850000,0.246000,2.604000
2022-06-01,2022-06-02T00:00:00Z,2.940000,0.242000,2.698000
2022-06-02,2022-06-03T00:00:00Z,2.920000,0.251000,2.669000
2022-06-03,2022-06-04T00:00:00Z,2.960000,0.241000,2.719000
2022-06-06,2022-06-07T00:00:00Z,3.040000,0.252000,2.788000
2022-06-07,2022-06-08T00:00:00Z,2.980000,0.257000,2.723000
2022-06-08,2022-06-09T00:00:00Z,3.030000,0.257000,2.773000
2022-06-09,2022-06-10T00:00:00Z,3.040000,0.255000,2.785000
2022-06-10,2022-06-11T00:00:00Z,3.150000,0.261000,2.889000
2022-06-13,2022-06-14T00:00:00Z,3.430000,0.264000,3.166000
2022-06-14,2022-06-15T00:00:00Z,3.490000,0.264000,3.226000
2022-06-15,2022-06-16T00:00:00Z,3.330000,0.271000,3.059000
2022-06-16,2022-06-17T00:00:00Z,3.280000,0.269000,3.011000
2022-06-17,2022-06-18T00:00:00Z,3.250000,0.239000,3.011000
2022-06-21,2022-06-22T00:00:00Z,3.310000,0.252000,3.058000
2022-06-22,2022-06-23T00:00:00Z,3.160000,0.255000,2.905000
2022-06-23,2022-06-24T00:00:00Z,3.090000,0.246000,2.844000
2022-06-24,2022-06-25T00:00:00Z,3.130000,0.240000,2.890000
2022-06-27,2022-06-28T00:00:00Z,3.200000,0.252000,2.948000
2022-06-28,2022-06-29T00:00:00Z,3.200000,0.252000,2.948000
2022-06-29,2022-06-30T00:00:00Z,3.100000,0.246000,2.854000
2022-06-30,2022-07-01T00:00:00Z,2.980000,0.242000,2.738000
2022-07-01,2022-07-02T00:00:00Z,2.880000,0.229000,2.651000
2022-07-05,2022-07-06T00:00:00Z,2.820000,0.253000,2.567000
2022-07-06,2022-07-07T00:00:00Z,2.930000,0.248000,2.682000
2022-07-07,2022-07-08T00:00:00Z,3.010000,0.249000,2.761000
2022-07-08,2022-07-09T00:00:00Z,3.090000,0.248000,2.842000
2022-07-11,2022-07-12T00:00:00Z,2.990000,0.244000,2.746000
2022-07-12,2022-07-13T00:00:00Z,2.960000,0.244000,2.716000
2022-07-13,2022-07-14T00:00:00Z,2.910000,0.235000,2.675000
2022-07-14,2022-07-15T00:00:00Z,2.960000,0.235000,2.725000
2022-07-15,2022-07-16T00:00:00Z,2.930000,0.235000,2.695000
2022-07-19,2022-07-20T00:00:00Z,3.010000,0.238000,2.772000
2022-07-20,2022-07-21T00:00:00Z,3.040000,0.244000,2.796000
2022-07-21,2022-07-22T00:00:00Z,2.910000,0.239000,2.671000
2022-07-22,2022-07-23T00:00:00Z,2.770000,0.222000,2.548000
2022-07-25,2022-07-26T00:00:00Z,2.810000,0.208000,2.602000
2022-07-26,2022-07-27T00:00:00Z,2.810000,0.215000,2.595000
2022-07-27,2022-07-28T00:00:00Z,2.780000,0.211000,2.569000
2022-07-28,2022-07-29T00:00:00Z,2.680000,0.209000,2.471000
2022-07-29,2022-07-30T00:00:00Z,2.670000,0.185000,2.485000
2022-08-01,2022-08-02T00:00:00Z,2.600000,0.190000,2.410000
2022-08-02,2022-08-03T00:00:00Z,2.750000,0.180000,2.570000
2022-08-03,2022-08-04T00:00:00Z,2.730000,0.195000,2.535000
2022-08-04,2022-08-05T00:00:00Z,2.680000,0.181000,2.499000
2022-08-05,2022-08-06T00:00:00Z,2.830000,0.172000,2.658000
2022-08-08,2022-08-09T00:00:00Z,2.770000,0.182000,2.588000
2022-08-09,2022-08-10T00:00:00Z,2.800000,0.172000,2.628000
2022-08-10,2022-08-11T00:00:00Z,2.780000,0.202000,2.578000
2022-08-12,2022-08-13T00:00:00Z,2.840000,0.197000,2.643000
2022-08-15,2022-08-16T00:00:00Z,2.790000,0.197000,2.593000
2022-08-16,2022-08-17T00:00:00Z,2.820000,0.178000,2.642000
2022-08-17,2022-08-18T00:00:00Z,2.890000,0.192000,2.698000
2022-08-18,2022-08-19T00:00:00Z,2.880000,0.208000,2.672000
2022-08-19,2022-08-20T00:00:00Z,2.980000,0.208000,2.772000
2022-08-22,2022-08-23T00:00:00Z,3.030000,0.235000,2.795000
2022-08-23,2022-08-24T00:00:00Z,3.050000,0.231000,2.819000
2022-08-24,2022-08-25T00:00:00Z,3.110000,0.236000,2.874000
2022-08-25,2022-08-26T00:00:00Z,3.030000,0.241000,2.789000
2022-08-26,2022-08-27T00:00:00Z,3.040000,0.230000,2.810000
2022-08-29,2022-08-30T00:00:00Z,3.120000,0.254000,2.866000
2022-08-30,2022-08-31T00:00:00Z,3.110000,0.234000,2.876000
2022-08-31,2022-09-01T00:00:00Z,3.150000,0.235000,2.915000
2022-09-01,2022-09-02T00:00:00Z,3.260000,0.250000,3.010000
2022-09-02,2022-09-03T00:00:00Z,3.200000,0.250000,2.950000
2022-09-06,2022-09-07T00:00:00Z,3.330000,0.253000,3.077000
2022-09-07,2022-09-08T00:00:00Z,3.270000,0.263000,3.007000
2022-09-08,2022-09-09T00:00:00Z,3.290000,0.263000,3.027000
2022-09-09,2022-09-10T00:00:00Z,3.330000,0.265000,3.065000
2022-09-12,2022-09-13T00:00:00Z,3.370000,0.265000,3.105000
2022-09-13,2022-09-14T00:00:00Z,3.420000,0.260000,3.160000
2022-09-14,2022-09-15T00:00:00Z,3.410000,0.270000,3.140000
2022-09-15,2022-09-16T00:00:00Z,3.450000,0.272000,3.178000
2022-09-16,2022-09-17T00:00:00Z,3.450000,0.273000,3.177000
2022-09-20,2022-09-21T00:00:00Z,3.570000,0.274000,3.296000
2022-09-21,2022-09-22T00:00:00Z,3.510000,0.287000,3.223000
2022-09-22,2022-09-23T00:00:00Z,3.700000,0.270000,3.430000
2022-09-26,2022-09-27T00:00:00Z,3.880000,0.287000,3.593000
2022-09-27,2022-09-28T00:00:00Z,3.970000,0.294000,3.676000
2022-09-28,2022-09-29T00:00:00Z,3.720000,0.284000,3.436000
2022-09-29,2022-09-30T00:00:00Z,3.760000,0.283000,3.477000
2022-09-30,2022-10-01T00:00:00Z,3.830000,0.277000,3.553000
2022-10-03,2022-10-04T00:00:00Z,3.670000,0.267000,3.403000
2022-10-04,2022-10-05T00:00:00Z,3.620000,0.249000,3.371000
2022-10-05,2022-10-06T00:00:00Z,3.760000,0.249000,3.511000
2022-10-06,2022-10-07T00:00:00Z,3.830000,0.249000,3.581000
2022-10-07,2022-10-08T00:00:00Z,3.890000,0.250000,3.640000
2022-10-11,2022-10-12T00:00:00Z,3.930000,0.256000,3.674000
2022-10-12,2022-10-13T00:00:00Z,3.910000,0.257000,3.653000
2022-10-13,2022-10-14T00:00:00Z,3.970000,0.252000,3.718000
2022-10-14,2022-10-15T00:00:00Z,4.000000,0.253000,3.747000
2022-10-17,2022-10-18T00:00:00Z,4.020000,0.259000,3.761000
2022-10-18,2022-10-19T00:00:00Z,4.010000,0.259000,3.751000
2022-10-19,2022-10-20T00:00:00Z,4.140000,0.259000,3.881000
2022-10-20,2022-10-21T00:00:00Z,4.240000,0.261000,3.979000
2022-10-21,2022-10-22T00:00:00Z,4.210000,0.261000,3.949000
2022-10-24,2022-10-25T00:00:00Z,4.250000,0.263000,3.987000
2022-10-25,2022-10-26T00:00:00Z,4.100000,0.263000,3.837000
2022-10-26,2022-10-27T00:00:00Z,4.040000,0.264000,3.776000
2022-10-27,2022-10-28T00:00:00Z,3.960000,0.265000,3.695000
2022-10-28,2022-10-29T00:00:00Z,4.020000,0.254000,3.766000
2022-10-31,2022-11-01T00:00:00Z,4.100000,0.253000,3.847000
2022-11-01,2022-11-02T00:00:00Z,4.070000,0.264000,3.806000
2022-11-02,2022-11-03T00:00:00Z,4.100000,0.258000,3.842000
2022-11-04,2022-11-05T00:00:00Z,4.170000,0.263000,3.907000
2022-11-07,2022-11-08T00:00:00Z,4.220000,0.265000,3.955000
2022-11-08,2022-11-09T00:00:00Z,4.140000,0.267000,3.873000
2022-11-09,2022-11-10T00:00:00Z,4.120000,0.267000,3.853000
2022-11-10,2022-11-11T00:00:00Z,3.820000,0.263000,3.557000
2022-11-14,2022-11-15T00:00:00Z,3.880000,0.259000,3.621000
2022-11-15,2022-11-16T00:00:00Z,3.800000,0.259000,3.541000
2022-11-16,2022-11-17T00:00:00Z,3.670000,0.260000,3.410000
2022-11-17,2022-11-18T00:00:00Z,3.770000,0.261000,3.509000
2022-11-18,2022-11-19T00:00:00Z,3.820000,0.267000,3.553000
2022-11-21,2022-11-22T00:00:00Z,3.830000,0.263000,3.567000
2022-11-22,2022-11-23T00:00:00Z,3.760000,0.263000,3.497000
2022-11-25,2022-11-26T00:00:00Z,3.680000,0.275000,3.405000
2022-11-28,2022-11-29T00:00:00Z,3.690000,0.278000,3.412000
2022-11-29,2022-11-30T00:00:00Z,3.750000,0.278000,3.472000
2022-11-30,2022-12-01T00:00:00Z,3.680000,0.276000,3.404000
2022-12-01,2022-12-02T00:00:00Z,3.530000,0.276000,3.254000
2022-12-02,2022-12-03T00:00:00Z,3.510000,0.279000,3.231000
2022-12-05,2022-12-06T00:00:00Z,3.600000,0.281000,3.319000
2022-12-06,2022-12-07T00:00:00Z,3.510000,0.282000,3.228000
2022-12-07,2022-12-08T00:00:00Z,3.420000,0.281000,3.139000
2022-12-08,2022-12-09T00:00:00Z,3.480000,0.278000,3.202000
2022-12-09,2022-12-10T00:00:00Z,3.570000,0.277000,3.293000
2022-12-12,2022-12-13T00:00:00Z,3.610000,0.280000,3.330000
2022-12-13,2022-12-14T00:00:00Z,3.510000,0.278000,3.232000
2022-12-14,2022-12-15T00:00:00Z,3.490000,0.277000,3.213000
2022-12-15,2022-12-16T00:00:00Z,3.440000,0.281000,3.159000
2022-12-16,2022-12-17T00:00:00Z,3.480000,0.280000,3.200000
2022-12-19,2022-12-20T00:00:00Z,3.570000,0.282000,3.288000
2022-12-20,2022-12-21T00:00:00Z,3.690000,0.432000,3.258000
2022-12-21,2022-12-22T00:00:00Z,3.680000,0.517000,3.163000
2022-12-22,2022-12-23T00:00:00Z,3.670000,0.431000,3.239000
2022-12-23,2022-12-24T00:00:00Z,3.750000,0.424000,3.326000
2022-12-27,2022-12-28T00:00:00Z,3.840000,0.501000,3.339000
2022-12-28,2022-12-29T00:00:00Z,3.880000,0.493000,3.387000
2022-12-29,2022-12-30T00:00:00Z,3.830000,0.489000,3.341000
2022-12-30,2022-12-31T00:00:00Z,3.880000,0.454000,3.426000
2023-01-04,2023-01-05T00:00:00Z,3.690000,0.491000,3.199000
2023-01-05,2023-01-06T00:00:00Z,3.710000,0.508000,3.202000
2023-01-06,2023-01-07T00:00:00Z,3.550000,0.508000,3.042000
2023-01-10,2023-01-11T00:00:00Z,3.610000,0.509000,3.101000
2023-01-11,2023-01-12T00:00:00Z,3.540000,0.509000,3.031000
2023-01-12,2023-01-13T00:00:00Z,3.430000,0.509000,2.921000
2023-01-13,2023-01-14T00:00:00Z,3.490000,0.508000,2.982000
2023-01-17,2023-01-18T00:00:00Z,3.530000,0.512000,3.018000
2023-01-18,2023-01-19T00:00:00Z,3.370000,0.430000,2.940000
2023-01-19,2023-01-20T00:00:00Z,3.390000,0.422000,2.968000
2023-01-20,2023-01-21T00:00:00Z,3.480000,0.418000,3.062000
2023-01-23,2023-01-24T00:00:00Z,3.520000,0.396000,3.124000
2023-01-24,2023-01-25T00:00:00Z,3.460000,0.427000,3.033000
2023-01-25,2023-01-26T00:00:00Z,3.460000,0.457000,3.003000
2023-01-26,2023-01-27T00:00:00Z,3.490000,0.483000,3.007000
2023-01-27,2023-01-28T00:00:00Z,3.520000,0.497000,3.023000
2023-01-30,2023-01-31T00:00:00Z,3.550000,0.497000,3.053000
2023-01-31,2023-02-01T00:00:00Z,3.520000,0.511000,3.009000
2023-02-01,2023-02-02T00:00:00Z,3.390000,0.500000,2.890000
2023-02-02,2023-02-03T00:00:00Z,3.400000,0.515000,2.885000
2023-02-03,2023-02-04T00:00:00Z,3.530000,0.503000,3.027000
2023-02-06,2023-02-07T00:00:00Z,3.630000,0.511000,3.119000
2023-02-07,2023-02-08T00:00:00Z,3.670000,0.511000,3.159000
2023-02-08,2023-02-09T00:00:00Z,3.630000,0.511000,3.119000
2023-02-09,2023-02-10T00:00:00Z,3.670000,0.511000,3.159000
2023-02-10,2023-02-11T00:00:00Z,3.740000,0.514000,3.226000
2023-02-13,2023-02-14T00:00:00Z,3.720000,0.524000,3.196000
2023-02-14,2023-02-15T00:00:00Z,3.770000,0.524000,3.246000
2023-02-15,2023-02-16T00:00:00Z,3.810000,0.525000,3.285000
2023-02-16,2023-02-17T00:00:00Z,3.860000,0.526000,3.334000
2023-02-17,2023-02-18T00:00:00Z,3.820000,0.528000,3.292000
2023-02-21,2023-02-22T00:00:00Z,3.950000,0.531000,3.419000
2023-02-22,2023-02-23T00:00:00Z,3.930000,0.531000,3.399000
2023-02-24,2023-02-25T00:00:00Z,3.950000,0.530000,3.420000
2023-02-27,2023-02-28T00:00:00Z,3.920000,0.532000,3.388000
2023-02-28,2023-03-01T00:00:00Z,3.920000,0.524000,3.396000
2023-03-01,2023-03-02T00:00:00Z,4.010000,0.525000,3.485000
2023-03-02,2023-03-03T00:00:00Z,4.080000,0.527000,3.553000
2023-03-03,2023-03-04T00:00:00Z,3.970000,0.527000,3.443000
2023-03-06,2023-03-07T00:00:00Z,3.980000,0.530000,3.450000
2023-03-07,2023-03-08T00:00:00Z,3.970000,0.528000,3.442000
2023-03-08,2023-03-09T00:00:00Z,3.980000,0.529000,3.451000
2023-03-09,2023-03-10T00:00:00Z,3.930000,0.530000,3.400000
2023-03-10,2023-03-11T00:00:00Z,3.700000,0.428000,3.272000
2023-03-13,2023-03-14T00:00:00Z,3.550000,0.342000,3.208000
2023-03-14,2023-03-15T00:00:00Z,3.640000,0.314000,3.326000
2023-03-15,2023-03-16T00:00:00Z,3.510000,0.360000,3.150000
2023-03-16,2023-03-17T00:00:00Z,3.560000,0.325000,3.235000
2023-03-17,2023-03-18T00:00:00Z,3.390000,0.317000,3.073000
2023-03-20,2023-03-21T00:00:00Z,3.470000,0.281000,3.189000
2023-03-22,2023-03-23T00:00:00Z,3.480000,0.378000,3.102000
2023-03-23,2023-03-24T00:00:00Z,3.380000,0.339000,3.041000
2023-03-24,2023-03-25T00:00:00Z,3.380000,0.321000,3.059000
2023-03-27,2023-03-28T00:00:00Z,3.530000,0.330000,3.200000
2023-03-28,2023-03-29T00:00:00Z,3.550000,0.337000,3.213000
2023-03-29,2023-03-30T00:00:00Z,3.570000,0.335000,3.235000
2023-03-30,2023-03-31T00:00:00Z,3.550000,0.362000,3.188000
2023-03-31,2023-04-01T00:00:00Z,3.480000,0.389000,3.091000
2023-04-03,2023-04-04T00:00:00Z,3.430000,0.422000,3.008000
2023-04-04,2023-04-05T00:00:00Z,3.350000,0.478000,2.872000
2023-04-05,2023-04-06T00:00:00Z,3.300000,0.473000,2.827000
2023-04-06,2023-04-07T00:00:00Z,3.300000,0.472000,2.828000
2023-04-07,2023-04-08T00:00:00Z,3.390000,0.462000,2.928000
2023-04-10,2023-04-11T00:00:00Z,3.410000,0.468000,2.942000
2023-04-11,2023-04-12T00:00:00Z,3.430000,0.459000,2.971000
2023-04-12,2023-04-13T00:00:00Z,3.410000,0.469000,2.941000
2023-04-13,2023-04-14T00:00:00Z,3.450000,0.465000,2.985000
2023-04-14,2023-04-15T00:00:00Z,3.520000,0.465000,3.055000
2023-04-17,2023-04-18T00:00:00Z,3.600000,0.489000,3.111000
2023-04-18,2023-04-19T00:00:00Z,3.580000,0.480000,3.100000
2023-04-19,2023-04-20T00:00:00Z,3.600000,0.480000,3.120000
2023-04-20,2023-04-21T00:00:00Z,3.540000,0.480000,3.060000
2023-04-21,2023-04-22T00:00:00Z,3.570000,0.470000,3.100000
2023-04-24,2023-04-25T00:00:00Z,3.520000,0.476000,3.044000
2023-04-25,2023-04-26T00:00:00Z,3.400000,0.486000,2.914000
2023-04-26,2023-04-27T00:00:00Z,3.430000,0.466000,2.964000
2023-04-27,2023-04-28T00:00:00Z,3.530000,0.466000,3.064000
2023-04-28,2023-04-29T00:00:00Z,3.440000,0.403000,3.037000
2023-05-01,2023-05-02T00:00:00Z,3.590000,0.413000,3.177000
2023-05-02,2023-05-03T00:00:00Z,3.440000,0.428000,3.012000
2023-05-08,2023-05-09T00:00:00Z,3.520000,0.424000,3.096000
2023-05-09,2023-05-10T00:00:00Z,3.530000,0.435000,3.095000
2023-05-10,2023-05-11T00:00:00Z,3.430000,0.425000,3.005000
2023-05-11,2023-05-12T00:00:00Z,3.390000,0.399000,2.991000
2023-05-12,2023-05-13T00:00:00Z,3.460000,0.396000,3.064000
2023-05-15,2023-05-16T00:00:00Z,3.500000,0.421000,3.079000
2023-05-16,2023-05-17T00:00:00Z,3.540000,0.406000,3.134000
2023-05-17,2023-05-18T00:00:00Z,3.570000,0.375000,3.195000
2023-05-18,2023-05-19T00:00:00Z,3.650000,0.395000,3.255000
2023-05-19,2023-05-20T00:00:00Z,3.700000,0.415000,3.285000
2023-05-22,2023-05-23T00:00:00Z,3.720000,0.397000,3.323000
2023-05-23,2023-05-24T00:00:00Z,3.700000,0.410000,3.290000
2023-05-24,2023-05-25T00:00:00Z,3.730000,0.421000,3.309000
2023-05-25,2023-05-26T00:00:00Z,3.830000,0.441000,3.389000
2023-05-26,2023-05-27T00:00:00Z,3.800000,0.432000,3.368000
2023-05-30,2023-05-31T00:00:00Z,3.690000,0.448000,3.242000
2023-05-31,2023-06-01T00:00:00Z,3.640000,0.448000,3.192000
2023-06-01,2023-06-02T00:00:00Z,3.610000,0.434000,3.176000
2023-06-02,2023-06-03T00:00:00Z,3.690000,0.430000,3.260000
2023-06-05,2023-06-06T00:00:00Z,3.690000,0.450000,3.240000
2023-06-06,2023-06-07T00:00:00Z,3.700000,0.440000,3.260000
2023-06-07,2023-06-08T00:00:00Z,3.790000,0.434000,3.356000
2023-06-08,2023-06-09T00:00:00Z,3.730000,0.455000,3.275000
2023-06-09,2023-06-10T00:00:00Z,3.750000,0.451000,3.299000
2023-06-12,2023-06-13T00:00:00Z,3.730000,0.446000,3.284000
2023-06-13,2023-06-14T00:00:00Z,3.840000,0.438000,3.402000
2023-06-14,2023-06-15T00:00:00Z,3.830000,0.447000,3.383000
2023-06-15,2023-06-16T00:00:00Z,3.720000,0.447000,3.273000
2023-06-16,2023-06-17T00:00:00Z,3.770000,0.422000,3.348000
2023-06-20,2023-06-21T00:00:00Z,3.740000,0.406000,3.334000
2023-06-21,2023-06-22T00:00:00Z,3.720000,0.393000,3.327000
2023-06-22,2023-06-23T00:00:00Z,3.800000,0.395000,3.405000
2023-06-23,2023-06-24T00:00:00Z,3.740000,0.390000,3.350000
2023-06-26,2023-06-27T00:00:00Z,3.720000,0.378000,3.342000
2023-06-27,2023-06-28T00:00:00Z,3.770000,0.398000,3.372000
2023-06-28,2023-06-29T00:00:00Z,3.710000,0.414000,3.296000
2023-06-29,2023-06-30T00:00:00Z,3.850000,0.409000,3.441000
2023-06-30,2023-07-01T00:00:00Z,3.810000,0.426000,3.384000
2023-07-03,2023-07-04T00:00:00Z,3.860000,0.432000,3.428000
2023-07-05,2023-07-06T00:00:00Z,3.950000,0.384000,3.566000
2023-07-06,2023-07-07T00:00:00Z,4.050000,0.409000,3.641000
2023-07-07,2023-07-08T00:00:00Z,4.060000,0.439000,3.621000
2023-07-10,2023-07-11T00:00:00Z,4.010000,0.468000,3.542000
2023-07-11,2023-07-12T00:00:00Z,3.990000,0.454000,3.536000
2023-07-12,2023-07-13T00:00:00Z,3.860000,0.480000,3.380000
2023-07-13,2023-07-14T00:00:00Z,3.760000,0.470000,3.290000
2023-07-14,2023-07-15T00:00:00Z,3.830000,0.480000,3.350000
2023-07-18,2023-07-19T00:00:00Z,3.800000,0.485000,3.315000
2023-07-19,2023-07-20T00:00:00Z,3.750000,0.466000,3.284000
2023-07-20,2023-07-21T00:00:00Z,3.850000,0.465000,3.385000
2023-07-21,2023-07-22T00:00:00Z,3.840000,0.481000,3.359000
2023-07-24,2023-07-25T00:00:00Z,3.860000,0.461000,3.399000
2023-07-25,2023-07-26T00:00:00Z,3.910000,0.466000,3.444000
2023-07-26,2023-07-27T00:00:00Z,3.860000,0.451000,3.409000
2023-07-27,2023-07-28T00:00:00Z,4.010000,0.443000,3.567000
2023-07-28,2023-07-29T00:00:00Z,3.960000,0.551000,3.409000
2023-07-31,2023-08-01T00:00:00Z,3.970000,0.605000,3.365000
2023-08-01,2023-08-02T00:00:00Z,4.050000,0.596000,3.454000
2023-08-02,2023-08-03T00:00:00Z,4.080000,0.630000,3.450000
2023-08-03,2023-08-04T00:00:00Z,4.200000,0.654000,3.546000
2023-08-04,2023-08-05T00:00:00Z,4.050000,0.643000,3.407000
2023-08-07,2023-08-08T00:00:00Z,4.090000,0.625000,3.465000
2023-08-08,2023-08-09T00:00:00Z,4.020000,0.610000,3.410000
2023-08-09,2023-08-10T00:00:00Z,4.000000,0.572000,3.428000
2023-08-10,2023-08-11T00:00:00Z,4.090000,0.591000,3.499000
2023-08-14,2023-08-15T00:00:00Z,4.190000,0.621000,3.569000
2023-08-15,2023-08-16T00:00:00Z,4.210000,0.632000,3.578000
2023-08-16,2023-08-17T00:00:00Z,4.280000,0.631000,3.649000
2023-08-17,2023-08-18T00:00:00Z,4.300000,0.657000,3.643000
2023-08-18,2023-08-19T00:00:00Z,4.260000,0.632000,3.628000
2023-08-21,2023-08-22T00:00:00Z,4.340000,0.657000,3.683000
2023-08-22,2023-08-23T00:00:00Z,4.340000,0.673000,3.667000
2023-08-23,2023-08-24T00:00:00Z,4.190000,0.682000,3.508000
2023-08-24,2023-08-25T00:00:00Z,4.230000,0.654000,3.576000
2023-08-25,2023-08-26T00:00:00Z,4.250000,0.663000,3.587000
2023-08-28,2023-08-29T00:00:00Z,4.200000,0.669000,3.531000
2023-08-29,2023-08-30T00:00:00Z,4.120000,0.650000,3.470000
2023-08-30,2023-08-31T00:00:00Z,4.120000,0.661000,3.459000
2023-08-31,2023-09-01T00:00:00Z,4.090000,0.657000,3.433000
2023-09-01,2023-09-02T00:00:00Z,4.180000,0.636000,3.544000
2023-09-05,2023-09-06T00:00:00Z,4.270000,0.666000,3.604000
2023-09-06,2023-09-07T00:00:00Z,4.300000,0.662000,3.638000
2023-09-07,2023-09-08T00:00:00Z,4.270000,0.667000,3.603000
2023-09-08,2023-09-09T00:00:00Z,4.260000,0.658000,3.602000
2023-09-11,2023-09-12T00:00:00Z,4.290000,0.715000,3.575000
2023-09-12,2023-09-13T00:00:00Z,4.270000,0.716000,3.554000
2023-09-13,2023-09-14T00:00:00Z,4.250000,0.715000,3.535000
2023-09-14,2023-09-15T00:00:00Z,4.290000,0.715000,3.575000
2023-09-15,2023-09-16T00:00:00Z,4.330000,0.715000,3.615000
2023-09-19,2023-09-20T00:00:00Z,4.370000,0.727000,3.643000
2023-09-20,2023-09-21T00:00:00Z,4.350000,0.731000,3.619000
2023-09-21,2023-09-22T00:00:00Z,4.490000,0.758000,3.732000
2023-09-22,2023-09-23T00:00:00Z,4.440000,0.754000,3.686000
2023-09-25,2023-09-26T00:00:00Z,4.550000,0.738000,3.812000
2023-09-26,2023-09-27T00:00:00Z,4.560000,0.752000,3.808000
2023-09-27,2023-09-28T00:00:00Z,4.610000,0.747000,3.863000
2023-09-28,2023-09-29T00:00:00Z,4.590000,0.765000,3.825000
2023-09-29,2023-09-30T00:00:00Z,4.590000,0.774000,3.816000
2023-10-02,2023-10-03T00:00:00Z,4.690000,0.779000,3.911000
2023-10-03,2023-10-04T00:00:00Z,4.810000,0.764000,4.046000
2023-10-04,2023-10-05T00:00:00Z,4.730000,0.808000,3.922000
2023-10-05,2023-10-06T00:00:00Z,4.720000,0.803000,3.917000
2023-10-06,2023-10-07T00:00:00Z,4.780000,0.802000,3.978000
2023-10-10,2023-10-11T00:00:00Z,4.660000,0.776000,3.884000
2023-10-11,2023-10-12T00:00:00Z,4.580000,0.776000,3.804000
2023-10-12,2023-10-13T00:00:00Z,4.700000,0.756000,3.944000
2023-10-13,2023-10-14T00:00:00Z,4.630000,0.765000,3.865000
2023-10-16,2023-10-17T00:00:00Z,4.710000,0.757000,3.953000
2023-10-17,2023-10-18T00:00:00Z,4.830000,0.787000,4.043000
2023-10-18,2023-10-19T00:00:00Z,4.910000,0.811000,4.099000
2023-10-19,2023-10-20T00:00:00Z,4.980000,0.845000,4.135000
2023-10-20,2023-10-21T00:00:00Z,4.930000,0.841000,4.089000
2023-10-23,2023-10-24T00:00:00Z,4.860000,0.865000,3.995000
2023-10-24,2023-10-25T00:00:00Z,4.830000,0.846000,3.984000
2023-10-25,2023-10-26T00:00:00Z,4.950000,0.856000,4.094000
2023-10-26,2023-10-27T00:00:00Z,4.860000,0.884000,3.976000
2023-10-27,2023-10-28T00:00:00Z,4.840000,0.875000,3.965000
2023-10-30,2023-10-31T00:00:00Z,4.880000,0.895000,3.985000
2023-10-31,2023-11-01T00:00:00Z,4.880000,0.952000,3.928000
2023-11-01,2023-11-02T00:00:00Z,4.770000,0.959000,3.811000
2023-11-02,2023-11-03T00:00:00Z,4.670000,0.920000,3.750000
2023-11-06,2023-11-07T00:00:00Z,4.670000,0.876000,3.794000
2023-11-07,2023-11-08T00:00:00Z,4.580000,0.882000,3.698000
2023-11-08,2023-11-09T00:00:00Z,4.490000,0.852000,3.638000
2023-11-09,2023-11-10T00:00:00Z,4.620000,0.843000,3.777000
2023-11-10,2023-11-11T00:00:00Z,4.610000,0.859000,3.751000
2023-11-13,2023-11-14T00:00:00Z,4.630000,0.879000,3.751000
2023-11-14,2023-11-15T00:00:00Z,4.440000,0.860000,3.580000
2023-11-15,2023-11-16T00:00:00Z,4.530000,0.807000,3.723000
2023-11-16,2023-11-17T00:00:00Z,4.450000,0.798000,3.652000
2023-11-17,2023-11-18T00:00:00Z,4.440000,0.765000,3.675000
2023-11-20,2023-11-21T00:00:00Z,4.420000,0.756000,3.664000
2023-11-21,2023-11-22T00:00:00Z,4.410000,0.712000,3.698000
2023-11-22,2023-11-23T00:00:00Z,4.420000,0.742000,3.678000
2023-11-24,2023-11-25T00:00:00Z,4.470000,0.786000,3.684000
2023-11-27,2023-11-28T00:00:00Z,4.390000,0.787000,3.603000
2023-11-28,2023-11-29T00:00:00Z,4.340000,0.768000,3.572000
2023-11-29,2023-11-30T00:00:00Z,4.270000,0.695000,3.575000
2023-11-30,2023-12-01T00:00:00Z,4.370000,0.691000,3.679000
2023-12-01,2023-12-02T00:00:00Z,4.220000,0.720000,3.500000
2023-12-04,2023-12-05T00:00:00Z,4.280000,0.712000,3.568000
2023-12-05,2023-12-06T00:00:00Z,4.180000,0.687000,3.493000
2023-12-06,2023-12-07T00:00:00Z,4.120000,0.667000,3.453000
2023-12-07,2023-12-08T00:00:00Z,4.140000,0.771000,3.369000
2023-12-08,2023-12-09T00:00:00Z,4.230000,0.791000,3.439000
2023-12-11,2023-12-12T00:00:00Z,4.230000,0.798000,3.432000
2023-12-12,2023-12-13T00:00:00Z,4.200000,0.758000,3.442000
2023-12-13,2023-12-14T00:00:00Z,4.040000,0.709000,3.331000
2023-12-14,2023-12-15T00:00:00Z,3.920000,0.693000,3.227000
2023-12-15,2023-12-16T00:00:00Z,3.910000,0.728000,3.182000
2023-12-18,2023-12-19T00:00:00Z,3.950000,0.689000,3.261000
2023-12-19,2023-12-20T00:00:00Z,3.930000,0.663000,3.267000
2023-12-20,2023-12-21T00:00:00Z,3.860000,0.581000,3.279000
2023-12-21,2023-12-22T00:00:00Z,3.890000,0.610000,3.280000
2023-12-22,2023-12-23T00:00:00Z,3.900000,0.651000,3.249000
2023-12-26,2023-12-27T00:00:00Z,3.890000,0.657000,3.233000
2023-12-27,2023-12-28T00:00:00Z,3.790000,0.624000,3.166000
2023-12-28,2023-12-29T00:00:00Z,3.840000,0.616000,3.224000
2023-12-29,2023-12-30T00:00:00Z,3.880000,0.647000,3.233000
2024-01-04,2024-01-05T00:00:00Z,3.990000,0.649000,3.341000
2024-01-05,2024-01-06T00:00:00Z,4.050000,0.634000,3.416000
2024-01-09,2024-01-10T00:00:00Z,4.020000,0.614000,3.406000
2024-01-10,2024-01-11T00:00:00Z,4.040000,0.621000,3.419000
2024-01-11,2024-01-12T00:00:00Z,3.980000,0.605000,3.375000
2024-01-12,2024-01-13T00:00:00Z,3.960000,0.591000,3.369000
2024-01-16,2024-01-17T00:00:00Z,4.070000,0.596000,3.474000
2024-01-17,2024-01-18T00:00:00Z,4.100000,0.612000,3.488000
2024-01-18,2024-01-19T00:00:00Z,4.140000,0.656000,3.484000
2024-01-19,2024-01-20T00:00:00Z,4.150000,0.671000,3.479000
2024-01-22,2024-01-23T00:00:00Z,4.110000,0.657000,3.453000
2024-01-23,2024-01-24T00:00:00Z,4.140000,0.643000,3.497000
2024-01-24,2024-01-25T00:00:00Z,4.180000,0.721000,3.459000
2024-01-25,2024-01-26T00:00:00Z,4.140000,0.750000,3.390000
2024-01-26,2024-01-27T00:00:00Z,4.150000,0.721000,3.429000
2024-01-29,2024-01-30T00:00:00Z,4.080000,0.727000,3.353000
2024-01-30,2024-01-31T00:00:00Z,4.060000,0.714000,3.346000
2024-01-31,2024-02-01T00:00:00Z,3.990000,0.737000,3.253000
2024-02-01,2024-02-02T00:00:00Z,3.870000,0.699000,3.171000
2024-02-02,2024-02-03T00:00:00Z,4.030000,0.667000,3.363000
2024-02-05,2024-02-06T00:00:00Z,4.170000,0.725000,3.445000
2024-02-06,2024-02-07T00:00:00Z,4.090000,0.725000,3.365000
2024-02-07,2024-02-08T00:00:00Z,4.090000,0.714000,3.376000
2024-02-08,2024-02-09T00:00:00Z,4.150000,0.706000,3.444000
2024-02-09,2024-02-10T00:00:00Z,4.170000,0.731000,3.439000
2024-02-13,2024-02-14T00:00:00Z,4.310000,0.736000,3.574000
2024-02-14,2024-02-15T00:00:00Z,4.270000,0.764000,3.506000
2024-02-15,2024-02-16T00:00:00Z,4.240000,0.736000,3.504000
2024-02-16,2024-02-17T00:00:00Z,4.300000,0.737000,3.563000
2024-02-20,2024-02-21T00:00:00Z,4.270000,0.742000,3.528000
2024-02-21,2024-02-22T00:00:00Z,4.320000,0.732000,3.588000
2024-02-22,2024-02-23T00:00:00Z,4.330000,0.727000,3.603000
2024-02-26,2024-02-27T00:00:00Z,4.280000,0.699000,3.581000
2024-02-27,2024-02-28T00:00:00Z,4.310000,0.704000,3.606000
2024-02-28,2024-02-29T00:00:00Z,4.270000,0.709000,3.561000
2024-02-29,2024-03-01T00:00:00Z,4.250000,0.724000,3.526000
2024-03-01,2024-03-02T00:00:00Z,4.190000,0.728000,3.462000
2024-03-04,2024-03-05T00:00:00Z,4.220000,0.725000,3.495000
2024-03-05,2024-03-06T00:00:00Z,4.130000,0.714000,3.416000
2024-03-06,2024-03-07T00:00:00Z,4.110000,0.725000,3.385000
2024-03-07,2024-03-08T00:00:00Z,4.090000,0.741000,3.349000
2024-03-08,2024-03-09T00:00:00Z,4.090000,0.746000,3.344000
2024-03-11,2024-03-12T00:00:00Z,4.100000,0.777000,3.323000
2024-03-12,2024-03-13T00:00:00Z,4.160000,0.783000,3.377000
2024-03-13,2024-03-14T00:00:00Z,4.190000,0.773000,3.417000
2024-03-14,2024-03-15T00:00:00Z,4.290000,0.792000,3.498000
2024-03-15,2024-03-16T00:00:00Z,4.310000,0.802000,3.508000
2024-03-18,2024-03-19T00:00:00Z,4.340000,0.774000,3.566000
2024-03-19,2024-03-20T00:00:00Z,4.300000,0.744000,3.556000
2024-03-21,2024-03-22T00:00:00Z,4.270000,0.762000,3.508000
2024-03-22,2024-03-23T00:00:00Z,4.220000,0.762000,3.458000
2024-03-25,2024-03-26T00:00:00Z,4.250000,0.752000,3.498000
2024-03-26,2024-03-27T00:00:00Z,4.240000,0.757000,3.483000
2024-03-27,2024-03-28T00:00:00Z,4.200000,0.738000,3.462000
2024-03-28,2024-03-29T00:00:00Z,4.200000,0.730000,3.470000
2024-04-01,2024-04-02T00:00:00Z,4.330000,0.765000,3.565000
2024-04-02,2024-04-03T00:00:00Z,4.360000,0.770000,3.590000
2024-04-03,2024-04-04T00:00:00Z,4.360000,0.770000,3.590000
2024-04-04,2024-04-05T00:00:00Z,4.310000,0.780000,3.530000
2024-04-05,2024-04-06T00:00:00Z,4.390000,0.771000,3.619000
2024-04-08,2024-04-09T00:00:00Z,4.420000,0.792000,3.628000
2024-04-09,2024-04-10T00:00:00Z,4.360000,0.786000,3.574000
2024-04-10,2024-04-11T00:00:00Z,4.550000,0.801000,3.749000
2024-04-11,2024-04-12T00:00:00Z,4.560000,0.854000,3.706000
2024-04-12,2024-04-13T00:00:00Z,4.500000,0.864000,3.636000
2024-04-15,2024-04-16T00:00:00Z,4.630000,0.864000,3.766000
2024-04-16,2024-04-17T00:00:00Z,4.670000,0.870000,3.800000
2024-04-17,2024-04-18T00:00:00Z,4.590000,0.889000,3.701000
2024-04-18,2024-04-19T00:00:00Z,4.640000,0.871000,3.769000
2024-04-19,2024-04-20T00:00:00Z,4.620000,0.837000,3.783000
2024-04-22,2024-04-23T00:00:00Z,4.620000,0.885000,3.735000
2024-04-23,2024-04-24T00:00:00Z,4.610000,0.886000,3.724000
2024-04-24,2024-04-25T00:00:00Z,4.650000,0.891000,3.759000
2024-04-25,2024-04-26T00:00:00Z,4.700000,0.896000,3.804000
2024-04-26,2024-04-27T00:00:00Z,4.670000,0.925000,3.745000
2024-04-30,2024-05-01T00:00:00Z,4.690000,0.879000,3.811000
2024-05-01,2024-05-02T00:00:00Z,4.630000,0.898000,3.732000
2024-05-02,2024-05-03T00:00:00Z,4.580000,0.908000,3.672000
2024-05-07,2024-05-08T00:00:00Z,4.470000,0.881000,3.589000
2024-05-08,2024-05-09T00:00:00Z,4.480000,0.887000,3.593000
2024-05-09,2024-05-10T00:00:00Z,4.450000,0.916000,3.534000
2024-05-10,2024-05-11T00:00:00Z,4.500000,0.917000,3.583000
2024-05-13,2024-05-14T00:00:00Z,4.480000,0.946000,3.534000
2024-05-14,2024-05-15T00:00:00Z,4.450000,0.969000,3.481000
2024-05-15,2024-05-16T00:00:00Z,4.360000,0.962000,3.398000
2024-05-16,2024-05-17T00:00:00Z,4.380000,0.934000,3.446000
2024-05-17,2024-05-18T00:00:00Z,4.420000,0.957000,3.463000
2024-05-20,2024-05-21T00:00:00Z,4.440000,0.987000,3.453000
2024-05-21,2024-05-22T00:00:00Z,4.410000,0.992000,3.418000
2024-05-22,2024-05-23T00:00:00Z,4.430000,1.007000,3.423000
2024-05-23,2024-05-24T00:00:00Z,4.470000,1.011000,3.459000
2024-05-24,2024-05-25T00:00:00Z,4.460000,1.016000,3.444000
2024-05-28,2024-05-29T00:00:00Z,4.540000,1.047000,3.493000
2024-05-29,2024-05-30T00:00:00Z,4.610000,1.084000,3.526000
2024-05-30,2024-05-31T00:00:00Z,4.550000,1.066000,3.484000
2024-05-31,2024-06-01T00:00:00Z,4.510000,1.080000,3.430000
2024-06-03,2024-06-04T00:00:00Z,4.410000,1.071000,3.339000
2024-06-04,2024-06-05T00:00:00Z,4.330000,1.043000,3.287000
2024-06-05,2024-06-06T00:00:00Z,4.290000,1.014000,3.276000
2024-06-06,2024-06-07T00:00:00Z,4.280000,0.972000,3.308000
2024-06-07,2024-06-08T00:00:00Z,4.430000,0.986000,3.444000
2024-06-10,2024-06-11T00:00:00Z,4.470000,1.045000,3.425000
2024-06-11,2024-06-12T00:00:00Z,4.390000,1.035000,3.355000
2024-06-12,2024-06-13T00:00:00Z,4.310000,1.000000,3.310000
2024-06-13,2024-06-14T00:00:00Z,4.240000,0.982000,3.258000
2024-06-14,2024-06-15T00:00:00Z,4.200000,0.950000,3.250000
2024-06-17,2024-06-18T00:00:00Z,4.280000,0.947000,3.333000
2024-06-18,2024-06-19T00:00:00Z,4.220000,0.963000,3.257000
2024-06-20,2024-06-21T00:00:00Z,4.250000,0.973000,3.277000
2024-06-21,2024-06-22T00:00:00Z,4.250000,0.999000,3.251000
2024-06-24,2024-06-25T00:00:00Z,4.250000,1.010000,3.240000
2024-06-25,2024-06-26T00:00:00Z,4.230000,1.020000,3.210000
2024-06-26,2024-06-27T00:00:00Z,4.320000,1.044000,3.276000
2024-06-27,2024-06-28T00:00:00Z,4.290000,1.092000,3.198000
2024-06-28,2024-06-29T00:00:00Z,4.360000,1.062000,3.298000
2024-07-01,2024-07-02T00:00:00Z,4.480000,1.083000,3.397000
2024-07-02,2024-07-03T00:00:00Z,4.430000,1.104000,3.326000
2024-07-03,2024-07-04T00:00:00Z,4.360000,1.100000,3.260000
2024-07-05,2024-07-06T00:00:00Z,4.280000,1.072000,3.208000
2024-07-08,2024-07-09T00:00:00Z,4.280000,1.092000,3.188000
2024-07-09,2024-07-10T00:00:00Z,4.300000,1.079000,3.221000
2024-07-10,2024-07-11T00:00:00Z,4.280000,1.093000,3.187000
2024-07-11,2024-07-12T00:00:00Z,4.200000,1.089000,3.111000
2024-07-12,2024-07-13T00:00:00Z,4.180000,1.055000,3.125000
2024-07-16,2024-07-17T00:00:00Z,4.170000,1.032000,3.138000
2024-07-17,2024-07-18T00:00:00Z,4.160000,1.042000,3.118000
2024-07-18,2024-07-19T00:00:00Z,4.200000,1.047000,3.153000
2024-07-19,2024-07-20T00:00:00Z,4.250000,1.053000,3.197000
2024-07-22,2024-07-23T00:00:00Z,4.260000,1.063000,3.197000
2024-07-23,2024-07-24T00:00:00Z,4.250000,1.073000,3.177000
2024-07-24,2024-07-25T00:00:00Z,4.280000,1.084000,3.196000
2024-07-25,2024-07-26T00:00:00Z,4.270000,1.078000,3.192000
2024-07-26,2024-07-27T00:00:00Z,4.200000,1.068000,3.132000
2024-07-29,2024-07-30T00:00:00Z,4.170000,1.041000,3.129000
2024-07-30,2024-07-31T00:00:00Z,4.150000,1.012000,3.138000
2024-07-31,2024-08-01T00:00:00Z,4.090000,1.070000,3.020000
2024-08-01,2024-08-02T00:00:00Z,3.990000,1.046000,2.944000
2024-08-02,2024-08-03T00:00:00Z,3.800000,0.974000,2.826000
2024-08-05,2024-08-06T00:00:00Z,3.780000,0.781000,2.999000
2024-08-06,2024-08-07T00:00:00Z,3.900000,0.908000,2.992000
2024-08-07,2024-08-08T00:00:00Z,3.960000,0.899000,3.061000
2024-08-08,2024-08-09T00:00:00Z,3.990000,0.855000,3.135000
2024-08-09,2024-08-10T00:00:00Z,3.940000,0.881000,3.059000
2024-08-13,2024-08-14T00:00:00Z,3.850000,0.869000,2.981000
2024-08-14,2024-08-15T00:00:00Z,3.830000,0.833000,2.997000
2024-08-15,2024-08-16T00:00:00Z,3.920000,0.861000,3.059000
2024-08-16,2024-08-17T00:00:00Z,3.890000,0.898000,2.992000
2024-08-19,2024-08-20T00:00:00Z,3.860000,0.914000,2.946000
2024-08-20,2024-08-21T00:00:00Z,3.820000,0.916000,2.904000
2024-08-21,2024-08-22T00:00:00Z,3.790000,0.896000,2.894000
2024-08-22,2024-08-23T00:00:00Z,3.860000,0.900000,2.960000
2024-08-23,2024-08-24T00:00:00Z,3.810000,0.919000,2.891000
2024-08-26,2024-08-27T00:00:00Z,3.820000,0.910000,2.910000
2024-08-27,2024-08-28T00:00:00Z,3.830000,0.906000,2.924000
2024-08-28,2024-08-29T00:00:00Z,3.840000,0.921000,2.919000
2024-08-29,2024-08-30T00:00:00Z,3.870000,0.917000,2.953000
2024-08-30,2024-08-31T00:00:00Z,3.910000,0.922000,2.988000
2024-09-03,2024-09-04T00:00:00Z,3.840000,0.952000,2.888000
2024-09-04,2024-09-05T00:00:00Z,3.770000,0.917000,2.853000
2024-09-05,2024-09-06T00:00:00Z,3.730000,0.904000,2.826000
2024-09-06,2024-09-07T00:00:00Z,3.720000,0.880000,2.840000
2024-09-09,2024-09-10T00:00:00Z,3.700000,0.925000,2.775000
2024-09-10,2024-09-11T00:00:00Z,3.650000,0.926000,2.724000
2024-09-11,2024-09-12T00:00:00Z,3.650000,0.886000,2.764000
2024-09-12,2024-09-13T00:00:00Z,3.680000,0.896000,2.784000
2024-09-13,2024-09-14T00:00:00Z,3.660000,0.878000,2.782000
2024-09-17,2024-09-18T00:00:00Z,3.650000,0.863000,2.787000
2024-09-18,2024-09-19T00:00:00Z,3.700000,0.860000,2.840000
2024-09-19,2024-09-20T00:00:00Z,3.730000,0.889000,2.841000
2024-09-20,2024-09-21T00:00:00Z,3.730000,0.898000,2.832000
2024-09-24,2024-09-25T00:00:00Z,3.740000,0.848000,2.892000
2024-09-25,2024-09-26T00:00:00Z,3.790000,0.852000,2.938000
2024-09-26,2024-09-27T00:00:00Z,3.790000,0.872000,2.918000
2024-09-27,2024-09-28T00:00:00Z,3.750000,0.849000,2.901000
2024-09-30,2024-10-01T00:00:00Z,3.810000,0.894000,2.916000
2024-10-01,2024-10-02T00:00:00Z,3.740000,0.894000,2.846000
2024-10-02,2024-10-03T00:00:00Z,3.790000,0.859000,2.931000
2024-10-03,2024-10-04T00:00:00Z,3.850000,0.867000,2.983000
2024-10-04,2024-10-05T00:00:00Z,3.980000,0.886000,3.094000
2024-10-07,2024-10-08T00:00:00Z,4.030000,0.926000,3.104000
2024-10-08,2024-10-09T00:00:00Z,4.040000,0.926000,3.114000
2024-10-09,2024-10-10T00:00:00Z,4.060000,0.936000,3.124000
2024-10-10,2024-10-11T00:00:00Z,4.090000,0.960000,3.130000
2024-10-11,2024-10-12T00:00:00Z,4.080000,0.950000,3.130000
2024-10-15,2024-10-16T00:00:00Z,4.030000,0.976000,3.054000
2024-10-16,2024-10-17T00:00:00Z,4.020000,0.957000,3.063000
2024-10-17,2024-10-18T00:00:00Z,4.090000,0.967000,3.123000
2024-10-18,2024-10-19T00:00:00Z,4.080000,0.972000,3.108000
2024-10-21,2024-10-22T00:00:00Z,4.190000,0.963000,3.227000
2024-10-22,2024-10-23T00:00:00Z,4.200000,0.983000,3.217000
2024-10-23,2024-10-24T00:00:00Z,4.240000,0.983000,3.257000
2024-10-24,2024-10-25T00:00:00Z,4.210000,0.964000,3.246000
2024-10-25,2024-10-26T00:00:00Z,4.250000,0.955000,3.295000
2024-10-28,2024-10-29T00:00:00Z,4.280000,0.981000,3.299000
2024-10-29,2024-10-30T00:00:00Z,4.280000,0.981000,3.299000
2024-10-30,2024-10-31T00:00:00Z,4.290000,0.961000,3.329000
2024-10-31,2024-11-01T00:00:00Z,4.280000,0.947000,3.333000
2024-11-01,2024-11-02T00:00:00Z,4.370000,0.952000,3.418000
2024-11-05,2024-11-06T00:00:00Z,4.260000,0.944000,3.316000
2024-11-06,2024-11-07T00:00:00Z,4.420000,0.993000,3.427000
2024-11-07,2024-11-08T00:00:00Z,4.310000,1.016000,3.294000
2024-11-08,2024-11-09T00:00:00Z,4.300000,1.011000,3.289000
2024-11-12,2024-11-13T00:00:00Z,4.430000,1.019000,3.411000
2024-11-13,2024-11-14T00:00:00Z,4.440000,1.053000,3.387000
2024-11-14,2024-11-15T00:00:00Z,4.430000,1.069000,3.361000
2024-11-15,2024-11-16T00:00:00Z,4.430000,1.082000,3.348000
2024-11-18,2024-11-19T00:00:00Z,4.420000,1.083000,3.337000
2024-11-19,2024-11-20T00:00:00Z,4.390000,1.078000,3.312000
2024-11-20,2024-11-21T00:00:00Z,4.410000,1.077000,3.333000
2024-11-21,2024-11-22T00:00:00Z,4.430000,1.106000,3.324000
2024-11-22,2024-11-23T00:00:00Z,4.410000,1.092000,3.318000
2024-11-25,2024-11-26T00:00:00Z,4.270000,1.084000,3.186000
2024-11-26,2024-11-27T00:00:00Z,4.300000,1.074000,3.226000
2024-11-27,2024-11-28T00:00:00Z,4.250000,1.083000,3.167000
2024-11-29,2024-11-30T00:00:00Z,4.180000,1.064000,3.116000
2024-12-02,2024-12-03T00:00:00Z,4.190000,1.091000,3.099000
2024-12-03,2024-12-04T00:00:00Z,4.230000,1.091000,3.139000
2024-12-04,2024-12-05T00:00:00Z,4.190000,1.068000,3.122000
2024-12-05,2024-12-06T00:00:00Z,4.170000,1.082000,3.088000
2024-12-06,2024-12-07T00:00:00Z,4.150000,1.068000,3.082000
2024-12-09,2024-12-10T00:00:00Z,4.200000,1.054000,3.146000
2024-12-10,2024-12-11T00:00:00Z,4.220000,1.078000,3.142000
2024-12-11,2024-12-12T00:00:00Z,4.260000,1.083000,3.177000
2024-12-12,2024-12-13T00:00:00Z,4.320000,1.065000,3.255000
2024-12-13,2024-12-14T00:00:00Z,4.400000,1.055000,3.345000
2024-12-16,2024-12-17T00:00:00Z,4.390000,1.084000,3.306000
2024-12-17,2024-12-18T00:00:00Z,4.400000,1.094000,3.306000
2024-12-18,2024-12-19T00:00:00Z,4.500000,1.079000,3.421000
2024-12-19,2024-12-20T00:00:00Z,4.570000,1.097000,3.473000
2024-12-20,2024-12-21T00:00:00Z,4.520000,1.070000,3.450000
2024-12-23,2024-12-24T00:00:00Z,4.590000,1.081000,3.509000
2024-12-24,2024-12-25T00:00:00Z,4.590000,1.086000,3.504000
2024-12-26,2024-12-27T00:00:00Z,4.580000,1.103000,3.477000
2024-12-27,2024-12-28T00:00:00Z,4.620000,1.119000,3.501000
2024-12-30,2024-12-31T00:00:00Z,4.550000,1.111000,3.439000
2025-01-06,2025-01-07T00:00:00Z,4.620000,1.145000,3.475000
2025-01-07,2025-01-08T00:00:00Z,4.670000,1.148000,3.522000
2025-01-08,2025-01-09T00:00:00Z,4.670000,1.182000,3.488000
2025-01-09,2025-01-10T00:00:00Z,4.680000,1.178000,3.502000
2025-01-10,2025-01-11T00:00:00Z,4.770000,1.202000,3.568000
2025-01-14,2025-01-15T00:00:00Z,4.780000,1.246000,3.534000
2025-01-15,2025-01-16T00:00:00Z,4.660000,1.255000,3.405000
2025-01-16,2025-01-17T00:00:00Z,4.610000,1.207000,3.403000
2025-01-17,2025-01-18T00:00:00Z,4.610000,1.207000,3.403000
2025-01-21,2025-01-22T00:00:00Z,4.570000,1.194000,3.376000
2025-01-22,2025-01-23T00:00:00Z,4.600000,1.205000,3.395000
2025-01-23,2025-01-24T00:00:00Z,4.650000,1.215000,3.435000
2025-01-24,2025-01-25T00:00:00Z,4.630000,1.238000,3.392000
2025-01-27,2025-01-28T00:00:00Z,4.530000,1.225000,3.305000
2025-01-28,2025-01-29T00:00:00Z,4.550000,1.201000,3.349000
2025-01-29,2025-01-30T00:00:00Z,4.550000,1.201000,3.349000
2025-01-30,2025-01-31T00:00:00Z,4.520000,1.221000,3.299000
2025-01-31,2025-02-01T00:00:00Z,4.580000,1.250000,3.330000
2025-02-03,2025-02-04T00:00:00Z,4.540000,1.254000,3.286000
2025-02-04,2025-02-05T00:00:00Z,4.520000,1.282000,3.238000
2025-02-05,2025-02-06T00:00:00Z,4.430000,1.289000,3.141000
2025-02-06,2025-02-07T00:00:00Z,4.450000,1.270000,3.180000
2025-02-07,2025-02-08T00:00:00Z,4.490000,1.307000,3.183000
2025-02-10,2025-02-11T00:00:00Z,4.510000,1.318000,3.192000
2025-02-12,2025-02-13T00:00:00Z,4.620000,1.346000,3.274000
2025-02-13,2025-02-14T00:00:00Z,4.520000,1.357000,3.163000
2025-02-14,2025-02-15T00:00:00Z,4.470000,1.357000,3.113000
2025-02-18,2025-02-19T00:00:00Z,4.550000,1.432000,3.118000
2025-02-19,2025-02-20T00:00:00Z,4.530000,1.432000,3.098000
2025-02-20,2025-02-21T00:00:00Z,4.500000,1.441000,3.059000
2025-02-21,2025-02-22T00:00:00Z,4.420000,1.427000,2.993000
2025-02-25,2025-02-26T00:00:00Z,4.300000,1.387000,2.913000
2025-02-26,2025-02-27T00:00:00Z,4.250000,1.373000,2.877000
2025-02-27,2025-02-28T00:00:00Z,4.290000,1.398000,2.892000
2025-02-28,2025-03-01T00:00:00Z,4.240000,1.378000,2.862000
2025-03-03,2025-03-04T00:00:00Z,4.160000,1.412000,2.748000
2025-03-04,2025-03-05T00:00:00Z,4.220000,1.428000,2.792000
2025-03-05,2025-03-06T00:00:00Z,4.280000,1.448000,2.832000
2025-03-06,2025-03-07T00:00:00Z,4.290000,1.517000,2.773000
2025-03-07,2025-03-08T00:00:00Z,4.320000,1.523000,2.797000
2025-03-10,2025-03-11T00:00:00Z,4.220000,1.575000,2.645000
2025-03-11,2025-03-12T00:00:00Z,4.280000,1.511000,2.769000
2025-03-12,2025-03-13T00:00:00Z,4.320000,1.527000,2.793000
2025-03-13,2025-03-14T00:00:00Z,4.270000,1.549000,2.721000
2025-03-14,2025-03-15T00:00:00Z,4.310000,1.522000,2.788000
2025-03-17,2025-03-18T00:00:00Z,4.310000,1.513000,2.797000
2025-03-18,2025-03-19T00:00:00Z,4.290000,1.507000,2.783000
2025-03-19,2025-03-20T00:00:00Z,4.250000,1.520000,2.730000
2025-03-21,2025-03-22T00:00:00Z,4.250000,1.527000,2.723000
2025-03-24,2025-03-25T00:00:00Z,4.340000,1.549000,2.791000
2025-03-25,2025-03-26T00:00:00Z,4.310000,1.578000,2.732000
2025-03-26,2025-03-27T00:00:00Z,4.350000,1.583000,2.767000
2025-03-27,2025-03-28T00:00:00Z,4.380000,1.588000,2.792000
2025-03-28,2025-03-29T00:00:00Z,4.270000,1.551000,2.719000
2025-03-31,2025-04-01T00:00:00Z,4.230000,1.497000,2.733000
2025-04-01,2025-04-02T00:00:00Z,4.170000,1.511000,2.659000
2025-04-02,2025-04-03T00:00:00Z,4.200000,1.481000,2.719000
2025-04-03,2025-04-04T00:00:00Z,4.060000,1.366000,2.694000
2025-04-04,2025-04-05T00:00:00Z,4.010000,1.176000,2.834000
2025-04-07,2025-04-08T00:00:00Z,4.150000,1.129000,3.021000
2025-04-08,2025-04-09T00:00:00Z,4.260000,1.268000,2.992000
2025-04-09,2025-04-10T00:00:00Z,4.340000,1.284000,3.056000
2025-04-10,2025-04-11T00:00:00Z,4.400000,1.379000,3.021000
2025-04-11,2025-04-12T00:00:00Z,4.480000,1.357000,3.123000
2025-04-14,2025-04-15T00:00:00Z,4.380000,1.350000,3.030000
2025-04-15,2025-04-16T00:00:00Z,4.350000,1.377000,2.973000
2025-04-16,2025-04-17T00:00:00Z,4.290000,1.305000,2.985000
2025-04-17,2025-04-18T00:00:00Z,4.340000,1.320000,3.020000
2025-04-21,2025-04-22T00:00:00Z,4.420000,1.302000,3.118000
2025-04-22,2025-04-23T00:00:00Z,4.410000,1.323000,3.087000
2025-04-23,2025-04-24T00:00:00Z,4.400000,1.340000,3.060000
2025-04-24,2025-04-25T00:00:00Z,4.320000,1.328000,2.992000
2025-04-25,2025-04-26T00:00:00Z,4.290000,1.347000,2.943000
2025-04-28,2025-04-29T00:00:00Z,4.230000,1.329000,2.901000
2025-04-30,2025-05-01T00:00:00Z,4.170000,1.330000,2.840000
2025-05-01,2025-05-02T00:00:00Z,4.250000,1.291000,2.959000
2025-05-02,2025-05-03T00:00:00Z,4.330000,1.283000,3.047000
2025-05-07,2025-05-08T00:00:00Z,4.260000,1.318000,2.942000
2025-05-08,2025-05-09T00:00:00Z,4.370000,1.343000,3.027000
2025-05-09,2025-05-10T00:00:00Z,4.370000,1.370000,3.000000
2025-05-12,2025-05-13T00:00:00Z,4.450000,1.405000,3.045000
2025-05-13,2025-05-14T00:00:00Z,4.490000,1.460000,3.030000
2025-05-14,2025-05-15T00:00:00Z,4.530000,1.466000,3.064000
2025-05-15,2025-05-16T00:00:00Z,4.450000,1.489000,2.961000
2025-05-16,2025-05-17T00:00:00Z,4.430000,1.466000,2.964000
2025-05-19,2025-05-20T00:00:00Z,4.460000,1.494000,2.966000
2025-05-20,2025-05-21T00:00:00Z,4.480000,1.530000,2.950000
2025-05-21,2025-05-22T00:00:00Z,4.580000,1.530000,3.050000
2025-05-22,2025-05-23T00:00:00Z,4.540000,1.573000,2.967000
2025-05-23,2025-05-24T00:00:00Z,4.510000,1.559000,2.951000
2025-05-27,2025-05-28T00:00:00Z,4.430000,1.479000,2.951000
2025-05-28,2025-05-29T00:00:00Z,4.470000,1.531000,2.939000
2025-05-29,2025-05-30T00:00:00Z,4.430000,1.532000,2.898000
2025-05-30,2025-05-31T00:00:00Z,4.410000,1.518000,2.892000
2025-06-02,2025-06-03T00:00:00Z,4.460000,1.523000,2.937000
2025-06-03,2025-06-04T00:00:00Z,4.460000,1.499000,2.961000
2025-06-04,2025-06-05T00:00:00Z,4.370000,1.518000,2.852000
2025-06-05,2025-06-06T00:00:00Z,4.400000,1.481000,2.919000
2025-06-06,2025-06-07T00:00:00Z,4.510000,1.477000,3.033000
2025-06-09,2025-06-10T00:00:00Z,4.490000,1.491000,2.999000
2025-06-10,2025-06-11T00:00:00Z,4.470000,1.498000,2.972000
2025-06-11,2025-06-12T00:00:00Z,4.410000,1.480000,2.930000
2025-06-12,2025-06-13T00:00:00Z,4.360000,1.480000,2.880000
2025-06-13,2025-06-14T00:00:00Z,4.410000,1.429000,2.981000
2025-06-16,2025-06-17T00:00:00Z,4.460000,1.477000,2.983000
2025-06-17,2025-06-18T00:00:00Z,4.390000,1.498000,2.892000
2025-06-18,2025-06-19T00:00:00Z,4.380000,1.479000,2.901000
2025-06-20,2025-06-21T00:00:00Z,4.380000,1.424000,2.956000
2025-06-23,2025-06-24T00:00:00Z,4.340000,1.437000,2.903000
2025-06-24,2025-06-25T00:00:00Z,4.300000,1.445000,2.855000
2025-06-25,2025-06-26T00:00:00Z,4.290000,1.426000,2.864000
2025-06-26,2025-06-27T00:00:00Z,4.260000,1.445000,2.815000
2025-06-27,2025-06-28T00:00:00Z,4.290000,1.459000,2.831000
2025-06-30,2025-07-01T00:00:00Z,4.240000,1.462000,2.778000
2025-07-01,2025-07-02T00:00:00Z,4.260000,1.419000,2.841000
2025-07-02,2025-07-03T00:00:00Z,4.300000,1.434000,2.866000
2025-07-03,2025-07-04T00:00:00Z,4.350000,1.448000,2.902000
2025-07-07,2025-07-08T00:00:00Z,4.400000,1.463000,2.937000
2025-07-08,2025-07-09T00:00:00Z,4.420000,1.492000,2.928000
2025-07-09,2025-07-10T00:00:00Z,4.340000,1.507000,2.833000
2025-07-10,2025-07-11T00:00:00Z,4.350000,1.498000,2.852000
2025-07-11,2025-07-12T00:00:00Z,4.430000,1.507000,2.923000
2025-07-14,2025-07-15T00:00:00Z,4.430000,1.574000,2.856000
2025-07-15,2025-07-16T00:00:00Z,4.500000,1.588000,2.912000
2025-07-16,2025-07-17T00:00:00Z,4.460000,1.575000,2.885000
2025-07-17,2025-07-18T00:00:00Z,4.470000,1.561000,2.909000
2025-07-18,2025-07-19T00:00:00Z,4.440000,1.528000,2.912000
2025-07-22,2025-07-23T00:00:00Z,4.350000,1.510000,2.840000
2025-07-23,2025-07-24T00:00:00Z,4.400000,1.596000,2.804000
2025-07-24,2025-07-25T00:00:00Z,4.430000,1.605000,2.825000
2025-07-25,2025-07-26T00:00:00Z,4.400000,1.605000,2.795000
2025-07-28,2025-07-29T00:00:00Z,4.420000,1.571000,2.849000
2025-07-29,2025-07-30T00:00:00Z,4.340000,1.564000,2.776000
2025-07-30,2025-07-31T00:00:00Z,4.380000,1.565000,2.815000
2025-07-31,2025-08-01T00:00:00Z,4.370000,1.559000,2.811000
2025-08-01,2025-08-02T00:00:00Z,4.230000,1.560000,2.670000
2025-08-04,2025-08-05T00:00:00Z,4.220000,1.520000,2.700000
2025-08-05,2025-08-06T00:00:00Z,4.220000,1.487000,2.733000
2025-08-06,2025-08-07T00:00:00Z,4.220000,1.509000,2.711000
2025-08-07,2025-08-08T00:00:00Z,4.230000,1.500000,2.730000
2025-08-08,2025-08-09T00:00:00Z,4.270000,1.502000,2.768000
2025-08-12,2025-08-13T00:00:00Z,4.290000,1.516000,2.774000
2025-08-13,2025-08-14T00:00:00Z,4.240000,1.530000,2.710000
2025-08-14,2025-08-15T00:00:00Z,4.290000,1.563000,2.727000
2025-08-15,2025-08-16T00:00:00Z,4.330000,1.574000,2.756000
2025-08-18,2025-08-19T00:00:00Z,4.340000,1.584000,2.756000
2025-08-19,2025-08-20T00:00:00Z,4.300000,1.603000,2.697000
2025-08-20,2025-08-21T00:00:00Z,4.290000,1.617000,2.673000
2025-08-21,2025-08-22T00:00:00Z,4.330000,1.617000,2.713000
2025-08-22,2025-08-23T00:00:00Z,4.260000,1.626000,2.634000
2025-08-25,2025-08-26T00:00:00Z,4.280000,1.628000,2.652000
2025-08-26,2025-08-27T00:00:00Z,4.260000,1.631000,2.629000
2025-08-27,2025-08-28T00:00:00Z,4.240000,1.637000,2.603000
2025-08-28,2025-08-29T00:00:00Z,4.220000,1.628000,2.592000
2025-08-29,2025-08-30T00:00:00Z,4.230000,1.613000,2.617000
2025-09-02,2025-09-03T00:00:00Z,4.280000,1.615000,2.665000
2025-09-03,2025-09-04T00:00:00Z,4.220000,1.643000,2.577000
2025-09-04,2025-09-05T00:00:00Z,4.170000,1.617000,2.553000
2025-09-05,2025-09-06T00:00:00Z,4.100000,1.590000,2.510000
2025-09-08,2025-09-09T00:00:00Z,4.050000,1.586000,2.464000
2025-09-09,2025-09-10T00:00:00Z,4.080000,1.580000,2.500000
2025-09-10,2025-09-11T00:00:00Z,4.040000,1.585000,2.455000
2025-09-11,2025-09-12T00:00:00Z,4.010000,1.594000,2.416000
2025-09-12,2025-09-13T00:00:00Z,4.060000,1.613000,2.447000
2025-09-16,2025-09-17T00:00:00Z,4.040000,1.623000,2.417000
2025-09-17,2025-09-18T00:00:00Z,4.060000,1.611000,2.449000
2025-09-18,2025-09-19T00:00:00Z,4.110000,1.615000,2.495000
2025-09-19,2025-09-20T00:00:00Z,4.140000,1.655000,2.485000
2025-09-22,2025-09-23T00:00:00Z,4.150000,1.669000,2.481000
2025-09-24,2025-09-25T00:00:00Z,4.160000,1.655000,2.505000
2025-09-25,2025-09-26T00:00:00Z,4.180000,1.659000,2.521000
2025-09-26,2025-09-27T00:00:00Z,4.200000,1.669000,2.531000
2025-09-29,2025-09-30T00:00:00Z,4.150000,1.657000,2.493000
2025-09-30,2025-10-01T00:00:00Z,4.160000,1.662000,2.498000
2025-10-01,2025-10-02T00:00:00Z,4.120000,1.663000,2.457000
2025-10-02,2025-10-03T00:00:00Z,4.100000,1.675000,2.425000
2025-10-03,2025-10-04T00:00:00Z,4.130000,1.667000,2.463000
2025-10-06,2025-10-07T00:00:00Z,4.180000,1.677000,2.503000
2025-10-07,2025-10-08T00:00:00Z,4.140000,1.682000,2.458000
2025-10-08,2025-10-09T00:00:00Z,4.130000,1.701000,2.429000
2025-10-09,2025-10-10T00:00:00Z,4.140000,1.697000,2.443000
2025-10-10,2025-10-11T00:00:00Z,4.050000,1.697000,2.353000
2025-10-14,2025-10-15T00:00:00Z,4.030000,1.670000,2.360000
2025-10-15,2025-10-16T00:00:00Z,4.050000,1.662000,2.388000
2025-10-16,2025-10-17T00:00:00Z,3.990000,1.663000,2.327000
2025-10-17,2025-10-18T00:00:00Z,4.020000,1.638000,2.382000
2025-10-20,2025-10-21T00:00:00Z,4.000000,1.676000,2.324000
2025-10-21,2025-10-22T00:00:00Z,3.980000,1.667000,2.313000
2025-10-22,2025-10-23T00:00:00Z,3.970000,1.663000,2.307000
2025-10-23,2025-10-24T00:00:00Z,4.010000,1.667000,2.343000
2025-10-24,2025-10-25T00:00:00Z,4.020000,1.667000,2.353000
2025-10-27,2025-10-28T00:00:00Z,4.010000,1.683000,2.327000
2025-10-28,2025-10-29T00:00:00Z,3.990000,1.654000,2.336000
2025-10-29,2025-10-30T00:00:00Z,4.080000,1.664000,2.416000
2025-10-30,2025-10-31T00:00:00Z,4.110000,1.660000,2.450000
2025-10-31,2025-11-01T00:00:00Z,4.110000,1.670000,2.440000
2025-11-04,2025-11-05T00:00:00Z,4.100000,1.684000,2.416000
2025-11-05,2025-11-06T00:00:00Z,4.170000,1.676000,2.494000
2025-11-06,2025-11-07T00:00:00Z,4.110000,1.694000,2.416000
2025-11-07,2025-11-08T00:00:00Z,4.110000,1.688000,2.422000
2025-11-10,2025-11-11T00:00:00Z,4.130000,1.712000,2.418000
2025-11-12,2025-11-13T00:00:00Z,4.080000,1.700000,2.380000
2025-11-13,2025-11-14T00:00:00Z,4.110000,1.705000,2.405000
2025-11-14,2025-11-15T00:00:00Z,4.140000,1.714000,2.426000
2025-11-17,2025-11-18T00:00:00Z,4.130000,1.745000,2.385000
2025-11-18,2025-11-19T00:00:00Z,4.120000,1.759000,2.361000
2025-11-19,2025-11-20T00:00:00Z,4.130000,1.779000,2.351000
2025-11-20,2025-11-21T00:00:00Z,4.100000,1.824000,2.276000
2025-11-21,2025-11-22T00:00:00Z,4.060000,1.792000,2.268000
2025-11-25,2025-11-26T00:00:00Z,4.010000,1.811000,2.199000
2025-11-26,2025-11-27T00:00:00Z,4.000000,1.825000,2.175000
2025-11-28,2025-11-29T00:00:00Z,4.020000,1.812000,2.208000
2025-12-01,2025-12-02T00:00:00Z,4.090000,1.881000,2.209000
2025-12-02,2025-12-03T00:00:00Z,4.090000,1.864000,2.226000
2025-12-03,2025-12-04T00:00:00Z,4.060000,1.897000,2.163000
2025-12-04,2025-12-05T00:00:00Z,4.110000,1.939000,2.171000
2025-12-05,2025-12-06T00:00:00Z,4.140000,1.951000,2.189000
2025-12-08,2025-12-09T00:00:00Z,4.170000,1.966000,2.204000
2025-12-09,2025-12-10T00:00:00Z,4.180000,1.962000,2.218000
2025-12-10,2025-12-11T00:00:00Z,4.130000,1.958000,2.172000
2025-12-11,2025-12-12T00:00:00Z,4.140000,1.933000,2.207000
2025-12-12,2025-12-13T00:00:00Z,4.190000,1.956000,2.234000
2025-12-15,2025-12-16T00:00:00Z,4.180000,1.961000,2.219000
2025-12-16,2025-12-17T00:00:00Z,4.150000,1.957000,2.193000
2025-12-17,2025-12-18T00:00:00Z,4.160000,1.980000,2.180000
2025-12-18,2025-12-19T00:00:00Z,4.120000,1.972000,2.148000
2025-12-19,2025-12-20T00:00:00Z,4.160000,2.021000,2.139000
2025-12-22,2025-12-23T00:00:00Z,4.170000,2.073000,2.097000
2025-12-23,2025-12-24T00:00:00Z,4.180000,2.039000,2.141000
2025-12-24,2025-12-25T00:00:00Z,4.150000,2.044000,2.106000
2025-12-26,2025-12-27T00:00:00Z,4.140000,2.039000,2.101000
2025-12-29,2025-12-30T00:00:00Z,4.120000,2.052000,2.068000
2025-12-30,2025-12-31T00:00:00Z,4.140000,2.066000,2.074000
2026-01-05,2026-01-06T00:00:00Z,4.170000,2.111000,2.059000
2026-01-06,2026-01-07T00:00:00Z,4.180000,2.123000,2.057000
2026-01-07,2026-01-08T00:00:00Z,4.150000,2.124000,2.026000
2026-01-08,2026-01-09T00:00:00Z,4.190000,2.083000,2.107000
2026-01-09,2026-01-10T00:00:00Z,4.180000,2.096000,2.084000
2026-01-13,2026-01-14T00:00:00Z,4.180000,2.163000,2.017000
2026-01-14,2026-01-15T00:00:00Z,4.150000,2.182000,1.968000
2026-01-15,2026-01-16T00:00:00Z,4.170000,2.164000,2.006000
2026-01-16,2026-01-17T00:00:00Z,4.240000,2.182000,2.058000
2026-01-20,2026-01-21T00:00:00Z,4.300000,2.330000,1.970000
2026-01-21,2026-01-22T00:00:00Z,4.260000,2.280000,1.980000
2026-01-22,2026-01-23T00:00:00Z,4.260000,2.239000,2.021000
2026-01-23,2026-01-24T00:00:00Z,4.240000,2.253000,1.987000
2026-01-26,2026-01-27T00:00:00Z,4.220000,2.236000,1.984000
2026-01-27,2026-01-28T00:00:00Z,4.240000,2.281000,1.959000
2026-01-28,2026-01-29T00:00:00Z,4.260000,2.237000,2.023000
2026-01-29,2026-01-30T00:00:00Z,4.240000,2.252000,1.988000
2026-01-30,2026-01-31T00:00:00Z,4.260000,2.247000,2.013000
2026-02-02,2026-02-03T00:00:00Z,4.290000,2.235000,2.055000
2026-02-03,2026-02-04T00:00:00Z,4.280000,2.258000,2.022000
2026-02-04,2026-02-05T00:00:00Z,4.290000,2.249000,2.041000
2026-02-05,2026-02-06T00:00:00Z,4.210000,2.231000,1.979000
2026-02-06,2026-02-07T00:00:00Z,4.220000,2.236000,1.984000
2026-02-09,2026-02-10T00:00:00Z,4.220000,2.289000,1.931000
2026-02-10,2026-02-11T00:00:00Z,4.160000,2.241000,1.919000
2026-02-12,2026-02-13T00:00:00Z,4.090000,2.238000,1.852000
2026-02-13,2026-02-14T00:00:00Z,4.040000,2.218000,1.822000
2026-02-17,2026-02-18T00:00:00Z,4.050000,2.143000,1.907000
2026-02-18,2026-02-19T00:00:00Z,4.090000,2.152000,1.938000
2026-02-19,2026-02-20T00:00:00Z,4.080000,2.157000,1.923000
2026-02-20,2026-02-21T00:00:00Z,4.080000,2.125000,1.955000
2026-02-24,2026-02-25T00:00:00Z,4.040000,2.119000,1.921000
2026-02-25,2026-02-26T00:00:00Z,4.050000,2.154000,1.896000
2026-02-26,2026-02-27T00:00:00Z,4.020000,2.168000,1.852000
2026-02-27,2026-02-28T00:00:00Z,3.970000,2.132000,1.838000
2026-03-02,2026-03-03T00:00:00Z,4.050000,2.087000,1.963000
2026-03-03,2026-03-04T00:00:00Z,4.060000,2.148000,1.912000
2026-03-04,2026-03-05T00:00:00Z,4.090000,2.134000,1.956000
2026-03-05,2026-03-06T00:00:00Z,4.130000,2.175000,1.955000
2026-03-06,2026-03-07T00:00:00Z,4.150000,2.180000,1.970000
2026-03-09,2026-03-10T00:00:00Z,4.120000,2.205000,1.915000
2026-03-10,2026-03-11T00:00:00Z,4.150000,2.199000,1.951000
2026-03-11,2026-03-12T00:00:00Z,4.210000,2.178000,2.032000
2026-03-12,2026-03-13T00:00:00Z,4.270000,2.201000,2.069000
2026-03-13,2026-03-14T00:00:00Z,4.280000,2.255000,2.025000
2026-03-16,2026-03-17T00:00:00Z,4.230000,2.288000,1.942000
2026-03-17,2026-03-18T00:00:00Z,4.200000,2.279000,1.921000
2026-03-18,2026-03-19T00:00:00Z,4.260000,2.231000,2.029000
2026-03-19,2026-03-20T00:00:00Z,4.250000,2.273000,1.977000
2026-03-23,2026-03-24T00:00:00Z,4.340000,2.322000,2.018000
2026-03-24,2026-03-25T00:00:00Z,4.390000,2.282000,2.108000
2026-03-25,2026-03-26T00:00:00Z,4.330000,2.267000,2.063000
2026-03-26,2026-03-27T00:00:00Z,4.420000,2.286000,2.134000
2026-03-27,2026-03-28T00:00:00Z,4.440000,2.380000,2.060000
2026-03-30,2026-03-31T00:00:00Z,4.350000,2.368000,1.982000
2026-03-31,2026-04-01T00:00:00Z,4.300000,2.366000,1.934000
2026-04-01,2026-04-02T00:00:00Z,4.330000,2.315000,2.015000
2026-04-02,2026-04-03T00:00:00Z,4.310000,2.395000,1.915000
2026-04-03,2026-04-04T00:00:00Z,4.350000,2.386000,1.964000
2026-04-06,2026-04-07T00:00:00Z,4.340000,2.429000,1.911000
2026-04-07,2026-04-08T00:00:00Z,4.330000,2.411000,1.919000
2026-04-08,2026-04-09T00:00:00Z,4.290000,2.374000,1.916000
2026-04-09,2026-04-10T00:00:00Z,4.290000,2.397000,1.893000
2026-04-10,2026-04-11T00:00:00Z,4.310000,2.439000,1.871000
2026-04-13,2026-04-14T00:00:00Z,4.300000,2.467000,1.833000
2026-04-14,2026-04-15T00:00:00Z,4.260000,2.423000,1.837000
2026-04-15,2026-04-16T00:00:00Z,4.290000,2.414000,1.876000
2026-04-16,2026-04-17T00:00:00Z,4.320000,2.409000,1.911000
2026-04-17,2026-04-18T00:00:00Z,4.260000,2.428000,1.832000
2026-04-20,2026-04-21T00:00:00Z,4.260000,2.405000,1.855000
2026-04-21,2026-04-22T00:00:00Z,4.300000,2.392000,1.908000
2026-04-22,2026-04-23T00:00:00Z,4.300000,2.406000,1.894000
2026-04-23,2026-04-24T00:00:00Z,4.340000,2.429000,1.911000
2026-04-24,2026-04-25T00:00:00Z,4.310000,2.443000,1.867000
2026-04-27,2026-04-28T00:00:00Z,4.350000,2.477000,1.873000
2026-04-28,2026-04-29T00:00:00Z,4.360000,2.468000,1.892000
2026-04-30,2026-05-01T00:00:00Z,4.400000,2.520000,1.880000
2026-05-01,2026-05-02T00:00:00Z,4.390000,2.507000,1.883000
2026-05-07,2026-05-08T00:00:00Z,4.410000,2.485000,1.925000
2026-05-08,2026-05-09T00:00:00Z,4.380000,2.485000,1.895000
2026-05-11,2026-05-12T00:00:00Z,4.420000,2.527000,1.893000
2026-05-12,2026-05-13T00:00:00Z,4.460000,2.546000,1.914000
2026-05-13,2026-05-14T00:00:00Z,4.460000,2.587000,1.873000
2026-05-14,2026-05-15T00:00:00Z,4.470000,2.628000,1.842000
2026-05-15,2026-05-16T00:00:00Z,4.590000,2.691000,1.899000
2026-05-18,2026-05-19T00:00:00Z,4.610000,2.729000,1.881000
2026-05-19,2026-05-20T00:00:00Z,4.670000,2.783000,1.887000
2026-05-20,2026-05-21T00:00:00Z,4.570000,2.770000,1.800000
2026-05-21,2026-05-22T00:00:00Z,4.570000,2.748000,1.822000
2026-05-22,2026-05-23T00:00:00Z,4.560000,2.749000,1.811000
2026-05-26,2026-05-27T00:00:00Z,4.500000,2.713000,1.787000
2026-05-27,2026-05-28T00:00:00Z,4.480000,2.687000,1.793000
2026-05-28,2026-05-29T00:00:00Z,4.450000,2.692000,1.758000
2026-05-29,2026-05-30T00:00:00Z,4.450000,2.657000,1.793000
2026-06-01,2026-06-02T00:00:00Z,4.470000,2.682000,1.788000
2026-06-02,2026-06-03T00:00:00Z,4.460000,2.577000,1.883000
2026-06-03,2026-06-04T00:00:00Z,4.490000,2.645000,1.845000
2026-06-04,2026-06-05T00:00:00Z,4.470000,2.671000,1.799000
2026-06-05,2026-06-06T00:00:00Z,4.550000,2.669000,1.881000
2026-06-08,2026-06-09T00:00:00Z,4.560000,2.715000,1.845000
2026-06-09,2026-06-10T00:00:00Z,4.530000,2.669000,1.861000
2026-06-10,2026-06-11T00:00:00Z,4.550000,2.681000,1.869000
2026-06-11,2026-06-12T00:00:00Z,4.450000,2.682000,1.768000
2026-06-12,2026-06-13T00:00:00Z,4.480000,2.643000,1.837000
2026-06-15,2026-06-16T00:00:00Z,4.470000,2.589000,1.881000
2026-06-16,2026-06-17T00:00:00Z,4.430000,2.655000,1.775000
2026-06-17,2026-06-18T00:00:00Z,4.490000,2.613000,1.877000
2026-06-18,2026-06-19T00:00:00Z,4.460000,2.628000,1.832000
2026-06-22,2026-06-23T00:00:00Z,4.510000,2.677000,1.833000
2026-06-23,2026-06-24T00:00:00Z,4.500000,2.683000,1.817000
2026-06-24,2026-06-25T00:00:00Z,4.410000,2.674000,1.736000
2026-06-25,2026-06-26T00:00:00Z,4.400000,2.637000,1.763000
2026-06-26,2026-06-27T00:00:00Z,4.380000,2.611000,1.769000
2026-06-29,2026-06-30T00:00:00Z,4.380000,2.644000,1.736000
2026-06-30,2026-07-01T00:00:00Z,4.440000,2.690000,1.750000
