ask,bid,flags,last,symbol,time_msc,time_utc,volume_real
1.14519,1.14517,1030,0.0,EURUSD,1784049798551,2026-07-14T17:23:18.551000Z,0.0
1.14517,1.1451500000000001,1030,0.0,EURUSD,1784049801193,2026-07-14T17:23:21.193000Z,0.0
1.14519,1.14517,1030,0.0,EURUSD,1784049802318,2026-07-14T17:23:22.318000Z,0.0
1.14517,1.1451500000000001,1030,0.0,EURUSD,1784049804928,2026-07-14T17:23:24.928000Z,0.0
1.14519,1.14517,1030,0.0,EURUSD,1784049806668,2026-07-14T17:23:26.668000Z,0.0
1.14522,1.1452,1030,0.0,EURUSD,1784049808940,2026-07-14T17:23:28.940000Z,0.0
1.14513,1.14511,1028,0.0,EURUSD,1784049811575,2026-07-14T17:23:31.575000Z,0.0
1.1451,1.14508,1026,0.0,EURUSD,1784049813131,2026-07-14T17:23:33.131000Z,0.0
1.14505,1.14503,1030,0.0,EURUSD,1784049815192,2026-07-14T17:23:35.192000Z,0.0
1.14507,1.14505,1030,0.0,EURUSD,1784049817842,2026-07-14T17:23:37.842000Z,0.0
1.14503,1.14501,1030,0.0,EURUSD,1784049819901,2026-07-14T17:23:39.901000Z,0.0
1.14505,1.14503,1030,0.0,EURUSD,1784049821959,2026-07-14T17:23:41.959000Z,0.0
1.14497,1.14495,1026,0.0,EURUSD,1784049824140,2026-07-14T17:23:44.140000Z,0.0
1.1449799999999999,1.14496,1030,0.0,EURUSD,1784049826411,2026-07-14T17:23:46.411000Z,0.0
1.1448800000000001,1.14486,1030,0.0,EURUSD,1784049827895,2026-07-14T17:23:47.895000Z,0.0
1.14484,1.14482,1026,0.0,EURUSD,1784049830388,2026-07-14T17:23:50.388000Z,0.0
1.14484,1.14482,1030,0.0,EURUSD,1784049832058,2026-07-14T17:23:52.058000Z,0.0
1.14487,1.14483,1030,0.0,EURUSD,1784049834807,2026-07-14T17:23:54.807000Z,0.0
1.1448,1.14478,1030,0.0,EURUSD,1784049836838,2026-07-14T17:23:56.838000Z,0.0
1.14486,1.14484,1030,0.0,EURUSD,1784049838757,2026-07-14T17:23:58.757000Z,0.0
1.14489,1.14487,1030,0.0,EURUSD,1784049840983,2026-07-14T17:24:00.983000Z,0.0
1.14492,1.1449,1030,0.0,EURUSD,1784049843092,2026-07-14T17:24:03.092000Z,0.0
1.14492,1.1449,1030,0.0,EURUSD,1784049844463,2026-07-14T17:24:04.463000Z,0.0
1.14485,1.14483,1030,0.0,EURUSD,1784049847369,2026-07-14T17:24:07.369000Z,0.0
1.14485,1.14483,1030,0.0,EURUSD,1784049849253,2026-07-14T17:24:09.253000Z,0.0
1.14489,1.14487,1030,0.0,EURUSD,1784049850845,2026-07-14T17:24:10.845000Z,0.0
1.1449,1.1448800000000001,1030,0.0,EURUSD,1784049853588,2026-07-14T17:24:13.588000Z,0.0
1.14493,1.14491,1030,0.0,EURUSD,1784049855654,2026-07-14T17:24:15.654000Z,0.0
1.14494,1.14492,1030,0.0,EURUSD,1784049857694,2026-07-14T17:24:17.694000Z,0.0
1.1449,1.1448800000000001,1030,0.0,EURUSD,1784049859888,2026-07-14T17:24:19.888000Z,0.0
1.1449,1.1448800000000001,1030,0.0,EURUSD,1784049861288,2026-07-14T17:24:21.288000Z,0.0
1.14493,1.14491,1030,0.0,EURUSD,1784049863823,2026-07-14T17:24:23.823000Z,0.0
1.14491,1.14489,1030,0.0,EURUSD,1784049866190,2026-07-14T17:24:26.190000Z,0.0
1.14492,1.1449,1030,0.0,EURUSD,1784049868138,2026-07-14T17:24:28.138000Z,0.0
1.1448800000000001,1.14486,1030,0.0,EURUSD,1784049870314,2026-07-14T17:24:30.314000Z,0.0
1.14495,1.14493,1030,0.0,EURUSD,1784049871565,2026-07-14T17:24:31.565000Z,0.0
1.14491,1.14489,1030,0.0,EURUSD,1784049874245,2026-07-14T17:24:34.245000Z,0.0
1.1448800000000001,1.14486,1030,0.0,EURUSD,1784049876488,2026-07-14T17:24:36.488000Z,0.0
1.14493,1.14491,1030,0.0,EURUSD,1784049878690,2026-07-14T17:24:38.690000Z,0.0
1.14495,1.14493,1030,0.0,EURUSD,1784049880436,2026-07-14T17:24:40.436000Z,0.0
1.14496,1.14494,1030,0.0,EURUSD,1784049882588,2026-07-14T17:24:42.588000Z,0.0
1.14495,1.14493,1028,0.0,EURUSD,1784049884871,2026-07-14T17:24:44.871000Z,0.0
1.14497,1.14495,1030,0.0,EURUSD,1784049887191,2026-07-14T17:24:47.191000Z,0.0
1.14495,1.14493,1030,0.0,EURUSD,1784049889038,2026-07-14T17:24:49.038000Z,0.0
1.1449,1.1448800000000001,1030,0.0,EURUSD,1784049891353,2026-07-14T17:24:51.353000Z,0.0
1.14489,1.14487,1028,0.0,EURUSD,1784049891829,2026-07-14T17:24:51.829000Z,0.0
1.14489,1.14487,1030,0.0,EURUSD,1784049894256,2026-07-14T17:24:54.256000Z,0.0
1.14484,1.14482,1030,0.0,EURUSD,1784049897273,2026-07-14T17:24:57.273000Z,0.0
1.14484,1.14482,1030,0.0,EURUSD,1784049901688,2026-07-14T17:25:01.688000Z,0.0
1.14484,1.14482,1026,0.0,EURUSD,1784049903043,2026-07-14T17:25:03.043000Z,0.0
1.1449,1.1448800000000001,1030,0.0,EURUSD,1784049905559,2026-07-14T17:25:05.559000Z,0.0
1.14484,1.14482,1030,0.0,EURUSD,1784049907638,2026-07-14T17:25:07.638000Z,0.0
1.14485,1.14483,1030,0.0,EURUSD,1784049909791,2026-07-14T17:25:09.791000Z,0.0
1.14487,1.14485,1030,0.0,EURUSD,1784049912108,2026-07-14T17:25:12.108000Z,0.0
1.14487,1.14485,1030,0.0,EURUSD,1784049913291,2026-07-14T17:25:13.291000Z,0.0
1.14482,1.1448,1030,0.0,EURUSD,1784049915884,2026-07-14T17:25:15.884000Z,0.0
1.14486,1.14484,1026,0.0,EURUSD,1784049918159,2026-07-14T17:25:18.159000Z,0.0
1.14486,1.14484,1030,0.0,EURUSD,1784049920190,2026-07-14T17:25:20.190000Z,0.0
1.14481,1.14479,1030,0.0,EURUSD,1784049922016,2026-07-14T17:25:22.016000Z,0.0
1.1448800000000001,1.14486,1030,0.0,EURUSD,1784049924291,2026-07-14T17:25:24.291000Z,0.0
1.1449,1.1448800000000001,1030,0.0,EURUSD,1784049926887,2026-07-14T17:25:26.887000Z,0.0
1.1448800000000001,1.14486,1030,0.0,EURUSD,1784049927961,2026-07-14T17:25:27.961000Z,0.0
1.1448800000000001,1.14486,1030,0.0,EURUSD,1784049931087,2026-07-14T17:25:31.087000Z,0.0
1.14486,1.14484,1030,0.0,EURUSD,1784049932788,2026-07-14T17:25:32.788000Z,0.0
1.14479,1.14477,1030,0.0,EURUSD,1784049935358,2026-07-14T17:25:35.358000Z,0.0
1.1446399999999999,1.14462,1030,0.0,EURUSD,1784049937468,2026-07-14T17:25:37.468000Z,0.0
1.14467,1.14465,1030,0.0,EURUSD,1784049939558,2026-07-14T17:25:39.558000Z,0.0
1.14471,1.14469,1030,0.0,EURUSD,1784049941043,2026-07-14T17:25:41.043000Z,0.0
1.14471,1.14469,1030,0.0,EURUSD,1784049943528,2026-07-14T17:25:43.528000Z,0.0
1.1447,1.14468,1026,0.0,EURUSD,1784049945585,2026-07-14T17:25:45.585000Z,0.0
1.14469,1.14467,1030,0.0,EURUSD,1784049947863,2026-07-14T17:25:47.863000Z,0.0
1.14461,1.14459,1030,0.0,EURUSD,1784049949920,2026-07-14T17:25:49.920000Z,0.0
1.14463,1.14461,1030,0.0,EURUSD,1784049951865,2026-07-14T17:25:51.865000Z,0.0
1.14463,1.14461,1030,0.0,EURUSD,1784049953762,2026-07-14T17:25:53.762000Z,0.0
1.14465,1.14463,1030,0.0,EURUSD,1784049956133,2026-07-14T17:25:56.133000Z,0.0
1.14468,1.14466,1030,0.0,EURUSD,1784049958201,2026-07-14T17:25:58.201000Z,0.0
1.14467,1.14465,1030,0.0,EURUSD,1784049960407,2026-07-14T17:26:00.407000Z,0.0
1.14469,1.14467,1030,0.0,EURUSD,1784049962356,2026-07-14T17:26:02.356000Z,0.0
1.14469,1.14467,1030,0.0,EURUSD,1784049964113,2026-07-14T17:26:04.113000Z,0.0
1.14472,1.1447,1030,0.0,EURUSD,1784049966733,2026-07-14T17:26:06.733000Z,0.0
1.14472,1.1447,1030,0.0,EURUSD,1784049968758,2026-07-14T17:26:08.758000Z,0.0
1.1447,1.14468,1030,0.0,EURUSD,1784049970816,2026-07-14T17:26:10.816000Z,0.0
1.14469,1.14467,1030,0.0,EURUSD,1784049972036,2026-07-14T17:26:12.036000Z,0.0
1.14469,1.14467,1030,0.0,EURUSD,1784049975032,2026-07-14T17:26:15.032000Z,0.0
1.14467,1.14465,1030,0.0,EURUSD,1784049977058,2026-07-14T17:26:17.058000Z,0.0
1.14465,1.14463,1030,0.0,EURUSD,1784049979242,2026-07-14T17:26:19.242000Z,0.0
1.14459,1.14457,1030,0.0,EURUSD,1784049981046,2026-07-14T17:26:21.046000Z,0.0
1.14459,1.14457,1030,0.0,EURUSD,1784049983150,2026-07-14T17:26:23.150000Z,0.0
1.14462,1.1446,1030,0.0,EURUSD,1784049985383,2026-07-14T17:26:25.383000Z,0.0
1.1446399999999999,1.14462,1030,0.0,EURUSD,1784049986885,2026-07-14T17:26:26.885000Z,0.0
1.1446399999999999,1.14462,1030,0.0,EURUSD,1784049989505,2026-07-14T17:26:29.505000Z,0.0
1.1446399999999999,1.14462,1030,0.0,EURUSD,1784049991235,2026-07-14T17:26:31.235000Z,0.0
1.14466,1.1446399999999999,1030,0.0,EURUSD,1784049993572,2026-07-14T17:26:33.572000Z,0.0
1.14462,1.1446,1028,0.0,EURUSD,1784049997846,2026-07-14T17:26:37.846000Z,0.0
1.14463,1.14461,1030,0.0,EURUSD,1784049999930,2026-07-14T17:26:39.930000Z,0.0
1.1446,1.14458,1030,0.0,EURUSD,1784050002171,2026-07-14T17:26:42.171000Z,0.0
1.14463,1.14461,1030,0.0,EURUSD,1784050003637,2026-07-14T17:26:43.637000Z,0.0
1.14455,1.14453,1030,0.0,EURUSD,1784050006314,2026-07-14T17:26:46.314000Z,0.0
1.14471,1.14469,1030,0.0,EURUSD,1784050012843,2026-07-14T17:26:52.843000Z,0.0
1.14475,1.14473,1030,0.0,EURUSD,1784050014939,2026-07-14T17:26:54.939000Z,0.0
1.14477,1.14475,1030,0.0,EURUSD,1784050017038,2026-07-14T17:26:57.038000Z,0.0
1.14474,1.14472,1028,0.0,EURUSD,1784050018655,2026-07-14T17:26:58.655000Z,0.0
1.14469,1.14467,1030,0.0,EURUSD,1784050020787,2026-07-14T17:27:00.787000Z,0.0
1.14462,1.1446,1030,0.0,EURUSD,1784050023209,2026-07-14T17:27:03.209000Z,0.0
1.1446399999999999,1.14462,1026,0.0,EURUSD,1784050025115,2026-07-14T17:27:05.115000Z,0.0
1.14468,1.14466,1028,0.0,EURUSD,1784050027102,2026-07-14T17:27:07.102000Z,0.0
1.14468,1.14466,1030,0.0,EURUSD,1784050029303,2026-07-14T17:27:09.303000Z,0.0
1.1446399999999999,1.14462,1030,0.0,EURUSD,1784050031042,2026-07-14T17:27:11.042000Z,0.0
1.14458,1.14456,1030,0.0,EURUSD,1784050033162,2026-07-14T17:27:13.162000Z,0.0
1.14462,1.1446,1030,0.0,EURUSD,1784050034772,2026-07-14T17:27:14.772000Z,0.0
1.14465,1.14463,1030,0.0,EURUSD,1784050037330,2026-07-14T17:27:17.330000Z,0.0
1.14463,1.14461,1030,0.0,EURUSD,1784050038437,2026-07-14T17:27:18.437000Z,0.0
1.14461,1.14459,1030,0.0,EURUSD,1784050041450,2026-07-14T17:27:21.450000Z,0.0
1.14456,1.1445400000000001,1030,0.0,EURUSD,1784050043554,2026-07-14T17:27:23.554000Z,0.0
1.14453,1.14451,1026,0.0,EURUSD,1784050045366,2026-07-14T17:27:25.366000Z,0.0
1.14451,1.14449,1030,0.0,EURUSD,1784050048070,2026-07-14T17:27:28.070000Z,0.0
1.1445400000000001,1.14452,1030,0.0,EURUSD,1784050050145,2026-07-14T17:27:30.145000Z,0.0
1.14456,1.1445400000000001,1030,0.0,EURUSD,1784050051425,2026-07-14T17:27:31.425000Z,0.0
1.1445400000000001,1.14452,1030,0.0,EURUSD,1784050053694,2026-07-14T17:27:33.694000Z,0.0
1.14455,1.14453,1030,0.0,EURUSD,1784050056057,2026-07-14T17:27:36.057000Z,0.0
1.1445400000000001,1.14452,1030,0.0,EURUSD,1784050058232,2026-07-14T17:27:38.232000Z,0.0
1.14458,1.14456,1030,0.0,EURUSD,1784050059643,2026-07-14T17:27:39.643000Z,0.0
1.14456,1.1445400000000001,6,0.0,EURUSD,1784050063715,2026-07-14T17:27:43.715000Z,0.0
1.14455,1.14452,1026,0.0,EURUSD,1784050068780,2026-07-14T17:27:48.780000Z,0.0
1.1445,1.14448,1030,0.0,EURUSD,1784050070735,2026-07-14T17:27:50.735000Z,0.0
1.14451,1.14449,1030,0.0,EURUSD,1784050072928,2026-07-14T17:27:52.928000Z,0.0
1.14457,1.14455,1030,0.0,EURUSD,1784050074986,2026-07-14T17:27:54.986000Z,0.0
1.14458,1.14456,1030,0.0,EURUSD,1784050077108,2026-07-14T17:27:57.108000Z,0.0
1.14456,1.1445400000000001,1030,0.0,EURUSD,1784050077777,2026-07-14T17:27:57.777000Z,0.0
1.14455,1.14453,1030,0.0,EURUSD,1784050080945,2026-07-14T17:28:00.945000Z,0.0
1.1445400000000001,1.14452,1030,0.0,EURUSD,1784050082496,2026-07-14T17:28:02.496000Z,0.0
1.14452,1.1445,1028,0.0,EURUSD,1784050085131,2026-07-14T17:28:05.131000Z,0.0
1.14456,1.1445400000000001,1030,0.0,EURUSD,1784050087243,2026-07-14T17:28:07.243000Z,0.0
1.14455,1.14453,1030,0.0,EURUSD,1784050088681,2026-07-14T17:28:08.681000Z,0.0
1.14457,1.14455,1030,0.0,EURUSD,1784050090568,2026-07-14T17:28:10.568000Z,0.0
1.14452,1.1445,1030,0.0,EURUSD,1784050095795,2026-07-14T17:28:15.795000Z,0.0
1.1445,1.14448,1030,0.0,EURUSD,1784050097947,2026-07-14T17:28:17.947000Z,0.0
1.14451,1.14449,1030,0.0,EURUSD,1784050099251,2026-07-14T17:28:19.251000Z,0.0
1.1445,1.14448,1030,0.0,EURUSD,1784050101892,2026-07-14T17:28:21.892000Z,0.0
1.14447,1.14445,1030,0.0,EURUSD,1784050104131,2026-07-14T17:28:24.131000Z,0.0
1.1445,1.14448,1030,0.0,EURUSD,1784050106254,2026-07-14T17:28:26.254000Z,0.0
1.1445,1.14448,1030,0.0,EURUSD,1784050110582,2026-07-14T17:28:30.582000Z,0.0
1.1445400000000001,1.14452,1030,0.0,EURUSD,1784050111895,2026-07-14T17:28:31.895000Z,0.0
1.14456,1.1445400000000001,1030,0.0,EURUSD,1784050113608,2026-07-14T17:28:33.608000Z,0.0
1.14458,1.14456,1030,0.0,EURUSD,1784050116928,2026-07-14T17:28:36.928000Z,0.0
1.14461,1.14458,1026,0.0,EURUSD,1784050119044,2026-07-14T17:28:39.044000Z,0.0
1.14461,1.14459,1030,0.0,EURUSD,1784050120916,2026-07-14T17:28:40.916000Z,0.0
1.1446,1.14458,1030,0.0,EURUSD,1784050122704,2026-07-14T17:28:42.704000Z,0.0
1.1446,1.14458,1030,0.0,EURUSD,1784050124905,2026-07-14T17:28:44.905000Z,0.0
1.14462,1.1446,1028,0.0,EURUSD,1784050127345,2026-07-14T17:28:47.345000Z,0.0
1.14459,1.14457,1030,0.0,EURUSD,1784050129491,2026-07-14T17:28:49.491000Z,0.0
1.1446,1.14458,1030,0.0,EURUSD,1784050131503,2026-07-14T17:28:51.503000Z,0.0
1.14468,1.14466,1030,0.0,EURUSD,1784050135789,2026-07-14T17:28:55.789000Z,0.0
1.14468,1.14466,1026,0.0,EURUSD,1784050136313,2026-07-14T17:28:56.313000Z,0.0
1.1447,1.14468,1030,0.0,EURUSD,1784050138604,2026-07-14T17:28:58.604000Z,0.0
1.1446399999999999,1.14462,1030,0.0,EURUSD,1784050141447,2026-07-14T17:29:01.447000Z,0.0
1.14462,1.1446,1030,0.0,EURUSD,1784050143999,2026-07-14T17:29:03.999000Z,0.0
1.14458,1.14456,1030,0.0,EURUSD,1784050146185,2026-07-14T17:29:06.185000Z,0.0
1.1445400000000001,1.14452,1030,0.0,EURUSD,1784050148342,2026-07-14T17:29:08.342000Z,0.0
1.14456,1.1445400000000001,1030,0.0,EURUSD,1784050150159,2026-07-14T17:29:10.159000Z,0.0
1.1445400000000001,1.14452,1030,0.0,EURUSD,1784050151642,2026-07-14T17:29:11.642000Z,0.0
1.14453,1.14451,1030,0.0,EURUSD,1784050154742,2026-07-14T17:29:14.742000Z,0.0
1.1445,1.14448,1030,0.0,EURUSD,1784050156096,2026-07-14T17:29:16.096000Z,0.0
1.14453,1.14451,1030,0.0,EURUSD,1784050158899,2026-07-14T17:29:18.899000Z,0.0
1.14452,1.1445,1030,0.0,EURUSD,1784050160044,2026-07-14T17:29:20.044000Z,0.0
1.14451,1.14449,1030,0.0,EURUSD,1784050161397,2026-07-14T17:29:21.397000Z,0.0
1.14451,1.14449,1030,0.0,EURUSD,1784050165141,2026-07-14T17:29:25.141000Z,0.0
1.14443,1.14441,1030,0.0,EURUSD,1784050167194,2026-07-14T17:29:27.194000Z,0.0
1.14443,1.14441,1030,0.0,EURUSD,1784050169346,2026-07-14T17:29:29.346000Z,0.0
1.14441,1.14439,1030,0.0,EURUSD,1784050171595,2026-07-14T17:29:31.595000Z,0.0
1.14443,1.14441,1030,0.0,EURUSD,1784050173340,2026-07-14T17:29:33.340000Z,0.0
1.14443,1.14441,1030,0.0,EURUSD,1784050174447,2026-07-14T17:29:34.447000Z,0.0
1.14445,1.14443,1030,0.0,EURUSD,1784050177345,2026-07-14T17:29:37.345000Z,0.0
1.14441,1.14439,1030,0.0,EURUSD,1784050179427,2026-07-14T17:29:39.427000Z,0.0
1.14443,1.14441,1030,0.0,EURUSD,1784050180590,2026-07-14T17:29:40.590000Z,0.0
1.14439,1.1443699999999999,1030,0.0,EURUSD,1784050183691,2026-07-14T17:29:43.691000Z,0.0
1.1444,1.14438,1030,0.0,EURUSD,1784050185998,2026-07-14T17:29:45.998000Z,0.0
1.14448,1.14446,1026,0.0,EURUSD,1784050188298,2026-07-14T17:29:48.298000Z,0.0
1.14448,1.14446,1030,0.0,EURUSD,1784050190341,2026-07-14T17:29:50.341000Z,0.0
1.14445,1.14443,1030,0.0,EURUSD,1784050192467,2026-07-14T17:29:52.467000Z,0.0
1.14447,1.14445,1030,0.0,EURUSD,1784050194134,2026-07-14T17:29:54.134000Z,0.0
1.14449,1.14447,1026,0.0,EURUSD,1784050196560,2026-07-14T17:29:56.560000Z,0.0
1.14446,1.14444,1030,0.0,EURUSD,1784050198664,2026-07-14T17:29:58.664000Z,0.0
1.14442,1.1444,1030,0.0,EURUSD,1784050200740,2026-07-14T17:30:00.740000Z,0.0
1.14439,1.1443699999999999,1030,0.0,EURUSD,1784050202765,2026-07-14T17:30:02.765000Z,0.0
1.14435,1.14433,1028,0.0,EURUSD,1784050205008,2026-07-14T17:30:05.008000Z,0.0
1.14436,1.14434,1030,0.0,EURUSD,1784050206543,2026-07-14T17:30:06.543000Z,0.0
1.14435,1.14433,1030,0.0,EURUSD,1784050209323,2026-07-14T17:30:09.323000Z,0.0
1.14432,1.1443,1028,0.0,EURUSD,1784050211467,2026-07-14T17:30:11.467000Z,0.0
1.14431,1.14429,1030,0.0,EURUSD,1784050213191,2026-07-14T17:30:13.191000Z,0.0
1.1443,1.14428,1030,0.0,EURUSD,1784050214590,2026-07-14T17:30:14.590000Z,0.0
1.14431,1.14429,1030,0.0,EURUSD,1784050217189,2026-07-14T17:30:17.189000Z,0.0
1.14433,1.14431,1030,0.0,EURUSD,1784050219213,2026-07-14T17:30:19.213000Z,0.0
1.14433,1.14431,1030,0.0,EURUSD,1784050221755,2026-07-14T17:30:21.755000Z,0.0
1.14428,1.14426,1030,0.0,EURUSD,1784050223993,2026-07-14T17:30:23.993000Z,0.0
1.14425,1.14423,1030,0.0,EURUSD,1784050226016,2026-07-14T17:30:26.016000Z,0.0
1.14428,1.14426,1030,0.0,EURUSD,1784050228189,2026-07-14T17:30:28.189000Z,0.0
1.14426,1.14424,1030,0.0,EURUSD,1784050230240,2026-07-14T17:30:30.240000Z,0.0
1.14424,1.14422,1030,0.0,EURUSD,1784050232291,2026-07-14T17:30:32.291000Z,0.0
1.14426,1.14424,1026,0.0,EURUSD,1784050234493,2026-07-14T17:30:34.493000Z,0.0
1.14421,1.14419,1030,0.0,EURUSD,1784050236592,2026-07-14T17:30:36.592000Z,0.0
1.14423,1.14421,1026,0.0,EURUSD,1784050237216,2026-07-14T17:30:37.216000Z,0.0
1.14425,1.14423,1030,0.0,EURUSD,1784050240698,2026-07-14T17:30:40.698000Z,0.0
1.14425,1.14423,1030,0.0,EURUSD,1784050242194,2026-07-14T17:30:42.194000Z,0.0
1.14428,1.14426,1030,0.0,EURUSD,1784050244784,2026-07-14T17:30:44.784000Z,0.0
1.1443,1.14428,1030,0.0,EURUSD,1784050247084,2026-07-14T17:30:47.084000Z,0.0
1.14432,1.1443,1030,0.0,EURUSD,1784050249010,2026-07-14T17:30:49.010000Z,0.0
1.14429,1.1442700000000001,1030,0.0,EURUSD,1784050250832,2026-07-14T17:30:50.832000Z,0.0
1.14428,1.14426,1030,0.0,EURUSD,1784050253338,2026-07-14T17:30:53.338000Z,0.0
1.14429,1.1442700000000001,1030,0.0,EURUSD,1784050254270,2026-07-14T17:30:54.270000Z,0.0
1.14429,1.1442700000000001,1030,0.0,EURUSD,1784050257290,2026-07-14T17:30:57.290000Z,0.0
1.14424,1.14422,1028,0.0,EURUSD,1784050259420,2026-07-14T17:30:59.420000Z,0.0
1.1442700000000001,1.14425,1030,0.0,EURUSD,1784050261741,2026-07-14T17:31:01.741000Z,0.0
1.14425,1.14423,1028,0.0,EURUSD,1784050263737,2026-07-14T17:31:03.737000Z,0.0
1.14425,1.14423,1030,0.0,EURUSD,1784050264359,2026-07-14T17:31:04.359000Z,0.0
1.14425,1.14423,1028,0.0,EURUSD,1784050267645,2026-07-14T17:31:07.645000Z,0.0
1.14425,1.14423,1028,0.0,EURUSD,1784050269826,2026-07-14T17:31:09.826000Z,0.0
1.14429,1.1442700000000001,1026,0.0,EURUSD,1784050272087,2026-07-14T17:31:12.087000Z,0.0
1.14428,1.14426,1030,0.0,EURUSD,1784050273564,2026-07-14T17:31:13.564000Z,0.0
1.1442700000000001,1.14422,1028,0.0,EURUSD,1784050276396,2026-07-14T17:31:16.396000Z,0.0
1.1443,1.14428,1030,0.0,EURUSD,1784050277677,2026-07-14T17:31:17.677000Z,0.0
1.1443,1.14428,1030,0.0,EURUSD,1784050280315,2026-07-14T17:31:20.315000Z,0.0
1.14428,1.14426,1030,0.0,EURUSD,1784050282404,2026-07-14T17:31:22.404000Z,0.0
1.14422,1.1442,1030,0.0,EURUSD,1784050284742,2026-07-14T17:31:24.742000Z,0.0
1.14422,1.1442,1026,0.0,EURUSD,1784050286627,2026-07-14T17:31:26.627000Z,0.0
1.14421,1.14418,1028,0.0,EURUSD,1784050288742,2026-07-14T17:31:28.742000Z,0.0
1.14422,1.14419,1028,0.0,EURUSD,1784050291034,2026-07-14T17:31:31.034000Z,0.0
1.14421,1.14419,1030,0.0,EURUSD,1784050292738,2026-07-14T17:31:32.738000Z,0.0
1.14421,1.14419,1030,0.0,EURUSD,1784050293795,2026-07-14T17:31:33.795000Z,0.0
1.14419,1.14417,1030,0.0,EURUSD,1784050296876,2026-07-14T17:31:36.876000Z,0.0
1.14422,1.1442,1030,0.0,EURUSD,1784050299408,2026-07-14T17:31:39.408000Z,0.0
1.14421,1.14419,1028,0.0,EURUSD,1784050300547,2026-07-14T17:31:40.547000Z,0.0
1.14421,1.14419,1030,0.0,EURUSD,1784050303038,2026-07-14T17:31:43.038000Z,0.0
1.14421,1.14419,1030,0.0,EURUSD,1784050305478,2026-07-14T17:31:45.478000Z,0.0
1.14425,1.14423,1030,0.0,EURUSD,1784050307744,2026-07-14T17:31:47.744000Z,0.0
1.14425,1.14423,1030,0.0,EURUSD,1784050308946,2026-07-14T17:31:48.946000Z,0.0
1.14423,1.14421,1030,0.0,EURUSD,1784050310328,2026-07-14T17:31:50.328000Z,0.0
1.14418,1.14416,1030,0.0,EURUSD,1784050313427,2026-07-14T17:31:53.427000Z,0.0
1.14423,1.14421,1030,0.0,EURUSD,1784050315974,2026-07-14T17:31:55.974000Z,0.0
1.14426,1.14424,1026,0.0,EURUSD,1784050318182,2026-07-14T17:31:58.182000Z,0.0
1.14426,1.14424,1030,0.0,EURUSD,1784050320350,2026-07-14T17:32:00.350000Z,0.0
1.14421,1.14419,1030,0.0,EURUSD,1784050321243,2026-07-14T17:32:01.243000Z,0.0
1.14429,1.1442700000000001,1030,0.0,EURUSD,1784050324419,2026-07-14T17:32:04.419000Z,0.0
1.14425,1.14423,1030,0.0,EURUSD,1784050326591,2026-07-14T17:32:06.591000Z,0.0
1.14418,1.14416,1030,0.0,EURUSD,1784050328742,2026-07-14T17:32:08.742000Z,0.0
1.14416,1.14414,1030,0.0,EURUSD,1784050330838,2026-07-14T17:32:10.838000Z,0.0
1.14415,1.14413,1030,0.0,EURUSD,1784050332686,2026-07-14T17:32:12.686000Z,0.0
1.14414,1.14412,1030,0.0,EURUSD,1784050334510,2026-07-14T17:32:14.510000Z,0.0
1.14415,1.14413,1030,0.0,EURUSD,1784050336602,2026-07-14T17:32:16.602000Z,0.0
1.14414,1.14412,1030,0.0,EURUSD,1784050339142,2026-07-14T17:32:19.142000Z,0.0
1.14411,1.14409,1030,0.0,EURUSD,1784050340984,2026-07-14T17:32:20.984000Z,0.0
1.14417,1.14415,1030,0.0,EURUSD,1784050343341,2026-07-14T17:32:23.341000Z,0.0
1.14423,1.14421,1030,0.0,EURUSD,1784050344589,2026-07-14T17:32:24.589000Z,0.0
1.14426,1.14424,1030,0.0,EURUSD,1784050346383,2026-07-14T17:32:26.383000Z,0.0
1.14422,1.1442,1028,0.0,EURUSD,1784050349490,2026-07-14T17:32:29.490000Z,0.0
1.14422,1.1442,1030,0.0,EURUSD,1784050351592,2026-07-14T17:32:31.592000Z,0.0
1.14435,1.14433,1030,0.0,EURUSD,1784050353349,2026-07-14T17:32:33.349000Z,0.0
1.14433,1.14431,1030,0.0,EURUSD,1784050355788,2026-07-14T17:32:35.788000Z,0.0
1.14442,1.1444,1030,0.0,EURUSD,1784050357845,2026-07-14T17:32:37.845000Z,0.0
1.1445,1.14448,1030,0.0,EURUSD,1784050360059,2026-07-14T17:32:40.059000Z,0.0
1.14457,1.14455,1030,0.0,EURUSD,1784050362239,2026-07-14T17:32:42.239000Z,0.0
1.14456,1.1445400000000001,1030,0.0,EURUSD,1784050364287,2026-07-14T17:32:44.287000Z,0.0
1.14457,1.14455,1026,0.0,EURUSD,1784050366001,2026-07-14T17:32:46.001000Z,0.0
1.14453,1.14451,1030,0.0,EURUSD,1784050368486,2026-07-14T17:32:48.486000Z,0.0
1.14457,1.14455,1030,0.0,EURUSD,1784050370238,2026-07-14T17:32:50.238000Z,0.0
1.14458,1.14456,1030,0.0,EURUSD,1784050371841,2026-07-14T17:32:51.841000Z,0.0
1.14457,1.14455,1030,0.0,EURUSD,1784050374298,2026-07-14T17:32:54.298000Z,0.0
1.14457,1.14455,1030,0.0,EURUSD,1784050376342,2026-07-14T17:32:56.342000Z,0.0
1.14455,1.14453,1030,0.0,EURUSD,1784050381020,2026-07-14T17:33:01.020000Z,0.0
1.1446,1.14458,1030,0.0,EURUSD,1784050382786,2026-07-14T17:33:02.786000Z,0.0
1.14456,1.1445400000000001,1030,0.0,EURUSD,1784050385238,2026-07-14T17:33:05.238000Z,0.0
1.1446,1.14456,1028,0.0,EURUSD,1784050389475,2026-07-14T17:33:09.475000Z,0.0
1.14455,1.14449,1026,0.0,EURUSD,1784050391551,2026-07-14T17:33:11.551000Z,0.0
1.14447,1.14444,1026,0.0,EURUSD,1784050393624,2026-07-14T17:33:13.624000Z,0.0
1.14447,1.14445,1030,0.0,EURUSD,1784050395574,2026-07-14T17:33:15.574000Z,0.0
1.14451,1.14449,1030,0.0,EURUSD,1784050397595,2026-07-14T17:33:17.595000Z,0.0
1.14448,1.14446,1030,0.0,EURUSD,1784050399236,2026-07-14T17:33:19.236000Z,0.0
1.14445,1.14443,1030,0.0,EURUSD,1784050401211,2026-07-14T17:33:21.211000Z,0.0
1.14447,1.14445,1030,0.0,EURUSD,1784050403225,2026-07-14T17:33:23.225000Z,0.0
1.14446,1.14444,1030,0.0,EURUSD,1784050406215,2026-07-14T17:33:26.215000Z,0.0
1.14447,1.14445,1030,0.0,EURUSD,1784050408093,2026-07-14T17:33:28.093000Z,0.0
1.14446,1.14444,1028,0.0,EURUSD,1784050410146,2026-07-14T17:33:30.146000Z,0.0
1.14452,1.1445,1030,0.0,EURUSD,1784050411153,2026-07-14T17:33:31.153000Z,0.0
1.14452,1.1445,1030,0.0,EURUSD,1784050413999,2026-07-14T17:33:33.999000Z,0.0
1.14453,1.14451,1030,0.0,EURUSD,1784050416139,2026-07-14T17:33:36.139000Z,0.0
1.14453,1.14451,1030,0.0,EURUSD,1784050418010,2026-07-14T17:33:38.010000Z,0.0
1.14455,1.14453,1026,0.0,EURUSD,1784050420158,2026-07-14T17:33:40.158000Z,0.0
1.14456,1.1445400000000001,1030,0.0,EURUSD,1784050422531,2026-07-14T17:33:42.531000Z,0.0
1.1445400000000001,1.14452,1030,0.0,EURUSD,1784050424292,2026-07-14T17:33:44.292000Z,0.0
1.14455,1.14453,1030,0.0,EURUSD,1784050425992,2026-07-14T17:33:45.992000Z,0.0
1.14456,1.1445400000000001,1030,0.0,EURUSD,1784050429296,2026-07-14T17:33:49.296000Z,0.0
1.1446,1.14458,1030,0.0,EURUSD,1784050430642,2026-07-14T17:33:50.642000Z,0.0
1.14461,1.14459,1030,0.0,EURUSD,1784050432241,2026-07-14T17:33:52.241000Z,0.0
1.14457,1.14455,1030,0.0,EURUSD,1784050434963,2026-07-14T17:33:54.963000Z,0.0
1.14457,1.14455,1030,0.0,EURUSD,1784050437113,2026-07-14T17:33:57.113000Z,0.0
1.14453,1.14451,1028,0.0,EURUSD,1784050438480,2026-07-14T17:33:58.480000Z,0.0
1.14451,1.14449,1030,0.0,EURUSD,1784050441438,2026-07-14T17:34:01.438000Z,0.0
1.14457,1.14455,1030,0.0,EURUSD,1784050443501,2026-07-14T17:34:03.501000Z,0.0
1.1446,1.14458,1026,0.0,EURUSD,1784050445998,2026-07-14T17:34:05.998000Z,0.0
1.14461,1.14459,1030,0.0,EURUSD,1784050447898,2026-07-14T17:34:07.898000Z,0.0
1.14458,1.14456,1030,0.0,EURUSD,1784050450163,2026-07-14T17:34:10.163000Z,0.0
1.14545,1.145,1028,0.0,EURUSD,1784050452326,2026-07-14T17:34:12.326000Z,0.0
1.1455899999999999,1.14556,1028,0.0,EURUSD,1784050454429,2026-07-14T17:34:14.429000Z,0.0
1.14573,1.1457,1028,0.0,EURUSD,1784050456512,2026-07-14T17:34:16.512000Z,0.0
1.14545,1.14543,1030,0.0,EURUSD,1784050458609,2026-07-14T17:34:18.609000Z,0.0
1.14517,1.1451500000000001,1026,0.0,EURUSD,1784050460700,2026-07-14T17:34:20.700000Z,0.0
1.1452,1.14518,1030,0.0,EURUSD,1784050462797,2026-07-14T17:34:22.797000Z,0.0
1.1454,1.14537,1026,0.0,EURUSD,1784050464876,2026-07-14T17:34:24.876000Z,0.0
1.14517,1.14511,1026,0.0,EURUSD,1784050466956,2026-07-14T17:34:26.956000Z,0.0
1.14494,1.14492,1030,0.0,EURUSD,1784050469068,2026-07-14T17:34:29.068000Z,0.0
1.14506,1.14504,1030,0.0,EURUSD,1784050471140,2026-07-14T17:34:31.140000Z,0.0
1.14504,1.14502,1030,0.0,EURUSD,1784050473121,2026-07-14T17:34:33.121000Z,0.0
1.14503,1.14501,1030,0.0,EURUSD,1784050475282,2026-07-14T17:34:35.282000Z,0.0
1.14501,1.14499,1030,0.0,EURUSD,1784050477261,2026-07-14T17:34:37.261000Z,0.0
1.1449799999999999,1.14496,1030,0.0,EURUSD,1784050479266,2026-07-14T17:34:39.266000Z,0.0
1.14493,1.14491,1030,0.0,EURUSD,1784050481379,2026-07-14T17:34:41.379000Z,0.0
1.14496,1.14494,1030,0.0,EURUSD,1784050483698,2026-07-14T17:34:43.698000Z,0.0
1.14497,1.14495,1030,0.0,EURUSD,1784050485591,2026-07-14T17:34:45.591000Z,0.0
1.14491,1.14489,1030,0.0,EURUSD,1784050487749,2026-07-14T17:34:47.749000Z,0.0
1.14489,1.14487,1030,0.0,EURUSD,1784050489967,2026-07-14T17:34:49.967000Z,0.0
1.14495,1.14493,1026,0.0,EURUSD,1784050491963,2026-07-14T17:34:51.963000Z,0.0
1.14494,1.14492,1030,0.0,EURUSD,1784050494011,2026-07-14T17:34:54.011000Z,0.0
1.14493,1.14491,1026,0.0,EURUSD,1784050496188,2026-07-14T17:34:56.188000Z,0.0
1.14492,1.1449,1028,0.0,EURUSD,1784050498296,2026-07-14T17:34:58.296000Z,0.0
1.14485,1.14483,1030,0.0,EURUSD,1784050500290,2026-07-14T17:35:00.290000Z,0.0
1.14497,1.14495,1030,0.0,EURUSD,1784050502239,2026-07-14T17:35:02.239000Z,0.0
1.14495,1.14493,1030,0.0,EURUSD,1784050503523,2026-07-14T17:35:03.523000Z,0.0
1.14497,1.14495,1030,0.0,EURUSD,1784050505363,2026-07-14T17:35:05.363000Z,0.0
1.14496,1.14494,1030,0.0,EURUSD,1784050508634,2026-07-14T17:35:08.634000Z,0.0
1.14493,1.14491,1028,0.0,EURUSD,1784050510813,2026-07-14T17:35:10.813000Z,0.0
1.14494,1.14492,1030,0.0,EURUSD,1784050512682,2026-07-14T17:35:12.682000Z,0.0
1.14494,1.14492,1030,0.0,EURUSD,1784050514940,2026-07-14T17:35:14.940000Z,0.0
1.14492,1.1449,1030,0.0,EURUSD,1784050517153,2026-07-14T17:35:17.153000Z,0.0
1.1449,1.1448800000000001,1030,0.0,EURUSD,1784050519233,2026-07-14T17:35:19.233000Z,0.0
1.14492,1.1449,1030,0.0,EURUSD,1784050521214,2026-07-14T17:35:21.214000Z,0.0
1.14486,1.14484,1030,0.0,EURUSD,1784050523407,2026-07-14T17:35:23.407000Z,0.0
1.14486,1.14484,1030,0.0,EURUSD,1784050524409,2026-07-14T17:35:24.409000Z,0.0
1.14484,1.14482,1030,0.0,EURUSD,1784050527090,2026-07-14T17:35:27.090000Z,0.0
1.14486,1.14484,1030,0.0,EURUSD,1784050529708,2026-07-14T17:35:29.708000Z,0.0
1.14485,1.14483,1030,0.0,EURUSD,1784050530741,2026-07-14T17:35:30.741000Z,0.0
1.14489,1.14487,1030,0.0,EURUSD,1784050533842,2026-07-14T17:35:33.842000Z,0.0
1.14492,1.1449,1030,0.0,EURUSD,1784050535966,2026-07-14T17:35:35.966000Z,0.0
1.14486,1.14484,1028,0.0,EURUSD,1784050536572,2026-07-14T17:35:36.572000Z,0.0
1.14485,1.14483,1030,0.0,EURUSD,1784050539991,2026-07-14T17:35:39.991000Z,0.0
1.1448,1.14478,1030,0.0,EURUSD,1784050541486,2026-07-14T17:35:41.486000Z,0.0
1.14484,1.14482,1030,0.0,EURUSD,1784050544237,2026-07-14T17:35:44.237000Z,0.0
1.14485,1.14483,1030,0.0,EURUSD,1784050545888,2026-07-14T17:35:45.888000Z,0.0
1.14487,1.14485,1030,0.0,EURUSD,1784050548446,2026-07-14T17:35:48.446000Z,0.0
1.14486,1.14484,1030,0.0,EURUSD,1784050550507,2026-07-14T17:35:50.507000Z,0.0
1.14487,1.14485,1028,0.0,EURUSD,1784050552333,2026-07-14T17:35:52.333000Z,0.0
1.14492,1.1449,1030,0.0,EURUSD,1784050554237,2026-07-14T17:35:54.237000Z,0.0
1.14491,1.14489,1030,0.0,EURUSD,1784050556723,2026-07-14T17:35:56.723000Z,0.0
1.14497,1.14495,1030,0.0,EURUSD,1784050558836,2026-07-14T17:35:58.836000Z,0.0
1.1449799999999999,1.14496,1026,0.0,EURUSD,1784050560793,2026-07-14T17:36:00.793000Z,0.0
1.14503,1.14501,1026,0.0,EURUSD,1784050562898,2026-07-14T17:36:02.898000Z,0.0
1.14503,1.14501,1030,0.0,EURUSD,1784050564941,2026-07-14T17:36:04.941000Z,0.0
1.1449799999999999,1.14496,1030,0.0,EURUSD,1784050565971,2026-07-14T17:36:05.971000Z,0.0
1.14497,1.14495,1030,0.0,EURUSD,1784050567634,2026-07-14T17:36:07.634000Z,0.0
1.14491,1.14489,1030,0.0,EURUSD,1784050570137,2026-07-14T17:36:10.137000Z,0.0
1.14491,1.14489,1030,0.0,EURUSD,1784050573137,2026-07-14T17:36:13.137000Z,0.0
1.14489,1.14487,1030,0.0,EURUSD,1784050575662,2026-07-14T17:36:15.662000Z,0.0
1.1449,1.1448800000000001,1030,0.0,EURUSD,1784050577445,2026-07-14T17:36:17.445000Z,0.0
1.14486,1.14484,1028,0.0,EURUSD,1784050579790,2026-07-14T17:36:19.790000Z,0.0
1.1448800000000001,1.14486,1030,0.0,EURUSD,1784050581887,2026-07-14T17:36:21.887000Z,0.0
1.14497,1.14495,1030,0.0,EURUSD,1784050583838,2026-07-14T17:36:23.838000Z,0.0
1.14492,1.1449,1030,0.0,EURUSD,1784050585732,2026-07-14T17:36:25.732000Z,0.0
1.14492,1.1449,1030,0.0,EURUSD,1784050588134,2026-07-14T17:36:28.134000Z,0.0
1.1449799999999999,1.14496,1028,0.0,EURUSD,1784050590240,2026-07-14T17:36:30.240000Z,0.0
1.14495,1.14493,1030,0.0,EURUSD,1784050591762,2026-07-14T17:36:31.762000Z,0.0
1.14497,1.14495,1030,0.0,EURUSD,1784050593890,2026-07-14T17:36:33.890000Z,0.0
1.14494,1.14492,1030,0.0,EURUSD,1784050596514,2026-07-14T17:36:36.514000Z,0.0
1.14495,1.14493,1030,0.0,EURUSD,1784050597661,2026-07-14T17:36:37.661000Z,0.0
1.14493,1.14491,1026,0.0,EURUSD,1784050600664,2026-07-14T17:36:40.664000Z,0.0
1.14483,1.14481,1030,0.0,EURUSD,1784050602861,2026-07-14T17:36:42.861000Z,0.0
1.14485,1.14483,1030,0.0,EURUSD,1784050604954,2026-07-14T17:36:44.954000Z,0.0
1.14492,1.1449,1030,0.0,EURUSD,1784050606937,2026-07-14T17:36:46.937000Z,0.0
1.14496,1.14494,1026,0.0,EURUSD,1784050609110,2026-07-14T17:36:49.110000Z,0.0
1.14493,1.14491,1030,0.0,EURUSD,1784050610035,2026-07-14T17:36:50.035000Z,0.0
1.14492,1.1449,1030,0.0,EURUSD,1784050611736,2026-07-14T17:36:51.736000Z,0.0
1.14493,1.14491,1030,0.0,EURUSD,1784050615135,2026-07-14T17:36:55.135000Z,0.0
1.14493,1.1449,1030,0.0,EURUSD,1784050617321,2026-07-14T17:36:57.321000Z,0.0
1.14491,1.14489,1030,0.0,EURUSD,1784050619247,2026-07-14T17:36:59.247000Z,0.0
1.14487,1.14485,1028,0.0,EURUSD,1784050621654,2026-07-14T17:37:01.654000Z,0.0
1.14487,1.14485,1028,0.0,EURUSD,1784050622398,2026-07-14T17:37:02.398000Z,0.0
1.14486,1.14481,1026,0.0,EURUSD,1784050625832,2026-07-14T17:37:05.832000Z,0.0
1.14484,1.14482,1030,0.0,EURUSD,1784050626535,2026-07-14T17:37:06.535000Z,0.0
1.1448800000000001,1.14486,1030,0.0,EURUSD,1784050629834,2026-07-14T17:37:09.834000Z,0.0
1.14491,1.14489,1030,0.0,EURUSD,1784050631851,2026-07-14T17:37:11.851000Z,0.0
1.1449,1.1448800000000001,1030,0.0,EURUSD,1784050633382,2026-07-14T17:37:13.382000Z,0.0
1.1448800000000001,1.14486,1030,0.0,EURUSD,1784050635468,2026-07-14T17:37:15.468000Z,0.0
1.14485,1.14483,1030,0.0,EURUSD,1784050637782,2026-07-14T17:37:17.782000Z,0.0
1.14485,1.14483,1030,0.0,EURUSD,1784050640429,2026-07-14T17:37:20.429000Z,0.0
1.14484,1.14482,1030,0.0,EURUSD,1784050642530,2026-07-14T17:37:22.530000Z,0.0
1.14483,1.14481,1030,0.0,EURUSD,1784050646231,2026-07-14T17:37:26.231000Z,0.0
1.14481,1.14479,1030,0.0,EURUSD,1784050648806,2026-07-14T17:37:28.806000Z,0.0
1.14481,1.14479,1030,0.0,EURUSD,1784050649618,2026-07-14T17:37:29.618000Z,0.0
1.14489,1.14487,1030,0.0,EURUSD,1784050652927,2026-07-14T17:37:32.927000Z,0.0
1.14485,1.14483,1028,0.0,EURUSD,1784050653827,2026-07-14T17:37:33.827000Z,0.0
1.14484,1.14482,1028,0.0,EURUSD,1784050656930,2026-07-14T17:37:36.930000Z,0.0
1.1448,1.14478,1028,0.0,EURUSD,1784050659290,2026-07-14T17:37:39.290000Z,0.0
1.14476,1.14474,1028,0.0,EURUSD,1784050661277,2026-07-14T17:37:41.277000Z,0.0
1.14476,1.14474,1030,0.0,EURUSD,1784050663389,2026-07-14T17:37:43.389000Z,0.0
1.14479,1.14477,1030,0.0,EURUSD,1784050665604,2026-07-14T17:37:45.604000Z,0.0
1.14482,1.1448,1030,0.0,EURUSD,1784050667684,2026-07-14T17:37:47.684000Z,0.0
1.14482,1.1448,1030,0.0,EURUSD,1784050669757,2026-07-14T17:37:49.757000Z,0.0
1.14481,1.14479,1030,0.0,EURUSD,1784050671430,2026-07-14T17:37:51.430000Z,0.0
1.1448,1.14478,1030,0.0,EURUSD,1784050672482,2026-07-14T17:37:52.482000Z,0.0
1.14479,1.14477,1030,0.0,EURUSD,1784050676064,2026-07-14T17:37:56.064000Z,0.0
1.14479,1.14477,1030,0.0,EURUSD,1784050678083,2026-07-14T17:37:58.083000Z,0.0
1.14482,1.1448,1030,0.0,EURUSD,1784050680084,2026-07-14T17:38:00.084000Z,0.0
1.14478,1.14476,1030,0.0,EURUSD,1784050681903,2026-07-14T17:38:01.903000Z,0.0
1.14481,1.14479,1030,0.0,EURUSD,1784050683882,2026-07-14T17:38:03.882000Z,0.0
1.1448,1.14478,1030,0.0,EURUSD,1784050686470,2026-07-14T17:38:06.470000Z,0.0
1.14481,1.14479,1030,0.0,EURUSD,1784050688323,2026-07-14T17:38:08.323000Z,0.0
1.14479,1.14477,1028,0.0,EURUSD,1784050689982,2026-07-14T17:38:09.982000Z,0.0
1.1448,1.14478,1030,0.0,EURUSD,1784050692582,2026-07-14T17:38:12.582000Z,0.0
1.14485,1.14483,1030,0.0,EURUSD,1784050693397,2026-07-14T17:38:13.397000Z,0.0
1.1448800000000001,1.14486,1030,0.0,EURUSD,1784050696891,2026-07-14T17:38:16.891000Z,0.0
1.14487,1.14485,1030,0.0,EURUSD,1784050698049,2026-07-14T17:38:18.049000Z,0.0
1.1448800000000001,1.14486,1030,0.0,EURUSD,1784050700847,2026-07-14T17:38:20.847000Z,0.0
1.14486,1.14484,1030,0.0,EURUSD,1784050702479,2026-07-14T17:38:22.479000Z,0.0
1.14485,1.14483,1030,0.0,EURUSD,1784050704782,2026-07-14T17:38:24.782000Z,0.0
1.14483,1.14481,1030,0.0,EURUSD,1784050706895,2026-07-14T17:38:26.895000Z,0.0
1.14482,1.1448,1030,0.0,EURUSD,1784050709101,2026-07-14T17:38:29.101000Z,0.0
1.14486,1.14484,1030,0.0,EURUSD,1784050710498,2026-07-14T17:38:30.498000Z,0.0
1.14487,1.14485,1030,0.0,EURUSD,1784050712521,2026-07-14T17:38:32.521000Z,0.0
1.14486,1.14484,1030,0.0,EURUSD,1784050715681,2026-07-14T17:38:35.681000Z,0.0
1.14486,1.14484,1030,0.0,EURUSD,1784050717389,2026-07-14T17:38:37.389000Z,0.0
1.14485,1.14483,1030,0.0,EURUSD,1784050719941,2026-07-14T17:38:39.941000Z,0.0
1.14485,1.14483,1030,0.0,EURUSD,1784050723896,2026-07-14T17:38:43.896000Z,0.0
1.14484,1.14482,1030,0.0,EURUSD,1784050724410,2026-07-14T17:38:44.410000Z,0.0
1.14484,1.14482,1030,0.0,EURUSD,1784050727945,2026-07-14T17:38:47.945000Z,0.0
1.14485,1.14483,1030,0.0,EURUSD,1784050728646,2026-07-14T17:38:48.646000Z,0.0
1.14487,1.14485,1030,0.0,EURUSD,1784050732370,2026-07-14T17:38:52.370000Z,0.0
1.14489,1.14487,1030,0.0,EURUSD,1784050734545,2026-07-14T17:38:54.545000Z,0.0
1.14492,1.1449,1030,0.0,EURUSD,1784050735548,2026-07-14T17:38:55.548000Z,0.0
1.1449,1.1448800000000001,1026,0.0,EURUSD,1784050740675,2026-07-14T17:39:00.675000Z,0.0
1.14487,1.14485,1028,0.0,EURUSD,1784050744758,2026-07-14T17:39:04.758000Z,0.0
1.14485,1.14483,1030,0.0,EURUSD,1784050746401,2026-07-14T17:39:06.401000Z,0.0
1.14487,1.14485,1030,0.0,EURUSD,1784050749095,2026-07-14T17:39:09.095000Z,0.0
1.14489,1.14487,1030,0.0,EURUSD,1784050750755,2026-07-14T17:39:10.755000Z,0.0
1.14486,1.14484,1030,0.0,EURUSD,1784050752728,2026-07-14T17:39:12.728000Z,0.0
1.14471,1.14469,1028,0.0,EURUSD,1784050754577,2026-07-14T17:39:14.577000Z,0.0
1.14478,1.14476,1030,0.0,EURUSD,1784050756751,2026-07-14T17:39:16.751000Z,0.0
1.14474,1.14472,1030,0.0,EURUSD,1784050759519,2026-07-14T17:39:19.519000Z,0.0
1.14475,1.14473,1030,0.0,EURUSD,1784050761661,2026-07-14T17:39:21.661000Z,0.0
1.1448,1.14478,1030,0.0,EURUSD,1784050763292,2026-07-14T17:39:23.292000Z,0.0
1.14471,1.14469,1030,0.0,EURUSD,1784050765499,2026-07-14T17:39:25.499000Z,0.0
1.14472,1.1447,1030,0.0,EURUSD,1784050768044,2026-07-14T17:39:28.044000Z,0.0
1.14474,1.14472,1030,0.0,EURUSD,1784050768274,2026-07-14T17:39:28.274000Z,0.0
1.14475,1.14473,1026,0.0,EURUSD,1784050772207,2026-07-14T17:39:32.207000Z,0.0
1.14478,1.14476,1026,0.0,EURUSD,1784050773079,2026-07-14T17:39:33.079000Z,0.0
1.14475,1.14473,1028,0.0,EURUSD,1784050776204,2026-07-14T17:39:36.204000Z,0.0
1.14474,1.14472,1028,0.0,EURUSD,1784050777956,2026-07-14T17:39:37.956000Z,0.0
1.14473,1.14471,1030,0.0,EURUSD,1784050779293,2026-07-14T17:39:39.293000Z,0.0
1.14465,1.14463,1030,0.0,EURUSD,1784050782661,2026-07-14T17:39:42.661000Z,0.0
1.14476,1.14474,1030,0.0,EURUSD,1784050784736,2026-07-14T17:39:44.736000Z,0.0
1.14473,1.14471,1030,0.0,EURUSD,1784050786853,2026-07-14T17:39:46.853000Z,0.0
1.14472,1.1447,1030,0.0,EURUSD,1784050787795,2026-07-14T17:39:47.795000Z,0.0
1.14473,1.14471,1030,0.0,EURUSD,1784050790901,2026-07-14T17:39:50.901000Z,0.0
1.1447,1.14468,1026,0.0,EURUSD,1784050792956,2026-07-14T17:39:52.956000Z,0.0
1.1447,1.14468,1030,0.0,EURUSD,1784050794403,2026-07-14T17:39:54.403000Z,0.0
1.1447,1.14468,1030,0.0,EURUSD,1784050797091,2026-07-14T17:39:57.091000Z,0.0
1.14465,1.14463,1030,0.0,EURUSD,1784050798960,2026-07-14T17:39:58.960000Z,0.0
1.1446399999999999,1.14462,1030,0.0,EURUSD,1784050801402,2026-07-14T17:40:01.402000Z,0.0
1.1447,1.14468,1030,0.0,EURUSD,1784050803112,2026-07-14T17:40:03.112000Z,0.0
1.14465,1.14463,1030,0.0,EURUSD,1784050805544,2026-07-14T17:40:05.544000Z,0.0
1.14466,1.1446399999999999,1030,0.0,EURUSD,1784050807267,2026-07-14T17:40:07.267000Z,0.0
1.14469,1.14467,1030,0.0,EURUSD,1784050809772,2026-07-14T17:40:09.772000Z,0.0
1.14469,1.14467,1030,0.0,EURUSD,1784050811015,2026-07-14T17:40:11.015000Z,0.0
1.1447,1.14468,1030,0.0,EURUSD,1784050813424,2026-07-14T17:40:13.424000Z,0.0
1.1447,1.14468,1030,0.0,EURUSD,1784050815115,2026-07-14T17:40:15.115000Z,0.0
1.14467,1.14465,1030,0.0,EURUSD,1784050819850,2026-07-14T17:40:19.850000Z,0.0
1.14467,1.14465,1030,0.0,EURUSD,1784050821647,2026-07-14T17:40:21.647000Z,0.0
1.14463,1.14461,1030,0.0,EURUSD,1784050824204,2026-07-14T17:40:24.204000Z,0.0
1.1446399999999999,1.14462,1030,0.0,EURUSD,1784050825823,2026-07-14T17:40:25.823000Z,0.0
1.1446399999999999,1.14462,1030,0.0,EURUSD,1784050828664,2026-07-14T17:40:28.664000Z,0.0
1.14461,1.14459,1030,0.0,EURUSD,1784050830745,2026-07-14T17:40:30.745000Z,0.0
1.14465,1.14463,1030,0.0,EURUSD,1784050832841,2026-07-14T17:40:32.841000Z,0.0
1.1446399999999999,1.14462,1026,0.0,EURUSD,1784050834809,2026-07-14T17:40:34.809000Z,0.0
1.14463,1.14461,1030,0.0,EURUSD,1784050836045,2026-07-14T17:40:36.045000Z,0.0
1.14456,1.1445400000000001,1028,0.0,EURUSD,1784050838795,2026-07-14T17:40:38.795000Z,0.0
1.14457,1.14455,1030,0.0,EURUSD,1784050839438,2026-07-14T17:40:39.438000Z,0.0
1.14455,1.14453,1030,0.0,EURUSD,1784050842379,2026-07-14T17:40:42.379000Z,0.0
1.1445400000000001,1.14452,1030,0.0,EURUSD,1784050845040,2026-07-14T17:40:45.040000Z,0.0
1.1445400000000001,1.14452,1030,0.0,EURUSD,1784050846728,2026-07-14T17:40:46.728000Z,0.0
1.14458,1.14456,1030,0.0,EURUSD,1784050849162,2026-07-14T17:40:49.162000Z,0.0
1.14461,1.14459,1030,0.0,EURUSD,1784050851643,2026-07-14T17:40:51.643000Z,0.0
1.14456,1.1445400000000001,1030,0.0,EURUSD,1784050853761,2026-07-14T17:40:53.761000Z,0.0
1.14456,1.1445400000000001,1030,0.0,EURUSD,1784050855663,2026-07-14T17:40:55.663000Z,0.0
1.1446,1.14458,1028,0.0,EURUSD,1784050857665,2026-07-14T17:40:57.665000Z,0.0
1.14459,1.14456,1026,0.0,EURUSD,1784050860040,2026-07-14T17:41:00.040000Z,0.0
1.14458,1.14456,1030,0.0,EURUSD,1784050862143,2026-07-14T17:41:02.143000Z,0.0
1.14459,1.14457,1030,0.0,EURUSD,1784050864099,2026-07-14T17:41:04.099000Z,0.0
1.14458,1.14456,1030,0.0,EURUSD,1784050864464,2026-07-14T17:41:04.464000Z,0.0
1.1445400000000001,1.14452,1030,0.0,EURUSD,1784050868052,2026-07-14T17:41:08.052000Z,0.0
1.14456,1.1445400000000001,1030,0.0,EURUSD,1784050870470,2026-07-14T17:41:10.470000Z,0.0
1.14455,1.14453,1030,0.0,EURUSD,1784050871290,2026-07-14T17:41:11.290000Z,0.0
1.1445400000000001,1.14452,1030,0.0,EURUSD,1784050873789,2026-07-14T17:41:13.789000Z,0.0
1.14455,1.14453,1030,0.0,EURUSD,1784050878093,2026-07-14T17:41:18.093000Z,0.0
1.14448,1.14446,1028,0.0,EURUSD,1784050880897,2026-07-14T17:41:20.897000Z,0.0
1.14448,1.14446,1030,0.0,EURUSD,1784050882948,2026-07-14T17:41:22.948000Z,0.0
1.14447,1.14445,1030,0.0,EURUSD,1784050885168,2026-07-14T17:41:25.168000Z,0.0
1.1445,1.14448,1030,0.0,EURUSD,1784050886309,2026-07-14T17:41:26.309000Z,0.0
1.1445,1.14448,1030,0.0,EURUSD,1784050889131,2026-07-14T17:41:29.131000Z,0.0
1.14451,1.14449,1030,0.0,EURUSD,1784050891431,2026-07-14T17:41:31.431000Z,0.0
1.14453,1.14451,1030,0.0,EURUSD,1784050893042,2026-07-14T17:41:33.042000Z,0.0
1.14452,1.1445,1030,0.0,EURUSD,1784050894637,2026-07-14T17:41:34.637000Z,0.0
1.14452,1.1445,1030,0.0,EURUSD,1784050899431,2026-07-14T17:41:39.431000Z,0.0
1.14459,1.14457,1030,0.0,EURUSD,1784050901894,2026-07-14T17:41:41.894000Z,0.0
1.14465,1.14463,1030,0.0,EURUSD,1784050902822,2026-07-14T17:41:42.822000Z,0.0
1.14468,1.14466,1030,0.0,EURUSD,1784050904489,2026-07-14T17:41:44.489000Z,0.0
1.14468,1.14466,1030,0.0,EURUSD,1784050907887,2026-07-14T17:41:47.887000Z,0.0
1.1447,1.14468,1030,0.0,EURUSD,1784050910053,2026-07-14T17:41:50.053000Z,0.0
1.14465,1.14463,1030,0.0,EURUSD,1784050912290,2026-07-14T17:41:52.290000Z,0.0
1.14469,1.14467,1026,0.0,EURUSD,1784050913808,2026-07-14T17:41:53.808000Z,0.0
1.14472,1.1447,1026,0.0,EURUSD,1784050916541,2026-07-14T17:41:56.541000Z,0.0
1.14469,1.14467,1030,0.0,EURUSD,1784050920615,2026-07-14T17:42:00.615000Z,0.0
1.14469,1.14467,1030,0.0,EURUSD,1784050923314,2026-07-14T17:42:03.314000Z,0.0
1.14467,1.14465,1028,0.0,EURUSD,1784050926476,2026-07-14T17:42:06.476000Z,0.0
1.14465,1.14463,1030,0.0,EURUSD,1784050929051,2026-07-14T17:42:09.051000Z,0.0
1.14465,1.14463,1030,0.0,EURUSD,1784050931054,2026-07-14T17:42:11.054000Z,0.0
1.1446399999999999,1.14462,1030,0.0,EURUSD,1784050931927,2026-07-14T17:42:11.927000Z,0.0
1.1446399999999999,1.14462,1026,0.0,EURUSD,1784050935323,2026-07-14T17:42:15.323000Z,0.0
1.14465,1.14463,1030,0.0,EURUSD,1784050935389,2026-07-14T17:42:15.389000Z,0.0
1.14466,1.1446399999999999,1030,0.0,EURUSD,1784050939387,2026-07-14T17:42:19.387000Z,0.0
1.14465,1.14463,1030,0.0,EURUSD,1784050941141,2026-07-14T17:42:21.141000Z,0.0
1.14465,1.14463,1030,0.0,EURUSD,1784050942941,2026-07-14T17:42:22.941000Z,0.0
1.14467,1.14465,1030,0.0,EURUSD,1784050943746,2026-07-14T17:42:23.746000Z,0.0
1.14465,1.14463,1030,0.0,EURUSD,1784050946296,2026-07-14T17:42:26.296000Z,0.0
1.14465,1.14463,1030,0.0,EURUSD,1784050951181,2026-07-14T17:42:31.181000Z,0.0
1.14466,1.1446399999999999,1030,0.0,EURUSD,1784050954162,2026-07-14T17:42:34.162000Z,0.0
1.14469,1.14467,1030,0.0,EURUSD,1784050955692,2026-07-14T17:42:35.692000Z,0.0
1.14474,1.14471,1026,0.0,EURUSD,1784050958341,2026-07-14T17:42:38.341000Z,0.0
1.14467,1.1446399999999999,1030,0.0,EURUSD,1784050960441,2026-07-14T17:42:40.441000Z,0.0
1.14469,1.14467,1030,0.0,EURUSD,1784050962064,2026-07-14T17:42:42.064000Z,0.0
1.14468,1.14466,1030,0.0,EURUSD,1784050964491,2026-07-14T17:42:44.491000Z,0.0
1.14468,1.14466,1030,0.0,EURUSD,1784050966738,2026-07-14T17:42:46.738000Z,0.0
1.14471,1.14469,1030,0.0,EURUSD,1784050968440,2026-07-14T17:42:48.440000Z,0.0
1.14469,1.14467,1030,0.0,EURUSD,1784050970640,2026-07-14T17:42:50.640000Z,0.0
1.14466,1.1446399999999999,1030,0.0,EURUSD,1784050972553,2026-07-14T17:42:52.553000Z,0.0
1.14467,1.14465,1030,0.0,EURUSD,1784050974049,2026-07-14T17:42:54.049000Z,0.0
1.14466,1.1446399999999999,1030,0.0,EURUSD,1784050976571,2026-07-14T17:42:56.571000Z,0.0
1.14466,1.1446399999999999,1026,0.0,EURUSD,1784050977772,2026-07-14T17:42:57.772000Z,0.0
1.14471,1.14469,1026,0.0,EURUSD,1784050981127,2026-07-14T17:43:01.127000Z,0.0
1.14471,1.14469,1030,0.0,EURUSD,1784050982497,2026-07-14T17:43:02.497000Z,0.0
1.14468,1.14466,1030,0.0,EURUSD,1784050985241,2026-07-14T17:43:05.241000Z,0.0
1.14473,1.14471,1028,0.0,EURUSD,1784050986559,2026-07-14T17:43:06.559000Z,0.0
1.1447,1.14468,1030,0.0,EURUSD,1784050989347,2026-07-14T17:43:09.347000Z,0.0
1.14469,1.14467,1030,0.0,EURUSD,1784050990986,2026-07-14T17:43:10.986000Z,0.0
1.1446399999999999,1.14462,1030,0.0,EURUSD,1784050993433,2026-07-14T17:43:13.433000Z,0.0
1.1446,1.14458,1030,0.0,EURUSD,1784050995871,2026-07-14T17:43:15.871000Z,0.0
1.1446,1.14458,1030,0.0,EURUSD,1784050996739,2026-07-14T17:43:16.739000Z,0.0
1.14459,1.14457,1030,0.0,EURUSD,1784050999587,2026-07-14T17:43:19.587000Z,0.0
1.14457,1.14455,1030,0.0,EURUSD,1784051001917,2026-07-14T17:43:21.917000Z,0.0
1.14459,1.14457,1030,0.0,EURUSD,1784051003586,2026-07-14T17:43:23.586000Z,0.0
1.1446,1.14458,1030,0.0,EURUSD,1784051005139,2026-07-14T17:43:25.139000Z,0.0
1.14459,1.14457,1030,0.0,EURUSD,1784051008444,2026-07-14T17:43:28.444000Z,0.0
1.14458,1.14456,1030,0.0,EURUSD,1784051010391,2026-07-14T17:43:30.391000Z,0.0
1.14458,1.14456,1030,0.0,EURUSD,1784051011888,2026-07-14T17:43:31.888000Z,0.0
1.14458,1.14456,1026,0.0,EURUSD,1784051016050,2026-07-14T17:43:36.050000Z,0.0
1.14451,1.14449,1030,0.0,EURUSD,1784051019044,2026-07-14T17:43:39.044000Z,0.0
1.1445400000000001,1.14452,1030,0.0,EURUSD,1784051020067,2026-07-14T17:43:40.067000Z,0.0
1.1445400000000001,1.14452,1030,0.0,EURUSD,1784051022496,2026-07-14T17:43:42.496000Z,0.0
1.14452,1.1445,1030,0.0,EURUSD,1784051023515,2026-07-14T17:43:43.515000Z,0.0
1.14453,1.14451,1030,0.0,EURUSD,1784051026840,2026-07-14T17:43:46.840000Z,0.0
1.14455,1.14453,1030,0.0,EURUSD,1784051028938,2026-07-14T17:43:48.938000Z,0.0
1.14459,1.14457,1030,0.0,EURUSD,1784051031436,2026-07-14T17:43:51.436000Z,0.0
1.14461,1.14459,1030,0.0,EURUSD,1784051033686,2026-07-14T17:43:53.686000Z,0.0
1.14459,1.14457,1030,0.0,EURUSD,1784051035590,2026-07-14T17:43:55.590000Z,0.0
1.1446,1.14458,1030,0.0,EURUSD,1784051036401,2026-07-14T17:43:56.401000Z,0.0
1.1446399999999999,1.14462,1026,0.0,EURUSD,1784051039911,2026-07-14T17:43:59.911000Z,0.0
1.1446399999999999,1.14462,1030,0.0,EURUSD,1784051041437,2026-07-14T17:44:01.437000Z,0.0
1.1446399999999999,1.14462,1030,0.0,EURUSD,1784051046083,2026-07-14T17:44:06.083000Z,0.0
1.1446399999999999,1.14462,1030,0.0,EURUSD,1784051048090,2026-07-14T17:44:08.090000Z,0.0
1.1446399999999999,1.14462,1030,0.0,EURUSD,1784051050459,2026-07-14T17:44:10.459000Z,0.0
1.14467,1.14465,1030,0.0,EURUSD,1784051051773,2026-07-14T17:44:11.773000Z,0.0
1.14466,1.1446399999999999,1030,0.0,EURUSD,1784051053341,2026-07-14T17:44:13.341000Z,0.0
1.14467,1.14465,1030,0.0,EURUSD,1784051055586,2026-07-14T17:44:15.586000Z,0.0
1.14468,1.14466,1030,0.0,EURUSD,1784051058238,2026-07-14T17:44:18.238000Z,0.0
1.14465,1.14463,1030,0.0,EURUSD,1784051060736,2026-07-14T17:44:20.736000Z,0.0
1.14469,1.14467,1026,0.0,EURUSD,1784051062486,2026-07-14T17:44:22.486000Z,0.0
1.14471,1.14469,1030,0.0,EURUSD,1784051064713,2026-07-14T17:44:24.713000Z,0.0
1.14466,1.1446399999999999,1030,0.0,EURUSD,1784051068988,2026-07-14T17:44:28.988000Z,0.0
1.14468,1.14466,1030,0.0,EURUSD,1784051071281,2026-07-14T17:44:31.281000Z,0.0
1.14467,1.14465,1030,0.0,EURUSD,1784051073413,2026-07-14T17:44:33.413000Z,0.0
1.1447,1.14468,1030,0.0,EURUSD,1784051075241,2026-07-14T17:44:35.241000Z,0.0
1.14471,1.14469,1030,0.0,EURUSD,1784051076257,2026-07-14T17:44:36.257000Z,0.0
1.14466,1.1446399999999999,1030,0.0,EURUSD,1784051079674,2026-07-14T17:44:39.674000Z,0.0
1.14466,1.1446399999999999,1028,0.0,EURUSD,1784051081617,2026-07-14T17:44:41.617000Z,0.0
1.1447,1.14468,1030,0.0,EURUSD,1784051083884,2026-07-14T17:44:43.884000Z,0.0
1.1447,1.14468,1030,0.0,EURUSD,1784051085990,2026-07-14T17:44:45.990000Z,0.0
1.14473,1.14471,1030,0.0,EURUSD,1784051086882,2026-07-14T17:44:46.882000Z,0.0
1.14472,1.1447,1028,0.0,EURUSD,1784051089366,2026-07-14T17:44:49.366000Z,0.0
1.14471,1.14469,1030,0.0,EURUSD,1784051091852,2026-07-14T17:44:51.852000Z,0.0
1.14473,1.14471,1030,0.0,EURUSD,1784051093963,2026-07-14T17:44:53.963000Z,0.0
1.14477,1.14475,1030,0.0,EURUSD,1784051096189,2026-07-14T17:44:56.189000Z,0.0
1.14483,1.14481,1030,0.0,EURUSD,1784051098385,2026-07-14T17:44:58.385000Z,0.0
1.14484,1.14482,1030,0.0,EURUSD,1784051100473,2026-07-14T17:45:00.473000Z,0.0
1.14483,1.1448,1028,0.0,EURUSD,1784051101647,2026-07-14T17:45:01.647000Z,0.0
1.14486,1.14484,1030,0.0,EURUSD,1784051104635,2026-07-14T17:45:04.635000Z,0.0
1.14487,1.14485,1026,0.0,EURUSD,1784051104964,2026-07-14T17:45:04.964000Z,0.0
1.14487,1.14485,1026,0.0,EURUSD,1784051108941,2026-07-14T17:45:08.941000Z,0.0
1.14485,1.14483,1030,0.0,EURUSD,1784051110491,2026-07-14T17:45:10.491000Z,0.0
1.14486,1.14484,1030,0.0,EURUSD,1784051112742,2026-07-14T17:45:12.742000Z,0.0
1.14486,1.14484,1030,0.0,EURUSD,1784051115089,2026-07-14T17:45:15.089000Z,0.0
1.14486,1.14484,1028,0.0,EURUSD,1784051117881,2026-07-14T17:45:17.881000Z,0.0
1.14487,1.14485,1030,0.0,EURUSD,1784051121054,2026-07-14T17:45:21.054000Z,0.0
1.14486,1.14484,1030,0.0,EURUSD,1784051123662,2026-07-14T17:45:23.662000Z,0.0
1.1448800000000001,1.14486,1030,0.0,EURUSD,1784051127060,2026-07-14T17:45:27.060000Z,0.0
1.14493,1.14491,1030,0.0,EURUSD,1784051129188,2026-07-14T17:45:29.188000Z,0.0
1.14493,1.14491,1030,0.0,EURUSD,1784051130372,2026-07-14T17:45:30.372000Z,0.0
1.14496,1.14494,1028,0.0,EURUSD,1784051140433,2026-07-14T17:45:40.433000Z,0.0
1.14493,1.14491,1030,0.0,EURUSD,1784051142410,2026-07-14T17:45:42.410000Z,0.0
1.14497,1.14495,1030,0.0,EURUSD,1784051144043,2026-07-14T17:45:44.043000Z,0.0
1.14497,1.14495,1030,0.0,EURUSD,1784051148076,2026-07-14T17:45:48.076000Z,0.0
1.1449799999999999,1.14496,1030,0.0,EURUSD,1784051150703,2026-07-14T17:45:50.703000Z,0.0
1.14496,1.14494,1030,0.0,EURUSD,1784051155183,2026-07-14T17:45:55.183000Z,0.0
1.14495,1.14493,1030,0.0,EURUSD,1784051157068,2026-07-14T17:45:57.068000Z,0.0
1.14493,1.14491,1030,0.0,EURUSD,1784051157685,2026-07-14T17:45:57.685000Z,0.0
1.14496,1.14493,1028,0.0,EURUSD,1784051161491,2026-07-14T17:46:01.491000Z,0.0
1.14495,1.14493,1030,0.0,EURUSD,1784051163372,2026-07-14T17:46:03.372000Z,0.0
1.14489,1.14487,1030,0.0,EURUSD,1784051166915,2026-07-14T17:46:06.915000Z,0.0
1.14486,1.14484,1030,0.0,EURUSD,1784051169485,2026-07-14T17:46:09.485000Z,0.0
1.1448,1.14478,1030,0.0,EURUSD,1784051171803,2026-07-14T17:46:11.803000Z,0.0
1.1448,1.14478,1030,0.0,EURUSD,1784051173994,2026-07-14T17:46:13.994000Z,0.0
1.14475,1.14473,1030,0.0,EURUSD,1784051176188,2026-07-14T17:46:16.188000Z,0.0
1.14482,1.1448,1030,0.0,EURUSD,1784051178296,2026-07-14T17:46:18.296000Z,0.0
1.14479,1.14477,1030,0.0,EURUSD,1784051180371,2026-07-14T17:46:20.371000Z,0.0
1.14478,1.14475,1028,0.0,EURUSD,1784051182471,2026-07-14T17:46:22.471000Z,0.0
1.14481,1.14479,1030,0.0,EURUSD,1784051184028,2026-07-14T17:46:24.028000Z,0.0
1.14481,1.14479,1030,0.0,EURUSD,1784051186331,2026-07-14T17:46:26.331000Z,0.0
1.1448,1.14478,1030,0.0,EURUSD,1784051188720,2026-07-14T17:46:28.720000Z,0.0
1.14476,1.14474,1030,0.0,EURUSD,1784051190332,2026-07-14T17:46:30.332000Z,0.0
1.14475,1.14473,1030,0.0,EURUSD,1784051192698,2026-07-14T17:46:32.698000Z,0.0
1.14477,1.14475,1030,0.0,EURUSD,1784051194781,2026-07-14T17:46:34.781000Z,0.0
1.14477,1.14475,1030,0.0,EURUSD,1784051196242,2026-07-14T17:46:36.242000Z,0.0
1.14477,1.14475,1026,0.0,EURUSD,1784051199283,2026-07-14T17:46:39.283000Z,0.0
1.14477,1.14475,1030,0.0,EURUSD,1784051200374,2026-07-14T17:46:40.374000Z,0.0
1.14475,1.14473,1030,0.0,EURUSD,1784051202419,2026-07-14T17:46:42.419000Z,0.0
1.14473,1.14471,1030,0.0,EURUSD,1784051205233,2026-07-14T17:46:45.233000Z,0.0
1.14478,1.14476,1030,0.0,EURUSD,1784051207433,2026-07-14T17:46:47.433000Z,0.0
1.14477,1.14475,1030,0.0,EURUSD,1784051209726,2026-07-14T17:46:49.726000Z,0.0
1.14473,1.14471,1030,0.0,EURUSD,1784051210686,2026-07-14T17:46:50.686000Z,0.0
1.14467,1.14465,1028,0.0,EURUSD,1784051215886,2026-07-14T17:46:55.886000Z,0.0
1.14467,1.14465,1030,0.0,EURUSD,1784051216531,2026-07-14T17:46:56.531000Z,0.0
1.14472,1.1447,1026,0.0,EURUSD,1784051219246,2026-07-14T17:46:59.246000Z,0.0
1.14472,1.1447,1030,0.0,EURUSD,1784051222135,2026-07-14T17:47:02.135000Z,0.0
1.14472,1.1447,1030,0.0,EURUSD,1784051224405,2026-07-14T17:47:04.405000Z,0.0
1.14465,1.14463,1028,0.0,EURUSD,1784051226077,2026-07-14T17:47:06.077000Z,0.0
1.14471,1.14469,1030,0.0,EURUSD,1784051228520,2026-07-14T17:47:08.520000Z,0.0
1.14472,1.1447,1030,0.0,EURUSD,1784051230468,2026-07-14T17:47:10.468000Z,0.0
1.14474,1.14472,1028,0.0,EURUSD,1784051232776,2026-07-14T17:47:12.776000Z,0.0
1.14476,1.14474,1030,0.0,EURUSD,1784051235016,2026-07-14T17:47:15.016000Z,0.0
1.14473,1.14471,1028,0.0,EURUSD,1784051236873,2026-07-14T17:47:16.873000Z,0.0
1.1448,1.14478,1030,0.0,EURUSD,1784051239197,2026-07-14T17:47:19.197000Z,0.0
1.14478,1.14476,1030,0.0,EURUSD,1784051241218,2026-07-14T17:47:21.218000Z,0.0
1.14478,1.14476,1030,0.0,EURUSD,1784051243384,2026-07-14T17:47:23.384000Z,0.0
1.14479,1.14477,1030,0.0,EURUSD,1784051245262,2026-07-14T17:47:25.262000Z,0.0
1.14475,1.14473,1030,0.0,EURUSD,1784051247578,2026-07-14T17:47:27.578000Z,0.0
1.14475,1.14473,1030,0.0,EURUSD,1784051247834,2026-07-14T17:47:27.834000Z,0.0
1.14481,1.14479,1030,0.0,EURUSD,1784051252782,2026-07-14T17:47:32.782000Z,0.0
1.14479,1.14477,1030,0.0,EURUSD,1784051255334,2026-07-14T17:47:35.334000Z,0.0
1.14478,1.14476,1030,0.0,EURUSD,1784051257818,2026-07-14T17:47:37.818000Z,0.0
1.14477,1.14475,1030,0.0,EURUSD,1784051259446,2026-07-14T17:47:39.446000Z,0.0
1.14475,1.14473,1030,0.0,EURUSD,1784051262096,2026-07-14T17:47:42.096000Z,0.0
1.14472,1.1447,1030,0.0,EURUSD,1784051264321,2026-07-14T17:47:44.321000Z,0.0
1.14476,1.14474,1030,0.0,EURUSD,1784051266469,2026-07-14T17:47:46.469000Z,0.0
1.1448,1.14478,1030,0.0,EURUSD,1784051269759,2026-07-14T17:47:49.759000Z,0.0
1.14481,1.14479,1030,0.0,EURUSD,1784051271335,2026-07-14T17:47:51.335000Z,0.0
1.14484,1.14482,1030,0.0,EURUSD,1784051274669,2026-07-14T17:47:54.669000Z,0.0
1.14483,1.14481,1030,0.0,EURUSD,1784051276853,2026-07-14T17:47:56.853000Z,0.0
1.14484,1.14482,1030,0.0,EURUSD,1784051277186,2026-07-14T17:47:57.186000Z,0.0
1.14485,1.14483,1030,0.0,EURUSD,1784051281082,2026-07-14T17:48:01.082000Z,0.0
1.14486,1.14484,1026,0.0,EURUSD,1784051282489,2026-07-14T17:48:02.489000Z,0.0
1.14484,1.14482,1030,0.0,EURUSD,1784051285239,2026-07-14T17:48:05.239000Z,0.0
1.14482,1.1448,1030,0.0,EURUSD,1784051287335,2026-07-14T17:48:07.335000Z,0.0
1.1448,1.14478,1030,0.0,EURUSD,1784051289344,2026-07-14T17:48:09.344000Z,0.0
1.1448,1.14478,1030,0.0,EURUSD,1784051289964,2026-07-14T17:48:09.964000Z,0.0
1.14475,1.14473,1030,0.0,EURUSD,1784051292508,2026-07-14T17:48:12.508000Z,0.0
1.1447,1.14468,1030,0.0,EURUSD,1784051295841,2026-07-14T17:48:15.841000Z,0.0
1.14467,1.14465,1030,0.0,EURUSD,1784051297094,2026-07-14T17:48:17.094000Z,0.0
1.14465,1.14463,1030,0.0,EURUSD,1784051299669,2026-07-14T17:48:19.669000Z,0.0
1.14468,1.14466,1030,0.0,EURUSD,1784051301512,2026-07-14T17:48:21.512000Z,0.0
1.14472,1.1447,1026,0.0,EURUSD,1784051303710,2026-07-14T17:48:23.710000Z,0.0
1.14473,1.14471,1030,0.0,EURUSD,1784051306296,2026-07-14T17:48:26.296000Z,0.0
1.14478,1.14476,1026,0.0,EURUSD,1784051308068,2026-07-14T17:48:28.068000Z,0.0
1.14483,1.14481,1030,0.0,EURUSD,1784051310202,2026-07-14T17:48:30.202000Z,0.0
1.14485,1.14483,1030,0.0,EURUSD,1784051312398,2026-07-14T17:48:32.398000Z,0.0
1.14485,1.14483,1030,0.0,EURUSD,1784051313096,2026-07-14T17:48:33.096000Z,0.0
1.14491,1.14489,1030,0.0,EURUSD,1784051316438,2026-07-14T17:48:36.438000Z,0.0
1.1448800000000001,1.14486,1030,0.0,EURUSD,1784051319021,2026-07-14T17:48:39.021000Z,0.0
1.14489,1.14487,1030,0.0,EURUSD,1784051320492,2026-07-14T17:48:40.492000Z,0.0
1.1448800000000001,1.14486,1030,0.0,EURUSD,1784051321691,2026-07-14T17:48:41.691000Z,0.0
1.14487,1.14485,1030,0.0,EURUSD,1784051324698,2026-07-14T17:48:44.698000Z,0.0
1.1449,1.1448800000000001,1026,0.0,EURUSD,1784051327313,2026-07-14T17:48:47.313000Z,0.0
1.14491,1.14489,1030,0.0,EURUSD,1784051328947,2026-07-14T17:48:48.947000Z,0.0
1.1449,1.1448800000000001,1030,0.0,EURUSD,1784051330741,2026-07-14T17:48:50.741000Z,0.0
1.1448800000000001,1.14486,1030,0.0,EURUSD,1784051332321,2026-07-14T17:48:52.321000Z,0.0
1.1448800000000001,1.14486,1028,0.0,EURUSD,1784051335169,2026-07-14T17:48:55.169000Z,0.0
1.1448800000000001,1.14486,1030,0.0,EURUSD,1784051339996,2026-07-14T17:48:59.996000Z,0.0
1.14487,1.14485,1030,0.0,EURUSD,1784051341386,2026-07-14T17:49:01.386000Z,0.0
1.1448800000000001,1.14486,1026,0.0,EURUSD,1784051342717,2026-07-14T17:49:02.717000Z,0.0
1.14491,1.14489,1030,0.0,EURUSD,1784051345862,2026-07-14T17:49:05.862000Z,0.0
1.1448800000000001,1.14486,1030,0.0,EURUSD,1784051348179,2026-07-14T17:49:08.179000Z,0.0
1.14482,1.1448,1030,0.0,EURUSD,1784051350334,2026-07-14T17:49:10.334000Z,0.0
1.14482,1.1448,1030,0.0,EURUSD,1784051351516,2026-07-14T17:49:11.516000Z,0.0
1.14482,1.1448,1030,0.0,EURUSD,1784051354557,2026-07-14T17:49:14.557000Z,0.0
1.14481,1.14479,1028,0.0,EURUSD,1784051356756,2026-07-14T17:49:16.756000Z,0.0
1.14482,1.1448,1030,0.0,EURUSD,1784051357939,2026-07-14T17:49:17.939000Z,0.0
1.14483,1.14481,1030,0.0,EURUSD,1784051359997,2026-07-14T17:49:19.997000Z,0.0
1.14481,1.14479,1030,0.0,EURUSD,1784051361830,2026-07-14T17:49:21.830000Z,0.0
1.14479,1.14477,1030,0.0,EURUSD,1784051367147,2026-07-14T17:49:27.147000Z,0.0
1.1448,1.14478,1030,0.0,EURUSD,1784051369177,2026-07-14T17:49:29.177000Z,0.0
1.1448,1.14478,1030,0.0,EURUSD,1784051371441,2026-07-14T17:49:31.441000Z,0.0
1.14482,1.1448,1030,0.0,EURUSD,1784051373554,2026-07-14T17:49:33.554000Z,0.0
1.14481,1.14479,1030,0.0,EURUSD,1784051375491,2026-07-14T17:49:35.491000Z,0.0
1.14475,1.14473,1030,0.0,EURUSD,1784051377776,2026-07-14T17:49:37.776000Z,0.0
1.14478,1.14476,1030,0.0,EURUSD,1784051379723,2026-07-14T17:49:39.723000Z,0.0
1.14474,1.14472,1030,0.0,EURUSD,1784051382041,2026-07-14T17:49:42.041000Z,0.0
1.14474,1.14472,1030,0.0,EURUSD,1784051383232,2026-07-14T17:49:43.232000Z,0.0
1.14475,1.14473,1030,0.0,EURUSD,1784051392394,2026-07-14T17:49:52.394000Z,0.0
1.14474,1.14472,1030,0.0,EURUSD,1784051395049,2026-07-14T17:49:55.049000Z,0.0
1.14477,1.14475,1030,0.0,EURUSD,1784051398569,2026-07-14T17:49:58.569000Z,0.0
1.14478,1.14476,1030,0.0,EURUSD,1784051399934,2026-07-14T17:49:59.934000Z,0.0
1.14473,1.14471,1030,0.0,EURUSD,1784051402568,2026-07-14T17:50:02.568000Z,0.0
1.14471,1.14469,1030,0.0,EURUSD,1784051403942,2026-07-14T17:50:03.942000Z,0.0
1.14474,1.14472,1030,0.0,EURUSD,1784051406344,2026-07-14T17:50:06.344000Z,0.0
1.14476,1.14474,1030,0.0,EURUSD,1784051409282,2026-07-14T17:50:09.282000Z,0.0
1.14475,1.14473,1026,0.0,EURUSD,1784051411039,2026-07-14T17:50:11.039000Z,0.0
1.14475,1.14473,1030,0.0,EURUSD,1784051413591,2026-07-14T17:50:13.591000Z,0.0
1.14475,1.14473,1030,0.0,EURUSD,1784051413740,2026-07-14T17:50:13.740000Z,0.0
1.14474,1.14472,1030,0.0,EURUSD,1784051417318,2026-07-14T17:50:17.318000Z,0.0
1.14474,1.14472,1030,0.0,EURUSD,1784051418616,2026-07-14T17:50:18.616000Z,0.0
1.14474,1.14472,1028,0.0,EURUSD,1784051421704,2026-07-14T17:50:21.704000Z,0.0
1.14472,1.1447,1030,0.0,EURUSD,1784051425935,2026-07-14T17:50:25.935000Z,0.0
1.14473,1.14471,1030,0.0,EURUSD,1784051428269,2026-07-14T17:50:28.269000Z,0.0
1.14475,1.14473,1030,0.0,EURUSD,1784051430075,2026-07-14T17:50:30.075000Z,0.0
1.14476,1.14474,1030,0.0,EURUSD,1784051430784,2026-07-14T17:50:30.784000Z,0.0
1.14474,1.14472,1030,0.0,EURUSD,1784051434508,2026-07-14T17:50:34.508000Z,0.0
1.14466,1.1446399999999999,1030,0.0,EURUSD,1784051436548,2026-07-14T17:50:36.548000Z,0.0
1.1446399999999999,1.14462,1030,0.0,EURUSD,1784051438045,2026-07-14T17:50:38.045000Z,0.0
1.14465,1.14463,1030,0.0,EURUSD,1784051440628,2026-07-14T17:50:40.628000Z,0.0
1.14466,1.1446399999999999,1030,0.0,EURUSD,1784051444694,2026-07-14T17:50:44.694000Z,0.0
1.14469,1.14467,1026,0.0,EURUSD,1784051446445,2026-07-14T17:50:46.445000Z,0.0
1.14478,1.14476,1030,0.0,EURUSD,1784051449288,2026-07-14T17:50:49.288000Z,0.0
1.14474,1.14472,1030,0.0,EURUSD,1784051451454,2026-07-14T17:50:51.454000Z,0.0
1.14476,1.14474,1030,0.0,EURUSD,1784051453324,2026-07-14T17:50:53.324000Z,0.0
1.14476,1.14474,1030,0.0,EURUSD,1784051455326,2026-07-14T17:50:55.326000Z,0.0
1.14473,1.14471,1030,0.0,EURUSD,1784051457649,2026-07-14T17:50:57.649000Z,0.0
1.1446399999999999,1.14462,1028,0.0,EURUSD,1784051459718,2026-07-14T17:50:59.718000Z,0.0
1.1446,1.14458,1030,0.0,EURUSD,1784051461545,2026-07-14T17:51:01.545000Z,0.0
1.1446,1.14458,1026,0.0,EURUSD,1784051463938,2026-07-14T17:51:03.938000Z,0.0
1.14457,1.14455,1030,0.0,EURUSD,1784051466160,2026-07-14T17:51:06.160000Z,0.0
1.14459,1.14457,1030,0.0,EURUSD,1784051468239,2026-07-14T17:51:08.239000Z,0.0
1.14459,1.14457,1030,0.0,EURUSD,1784051470093,2026-07-14T17:51:10.093000Z,0.0
1.14466,1.1446399999999999,1030,0.0,EURUSD,1784051472339,2026-07-14T17:51:12.339000Z,0.0
1.1446399999999999,1.14462,1030,0.0,EURUSD,1784051473152,2026-07-14T17:51:13.152000Z,0.0
1.14461,1.14459,1030,0.0,EURUSD,1784051475643,2026-07-14T17:51:15.643000Z,0.0
1.1446,1.14458,1030,0.0,EURUSD,1784051478588,2026-07-14T17:51:18.588000Z,0.0
1.14462,1.1446,1030,0.0,EURUSD,1784051480103,2026-07-14T17:51:20.103000Z,0.0
1.14465,1.14463,1030,0.0,EURUSD,1784051484345,2026-07-14T17:51:24.345000Z,0.0
1.14465,1.14463,1030,0.0,EURUSD,1784051485339,2026-07-14T17:51:25.339000Z,0.0
1.1446399999999999,1.14462,1030,0.0,EURUSD,1784051490286,2026-07-14T17:51:30.286000Z,0.0
1.14468,1.14466,1030,0.0,EURUSD,1784051493356,2026-07-14T17:51:33.356000Z,0.0
1.1447,1.14468,1030,0.0,EURUSD,1784051494974,2026-07-14T17:51:34.974000Z,0.0
1.1447,1.14468,1030,0.0,EURUSD,1784051497767,2026-07-14T17:51:37.767000Z,0.0
1.1447,1.14468,1026,0.0,EURUSD,1784051499843,2026-07-14T17:51:39.843000Z,0.0
1.14471,1.14469,1030,0.0,EURUSD,1784051500597,2026-07-14T17:51:40.597000Z,0.0
1.14469,1.14467,1030,0.0,EURUSD,1784051503866,2026-07-14T17:51:43.866000Z,0.0
1.14471,1.14469,1030,0.0,EURUSD,1784051505011,2026-07-14T17:51:45.011000Z,0.0
1.1447,1.14468,1030,0.0,EURUSD,1784051507838,2026-07-14T17:51:47.838000Z,0.0
1.14472,1.1447,1030,0.0,EURUSD,1784051510120,2026-07-14T17:51:50.120000Z,0.0
1.1447,1.14468,1030,0.0,EURUSD,1784051511843,2026-07-14T17:51:51.843000Z,0.0
1.14472,1.1447,1030,0.0,EURUSD,1784051514440,2026-07-14T17:51:54.440000Z,0.0
1.14472,1.1447,1030,0.0,EURUSD,1784051516588,2026-07-14T17:51:56.588000Z,0.0
1.14473,1.14471,1030,0.0,EURUSD,1784051518439,2026-07-14T17:51:58.439000Z,0.0
1.14474,1.14472,1030,0.0,EURUSD,1784051520606,2026-07-14T17:52:00.606000Z,0.0
1.14472,1.1447,1030,0.0,EURUSD,1784051524546,2026-07-14T17:52:04.546000Z,0.0
1.14476,1.14474,1030,0.0,EURUSD,1784051526762,2026-07-14T17:52:06.762000Z,0.0
1.14474,1.14472,1030,0.0,EURUSD,1784051528964,2026-07-14T17:52:08.964000Z,0.0
1.14476,1.14474,1030,0.0,EURUSD,1784051533048,2026-07-14T17:52:13.048000Z,0.0
1.14476,1.14474,1030,0.0,EURUSD,1784051534037,2026-07-14T17:52:14.037000Z,0.0
1.14471,1.14469,1030,0.0,EURUSD,1784051537689,2026-07-14T17:52:17.689000Z,0.0
1.14473,1.14471,1030,0.0,EURUSD,1784051539763,2026-07-14T17:52:19.763000Z,0.0
1.14468,1.14466,1030,0.0,EURUSD,1784051541715,2026-07-14T17:52:21.715000Z,0.0
1.14471,1.14469,1030,0.0,EURUSD,1784051543848,2026-07-14T17:52:23.848000Z,0.0
1.14467,1.14465,1030,0.0,EURUSD,1784051548186,2026-07-14T17:52:28.186000Z,0.0
1.1446399999999999,1.14462,1030,0.0,EURUSD,1784051549004,2026-07-14T17:52:29.004000Z,0.0
1.14463,1.14461,1030,0.0,EURUSD,1784051551436,2026-07-14T17:52:31.436000Z,0.0
1.14463,1.14461,1030,0.0,EURUSD,1784051552939,2026-07-14T17:52:32.939000Z,0.0
1.14463,1.14461,1028,0.0,EURUSD,1784051558082,2026-07-14T17:52:38.082000Z,0.0
1.14455,1.14453,1030,0.0,EURUSD,1784051560616,2026-07-14T17:52:40.616000Z,0.0
1.14455,1.14453,1030,0.0,EURUSD,1784051562101,2026-07-14T17:52:42.101000Z,0.0
1.14456,1.1445400000000001,1030,0.0,EURUSD,1784051564708,2026-07-14T17:52:44.708000Z,0.0
1.1446,1.14458,1030,0.0,EURUSD,1784051566996,2026-07-14T17:52:46.996000Z,0.0
1.14455,1.14453,1030,0.0,EURUSD,1784051567927,2026-07-14T17:52:47.927000Z,0.0
1.14458,1.14456,1030,0.0,EURUSD,1784051571189,2026-07-14T17:52:51.189000Z,0.0
1.1445400000000001,1.14452,1030,0.0,EURUSD,1784051572289,2026-07-14T17:52:52.289000Z,0.0
1.14455,1.14453,1030,0.0,EURUSD,1784051574593,2026-07-14T17:52:54.593000Z,0.0
1.14458,1.14456,1030,0.0,EURUSD,1784051577225,2026-07-14T17:52:57.225000Z,0.0
1.14456,1.1445400000000001,1030,0.0,EURUSD,1784051577839,2026-07-14T17:52:57.839000Z,0.0
1.14457,1.14455,1030,0.0,EURUSD,1784051580041,2026-07-14T17:53:00.041000Z,0.0
1.14449,1.14447,1030,0.0,EURUSD,1784051583791,2026-07-14T17:53:03.791000Z,0.0
1.1445,1.14448,1030,0.0,EURUSD,1784051584544,2026-07-14T17:53:04.544000Z,0.0
1.14449,1.14447,1030,0.0,EURUSD,1784051586944,2026-07-14T17:53:06.944000Z,0.0
1.1445,1.14448,1030,0.0,EURUSD,1784051589542,2026-07-14T17:53:09.542000Z,0.0
1.1445,1.14448,1030,0.0,EURUSD,1784051592063,2026-07-14T17:53:12.063000Z,0.0
1.14435,1.14433,1030,0.0,EURUSD,1784051594113,2026-07-14T17:53:14.113000Z,0.0
1.14435,1.14433,1030,0.0,EURUSD,1784051595539,2026-07-14T17:53:15.539000Z,0.0
1.14426,1.14424,1030,0.0,EURUSD,1784051598296,2026-07-14T17:53:18.296000Z,0.0
1.1442700000000001,1.14425,1030,0.0,EURUSD,1784051600442,2026-07-14T17:53:20.442000Z,0.0
1.14417,1.14415,1030,0.0,EURUSD,1784051602053,2026-07-14T17:53:22.053000Z,0.0
1.14418,1.14416,1030,0.0,EURUSD,1784051604491,2026-07-14T17:53:24.491000Z,0.0
1.14414,1.14412,1028,0.0,EURUSD,1784051606651,2026-07-14T17:53:26.651000Z,0.0
1.14414,1.14412,1030,0.0,EURUSD,1784051608838,2026-07-14T17:53:28.838000Z,0.0
1.14414,1.14412,1030,0.0,EURUSD,1784051610260,2026-07-14T17:53:30.260000Z,0.0
1.14415,1.14413,1030,0.0,EURUSD,1784051613113,2026-07-14T17:53:33.113000Z,0.0
1.14415,1.14413,1030,0.0,EURUSD,1784051614362,2026-07-14T17:53:34.362000Z,0.0
1.1441,1.14408,1028,0.0,EURUSD,1784051616588,2026-07-14T17:53:36.588000Z,0.0
1.14401,1.14399,1028,0.0,EURUSD,1784051619194,2026-07-14T17:53:39.194000Z,0.0
1.1440299999999999,1.14401,1030,0.0,EURUSD,1784051620986,2026-07-14T17:53:40.986000Z,0.0
1.14409,1.14407,1030,0.0,EURUSD,1784051623143,2026-07-14T17:53:43.143000Z,0.0
1.14409,1.14407,1030,0.0,EURUSD,1784051624633,2026-07-14T17:53:44.633000Z,0.0
1.1442,1.14418,1026,0.0,EURUSD,1784051629874,2026-07-14T17:53:49.874000Z,0.0
1.14421,1.14419,1030,0.0,EURUSD,1784051631935,2026-07-14T17:53:51.935000Z,0.0
1.14422,1.1442,1030,0.0,EURUSD,1784051632638,2026-07-14T17:53:52.638000Z,0.0
1.14426,1.14424,1028,0.0,EURUSD,1784051635983,2026-07-14T17:53:55.983000Z,0.0
1.14421,1.14419,1030,0.0,EURUSD,1784051638143,2026-07-14T17:53:58.143000Z,0.0
1.14422,1.1442,1030,0.0,EURUSD,1784051639086,2026-07-14T17:53:59.086000Z,0.0
1.14421,1.14419,1030,0.0,EURUSD,1784051642463,2026-07-14T17:54:02.463000Z,0.0
1.14421,1.14419,1030,0.0,EURUSD,1784051642745,2026-07-14T17:54:02.745000Z,0.0
1.1442,1.14418,1030,0.0,EURUSD,1784051646645,2026-07-14T17:54:06.645000Z,0.0
1.1442,1.14418,1030,0.0,EURUSD,1784051648328,2026-07-14T17:54:08.328000Z,0.0
1.14428,1.14426,1030,0.0,EURUSD,1784051650664,2026-07-14T17:54:10.664000Z,0.0
1.14431,1.14429,1030,0.0,EURUSD,1784051652769,2026-07-14T17:54:12.769000Z,0.0
1.14432,1.1443,1030,0.0,EURUSD,1784051654938,2026-07-14T17:54:14.938000Z,0.0
1.14418,1.14416,1030,0.0,EURUSD,1784051656535,2026-07-14T17:54:16.535000Z,0.0
1.1442,1.14418,1026,0.0,EURUSD,1784051659190,2026-07-14T17:54:19.190000Z,0.0
1.14417,1.14415,1030,0.0,EURUSD,1784051661192,2026-07-14T17:54:21.192000Z,0.0
1.14417,1.14415,1030,0.0,EURUSD,1784051663221,2026-07-14T17:54:23.221000Z,0.0
1.14418,1.14416,1030,0.0,EURUSD,1784051665388,2026-07-14T17:54:25.388000Z,0.0
1.14417,1.14415,1030,0.0,EURUSD,1784051666040,2026-07-14T17:54:26.040000Z,0.0
1.14417,1.14415,1030,0.0,EURUSD,1784051669258,2026-07-14T17:54:29.258000Z,0.0
1.14411,1.14409,1030,0.0,EURUSD,1784051671485,2026-07-14T17:54:31.485000Z,0.0
1.14408,1.14406,1030,0.0,EURUSD,1784051673624,2026-07-14T17:54:33.624000Z,0.0
1.14412,1.1441,1026,0.0,EURUSD,1784051675963,2026-07-14T17:54:35.963000Z,0.0
1.14415,1.14413,1030,0.0,EURUSD,1784051678078,2026-07-14T17:54:38.078000Z,0.0
1.14418,1.14416,1030,0.0,EURUSD,1784051679996,2026-07-14T17:54:39.996000Z,0.0
1.14418,1.14416,1030,0.0,EURUSD,1784051682032,2026-07-14T17:54:42.032000Z,0.0
1.14422,1.1442,1028,0.0,EURUSD,1784051684339,2026-07-14T17:54:44.339000Z,0.0
1.14422,1.1442,1028,0.0,EURUSD,1784051684588,2026-07-14T17:54:44.588000Z,0.0
1.14422,1.1442,1030,0.0,EURUSD,1784051687318,2026-07-14T17:54:47.318000Z,0.0
1.14422,1.1442,1030,0.0,EURUSD,1784051689502,2026-07-14T17:54:49.502000Z,0.0
1.1442,1.14418,1030,0.0,EURUSD,1784051692097,2026-07-14T17:54:52.097000Z,0.0
1.1442,1.14417,1028,0.0,EURUSD,1784051694834,2026-07-14T17:54:54.834000Z,0.0
1.14421,1.14419,1030,0.0,EURUSD,1784051696508,2026-07-14T17:54:56.508000Z,0.0
1.14419,1.14417,1030,0.0,EURUSD,1784051697194,2026-07-14T17:54:57.194000Z,0.0
1.14419,1.14417,1030,0.0,EURUSD,1784051700971,2026-07-14T17:55:00.971000Z,0.0
1.14415,1.14413,1030,0.0,EURUSD,1784051703134,2026-07-14T17:55:03.134000Z,0.0
1.14414,1.14412,1030,0.0,EURUSD,1784051704760,2026-07-14T17:55:04.760000Z,0.0
1.14411,1.14409,1030,0.0,EURUSD,1784051706634,2026-07-14T17:55:06.634000Z,0.0
1.1441,1.14408,1030,0.0,EURUSD,1784051709308,2026-07-14T17:55:09.308000Z,0.0
1.1441,1.14408,1030,0.0,EURUSD,1784051711035,2026-07-14T17:55:11.035000Z,0.0
1.14411,1.14409,1030,0.0,EURUSD,1784051713591,2026-07-14T17:55:13.591000Z,0.0
1.1441,1.14408,1030,0.0,EURUSD,1784051715602,2026-07-14T17:55:15.602000Z,0.0
1.14418,1.14416,1030,0.0,EURUSD,1784051718010,2026-07-14T17:55:18.010000Z,0.0
1.14424,1.14422,1030,0.0,EURUSD,1784051719137,2026-07-14T17:55:19.137000Z,0.0
1.14423,1.14421,1028,0.0,EURUSD,1784051720438,2026-07-14T17:55:20.438000Z,0.0
1.14422,1.1442,1030,0.0,EURUSD,1784051725537,2026-07-14T17:55:25.537000Z,0.0
1.14423,1.14421,1030,0.0,EURUSD,1784051728486,2026-07-14T17:55:28.486000Z,0.0
1.14429,1.1442700000000001,1030,0.0,EURUSD,1784051730545,2026-07-14T17:55:30.545000Z,0.0
1.14426,1.14424,1030,0.0,EURUSD,1784051731310,2026-07-14T17:55:31.310000Z,0.0
1.14426,1.14424,1030,0.0,EURUSD,1784051733087,2026-07-14T17:55:33.087000Z,0.0
1.1443,1.14428,1030,0.0,EURUSD,1784051736284,2026-07-14T17:55:36.284000Z,0.0
1.14435,1.14433,1030,0.0,EURUSD,1784051739439,2026-07-14T17:55:39.439000Z,0.0
1.14436,1.14434,1030,0.0,EURUSD,1784051743041,2026-07-14T17:55:43.041000Z,0.0
1.1443699999999999,1.14435,1030,0.0,EURUSD,1784051745035,2026-07-14T17:55:45.035000Z,0.0
1.14439,1.1443699999999999,1030,0.0,EURUSD,1784051745870,2026-07-14T17:55:45.870000Z,0.0
1.1443699999999999,1.14435,1030,0.0,EURUSD,1784051749134,2026-07-14T17:55:49.134000Z,0.0
1.1443699999999999,1.14435,1030,0.0,EURUSD,1784051751486,2026-07-14T17:55:51.486000Z,0.0
1.14442,1.1444,1026,0.0,EURUSD,1784051753460,2026-07-14T17:55:53.460000Z,0.0
1.1444,1.14438,1030,0.0,EURUSD,1784051755527,2026-07-14T17:55:55.527000Z,0.0
1.14445,1.14443,1030,0.0,EURUSD,1784051757608,2026-07-14T17:55:57.608000Z,0.0
1.14445,1.14443,1028,0.0,EURUSD,1784051759587,2026-07-14T17:55:59.587000Z,0.0
1.14439,1.1443699999999999,1030,0.0,EURUSD,1784051761958,2026-07-14T17:56:01.958000Z,0.0
1.14438,1.14436,1030,0.0,EURUSD,1784051764201,2026-07-14T17:56:04.201000Z,0.0
1.1444,1.14438,1030,0.0,EURUSD,1784051765889,2026-07-14T17:56:05.889000Z,0.0
1.1444,1.14438,1030,0.0,EURUSD,1784051768232,2026-07-14T17:56:08.232000Z,0.0
1.14443,1.14441,1030,0.0,EURUSD,1784051769920,2026-07-14T17:56:09.920000Z,0.0
1.14444,1.14442,1026,0.0,EURUSD,1784051772588,2026-07-14T17:56:12.588000Z,0.0
1.14441,1.14439,1030,0.0,EURUSD,1784051773196,2026-07-14T17:56:13.196000Z,0.0
1.14445,1.14443,1030,0.0,EURUSD,1784051776737,2026-07-14T17:56:16.737000Z,0.0
1.14441,1.14439,1030,0.0,EURUSD,1784051778882,2026-07-14T17:56:18.882000Z,0.0
1.14442,1.1444,1030,0.0,EURUSD,1784051781083,2026-07-14T17:56:21.083000Z,0.0
1.14441,1.14439,1030,0.0,EURUSD,1784051781739,2026-07-14T17:56:21.739000Z,0.0
1.14441,1.14439,1030,0.0,EURUSD,1784051784559,2026-07-14T17:56:24.559000Z,0.0
1.14441,1.14439,1026,0.0,EURUSD,1784051786376,2026-07-14T17:56:26.376000Z,0.0
1.1444,1.14438,1030,0.0,EURUSD,1784051789362,2026-07-14T17:56:29.362000Z,0.0
1.1443699999999999,1.14435,1030,0.0,EURUSD,1784051791331,2026-07-14T17:56:31.331000Z,0.0
1.14435,1.14433,1030,0.0,EURUSD,1784051792903,2026-07-14T17:56:32.903000Z,0.0
1.14435,1.14433,1030,0.0,EURUSD,1784051795285,2026-07-14T17:56:35.285000Z,0.0
1.14436,1.14434,1030,0.0,EURUSD,1784051798041,2026-07-14T17:56:38.041000Z,0.0
1.14436,1.14434,1030,0.0,EURUSD,1784051800146,2026-07-14T17:56:40.146000Z,0.0
1.14434,1.14432,1030,0.0,EURUSD,1784051802178,2026-07-14T17:56:42.178000Z,0.0
1.14434,1.14432,1030,0.0,EURUSD,1784051803960,2026-07-14T17:56:43.960000Z,0.0
1.14434,1.14432,1030,0.0,EURUSD,1784051806359,2026-07-14T17:56:46.359000Z,0.0
1.14434,1.14432,1030,0.0,EURUSD,1784051808532,2026-07-14T17:56:48.532000Z,0.0
1.14434,1.14432,1030,0.0,EURUSD,1784051809184,2026-07-14T17:56:49.184000Z,0.0
1.14435,1.14433,1030,0.0,EURUSD,1784051812698,2026-07-14T17:56:52.698000Z,0.0
1.14435,1.14433,1030,0.0,EURUSD,1784051814172,2026-07-14T17:56:54.172000Z,0.0
1.14435,1.14433,1030,0.0,EURUSD,1784051816846,2026-07-14T17:56:56.846000Z,0.0
1.14435,1.14433,1030,0.0,EURUSD,1784051819144,2026-07-14T17:56:59.144000Z,0.0
1.14436,1.14434,1028,0.0,EURUSD,1784051820533,2026-07-14T17:57:00.533000Z,0.0
1.14439,1.1443699999999999,1030,0.0,EURUSD,1784051823136,2026-07-14T17:57:03.136000Z,0.0
1.14434,1.14432,1030,0.0,EURUSD,1784051825273,2026-07-14T17:57:05.273000Z,0.0
1.14438,1.14436,1030,0.0,EURUSD,1784051827361,2026-07-14T17:57:07.361000Z,0.0
1.14436,1.14434,1030,0.0,EURUSD,1784051829476,2026-07-14T17:57:09.476000Z,0.0
1.14444,1.14442,1030,0.0,EURUSD,1784051831465,2026-07-14T17:57:11.465000Z,0.0
1.14442,1.1444,1030,0.0,EURUSD,1784051833760,2026-07-14T17:57:13.760000Z,0.0
1.14444,1.14442,1030,0.0,EURUSD,1784051835605,2026-07-14T17:57:15.605000Z,0.0
1.14443,1.14441,1030,0.0,EURUSD,1784051837350,2026-07-14T17:57:17.350000Z,0.0
1.14446,1.14444,1030,0.0,EURUSD,1784051838557,2026-07-14T17:57:18.557000Z,0.0
1.14442,1.1444,1030,0.0,EURUSD,1784051842176,2026-07-14T17:57:22.176000Z,0.0
1.14442,1.1444,1030,0.0,EURUSD,1784051844128,2026-07-14T17:57:24.128000Z,0.0
1.14446,1.14444,1030,0.0,EURUSD,1784051846462,2026-07-14T17:57:26.462000Z,0.0
1.14445,1.14443,1030,0.0,EURUSD,1784051848331,2026-07-14T17:57:28.331000Z,0.0
1.14441,1.14439,1030,0.0,EURUSD,1784051850608,2026-07-14T17:57:30.608000Z,0.0
1.14463,1.14461,1030,0.0,EURUSD,1784051852733,2026-07-14T17:57:32.733000Z,0.0
1.14458,1.14456,1030,0.0,EURUSD,1784051854841,2026-07-14T17:57:34.841000Z,0.0
1.14461,1.14459,1030,0.0,EURUSD,1784051856791,2026-07-14T17:57:36.791000Z,0.0
1.14465,1.14463,1030,0.0,EURUSD,1784051859085,2026-07-14T17:57:39.085000Z,0.0
1.14466,1.1446399999999999,1030,0.0,EURUSD,1784051860905,2026-07-14T17:57:40.905000Z,0.0
1.1446,1.14458,1030,0.0,EURUSD,1784051863292,2026-07-14T17:57:43.292000Z,0.0
1.14458,1.14456,1030,0.0,EURUSD,1784051865131,2026-07-14T17:57:45.131000Z,0.0
1.14457,1.14455,1030,0.0,EURUSD,1784051867233,2026-07-14T17:57:47.233000Z,0.0
1.14448,1.14446,1030,0.0,EURUSD,1784051869338,2026-07-14T17:57:49.338000Z,0.0
1.14449,1.14447,1030,0.0,EURUSD,1784051871413,2026-07-14T17:57:51.413000Z,0.0
1.14451,1.14449,1030,0.0,EURUSD,1784051872971,2026-07-14T17:57:52.971000Z,0.0
1.1445400000000001,1.14452,1030,0.0,EURUSD,1784051875032,2026-07-14T17:57:55.032000Z,0.0
1.14456,1.1445400000000001,1030,0.0,EURUSD,1784051877030,2026-07-14T17:57:57.030000Z,0.0
1.1445400000000001,1.14452,1030,0.0,EURUSD,1784051879930,2026-07-14T17:57:59.930000Z,0.0
1.14457,1.14455,1026,0.0,EURUSD,1784051882031,2026-07-14T17:58:02.031000Z,0.0
1.14456,1.1445400000000001,1030,0.0,EURUSD,1784051882912,2026-07-14T17:58:02.912000Z,0.0
1.14456,1.1445400000000001,1030,0.0,EURUSD,1784051886392,2026-07-14T17:58:06.392000Z,0.0
1.14457,1.14455,1030,0.0,EURUSD,1784051888066,2026-07-14T17:58:08.066000Z,0.0
1.14458,1.14456,1030,0.0,EURUSD,1784051889278,2026-07-14T17:58:09.278000Z,0.0
1.14458,1.14456,1030,0.0,EURUSD,1784051892492,2026-07-14T17:58:12.492000Z,0.0
1.14457,1.14455,1030,0.0,EURUSD,1784051894830,2026-07-14T17:58:14.830000Z,0.0
1.14455,1.14453,1030,0.0,EURUSD,1784051896150,2026-07-14T17:58:16.150000Z,0.0
1.14455,1.14453,1030,0.0,EURUSD,1784051897925,2026-07-14T17:58:17.925000Z,0.0
1.14458,1.14456,1030,0.0,EURUSD,1784051901006,2026-07-14T17:58:21.006000Z,0.0
1.1446,1.14458,1026,0.0,EURUSD,1784051902648,2026-07-14T17:58:22.648000Z,0.0
1.1446,1.14458,1030,0.0,EURUSD,1784051905206,2026-07-14T17:58:25.206000Z,0.0
1.14466,1.1446399999999999,1030,0.0,EURUSD,1784051907235,2026-07-14T17:58:27.235000Z,0.0
1.14466,1.1446399999999999,1030,0.0,EURUSD,1784051909443,2026-07-14T17:58:29.443000Z,0.0
1.14466,1.1446399999999999,1030,0.0,EURUSD,1784051911043,2026-07-14T17:58:31.043000Z,0.0
1.14459,1.14457,1030,0.0,EURUSD,1784051913647,2026-07-14T17:58:33.647000Z,0.0
1.14459,1.14457,1030,0.0,EURUSD,1784051914591,2026-07-14T17:58:34.591000Z,0.0
1.14458,1.14456,1030,0.0,EURUSD,1784051917157,2026-07-14T17:58:37.157000Z,0.0
1.14459,1.14457,1026,0.0,EURUSD,1784051919914,2026-07-14T17:58:39.914000Z,0.0
1.14457,1.14455,1030,0.0,EURUSD,1784051921697,2026-07-14T17:58:41.697000Z,0.0
1.14457,1.14455,1030,0.0,EURUSD,1784051924058,2026-07-14T17:58:44.058000Z,0.0
1.14458,1.14456,1030,0.0,EURUSD,1784051925223,2026-07-14T17:58:45.223000Z,0.0
1.14456,1.1445400000000001,1030,0.0,EURUSD,1784051932068,2026-07-14T17:58:52.068000Z,0.0
1.14453,1.14451,1030,0.0,EURUSD,1784051934795,2026-07-14T17:58:54.795000Z,0.0
1.14456,1.1445400000000001,1030,0.0,EURUSD,1784051936493,2026-07-14T17:58:56.493000Z,0.0
1.14455,1.14453,1030,0.0,EURUSD,1784051938843,2026-07-14T17:58:58.843000Z,0.0
1.1445400000000001,1.14452,1030,0.0,EURUSD,1784051941042,2026-07-14T17:59:01.042000Z,0.0
1.14452,1.1445,1030,0.0,EURUSD,1784051942645,2026-07-14T17:59:02.645000Z,0.0
1.14451,1.14449,1030,0.0,EURUSD,1784051944553,2026-07-14T17:59:04.553000Z,0.0
1.14449,1.14447,1030,0.0,EURUSD,1784051947311,2026-07-14T17:59:07.311000Z,0.0
1.14448,1.14446,1030,0.0,EURUSD,1784051949471,2026-07-14T17:59:09.471000Z,0.0
1.14447,1.14445,1030,0.0,EURUSD,1784051951392,2026-07-14T17:59:11.392000Z,0.0
1.14448,1.14446,1030,0.0,EURUSD,1784051953627,2026-07-14T17:59:13.627000Z,0.0
1.14451,1.14448,1028,0.0,EURUSD,1784051955856,2026-07-14T17:59:15.856000Z,0.0
1.14447,1.14445,1030,0.0,EURUSD,1784051957466,2026-07-14T17:59:17.466000Z,0.0
1.14446,1.14444,1030,0.0,EURUSD,1784051959409,2026-07-14T17:59:19.409000Z,0.0
1.14446,1.14444,1030,0.0,EURUSD,1784051960390,2026-07-14T17:59:20.390000Z,0.0
1.14446,1.14444,1030,0.0,EURUSD,1784051963198,2026-07-14T17:59:23.198000Z,0.0
1.14444,1.14442,1030,0.0,EURUSD,1784051966149,2026-07-14T17:59:26.149000Z,0.0
1.14442,1.1444,1028,0.0,EURUSD,1784051966861,2026-07-14T17:59:26.861000Z,0.0
1.14442,1.1444,1030,0.0,EURUSD,1784051969707,2026-07-14T17:59:29.707000Z,0.0
1.14447,1.14445,1030,0.0,EURUSD,1784051972609,2026-07-14T17:59:32.609000Z,0.0
1.1445,1.14448,1030,0.0,EURUSD,1784051973948,2026-07-14T17:59:33.948000Z,0.0
1.14449,1.14447,1026,0.0,EURUSD,1784051976884,2026-07-14T17:59:36.884000Z,0.0
1.1445,1.14448,1030,0.0,EURUSD,1784051978831,2026-07-14T17:59:38.831000Z,0.0
1.14449,1.14447,1030,0.0,EURUSD,1784051980443,2026-07-14T17:59:40.443000Z,0.0
1.14451,1.14449,1030,0.0,EURUSD,1784051982144,2026-07-14T17:59:42.144000Z,0.0
1.14453,1.14451,1030,0.0,EURUSD,1784051984647,2026-07-14T17:59:44.647000Z,0.0
1.14451,1.14449,1030,0.0,EURUSD,1784051986434,2026-07-14T17:59:46.434000Z,0.0
1.14451,1.14449,1030,0.0,EURUSD,1784051988957,2026-07-14T17:59:48.957000Z,0.0
1.14452,1.1445,1030,0.0,EURUSD,1784051994095,2026-07-14T17:59:54.095000Z,0.0
1.14453,1.14451,1030,0.0,EURUSD,1784051997881,2026-07-14T17:59:57.881000Z,0.0
1.14452,1.1445,1030,0.0,EURUSD,1784051998111,2026-07-14T17:59:58.111000Z,0.0
1.14452,1.1445,1030,0.0,EURUSD,1784052001515,2026-07-14T18:00:01.515000Z,0.0
1.14452,1.1445,1030,0.0,EURUSD,1784052004376,2026-07-14T18:00:04.376000Z,0.0
1.14453,1.14451,1030,0.0,EURUSD,1784052005094,2026-07-14T18:00:05.094000Z,0.0
1.14447,1.14445,1026,0.0,EURUSD,1784052007931,2026-07-14T18:00:07.931000Z,0.0
1.14442,1.1444,1028,0.0,EURUSD,1784052010208,2026-07-14T18:00:10.208000Z,0.0
1.14444,1.14442,1030,0.0,EURUSD,1784052017103,2026-07-14T18:00:17.103000Z,0.0
1.14441,1.14439,1030,0.0,EURUSD,1784052018890,2026-07-14T18:00:18.890000Z,0.0
1.14439,1.1443699999999999,1030,0.0,EURUSD,1784052020044,2026-07-14T18:00:20.044000Z,0.0
1.14439,1.1443699999999999,1030,0.0,EURUSD,1784052023263,2026-07-14T18:00:23.263000Z,0.0
1.1444,1.14438,1030,0.0,EURUSD,1784052025326,2026-07-14T18:00:25.326000Z,0.0
1.14442,1.1444,1030,0.0,EURUSD,1784052026990,2026-07-14T18:00:26.990000Z,0.0
1.14441,1.14439,1030,0.0,EURUSD,1784052029686,2026-07-14T18:00:29.686000Z,0.0
1.14441,1.14439,1030,0.0,EURUSD,1784052031533,2026-07-14T18:00:31.533000Z,0.0
1.14441,1.14439,1030,0.0,EURUSD,1784052033791,2026-07-14T18:00:33.791000Z,0.0
1.14442,1.1444,1030,0.0,EURUSD,1784052035991,2026-07-14T18:00:35.991000Z,0.0
1.14441,1.14439,1026,0.0,EURUSD,1784052038153,2026-07-14T18:00:38.153000Z,0.0
1.14441,1.14439,1030,0.0,EURUSD,1784052038870,2026-07-14T18:00:38.870000Z,0.0
1.14441,1.14439,1030,0.0,EURUSD,1784052052170,2026-07-14T18:00:52.170000Z,0.0
1.14434,1.14432,1030,0.0,EURUSD,1784052057243,2026-07-14T18:00:57.243000Z,0.0
1.14431,1.14429,1030,0.0,EURUSD,1784052058381,2026-07-14T18:00:58.381000Z,0.0
1.14433,1.14431,1030,0.0,EURUSD,1784052061094,2026-07-14T18:01:01.094000Z,0.0
1.14436,1.14434,1030,0.0,EURUSD,1784052062494,2026-07-14T18:01:02.494000Z,0.0
1.1443699999999999,1.14435,1028,0.0,EURUSD,1784052064863,2026-07-14T18:01:04.863000Z,0.0
1.14436,1.14434,1030,0.0,EURUSD,1784052067188,2026-07-14T18:01:07.188000Z,0.0
1.14438,1.14436,1030,0.0,EURUSD,1784052069138,2026-07-14T18:01:09.138000Z,0.0
1.1444,1.14438,1030,0.0,EURUSD,1784052070910,2026-07-14T18:01:10.910000Z,0.0
1.14438,1.14436,1030,0.0,EURUSD,1784052073782,2026-07-14T18:01:13.782000Z,0.0
1.14438,1.14436,1030,0.0,EURUSD,1784052074539,2026-07-14T18:01:14.539000Z,0.0
1.1444,1.1443699999999999,1030,0.0,EURUSD,1784052078387,2026-07-14T18:01:18.387000Z,0.0
1.14433,1.14431,1030,0.0,EURUSD,1784052080393,2026-07-14T18:01:20.393000Z,0.0
1.14434,1.14432,1030,0.0,EURUSD,1784052082047,2026-07-14T18:01:22.047000Z,0.0
1.1443,1.14428,1028,0.0,EURUSD,1784052086596,2026-07-14T18:01:26.596000Z,0.0
1.1443,1.14428,1030,0.0,EURUSD,1784052088444,2026-07-14T18:01:28.444000Z,0.0
1.14429,1.1442700000000001,1030,0.0,EURUSD,1784052090988,2026-07-14T18:01:30.988000Z,0.0
1.1443,1.14428,1030,0.0,EURUSD,1784052091442,2026-07-14T18:01:31.442000Z,0.0
1.1443,1.14428,1030,0.0,EURUSD,1784052095154,2026-07-14T18:01:35.154000Z,0.0
1.1443,1.14428,1030,0.0,EURUSD,1784052097324,2026-07-14T18:01:37.324000Z,0.0
1.14425,1.14423,1030,0.0,EURUSD,1784052099392,2026-07-14T18:01:39.392000Z,0.0
1.14424,1.14422,1030,0.0,EURUSD,1784052101213,2026-07-14T18:01:41.213000Z,0.0
1.1443,1.14428,1030,0.0,EURUSD,1784052103553,2026-07-14T18:01:43.553000Z,0.0
1.1443,1.14428,1030,0.0,EURUSD,1784052105373,2026-07-14T18:01:45.373000Z,0.0
1.1443,1.14428,6,0.0,EURUSD,1784052115134,2026-07-14T18:01:55.134000Z,0.0
1.14432,1.1443,1030,0.0,EURUSD,1784052117407,2026-07-14T18:01:57.407000Z,0.0
1.14433,1.14431,1030,0.0,EURUSD,1784052118191,2026-07-14T18:01:58.191000Z,0.0
1.14436,1.14434,1030,0.0,EURUSD,1784052121288,2026-07-14T18:02:01.288000Z,0.0
1.14438,1.14436,1030,0.0,EURUSD,1784052124141,2026-07-14T18:02:04.141000Z,0.0
1.14439,1.14436,1028,0.0,EURUSD,1784052125946,2026-07-14T18:02:05.946000Z,0.0
1.14438,1.14436,1028,0.0,EURUSD,1784052127594,2026-07-14T18:02:07.594000Z,0.0
1.14439,1.1443699999999999,1030,0.0,EURUSD,1784052130276,2026-07-14T18:02:10.276000Z,0.0
1.1443699999999999,1.14435,1030,0.0,EURUSD,1784052131805,2026-07-14T18:02:11.805000Z,0.0
1.1443699999999999,1.14435,1030,0.0,EURUSD,1784052133088,2026-07-14T18:02:13.088000Z,0.0
1.1443699999999999,1.14435,1030,0.0,EURUSD,1784052136588,2026-07-14T18:02:16.588000Z,0.0
1.14434,1.14432,1030,0.0,EURUSD,1784052138358,2026-07-14T18:02:18.358000Z,0.0
1.14432,1.1443,1030,0.0,EURUSD,1784052139681,2026-07-14T18:02:19.681000Z,0.0
1.1444,1.14438,1030,0.0,EURUSD,1784052141990,2026-07-14T18:02:21.990000Z,0.0
1.14442,1.1444,1030,0.0,EURUSD,1784052143958,2026-07-14T18:02:23.958000Z,0.0
1.14436,1.14434,1030,0.0,EURUSD,1784052149161,2026-07-14T18:02:29.161000Z,0.0
1.14439,1.1443699999999999,1030,0.0,EURUSD,1784052151243,2026-07-14T18:02:31.243000Z,0.0
1.14441,1.14439,1028,0.0,EURUSD,1784052153322,2026-07-14T18:02:33.322000Z,0.0
1.14441,1.14439,1030,0.0,EURUSD,1784052153990,2026-07-14T18:02:33.990000Z,0.0
1.1444,1.14438,1030,0.0,EURUSD,1784052157297,2026-07-14T18:02:37.297000Z,0.0
1.14442,1.1444,1030,0.0,EURUSD,1784052158289,2026-07-14T18:02:38.289000Z,0.0
1.14443,1.14441,1030,0.0,EURUSD,1784052161289,2026-07-14T18:02:41.289000Z,0.0
1.14443,1.14441,1030,0.0,EURUSD,1784052163418,2026-07-14T18:02:43.418000Z,0.0
1.14446,1.14444,1030,0.0,EURUSD,1784052165642,2026-07-14T18:02:45.642000Z,0.0
1.14445,1.14443,1030,0.0,EURUSD,1784052168041,2026-07-14T18:02:48.041000Z,0.0
1.1444,1.14438,1030,0.0,EURUSD,1784052169741,2026-07-14T18:02:49.741000Z,0.0
1.14442,1.1444,1030,0.0,EURUSD,1784052172142,2026-07-14T18:02:52.142000Z,0.0
1.14446,1.14444,1030,0.0,EURUSD,1784052174336,2026-07-14T18:02:54.336000Z,0.0
1.14443,1.14441,1030,0.0,EURUSD,1784052176440,2026-07-14T18:02:56.440000Z,0.0
1.14443,1.14441,1030,0.0,EURUSD,1784052176541,2026-07-14T18:02:56.541000Z,0.0
1.1444,1.14438,1030,0.0,EURUSD,1784052180585,2026-07-14T18:03:00.585000Z,0.0
1.14439,1.1443699999999999,1030,0.0,EURUSD,1784052181037,2026-07-14T18:03:01.037000Z,0.0
1.14438,1.14436,1030,0.0,EURUSD,1784052185790,2026-07-14T18:03:05.790000Z,0.0
1.14439,1.1443699999999999,1030,0.0,EURUSD,1784052190019,2026-07-14T18:03:10.019000Z,0.0
1.14436,1.14434,1030,0.0,EURUSD,1784052193290,2026-07-14T18:03:13.290000Z,0.0
1.1443699999999999,1.14435,1030,0.0,EURUSD,1784052194150,2026-07-14T18:03:14.150000Z,0.0
1.14436,1.14434,1030,0.0,EURUSD,1784052197140,2026-07-14T18:03:17.140000Z,0.0
1.14442,1.1444,1026,0.0,EURUSD,1784052199504,2026-07-14T18:03:19.504000Z,0.0
1.14439,1.1443699999999999,1030,0.0,EURUSD,1784052201385,2026-07-14T18:03:21.385000Z,0.0
1.14431,1.14429,1030,0.0,EURUSD,1784052203440,2026-07-14T18:03:23.440000Z,0.0
1.14432,1.1443,1030,0.0,EURUSD,1784052205739,2026-07-14T18:03:25.739000Z,0.0
1.1443,1.14428,1030,0.0,EURUSD,1784052206341,2026-07-14T18:03:26.341000Z,0.0
1.14436,1.14434,1030,0.0,EURUSD,1784052209239,2026-07-14T18:03:29.239000Z,0.0
1.1444,1.14438,1030,0.0,EURUSD,1784052211959,2026-07-14T18:03:31.959000Z,0.0
1.1444,1.14438,1030,0.0,EURUSD,1784052213661,2026-07-14T18:03:33.661000Z,0.0
1.1444,1.14438,1030,0.0,EURUSD,1784052216139,2026-07-14T18:03:36.139000Z,0.0
1.14444,1.14442,1030,0.0,EURUSD,1784052220389,2026-07-14T18:03:40.389000Z,0.0
1.14445,1.14443,1030,0.0,EURUSD,1784052221321,2026-07-14T18:03:41.321000Z,0.0
1.14446,1.14444,1030,0.0,EURUSD,1784052224441,2026-07-14T18:03:44.441000Z,0.0
1.14448,1.14446,1030,0.0,EURUSD,1784052226838,2026-07-14T18:03:46.838000Z,0.0
1.1445,1.14448,1030,0.0,EURUSD,1784052227244,2026-07-14T18:03:47.244000Z,0.0
1.14452,1.1445,1026,0.0,EURUSD,1784052230927,2026-07-14T18:03:50.927000Z,0.0
1.14452,1.1445,1028,0.0,EURUSD,1784052235239,2026-07-14T18:03:55.239000Z,0.0
1.14451,1.14449,1030,0.0,EURUSD,1784052235688,2026-07-14T18:03:55.688000Z,0.0
1.14457,1.14455,1028,0.0,EURUSD,1784052239590,2026-07-14T18:03:59.590000Z,0.0
1.14453,1.14451,1030,0.0,EURUSD,1784052241692,2026-07-14T18:04:01.692000Z,0.0
1.14451,1.14449,1030,0.0,EURUSD,1784052242953,2026-07-14T18:04:02.953000Z,0.0
1.14447,1.14445,1030,0.0,EURUSD,1784052245820,2026-07-14T18:04:05.820000Z,0.0
1.14446,1.14444,1030,0.0,EURUSD,1784052249435,2026-07-14T18:04:09.435000Z,0.0
1.14447,1.14445,1030,0.0,EURUSD,1784052251658,2026-07-14T18:04:11.658000Z,0.0
1.14445,1.14443,1030,0.0,EURUSD,1784052254340,2026-07-14T18:04:14.340000Z,0.0
1.14444,1.14442,1030,0.0,EURUSD,1784052256033,2026-07-14T18:04:16.033000Z,0.0
1.14444,1.14442,1030,0.0,EURUSD,1784052258108,2026-07-14T18:04:18.108000Z,0.0
1.14489,1.14487,1030,0.0,EURUSD,1784052260643,2026-07-14T18:04:20.643000Z,0.0
1.14493,1.14491,1030,0.0,EURUSD,1784052262700,2026-07-14T18:04:22.700000Z,0.0
1.14507,1.14505,1030,0.0,EURUSD,1784052264943,2026-07-14T18:04:24.943000Z,0.0
1.1449799999999999,1.14496,1030,0.0,EURUSD,1784052266998,2026-07-14T18:04:26.998000Z,0.0
1.14501,1.14499,1028,0.0,EURUSD,1784052268793,2026-07-14T18:04:28.793000Z,0.0
1.1448,1.14478,1028,0.0,EURUSD,1784052271176,2026-07-14T18:04:31.176000Z,0.0
1.14473,1.14471,1030,0.0,EURUSD,1784052273267,2026-07-14T18:04:33.267000Z,0.0
1.145,1.1449799999999999,1030,0.0,EURUSD,1784052275439,2026-07-14T18:04:35.439000Z,0.0
1.14522,1.1452,1026,0.0,EURUSD,1784052277651,2026-07-14T18:04:37.651000Z,0.0
1.14522,1.14519,1028,0.0,EURUSD,1784052279719,2026-07-14T18:04:39.719000Z,0.0
1.14533,1.14531,1030,0.0,EURUSD,1784052281849,2026-07-14T18:04:41.849000Z,0.0
1.14521,1.14519,1030,0.0,EURUSD,1784052283954,2026-07-14T18:04:43.954000Z,0.0
1.14507,1.14505,1030,0.0,EURUSD,1784052286134,2026-07-14T18:04:46.134000Z,0.0
1.14507,1.14505,1030,0.0,EURUSD,1784052287881,2026-07-14T18:04:47.881000Z,0.0
1.14507,1.14505,1030,0.0,EURUSD,1784052290099,2026-07-14T18:04:50.099000Z,0.0
1.14505,1.14503,1030,0.0,EURUSD,1784052292436,2026-07-14T18:04:52.436000Z,0.0
1.1451,1.14508,1030,0.0,EURUSD,1784052294488,2026-07-14T18:04:54.488000Z,0.0
1.14506,1.14504,1030,0.0,EURUSD,1784052296734,2026-07-14T18:04:56.734000Z,0.0
1.14505,1.14503,1030,0.0,EURUSD,1784052298890,2026-07-14T18:04:58.890000Z,0.0
1.145,1.1449799999999999,1030,0.0,EURUSD,1784052300740,2026-07-14T18:05:00.740000Z,0.0
1.14491,1.14489,1030,0.0,EURUSD,1784052302864,2026-07-14T18:05:02.864000Z,0.0
1.14492,1.1449,1030,0.0,EURUSD,1784052305238,2026-07-14T18:05:05.238000Z,0.0
1.14485,1.14483,1030,0.0,EURUSD,1784052307092,2026-07-14T18:05:07.092000Z,0.0
1.1449,1.1448800000000001,1026,0.0,EURUSD,1784052309394,2026-07-14T18:05:09.394000Z,0.0
1.14485,1.14483,1030,0.0,EURUSD,1784052311435,2026-07-14T18:05:11.435000Z,0.0
1.14485,1.14483,1030,0.0,EURUSD,1784052313177,2026-07-14T18:05:13.177000Z,0.0
1.1448,1.14478,1030,0.0,EURUSD,1784052315785,2026-07-14T18:05:15.785000Z,0.0
1.14484,1.14482,1030,0.0,EURUSD,1784052317939,2026-07-14T18:05:17.939000Z,0.0
1.14479,1.14476,1026,0.0,EURUSD,1784052320096,2026-07-14T18:05:20.096000Z,0.0
1.1448,1.14478,1030,0.0,EURUSD,1784052320687,2026-07-14T18:05:20.687000Z,0.0
1.1448,1.14478,1030,0.0,EURUSD,1784052324115,2026-07-14T18:05:24.115000Z,0.0
1.14479,1.14477,1030,0.0,EURUSD,1784052326143,2026-07-14T18:05:26.143000Z,0.0
1.14474,1.14472,1028,0.0,EURUSD,1784052328457,2026-07-14T18:05:28.457000Z,0.0
1.14473,1.14471,1030,0.0,EURUSD,1784052330396,2026-07-14T18:05:30.396000Z,0.0
1.14474,1.14472,1030,0.0,EURUSD,1784052331405,2026-07-14T18:05:31.405000Z,0.0
1.14476,1.14474,1030,0.0,EURUSD,1784052334322,2026-07-14T18:05:34.322000Z,0.0
1.14476,1.14474,1030,0.0,EURUSD,1784052336334,2026-07-14T18:05:36.334000Z,0.0
1.14477,1.14475,1030,0.0,EURUSD,1784052339158,2026-07-14T18:05:39.158000Z,0.0
1.14477,1.14475,1030,0.0,EURUSD,1784052340689,2026-07-14T18:05:40.689000Z,0.0
1.14487,1.14485,1030,0.0,EURUSD,1784052343332,2026-07-14T18:05:43.332000Z,0.0
1.1448800000000001,1.14486,1030,0.0,EURUSD,1784052345684,2026-07-14T18:05:45.684000Z,0.0
1.14491,1.14489,1030,0.0,EURUSD,1784052346779,2026-07-14T18:05:46.779000Z,0.0
1.1448800000000001,1.14486,1030,0.0,EURUSD,1784052349603,2026-07-14T18:05:49.603000Z,0.0
1.14485,1.14483,1030,0.0,EURUSD,1784052351987,2026-07-14T18:05:51.987000Z,0.0
1.14484,1.14481,1028,0.0,EURUSD,1784052354054,2026-07-14T18:05:54.054000Z,0.0
1.14485,1.14483,1030,0.0,EURUSD,1784052355833,2026-07-14T18:05:55.833000Z,0.0
1.14485,1.14483,1026,0.0,EURUSD,1784052357785,2026-07-14T18:05:57.785000Z,0.0
1.1448,1.14478,1030,0.0,EURUSD,1784052360283,2026-07-14T18:06:00.283000Z,0.0
1.14483,1.14481,1028,0.0,EURUSD,1784052362122,2026-07-14T18:06:02.122000Z,0.0
1.14483,1.14481,1030,0.0,EURUSD,1784052364440,2026-07-14T18:06:04.440000Z,0.0
1.14477,1.14475,1030,0.0,EURUSD,1784052366409,2026-07-14T18:06:06.409000Z,0.0
1.14477,1.14475,1030,0.0,EURUSD,1784052368342,2026-07-14T18:06:08.342000Z,0.0
1.14475,1.14473,1030,0.0,EURUSD,1784052370937,2026-07-14T18:06:10.937000Z,0.0
1.14482,1.1448,1030,0.0,EURUSD,1784052372967,2026-07-14T18:06:12.967000Z,0.0
1.14478,1.14476,1030,0.0,EURUSD,1784052374807,2026-07-14T18:06:14.807000Z,0.0
1.14474,1.14472,1026,0.0,EURUSD,1784052377354,2026-07-14T18:06:17.354000Z,0.0
1.14475,1.14473,1028,0.0,EURUSD,1784052379514,2026-07-14T18:06:19.514000Z,0.0
1.1448,1.14478,1030,0.0,EURUSD,1784052381638,2026-07-14T18:06:21.638000Z,0.0
1.14478,1.14476,1030,0.0,EURUSD,1784052382246,2026-07-14T18:06:22.246000Z,0.0
1.14481,1.14479,1030,0.0,EURUSD,1784052385385,2026-07-14T18:06:25.385000Z,0.0
1.14481,1.14479,1030,0.0,EURUSD,1784052387826,2026-07-14T18:06:27.826000Z,0.0
1.14487,1.14485,1030,0.0,EURUSD,1784052389896,2026-07-14T18:06:29.896000Z,0.0
1.14489,1.14487,1030,0.0,EURUSD,1784052392187,2026-07-14T18:06:32.187000Z,0.0
1.14486,1.14484,1030,0.0,EURUSD,1784052393811,2026-07-14T18:06:33.811000Z,0.0
1.14487,1.14485,1030,0.0,EURUSD,1784052396095,2026-07-14T18:06:36.095000Z,0.0
1.14486,1.14484,1030,0.0,EURUSD,1784052397835,2026-07-14T18:06:37.835000Z,0.0
1.14489,1.14487,1030,0.0,EURUSD,1784052400734,2026-07-14T18:06:40.734000Z,0.0
1.1449,1.1448800000000001,6,0.0,EURUSD,1784052413188,2026-07-14T18:06:53.188000Z,0.0
1.1448800000000001,1.14486,1030,0.0,EURUSD,1784052415437,2026-07-14T18:06:55.437000Z,0.0
1.14495,1.14493,1030,0.0,EURUSD,1784052418659,2026-07-14T18:06:58.659000Z,0.0
1.14486,1.14484,1030,0.0,EURUSD,1784052420841,2026-07-14T18:07:00.841000Z,0.0
1.14485,1.14483,1030,0.0,EURUSD,1784052422235,2026-07-14T18:07:02.235000Z,0.0
1.14493,1.14491,1030,0.0,EURUSD,1784052424635,2026-07-14T18:07:04.635000Z,0.0
1.14486,1.14484,1030,0.0,EURUSD,1784052427087,2026-07-14T18:07:07.087000Z,0.0
1.14489,1.14487,1030,0.0,EURUSD,1784052429432,2026-07-14T18:07:09.432000Z,0.0
1.14496,1.14494,1030,0.0,EURUSD,1784052431181,2026-07-14T18:07:11.181000Z,0.0
1.1449799999999999,1.14496,1026,0.0,EURUSD,1784052433429,2026-07-14T18:07:13.429000Z,0.0
1.14497,1.14495,1030,0.0,EURUSD,1784052435267,2026-07-14T18:07:15.267000Z,0.0
1.14497,1.14495,1030,0.0,EURUSD,1784052437293,2026-07-14T18:07:17.293000Z,0.0
1.1449799999999999,1.14496,1030,0.0,EURUSD,1784052439339,2026-07-14T18:07:19.339000Z,0.0
1.14493,1.14491,1030,0.0,EURUSD,1784052441789,2026-07-14T18:07:21.789000Z,0.0
1.14491,1.14489,1030,0.0,EURUSD,1784052444191,2026-07-14T18:07:24.191000Z,0.0
1.14491,1.14489,1030,0.0,EURUSD,1784052446340,2026-07-14T18:07:26.340000Z,0.0
1.14495,1.14493,1030,0.0,EURUSD,1784052447485,2026-07-14T18:07:27.485000Z,0.0
1.145,1.1449799999999999,1030,0.0,EURUSD,1784052477187,2026-07-14T18:07:57.187000Z,0.0
1.14501,1.14499,1030,0.0,EURUSD,1784052479871,2026-07-14T18:07:59.871000Z,0.0
1.14501,1.14499,1030,0.0,EURUSD,1784052481199,2026-07-14T18:08:01.199000Z,0.0
1.145,1.1449799999999999,1030,0.0,EURUSD,1784052483630,2026-07-14T18:08:03.630000Z,0.0
1.14501,1.14499,1030,0.0,EURUSD,1784052484570,2026-07-14T18:08:04.570000Z,0.0
1.14497,1.14495,1030,0.0,EURUSD,1784052487708,2026-07-14T18:08:07.708000Z,0.0
1.145,1.1449799999999999,1030,0.0,EURUSD,1784052490354,2026-07-14T18:08:10.354000Z,0.0
1.14499,1.14497,1030,0.0,EURUSD,1784052490493,2026-07-14T18:08:10.493000Z,0.0
1.14496,1.14494,1030,0.0,EURUSD,1784052496038,2026-07-14T18:08:16.038000Z,0.0
1.145,1.1449799999999999,1030,0.0,EURUSD,1784052508294,2026-07-14T18:08:28.294000Z,0.0
1.14503,1.14501,1030,0.0,EURUSD,1784052510698,2026-07-14T18:08:30.698000Z,0.0
1.14505,1.14503,1030,0.0,EURUSD,1784052512997,2026-07-14T18:08:32.997000Z,0.0
1.14507,1.14505,1030,0.0,EURUSD,1784052514346,2026-07-14T18:08:34.346000Z,0.0
1.14508,1.14506,1030,0.0,EURUSD,1784052517247,2026-07-14T18:08:37.247000Z,0.0
1.14513,1.14511,1030,0.0,EURUSD,1784052519318,2026-07-14T18:08:39.318000Z,0.0
1.14511,1.14509,1030,0.0,EURUSD,1784052519448,2026-07-14T18:08:39.448000Z,0.0
1.1452,1.14518,1030,0.0,EURUSD,1784052525649,2026-07-14T18:08:45.649000Z,0.0
1.14522,1.1452,1030,0.0,EURUSD,1784052527650,2026-07-14T18:08:47.650000Z,0.0
1.14521,1.14519,1030,0.0,EURUSD,1784052529874,2026-07-14T18:08:49.874000Z,0.0
1.14517,1.1451500000000001,1030,0.0,EURUSD,1784052531644,2026-07-14T18:08:51.644000Z,0.0
1.1451500000000001,1.14513,1030,0.0,EURUSD,1784052534101,2026-07-14T18:08:54.101000Z,0.0
1.1451500000000001,1.14513,1030,0.0,EURUSD,1784052535456,2026-07-14T18:08:55.456000Z,0.0
1.14516,1.14514,1030,0.0,EURUSD,1784052537693,2026-07-14T18:08:57.693000Z,0.0
1.14513,1.14511,1030,0.0,EURUSD,1784052540446,2026-07-14T18:09:00.446000Z,0.0
1.1451500000000001,1.14513,1028,0.0,EURUSD,1784052542139,2026-07-14T18:09:02.139000Z,0.0
1.14516,1.14514,1030,0.0,EURUSD,1784052544749,2026-07-14T18:09:04.749000Z,0.0
1.14517,1.1451500000000001,1030,0.0,EURUSD,1784052546303,2026-07-14T18:09:06.303000Z,0.0
1.14517,1.14514,1028,0.0,EURUSD,1784052549043,2026-07-14T18:09:09.043000Z,0.0
1.14513,1.14511,1030,0.0,EURUSD,1784052551172,2026-07-14T18:09:11.172000Z,0.0
1.14513,1.14511,1030,0.0,EURUSD,1784052553296,2026-07-14T18:09:13.296000Z,0.0
1.1451,1.14508,1030,0.0,EURUSD,1784052555450,2026-07-14T18:09:15.450000Z,0.0
1.14505,1.14503,1030,0.0,EURUSD,1784052556600,2026-07-14T18:09:16.600000Z,0.0
1.14502,1.145,1030,0.0,EURUSD,1784052559499,2026-07-14T18:09:19.499000Z,0.0
1.145,1.1449799999999999,1030,0.0,EURUSD,1784052561096,2026-07-14T18:09:21.096000Z,0.0
1.145,1.1449799999999999,1030,0.0,EURUSD,1784052563142,2026-07-14T18:09:23.142000Z,0.0
1.14497,1.14495,1030,0.0,EURUSD,1784052565215,2026-07-14T18:09:25.215000Z,0.0
1.14499,1.14497,1030,0.0,EURUSD,1784052567172,2026-07-14T18:09:27.172000Z,0.0
1.145,1.1449799999999999,1030,0.0,EURUSD,1784052569691,2026-07-14T18:09:29.691000Z,0.0
1.145,1.1449799999999999,1030,0.0,EURUSD,1784052571542,2026-07-14T18:09:31.542000Z,0.0
1.14501,1.14499,1030,0.0,EURUSD,1784052574242,2026-07-14T18:09:34.242000Z,0.0
1.145,1.1449799999999999,1030,0.0,EURUSD,1784052576310,2026-07-14T18:09:36.310000Z,0.0
1.14501,1.14499,1030,0.0,EURUSD,1784052578735,2026-07-14T18:09:38.735000Z,0.0
1.145,1.1449799999999999,1030,0.0,EURUSD,1784052580794,2026-07-14T18:09:40.794000Z,0.0
1.14501,1.14499,1026,0.0,EURUSD,1784052582053,2026-07-14T18:09:42.053000Z,0.0
1.14502,1.145,1030,0.0,EURUSD,1784052585051,2026-07-14T18:09:45.051000Z,0.0
1.14504,1.14502,1030,0.0,EURUSD,1784052586143,2026-07-14T18:09:46.143000Z,0.0
1.14502,1.145,1030,0.0,EURUSD,1784052588689,2026-07-14T18:09:48.689000Z,0.0
1.14508,1.14506,1030,0.0,EURUSD,1784052591051,2026-07-14T18:09:51.051000Z,0.0
1.14508,1.14506,1030,0.0,EURUSD,1784052591834,2026-07-14T18:09:51.834000Z,0.0
1.14509,1.14507,1030,0.0,EURUSD,1784052594776,2026-07-14T18:09:54.776000Z,0.0
1.14506,1.14504,1030,0.0,EURUSD,1784052596700,2026-07-14T18:09:56.700000Z,0.0
1.14503,1.14501,1030,0.0,EURUSD,1784052599666,2026-07-14T18:09:59.666000Z,0.0
1.14504,1.14502,1030,0.0,EURUSD,1784052601645,2026-07-14T18:10:01.645000Z,0.0
1.14504,1.14502,1030,0.0,EURUSD,1784052603976,2026-07-14T18:10:03.976000Z,0.0
1.14504,1.14502,1030,0.0,EURUSD,1784052606093,2026-07-14T18:10:06.093000Z,0.0
1.14504,1.14502,1030,0.0,EURUSD,1784052608492,2026-07-14T18:10:08.492000Z,0.0
1.14505,1.14503,1030,0.0,EURUSD,1784052609547,2026-07-14T18:10:09.547000Z,0.0
1.14505,1.14503,1030,0.0,EURUSD,1784052614618,2026-07-14T18:10:14.618000Z,0.0
1.14508,1.14506,1030,0.0,EURUSD,1784052616450,2026-07-14T18:10:16.450000Z,0.0
1.14507,1.14505,1030,0.0,EURUSD,1784052619125,2026-07-14T18:10:19.125000Z,0.0
1.14507,1.14505,1030,0.0,EURUSD,1784052619915,2026-07-14T18:10:19.915000Z,0.0
1.14507,1.14505,1030,0.0,EURUSD,1784052622696,2026-07-14T18:10:22.696000Z,0.0
1.14507,1.14505,1030,0.0,EURUSD,1784052624140,2026-07-14T18:10:24.140000Z,0.0
1.14506,1.14504,1030,0.0,EURUSD,1784052625595,2026-07-14T18:10:25.595000Z,0.0
1.14506,1.14504,1030,0.0,EURUSD,1784052629663,2026-07-14T18:10:29.663000Z,0.0
1.14499,1.14497,1028,0.0,EURUSD,1784052631567,2026-07-14T18:10:31.567000Z,0.0
1.145,1.1449799999999999,1030,0.0,EURUSD,1784052632870,2026-07-14T18:10:32.870000Z,0.0
1.145,1.1449799999999999,1026,0.0,EURUSD,1784052635801,2026-07-14T18:10:35.801000Z,0.0
1.14497,1.14495,1030,0.0,EURUSD,1784052637919,2026-07-14T18:10:37.919000Z,0.0
1.14495,1.14493,1030,0.0,EURUSD,1784052640142,2026-07-14T18:10:40.142000Z,0.0
1.14494,1.14492,1030,0.0,EURUSD,1784052642220,2026-07-14T18:10:42.220000Z,0.0
1.14492,1.1449,1030,0.0,EURUSD,1784052662085,2026-07-14T18:11:02.085000Z,0.0
1.145,1.1449799999999999,1030,0.0,EURUSD,1784052664301,2026-07-14T18:11:04.301000Z,0.0
1.1449799999999999,1.14496,1030,0.0,EURUSD,1784052665993,2026-07-14T18:11:05.993000Z,0.0
1.14496,1.14494,1030,0.0,EURUSD,1784052668295,2026-07-14T18:11:08.295000Z,0.0
1.14489,1.14487,1030,0.0,EURUSD,1784052670580,2026-07-14T18:11:10.580000Z,0.0
1.14485,1.14483,1030,0.0,EURUSD,1784052683791,2026-07-14T18:11:23.791000Z,0.0
1.14484,1.14482,1030,0.0,EURUSD,1784052685915,2026-07-14T18:11:25.915000Z,0.0
1.14484,1.14482,1030,0.0,EURUSD,1784052689245,2026-07-14T18:11:29.245000Z,0.0
1.14484,1.14482,1030,0.0,EURUSD,1784052691164,2026-07-14T18:11:31.164000Z,0.0
1.14482,1.1448,1030,0.0,EURUSD,1784052693217,2026-07-14T18:11:33.217000Z,0.0
1.14482,1.1448,1030,0.0,EURUSD,1784052695544,2026-07-14T18:11:35.544000Z,0.0
1.14483,1.14481,1030,0.0,EURUSD,1784052697127,2026-07-14T18:11:37.127000Z,0.0
1.14482,1.1448,1030,0.0,EURUSD,1784052698439,2026-07-14T18:11:38.439000Z,0.0
1.14482,1.1448,1030,0.0,EURUSD,1784052701644,2026-07-14T18:11:41.644000Z,0.0
1.14483,1.14481,1030,0.0,EURUSD,1784052703764,2026-07-14T18:11:43.764000Z,0.0
1.14492,1.1449,1030,0.0,EURUSD,1784052708035,2026-07-14T18:11:48.035000Z,0.0
