arm,split,direction,entry_time_server,entry_time_utc,exit_time_server,exit_reason,entry,sl_initial,tp,tp_binding,r_pips,hl_e,ts_bars,swap_events,swap_weighted,gross_r,cost_pips_x1,net_r_x1,net_r_x1_5,net_r_x2,feature_time_utc,decision_time_utc,execution_time_utc
control,train,1,2015-01-15 12:00:00,2015-01-15 10:00:00,2015-01-15 16:00:00,SL,1.17220,1.16612,1.17994,TP_mean,60.8,4.06,9,0,0,-1.0000,1.50,-1.0247,-1.0370,-1.0494,2015-01-15 10:00:00,2015-01-15 10:00:00,2015-01-15 10:00:00
control,train,1,2015-01-19 10:00:00,2015-01-19 08:00:00,2015-01-19 17:00:00,TP,1.15575,1.15086,1.16309,TP_cap,48.9,14.62,30,0,0,1.5000,1.50,1.4693,1.4540,1.4387,2015-01-19 08:00:00,2015-01-19 08:00:00,2015-01-19 08:00:00
control,train,1,2015-01-23 09:00:00,2015-01-23 07:00:00,2015-01-23 10:00:00,SL,1.13356,1.12762,1.14247,TP_cap,59.4,35.43,71,0,0,-1.0000,1.50,-1.0253,-1.0379,-1.0505,2015-01-23 07:00:00,2015-01-23 07:00:00,2015-01-23 07:00:00
control,train,-1,2015-02-03 16:00:00,2015-02-03 14:00:00,2015-02-03 20:00:00,SL,1.14423,1.14927,1.13667,TP_cap,50.4,3.70,8,0,0,-1.0000,1.50,-1.0298,-1.0446,-1.0595,2015-02-03 14:00:00,2015-02-03 14:00:00,2015-02-03 14:00:00
control,train,-1,2015-02-04 14:00:00,2015-02-04 12:00:00,2015-02-04 22:00:00,SL,1.14572,1.15026,1.13891,TP_cap,45.4,17.38,35,0,0,0.5121,1.50,0.4791,0.4625,0.4460,2015-02-04 12:00:00,2015-02-04 12:00:00,2015-02-04 12:00:00
control,train,1,2015-02-20 14:00:00,2015-02-20 12:00:00,2015-02-20 15:00:00,SL,1.13206,1.12840,1.13755,TP_cap,36.6,7.17,15,0,0,-1.0000,1.50,-1.0410,-1.0615,-1.0820,2015-02-20 12:00:00,2015-02-20 12:00:00,2015-02-20 12:00:00
control,train,1,2015-02-23 12:00:00,2015-02-23 10:00:00,2015-02-23 19:00:00,SL,1.13122,1.12674,1.13748,TP_mean,44.8,6.28,13,0,0,0.3532,1.50,0.3198,0.3030,0.2863,2015-02-23 10:00:00,2015-02-23 10:00:00,2015-02-23 10:00:00
control,train,1,2015-02-24 12:00:00,2015-02-24 10:00:00,2015-02-24 17:00:00,SL,1.13030,1.12706,1.13516,TP_cap,32.4,4.88,10,0,0,0.2957,1.50,0.2494,0.2263,0.2032,2015-02-24 10:00:00,2015-02-24 10:00:00,2015-02-24 10:00:00
control,train,1,2015-02-26 16:00:00,2015-02-26 14:00:00,2015-02-26 17:00:00,SL,1.12579,1.12180,1.13177,TP_cap,39.9,5.99,12,0,0,-1.0000,1.50,-1.0376,-1.0565,-1.0753,2015-02-26 14:00:00,2015-02-26 14:00:00,2015-02-26 14:00:00
control,train,1,2015-02-27 17:00:00,2015-02-27 15:00:00,2015-03-02 17:00:00,SL,1.11867,1.11445,1.12500,TP_cap,42.2,29.72,60,1,1,0.4324,2.30,0.3779,0.3507,0.3235,2015-02-27 15:00:00,2015-02-27 15:00:00,2015-02-27 15:00:00
control,train,1,2015-03-04 13:00:00,2015-03-04 11:00:00,2015-03-04 16:00:00,SL,1.11238,1.10942,1.11682,TP_cap,29.6,7.24,15,0,0,-1.0000,1.50,-1.0507,-1.0761,-1.1015,2015-03-04 11:00:00,2015-03-04 11:00:00,2015-03-04 11:00:00
control,train,1,2015-03-13 16:00:00,2015-03-13 14:00:00,2015-03-13 19:00:00,SL,1.05335,1.04763,1.06193,TP_cap,57.2,15.02,31,0,0,-1.0000,1.50,-1.0262,-1.0393,-1.0524,2015-03-13 14:00:00,2015-03-13 14:00:00,2015-03-13 14:00:00
control,train,-1,2015-03-20 16:00:00,2015-03-20 14:00:00,2015-03-20 19:00:00,SL,1.07967,1.08648,1.06946,TP_cap,68.1,12.05,25,0,0,-1.0000,1.50,-1.0220,-1.0331,-1.0441,2015-03-20 14:00:00,2015-03-20 14:00:00,2015-03-20 14:00:00
control,train,-1,2015-03-23 13:00:00,2015-03-23 11:00:00,2015-03-23 15:00:00,SL,1.08651,1.09375,1.07565,TP_cap,72.4,10.69,22,0,0,-1.0000,1.50,-1.0207,-1.0311,-1.0414,2015-03-23 11:00:00,2015-03-23 11:00:00,2015-03-23 11:00:00
control,train,-1,2015-03-24 09:00:00,2015-03-24 07:00:00,2015-03-24 10:00:00,SL,1.09155,1.09723,1.08304,TP_cap,56.8,12.44,25,0,0,-1.0000,1.50,-1.0264,-1.0396,-1.0529,2015-03-24 07:00:00,2015-03-24 07:00:00,2015-03-24 07:00:00
control,train,-1,2015-03-25 10:00:00,2015-03-25 08:00:00,2015-03-25 14:00:00,SL,1.09515,1.10009,1.08774,TP_cap,49.4,11.23,23,0,0,-1.0000,1.50,-1.0304,-1.0456,-1.0608,2015-03-25 08:00:00,2015-03-25 08:00:00,2015-03-25 08:00:00
control,train,-1,2015-03-26 10:00:00,2015-03-26 08:00:00,2015-03-26 15:00:00,TP,1.10128,1.10561,1.09479,TP_cap,43.3,9.13,19,0,0,1.5000,1.50,1.4653,1.4480,1.4307,2015-03-26 08:00:00,2015-03-26 08:00:00,2015-03-26 08:00:00
control,train,-1,2015-04-03 16:00:00,2015-04-03 13:00:00,2015-04-06 22:00:00,TP,1.10053,1.10570,1.09277,TP_cap,51.7,nan,nan,1,1,1.5000,2.30,1.4556,1.4333,1.4111,2015-04-03 13:00:00,2015-04-03 13:00:00,2015-04-03 13:00:00
control,train,1,2015-04-10 14:00:00,2015-04-10 11:00:00,2015-04-10 19:00:00,SL,1.05799,1.05347,1.06477,TP_cap,45.2,47.10,95,0,0,0.2938,1.50,0.2606,0.2440,0.2274,2015-04-10 11:00:00,2015-04-10 11:00:00,2015-04-10 11:00:00
control,train,1,2015-04-13 11:00:00,2015-04-13 08:00:00,2015-04-13 14:00:00,SL,1.05645,1.05206,1.06304,TP_cap,43.9,12.07,25,0,0,-1.0000,1.50,-1.0341,-1.0512,-1.0683,2015-04-13 08:00:00,2015-04-13 08:00:00,2015-04-13 08:00:00
control,train,1,2015-04-14 10:00:00,2015-04-14 07:00:00,2015-04-14 15:00:00,TP,1.05484,1.05068,1.06109,TP_cap,41.6,10.91,22,0,0,1.5000,1.50,1.4640,1.4460,1.4280,2015-04-14 07:00:00,2015-04-14 07:00:00,2015-04-14 07:00:00
control,train,-1,2015-04-24 10:00:00,2015-04-24 07:00:00,2015-04-24 15:00:00,SL,1.08738,1.09241,1.07983,TP_cap,50.3,10.43,21,0,0,0.5024,1.50,0.4726,0.4577,0.4428,2015-04-24 07:00:00,2015-04-24 07:00:00,2015-04-24 07:00:00
control,train,-1,2015-04-24 18:00:00,2015-04-24 15:00:00,2015-04-27 20:00:00,TIME_STOP,1.08625,1.09311,1.07630,TP_mean,68.6,12.64,26,1,1,-0.6355,2.30,-0.6690,-0.6858,-0.7025,2015-04-24 15:00:00,2015-04-24 15:00:00,2015-04-24 15:00:00
control,train,-1,2015-04-28 14:00:00,2015-04-28 11:00:00,2015-04-28 18:00:00,SL,1.09411,1.09859,1.08739,TP_cap,44.8,16.11,33,0,0,-1.0000,1.50,-1.0335,-1.0502,-1.0670,2015-04-28 11:00:00,2015-04-28 11:00:00,2015-04-28 11:00:00
control,train,-1,2015-05-07 11:00:00,2015-05-07 08:00:00,2015-05-07 14:00:00,TP,1.13666,1.14132,1.12967,TP_cap,46.6,20.85,42,0,0,1.5000,1.50,1.4678,1.4517,1.4356,2015-05-07 08:00:00,2015-05-07 08:00:00,2015-05-07 08:00:00
control,train,-1,2015-05-13 17:00:00,2015-05-13 14:00:00,2015-05-14 09:00:00,SL,1.13302,1.13882,1.12432,TP_cap,58.0,8.69,18,1,3,-1.0000,3.90,-1.0673,-1.1009,-1.1345,2015-05-13 14:00:00,2015-05-13 14:00:00,2015-05-13 14:00:00
control,train,1,2015-05-19 11:00:00,2015-05-19 08:00:00,2015-05-19 15:00:00,SL,1.11817,1.11224,1.12707,TP_cap,59.3,nan,nan,0,0,-1.0000,1.50,-1.0253,-1.0379,-1.0506,2015-05-19 08:00:00,2015-05-19 08:00:00,2015-05-19 08:00:00
control,train,1,2015-05-25 11:00:00,2015-05-25 08:00:00,2015-05-26 05:00:00,TIME_STOP,1.09727,1.09251,1.10441,TP_cap,47.6,8.56,18,1,1,-0.7393,2.30,-0.7876,-0.8118,-0.8359,2015-05-25 08:00:00,2015-05-25 08:00:00,2015-05-25 08:00:00
control,train,-1,2015-06-02 16:00:00,2015-06-02 13:00:00,2015-06-02 16:00:00,SL,1.10649,1.11235,1.09771,TP_cap,58.6,20.39,41,0,0,-1.0000,1.50,-1.0256,-1.0384,-1.0512,2015-06-02 13:00:00,2015-06-02 13:00:00,2015-06-02 13:00:00
control,train,-1,2015-06-03 17:00:00,2015-06-03 14:00:00,2015-06-04 11:00:00,SL,1.12145,1.12864,1.11066,TP_cap,71.9,31.89,64,1,3,-1.0000,3.90,-1.0542,-1.0813,-1.1085,2015-06-03 14:00:00,2015-06-03 14:00:00,2015-06-03 14:00:00
control,train,-1,2015-06-04 18:00:00,2015-06-04 15:00:00,2015-06-05 02:00:00,TP,1.12826,1.13501,1.11814,TP_cap,67.5,27.15,55,1,1,1.5000,2.30,1.4659,1.4489,1.4318,2015-06-04 15:00:00,2015-06-04 15:00:00,2015-06-04 15:00:00
control,train,1,2015-06-12 12:00:00,2015-06-12 09:00:00,2015-06-12 17:00:00,TP,1.11668,1.11111,1.12504,TP_cap,55.7,11.52,24,0,0,1.5000,1.50,1.4731,1.4596,1.4462,2015-06-12 09:00:00,2015-06-12 09:00:00,2015-06-12 09:00:00
control,train,-1,2015-06-18 11:00:00,2015-06-18 08:00:00,2015-06-18 15:00:00,SL,1.13789,1.14246,1.13104,TP_cap,45.7,21.10,43,0,0,-1.0000,1.50,-1.0328,-1.0493,-1.0657,2015-06-18 08:00:00,2015-06-18 08:00:00,2015-06-18 08:00:00
control,train,1,2015-06-23 14:00:00,2015-06-23 11:00:00,2015-06-23 15:00:00,SL,1.12196,1.11709,1.12927,TP_cap,48.7,87.36,175,0,0,-1.0000,1.50,-1.0308,-1.0462,-1.0616,2015-06-23 11:00:00,2015-06-23 11:00:00,2015-06-23 11:00:00
control,train,1,2015-06-29 11:00:00,2015-06-29 08:00:00,2015-06-29 17:00:00,TP,1.10702,1.09943,1.11649,TP_mean,75.9,6.02,13,0,0,1.2477,1.50,1.2279,1.2180,1.2082,2015-06-29 08:00:00,2015-06-29 08:00:00,2015-06-29 08:00:00
control,train,1,2015-07-06 14:00:00,2015-07-06 11:00:00,2015-07-06 19:00:00,TP,1.10308,1.09688,1.10880,TP_mean,62.0,3.11,7,0,0,0.9213,1.50,0.8972,0.8851,0.8730,2015-07-06 11:00:00,2015-07-06 11:00:00,2015-07-06 11:00:00
control,train,1,2015-07-07 11:00:00,2015-07-07 08:00:00,2015-07-07 11:00:00,SL,1.10061,1.09654,1.10657,TP_mean,40.7,2.83,6,0,0,-1.0000,1.50,-1.0368,-1.0553,-1.0737,2015-07-07 08:00:00,2015-07-07 08:00:00,2015-07-07 08:00:00
control,train,-1,2015-07-10 13:00:00,2015-07-10 10:00:00,2015-07-13 11:00:00,TP,1.11614,1.12224,1.10699,TP_cap,61.0,32.35,65,1,1,1.5000,2.30,1.4623,1.4434,1.4246,2015-07-10 10:00:00,2015-07-10 10:00:00,2015-07-10 10:00:00
control,train,1,2015-07-16 16:00:00,2015-07-16 13:00:00,2015-07-16 17:00:00,TP,1.08561,1.08118,1.09226,TP_cap,44.3,37.26,75,0,0,1.5000,1.50,1.4662,1.4493,1.4323,2015-07-16 13:00:00,2015-07-16 13:00:00,2015-07-16 13:00:00
control,train,1,2015-07-17 14:00:00,2015-07-17 11:00:00,2015-07-17 17:00:00,SL,1.08811,1.08461,1.09336,TP_cap,35.0,3.86,8,0,0,-1.0000,1.50,-1.0429,-1.0643,-1.0857,2015-07-17 11:00:00,2015-07-17 11:00:00,2015-07-17 11:00:00
control,train,1,2015-07-21 10:00:00,2015-07-21 07:00:00,2015-07-21 14:00:00,TP,1.08293,1.08013,1.08713,TP_cap,28.0,6.85,14,0,0,1.5000,1.50,1.4464,1.4195,1.3927,2015-07-21 07:00:00,2015-07-21 07:00:00,2015-07-21 07:00:00
control,train,-1,2015-07-27 10:00:00,2015-07-27 07:00:00,2015-07-27 10:00:00,SL,1.10282,1.10617,1.09780,TP_cap,33.5,7.54,16,0,0,-1.0000,1.50,-1.0448,-1.0672,-1.0897,2015-07-27 07:00:00,2015-07-27 07:00:00,2015-07-27 07:00:00
control,train,-1,2015-07-28 11:00:00,2015-07-28 08:00:00,2015-07-28 17:00:00,SL,1.10602,1.10948,1.10083,TP_cap,34.6,8.08,17,0,0,0.2440,1.50,0.2007,0.1790,0.1573,2015-07-28 08:00:00,2015-07-28 08:00:00,2015-07-28 08:00:00
control,train,1,2015-08-05 10:00:00,2015-08-05 07:00:00,2015-08-05 15:00:00,TP,1.08726,1.08405,1.09207,TP_cap,32.1,6.87,14,0,0,1.5000,1.50,1.4533,1.4299,1.4065,2015-08-05 07:00:00,2015-08-05 07:00:00,2015-08-05 07:00:00
control,train,1,2015-08-05 18:00:00,2015-08-05 15:00:00,2015-08-06 08:00:00,TIME_STOP,1.08661,1.08205,1.09346,TP_cap,45.6,6.67,14,1,3,1.0255,3.90,0.9400,0.8973,0.8545,2015-08-05 15:00:00,2015-08-05 15:00:00,2015-08-05 15:00:00
control,train,1,2015-08-07 16:00:00,2015-08-07 13:00:00,2015-08-07 17:00:00,TP,1.08586,1.08134,1.09126,TP_mean,45.2,6.67,14,0,0,1.1963,1.50,1.1631,1.1465,1.1299,2015-08-07 13:00:00,2015-08-07 13:00:00,2015-08-07 13:00:00
control,train,-1,2015-08-11 16:00:00,2015-08-11 13:00:00,2015-08-12 04:00:00,SL,1.10723,1.11201,1.10006,TP_cap,47.8,13.18,27,1,1,0.4550,2.30,0.4069,0.3828,0.3587,2015-08-11 13:00:00,2015-08-11 13:00:00,2015-08-11 13:00:00
control,train,-1,2015-08-12 10:00:00,2015-08-12 07:00:00,2015-08-12 10:00:00,SL,1.10741,1.11117,1.10177,TP_cap,37.6,10.21,21,0,0,-1.0000,1.50,-1.0399,-1.0598,-1.0798,2015-08-12 07:00:00,2015-08-12 07:00:00,2015-08-12 07:00:00
control,train,-1,2015-08-14 10:00:00,2015-08-14 07:00:00,2015-08-14 12:00:00,SL,1.11628,1.11949,1.11147,TP_cap,32.1,8.42,17,0,0,0.3726,1.50,0.3258,0.3024,0.2790,2015-08-14 07:00:00,2015-08-14 07:00:00,2015-08-14 07:00:00
control,train,-1,2015-08-14 14:00:00,2015-08-14 11:00:00,2015-08-14 17:00:00,TP,1.11740,1.12132,1.11152,TP_cap,39.2,7.52,16,0,0,1.5000,1.50,1.4617,1.4426,1.4235,2015-08-14 11:00:00,2015-08-14 11:00:00,2015-08-14 11:00:00
control,train,-1,2015-08-20 18:00:00,2015-08-20 15:00:00,2015-08-20 23:00:00,SL,1.11951,1.12441,1.11215,TP_cap,49.0,26.79,54,0,0,-1.0000,1.50,-1.0306,-1.0459,-1.0612,2015-08-20 15:00:00,2015-08-20 15:00:00,2015-08-20 15:00:00
control,train,-1,2015-08-21 14:00:00,2015-08-21 11:00:00,2015-08-21 18:00:00,SL,1.12926,1.13363,1.12271,TP_cap,43.7,nan,nan,0,0,-1.0000,1.50,-1.0344,-1.0515,-1.0687,2015-08-21 11:00:00,2015-08-21 11:00:00,2015-08-21 11:00:00
control,train,-1,2015-08-25 10:00:00,2015-08-25 07:00:00,2015-08-25 17:00:00,TP,1.15674,1.16483,1.14461,TP_cap,80.9,28.07,57,0,0,1.5000,1.50,1.4815,1.4722,1.4629,2015-08-25 07:00:00,2015-08-25 07:00:00,2015-08-25 07:00:00
control,train,-1,2015-09-11 11:00:00,2015-09-11 08:00:00,2015-09-11 18:00:00,SL,1.12851,1.13229,1.12284,TP_cap,37.8,18.19,37,0,0,-1.0000,1.50,-1.0397,-1.0595,-1.0793,2015-09-11 08:00:00,2015-09-11 08:00:00,2015-09-11 08:00:00
control,train,-1,2015-09-18 11:00:00,2015-09-18 08:00:00,2015-09-18 18:00:00,TP,1.14320,1.14776,1.13636,TP_cap,45.6,12.55,26,0,0,1.5000,1.50,1.4671,1.4507,1.4342,2015-09-18 08:00:00,2015-09-18 08:00:00,2015-09-18 08:00:00
control,train,1,2015-09-21 18:00:00,2015-09-21 15:00:00,2015-09-22 16:00:00,SL,1.11931,1.11423,1.12693,TP_cap,50.8,32.81,66,1,1,-1.0000,2.30,-1.0453,-1.0679,-1.0905,2015-09-21 15:00:00,2015-09-21 15:00:00,2015-09-21 15:00:00
control,train,1,2015-09-22 18:00:00,2015-09-22 15:00:00,2015-09-23 17:00:00,SL,1.11328,1.10907,1.11960,TP_cap,42.1,90.44,181,1,1,0.2817,2.30,0.2271,0.1998,0.1725,2015-09-22 15:00:00,2015-09-22 15:00:00,2015-09-22 15:00:00
control,train,-1,2015-10-08 13:00:00,2015-10-08 10:00:00,2015-10-08 15:00:00,TP,1.13019,1.13362,1.12504,TP_cap,34.3,4.80,10,0,0,1.5000,1.50,1.4563,1.4344,1.4125,2015-10-08 10:00:00,2015-10-08 10:00:00,2015-10-08 10:00:00
control,train,-1,2015-10-09 11:00:00,2015-10-09 08:00:00,2015-10-09 15:00:00,SL,1.13367,1.13756,1.12783,TP_cap,38.9,8.22,17,0,0,-1.0000,1.50,-1.0386,-1.0578,-1.0771,2015-10-09 08:00:00,2015-10-09 08:00:00,2015-10-09 08:00:00
control,train,-1,2015-10-13 10:00:00,2015-10-13 07:00:00,2015-10-13 10:00:00,SL,1.13756,1.14019,1.13361,TP_cap,26.3,10.44,21,0,0,-1.0000,1.50,-1.0570,-1.0855,-1.1139,2015-10-13 07:00:00,2015-10-13 07:00:00,2015-10-13 07:00:00
control,train,-1,2015-10-13 16:00:00,2015-10-13 13:00:00,2015-10-14 10:00:00,SL,1.13913,1.14269,1.13380,TP_cap,35.6,9.22,19,1,1,-1.0000,2.30,-1.0647,-1.0970,-1.1294,2015-10-13 13:00:00,2015-10-13 13:00:00,2015-10-13 13:00:00
control,train,1,2015-10-22 16:00:00,2015-10-22 13:00:00,2015-10-22 18:00:00,SL,1.11964,1.11501,1.12659,TP_cap,46.3,6.25,13,0,0,-1.0000,1.50,-1.0324,-1.0486,-1.0648,2015-10-22 13:00:00,2015-10-22 13:00:00,2015-10-22 13:00:00
control,train,1,2015-10-26 12:00:00,2015-10-26 10:00:00,2015-10-27 09:00:00,SL,1.10244,1.09874,1.10799,TP_cap,37.0,65.33,131,1,1,0.6859,2.30,0.6237,0.5926,0.5615,2015-10-26 10:00:00,2015-10-26 10:00:00,2015-10-26 10:00:00
control,train,1,2015-11-04 12:00:00,2015-11-04 10:00:00,2015-11-04 16:00:00,SL,1.09174,1.08884,1.09610,TP_cap,29.0,8.72,18,0,0,-1.0000,1.50,-1.0517,-1.0775,-1.1033,2015-11-04 10:00:00,2015-11-04 10:00:00,2015-11-04 10:00:00
control,train,1,2015-11-05 12:00:00,2015-11-05 10:00:00,2015-11-06 15:00:00,SL,1.08647,1.08288,1.09186,TP_cap,35.9,31.46,63,1,1,-1.0000,2.30,-1.0641,-1.0961,-1.1281,2015-11-05 10:00:00,2015-11-05 10:00:00,2015-11-05 10:00:00
control,train,1,2015-11-09 15:00:00,2015-11-09 13:00:00,2015-11-09 15:00:00,SL,1.07753,1.07408,1.08271,TP_cap,34.5,8.06,17,0,0,-1.0000,1.50,-1.0434,-1.0652,-1.0869,2015-11-09 13:00:00,2015-11-09 13:00:00,2015-11-09 13:00:00
control,train,1,2015-11-10 11:00:00,2015-11-10 09:00:00,2015-11-10 14:00:00,SL,1.07477,1.07167,1.07941,TP_cap,31.0,5.52,12,0,0,-1.0000,1.50,-1.0485,-1.0727,-1.0969,2015-11-10 09:00:00,2015-11-10 09:00:00,2015-11-10 09:00:00
control,train,1,2015-11-17 10:00:00,2015-11-17 08:00:00,2015-11-18 11:00:00,TIME_STOP,1.06551,1.06241,1.07015,TP_cap,31.0,12.27,25,1,1,0.4812,2.30,0.4069,0.3698,0.3326,2015-11-17 08:00:00,2015-11-17 08:00:00,2015-11-17 08:00:00
control,train,1,2015-11-25 13:00:00,2015-11-25 11:00:00,2015-11-26 12:00:00,TIME_STOP,1.05949,1.05539,1.06549,TP_mean,41.0,11.39,23,1,3,0.3588,3.90,0.2636,0.2160,0.1684,2015-11-25 11:00:00,2015-11-25 11:00:00,2015-11-25 11:00:00
control,train,1,2015-11-27 12:00:00,2015-11-27 10:00:00,2015-11-27 19:00:00,TIME_STOP,1.05840,1.05588,1.06218,TP_cap,25.2,3.48,7,0,0,0.4251,1.50,0.3655,0.3357,0.3059,2015-11-27 10:00:00,2015-11-27 10:00:00,2015-11-27 10:00:00
control,train,1,2015-11-30 09:00:00,2015-11-30 07:00:00,2015-11-30 17:00:00,TIME_STOP,1.05807,1.05600,1.06117,TP_cap,20.7,3.70,8,0,0,-0.0725,1.50,-0.1450,-0.1812,-0.2175,2015-11-30 07:00:00,2015-11-30 07:00:00,2015-11-30 07:00:00
control,train,-1,2015-12-03 15:00:00,2015-12-03 13:00:00,2015-12-03 15:00:00,SL,1.06653,1.07153,1.05981,TP_mean,50.0,6.40,13,0,0,-1.0000,1.50,-1.0300,-1.0450,-1.0600,2015-12-03 13:00:00,2015-12-03 13:00:00,2015-12-03 13:00:00
control,train,-1,2015-12-04 16:00:00,2015-12-04 14:00:00,2015-12-07 10:00:00,TP,1.09252,1.09976,1.08166,TP_cap,72.4,66.83,134,1,1,1.5000,2.30,1.4682,1.4524,1.4365,2015-12-04 14:00:00,2015-12-04 14:00:00,2015-12-04 14:00:00
control,train,-1,2015-12-11 14:00:00,2015-12-11 12:00:00,2015-12-11 16:00:00,SL,1.09717,1.10053,1.09217,TP_mean,33.6,6.55,14,0,0,-1.0000,1.50,-1.0446,-1.0669,-1.0892,2015-12-11 12:00:00,2015-12-11 12:00:00,2015-12-11 12:00:00
control,train,-1,2015-12-15 10:00:00,2015-12-15 08:00:00,2015-12-15 14:00:00,TP,1.10526,1.10890,1.09981,TP_cap,36.4,10.38,21,0,0,1.5000,1.50,1.4587,1.4381,1.4175,2015-12-15 08:00:00,2015-12-15 08:00:00,2015-12-15 08:00:00
control,train,-1,2015-12-28 14:00:00,2015-12-28 12:00:00,2015-12-29 10:00:00,TIME_STOP,1.09880,1.10122,1.09517,TP_cap,24.2,9.90,20,1,1,0.5252,2.30,0.4301,0.3826,0.3350,2015-12-28 12:00:00,2015-12-28 12:00:00,2015-12-28 12:00:00
control,train,1,2016-01-04 17:00:00,2016-01-04 15:00:00,2016-01-04 18:00:00,SL,1.08357,1.07874,1.09082,TP_cap,48.3,21.62,44,0,0,-1.0000,1.50,-1.0310,-1.0466,-1.0621,2016-01-04 15:00:00,2016-01-04 15:00:00,2016-01-04 15:00:00
control,train,1,2016-01-05 10:00:00,2016-01-05 08:00:00,2016-01-05 11:00:00,SL,1.08082,1.07739,1.08596,TP_cap,34.3,13.11,27,0,0,-1.0000,1.50,-1.0438,-1.0656,-1.0875,2016-01-05 08:00:00,2016-01-05 08:00:00,2016-01-05 08:00:00
control,train,-1,2016-01-15 16:00:00,2016-01-15 14:00:00,2016-01-18 06:00:00,TIME_STOP,1.09568,1.10068,1.08819,TP_cap,50.0,6.56,14,1,1,1.2609,2.30,1.2148,1.1918,1.1688,2016-01-15 14:00:00,2016-01-15 14:00:00,2016-01-15 14:00:00
control,train,-1,2016-01-20 09:00:00,2016-01-20 07:00:00,2016-01-20 13:00:00,TP,1.09543,1.09851,1.09081,TP_cap,30.8,4.18,9,0,0,1.5000,1.50,1.4513,1.4270,1.4026,2016-01-20 07:00:00,2016-01-20 07:00:00,2016-01-20 07:00:00
control,train,1,2016-01-21 16:00:00,2016-01-21 14:00:00,2016-01-21 20:00:00,TP,1.07910,1.07366,1.08726,TP_cap,54.4,11.10,23,0,0,1.5000,1.50,1.4724,1.4586,1.4448,2016-01-21 14:00:00,2016-01-21 14:00:00,2016-01-21 14:00:00
control,train,1,2016-01-22 15:00:00,2016-01-22 13:00:00,2016-01-25 05:00:00,TIME_STOP,1.08179,1.07761,1.08802,TP_mean,41.8,6.63,14,1,1,-0.1867,2.30,-0.2418,-0.2693,-0.2968,2016-01-22 13:00:00,2016-01-22 13:00:00,2016-01-22 13:00:00
control,train,-1,2016-02-03 17:00:00,2016-02-03 15:00:00,2016-02-03 17:00:00,SL,1.10077,1.10481,1.09470,TP_cap,40.4,25.07,51,0,0,-1.0000,1.50,-1.0371,-1.0556,-1.0742,2016-02-03 15:00:00,2016-02-03 15:00:00,2016-02-03 15:00:00
control,train,-1,2016-02-09 16:00:00,2016-02-09 14:00:00,2016-02-10 17:00:00,TP,1.12886,1.13437,1.12060,TP_cap,55.1,13.94,28,1,1,1.5000,2.30,1.4582,1.4374,1.4165,2016-02-09 14:00:00,2016-02-09 14:00:00,2016-02-09 14:00:00
control,train,-1,2016-02-11 11:00:00,2016-02-11 09:00:00,2016-02-11 15:00:00,SL,1.13144,1.13667,1.12360,TP_cap,52.3,6.60,14,0,0,-1.0000,1.50,-1.0287,-1.0431,-1.0574,2016-02-11 09:00:00,2016-02-11 09:00:00,2016-02-11 09:00:00
control,train,-1,2016-02-12 09:00:00,2016-02-12 07:00:00,2016-02-12 15:00:00,TP,1.13130,1.13587,1.12591,TP_mean,45.7,5.04,11,0,0,1.1790,1.50,1.1462,1.1298,1.1135,2016-02-12 07:00:00,2016-02-12 07:00:00,2016-02-12 07:00:00
control,train,1,2016-02-18 14:00:00,2016-02-18 12:00:00,2016-02-19 07:00:00,TIME_STOP,1.10971,1.10640,1.11467,TP_cap,33.1,8.39,17,1,1,0.8673,2.30,0.7978,0.7631,0.7283,2016-02-18 12:00:00,2016-02-18 12:00:00,2016-02-18 12:00:00
control,train,1,2016-02-19 12:00:00,2016-02-19 10:00:00,2016-02-19 20:00:00,TP,1.10844,1.10495,1.11363,TP_mean,34.9,8.50,17,0,0,1.4880,1.50,1.4450,1.4234,1.4019,2016-02-19 10:00:00,2016-02-19 10:00:00,2016-02-19 10:00:00
control,train,1,2016-02-22 13:00:00,2016-02-22 11:00:00,2016-02-22 14:00:00,SL,1.10622,1.10322,1.11072,TP_cap,30.0,9.31,19,0,0,-1.0000,1.50,-1.0500,-1.0751,-1.1001,2016-02-22 11:00:00,2016-02-22 11:00:00,2016-02-22 11:00:00
control,train,1,2016-02-29 11:00:00,2016-02-29 09:00:00,2016-02-29 13:00:00,SL,1.09205,1.08844,1.09746,TP_cap,36.1,11.71,24,0,0,-1.0000,1.50,-1.0416,-1.0623,-1.0831,2016-02-29 09:00:00,2016-02-29 09:00:00,2016-02-29 09:00:00
control,train,1,2016-03-01 17:00:00,2016-03-01 15:00:00,2016-03-03 09:00:00,TIME_STOP,1.08568,1.08229,1.09077,TP_cap,33.9,19.72,40,2,4,0.0619,4.70,-0.0766,-0.1459,-0.2152,2016-03-01 15:00:00,2016-03-01 15:00:00,2016-03-01 15:00:00
control,train,1,2016-03-10 15:00:00,2016-03-10 13:00:00,2016-03-10 15:00:00,TP,1.08458,1.07975,1.09182,TP_cap,48.3,nan,nan,0,0,1.5000,1.50,1.4689,1.4534,1.4378,2016-03-10 13:00:00,2016-03-10 13:00:00,2016-03-10 13:00:00
control,train,-1,2016-03-11 09:00:00,2016-03-11 07:00:00,2016-03-11 15:00:00,SL,1.11623,1.12225,1.10720,TP_cap,60.2,10.84,22,0,0,0.6509,1.50,0.6260,0.6135,0.6010,2016-03-11 07:00:00,2016-03-11 07:00:00,2016-03-11 07:00:00
control,train,-1,2016-03-17 10:00:00,2016-03-17 08:00:00,2016-03-17 11:00:00,SL,1.12594,1.12986,1.12005,TP_cap,39.2,12.73,26,0,0,-1.0000,1.50,-1.0382,-1.0573,-1.0764,2016-03-17 08:00:00,2016-03-17 08:00:00,2016-03-17 08:00:00
control,train,-1,2016-03-30 10:00:00,2016-03-30 07:00:00,2016-03-30 11:00:00,SL,1.13038,1.13323,1.12611,TP_cap,28.5,1499.48,2999,0,0,-1.0000,1.50,-1.0526,-1.0790,-1.1053,2016-03-30 07:00:00,2016-03-30 07:00:00,2016-03-30 07:00:00
control,train,-1,2016-03-30 17:00:00,2016-03-30 14:00:00,2016-03-30 17:00:00,SL,1.13267,1.13613,1.12748,TP_cap,34.6,198.13,397,0,0,-1.0000,1.50,-1.0434,-1.0651,-1.0868,2016-03-30 14:00:00,2016-03-30 14:00:00,2016-03-30 14:00:00
control,train,-1,2016-03-31 13:00:00,2016-03-31 10:00:00,2016-03-31 15:00:00,SL,1.13654,1.13977,1.13170,TP_cap,32.3,46.32,93,0,0,-1.0000,1.50,-1.0465,-1.0697,-1.0929,2016-03-31 10:00:00,2016-03-31 10:00:00,2016-03-31 10:00:00
control,train,-1,2016-04-01 12:00:00,2016-04-01 09:00:00,2016-04-01 14:00:00,SL,1.13992,1.14263,1.13586,TP_cap,27.1,17.83,36,0,0,-1.0000,1.50,-1.0554,-1.0831,-1.1108,2016-04-01 09:00:00,2016-04-01 09:00:00,2016-04-01 09:00:00
control,train,-1,2016-04-11 17:00:00,2016-04-11 14:00:00,2016-04-12 00:00:00,TIME_STOP,1.14406,1.14815,1.13892,TP_mean,40.9,3.31,7,1,1,0.8655,2.30,0.8092,0.7811,0.7530,2016-04-11 14:00:00,2016-04-11 14:00:00,2016-04-11 14:00:00
control,train,1,2016-04-13 12:00:00,2016-04-13 09:00:00,2016-04-13 13:00:00,SL,1.13374,1.13054,1.13855,TP_cap,32.0,5.26,11,0,0,-1.0000,1.50,-1.0468,-1.0702,-1.0936,2016-04-13 09:00:00,2016-04-13 09:00:00,2016-04-13 09:00:00
control,train,1,2016-04-14 13:00:00,2016-04-14 10:00:00,2016-04-15 17:00:00,TP,1.12555,1.12219,1.13059,TP_cap,33.6,85.19,171,1,1,1.5000,2.30,1.4315,1.3972,1.3630,2016-04-14 10:00:00,2016-04-14 10:00:00,2016-04-14 10:00:00
control,train,-1,2016-04-29 14:00:00,2016-04-29 11:00:00,2016-04-29 15:00:00,SL,1.13954,1.14274,1.13474,TP_cap,32.0,14.62,30,0,0,-1.0000,1.50,-1.0469,-1.0703,-1.0937,2016-04-29 11:00:00,2016-04-29 11:00:00,2016-04-29 11:00:00
control,train,1,2016-05-13 16:00:00,2016-05-13 13:00:00,2016-05-13 17:00:00,SL,1.13166,1.12869,1.13612,TP_cap,29.7,16.79,34,0,0,-1.0000,1.50,-1.0505,-1.0757,-1.1009,2016-05-13 13:00:00,2016-05-13 13:00:00,2016-05-13 13:00:00
control,train,1,2016-05-18 10:00:00,2016-05-18 07:00:00,2016-05-18 21:00:00,SL,1.12761,1.12550,1.13078,TP_cap,21.1,8.54,18,0,0,-1.0000,1.50,-1.0710,-1.1064,-1.1419,2016-05-18 07:00:00,2016-05-18 07:00:00,2016-05-18 07:00:00
control,train,1,2016-05-20 18:00:00,2016-05-20 15:00:00,2016-05-23 10:00:00,TIME_STOP,1.12117,1.11857,1.12506,TP_cap,26.0,7.50,16,1,1,0.7898,2.30,0.7012,0.6569,0.6126,2016-05-20 15:00:00,2016-05-20 15:00:00,2016-05-20 15:00:00
control,train,1,2016-05-23 17:00:00,2016-05-23 14:00:00,2016-05-23 21:00:00,TP,1.11925,1.11679,1.12294,TP_cap,24.6,8.45,17,0,0,1.5000,1.50,1.4390,1.4084,1.3779,2016-05-23 14:00:00,2016-05-23 14:00:00,2016-05-23 14:00:00
control,train,1,2016-05-24 16:00:00,2016-05-24 13:00:00,2016-05-24 22:00:00,SL,1.11606,1.11325,1.12027,TP_cap,28.1,11.18,23,0,0,-1.0000,1.50,-1.0534,-1.0801,-1.1068,2016-05-24 13:00:00,2016-05-24 13:00:00,2016-05-24 13:00:00
control,train,1,2016-05-25 11:00:00,2016-05-25 08:00:00,2016-05-26 03:00:00,TP,1.11459,1.11250,1.11772,TP_cap,20.9,13.06,27,1,3,1.5000,3.90,1.3133,1.2199,1.1266,2016-05-25 08:00:00,2016-05-25 08:00:00,2016-05-25 08:00:00
control,train,-1,2016-06-02 11:00:00,2016-06-02 08:00:00,2016-06-02 15:00:00,SL,1.12126,1.12405,1.11708,TP_cap,27.9,83.46,167,0,0,0.3705,1.50,0.3167,0.2898,0.2629,2016-06-02 08:00:00,2016-06-02 08:00:00,2016-06-02 08:00:00
control,train,-1,2016-06-03 16:00:00,2016-06-03 13:00:00,2016-06-03 17:00:00,SL,1.12868,1.13395,1.12078,TP_cap,52.7,8.47,17,0,0,-1.0000,1.50,-1.0285,-1.0427,-1.0569,2016-06-03 13:00:00,2016-06-03 13:00:00,2016-06-03 13:00:00
control,train,-1,2016-06-06 16:00:00,2016-06-06 13:00:00,2016-06-06 19:00:00,SL,1.13484,1.13826,1.12972,TP_cap,34.2,28.50,57,0,0,-1.0000,1.50,-1.0439,-1.0659,-1.0878,2016-06-06 13:00:00,2016-06-06 13:00:00,2016-06-06 13:00:00
control,train,1,2016-06-16 15:00:00,2016-06-16 12:00:00,2016-06-16 17:00:00,SL,1.11763,1.11351,1.12381,TP_cap,41.2,15.18,31,0,0,-1.0000,1.50,-1.0364,-1.0546,-1.0728,2016-06-16 12:00:00,2016-06-16 12:00:00,2016-06-16 12:00:00
control,train,-1,2016-06-23 14:00:00,2016-06-23 11:00:00,2016-06-23 18:00:00,SL,1.13972,1.14455,1.13247,TP_cap,48.3,14.26,29,0,0,0.3437,1.50,0.3127,0.2971,0.2816,2016-06-23 11:00:00,2016-06-23 11:00:00,2016-06-23 11:00:00
control,train,1,2016-06-24 10:00:00,2016-06-24 07:00:00,2016-06-24 13:00:00,SL,1.10333,1.08893,1.12493,TP_cap,144.0,93.34,187,0,0,0.1920,1.50,0.1816,0.1764,0.1712,2016-06-24 07:00:00,2016-06-24 07:00:00,2016-06-24 07:00:00
control,train,1,2016-06-27 18:00:00,2016-06-27 15:00:00,2016-06-28 13:00:00,TP,1.09728,1.08822,1.11087,TP_cap,90.6,18.95,38,1,1,1.5000,2.30,1.4746,1.4619,1.4492,2016-06-27 15:00:00,2016-06-27 15:00:00,2016-06-27 15:00:00
control,train,1,2016-07-08 16:00:00,2016-07-08 13:00:00,2016-07-08 16:00:00,TP,1.10242,1.09895,1.10762,TP_cap,34.7,17.46,35,0,0,1.5000,1.50,1.4567,1.4351,1.4134,2016-07-08 13:00:00,2016-07-08 13:00:00,2016-07-08 13:00:00
control,train,1,2016-07-11 11:00:00,2016-07-11 08:00:00,2016-07-11 16:00:00,TP,1.10247,1.09924,1.10698,TP_mean,32.3,5.72,12,0,0,1.3941,1.50,1.3477,1.3245,1.3013,2016-07-11 08:00:00,2016-07-11 08:00:00,2016-07-11 08:00:00
control,train,-1,2016-07-12 11:00:00,2016-07-12 08:00:00,2016-07-12 17:00:00,TP,1.11095,1.11392,1.10697,TP_mean,29.7,8.89,18,0,0,1.3386,1.50,1.2881,1.2629,1.2376,2016-07-12 08:00:00,2016-07-12 08:00:00,2016-07-12 08:00:00
control,train,-1,2016-07-14 15:00:00,2016-07-14 12:00:00,2016-07-14 20:00:00,SL,1.11514,1.11879,1.10966,TP_cap,36.5,20.63,42,0,0,0.6147,1.50,0.5737,0.5532,0.5326,2016-07-14 12:00:00,2016-07-14 12:00:00,2016-07-14 12:00:00
control,train,-1,2016-07-15 12:00:00,2016-07-15 09:00:00,2016-07-15 16:00:00,TP,1.11382,1.11697,1.10913,TP_mean,31.5,7.89,16,0,0,1.4900,1.50,1.4424,1.4186,1.3948,2016-07-15 09:00:00,2016-07-15 09:00:00,2016-07-15 09:00:00
control,train,1,2016-07-19 18:00:00,2016-07-19 15:00:00,2016-07-21 11:00:00,SL,1.10104,1.09792,1.10571,TP_cap,31.2,25.30,51,2,4,0.3410,4.70,0.1901,0.1147,0.0393,2016-07-19 15:00:00,2016-07-19 15:00:00,2016-07-19 15:00:00
control,train,1,2016-07-21 18:00:00,2016-07-21 15:00:00,2016-07-22 03:00:00,TIME_STOP,1.09931,1.09490,1.10345,TP_mean,44.1,4.26,9,1,1,0.8778,2.30,0.8257,0.7996,0.7735,2016-07-21 15:00:00,2016-07-21 15:00:00,2016-07-21 15:00:00
control,train,1,2016-07-22 18:00:00,2016-07-22 15:00:00,2016-07-25 11:00:00,TIME_STOP,1.09800,1.09462,1.10238,TP_mean,33.8,8.40,17,1,1,-0.4467,2.30,-0.5147,-0.5487,-0.5828,2016-07-22 15:00:00,2016-07-22 15:00:00,2016-07-22 15:00:00
control,train,-1,2016-07-28 10:00:00,2016-07-28 07:00:00,2016-07-28 10:00:00,SL,1.10883,1.11188,1.10425,TP_cap,30.5,nan,nan,0,0,-1.0000,1.50,-1.0492,-1.0737,-1.0983,2016-07-28 07:00:00,2016-07-28 07:00:00,2016-07-28 07:00:00
control,train,-1,2016-07-28 16:00:00,2016-07-28 13:00:00,2016-07-29 06:00:00,SL,1.10991,1.11309,1.10513,TP_cap,31.8,nan,nan,1,1,0.2631,2.30,0.1908,0.1547,0.1186,2016-07-28 13:00:00,2016-07-28 13:00:00,2016-07-28 13:00:00
control,train,-1,2016-07-29 14:00:00,2016-07-29 11:00:00,2016-07-29 15:00:00,SL,1.11115,1.11386,1.10709,TP_cap,27.1,31.03,63,0,0,-1.0000,1.50,-1.0554,-1.0830,-1.1107,2016-07-29 11:00:00,2016-07-29 11:00:00,2016-07-29 11:00:00
control,train,-1,2016-08-01 13:00:00,2016-08-01 10:00:00,2016-08-02 10:00:00,SL,1.11751,1.12018,1.11351,TP_cap,26.7,43.26,87,1,1,-1.0000,2.30,-1.0862,-1.1293,-1.1724,2016-08-01 10:00:00,2016-08-01 10:00:00,2016-08-01 10:00:00
control,train,1,2016-08-05 17:00:00,2016-08-05 14:00:00,2016-08-05 20:00:00,TP,1.10499,1.10175,1.10985,TP_cap,32.4,nan,nan,0,0,1.5000,1.50,1.4537,1.4306,1.4075,2016-08-05 14:00:00,2016-08-05 14:00:00,2016-08-05 14:00:00
control,train,-1,2016-08-10 15:00:00,2016-08-10 12:00:00,2016-08-10 21:00:00,SL,1.11850,1.12098,1.11479,TP_cap,24.8,nan,nan,0,0,0.1939,1.50,0.1333,0.1030,0.0727,2016-08-10 12:00:00,2016-08-10 12:00:00,2016-08-10 12:00:00
control,train,-1,2016-08-16 10:00:00,2016-08-16 07:00:00,2016-08-16 10:00:00,SL,1.12413,1.12639,1.12073,TP_cap,22.6,6.29,13,0,0,-1.0000,1.50,-1.0663,-1.0994,-1.1325,2016-08-16 07:00:00,2016-08-16 07:00:00,2016-08-16 07:00:00
control,train,-1,2016-08-18 10:00:00,2016-08-18 07:00:00,2016-08-18 21:00:00,SL,1.13153,1.13479,1.12664,TP_cap,32.6,12.35,25,0,0,-1.0000,1.50,-1.0460,-1.0690,-1.0920,2016-08-18 07:00:00,2016-08-18 07:00:00,2016-08-18 07:00:00
control,train,1,2016-08-29 10:00:00,2016-08-29 07:00:00,2016-08-29 15:00:00,SL,1.11963,1.11669,1.12404,TP_cap,29.4,22.25,45,0,0,-1.0000,1.50,-1.0510,-1.0766,-1.1021,2016-08-29 07:00:00,2016-08-29 07:00:00,2016-08-29 07:00:00
control,train,1,2016-08-30 10:00:00,2016-08-30 07:00:00,2016-08-30 15:00:00,SL,1.11745,1.11531,1.12066,TP_cap,21.4,19.56,40,0,0,-1.0000,1.50,-1.0701,-1.1051,-1.1401,2016-08-30 07:00:00,2016-08-30 07:00:00,2016-08-30 07:00:00
control,train,1,2016-08-31 10:00:00,2016-08-31 07:00:00,2016-09-01 09:00:00,SL,1.11369,1.11138,1.11715,TP_cap,23.1,22.66,46,1,3,0.5050,3.90,0.3359,0.2513,0.1668,2016-08-31 07:00:00,2016-08-31 07:00:00,2016-08-31 07:00:00
control,train,-1,2016-09-06 18:00:00,2016-09-06 15:00:00,2016-09-07 12:00:00,TIME_STOP,1.12381,1.12682,1.11929,TP_cap,30.1,8.99,18,1,1,-0.0365,2.30,-0.1129,-0.1510,-0.1892,2016-09-06 15:00:00,2016-09-06 15:00:00,2016-09-06 15:00:00
control,train,-1,2016-09-08 11:00:00,2016-09-08 08:00:00,2016-09-08 13:00:00,SL,1.12678,1.12888,1.12363,TP_cap,21.0,17.75,36,0,0,-1.0000,1.50,-1.0714,-1.1071,-1.1428,2016-09-08 08:00:00,2016-09-08 08:00:00,2016-09-08 08:00:00
control,train,1,2016-09-16 16:00:00,2016-09-16 13:00:00,2016-09-16 18:00:00,SL,1.11843,1.11587,1.12228,TP_cap,25.6,4.94,10,0,0,-1.0000,1.50,-1.0585,-1.0878,-1.1170,2016-09-16 13:00:00,2016-09-16 13:00:00,2016-09-16 13:00:00
control,train,1,2016-09-19 10:00:00,2016-09-19 07:00:00,2016-09-19 17:00:00,TP,1.11602,1.11406,1.11897,TP_cap,19.6,22.03,45,0,0,1.5000,1.50,1.4236,1.3854,1.3472,2016-09-19 07:00:00,2016-09-19 07:00:00,2016-09-19 07:00:00
control,train,-1,2016-09-22 12:00:00,2016-09-22 09:00:00,2016-09-23 06:00:00,TP,1.12368,1.12655,1.11938,TP_cap,28.7,nan,nan,1,1,1.5000,2.30,1.4198,1.3797,1.3396,2016-09-22 09:00:00,2016-09-22 09:00:00,2016-09-22 09:00:00
control,train,1,2016-09-30 14:00:00,2016-09-30 11:00:00,2016-09-30 16:00:00,TP,1.11651,1.11372,1.12070,TP_cap,27.9,22.20,45,0,0,1.5000,1.50,1.4463,1.4195,1.3926,2016-09-30 11:00:00,2016-09-30 11:00:00,2016-09-30 11:00:00
control,train,1,2016-10-04 10:00:00,2016-10-04 07:00:00,2016-10-04 12:00:00,SL,1.11729,1.11539,1.12015,TP_cap,19.0,5.46,11,0,0,-1.0000,1.50,-1.0788,-1.1182,-1.1576,2016-10-04 07:00:00,2016-10-04 07:00:00,2016-10-04 07:00:00
control,train,1,2016-10-07 10:00:00,2016-10-07 07:00:00,2016-10-07 15:00:00,SL,1.11141,1.10882,1.11530,TP_cap,25.9,24.25,49,0,0,0.4309,1.50,0.3730,0.3441,0.3152,2016-10-07 07:00:00,2016-10-07 07:00:00,2016-10-07 07:00:00
control,train,1,2016-10-11 10:00:00,2016-10-11 07:00:00,2016-10-11 13:00:00,SL,1.11166,1.10962,1.11472,TP_cap,20.4,15.84,32,0,0,-1.0000,1.50,-1.0735,-1.1103,-1.1471,2016-10-11 07:00:00,2016-10-11 07:00:00,2016-10-11 07:00:00
control,train,1,2016-10-13 10:00:00,2016-10-13 07:00:00,2016-10-14 06:00:00,SL,1.10133,1.09825,1.10595,TP_cap,30.8,24.22,49,1,1,0.7591,2.30,0.6845,0.6472,0.6099,2016-10-13 07:00:00,2016-10-13 07:00:00,2016-10-13 07:00:00
control,train,1,2016-10-14 18:00:00,2016-10-14 15:00:00,2016-10-14 22:00:00,SL,1.10010,1.09707,1.10465,TP_cap,30.3,10.23,21,0,0,-1.0000,1.50,-1.0494,-1.0742,-1.0989,2016-10-14 15:00:00,2016-10-14 15:00:00,2016-10-14 15:00:00
control,train,1,2016-10-17 11:00:00,2016-10-17 08:00:00,2016-10-18 03:00:00,TP,1.09759,1.09506,1.10139,TP_cap,25.3,9.16,19,1,1,1.5000,2.30,1.4092,1.3638,1.3184,2016-10-17 08:00:00,2016-10-17 08:00:00,2016-10-17 08:00:00
control,train,1,2016-10-20 18:00:00,2016-10-20 15:00:00,2016-10-21 10:00:00,SL,1.09244,1.08854,1.09810,TP_mean,39.0,11.60,24,1,1,-1.0000,2.30,-1.0589,-1.0884,-1.1179,2016-10-20 15:00:00,2016-10-20 15:00:00,2016-10-20 15:00:00
control,train,1,2016-10-25 16:00:00,2016-10-25 13:00:00,2016-10-25 18:00:00,TP,1.08577,1.08355,1.08910,TP_cap,22.2,10.13,21,0,0,1.5000,1.50,1.4324,1.3986,1.3649,2016-10-25 13:00:00,2016-10-25 13:00:00,2016-10-25 13:00:00
control,train,-1,2016-11-01 10:00:00,2016-11-01 08:00:00,2016-11-01 13:00:00,SL,1.09848,1.10053,1.09541,TP_cap,20.5,8.69,18,0,0,-1.0000,1.50,-1.0732,-1.1099,-1.1465,2016-11-01 08:00:00,2016-11-01 08:00:00,2016-11-01 08:00:00
control,train,-1,2016-11-09 09:00:00,2016-11-09 07:00:00,2016-11-09 10:00:00,TP,1.12194,1.13010,1.10970,TP_cap,81.6,17.65,36,0,0,1.5000,1.50,1.4816,1.4724,1.4632,2016-11-09 07:00:00,2016-11-09 07:00:00,2016-11-09 07:00:00
control,train,1,2016-11-09 17:00:00,2016-11-09 15:00:00,2016-11-10 15:00:00,TIME_STOP,1.09506,1.08515,1.10639,TP_mean,99.1,10.79,22,1,3,-0.5983,3.90,-0.6376,-0.6573,-0.6770,2016-11-09 15:00:00,2016-11-09 15:00:00,2016-11-09 15:00:00
control,train,1,2016-11-10 17:00:00,2016-11-10 15:00:00,2016-11-14 00:00:00,TIME_STOP,1.08700,1.08138,1.09543,TP_cap,56.2,15.41,31,2,2,-0.6831,3.10,-0.7382,-0.7658,-0.7934,2016-11-10 15:00:00,2016-11-10 15:00:00,2016-11-10 15:00:00
control,train,1,2016-11-14 09:00:00,2016-11-14 07:00:00,2016-11-14 10:00:00,SL,1.07899,1.07484,1.08521,TP_cap,41.5,13.26,27,0,0,-1.0000,1.50,-1.0362,-1.0543,-1.0724,2016-11-14 07:00:00,2016-11-14 07:00:00,2016-11-14 07:00:00
control,train,1,2016-11-15 14:00:00,2016-11-15 12:00:00,2016-11-15 16:00:00,SL,1.07661,1.07241,1.08291,TP_cap,42.0,4.57,10,0,0,-1.0000,1.50,-1.0357,-1.0536,-1.0715,2016-11-15 12:00:00,2016-11-15 12:00:00,2016-11-15 12:00:00
control,train,1,2016-11-16 10:00:00,2016-11-16 08:00:00,2016-11-16 18:00:00,SL,1.07051,1.06660,1.07638,TP_cap,39.1,6.52,14,0,0,-1.0000,1.50,-1.0383,-1.0575,-1.0767,2016-11-16 08:00:00,2016-11-16 08:00:00,2016-11-16 08:00:00
control,train,1,2016-11-18 09:00:00,2016-11-18 07:00:00,2016-11-18 15:00:00,SL,1.05982,1.05600,1.06555,TP_cap,38.2,10.02,21,0,0,0.1572,1.50,0.1180,0.0983,0.0787,2016-11-18 07:00:00,2016-11-18 07:00:00,2016-11-18 07:00:00
control,train,-1,2016-12-02 09:00:00,2016-12-02 07:00:00,2016-12-02 14:00:00,TP,1.06791,1.07104,1.06321,TP_cap,31.3,6.41,13,0,0,1.5000,1.50,1.4521,1.4281,1.4042,2016-12-02 07:00:00,2016-12-02 07:00:00,2016-12-02 07:00:00
control,train,-1,2016-12-05 14:00:00,2016-12-05 12:00:00,2016-12-05 19:00:00,SL,1.06964,1.07652,1.06324,TP_mean,68.8,5.75,12,0,0,-1.0000,1.50,-1.0218,-1.0327,-1.0436,2016-12-05 12:00:00,2016-12-05 12:00:00,2016-12-05 12:00:00
control,train,-1,2016-12-06 10:00:00,2016-12-06 08:00:00,2016-12-06 19:00:00,TP,1.07620,1.08036,1.06997,TP_cap,41.6,12.61,26,0,0,1.5000,1.50,1.4639,1.4459,1.4278,2016-12-06 08:00:00,2016-12-06 08:00:00,2016-12-06 08:00:00
control,train,1,2016-12-09 15:00:00,2016-12-09 13:00:00,2016-12-12 15:00:00,TP,1.05517,1.05082,1.06169,TP_cap,43.5,nan,nan,1,1,1.5000,2.30,1.4471,1.4206,1.3942,2016-12-09 13:00:00,2016-12-09 13:00:00,2016-12-09 13:00:00
control,train,1,2016-12-15 14:00:00,2016-12-15 12:00:00,2016-12-16 14:00:00,SL,1.04111,1.03557,1.04942,TP_cap,55.4,45.04,91,1,1,0.4742,2.30,0.4327,0.4119,0.3912,2016-12-15 12:00:00,2016-12-15 12:00:00,2016-12-15 12:00:00
control,train,1,2016-12-20 15:00:00,2016-12-20 13:00:00,2016-12-20 20:00:00,TP,1.03555,1.03217,1.04061,TP_cap,33.8,10.26,21,0,0,1.5000,1.50,1.4556,1.4333,1.4111,2016-12-20 13:00:00,2016-12-20 13:00:00,2016-12-20 13:00:00
control,train,-1,2016-12-28 09:00:00,2016-12-28 07:00:00,2016-12-28 10:00:00,TP,1.04713,1.04883,1.04503,TP_mean,17.0,2.47,5,0,0,1.2340,1.50,1.1459,1.1019,1.0579,2016-12-28 07:00:00,2016-12-28 07:00:00,2016-12-28 07:00:00
control,train,1,2016-12-28 14:00:00,2016-12-28 12:00:00,2016-12-28 14:00:00,SL,1.04170,1.03944,1.04464,TP_mean,22.6,4.55,10,0,0,-1.0000,1.50,-1.0662,-1.0994,-1.1325,2016-12-28 12:00:00,2016-12-28 12:00:00,2016-12-28 12:00:00
control,train,-1,2016-12-30 09:00:00,2016-12-30 07:00:00,2016-12-30 11:00:00,SL,1.05262,1.05745,1.04618,TP_mean,48.3,14.77,30,0,0,-1.0000,1.50,-1.0310,-1.0466,-1.0621,2016-12-30 07:00:00,2016-12-30 07:00:00,2016-12-30 07:00:00
control,train,-1,2017-01-12 14:00:00,2017-01-12 12:00:00,2017-01-13 08:00:00,SL,1.06518,1.07003,1.05791,TP_cap,48.5,10.10,21,1,1,0.4654,2.30,0.4179,0.3942,0.3705,2017-01-12 12:00:00,2017-01-12 12:00:00,2017-01-12 12:00:00
control,train,-1,2017-01-17 14:00:00,2017-01-17 12:00:00,2017-01-18 10:00:00,SL,1.07090,1.07469,1.06521,TP_cap,37.9,11.88,24,1,1,0.3526,2.30,0.2919,0.2616,0.2312,2017-01-17 12:00:00,2017-01-17 12:00:00,2017-01-17 12:00:00
control,train,-1,2017-01-24 17:00:00,2017-01-24 15:00:00,2017-01-25 09:00:00,TP,1.07606,1.07930,1.07120,TP_cap,32.4,10.14,21,1,1,1.5000,2.30,1.4291,1.3936,1.3581,2017-01-24 15:00:00,2017-01-24 15:00:00,2017-01-24 15:00:00
control,train,1,2017-01-30 15:00:00,2017-01-30 13:00:00,2017-01-30 17:00:00,TP,1.06290,1.05966,1.06776,TP_cap,32.4,28.72,58,0,0,1.5000,1.50,1.4537,1.4306,1.4074,2017-01-30 13:00:00,2017-01-30 13:00:00,2017-01-30 13:00:00
control,train,-1,2017-01-31 17:00:00,2017-01-31 15:00:00,2017-02-01 21:00:00,SL,1.07909,1.08325,1.07286,TP_cap,41.6,15.89,32,1,1,0.7909,2.30,0.7356,0.7079,0.6802,2017-01-31 15:00:00,2017-01-31 15:00:00,2017-01-31 15:00:00
control,train,1,2017-02-07 11:00:00,2017-02-07 09:00:00,2017-02-08 10:00:00,SL,1.06738,1.06441,1.07184,TP_cap,29.7,88.83,178,1,1,-1.0000,2.30,-1.0773,-1.1160,-1.1546,2017-02-07 09:00:00,2017-02-07 09:00:00,2017-02-07 09:00:00
control,train,1,2017-02-08 12:00:00,2017-02-08 10:00:00,2017-02-08 16:00:00,TP,1.06441,1.06159,1.06864,TP_cap,28.2,41.66,84,0,0,1.5000,1.50,1.4468,1.4202,1.3936,2017-02-08 10:00:00,2017-02-08 10:00:00,2017-02-08 10:00:00
control,train,1,2017-02-10 10:00:00,2017-02-10 08:00:00,2017-02-10 16:00:00,SL,1.06395,1.06148,1.06765,TP_cap,24.7,7.01,15,0,0,-1.0000,1.50,-1.0608,-1.0912,-1.1216,2017-02-10 08:00:00,2017-02-10 08:00:00,2017-02-10 08:00:00
control,train,1,2017-02-13 16:00:00,2017-02-13 14:00:00,2017-02-13 17:00:00,SL,1.06234,1.05985,1.06584,TP_mean,24.9,5.78,12,0,0,-1.0000,1.50,-1.0602,-1.0903,-1.1203,2017-02-13 14:00:00,2017-02-13 14:00:00,2017-02-13 14:00:00
control,train,1,2017-02-14 10:00:00,2017-02-14 08:00:00,2017-02-14 11:00:00,SL,1.06070,1.05851,1.06399,TP_cap,21.9,5.20,11,0,0,0.4305,1.50,0.3620,0.3278,0.2935,2017-02-14 08:00:00,2017-02-14 08:00:00,2017-02-14 08:00:00
control,train,1,2017-02-14 16:00:00,2017-02-14 14:00:00,2017-02-14 17:00:00,SL,1.06127,1.05870,1.06423,TP_mean,25.7,3.30,7,0,0,-1.0000,1.50,-1.0585,-1.0877,-1.1169,2017-02-14 14:00:00,2017-02-14 14:00:00,2017-02-14 14:00:00
control,train,1,2017-02-21 12:00:00,2017-02-21 10:00:00,2017-02-22 09:00:00,SL,1.05422,1.05190,1.05771,TP_cap,23.2,39.57,80,1,1,-1.0000,2.30,-1.0989,-1.1484,-1.1979,2017-02-21 10:00:00,2017-02-21 10:00:00,2017-02-21 10:00:00
control,train,1,2017-03-01 14:00:00,2017-03-01 12:00:00,2017-03-01 21:00:00,SL,1.05349,1.05043,1.05746,TP_mean,30.6,7.62,16,0,0,0.3946,1.50,0.3456,0.3211,0.2966,2017-03-01 12:00:00,2017-03-01 12:00:00,2017-03-01 12:00:00
control,train,1,2017-03-02 17:00:00,2017-03-02 15:00:00,2017-03-03 13:00:00,TP,1.05048,1.04786,1.05441,TP_cap,26.2,19.29,39,1,1,1.5000,2.30,1.4122,1.3684,1.3245,2017-03-02 15:00:00,2017-03-02 15:00:00,2017-03-02 15:00:00
control,train,-1,2017-03-10 16:00:00,2017-03-10 14:00:00,2017-03-10 18:00:00,SL,1.06457,1.06759,1.06004,TP_cap,30.2,15.00,30,0,0,-1.0000,1.50,-1.0496,-1.0745,-1.0993,2017-03-10 14:00:00,2017-03-10 14:00:00,2017-03-10 14:00:00
control,train,-1,2017-03-17 09:00:00,2017-03-17 07:00:00,2017-03-17 10:00:00,SL,1.07807,1.08043,1.07453,TP_cap,23.6,15.28,31,0,0,0.4936,1.50,0.4301,0.3984,0.3666,2017-03-17 07:00:00,2017-03-17 07:00:00,2017-03-17 07:00:00
control,train,-1,2017-03-21 11:00:00,2017-03-21 09:00:00,2017-03-22 03:00:00,TIME_STOP,1.07954,1.08217,1.07559,TP_cap,26.3,7.69,16,1,1,-0.1405,2.30,-0.2278,-0.2715,-0.3151,2017-03-21 09:00:00,2017-03-21 09:00:00,2017-03-21 09:00:00
control,train,-1,2017-03-22 09:00:00,2017-03-22 07:00:00,2017-03-22 11:00:00,TP,1.08135,1.08378,1.07771,TP_cap,24.3,6.60,14,0,0,1.5000,1.50,1.4382,1.4073,1.3764,2017-03-22 07:00:00,2017-03-22 07:00:00,2017-03-22 07:00:00
control,train,-1,2017-03-22 17:00:00,2017-03-22 15:00:00,2017-03-23 08:00:00,TIME_STOP,1.08167,1.08464,1.07721,TP_cap,29.7,7.01,15,1,3,0.9044,3.90,0.7733,0.7077,0.6421,2017-03-22 15:00:00,2017-03-22 15:00:00,2017-03-22 15:00:00
control,train,-1,2017-03-27 10:00:00,2017-03-27 07:00:00,2017-03-27 15:00:00,SL,1.08630,1.08889,1.08242,TP_cap,25.9,11.84,24,0,0,-1.0000,1.50,-1.0580,-1.0870,-1.1160,2017-03-27 07:00:00,2017-03-27 07:00:00,2017-03-27 07:00:00
control,train,1,2017-03-29 15:00:00,2017-03-29 12:00:00,2017-03-30 15:00:00,SL,1.07520,1.07225,1.07963,TP_cap,29.5,nan,nan,1,3,-1.0000,3.90,-1.1321,-1.1982,-1.2643,2017-03-29 12:00:00,2017-03-29 12:00:00,2017-03-29 12:00:00
control,train,1,2017-04-04 14:00:00,2017-04-04 11:00:00,2017-04-04 20:00:00,SL,1.06417,1.06189,1.06758,TP_cap,22.8,10.09,21,0,0,0.3372,1.50,0.2713,0.2383,0.2053,2017-04-04 11:00:00,2017-04-04 11:00:00,2017-04-04 11:00:00
control,train,1,2017-04-10 10:00:00,2017-04-10 07:00:00,2017-04-10 23:00:00,SL,1.05828,1.05596,1.06175,TP_cap,23.2,18.04,37,0,0,0.3324,1.50,0.2676,0.2352,0.2028,2017-04-10 07:00:00,2017-04-10 07:00:00,2017-04-10 07:00:00
control,train,-1,2017-04-18 15:00:00,2017-04-18 12:00:00,2017-04-18 15:00:00,SL,1.06779,1.06990,1.06462,TP_cap,21.1,8.10,17,0,0,-1.0000,1.50,-1.0710,-1.1065,-1.1420,2017-04-18 12:00:00,2017-04-18 12:00:00,2017-04-18 12:00:00
control,train,-1,2017-04-20 10:00:00,2017-04-20 07:00:00,2017-04-20 11:00:00,SL,1.07404,1.07610,1.07095,TP_cap,20.6,34.03,69,0,0,-1.0000,1.50,-1.0728,-1.1092,-1.1455,2017-04-20 07:00:00,2017-04-20 07:00:00,2017-04-20 07:00:00
control,train,-1,2017-04-24 10:00:00,2017-04-24 07:00:00,2017-04-25 00:00:00,TIME_STOP,1.08425,1.08956,1.07628,TP_cap,53.1,6.69,14,1,1,-0.4576,2.30,-0.5009,-0.5225,-0.5442,2017-04-24 07:00:00,2017-04-24 07:00:00,2017-04-24 07:00:00
control,train,-1,2017-05-04 18:00:00,2017-05-04 15:00:00,2017-05-04 19:00:00,SL,1.09448,1.09722,1.09117,TP_mean,27.4,5.10,11,0,0,-1.0000,1.50,-1.0547,-1.0821,-1.1094,2017-05-04 15:00:00,2017-05-04 15:00:00,2017-05-04 15:00:00
control,train,-1,2017-05-05 16:00:00,2017-05-05 13:00:00,2017-05-08 00:00:00,SL,1.09784,1.10054,1.09378,TP_cap,27.0,17.19,35,1,1,-1.0000,2.30,-1.0851,-1.1276,-1.1701,2017-05-05 13:00:00,2017-05-05 13:00:00,2017-05-05 13:00:00
control,train,-1,2017-05-15 16:00:00,2017-05-15 13:00:00,2017-05-16 09:00:00,SL,1.09783,1.10003,1.09453,TP_cap,22.0,nan,nan,1,1,-1.0000,2.30,-1.1044,-1.1566,-1.2088,2017-05-15 13:00:00,2017-05-15 13:00:00,2017-05-15 13:00:00
control,train,-1,2017-05-16 11:00:00,2017-05-16 08:00:00,2017-05-16 13:00:00,SL,1.10285,1.10500,1.09962,TP_cap,21.5,nan,nan,0,0,-1.0000,1.50,-1.0697,-1.1046,-1.1395,2017-05-16 08:00:00,2017-05-16 08:00:00,2017-05-16 08:00:00
control,train,-1,2017-05-17 15:00:00,2017-05-17 12:00:00,2017-05-17 17:00:00,SL,1.11116,1.11415,1.10668,TP_cap,29.9,96.86,194,0,0,-1.0000,1.50,-1.0502,-1.0753,-1.1004,2017-05-17 12:00:00,2017-05-17 12:00:00,2017-05-17 12:00:00
control,train,-1,2017-05-19 15:00:00,2017-05-19 12:00:00,2017-05-19 20:00:00,SL,1.11777,1.12095,1.11299,TP_cap,31.8,19.80,40,0,0,-1.0000,1.50,-1.0471,-1.0707,-1.0942,2017-05-19 12:00:00,2017-05-19 12:00:00,2017-05-19 12:00:00
control,train,-1,2017-05-22 14:00:00,2017-05-22 11:00:00,2017-05-23 10:00:00,SL,1.12271,1.12642,1.11714,TP_cap,37.1,19.50,39,1,1,-1.0000,2.30,-1.0620,-1.0930,-1.1240,2017-05-22 11:00:00,2017-05-22 11:00:00,2017-05-22 11:00:00
control,train,1,2017-05-30 10:00:00,2017-05-30 07:00:00,2017-05-30 12:00:00,TP,1.11307,1.11083,1.11643,TP_cap,22.4,18.86,38,0,0,1.5000,1.50,1.4331,1.3997,1.3662,2017-05-30 07:00:00,2017-05-30 07:00:00,2017-05-30 07:00:00
control,train,-1,2017-05-31 17:00:00,2017-05-31 14:00:00,2017-06-01 20:00:00,TIME_STOP,1.12329,1.12650,1.11854,TP_mean,32.1,13.27,27,1,3,0.7383,3.90,0.6168,0.5561,0.4953,2017-05-31 14:00:00,2017-05-31 14:00:00,2017-05-31 14:00:00
control,train,-1,2017-06-02 17:00:00,2017-06-02 14:00:00,2017-06-05 20:00:00,SL,1.12758,1.13059,1.12307,TP_cap,30.1,27.65,56,1,1,0.6458,2.30,0.5693,0.5311,0.4928,2017-06-02 14:00:00,2017-06-02 14:00:00,2017-06-02 14:00:00
control,train,1,2017-06-09 12:00:00,2017-06-09 09:00:00,2017-06-12 13:00:00,SL,1.11759,1.11392,1.12310,TP_cap,36.7,16.27,33,1,1,0.9488,2.30,0.8862,0.8549,0.8236,2017-06-09 09:00:00,2017-06-09 09:00:00,2017-06-09 09:00:00
control,train,-1,2017-06-14 16:00:00,2017-06-14 13:00:00,2017-06-14 17:00:00,SL,1.12627,1.12897,1.12222,TP_cap,27.0,49.87,100,0,0,-1.0000,1.50,-1.0556,-1.0834,-1.1112,2017-06-14 13:00:00,2017-06-14 13:00:00,2017-06-14 13:00:00
control,train,1,2017-06-15 17:00:00,2017-06-15 14:00:00,2017-06-16 12:00:00,TIME_STOP,1.11475,1.11150,1.11962,TP_cap,32.5,9.39,19,1,1,0.7825,2.30,0.7117,0.6763,0.6408,2017-06-15 14:00:00,2017-06-15 14:00:00,2017-06-15 14:00:00
control,train,-1,2017-06-23 18:00:00,2017-06-23 15:00:00,2017-06-26 15:00:00,SL,1.11998,1.12223,1.11661,TP_cap,22.5,355.68,712,1,1,0.4982,2.30,0.3959,0.3447,0.2935,2017-06-23 15:00:00,2017-06-23 15:00:00,2017-06-23 15:00:00
control,train,-1,2017-06-27 12:00:00,2017-06-27 09:00:00,2017-06-27 15:00:00,SL,1.12492,1.12764,1.12085,TP_cap,27.2,11.01,23,0,0,-1.0000,1.50,-1.0552,-1.0828,-1.1104,2017-06-27 09:00:00,2017-06-27 09:00:00,2017-06-27 09:00:00
control,train,-1,2017-06-28 17:00:00,2017-06-28 14:00:00,2017-06-29 05:00:00,SL,1.13655,1.14132,1.12940,TP_cap,47.7,50.50,101,1,3,-1.0000,3.90,-1.0818,-1.1227,-1.1636,2017-06-28 14:00:00,2017-06-28 14:00:00,2017-06-28 14:00:00
control,train,-1,2017-07-12 16:00:00,2017-07-12 13:00:00,2017-07-12 16:00:00,TP,1.14671,1.14996,1.14197,TP_mean,32.5,7.92,16,0,0,1.4617,1.50,1.4155,1.3924,1.3693,2017-07-12 13:00:00,2017-07-12 13:00:00,2017-07-12 13:00:00
control,train,-1,2017-07-18 10:00:00,2017-07-18 07:00:00,2017-07-18 12:00:00,SL,1.15263,1.15518,1.14880,TP_cap,25.5,10.10,21,0,0,-1.0000,1.50,-1.0588,-1.0881,-1.1175,2017-07-18 07:00:00,2017-07-18 07:00:00,2017-07-18 07:00:00
control,train,-1,2017-07-20 18:00:00,2017-07-20 15:00:00,2017-07-21 11:00:00,TIME_STOP,1.16343,1.16846,1.15588,TP_cap,50.3,8.40,17,1,1,-0.0855,2.30,-0.1312,-0.1540,-0.1769,2017-07-20 15:00:00,2017-07-20 15:00:00,2017-07-20 15:00:00
control,train,-1,2017-07-24 13:00:00,2017-07-24 10:00:00,2017-07-25 10:00:00,TIME_STOP,1.16565,1.16854,1.16132,TP_cap,28.9,10.27,21,1,1,-0.1525,2.30,-0.2322,-0.2720,-0.3119,2017-07-24 10:00:00,2017-07-24 10:00:00,2017-07-24 10:00:00
control,train,-1,2017-07-25 16:00:00,2017-07-25 13:00:00,2017-07-25 18:00:00,TP,1.16883,1.17151,1.16481,TP_cap,26.8,9.81,20,0,0,1.5000,1.50,1.4441,1.4161,1.3882,2017-07-25 13:00:00,2017-07-25 13:00:00,2017-07-25 13:00:00
control,train,-1,2017-07-28 18:00:00,2017-07-28 15:00:00,2017-07-31 13:00:00,TIME_STOP,1.17470,1.17831,1.16928,TP_cap,36.1,9.07,19,1,1,0.3737,2.30,0.3100,0.2782,0.2463,2017-07-28 15:00:00,2017-07-28 15:00:00,2017-07-28 15:00:00
control,train,-1,2017-07-31 18:00:00,2017-07-31 15:00:00,2017-07-31 18:00:00,SL,1.17893,1.18215,1.17410,TP_cap,32.2,10.19,21,0,0,-1.0000,1.50,-1.0466,-1.0698,-1.0931,2017-07-31 15:00:00,2017-07-31 15:00:00,2017-07-31 15:00:00
control,train,-1,2017-08-01 16:00:00,2017-08-01 13:00:00,2017-08-02 11:00:00,SL,1.18171,1.18459,1.17739,TP_cap,28.8,11.75,24,1,1,-1.0000,2.30,-1.0799,-1.1198,-1.1598,2017-08-01 13:00:00,2017-08-01 13:00:00,2017-08-01 13:00:00
control,train,-1,2017-08-02 17:00:00,2017-08-02 14:00:00,2017-08-02 18:00:00,SL,1.18332,1.18666,1.17831,TP_cap,33.4,13.32,27,0,0,-1.0000,1.50,-1.0450,-1.0674,-1.0899,2017-08-02 14:00:00,2017-08-02 14:00:00,2017-08-02 14:00:00
control,train,-1,2017-08-03 10:00:00,2017-08-03 07:00:00,2017-08-03 17:00:00,SL,1.18509,1.18791,1.18086,TP_cap,28.2,8.20,17,0,0,-1.0000,1.50,-1.0531,-1.0797,-1.1063,2017-08-03 07:00:00,2017-08-03 07:00:00,2017-08-03 07:00:00
control,train,1,2017-08-04 18:00:00,2017-08-04 15:00:00,2017-08-07 10:00:00,SL,1.17497,1.17070,1.18138,TP_cap,42.7,nan,nan,1,1,0.6657,2.30,0.6118,0.5849,0.5579,2017-08-04 15:00:00,2017-08-04 15:00:00,2017-08-04 15:00:00
control,train,1,2017-08-10 13:00:00,2017-08-10 10:00:00,2017-08-10 17:00:00,SL,1.17111,1.16811,1.17561,TP_cap,30.0,5.40,11,0,0,0.3678,1.50,0.3179,0.2929,0.2679,2017-08-10 10:00:00,2017-08-10 10:00:00,2017-08-10 10:00:00
control,train,1,2017-08-15 16:00:00,2017-08-15 13:00:00,2017-08-16 09:00:00,SL,1.16917,1.16542,1.17480,TP_cap,37.5,16.05,33,1,1,0.9674,2.30,0.9061,0.8754,0.8448,2017-08-15 13:00:00,2017-08-15 13:00:00,2017-08-15 13:00:00
control,train,1,2017-08-16 17:00:00,2017-08-16 14:00:00,2017-08-16 21:00:00,TP,1.16944,1.16580,1.17490,TP_cap,36.4,15.52,32,0,0,1.5000,1.50,1.4588,1.4382,1.4176,2017-08-16 14:00:00,2017-08-16 14:00:00,2017-08-16 14:00:00
control,train,-1,2017-08-21 18:00:00,2017-08-21 15:00:00,2017-08-22 11:00:00,TP,1.18147,1.18439,1.17709,TP_cap,29.2,19.27,39,1,1,1.5000,2.30,1.4212,1.3818,1.3424,2017-08-21 15:00:00,2017-08-21 15:00:00,2017-08-21 15:00:00
control,train,-1,2017-08-25 18:00:00,2017-08-25 15:00:00,2017-08-25 22:00:00,SL,1.18707,1.19063,1.18174,TP_cap,35.6,7.47,15,0,0,-1.0000,1.50,-1.0422,-1.0633,-1.0844,2017-08-25 15:00:00,2017-08-25 15:00:00,2017-08-25 15:00:00
control,train,-1,2017-09-07 13:00:00,2017-09-07 10:00:00,2017-09-07 15:00:00,SL,1.19801,1.20095,1.19360,TP_cap,29.4,22.82,46,0,0,-1.0000,1.50,-1.0510,-1.0765,-1.1020,2017-09-07 10:00:00,2017-09-07 10:00:00,2017-09-07 10:00:00
control,train,-1,2017-09-08 10:00:00,2017-09-08 07:00:00,2017-09-11 10:00:00,TP,1.20642,1.21112,1.19937,TP_cap,47.0,19.73,40,1,1,1.5000,2.30,1.4511,1.4266,1.4022,2017-09-08 07:00:00,2017-09-08 07:00:00,2017-09-08 07:00:00
control,train,1,2017-09-26 11:00:00,2017-09-26 08:00:00,2017-09-26 14:00:00,SL,1.18124,1.17837,1.18555,TP_cap,28.7,12.46,25,0,0,-1.0000,1.50,-1.0522,-1.0783,-1.1044,2017-09-26 08:00:00,2017-09-26 08:00:00,2017-09-26 08:00:00
control,train,1,2017-10-05 18:00:00,2017-10-05 15:00:00,2017-10-06 07:00:00,SL,1.17143,1.16870,1.17541,TP_mean,27.3,7.36,15,1,1,-1.0000,2.30,-1.0842,-1.1264,-1.1685,2017-10-05 15:00:00,2017-10-05 15:00:00,2017-10-05 15:00:00
control,train,1,2017-10-06 16:00:00,2017-10-06 13:00:00,2017-10-06 17:00:00,TP,1.16907,1.16633,1.17318,TP_cap,27.4,9.63,20,0,0,1.5000,1.50,1.4452,1.4178,1.3904,2017-10-06 13:00:00,2017-10-06 13:00:00,2017-10-06 13:00:00
control,train,-1,2017-10-10 13:00:00,2017-10-10 10:00:00,2017-10-11 09:00:00,SL,1.18018,1.18282,1.17623,TP_cap,26.4,53.68,108,1,1,-1.0000,2.30,-1.0872,-1.1309,-1.1745,2017-10-10 10:00:00,2017-10-10 10:00:00,2017-10-10 10:00:00
control,train,-1,2017-10-11 16:00:00,2017-10-11 13:00:00,2017-10-12 04:00:00,SL,1.18439,1.18739,1.17988,TP_cap,30.0,173.48,347,1,3,-1.0000,3.90,-1.1298,-1.1947,-1.2596,2017-10-11 13:00:00,2017-10-11 13:00:00,2017-10-11 13:00:00
control,train,1,2017-10-26 18:00:00,2017-10-26 15:00:00,2017-10-26 20:00:00,SL,1.17034,1.16627,1.17645,TP_cap,40.7,15.33,31,0,0,-1.0000,1.50,-1.0369,-1.0553,-1.0737,2017-10-26 15:00:00,2017-10-26 15:00:00,2017-10-26 15:00:00
control,train,1,2017-11-06 16:00:00,2017-11-06 14:00:00,2017-11-07 08:00:00,SL,1.15854,1.15571,1.16279,TP_cap,28.3,12.81,26,1,1,0.5189,2.30,0.4377,0.3971,0.3564,2017-11-06 14:00:00,2017-11-06 14:00:00,2017-11-06 14:00:00
control,train,1,2017-11-07 11:00:00,2017-11-07 09:00:00,2017-11-08 01:00:00,TP,1.15659,1.15414,1.16027,TP_cap,24.5,16.02,33,1,1,1.5000,2.30,1.4062,1.3593,1.3124,2017-11-07 09:00:00,2017-11-07 09:00:00,2017-11-07 09:00:00
control,train,-1,2017-11-09 14:00:00,2017-11-09 12:00:00,2017-11-09 15:00:00,TP,1.16399,1.16643,1.16046,TP_mean,24.4,9.11,19,0,0,1.4467,1.50,1.3851,1.3544,1.3236,2017-11-09 12:00:00,2017-11-09 12:00:00,2017-11-09 12:00:00
control,train,-1,2017-11-14 10:00:00,2017-11-14 08:00:00,2017-11-14 10:00:00,SL,1.16892,1.17086,1.16601,TP_cap,19.4,11.19,23,0,0,-1.0000,1.50,-1.0773,-1.1160,-1.1546,2017-11-14 08:00:00,2017-11-14 08:00:00,2017-11-14 08:00:00
control,train,-1,2017-11-16 09:00:00,2017-11-16 07:00:00,2017-11-16 10:00:00,SL,1.17997,1.18246,1.17623,TP_cap,24.9,23.53,48,0,0,0.4803,1.50,0.4200,0.3899,0.3598,2017-11-16 07:00:00,2017-11-16 07:00:00,2017-11-16 07:00:00
control,train,-1,2017-11-24 16:00:00,2017-11-24 14:00:00,2017-11-24 17:00:00,SL,1.18964,1.19224,1.18573,TP_cap,26.0,nan,nan,0,0,-1.0000,1.50,-1.0576,-1.0864,-1.1152,2017-11-24 14:00:00,2017-11-24 14:00:00,2017-11-24 14:00:00
control,train,-1,2017-11-27 11:00:00,2017-11-27 09:00:00,2017-11-27 19:00:00,TP,1.19385,1.19655,1.18979,TP_cap,27.0,50.66,102,0,0,1.5000,1.50,1.4445,1.4168,1.3890,2017-11-27 09:00:00,2017-11-27 09:00:00,2017-11-27 09:00:00
control,train,1,2017-12-06 16:00:00,2017-12-06 14:00:00,2017-12-07 08:00:00,TIME_STOP,1.18078,1.17795,1.18503,TP_cap,28.3,7.52,16,1,3,-0.5476,3.90,-0.6853,-0.7542,-0.8231,2017-12-06 14:00:00,2017-12-06 14:00:00,2017-12-06 14:00:00
control,train,1,2017-12-07 13:00:00,2017-12-07 11:00:00,2017-12-07 20:00:00,TP,1.17796,1.17573,1.18131,TP_cap,22.3,9.36,19,0,0,1.5000,1.50,1.4328,1.3991,1.3655,2017-12-07 11:00:00,2017-12-07 11:00:00,2017-12-07 11:00:00
control,train,1,2017-12-08 09:00:00,2017-12-08 07:00:00,2017-12-08 14:00:00,SL,1.17520,1.17314,1.17828,TP_cap,20.6,10.57,22,0,0,-1.0000,1.50,-1.0729,-1.1094,-1.1459,2017-12-08 07:00:00,2017-12-08 07:00:00,2017-12-08 07:00:00
control,train,-1,2017-12-20 11:00:00,2017-12-20 09:00:00,2017-12-20 17:00:00,SL,1.18473,1.18694,1.18141,TP_cap,22.1,9.90,20,0,0,-1.0000,1.50,-1.0679,-1.1018,-1.1357,2017-12-20 09:00:00,2017-12-20 09:00:00,2017-12-20 09:00:00
control,train,-1,2017-12-21 11:00:00,2017-12-21 09:00:00,2017-12-21 18:00:00,SL,1.18789,1.18997,1.18477,TP_cap,20.8,26.52,54,0,0,0.2821,1.50,0.2101,0.1741,0.1380,2017-12-21 09:00:00,2017-12-21 09:00:00,2017-12-21 09:00:00
control,train,-1,2017-12-28 09:00:00,2017-12-28 07:00:00,2017-12-28 18:00:00,SL,1.19322,1.19511,1.19038,TP_cap,18.9,10.69,22,0,0,-1.0000,1.50,-1.0793,-1.1189,-1.1585,2017-12-28 07:00:00,2017-12-28 07:00:00,2017-12-28 07:00:00
control,train,-1,2018-01-04 17:00:00,2018-01-04 15:00:00,2018-01-05 15:00:00,SL,1.20822,1.21114,1.20384,TP_cap,29.2,20.99,42,1,1,0.8163,2.30,0.7375,0.6981,0.6587,2018-01-04 15:00:00,2018-01-04 15:00:00,2018-01-04 15:00:00
control,train,1,2018-01-09 13:00:00,2018-01-09 11:00:00,2018-01-10 07:00:00,SL,1.19277,1.19030,1.19648,TP_cap,24.7,126.70,254,1,1,0.3004,2.30,0.2074,0.1609,0.1144,2018-01-09 11:00:00,2018-01-09 11:00:00,2018-01-09 11:00:00
control,train,-1,2018-01-11 17:00:00,2018-01-11 15:00:00,2018-01-12 10:00:00,SL,1.20477,1.20881,1.19871,TP_cap,40.4,47.85,96,1,1,-1.0000,2.30,-1.0570,-1.0855,-1.1139,2018-01-11 15:00:00,2018-01-11 15:00:00,2018-01-11 15:00:00
control,train,-1,2018-01-15 11:00:00,2018-01-15 09:00:00,2018-01-15 12:00:00,SL,1.22314,1.22736,1.21681,TP_cap,42.2,nan,nan,0,0,-1.0000,1.50,-1.0356,-1.0533,-1.0711,2018-01-15 09:00:00,2018-01-15 09:00:00,2018-01-15 09:00:00
control,train,-1,2018-01-23 17:00:00,2018-01-23 15:00:00,2018-01-24 00:00:00,TIME_STOP,1.22785,1.23154,1.22426,TP_mean,36.9,3.07,7,1,1,-0.5257,2.30,-0.5880,-0.6192,-0.6503,2018-01-23 15:00:00,2018-01-23 15:00:00,2018-01-23 15:00:00
control,train,-1,2018-01-26 09:00:00,2018-01-26 07:00:00,2018-01-29 08:00:00,SL,1.24505,1.25083,1.23637,TP_cap,57.8,12.51,26,1,1,0.4229,2.30,0.3831,0.3632,0.3434,2018-01-26 07:00:00,2018-01-26 07:00:00,2018-01-26 07:00:00
control,train,-1,2018-02-02 10:00:00,2018-02-02 08:00:00,2018-02-02 15:00:00,TP,1.25097,1.25435,1.24590,TP_cap,33.8,18.78,38,0,0,1.5000,1.50,1.4557,1.4335,1.4113,2018-02-02 08:00:00,2018-02-02 08:00:00,2018-02-02 08:00:00
control,train,1,2018-02-06 15:00:00,2018-02-06 13:00:00,2018-02-07 10:00:00,SL,1.23398,1.22878,1.24178,TP_cap,52.0,53.06,107,1,1,0.6369,2.30,0.5927,0.5706,0.5485,2018-02-06 13:00:00,2018-02-06 13:00:00,2018-02-06 13:00:00
control,train,1,2018-02-08 09:00:00,2018-02-08 07:00:00,2018-02-08 14:00:00,SL,1.22638,1.22249,1.23222,TP_cap,38.9,21.71,44,0,0,-1.0000,1.50,-1.0386,-1.0578,-1.0771,2018-02-08 07:00:00,2018-02-08 07:00:00,2018-02-08 07:00:00
control,train,1,2018-02-09 14:00:00,2018-02-09 12:00:00,2018-02-09 16:00:00,SL,1.22406,1.22015,1.22992,TP_cap,39.1,9.71,20,0,0,0.2816,1.50,0.2432,0.2240,0.2048,2018-02-09 12:00:00,2018-02-09 12:00:00,2018-02-09 12:00:00
control,train,-1,2018-02-15 10:00:00,2018-02-15 08:00:00,2018-02-16 04:00:00,SL,1.25003,1.25436,1.24354,TP_cap,43.3,61.60,124,1,1,-1.0000,2.30,-1.0531,-1.0797,-1.1063,2018-02-15 08:00:00,2018-02-15 08:00:00,2018-02-15 08:00:00
control,train,1,2018-02-28 10:00:00,2018-02-28 08:00:00,2018-02-28 17:00:00,SL,1.22238,1.21936,1.22691,TP_cap,30.2,12.15,25,0,0,-1.0000,1.50,-1.0497,-1.0745,-1.0993,2018-02-28 08:00:00,2018-02-28 08:00:00,2018-02-28 08:00:00
control,train,1,2018-03-01 12:00:00,2018-03-01 10:00:00,2018-03-01 17:00:00,SL,1.21815,1.21546,1.22218,TP_cap,26.9,36.25,73,0,0,-1.0000,1.50,-1.0558,-1.0837,-1.1116,2018-03-01 10:00:00,2018-03-01 10:00:00,2018-03-01 10:00:00
control,train,1,2018-03-16 17:00:00,2018-03-16 15:00:00,2018-03-19 02:00:00,SL,1.22615,1.22313,1.23068,TP_cap,30.2,53.55,108,1,1,0.3598,2.30,0.2837,0.2457,0.2076,2018-03-16 15:00:00,2018-03-16 15:00:00,2018-03-16 15:00:00
control,train,-1,2018-03-26 13:00:00,2018-03-26 10:00:00,2018-03-26 17:00:00,SL,1.24058,1.24393,1.23555,TP_cap,33.5,33.81,68,0,0,-1.0000,1.50,-1.0447,-1.0671,-1.0894,2018-03-26 10:00:00,2018-03-26 10:00:00,2018-03-26 10:00:00
control,train,1,2018-04-03 17:00:00,2018-04-03 14:00:00,2018-04-04 07:00:00,TIME_STOP,1.22580,1.22259,1.23062,TP_cap,32.1,6.77,14,1,1,0.7568,2.30,0.6852,0.6493,0.6135,2018-04-03 14:00:00,2018-04-03 14:00:00,2018-04-03 14:00:00
control,train,1,2018-04-05 10:00:00,2018-04-05 07:00:00,2018-04-05 15:00:00,SL,1.22632,1.22404,1.22971,TP_mean,22.8,4.09,9,0,0,-1.0000,1.50,-1.0659,-1.0988,-1.1317,2018-04-05 07:00:00,2018-04-05 07:00:00,2018-04-05 07:00:00
control,train,1,2018-04-06 10:00:00,2018-04-06 07:00:00,2018-04-06 16:00:00,TP,1.22356,1.22120,1.22710,TP_cap,23.6,3.90,8,0,0,1.5000,1.50,1.4364,1.4045,1.3727,2018-04-06 07:00:00,2018-04-06 07:00:00,2018-04-06 07:00:00
control,train,-1,2018-04-09 16:00:00,2018-04-09 13:00:00,2018-04-10 14:00:00,SL,1.23132,1.23424,1.22736,TP_mean,29.2,12.93,26,1,1,-1.0000,2.30,-1.0788,-1.1182,-1.1575,2018-04-09 13:00:00,2018-04-09 13:00:00,2018-04-09 13:00:00
control,train,-1,2018-04-10 17:00:00,2018-04-10 14:00:00,2018-04-10 21:00:00,SL,1.23650,1.23984,1.23149,TP_cap,33.4,558.27,1117,0,0,0.1747,1.50,0.1298,0.1074,0.0849,2018-04-10 14:00:00,2018-04-10 14:00:00,2018-04-10 14:00:00
control,train,-1,2018-04-18 16:00:00,2018-04-18 13:00:00,2018-04-19 06:00:00,SL,1.23915,1.24189,1.23565,TP_mean,27.4,8.67,18,1,3,0.3504,3.90,0.2081,0.1370,0.0659,2018-04-18 13:00:00,2018-04-18 13:00:00,2018-04-18 13:00:00
control,train,1,2018-04-20 11:00:00,2018-04-20 08:00:00,2018-04-20 12:00:00,SL,1.23250,1.22992,1.23633,TP_mean,25.8,13.67,28,0,0,-1.0000,1.50,-1.0582,-1.0873,-1.1164,2018-04-20 08:00:00,2018-04-20 08:00:00,2018-04-20 08:00:00
control,train,1,2018-04-23 11:00:00,2018-04-23 08:00:00,2018-04-23 11:00:00,SL,1.22644,1.22382,1.23037,TP_cap,26.2,71.90,144,0,0,-1.0000,1.50,-1.0573,-1.0860,-1.1146,2018-04-23 08:00:00,2018-04-23 08:00:00,2018-04-23 08:00:00
control,train,1,2018-04-24 10:00:00,2018-04-24 07:00:00,2018-04-24 18:00:00,SL,1.22021,1.21780,1.22382,TP_cap,24.1,58.27,117,0,0,0.4359,1.50,0.3735,0.3424,0.3112,2018-04-24 07:00:00,2018-04-24 07:00:00,2018-04-24 07:00:00
control,train,1,2018-04-25 11:00:00,2018-04-25 08:00:00,2018-04-25 23:00:00,SL,1.21879,1.21631,1.22251,TP_cap,24.8,15.79,32,0,0,-1.0000,1.50,-1.0605,-1.0907,-1.1210,2018-04-25 08:00:00,2018-04-25 08:00:00,2018-04-25 08:00:00
control,train,1,2018-04-26 15:00:00,2018-04-26 12:00:00,2018-04-26 15:00:00,TP,1.21568,1.21256,1.22036,TP_cap,31.2,6.94,14,0,0,1.5000,1.50,1.4519,1.4279,1.4039,2018-04-26 12:00:00,2018-04-26 12:00:00,2018-04-26 12:00:00
control,train,1,2018-04-26 17:00:00,2018-04-26 14:00:00,2018-04-26 17:00:00,SL,1.21733,1.21330,1.22156,TP_mean,40.3,7.00,15,0,0,-1.0000,1.50,-1.0372,-1.0558,-1.0745,2018-04-26 14:00:00,2018-04-26 14:00:00,2018-04-26 14:00:00
control,train,1,2018-04-30 12:00:00,2018-04-30 09:00:00,2018-04-30 14:00:00,SL,1.21041,1.20745,1.21486,TP_cap,29.6,4.96,10,0,0,-1.0000,1.50,-1.0506,-1.0759,-1.1012,2018-04-30 09:00:00,2018-04-30 09:00:00,2018-04-30 09:00:00
control,train,1,2018-05-03 12:00:00,2018-05-03 09:00:00,2018-05-04 01:00:00,TIME_STOP,1.19860,1.19479,1.20397,TP_mean,38.1,6.15,13,1,1,0.0289,2.30,-0.0315,-0.0617,-0.0920,2018-05-03 09:00:00,2018-05-03 09:00:00,2018-05-03 09:00:00
control,train,1,2018-05-04 10:00:00,2018-05-04 07:00:00,2018-05-04 16:00:00,SL,1.19657,1.19374,1.20082,TP_cap,28.3,6.05,13,0,0,-1.0000,1.50,-1.0530,-1.0795,-1.1060,2018-05-04 07:00:00,2018-05-04 07:00:00,2018-05-04 07:00:00
control,train,1,2018-05-07 14:00:00,2018-05-07 11:00:00,2018-05-08 07:00:00,TIME_STOP,1.19170,1.18876,1.19611,TP_cap,29.4,8.01,17,1,1,-0.0612,2.30,-0.1395,-0.1786,-0.2178,2018-05-07 11:00:00,2018-05-07 11:00:00,2018-05-07 11:00:00
control,train,1,2018-05-08 12:00:00,2018-05-08 09:00:00,2018-05-08 16:00:00,SL,1.18883,1.18572,1.19350,TP_cap,31.1,4.93,10,0,0,-1.0000,1.50,-1.0482,-1.0723,-1.0965,2018-05-08 09:00:00,2018-05-08 09:00:00,2018-05-08 09:00:00
control,train,1,2018-05-09 17:00:00,2018-05-09 14:00:00,2018-05-09 19:00:00,SL,1.18782,1.18455,1.19214,TP_mean,32.7,5.72,12,0,0,-1.0000,1.50,-1.0459,-1.0688,-1.0918,2018-05-09 14:00:00,2018-05-09 14:00:00,2018-05-09 14:00:00
control,train,1,2018-05-10 11:00:00,2018-05-10 08:00:00,2018-05-10 15:00:00,SL,1.18594,1.18295,1.18989,TP_mean,29.9,5.32,11,0,0,0.3885,1.50,0.3383,0.3132,0.2882,2018-05-10 08:00:00,2018-05-10 08:00:00,2018-05-10 08:00:00
control,train,1,2018-05-16 14:00:00,2018-05-16 11:00:00,2018-05-17 09:00:00,SL,1.17912,1.17525,1.18493,TP_cap,38.7,276.94,554,1,3,0.5559,3.90,0.4553,0.4049,0.3546,2018-05-16 11:00:00,2018-05-16 11:00:00,2018-05-16 11:00:00
control,train,1,2018-05-21 10:00:00,2018-05-21 07:00:00,2018-05-21 15:00:00,TP,1.17285,1.17020,1.17683,TP_cap,26.5,5.57,12,0,0,1.5000,1.50,1.4434,1.4151,1.3868,2018-05-21 07:00:00,2018-05-21 07:00:00,2018-05-21 07:00:00
control,train,1,2018-05-21 18:00:00,2018-05-21 15:00:00,2018-05-21 23:00:00,TP,1.17521,1.17189,1.17953,TP_mean,33.2,2.94,6,0,0,1.3019,1.50,1.2567,1.2341,1.2115,2018-05-21 15:00:00,2018-05-21 15:00:00,2018-05-21 15:00:00
control,train,1,2018-05-23 11:00:00,2018-05-23 08:00:00,2018-05-23 21:00:00,SL,1.17117,1.16761,1.17651,TP_cap,35.6,10.00,20,0,0,-1.0000,1.50,-1.0421,-1.0632,-1.0842,2018-05-23 08:00:00,2018-05-23 08:00:00,2018-05-23 08:00:00
control,train,1,2018-05-25 11:00:00,2018-05-25 08:00:00,2018-05-25 11:00:00,TP,1.16888,1.16643,1.17256,TP_cap,24.5,7.38,15,0,0,1.5000,1.50,1.4389,1.4083,1.3778,2018-05-25 08:00:00,2018-05-25 08:00:00,2018-05-25 08:00:00
control,train,1,2018-05-25 15:00:00,2018-05-25 12:00:00,2018-05-28 03:00:00,TIME_STOP,1.16684,1.16321,1.17229,TP_cap,36.3,5.60,12,1,1,0.5585,2.30,0.4953,0.4636,0.4320,2018-05-25 12:00:00,2018-05-25 12:00:00,2018-05-25 12:00:00
control,train,1,2018-05-28 14:00:00,2018-05-28 11:00:00,2018-05-28 15:00:00,SL,1.16573,1.16206,1.17124,TP_cap,36.7,6.26,13,0,0,-1.0000,1.50,-1.0408,-1.0612,-1.0816,2018-05-28 11:00:00,2018-05-28 11:00:00,2018-05-28 11:00:00
control,train,-1,2018-06-06 11:00:00,2018-06-06 08:00:00,2018-06-06 19:00:00,TIME_STOP,1.17607,1.17968,1.17066,TP_cap,36.1,3.84,8,0,0,-0.4602,1.50,-0.5018,-0.5226,-0.5434,2018-06-06 08:00:00,2018-06-06 08:00:00,2018-06-06 08:00:00
control,train,1,2018-06-14 16:00:00,2018-06-14 13:00:00,2018-06-14 17:00:00,SL,1.16884,1.16417,1.17585,TP_cap,46.7,10.12,21,0,0,-1.0000,1.50,-1.0321,-1.0482,-1.0642,2018-06-14 13:00:00,2018-06-14 13:00:00,2018-06-14 13:00:00
control,train,-1,2018-07-05 10:00:00,2018-07-05 07:00:00,2018-07-05 18:00:00,TIME_STOP,1.16968,1.17241,1.16559,TP_cap,27.3,3.98,8,0,0,-0.1907,1.50,-0.2457,-0.2732,-0.3008,2018-07-05 07:00:00,2018-07-05 07:00:00,2018-07-05 07:00:00
control,train,-1,2018-07-06 10:00:00,2018-07-06 07:00:00,2018-07-06 15:00:00,SL,1.17210,1.17470,1.16820,TP_cap,26.0,4.99,10,0,0,-1.0000,1.50,-1.0577,-1.0865,-1.1154,2018-07-06 07:00:00,2018-07-06 07:00:00,2018-07-06 07:00:00
control,train,1,2018-07-19 14:00:00,2018-07-19 11:00:00,2018-07-19 20:00:00,TP,1.15954,1.15674,1.16374,TP_cap,28.0,24.99,50,0,0,1.5000,1.50,1.4464,1.4196,1.3928,2018-07-19 11:00:00,2018-07-19 11:00:00,2018-07-19 11:00:00
control,train,1,2018-08-02 12:00:00,2018-08-02 09:00:00,2018-08-02 20:00:00,SL,1.16196,1.15990,1.16505,TP_cap,20.6,34.56,70,0,0,-1.0000,1.50,-1.0728,-1.1093,-1.1457,2018-08-02 09:00:00,2018-08-02 09:00:00,2018-08-02 09:00:00
control,train,1,2018-08-03 10:00:00,2018-08-03 07:00:00,2018-08-03 14:00:00,TP,1.15779,1.15585,1.16070,TP_cap,19.4,nan,nan,0,0,1.5000,1.50,1.4228,1.3842,1.3456,2018-08-03 07:00:00,2018-08-03 07:00:00,2018-08-03 07:00:00
control,train,1,2018-08-03 17:00:00,2018-08-03 14:00:00,2018-08-06 13:00:00,SL,1.15719,1.15415,1.16175,TP_cap,30.4,1308.04,2617,1,1,-1.0000,2.30,-1.0756,-1.1134,-1.1512,2018-08-03 14:00:00,2018-08-03 14:00:00,2018-08-03 14:00:00
control,train,1,2018-08-10 10:00:00,2018-08-10 07:00:00,2018-08-10 16:00:00,SL,1.14680,1.14309,1.15237,TP_cap,37.1,44.22,89,0,0,-1.0000,1.50,-1.0404,-1.0606,-1.0808,2018-08-10 07:00:00,2018-08-10 07:00:00,2018-08-10 07:00:00
control,train,1,2018-08-15 12:00:00,2018-08-15 09:00:00,2018-08-16 04:00:00,TP,1.13249,1.12952,1.13694,TP_cap,29.7,13.07,27,1,3,1.5000,3.90,1.3685,1.3028,1.2371,2018-08-15 09:00:00,2018-08-15 09:00:00,2018-08-15 09:00:00
control,train,-1,2018-08-21 12:00:00,2018-08-21 09:00:00,2018-08-21 16:00:00,SL,1.15334,1.15666,1.14836,TP_cap,33.2,42.57,86,0,0,0.2773,1.50,0.2321,0.2095,0.1870,2018-08-21 09:00:00,2018-08-21 09:00:00,2018-08-21 09:00:00
control,train,-1,2018-08-22 10:00:00,2018-08-22 07:00:00,2018-08-22 12:00:00,SL,1.15652,1.15940,1.15220,TP_cap,28.8,28.71,58,0,0,-1.0000,1.50,-1.0521,-1.0781,-1.1041,2018-08-22 07:00:00,2018-08-22 07:00:00,2018-08-22 07:00:00
control,train,-1,2018-08-23 14:00:00,2018-08-23 11:00:00,2018-08-23 20:00:00,TP,1.15880,1.16224,1.15364,TP_cap,34.4,14.31,29,0,0,1.5000,1.50,1.4564,1.4346,1.4129,2018-08-23 11:00:00,2018-08-23 11:00:00,2018-08-23 11:00:00
control,train,-1,2018-08-27 18:00:00,2018-08-27 15:00:00,2018-08-28 12:00:00,SL,1.16701,1.17039,1.16194,TP_cap,33.8,20.83,42,1,1,-1.0000,2.30,-1.0681,-1.1021,-1.1361,2018-08-27 15:00:00,2018-08-27 15:00:00,2018-08-27 15:00:00
control,train,-1,2018-08-29 18:00:00,2018-08-29 15:00:00,2018-08-30 16:00:00,TP,1.16932,1.17236,1.16476,TP_cap,30.4,11.01,23,1,3,1.5000,3.90,1.3717,1.3075,1.2434,2018-08-29 15:00:00,2018-08-29 15:00:00,2018-08-29 15:00:00
control,train,1,2018-09-04 17:00:00,2018-09-04 14:00:00,2018-09-04 19:00:00,TP,1.15418,1.15167,1.15795,TP_cap,25.1,51.62,104,0,0,1.5000,1.50,1.4403,1.4105,1.3807,2018-09-04 14:00:00,2018-09-04 14:00:00,2018-09-04 14:00:00
control,train,-1,2018-09-13 16:00:00,2018-09-13 13:00:00,2018-09-14 10:00:00,SL,1.16787,1.17112,1.16299,TP_cap,32.5,14.88,30,1,1,-1.0000,2.30,-1.0708,-1.1061,-1.1415,2018-09-13 13:00:00,2018-09-13 13:00:00,2018-09-13 13:00:00
control,train,-1,2018-09-14 14:00:00,2018-09-14 11:00:00,2018-09-14 16:00:00,TP,1.17010,1.17255,1.16642,TP_cap,24.5,14.29,29,0,0,1.5000,1.50,1.4388,1.4082,1.3776,2018-09-14 11:00:00,2018-09-14 11:00:00,2018-09-14 11:00:00
control,train,-1,2018-09-20 14:00:00,2018-09-20 11:00:00,2018-09-20 14:00:00,SL,1.17203,1.17484,1.16782,TP_cap,28.1,6.30,13,0,0,-1.0000,1.50,-1.0534,-1.0801,-1.1069,2018-09-20 11:00:00,2018-09-20 11:00:00,2018-09-20 11:00:00
control,train,-1,2018-09-24 17:00:00,2018-09-24 14:00:00,2018-09-24 22:00:00,TP,1.17982,1.18318,1.17478,TP_cap,33.6,13.36,27,0,0,1.5000,1.50,1.4554,1.4331,1.4108,2018-09-24 14:00:00,2018-09-24 14:00:00,2018-09-24 14:00:00
control,train,1,2018-09-27 16:00:00,2018-09-27 13:00:00,2018-09-28 01:00:00,SL,1.16744,1.16351,1.17334,TP_cap,39.3,12.73,26,1,1,-1.0000,2.30,-1.0585,-1.0877,-1.1169,2018-09-27 13:00:00,2018-09-27 13:00:00,2018-09-27 13:00:00
control,train,1,2018-09-28 10:00:00,2018-09-28 07:00:00,2018-09-28 12:00:00,SL,1.16257,1.15982,1.16670,TP_cap,27.5,138.61,278,0,0,-1.0000,1.50,-1.0545,-1.0818,-1.1091,2018-09-28 07:00:00,2018-09-28 07:00:00,2018-09-28 07:00:00
control,train,1,2018-10-01 10:00:00,2018-10-01 07:00:00,2018-10-01 12:00:00,TP,1.15803,1.15557,1.16172,TP_cap,24.6,68.16,137,0,0,1.5000,1.50,1.4391,1.4086,1.3782,2018-10-01 07:00:00,2018-10-01 07:00:00,2018-10-01 07:00:00
control,train,1,2018-10-02 10:00:00,2018-10-02 07:00:00,2018-10-02 11:00:00,SL,1.15379,1.15140,1.15737,TP_cap,23.9,18.06,37,0,0,-1.0000,1.50,-1.0629,-1.0943,-1.1257,2018-10-02 07:00:00,2018-10-02 07:00:00,2018-10-02 07:00:00
control,train,1,2018-10-03 16:00:00,2018-10-03 13:00:00,2018-10-03 23:00:00,SL,1.15290,1.14979,1.15756,TP_cap,31.1,9.78,20,0,0,-1.0000,1.50,-1.0483,-1.0724,-1.0965,2018-10-03 13:00:00,2018-10-03 13:00:00,2018-10-03 13:00:00
control,train,1,2018-10-09 14:00:00,2018-10-09 11:00:00,2018-10-09 20:00:00,TP,1.14486,1.14202,1.14911,TP_cap,28.4,12.12,25,0,0,1.5000,1.50,1.4471,1.4207,1.3942,2018-10-09 11:00:00,2018-10-09 11:00:00,2018-10-09 11:00:00
control,train,-1,2018-10-11 14:00:00,2018-10-11 11:00:00,2018-10-12 04:00:00,SL,1.15724,1.16027,1.15269,TP_cap,30.3,33.11,67,1,1,-1.0000,2.30,-1.0758,-1.1137,-1.1517,2018-10-11 11:00:00,2018-10-11 11:00:00,2018-10-11 11:00:00
control,train,1,2018-10-24 12:00:00,2018-10-24 09:00:00,2018-10-24 15:00:00,SL,1.14157,1.13861,1.14601,TP_cap,29.6,14.08,29,0,0,-1.0000,1.50,-1.0507,-1.0761,-1.1014,2018-10-24 09:00:00,2018-10-24 09:00:00,2018-10-24 09:00:00
control,train,1,2018-10-25 11:00:00,2018-10-25 08:00:00,2018-10-25 16:00:00,SL,1.14001,1.13764,1.14357,TP_cap,23.7,10.74,22,0,0,0.5727,1.50,0.5095,0.4780,0.4464,2018-10-25 08:00:00,2018-10-25 08:00:00,2018-10-25 08:00:00
control,train,1,2018-10-31 15:00:00,2018-10-31 13:00:00,2018-11-01 07:00:00,TIME_STOP,1.13219,1.12958,1.13610,TP_cap,26.1,7.80,16,1,3,0.8052,3.90,0.6557,0.5809,0.5061,2018-10-31 13:00:00,2018-10-31 13:00:00,2018-10-31 13:00:00
control,train,-1,2018-11-01 17:00:00,2018-11-01 15:00:00,2018-11-02 09:00:00,SL,1.14082,1.14396,1.13673,TP_mean,31.4,10.49,21,1,1,-1.0000,2.30,-1.0733,-1.1100,-1.1466,2018-11-01 15:00:00,2018-11-01 15:00:00,2018-11-01 15:00:00
control,train,-1,2018-11-02 12:00:00,2018-11-02 10:00:00,2018-11-02 17:00:00,TP,1.14377,1.14662,1.13950,TP_cap,28.5,86.89,174,0,0,1.5000,1.50,1.4473,1.4210,1.3946,2018-11-02 10:00:00,2018-11-02 10:00:00,2018-11-02 10:00:00
control,train,-1,2018-11-07 10:00:00,2018-11-07 08:00:00,2018-11-07 12:00:00,SL,1.14528,1.14971,1.14079,TP_mean,44.3,3.51,8,0,0,-1.0000,1.50,-1.0339,-1.0508,-1.0677,2018-11-07 08:00:00,2018-11-07 08:00:00,2018-11-07 08:00:00
control,train,1,2018-11-09 10:00:00,2018-11-09 08:00:00,2018-11-12 07:00:00,SL,1.13363,1.13096,1.13763,TP_cap,26.7,49.35,99,1,1,-1.0000,2.30,-1.0862,-1.1293,-1.1724,2018-11-09 08:00:00,2018-11-09 08:00:00,2018-11-09 08:00:00
control,train,1,2018-11-12 09:00:00,2018-11-12 07:00:00,2018-11-12 10:00:00,SL,1.12725,1.12435,1.13160,TP_cap,29.0,744.02,1489,0,0,-1.0000,1.50,-1.0517,-1.0775,-1.1033,2018-11-12 07:00:00,2018-11-12 07:00:00,2018-11-12 07:00:00
control,train,1,2018-11-12 17:00:00,2018-11-12 15:00:00,2018-11-12 22:00:00,SL,1.12642,1.12341,1.13094,TP_cap,30.1,120.32,241,0,0,-1.0000,1.50,-1.0498,-1.0747,-1.0996,2018-11-12 15:00:00,2018-11-12 15:00:00,2018-11-12 15:00:00
control,train,-1,2018-11-20 10:00:00,2018-11-20 08:00:00,2018-11-20 11:00:00,TP,1.14573,1.14801,1.14231,TP_cap,22.8,14.49,29,0,0,1.5000,1.50,1.4343,1.4014,1.3685,2018-11-20 08:00:00,2018-11-20 08:00:00,2018-11-20 08:00:00
control,train,1,2018-11-27 10:00:00,2018-11-27 08:00:00,2018-11-27 18:00:00,SL,1.13114,1.12870,1.13480,TP_cap,24.4,16.31,33,0,0,-1.0000,1.50,-1.0615,-1.0923,-1.1231,2018-11-27 08:00:00,2018-11-27 08:00:00,2018-11-27 08:00:00
control,train,1,2018-11-28 10:00:00,2018-11-28 08:00:00,2018-11-28 19:00:00,TP,1.12779,1.12551,1.13121,TP_cap,22.8,16.45,33,0,0,1.5000,1.50,1.4342,1.4014,1.3685,2018-11-28 08:00:00,2018-11-28 08:00:00,2018-11-28 08:00:00
control,train,-1,2018-12-06 17:00:00,2018-12-06 15:00:00,2018-12-07 06:00:00,TIME_STOP,1.13942,1.14266,1.13528,TP_mean,32.4,6.37,13,1,1,0.5317,2.30,0.4606,0.4250,0.3895,2018-12-06 15:00:00,2018-12-06 15:00:00,2018-12-06 15:00:00
control,train,-1,2018-12-10 09:00:00,2018-12-10 07:00:00,2018-12-10 17:00:00,TP,1.14283,1.14581,1.13836,TP_cap,29.8,13.14,27,0,0,1.5000,1.50,1.4496,1.4244,1.3992,2018-12-10 07:00:00,2018-12-10 07:00:00,2018-12-10 07:00:00
control,train,1,2018-12-14 11:00:00,2018-12-14 09:00:00,2018-12-17 06:00:00,TIME_STOP,1.12872,1.12560,1.13340,TP_cap,31.2,9.20,19,1,1,0.7185,2.30,0.6447,0.6078,0.5709,2018-12-14 09:00:00,2018-12-14 09:00:00,2018-12-14 09:00:00
control,train,-1,2018-12-19 17:00:00,2018-12-19 15:00:00,2018-12-19 21:00:00,TP,1.14291,1.14584,1.13851,TP_cap,29.3,44.65,90,0,0,1.5000,1.50,1.4489,1.4233,1.3977,2018-12-19 15:00:00,2018-12-19 15:00:00,2018-12-19 15:00:00
control,train,-1,2018-12-20 12:00:00,2018-12-20 10:00:00,2018-12-20 17:00:00,TP,1.14777,1.15145,1.14225,TP_cap,36.8,66.74,134,0,0,1.5000,1.50,1.4592,1.4388,1.4184,2018-12-20 10:00:00,2018-12-20 10:00:00,2018-12-20 10:00:00
control,train,-1,2018-12-21 10:00:00,2018-12-21 08:00:00,2018-12-21 11:00:00,TP,1.14686,1.14983,1.14241,TP_cap,29.7,9.18,19,0,0,1.5000,1.50,1.4495,1.4242,1.3989,2018-12-21 08:00:00,2018-12-21 08:00:00,2018-12-21 08:00:00
control,train,-1,2019-01-02 09:00:00,2019-01-02 07:00:00,2019-01-02 10:00:00,TP,1.14848,1.15187,1.14340,TP_cap,33.9,11.16,23,0,0,1.5000,1.50,1.4557,1.4335,1.4114,2019-01-02 07:00:00,2019-01-02 07:00:00,2019-01-02 07:00:00
control,train,-1,2019-01-09 17:00:00,2019-01-09 15:00:00,2019-01-10 03:00:00,SL,1.15239,1.15588,1.14715,TP_cap,34.9,11.13,23,1,3,-1.0000,3.90,-1.1117,-1.1676,-1.2235,2019-01-09 15:00:00,2019-01-09 15:00:00,2019-01-09 15:00:00
control,train,1,2019-01-22 16:00:00,2019-01-22 14:00:00,2019-01-22 19:00:00,TP,1.13453,1.13291,1.13696,TP_cap,16.2,11.21,23,0,0,1.5000,1.50,1.4074,1.3611,1.3149,2019-01-22 14:00:00,2019-01-22 14:00:00,2019-01-22 14:00:00
control,train,1,2019-01-24 16:00:00,2019-01-24 14:00:00,2019-01-24 16:00:00,TP,1.13349,1.13056,1.13653,TP_mean,29.3,12.12,25,0,0,1.0346,1.50,0.9835,0.9579,0.9323,2019-01-24 14:00:00,2019-01-24 14:00:00,2019-01-24 14:00:00
control,train,-1,2019-01-31 09:00:00,2019-01-31 07:00:00,2019-01-31 14:00:00,SL,1.14999,1.15245,1.14631,TP_cap,24.6,8.58,18,0,0,0.2984,1.50,0.2374,0.2068,0.1763,2019-01-31 07:00:00,2019-01-31 07:00:00,2019-01-31 07:00:00
control,train,1,2019-02-07 09:00:00,2019-02-07 07:00:00,2019-02-07 10:00:00,SL,1.13657,1.13518,1.13865,TP_cap,13.9,37.14,75,0,0,-1.0000,1.50,-1.1083,-1.1624,-1.2166,2019-02-07 07:00:00,2019-02-07 07:00:00,2019-02-07 07:00:00
control,train,1,2019-02-08 09:00:00,2019-02-08 07:00:00,2019-02-08 10:00:00,SL,1.13379,1.13231,1.13600,TP_cap,14.8,11.71,24,0,0,-1.0000,1.50,-1.1016,-1.1524,-1.2032,2019-02-08 07:00:00,2019-02-08 07:00:00,2019-02-08 07:00:00
control,train,-1,2019-02-26 16:00:00,2019-02-26 14:00:00,2019-02-26 17:00:00,TP,1.13720,1.13927,1.13487,TP_mean,20.7,3.57,8,0,0,1.1252,1.50,1.0527,1.0165,0.9802,2019-02-26 14:00:00,2019-02-26 14:00:00,2019-02-26 14:00:00
control,train,-1,2019-02-27 10:00:00,2019-02-27 08:00:00,2019-02-27 10:00:00,SL,1.13778,1.13959,1.13549,TP_mean,18.1,3.36,7,0,0,-1.0000,1.50,-1.0829,-1.1243,-1.1658,2019-02-27 08:00:00,2019-02-27 08:00:00,2019-02-27 08:00:00
control,train,-1,2019-02-28 12:00:00,2019-02-28 10:00:00,2019-02-28 13:00:00,SL,1.13907,1.14091,1.13652,TP_mean,18.4,5.10,11,0,0,-1.0000,1.50,-1.0814,-1.1221,-1.1628,2019-02-28 10:00:00,2019-02-28 10:00:00,2019-02-28 10:00:00
control,train,1,2019-03-04 13:00:00,2019-03-04 11:00:00,2019-03-04 17:00:00,SL,1.13372,1.13161,1.13689,TP_cap,21.1,17.82,36,0,0,-1.0000,1.50,-1.0710,-1.1065,-1.1420,2019-03-04 11:00:00,2019-03-04 11:00:00,2019-03-04 11:00:00
control,train,1,2019-03-07 15:00:00,2019-03-07 13:00:00,2019-03-07 15:00:00,SL,1.12882,1.12679,1.13186,TP_cap,20.3,9.61,20,0,0,-1.0000,1.50,-1.0741,-1.1111,-1.1481,2019-03-07 13:00:00,2019-03-07 13:00:00,2019-03-07 13:00:00
control,train,-1,2019-03-18 09:00:00,2019-03-18 07:00:00,2019-03-18 21:00:00,SL,1.13421,1.13601,1.13151,TP_cap,18.0,6.85,14,0,0,0.1742,1.50,0.0907,0.0490,0.0072,2019-03-18 07:00:00,2019-03-18 07:00:00,2019-03-18 07:00:00
control,train,-1,2019-03-19 11:00:00,2019-03-19 09:00:00,2019-03-20 05:00:00,TIME_STOP,1.13542,1.13693,1.13315,TP_cap,15.1,8.69,18,1,1,0.4621,2.30,0.3102,0.2343,0.1584,2019-03-19 09:00:00,2019-03-19 09:00:00,2019-03-19 09:00:00
control,train,-1,2019-03-20 13:00:00,2019-03-20 11:00:00,2019-03-20 20:00:00,TIME_STOP,1.13502,1.13664,1.13337,TP_mean,16.2,3.48,7,0,0,-0.3886,1.50,-0.4811,-0.5274,-0.5737,2019-03-20 11:00:00,2019-03-20 11:00:00,2019-03-20 11:00:00
control,train,1,2019-03-22 11:00:00,2019-03-22 09:00:00,2019-03-25 03:00:00,TIME_STOP,1.13023,1.12684,1.13532,TP_cap,33.9,7.27,15,1,1,-0.3714,2.30,-0.4392,-0.4730,-0.5069,2019-03-22 09:00:00,2019-03-22 09:00:00,2019-03-22 09:00:00
control,train,1,2019-03-28 10:00:00,2019-03-28 08:00:00,2019-03-28 15:00:00,SL,1.12380,1.12159,1.12711,TP_cap,22.1,3.63,8,0,0,-1.0000,1.50,-1.0679,-1.1019,-1.1359,2019-03-28 08:00:00,2019-03-28 08:00:00,2019-03-28 08:00:00
control,train,1,2019-04-02 10:00:00,2019-04-02 07:00:00,2019-04-02 19:00:00,TIME_STOP,1.12003,1.11832,1.12260,TP_cap,17.1,4.46,9,0,0,-0.8342,1.50,-0.9217,-0.9655,-1.0092,2019-04-02 07:00:00,2019-04-02 07:00:00,2019-04-02 07:00:00
control,train,-1,2019-04-08 16:00:00,2019-04-08 13:00:00,2019-04-09 11:00:00,SL,1.12608,1.12783,1.12345,TP_cap,17.5,13.77,28,1,1,-1.0000,2.30,-1.1311,-1.1967,-1.2623,2019-04-08 13:00:00,2019-04-08 13:00:00,2019-04-08 13:00:00
control,train,-1,2019-04-10 13:00:00,2019-04-10 10:00:00,2019-04-10 15:00:00,TP,1.12777,1.12934,1.12541,TP_cap,15.7,16.81,34,0,0,1.5000,1.50,1.4045,1.3568,1.3091,2019-04-10 10:00:00,2019-04-10 10:00:00,2019-04-10 10:00:00
control,train,-1,2019-04-11 14:00:00,2019-04-11 11:00:00,2019-04-11 15:00:00,TP,1.12833,1.13000,1.12584,TP_mean,16.7,8.34,17,0,0,1.4860,1.50,1.3964,1.3516,1.3068,2019-04-11 11:00:00,2019-04-11 11:00:00,2019-04-11 11:00:00
control,train,-1,2019-04-12 12:00:00,2019-04-12 09:00:00,2019-04-12 22:00:00,TIME_STOP,1.13051,1.13253,1.12748,TP_cap,20.2,4.73,10,0,0,0.4750,1.50,0.4008,0.3637,0.3265,2019-04-12 09:00:00,2019-04-12 09:00:00,2019-04-12 09:00:00
control,train,-1,2019-04-15 18:00:00,2019-04-15 15:00:00,2019-04-16 04:00:00,TIME_STOP,1.13079,1.13254,1.12841,TP_mean,17.5,4.58,10,1,1,0.1601,2.30,0.0286,-0.0372,-0.1029,2019-04-15 15:00:00,2019-04-15 15:00:00,2019-04-15 15:00:00
control,train,1,2019-04-18 12:00:00,2019-04-18 09:00:00,2019-04-18 15:00:00,SL,1.12603,1.12394,1.12916,TP_cap,20.9,38.54,78,0,0,-1.0000,1.50,-1.0719,-1.1079,-1.1438,2019-04-18 09:00:00,2019-04-18 09:00:00,2019-04-18 09:00:00
control,train,1,2019-04-23 17:00:00,2019-04-23 14:00:00,2019-04-23 17:00:00,SL,1.12101,1.11922,1.12369,TP_cap,17.9,14.75,30,0,0,-1.0000,1.50,-1.0838,-1.1258,-1.1677,2019-04-23 14:00:00,2019-04-23 14:00:00,2019-04-23 14:00:00
control,train,1,2019-04-24 10:00:00,2019-04-24 07:00:00,2019-04-24 16:00:00,SL,1.12076,1.11919,1.12312,TP_cap,15.7,10.96,22,0,0,-1.0000,1.50,-1.0954,-1.1431,-1.1908,2019-04-24 07:00:00,2019-04-24 07:00:00,2019-04-24 07:00:00
control,train,1,2019-04-26 11:00:00,2019-04-26 08:00:00,2019-04-26 15:00:00,SL,1.11404,1.11216,1.11686,TP_cap,18.8,22.00,45,0,0,-1.0000,1.50,-1.0798,-1.1197,-1.1596,2019-04-26 08:00:00,2019-04-26 08:00:00,2019-04-26 08:00:00
control,train,-1,2019-05-09 17:00:00,2019-05-09 14:00:00,2019-05-10 02:00:00,TIME_STOP,1.12346,1.12600,1.11964,TP_cap,25.4,4.17,9,1,1,0.6289,2.30,0.5385,0.4933,0.4481,2019-05-09 14:00:00,2019-05-09 14:00:00,2019-05-09 14:00:00
control,train,-1,2019-05-10 10:00:00,2019-05-10 07:00:00,2019-05-10 16:00:00,SL,1.12272,1.12469,1.12029,TP_mean,19.7,5.50,12,0,0,-1.0000,1.50,-1.0763,-1.1144,-1.1526,2019-05-10 07:00:00,2019-05-10 07:00:00,2019-05-10 07:00:00
control,train,-1,2019-05-13 16:00:00,2019-05-13 13:00:00,2019-05-13 18:00:00,TP,1.12570,1.12767,1.12275,TP_cap,19.7,7.83,16,0,0,1.5000,1.50,1.4237,1.3855,1.3474,2019-05-13 13:00:00,2019-05-13 13:00:00,2019-05-13 13:00:00
control,train,1,2019-05-15 15:00:00,2019-05-15 12:00:00,2019-05-15 17:00:00,TP,1.11813,1.11638,1.12076,TP_cap,17.5,25.33,51,0,0,1.5000,1.50,1.4143,1.3714,1.3286,2019-05-15 12:00:00,2019-05-15 12:00:00,2019-05-15 12:00:00
control,train,1,2019-05-17 18:00:00,2019-05-17 15:00:00,2019-05-21 01:00:00,TIME_STOP,1.11594,1.11404,1.11879,TP_cap,19.0,15.20,31,2,2,0.3681,3.10,0.2051,0.1236,0.0421,2019-05-17 15:00:00,2019-05-17 15:00:00,2019-05-17 15:00:00
control,train,1,2019-05-21 10:00:00,2019-05-21 07:00:00,2019-05-21 17:00:00,TP,1.11487,1.11366,1.11669,TP_cap,12.1,6.10,13,0,0,1.5000,1.50,1.3762,1.3142,1.2523,2019-05-21 07:00:00,2019-05-21 07:00:00,2019-05-21 07:00:00
control,train,1,2019-05-23 17:00:00,2019-05-23 14:00:00,2019-05-23 17:00:00,TP,1.11324,1.11134,1.11553,TP_mean,19.0,5.98,12,0,0,1.2025,1.50,1.1236,1.0842,1.0448,2019-05-23 14:00:00,2019-05-23 14:00:00,2019-05-23 14:00:00
control,train,-1,2019-05-24 10:00:00,2019-05-24 07:00:00,2019-05-27 05:00:00,SL,1.11954,1.12134,1.11684,TP_cap,18.0,17.51,36,1,1,-1.0000,2.30,-1.1278,-1.1917,-1.2556,2019-05-24 07:00:00,2019-05-24 07:00:00,2019-05-24 07:00:00
control,train,-1,2019-06-04 10:00:00,2019-06-04 07:00:00,2019-06-04 16:00:00,SL,1.12638,1.12867,1.12295,TP_cap,22.9,nan,nan,0,0,0.5840,1.50,0.5184,0.4856,0.4528,2019-06-04 07:00:00,2019-06-04 07:00:00,2019-06-04 07:00:00
control,train,-1,2019-06-07 16:00:00,2019-06-07 13:00:00,2019-06-07 17:00:00,SL,1.13166,1.13459,1.12727,TP_cap,29.3,8.65,18,0,0,-1.0000,1.50,-1.0513,-1.0769,-1.1026,2019-06-07 13:00:00,2019-06-07 13:00:00,2019-06-07 13:00:00
control,train,-1,2019-06-12 10:00:00,2019-06-12 07:00:00,2019-06-12 15:00:00,SL,1.13336,1.13495,1.13098,TP_cap,15.9,4.24,9,0,0,0.1695,1.50,0.0750,0.0278,-0.0194,2019-06-12 07:00:00,2019-06-12 07:00:00,2019-06-12 07:00:00
control,train,1,2019-06-14 16:00:00,2019-06-14 13:00:00,2019-06-14 19:00:00,SL,1.12310,1.12084,1.12649,TP_cap,22.6,nan,nan,0,0,-1.0000,1.50,-1.0663,-1.0995,-1.1327,2019-06-14 13:00:00,2019-06-14 13:00:00,2019-06-14 13:00:00
control,train,1,2019-06-18 12:00:00,2019-06-18 09:00:00,2019-06-19 15:00:00,TIME_STOP,1.11892,1.11688,1.12198,TP_cap,20.4,13.18,27,1,1,0.6670,2.30,0.5542,0.4978,0.4414,2019-06-18 09:00:00,2019-06-18 09:00:00,2019-06-18 09:00:00
control,train,-1,2019-06-20 11:00:00,2019-06-20 08:00:00,2019-06-21 15:00:00,SL,1.12974,1.13228,1.12594,TP_cap,25.4,nan,nan,1,1,-1.0000,2.30,-1.0907,-1.1360,-1.1814,2019-06-20 08:00:00,2019-06-20 08:00:00,2019-06-20 08:00:00
control,train,1,2019-07-02 10:00:00,2019-07-02 07:00:00,2019-07-02 12:00:00,TP,1.12908,1.12726,1.13181,TP_cap,18.2,28.75,58,0,0,1.5000,1.50,1.4176,1.3765,1.3353,2019-07-02 07:00:00,2019-07-02 07:00:00,2019-07-02 07:00:00
control,train,1,2019-07-03 11:00:00,2019-07-03 08:00:00,2019-07-03 15:00:00,SL,1.12769,1.12583,1.13049,TP_cap,18.6,23.06,47,0,0,0.4455,1.50,0.3650,0.3248,0.2845,2019-07-03 08:00:00,2019-07-03 08:00:00,2019-07-03 08:00:00
control,train,1,2019-07-05 16:00:00,2019-07-05 13:00:00,2019-07-05 16:00:00,SL,1.12436,1.12267,1.12689,TP_cap,16.9,13.56,28,0,0,-1.0000,1.50,-1.0889,-1.1334,-1.1779,2019-07-05 13:00:00,2019-07-05 13:00:00,2019-07-05 13:00:00
control,train,1,2019-07-16 14:00:00,2019-07-16 11:00:00,2019-07-16 20:00:00,SL,1.12232,1.12070,1.12475,TP_cap,16.2,13.33,27,0,0,-1.0000,1.50,-1.0927,-1.1390,-1.1854,2019-07-16 11:00:00,2019-07-16 11:00:00,2019-07-16 11:00:00
control,train,1,2019-07-23 10:00:00,2019-07-23 07:00:00,2019-07-23 14:00:00,SL,1.11894,1.11751,1.12109,TP_cap,14.3,8.96,18,0,0,-1.0000,1.50,-1.1046,-1.1568,-1.2091,2019-07-23 07:00:00,2019-07-23 07:00:00,2019-07-23 07:00:00
control,train,1,2019-07-24 15:00:00,2019-07-24 12:00:00,2019-07-25 11:00:00,SL,1.11409,1.11224,1.11686,TP_cap,18.5,30.71,62,1,3,-1.0000,3.90,-1.2113,-1.3170,-1.4227,2019-07-24 12:00:00,2019-07-24 12:00:00,2019-07-24 12:00:00
control,train,1,2019-07-25 15:00:00,2019-07-25 12:00:00,2019-07-25 15:00:00,TP,1.11143,1.10928,1.11466,TP_cap,21.5,12.82,26,0,0,1.5000,1.50,1.4303,1.3955,1.3607,2019-07-25 12:00:00,2019-07-25 12:00:00,2019-07-25 12:00:00
control,train,1,2019-08-01 10:00:00,2019-08-01 07:00:00,2019-08-01 20:00:00,TP,1.10414,1.10136,1.10831,TP_cap,27.8,522.40,1045,0,0,1.5000,1.50,1.4460,1.4190,1.3920,2019-08-01 07:00:00,2019-08-01 07:00:00,2019-08-01 07:00:00
control,train,1,2019-08-14 17:00:00,2019-08-14 14:00:00,2019-08-14 22:00:00,SL,1.11572,1.11323,1.11916,TP_mean,24.9,4.22,9,0,0,-1.0000,1.50,-1.0602,-1.0904,-1.1205,2019-08-14 14:00:00,2019-08-14 14:00:00,2019-08-14 14:00:00
control,train,1,2019-08-15 17:00:00,2019-08-15 14:00:00,2019-08-16 10:00:00,SL,1.11125,1.10881,1.11492,TP_cap,24.4,14.55,30,1,1,-1.0000,2.30,-1.0941,-1.1411,-1.1882,2019-08-15 14:00:00,2019-08-15 14:00:00,2019-08-15 14:00:00
control,train,1,2019-08-20 10:00:00,2019-08-20 07:00:00,2019-08-20 19:00:00,TP,1.10766,1.10634,1.10964,TP_cap,13.2,8.92,18,0,0,1.5000,1.50,1.3864,1.3297,1.2729,2019-08-20 07:00:00,2019-08-20 07:00:00,2019-08-20 07:00:00
control,train,1,2019-08-23 14:00:00,2019-08-23 11:00:00,2019-08-23 17:00:00,TP,1.10547,1.10376,1.10804,TP_cap,17.1,8.43,17,0,0,1.5000,1.50,1.4125,1.3688,1.3250,2019-08-23 11:00:00,2019-08-23 11:00:00,2019-08-23 11:00:00
control,train,1,2019-08-30 10:00:00,2019-08-30 07:00:00,2019-08-30 17:00:00,SL,1.10375,1.10224,1.10602,TP_cap,15.1,22.13,45,0,0,-1.0000,1.50,-1.0993,-1.1489,-1.1986,2019-08-30 07:00:00,2019-08-30 07:00:00,2019-08-30 07:00:00
control,train,1,2019-09-11 15:00:00,2019-09-11 12:00:00,2019-09-12 09:00:00,SL,1.09971,1.09784,1.10251,TP_cap,18.7,49.98,100,1,3,0.4695,3.90,0.2606,0.1562,0.0517,2019-09-11 12:00:00,2019-09-11 12:00:00,2019-09-11 12:00:00
control,train,1,2019-09-12 15:00:00,2019-09-12 12:00:00,2019-09-12 15:00:00,SL,1.09656,1.09359,1.10102,TP_cap,29.7,25.80,52,0,0,-1.0000,1.50,-1.0505,-1.0757,-1.1010,2019-09-12 12:00:00,2019-09-12 12:00:00,2019-09-12 12:00:00
control,train,-1,2019-09-13 10:00:00,2019-09-13 07:00:00,2019-09-13 23:00:00,TIME_STOP,1.10956,1.11252,1.10513,TP_cap,29.6,6.24,13,0,0,0.6495,1.50,0.5988,0.5734,0.5481,2019-09-13 07:00:00,2019-09-13 07:00:00,2019-09-13 07:00:00
control,train,1,2019-09-23 11:00:00,2019-09-23 08:00:00,2019-09-24 09:00:00,SL,1.09692,1.09470,1.10025,TP_cap,22.2,21.53,44,1,1,0.6563,2.30,0.5527,0.5010,0.4492,2019-09-23 08:00:00,2019-09-23 08:00:00,2019-09-23 08:00:00
control,train,1,2019-09-25 18:00:00,2019-09-25 15:00:00,2019-09-25 21:00:00,SL,1.09597,1.09375,1.09930,TP_cap,22.2,10.86,22,0,0,-1.0000,1.50,-1.0675,-1.1012,-1.1350,2019-09-25 15:00:00,2019-09-25 15:00:00,2019-09-25 15:00:00
control,train,1,2019-09-26 10:00:00,2019-09-26 07:00:00,2019-09-26 11:00:00,SL,1.09540,1.09384,1.09774,TP_cap,15.6,8.53,18,0,0,-1.0000,1.50,-1.0960,-1.1441,-1.1921,2019-09-26 07:00:00,2019-09-26 07:00:00,2019-09-26 07:00:00
control,train,1,2019-09-26 18:00:00,2019-09-26 15:00:00,2019-09-26 22:00:00,SL,1.09420,1.09171,1.09793,TP_cap,24.9,6.07,13,0,0,-1.0000,1.50,-1.0603,-1.0905,-1.1207,2019-09-26 15:00:00,2019-09-26 15:00:00,2019-09-26 15:00:00
control,train,1,2019-09-30 15:00:00,2019-09-30 12:00:00,2019-09-30 15:00:00,SL,1.09080,1.08893,1.09361,TP_cap,18.7,10.29,21,0,0,-1.0000,1.50,-1.0802,-1.1202,-1.1603,2019-09-30 12:00:00,2019-09-30 12:00:00,2019-09-30 12:00:00
control,train,-1,2019-10-10 11:00:00,2019-10-10 08:00:00,2019-10-11 13:00:00,TIME_STOP,1.10163,1.10353,1.09878,TP_cap,19.0,12.77,26,1,1,-0.1892,2.30,-0.3100,-0.3704,-0.4309,2019-10-10 08:00:00,2019-10-10 08:00:00,2019-10-10 08:00:00
control,train,-1,2019-10-17 11:00:00,2019-10-17 08:00:00,2019-10-17 12:00:00,SL,1.10777,1.10977,1.10477,TP_cap,20.0,6.01,13,0,0,-1.0000,1.50,-1.0749,-1.1124,-1.1499,2019-10-17 08:00:00,2019-10-17 08:00:00,2019-10-17 08:00:00
control,train,1,2019-10-29 11:00:00,2019-10-29 09:00:00,2019-10-29 15:00:00,TP,1.10794,1.10670,1.10981,TP_cap,12.4,5.55,12,0,0,1.5000,1.50,1.3794,1.3192,1.2589,2019-10-29 09:00:00,2019-10-29 09:00:00,2019-10-29 09:00:00
control,train,-1,2019-10-31 11:00:00,2019-10-31 09:00:00,2019-10-31 13:00:00,TP,1.11748,1.11943,1.11455,TP_cap,19.5,nan,nan,0,0,1.5000,1.50,1.4231,1.3847,1.3463,2019-10-31 09:00:00,2019-10-31 09:00:00,2019-10-31 09:00:00
control,train,1,2019-11-05 17:00:00,2019-11-05 15:00:00,2019-11-05 17:00:00,SL,1.10884,1.10694,1.11170,TP_cap,19.0,nan,nan,0,0,-1.0000,1.50,-1.0788,-1.1182,-1.1576,2019-11-05 15:00:00,2019-11-05 15:00:00,2019-11-05 15:00:00
control,train,1,2019-11-08 13:00:00,2019-11-08 11:00:00,2019-11-08 18:00:00,SL,1.10348,1.10173,1.10610,TP_cap,17.5,12.68,26,0,0,-1.0000,1.50,-1.0859,-1.1289,-1.1719,2019-11-08 11:00:00,2019-11-08 11:00:00,2019-11-08 11:00:00
control,train,1,2019-11-11 14:00:00,2019-11-11 12:00:00,2019-11-12 03:00:00,TIME_STOP,1.10262,1.10137,1.10450,TP_cap,12.5,6.49,13,1,1,0.6376,2.30,0.4543,0.3626,0.2710,2019-11-11 12:00:00,2019-11-11 12:00:00,2019-11-11 12:00:00
control,train,1,2019-11-14 09:00:00,2019-11-14 07:00:00,2019-11-14 10:00:00,TP,1.09947,1.09816,1.10143,TP_cap,13.1,15.24,31,0,0,1.5000,1.50,1.3853,1.3279,1.2705,2019-11-14 07:00:00,2019-11-14 07:00:00,2019-11-14 07:00:00
control,train,1,2019-11-14 14:00:00,2019-11-14 12:00:00,2019-11-14 18:00:00,TP,1.09904,1.09746,1.10141,TP_cap,15.8,12.43,25,0,0,1.5000,1.50,1.4051,1.3577,1.3103,2019-11-14 12:00:00,2019-11-14 12:00:00,2019-11-14 12:00:00
control,train,-1,2019-11-15 17:00:00,2019-11-15 15:00:00,2019-11-18 05:00:00,SL,1.10473,1.10629,1.10239,TP_cap,15.6,132.19,265,1,1,-1.0000,2.30,-1.1476,-1.2215,-1.2953,2019-11-15 15:00:00,2019-11-15 15:00:00,2019-11-15 15:00:00
control,train,1,2019-11-27 17:00:00,2019-11-27 15:00:00,2019-11-28 10:00:00,TP,1.09957,1.09819,1.10163,TP_cap,13.8,11.14,23,1,3,1.5000,3.90,1.2164,1.0747,0.9329,2019-11-27 15:00:00,2019-11-27 15:00:00,2019-11-27 15:00:00
control,train,-1,2019-12-02 17:00:00,2019-12-02 15:00:00,2019-12-02 17:00:00,SL,1.10490,1.10650,1.10250,TP_cap,16.0,44.30,89,0,0,-1.0000,1.50,-1.0937,-1.1405,-1.1873,2019-12-02 15:00:00,2019-12-02 15:00:00,2019-12-02 15:00:00
control,train,-1,2019-12-03 09:00:00,2019-12-03 07:00:00,2019-12-03 19:00:00,SL,1.10785,1.10928,1.10570,TP_cap,14.3,331.09,663,0,0,-1.0000,1.50,-1.1046,-1.1568,-1.2091,2019-12-03 07:00:00,2019-12-03 07:00:00,2019-12-03 07:00:00
control,train,-1,2019-12-04 16:00:00,2019-12-04 14:00:00,2019-12-04 18:00:00,TP,1.11072,1.11261,1.10789,TP_cap,18.9,32.22,65,0,0,1.5000,1.50,1.4206,1.3809,1.3413,2019-12-04 14:00:00,2019-12-04 14:00:00,2019-12-04 14:00:00
control,train,-1,2019-12-12 09:00:00,2019-12-12 07:00:00,2019-12-12 15:00:00,SL,1.11362,1.11520,1.11124,TP_cap,15.8,35.28,71,0,0,-1.0000,1.50,-1.0947,-1.1420,-1.1894,2019-12-12 07:00:00,2019-12-12 07:00:00,2019-12-12 07:00:00
control,train,-1,2019-12-13 09:00:00,2019-12-13 07:00:00,2019-12-13 18:00:00,TP,1.11668,1.11960,1.11230,TP_cap,29.2,20.47,41,0,0,1.5000,1.50,1.4486,1.4230,1.3973,2019-12-13 07:00:00,2019-12-13 07:00:00,2019-12-13 07:00:00
control,train,1,2019-12-20 14:00:00,2019-12-20 12:00:00,2019-12-20 18:00:00,SL,1.10972,1.10808,1.11218,TP_cap,16.4,10.57,22,0,0,-1.0000,1.50,-1.0916,-1.1375,-1.1833,2019-12-20 12:00:00,2019-12-20 12:00:00,2019-12-20 12:00:00
control,train,1,2019-12-23 15:00:00,2019-12-23 13:00:00,2019-12-23 17:00:00,TP,1.10742,1.10608,1.10943,TP_cap,13.4,16.13,33,0,0,1.5000,1.50,1.3883,1.3324,1.2765,2019-12-23 13:00:00,2019-12-23 13:00:00,2019-12-23 13:00:00
control,train,1,2019-12-24 12:00:00,2019-12-24 10:00:00,2019-12-24 18:00:00,TP,1.10749,1.10632,1.10925,TP_cap,11.7,9.45,19,0,0,1.5000,1.50,1.3722,1.3083,1.2444,2019-12-24 10:00:00,2019-12-24 10:00:00,2019-12-24 10:00:00
control,train,-1,2019-12-27 12:00:00,2019-12-27 10:00:00,2019-12-27 14:00:00,SL,1.11384,1.11521,1.11179,TP_cap,13.7,nan,nan,0,0,-1.0000,1.50,-1.1097,-1.1646,-1.2194,2019-12-27 10:00:00,2019-12-27 10:00:00,2019-12-27 10:00:00
control,train,-1,2019-12-31 16:00:00,2019-12-31 14:00:00,2019-12-31 17:00:00,SL,1.12381,1.12548,1.12130,TP_cap,16.7,81.56,164,0,0,0.4210,1.50,0.3315,0.2867,0.2419,2019-12-31 14:00:00,2019-12-31 14:00:00,2019-12-31 14:00:00
control,train,1,2020-01-08 13:00:00,2020-01-08 11:00:00,2020-01-08 23:00:00,SL,1.11273,1.11051,1.11606,TP_cap,22.2,7.57,16,0,0,-1.0000,1.50,-1.0675,-1.1013,-1.1351,2020-01-08 11:00:00,2020-01-08 11:00:00,2020-01-08 11:00:00
control,train,1,2020-01-09 09:00:00,2020-01-09 07:00:00,2020-01-09 17:00:00,SL,1.11122,1.10957,1.11369,TP_cap,16.5,14.77,30,0,0,-1.0000,1.50,-1.0910,-1.1364,-1.1819,2020-01-09 07:00:00,2020-01-09 07:00:00,2020-01-09 07:00:00
control,train,1,2020-01-10 11:00:00,2020-01-10 09:00:00,2020-01-10 13:00:00,SL,1.10994,1.10852,1.11207,TP_cap,14.2,18.64,38,0,0,-1.0000,1.50,-1.1058,-1.1587,-1.2116,2020-01-10 09:00:00,2020-01-10 09:00:00,2020-01-10 09:00:00
control,train,1,2020-01-17 14:00:00,2020-01-17 12:00:00,2020-01-17 16:00:00,SL,1.11122,1.10970,1.11348,TP_mean,15.2,14.89,30,0,0,-1.0000,1.50,-1.0990,-1.1484,-1.1979,2020-01-17 12:00:00,2020-01-17 12:00:00,2020-01-17 12:00:00
control,train,1,2020-01-24 09:00:00,2020-01-24 07:00:00,2020-01-24 11:00:00,SL,1.10504,1.10363,1.10715,TP_cap,14.1,7.27,15,0,0,-1.0000,1.50,-1.1065,-1.1597,-1.2130,2020-01-24 07:00:00,2020-01-24 07:00:00,2020-01-24 07:00:00
control,train,1,2020-01-29 10:00:00,2020-01-29 08:00:00,2020-01-29 15:00:00,SL,1.10056,1.09940,1.10230,TP_cap,11.6,7.67,16,0,0,-1.0000,1.50,-1.1295,-1.1943,-1.2590,2020-01-29 08:00:00,2020-01-29 08:00:00,2020-01-29 08:00:00
control,train,-1,2020-01-31 17:00:00,2020-01-31 15:00:00,2020-01-31 17:00:00,SL,1.10626,1.10813,1.10345,TP_cap,18.7,nan,nan,0,0,-1.0000,1.50,-1.0801,-1.1202,-1.1602,2020-01-31 15:00:00,2020-01-31 15:00:00,2020-01-31 15:00:00
control,train,1,2020-02-07 12:00:00,2020-02-07 10:00:00,2020-02-07 17:00:00,SL,1.09542,1.09399,1.09757,TP_cap,14.3,32.86,66,0,0,0.3956,1.50,0.2910,0.2387,0.1864,2020-02-07 10:00:00,2020-02-07 10:00:00,2020-02-07 10:00:00
control,train,1,2020-02-10 10:00:00,2020-02-10 08:00:00,2020-02-10 15:00:00,SL,1.09466,1.09323,1.09681,TP_cap,14.3,18.01,37,0,0,-1.0000,1.50,-1.1047,-1.1571,-1.2094,2020-02-10 08:00:00,2020-02-10 08:00:00,2020-02-10 08:00:00
control,train,1,2020-02-12 13:00:00,2020-02-12 11:00:00,2020-02-12 16:00:00,SL,1.09181,1.09026,1.09408,TP_mean,15.5,10.46,21,0,0,-1.0000,1.50,-1.0970,-1.1454,-1.1939,2020-02-12 11:00:00,2020-02-12 11:00:00,2020-02-12 11:00:00
control,train,1,2020-02-18 15:00:00,2020-02-18 13:00:00,2020-02-18 15:00:00,SL,1.08140,1.07982,1.08376,TP_cap,15.8,9.49,19,0,0,-1.0000,1.50,-1.0952,-1.1428,-1.1904,2020-02-18 13:00:00,2020-02-18 13:00:00,2020-02-18 13:00:00
control,train,1,2020-02-19 09:00:00,2020-02-19 07:00:00,2020-02-19 17:00:00,SL,1.07977,1.07828,1.08200,TP_cap,14.9,8.27,17,0,0,-1.0000,1.50,-1.1009,-1.1514,-1.2019,2020-02-19 07:00:00,2020-02-19 07:00:00,2020-02-19 07:00:00
control,train,1,2020-02-20 09:00:00,2020-02-20 07:00:00,2020-02-20 16:00:00,TP,1.07881,1.07707,1.08142,TP_cap,17.4,4.52,10,0,0,1.5000,1.50,1.4138,1.3707,1.3276,2020-02-20 07:00:00,2020-02-20 07:00:00,2020-02-20 07:00:00
control,train,1,2020-02-21 09:00:00,2020-02-21 07:00:00,2020-02-21 10:00:00,TP,1.07902,1.07746,1.08079,TP_mean,15.6,3.40,7,0,0,1.1359,1.50,1.0397,0.9916,0.9435,2020-02-21 07:00:00,2020-02-21 07:00:00,2020-02-21 07:00:00
control,train,-1,2020-02-21 17:00:00,2020-02-21 15:00:00,2020-02-21 17:00:00,SL,1.08371,1.08628,1.08095,TP_mean,25.7,12.31,25,0,0,-1.0000,1.50,-1.0583,-1.0874,-1.1165,2020-02-21 15:00:00,2020-02-21 15:00:00,2020-02-21 15:00:00
control,train,-1,2020-02-26 11:00:00,2020-02-26 09:00:00,2020-02-26 15:00:00,TP,1.08917,1.09149,1.08569,TP_cap,23.2,14.59,30,0,0,1.5000,1.50,1.4353,1.4030,1.3706,2020-02-26 09:00:00,2020-02-26 09:00:00,2020-02-26 09:00:00
control,train,-1,2020-02-27 09:00:00,2020-02-27 07:00:00,2020-02-27 10:00:00,SL,1.09110,1.09381,1.08704,TP_cap,27.1,5.76,12,0,0,-1.0000,1.50,-1.0554,-1.0832,-1.1109,2020-02-27 07:00:00,2020-02-27 07:00:00,2020-02-27 07:00:00
control,train,-1,2020-03-02 09:00:00,2020-03-02 07:00:00,2020-03-02 09:00:00,SL,1.10418,1.10783,1.09870,TP_cap,36.5,15.84,32,0,0,-1.0000,1.50,-1.0411,-1.0616,-1.0821,2020-03-02 07:00:00,2020-03-02 07:00:00,2020-03-02 07:00:00
control,train,-1,2020-03-06 11:00:00,2020-03-06 09:00:00,2020-03-06 12:00:00,SL,1.12722,1.13116,1.12131,TP_cap,39.4,16.03,33,0,0,-1.0000,1.50,-1.0381,-1.0571,-1.0761,2020-03-06 09:00:00,2020-03-06 09:00:00,2020-03-06 09:00:00
control,train,1,2020-03-17 13:00:00,2020-03-17 11:00:00,2020-03-17 16:00:00,SL,1.10279,1.09656,1.11213,TP_cap,62.3,7.31,15,0,0,-1.0000,1.50,-1.0241,-1.0361,-1.0482,2020-03-17 11:00:00,2020-03-17 11:00:00,2020-03-17 11:00:00
control,train,1,2020-03-18 09:00:00,2020-03-18 07:00:00,2020-03-18 14:00:00,SL,1.10035,1.09509,1.10824,TP_cap,52.6,6.49,13,0,0,-1.0000,1.50,-1.0285,-1.0428,-1.0570,2020-03-18 07:00:00,2020-03-18 07:00:00,2020-03-18 07:00:00
control,train,1,2020-03-20 12:00:00,2020-03-20 10:00:00,2020-03-23 18:00:00,SL,1.07209,1.06270,1.08617,TP_cap,93.9,15.61,32,1,1,0.2595,2.30,0.2350,0.2228,0.2105,2020-03-20 10:00:00,2020-03-20 10:00:00,2020-03-20 10:00:00
control,train,-1,2020-03-30 12:00:00,2020-03-30 09:00:00,2020-03-30 22:00:00,SL,1.10915,1.11504,1.10031,TP_cap,58.9,14.48,29,0,0,0.6851,1.50,0.6596,0.6469,0.6341,2020-03-30 09:00:00,2020-03-30 09:00:00,2020-03-30 09:00:00
control,train,1,2020-04-03 11:00:00,2020-04-03 08:00:00,2020-04-06 11:00:00,SL,1.07902,1.07475,1.08543,TP_cap,42.7,26.66,54,1,1,0.3128,2.30,0.2589,0.2320,0.2051,2020-04-03 08:00:00,2020-04-03 08:00:00,2020-04-03 08:00:00
control,train,1,2020-04-06 16:00:00,2020-04-06 13:00:00,2020-04-07 09:00:00,TP,1.07918,1.07497,1.08549,TP_cap,42.1,13.92,28,1,1,1.5000,2.30,1.4453,1.4180,1.3906,2020-04-06 13:00:00,2020-04-06 13:00:00,2020-04-06 13:00:00
control,train,-1,2020-04-13 10:00:00,2020-04-13 07:00:00,2020-04-13 11:00:00,TP,1.09620,1.09850,1.09275,TP_cap,23.0,5.10,11,0,0,1.5000,1.50,1.4348,1.4022,1.3697,2020-04-13 07:00:00,2020-04-13 07:00:00,2020-04-13 07:00:00
control,train,-1,2020-04-14 15:00:00,2020-04-14 12:00:00,2020-04-15 06:00:00,TIME_STOP,1.09637,1.09954,1.09183,TP_mean,31.7,7.36,15,1,1,-0.5485,2.30,-0.6210,-0.6572,-0.6935,2020-04-14 12:00:00,2020-04-14 12:00:00,2020-04-14 12:00:00
control,train,1,2020-04-15 16:00:00,2020-04-15 13:00:00,2020-04-15 18:00:00,TP,1.08603,1.08232,1.09159,TP_cap,37.1,164.03,329,0,0,1.5000,1.50,1.4595,1.4393,1.4191,2020-04-15 13:00:00,2020-04-15 13:00:00,2020-04-15 13:00:00
control,train,1,2020-04-23 11:00:00,2020-04-23 08:00:00,2020-04-23 13:00:00,SL,1.07962,1.07666,1.08407,TP_cap,29.6,5.76,12,0,0,-1.0000,1.50,-1.0506,-1.0759,-1.1012,2020-04-23 08:00:00,2020-04-23 08:00:00,2020-04-23 08:00:00
control,train,1,2020-04-24 10:00:00,2020-04-24 07:00:00,2020-04-24 13:00:00,TP,1.07380,1.07055,1.07868,TP_cap,32.5,7.24,15,0,0,1.5000,1.50,1.4539,1.4308,1.4077,2020-04-24 07:00:00,2020-04-24 07:00:00,2020-04-24 07:00:00
control,train,-1,2020-04-30 18:00:00,2020-04-30 15:00:00,2020-05-01 05:00:00,TIME_STOP,1.09534,1.10043,1.08771,TP_cap,50.9,5.05,11,1,1,0.2261,2.30,0.1809,0.1583,0.1357,2020-04-30 15:00:00,2020-04-30 15:00:00,2020-04-30 15:00:00
control,train,-1,2020-05-19 10:00:00,2020-05-19 07:00:00,2020-05-19 13:00:00,SL,1.09400,1.09664,1.09004,TP_cap,26.4,nan,nan,0,0,-1.0000,1.50,-1.0568,-1.0852,-1.1136,2020-05-19 07:00:00,2020-05-19 07:00:00,2020-05-19 07:00:00
control,train,-1,2020-05-19 18:00:00,2020-05-19 15:00:00,2020-05-20 16:00:00,SL,1.09478,1.09819,1.08966,TP_cap,34.1,138.13,277,1,1,-1.0000,2.30,-1.0674,-1.1011,-1.1348,2020-05-19 15:00:00,2020-05-19 15:00:00,2020-05-19 15:00:00
control,train,-1,2020-05-27 13:00:00,2020-05-27 10:00:00,2020-05-27 17:00:00,SL,1.10252,1.10618,1.09703,TP_cap,36.6,29.03,59,0,0,0.3503,1.50,0.3093,0.2887,0.2682,2020-05-27 10:00:00,2020-05-27 10:00:00,2020-05-27 10:00:00
control,train,-1,2020-05-28 18:00:00,2020-05-28 15:00:00,2020-05-28 22:00:00,SL,1.10550,1.10931,1.09979,TP_cap,38.1,66.49,133,0,0,-1.0000,1.50,-1.0394,-1.0591,-1.0788,2020-05-28 15:00:00,2020-05-28 15:00:00,2020-05-28 15:00:00
control,train,-1,2020-06-01 10:00:00,2020-06-01 07:00:00,2020-06-01 17:00:00,SL,1.11371,1.11666,1.10929,TP_cap,29.5,10.81,22,0,0,0.3425,1.50,0.2916,0.2661,0.2406,2020-06-01 07:00:00,2020-06-01 07:00:00,2020-06-01 07:00:00
control,train,-1,2020-06-02 12:00:00,2020-06-02 09:00:00,2020-06-03 02:00:00,TIME_STOP,1.11702,1.12015,1.11232,TP_cap,31.3,6.72,14,1,1,-0.0958,2.30,-0.1693,-0.2060,-0.2427,2020-06-02 09:00:00,2020-06-02 09:00:00,2020-06-02 09:00:00
control,train,-1,2020-06-04 12:00:00,2020-06-04 09:00:00,2020-06-04 14:00:00,SL,1.12069,1.12346,1.11658,TP_mean,27.7,7.41,15,0,0,-1.0000,1.50,-1.0542,-1.0813,-1.1084,2020-06-04 09:00:00,2020-06-04 09:00:00,2020-06-04 09:00:00
control,train,-1,2020-06-11 12:00:00,2020-06-11 09:00:00,2020-06-11 20:00:00,TP,1.13896,1.14365,1.13315,TP_mean,46.9,6.36,13,0,0,1.2386,1.50,1.2067,1.1907,1.1747,2020-06-11 09:00:00,2020-06-11 09:00:00,2020-06-11 09:00:00
control,train,1,2020-06-12 18:00:00,2020-06-12 15:00:00,2020-06-15 21:00:00,TP,1.12464,1.11971,1.13203,TP_cap,49.3,22.87,46,1,1,1.5000,2.30,1.4533,1.4300,1.4067,2020-06-12 15:00:00,2020-06-12 15:00:00,2020-06-12 15:00:00
control,train,1,2020-06-19 14:00:00,2020-06-19 11:00:00,2020-06-19 15:00:00,TP,1.12038,1.11777,1.12429,TP_cap,26.1,6.75,14,0,0,1.5000,1.50,1.4424,1.4136,1.3848,2020-06-19 11:00:00,2020-06-19 11:00:00,2020-06-19 11:00:00
control,train,1,2020-06-19 18:00:00,2020-06-19 15:00:00,2020-06-22 08:00:00,TIME_STOP,1.11819,1.11417,1.12422,TP_cap,40.2,6.76,14,1,1,0.5269,2.30,0.4698,0.4412,0.4126,2020-06-19 15:00:00,2020-06-19 15:00:00,2020-06-19 15:00:00
control,train,-1,2020-06-23 11:00:00,2020-06-23 08:00:00,2020-06-23 16:00:00,SL,1.13010,1.13334,1.12524,TP_cap,32.4,nan,nan,0,0,-1.0000,1.50,-1.0463,-1.0694,-1.0925,2020-06-23 08:00:00,2020-06-23 08:00:00,2020-06-23 08:00:00
control,train,-1,2020-07-02 12:00:00,2020-07-02 09:00:00,2020-07-02 16:00:00,TP,1.12973,1.13239,1.12574,TP_cap,26.6,13.91,28,0,0,1.5000,1.50,1.4436,1.4155,1.3873,2020-07-02 09:00:00,2020-07-02 09:00:00,2020-07-02 09:00:00
control,train,-1,2020-07-06 10:00:00,2020-07-06 07:00:00,2020-07-06 14:00:00,SL,1.12915,1.13132,1.12590,TP_cap,21.7,8.34,17,0,0,-1.0000,1.50,-1.0692,-1.1038,-1.1384,2020-07-06 07:00:00,2020-07-06 07:00:00,2020-07-06 07:00:00
control,train,-1,2020-07-08 17:00:00,2020-07-08 14:00:00,2020-07-09 06:00:00,SL,1.13296,1.13613,1.12820,TP_cap,31.7,9.90,20,1,3,-1.0000,3.90,-1.1230,-1.1845,-1.2461,2020-07-08 14:00:00,2020-07-08 14:00:00,2020-07-08 14:00:00
control,train,-1,2020-07-13 18:00:00,2020-07-13 15:00:00,2020-07-14 11:00:00,SL,1.13674,1.13966,1.13236,TP_cap,29.2,14.17,29,1,1,0.7650,2.30,0.6862,0.6468,0.6074,2020-07-13 15:00:00,2020-07-13 15:00:00,2020-07-13 15:00:00
control,train,-1,2020-07-14 17:00:00,2020-07-14 14:00:00,2020-07-15 03:00:00,SL,1.13896,1.14208,1.13429,TP_cap,31.2,14.42,29,1,1,-1.0000,2.30,-1.0738,-1.1107,-1.1476,2020-07-14 14:00:00,2020-07-14 14:00:00,2020-07-14 14:00:00
control,train,-1,2020-07-15 10:00:00,2020-07-15 07:00:00,2020-07-15 10:00:00,SL,1.14056,1.14306,1.13680,TP_cap,25.0,20.00,41,0,0,-1.0000,1.50,-1.0599,-1.0898,-1.1198,2020-07-15 07:00:00,2020-07-15 07:00:00,2020-07-15 07:00:00
control,train,-1,2020-07-16 17:00:00,2020-07-16 14:00:00,2020-07-16 20:00:00,TP,1.14295,1.14607,1.13826,TP_cap,31.2,10.81,22,0,0,1.5000,1.50,1.4520,1.4280,1.4040,2020-07-16 14:00:00,2020-07-16 14:00:00,2020-07-16 14:00:00
control,train,-1,2020-07-20 10:00:00,2020-07-20 07:00:00,2020-07-20 16:00:00,TP,1.14577,1.14881,1.14120,TP_cap,30.4,10.20,21,0,0,1.5000,1.50,1.4507,1.4261,1.4014,2020-07-20 07:00:00,2020-07-20 07:00:00,2020-07-20 07:00:00
control,train,-1,2020-07-21 18:00:00,2020-07-21 15:00:00,2020-07-21 20:00:00,SL,1.14876,1.15265,1.14292,TP_cap,38.9,5.07,11,0,0,-1.0000,1.50,-1.0385,-1.0578,-1.0771,2020-07-21 15:00:00,2020-07-21 15:00:00,2020-07-21 15:00:00
control,train,-1,2020-07-23 17:00:00,2020-07-23 14:00:00,2020-07-23 18:00:00,SL,1.15858,1.16218,1.15319,TP_cap,36.0,15.81,32,0,0,-1.0000,1.50,-1.0417,-1.0626,-1.0834,2020-07-23 14:00:00,2020-07-23 14:00:00,2020-07-23 14:00:00
control,train,-1,2020-07-24 16:00:00,2020-07-24 13:00:00,2020-07-24 23:00:00,SL,1.16145,1.16503,1.15609,TP_cap,35.8,13.46,27,0,0,-1.0000,1.50,-1.0419,-1.0629,-1.0839,2020-07-24 13:00:00,2020-07-24 13:00:00,2020-07-24 13:00:00
control,train,-1,2020-07-29 10:00:00,2020-07-29 07:00:00,2020-07-29 15:00:00,SL,1.17474,1.17755,1.17052,TP_cap,28.1,8.36,17,0,0,0.2292,1.50,0.1759,0.1492,0.1226,2020-07-29 07:00:00,2020-07-29 07:00:00,2020-07-29 07:00:00
control,train,-1,2020-07-29 17:00:00,2020-07-29 14:00:00,2020-07-29 20:00:00,SL,1.17548,1.17882,1.17047,TP_cap,33.4,8.48,17,0,0,-1.0000,1.50,-1.0449,-1.0674,-1.0899,2020-07-29 14:00:00,2020-07-29 14:00:00,2020-07-29 14:00:00
control,train,-1,2020-07-31 10:00:00,2020-07-31 07:00:00,2020-07-31 12:00:00,TP,1.19008,1.19385,1.18442,TP_cap,37.7,13.03,27,0,0,1.5000,1.50,1.4603,1.4404,1.4205,2020-07-31 07:00:00,2020-07-31 07:00:00,2020-07-31 07:00:00
control,train,-1,2020-07-31 16:00:00,2020-07-31 13:00:00,2020-07-31 19:00:00,TP,1.18440,1.18842,1.17837,TP_cap,40.2,11.67,24,0,0,1.5000,1.50,1.4627,1.4440,1.4254,2020-07-31 13:00:00,2020-07-31 13:00:00,2020-07-31 13:00:00
control,train,-1,2020-08-18 11:00:00,2020-08-18 08:00:00,2020-08-18 15:00:00,SL,1.18930,1.19183,1.18550,TP_cap,25.3,7.65,16,0,0,-1.0000,1.50,-1.0592,-1.0888,-1.1184,2020-08-18 08:00:00,2020-08-18 08:00:00,2020-08-18 08:00:00
control,train,1,2020-08-21 15:00:00,2020-08-21 12:00:00,2020-08-24 12:00:00,TP,1.17744,1.17368,1.18308,TP_cap,37.6,nan,nan,1,1,1.5000,2.30,1.4388,1.4083,1.3777,2020-08-21 12:00:00,2020-08-21 12:00:00,2020-08-21 12:00:00
control,train,-1,2020-08-28 11:00:00,2020-08-28 08:00:00,2020-08-31 11:00:00,TIME_STOP,1.18912,1.19315,1.18308,TP_cap,40.3,11.82,24,1,1,-0.0298,2.30,-0.0869,-0.1154,-0.1439,2020-08-28 08:00:00,2020-08-28 08:00:00,2020-08-28 08:00:00
control,train,-1,2020-08-31 13:00:00,2020-08-31 10:00:00,2020-08-31 17:00:00,SL,1.19171,1.19500,1.18678,TP_cap,32.9,11.67,24,0,0,-1.0000,1.50,-1.0456,-1.0685,-1.0913,2020-08-31 10:00:00,2020-08-31 10:00:00,2020-08-31 10:00:00
control,train,1,2020-09-08 17:00:00,2020-09-08 14:00:00,2020-09-09 05:00:00,TIME_STOP,1.17773,1.17452,1.18255,TP_cap,32.1,5.80,12,1,1,-0.0405,2.30,-0.1121,-0.1479,-0.1837,2020-09-08 14:00:00,2020-09-08 14:00:00,2020-09-08 14:00:00
control,train,-1,2020-09-10 16:00:00,2020-09-10 13:00:00,2020-09-10 21:00:00,TP,1.18876,1.19212,1.18372,TP_cap,33.6,nan,nan,0,0,1.5000,1.50,1.4554,1.4331,1.4108,2020-09-10 13:00:00,2020-09-10 13:00:00,2020-09-10 13:00:00
control,train,-1,2020-09-15 14:00:00,2020-09-15 11:00:00,2020-09-15 16:00:00,TP,1.18991,1.19218,1.18650,TP_cap,22.7,7.41,15,0,0,1.5000,1.50,1.4340,1.4011,1.3681,2020-09-15 11:00:00,2020-09-15 11:00:00,2020-09-15 11:00:00
control,train,1,2020-09-21 16:00:00,2020-09-21 13:00:00,2020-09-21 17:00:00,SL,1.17699,1.17349,1.18223,TP_cap,35.0,12.73,26,0,0,-1.0000,1.50,-1.0429,-1.0644,-1.0858,2020-09-21 13:00:00,2020-09-21 13:00:00,2020-09-21 13:00:00
control,train,1,2020-09-22 10:00:00,2020-09-22 07:00:00,2020-09-22 17:00:00,SL,1.17465,1.17169,1.17909,TP_cap,29.6,19.49,39,0,0,-1.0000,1.50,-1.0507,-1.0760,-1.1014,2020-09-22 07:00:00,2020-09-22 07:00:00,2020-09-22 07:00:00
control,train,1,2020-09-23 15:00:00,2020-09-23 12:00:00,2020-09-23 22:00:00,SL,1.16895,1.16561,1.17396,TP_cap,33.4,32.41,65,0,0,-1.0000,1.50,-1.0449,-1.0674,-1.0899,2020-09-23 12:00:00,2020-09-23 12:00:00,2020-09-23 12:00:00
control,train,1,2020-09-24 10:00:00,2020-09-24 07:00:00,2020-09-25 11:00:00,SL,1.16525,1.16248,1.16941,TP_cap,27.7,23.99,48,1,1,0.3133,2.30,0.2304,0.1890,0.1475,2020-09-24 07:00:00,2020-09-24 07:00:00,2020-09-24 07:00:00
control,train,1,2020-09-25 13:00:00,2020-09-25 10:00:00,2020-09-25 17:00:00,SL,1.16433,1.16145,1.16864,TP_cap,28.8,5.13,11,0,0,-1.0000,1.50,-1.0522,-1.0782,-1.1043,2020-09-25 10:00:00,2020-09-25 10:00:00,2020-09-25 10:00:00
control,train,-1,2020-10-05 17:00:00,2020-10-05 14:00:00,2020-10-06 15:00:00,TIME_STOP,1.17859,1.18146,1.17429,TP_cap,28.7,10.72,22,1,1,-0.3419,2.30,-0.4221,-0.4622,-0.5023,2020-10-05 14:00:00,2020-10-05 14:00:00,2020-10-05 14:00:00
control,train,-1,2020-10-06 18:00:00,2020-10-06 15:00:00,2020-10-06 21:00:00,TP,1.17911,1.18187,1.17496,TP_cap,27.6,8.51,18,0,0,1.5000,1.50,1.4457,1.4186,1.3915,2020-10-06 15:00:00,2020-10-06 15:00:00,2020-10-06 15:00:00
control,train,-1,2020-10-09 18:00:00,2020-10-09 15:00:00,2020-10-12 15:00:00,SL,1.18147,1.18386,1.17789,TP_cap,23.9,12.76,26,1,1,0.2948,2.30,0.1986,0.1504,0.1023,2020-10-09 15:00:00,2020-10-09 15:00:00,2020-10-09 15:00:00
control,train,1,2020-10-13 18:00:00,2020-10-13 15:00:00,2020-10-15 11:00:00,SL,1.17441,1.17177,1.17834,TP_mean,26.4,31.19,63,2,4,-1.0000,4.70,-1.1782,-1.2673,-1.3565,2020-10-13 15:00:00,2020-10-13 15:00:00,2020-10-13 15:00:00
control,train,1,2020-10-15 16:00:00,2020-10-15 13:00:00,2020-10-16 14:00:00,TP,1.16992,1.16729,1.17386,TP_cap,26.3,121.94,244,1,1,1.5000,2.30,1.4125,1.3688,1.3250,2020-10-15 13:00:00,2020-10-15 13:00:00,2020-10-15 13:00:00
control,train,-1,2020-10-19 15:00:00,2020-10-19 12:00:00,2020-10-20 13:00:00,SL,1.17865,1.18123,1.17477,TP_cap,25.8,nan,nan,1,1,-1.0000,2.30,-1.0890,-1.1335,-1.1781,2020-10-19 12:00:00,2020-10-19 12:00:00,2020-10-19 12:00:00
control,train,-1,2020-10-20 18:00:00,2020-10-20 15:00:00,2020-10-21 09:00:00,SL,1.18305,1.18585,1.17884,TP_cap,28.0,nan,nan,1,1,-1.0000,2.30,-1.0820,-1.1230,-1.1640,2020-10-20 15:00:00,2020-10-20 15:00:00,2020-10-20 15:00:00
control,train,1,2020-10-28 12:00:00,2020-10-28 10:00:00,2020-10-28 14:00:00,SL,1.17483,1.17228,1.17865,TP_cap,25.5,23.12,47,0,0,-1.0000,1.50,-1.0589,-1.0883,-1.1178,2020-10-28 10:00:00,2020-10-28 10:00:00,2020-10-28 10:00:00
control,train,1,2020-10-29 10:00:00,2020-10-29 08:00:00,2020-10-29 13:00:00,SL,1.17361,1.17141,1.17691,TP_cap,22.0,32.28,65,0,0,-1.0000,1.50,-1.0681,-1.1021,-1.1362,2020-10-29 08:00:00,2020-10-29 08:00:00,2020-10-29 08:00:00
control,train,1,2020-10-30 17:00:00,2020-10-30 15:00:00,2020-10-30 17:00:00,SL,1.16777,1.16476,1.17228,TP_cap,30.1,22.74,46,0,0,-1.0000,1.50,-1.0498,-1.0748,-1.0997,2020-10-30 15:00:00,2020-10-30 15:00:00,2020-10-30 15:00:00
control,train,-1,2020-11-05 13:00:00,2020-11-05 11:00:00,2020-11-05 15:00:00,SL,1.18112,1.18552,1.17452,TP_cap,44.0,658.12,1317,0,0,-1.0000,1.50,-1.0341,-1.0511,-1.0682,2020-11-05 11:00:00,2020-11-05 11:00:00,2020-11-05 11:00:00
control,train,-1,2020-11-06 13:00:00,2020-11-06 11:00:00,2020-11-09 16:00:00,SL,1.18657,1.19089,1.18009,TP_cap,43.2,33.01,67,1,1,-1.0000,2.30,-1.0533,-1.0799,-1.1066,2020-11-06 11:00:00,2020-11-06 11:00:00,2020-11-06 11:00:00
control,train,-1,2020-11-25 10:00:00,2020-11-25 08:00:00,2020-11-25 15:00:00,SL,1.19068,1.19312,1.18703,TP_cap,24.4,6.90,14,0,0,0.3212,1.50,0.2596,0.2288,0.1980,2020-11-25 08:00:00,2020-11-25 08:00:00,2020-11-25 08:00:00
control,train,-1,2020-11-26 09:00:00,2020-11-26 07:00:00,2020-11-26 14:00:00,TP,1.19350,1.19576,1.19012,TP_cap,22.6,10.07,21,0,0,1.5000,1.50,1.4335,1.4003,1.3670,2020-11-26 07:00:00,2020-11-26 07:00:00,2020-11-26 07:00:00
control,train,-1,2020-11-27 17:00:00,2020-11-27 15:00:00,2020-11-30 00:00:00,SL,1.19432,1.19634,1.19129,TP_cap,20.2,9.76,20,1,1,-1.0000,2.30,-1.1139,-1.1708,-1.2277,2020-11-27 15:00:00,2020-11-27 15:00:00,2020-11-27 15:00:00
control,train,-1,2020-12-01 10:00:00,2020-12-01 08:00:00,2020-12-01 15:00:00,SL,1.19686,1.19905,1.19368,TP_mean,21.9,8.25,17,0,0,-1.0000,1.50,-1.0684,-1.1026,-1.1368,2020-12-01 08:00:00,2020-12-01 08:00:00,2020-12-01 08:00:00
control,train,-1,2020-12-16 11:00:00,2020-12-16 09:00:00,2020-12-16 19:00:00,TIME_STOP,1.22090,1.22382,1.21652,TP_cap,29.2,3.70,8,0,0,1.1703,1.50,1.1189,1.0933,1.0676,2020-12-16 09:00:00,2020-12-16 09:00:00,2020-12-16 09:00:00
control,train,-1,2020-12-17 09:00:00,2020-12-17 07:00:00,2020-12-17 17:00:00,SL,1.22308,1.22607,1.21860,TP_cap,29.9,4.30,9,0,0,-1.0000,1.50,-1.0502,-1.0753,-1.1003,2020-12-17 07:00:00,2020-12-17 07:00:00,2020-12-17 07:00:00
control,train,-1,2020-12-29 17:00:00,2020-12-29 15:00:00,2020-12-30 02:00:00,SL,1.22670,1.22946,1.22256,TP_cap,27.6,17.22,35,1,1,0.2565,2.30,0.1732,0.1316,0.0900,2020-12-29 15:00:00,2020-12-29 15:00:00,2020-12-29 15:00:00
control,train,-1,2020-12-30 15:00:00,2020-12-30 13:00:00,2020-12-31 17:00:00,TP,1.22895,1.23189,1.22453,TP_cap,29.4,16.31,33,1,3,1.5000,3.90,1.3675,1.3013,1.2351,2020-12-30 13:00:00,2020-12-30 13:00:00,2020-12-30 13:00:00
control,validation,-1,2021-01-06 10:00:00,2021-01-06 08:00:00,2021-01-06 17:00:00,TP,1.23396,1.23771,1.22833,TP_cap,37.5,11.51,24,0,0,1.5000,1.50,1.4600,1.4400,1.4200,2021-01-06 08:00:00,2021-01-06 08:00:00,2021-01-06 08:00:00
control,validation,1,2021-01-08 11:00:00,2021-01-08 09:00:00,2021-01-08 15:00:00,TP,1.22237,1.21895,1.22751,TP_cap,34.2,17.47,35,0,0,1.5000,1.50,1.4562,1.4343,1.4124,2021-01-08 09:00:00,2021-01-08 09:00:00,2021-01-08 09:00:00
control,validation,1,2021-01-11 10:00:00,2021-01-11 08:00:00,2021-01-11 15:00:00,SL,1.21784,1.21413,1.22341,TP_cap,37.1,41.26,83,0,0,-1.0000,1.50,-1.0404,-1.0606,-1.0808,2021-01-11 08:00:00,2021-01-11 08:00:00,2021-01-11 08:00:00
control,validation,1,2021-01-18 09:00:00,2021-01-18 07:00:00,2021-01-18 14:00:00,SL,1.20806,1.20560,1.21175,TP_cap,24.6,10.83,22,0,0,-1.0000,1.50,-1.0609,-1.0914,-1.1218,2021-01-18 07:00:00,2021-01-18 07:00:00,2021-01-18 07:00:00
control,validation,1,2021-01-27 17:00:00,2021-01-27 15:00:00,2021-01-27 19:00:00,TP,1.20681,1.20367,1.21153,TP_cap,31.4,nan,nan,0,0,1.5000,1.50,1.4523,1.4284,1.4046,2021-01-27 15:00:00,2021-01-27 15:00:00,2021-01-27 15:00:00
control,validation,1,2021-02-01 15:00:00,2021-02-01 13:00:00,2021-02-02 07:00:00,TIME_STOP,1.20756,1.20469,1.21186,TP_cap,28.7,7.93,16,1,1,0.0000,2.30,-0.0802,-0.1203,-0.1604,2021-02-01 13:00:00,2021-02-01 13:00:00,2021-02-01 13:00:00
control,validation,1,2021-02-02 13:00:00,2021-02-02 11:00:00,2021-02-03 02:00:00,TIME_STOP,1.20352,1.20062,1.20786,TP_cap,29.0,6.19,13,1,1,0.0483,2.30,-0.0311,-0.0708,-0.1105,2021-02-02 11:00:00,2021-02-02 11:00:00,2021-02-02 11:00:00
control,validation,1,2021-02-03 09:00:00,2021-02-03 07:00:00,2021-02-03 11:00:00,SL,1.20371,1.20161,1.20686,TP_cap,21.0,10.21,21,0,0,-1.0000,1.50,-1.0714,-1.1071,-1.1428,2021-02-03 07:00:00,2021-02-03 07:00:00,2021-02-03 07:00:00
control,validation,1,2021-02-04 09:00:00,2021-02-04 07:00:00,2021-02-04 11:00:00,SL,1.20110,1.19908,1.20412,TP_cap,20.2,12.79,26,0,0,-1.0000,1.50,-1.0744,-1.1116,-1.1489,2021-02-04 07:00:00,2021-02-04 07:00:00,2021-02-04 07:00:00
control,validation,1,2021-02-17 10:00:00,2021-02-17 08:00:00,2021-02-17 15:00:00,SL,1.20740,1.20524,1.21064,TP_cap,21.6,17.21,35,0,0,-1.0000,1.50,-1.0694,-1.1042,-1.1389,2021-02-17 08:00:00,2021-02-17 08:00:00,2021-02-17 08:00:00
control,validation,-1,2021-02-25 10:00:00,2021-02-25 08:00:00,2021-02-25 11:00:00,SL,1.21872,1.22118,1.21503,TP_cap,24.6,6.33,13,0,0,-1.0000,1.50,-1.0610,-1.0916,-1.1221,2021-02-25 08:00:00,2021-02-25 08:00:00,2021-02-25 08:00:00
control,validation,1,2021-03-01 12:00:00,2021-03-01 10:00:00,2021-03-02 09:00:00,SL,1.20387,1.20033,1.20917,TP_cap,35.4,83.14,167,1,1,-1.0000,2.30,-1.0651,-1.0976,-1.1301,2021-03-01 10:00:00,2021-03-01 10:00:00,2021-03-01 10:00:00
control,validation,1,2021-03-05 09:00:00,2021-03-05 07:00:00,2021-03-05 10:00:00,SL,1.19534,1.19268,1.19933,TP_cap,26.6,18.20,37,0,0,-1.0000,1.50,-1.0563,-1.0845,-1.1127,2021-03-05 07:00:00,2021-03-05 07:00:00,2021-03-05 07:00:00
control,validation,1,2021-03-24 09:00:00,2021-03-24 07:00:00,2021-03-24 09:00:00,SL,1.18468,1.18264,1.18774,TP_cap,20.4,13.71,28,0,0,-1.0000,1.50,-1.0735,-1.1102,-1.1470,2021-03-24 07:00:00,2021-03-24 07:00:00,2021-03-24 07:00:00
control,validation,1,2021-03-25 10:00:00,2021-03-25 08:00:00,2021-03-25 17:00:00,SL,1.18060,1.17858,1.18363,TP_cap,20.2,24.45,49,0,0,-1.0000,1.50,-1.0743,-1.1114,-1.1485,2021-03-25 08:00:00,2021-03-25 08:00:00,2021-03-25 08:00:00
control,validation,1,2021-03-26 14:00:00,2021-03-26 12:00:00,2021-03-26 20:00:00,SL,1.17743,1.17522,1.18074,TP_cap,22.1,29.92,60,0,0,0.4848,1.50,0.4168,0.3828,0.3488,2021-03-26 12:00:00,2021-03-26 12:00:00,2021-03-26 12:00:00
control,validation,1,2021-03-29 12:00:00,2021-03-29 09:00:00,2021-03-29 17:00:00,SL,1.17667,1.17446,1.17998,TP_cap,22.1,6.06,13,0,0,0.2100,1.50,0.1420,0.1080,0.0740,2021-03-29 09:00:00,2021-03-29 09:00:00,2021-03-29 09:00:00
control,validation,1,2021-03-30 10:00:00,2021-03-30 07:00:00,2021-03-30 16:00:00,SL,1.17474,1.17264,1.17789,TP_cap,21.0,9.57,20,0,0,-1.0000,1.50,-1.0714,-1.1071,-1.1427,2021-03-30 07:00:00,2021-03-30 07:00:00,2021-03-30 07:00:00
control,validation,-1,2021-04-06 16:00:00,2021-04-06 13:00:00,2021-04-06 19:00:00,SL,1.18286,1.18543,1.17901,TP_cap,25.7,30.96,62,0,0,-1.0000,1.50,-1.0584,-1.0876,-1.1168,2021-04-06 13:00:00,2021-04-06 13:00:00,2021-04-06 13:00:00
control,validation,-1,2021-04-08 10:00:00,2021-04-08 07:00:00,2021-04-08 14:00:00,SL,1.18815,1.19014,1.18516,TP_cap,19.9,24.58,50,0,0,0.3369,1.50,0.2615,0.2238,0.1861,2021-04-08 07:00:00,2021-04-08 07:00:00,2021-04-08 07:00:00
control,validation,-1,2021-04-08 16:00:00,2021-04-08 13:00:00,2021-04-08 19:00:00,SL,1.18926,1.19171,1.18559,TP_cap,24.5,21.50,43,0,0,-1.0000,1.50,-1.0612,-1.0918,-1.1225,2021-04-08 13:00:00,2021-04-08 13:00:00,2021-04-08 13:00:00
control,validation,-1,2021-04-14 10:00:00,2021-04-14 07:00:00,2021-04-14 15:00:00,SL,1.19692,1.19877,1.19414,TP_cap,18.5,14.09,29,0,0,0.1603,1.50,0.0793,0.0389,-0.0016,2021-04-14 07:00:00,2021-04-14 07:00:00,2021-04-14 07:00:00
control,validation,-1,2021-04-14 18:00:00,2021-04-14 15:00:00,2021-04-15 04:00:00,SL,1.19652,1.19886,1.19301,TP_cap,23.4,13.20,27,1,3,-1.0000,3.90,-1.1667,-1.2501,-1.3334,2021-04-14 15:00:00,2021-04-14 15:00:00,2021-04-14 15:00:00
control,validation,-1,2021-04-15 17:00:00,2021-04-15 14:00:00,2021-04-16 08:00:00,SL,1.19756,1.20000,1.19390,TP_cap,24.4,9.57,20,1,1,0.4603,2.30,0.3659,0.3187,0.2715,2021-04-15 14:00:00,2021-04-15 14:00:00,2021-04-15 14:00:00
control,validation,-1,2021-04-16 11:00:00,2021-04-16 08:00:00,2021-04-19 04:00:00,TIME_STOP,1.19876,1.20115,1.19517,TP_cap,23.9,8.43,17,1,1,1.0945,2.30,0.9984,0.9504,0.9023,2021-04-16 08:00:00,2021-04-16 08:00:00,2021-04-16 08:00:00
control,validation,-1,2021-04-19 11:00:00,2021-04-19 08:00:00,2021-04-19 14:00:00,SL,1.20198,1.20457,1.19810,TP_cap,25.9,6.41,13,0,0,-1.0000,1.50,-1.0580,-1.0870,-1.1160,2021-04-19 08:00:00,2021-04-19 08:00:00,2021-04-19 08:00:00
control,validation,-1,2021-04-20 17:00:00,2021-04-20 14:00:00,2021-04-21 11:00:00,TIME_STOP,1.20430,1.20708,1.20013,TP_cap,27.8,8.57,18,1,1,1.1412,2.30,1.0584,1.0170,0.9756,2021-04-20 14:00:00,2021-04-20 14:00:00,2021-04-20 14:00:00
control,validation,-1,2021-04-26 11:00:00,2021-04-26 08:00:00,2021-04-26 16:00:00,TP,1.20976,1.21196,1.20646,TP_cap,22.0,9.93,20,0,0,1.5000,1.50,1.4318,1.3977,1.3636,2021-04-26 08:00:00,2021-04-26 08:00:00,2021-04-26 08:00:00
control,validation,-1,2021-04-29 15:00:00,2021-04-29 12:00:00,2021-04-29 21:00:00,SL,1.21291,1.21542,1.20935,TP_mean,25.1,7.42,15,0,0,0.2614,1.50,0.2017,0.1718,0.1420,2021-04-29 12:00:00,2021-04-29 12:00:00,2021-04-29 12:00:00
control,validation,1,2021-04-30 18:00:00,2021-04-30 15:00:00,2021-05-03 18:00:00,SL,1.20395,1.20126,1.20798,TP_cap,26.9,32.19,65,1,1,0.7118,2.30,0.6262,0.5834,0.5406,2021-04-30 15:00:00,2021-04-30 15:00:00,2021-04-30 15:00:00
control,validation,-1,2021-05-07 16:00:00,2021-05-07 13:00:00,2021-05-07 18:00:00,SL,1.21290,1.21630,1.20781,TP_cap,34.0,nan,nan,0,0,-1.0000,1.50,-1.0442,-1.0663,-1.0883,2021-05-07 13:00:00,2021-05-07 13:00:00,2021-05-07 13:00:00
control,validation,-1,2021-05-18 11:00:00,2021-05-18 08:00:00,2021-05-18 15:00:00,SL,1.22024,1.22237,1.21705,TP_cap,21.3,1111.49,2223,0,0,-1.0000,1.50,-1.0705,-1.1058,-1.1410,2021-05-18 08:00:00,2021-05-18 08:00:00,2021-05-18 08:00:00
control,validation,-1,2021-05-18 18:00:00,2021-05-18 15:00:00,2021-05-19 09:00:00,SL,1.22183,1.22427,1.21817,TP_cap,24.4,nan,nan,1,1,-1.0000,2.30,-1.0944,-1.1416,-1.1888,2021-05-18 15:00:00,2021-05-18 15:00:00,2021-05-18 15:00:00
control,validation,1,2021-05-28 15:00:00,2021-05-28 12:00:00,2021-05-28 18:00:00,TP,1.21568,1.21310,1.21955,TP_cap,25.8,56.57,114,0,0,1.5000,1.50,1.4418,1.4128,1.3837,2021-05-28 12:00:00,2021-05-28 12:00:00,2021-05-28 12:00:00
control,validation,1,2021-06-03 16:00:00,2021-06-03 13:00:00,2021-06-03 17:00:00,SL,1.21585,1.21351,1.21936,TP_cap,23.4,14.56,30,0,0,-1.0000,1.50,-1.0641,-1.0961,-1.1281,2021-06-03 13:00:00,2021-06-03 13:00:00,2021-06-03 13:00:00
control,validation,1,2021-06-11 14:00:00,2021-06-11 11:00:00,2021-06-11 15:00:00,SL,1.21513,1.21290,1.21759,TP_mean,22.3,5.56,12,0,0,-1.0000,1.50,-1.0672,-1.1008,-1.1344,2021-06-11 11:00:00,2021-06-11 11:00:00,2021-06-11 11:00:00
control,validation,1,2021-06-17 10:00:00,2021-06-17 07:00:00,2021-06-17 10:00:00,SL,1.19868,1.19581,1.20299,TP_cap,28.7,20.07,41,0,0,-1.0000,1.50,-1.0523,-1.0784,-1.1045,2021-06-17 07:00:00,2021-06-17 07:00:00,2021-06-17 07:00:00
control,validation,1,2021-06-29 15:00:00,2021-06-29 12:00:00,2021-06-30 12:00:00,TIME_STOP,1.18904,1.18684,1.19234,TP_cap,22.0,10.24,21,1,1,-0.1818,2.30,-0.2864,-0.3387,-0.3909,2021-06-29 12:00:00,2021-06-29 12:00:00,2021-06-29 12:00:00
control,validation,1,2021-06-30 17:00:00,2021-06-30 14:00:00,2021-06-30 17:00:00,SL,1.18740,1.18512,1.19082,TP_cap,22.8,11.87,24,0,0,-1.0000,1.50,-1.0659,-1.0988,-1.1318,2021-06-30 14:00:00,2021-06-30 14:00:00,2021-06-30 14:00:00
control,validation,1,2021-07-01 11:00:00,2021-07-01 08:00:00,2021-07-01 14:00:00,TP,1.18479,1.18276,1.18783,TP_cap,20.3,17.73,36,0,0,1.5000,1.50,1.4261,1.3891,1.3521,2021-07-01 08:00:00,2021-07-01 08:00:00,2021-07-01 08:00:00
control,validation,1,2021-07-02 10:00:00,2021-07-02 07:00:00,2021-07-02 13:00:00,SL,1.18388,1.18219,1.18642,TP_cap,16.9,10.77,22,0,0,-1.0000,1.50,-1.0885,-1.1328,-1.1770,2021-07-02 07:00:00,2021-07-02 07:00:00,2021-07-02 07:00:00
control,validation,1,2021-07-07 17:00:00,2021-07-07 14:00:00,2021-07-08 14:00:00,TP,1.18051,1.17808,1.18416,TP_cap,24.3,11.96,24,1,3,1.5000,3.90,1.3395,1.2593,1.1791,2021-07-07 14:00:00,2021-07-07 14:00:00,2021-07-07 14:00:00
control,validation,1,2021-07-20 10:00:00,2021-07-20 07:00:00,2021-07-20 13:00:00,SL,1.17783,1.17594,1.18049,TP_mean,18.9,4.22,9,0,0,0.4575,1.50,0.3780,0.3382,0.2985,2021-07-20 07:00:00,2021-07-20 07:00:00,2021-07-20 07:00:00
control,validation,1,2021-07-20 16:00:00,2021-07-20 13:00:00,2021-07-20 21:00:00,TIME_STOP,1.17725,1.17475,1.18055,TP_mean,25.0,2.43,5,0,0,0.2595,1.50,0.1996,0.1697,0.1397,2021-07-20 13:00:00,2021-07-20 13:00:00,2021-07-20 13:00:00
control,validation,1,2021-07-21 10:00:00,2021-07-21 07:00:00,2021-07-21 15:00:00,SL,1.17630,1.17454,1.17894,TP_cap,17.6,2.85,6,0,0,0.2231,1.50,0.1378,0.0952,0.0525,2021-07-21 07:00:00,2021-07-21 07:00:00,2021-07-21 07:00:00
control,validation,-1,2021-07-27 16:00:00,2021-07-27 13:00:00,2021-07-27 20:00:00,SL,1.18186,1.18399,1.17885,TP_mean,21.3,7.07,15,0,0,-1.0000,1.50,-1.0704,-1.1057,-1.1409,2021-07-27 13:00:00,2021-07-27 13:00:00,2021-07-27 13:00:00
control,validation,-1,2021-07-29 10:00:00,2021-07-29 07:00:00,2021-07-29 11:00:00,SL,1.18525,1.18756,1.18179,TP_cap,23.1,12.23,25,0,0,-1.0000,1.50,-1.0651,-1.0976,-1.1301,2021-07-29 07:00:00,2021-07-29 07:00:00,2021-07-29 07:00:00
control,validation,-1,2021-08-02 13:00:00,2021-08-02 10:00:00,2021-08-02 16:00:00,SL,1.18954,1.19165,1.18638,TP_cap,21.1,10.03,21,0,0,0.4202,1.50,0.3490,0.3134,0.2779,2021-08-02 10:00:00,2021-08-02 10:00:00,2021-08-02 10:00:00
control,validation,1,2021-08-06 14:00:00,2021-08-06 11:00:00,2021-08-06 15:00:00,SL,1.18047,1.17873,1.18308,TP_cap,17.4,11.03,23,0,0,-1.0000,1.50,-1.0863,-1.1295,-1.1727,2021-08-06 11:00:00,2021-08-06 11:00:00,2021-08-06 11:00:00
control,validation,-1,2021-08-27 18:00:00,2021-08-27 15:00:00,2021-08-30 05:00:00,TIME_STOP,1.17865,1.18158,1.17542,TP_mean,29.3,5.39,11,1,1,-0.6730,2.30,-0.7515,-0.7908,-0.8301,2021-08-27 15:00:00,2021-08-27 15:00:00,2021-08-27 15:00:00
control,validation,-1,2021-08-30 18:00:00,2021-08-30 15:00:00,2021-08-31 07:00:00,TIME_STOP,1.17998,1.18207,1.17686,TP_mean,20.9,6.01,13,1,1,-0.9357,2.30,-1.0455,-1.1004,-1.1553,2021-08-30 15:00:00,2021-08-30 15:00:00,2021-08-30 15:00:00
control,validation,-1,2021-09-01 14:00:00,2021-09-01 11:00:00,2021-09-01 15:00:00,SL,1.18202,1.18388,1.17937,TP_mean,18.6,6.83,14,0,0,-1.0000,1.50,-1.0808,-1.1213,-1.1617,2021-09-01 11:00:00,2021-09-01 11:00:00,2021-09-01 11:00:00
control,validation,1,2021-09-13 10:00:00,2021-09-13 07:00:00,2021-09-13 17:00:00,TP,1.17796,1.17635,1.18037,TP_cap,16.1,8.59,18,0,0,1.5000,1.50,1.4067,1.3600,1.3133,2021-09-13 07:00:00,2021-09-13 07:00:00,2021-09-13 07:00:00
control,validation,1,2021-09-16 11:00:00,2021-09-16 08:00:00,2021-09-16 13:00:00,SL,1.17816,1.17639,1.18082,TP_cap,17.7,7.12,15,0,0,-1.0000,1.50,-1.0846,-1.1269,-1.1692,2021-09-16 08:00:00,2021-09-16 08:00:00,2021-09-16 08:00:00
control,validation,1,2021-09-17 17:00:00,2021-09-17 14:00:00,2021-09-17 18:00:00,SL,1.17538,1.17324,1.17858,TP_cap,21.4,9.98,20,0,0,-1.0000,1.50,-1.0702,-1.1053,-1.1404,2021-09-17 14:00:00,2021-09-17 14:00:00,2021-09-17 14:00:00
control,validation,1,2021-09-28 10:00:00,2021-09-28 07:00:00,2021-09-29 06:00:00,TIME_STOP,1.16765,1.16582,1.17039,TP_cap,18.3,9.77,20,1,1,0.4978,2.30,0.3720,0.3091,0.2462,2021-09-28 07:00:00,2021-09-28 07:00:00,2021-09-28 07:00:00
control,validation,1,2021-09-29 11:00:00,2021-09-29 08:00:00,2021-09-29 14:00:00,SL,1.16622,1.16427,1.16914,TP_cap,19.5,14.13,29,0,0,-1.0000,1.50,-1.0770,-1.1155,-1.1539,2021-09-29 08:00:00,2021-09-29 08:00:00,2021-09-29 08:00:00
control,validation,1,2021-10-01 11:00:00,2021-10-01 08:00:00,2021-10-01 17:00:00,SL,1.15786,1.15558,1.16128,TP_cap,22.8,16.29,33,0,0,0.4907,1.50,0.4249,0.3920,0.3591,2021-10-01 08:00:00,2021-10-01 08:00:00,2021-10-01 08:00:00
control,validation,-1,2021-10-14 10:00:00,2021-10-14 07:00:00,2021-10-14 12:00:00,SL,1.16017,1.16201,1.15740,TP_cap,18.4,13.05,27,0,0,-1.0000,1.50,-1.0814,-1.1221,-1.1627,2021-10-14 07:00:00,2021-10-14 07:00:00,2021-10-14 07:00:00
control,validation,-1,2021-10-14 16:00:00,2021-10-14 13:00:00,2021-10-14 22:00:00,SL,1.16064,1.16267,1.15760,TP_cap,20.3,13.32,27,0,0,0.2784,1.50,0.2044,0.1674,0.1304,2021-10-14 13:00:00,2021-10-14 13:00:00,2021-10-14 13:00:00
control,validation,-1,2021-10-19 10:00:00,2021-10-19 07:00:00,2021-10-20 02:00:00,TIME_STOP,1.16514,1.16710,1.16220,TP_cap,19.6,7.67,16,1,1,0.8514,2.30,0.7341,0.6755,0.6169,2021-10-19 07:00:00,2021-10-19 07:00:00,2021-10-19 07:00:00
control,validation,-1,2021-10-20 17:00:00,2021-10-20 14:00:00,2021-10-21 05:00:00,TIME_STOP,1.16478,1.16705,1.16178,TP_mean,22.7,5.97,12,1,3,-0.5916,3.90,-0.7638,-0.8499,-0.9359,2021-10-20 14:00:00,2021-10-20 14:00:00,2021-10-20 14:00:00
control,validation,1,2021-10-25 16:00:00,2021-10-25 13:00:00,2021-10-26 16:00:00,SL,1.15948,1.15683,1.16346,TP_cap,26.5,16.33,33,1,1,0.6132,2.30,0.5266,0.4832,0.4399,2021-10-25 13:00:00,2021-10-25 13:00:00,2021-10-25 13:00:00
control,validation,-1,2021-10-28 17:00:00,2021-10-28 14:00:00,2021-10-28 18:00:00,SL,1.16574,1.16912,1.16171,TP_mean,33.8,7.34,15,0,0,-1.0000,1.50,-1.0444,-1.0665,-1.0887,2021-10-28 14:00:00,2021-10-28 14:00:00,2021-10-28 14:00:00
control,validation,1,2021-11-05 11:00:00,2021-11-05 09:00:00,2021-11-05 14:00:00,SL,1.15490,1.15299,1.15772,TP_mean,19.1,5.52,12,0,0,-1.0000,1.50,-1.0786,-1.1179,-1.1572,2021-11-05 09:00:00,2021-11-05 09:00:00,2021-11-05 09:00:00
control,validation,1,2021-11-11 09:00:00,2021-11-11 07:00:00,2021-11-11 19:00:00,SL,1.14798,1.14533,1.15196,TP_cap,26.5,41.63,84,0,0,-1.0000,1.50,-1.0565,-1.0848,-1.1131,2021-11-11 07:00:00,2021-11-11 07:00:00,2021-11-11 07:00:00
control,validation,1,2021-11-16 09:00:00,2021-11-16 07:00:00,2021-11-16 12:00:00,SL,1.13778,1.13555,1.14113,TP_cap,22.3,9.78,20,0,0,-1.0000,1.50,-1.0672,-1.1007,-1.1343,2021-11-16 07:00:00,2021-11-16 07:00:00,2021-11-16 07:00:00
control,validation,1,2021-11-19 15:00:00,2021-11-19 13:00:00,2021-11-19 16:00:00,TP,1.12574,1.12257,1.13049,TP_cap,31.7,21.16,43,0,0,1.5000,1.50,1.4527,1.4290,1.4053,2021-11-19 13:00:00,2021-11-19 13:00:00,2021-11-19 13:00:00
control,validation,1,2021-11-23 09:00:00,2021-11-23 07:00:00,2021-11-23 11:00:00,TP,1.12407,1.12183,1.12744,TP_cap,22.4,10.94,22,0,0,1.5000,1.50,1.4332,1.3997,1.3663,2021-11-23 07:00:00,2021-11-23 07:00:00,2021-11-23 07:00:00
control,validation,1,2021-11-23 14:00:00,2021-11-23 12:00:00,2021-11-24 07:00:00,TIME_STOP,1.12433,1.12139,1.12874,TP_cap,29.4,8.13,17,1,1,-0.0204,2.30,-0.0987,-0.1378,-0.1769,2021-11-23 12:00:00,2021-11-23 12:00:00,2021-11-23 12:00:00
control,validation,1,2021-11-24 11:00:00,2021-11-24 09:00:00,2021-11-24 15:00:00,SL,1.12218,1.11981,1.12574,TP_cap,23.7,8.19,17,0,0,-1.0000,1.50,-1.0632,-1.0948,-1.1264,2021-11-24 09:00:00,2021-11-24 09:00:00,2021-11-24 09:00:00
control,validation,1,2021-11-25 15:00:00,2021-11-25 13:00:00,2021-11-25 23:00:00,TIME_STOP,1.12160,1.11960,1.12431,TP_mean,20.0,3.69,8,0,0,-0.4099,1.50,-0.4849,-0.5224,-0.5599,2021-11-25 13:00:00,2021-11-25 13:00:00,2021-11-25 13:00:00
control,validation,-1,2021-11-26 13:00:00,2021-11-26 11:00:00,2021-11-26 17:00:00,SL,1.12842,1.13132,1.12407,TP_cap,29.0,nan,nan,0,0,-1.0000,1.50,-1.0517,-1.0776,-1.1034,2021-11-26 11:00:00,2021-11-26 11:00:00,2021-11-26 11:00:00
control,validation,-1,2021-11-30 12:00:00,2021-11-30 10:00:00,2021-11-30 17:00:00,TP,1.13640,1.13919,1.13222,TP_cap,27.9,nan,nan,0,0,1.5000,1.50,1.4462,1.4192,1.3923,2021-11-30 10:00:00,2021-11-30 10:00:00,2021-11-30 10:00:00
control,validation,1,2021-12-07 16:00:00,2021-12-07 14:00:00,2021-12-08 03:00:00,TP,1.12402,1.12136,1.12802,TP_cap,26.6,13.37,27,1,1,1.5000,2.30,1.4137,1.3705,1.3274,2021-12-07 14:00:00,2021-12-07 14:00:00,2021-12-07 14:00:00
control,validation,-1,2021-12-16 15:00:00,2021-12-16 13:00:00,2021-12-16 15:00:00,SL,1.13281,1.13589,1.12881,TP_mean,30.8,10.10,21,0,0,-1.0000,1.50,-1.0487,-1.0731,-1.0975,2021-12-16 13:00:00,2021-12-16 13:00:00,2021-12-16 13:00:00
control,validation,-1,2022-01-12 16:00:00,2022-01-12 14:00:00,2022-01-12 19:00:00,SL,1.14101,1.14366,1.13703,TP_cap,26.5,12.77,26,0,0,-1.0000,1.50,-1.0565,-1.0848,-1.1131,2022-01-12 14:00:00,2022-01-12 14:00:00,2022-01-12 14:00:00
control,validation,1,2022-01-25 12:00:00,2022-01-25 10:00:00,2022-01-25 16:00:00,SL,1.12879,1.12649,1.13224,TP_cap,23.0,9.36,19,0,0,-1.0000,1.50,-1.0651,-1.0977,-1.1303,2022-01-25 10:00:00,2022-01-25 10:00:00,2022-01-25 10:00:00
control,validation,1,2022-01-26 12:00:00,2022-01-26 10:00:00,2022-01-26 21:00:00,SL,1.12868,1.12686,1.13142,TP_cap,18.2,8.92,18,0,0,-1.0000,1.50,-1.0822,-1.1234,-1.1645,2022-01-26 10:00:00,2022-01-26 10:00:00,2022-01-26 10:00:00
control,validation,-1,2022-02-03 17:00:00,2022-02-03 15:00:00,2022-02-03 18:00:00,SL,1.13914,1.14302,1.13332,TP_cap,38.8,32.18,65,0,0,-1.0000,1.50,-1.0387,-1.0580,-1.0774,2022-02-03 15:00:00,2022-02-03 15:00:00,2022-02-03 15:00:00
control,validation,-1,2022-02-07 15:00:00,2022-02-07 13:00:00,2022-02-07 21:00:00,SL,1.14551,1.14863,1.14083,TP_cap,31.2,15.82,32,0,0,0.4655,1.50,0.4174,0.3934,0.3693,2022-02-07 13:00:00,2022-02-07 13:00:00,2022-02-07 13:00:00
control,validation,1,2022-02-14 09:00:00,2022-02-14 07:00:00,2022-02-14 10:00:00,SL,1.13444,1.13110,1.13944,TP_cap,33.4,9.15,19,0,0,-1.0000,1.50,-1.0450,-1.0675,-1.0899,2022-02-14 07:00:00,2022-02-14 07:00:00,2022-02-14 07:00:00
control,validation,1,2022-02-22 09:00:00,2022-02-22 07:00:00,2022-02-22 12:00:00,TP,1.13042,1.12770,1.13449,TP_cap,27.2,10.73,22,0,0,1.5000,1.50,1.4448,1.4172,1.3896,2022-02-22 07:00:00,2022-02-22 07:00:00,2022-02-22 07:00:00
control,validation,1,2022-02-24 09:00:00,2022-02-24 07:00:00,2022-02-24 12:00:00,SL,1.12447,1.12060,1.13028,TP_cap,38.7,11.78,24,0,0,-1.0000,1.50,-1.0387,-1.0581,-1.0774,2022-02-24 07:00:00,2022-02-24 07:00:00,2022-02-24 07:00:00
control,validation,1,2022-02-25 11:00:00,2022-02-25 09:00:00,2022-02-25 17:00:00,TP,1.11776,1.11290,1.12504,TP_cap,48.6,19.94,40,0,0,1.5000,1.50,1.4691,1.4537,1.4382,2022-02-25 09:00:00,2022-02-25 09:00:00,2022-02-25 09:00:00
control,validation,1,2022-02-28 09:00:00,2022-02-28 07:00:00,2022-02-28 13:00:00,SL,1.11587,1.11067,1.12368,TP_cap,52.0,10.20,21,0,0,0.6772,1.50,0.6484,0.6340,0.6196,2022-02-28 07:00:00,2022-02-28 07:00:00,2022-02-28 07:00:00
control,validation,1,2022-03-02 09:00:00,2022-03-02 07:00:00,2022-03-02 11:00:00,SL,1.10975,1.10607,1.11527,TP_cap,36.8,5.93,12,0,0,-1.0000,1.50,-1.0407,-1.0611,-1.0815,2022-03-02 07:00:00,2022-03-02 07:00:00,2022-03-02 07:00:00
control,validation,1,2022-03-02 17:00:00,2022-03-02 15:00:00,2022-03-03 04:00:00,TIME_STOP,1.10935,1.10487,1.11608,TP_cap,44.8,5.48,11,1,3,0.1004,3.90,0.0134,-0.0301,-0.0736,2022-03-02 15:00:00,2022-03-02 15:00:00,2022-03-02 15:00:00
control,validation,-1,2022-03-17 11:00:00,2022-03-17 09:00:00,2022-03-17 17:00:00,SL,1.10529,1.10944,1.09906,TP_cap,41.5,11.27,23,0,0,-1.0000,1.50,-1.0361,-1.0542,-1.0723,2022-03-17 09:00:00,2022-03-17 09:00:00,2022-03-17 09:00:00
control,validation,1,2022-03-28 10:00:00,2022-03-28 07:00:00,2022-03-28 11:00:00,TP,1.09552,1.09300,1.09930,TP_cap,25.2,5.90,12,0,0,1.5000,1.50,1.4405,1.4108,1.3810,2022-03-28 07:00:00,2022-03-28 07:00:00,2022-03-28 07:00:00
control,validation,1,2022-03-28 16:00:00,2022-03-28 13:00:00,2022-03-28 19:00:00,TP,1.09567,1.09217,1.09959,TP_mean,35.0,4.82,10,0,0,1.1197,1.50,1.0768,1.0553,1.0339,2022-03-28 13:00:00,2022-03-28 13:00:00,2022-03-28 13:00:00
control,validation,-1,2022-03-29 13:00:00,2022-03-29 10:00:00,2022-03-29 14:00:00,SL,1.10373,1.10788,1.09965,TP_mean,41.5,5.42,11,0,0,-1.0000,1.50,-1.0362,-1.0543,-1.0723,2022-03-29 10:00:00,2022-03-29 10:00:00,2022-03-29 10:00:00
control,validation,-1,2022-03-30 17:00:00,2022-03-30 14:00:00,2022-03-31 13:00:00,TP,1.11640,1.12091,1.10963,TP_cap,45.1,64.17,129,1,3,1.5000,3.90,1.4135,1.3703,1.3271,2022-03-30 14:00:00,2022-03-30 14:00:00,2022-03-30 14:00:00
control,validation,1,2022-04-07 12:00:00,2022-04-07 09:00:00,2022-04-07 15:00:00,TP,1.08780,1.08478,1.09233,TP_cap,30.2,14.31,29,0,0,1.5000,1.50,1.4504,1.4256,1.4007,2022-04-07 09:00:00,2022-04-07 09:00:00,2022-04-07 09:00:00
control,validation,1,2022-04-08 10:00:00,2022-04-08 07:00:00,2022-04-08 14:00:00,SL,1.08616,1.08331,1.09043,TP_cap,28.5,9.95,20,0,0,0.1937,1.50,0.1410,0.1146,0.0883,2022-04-08 07:00:00,2022-04-08 07:00:00,2022-04-08 07:00:00
control,validation,1,2022-04-13 16:00:00,2022-04-13 13:00:00,2022-04-13 18:00:00,TP,1.08180,1.07873,1.08640,TP_cap,30.7,5.95,12,0,0,1.5000,1.50,1.4511,1.4267,1.4022,2022-04-13 13:00:00,2022-04-13 13:00:00,2022-04-13 13:00:00
control,validation,1,2022-04-14 17:00:00,2022-04-14 14:00:00,2022-04-15 03:00:00,SL,1.07707,1.07222,1.08434,TP_cap,48.5,7.28,15,1,1,0.6118,2.30,0.5644,0.5407,0.5169,2022-04-14 14:00:00,2022-04-14 14:00:00,2022-04-14 14:00:00
control,validation,-1,2022-04-20 18:00:00,2022-04-20 15:00:00,2022-04-21 08:00:00,SL,1.08642,1.08989,1.08121,TP_cap,34.7,8.39,17,1,3,0.5895,3.90,0.4771,0.4209,0.3648,2022-04-20 15:00:00,2022-04-20 15:00:00,2022-04-20 15:00:00
control,validation,-1,2022-04-21 10:00:00,2022-04-21 07:00:00,2022-04-21 17:00:00,TP,1.09022,1.09366,1.08506,TP_cap,34.4,nan,nan,0,0,1.5000,1.50,1.4564,1.4346,1.4128,2022-04-21 07:00:00,2022-04-21 07:00:00,2022-04-21 07:00:00
control,validation,1,2022-04-25 10:00:00,2022-04-25 07:00:00,2022-04-25 16:00:00,SL,1.07146,1.06763,1.07720,TP_cap,38.3,21.46,43,0,0,0.2718,1.50,0.2326,0.2130,0.1934,2022-04-25 07:00:00,2022-04-25 07:00:00,2022-04-25 07:00:00
control,validation,1,2022-04-26 11:00:00,2022-04-26 08:00:00,2022-04-26 17:00:00,SL,1.06763,1.06420,1.07278,TP_cap,34.3,63.42,127,0,0,-1.0000,1.50,-1.0437,-1.0655,-1.0874,2022-04-26 08:00:00,2022-04-26 08:00:00,2022-04-26 08:00:00
control,validation,1,2022-04-27 10:00:00,2022-04-27 07:00:00,2022-04-27 10:00:00,SL,1.06207,1.05905,1.06660,TP_cap,30.2,43.94,88,0,0,-1.0000,1.50,-1.0496,-1.0745,-1.0993,2022-04-27 07:00:00,2022-04-27 07:00:00,2022-04-27 07:00:00
control,validation,1,2022-04-27 12:00:00,2022-04-27 09:00:00,2022-04-27 15:00:00,SL,1.05882,1.05511,1.06438,TP_cap,37.1,54.82,110,0,0,-1.0000,1.50,-1.0405,-1.0607,-1.0809,2022-04-27 09:00:00,2022-04-27 09:00:00,2022-04-27 09:00:00
control,validation,1,2022-05-12 11:00:00,2022-05-12 08:00:00,2022-05-12 14:00:00,SL,1.04595,1.04192,1.05199,TP_cap,40.3,4.61,10,0,0,-1.0000,1.50,-1.0372,-1.0559,-1.0745,2022-05-12 08:00:00,2022-05-12 08:00:00,2022-05-12 08:00:00
control,validation,1,2022-05-13 13:00:00,2022-05-13 10:00:00,2022-05-16 06:00:00,SL,1.03743,1.03342,1.04344,TP_cap,40.1,39.46,79,1,1,0.3741,2.30,0.3167,0.2880,0.2593,2022-05-13 10:00:00,2022-05-13 10:00:00,2022-05-13 10:00:00
control,validation,-1,2022-05-23 10:00:00,2022-05-23 07:00:00,2022-05-23 11:00:00,SL,1.06061,1.06368,1.05601,TP_cap,30.7,8.97,18,0,0,-1.0000,1.50,-1.0489,-1.0733,-1.0978,2022-05-23 07:00:00,2022-05-23 07:00:00,2022-05-23 07:00:00
control,validation,1,2022-05-31 16:00:00,2022-05-31 13:00:00,2022-05-31 17:00:00,TP,1.06817,1.06450,1.07204,TP_mean,36.7,6.41,13,0,0,1.0534,1.50,1.0126,0.9922,0.9717,2022-05-31 13:00:00,2022-05-31 13:00:00,2022-05-31 13:00:00
control,validation,1,2022-06-01 18:00:00,2022-06-01 15:00:00,2022-06-02 18:00:00,TP,1.06675,1.06268,1.07285,TP_cap,40.7,16.71,34,1,3,1.5000,3.90,1.4041,1.3562,1.3082,2022-06-01 15:00:00,2022-06-01 15:00:00,2022-06-01 15:00:00
control,validation,1,2022-06-09 18:00:00,2022-06-09 15:00:00,2022-06-10 04:00:00,TIME_STOP,1.06489,1.06031,1.07041,TP_mean,45.8,4.56,10,1,1,-0.5500,2.30,-0.6002,-0.6253,-0.6504,2022-06-09 15:00:00,2022-06-09 15:00:00,2022-06-09 15:00:00
control,validation,1,2022-06-14 18:00:00,2022-06-14 15:00:00,2022-06-15 09:00:00,TP,1.04102,1.03633,1.04805,TP_cap,46.9,34.45,69,1,1,1.5000,2.30,1.4509,1.4264,1.4019,2022-06-14 15:00:00,2022-06-14 15:00:00,2022-06-14 15:00:00
control,validation,-1,2022-06-22 18:00:00,2022-06-22 15:00:00,2022-06-23 06:00:00,TIME_STOP,1.05971,1.06400,1.05328,TP_cap,42.9,5.90,12,1,3,0.6205,3.90,0.5295,0.4840,0.4385,2022-06-22 15:00:00,2022-06-22 15:00:00,2022-06-22 15:00:00
control,validation,-1,2022-06-23 10:00:00,2022-06-23 07:00:00,2022-06-23 10:00:00,TP,1.05781,1.06098,1.05322,TP_mean,31.7,4.91,10,0,0,1.4457,1.50,1.3985,1.3748,1.3512,2022-06-23 07:00:00,2022-06-23 07:00:00,2022-06-23 07:00:00
control,validation,-1,2022-06-27 18:00:00,2022-06-27 15:00:00,2022-06-28 04:00:00,TIME_STOP,1.05969,1.06327,1.05472,TP_mean,35.8,4.61,10,1,1,0.5779,2.30,0.5137,0.4816,0.4495,2022-06-27 15:00:00,2022-06-27 15:00:00,2022-06-27 15:00:00
control,validation,1,2022-06-29 10:00:00,2022-06-29 07:00:00,2022-06-29 16:00:00,SL,1.04907,1.04601,1.05366,TP_cap,30.6,7.28,15,0,0,0.3527,1.50,0.3036,0.2791,0.2546,2022-06-29 07:00:00,2022-06-29 07:00:00,2022-06-29 07:00:00
control,validation,1,2022-06-30 10:00:00,2022-06-30 07:00:00,2022-06-30 13:00:00,SL,1.04407,1.04103,1.04863,TP_cap,30.4,56.32,113,0,0,-1.0000,1.50,-1.0493,-1.0740,-1.0987,2022-06-30 07:00:00,2022-06-30 07:00:00,2022-06-30 07:00:00
control,validation,1,2022-07-01 17:00:00,2022-07-01 14:00:00,2022-07-04 14:00:00,TP,1.04001,1.03591,1.04615,TP_cap,41.0,27.62,56,1,1,1.5000,2.30,1.4438,1.4158,1.3877,2022-07-01 14:00:00,2022-07-01 14:00:00,2022-07-01 14:00:00
control,validation,1,2022-07-05 11:00:00,2022-07-05 08:00:00,2022-07-05 11:00:00,SL,1.03747,1.03429,1.04224,TP_cap,31.8,7.38,15,0,0,-1.0000,1.50,-1.0472,-1.0708,-1.0944,2022-07-05 08:00:00,2022-07-05 08:00:00,2022-07-05 08:00:00
control,validation,1,2022-07-07 10:00:00,2022-07-07 07:00:00,2022-07-07 16:00:00,SL,1.02005,1.01662,1.02519,TP_cap,34.3,27.78,56,0,0,-1.0000,1.50,-1.0438,-1.0656,-1.0875,2022-07-07 07:00:00,2022-07-07 07:00:00,2022-07-07 07:00:00
control,validation,1,2022-07-08 11:00:00,2022-07-08 08:00:00,2022-07-08 15:00:00,SL,1.01085,1.00651,1.01736,TP_cap,43.4,22.48,45,0,0,0.3303,1.50,0.2958,0.2785,0.2612,2022-07-08 08:00:00,2022-07-08 08:00:00,2022-07-08 08:00:00
control,validation,1,2022-07-11 11:00:00,2022-07-11 08:00:00,2022-07-11 16:00:00,SL,1.01109,1.00728,1.01680,TP_cap,38.1,8.64,18,0,0,-1.0000,1.50,-1.0394,-1.0591,-1.0788,2022-07-11 08:00:00,2022-07-11 08:00:00,2022-07-11 08:00:00
control,validation,1,2022-07-13 10:00:00,2022-07-13 07:00:00,2022-07-13 15:00:00,SL,1.00334,1.00003,1.00831,TP_cap,33.1,9.19,19,0,0,0.3332,1.50,0.2879,0.2653,0.2426,2022-07-13 07:00:00,2022-07-13 07:00:00,2022-07-13 07:00:00
control,validation,1,2022-07-14 10:00:00,2022-07-14 07:00:00,2022-07-14 13:00:00,SL,1.00069,0.99649,1.00699,TP_cap,42.0,7.17,15,0,0,0.2794,1.50,0.2437,0.2259,0.2080,2022-07-14 07:00:00,2022-07-14 07:00:00,2022-07-14 07:00:00
control,validation,1,2022-07-14 16:00:00,2022-07-14 13:00:00,2022-07-14 16:00:00,SL,1.00021,0.99565,1.00631,TP_mean,45.6,5.75,12,0,0,-1.0000,1.50,-1.0329,-1.0493,-1.0658,2022-07-14 13:00:00,2022-07-14 13:00:00,2022-07-14 13:00:00
control,validation,-1,2022-07-18 18:00:00,2022-07-18 15:00:00,2022-07-19 08:00:00,SL,1.01940,1.02449,1.01177,TP_cap,50.9,35.53,72,1,1,0.9423,2.30,0.8971,0.8745,0.8518,2022-07-18 15:00:00,2022-07-18 15:00:00,2022-07-18 15:00:00
control,validation,-1,2022-07-19 11:00:00,2022-07-19 08:00:00,2022-07-20 15:00:00,SL,1.02415,1.02893,1.01697,TP_cap,47.8,31.37,63,1,1,0.4409,2.30,0.3928,0.3688,0.3447,2022-07-19 08:00:00,2022-07-19 08:00:00,2022-07-19 08:00:00
control,validation,-1,2022-07-21 16:00:00,2022-07-21 13:00:00,2022-07-21 16:00:00,TP,1.02649,1.03162,1.01879,TP_cap,51.3,7.15,15,0,0,1.5000,1.50,1.4708,1.4562,1.4416,2022-07-21 13:00:00,2022-07-21 13:00:00,2022-07-21 13:00:00
control,validation,1,2022-07-26 15:00:00,2022-07-26 12:00:00,2022-07-27 01:00:00,TIME_STOP,1.01315,1.00890,1.01952,TP_cap,42.5,4.74,10,1,1,-0.3273,2.30,-0.3815,-0.4086,-0.4357,2022-07-26 12:00:00,2022-07-26 12:00:00,2022-07-26 12:00:00
control,validation,-1,2022-08-10 15:00:00,2022-08-10 12:00:00,2022-08-10 15:00:00,SL,1.02589,1.02854,1.02192,TP_cap,26.5,5.60,12,0,0,-1.0000,1.50,-1.0566,-1.0849,-1.1133,2022-08-10 12:00:00,2022-08-10 12:00:00,2022-08-10 12:00:00
control,validation,-1,2022-08-11 10:00:00,2022-08-11 07:00:00,2022-08-11 15:00:00,SL,1.03119,1.03442,1.02635,TP_cap,32.3,14.99,30,0,0,-1.0000,1.50,-1.0465,-1.0697,-1.0930,2022-08-11 07:00:00,2022-08-11 07:00:00,2022-08-11 07:00:00
control,validation,1,2022-08-19 10:00:00,2022-08-19 07:00:00,2022-08-19 14:00:00,SL,1.00806,1.00524,1.01229,TP_cap,28.2,10.71,22,0,0,-1.0000,1.50,-1.0532,-1.0799,-1.1065,2022-08-19 07:00:00,2022-08-19 07:00:00,2022-08-19 07:00:00
control,validation,1,2022-08-24 14:00:00,2022-08-24 11:00:00,2022-08-24 17:00:00,TP,0.99218,0.98875,0.99732,TP_cap,34.3,9.11,19,0,0,1.5000,1.50,1.4562,1.4344,1.4125,2022-08-24 11:00:00,2022-08-24 11:00:00,2022-08-24 11:00:00
control,validation,-1,2022-08-31 18:00:00,2022-08-31 15:00:00,2022-09-01 05:00:00,TIME_STOP,1.00543,1.01047,0.99955,TP_mean,50.4,5.44,11,1,3,0.5993,3.90,0.5219,0.4832,0.4445,2022-08-31 15:00:00,2022-08-31 15:00:00,2022-08-31 15:00:00
control,validation,1,2022-09-01 18:00:00,2022-09-01 15:00:00,2022-09-02 10:00:00,TIME_STOP,0.99319,0.98848,0.99967,TP_mean,47.1,7.74,16,1,1,0.9003,2.30,0.8514,0.8270,0.8026,2022-09-01 15:00:00,2022-09-01 15:00:00,2022-09-01 15:00:00
control,validation,1,2022-09-07 15:00:00,2022-09-07 12:00:00,2022-09-07 17:00:00,TP,0.98785,0.98404,0.99340,TP_mean,38.1,5.17,11,0,0,1.4574,1.50,1.4180,1.3983,1.3786,2022-09-07 12:00:00,2022-09-07 12:00:00,2022-09-07 12:00:00
control,validation,-1,2022-09-09 11:00:00,2022-09-09 08:00:00,2022-09-09 18:00:00,TP,1.00964,1.01384,1.00335,TP_cap,42.0,216.09,433,0,0,1.5000,1.50,1.4643,1.4464,1.4285,2022-09-09 08:00:00,2022-09-09 08:00:00,2022-09-09 08:00:00
control,validation,-1,2022-09-12 10:00:00,2022-09-12 07:00:00,2022-09-12 10:00:00,SL,1.01441,1.01884,1.00777,TP_cap,44.3,54.66,110,0,0,-1.0000,1.50,-1.0339,-1.0508,-1.0678,2022-09-12 07:00:00,2022-09-12 07:00:00,2022-09-12 07:00:00
control,validation,-1,2022-09-13 12:00:00,2022-09-13 09:00:00,2022-09-13 15:00:00,TP,1.01548,1.01904,1.01014,TP_cap,35.6,9.62,20,0,0,1.5000,1.50,1.4578,1.4368,1.4157,2022-09-13 09:00:00,2022-09-13 09:00:00,2022-09-13 09:00:00
control,validation,1,2022-09-21 10:00:00,2022-09-21 07:00:00,2022-09-21 14:00:00,SL,0.98976,0.98606,0.99531,TP_cap,37.0,10.91,22,0,0,0.2551,1.50,0.2145,0.1943,0.1740,2022-09-21 07:00:00,2022-09-21 07:00:00,2022-09-21 07:00:00
control,validation,1,2022-09-22 10:00:00,2022-09-22 07:00:00,2022-09-22 11:00:00,TP,0.98205,0.97768,0.98860,TP_cap,43.7,37.22,75,0,0,1.5000,1.50,1.4657,1.4485,1.4313,2022-09-22 07:00:00,2022-09-22 07:00:00,2022-09-22 07:00:00
control,validation,1,2022-09-22 17:00:00,2022-09-22 14:00:00,2022-09-23 10:00:00,SL,0.98383,0.97828,0.99216,TP_cap,55.5,22.19,45,1,1,-1.0000,2.30,-1.0414,-1.0622,-1.0829,2022-09-22 14:00:00,2022-09-22 14:00:00,2022-09-22 14:00:00
control,validation,-1,2022-10-04 16:00:00,2022-10-04 13:00:00,2022-10-04 18:00:00,SL,0.99242,0.99765,0.98458,TP_cap,52.3,7.82,16,0,0,-1.0000,1.50,-1.0287,-1.0430,-1.0574,2022-10-04 13:00:00,2022-10-04 13:00:00,2022-10-04 13:00:00
control,validation,-1,2022-10-18 10:00:00,2022-10-18 07:00:00,2022-10-18 15:00:00,SL,0.98626,0.99002,0.98061,TP_cap,37.6,12.82,26,0,0,0.4272,1.50,0.3873,0.3674,0.3475,2022-10-18 07:00:00,2022-10-18 07:00:00,2022-10-18 07:00:00
control,validation,-1,2022-10-25 17:00:00,2022-10-25 14:00:00,2022-10-26 10:00:00,SL,0.99678,1.00164,0.98950,TP_cap,48.6,18.38,37,1,1,-1.0000,2.30,-1.0474,-1.0711,-1.0947,2022-10-25 14:00:00,2022-10-25 14:00:00,2022-10-25 14:00:00
control,validation,-1,2022-10-27 11:00:00,2022-10-27 08:00:00,2022-10-27 15:00:00,TP,1.00664,1.01014,1.00139,TP_cap,35.0,18.54,38,0,0,1.5000,1.50,1.4571,1.4357,1.4143,2022-10-27 08:00:00,2022-10-27 08:00:00,2022-10-27 08:00:00
control,validation,1,2022-11-03 09:00:00,2022-11-03 07:00:00,2022-11-03 10:00:00,SL,0.98117,0.97713,0.98723,TP_cap,40.4,7.70,16,0,0,-1.0000,1.50,-1.0371,-1.0557,-1.0742,2022-11-03 07:00:00,2022-11-03 07:00:00,2022-11-03 07:00:00
control,validation,-1,2022-11-04 17:00:00,2022-11-04 15:00:00,2022-11-07 10:00:00,SL,0.99292,0.99896,0.98547,TP_mean,60.4,nan,nan,1,1,-1.0000,2.30,-1.0381,-1.0571,-1.0762,2022-11-04 15:00:00,2022-11-04 15:00:00,2022-11-04 15:00:00
control,validation,-1,2022-11-10 16:00:00,2022-11-10 14:00:00,2022-11-10 22:00:00,SL,1.01228,1.01910,1.00204,TP_cap,68.2,6.30,13,0,0,-1.0000,1.50,-1.0220,-1.0330,-1.0440,2022-11-10 14:00:00,2022-11-10 14:00:00,2022-11-10 14:00:00
control,validation,-1,2022-11-14 15:00:00,2022-11-14 13:00:00,2022-11-15 09:00:00,SL,1.03341,1.03891,1.02517,TP_cap,55.0,12.87,26,1,1,-1.0000,2.30,-1.0418,-1.0628,-1.0837,2022-11-14 13:00:00,2022-11-14 13:00:00,2022-11-14 13:00:00
control,validation,-1,2022-11-16 12:00:00,2022-11-16 10:00:00,2022-11-16 22:00:00,SL,1.04204,1.04834,1.03258,TP_cap,63.0,7.46,15,0,0,0.2809,1.50,0.2571,0.2452,0.2333,2022-11-16 10:00:00,2022-11-16 10:00:00,2022-11-16 10:00:00
control,validation,-1,2022-12-01 16:00:00,2022-12-01 14:00:00,2022-12-02 10:00:00,TIME_STOP,1.04895,1.05510,1.03972,TP_cap,61.5,8.97,18,1,1,-0.6519,2.30,-0.6893,-0.7080,-0.7266,2022-12-01 14:00:00,2022-12-01 14:00:00,2022-12-01 14:00:00
control,validation,-1,2022-12-13 16:00:00,2022-12-13 14:00:00,2022-12-14 01:00:00,TIME_STOP,1.06465,1.06943,1.05748,TP_cap,47.8,4.17,9,1,1,0.2722,2.30,0.2240,0.1999,0.1759,2022-12-13 14:00:00,2022-12-13 14:00:00,2022-12-13 14:00:00
control,validation,-1,2022-12-15 17:00:00,2022-12-15 15:00:00,2022-12-15 17:00:00,TP,1.06990,1.07476,1.06260,TP_cap,48.6,9.25,19,0,0,1.5000,1.50,1.4692,1.4537,1.4383,2022-12-15 15:00:00,2022-12-15 15:00:00,2022-12-15 15:00:00
control,validation,-1,2022-12-27 09:00:00,2022-12-27 07:00:00,2022-12-27 11:00:00,SL,1.06639,1.06858,1.06311,TP_cap,21.9,4.44,9,0,0,0.1928,1.50,0.1242,0.0900,0.0557,2022-12-27 07:00:00,2022-12-27 07:00:00,2022-12-27 07:00:00
control,validation,-1,2022-12-30 11:00:00,2022-12-30 09:00:00,2022-12-30 16:00:00,SL,1.06713,1.06987,1.06433,TP_mean,27.4,3.25,7,0,0,-1.0000,1.50,-1.0548,-1.0821,-1.1095,2022-12-30 09:00:00,2022-12-30 09:00:00,2022-12-30 09:00:00
challenger,train,-1,2015-02-03 17:00:00,2015-02-03 15:00:00,2015-02-03 18:00:00,SL,1.14364,1.14870,1.13605,TP_cap,50.6,4.14,9,0,0,-1.0000,1.50,-1.0296,-1.0444,-1.0593,2015-02-03 15:00:00,2015-02-03 15:00:00,2015-02-03 15:00:00
challenger,train,1,2015-02-23 15:00:00,2015-02-23 13:00:00,2015-02-23 19:00:00,SL,1.13032,1.12603,1.13675,TP_cap,42.9,7.59,16,0,0,0.5791,1.50,0.5441,0.5266,0.5091,2015-02-23 13:00:00,2015-02-23 13:00:00,2015-02-23 13:00:00
challenger,train,1,2015-03-04 17:00:00,2015-03-04 15:00:00,2015-03-05 05:00:00,TIME_STOP,1.10953,1.10583,1.11507,TP_cap,37.0,5.51,12,1,3,-0.6007,3.90,-0.7062,-0.7590,-0.8117,2015-03-04 15:00:00,2015-03-04 15:00:00,2015-03-04 15:00:00
challenger,train,1,2015-06-12 12:00:00,2015-06-12 09:00:00,2015-06-12 17:00:00,TP,1.11668,1.11111,1.12504,TP_cap,55.7,11.52,24,0,0,1.5000,1.50,1.4731,1.4596,1.4462,2015-06-12 09:00:00,2015-06-12 09:00:00,2015-06-12 09:00:00
challenger,train,-1,2015-08-12 10:00:00,2015-08-12 07:00:00,2015-08-12 10:00:00,SL,1.10741,1.11117,1.10177,TP_cap,37.6,10.21,21,0,0,-1.0000,1.50,-1.0399,-1.0598,-1.0798,2015-08-12 07:00:00,2015-08-12 07:00:00,2015-08-12 07:00:00
challenger,train,1,2016-01-22 15:00:00,2016-01-22 13:00:00,2016-01-25 05:00:00,TIME_STOP,1.08179,1.07761,1.08802,TP_mean,41.8,6.63,14,1,1,-0.1867,2.30,-0.2418,-0.2693,-0.2968,2016-01-22 13:00:00,2016-01-22 13:00:00,2016-01-22 13:00:00
challenger,train,1,2016-04-13 12:00:00,2016-04-13 09:00:00,2016-04-13 13:00:00,SL,1.13374,1.13054,1.13855,TP_cap,32.0,5.26,11,0,0,-1.0000,1.50,-1.0468,-1.0702,-1.0936,2016-04-13 09:00:00,2016-04-13 09:00:00,2016-04-13 09:00:00
challenger,train,-1,2016-07-14 15:00:00,2016-07-14 12:00:00,2016-07-14 20:00:00,SL,1.11514,1.11879,1.10966,TP_cap,36.5,20.63,42,0,0,0.6147,1.50,0.5737,0.5532,0.5326,2016-07-14 12:00:00,2016-07-14 12:00:00,2016-07-14 12:00:00
challenger,train,1,2016-10-21 10:00:00,2016-10-21 07:00:00,2016-10-21 10:00:00,SL,1.09076,1.08821,1.09459,TP_cap,25.5,9.83,20,0,0,-1.0000,1.50,-1.0588,-1.0882,-1.1175,2016-10-21 07:00:00,2016-10-21 07:00:00,2016-10-21 07:00:00
challenger,train,1,2016-10-25 17:00:00,2016-10-25 14:00:00,2016-10-25 18:00:00,TP,1.08541,1.08318,1.08875,TP_cap,22.3,9.86,20,0,0,1.5000,1.50,1.4327,1.3991,1.3655,2016-10-25 14:00:00,2016-10-25 14:00:00,2016-10-25 14:00:00
challenger,train,1,2016-11-15 16:00:00,2016-11-15 14:00:00,2016-11-16 02:00:00,TIME_STOP,1.07338,1.06897,1.08000,TP_cap,44.1,4.91,10,1,1,-0.2243,2.30,-0.2764,-0.3024,-0.3285,2016-11-15 14:00:00,2016-11-15 14:00:00,2016-11-15 14:00:00
challenger,train,1,2016-11-16 10:00:00,2016-11-16 08:00:00,2016-11-16 18:00:00,SL,1.07051,1.06660,1.07638,TP_cap,39.1,6.52,14,0,0,-1.0000,1.50,-1.0383,-1.0575,-1.0767,2016-11-16 08:00:00,2016-11-16 08:00:00,2016-11-16 08:00:00
challenger,train,1,2017-03-01 14:00:00,2017-03-01 12:00:00,2017-03-01 21:00:00,SL,1.05349,1.05043,1.05746,TP_mean,30.6,7.62,16,0,0,0.3946,1.50,0.3456,0.3211,0.2966,2017-03-01 12:00:00,2017-03-01 12:00:00,2017-03-01 12:00:00
challenger,train,-1,2017-03-21 11:00:00,2017-03-21 09:00:00,2017-03-22 03:00:00,TIME_STOP,1.07954,1.08217,1.07559,TP_cap,26.3,7.69,16,1,1,-0.1405,2.30,-0.2278,-0.2715,-0.3151,2017-03-21 09:00:00,2017-03-21 09:00:00,2017-03-21 09:00:00
challenger,train,-1,2017-05-04 18:00:00,2017-05-04 15:00:00,2017-05-04 19:00:00,SL,1.09448,1.09722,1.09117,TP_mean,27.4,5.10,11,0,0,-1.0000,1.50,-1.0547,-1.0821,-1.1094,2017-05-04 15:00:00,2017-05-04 15:00:00,2017-05-04 15:00:00
challenger,train,-1,2017-06-02 17:00:00,2017-06-02 14:00:00,2017-06-05 20:00:00,SL,1.12758,1.13059,1.12307,TP_cap,30.1,27.65,56,1,1,0.6458,2.30,0.5693,0.5311,0.4928,2017-06-02 14:00:00,2017-06-02 14:00:00,2017-06-02 14:00:00
challenger,train,-1,2017-08-21 18:00:00,2017-08-21 15:00:00,2017-08-22 11:00:00,TP,1.18147,1.18439,1.17709,TP_cap,29.2,19.27,39,1,1,1.5000,2.30,1.4212,1.3818,1.3424,2017-08-21 15:00:00,2017-08-21 15:00:00,2017-08-21 15:00:00
challenger,train,-1,2017-09-07 13:00:00,2017-09-07 10:00:00,2017-09-07 15:00:00,SL,1.19801,1.20095,1.19360,TP_cap,29.4,22.82,46,0,0,-1.0000,1.50,-1.0510,-1.0765,-1.1020,2017-09-07 10:00:00,2017-09-07 10:00:00,2017-09-07 10:00:00
challenger,train,1,2017-10-05 18:00:00,2017-10-05 15:00:00,2017-10-06 07:00:00,SL,1.17143,1.16870,1.17541,TP_mean,27.3,7.36,15,1,1,-1.0000,2.30,-1.0842,-1.1264,-1.1685,2017-10-05 15:00:00,2017-10-05 15:00:00,2017-10-05 15:00:00
challenger,train,-1,2017-11-09 14:00:00,2017-11-09 12:00:00,2017-11-09 15:00:00,TP,1.16399,1.16643,1.16046,TP_mean,24.4,9.11,19,0,0,1.4467,1.50,1.3851,1.3544,1.3236,2017-11-09 12:00:00,2017-11-09 12:00:00,2017-11-09 12:00:00
challenger,train,1,2017-12-06 16:00:00,2017-12-06 14:00:00,2017-12-07 08:00:00,TIME_STOP,1.18078,1.17795,1.18503,TP_cap,28.3,7.52,16,1,3,-0.5476,3.90,-0.6853,-0.7542,-0.8231,2017-12-06 14:00:00,2017-12-06 14:00:00,2017-12-06 14:00:00
challenger,train,1,2018-04-03 17:00:00,2018-04-03 14:00:00,2018-04-04 07:00:00,TIME_STOP,1.22580,1.22259,1.23062,TP_cap,32.1,6.77,14,1,1,0.7568,2.30,0.6852,0.6493,0.6135,2018-04-03 14:00:00,2018-04-03 14:00:00,2018-04-03 14:00:00
challenger,train,1,2018-04-06 11:00:00,2018-04-06 08:00:00,2018-04-06 16:00:00,TP,1.22270,1.22020,1.22645,TP_cap,25.0,4.08,9,0,0,1.5000,1.50,1.4400,1.4100,1.3800,2018-04-06 08:00:00,2018-04-06 08:00:00,2018-04-06 08:00:00
challenger,train,-1,2018-04-09 16:00:00,2018-04-09 13:00:00,2018-04-10 14:00:00,SL,1.23132,1.23424,1.22736,TP_mean,29.2,12.93,26,1,1,-1.0000,2.30,-1.0788,-1.1182,-1.1575,2018-04-09 13:00:00,2018-04-09 13:00:00,2018-04-09 13:00:00
challenger,train,-1,2018-04-18 16:00:00,2018-04-18 13:00:00,2018-04-19 06:00:00,SL,1.23915,1.24189,1.23565,TP_mean,27.4,8.67,18,1,3,0.3504,3.90,0.2081,0.1370,0.0659,2018-04-18 13:00:00,2018-04-18 13:00:00,2018-04-18 13:00:00
challenger,train,1,2018-04-20 11:00:00,2018-04-20 08:00:00,2018-04-20 12:00:00,SL,1.23250,1.22992,1.23633,TP_mean,25.8,13.67,28,0,0,-1.0000,1.50,-1.0582,-1.0873,-1.1164,2018-04-20 08:00:00,2018-04-20 08:00:00,2018-04-20 08:00:00
challenger,train,-1,2018-09-20 14:00:00,2018-09-20 11:00:00,2018-09-20 14:00:00,SL,1.17203,1.17484,1.16782,TP_cap,28.1,6.30,13,0,0,-1.0000,1.50,-1.0534,-1.0801,-1.1069,2018-09-20 11:00:00,2018-09-20 11:00:00,2018-09-20 11:00:00
challenger,train,1,2018-10-09 14:00:00,2018-10-09 11:00:00,2018-10-09 20:00:00,TP,1.14486,1.14202,1.14911,TP_cap,28.4,12.12,25,0,0,1.5000,1.50,1.4471,1.4207,1.3942,2018-10-09 11:00:00,2018-10-09 11:00:00,2018-10-09 11:00:00
challenger,train,1,2018-10-24 12:00:00,2018-10-24 09:00:00,2018-10-24 15:00:00,SL,1.14157,1.13861,1.14601,TP_cap,29.6,14.08,29,0,0,-1.0000,1.50,-1.0507,-1.0761,-1.1014,2018-10-24 09:00:00,2018-10-24 09:00:00,2018-10-24 09:00:00
challenger,train,1,2018-11-27 17:00:00,2018-11-27 15:00:00,2018-11-28 19:00:00,TP,1.12967,1.12666,1.13418,TP_cap,30.1,18.59,38,1,1,1.5000,2.30,1.4235,1.3853,1.3470,2018-11-27 15:00:00,2018-11-27 15:00:00,2018-11-27 15:00:00
challenger,train,1,2018-12-14 11:00:00,2018-12-14 09:00:00,2018-12-17 06:00:00,TIME_STOP,1.12872,1.12560,1.13340,TP_cap,31.2,9.20,19,1,1,0.7185,2.30,0.6447,0.6078,0.5709,2018-12-14 09:00:00,2018-12-14 09:00:00,2018-12-14 09:00:00
challenger,train,-1,2018-12-21 10:00:00,2018-12-21 08:00:00,2018-12-21 11:00:00,TP,1.14686,1.14983,1.14241,TP_cap,29.7,9.18,19,0,0,1.5000,1.50,1.4495,1.4242,1.3989,2018-12-21 08:00:00,2018-12-21 08:00:00,2018-12-21 08:00:00
challenger,train,-1,2019-01-02 09:00:00,2019-01-02 07:00:00,2019-01-02 10:00:00,TP,1.14848,1.15187,1.14340,TP_cap,33.9,11.16,23,0,0,1.5000,1.50,1.4557,1.4335,1.4114,2019-01-02 07:00:00,2019-01-02 07:00:00,2019-01-02 07:00:00
challenger,train,-1,2019-01-09 17:00:00,2019-01-09 15:00:00,2019-01-10 03:00:00,SL,1.15239,1.15588,1.14715,TP_cap,34.9,11.13,23,1,3,-1.0000,3.90,-1.1117,-1.1676,-1.2235,2019-01-09 15:00:00,2019-01-09 15:00:00,2019-01-09 15:00:00
challenger,train,-1,2019-02-27 16:00:00,2019-02-27 14:00:00,2019-02-28 02:00:00,TIME_STOP,1.13844,1.14051,1.13582,TP_mean,20.7,4.97,10,1,3,0.2651,3.90,0.0771,-0.0169,-0.1109,2019-02-27 14:00:00,2019-02-27 14:00:00,2019-02-27 14:00:00
challenger,train,-1,2019-02-28 14:00:00,2019-02-28 12:00:00,2019-02-28 15:00:00,TP,1.14165,1.14374,1.13851,TP_cap,20.9,7.02,15,0,0,1.5000,1.50,1.4284,1.3925,1.3567,2019-02-28 12:00:00,2019-02-28 12:00:00,2019-02-28 12:00:00
challenger,train,1,2019-03-04 13:00:00,2019-03-04 11:00:00,2019-03-04 17:00:00,SL,1.13372,1.13161,1.13689,TP_cap,21.1,17.82,36,0,0,-1.0000,1.50,-1.0710,-1.1065,-1.1420,2019-03-04 11:00:00,2019-03-04 11:00:00,2019-03-04 11:00:00
challenger,train,1,2019-03-07 15:00:00,2019-03-07 13:00:00,2019-03-07 15:00:00,SL,1.12882,1.12679,1.13186,TP_cap,20.3,9.61,20,0,0,-1.0000,1.50,-1.0741,-1.1111,-1.1481,2019-03-07 13:00:00,2019-03-07 13:00:00,2019-03-07 13:00:00
challenger,train,-1,2019-05-10 10:00:00,2019-05-10 07:00:00,2019-05-10 16:00:00,SL,1.12272,1.12469,1.12029,TP_mean,19.7,5.50,12,0,0,-1.0000,1.50,-1.0763,-1.1144,-1.1526,2019-05-10 07:00:00,2019-05-10 07:00:00,2019-05-10 07:00:00
challenger,train,-1,2019-05-13 16:00:00,2019-05-13 13:00:00,2019-05-13 18:00:00,TP,1.12570,1.12767,1.12275,TP_cap,19.7,7.83,16,0,0,1.5000,1.50,1.4237,1.3855,1.3474,2019-05-13 13:00:00,2019-05-13 13:00:00,2019-05-13 13:00:00
challenger,train,1,2019-05-21 17:00:00,2019-05-21 14:00:00,2019-05-21 17:00:00,TP,1.11499,1.11338,1.11731,TP_mean,16.1,5.52,12,0,0,1.4419,1.50,1.3486,1.3019,1.2553,2019-05-21 14:00:00,2019-05-21 14:00:00,2019-05-21 14:00:00
challenger,train,-1,2019-05-24 10:00:00,2019-05-24 07:00:00,2019-05-27 05:00:00,SL,1.11954,1.12134,1.11684,TP_cap,18.0,17.51,36,1,1,-1.0000,2.30,-1.1278,-1.1917,-1.2556,2019-05-24 07:00:00,2019-05-24 07:00:00,2019-05-24 07:00:00
challenger,train,1,2019-06-18 12:00:00,2019-06-18 09:00:00,2019-06-19 15:00:00,TIME_STOP,1.11892,1.11688,1.12198,TP_cap,20.4,13.18,27,1,1,0.6670,2.30,0.5542,0.4978,0.4414,2019-06-18 09:00:00,2019-06-18 09:00:00,2019-06-18 09:00:00
challenger,train,1,2019-08-14 17:00:00,2019-08-14 14:00:00,2019-08-14 22:00:00,SL,1.11572,1.11323,1.11916,TP_mean,24.9,4.22,9,0,0,-1.0000,1.50,-1.0602,-1.0904,-1.1205,2019-08-14 14:00:00,2019-08-14 14:00:00,2019-08-14 14:00:00
challenger,train,1,2019-09-30 15:00:00,2019-09-30 12:00:00,2019-09-30 15:00:00,SL,1.09080,1.08893,1.09361,TP_cap,18.7,10.29,21,0,0,-1.0000,1.50,-1.0802,-1.1202,-1.1603,2019-09-30 12:00:00,2019-09-30 12:00:00,2019-09-30 12:00:00
challenger,train,-1,2019-10-11 14:00:00,2019-10-11 11:00:00,2019-10-11 14:00:00,SL,1.10351,1.10556,1.10044,TP_cap,20.5,18.05,37,0,0,-1.0000,1.50,-1.0733,-1.1099,-1.1466,2019-10-11 11:00:00,2019-10-11 11:00:00,2019-10-11 11:00:00
challenger,train,1,2019-12-20 14:00:00,2019-12-20 12:00:00,2019-12-20 18:00:00,SL,1.10972,1.10808,1.11218,TP_cap,16.4,10.57,22,0,0,-1.0000,1.50,-1.0916,-1.1375,-1.1833,2019-12-20 12:00:00,2019-12-20 12:00:00,2019-12-20 12:00:00
challenger,train,1,2020-01-17 14:00:00,2020-01-17 12:00:00,2020-01-17 16:00:00,SL,1.11122,1.10970,1.11348,TP_mean,15.2,14.89,30,0,0,-1.0000,1.50,-1.0990,-1.1484,-1.1979,2020-01-17 12:00:00,2020-01-17 12:00:00,2020-01-17 12:00:00
challenger,train,1,2020-01-24 09:00:00,2020-01-24 07:00:00,2020-01-24 11:00:00,SL,1.10504,1.10363,1.10715,TP_cap,14.1,7.27,15,0,0,-1.0000,1.50,-1.1065,-1.1597,-1.2130,2020-01-24 07:00:00,2020-01-24 07:00:00,2020-01-24 07:00:00
challenger,train,1,2020-03-17 13:00:00,2020-03-17 11:00:00,2020-03-17 16:00:00,SL,1.10279,1.09656,1.11213,TP_cap,62.3,7.31,15,0,0,-1.0000,1.50,-1.0241,-1.0361,-1.0482,2020-03-17 11:00:00,2020-03-17 11:00:00,2020-03-17 11:00:00
challenger,train,-1,2020-04-14 16:00:00,2020-04-14 13:00:00,2020-04-15 07:00:00,TIME_STOP,1.09708,1.10031,1.09224,TP_cap,32.3,7.14,15,1,1,-0.1951,2.30,-0.2664,-0.3020,-0.3376,2020-04-14 13:00:00,2020-04-14 13:00:00,2020-04-14 13:00:00
challenger,train,1,2020-04-23 11:00:00,2020-04-23 08:00:00,2020-04-23 13:00:00,SL,1.07962,1.07666,1.08407,TP_cap,29.6,5.76,12,0,0,-1.0000,1.50,-1.0506,-1.0759,-1.1012,2020-04-23 08:00:00,2020-04-23 08:00:00,2020-04-23 08:00:00
challenger,train,-1,2020-07-13 18:00:00,2020-07-13 15:00:00,2020-07-14 11:00:00,SL,1.13674,1.13966,1.13236,TP_cap,29.2,14.17,29,1,1,0.7650,2.30,0.6862,0.6468,0.6074,2020-07-13 15:00:00,2020-07-13 15:00:00,2020-07-13 15:00:00
challenger,train,-1,2020-10-05 17:00:00,2020-10-05 14:00:00,2020-10-06 15:00:00,TIME_STOP,1.17859,1.18146,1.17429,TP_cap,28.7,10.72,22,1,1,-0.3419,2.30,-0.4221,-0.4622,-0.5023,2020-10-05 14:00:00,2020-10-05 14:00:00,2020-10-05 14:00:00
challenger,train,-1,2020-10-09 18:00:00,2020-10-09 15:00:00,2020-10-12 15:00:00,SL,1.18147,1.18386,1.17789,TP_cap,23.9,12.76,26,1,1,0.2948,2.30,0.1986,0.1504,0.1023,2020-10-09 15:00:00,2020-10-09 15:00:00,2020-10-09 15:00:00
challenger,train,1,2020-10-13 18:00:00,2020-10-13 15:00:00,2020-10-15 11:00:00,SL,1.17441,1.17177,1.17834,TP_mean,26.4,31.19,63,2,4,-1.0000,4.70,-1.1782,-1.2673,-1.3565,2020-10-13 15:00:00,2020-10-13 15:00:00,2020-10-13 15:00:00
challenger,train,-1,2020-11-25 10:00:00,2020-11-25 08:00:00,2020-11-25 15:00:00,SL,1.19068,1.19312,1.18703,TP_cap,24.4,6.90,14,0,0,0.3212,1.50,0.2596,0.2288,0.1980,2020-11-25 08:00:00,2020-11-25 08:00:00,2020-11-25 08:00:00
challenger,train,-1,2020-12-01 10:00:00,2020-12-01 08:00:00,2020-12-01 15:00:00,SL,1.19686,1.19905,1.19368,TP_mean,21.9,8.25,17,0,0,-1.0000,1.50,-1.0684,-1.1026,-1.1368,2020-12-01 08:00:00,2020-12-01 08:00:00,2020-12-01 08:00:00
challenger,train,-1,2020-12-17 09:00:00,2020-12-17 07:00:00,2020-12-17 17:00:00,SL,1.22308,1.22607,1.21860,TP_cap,29.9,4.30,9,0,0,-1.0000,1.50,-1.0502,-1.0753,-1.1003,2020-12-17 07:00:00,2020-12-17 07:00:00,2020-12-17 07:00:00
challenger,validation,1,2021-02-02 13:00:00,2021-02-02 11:00:00,2021-02-03 02:00:00,TIME_STOP,1.20352,1.20062,1.20786,TP_cap,29.0,6.19,13,1,1,0.0483,2.30,-0.0311,-0.0708,-0.1105,2021-02-02 11:00:00,2021-02-02 11:00:00,2021-02-02 11:00:00
challenger,validation,-1,2021-02-25 10:00:00,2021-02-25 08:00:00,2021-02-25 11:00:00,SL,1.21872,1.22118,1.21503,TP_cap,24.6,6.33,13,0,0,-1.0000,1.50,-1.0610,-1.0916,-1.1221,2021-02-25 08:00:00,2021-02-25 08:00:00,2021-02-25 08:00:00
challenger,validation,1,2021-06-03 16:00:00,2021-06-03 13:00:00,2021-06-03 17:00:00,SL,1.21585,1.21351,1.21936,TP_cap,23.4,14.56,30,0,0,-1.0000,1.50,-1.0641,-1.0961,-1.1281,2021-06-03 13:00:00,2021-06-03 13:00:00,2021-06-03 13:00:00
challenger,validation,1,2021-06-29 15:00:00,2021-06-29 12:00:00,2021-06-30 12:00:00,TIME_STOP,1.18904,1.18684,1.19234,TP_cap,22.0,10.24,21,1,1,-0.1818,2.30,-0.2864,-0.3387,-0.3909,2021-06-29 12:00:00,2021-06-29 12:00:00,2021-06-29 12:00:00
challenger,validation,1,2021-06-30 17:00:00,2021-06-30 14:00:00,2021-06-30 17:00:00,SL,1.18740,1.18512,1.19082,TP_cap,22.8,11.87,24,0,0,-1.0000,1.50,-1.0659,-1.0988,-1.1318,2021-06-30 14:00:00,2021-06-30 14:00:00,2021-06-30 14:00:00
challenger,validation,-1,2021-07-27 16:00:00,2021-07-27 13:00:00,2021-07-27 20:00:00,SL,1.18186,1.18399,1.17885,TP_mean,21.3,7.07,15,0,0,-1.0000,1.50,-1.0704,-1.1057,-1.1409,2021-07-27 13:00:00,2021-07-27 13:00:00,2021-07-27 13:00:00
challenger,validation,-1,2021-07-29 10:00:00,2021-07-29 07:00:00,2021-07-29 11:00:00,SL,1.18525,1.18756,1.18179,TP_cap,23.1,12.23,25,0,0,-1.0000,1.50,-1.0651,-1.0976,-1.1301,2021-07-29 07:00:00,2021-07-29 07:00:00,2021-07-29 07:00:00
challenger,validation,1,2021-09-16 11:00:00,2021-09-16 08:00:00,2021-09-16 13:00:00,SL,1.17816,1.17639,1.18082,TP_cap,17.7,7.12,15,0,0,-1.0000,1.50,-1.0846,-1.1269,-1.1692,2021-09-16 08:00:00,2021-09-16 08:00:00,2021-09-16 08:00:00
challenger,validation,1,2021-09-29 11:00:00,2021-09-29 08:00:00,2021-09-29 14:00:00,SL,1.16622,1.16427,1.16914,TP_cap,19.5,14.13,29,0,0,-1.0000,1.50,-1.0770,-1.1155,-1.1539,2021-09-29 08:00:00,2021-09-29 08:00:00,2021-09-29 08:00:00
challenger,validation,-1,2021-10-14 10:00:00,2021-10-14 07:00:00,2021-10-14 12:00:00,SL,1.16017,1.16201,1.15740,TP_cap,18.4,13.05,27,0,0,-1.0000,1.50,-1.0814,-1.1221,-1.1627,2021-10-14 07:00:00,2021-10-14 07:00:00,2021-10-14 07:00:00
challenger,validation,1,2021-12-07 16:00:00,2021-12-07 14:00:00,2021-12-08 03:00:00,TP,1.12402,1.12136,1.12802,TP_cap,26.6,13.37,27,1,1,1.5000,2.30,1.4137,1.3705,1.3274,2021-12-07 14:00:00,2021-12-07 14:00:00,2021-12-07 14:00:00
challenger,validation,-1,2022-01-12 16:00:00,2022-01-12 14:00:00,2022-01-12 19:00:00,SL,1.14101,1.14366,1.13703,TP_cap,26.5,12.77,26,0,0,-1.0000,1.50,-1.0565,-1.0848,-1.1131,2022-01-12 14:00:00,2022-01-12 14:00:00,2022-01-12 14:00:00
challenger,validation,1,2022-01-25 12:00:00,2022-01-25 10:00:00,2022-01-25 16:00:00,SL,1.12879,1.12649,1.13224,TP_cap,23.0,9.36,19,0,0,-1.0000,1.50,-1.0651,-1.0977,-1.1303,2022-01-25 10:00:00,2022-01-25 10:00:00,2022-01-25 10:00:00
challenger,validation,-1,2022-03-17 11:00:00,2022-03-17 09:00:00,2022-03-17 17:00:00,SL,1.10529,1.10944,1.09906,TP_cap,41.5,11.27,23,0,0,-1.0000,1.50,-1.0361,-1.0542,-1.0723,2022-03-17 09:00:00,2022-03-17 09:00:00,2022-03-17 09:00:00
challenger,validation,-1,2022-05-23 12:00:00,2022-05-23 09:00:00,2022-05-23 12:00:00,SL,1.06460,1.06815,1.05927,TP_cap,35.5,8.27,17,0,0,-1.0000,1.50,-1.0422,-1.0634,-1.0845,2022-05-23 09:00:00,2022-05-23 09:00:00,2022-05-23 09:00:00
challenger,validation,-1,2022-06-22 18:00:00,2022-06-22 15:00:00,2022-06-23 06:00:00,TIME_STOP,1.05971,1.06400,1.05328,TP_cap,42.9,5.90,12,1,3,0.6205,3.90,0.5295,0.4840,0.4385,2022-06-22 15:00:00,2022-06-22 15:00:00,2022-06-22 15:00:00
challenger,validation,-1,2022-06-27 18:00:00,2022-06-27 15:00:00,2022-06-28 04:00:00,TIME_STOP,1.05969,1.06327,1.05472,TP_mean,35.8,4.61,10,1,1,0.5779,2.30,0.5137,0.4816,0.4495,2022-06-27 15:00:00,2022-06-27 15:00:00,2022-06-27 15:00:00
challenger,validation,1,2022-07-05 11:00:00,2022-07-05 08:00:00,2022-07-05 11:00:00,SL,1.03747,1.03429,1.04224,TP_cap,31.8,7.38,15,0,0,-1.0000,1.50,-1.0472,-1.0708,-1.0944,2022-07-05 08:00:00,2022-07-05 08:00:00,2022-07-05 08:00:00
challenger,validation,1,2022-07-26 15:00:00,2022-07-26 12:00:00,2022-07-27 01:00:00,TIME_STOP,1.01315,1.00890,1.01952,TP_cap,42.5,4.74,10,1,1,-0.3273,2.30,-0.3815,-0.4086,-0.4357,2022-07-26 12:00:00,2022-07-26 12:00:00,2022-07-26 12:00:00
challenger,validation,-1,2022-08-10 16:00:00,2022-08-10 13:00:00,2022-08-10 18:00:00,SL,1.03241,1.03639,1.02645,TP_cap,39.8,12.17,25,0,0,-1.0000,1.50,-1.0377,-1.0566,-1.0755,2022-08-10 13:00:00,2022-08-10 13:00:00,2022-08-10 13:00:00
challenger,validation,1,2022-09-07 15:00:00,2022-09-07 12:00:00,2022-09-07 17:00:00,TP,0.98785,0.98404,0.99340,TP_mean,38.1,5.17,11,0,0,1.4574,1.50,1.4180,1.3983,1.3786,2022-09-07 12:00:00,2022-09-07 12:00:00,2022-09-07 12:00:00
challenger,validation,1,2022-11-03 09:00:00,2022-11-03 07:00:00,2022-11-03 10:00:00,SL,0.98117,0.97713,0.98723,TP_cap,40.4,7.70,16,0,0,-1.0000,1.50,-1.0371,-1.0557,-1.0742,2022-11-03 07:00:00,2022-11-03 07:00:00,2022-11-03 07:00:00
challenger,validation,-1,2022-12-13 16:00:00,2022-12-13 14:00:00,2022-12-14 01:00:00,TIME_STOP,1.06465,1.06943,1.05748,TP_cap,47.8,4.17,9,1,1,0.2722,2.30,0.2240,0.1999,0.1759,2022-12-13 14:00:00,2022-12-13 14:00:00,2022-12-13 14:00:00
