event_clock_id,event_time_utc,currencies,event_ids,event_names,source_weeks,source_urls
EVT0001,2019-01-03T15:00:00.000Z,USD,102137,ISM Manufacturing PMI,dec30.2018,"https://www.forexfactory.com/calendar?week=dec30.2018&permalink=true&impacts=3&event_types=1,2,3,4,5,7,8,9,10,11&currencies=5,9"
EVT0002,2019-01-04T13:30:00.000Z,USD,102216|102217|102218,Average Hourly Earnings m/m|Non-Farm Employment Change|Unemployment Rate,dec30.2018,"https://www.forexfactory.com/calendar?week=dec30.2018&permalink=true&impacts=3&event_types=1,2,3,4,5,7,8,9,10,11&currencies=5,9"
EVT0003,2019-01-07T15:00:00.000Z,USD,105753,ISM Services PMI,jan6.2019,"https://www.forexfactory.com/calendar?week=jan6.2019&permalink=true&impacts=3&event_types=1,2,3,4,5,7,8,9,10,11&currencies=5,9"
EVT0004,2019-01-09T19:00:00.000Z,USD,101968,FOMC Meeting Minutes,jan6.2019,"https://www.forexfactory.com/calendar?week=jan6.2019&permalink=true&impacts=3&event_types=1,2,3,4,5,7,8,9,10,11&currencies=5,9"
EVT0005,2019-01-11T13:30:00.000Z,USD,102220|102222|128614|153060,CPI m/m|CPI y/y|Core CPI m/m|Core CPI y/y,jan6.2019,"https://www.forexfactory.com/calendar?week=jan6.2019&permalink=true&impacts=3&event_types=1,2,3,4,5,7,8,9,10,11&currencies=5,9"
EVT0006,2019-01-15T13:30:00.000Z,USD,102225,PPI m/m,jan13.2019,"https://www.forexfactory.com/calendar?week=jan13.2019&permalink=true&impacts=3&event_types=1,2,3,4,5,7,8,9,10,11&currencies=5,9"
EVT0007,2019-01-24T12:44:00.000Z,EUR,103370,Main Refinancing Rate,jan20.2019,"https://www.forexfactory.com/calendar?week=jan20.2019&permalink=true&impacts=3&event_types=1,2,3,4,5,7,8,9,10,11&currencies=5,9"
EVT0008,2019-01-24T12:45:00.000Z,EUR,109187,Monetary Policy Statement,jan20.2019,"https://www.forexfactory.com/calendar?week=jan20.2019&permalink=true&impacts=3&event_types=1,2,3,4,5,7,8,9,10,11&currencies=5,9"
EVT0009,2019-01-29T15:00:00.000Z,USD,101969,CB Consumer Confidence,jan27.2019,"https://www.forexfactory.com/calendar?week=jan27.2019&permalink=true&impacts=3&event_types=1,2,3,4,5,7,8,9,10,11&currencies=5,9"
EVT0010,2019-01-30T19:00:00.000Z,USD,101902|101904,FOMC Statement|Federal Funds Rate,jan27.2019,"https://www.forexfactory.com/calendar?week=jan27.2019&permalink=true&impacts=3&event_types=1,2,3,4,5,7,8,9,10,11&currencies=5,9"
EVT0011,2019-02-01T13:30:00.000Z,USD,102230|102231|102234,Average Hourly Earnings m/m|Non-Farm Employment Change|Unemployment Rate,jan27.2019,"https://www.forexfactory.com/calendar?week=jan27.2019&permalink=true&impacts=3&event_types=1,2,3,4,5,7,8,9,10,11&currencies=5,9"
EVT0012,2019-02-01T15:00:00.000Z,USD,102139,ISM Manufacturing PMI,jan27.2019,"https://www.forexfactory.com/calendar?week=jan27.2019&permalink=true&impacts=3&event_types=1,2,3,4,5,7,8,9,10,11&currencies=5,9"
EVT0013,2019-02-05T15:00:00.000Z,USD,105755,ISM Services PMI,feb3.2019,"https://www.forexfactory.com/calendar?week=feb3.2019&permalink=true&impacts=3&event_types=1,2,3,4,5,7,8,9,10,11&currencies=5,9"
EVT0014,2019-02-13T13:30:00.000Z,USD,102235|102236|128615|153061,CPI m/m|CPI y/y|Core CPI m/m|Core CPI y/y,feb10.2019,"https://www.forexfactory.com/calendar?week=feb10.2019&permalink=true&impacts=3&event_types=1,2,3,4,5,7,8,9,10,11&currencies=5,9"
EVT0015,2019-02-14T13:30:00.000Z,USD,102238|102629|102631,Core Retail Sales m/m|PPI m/m|Retail Sales m/m,feb10.2019,"https://www.forexfactory.com/calendar?week=feb10.2019&permalink=true&impacts=3&event_types=1,2,3,4,5,7,8,9,10,11&currencies=5,9"
EVT0016,2019-02-20T19:00:00.000Z,USD,101954,FOMC Meeting Minutes,feb17.2019,"https://www.forexfactory.com/calendar?week=feb17.2019&permalink=true&impacts=3&event_types=1,2,3,4,5,7,8,9,10,11&currencies=5,9"
EVT0017,2019-02-21T08:15:00.000Z,EUR,101225,French Flash Services PMI,feb17.2019,"https://www.forexfactory.com/calendar?week=feb17.2019&permalink=true&impacts=3&event_types=1,2,3,4,5,7,8,9,10,11&currencies=5,9"
EVT0018,2019-02-21T08:30:00.000Z,EUR,101219|101221,German Flash Manufacturing PMI|German Flash Services PMI,feb17.2019,"https://www.forexfactory.com/calendar?week=feb17.2019&permalink=true&impacts=3&event_types=1,2,3,4,5,7,8,9,10,11&currencies=5,9"
EVT0019,2019-02-21T13:30:00.000Z,USD,102744,Core Durable Goods Orders m/m,feb17.2019,"https://www.forexfactory.com/calendar?week=feb17.2019&permalink=true&impacts=3&event_types=1,2,3,4,5,7,8,9,10,11&currencies=5,9"
EVT0020,2019-02-26T15:00:00.000Z,USD,101970,CB Consumer Confidence,feb24.2019,"https://www.forexfactory.com/calendar?week=feb24.2019&permalink=true&impacts=3&event_types=1,2,3,4,5,7,8,9,10,11&currencies=5,9"
EVT0021,2019-02-28T13:30:00.000Z,USD,102818,Advance GDP q/q,feb24.2019,"https://www.forexfactory.com/calendar?week=feb24.2019&permalink=true&impacts=3&event_types=1,2,3,4,5,7,8,9,10,11&currencies=5,9"
EVT0022,2019-03-01T15:00:00.000Z,USD,102141,ISM Manufacturing PMI,feb24.2019,"https://www.forexfactory.com/calendar?week=feb24.2019&permalink=true&impacts=3&event_types=1,2,3,4,5,7,8,9,10,11&currencies=5,9"
EVT0023,2019-03-07T12:45:00.000Z,EUR,103372|109189,Main Refinancing Rate|Monetary Policy Statement,mar3.2019,"https://www.forexfactory.com/calendar?week=mar3.2019&permalink=true&impacts=3&event_types=1,2,3,4,5,7,8,9,10,11&currencies=5,9"
EVT0024,2019-03-08T13:30:00.000Z,USD,102243|102246|102247,Average Hourly Earnings m/m|Non-Farm Employment Change|Unemployment Rate,mar3.2019,"https://www.forexfactory.com/calendar?week=mar3.2019&permalink=true&impacts=3&event_types=1,2,3,4,5,7,8,9,10,11&currencies=5,9"
EVT0025,2019-03-11T12:30:00.000Z,USD,102633|102634,Core Retail Sales m/m|Retail Sales m/m,mar10.2019,"https://www.forexfactory.com/calendar?week=mar10.2019&permalink=true&impacts=3&event_types=1,2,3,4,5,7,8,9,10,11&currencies=5,9"
EVT0026,2019-03-12T12:30:00.000Z,USD,102248|102251|128616|153062,CPI m/m|CPI y/y|Core CPI m/m|Core CPI y/y,mar10.2019,"https://www.forexfactory.com/calendar?week=mar10.2019&permalink=true&impacts=3&event_types=1,2,3,4,5,7,8,9,10,11&currencies=5,9"
EVT0027,2019-03-13T12:30:00.000Z,USD,102257|102748,Core Durable Goods Orders m/m|PPI m/m,mar10.2019,"https://www.forexfactory.com/calendar?week=mar10.2019&permalink=true&impacts=3&event_types=1,2,3,4,5,7,8,9,10,11&currencies=5,9"
EVT0028,2019-03-20T18:00:00.000Z,USD,101907|101908|101910,FOMC Economic Projections|FOMC Statement|Federal Funds Rate,mar17.2019,"https://www.forexfactory.com/calendar?week=mar17.2019&permalink=true&impacts=3&event_types=1,2,3,4,5,7,8,9,10,11&currencies=5,9"
EVT0029,2019-03-22T08:15:00.000Z,EUR,101365,French Flash Services PMI,mar17.2019,"https://www.forexfactory.com/calendar?week=mar17.2019&permalink=true&impacts=3&event_types=1,2,3,4,5,7,8,9,10,11&currencies=5,9"
EVT0030,2019-03-22T08:30:00.000Z,EUR,101362|101363,German Flash Manufacturing PMI|German Flash Services PMI,mar17.2019,"https://www.forexfactory.com/calendar?week=mar17.2019&permalink=true&impacts=3&event_types=1,2,3,4,5,7,8,9,10,11&currencies=5,9"
EVT0031,2019-03-26T14:00:00.000Z,USD,101972,CB Consumer Confidence,mar24.2019,"https://www.forexfactory.com/calendar?week=mar24.2019&permalink=true&impacts=3&event_types=1,2,3,4,5,7,8,9,10,11&currencies=5,9"
EVT0032,2019-03-28T12:30:00.000Z,USD,102826,Final GDP q/q,mar24.2019,"https://www.forexfactory.com/calendar?week=mar24.2019&permalink=true&impacts=3&event_types=1,2,3,4,5,7,8,9,10,11&currencies=5,9"
EVT0033,2019-04-01T12:30:00.000Z,USD,102636|102639,Core Retail Sales m/m|Retail Sales m/m,mar31.2019,"https://www.forexfactory.com/calendar?week=mar31.2019&permalink=true&impacts=3&event_types=1,2,3,4,5,7,8,9,10,11&currencies=5,9"
EVT0034,2019-04-01T14:00:00.000Z,USD,102144,ISM Manufacturing PMI,mar31.2019,"https://www.forexfactory.com/calendar?week=mar31.2019&permalink=true&impacts=3&event_types=1,2,3,4,5,7,8,9,10,11&currencies=5,9"
EVT0035,2019-04-02T12:30:00.000Z,USD,102750,Core Durable Goods Orders m/m,mar31.2019,"https://www.forexfactory.com/calendar?week=mar31.2019&permalink=true&impacts=3&event_types=1,2,3,4,5,7,8,9,10,11&currencies=5,9"
EVT0036,2019-04-05T12:30:00.000Z,USD,102261|102262|102265,Average Hourly Earnings m/m|Non-Farm Employment Change|Unemployment Rate,mar31.2019,"https://www.forexfactory.com/calendar?week=mar31.2019&permalink=true&impacts=3&event_types=1,2,3,4,5,7,8,9,10,11&currencies=5,9"
EVT0037,2019-04-10T11:45:00.000Z,EUR,103375|109192,Main Refinancing Rate|Monetary Policy Statement,apr7.2019,"https://www.forexfactory.com/calendar?week=apr7.2019&permalink=true&impacts=3&event_types=1,2,3,4,5,7,8,9,10,11&currencies=5,9"
EVT0038,2019-04-10T12:30:00.000Z,USD,102268|102271|128617|153063,CPI m/m|CPI y/y|Core CPI m/m|Core CPI y/y,apr7.2019,"https://www.forexfactory.com/calendar?week=apr7.2019&permalink=true&impacts=3&event_types=1,2,3,4,5,7,8,9,10,11&currencies=5,9"
EVT0039,2019-04-10T18:00:00.000Z,USD,101956,FOMC Meeting Minutes,apr7.2019,"https://www.forexfactory.com/calendar?week=apr7.2019&permalink=true&impacts=3&event_types=1,2,3,4,5,7,8,9,10,11&currencies=5,9"
EVT0040,2019-04-11T12:30:00.000Z,USD,102274,PPI m/m,apr7.2019,"https://www.forexfactory.com/calendar?week=apr7.2019&permalink=true&impacts=3&event_types=1,2,3,4,5,7,8,9,10,11&currencies=5,9"
EVT0041,2019-04-18T07:15:00.000Z,EUR,101243,French Flash Services PMI,apr14.2019,"https://www.forexfactory.com/calendar?week=apr14.2019&permalink=true&impacts=3&event_types=1,2,3,4,5,7,8,9,10,11&currencies=5,9"
EVT0042,2019-04-18T07:30:00.000Z,EUR,101237|101240,German Flash Manufacturing PMI|German Flash Services PMI,apr14.2019,"https://www.forexfactory.com/calendar?week=apr14.2019&permalink=true&impacts=3&event_types=1,2,3,4,5,7,8,9,10,11&currencies=5,9"
EVT0043,2019-04-18T12:30:00.000Z,USD,102642|102643,Core Retail Sales m/m|Retail Sales m/m,apr14.2019,"https://www.forexfactory.com/calendar?week=apr14.2019&permalink=true&impacts=3&event_types=1,2,3,4,5,7,8,9,10,11&currencies=5,9"
EVT0044,2019-04-25T12:30:00.000Z,USD,102753,Core Durable Goods Orders m/m,apr21.2019,"https://www.forexfactory.com/calendar?week=apr21.2019&permalink=true&impacts=3&event_types=1,2,3,4,5,7,8,9,10,11&currencies=5,9"
EVT0045,2019-04-26T12:30:00.000Z,USD,102832,Advance GDP q/q,apr21.2019,"https://www.forexfactory.com/calendar?week=apr21.2019&permalink=true&impacts=3&event_types=1,2,3,4,5,7,8,9,10,11&currencies=5,9"
EVT0046,2019-04-30T14:00:00.000Z,USD,101973,CB Consumer Confidence,apr28.2019,"https://www.forexfactory.com/calendar?week=apr28.2019&permalink=true&impacts=3&event_types=1,2,3,4,5,7,8,9,10,11&currencies=5,9"
EVT0047,2019-05-01T14:00:00.000Z,USD,102146,ISM Manufacturing PMI,apr28.2019,"https://www.forexfactory.com/calendar?week=apr28.2019&permalink=true&impacts=3&event_types=1,2,3,4,5,7,8,9,10,11&currencies=5,9"
EVT0048,2019-05-01T18:00:00.000Z,USD,101915|101916,FOMC Statement|Federal Funds Rate,apr28.2019,"https://www.forexfactory.com/calendar?week=apr28.2019&permalink=true&impacts=3&event_types=1,2,3,4,5,7,8,9,10,11&currencies=5,9"
EVT0049,2019-05-03T12:30:00.000Z,USD,102276|102277|102279,Average Hourly Earnings m/m|Non-Farm Employment Change|Unemployment Rate,apr28.2019,"https://www.forexfactory.com/calendar?week=apr28.2019&permalink=true&impacts=3&event_types=1,2,3,4,5,7,8,9,10,11&currencies=5,9"
EVT0050,2019-05-03T14:00:00.000Z,USD,105770,ISM Services PMI,apr28.2019,"https://www.forexfactory.com/calendar?week=apr28.2019&permalink=true&impacts=3&event_types=1,2,3,4,5,7,8,9,10,11&currencies=5,9"
EVT0051,2019-05-09T12:30:00.000Z,USD,102289,PPI m/m,may5.2019,"https://www.forexfactory.com/calendar?week=may5.2019&permalink=true&impacts=3&event_types=1,2,3,4,5,7,8,9,10,11&currencies=5,9"
EVT0052,2019-05-10T12:30:00.000Z,USD,102281|102284|128618|153064,CPI m/m|CPI y/y|Core CPI m/m|Core CPI y/y,may5.2019,"https://www.forexfactory.com/calendar?week=may5.2019&permalink=true&impacts=3&event_types=1,2,3,4,5,7,8,9,10,11&currencies=5,9"
EVT0053,2019-05-15T06:00:00.000Z,EUR,106353,German Prelim GDP q/q,may12.2019,"https://www.forexfactory.com/calendar?week=may12.2019&permalink=true&impacts=3&event_types=1,2,3,4,5,7,8,9,10,11&currencies=5,9"
EVT0054,2019-05-15T12:30:00.000Z,USD,102645|102647,Core Retail Sales m/m|Retail Sales m/m,may12.2019,"https://www.forexfactory.com/calendar?week=may12.2019&permalink=true&impacts=3&event_types=1,2,3,4,5,7,8,9,10,11&currencies=5,9"
EVT0055,2019-05-22T18:00:00.000Z,USD,101958,FOMC Meeting Minutes,may19.2019,"https://www.forexfactory.com/calendar?week=may19.2019&permalink=true&impacts=3&event_types=1,2,3,4,5,7,8,9,10,11&currencies=5,9"
EVT0056,2019-05-23T07:15:00.000Z,EUR,101252,French Flash Services PMI,may19.2019,"https://www.forexfactory.com/calendar?week=may19.2019&permalink=true&impacts=3&event_types=1,2,3,4,5,7,8,9,10,11&currencies=5,9"
EVT0057,2019-05-23T07:30:00.000Z,EUR,101254|101255,German Flash Manufacturing PMI|German Flash Services PMI,may19.2019,"https://www.forexfactory.com/calendar?week=may19.2019&permalink=true&impacts=3&event_types=1,2,3,4,5,7,8,9,10,11&currencies=5,9"
EVT0058,2019-05-24T12:30:00.000Z,USD,102762,Core Durable Goods Orders m/m,may19.2019,"https://www.forexfactory.com/calendar?week=may19.2019&permalink=true&impacts=3&event_types=1,2,3,4,5,7,8,9,10,11&currencies=5,9"
EVT0059,2019-05-30T12:30:00.000Z,USD,102834,Prelim GDP q/q,may26.2019,"https://www.forexfactory.com/calendar?week=may26.2019&permalink=true&impacts=3&event_types=1,2,3,4,5,7,8,9,10,11&currencies=5,9"
EVT0060,2019-06-03T14:00:00.000Z,USD,102149,ISM Manufacturing PMI,jun2.2019,"https://www.forexfactory.com/calendar?week=jun2.2019&permalink=true&impacts=3&event_types=1,2,3,4,5,7,8,9,10,11&currencies=5,9"
EVT0061,2019-06-05T14:00:00.000Z,USD,105773|152853,Fed Gov Nomination Hearings|ISM Services PMI,jun2.2019,"https://www.forexfactory.com/calendar?week=jun2.2019&permalink=true&impacts=3&event_types=1,2,3,4,5,7,8,9,10,11&currencies=5,9"
EVT0062,2019-06-06T11:45:00.000Z,EUR,109194,Monetary Policy Statement,jun2.2019,"https://www.forexfactory.com/calendar?week=jun2.2019&permalink=true&impacts=3&event_types=1,2,3,4,5,7,8,9,10,11&currencies=5,9"
EVT0063,2019-06-07T12:30:00.000Z,USD,102293|102296|102297,Average Hourly Earnings m/m|Non-Farm Employment Change|Unemployment Rate,jun2.2019,"https://www.forexfactory.com/calendar?week=jun2.2019&permalink=true&impacts=3&event_types=1,2,3,4,5,7,8,9,10,11&currencies=5,9"
EVT0064,2019-06-12T12:30:00.000Z,USD,102303|102306|128619|153065,CPI m/m|CPI y/y|Core CPI m/m|Core CPI y/y,jun9.2019,"https://www.forexfactory.com/calendar?week=jun9.2019&permalink=true&impacts=3&event_types=1,2,3,4,5,7,8,9,10,11&currencies=5,9"
EVT0065,2019-06-14T12:30:00.000Z,USD,102649|102652,Core Retail Sales m/m|Retail Sales m/m,jun9.2019,"https://www.forexfactory.com/calendar?week=jun9.2019&permalink=true&impacts=3&event_types=1,2,3,4,5,7,8,9,10,11&currencies=5,9"
EVT0066,2019-06-19T18:00:00.000Z,USD,101917|101919|101921,FOMC Economic Projections|FOMC Statement|Federal Funds Rate,jun16.2019,"https://www.forexfactory.com/calendar?week=jun16.2019&permalink=true&impacts=3&event_types=1,2,3,4,5,7,8,9,10,11&currencies=5,9"
EVT0067,2019-06-21T07:15:00.000Z,EUR,101266,French Flash Services PMI,jun16.2019,"https://www.forexfactory.com/calendar?week=jun16.2019&permalink=true&impacts=3&event_types=1,2,3,4,5,7,8,9,10,11&currencies=5,9"
EVT0068,2019-06-21T07:30:00.000Z,EUR,101269|101272,German Flash Manufacturing PMI|German Flash Services PMI,jun16.2019,"https://www.forexfactory.com/calendar?week=jun16.2019&permalink=true&impacts=3&event_types=1,2,3,4,5,7,8,9,10,11&currencies=5,9"
EVT0069,2019-06-25T14:00:00.000Z,USD,101979,CB Consumer Confidence,jun23.2019,"https://www.forexfactory.com/calendar?week=jun23.2019&permalink=true&impacts=3&event_types=1,2,3,4,5,7,8,9,10,11&currencies=5,9"
EVT0070,2019-06-26T12:30:00.000Z,USD,102766,Core Durable Goods Orders m/m,jun23.2019,"https://www.forexfactory.com/calendar?week=jun23.2019&permalink=true&impacts=3&event_types=1,2,3,4,5,7,8,9,10,11&currencies=5,9"
EVT0071,2019-06-27T12:30:00.000Z,USD,102839,Final GDP q/q,jun23.2019,"https://www.forexfactory.com/calendar?week=jun23.2019&permalink=true&impacts=3&event_types=1,2,3,4,5,7,8,9,10,11&currencies=5,9"
EVT0072,2019-07-01T14:00:00.000Z,USD,102152,ISM Manufacturing PMI,jun30.2019,"https://www.forexfactory.com/calendar?week=jun30.2019&permalink=true&impacts=3&event_types=1,2,3,4,5,7,8,9,10,11&currencies=5,9"
EVT0073,2019-07-03T12:15:00.000Z,USD,102509,ADP Non-Farm Employment Change,jun30.2019,"https://www.forexfactory.com/calendar?week=jun30.2019&permalink=true&impacts=3&event_types=1,2,3,4,5,7,8,9,10,11&currencies=5,9"
EVT0074,2019-07-03T14:00:00.000Z,USD,105759,ISM Services PMI,jun30.2019,"https://www.forexfactory.com/calendar?week=jun30.2019&permalink=true&impacts=3&event_types=1,2,3,4,5,7,8,9,10,11&currencies=5,9"
EVT0075,2019-07-05T12:30:00.000Z,USD,102310|102313|102314,Average Hourly Earnings m/m|Non-Farm Employment Change|Unemployment Rate,jun30.2019,"https://www.forexfactory.com/calendar?week=jun30.2019&permalink=true&impacts=3&event_types=1,2,3,4,5,7,8,9,10,11&currencies=5,9"
EVT0076,2019-07-10T18:00:00.000Z,USD,101961,FOMC Meeting Minutes,jul7.2019,"https://www.forexfactory.com/calendar?week=jul7.2019&permalink=true&impacts=3&event_types=1,2,3,4,5,7,8,9,10,11&currencies=5,9"
EVT0077,2019-07-11T12:30:00.000Z,USD,102316|102324|128620|153066,CPI m/m|CPI y/y|Core CPI m/m|Core CPI y/y,jul7.2019,"https://www.forexfactory.com/calendar?week=jul7.2019&permalink=true&impacts=3&event_types=1,2,3,4,5,7,8,9,10,11&currencies=5,9"
EVT0078,2019-07-12T12:30:00.000Z,USD,102319,PPI m/m,jul7.2019,"https://www.forexfactory.com/calendar?week=jul7.2019&permalink=true&impacts=3&event_types=1,2,3,4,5,7,8,9,10,11&currencies=5,9"
EVT0079,2019-07-16T12:30:00.000Z,USD,102654|102657,Core Retail Sales m/m|Retail Sales m/m,jul14.2019,"https://www.forexfactory.com/calendar?week=jul14.2019&permalink=true&impacts=3&event_types=1,2,3,4,5,7,8,9,10,11&currencies=5,9"
EVT0080,2019-07-24T07:15:00.000Z,EUR,101285,French Flash Services PMI,jul21.2019,"https://www.forexfactory.com/calendar?week=jul21.2019&permalink=true&impacts=3&event_types=1,2,3,4,5,7,8,9,10,11&currencies=5,9"
EVT0081,2019-07-24T07:30:00.000Z,EUR,101278|101279,German Flash Manufacturing PMI|German Flash Services PMI,jul21.2019,"https://www.forexfactory.com/calendar?week=jul21.2019&permalink=true&impacts=3&event_types=1,2,3,4,5,7,8,9,10,11&currencies=5,9"
EVT0082,2019-07-25T11:45:00.000Z,EUR,103382|109195,Main Refinancing Rate|Monetary Policy Statement,jul21.2019,"https://www.forexfactory.com/calendar?week=jul21.2019&permalink=true&impacts=3&event_types=1,2,3,4,5,7,8,9,10,11&currencies=5,9"
EVT0083,2019-07-25T12:30:00.000Z,USD,102769,Core Durable Goods Orders m/m,jul21.2019,"https://www.forexfactory.com/calendar?week=jul21.2019&permalink=true&impacts=3&event_types=1,2,3,4,5,7,8,9,10,11&currencies=5,9"
EVT0084,2019-07-26T12:30:00.000Z,USD,102840,Advance GDP q/q,jul21.2019,"https://www.forexfactory.com/calendar?week=jul21.2019&permalink=true&impacts=3&event_types=1,2,3,4,5,7,8,9,10,11&currencies=5,9"
EVT0085,2019-07-30T14:00:00.000Z,USD,101981,CB Consumer Confidence,jul28.2019,"https://www.forexfactory.com/calendar?week=jul28.2019&permalink=true&impacts=3&event_types=1,2,3,4,5,7,8,9,10,11&currencies=5,9"
EVT0086,2019-07-31T12:15:00.000Z,USD,102513,ADP Non-Farm Employment Change,jul28.2019,"https://www.forexfactory.com/calendar?week=jul28.2019&permalink=true&impacts=3&event_types=1,2,3,4,5,7,8,9,10,11&currencies=5,9"
EVT0087,2019-07-31T18:00:00.000Z,USD,101927|101930,FOMC Statement|Federal Funds Rate,jul28.2019,"https://www.forexfactory.com/calendar?week=jul28.2019&permalink=true&impacts=3&event_types=1,2,3,4,5,7,8,9,10,11&currencies=5,9"
EVT0088,2019-08-01T14:00:00.000Z,USD,102155,ISM Manufacturing PMI,jul28.2019,"https://www.forexfactory.com/calendar?week=jul28.2019&permalink=true&impacts=3&event_types=1,2,3,4,5,7,8,9,10,11&currencies=5,9"
EVT0089,2019-08-02T12:30:00.000Z,USD,102325|102328|102329,Average Hourly Earnings m/m|Non-Farm Employment Change|Unemployment Rate,jul28.2019,"https://www.forexfactory.com/calendar?week=jul28.2019&permalink=true&impacts=3&event_types=1,2,3,4,5,7,8,9,10,11&currencies=5,9"
EVT0090,2019-08-05T14:00:00.000Z,USD,105760,ISM Services PMI,aug4.2019,"https://www.forexfactory.com/calendar?week=aug4.2019&permalink=true&impacts=3&event_types=1,2,3,4,5,7,8,9,10,11&currencies=5,9"
EVT0091,2019-08-13T12:30:00.000Z,USD,102331|102333|128621|153067,CPI m/m|CPI y/y|Core CPI m/m|Core CPI y/y,aug11.2019,"https://www.forexfactory.com/calendar?week=aug11.2019&permalink=true&impacts=3&event_types=1,2,3,4,5,7,8,9,10,11&currencies=5,9"
EVT0092,2019-08-15T12:30:00.000Z,USD,102660|102661|106577,Core Retail Sales m/m|Philly Fed Manufacturing Index|Retail Sales m/m,aug11.2019,"https://www.forexfactory.com/calendar?week=aug11.2019&permalink=true&impacts=3&event_types=1,2,3,4,5,7,8,9,10,11&currencies=5,9"
EVT0093,2019-08-21T18:00:00.000Z,USD,101964,FOMC Meeting Minutes,aug18.2019,"https://www.forexfactory.com/calendar?week=aug18.2019&permalink=true&impacts=3&event_types=1,2,3,4,5,7,8,9,10,11&currencies=5,9"
EVT0094,2019-08-22T07:15:00.000Z,EUR,101296,French Flash Services PMI,aug18.2019,"https://www.forexfactory.com/calendar?week=aug18.2019&permalink=true&impacts=3&event_types=1,2,3,4,5,7,8,9,10,11&currencies=5,9"
EVT0095,2019-08-22T07:30:00.000Z,EUR,101298|101299,German Flash Manufacturing PMI|German Flash Services PMI,aug18.2019,"https://www.forexfactory.com/calendar?week=aug18.2019&permalink=true&impacts=3&event_types=1,2,3,4,5,7,8,9,10,11&currencies=5,9"
EVT0096,2019-08-26T12:30:00.000Z,USD,102773,Core Durable Goods Orders m/m,aug25.2019,"https://www.forexfactory.com/calendar?week=aug25.2019&permalink=true&impacts=3&event_types=1,2,3,4,5,7,8,9,10,11&currencies=5,9"
EVT0097,2019-08-27T14:00:00.000Z,USD,101982,CB Consumer Confidence,aug25.2019,"https://www.forexfactory.com/calendar?week=aug25.2019&permalink=true&impacts=3&event_types=1,2,3,4,5,7,8,9,10,11&currencies=5,9"
EVT0098,2019-08-28T14:30:00.000Z,USD,100043,Crude Oil Inventories,aug25.2019,"https://www.forexfactory.com/calendar?week=aug25.2019&permalink=true&impacts=3&event_types=1,2,3,4,5,7,8,9,10,11&currencies=5,9"
EVT0099,2019-08-29T12:30:00.000Z,USD,102847,Prelim GDP q/q,aug25.2019,"https://www.forexfactory.com/calendar?week=aug25.2019&permalink=true&impacts=3&event_types=1,2,3,4,5,7,8,9,10,11&currencies=5,9"
EVT0100,2019-08-30T12:30:00.000Z,USD,102589,Personal Spending m/m,aug25.2019,"https://www.forexfactory.com/calendar?week=aug25.2019&permalink=true&impacts=3&event_types=1,2,3,4,5,7,8,9,10,11&currencies=5,9"
EVT0101,2019-09-03T14:00:00.000Z,USD,102157,ISM Manufacturing PMI,sep1.2019,"https://www.forexfactory.com/calendar?week=sep1.2019&permalink=true&impacts=3&event_types=1,2,3,4,5,7,8,9,10,11&currencies=5,9"
EVT0102,2019-09-05T12:15:00.000Z,USD,102510,ADP Non-Farm Employment Change,sep1.2019,"https://www.forexfactory.com/calendar?week=sep1.2019&permalink=true&impacts=3&event_types=1,2,3,4,5,7,8,9,10,11&currencies=5,9"
EVT0103,2019-09-05T15:00:00.000Z,USD,100052,Crude Oil Inventories,sep1.2019,"https://www.forexfactory.com/calendar?week=sep1.2019&permalink=true&impacts=3&event_types=1,2,3,4,5,7,8,9,10,11&currencies=5,9"
EVT0104,2019-09-06T12:30:00.000Z,USD,102341|102342|102343,Average Hourly Earnings m/m|Non-Farm Employment Change|Unemployment Rate,sep1.2019,"https://www.forexfactory.com/calendar?week=sep1.2019&permalink=true&impacts=3&event_types=1,2,3,4,5,7,8,9,10,11&currencies=5,9"
EVT0105,2019-09-11T14:30:00.000Z,USD,100055,Crude Oil Inventories,sep8.2019,"https://www.forexfactory.com/calendar?week=sep8.2019&permalink=true&impacts=3&event_types=1,2,3,4,5,7,8,9,10,11&currencies=5,9"
EVT0106,2019-09-12T11:45:00.000Z,EUR,103387|109197,Main Refinancing Rate|Monetary Policy Statement,sep8.2019,"https://www.forexfactory.com/calendar?week=sep8.2019&permalink=true&impacts=3&event_types=1,2,3,4,5,7,8,9,10,11&currencies=5,9"
EVT0107,2019-09-12T12:30:00.000Z,USD,102346|102349|128622|153068,CPI m/m|CPI y/y|Core CPI m/m|Core CPI y/y,sep8.2019,"https://www.forexfactory.com/calendar?week=sep8.2019&permalink=true&impacts=3&event_types=1,2,3,4,5,7,8,9,10,11&currencies=5,9"
EVT0108,2019-09-13T12:30:00.000Z,USD,102664|102666,Core Retail Sales m/m|Retail Sales m/m,sep8.2019,"https://www.forexfactory.com/calendar?week=sep8.2019&permalink=true&impacts=3&event_types=1,2,3,4,5,7,8,9,10,11&currencies=5,9"
EVT0109,2019-09-18T14:30:00.000Z,USD,100057,Crude Oil Inventories,sep15.2019,"https://www.forexfactory.com/calendar?week=sep15.2019&permalink=true&impacts=3&event_types=1,2,3,4,5,7,8,9,10,11&currencies=5,9"
EVT0110,2019-09-18T18:00:00.000Z,USD,101933|101934|101937,FOMC Economic Projections|FOMC Statement|Federal Funds Rate,sep15.2019,"https://www.forexfactory.com/calendar?week=sep15.2019&permalink=true&impacts=3&event_types=1,2,3,4,5,7,8,9,10,11&currencies=5,9"
EVT0111,2019-09-19T12:30:00.000Z,USD,106579,Philly Fed Manufacturing Index,sep15.2019,"https://www.forexfactory.com/calendar?week=sep15.2019&permalink=true&impacts=3&event_types=1,2,3,4,5,7,8,9,10,11&currencies=5,9"
EVT0112,2019-09-23T07:15:00.000Z,EUR,101309,French Flash Services PMI,sep22.2019,"https://www.forexfactory.com/calendar?week=sep22.2019&permalink=true&impacts=3&event_types=1,2,3,4,5,7,8,9,10,11&currencies=5,9"
EVT0113,2019-09-23T07:30:00.000Z,EUR,101312|101313,German Flash Manufacturing PMI|German Flash Services PMI,sep22.2019,"https://www.forexfactory.com/calendar?week=sep22.2019&permalink=true&impacts=3&event_types=1,2,3,4,5,7,8,9,10,11&currencies=5,9"
EVT0114,2019-09-24T14:00:00.000Z,USD,101984,CB Consumer Confidence,sep22.2019,"https://www.forexfactory.com/calendar?week=sep22.2019&permalink=true&impacts=3&event_types=1,2,3,4,5,7,8,9,10,11&currencies=5,9"
EVT0115,2019-09-25T14:30:00.000Z,USD,100060,Crude Oil Inventories,sep22.2019,"https://www.forexfactory.com/calendar?week=sep22.2019&permalink=true&impacts=3&event_types=1,2,3,4,5,7,8,9,10,11&currencies=5,9"
EVT0116,2019-09-27T12:30:00.000Z,USD,102594|102775,Core Durable Goods Orders m/m|Personal Spending m/m,sep22.2019,"https://www.forexfactory.com/calendar?week=sep22.2019&permalink=true&impacts=3&event_types=1,2,3,4,5,7,8,9,10,11&currencies=5,9"
EVT0117,2019-10-01T14:00:00.000Z,USD,102159,ISM Manufacturing PMI,sep29.2019,"https://www.forexfactory.com/calendar?week=sep29.2019&permalink=true&impacts=3&event_types=1,2,3,4,5,7,8,9,10,11&currencies=5,9"
EVT0118,2019-10-02T12:15:00.000Z,USD,102516,ADP Non-Farm Employment Change,sep29.2019,"https://www.forexfactory.com/calendar?week=sep29.2019&permalink=true&impacts=3&event_types=1,2,3,4,5,7,8,9,10,11&currencies=5,9"
EVT0119,2019-10-02T14:30:00.000Z,USD,100061,Crude Oil Inventories,sep29.2019,"https://www.forexfactory.com/calendar?week=sep29.2019&permalink=true&impacts=3&event_types=1,2,3,4,5,7,8,9,10,11&currencies=5,9"
EVT0120,2019-10-03T14:00:00.000Z,USD,105766,ISM Services PMI,sep29.2019,"https://www.forexfactory.com/calendar?week=sep29.2019&permalink=true&impacts=3&event_types=1,2,3,4,5,7,8,9,10,11&currencies=5,9"
EVT0121,2019-10-04T12:30:00.000Z,USD,102356|102358|102360,Average Hourly Earnings m/m|Non-Farm Employment Change|Unemployment Rate,sep29.2019,"https://www.forexfactory.com/calendar?week=sep29.2019&permalink=true&impacts=3&event_types=1,2,3,4,5,7,8,9,10,11&currencies=5,9"
EVT0122,2019-10-09T14:30:00.000Z,USD,100083,Crude Oil Inventories,oct6.2019,"https://www.forexfactory.com/calendar?week=oct6.2019&permalink=true&impacts=3&event_types=1,2,3,4,5,7,8,9,10,11&currencies=5,9"
EVT0123,2019-10-09T18:00:00.000Z,USD,101965,FOMC Meeting Minutes,oct6.2019,"https://www.forexfactory.com/calendar?week=oct6.2019&permalink=true&impacts=3&event_types=1,2,3,4,5,7,8,9,10,11&currencies=5,9"
EVT0124,2019-10-10T11:30:00.000Z,EUR,103424,ECB Monetary Policy Meeting Accounts,oct6.2019,"https://www.forexfactory.com/calendar?week=oct6.2019&permalink=true&impacts=3&event_types=1,2,3,4,5,7,8,9,10,11&currencies=5,9"
EVT0125,2019-10-10T12:30:00.000Z,USD,102361|102363|128623|153069,CPI m/m|CPI y/y|Core CPI m/m|Core CPI y/y,oct6.2019,"https://www.forexfactory.com/calendar?week=oct6.2019&permalink=true&impacts=3&event_types=1,2,3,4,5,7,8,9,10,11&currencies=5,9"
EVT0126,2019-10-16T12:30:00.000Z,USD,102668|102669,Core Retail Sales m/m|Retail Sales m/m,oct13.2019,"https://www.forexfactory.com/calendar?week=oct13.2019&permalink=true&impacts=3&event_types=1,2,3,4,5,7,8,9,10,11&currencies=5,9"
EVT0127,2019-10-17T12:30:00.000Z,USD,106580,Philly Fed Manufacturing Index,oct13.2019,"https://www.forexfactory.com/calendar?week=oct13.2019&permalink=true&impacts=3&event_types=1,2,3,4,5,7,8,9,10,11&currencies=5,9"
EVT0128,2019-10-17T15:00:00.000Z,USD,100085,Crude Oil Inventories,oct13.2019,"https://www.forexfactory.com/calendar?week=oct13.2019&permalink=true&impacts=3&event_types=1,2,3,4,5,7,8,9,10,11&currencies=5,9"
EVT0129,2019-10-24T07:15:00.000Z,EUR,101321,French Flash Services PMI,oct20.2019,"https://www.forexfactory.com/calendar?week=oct20.2019&permalink=true&impacts=3&event_types=1,2,3,4,5,7,8,9,10,11&currencies=5,9"
EVT0130,2019-10-24T07:30:00.000Z,EUR,101324|101325,German Flash Manufacturing PMI|German Flash Services PMI,oct20.2019,"https://www.forexfactory.com/calendar?week=oct20.2019&permalink=true&impacts=3&event_types=1,2,3,4,5,7,8,9,10,11&currencies=5,9"
EVT0131,2019-10-24T11:45:00.000Z,EUR,109198,Monetary Policy Statement,oct20.2019,"https://www.forexfactory.com/calendar?week=oct20.2019&permalink=true&impacts=3&event_types=1,2,3,4,5,7,8,9,10,11&currencies=5,9"
EVT0132,2019-10-29T14:00:00.000Z,USD,101985,CB Consumer Confidence,oct27.2019,"https://www.forexfactory.com/calendar?week=oct27.2019&permalink=true&impacts=3&event_types=1,2,3,4,5,7,8,9,10,11&currencies=5,9"
EVT0133,2019-10-30T12:15:00.000Z,USD,102523,ADP Non-Farm Employment Change,oct27.2019,"https://www.forexfactory.com/calendar?week=oct27.2019&permalink=true&impacts=3&event_types=1,2,3,4,5,7,8,9,10,11&currencies=5,9"
EVT0134,2019-10-30T12:30:00.000Z,USD,102854,Advance GDP q/q,oct27.2019,"https://www.forexfactory.com/calendar?week=oct27.2019&permalink=true&impacts=3&event_types=1,2,3,4,5,7,8,9,10,11&currencies=5,9"
EVT0135,2019-10-30T18:00:00.000Z,USD,101939|101942,FOMC Statement|Federal Funds Rate,oct27.2019,"https://www.forexfactory.com/calendar?week=oct27.2019&permalink=true&impacts=3&event_types=1,2,3,4,5,7,8,9,10,11&currencies=5,9"
EVT0136,2019-11-01T12:30:00.000Z,USD,102371|102374|102377,Average Hourly Earnings m/m|Non-Farm Employment Change|Unemployment Rate,oct27.2019,"https://www.forexfactory.com/calendar?week=oct27.2019&permalink=true&impacts=3&event_types=1,2,3,4,5,7,8,9,10,11&currencies=5,9"
EVT0137,2019-11-01T14:00:00.000Z,USD,102162,ISM Manufacturing PMI,oct27.2019,"https://www.forexfactory.com/calendar?week=oct27.2019&permalink=true&impacts=3&event_types=1,2,3,4,5,7,8,9,10,11&currencies=5,9"
EVT0138,2019-11-05T15:00:00.000Z,USD,105776,ISM Services PMI,nov3.2019,"https://www.forexfactory.com/calendar?week=nov3.2019&permalink=true&impacts=3&event_types=1,2,3,4,5,7,8,9,10,11&currencies=5,9"
EVT0139,2019-11-07T10:00:00.000Z,EUR,103102,EU Economic Forecasts,nov3.2019,"https://www.forexfactory.com/calendar?week=nov3.2019&permalink=true&impacts=3&event_types=1,2,3,4,5,7,8,9,10,11&currencies=5,9"
EVT0140,2019-11-13T13:30:00.000Z,USD,102378|102380|128624|153070,CPI m/m|CPI y/y|Core CPI m/m|Core CPI y/y,nov10.2019,"https://www.forexfactory.com/calendar?week=nov10.2019&permalink=true&impacts=3&event_types=1,2,3,4,5,7,8,9,10,11&currencies=5,9"
EVT0141,2019-11-14T07:00:00.000Z,EUR,106472,German Prelim GDP q/q,nov10.2019,"https://www.forexfactory.com/calendar?week=nov10.2019&permalink=true&impacts=3&event_types=1,2,3,4,5,7,8,9,10,11&currencies=5,9"
EVT0142,2019-11-14T13:30:00.000Z,USD,102384,PPI m/m,nov10.2019,"https://www.forexfactory.com/calendar?week=nov10.2019&permalink=true&impacts=3&event_types=1,2,3,4,5,7,8,9,10,11&currencies=5,9"
EVT0143,2019-11-15T13:30:00.000Z,USD,102671|102673,Core Retail Sales m/m|Retail Sales m/m,nov10.2019,"https://www.forexfactory.com/calendar?week=nov10.2019&permalink=true&impacts=3&event_types=1,2,3,4,5,7,8,9,10,11&currencies=5,9"
EVT0144,2019-11-20T19:00:00.000Z,USD,101966,FOMC Meeting Minutes,nov17.2019,"https://www.forexfactory.com/calendar?week=nov17.2019&permalink=true&impacts=3&event_types=1,2,3,4,5,7,8,9,10,11&currencies=5,9"
EVT0145,2019-11-21T12:30:00.000Z,EUR,103428,ECB Monetary Policy Meeting Accounts,nov17.2019,"https://www.forexfactory.com/calendar?week=nov17.2019&permalink=true&impacts=3&event_types=1,2,3,4,5,7,8,9,10,11&currencies=5,9"
EVT0146,2019-11-22T08:15:00.000Z,EUR,101334,French Flash Services PMI,nov17.2019,"https://www.forexfactory.com/calendar?week=nov17.2019&permalink=true&impacts=3&event_types=1,2,3,4,5,7,8,9,10,11&currencies=5,9"
EVT0147,2019-11-22T08:30:00.000Z,EUR,101335|101338,German Flash Manufacturing PMI|German Flash Services PMI,nov17.2019,"https://www.forexfactory.com/calendar?week=nov17.2019&permalink=true&impacts=3&event_types=1,2,3,4,5,7,8,9,10,11&currencies=5,9"
EVT0148,2019-11-22T09:00:00.000Z,EUR,101328,Flash Manufacturing PMI,nov17.2019,"https://www.forexfactory.com/calendar?week=nov17.2019&permalink=true&impacts=3&event_types=1,2,3,4,5,7,8,9,10,11&currencies=5,9"
EVT0149,2019-11-22T14:45:00.000Z,USD,101392,Flash Manufacturing PMI,nov17.2019,"https://www.forexfactory.com/calendar?week=nov17.2019&permalink=true&impacts=3&event_types=1,2,3,4,5,7,8,9,10,11&currencies=5,9"
EVT0150,2019-11-26T15:00:00.000Z,USD,101986,CB Consumer Confidence,nov24.2019,"https://www.forexfactory.com/calendar?week=nov24.2019&permalink=true&impacts=3&event_types=1,2,3,4,5,7,8,9,10,11&currencies=5,9"
EVT0151,2019-11-27T14:45:00.000Z,USD,106819,Chicago PMI,nov24.2019,"https://www.forexfactory.com/calendar?week=nov24.2019&permalink=true&impacts=3&event_types=1,2,3,4,5,7,8,9,10,11&currencies=5,9"
EVT0152,2019-12-02T15:00:00.000Z,USD,102165,ISM Manufacturing PMI,dec1.2019,"https://www.forexfactory.com/calendar?week=dec1.2019&permalink=true&impacts=3&event_types=1,2,3,4,5,7,8,9,10,11&currencies=5,9"
EVT0153,2019-12-04T13:15:00.000Z,USD,102526,ADP Non-Farm Employment Change,dec1.2019,"https://www.forexfactory.com/calendar?week=dec1.2019&permalink=true&impacts=3&event_types=1,2,3,4,5,7,8,9,10,11&currencies=5,9"
EVT0154,2019-12-04T15:00:00.000Z,USD,105777,ISM Services PMI,dec1.2019,"https://www.forexfactory.com/calendar?week=dec1.2019&permalink=true&impacts=3&event_types=1,2,3,4,5,7,8,9,10,11&currencies=5,9"
EVT0155,2019-12-06T13:30:00.000Z,USD,102389|102390|102392,Average Hourly Earnings m/m|Non-Farm Employment Change|Unemployment Rate,dec1.2019,"https://www.forexfactory.com/calendar?week=dec1.2019&permalink=true&impacts=3&event_types=1,2,3,4,5,7,8,9,10,11&currencies=5,9"
EVT0156,2019-12-10T10:00:00.000Z,EUR,101588,German ZEW Economic Sentiment,dec8.2019,"https://www.forexfactory.com/calendar?week=dec8.2019&permalink=true&impacts=3&event_types=1,2,3,4,5,7,8,9,10,11&currencies=5,9"
EVT0157,2019-12-11T13:30:00.000Z,USD,102394|102395|128625|153071,CPI m/m|CPI y/y|Core CPI m/m|Core CPI y/y,dec8.2019,"https://www.forexfactory.com/calendar?week=dec8.2019&permalink=true&impacts=3&event_types=1,2,3,4,5,7,8,9,10,11&currencies=5,9"
EVT0158,2019-12-11T19:00:00.000Z,USD,101945|101946|101948,FOMC Economic Projections|FOMC Statement|Federal Funds Rate,dec8.2019,"https://www.forexfactory.com/calendar?week=dec8.2019&permalink=true&impacts=3&event_types=1,2,3,4,5,7,8,9,10,11&currencies=5,9"
EVT0159,2019-12-12T12:45:00.000Z,EUR,103397|109200,Main Refinancing Rate|Monetary Policy Statement,dec8.2019,"https://www.forexfactory.com/calendar?week=dec8.2019&permalink=true&impacts=3&event_types=1,2,3,4,5,7,8,9,10,11&currencies=5,9"
EVT0160,2019-12-13T13:30:00.000Z,USD,102674|102675,Core Retail Sales m/m|Retail Sales m/m,dec8.2019,"https://www.forexfactory.com/calendar?week=dec8.2019&permalink=true&impacts=3&event_types=1,2,3,4,5,7,8,9,10,11&currencies=5,9"
EVT0161,2019-12-16T08:15:00.000Z,EUR,101342,French Flash Services PMI,dec15.2019,"https://www.forexfactory.com/calendar?week=dec15.2019&permalink=true&impacts=3&event_types=1,2,3,4,5,7,8,9,10,11&currencies=5,9"
EVT0162,2019-12-16T08:30:00.000Z,EUR,101348|101349,German Flash Manufacturing PMI|German Flash Services PMI,dec15.2019,"https://www.forexfactory.com/calendar?week=dec15.2019&permalink=true&impacts=3&event_types=1,2,3,4,5,7,8,9,10,11&currencies=5,9"
EVT0163,2019-12-16T14:45:00.000Z,USD,101397,Flash Manufacturing PMI,dec15.2019,"https://www.forexfactory.com/calendar?week=dec15.2019&permalink=true&impacts=3&event_types=1,2,3,4,5,7,8,9,10,11&currencies=5,9"
EVT0164,2019-12-30T14:45:00.000Z,USD,106821,Chicago PMI,dec29.2019,"https://www.forexfactory.com/calendar?week=dec29.2019&permalink=true&impacts=3&event_types=1,2,3,4,5,7,8,9,10,11&currencies=5,9"
EVT0165,2019-12-31T15:00:00.000Z,USD,101987,CB Consumer Confidence,dec29.2019,"https://www.forexfactory.com/calendar?week=dec29.2019&permalink=true&impacts=3&event_types=1,2,3,4,5,7,8,9,10,11&currencies=5,9"
EVT0166,2020-01-03T15:00:00.000Z,USD,111377,ISM Manufacturing PMI,dec29.2019,"https://www.forexfactory.com/calendar?week=dec29.2019&permalink=true&impacts=3&event_types=1,2,3,4,5,7,8,9,10,11&currencies=5,9"
EVT0167,2020-01-03T19:00:00.000Z,USD,111365,FOMC Meeting Minutes,dec29.2019,"https://www.forexfactory.com/calendar?week=dec29.2019&permalink=true&impacts=3&event_types=1,2,3,4,5,7,8,9,10,11&currencies=5,9"
EVT0168,2020-01-07T15:00:00.000Z,USD,111492,ISM Services PMI,jan5.2020,"https://www.forexfactory.com/calendar?week=jan5.2020&permalink=true&impacts=3&event_types=1,2,3,4,5,7,8,9,10,11&currencies=5,9"
EVT0169,2020-01-08T13:15:00.000Z,USD,111101,ADP Non-Farm Employment Change,jan5.2020,"https://www.forexfactory.com/calendar?week=jan5.2020&permalink=true&impacts=3&event_types=1,2,3,4,5,7,8,9,10,11&currencies=5,9"
EVT0170,2020-01-10T13:30:00.000Z,USD,111065|111066|111067,Average Hourly Earnings m/m|Non-Farm Employment Change|Unemployment Rate,jan5.2020,"https://www.forexfactory.com/calendar?week=jan5.2020&permalink=true&impacts=3&event_types=1,2,3,4,5,7,8,9,10,11&currencies=5,9"
EVT0171,2020-01-14T13:30:00.000Z,USD,114132|114133|128626|152977,CPI m/m|CPI y/y|Core CPI m/m|Core CPI y/y,jan12.2020,"https://www.forexfactory.com/calendar?week=jan12.2020&permalink=true&impacts=3&event_types=1,2,3,4,5,7,8,9,10,11&currencies=5,9"
EVT0172,2020-01-16T12:30:00.000Z,EUR,112837,ECB Monetary Policy Meeting Accounts,jan12.2020,"https://www.forexfactory.com/calendar?week=jan12.2020&permalink=true&impacts=3&event_types=1,2,3,4,5,7,8,9,10,11&currencies=5,9"
EVT0173,2020-01-16T13:30:00.000Z,USD,114242|114243,Core Retail Sales m/m|Retail Sales m/m,jan12.2020,"https://www.forexfactory.com/calendar?week=jan12.2020&permalink=true&impacts=3&event_types=1,2,3,4,5,7,8,9,10,11&currencies=5,9"
EVT0174,2020-01-23T12:45:00.000Z,EUR,112814|112815,Main Refinancing Rate|Monetary Policy Statement,jan19.2020,"https://www.forexfactory.com/calendar?week=jan19.2020&permalink=true&impacts=3&event_types=1,2,3,4,5,7,8,9,10,11&currencies=5,9"
EVT0175,2020-01-23T16:00:00.000Z,USD,110833,Crude Oil Inventories,jan19.2020,"https://www.forexfactory.com/calendar?week=jan19.2020&permalink=true&impacts=3&event_types=1,2,3,4,5,7,8,9,10,11&currencies=5,9"
EVT0176,2020-01-24T08:15:00.000Z,EUR,111587,French Flash Services PMI,jan19.2020,"https://www.forexfactory.com/calendar?week=jan19.2020&permalink=true&impacts=3&event_types=1,2,3,4,5,7,8,9,10,11&currencies=5,9"
EVT0177,2020-01-24T08:30:00.000Z,EUR,111584|111585,German Flash Manufacturing PMI|German Flash Services PMI,jan19.2020,"https://www.forexfactory.com/calendar?week=jan19.2020&permalink=true&impacts=3&event_types=1,2,3,4,5,7,8,9,10,11&currencies=5,9"
EVT0178,2020-01-27T09:00:00.000Z,EUR,112913,German ifo Business Climate,jan26.2020,"https://www.forexfactory.com/calendar?week=jan26.2020&permalink=true&impacts=3&event_types=1,2,3,4,5,7,8,9,10,11&currencies=5,9"
EVT0179,2020-01-28T15:00:00.000Z,USD,113931,CB Consumer Confidence,jan26.2020,"https://www.forexfactory.com/calendar?week=jan26.2020&permalink=true&impacts=3&event_types=1,2,3,4,5,7,8,9,10,11&currencies=5,9"
EVT0180,2020-01-29T19:00:00.000Z,USD,111337|111338,FOMC Statement|Federal Funds Rate,jan26.2020,"https://www.forexfactory.com/calendar?week=jan26.2020&permalink=true&impacts=3&event_types=1,2,3,4,5,7,8,9,10,11&currencies=5,9"
EVT0181,2020-01-30T13:30:00.000Z,USD,111248,Advance GDP q/q,jan26.2020,"https://www.forexfactory.com/calendar?week=jan26.2020&permalink=true&impacts=3&event_types=1,2,3,4,5,7,8,9,10,11&currencies=5,9"
EVT0182,2020-02-03T15:00:00.000Z,USD,111389,ISM Manufacturing PMI,feb2.2020,"https://www.forexfactory.com/calendar?week=feb2.2020&permalink=true&impacts=3&event_types=1,2,3,4,5,7,8,9,10,11&currencies=5,9"
EVT0183,2020-02-05T13:15:00.000Z,USD,111103,ADP Non-Farm Employment Change,feb2.2020,"https://www.forexfactory.com/calendar?week=feb2.2020&permalink=true&impacts=3&event_types=1,2,3,4,5,7,8,9,10,11&currencies=5,9"
EVT0184,2020-02-05T15:00:00.000Z,USD,111500,ISM Services PMI,feb2.2020,"https://www.forexfactory.com/calendar?week=feb2.2020&permalink=true&impacts=3&event_types=1,2,3,4,5,7,8,9,10,11&currencies=5,9"
EVT0185,2020-02-07T13:30:00.000Z,USD,111068|111069|111070,Average Hourly Earnings m/m|Non-Farm Employment Change|Unemployment Rate,feb2.2020,"https://www.forexfactory.com/calendar?week=feb2.2020&permalink=true&impacts=3&event_types=1,2,3,4,5,7,8,9,10,11&currencies=5,9"
EVT0186,2020-02-13T13:30:00.000Z,USD,114134|114135|128627|152978,CPI m/m|CPI y/y|Core CPI m/m|Core CPI y/y,feb9.2020,"https://www.forexfactory.com/calendar?week=feb9.2020&permalink=true&impacts=3&event_types=1,2,3,4,5,7,8,9,10,11&currencies=5,9"
EVT0187,2020-02-13T14:00:00.000Z,USD,152857,Fed Gov Nomination Hearings,feb9.2020,"https://www.forexfactory.com/calendar?week=feb9.2020&permalink=true&impacts=3&event_types=1,2,3,4,5,7,8,9,10,11&currencies=5,9"
EVT0188,2020-02-14T07:00:00.000Z,EUR,112973,German Prelim GDP q/q,feb9.2020,"https://www.forexfactory.com/calendar?week=feb9.2020&permalink=true&impacts=3&event_types=1,2,3,4,5,7,8,9,10,11&currencies=5,9"
EVT0189,2020-02-14T13:30:00.000Z,USD,114244|114245,Core Retail Sales m/m|Retail Sales m/m,feb9.2020,"https://www.forexfactory.com/calendar?week=feb9.2020&permalink=true&impacts=3&event_types=1,2,3,4,5,7,8,9,10,11&currencies=5,9"
EVT0190,2020-02-18T10:00:00.000Z,EUR,112886,German ZEW Economic Sentiment,feb16.2020,"https://www.forexfactory.com/calendar?week=feb16.2020&permalink=true&impacts=3&event_types=1,2,3,4,5,7,8,9,10,11&currencies=5,9"
EVT0191,2020-02-19T19:00:00.000Z,USD,111366,FOMC Meeting Minutes,feb16.2020,"https://www.forexfactory.com/calendar?week=feb16.2020&permalink=true&impacts=3&event_types=1,2,3,4,5,7,8,9,10,11&currencies=5,9"
EVT0192,2020-02-20T12:30:00.000Z,EUR,112838,ECB Monetary Policy Meeting Accounts,feb16.2020,"https://www.forexfactory.com/calendar?week=feb16.2020&permalink=true&impacts=3&event_types=1,2,3,4,5,7,8,9,10,11&currencies=5,9"
EVT0193,2020-02-21T08:15:00.000Z,EUR,111593,French Flash Services PMI,feb16.2020,"https://www.forexfactory.com/calendar?week=feb16.2020&permalink=true&impacts=3&event_types=1,2,3,4,5,7,8,9,10,11&currencies=5,9"
EVT0194,2020-02-21T08:30:00.000Z,EUR,111594|111595,German Flash Manufacturing PMI|German Flash Services PMI,feb16.2020,"https://www.forexfactory.com/calendar?week=feb16.2020&permalink=true&impacts=3&event_types=1,2,3,4,5,7,8,9,10,11&currencies=5,9"
EVT0195,2020-02-21T14:45:00.000Z,USD,111597,Flash Manufacturing PMI,feb16.2020,"https://www.forexfactory.com/calendar?week=feb16.2020&permalink=true&impacts=3&event_types=1,2,3,4,5,7,8,9,10,11&currencies=5,9"
EVT0196,2020-02-24T09:00:00.000Z,EUR,112912,German ifo Business Climate,feb23.2020,"https://www.forexfactory.com/calendar?week=feb23.2020&permalink=true&impacts=3&event_types=1,2,3,4,5,7,8,9,10,11&currencies=5,9"
EVT0197,2020-02-25T15:00:00.000Z,USD,113932,CB Consumer Confidence,feb23.2020,"https://www.forexfactory.com/calendar?week=feb23.2020&permalink=true&impacts=3&event_types=1,2,3,4,5,7,8,9,10,11&currencies=5,9"
EVT0198,2020-02-28T19:30:00.000Z,USD,115987,Fed Announcement,feb23.2020,"https://www.forexfactory.com/calendar?week=feb23.2020&permalink=true&impacts=3&event_types=1,2,3,4,5,7,8,9,10,11&currencies=5,9"
EVT0199,2020-03-02T15:00:00.000Z,USD,111394,ISM Manufacturing PMI,mar1.2020,"https://www.forexfactory.com/calendar?week=mar1.2020&permalink=true&impacts=3&event_types=1,2,3,4,5,7,8,9,10,11&currencies=5,9"
EVT0200,2020-03-03T15:00:00.000Z,USD,115984|115986,FOMC Statement|Federal Funds Rate,mar1.2020,"https://www.forexfactory.com/calendar?week=mar1.2020&permalink=true&impacts=3&event_types=1,2,3,4,5,7,8,9,10,11&currencies=5,9"
EVT0201,2020-03-04T13:15:00.000Z,USD,111104,ADP Non-Farm Employment Change,mar1.2020,"https://www.forexfactory.com/calendar?week=mar1.2020&permalink=true&impacts=3&event_types=1,2,3,4,5,7,8,9,10,11&currencies=5,9"
EVT0202,2020-03-04T15:00:00.000Z,USD,111507,ISM Services PMI,mar1.2020,"https://www.forexfactory.com/calendar?week=mar1.2020&permalink=true&impacts=3&event_types=1,2,3,4,5,7,8,9,10,11&currencies=5,9"
EVT0203,2020-03-06T13:30:00.000Z,USD,111071|111072|111073,Average Hourly Earnings m/m|Non-Farm Employment Change|Unemployment Rate,mar1.2020,"https://www.forexfactory.com/calendar?week=mar1.2020&permalink=true&impacts=3&event_types=1,2,3,4,5,7,8,9,10,11&currencies=5,9"
EVT0204,2020-03-11T12:30:00.000Z,USD,114136|114137|128628|152979,CPI m/m|CPI y/y|Core CPI m/m|Core CPI y/y,mar8.2020,"https://www.forexfactory.com/calendar?week=mar8.2020&permalink=true&impacts=3&event_types=1,2,3,4,5,7,8,9,10,11&currencies=5,9"
EVT0205,2020-03-12T12:45:00.000Z,EUR,112816|112817,Main Refinancing Rate|Monetary Policy Statement,mar8.2020,"https://www.forexfactory.com/calendar?week=mar8.2020&permalink=true&impacts=3&event_types=1,2,3,4,5,7,8,9,10,11&currencies=5,9"
EVT0206,2020-03-15T21:00:00.000Z,USD,116015|116016|116024,FOMC Statement|Fed Announcement|Federal Funds Rate,mar15.2020,"https://www.forexfactory.com/calendar?week=mar15.2020&permalink=true&impacts=3&event_types=1,2,3,4,5,7,8,9,10,11&currencies=5,9"
EVT0207,2020-03-17T10:00:00.000Z,EUR,115882,German ZEW Economic Sentiment,mar15.2020,"https://www.forexfactory.com/calendar?week=mar15.2020&permalink=true&impacts=3&event_types=1,2,3,4,5,7,8,9,10,11&currencies=5,9"
EVT0208,2020-03-17T12:30:00.000Z,USD,114246|114247,Core Retail Sales m/m|Retail Sales m/m,mar15.2020,"https://www.forexfactory.com/calendar?week=mar15.2020&permalink=true&impacts=3&event_types=1,2,3,4,5,7,8,9,10,11&currencies=5,9"
EVT0209,2020-03-17T14:45:00.000Z,USD,116031,Fed Announcement,mar15.2020,"https://www.forexfactory.com/calendar?week=mar15.2020&permalink=true&impacts=3&event_types=1,2,3,4,5,7,8,9,10,11&currencies=5,9"
EVT0210,2020-03-17T22:00:00.000Z,USD,116034,Fed Announcement,mar15.2020,"https://www.forexfactory.com/calendar?week=mar15.2020&permalink=true&impacts=3&event_types=1,2,3,4,5,7,8,9,10,11&currencies=5,9"
EVT0211,2020-03-19T09:00:00.000Z,EUR,116052,German ifo Business Climate,mar15.2020,"https://www.forexfactory.com/calendar?week=mar15.2020&permalink=true&impacts=3&event_types=1,2,3,4,5,7,8,9,10,11&currencies=5,9"
EVT0212,2020-03-19T13:00:00.000Z,USD,116053,Fed Announcement,mar15.2020,"https://www.forexfactory.com/calendar?week=mar15.2020&permalink=true&impacts=3&event_types=1,2,3,4,5,7,8,9,10,11&currencies=5,9"
EVT0213,2020-03-20T14:00:00.000Z,USD,116063,Fed Announcement,mar15.2020,"https://www.forexfactory.com/calendar?week=mar15.2020&permalink=true&impacts=3&event_types=1,2,3,4,5,7,8,9,10,11&currencies=5,9"
EVT0214,2020-03-20T15:00:00.000Z,USD,116065,Fed Announcement,mar15.2020,"https://www.forexfactory.com/calendar?week=mar15.2020&permalink=true&impacts=3&event_types=1,2,3,4,5,7,8,9,10,11&currencies=5,9"
EVT0215,2020-03-23T12:00:00.000Z,USD,116076,Fed Announcement,mar22.2020,"https://www.forexfactory.com/calendar?week=mar22.2020&permalink=true&impacts=3&event_types=1,2,3,4,5,7,8,9,10,11&currencies=5,9"
EVT0216,2020-03-24T08:15:00.000Z,EUR,111605,French Flash Services PMI,mar22.2020,"https://www.forexfactory.com/calendar?week=mar22.2020&permalink=true&impacts=3&event_types=1,2,3,4,5,7,8,9,10,11&currencies=5,9"
EVT0217,2020-03-24T08:30:00.000Z,EUR,111602|111603,German Flash Manufacturing PMI|German Flash Services PMI,mar22.2020,"https://www.forexfactory.com/calendar?week=mar22.2020&permalink=true&impacts=3&event_types=1,2,3,4,5,7,8,9,10,11&currencies=5,9"
EVT0218,2020-03-24T13:45:00.000Z,USD,111599,Flash Manufacturing PMI,mar22.2020,"https://www.forexfactory.com/calendar?week=mar22.2020&permalink=true&impacts=3&event_types=1,2,3,4,5,7,8,9,10,11&currencies=5,9"
EVT0219,2020-03-26T12:30:00.000Z,USD,110778,Unemployment Claims,mar22.2020,"https://www.forexfactory.com/calendar?week=mar22.2020&permalink=true&impacts=3&event_types=1,2,3,4,5,7,8,9,10,11&currencies=5,9"
EVT0220,2020-03-31T12:30:00.000Z,USD,116095,Fed Announcement,mar29.2020,"https://www.forexfactory.com/calendar?week=mar29.2020&permalink=true&impacts=3&event_types=1,2,3,4,5,7,8,9,10,11&currencies=5,9"
EVT0221,2020-03-31T14:00:00.000Z,USD,113933,CB Consumer Confidence,mar29.2020,"https://www.forexfactory.com/calendar?week=mar29.2020&permalink=true&impacts=3&event_types=1,2,3,4,5,7,8,9,10,11&currencies=5,9"
EVT0222,2020-04-01T12:15:00.000Z,USD,111105,ADP Non-Farm Employment Change,mar29.2020,"https://www.forexfactory.com/calendar?week=mar29.2020&permalink=true&impacts=3&event_types=1,2,3,4,5,7,8,9,10,11&currencies=5,9"
EVT0223,2020-04-01T14:00:00.000Z,USD,111410,ISM Manufacturing PMI,mar29.2020,"https://www.forexfactory.com/calendar?week=mar29.2020&permalink=true&impacts=3&event_types=1,2,3,4,5,7,8,9,10,11&currencies=5,9"
EVT0224,2020-04-02T12:30:00.000Z,USD,110779,Unemployment Claims,mar29.2020,"https://www.forexfactory.com/calendar?week=mar29.2020&permalink=true&impacts=3&event_types=1,2,3,4,5,7,8,9,10,11&currencies=5,9"
EVT0225,2020-04-03T12:30:00.000Z,USD,111074|111075|111076,Average Hourly Earnings m/m|Non-Farm Employment Change|Unemployment Rate,mar29.2020,"https://www.forexfactory.com/calendar?week=mar29.2020&permalink=true&impacts=3&event_types=1,2,3,4,5,7,8,9,10,11&currencies=5,9"
EVT0226,2020-04-09T11:30:00.000Z,EUR,112839,ECB Monetary Policy Meeting Accounts,apr5.2020,"https://www.forexfactory.com/calendar?week=apr5.2020&permalink=true&impacts=3&event_types=1,2,3,4,5,7,8,9,10,11&currencies=5,9"
EVT0227,2020-04-09T12:30:00.000Z,USD,110780|116122,Fed Announcement|Unemployment Claims,apr5.2020,"https://www.forexfactory.com/calendar?week=apr5.2020&permalink=true&impacts=3&event_types=1,2,3,4,5,7,8,9,10,11&currencies=5,9"
EVT0228,2020-04-10T12:30:00.000Z,USD,114138|114139|128629|152980,CPI m/m|CPI y/y|Core CPI m/m|Core CPI y/y,apr5.2020,"https://www.forexfactory.com/calendar?week=apr5.2020&permalink=true&impacts=3&event_types=1,2,3,4,5,7,8,9,10,11&currencies=5,9"
EVT0229,2020-04-15T12:30:00.000Z,USD,114248|114249,Core Retail Sales m/m|Retail Sales m/m,apr12.2020,"https://www.forexfactory.com/calendar?week=apr12.2020&permalink=true&impacts=3&event_types=1,2,3,4,5,7,8,9,10,11&currencies=5,9"
EVT0230,2020-04-16T12:30:00.000Z,USD,110781,Unemployment Claims,apr12.2020,"https://www.forexfactory.com/calendar?week=apr12.2020&permalink=true&impacts=3&event_types=1,2,3,4,5,7,8,9,10,11&currencies=5,9"
EVT0231,2020-04-23T07:15:00.000Z,EUR,111610,French Flash Services PMI,apr19.2020,"https://www.forexfactory.com/calendar?week=apr19.2020&permalink=true&impacts=3&event_types=1,2,3,4,5,7,8,9,10,11&currencies=5,9"
EVT0232,2020-04-23T07:30:00.000Z,EUR,111608|111609,German Flash Manufacturing PMI|German Flash Services PMI,apr19.2020,"https://www.forexfactory.com/calendar?week=apr19.2020&permalink=true&impacts=3&event_types=1,2,3,4,5,7,8,9,10,11&currencies=5,9"
EVT0233,2020-04-23T12:30:00.000Z,USD,110782,Unemployment Claims,apr19.2020,"https://www.forexfactory.com/calendar?week=apr19.2020&permalink=true&impacts=3&event_types=1,2,3,4,5,7,8,9,10,11&currencies=5,9"
EVT0234,2020-04-23T13:45:00.000Z,USD,111613,Flash Manufacturing PMI,apr19.2020,"https://www.forexfactory.com/calendar?week=apr19.2020&permalink=true&impacts=3&event_types=1,2,3,4,5,7,8,9,10,11&currencies=5,9"
EVT0235,2020-04-24T08:00:00.000Z,EUR,112910,German ifo Business Climate,apr19.2020,"https://www.forexfactory.com/calendar?week=apr19.2020&permalink=true&impacts=3&event_types=1,2,3,4,5,7,8,9,10,11&currencies=5,9"
EVT0236,2020-04-24T12:30:00.000Z,USD,114187,Core Durable Goods Orders m/m,apr19.2020,"https://www.forexfactory.com/calendar?week=apr19.2020&permalink=true&impacts=3&event_types=1,2,3,4,5,7,8,9,10,11&currencies=5,9"
EVT0237,2020-04-28T14:00:00.000Z,USD,113934,CB Consumer Confidence,apr26.2020,"https://www.forexfactory.com/calendar?week=apr26.2020&permalink=true&impacts=3&event_types=1,2,3,4,5,7,8,9,10,11&currencies=5,9"
EVT0238,2020-04-29T12:32:00.000Z,USD,111250,Advance GDP q/q,apr26.2020,"https://www.forexfactory.com/calendar?week=apr26.2020&permalink=true&impacts=3&event_types=1,2,3,4,5,7,8,9,10,11&currencies=5,9"
EVT0239,2020-04-29T18:00:00.000Z,USD,111345,FOMC Statement,apr26.2020,"https://www.forexfactory.com/calendar?week=apr26.2020&permalink=true&impacts=3&event_types=1,2,3,4,5,7,8,9,10,11&currencies=5,9"
EVT0240,2020-04-30T11:45:00.000Z,EUR,112819|112820,Main Refinancing Rate|Monetary Policy Statement,apr26.2020,"https://www.forexfactory.com/calendar?week=apr26.2020&permalink=true&impacts=3&event_types=1,2,3,4,5,7,8,9,10,11&currencies=5,9"
EVT0241,2020-04-30T12:30:00.000Z,USD,110783,Unemployment Claims,apr26.2020,"https://www.forexfactory.com/calendar?week=apr26.2020&permalink=true&impacts=3&event_types=1,2,3,4,5,7,8,9,10,11&currencies=5,9"
EVT0242,2020-04-30T14:00:00.000Z,USD,116158,Fed Announcement,apr26.2020,"https://www.forexfactory.com/calendar?week=apr26.2020&permalink=true&impacts=3&event_types=1,2,3,4,5,7,8,9,10,11&currencies=5,9"
EVT0243,2020-05-01T14:00:00.000Z,USD,111413,ISM Manufacturing PMI,apr26.2020,"https://www.forexfactory.com/calendar?week=apr26.2020&permalink=true&impacts=3&event_types=1,2,3,4,5,7,8,9,10,11&currencies=5,9"
EVT0244,2020-05-05T08:11:00.000Z,EUR,116161,German Constitutional Court Ruling,may3.2020,"https://www.forexfactory.com/calendar?week=may3.2020&permalink=true&impacts=3&event_types=1,2,3,4,5,7,8,9,10,11&currencies=5,9"
EVT0245,2020-05-05T14:00:00.000Z,USD,111523,ISM Services PMI,may3.2020,"https://www.forexfactory.com/calendar?week=may3.2020&permalink=true&impacts=3&event_types=1,2,3,4,5,7,8,9,10,11&currencies=5,9"
EVT0246,2020-05-06T09:00:00.000Z,EUR,112846,EU Economic Forecasts,may3.2020,"https://www.forexfactory.com/calendar?week=may3.2020&permalink=true&impacts=3&event_types=1,2,3,4,5,7,8,9,10,11&currencies=5,9"
EVT0247,2020-05-06T12:15:00.000Z,USD,111106,ADP Non-Farm Employment Change,may3.2020,"https://www.forexfactory.com/calendar?week=may3.2020&permalink=true&impacts=3&event_types=1,2,3,4,5,7,8,9,10,11&currencies=5,9"
EVT0248,2020-05-07T12:30:00.000Z,USD,110784,Unemployment Claims,may3.2020,"https://www.forexfactory.com/calendar?week=may3.2020&permalink=true&impacts=3&event_types=1,2,3,4,5,7,8,9,10,11&currencies=5,9"
EVT0249,2020-05-08T12:30:00.000Z,USD,111077|111078|111079,Average Hourly Earnings m/m|Non-Farm Employment Change|Unemployment Rate,may3.2020,"https://www.forexfactory.com/calendar?week=may3.2020&permalink=true&impacts=3&event_types=1,2,3,4,5,7,8,9,10,11&currencies=5,9"
EVT0250,2020-05-12T12:30:00.000Z,USD,114140|114141|128630|152981,CPI m/m|CPI y/y|Core CPI m/m|Core CPI y/y,may10.2020,"https://www.forexfactory.com/calendar?week=may10.2020&permalink=true&impacts=3&event_types=1,2,3,4,5,7,8,9,10,11&currencies=5,9"
EVT0251,2020-05-15T08:00:00.000Z,EUR,112998,German Prelim GDP q/q,may10.2020,"https://www.forexfactory.com/calendar?week=may10.2020&permalink=true&impacts=3&event_types=1,2,3,4,5,7,8,9,10,11&currencies=5,9"
EVT0252,2020-05-15T12:30:00.000Z,USD,114250|114251,Core Retail Sales m/m|Retail Sales m/m,may10.2020,"https://www.forexfactory.com/calendar?week=may10.2020&permalink=true&impacts=3&event_types=1,2,3,4,5,7,8,9,10,11&currencies=5,9"
EVT0253,2020-05-21T07:15:00.000Z,EUR,111618,French Flash Services PMI,may17.2020,"https://www.forexfactory.com/calendar?week=may17.2020&permalink=true&impacts=3&event_types=1,2,3,4,5,7,8,9,10,11&currencies=5,9"
EVT0254,2020-05-21T07:30:00.000Z,EUR,111620|111621,German Flash Manufacturing PMI|German Flash Services PMI,may17.2020,"https://www.forexfactory.com/calendar?week=may17.2020&permalink=true&impacts=3&event_types=1,2,3,4,5,7,8,9,10,11&currencies=5,9"
EVT0255,2020-05-21T13:45:00.000Z,USD,111615,Flash Manufacturing PMI,may17.2020,"https://www.forexfactory.com/calendar?week=may17.2020&permalink=true&impacts=3&event_types=1,2,3,4,5,7,8,9,10,11&currencies=5,9"
EVT0256,2020-05-22T11:30:00.000Z,EUR,112840,ECB Monetary Policy Meeting Accounts,may17.2020,"https://www.forexfactory.com/calendar?week=may17.2020&permalink=true&impacts=3&event_types=1,2,3,4,5,7,8,9,10,11&currencies=5,9"
EVT0257,2020-05-28T12:30:00.000Z,USD,111258,Prelim GDP q/q,may24.2020,"https://www.forexfactory.com/calendar?week=may24.2020&permalink=true&impacts=3&event_types=1,2,3,4,5,7,8,9,10,11&currencies=5,9"
EVT0258,2020-06-01T14:00:00.000Z,USD,111428,ISM Manufacturing PMI,may31.2020,"https://www.forexfactory.com/calendar?week=may31.2020&permalink=true&impacts=3&event_types=1,2,3,4,5,7,8,9,10,11&currencies=5,9"
EVT0259,2020-06-03T12:15:00.000Z,USD,111111,ADP Non-Farm Employment Change,may31.2020,"https://www.forexfactory.com/calendar?week=may31.2020&permalink=true&impacts=3&event_types=1,2,3,4,5,7,8,9,10,11&currencies=5,9"
EVT0260,2020-06-03T14:00:00.000Z,USD,111531,ISM Services PMI,may31.2020,"https://www.forexfactory.com/calendar?week=may31.2020&permalink=true&impacts=3&event_types=1,2,3,4,5,7,8,9,10,11&currencies=5,9"
EVT0261,2020-06-04T11:45:00.000Z,EUR,112822|112823,Main Refinancing Rate|Monetary Policy Statement,may31.2020,"https://www.forexfactory.com/calendar?week=may31.2020&permalink=true&impacts=3&event_types=1,2,3,4,5,7,8,9,10,11&currencies=5,9"
EVT0262,2020-06-05T12:30:00.000Z,USD,111080|111081|111082,Average Hourly Earnings m/m|Non-Farm Employment Change|Unemployment Rate,may31.2020,"https://www.forexfactory.com/calendar?week=may31.2020&permalink=true&impacts=3&event_types=1,2,3,4,5,7,8,9,10,11&currencies=5,9"
EVT0263,2020-06-10T12:30:00.000Z,USD,114142|114143|128631|152982,CPI m/m|CPI y/y|Core CPI m/m|Core CPI y/y,jun7.2020,"https://www.forexfactory.com/calendar?week=jun7.2020&permalink=true&impacts=3&event_types=1,2,3,4,5,7,8,9,10,11&currencies=5,9"
EVT0264,2020-06-10T18:00:00.000Z,USD,111347|111348|111349,FOMC Economic Projections|FOMC Statement|Federal Funds Rate,jun7.2020,"https://www.forexfactory.com/calendar?week=jun7.2020&permalink=true&impacts=3&event_types=1,2,3,4,5,7,8,9,10,11&currencies=5,9"
EVT0265,2020-06-12T14:00:00.000Z,USD,111171,Prelim UoM Consumer Sentiment,jun7.2020,"https://www.forexfactory.com/calendar?week=jun7.2020&permalink=true&impacts=3&event_types=1,2,3,4,5,7,8,9,10,11&currencies=5,9"
EVT0266,2020-06-15T18:00:00.000Z,USD,116246,Fed Announcement,jun14.2020,"https://www.forexfactory.com/calendar?week=jun14.2020&permalink=true&impacts=3&event_types=1,2,3,4,5,7,8,9,10,11&currencies=5,9"
EVT0267,2020-06-16T12:30:00.000Z,USD,114252|114253,Core Retail Sales m/m|Retail Sales m/m,jun14.2020,"https://www.forexfactory.com/calendar?week=jun14.2020&permalink=true&impacts=3&event_types=1,2,3,4,5,7,8,9,10,11&currencies=5,9"
EVT0268,2020-06-23T07:15:00.000Z,EUR,111625,French Flash Services PMI,jun21.2020,"https://www.forexfactory.com/calendar?week=jun21.2020&permalink=true&impacts=3&event_types=1,2,3,4,5,7,8,9,10,11&currencies=5,9"
EVT0269,2020-06-23T07:30:00.000Z,EUR,111622|111623,German Flash Manufacturing PMI|German Flash Services PMI,jun21.2020,"https://www.forexfactory.com/calendar?week=jun21.2020&permalink=true&impacts=3&event_types=1,2,3,4,5,7,8,9,10,11&currencies=5,9"
EVT0270,2020-07-01T12:15:00.000Z,USD,111113,ADP Non-Farm Employment Change,jun28.2020,"https://www.forexfactory.com/calendar?week=jun28.2020&permalink=true&impacts=3&event_types=1,2,3,4,5,7,8,9,10,11&currencies=5,9"
EVT0271,2020-07-02T12:30:00.000Z,USD,111083|111084|111085,Average Hourly Earnings m/m|Non-Farm Employment Change|Unemployment Rate,jun28.2020,"https://www.forexfactory.com/calendar?week=jun28.2020&permalink=true&impacts=3&event_types=1,2,3,4,5,7,8,9,10,11&currencies=5,9"
EVT0272,2020-07-06T14:00:00.000Z,USD,111539,ISM Services PMI,jul5.2020,"https://www.forexfactory.com/calendar?week=jul5.2020&permalink=true&impacts=3&event_types=1,2,3,4,5,7,8,9,10,11&currencies=5,9"
EVT0273,2020-07-14T12:30:00.000Z,USD,128632|152983,CPI y/y|Core CPI y/y,jul12.2020,"https://www.forexfactory.com/calendar?week=jul12.2020&permalink=true&impacts=3&event_types=1,2,3,4,5,7,8,9,10,11&currencies=5,9"
EVT0274,2020-07-16T11:45:00.000Z,EUR,112825|112826,Main Refinancing Rate|Monetary Policy Statement,jul12.2020,"https://www.forexfactory.com/calendar?week=jul12.2020&permalink=true&impacts=3&event_types=1,2,3,4,5,7,8,9,10,11&currencies=5,9"
EVT0275,2020-07-16T12:30:00.000Z,USD,114254|114255,Core Retail Sales m/m|Retail Sales m/m,jul12.2020,"https://www.forexfactory.com/calendar?week=jul12.2020&permalink=true&impacts=3&event_types=1,2,3,4,5,7,8,9,10,11&currencies=5,9"
EVT0276,2020-07-24T07:15:00.000Z,EUR,111644,French Flash Services PMI,jul19.2020,"https://www.forexfactory.com/calendar?week=jul19.2020&permalink=true&impacts=3&event_types=1,2,3,4,5,7,8,9,10,11&currencies=5,9"
EVT0277,2020-07-24T07:30:00.000Z,EUR,111630|111631,German Flash Manufacturing PMI|German Flash Services PMI,jul19.2020,"https://www.forexfactory.com/calendar?week=jul19.2020&permalink=true&impacts=3&event_types=1,2,3,4,5,7,8,9,10,11&currencies=5,9"
EVT0278,2020-07-28T13:30:00.000Z,USD,116312,Fed Announcement,jul26.2020,"https://www.forexfactory.com/calendar?week=jul26.2020&permalink=true&impacts=3&event_types=1,2,3,4,5,7,8,9,10,11&currencies=5,9"
EVT0279,2020-07-29T14:00:00.000Z,USD,114005,Pending Home Sales m/m,jul26.2020,"https://www.forexfactory.com/calendar?week=jul26.2020&permalink=true&impacts=3&event_types=1,2,3,4,5,7,8,9,10,11&currencies=5,9"
EVT0280,2020-07-29T18:00:00.000Z,USD,111352,FOMC Statement,jul26.2020,"https://www.forexfactory.com/calendar?week=jul26.2020&permalink=true&impacts=3&event_types=1,2,3,4,5,7,8,9,10,11&currencies=5,9"
EVT0281,2020-07-30T08:00:00.000Z,EUR,116306,German Prelim GDP q/q,jul26.2020,"https://www.forexfactory.com/calendar?week=jul26.2020&permalink=true&impacts=3&event_types=1,2,3,4,5,7,8,9,10,11&currencies=5,9"
EVT0282,2020-07-30T12:30:00.000Z,USD,111252,Advance GDP q/q,jul26.2020,"https://www.forexfactory.com/calendar?week=jul26.2020&permalink=true&impacts=3&event_types=1,2,3,4,5,7,8,9,10,11&currencies=5,9"
EVT0283,2020-08-03T14:00:00.000Z,USD,111445,ISM Manufacturing PMI,aug2.2020,"https://www.forexfactory.com/calendar?week=aug2.2020&permalink=true&impacts=3&event_types=1,2,3,4,5,7,8,9,10,11&currencies=5,9"
EVT0284,2020-08-05T14:00:00.000Z,USD,111547,ISM Services PMI,aug2.2020,"https://www.forexfactory.com/calendar?week=aug2.2020&permalink=true&impacts=3&event_types=1,2,3,4,5,7,8,9,10,11&currencies=5,9"
EVT0285,2020-08-07T12:30:00.000Z,USD,111086|111087|111088,Average Hourly Earnings m/m|Non-Farm Employment Change|Unemployment Rate,aug2.2020,"https://www.forexfactory.com/calendar?week=aug2.2020&permalink=true&impacts=3&event_types=1,2,3,4,5,7,8,9,10,11&currencies=5,9"
EVT0286,2020-08-12T12:30:00.000Z,USD,114146|114147|128633|152984,CPI m/m|CPI y/y|Core CPI m/m|Core CPI y/y,aug9.2020,"https://www.forexfactory.com/calendar?week=aug9.2020&permalink=true&impacts=3&event_types=1,2,3,4,5,7,8,9,10,11&currencies=5,9"
EVT0287,2020-08-14T12:30:00.000Z,USD,114256|114257,Core Retail Sales m/m|Retail Sales m/m,aug9.2020,"https://www.forexfactory.com/calendar?week=aug9.2020&permalink=true&impacts=3&event_types=1,2,3,4,5,7,8,9,10,11&currencies=5,9"
EVT0288,2020-08-21T07:15:00.000Z,EUR,111639,French Flash Services PMI,aug16.2020,"https://www.forexfactory.com/calendar?week=aug16.2020&permalink=true&impacts=3&event_types=1,2,3,4,5,7,8,9,10,11&currencies=5,9"
EVT0289,2020-08-21T07:30:00.000Z,EUR,111634|111635,German Flash Manufacturing PMI|German Flash Services PMI,aug16.2020,"https://www.forexfactory.com/calendar?week=aug16.2020&permalink=true&impacts=3&event_types=1,2,3,4,5,7,8,9,10,11&currencies=5,9"
EVT0290,2020-09-01T14:00:00.000Z,USD,111455,ISM Manufacturing PMI,aug30.2020,"https://www.forexfactory.com/calendar?week=aug30.2020&permalink=true&impacts=3&event_types=1,2,3,4,5,7,8,9,10,11&currencies=5,9"
EVT0291,2020-09-02T12:15:00.000Z,USD,111117,ADP Non-Farm Employment Change,aug30.2020,"https://www.forexfactory.com/calendar?week=aug30.2020&permalink=true&impacts=3&event_types=1,2,3,4,5,7,8,9,10,11&currencies=5,9"
EVT0292,2020-09-03T14:00:00.000Z,USD,111555,ISM Services PMI,aug30.2020,"https://www.forexfactory.com/calendar?week=aug30.2020&permalink=true&impacts=3&event_types=1,2,3,4,5,7,8,9,10,11&currencies=5,9"
EVT0293,2020-09-04T12:30:00.000Z,USD,111089|111090|111091,Average Hourly Earnings m/m|Non-Farm Employment Change|Unemployment Rate,aug30.2020,"https://www.forexfactory.com/calendar?week=aug30.2020&permalink=true&impacts=3&event_types=1,2,3,4,5,7,8,9,10,11&currencies=5,9"
EVT0294,2020-09-10T11:45:00.000Z,EUR,112828|112829,Main Refinancing Rate|Monetary Policy Statement,sep6.2020,"https://www.forexfactory.com/calendar?week=sep6.2020&permalink=true&impacts=3&event_types=1,2,3,4,5,7,8,9,10,11&currencies=5,9"
EVT0295,2020-09-11T12:30:00.000Z,USD,128634|152985,CPI y/y|Core CPI y/y,sep6.2020,"https://www.forexfactory.com/calendar?week=sep6.2020&permalink=true&impacts=3&event_types=1,2,3,4,5,7,8,9,10,11&currencies=5,9"
EVT0296,2020-09-16T12:30:00.000Z,USD,114261,Core Retail Sales m/m,sep13.2020,"https://www.forexfactory.com/calendar?week=sep13.2020&permalink=true&impacts=3&event_types=1,2,3,4,5,7,8,9,10,11&currencies=5,9"
EVT0297,2020-09-16T18:00:00.000Z,USD,111355|111356,FOMC Economic Projections|FOMC Statement,sep13.2020,"https://www.forexfactory.com/calendar?week=sep13.2020&permalink=true&impacts=3&event_types=1,2,3,4,5,7,8,9,10,11&currencies=5,9"
EVT0298,2020-09-23T07:15:00.000Z,EUR,111650,French Flash Services PMI,sep20.2020,"https://www.forexfactory.com/calendar?week=sep20.2020&permalink=true&impacts=3&event_types=1,2,3,4,5,7,8,9,10,11&currencies=5,9"
EVT0299,2020-09-23T07:30:00.000Z,EUR,111647|111649,German Flash Manufacturing PMI|German Flash Services PMI,sep20.2020,"https://www.forexfactory.com/calendar?week=sep20.2020&permalink=true&impacts=3&event_types=1,2,3,4,5,7,8,9,10,11&currencies=5,9"
EVT0300,2020-09-23T13:45:00.000Z,USD,111648,Flash Manufacturing PMI,sep20.2020,"https://www.forexfactory.com/calendar?week=sep20.2020&permalink=true&impacts=3&event_types=1,2,3,4,5,7,8,9,10,11&currencies=5,9"
EVT0301,2020-10-01T14:00:00.000Z,USD,111458,ISM Manufacturing PMI,sep27.2020,"https://www.forexfactory.com/calendar?week=sep27.2020&permalink=true&impacts=3&event_types=1,2,3,4,5,7,8,9,10,11&currencies=5,9"
EVT0302,2020-10-02T12:30:00.000Z,USD,111092|111093|111094,Average Hourly Earnings m/m|Non-Farm Employment Change|Unemployment Rate,sep27.2020,"https://www.forexfactory.com/calendar?week=sep27.2020&permalink=true&impacts=3&event_types=1,2,3,4,5,7,8,9,10,11&currencies=5,9"
EVT0303,2020-10-05T14:00:00.000Z,USD,111563,ISM Services PMI,oct4.2020,"https://www.forexfactory.com/calendar?week=oct4.2020&permalink=true&impacts=3&event_types=1,2,3,4,5,7,8,9,10,11&currencies=5,9"
EVT0304,2020-10-07T18:00:00.000Z,USD,111370,FOMC Meeting Minutes,oct4.2020,"https://www.forexfactory.com/calendar?week=oct4.2020&permalink=true&impacts=3&event_types=1,2,3,4,5,7,8,9,10,11&currencies=5,9"
EVT0305,2020-10-13T12:30:00.000Z,USD,128635|152986,CPI y/y|Core CPI y/y,oct11.2020,"https://www.forexfactory.com/calendar?week=oct11.2020&permalink=true&impacts=3&event_types=1,2,3,4,5,7,8,9,10,11&currencies=5,9"
EVT0306,2020-10-16T12:30:00.000Z,USD,114258|114259,Core Retail Sales m/m|Retail Sales m/m,oct11.2020,"https://www.forexfactory.com/calendar?week=oct11.2020&permalink=true&impacts=3&event_types=1,2,3,4,5,7,8,9,10,11&currencies=5,9"
EVT0307,2020-10-23T07:15:00.000Z,EUR,111659,French Flash Services PMI,oct18.2020,"https://www.forexfactory.com/calendar?week=oct18.2020&permalink=true&impacts=3&event_types=1,2,3,4,5,7,8,9,10,11&currencies=5,9"
EVT0308,2020-10-23T07:30:00.000Z,EUR,111660|111661,German Flash Manufacturing PMI|German Flash Services PMI,oct18.2020,"https://www.forexfactory.com/calendar?week=oct18.2020&permalink=true&impacts=3&event_types=1,2,3,4,5,7,8,9,10,11&currencies=5,9"
EVT0309,2020-10-29T12:30:00.000Z,USD,111254,Advance GDP q/q,oct25.2020,"https://www.forexfactory.com/calendar?week=oct25.2020&permalink=true&impacts=3&event_types=1,2,3,4,5,7,8,9,10,11&currencies=5,9"
EVT0310,2020-10-29T12:45:00.000Z,EUR,112831|112832,Main Refinancing Rate|Monetary Policy Statement,oct25.2020,"https://www.forexfactory.com/calendar?week=oct25.2020&permalink=true&impacts=3&event_types=1,2,3,4,5,7,8,9,10,11&currencies=5,9"
EVT0311,2020-10-30T15:00:00.000Z,USD,117243,Fed Announcement,oct25.2020,"https://www.forexfactory.com/calendar?week=oct25.2020&permalink=true&impacts=3&event_types=1,2,3,4,5,7,8,9,10,11&currencies=5,9"
EVT0312,2020-11-02T15:00:00.000Z,USD,111467,ISM Manufacturing PMI,nov1.2020,"https://www.forexfactory.com/calendar?week=nov1.2020&permalink=true&impacts=3&event_types=1,2,3,4,5,7,8,9,10,11&currencies=5,9"
EVT0313,2020-11-04T15:00:00.000Z,USD,111571,ISM Services PMI,nov1.2020,"https://www.forexfactory.com/calendar?week=nov1.2020&permalink=true&impacts=3&event_types=1,2,3,4,5,7,8,9,10,11&currencies=5,9"
EVT0314,2020-11-05T19:00:00.000Z,USD,111358,FOMC Statement,nov1.2020,"https://www.forexfactory.com/calendar?week=nov1.2020&permalink=true&impacts=3&event_types=1,2,3,4,5,7,8,9,10,11&currencies=5,9"
EVT0315,2020-11-06T13:30:00.000Z,USD,111095|111096|111097,Average Hourly Earnings m/m|Non-Farm Employment Change|Unemployment Rate,nov1.2020,"https://www.forexfactory.com/calendar?week=nov1.2020&permalink=true&impacts=3&event_types=1,2,3,4,5,7,8,9,10,11&currencies=5,9"
EVT0316,2020-11-12T13:30:00.000Z,USD,128636|152987,CPI y/y|Core CPI y/y,nov8.2020,"https://www.forexfactory.com/calendar?week=nov8.2020&permalink=true&impacts=3&event_types=1,2,3,4,5,7,8,9,10,11&currencies=5,9"
EVT0317,2020-11-17T13:30:00.000Z,USD,114264|114265,Core Retail Sales m/m|Retail Sales m/m,nov15.2020,"https://www.forexfactory.com/calendar?week=nov15.2020&permalink=true&impacts=3&event_types=1,2,3,4,5,7,8,9,10,11&currencies=5,9"
EVT0318,2020-11-23T08:15:00.000Z,EUR,111665,French Flash Services PMI,nov22.2020,"https://www.forexfactory.com/calendar?week=nov22.2020&permalink=true&impacts=3&event_types=1,2,3,4,5,7,8,9,10,11&currencies=5,9"
EVT0319,2020-11-23T08:30:00.000Z,EUR,111666|111667,German Flash Manufacturing PMI|German Flash Services PMI,nov22.2020,"https://www.forexfactory.com/calendar?week=nov22.2020&permalink=true&impacts=3&event_types=1,2,3,4,5,7,8,9,10,11&currencies=5,9"
EVT0320,2020-11-25T19:00:00.000Z,USD,116522,FOMC Meeting Minutes,nov22.2020,"https://www.forexfactory.com/calendar?week=nov22.2020&permalink=true&impacts=3&event_types=1,2,3,4,5,7,8,9,10,11&currencies=5,9"
EVT0321,2020-12-01T15:00:00.000Z,USD,111482,ISM Manufacturing PMI,nov29.2020,"https://www.forexfactory.com/calendar?week=nov29.2020&permalink=true&impacts=3&event_types=1,2,3,4,5,7,8,9,10,11&currencies=5,9"
EVT0322,2020-12-04T13:30:00.000Z,USD,111098|111099|111100,Average Hourly Earnings m/m|Non-Farm Employment Change|Unemployment Rate,nov29.2020,"https://www.forexfactory.com/calendar?week=nov29.2020&permalink=true&impacts=3&event_types=1,2,3,4,5,7,8,9,10,11&currencies=5,9"
EVT0323,2020-12-10T12:45:00.000Z,EUR,112834|112835,Main Refinancing Rate|Monetary Policy Statement,dec6.2020,"https://www.forexfactory.com/calendar?week=dec6.2020&permalink=true&impacts=3&event_types=1,2,3,4,5,7,8,9,10,11&currencies=5,9"
EVT0324,2020-12-10T13:30:00.000Z,USD,128637|152988,CPI y/y|Core CPI y/y,dec6.2020,"https://www.forexfactory.com/calendar?week=dec6.2020&permalink=true&impacts=3&event_types=1,2,3,4,5,7,8,9,10,11&currencies=5,9"
EVT0325,2020-12-16T08:15:00.000Z,EUR,111673,French Flash Services PMI,dec13.2020,"https://www.forexfactory.com/calendar?week=dec13.2020&permalink=true&impacts=3&event_types=1,2,3,4,5,7,8,9,10,11&currencies=5,9"
EVT0326,2020-12-16T08:30:00.000Z,EUR,111674|111675,German Flash Manufacturing PMI|German Flash Services PMI,dec13.2020,"https://www.forexfactory.com/calendar?week=dec13.2020&permalink=true&impacts=3&event_types=1,2,3,4,5,7,8,9,10,11&currencies=5,9"
EVT0327,2020-12-16T13:30:00.000Z,USD,114262|114263,Core Retail Sales m/m|Retail Sales m/m,dec13.2020,"https://www.forexfactory.com/calendar?week=dec13.2020&permalink=true&impacts=3&event_types=1,2,3,4,5,7,8,9,10,11&currencies=5,9"
EVT0328,2020-12-16T14:45:00.000Z,USD,111676,Flash Manufacturing PMI,dec13.2020,"https://www.forexfactory.com/calendar?week=dec13.2020&permalink=true&impacts=3&event_types=1,2,3,4,5,7,8,9,10,11&currencies=5,9"
EVT0329,2020-12-16T19:00:00.000Z,USD,111362|111363,FOMC Economic Projections|FOMC Statement,dec13.2020,"https://www.forexfactory.com/calendar?week=dec13.2020&permalink=true&impacts=3&event_types=1,2,3,4,5,7,8,9,10,11&currencies=5,9"
EVT0330,2021-01-06T19:00:00.000Z,USD,111372,FOMC Meeting Minutes,jan3.2021,"https://www.forexfactory.com/calendar?week=jan3.2021&permalink=true&impacts=3&event_types=1,2,3,4,5,7,8,9,10,11&currencies=5,9"
EVT0331,2021-01-08T13:30:00.000Z,USD,117364|117376|117377,Average Hourly Earnings m/m|Non-Farm Employment Change|Unemployment Rate,jan3.2021,"https://www.forexfactory.com/calendar?week=jan3.2021&permalink=true&impacts=3&event_types=1,2,3,4,5,7,8,9,10,11&currencies=5,9"
EVT0332,2021-01-13T13:30:00.000Z,USD,128638|152989,CPI y/y|Core CPI y/y,jan10.2021,"https://www.forexfactory.com/calendar?week=jan10.2021&permalink=true&impacts=3&event_types=1,2,3,4,5,7,8,9,10,11&currencies=5,9"
EVT0333,2021-01-15T13:30:00.000Z,USD,117580|117581,Core Retail Sales m/m|Retail Sales m/m,jan10.2021,"https://www.forexfactory.com/calendar?week=jan10.2021&permalink=true&impacts=3&event_types=1,2,3,4,5,7,8,9,10,11&currencies=5,9"
EVT0334,2021-01-21T12:45:00.000Z,EUR,120216,Monetary Policy Statement,jan17.2021,"https://www.forexfactory.com/calendar?week=jan17.2021&permalink=true&impacts=3&event_types=1,2,3,4,5,7,8,9,10,11&currencies=5,9"
EVT0335,2021-01-22T08:15:00.000Z,EUR,117097,French Flash Services PMI,jan17.2021,"https://www.forexfactory.com/calendar?week=jan17.2021&permalink=true&impacts=3&event_types=1,2,3,4,5,7,8,9,10,11&currencies=5,9"
EVT0336,2021-01-22T08:30:00.000Z,EUR,117106|117107,German Flash Manufacturing PMI|German Flash Services PMI,jan17.2021,"https://www.forexfactory.com/calendar?week=jan17.2021&permalink=true&impacts=3&event_types=1,2,3,4,5,7,8,9,10,11&currencies=5,9"
EVT0337,2021-01-27T19:00:00.000Z,USD,118042,FOMC Statement,jan24.2021,"https://www.forexfactory.com/calendar?week=jan24.2021&permalink=true&impacts=3&event_types=1,2,3,4,5,7,8,9,10,11&currencies=5,9"
EVT0338,2021-01-28T13:30:00.000Z,USD,118180,Advance GDP q/q,jan24.2021,"https://www.forexfactory.com/calendar?week=jan24.2021&permalink=true&impacts=3&event_types=1,2,3,4,5,7,8,9,10,11&currencies=5,9"
EVT0339,2021-02-01T15:00:00.000Z,USD,117307,ISM Manufacturing PMI,jan31.2021,"https://www.forexfactory.com/calendar?week=jan31.2021&permalink=true&impacts=3&event_types=1,2,3,4,5,7,8,9,10,11&currencies=5,9"
EVT0340,2021-02-05T13:30:00.000Z,USD,117365|117378|117379,Average Hourly Earnings m/m|Non-Farm Employment Change|Unemployment Rate,jan31.2021,"https://www.forexfactory.com/calendar?week=jan31.2021&permalink=true&impacts=3&event_types=1,2,3,4,5,7,8,9,10,11&currencies=5,9"
EVT0341,2021-02-10T13:30:00.000Z,USD,117493|128639|152990,CPI m/m|CPI y/y|Core CPI y/y,feb7.2021,"https://www.forexfactory.com/calendar?week=feb7.2021&permalink=true&impacts=3&event_types=1,2,3,4,5,7,8,9,10,11&currencies=5,9"
EVT0342,2021-02-17T13:30:00.000Z,USD,117582|117583,Core Retail Sales m/m|Retail Sales m/m,feb14.2021,"https://www.forexfactory.com/calendar?week=feb14.2021&permalink=true&impacts=3&event_types=1,2,3,4,5,7,8,9,10,11&currencies=5,9"
EVT0343,2021-02-19T08:15:00.000Z,EUR,117099,French Flash Services PMI,feb14.2021,"https://www.forexfactory.com/calendar?week=feb14.2021&permalink=true&impacts=3&event_types=1,2,3,4,5,7,8,9,10,11&currencies=5,9"
EVT0344,2021-02-19T08:30:00.000Z,EUR,117100|117101,German Flash Manufacturing PMI|German Flash Services PMI,feb14.2021,"https://www.forexfactory.com/calendar?week=feb14.2021&permalink=true&impacts=3&event_types=1,2,3,4,5,7,8,9,10,11&currencies=5,9"
EVT0345,2021-03-01T15:00:00.000Z,USD,117309,ISM Manufacturing PMI,feb28.2021,"https://www.forexfactory.com/calendar?week=feb28.2021&permalink=true&impacts=3&event_types=1,2,3,4,5,7,8,9,10,11&currencies=5,9"
EVT0346,2021-03-05T13:30:00.000Z,USD,117366|117380|117381,Average Hourly Earnings m/m|Non-Farm Employment Change|Unemployment Rate,feb28.2021,"https://www.forexfactory.com/calendar?week=feb28.2021&permalink=true&impacts=3&event_types=1,2,3,4,5,7,8,9,10,11&currencies=5,9"
EVT0347,2021-03-10T12:30:00.000Z,USD,128640,CPI y/y,mar7.2021,"https://www.forexfactory.com/calendar?week=mar7.2021&permalink=true&impacts=3&event_types=1,2,3,4,5,7,8,9,10,11&currencies=5,9"
EVT0348,2021-03-10T13:30:00.000Z,USD,117495|117496|152991,CPI m/m|Core CPI m/m|Core CPI y/y,mar7.2021,"https://www.forexfactory.com/calendar?week=mar7.2021&permalink=true&impacts=3&event_types=1,2,3,4,5,7,8,9,10,11&currencies=5,9"
EVT0349,2021-03-11T12:45:00.000Z,EUR,120218,Monetary Policy Statement,mar7.2021,"https://www.forexfactory.com/calendar?week=mar7.2021&permalink=true&impacts=3&event_types=1,2,3,4,5,7,8,9,10,11&currencies=5,9"
EVT0350,2021-03-16T12:30:00.000Z,USD,117584|117585,Core Retail Sales m/m|Retail Sales m/m,mar14.2021,"https://www.forexfactory.com/calendar?week=mar14.2021&permalink=true&impacts=3&event_types=1,2,3,4,5,7,8,9,10,11&currencies=5,9"
EVT0351,2021-03-17T18:00:00.000Z,USD,118044|118047,FOMC Economic Projections|FOMC Statement,mar14.2021,"https://www.forexfactory.com/calendar?week=mar14.2021&permalink=true&impacts=3&event_types=1,2,3,4,5,7,8,9,10,11&currencies=5,9"
EVT0352,2021-03-19T13:00:00.000Z,USD,121671,Fed Announcement,mar14.2021,"https://www.forexfactory.com/calendar?week=mar14.2021&permalink=true&impacts=3&event_types=1,2,3,4,5,7,8,9,10,11&currencies=5,9"
EVT0353,2021-03-24T08:15:00.000Z,EUR,117113,French Flash Services PMI,mar21.2021,"https://www.forexfactory.com/calendar?week=mar21.2021&permalink=true&impacts=3&event_types=1,2,3,4,5,7,8,9,10,11&currencies=5,9"
EVT0354,2021-03-24T08:30:00.000Z,EUR,117116|117117,German Flash Manufacturing PMI|German Flash Services PMI,mar21.2021,"https://www.forexfactory.com/calendar?week=mar21.2021&permalink=true&impacts=3&event_types=1,2,3,4,5,7,8,9,10,11&currencies=5,9"
EVT0355,2021-03-31T12:15:00.000Z,USD,117607,ADP Non-Farm Employment Change,mar28.2021,"https://www.forexfactory.com/calendar?week=mar28.2021&permalink=true&impacts=3&event_types=1,2,3,4,5,7,8,9,10,11&currencies=5,9"
EVT0356,2021-04-02T12:30:00.000Z,USD,117367|117382|117383,Average Hourly Earnings m/m|Non-Farm Employment Change|Unemployment Rate,mar28.2021,"https://www.forexfactory.com/calendar?week=mar28.2021&permalink=true&impacts=3&event_types=1,2,3,4,5,7,8,9,10,11&currencies=5,9"
EVT0357,2021-04-07T18:00:00.000Z,USD,118078,FOMC Meeting Minutes,apr4.2021,"https://www.forexfactory.com/calendar?week=apr4.2021&permalink=true&impacts=3&event_types=1,2,3,4,5,7,8,9,10,11&currencies=5,9"
EVT0358,2021-04-13T12:30:00.000Z,USD,117497|117498|128641|152992,CPI m/m|CPI y/y|Core CPI m/m|Core CPI y/y,apr11.2021,"https://www.forexfactory.com/calendar?week=apr11.2021&permalink=true&impacts=3&event_types=1,2,3,4,5,7,8,9,10,11&currencies=5,9"
EVT0359,2021-04-15T12:30:00.000Z,USD,117586|117587,Core Retail Sales m/m|Retail Sales m/m,apr11.2021,"https://www.forexfactory.com/calendar?week=apr11.2021&permalink=true&impacts=3&event_types=1,2,3,4,5,7,8,9,10,11&currencies=5,9"
EVT0360,2021-04-22T11:45:00.000Z,EUR,120221,Monetary Policy Statement,apr18.2021,"https://www.forexfactory.com/calendar?week=apr18.2021&permalink=true&impacts=3&event_types=1,2,3,4,5,7,8,9,10,11&currencies=5,9"
EVT0361,2021-04-23T07:15:00.000Z,EUR,117123,French Flash Services PMI,apr18.2021,"https://www.forexfactory.com/calendar?week=apr18.2021&permalink=true&impacts=3&event_types=1,2,3,4,5,7,8,9,10,11&currencies=5,9"
EVT0362,2021-04-23T07:30:00.000Z,EUR,117124|117125,German Flash Manufacturing PMI|German Flash Services PMI,apr18.2021,"https://www.forexfactory.com/calendar?week=apr18.2021&permalink=true&impacts=3&event_types=1,2,3,4,5,7,8,9,10,11&currencies=5,9"
EVT0363,2021-04-28T18:00:00.000Z,USD,118048,FOMC Statement,apr25.2021,"https://www.forexfactory.com/calendar?week=apr25.2021&permalink=true&impacts=3&event_types=1,2,3,4,5,7,8,9,10,11&currencies=5,9"
EVT0364,2021-04-29T12:30:00.000Z,USD,118182,Advance GDP q/q,apr25.2021,"https://www.forexfactory.com/calendar?week=apr25.2021&permalink=true&impacts=3&event_types=1,2,3,4,5,7,8,9,10,11&currencies=5,9"
EVT0365,2021-05-07T12:30:00.000Z,USD,117368|117384|117385,Average Hourly Earnings m/m|Non-Farm Employment Change|Unemployment Rate,may2.2021,"https://www.forexfactory.com/calendar?week=may2.2021&permalink=true&impacts=3&event_types=1,2,3,4,5,7,8,9,10,11&currencies=5,9"
EVT0366,2021-05-12T12:30:00.000Z,USD,117499|117500|128642|152993,CPI m/m|CPI y/y|Core CPI m/m|Core CPI y/y,may9.2021,"https://www.forexfactory.com/calendar?week=may9.2021&permalink=true&impacts=3&event_types=1,2,3,4,5,7,8,9,10,11&currencies=5,9"
EVT0367,2021-05-14T12:30:00.000Z,USD,117588,Retail Sales m/m,may9.2021,"https://www.forexfactory.com/calendar?week=may9.2021&permalink=true&impacts=3&event_types=1,2,3,4,5,7,8,9,10,11&currencies=5,9"
EVT0368,2021-05-14T12:32:00.000Z,USD,117589,Core Retail Sales m/m,may9.2021,"https://www.forexfactory.com/calendar?week=may9.2021&permalink=true&impacts=3&event_types=1,2,3,4,5,7,8,9,10,11&currencies=5,9"
EVT0369,2021-05-21T07:30:00.000Z,EUR,117130|117131,German Flash Manufacturing PMI|German Flash Services PMI,may16.2021,"https://www.forexfactory.com/calendar?week=may16.2021&permalink=true&impacts=3&event_types=1,2,3,4,5,7,8,9,10,11&currencies=5,9"
EVT0370,2021-05-27T12:30:00.000Z,USD,118274,Prelim GDP q/q,may23.2021,"https://www.forexfactory.com/calendar?week=may23.2021&permalink=true&impacts=3&event_types=1,2,3,4,5,7,8,9,10,11&currencies=5,9"
EVT0371,2021-06-01T14:00:00.000Z,USD,117315,ISM Manufacturing PMI,may30.2021,"https://www.forexfactory.com/calendar?week=may30.2021&permalink=true&impacts=3&event_types=1,2,3,4,5,7,8,9,10,11&currencies=5,9"
EVT0372,2021-06-03T14:00:00.000Z,USD,117536,ISM Services PMI,may30.2021,"https://www.forexfactory.com/calendar?week=may30.2021&permalink=true&impacts=3&event_types=1,2,3,4,5,7,8,9,10,11&currencies=5,9"
EVT0373,2021-06-04T12:30:00.000Z,USD,117369|117386|117387,Average Hourly Earnings m/m|Non-Farm Employment Change|Unemployment Rate,may30.2021,"https://www.forexfactory.com/calendar?week=may30.2021&permalink=true&impacts=3&event_types=1,2,3,4,5,7,8,9,10,11&currencies=5,9"
EVT0374,2021-06-10T11:45:00.000Z,EUR,120225,Monetary Policy Statement,jun6.2021,"https://www.forexfactory.com/calendar?week=jun6.2021&permalink=true&impacts=3&event_types=1,2,3,4,5,7,8,9,10,11&currencies=5,9"
EVT0375,2021-06-10T12:30:00.000Z,USD,117501|117502|128643|152994,CPI m/m|CPI y/y|Core CPI m/m|Core CPI y/y,jun6.2021,"https://www.forexfactory.com/calendar?week=jun6.2021&permalink=true&impacts=3&event_types=1,2,3,4,5,7,8,9,10,11&currencies=5,9"
EVT0376,2021-06-15T12:30:00.000Z,USD,117590|117591|118487,Core Retail Sales m/m|PPI m/m|Retail Sales m/m,jun13.2021,"https://www.forexfactory.com/calendar?week=jun13.2021&permalink=true&impacts=3&event_types=1,2,3,4,5,7,8,9,10,11&currencies=5,9"
EVT0377,2021-06-16T18:00:00.000Z,USD,118051|118053,FOMC Economic Projections|FOMC Statement,jun13.2021,"https://www.forexfactory.com/calendar?week=jun13.2021&permalink=true&impacts=3&event_types=1,2,3,4,5,7,8,9,10,11&currencies=5,9"
EVT0378,2021-06-23T07:30:00.000Z,EUR,117140|117141,German Flash Manufacturing PMI|German Flash Services PMI,jun20.2021,"https://www.forexfactory.com/calendar?week=jun20.2021&permalink=true&impacts=3&event_types=1,2,3,4,5,7,8,9,10,11&currencies=5,9"
EVT0379,2021-06-23T13:45:00.000Z,USD,117991|117992,Flash Manufacturing PMI|Flash Services PMI,jun20.2021,"https://www.forexfactory.com/calendar?week=jun20.2021&permalink=true&impacts=3&event_types=1,2,3,4,5,7,8,9,10,11&currencies=5,9"
EVT0380,2021-07-01T14:00:00.000Z,USD,117317,ISM Manufacturing PMI,jun27.2021,"https://www.forexfactory.com/calendar?week=jun27.2021&permalink=true&impacts=3&event_types=1,2,3,4,5,7,8,9,10,11&currencies=5,9"
EVT0381,2021-07-02T12:30:00.000Z,USD,117370|117388|117389,Average Hourly Earnings m/m|Non-Farm Employment Change|Unemployment Rate,jun27.2021,"https://www.forexfactory.com/calendar?week=jun27.2021&permalink=true&impacts=3&event_types=1,2,3,4,5,7,8,9,10,11&currencies=5,9"
EVT0382,2021-07-06T14:00:00.000Z,USD,117537,ISM Services PMI,jul4.2021,"https://www.forexfactory.com/calendar?week=jul4.2021&permalink=true&impacts=3&event_types=1,2,3,4,5,7,8,9,10,11&currencies=5,9"
EVT0383,2021-07-07T18:00:00.000Z,USD,118080,FOMC Meeting Minutes,jul4.2021,"https://www.forexfactory.com/calendar?week=jul4.2021&permalink=true&impacts=3&event_types=1,2,3,4,5,7,8,9,10,11&currencies=5,9"
EVT0384,2021-07-13T12:30:00.000Z,USD,117503|117504|128644|152995,CPI m/m|CPI y/y|Core CPI m/m|Core CPI y/y,jul11.2021,"https://www.forexfactory.com/calendar?week=jul11.2021&permalink=true&impacts=3&event_types=1,2,3,4,5,7,8,9,10,11&currencies=5,9"
EVT0385,2021-07-14T12:30:00.000Z,USD,118489,PPI m/m,jul11.2021,"https://www.forexfactory.com/calendar?week=jul11.2021&permalink=true&impacts=3&event_types=1,2,3,4,5,7,8,9,10,11&currencies=5,9"
EVT0386,2021-07-16T12:30:00.000Z,USD,117592|117593,Core Retail Sales m/m|Retail Sales m/m,jul11.2021,"https://www.forexfactory.com/calendar?week=jul11.2021&permalink=true&impacts=3&event_types=1,2,3,4,5,7,8,9,10,11&currencies=5,9"
EVT0387,2021-07-22T11:45:00.000Z,EUR,120226,Monetary Policy Statement,jul18.2021,"https://www.forexfactory.com/calendar?week=jul18.2021&permalink=true&impacts=3&event_types=1,2,3,4,5,7,8,9,10,11&currencies=5,9"
EVT0388,2021-07-23T07:30:00.000Z,EUR,117148|117149,German Flash Manufacturing PMI|German Flash Services PMI,jul18.2021,"https://www.forexfactory.com/calendar?week=jul18.2021&permalink=true&impacts=3&event_types=1,2,3,4,5,7,8,9,10,11&currencies=5,9"
EVT0389,2021-07-27T14:00:00.000Z,USD,117521,CB Consumer Confidence,jul25.2021,"https://www.forexfactory.com/calendar?week=jul25.2021&permalink=true&impacts=3&event_types=1,2,3,4,5,7,8,9,10,11&currencies=5,9"
EVT0390,2021-07-28T18:00:00.000Z,USD,118055,FOMC Statement,jul25.2021,"https://www.forexfactory.com/calendar?week=jul25.2021&permalink=true&impacts=3&event_types=1,2,3,4,5,7,8,9,10,11&currencies=5,9"
EVT0391,2021-07-29T12:30:00.000Z,USD,118184,Advance GDP q/q,jul25.2021,"https://www.forexfactory.com/calendar?week=jul25.2021&permalink=true&impacts=3&event_types=1,2,3,4,5,7,8,9,10,11&currencies=5,9"
EVT0392,2021-07-30T12:30:00.000Z,USD,118471,Core PCE Price Index m/m,jul25.2021,"https://www.forexfactory.com/calendar?week=jul25.2021&permalink=true&impacts=3&event_types=1,2,3,4,5,7,8,9,10,11&currencies=5,9"
EVT0393,2021-08-02T14:00:00.000Z,USD,117319,ISM Manufacturing PMI,aug1.2021,"https://www.forexfactory.com/calendar?week=aug1.2021&permalink=true&impacts=3&event_types=1,2,3,4,5,7,8,9,10,11&currencies=5,9"
EVT0394,2021-08-04T12:15:00.000Z,USD,117611,ADP Non-Farm Employment Change,aug1.2021,"https://www.forexfactory.com/calendar?week=aug1.2021&permalink=true&impacts=3&event_types=1,2,3,4,5,7,8,9,10,11&currencies=5,9"
EVT0395,2021-08-04T14:00:00.000Z,USD,117538,ISM Services PMI,aug1.2021,"https://www.forexfactory.com/calendar?week=aug1.2021&permalink=true&impacts=3&event_types=1,2,3,4,5,7,8,9,10,11&currencies=5,9"
EVT0396,2021-08-06T12:30:00.000Z,USD,117371|117390|117391,Average Hourly Earnings m/m|Non-Farm Employment Change|Unemployment Rate,aug1.2021,"https://www.forexfactory.com/calendar?week=aug1.2021&permalink=true&impacts=3&event_types=1,2,3,4,5,7,8,9,10,11&currencies=5,9"
EVT0397,2021-08-11T12:30:00.000Z,USD,117505|117506|128645|152996,CPI m/m|CPI y/y|Core CPI m/m|Core CPI y/y,aug8.2021,"https://www.forexfactory.com/calendar?week=aug8.2021&permalink=true&impacts=3&event_types=1,2,3,4,5,7,8,9,10,11&currencies=5,9"
EVT0398,2021-08-12T12:30:00.000Z,USD,118491,PPI m/m,aug8.2021,"https://www.forexfactory.com/calendar?week=aug8.2021&permalink=true&impacts=3&event_types=1,2,3,4,5,7,8,9,10,11&currencies=5,9"
EVT0399,2021-08-17T12:30:00.000Z,USD,117594|117595,Core Retail Sales m/m|Retail Sales m/m,aug15.2021,"https://www.forexfactory.com/calendar?week=aug15.2021&permalink=true&impacts=3&event_types=1,2,3,4,5,7,8,9,10,11&currencies=5,9"
EVT0400,2021-08-18T18:00:00.000Z,USD,118081,FOMC Meeting Minutes,aug15.2021,"https://www.forexfactory.com/calendar?week=aug15.2021&permalink=true&impacts=3&event_types=1,2,3,4,5,7,8,9,10,11&currencies=5,9"
EVT0401,2021-08-23T07:30:00.000Z,EUR,117156|117157,German Flash Manufacturing PMI|German Flash Services PMI,aug22.2021,"https://www.forexfactory.com/calendar?week=aug22.2021&permalink=true&impacts=3&event_types=1,2,3,4,5,7,8,9,10,11&currencies=5,9"
EVT0402,2021-08-26T12:30:00.000Z,USD,118277,Prelim GDP q/q,aug22.2021,"https://www.forexfactory.com/calendar?week=aug22.2021&permalink=true&impacts=3&event_types=1,2,3,4,5,7,8,9,10,11&currencies=5,9"
EVT0403,2021-08-27T12:30:00.000Z,USD,118470,Core PCE Price Index m/m,aug22.2021,"https://www.forexfactory.com/calendar?week=aug22.2021&permalink=true&impacts=3&event_types=1,2,3,4,5,7,8,9,10,11&currencies=5,9"
EVT0404,2021-09-01T12:15:00.000Z,USD,117612,ADP Non-Farm Employment Change,aug29.2021,"https://www.forexfactory.com/calendar?week=aug29.2021&permalink=true&impacts=3&event_types=1,2,3,4,5,7,8,9,10,11&currencies=5,9"
EVT0405,2021-09-01T14:00:00.000Z,USD,117321,ISM Manufacturing PMI,aug29.2021,"https://www.forexfactory.com/calendar?week=aug29.2021&permalink=true&impacts=3&event_types=1,2,3,4,5,7,8,9,10,11&currencies=5,9"
EVT0406,2021-09-03T12:30:00.000Z,USD,117372|117392|117393,Average Hourly Earnings m/m|Non-Farm Employment Change|Unemployment Rate,aug29.2021,"https://www.forexfactory.com/calendar?week=aug29.2021&permalink=true&impacts=3&event_types=1,2,3,4,5,7,8,9,10,11&currencies=5,9"
EVT0407,2021-09-03T14:00:00.000Z,USD,117539,ISM Services PMI,aug29.2021,"https://www.forexfactory.com/calendar?week=aug29.2021&permalink=true&impacts=3&event_types=1,2,3,4,5,7,8,9,10,11&currencies=5,9"
EVT0408,2021-09-09T11:45:00.000Z,EUR,120231,Monetary Policy Statement,sep5.2021,"https://www.forexfactory.com/calendar?week=sep5.2021&permalink=true&impacts=3&event_types=1,2,3,4,5,7,8,9,10,11&currencies=5,9"
EVT0409,2021-09-10T12:30:00.000Z,USD,118493,PPI m/m,sep5.2021,"https://www.forexfactory.com/calendar?week=sep5.2021&permalink=true&impacts=3&event_types=1,2,3,4,5,7,8,9,10,11&currencies=5,9"
EVT0410,2021-09-14T12:30:00.000Z,USD,117507|117508|128646|152997,CPI m/m|CPI y/y|Core CPI m/m|Core CPI y/y,sep12.2021,"https://www.forexfactory.com/calendar?week=sep12.2021&permalink=true&impacts=3&event_types=1,2,3,4,5,7,8,9,10,11&currencies=5,9"
EVT0411,2021-09-16T12:30:00.000Z,USD,117596|117597,Core Retail Sales m/m|Retail Sales m/m,sep12.2021,"https://www.forexfactory.com/calendar?week=sep12.2021&permalink=true&impacts=3&event_types=1,2,3,4,5,7,8,9,10,11&currencies=5,9"
EVT0412,2021-09-22T18:00:00.000Z,USD,118058|118061,FOMC Economic Projections|FOMC Statement,sep19.2021,"https://www.forexfactory.com/calendar?week=sep19.2021&permalink=true&impacts=3&event_types=1,2,3,4,5,7,8,9,10,11&currencies=5,9"
EVT0413,2021-09-23T07:30:00.000Z,EUR,117164|117165,German Flash Manufacturing PMI|German Flash Services PMI,sep19.2021,"https://www.forexfactory.com/calendar?week=sep19.2021&permalink=true&impacts=3&event_types=1,2,3,4,5,7,8,9,10,11&currencies=5,9"
EVT0414,2021-10-01T12:30:00.000Z,USD,118469,Core PCE Price Index m/m,sep26.2021,"https://www.forexfactory.com/calendar?week=sep26.2021&permalink=true&impacts=3&event_types=1,2,3,4,5,7,8,9,10,11&currencies=5,9"
EVT0415,2021-10-01T14:00:00.000Z,USD,117323,ISM Manufacturing PMI,sep26.2021,"https://www.forexfactory.com/calendar?week=sep26.2021&permalink=true&impacts=3&event_types=1,2,3,4,5,7,8,9,10,11&currencies=5,9"
EVT0416,2021-10-05T14:00:00.000Z,USD,117540,ISM Services PMI,oct3.2021,"https://www.forexfactory.com/calendar?week=oct3.2021&permalink=true&impacts=3&event_types=1,2,3,4,5,7,8,9,10,11&currencies=5,9"
EVT0417,2021-10-06T12:15:00.000Z,USD,117613,ADP Non-Farm Employment Change,oct3.2021,"https://www.forexfactory.com/calendar?week=oct3.2021&permalink=true&impacts=3&event_types=1,2,3,4,5,7,8,9,10,11&currencies=5,9"
EVT0418,2021-10-08T12:30:00.000Z,USD,117373|117394|117395,Average Hourly Earnings m/m|Non-Farm Employment Change|Unemployment Rate,oct3.2021,"https://www.forexfactory.com/calendar?week=oct3.2021&permalink=true&impacts=3&event_types=1,2,3,4,5,7,8,9,10,11&currencies=5,9"
EVT0419,2021-10-13T12:30:00.000Z,USD,117509|117510|128647|152998,CPI m/m|CPI y/y|Core CPI m/m|Core CPI y/y,oct10.2021,"https://www.forexfactory.com/calendar?week=oct10.2021&permalink=true&impacts=3&event_types=1,2,3,4,5,7,8,9,10,11&currencies=5,9"
EVT0420,2021-10-13T18:00:00.000Z,USD,118082,FOMC Meeting Minutes,oct10.2021,"https://www.forexfactory.com/calendar?week=oct10.2021&permalink=true&impacts=3&event_types=1,2,3,4,5,7,8,9,10,11&currencies=5,9"
EVT0421,2021-10-14T12:30:00.000Z,USD,118495,PPI m/m,oct10.2021,"https://www.forexfactory.com/calendar?week=oct10.2021&permalink=true&impacts=3&event_types=1,2,3,4,5,7,8,9,10,11&currencies=5,9"
EVT0422,2021-10-15T12:30:00.000Z,USD,117598|117599,Core Retail Sales m/m|Retail Sales m/m,oct10.2021,"https://www.forexfactory.com/calendar?week=oct10.2021&permalink=true&impacts=3&event_types=1,2,3,4,5,7,8,9,10,11&currencies=5,9"
EVT0423,2021-10-22T07:30:00.000Z,EUR,117174|117175,German Flash Manufacturing PMI|German Flash Services PMI,oct17.2021,"https://www.forexfactory.com/calendar?week=oct17.2021&permalink=true&impacts=3&event_types=1,2,3,4,5,7,8,9,10,11&currencies=5,9"
EVT0424,2021-10-28T11:45:00.000Z,EUR,120233,Monetary Policy Statement,oct24.2021,"https://www.forexfactory.com/calendar?week=oct24.2021&permalink=true&impacts=3&event_types=1,2,3,4,5,7,8,9,10,11&currencies=5,9"
EVT0425,2021-10-28T12:30:00.000Z,USD,118186,Advance GDP q/q,oct24.2021,"https://www.forexfactory.com/calendar?week=oct24.2021&permalink=true&impacts=3&event_types=1,2,3,4,5,7,8,9,10,11&currencies=5,9"
EVT0426,2021-10-29T12:30:00.000Z,USD,118468,Core PCE Price Index m/m,oct24.2021,"https://www.forexfactory.com/calendar?week=oct24.2021&permalink=true&impacts=3&event_types=1,2,3,4,5,7,8,9,10,11&currencies=5,9"
EVT0427,2021-11-01T14:00:00.000Z,USD,117325,ISM Manufacturing PMI,oct31.2021,"https://www.forexfactory.com/calendar?week=oct31.2021&permalink=true&impacts=3&event_types=1,2,3,4,5,7,8,9,10,11&currencies=5,9"
EVT0428,2021-11-03T12:15:00.000Z,USD,117614,ADP Non-Farm Employment Change,oct31.2021,"https://www.forexfactory.com/calendar?week=oct31.2021&permalink=true&impacts=3&event_types=1,2,3,4,5,7,8,9,10,11&currencies=5,9"
EVT0429,2021-11-03T14:00:00.000Z,USD,117541,ISM Services PMI,oct31.2021,"https://www.forexfactory.com/calendar?week=oct31.2021&permalink=true&impacts=3&event_types=1,2,3,4,5,7,8,9,10,11&currencies=5,9"
EVT0430,2021-11-03T18:00:00.000Z,USD,118062|118064,FOMC Statement|Federal Funds Rate,oct31.2021,"https://www.forexfactory.com/calendar?week=oct31.2021&permalink=true&impacts=3&event_types=1,2,3,4,5,7,8,9,10,11&currencies=5,9"
EVT0431,2021-11-05T12:30:00.000Z,USD,117374|117396|117397,Average Hourly Earnings m/m|Non-Farm Employment Change|Unemployment Rate,oct31.2021,"https://www.forexfactory.com/calendar?week=oct31.2021&permalink=true&impacts=3&event_types=1,2,3,4,5,7,8,9,10,11&currencies=5,9"
EVT0432,2021-11-09T13:30:00.000Z,USD,118497,PPI m/m,nov7.2021,"https://www.forexfactory.com/calendar?week=nov7.2021&permalink=true&impacts=3&event_types=1,2,3,4,5,7,8,9,10,11&currencies=5,9"
EVT0433,2021-11-10T13:30:00.000Z,USD,117511|117512|128648|152999,CPI m/m|CPI y/y|Core CPI m/m|Core CPI y/y,nov7.2021,"https://www.forexfactory.com/calendar?week=nov7.2021&permalink=true&impacts=3&event_types=1,2,3,4,5,7,8,9,10,11&currencies=5,9"
EVT0434,2021-11-16T13:30:00.000Z,USD,117600|117601,Core Retail Sales m/m|Retail Sales m/m,nov14.2021,"https://www.forexfactory.com/calendar?week=nov14.2021&permalink=true&impacts=3&event_types=1,2,3,4,5,7,8,9,10,11&currencies=5,9"
EVT0435,2021-11-23T08:30:00.000Z,EUR,117180|117181,German Flash Manufacturing PMI|German Flash Services PMI,nov21.2021,"https://www.forexfactory.com/calendar?week=nov21.2021&permalink=true&impacts=3&event_types=1,2,3,4,5,7,8,9,10,11&currencies=5,9"
EVT0436,2021-11-24T13:30:00.000Z,USD,118279,Prelim GDP q/q,nov21.2021,"https://www.forexfactory.com/calendar?week=nov21.2021&permalink=true&impacts=3&event_types=1,2,3,4,5,7,8,9,10,11&currencies=5,9"
EVT0437,2021-11-24T15:00:00.000Z,USD,118475,Core PCE Price Index m/m,nov21.2021,"https://www.forexfactory.com/calendar?week=nov21.2021&permalink=true&impacts=3&event_types=1,2,3,4,5,7,8,9,10,11&currencies=5,9"
EVT0438,2021-11-24T19:00:00.000Z,USD,118083,FOMC Meeting Minutes,nov21.2021,"https://www.forexfactory.com/calendar?week=nov21.2021&permalink=true&impacts=3&event_types=1,2,3,4,5,7,8,9,10,11&currencies=5,9"
EVT0439,2021-12-01T13:15:00.000Z,USD,117615,ADP Non-Farm Employment Change,nov28.2021,"https://www.forexfactory.com/calendar?week=nov28.2021&permalink=true&impacts=3&event_types=1,2,3,4,5,7,8,9,10,11&currencies=5,9"
EVT0440,2021-12-01T15:00:00.000Z,USD,117327,ISM Manufacturing PMI,nov28.2021,"https://www.forexfactory.com/calendar?week=nov28.2021&permalink=true&impacts=3&event_types=1,2,3,4,5,7,8,9,10,11&currencies=5,9"
EVT0441,2021-12-03T13:30:00.000Z,USD,117375|117398|117399,Average Hourly Earnings m/m|Non-Farm Employment Change|Unemployment Rate,nov28.2021,"https://www.forexfactory.com/calendar?week=nov28.2021&permalink=true&impacts=3&event_types=1,2,3,4,5,7,8,9,10,11&currencies=5,9"
EVT0442,2021-12-03T14:00:00.000Z,USD,118099,Treasury Currency Report,nov28.2021,"https://www.forexfactory.com/calendar?week=nov28.2021&permalink=true&impacts=3&event_types=1,2,3,4,5,7,8,9,10,11&currencies=5,9"
EVT0443,2021-12-03T15:00:00.000Z,USD,117542,ISM Services PMI,nov28.2021,"https://www.forexfactory.com/calendar?week=nov28.2021&permalink=true&impacts=3&event_types=1,2,3,4,5,7,8,9,10,11&currencies=5,9"
EVT0444,2021-12-08T15:00:00.000Z,USD,118179,JOLTS Job Openings,dec5.2021,"https://www.forexfactory.com/calendar?week=dec5.2021&permalink=true&impacts=3&event_types=1,2,3,4,5,7,8,9,10,11&currencies=5,9"
EVT0445,2021-12-10T13:30:00.000Z,USD,117513|117514|128649|153000,CPI m/m|CPI y/y|Core CPI m/m|Core CPI y/y,dec5.2021,"https://www.forexfactory.com/calendar?week=dec5.2021&permalink=true&impacts=3&event_types=1,2,3,4,5,7,8,9,10,11&currencies=5,9"
EVT0446,2021-12-14T13:30:00.000Z,USD,118499,PPI m/m,dec12.2021,"https://www.forexfactory.com/calendar?week=dec12.2021&permalink=true&impacts=3&event_types=1,2,3,4,5,7,8,9,10,11&currencies=5,9"
EVT0447,2021-12-15T13:30:00.000Z,USD,117602|117603,Core Retail Sales m/m|Retail Sales m/m,dec12.2021,"https://www.forexfactory.com/calendar?week=dec12.2021&permalink=true&impacts=3&event_types=1,2,3,4,5,7,8,9,10,11&currencies=5,9"
EVT0448,2021-12-15T19:00:00.000Z,USD,118065|118067|118068,FOMC Economic Projections|FOMC Statement|Federal Funds Rate,dec12.2021,"https://www.forexfactory.com/calendar?week=dec12.2021&permalink=true&impacts=3&event_types=1,2,3,4,5,7,8,9,10,11&currencies=5,9"
EVT0449,2021-12-16T08:30:00.000Z,EUR,117188|117189,German Flash Manufacturing PMI|German Flash Services PMI,dec12.2021,"https://www.forexfactory.com/calendar?week=dec12.2021&permalink=true&impacts=3&event_types=1,2,3,4,5,7,8,9,10,11&currencies=5,9"
EVT0450,2021-12-16T12:45:00.000Z,EUR,120236|120237,Main Refinancing Rate|Monetary Policy Statement,dec12.2021,"https://www.forexfactory.com/calendar?week=dec12.2021&permalink=true&impacts=3&event_types=1,2,3,4,5,7,8,9,10,11&currencies=5,9"
EVT0451,2021-12-23T13:30:00.000Z,USD,118476,Core PCE Price Index m/m,dec19.2021,"https://www.forexfactory.com/calendar?week=dec19.2021&permalink=true&impacts=3&event_types=1,2,3,4,5,7,8,9,10,11&currencies=5,9"
EVT0452,2022-01-04T15:00:00.000Z,USD,123113|126179,ISM Manufacturing PMI|JOLTS Job Openings,jan2.2022,"https://www.forexfactory.com/calendar?week=jan2.2022&permalink=true&impacts=3&event_types=1,2,3,4,5,7,8,9,10,11&currencies=5,9"
EVT0453,2022-01-05T13:15:00.000Z,USD,124054,ADP Non-Farm Employment Change,jan2.2022,"https://www.forexfactory.com/calendar?week=jan2.2022&permalink=true&impacts=3&event_types=1,2,3,4,5,7,8,9,10,11&currencies=5,9"
EVT0454,2022-01-05T19:00:00.000Z,USD,123048,FOMC Meeting Minutes,jan2.2022,"https://www.forexfactory.com/calendar?week=jan2.2022&permalink=true&impacts=3&event_types=1,2,3,4,5,7,8,9,10,11&currencies=5,9"
EVT0455,2022-01-06T15:00:00.000Z,USD,123137,ISM Services PMI,jan2.2022,"https://www.forexfactory.com/calendar?week=jan2.2022&permalink=true&impacts=3&event_types=1,2,3,4,5,7,8,9,10,11&currencies=5,9"
EVT0456,2022-01-07T13:30:00.000Z,USD,122937|122949|124042,Average Hourly Earnings m/m|Non-Farm Employment Change|Unemployment Rate,jan2.2022,"https://www.forexfactory.com/calendar?week=jan2.2022&permalink=true&impacts=3&event_types=1,2,3,4,5,7,8,9,10,11&currencies=5,9"
EVT0457,2022-01-12T13:30:00.000Z,USD,124066|124067|128650|153001,CPI m/m|CPI y/y|Core CPI m/m|Core CPI y/y,jan9.2022,"https://www.forexfactory.com/calendar?week=jan9.2022&permalink=true&impacts=3&event_types=1,2,3,4,5,7,8,9,10,11&currencies=5,9"
EVT0458,2022-01-13T13:30:00.000Z,USD,124094,PPI m/m,jan9.2022,"https://www.forexfactory.com/calendar?week=jan9.2022&permalink=true&impacts=3&event_types=1,2,3,4,5,7,8,9,10,11&currencies=5,9"
EVT0459,2022-01-14T13:30:00.000Z,USD,124168|124169,Core Retail Sales m/m|Retail Sales m/m,jan9.2022,"https://www.forexfactory.com/calendar?week=jan9.2022&permalink=true&impacts=3&event_types=1,2,3,4,5,7,8,9,10,11&currencies=5,9"
EVT0460,2022-01-24T08:30:00.000Z,EUR,124565|124566,German Flash Manufacturing PMI|German Flash Services PMI,jan23.2022,"https://www.forexfactory.com/calendar?week=jan23.2022&permalink=true&impacts=3&event_types=1,2,3,4,5,7,8,9,10,11&currencies=5,9"
EVT0461,2022-01-26T19:00:00.000Z,USD,123013|123021,FOMC Statement|Federal Funds Rate,jan23.2022,"https://www.forexfactory.com/calendar?week=jan23.2022&permalink=true&impacts=3&event_types=1,2,3,4,5,7,8,9,10,11&currencies=5,9"
EVT0462,2022-01-27T13:30:00.000Z,USD,124320,Advance GDP q/q,jan23.2022,"https://www.forexfactory.com/calendar?week=jan23.2022&permalink=true&impacts=3&event_types=1,2,3,4,5,7,8,9,10,11&currencies=5,9"
EVT0463,2022-01-28T13:30:00.000Z,USD,124344,Core PCE Price Index m/m,jan23.2022,"https://www.forexfactory.com/calendar?week=jan23.2022&permalink=true&impacts=3&event_types=1,2,3,4,5,7,8,9,10,11&currencies=5,9"
EVT0464,2022-02-01T15:00:00.000Z,USD,123114|126180,ISM Manufacturing PMI|JOLTS Job Openings,jan30.2022,"https://www.forexfactory.com/calendar?week=jan30.2022&permalink=true&impacts=3&event_types=1,2,3,4,5,7,8,9,10,11&currencies=5,9"
EVT0465,2022-02-02T13:15:00.000Z,USD,124055,ADP Non-Farm Employment Change,jan30.2022,"https://www.forexfactory.com/calendar?week=jan30.2022&permalink=true&impacts=3&event_types=1,2,3,4,5,7,8,9,10,11&currencies=5,9"
EVT0466,2022-02-03T12:45:00.000Z,EUR,125283|125284,Main Refinancing Rate|Monetary Policy Statement,jan30.2022,"https://www.forexfactory.com/calendar?week=jan30.2022&permalink=true&impacts=3&event_types=1,2,3,4,5,7,8,9,10,11&currencies=5,9"
EVT0467,2022-02-03T14:00:00.000Z,USD,152856,Fed Gov Nomination Hearings,jan30.2022,"https://www.forexfactory.com/calendar?week=jan30.2022&permalink=true&impacts=3&event_types=1,2,3,4,5,7,8,9,10,11&currencies=5,9"
EVT0468,2022-02-03T15:00:00.000Z,USD,123138,ISM Services PMI,jan30.2022,"https://www.forexfactory.com/calendar?week=jan30.2022&permalink=true&impacts=3&event_types=1,2,3,4,5,7,8,9,10,11&currencies=5,9"
EVT0469,2022-02-04T13:30:00.000Z,USD,122938|122950|124043,Average Hourly Earnings m/m|Non-Farm Employment Change|Unemployment Rate,jan30.2022,"https://www.forexfactory.com/calendar?week=jan30.2022&permalink=true&impacts=3&event_types=1,2,3,4,5,7,8,9,10,11&currencies=5,9"
EVT0470,2022-02-10T13:30:00.000Z,USD,124068|124069|128651|153002,CPI m/m|CPI y/y|Core CPI m/m|Core CPI y/y,feb6.2022,"https://www.forexfactory.com/calendar?week=feb6.2022&permalink=true&impacts=3&event_types=1,2,3,4,5,7,8,9,10,11&currencies=5,9"
EVT0471,2022-02-15T13:30:00.000Z,USD,124097,PPI m/m,feb13.2022,"https://www.forexfactory.com/calendar?week=feb13.2022&permalink=true&impacts=3&event_types=1,2,3,4,5,7,8,9,10,11&currencies=5,9"
EVT0472,2022-02-16T13:30:00.000Z,USD,124170|124171,Core Retail Sales m/m|Retail Sales m/m,feb13.2022,"https://www.forexfactory.com/calendar?week=feb13.2022&permalink=true&impacts=3&event_types=1,2,3,4,5,7,8,9,10,11&currencies=5,9"
EVT0473,2022-02-16T19:00:00.000Z,USD,123041,FOMC Meeting Minutes,feb13.2022,"https://www.forexfactory.com/calendar?week=feb13.2022&permalink=true&impacts=3&event_types=1,2,3,4,5,7,8,9,10,11&currencies=5,9"
EVT0474,2022-02-21T08:30:00.000Z,EUR,124573|124574,German Flash Manufacturing PMI|German Flash Services PMI,feb20.2022,"https://www.forexfactory.com/calendar?week=feb20.2022&permalink=true&impacts=3&event_types=1,2,3,4,5,7,8,9,10,11&currencies=5,9"
EVT0475,2022-02-24T13:30:00.000Z,USD,124321,Prelim GDP q/q,feb20.2022,"https://www.forexfactory.com/calendar?week=feb20.2022&permalink=true&impacts=3&event_types=1,2,3,4,5,7,8,9,10,11&currencies=5,9"
EVT0476,2022-02-25T13:30:00.000Z,USD,124345,Core PCE Price Index m/m,feb20.2022,"https://www.forexfactory.com/calendar?week=feb20.2022&permalink=true&impacts=3&event_types=1,2,3,4,5,7,8,9,10,11&currencies=5,9"
EVT0477,2022-03-01T15:00:00.000Z,USD,123115,ISM Manufacturing PMI,feb27.2022,"https://www.forexfactory.com/calendar?week=feb27.2022&permalink=true&impacts=3&event_types=1,2,3,4,5,7,8,9,10,11&currencies=5,9"
EVT0478,2022-03-02T13:17:00.000Z,USD,124056,ADP Non-Farm Employment Change,feb27.2022,"https://www.forexfactory.com/calendar?week=feb27.2022&permalink=true&impacts=3&event_types=1,2,3,4,5,7,8,9,10,11&currencies=5,9"
EVT0479,2022-03-03T15:00:00.000Z,USD,123139,ISM Services PMI,feb27.2022,"https://www.forexfactory.com/calendar?week=feb27.2022&permalink=true&impacts=3&event_types=1,2,3,4,5,7,8,9,10,11&currencies=5,9"
EVT0480,2022-03-04T13:30:00.000Z,USD,122939|122951|124044,Average Hourly Earnings m/m|Non-Farm Employment Change|Unemployment Rate,feb27.2022,"https://www.forexfactory.com/calendar?week=feb27.2022&permalink=true&impacts=3&event_types=1,2,3,4,5,7,8,9,10,11&currencies=5,9"
EVT0481,2022-03-09T15:00:00.000Z,USD,126181,JOLTS Job Openings,mar6.2022,"https://www.forexfactory.com/calendar?week=mar6.2022&permalink=true&impacts=3&event_types=1,2,3,4,5,7,8,9,10,11&currencies=5,9"
EVT0482,2022-03-10T12:30:00.000Z,USD,128652,CPI y/y,mar6.2022,"https://www.forexfactory.com/calendar?week=mar6.2022&permalink=true&impacts=3&event_types=1,2,3,4,5,7,8,9,10,11&currencies=5,9"
EVT0483,2022-03-10T12:45:00.000Z,EUR,125286|125287,Main Refinancing Rate|Monetary Policy Statement,mar6.2022,"https://www.forexfactory.com/calendar?week=mar6.2022&permalink=true&impacts=3&event_types=1,2,3,4,5,7,8,9,10,11&currencies=5,9"
EVT0484,2022-03-10T13:30:00.000Z,USD,124070|124071|153003,CPI m/m|Core CPI m/m|Core CPI y/y,mar6.2022,"https://www.forexfactory.com/calendar?week=mar6.2022&permalink=true&impacts=3&event_types=1,2,3,4,5,7,8,9,10,11&currencies=5,9"
EVT0485,2022-03-11T15:00:00.000Z,USD,123264,Prelim UoM Consumer Sentiment,mar6.2022,"https://www.forexfactory.com/calendar?week=mar6.2022&permalink=true&impacts=3&event_types=1,2,3,4,5,7,8,9,10,11&currencies=5,9"
EVT0486,2022-03-15T12:30:00.000Z,USD,124098,PPI m/m,mar13.2022,"https://www.forexfactory.com/calendar?week=mar13.2022&permalink=true&impacts=3&event_types=1,2,3,4,5,7,8,9,10,11&currencies=5,9"
EVT0487,2022-03-16T12:30:00.000Z,USD,124172|124173,Core Retail Sales m/m|Retail Sales m/m,mar13.2022,"https://www.forexfactory.com/calendar?week=mar13.2022&permalink=true&impacts=3&event_types=1,2,3,4,5,7,8,9,10,11&currencies=5,9"
EVT0488,2022-03-16T18:00:00.000Z,USD,123014|123022|123029,FOMC Economic Projections|FOMC Statement|Federal Funds Rate,mar13.2022,"https://www.forexfactory.com/calendar?week=mar13.2022&permalink=true&impacts=3&event_types=1,2,3,4,5,7,8,9,10,11&currencies=5,9"
EVT0489,2022-03-24T08:30:00.000Z,EUR,124581|124582,German Flash Manufacturing PMI|German Flash Services PMI,mar20.2022,"https://www.forexfactory.com/calendar?week=mar20.2022&permalink=true&impacts=3&event_types=1,2,3,4,5,7,8,9,10,11&currencies=5,9"
EVT0490,2022-03-29T14:00:00.000Z,USD,126182,JOLTS Job Openings,mar27.2022,"https://www.forexfactory.com/calendar?week=mar27.2022&permalink=true&impacts=3&event_types=1,2,3,4,5,7,8,9,10,11&currencies=5,9"
EVT0491,2022-03-30T12:15:00.000Z,USD,124057,ADP Non-Farm Employment Change,mar27.2022,"https://www.forexfactory.com/calendar?week=mar27.2022&permalink=true&impacts=3&event_types=1,2,3,4,5,7,8,9,10,11&currencies=5,9"
EVT0492,2022-03-31T12:30:00.000Z,USD,124346,Core PCE Price Index m/m,mar27.2022,"https://www.forexfactory.com/calendar?week=mar27.2022&permalink=true&impacts=3&event_types=1,2,3,4,5,7,8,9,10,11&currencies=5,9"
EVT0493,2022-04-01T12:30:00.000Z,USD,122940|122952|124045,Average Hourly Earnings m/m|Non-Farm Employment Change|Unemployment Rate,mar27.2022,"https://www.forexfactory.com/calendar?week=mar27.2022&permalink=true&impacts=3&event_types=1,2,3,4,5,7,8,9,10,11&currencies=5,9"
EVT0494,2022-04-01T14:00:00.000Z,USD,123116,ISM Manufacturing PMI,mar27.2022,"https://www.forexfactory.com/calendar?week=mar27.2022&permalink=true&impacts=3&event_types=1,2,3,4,5,7,8,9,10,11&currencies=5,9"
EVT0495,2022-04-05T14:00:00.000Z,USD,123140,ISM Services PMI,apr3.2022,"https://www.forexfactory.com/calendar?week=apr3.2022&permalink=true&impacts=3&event_types=1,2,3,4,5,7,8,9,10,11&currencies=5,9"
EVT0496,2022-04-06T18:00:00.000Z,USD,123042,FOMC Meeting Minutes,apr3.2022,"https://www.forexfactory.com/calendar?week=apr3.2022&permalink=true&impacts=3&event_types=1,2,3,4,5,7,8,9,10,11&currencies=5,9"
EVT0497,2022-04-12T12:30:00.000Z,USD,124072|124073|128653|153004,CPI m/m|CPI y/y|Core CPI m/m|Core CPI y/y,apr10.2022,"https://www.forexfactory.com/calendar?week=apr10.2022&permalink=true&impacts=3&event_types=1,2,3,4,5,7,8,9,10,11&currencies=5,9"
EVT0498,2022-04-13T12:30:00.000Z,USD,124101,PPI m/m,apr10.2022,"https://www.forexfactory.com/calendar?week=apr10.2022&permalink=true&impacts=3&event_types=1,2,3,4,5,7,8,9,10,11&currencies=5,9"
EVT0499,2022-04-14T11:45:00.000Z,EUR,125289|125290,Main Refinancing Rate|Monetary Policy Statement,apr10.2022,"https://www.forexfactory.com/calendar?week=apr10.2022&permalink=true&impacts=3&event_types=1,2,3,4,5,7,8,9,10,11&currencies=5,9"
EVT0500,2022-04-14T12:30:00.000Z,USD,124174|124175,Core Retail Sales m/m|Retail Sales m/m,apr10.2022,"https://www.forexfactory.com/calendar?week=apr10.2022&permalink=true&impacts=3&event_types=1,2,3,4,5,7,8,9,10,11&currencies=5,9"
EVT0501,2022-04-22T07:30:00.000Z,EUR,124591|124592,German Flash Manufacturing PMI|German Flash Services PMI,apr17.2022,"https://www.forexfactory.com/calendar?week=apr17.2022&permalink=true&impacts=3&event_types=1,2,3,4,5,7,8,9,10,11&currencies=5,9"
EVT0502,2022-04-28T12:30:00.000Z,USD,124323,Advance GDP q/q,apr24.2022,"https://www.forexfactory.com/calendar?week=apr24.2022&permalink=true&impacts=3&event_types=1,2,3,4,5,7,8,9,10,11&currencies=5,9"
EVT0503,2022-04-29T12:30:00.000Z,USD,124347,Core PCE Price Index m/m,apr24.2022,"https://www.forexfactory.com/calendar?week=apr24.2022&permalink=true&impacts=3&event_types=1,2,3,4,5,7,8,9,10,11&currencies=5,9"
EVT0504,2022-05-02T14:00:00.000Z,USD,123117,ISM Manufacturing PMI,may1.2022,"https://www.forexfactory.com/calendar?week=may1.2022&permalink=true&impacts=3&event_types=1,2,3,4,5,7,8,9,10,11&currencies=5,9"
EVT0505,2022-05-03T14:00:00.000Z,USD,126183,JOLTS Job Openings,may1.2022,"https://www.forexfactory.com/calendar?week=may1.2022&permalink=true&impacts=3&event_types=1,2,3,4,5,7,8,9,10,11&currencies=5,9"
EVT0506,2022-05-04T12:15:00.000Z,USD,124058,ADP Non-Farm Employment Change,may1.2022,"https://www.forexfactory.com/calendar?week=may1.2022&permalink=true&impacts=3&event_types=1,2,3,4,5,7,8,9,10,11&currencies=5,9"
EVT0507,2022-05-04T18:00:00.000Z,USD,123015|123023,FOMC Statement|Federal Funds Rate,may1.2022,"https://www.forexfactory.com/calendar?week=may1.2022&permalink=true&impacts=3&event_types=1,2,3,4,5,7,8,9,10,11&currencies=5,9"
EVT0508,2022-05-06T12:30:00.000Z,USD,122941|122953|124046,Average Hourly Earnings m/m|Non-Farm Employment Change|Unemployment Rate,may1.2022,"https://www.forexfactory.com/calendar?week=may1.2022&permalink=true&impacts=3&event_types=1,2,3,4,5,7,8,9,10,11&currencies=5,9"
EVT0509,2022-05-11T12:30:00.000Z,USD,124074|124075|128654|153005,CPI m/m|CPI y/y|Core CPI m/m|Core CPI y/y,may8.2022,"https://www.forexfactory.com/calendar?week=may8.2022&permalink=true&impacts=3&event_types=1,2,3,4,5,7,8,9,10,11&currencies=5,9"
EVT0510,2022-05-12T12:30:00.000Z,USD,124103,PPI m/m,may8.2022,"https://www.forexfactory.com/calendar?week=may8.2022&permalink=true&impacts=3&event_types=1,2,3,4,5,7,8,9,10,11&currencies=5,9"
EVT0511,2022-05-17T12:30:00.000Z,USD,124176|124177,Core Retail Sales m/m|Retail Sales m/m,may15.2022,"https://www.forexfactory.com/calendar?week=may15.2022&permalink=true&impacts=3&event_types=1,2,3,4,5,7,8,9,10,11&currencies=5,9"
EVT0512,2022-05-19T13:00:00.000Z,USD,152859,Fed Gov Nomination Hearings,may15.2022,"https://www.forexfactory.com/calendar?week=may15.2022&permalink=true&impacts=3&event_types=1,2,3,4,5,7,8,9,10,11&currencies=5,9"
EVT0513,2022-05-24T07:30:00.000Z,EUR,124597|124598,German Flash Manufacturing PMI|German Flash Services PMI,may22.2022,"https://www.forexfactory.com/calendar?week=may22.2022&permalink=true&impacts=3&event_types=1,2,3,4,5,7,8,9,10,11&currencies=5,9"
EVT0514,2022-05-25T18:00:00.000Z,USD,123043,FOMC Meeting Minutes,may22.2022,"https://www.forexfactory.com/calendar?week=may22.2022&permalink=true&impacts=3&event_types=1,2,3,4,5,7,8,9,10,11&currencies=5,9"
EVT0515,2022-05-26T12:30:00.000Z,USD,124324,Prelim GDP q/q,may22.2022,"https://www.forexfactory.com/calendar?week=may22.2022&permalink=true&impacts=3&event_types=1,2,3,4,5,7,8,9,10,11&currencies=5,9"
EVT0516,2022-05-27T12:30:00.000Z,USD,124348,Core PCE Price Index m/m,may22.2022,"https://www.forexfactory.com/calendar?week=may22.2022&permalink=true&impacts=3&event_types=1,2,3,4,5,7,8,9,10,11&currencies=5,9"
EVT0517,2022-06-01T14:00:00.000Z,USD,123118|126184,ISM Manufacturing PMI|JOLTS Job Openings,may29.2022,"https://www.forexfactory.com/calendar?week=may29.2022&permalink=true&impacts=3&event_types=1,2,3,4,5,7,8,9,10,11&currencies=5,9"
EVT0518,2022-06-02T12:15:00.000Z,USD,124059,ADP Non-Farm Employment Change,may29.2022,"https://www.forexfactory.com/calendar?week=may29.2022&permalink=true&impacts=3&event_types=1,2,3,4,5,7,8,9,10,11&currencies=5,9"
EVT0519,2022-06-03T12:30:00.000Z,USD,122942|122954|124047,Average Hourly Earnings m/m|Non-Farm Employment Change|Unemployment Rate,may29.2022,"https://www.forexfactory.com/calendar?week=may29.2022&permalink=true&impacts=3&event_types=1,2,3,4,5,7,8,9,10,11&currencies=5,9"
EVT0520,2022-06-09T11:45:00.000Z,EUR,125292|125293,Main Refinancing Rate|Monetary Policy Statement,jun5.2022,"https://www.forexfactory.com/calendar?week=jun5.2022&permalink=true&impacts=3&event_types=1,2,3,4,5,7,8,9,10,11&currencies=5,9"
EVT0521,2022-06-10T12:30:00.000Z,USD,124076|124077|128655|153006,CPI m/m|CPI y/y|Core CPI m/m|Core CPI y/y,jun5.2022,"https://www.forexfactory.com/calendar?week=jun5.2022&permalink=true&impacts=3&event_types=1,2,3,4,5,7,8,9,10,11&currencies=5,9"
EVT0522,2022-06-10T13:00:00.000Z,USD,123049,Treasury Currency Report,jun5.2022,"https://www.forexfactory.com/calendar?week=jun5.2022&permalink=true&impacts=3&event_types=1,2,3,4,5,7,8,9,10,11&currencies=5,9"
EVT0523,2022-06-14T12:30:00.000Z,USD,124105,PPI m/m,jun12.2022,"https://www.forexfactory.com/calendar?week=jun12.2022&permalink=true&impacts=3&event_types=1,2,3,4,5,7,8,9,10,11&currencies=5,9"
EVT0524,2022-06-15T12:30:00.000Z,USD,124178|124179,Core Retail Sales m/m|Retail Sales m/m,jun12.2022,"https://www.forexfactory.com/calendar?week=jun12.2022&permalink=true&impacts=3&event_types=1,2,3,4,5,7,8,9,10,11&currencies=5,9"
EVT0525,2022-06-15T18:00:00.000Z,USD,123016|123024|123030,FOMC Economic Projections|FOMC Statement|Federal Funds Rate,jun12.2022,"https://www.forexfactory.com/calendar?week=jun12.2022&permalink=true&impacts=3&event_types=1,2,3,4,5,7,8,9,10,11&currencies=5,9"
EVT0526,2022-06-23T07:30:00.000Z,EUR,124605|124606,German Flash Manufacturing PMI|German Flash Services PMI,jun19.2022,"https://www.forexfactory.com/calendar?week=jun19.2022&permalink=true&impacts=3&event_types=1,2,3,4,5,7,8,9,10,11&currencies=5,9"
EVT0527,2022-06-28T14:00:00.000Z,USD,123094,CB Consumer Confidence,jun26.2022,"https://www.forexfactory.com/calendar?week=jun26.2022&permalink=true&impacts=3&event_types=1,2,3,4,5,7,8,9,10,11&currencies=5,9"
EVT0528,2022-06-30T12:30:00.000Z,USD,124349,Core PCE Price Index m/m,jun26.2022,"https://www.forexfactory.com/calendar?week=jun26.2022&permalink=true&impacts=3&event_types=1,2,3,4,5,7,8,9,10,11&currencies=5,9"
EVT0529,2022-07-01T09:00:00.000Z,EUR,126736,CPI Flash Estimate y/y,jun26.2022,"https://www.forexfactory.com/calendar?week=jun26.2022&permalink=true&impacts=3&event_types=1,2,3,4,5,7,8,9,10,11&currencies=5,9"
EVT0530,2022-07-01T14:00:00.000Z,USD,123119,ISM Manufacturing PMI,jun26.2022,"https://www.forexfactory.com/calendar?week=jun26.2022&permalink=true&impacts=3&event_types=1,2,3,4,5,7,8,9,10,11&currencies=5,9"
EVT0531,2022-07-06T14:00:00.000Z,USD,126185,JOLTS Job Openings,jul3.2022,"https://www.forexfactory.com/calendar?week=jul3.2022&permalink=true&impacts=3&event_types=1,2,3,4,5,7,8,9,10,11&currencies=5,9"
EVT0532,2022-07-06T18:00:00.000Z,USD,123044,FOMC Meeting Minutes,jul3.2022,"https://www.forexfactory.com/calendar?week=jul3.2022&permalink=true&impacts=3&event_types=1,2,3,4,5,7,8,9,10,11&currencies=5,9"
EVT0533,2022-07-08T12:30:00.000Z,USD,122943|122955|124048,Average Hourly Earnings m/m|Non-Farm Employment Change|Unemployment Rate,jul3.2022,"https://www.forexfactory.com/calendar?week=jul3.2022&permalink=true&impacts=3&event_types=1,2,3,4,5,7,8,9,10,11&currencies=5,9"
EVT0534,2022-07-13T12:30:00.000Z,USD,124078|124079|128656|153007,CPI m/m|CPI y/y|Core CPI m/m|Core CPI y/y,jul10.2022,"https://www.forexfactory.com/calendar?week=jul10.2022&permalink=true&impacts=3&event_types=1,2,3,4,5,7,8,9,10,11&currencies=5,9"
EVT0535,2022-07-14T12:30:00.000Z,USD,124106,PPI m/m,jul10.2022,"https://www.forexfactory.com/calendar?week=jul10.2022&permalink=true&impacts=3&event_types=1,2,3,4,5,7,8,9,10,11&currencies=5,9"
EVT0536,2022-07-15T12:30:00.000Z,USD,124180|124181,Core Retail Sales m/m|Retail Sales m/m,jul10.2022,"https://www.forexfactory.com/calendar?week=jul10.2022&permalink=true&impacts=3&event_types=1,2,3,4,5,7,8,9,10,11&currencies=5,9"
EVT0537,2022-07-15T14:00:00.000Z,USD,123279,Prelim UoM Consumer Sentiment,jul10.2022,"https://www.forexfactory.com/calendar?week=jul10.2022&permalink=true&impacts=3&event_types=1,2,3,4,5,7,8,9,10,11&currencies=5,9"
EVT0538,2022-07-21T12:15:00.000Z,EUR,125295|125296,Main Refinancing Rate|Monetary Policy Statement,jul17.2022,"https://www.forexfactory.com/calendar?week=jul17.2022&permalink=true&impacts=3&event_types=1,2,3,4,5,7,8,9,10,11&currencies=5,9"
EVT0539,2022-07-22T07:15:00.000Z,EUR,124614,French Flash Services PMI,jul17.2022,"https://www.forexfactory.com/calendar?week=jul17.2022&permalink=true&impacts=3&event_types=1,2,3,4,5,7,8,9,10,11&currencies=5,9"
EVT0540,2022-07-22T07:30:00.000Z,EUR,124615|124616,German Flash Manufacturing PMI|German Flash Services PMI,jul17.2022,"https://www.forexfactory.com/calendar?week=jul17.2022&permalink=true&impacts=3&event_types=1,2,3,4,5,7,8,9,10,11&currencies=5,9"
EVT0541,2022-07-22T13:45:00.000Z,USD,124000,Flash Services PMI,jul17.2022,"https://www.forexfactory.com/calendar?week=jul17.2022&permalink=true&impacts=3&event_types=1,2,3,4,5,7,8,9,10,11&currencies=5,9"
EVT0542,2022-07-26T14:00:00.000Z,USD,123095,CB Consumer Confidence,jul24.2022,"https://www.forexfactory.com/calendar?week=jul24.2022&permalink=true&impacts=3&event_types=1,2,3,4,5,7,8,9,10,11&currencies=5,9"
EVT0543,2022-07-27T18:00:00.000Z,USD,123017|123025,FOMC Statement|Federal Funds Rate,jul24.2022,"https://www.forexfactory.com/calendar?week=jul24.2022&permalink=true&impacts=3&event_types=1,2,3,4,5,7,8,9,10,11&currencies=5,9"
EVT0544,2022-07-28T12:30:00.000Z,USD,124326,Advance GDP q/q,jul24.2022,"https://www.forexfactory.com/calendar?week=jul24.2022&permalink=true&impacts=3&event_types=1,2,3,4,5,7,8,9,10,11&currencies=5,9"
EVT0545,2022-07-29T12:30:00.000Z,USD,124350,Core PCE Price Index m/m,jul24.2022,"https://www.forexfactory.com/calendar?week=jul24.2022&permalink=true&impacts=3&event_types=1,2,3,4,5,7,8,9,10,11&currencies=5,9"
EVT0546,2022-08-01T14:00:00.000Z,USD,123120,ISM Manufacturing PMI,jul31.2022,"https://www.forexfactory.com/calendar?week=jul31.2022&permalink=true&impacts=3&event_types=1,2,3,4,5,7,8,9,10,11&currencies=5,9"
EVT0547,2022-08-02T14:00:00.000Z,USD,126186,JOLTS Job Openings,jul31.2022,"https://www.forexfactory.com/calendar?week=jul31.2022&permalink=true&impacts=3&event_types=1,2,3,4,5,7,8,9,10,11&currencies=5,9"
EVT0548,2022-08-03T14:00:00.000Z,USD,123144,ISM Services PMI,jul31.2022,"https://www.forexfactory.com/calendar?week=jul31.2022&permalink=true&impacts=3&event_types=1,2,3,4,5,7,8,9,10,11&currencies=5,9"
EVT0549,2022-08-05T12:30:00.000Z,USD,122944|122956|124049,Average Hourly Earnings m/m|Non-Farm Employment Change|Unemployment Rate,jul31.2022,"https://www.forexfactory.com/calendar?week=jul31.2022&permalink=true&impacts=3&event_types=1,2,3,4,5,7,8,9,10,11&currencies=5,9"
EVT0550,2022-08-10T12:30:00.000Z,USD,124080|124081|128657|153008,CPI m/m|CPI y/y|Core CPI m/m|Core CPI y/y,aug7.2022,"https://www.forexfactory.com/calendar?week=aug7.2022&permalink=true&impacts=3&event_types=1,2,3,4,5,7,8,9,10,11&currencies=5,9"
EVT0551,2022-08-11T12:30:00.000Z,USD,124109,PPI m/m,aug7.2022,"https://www.forexfactory.com/calendar?week=aug7.2022&permalink=true&impacts=3&event_types=1,2,3,4,5,7,8,9,10,11&currencies=5,9"
EVT0552,2022-08-12T14:00:00.000Z,USD,123284,Prelim UoM Consumer Sentiment,aug7.2022,"https://www.forexfactory.com/calendar?week=aug7.2022&permalink=true&impacts=3&event_types=1,2,3,4,5,7,8,9,10,11&currencies=5,9"
EVT0553,2022-08-17T12:30:00.000Z,USD,124182|124183,Core Retail Sales m/m|Retail Sales m/m,aug14.2022,"https://www.forexfactory.com/calendar?week=aug14.2022&permalink=true&impacts=3&event_types=1,2,3,4,5,7,8,9,10,11&currencies=5,9"
EVT0554,2022-08-17T18:00:00.000Z,USD,123045,FOMC Meeting Minutes,aug14.2022,"https://www.forexfactory.com/calendar?week=aug14.2022&permalink=true&impacts=3&event_types=1,2,3,4,5,7,8,9,10,11&currencies=5,9"
EVT0555,2022-08-18T12:30:00.000Z,USD,122855,Philly Fed Manufacturing Index,aug14.2022,"https://www.forexfactory.com/calendar?week=aug14.2022&permalink=true&impacts=3&event_types=1,2,3,4,5,7,8,9,10,11&currencies=5,9"
EVT0556,2022-08-23T07:15:00.000Z,EUR,124620,French Flash Services PMI,aug21.2022,"https://www.forexfactory.com/calendar?week=aug21.2022&permalink=true&impacts=3&event_types=1,2,3,4,5,7,8,9,10,11&currencies=5,9"
EVT0557,2022-08-23T07:30:00.000Z,EUR,124621|124622,German Flash Manufacturing PMI|German Flash Services PMI,aug21.2022,"https://www.forexfactory.com/calendar?week=aug21.2022&permalink=true&impacts=3&event_types=1,2,3,4,5,7,8,9,10,11&currencies=5,9"
EVT0558,2022-08-23T13:45:00.000Z,USD,124001,Flash Services PMI,aug21.2022,"https://www.forexfactory.com/calendar?week=aug21.2022&permalink=true&impacts=3&event_types=1,2,3,4,5,7,8,9,10,11&currencies=5,9"
EVT0559,2022-08-24T14:00:00.000Z,USD,147808,Prelim Benchmark Payrolls Revision,aug21.2022,"https://www.forexfactory.com/calendar?week=aug21.2022&permalink=true&impacts=3&event_types=1,2,3,4,5,7,8,9,10,11&currencies=5,9"
EVT0560,2022-08-25T12:30:00.000Z,USD,124327,Prelim GDP q/q,aug21.2022,"https://www.forexfactory.com/calendar?week=aug21.2022&permalink=true&impacts=3&event_types=1,2,3,4,5,7,8,9,10,11&currencies=5,9"
EVT0561,2022-08-26T12:30:00.000Z,USD,124351,Core PCE Price Index m/m,aug21.2022,"https://www.forexfactory.com/calendar?week=aug21.2022&permalink=true&impacts=3&event_types=1,2,3,4,5,7,8,9,10,11&currencies=5,9"
EVT0562,2022-08-30T14:00:00.000Z,USD,123096|126187,CB Consumer Confidence|JOLTS Job Openings,aug28.2022,"https://www.forexfactory.com/calendar?week=aug28.2022&permalink=true&impacts=3&event_types=1,2,3,4,5,7,8,9,10,11&currencies=5,9"
EVT0563,2022-08-31T12:15:00.000Z,USD,124062,ADP Non-Farm Employment Change,aug28.2022,"https://www.forexfactory.com/calendar?week=aug28.2022&permalink=true&impacts=3&event_types=1,2,3,4,5,7,8,9,10,11&currencies=5,9"
EVT0564,2022-09-01T14:00:00.000Z,USD,123121,ISM Manufacturing PMI,aug28.2022,"https://www.forexfactory.com/calendar?week=aug28.2022&permalink=true&impacts=3&event_types=1,2,3,4,5,7,8,9,10,11&currencies=5,9"
EVT0565,2022-09-02T12:30:00.000Z,USD,122945|122957|124050,Average Hourly Earnings m/m|Non-Farm Employment Change|Unemployment Rate,aug28.2022,"https://www.forexfactory.com/calendar?week=aug28.2022&permalink=true&impacts=3&event_types=1,2,3,4,5,7,8,9,10,11&currencies=5,9"
EVT0566,2022-09-06T14:00:00.000Z,USD,123145,ISM Services PMI,sep4.2022,"https://www.forexfactory.com/calendar?week=sep4.2022&permalink=true&impacts=3&event_types=1,2,3,4,5,7,8,9,10,11&currencies=5,9"
EVT0567,2022-09-08T12:15:00.000Z,EUR,125298|125299,Main Refinancing Rate|Monetary Policy Statement,sep4.2022,"https://www.forexfactory.com/calendar?week=sep4.2022&permalink=true&impacts=3&event_types=1,2,3,4,5,7,8,9,10,11&currencies=5,9"
EVT0568,2022-09-13T12:30:00.000Z,USD,124082|124083|128658|153009,CPI m/m|CPI y/y|Core CPI m/m|Core CPI y/y,sep11.2022,"https://www.forexfactory.com/calendar?week=sep11.2022&permalink=true&impacts=3&event_types=1,2,3,4,5,7,8,9,10,11&currencies=5,9"
EVT0569,2022-09-14T12:30:00.000Z,USD,124110,PPI m/m,sep11.2022,"https://www.forexfactory.com/calendar?week=sep11.2022&permalink=true&impacts=3&event_types=1,2,3,4,5,7,8,9,10,11&currencies=5,9"
EVT0570,2022-09-15T12:30:00.000Z,USD,123941|124184|124185,Core Retail Sales m/m|Empire State Manufacturing Index|Retail Sales m/m,sep11.2022,"https://www.forexfactory.com/calendar?week=sep11.2022&permalink=true&impacts=3&event_types=1,2,3,4,5,7,8,9,10,11&currencies=5,9"
EVT0571,2022-09-16T14:00:00.000Z,USD,123288,Prelim UoM Consumer Sentiment,sep11.2022,"https://www.forexfactory.com/calendar?week=sep11.2022&permalink=true&impacts=3&event_types=1,2,3,4,5,7,8,9,10,11&currencies=5,9"
EVT0572,2022-09-21T18:00:00.000Z,USD,123018|123026|123031,FOMC Economic Projections|FOMC Statement|Federal Funds Rate,sep18.2022,"https://www.forexfactory.com/calendar?week=sep18.2022&permalink=true&impacts=3&event_types=1,2,3,4,5,7,8,9,10,11&currencies=5,9"
EVT0573,2022-09-23T07:15:00.000Z,EUR,124630,French Flash Services PMI,sep18.2022,"https://www.forexfactory.com/calendar?week=sep18.2022&permalink=true&impacts=3&event_types=1,2,3,4,5,7,8,9,10,11&currencies=5,9"
EVT0574,2022-09-23T07:30:00.000Z,EUR,124631|124632,German Flash Manufacturing PMI|German Flash Services PMI,sep18.2022,"https://www.forexfactory.com/calendar?week=sep18.2022&permalink=true&impacts=3&event_types=1,2,3,4,5,7,8,9,10,11&currencies=5,9"
EVT0575,2022-09-23T13:45:00.000Z,USD,124002,Flash Services PMI,sep18.2022,"https://www.forexfactory.com/calendar?week=sep18.2022&permalink=true&impacts=3&event_types=1,2,3,4,5,7,8,9,10,11&currencies=5,9"
EVT0576,2022-09-27T14:00:00.000Z,USD,123097,CB Consumer Confidence,sep25.2022,"https://www.forexfactory.com/calendar?week=sep25.2022&permalink=true&impacts=3&event_types=1,2,3,4,5,7,8,9,10,11&currencies=5,9"
EVT0577,2022-09-30T12:30:00.000Z,USD,124352,Core PCE Price Index m/m,sep25.2022,"https://www.forexfactory.com/calendar?week=sep25.2022&permalink=true&impacts=3&event_types=1,2,3,4,5,7,8,9,10,11&currencies=5,9"
EVT0578,2022-10-03T14:00:00.000Z,USD,123122,ISM Manufacturing PMI,oct2.2022,"https://www.forexfactory.com/calendar?week=oct2.2022&permalink=true&impacts=3&event_types=1,2,3,4,5,7,8,9,10,11&currencies=5,9"
EVT0579,2022-10-04T14:00:00.000Z,USD,126188,JOLTS Job Openings,oct2.2022,"https://www.forexfactory.com/calendar?week=oct2.2022&permalink=true&impacts=3&event_types=1,2,3,4,5,7,8,9,10,11&currencies=5,9"
EVT0580,2022-10-05T12:15:00.000Z,USD,124063,ADP Non-Farm Employment Change,oct2.2022,"https://www.forexfactory.com/calendar?week=oct2.2022&permalink=true&impacts=3&event_types=1,2,3,4,5,7,8,9,10,11&currencies=5,9"
EVT0581,2022-10-05T14:00:00.000Z,USD,123146,ISM Services PMI,oct2.2022,"https://www.forexfactory.com/calendar?week=oct2.2022&permalink=true&impacts=3&event_types=1,2,3,4,5,7,8,9,10,11&currencies=5,9"
EVT0582,2022-10-07T12:30:00.000Z,USD,122946|122958|124051,Average Hourly Earnings m/m|Non-Farm Employment Change|Unemployment Rate,oct2.2022,"https://www.forexfactory.com/calendar?week=oct2.2022&permalink=true&impacts=3&event_types=1,2,3,4,5,7,8,9,10,11&currencies=5,9"
EVT0583,2022-10-12T12:30:00.000Z,USD,124113,PPI m/m,oct9.2022,"https://www.forexfactory.com/calendar?week=oct9.2022&permalink=true&impacts=3&event_types=1,2,3,4,5,7,8,9,10,11&currencies=5,9"
EVT0584,2022-10-12T18:00:00.000Z,USD,123046,FOMC Meeting Minutes,oct9.2022,"https://www.forexfactory.com/calendar?week=oct9.2022&permalink=true&impacts=3&event_types=1,2,3,4,5,7,8,9,10,11&currencies=5,9"
EVT0585,2022-10-13T12:30:00.000Z,USD,124084|124085|128659|153010,CPI m/m|CPI y/y|Core CPI m/m|Core CPI y/y,oct9.2022,"https://www.forexfactory.com/calendar?week=oct9.2022&permalink=true&impacts=3&event_types=1,2,3,4,5,7,8,9,10,11&currencies=5,9"
EVT0586,2022-10-14T12:30:00.000Z,USD,124186|124187,Core Retail Sales m/m|Retail Sales m/m,oct9.2022,"https://www.forexfactory.com/calendar?week=oct9.2022&permalink=true&impacts=3&event_types=1,2,3,4,5,7,8,9,10,11&currencies=5,9"
EVT0587,2022-10-14T14:00:00.000Z,USD,123292,Prelim UoM Consumer Sentiment,oct9.2022,"https://www.forexfactory.com/calendar?week=oct9.2022&permalink=true&impacts=3&event_types=1,2,3,4,5,7,8,9,10,11&currencies=5,9"
EVT0588,2022-10-17T12:30:00.000Z,USD,123942,Empire State Manufacturing Index,oct16.2022,"https://www.forexfactory.com/calendar?week=oct16.2022&permalink=true&impacts=3&event_types=1,2,3,4,5,7,8,9,10,11&currencies=5,9"
EVT0589,2022-10-20T12:30:00.000Z,USD,122857,Philly Fed Manufacturing Index,oct16.2022,"https://www.forexfactory.com/calendar?week=oct16.2022&permalink=true&impacts=3&event_types=1,2,3,4,5,7,8,9,10,11&currencies=5,9"
EVT0590,2022-10-24T07:15:00.000Z,EUR,124640,French Flash Services PMI,oct23.2022,"https://www.forexfactory.com/calendar?week=oct23.2022&permalink=true&impacts=3&event_types=1,2,3,4,5,7,8,9,10,11&currencies=5,9"
EVT0591,2022-10-24T07:30:00.000Z,EUR,124637|124638,German Flash Manufacturing PMI|German Flash Services PMI,oct23.2022,"https://www.forexfactory.com/calendar?week=oct23.2022&permalink=true&impacts=3&event_types=1,2,3,4,5,7,8,9,10,11&currencies=5,9"
EVT0592,2022-10-24T13:45:00.000Z,USD,124003,Flash Services PMI,oct23.2022,"https://www.forexfactory.com/calendar?week=oct23.2022&permalink=true&impacts=3&event_types=1,2,3,4,5,7,8,9,10,11&currencies=5,9"
EVT0593,2022-10-25T14:00:00.000Z,USD,123098,CB Consumer Confidence,oct23.2022,"https://www.forexfactory.com/calendar?week=oct23.2022&permalink=true&impacts=3&event_types=1,2,3,4,5,7,8,9,10,11&currencies=5,9"
EVT0594,2022-10-27T12:15:00.000Z,EUR,125301|125302,Main Refinancing Rate|Monetary Policy Statement,oct23.2022,"https://www.forexfactory.com/calendar?week=oct23.2022&permalink=true&impacts=3&event_types=1,2,3,4,5,7,8,9,10,11&currencies=5,9"
EVT0595,2022-10-27T12:30:00.000Z,USD,124329,Advance GDP q/q,oct23.2022,"https://www.forexfactory.com/calendar?week=oct23.2022&permalink=true&impacts=3&event_types=1,2,3,4,5,7,8,9,10,11&currencies=5,9"
EVT0596,2022-10-28T12:30:00.000Z,USD,124353,Core PCE Price Index m/m,oct23.2022,"https://www.forexfactory.com/calendar?week=oct23.2022&permalink=true&impacts=3&event_types=1,2,3,4,5,7,8,9,10,11&currencies=5,9"
EVT0597,2022-11-01T14:00:00.000Z,USD,123123|126189,ISM Manufacturing PMI|JOLTS Job Openings,oct30.2022,"https://www.forexfactory.com/calendar?week=oct30.2022&permalink=true&impacts=3&event_types=1,2,3,4,5,7,8,9,10,11&currencies=5,9"
EVT0598,2022-11-02T12:15:00.000Z,USD,124064,ADP Non-Farm Employment Change,oct30.2022,"https://www.forexfactory.com/calendar?week=oct30.2022&permalink=true&impacts=3&event_types=1,2,3,4,5,7,8,9,10,11&currencies=5,9"
EVT0599,2022-11-02T18:00:00.000Z,USD,123019|123027,FOMC Statement|Federal Funds Rate,oct30.2022,"https://www.forexfactory.com/calendar?week=oct30.2022&permalink=true&impacts=3&event_types=1,2,3,4,5,7,8,9,10,11&currencies=5,9"
EVT0600,2022-11-03T14:00:00.000Z,USD,123147,ISM Services PMI,oct30.2022,"https://www.forexfactory.com/calendar?week=oct30.2022&permalink=true&impacts=3&event_types=1,2,3,4,5,7,8,9,10,11&currencies=5,9"
EVT0601,2022-11-04T12:30:00.000Z,USD,122947|122959|124052,Average Hourly Earnings m/m|Non-Farm Employment Change|Unemployment Rate,oct30.2022,"https://www.forexfactory.com/calendar?week=oct30.2022&permalink=true&impacts=3&event_types=1,2,3,4,5,7,8,9,10,11&currencies=5,9"
EVT0602,2022-11-10T13:30:00.000Z,USD,124086|124087|128660|153011,CPI m/m|CPI y/y|Core CPI m/m|Core CPI y/y,nov6.2022,"https://www.forexfactory.com/calendar?week=nov6.2022&permalink=true&impacts=3&event_types=1,2,3,4,5,7,8,9,10,11&currencies=5,9"
EVT0603,2022-11-10T14:00:00.000Z,USD,123050,Treasury Currency Report,nov6.2022,"https://www.forexfactory.com/calendar?week=nov6.2022&permalink=true&impacts=3&event_types=1,2,3,4,5,7,8,9,10,11&currencies=5,9"
EVT0604,2022-11-11T15:00:00.000Z,USD,123296,Prelim UoM Consumer Sentiment,nov6.2022,"https://www.forexfactory.com/calendar?week=nov6.2022&permalink=true&impacts=3&event_types=1,2,3,4,5,7,8,9,10,11&currencies=5,9"
EVT0605,2022-11-15T13:30:00.000Z,USD,123943|124115,Empire State Manufacturing Index|PPI m/m,nov13.2022,"https://www.forexfactory.com/calendar?week=nov13.2022&permalink=true&impacts=3&event_types=1,2,3,4,5,7,8,9,10,11&currencies=5,9"
EVT0606,2022-11-16T13:30:00.000Z,USD,124188|124189,Core Retail Sales m/m|Retail Sales m/m,nov13.2022,"https://www.forexfactory.com/calendar?week=nov13.2022&permalink=true&impacts=3&event_types=1,2,3,4,5,7,8,9,10,11&currencies=5,9"
EVT0607,2022-11-17T13:30:00.000Z,USD,122858,Philly Fed Manufacturing Index,nov13.2022,"https://www.forexfactory.com/calendar?week=nov13.2022&permalink=true&impacts=3&event_types=1,2,3,4,5,7,8,9,10,11&currencies=5,9"
EVT0608,2022-11-23T08:15:00.000Z,EUR,124646,French Flash Services PMI,nov20.2022,"https://www.forexfactory.com/calendar?week=nov20.2022&permalink=true&impacts=3&event_types=1,2,3,4,5,7,8,9,10,11&currencies=5,9"
EVT0609,2022-11-23T08:30:00.000Z,EUR,124647|124648,German Flash Manufacturing PMI|German Flash Services PMI,nov20.2022,"https://www.forexfactory.com/calendar?week=nov20.2022&permalink=true&impacts=3&event_types=1,2,3,4,5,7,8,9,10,11&currencies=5,9"
EVT0610,2022-11-23T14:45:00.000Z,USD,124004,Flash Services PMI,nov20.2022,"https://www.forexfactory.com/calendar?week=nov20.2022&permalink=true&impacts=3&event_types=1,2,3,4,5,7,8,9,10,11&currencies=5,9"
EVT0611,2022-11-23T19:00:00.000Z,USD,123047,FOMC Meeting Minutes,nov20.2022,"https://www.forexfactory.com/calendar?week=nov20.2022&permalink=true&impacts=3&event_types=1,2,3,4,5,7,8,9,10,11&currencies=5,9"
EVT0612,2022-11-29T15:00:00.000Z,USD,123099,CB Consumer Confidence,nov27.2022,"https://www.forexfactory.com/calendar?week=nov27.2022&permalink=true&impacts=3&event_types=1,2,3,4,5,7,8,9,10,11&currencies=5,9"
EVT0613,2022-11-30T13:15:00.000Z,USD,124065,ADP Non-Farm Employment Change,nov27.2022,"https://www.forexfactory.com/calendar?week=nov27.2022&permalink=true&impacts=3&event_types=1,2,3,4,5,7,8,9,10,11&currencies=5,9"
EVT0614,2022-11-30T13:30:00.000Z,USD,124330,Prelim GDP q/q,nov27.2022,"https://www.forexfactory.com/calendar?week=nov27.2022&permalink=true&impacts=3&event_types=1,2,3,4,5,7,8,9,10,11&currencies=5,9"
EVT0615,2022-11-30T15:00:00.000Z,USD,126190,JOLTS Job Openings,nov27.2022,"https://www.forexfactory.com/calendar?week=nov27.2022&permalink=true&impacts=3&event_types=1,2,3,4,5,7,8,9,10,11&currencies=5,9"
EVT0616,2022-12-01T13:30:00.000Z,USD,124354,Core PCE Price Index m/m,nov27.2022,"https://www.forexfactory.com/calendar?week=nov27.2022&permalink=true&impacts=3&event_types=1,2,3,4,5,7,8,9,10,11&currencies=5,9"
EVT0617,2022-12-01T15:00:00.000Z,USD,123124,ISM Manufacturing PMI,nov27.2022,"https://www.forexfactory.com/calendar?week=nov27.2022&permalink=true&impacts=3&event_types=1,2,3,4,5,7,8,9,10,11&currencies=5,9"
EVT0618,2022-12-02T13:30:00.000Z,USD,122948|122960|124053,Average Hourly Earnings m/m|Non-Farm Employment Change|Unemployment Rate,nov27.2022,"https://www.forexfactory.com/calendar?week=nov27.2022&permalink=true&impacts=3&event_types=1,2,3,4,5,7,8,9,10,11&currencies=5,9"
EVT0619,2022-12-05T15:00:00.000Z,USD,123148,ISM Services PMI,dec4.2022,"https://www.forexfactory.com/calendar?week=dec4.2022&permalink=true&impacts=3&event_types=1,2,3,4,5,7,8,9,10,11&currencies=5,9"
EVT0620,2022-12-09T13:30:00.000Z,USD,124116|124117,Core PPI m/m|PPI m/m,dec4.2022,"https://www.forexfactory.com/calendar?week=dec4.2022&permalink=true&impacts=3&event_types=1,2,3,4,5,7,8,9,10,11&currencies=5,9"
EVT0621,2022-12-09T15:00:00.000Z,USD,123301,Prelim UoM Consumer Sentiment,dec4.2022,"https://www.forexfactory.com/calendar?week=dec4.2022&permalink=true&impacts=3&event_types=1,2,3,4,5,7,8,9,10,11&currencies=5,9"
EVT0622,2022-12-13T13:30:00.000Z,USD,124088|124089|128661|153012,CPI m/m|CPI y/y|Core CPI m/m|Core CPI y/y,dec11.2022,"https://www.forexfactory.com/calendar?week=dec11.2022&permalink=true&impacts=3&event_types=1,2,3,4,5,7,8,9,10,11&currencies=5,9"
EVT0623,2022-12-14T19:00:00.000Z,USD,123020|123028|123032,FOMC Economic Projections|FOMC Statement|Federal Funds Rate,dec11.2022,"https://www.forexfactory.com/calendar?week=dec11.2022&permalink=true&impacts=3&event_types=1,2,3,4,5,7,8,9,10,11&currencies=5,9"
EVT0624,2022-12-15T13:15:00.000Z,EUR,125304|125305,Main Refinancing Rate|Monetary Policy Statement,dec11.2022,"https://www.forexfactory.com/calendar?week=dec11.2022&permalink=true&impacts=3&event_types=1,2,3,4,5,7,8,9,10,11&currencies=5,9"
EVT0625,2022-12-15T13:30:00.000Z,USD,123944|124190|124191,Core Retail Sales m/m|Empire State Manufacturing Index|Retail Sales m/m,dec11.2022,"https://www.forexfactory.com/calendar?week=dec11.2022&permalink=true&impacts=3&event_types=1,2,3,4,5,7,8,9,10,11&currencies=5,9"
EVT0626,2022-12-16T08:15:00.000Z,EUR,124654,French Flash Services PMI,dec11.2022,"https://www.forexfactory.com/calendar?week=dec11.2022&permalink=true&impacts=3&event_types=1,2,3,4,5,7,8,9,10,11&currencies=5,9"
EVT0627,2022-12-16T08:30:00.000Z,EUR,124655|124656,German Flash Manufacturing PMI|German Flash Services PMI,dec11.2022,"https://www.forexfactory.com/calendar?week=dec11.2022&permalink=true&impacts=3&event_types=1,2,3,4,5,7,8,9,10,11&currencies=5,9"
EVT0628,2022-12-16T14:45:00.000Z,USD,124005,Flash Services PMI,dec11.2022,"https://www.forexfactory.com/calendar?week=dec11.2022&permalink=true&impacts=3&event_types=1,2,3,4,5,7,8,9,10,11&currencies=5,9"
EVT0629,2022-12-21T15:00:00.000Z,USD,123100,CB Consumer Confidence,dec18.2022,"https://www.forexfactory.com/calendar?week=dec18.2022&permalink=true&impacts=3&event_types=1,2,3,4,5,7,8,9,10,11&currencies=5,9"
EVT0630,2022-12-23T13:30:00.000Z,USD,124355,Core PCE Price Index m/m,dec18.2022,"https://www.forexfactory.com/calendar?week=dec18.2022&permalink=true&impacts=3&event_types=1,2,3,4,5,7,8,9,10,11&currencies=5,9"
