arm,split,symbol,report_date,entry_time_utc,exit_time_utc,direction,entry_price,exit_price,stop_price,stop_distance_pips,exit_reason,gross_pips,net_r_x1,net_r_x1_5,net_r_x2
candidate,train,EURUSD,2018-01-02,2018-01-08T07:00:00+00:00,2018-01-08T16:00:00+00:00,-1,1.20254,1.197,1.2042607142857142,17.20714285714282,time_exit,55.39999999999878,3.132420091324137,3.0888335408882712,3.045246990452406
control,train,EURUSD,2018-01-02,2018-01-08T07:00:00+00:00,2018-01-08T09:00:00+00:00,1,1.20254,1.2008192857142856,1.2008192857142856,17.20714285714282,stop,-17.207142857142976,-1.0871731008717402,-1.130759651307606,-1.1743462017434714
candidate,train,USDJPY,2018-01-02,2018-01-08T07:00:00+00:00,2018-01-08T14:00:00+00:00,1,113.197,113.077,113.077,12.000000000000199,stop,-12.000000000000455,-1.1250000000000193,-1.1875000000000182,-1.250000000000017
control,train,USDJPY,2018-01-02,2018-01-08T07:00:00+00:00,2018-01-08T14:00:00+00:00,1,113.197,113.077,113.077,12.000000000000199,stop,-12.000000000000455,-1.1250000000000193,-1.1875000000000182,-1.250000000000017
candidate,train,EURUSD,2018-01-09,2018-01-15T07:00:00+00:00,2018-01-15T16:00:00+00:00,1,1.22101,1.22832,1.2179992857142856,30.107142857142865,time_exit,73.1000000000015,2.378173190984628,2.3532621589561584,2.3283511269276884
control,train,EURUSD,2018-01-09,2018-01-15T07:00:00+00:00,2018-01-15T16:00:00+00:00,1,1.22101,1.22832,1.2179992857142856,30.107142857142865,time_exit,73.1000000000015,2.378173190984628,2.3532621589561584,2.3283511269276884
candidate,train,USDJPY,2018-01-09,2018-01-15T07:00:00+00:00,2018-01-15T16:00:00+00:00,1,110.679,110.549,110.41007142857143,26.892857142857046,time_exit,-12.999999999999545,-0.5391766268260142,-0.5670650730411538,-0.5949535192562934
control,train,USDJPY,2018-01-09,2018-01-15T07:00:00+00:00,2018-01-15T16:00:00+00:00,1,110.679,110.549,110.41007142857143,26.892857142857046,time_exit,-12.999999999999545,-0.5391766268260142,-0.5670650730411538,-0.5949535192562934
candidate,train,EURUSD,2018-01-16,2018-01-22T07:00:00+00:00,2018-01-22T11:00:00+00:00,-1,1.22238,1.2252803571428572,1.2252803571428572,29.003571428571348,stop,-29.003571428571906,-1.0517177687477106,-1.0775766531215563,-1.1034355374954017
control,train,EURUSD,2018-01-16,2018-01-22T07:00:00+00:00,2018-01-22T16:00:00+00:00,1,1.22238,1.22494,1.2194796428571428,29.003571428571348,time_exit,25.599999999998957,0.8309321512128711,0.8050732668390255,0.7792143824651798
candidate,train,USDJPY,2018-01-16,2018-01-22T07:00:00+00:00,2018-01-22T16:00:00+00:00,1,110.794,110.74,110.57275,22.125000000000433,time_exit,-5.400000000000205,-0.31186440677966415,-0.34576271186440927,-0.37966101694915433
control,train,USDJPY,2018-01-16,2018-01-22T07:00:00+00:00,2018-01-22T16:00:00+00:00,-1,110.794,110.74,111.01525,22.125000000000433,time_exit,5.400000000000205,0.17627118644068376,0.14237288135593867,0.10847457627119357
candidate,train,EURUSD,2018-01-23,2018-01-29T07:00:00+00:00,2018-01-29T14:00:00+00:00,1,1.24131,1.2382939285714285,1.2382939285714285,30.160714285714405,stop,-30.160714285714096,-1.0497335701598474,-1.0746003552397763,-1.099467140319705
control,train,EURUSD,2018-01-23,2018-01-29T07:00:00+00:00,2018-01-29T14:00:00+00:00,1,1.24131,1.2382939285714285,1.2382939285714285,30.160714285714405,stop,-30.160714285714096,-1.0497335701598474,-1.0746003552397763,-1.099467140319705
candidate,train,USDJPY,2018-01-23,2018-01-29T07:00:00+00:00,2018-01-29T16:00:00+00:00,-1,108.739,108.769,109.1022142857143,36.32142857142919,time_exit,-3.0000000000001137,-0.12389380530973554,-0.1445427728613576,-0.16519174041297968
control,train,USDJPY,2018-01-23,2018-01-29T07:00:00+00:00,2018-01-29T16:00:00+00:00,-1,108.739,108.769,109.1022142857143,36.32142857142919,time_exit,-3.0000000000001137,-0.12389380530973554,-0.1445427728613576,-0.16519174041297968
candidate,train,EURUSD,2018-01-30,2018-02-05T07:00:00+00:00,2018-02-05T16:00:00+00:00,-1,1.24593,1.24376,1.2489525,30.22500000000031,time_exit,21.700000000000053,0.6683209263854374,0.6435070306037999,0.6186931348221625
control,train,EURUSD,2018-01-30,2018-02-05T07:00:00+00:00,2018-02-05T16:00:00+00:00,1,1.24593,1.24376,1.2429075,30.22500000000031,time_exit,-21.700000000000053,-0.7675765095119872,-0.7923904052936247,-0.8172043010752622
candidate,train,USDJPY,2018-01-30,2018-02-05T07:00:00+00:00,2018-02-05T16:00:00+00:00,-1,109.999,109.842,110.28121428571428,28.22142857142873,time_exit,15.699999999999648,0.5031637560111211,0.4765882055175753,0.4500126550240295
control,train,USDJPY,2018-01-30,2018-02-05T07:00:00+00:00,2018-02-05T16:00:00+00:00,-1,109.999,109.842,110.28121428571428,28.22142857142873,time_exit,15.699999999999648,0.5031637560111211,0.4765882055175753,0.4500126550240295
candidate,train,EURUSD,2018-02-06,2018-02-12T07:00:00+00:00,2018-02-12T12:00:00+00:00,1,1.22868,1.2260453571428571,1.2260453571428571,26.34642857142917,stop,-26.34642857142877,-1.056933712891403,-1.0854005693371118,-1.113867425782821
control,train,EURUSD,2018-02-06,2018-02-12T07:00:00+00:00,2018-02-12T16:00:00+00:00,-1,1.22868,1.22431,1.2313146428571429,26.34642857142917,time_exit,43.69999999999985,1.6017351226785534,1.5732682662328445,1.5448014097871354
candidate,train,USDJPY,2018-02-06,2018-02-12T07:00:00+00:00,2018-02-12T16:00:00+00:00,1,108.661,108.61,108.29960714285714,36.13928571428576,time_exit,-5.100000000000193,-0.18262674177290755,-0.20337978061073736,-0.22413281944856717
control,train,USDJPY,2018-02-06,2018-02-12T07:00:00+00:00,2018-02-12T16:00:00+00:00,-1,108.661,108.61,109.02239285714286,36.13928571428576,time_exit,5.100000000000193,0.09961458642158838,0.07886154758375857,0.05810850874592878
candidate,train,EURUSD,2018-02-13,2018-02-19T07:00:00+00:00,2018-02-19T09:00:00+00:00,1,1.24155,1.2390975,1.2390975,24.524999999999842,stop,-24.524999999999686,-1.0611620795106973,-1.0917431192660492,-1.122324159021401
control,train,EURUSD,2018-02-13,2018-02-19T07:00:00+00:00,2018-02-19T16:00:00+00:00,-1,1.24155,1.23727,1.2440025,24.524999999999842,time_exit,42.79999999999839,1.683995922527978,1.653414882772626,1.6228338430172742
candidate,train,USDJPY,2018-02-13,2018-02-19T07:00:00+00:00,2018-02-19T15:00:00+00:00,-1,106.392,106.66253571428571,106.66253571428571,27.053571428571487,stop,-27.053571428571388,-1.0554455445544517,-1.0831683168316792,-1.110891089108907
control,train,USDJPY,2018-02-13,2018-02-19T07:00:00+00:00,2018-02-19T15:00:00+00:00,-1,106.392,106.66253571428571,106.66253571428571,27.053571428571487,stop,-27.053571428571388,-1.0554455445544517,-1.0831683168316792,-1.110891089108907
candidate,train,EURUSD,2018-02-20,2018-02-26T07:00:00+00:00,2018-02-26T08:00:00+00:00,-1,1.23121,1.2332725,1.2332725,20.624999999999986,stop,-20.62500000000078,-1.0727272727273114,-1.1090909090909478,-1.1454545454545841
control,train,EURUSD,2018-02-20,2018-02-26T07:00:00+00:00,2018-02-26T08:00:00+00:00,-1,1.23121,1.2332725,1.2332725,20.624999999999986,stop,-20.62500000000078,-1.0727272727273114,-1.1090909090909478,-1.1454545454545841
candidate,train,USDJPY,2018-02-20,2018-02-26T07:00:00+00:00,2018-02-26T16:00:00+00:00,-1,106.624,106.853,106.90032142857142,27.632142857142483,time_exit,-22.89999999999992,-0.8830295980354234,-0.9101719012537254,-0.9373142044720274
control,train,USDJPY,2018-02-20,2018-02-26T07:00:00+00:00,2018-02-26T16:00:00+00:00,-1,106.624,106.853,106.90032142857142,27.632142857142483,time_exit,-22.89999999999992,-0.8830295980354234,-0.9101719012537254,-0.9373142044720274
candidate,train,EURUSD,2018-02-27,2018-03-05T07:00:00+00:00,2018-03-05T08:00:00+00:00,1,1.23214,1.2293339285714286,1.2293339285714286,28.060714285714692,stop,-28.06071428571366,-1.0534555173730056,-1.080183276059527,-1.106911034746048
control,train,EURUSD,2018-02-27,2018-03-05T07:00:00+00:00,2018-03-05T08:00:00+00:00,1,1.23214,1.2293339285714286,1.2293339285714286,28.060714285714692,stop,-28.06071428571366,-1.0534555173730056,-1.080183276059527,-1.106911034746048
candidate,train,USDJPY,2018-02-27,2018-03-05T07:00:00+00:00,2018-03-05T16:00:00+00:00,1,105.494,105.663,105.22871428571429,26.52857142857127,time_exit,16.899999999999693,0.5805061927840522,0.5522347872913219,0.5239633817985915
control,train,USDJPY,2018-02-27,2018-03-05T07:00:00+00:00,2018-03-05T16:00:00+00:00,-1,105.494,105.663,105.75928571428571,26.52857142857127,time_exit,-16.899999999999693,-0.6935918147549738,-0.7218632202477041,-0.7501346257404345
candidate,train,EURUSD,2018-03-06,2018-03-12T07:00:00+00:00,2018-03-12T16:00:00+00:00,-1,1.23249,1.23077,1.234127142857143,16.371428571429004,time_exit,17.20000000000166,0.9589877835951894,0.9131762652705833,0.8673647469459772
control,train,EURUSD,2018-03-06,2018-03-12T07:00:00+00:00,2018-03-12T16:00:00+00:00,-1,1.23249,1.23077,1.234127142857143,16.371428571429004,time_exit,17.20000000000166,0.9589877835951894,0.9131762652705833,0.8673647469459772
candidate,train,USDJPY,2018-03-06,2018-03-12T07:00:00+00:00,2018-03-12T07:00:00+00:00,-1,106.403,106.65896428571429,106.65896428571429,25.59642857142883,stop,-25.596428571428476,-1.058601925491823,-1.0879028882377415,-1.1172038509836602
control,train,USDJPY,2018-03-06,2018-03-12T07:00:00+00:00,2018-03-12T07:00:00+00:00,-1,106.403,106.65896428571429,106.65896428571429,25.59642857142883,stop,-25.596428571428476,-1.058601925491823,-1.0879028882377415,-1.1172038509836602
candidate,train,EURUSD,2018-03-13,2018-03-19T07:00:00+00:00,2018-03-19T11:00:00+00:00,-1,1.22666,1.2283389285714288,1.2283389285714288,16.789285714286265,stop,-16.78928571428706,-1.0893426930440777,-1.1340140395660927,-1.178685386088108
control,train,EURUSD,2018-03-13,2018-03-19T07:00:00+00:00,2018-03-19T16:00:00+00:00,1,1.22666,1.23144,1.2249810714285714,16.789285714286265,time_exit,47.80000000000006,2.757711125292404,2.713039778770389,2.668368432248374
candidate,train,USDJPY,2018-03-13,2018-03-19T07:00:00+00:00,2018-03-19T16:00:00+00:00,1,105.708,106.094,105.52060714285713,18.73928571428612,time_exit,38.59999999999957,1.979797979797914,1.9397751095863653,1.8997522393748167
control,train,USDJPY,2018-03-13,2018-03-19T07:00:00+00:00,2018-03-19T09:00:00+00:00,-1,105.708,105.89539285714287,105.89539285714287,18.73928571428612,stop,-18.73928571428678,-1.0800457404231325,-1.120068610634681,-1.1600914808462297
candidate,train,EURUSD,2018-03-20,2018-03-26T07:00:00+00:00,2018-03-26T16:00:00+00:00,1,1.23732,1.24004,1.2350335714285714,22.86428571428586,time_exit,27.200000000000557,1.124023742580461,1.0912214932833664,1.0584192439862719
control,train,EURUSD,2018-03-20,2018-03-26T07:00:00+00:00,2018-03-26T11:00:00+00:00,-1,1.23732,1.2396064285714286,1.2396064285714286,22.86428571428586,stop,-22.86428571428578,-1.0656044985941855,-1.09840674789128,-1.1312089971883743
candidate,train,USDJPY,2018-03-20,2018-03-26T07:00:00+00:00,2018-03-26T16:00:00+00:00,-1,104.949,105.185,105.22039285714285,27.139285714285577,time_exit,-23.60000000000042,-0.924858534017654,-0.9524937491775437,-0.9801289643374332
control,train,USDJPY,2018-03-20,2018-03-26T07:00:00+00:00,2018-03-26T16:00:00+00:00,-1,104.949,105.185,105.22039285714285,27.139285714285577,time_exit,-23.60000000000042,-0.924858534017654,-0.9524937491775437,-0.9801289643374332
candidate,train,EURUSD,2018-03-27,2018-04-02T07:00:00+00:00,2018-04-02T12:00:00+00:00,-1,1.23183,1.2331971428571429,1.2331971428571429,13.671428571429397,stop,-13.671428571429,-1.1097178683385225,-1.164576802507798,-1.2194357366770738
control,train,EURUSD,2018-03-27,2018-04-02T07:00:00+00:00,2018-04-02T16:00:00+00:00,1,1.23183,1.23358,1.230462857142857,13.671428571429397,time_exit,17.499999999999183,1.1703239289444882,1.1154649947752124,1.0606060606059369
candidate,train,USDJPY,2018-03-27,2018-04-02T07:00:00+00:00,2018-04-02T16:00:00+00:00,-1,106.358,106.425,106.48475,12.674999999999923,time_exit,-6.6999999999993065,-0.6469428007889039,-0.7061143984220404,-0.7652859960551768
control,train,USDJPY,2018-03-27,2018-04-02T07:00:00+00:00,2018-04-02T16:00:00+00:00,-1,106.358,106.425,106.48475,12.674999999999923,time_exit,-6.6999999999993065,-0.6469428007889039,-0.7061143984220404,-0.7652859960551768
candidate,train,EURUSD,2018-04-03,2018-04-09T07:00:00+00:00,2018-04-09T16:00:00+00:00,1,1.22724,1.23132,1.2256082142857143,16.317857142856983,time_exit,40.79999999999861,2.408404464871902,2.362442547603352,2.316480630334803
control,train,EURUSD,2018-04-03,2018-04-09T07:00:00+00:00,2018-04-09T15:00:00+00:00,-1,1.22724,1.228871785714286,1.228871785714286,16.317857142856983,stop,-16.31785714285794,-1.0919238345371574,-1.1378857518057066,-1.183847669074256
candidate,train,USDJPY,2018-04-03,2018-04-09T07:00:00+00:00,2018-04-09T16:00:00+00:00,1,107.035,106.965,106.81021428571428,22.47857142857157,time_exit,-6.999999999999318,-0.3781379091197639,-0.41150301874798106,-0.4448681283761982
control,train,USDJPY,2018-04-03,2018-04-09T07:00:00+00:00,2018-04-09T16:00:00+00:00,-1,107.035,106.965,107.25978571428571,22.47857142857157,time_exit,6.999999999999318,0.24467747060689535,0.2113123609786782,0.17794725135046108
candidate,train,EURUSD,2018-04-10,2018-04-16T07:00:00+00:00,2018-04-16T16:00:00+00:00,1,1.23381,1.23813,1.2322028571428572,16.07142857142847,time_exit,43.199999999998795,2.5946666666666083,2.547999999999941,2.501333333333274
control,train,EURUSD,2018-04-10,2018-04-16T07:00:00+00:00,2018-04-16T16:00:00+00:00,1,1.23381,1.23813,1.2322028571428572,16.07142857142847,time_exit,43.199999999998795,2.5946666666666083,2.547999999999941,2.501333333333274
candidate,train,USDJPY,2018-04-10,2018-04-16T07:00:00+00:00,2018-04-16T16:00:00+00:00,-1,107.249,107.308,107.45578571428571,20.678571428571345,time_exit,-5.900000000001171,-0.3578583765112843,-0.3941278065630979,-0.4303972366149116
control,train,USDJPY,2018-04-10,2018-04-16T07:00:00+00:00,2018-04-16T16:00:00+00:00,1,107.249,107.308,107.04221428571428,20.678571428571345,time_exit,5.900000000001171,0.21278065630402984,0.17651122625221624,0.1402417962004026
candidate,train,EURUSD,2018-04-17,2018-04-23T07:00:00+00:00,2018-04-23T16:00:00+00:00,-1,1.22717,1.22405,1.2290728571428573,19.028571428571425,time_exit,31.200000000000117,1.5608108108108172,1.5213963963964028,1.4819819819819884
control,train,EURUSD,2018-04-17,2018-04-23T07:00:00+00:00,2018-04-23T11:00:00+00:00,1,1.22717,1.2252671428571429,1.2252671428571429,19.028571428571425,stop,-19.02857142857206,-1.0788288288288623,-1.1182432432432767,-1.1576576576576911
candidate,train,USDJPY,2018-04-17,2018-04-23T07:00:00+00:00,2018-04-23T16:00:00+00:00,1,107.807,108.21,107.63632142857143,17.06785714285718,time_exit,40.29999999999916,2.273278928646106,2.2293366813140283,2.185394433981951
control,train,USDJPY,2018-04-17,2018-04-23T07:00:00+00:00,2018-04-23T16:00:00+00:00,1,107.807,108.21,107.63632142857143,17.06785714285718,time_exit,40.29999999999916,2.273278928646106,2.2293366813140283,2.185394433981951
candidate,train,EURUSD,2018-04-24,2018-04-30T07:00:00+00:00,2018-04-30T11:00:00+00:00,1,1.21248,1.2105310714285715,1.2105310714285715,19.48928571428492,stop,-19.489285714284765,-1.0769653655854816,-1.1154480483782265,-1.1539307311709712
control,train,EURUSD,2018-04-24,2018-04-30T07:00:00+00:00,2018-04-30T16:00:00+00:00,-1,1.21248,1.20874,1.2144289285714285,19.48928571428492,time_exit,37.400000000000766,1.8420377496794251,1.8035550668866804,1.7650723840939355
candidate,train,USDJPY,2018-04-24,2018-04-30T07:00:00+00:00,2018-04-30T16:00:00+00:00,1,109.134,109.32,108.98432142857142,14.967857142857508,time_exit,18.599999999999284,1.1424481030779488,1.0923407301359314,1.042233357193914
control,train,USDJPY,2018-04-24,2018-04-30T07:00:00+00:00,2018-04-30T16:00:00+00:00,1,109.134,109.32,108.98432142857142,14.967857142857508,time_exit,18.599999999999284,1.1424481030779488,1.0923407301359314,1.042233357193914
candidate,train,EURUSD,2018-05-01,2018-05-07T07:00:00+00:00,2018-05-07T08:00:00+00:00,1,1.19671,1.1945564285714285,1.1945564285714285,21.53571428571453,stop,-21.535714285714214,-1.069651741293517,-1.1044776119402826,-1.1393034825870485
control,train,EURUSD,2018-05-01,2018-05-07T07:00:00+00:00,2018-05-07T16:00:00+00:00,-1,1.19671,1.19191,1.1988635714285714,21.53571428571453,time_exit,47.999999999999154,2.1592039800994387,2.124378109452673,2.0895522388059073
candidate,train,USDJPY,2018-05-01,2018-05-07T07:00:00+00:00,2018-05-07T16:00:00+00:00,1,108.982,109.27,108.79707142857143,18.49285714285698,time_exit,28.79999999999967,1.4762456546929268,1.4356894553881756,1.3951332560834244
control,train,USDJPY,2018-05-01,2018-05-07T07:00:00+00:00,2018-05-07T16:00:00+00:00,1,108.982,109.27,108.79707142857143,18.49285714285698,time_exit,28.79999999999967,1.4762456546929268,1.4356894553881756,1.3951332560834244
candidate,train,EURUSD,2018-05-08,2018-05-14T07:00:00+00:00,2018-05-14T16:00:00+00:00,1,1.19645,1.19848,1.1945985714285714,18.51428571428544,time_exit,20.299999999999763,1.0154320987654344,0.9749228395061745,0.9344135802469147
control,train,EURUSD,2018-05-08,2018-05-14T07:00:00+00:00,2018-05-14T16:00:00+00:00,1,1.19645,1.19848,1.1945985714285714,18.51428571428544,time_exit,20.299999999999763,1.0154320987654344,0.9749228395061745,0.9344135802469147
candidate,train,USDJPY,2018-05-08,2018-05-14T07:00:00+00:00,2018-05-14T10:00:00+00:00,-1,109.337,109.5035,109.5035,16.650000000000176,stop,-16.64999999999992,-1.0900900900900738,-1.1351351351351184,-1.180180180180163
control,train,USDJPY,2018-05-08,2018-05-14T07:00:00+00:00,2018-05-14T16:00:00+00:00,1,109.337,109.507,109.1705,16.650000000000176,time_exit,17.00000000000017,0.9309309309309313,0.8858858858858868,0.8408408408408422
candidate,train,EURUSD,2018-05-15,2018-05-21T07:00:00+00:00,2018-05-21T15:00:00+00:00,-1,1.17516,1.1770542857142856,1.1770542857142856,18.942857142857054,stop,-18.942857142856262,-1.0791855203619496,-1.1187782805429451,-1.158371040723941
control,train,EURUSD,2018-05-15,2018-05-21T07:00:00+00:00,2018-05-21T15:00:00+00:00,-1,1.17516,1.1770542857142856,1.1770542857142856,18.942857142857054,stop,-18.942857142856262,-1.0791855203619496,-1.1187782805429451,-1.158371040723941
candidate,train,USDJPY,2018-05-15,2018-05-21T07:00:00+00:00,2018-05-21T08:00:00+00:00,-1,111.139,111.30817857142857,111.30817857142857,16.91785714285692,stop,-16.91785714285743,-1.0886637112096575,-1.1329955668144713,-1.1773274224192851
control,train,USDJPY,2018-05-15,2018-05-21T07:00:00+00:00,2018-05-21T08:00:00+00:00,-1,111.139,111.30817857142857,111.30817857142857,16.91785714285692,stop,-16.91785714285743,-1.0886637112096575,-1.1329955668144713,-1.1773274224192851
candidate,train,EURUSD,2018-05-22,2018-05-28T07:00:00+00:00,2018-05-28T16:00:00+00:00,-1,1.17161,1.1609099999999999,1.1740742857142858,24.64285714285776,time_exit,107.00000000000153,4.28115942028981,4.250724637681115,4.22028985507242
control,train,EURUSD,2018-05-22,2018-05-28T07:00:00+00:00,2018-05-28T16:00:00+00:00,-1,1.17161,1.1609099999999999,1.1740742857142858,24.64285714285776,time_exit,107.00000000000153,4.28115942028981,4.250724637681115,4.22028985507242
candidate,train,USDJPY,2018-05-22,2018-05-28T07:00:00+00:00,2018-05-28T16:00:00+00:00,1,109.444,109.348,109.18771428571429,25.62857142857169,time_exit,-9.600000000000364,-0.4331103678929864,-0.46237458193980885,-0.4916387959866313
control,train,USDJPY,2018-05-22,2018-05-28T07:00:00+00:00,2018-05-28T16:00:00+00:00,1,109.444,109.348,109.18771428571429,25.62857142857169,time_exit,-9.600000000000364,-0.4331103678929864,-0.46237458193980885,-0.4916387959866313
candidate,train,EURUSD,2018-05-29,2018-06-04T07:00:00+00:00,2018-06-04T16:00:00+00:00,1,1.16949,1.17156,1.1672174999999998,22.72500000000042,time_exit,20.700000000000163,0.8448844884488365,0.811881188118804,0.7788778877887717
control,train,EURUSD,2018-05-29,2018-06-04T07:00:00+00:00,2018-06-04T11:00:00+00:00,-1,1.16949,1.1717625,1.1717625,22.72500000000042,stop,-22.725000000001216,-1.0660066006601,-1.0990099009901322,-1.1320132013201647
candidate,train,USDJPY,2018-05-29,2018-06-04T07:00:00+00:00,2018-06-04T15:00:00+00:00,1,109.609,109.42278571428571,109.42278571428571,18.62142857142872,stop,-18.621428571428567,-1.0805523590333628,-1.1208285385500483,-1.161104718066734
control,train,USDJPY,2018-05-29,2018-06-04T07:00:00+00:00,2018-06-04T15:00:00+00:00,1,109.609,109.42278571428571,109.42278571428571,18.62142857142872,stop,-18.621428571428567,-1.0805523590333628,-1.1208285385500483,-1.161104718066734
candidate,train,EURUSD,2018-06-05,2018-06-11T07:00:00+00:00,2018-06-11T09:00:00+00:00,-1,1.17929,1.1809796428571429,1.1809796428571429,16.896428571428878,stop,-16.896428571429034,-1.0887761572606292,-1.133164235890939,-1.177552314521249
control,train,EURUSD,2018-06-05,2018-06-11T07:00:00+00:00,2018-06-11T09:00:00+00:00,-1,1.17929,1.1809796428571429,1.1809796428571429,16.896428571428878,stop,-16.896428571429034,-1.0887761572606292,-1.133164235890939,-1.177552314521249
candidate,train,USDJPY,2018-06-05,2018-06-11T07:00:00+00:00,2018-06-11T09:00:00+00:00,-1,109.732,109.94682142857143,109.94682142857143,21.482142857142655,stop,-21.482142857142605,-1.0698254364089759,-1.104738154613465,-1.1396508728179542
control,train,USDJPY,2018-06-05,2018-06-11T07:00:00+00:00,2018-06-11T09:00:00+00:00,-1,109.732,109.94682142857143,109.94682142857143,21.482142857142655,stop,-21.482142857142605,-1.0698254364089759,-1.104738154613465,-1.1396508728179542
candidate,train,EURUSD,2018-06-12,2018-06-18T07:00:00+00:00,2018-06-18T10:00:00+00:00,1,1.15904,1.1571789285714287,1.1571789285714287,18.610714285714163,stop,-18.610714285713925,-1.0805987334484621,-1.1208981001726996,-1.161197466896937
control,train,EURUSD,2018-06-12,2018-06-18T07:00:00+00:00,2018-06-18T12:00:00+00:00,-1,1.15904,1.1609010714285715,1.1609010714285715,18.610714285714163,stop,-18.610714285713925,-1.0805987334484621,-1.1208981001726996,-1.161197466896937
candidate,train,USDJPY,2018-06-12,2018-06-18T07:00:00+00:00,2018-06-18T09:00:00+00:00,-1,110.401,110.57285714285715,110.57285714285715,17.185714285714276,stop,-17.185714285714937,-1.0872817955112604,-1.1309226932668714,-1.1745635910224825
control,train,USDJPY,2018-06-12,2018-06-18T07:00:00+00:00,2018-06-18T09:00:00+00:00,-1,110.401,110.57285714285715,110.57285714285715,17.185714285714276,stop,-17.185714285714937,-1.0872817955112604,-1.1309226932668714,-1.1745635910224825
candidate,train,EURUSD,2018-06-19,2018-06-25T07:00:00+00:00,2018-06-25T09:00:00+00:00,1,1.1656,1.1635642857142856,1.1635642857142856,20.357142857142517,stop,-20.35714285714363,-1.0736842105263718,-1.1105263157895302,-1.1473684210526887
control,train,EURUSD,2018-06-19,2018-06-25T07:00:00+00:00,2018-06-25T14:00:00+00:00,-1,1.1656,1.1676357142857143,1.1676357142857143,20.357142857142517,stop,-20.35714285714363,-1.0736842105263718,-1.1105263157895302,-1.1473684210526887
candidate,train,USDJPY,2018-06-19,2018-06-25T07:00:00+00:00,2018-06-25T16:00:00+00:00,1,109.52,109.649,109.30860714285714,21.139285714285855,time_exit,12.900000000000489,0.5392802838317479,0.503801317790187,0.4683223517486262
control,train,USDJPY,2018-06-19,2018-06-25T07:00:00+00:00,2018-06-25T16:00:00+00:00,1,109.52,109.649,109.30860714285714,21.139285714285855,time_exit,12.900000000000489,0.5392802838317479,0.503801317790187,0.4683223517486262
candidate,train,EURUSD,2018-06-26,2018-07-02T07:00:00+00:00,2018-07-02T16:00:00+00:00,-1,1.16528,1.16178,1.1677517857142858,24.7178571428573,time_exit,35.00000000000058,1.3552954775321635,1.324953041468011,1.2946106054038586
control,train,EURUSD,2018-06-26,2018-07-02T07:00:00+00:00,2018-07-02T16:00:00+00:00,-1,1.16528,1.16178,1.1677517857142858,24.7178571428573,time_exit,35.00000000000058,1.3552954775321635,1.324953041468011,1.2946106054038586
candidate,train,USDJPY,2018-06-26,2018-07-02T07:00:00+00:00,2018-07-02T10:00:00+00:00,1,110.858,110.63,110.63,22.80000000000031,stop,-22.800000000000864,-1.065789473684234,-1.0986842105263388,-1.1315789473684437
control,train,USDJPY,2018-06-26,2018-07-02T07:00:00+00:00,2018-07-02T16:00:00+00:00,-1,110.858,110.815,111.08600000000001,22.80000000000031,time_exit,4.300000000000637,0.1228070175438859,0.08991228070178109,0.05701754385967627
candidate,train,EURUSD,2018-07-03,2018-07-09T07:00:00+00:00,2018-07-09T16:00:00+00:00,1,1.17633,1.17775,1.1745396428571429,17.903571428571667,time_exit,14.199999999999768,0.7093556752443423,0.6674645920606205,0.6255735088768988
control,train,EURUSD,2018-07-03,2018-07-09T07:00:00+00:00,2018-07-09T16:00:00+00:00,1,1.17633,1.17775,1.1745396428571429,17.903571428571667,time_exit,14.199999999999768,0.7093556752443423,0.6674645920606205,0.6255735088768988
candidate,train,USDJPY,2018-07-03,2018-07-09T07:00:00+00:00,2018-07-09T16:00:00+00:00,1,110.454,110.495,110.32285714285713,13.114285714285757,time_exit,4.100000000001103,0.19825708061010525,0.1410675381264453,0.08387799564278535
control,train,USDJPY,2018-07-03,2018-07-09T07:00:00+00:00,2018-07-09T16:00:00+00:00,1,110.454,110.495,110.32285714285713,13.114285714285757,time_exit,4.100000000001103,0.19825708061010525,0.1410675381264453,0.08387799564278535
candidate,train,EURUSD,2018-07-10,2018-07-16T07:00:00+00:00,2018-07-16T16:00:00+00:00,1,1.16834,1.171,1.166777857142857,15.621428571428607,time_exit,26.600000000001067,1.6067672610883135,1.5587562871514136,1.5107453132145139
control,train,EURUSD,2018-07-10,2018-07-16T07:00:00+00:00,2018-07-16T08:00:00+00:00,-1,1.16834,1.1699021428571428,1.1699021428571428,15.621428571428607,stop,-15.621428571428453,-1.0960219478737896,-1.1440329218106893,-1.1920438957475892
candidate,train,USDJPY,2018-07-10,2018-07-16T07:00:00+00:00,2018-07-16T16:00:00+00:00,-1,112.469,112.35,112.62735714285714,15.835714285714378,time_exit,11.899999999999977,0.6567433468651278,0.609382047812354,0.5620207487595803
control,train,USDJPY,2018-07-10,2018-07-16T07:00:00+00:00,2018-07-16T16:00:00+00:00,-1,112.469,112.35,112.62735714285714,15.835714285714378,time_exit,11.899999999999977,0.6567433468651278,0.609382047812354,0.5620207487595803
candidate,train,EURUSD,2018-07-17,2018-07-23T07:00:00+00:00,2018-07-23T09:00:00+00:00,1,1.17403,1.1721560714285713,1.1721560714285713,18.739285714285717,stop,-18.739285714286513,-1.0800457404231414,-1.1200686106346909,-1.1600914808462404
control,train,EURUSD,2018-07-17,2018-07-23T07:00:00+00:00,2018-07-23T16:00:00+00:00,-1,1.17403,1.17178,1.1759039285714286,18.739285714285717,time_exit,22.499999999998632,1.1206403659233115,1.0806174957117622,1.0405946255002128
candidate,train,USDJPY,2018-07-17,2018-07-23T07:00:00+00:00,2018-07-23T12:00:00+00:00,-1,110.883,111.16542857142856,111.16542857142856,28.242857142857247,stop,-28.242857142856792,-1.053110773899832,-1.079666160849756,-1.10622154779968
control,train,USDJPY,2018-07-17,2018-07-23T07:00:00+00:00,2018-07-23T16:00:00+00:00,1,110.883,111.263,110.60057142857143,28.242857142857247,time_exit,38.000000000000966,1.292362164896337,1.265806777946413,1.2392513909964888
candidate,train,EURUSD,2018-07-24,2018-07-30T07:00:00+00:00,2018-07-30T10:00:00+00:00,-1,1.16539,1.1666232142857142,1.1666232142857142,12.332142857142522,stop,-12.332142857143236,-1.121633362293719,-1.1824500434405494,-1.2432667245873799
control,train,EURUSD,2018-07-24,2018-07-30T07:00:00+00:00,2018-07-30T16:00:00+00:00,1,1.16539,1.16947,1.1641567857142856,12.332142857142522,time_exit,40.800000000000836,3.186794092093986,3.1259774109471556,3.0651607298003247
candidate,train,USDJPY,2018-07-24,2018-07-30T07:00:00+00:00,2018-07-30T16:00:00+00:00,1,111.114,111.056,110.95896428571429,15.503571428571458,time_exit,-5.8000000000006935,-0.47085924902100673,-0.5192351992628864,-0.5676111495047661
control,train,USDJPY,2018-07-24,2018-07-30T07:00:00+00:00,2018-07-30T16:00:00+00:00,1,111.114,111.056,110.95896428571429,15.503571428571458,time_exit,-5.8000000000006935,-0.47085924902100673,-0.5192351992628864,-0.5676111495047661
candidate,train,EURUSD,2018-07-31,2018-08-06T07:00:00+00:00,2018-08-06T13:00:00+00:00,1,1.1562999999999999,1.154745357142857,1.154745357142857,15.546428571429072,stop,-15.546428571429072,-1.096485182632664,-1.144727773948996,-1.192970365265328
control,train,EURUSD,2018-07-31,2018-08-06T07:00:00+00:00,2018-08-06T13:00:00+00:00,1,1.1562999999999999,1.154745357142857,1.154745357142857,15.546428571429072,stop,-15.546428571429072,-1.096485182632664,-1.144727773948996,-1.192970365265328
candidate,train,USDJPY,2018-07-31,2018-08-06T07:00:00+00:00,2018-08-06T16:00:00+00:00,1,111.325,111.457,111.19492857142858,13.007142857143148,time_exit,13.19999999999908,0.8995057660625121,0.8418451400328594,0.7841845140032065
control,train,USDJPY,2018-07-31,2018-08-06T07:00:00+00:00,2018-08-06T13:00:00+00:00,-1,111.325,111.45507142857143,111.45507142857143,13.007142857143148,stop,-13.00714285714264,-1.1153212520592664,-1.1729818780889192,-1.230642504118572
candidate,train,EURUSD,2018-08-07,2018-08-13T07:00:00+00:00,2018-08-13T16:00:00+00:00,1,1.13823,1.14163,1.1349653571428573,32.64642857142833,time_exit,33.99999999999847,0.9955147139262268,0.9725412974510051,0.9495678809757834
control,train,EURUSD,2018-08-07,2018-08-13T07:00:00+00:00,2018-08-13T15:00:00+00:00,-1,1.13823,1.1414946428571429,1.1414946428571429,32.64642857142833,stop,-32.646428571427855,-1.045946832950429,-1.0689202494256504,-1.0918936659008722
candidate,train,USDJPY,2018-08-07,2018-08-13T07:00:00+00:00,2018-08-13T14:00:00+00:00,-1,110.199,110.52653571428571,110.52653571428571,32.75357142857145,stop,-32.753571428571604,-1.0457965325482546,-1.0686947988223796,-1.0915930650965047
control,train,USDJPY,2018-08-07,2018-08-13T07:00:00+00:00,2018-08-13T16:00:00+00:00,1,110.199,110.75,109.87146428571428,32.75357142857145,time_exit,55.10000000000019,1.6364627630574686,1.6135644967833438,1.5906662305092187
candidate,train,EURUSD,2018-08-14,2018-08-20T07:00:00+00:00,2018-08-20T09:00:00+00:00,1,1.14308,1.1416432142857142,1.1416432142857142,14.367857142857535,stop,-14.367857142858487,-1.1043997017152014,-1.156599552572769,-1.2087994034303364
control,train,EURUSD,2018-08-14,2018-08-20T07:00:00+00:00,2018-08-20T16:00:00+00:00,-1,1.14308,1.14232,1.144516785714286,14.367857142857535,time_exit,7.600000000000939,0.42455878697494814,0.3723589361173806,0.32015908525981307
candidate,train,USDJPY,2018-08-14,2018-08-20T07:00:00+00:00,2018-08-20T16:00:00+00:00,1,110.559,110.433,110.3619642857143,19.70357142857111,time_exit,-12.599999999999056,-0.7156063077759289,-0.7536704730831617,-0.7917346383903945
control,train,USDJPY,2018-08-14,2018-08-20T07:00:00+00:00,2018-08-20T16:00:00+00:00,-1,110.559,110.433,110.7560357142857,19.70357142857111,time_exit,12.599999999999056,0.5633496465469977,0.5252854812397648,0.48722131593253204
candidate,train,EURUSD,2018-08-21,2018-08-27T07:00:00+00:00,2018-08-27T16:00:00+00:00,-1,1.16261,1.16374,1.1649103571428572,23.003571428571533,time_exit,-11.300000000000754,-0.5564353361279607,-0.5890389691042065,-0.6216426020804523
control,train,EURUSD,2018-08-21,2018-08-27T07:00:00+00:00,2018-08-27T16:00:00+00:00,-1,1.16261,1.16374,1.1649103571428572,23.003571428571533,time_exit,-11.300000000000754,-0.5564353361279607,-0.5890389691042065,-0.6216426020804523
candidate,train,USDJPY,2018-08-21,2018-08-27T07:00:00+00:00,2018-08-27T16:00:00+00:00,-1,111.054,111.019,111.23807142857143,18.4071428571432,time_exit,3.499999999999659,0.10865347303063526,0.06790842064414009,0.027163368257644916
control,train,USDJPY,2018-08-21,2018-08-27T07:00:00+00:00,2018-08-27T16:00:00+00:00,-1,111.054,111.019,111.23807142857143,18.4071428571432,time_exit,3.499999999999659,0.10865347303063526,0.06790842064414009,0.027163368257644916
candidate,train,EURUSD,2018-08-28,2018-09-03T07:00:00+00:00,2018-09-03T10:00:00+00:00,-1,1.15984,1.1619742857142856,1.1619742857142856,21.342857142857074,stop,-21.34285714285644,-1.0702811244979626,-1.1054216867469586,-1.1405622489959548
control,train,EURUSD,2018-08-28,2018-09-03T07:00:00+00:00,2018-09-03T16:00:00+00:00,1,1.15984,1.16063,1.1577057142857143,21.342857142857074,time_exit,7.900000000000684,0.29986613119146543,0.26472556894246935,0.22958500669347323
candidate,train,USDJPY,2018-08-28,2018-09-03T07:00:00+00:00,2018-09-03T16:00:00+00:00,1,110.892,111.117,110.70792857142857,18.407142857142894,time_exit,22.500000000000853,1.14086146682193,1.100116414435434,1.0593713620489382
control,train,USDJPY,2018-08-28,2018-09-03T07:00:00+00:00,2018-09-03T13:00:00+00:00,-1,110.892,111.07607142857142,111.07607142857142,18.407142857142894,stop,-18.407142857142844,-1.081490104772989,-1.1222351571594849,-1.1629802095459807
candidate,train,EURUSD,2018-09-04,2018-09-10T07:00:00+00:00,2018-09-10T09:00:00+00:00,1,1.1543700000000001,1.1526192857142858,1.1526192857142858,17.50714285714264,stop,-17.50714285714272,-1.0856793145654893,-1.1285189718482316,-1.1713586291309737
control,train,EURUSD,2018-09-04,2018-09-10T07:00:00+00:00,2018-09-10T09:00:00+00:00,1,1.1543700000000001,1.1526192857142858,1.1526192857142858,17.50714285714264,stop,-17.50714285714272,-1.0856793145654893,-1.1285189718482316,-1.1713586291309737
candidate,train,USDJPY,2018-09-04,2018-09-10T07:00:00+00:00,2018-09-10T16:00:00+00:00,-1,111.007,111.129,111.21775000000001,21.074999999999836,time_exit,-12.199999999999989,-0.6500593119810247,-0.6856465005931246,-0.7212336892052246
control,train,USDJPY,2018-09-04,2018-09-10T07:00:00+00:00,2018-09-10T16:00:00+00:00,1,111.007,111.129,110.79625,21.074999999999836,time_exit,12.199999999999989,0.507710557532625,0.4721233689205251,0.43653618030842517
candidate,train,EURUSD,2018-09-11,2018-09-17T07:00:00+00:00,2018-09-17T11:00:00+00:00,-1,1.16356,1.1652121428571427,1.1652121428571427,16.521428571428086,stop,-16.521428571427688,-1.0907911802853223,-1.1361867704279955,-1.1815823605706686
control,train,EURUSD,2018-09-11,2018-09-17T07:00:00+00:00,2018-09-17T10:00:00+00:00,1,1.16356,1.1619078571428572,1.1619078571428572,16.521428571428086,stop,-16.521428571427688,-1.0907911802853223,-1.1361867704279955,-1.1815823605706686
candidate,train,USDJPY,2018-09-11,2018-09-17T07:00:00+00:00,2018-09-17T16:00:00+00:00,-1,111.965,112.002,112.1195,15.450000000000383,time_exit,-3.699999999999193,-0.3365695792879653,-0.38511326860835243,-0.4336569579287396
control,train,USDJPY,2018-09-11,2018-09-17T07:00:00+00:00,2018-09-17T16:00:00+00:00,1,111.965,112.002,111.8105,15.450000000000383,time_exit,3.699999999999193,0.1423948220064167,0.09385113268602957,0.04530744336564242
candidate,train,EURUSD,2018-09-18,2018-09-24T07:00:00+00:00,2018-09-24T11:00:00+00:00,-1,1.17417,1.1756828571428573,1.1756828571428573,15.128571428572046,stop,-15.128571428573157,-1.0991501416431289,-1.1487252124646565,-1.1983002832861842
control,train,EURUSD,2018-09-18,2018-09-24T07:00:00+00:00,2018-09-24T11:00:00+00:00,-1,1.17417,1.1756828571428573,1.1756828571428573,15.128571428572046,stop,-15.128571428573157,-1.0991501416431289,-1.1487252124646565,-1.1983002832861842
candidate,train,USDJPY,2018-09-18,2018-09-24T07:00:00+00:00,2018-09-24T16:00:00+00:00,1,112.603,112.637,112.46275,14.024999999999974,time_exit,3.4000000000006025,0.13547237076653162,0.08199643493765453,0.02852049910877742
control,train,USDJPY,2018-09-18,2018-09-24T07:00:00+00:00,2018-09-24T16:00:00+00:00,-1,112.603,112.637,112.74324999999999,14.024999999999974,time_exit,-3.4000000000006025,-0.34937611408204006,-0.40285204991091716,-0.4563279857397943
candidate,train,EURUSD,2018-09-25,2018-10-01T07:00:00+00:00,2018-10-01T12:00:00+00:00,-1,1.1595900000000001,1.1613782142857145,1.1613782142857145,17.882142857143194,stop,-17.882142857144068,-1.0838825644098735,-1.1258238466147859,-1.1677651288196982
control,train,EURUSD,2018-09-25,2018-10-01T07:00:00+00:00,2018-10-01T12:00:00+00:00,-1,1.1595900000000001,1.1613782142857145,1.1613782142857145,17.882142857143194,stop,-17.882142857144068,-1.0838825644098735,-1.1258238466147859,-1.1677651288196982
candidate,train,USDJPY,2018-09-25,2018-10-01T07:00:00+00:00,2018-10-01T10:00:00+00:00,-1,113.878,114.0322857142857,114.0322857142857,15.428571428571253,stop,-15.428571428570592,-1.0972222222221806,-1.1458333333332922,-1.1944444444444038
control,train,USDJPY,2018-09-25,2018-10-01T07:00:00+00:00,2018-10-01T16:00:00+00:00,1,113.878,113.922,113.7237142857143,15.428571428571253,time_exit,4.399999999999693,0.1879629629629452,0.13935185185183355,0.09074074074072187
candidate,train,EURUSD,2018-10-02,2018-10-08T07:00:00+00:00,2018-10-08T10:00:00+00:00,1,1.15121,1.1494625,1.1494625,17.474999999999813,stop,-17.47500000000013,-1.0858369098712637,-1.1287553648068864,-1.1716738197425092
control,train,EURUSD,2018-10-02,2018-10-08T07:00:00+00:00,2018-10-08T10:00:00+00:00,1,1.15121,1.1494625,1.1494625,17.474999999999813,stop,-17.47500000000013,-1.0858369098712637,-1.1287553648068864,-1.1716738197425092
candidate,train,USDJPY,2018-10-02,2018-10-08T07:00:00+00:00,2018-10-08T11:00:00+00:00,1,113.867,113.684,113.684,18.300000000000136,stop,-18.300000000000693,-1.081967213114784,-1.1229508196721607,-1.1639344262295375
control,train,USDJPY,2018-10-02,2018-10-08T07:00:00+00:00,2018-10-08T11:00:00+00:00,1,113.867,113.684,113.684,18.300000000000136,stop,-18.300000000000693,-1.081967213114784,-1.1229508196721607,-1.1639344262295375
candidate,train,EURUSD,2018-10-09,2018-10-15T07:00:00+00:00,2018-10-15T09:00:00+00:00,-1,1.1547,1.1562921428571429,1.1562921428571429,15.921428571428908,stop,-15.921428571428198,-1.0942126514131432,-1.141318977119737,-1.188425302826331
control,train,EURUSD,2018-10-09,2018-10-15T07:00:00+00:00,2018-10-15T09:00:00+00:00,-1,1.1547,1.1562921428571429,1.1562921428571429,15.921428571428908,stop,-15.921428571428198,-1.0942126514131432,-1.141318977119737,-1.188425302826331
candidate,train,USDJPY,2018-10-09,2018-10-15T07:00:00+00:00,2018-10-15T16:00:00+00:00,-1,112.064,111.829,112.27689285714285,21.289285714285654,time_exit,23.499999999999943,1.0333836604596547,0.9981546720348936,0.9629256836101325
control,train,USDJPY,2018-10-09,2018-10-15T07:00:00+00:00,2018-10-15T09:00:00+00:00,1,112.064,111.85110714285713,111.85110714285713,21.289285714285654,stop,-21.289285714286166,-1.0704579768495461,-1.105686965274307,-1.1409159536990683
candidate,train,EURUSD,2018-10-16,2018-10-22T07:00:00+00:00,2018-10-22T14:00:00+00:00,1,1.1514199999999999,1.149443214285714,1.149443214285714,19.767857142857704,stop,-19.767857142858336,-1.075880758807618,-1.113821138211411,-1.1517615176152038
control,train,EURUSD,2018-10-16,2018-10-22T07:00:00+00:00,2018-10-22T09:00:00+00:00,-1,1.1514199999999999,1.1533967857142857,1.1533967857142857,19.767857142857704,stop,-19.767857142858336,-1.075880758807618,-1.113821138211411,-1.1517615176152038
candidate,train,USDJPY,2018-10-16,2018-10-22T07:00:00+00:00,2018-10-22T12:00:00+00:00,-1,112.614,112.79335714285715,112.79335714285715,17.935714285714205,stop,-17.935714285714255,-1.0836320191158932,-1.1254480286738384,-1.1672640382317836
control,train,USDJPY,2018-10-16,2018-10-22T07:00:00+00:00,2018-10-22T12:00:00+00:00,-1,112.614,112.79335714285715,112.79335714285715,17.935714285714205,stop,-17.935714285714255,-1.0836320191158932,-1.1254480286738384,-1.1672640382317836
candidate,train,EURUSD,2018-10-23,2018-10-29T07:00:00+00:00,2018-10-29T11:00:00+00:00,1,1.1391499999999999,1.1370992857142856,1.1370992857142856,20.507142857143023,stop,-20.50714285714239,-1.0731452455590071,-1.1097178683385263,-1.1462904911180454
control,train,EURUSD,2018-10-23,2018-10-29T07:00:00+00:00,2018-10-29T09:00:00+00:00,-1,1.1391499999999999,1.1412007142857141,1.1412007142857141,20.507142857143023,stop,-20.50714285714239,-1.0731452455590071,-1.1097178683385263,-1.1462904911180454
candidate,train,USDJPY,2018-10-23,2018-10-29T07:00:00+00:00,2018-10-29T16:00:00+00:00,1,111.967,112.505,111.66689285714286,30.010714285714613,time_exit,53.79999999999967,1.7427109365702425,1.7177198619540344,1.692728787337826
control,train,USDJPY,2018-10-23,2018-10-29T07:00:00+00:00,2018-10-29T13:00:00+00:00,-1,111.967,112.26710714285714,112.26710714285714,30.010714285714613,stop,-30.010714285714357,-1.049982149232408,-1.074973223848616,-1.0999642984648244
candidate,train,EURUSD,2018-10-30,2018-11-05T07:00:00+00:00,2018-11-05T13:00:00+00:00,1,1.13843,1.1365453571428572,1.1365453571428572,18.84642857142833,stop,-18.846428571428486,-1.0795906765207597,-1.1193860147811354,-1.1591813530415112
control,train,EURUSD,2018-10-30,2018-11-05T07:00:00+00:00,2018-11-05T13:00:00+00:00,1,1.13843,1.1365453571428572,1.1365453571428572,18.84642857142833,stop,-18.846428571428486,-1.0795906765207597,-1.1193860147811354,-1.1591813530415112
candidate,train,USDJPY,2018-10-30,2018-11-05T07:00:00+00:00,2018-11-05T16:00:00+00:00,-1,113.229,113.209,113.42485714285714,19.58571428571386,time_exit,1.999999999999602,0.025528811086778198,-0.012764405543419573,-0.05105762217361735
control,train,USDJPY,2018-10-30,2018-11-05T07:00:00+00:00,2018-11-05T16:00:00+00:00,1,113.229,113.209,113.03314285714286,19.58571428571386,time_exit,-1.999999999999602,-0.17870167760756928,-0.21699489423776705,-0.2552881108679648
candidate,train,EURUSD,2018-11-06,2018-11-12T07:00:00+00:00,2018-11-12T16:00:00+00:00,-1,1.13226,1.12719,1.134054642857143,17.94642857142885,time_exit,50.700000000001296,2.7414925373134627,2.699701492537344,2.6579104477612248
control,train,EURUSD,2018-11-06,2018-11-12T07:00:00+00:00,2018-11-12T16:00:00+00:00,-1,1.13226,1.12719,1.134054642857143,17.94642857142885,time_exit,50.700000000001296,2.7414925373134627,2.699701492537344,2.6579104477612248
candidate,train,USDJPY,2018-11-06,2018-11-12T07:00:00+00:00,2018-11-12T08:00:00+00:00,-1,113.996,114.14085714285714,114.14085714285714,14.485714285714174,stop,-14.485714285714835,-1.1035502958580345,-1.155325443787029,-1.2071005917160236
control,train,USDJPY,2018-11-06,2018-11-12T07:00:00+00:00,2018-11-12T08:00:00+00:00,-1,113.996,114.14085714285714,114.14085714285714,14.485714285714174,stop,-14.485714285714835,-1.1035502958580345,-1.155325443787029,-1.2071005917160236
candidate,train,EURUSD,2018-11-13,2018-11-19T07:00:00+00:00,2018-11-19T09:00:00+00:00,-1,1.13974,1.141375,1.141375,16.34999999999982,stop,-16.35000000000053,-1.0917431192660996,-1.1376146788991275,-1.1834862385321556
control,train,EURUSD,2018-11-13,2018-11-19T07:00:00+00:00,2018-11-19T16:00:00+00:00,1,1.13974,1.1428,1.138105,16.34999999999982,time_exit,30.600000000000627,1.7798165137615258,1.7339449541284977,1.6880733944954698
candidate,train,USDJPY,2018-11-13,2018-11-19T07:00:00+00:00,2018-11-19T16:00:00+00:00,1,112.728,112.82,112.52817857142857,19.9821428571425,time_exit,9.199999999999875,0.3853440571939238,0.34781054512958,0.31027703306523613
control,train,USDJPY,2018-11-13,2018-11-19T07:00:00+00:00,2018-11-19T16:00:00+00:00,1,112.728,112.82,112.52817857142857,19.9821428571425,time_exit,9.199999999999875,0.3853440571939238,0.34781054512958,0.31027703306523613
candidate,train,EURUSD,2018-11-20,2018-11-26T07:00:00+00:00,2018-11-26T09:00:00+00:00,-1,1.13453,1.1358842857142857,1.1358842857142857,13.542857142857125,stop,-13.542857142856413,-1.1107594936708336,-1.1661392405062767,-1.2215189873417198
control,train,EURUSD,2018-11-20,2018-11-26T07:00:00+00:00,2018-11-26T09:00:00+00:00,-1,1.13453,1.1358842857142857,1.1358842857142857,13.542857142857125,stop,-13.542857142856413,-1.1107594936708336,-1.1661392405062767,-1.2215189873417198
candidate,train,USDJPY,2018-11-20,2018-11-26T07:00:00+00:00,2018-11-26T16:00:00+00:00,1,113.211,113.292,113.08510714285714,12.589285714285683,time_exit,8.100000000000307,0.5242553191489618,0.4646808510638553,0.4051063829787488
control,train,USDJPY,2018-11-20,2018-11-26T07:00:00+00:00,2018-11-26T10:00:00+00:00,-1,113.211,113.33689285714286,113.33689285714286,12.589285714285683,stop,-12.589285714285836,-1.1191489361702252,-1.1787234042553316,-1.2382978723404383
candidate,train,EURUSD,2018-11-27,2018-12-03T07:00:00+00:00,2018-12-03T13:00:00+00:00,1,1.13494,1.132799285714286,1.132799285714286,21.407142857142496,stop,-21.407142857141626,-1.0700700700700305,-1.1051051051050662,-1.140140140140102
control,train,EURUSD,2018-11-27,2018-12-03T07:00:00+00:00,2018-12-03T09:00:00+00:00,-1,1.13494,1.1370807142857142,1.1370807142857142,21.407142857142496,stop,-21.407142857141626,-1.0700700700700305,-1.1051051051050662,-1.140140140140102
candidate,train,USDJPY,2018-11-27,2018-12-03T07:00:00+00:00,2018-12-03T16:00:00+00:00,-1,113.489,113.539,113.67414285714285,18.514285714285197,time_exit,-4.999999999999716,-0.3510802469135747,-0.3915895061728351,-0.43209876543209547
control,train,USDJPY,2018-11-27,2018-12-03T07:00:00+00:00,2018-12-03T16:00:00+00:00,1,113.489,113.539,113.30385714285715,18.514285714285197,time_exit,4.999999999999716,0.18904320987653314,0.14853395061727276,0.10802469135801236
candidate,train,EURUSD,2018-12-04,2018-12-10T07:00:00+00:00,2018-12-10T12:00:00+00:00,1,1.14278,1.1404967857142856,1.1404967857142856,22.832142857142788,stop,-22.83214285714319,-1.065696855936198,-1.0985452839042882,-1.1313937118723785
control,train,EURUSD,2018-12-04,2018-12-10T07:00:00+00:00,2018-12-10T12:00:00+00:00,1,1.14278,1.1404967857142856,1.1404967857142856,22.832142857142788,stop,-22.83214285714319,-1.065696855936198,-1.0985452839042882,-1.1313937118723785
candidate,train,USDJPY,2018-12-04,2018-12-10T07:00:00+00:00,2018-12-10T16:00:00+00:00,1,112.444,112.851,112.24364285714286,20.03571428571403,time_exit,40.69999999999965,1.9565062388591876,1.9190730837789731,1.8816399286987588
control,train,USDJPY,2018-12-04,2018-12-10T07:00:00+00:00,2018-12-10T09:00:00+00:00,-1,112.444,112.64435714285715,112.64435714285715,20.03571428571403,stop,-20.035714285714334,-1.074866310160444,-1.1122994652406584,-1.1497326203208729
candidate,train,EURUSD,2018-12-11,2018-12-17T07:00:00+00:00,2018-12-17T10:00:00+00:00,-1,1.13091,1.1320960714285715,1.1320960714285715,11.86071428571443,stop,-11.860714285714113,-1.126467931345952,-1.1897018970189412,-1.2529358626919305
control,train,EURUSD,2018-12-11,2018-12-17T07:00:00+00:00,2018-12-17T16:00:00+00:00,1,1.13091,1.13499,1.1297239285714287,11.86071428571443,time_exit,40.79999999999861,3.313459801264522,3.2502258355915328,3.1869918699185433
candidate,train,USDJPY,2018-12-11,2018-12-17T07:00:00+00:00,2018-12-17T16:00:00+00:00,-1,113.49,113.125,113.64257142857143,15.25714285714308,time_exit,36.49999999999949,2.2940074906366372,2.2448501872658513,2.1956928838950653
control,train,USDJPY,2018-12-11,2018-12-17T07:00:00+00:00,2018-12-17T16:00:00+00:00,-1,113.49,113.125,113.64257142857143,15.25714285714308,time_exit,36.49999999999949,2.2940074906366372,2.2448501872658513,2.1956928838950653
candidate,train,EURUSD,2018-12-18,2018-12-24T07:00:00+00:00,2018-12-24T16:00:00+00:00,1,1.13916,1.14135,1.1371082142857143,20.51785714285738,time_exit,21.900000000001363,0.9942558746736841,0.9577023498695071,0.9211488250653299
control,train,EURUSD,2018-12-18,2018-12-24T07:00:00+00:00,2018-12-24T16:00:00+00:00,1,1.13916,1.14135,1.1371082142857143,20.51785714285738,time_exit,21.900000000001363,0.9942558746736841,0.9577023498695071,0.9211488250653299
candidate,train,USDJPY,2018-12-18,2018-12-24T07:00:00+00:00,2018-12-24T16:00:00+00:00,-1,111.101,110.644,111.32128571428572,22.028571428571553,time_exit,45.69999999999936,2.0064850843060555,1.972438391699052,1.9383916990920484
control,train,USDJPY,2018-12-18,2018-12-24T07:00:00+00:00,2018-12-24T15:00:00+00:00,1,111.101,110.88071428571428,110.88071428571428,22.028571428571553,stop,-22.028571428572263,-1.0680933852140397,-1.1021400778210433,-1.136186770428047
candidate,train,EURUSD,2019-01-08,2019-01-14T07:00:00+00:00,2019-01-14T09:00:00+00:00,1,1.14758,1.1460392857142858,1.1460392857142858,15.407142857142684,stop,-15.407142857142286,-1.0973574408901003,-1.1460361613351635,-1.1947148817802267
control,train,EURUSD,2019-01-08,2019-01-14T07:00:00+00:00,2019-01-14T09:00:00+00:00,1,1.14758,1.1460392857142858,1.1460392857142858,15.407142857142684,stop,-15.407142857142286,-1.0973574408901003,-1.1460361613351635,-1.1947148817802267
candidate,train,USDJPY,2019-01-08,2019-01-14T07:00:00+00:00,2019-01-14T16:00:00+00:00,1,108.111,108.192,107.94375000000001,16.72499999999977,time_exit,8.099999999998886,0.3946188340806563,0.3497757847533014,0.3049327354259465
control,train,USDJPY,2019-01-08,2019-01-14T07:00:00+00:00,2019-01-14T16:00:00+00:00,-1,108.111,108.192,108.27825,16.72499999999977,time_exit,-8.099999999998886,-0.5739910313900758,-0.6188340807174306,-0.6636771300447856
candidate,train,EURUSD,2019-01-15,2019-01-21T07:00:00+00:00,2019-01-21T14:00:00+00:00,1,1.13782,1.1365192857142858,1.1365192857142858,13.007142857143139,stop,-13.007142857142107,-1.1153212520592262,-1.172981878088879,-1.2306425041185318
control,train,EURUSD,2019-01-15,2019-01-21T07:00:00+00:00,2019-01-21T14:00:00+00:00,1,1.13782,1.1365192857142858,1.1365192857142858,13.007142857143139,stop,-13.007142857142107,-1.1153212520592262,-1.172981878088879,-1.2306425041185318
candidate,train,USDJPY,2019-01-15,2019-01-21T07:00:00+00:00,2019-01-21T16:00:00+00:00,-1,109.585,109.667,109.78407142857142,19.9071428571429,time_exit,-8.200000000000784,-0.4872622891998948,-0.5249372084679249,-0.5626121277359549
control,train,USDJPY,2019-01-15,2019-01-21T07:00:00+00:00,2019-01-21T16:00:00+00:00,-1,109.585,109.667,109.78407142857142,19.9071428571429,time_exit,-8.200000000000784,-0.4872622891998948,-0.5249372084679249,-0.5626121277359549
candidate,train,EURUSD,2019-01-22,2019-01-28T07:00:00+00:00,2019-01-28T10:00:00+00:00,1,1.14185,1.1400960714285715,1.1400960714285715,17.53928571428523,stop,-17.539285714285313,-1.085522296884552,-1.1282834453268256,-1.1710445937690992
control,train,EURUSD,2019-01-22,2019-01-28T07:00:00+00:00,2019-01-28T16:00:00+00:00,-1,1.14185,1.14166,1.1436039285714286,17.53928571428523,time_exit,1.900000000001345,0.022805945835955955,-0.01995520260631767,-0.0627163510485913
candidate,train,USDJPY,2019-01-22,2019-01-28T07:00:00+00:00,2019-01-28T16:00:00+00:00,1,109.391,109.414,109.169,22.20000000000018,time_exit,2.2999999999996135,0.036036036036018335,0.0022522522522348226,-0.03153153153154869
control,train,USDJPY,2019-01-22,2019-01-28T07:00:00+00:00,2019-01-28T16:00:00+00:00,-1,109.391,109.414,109.61300000000001,22.20000000000018,time_exit,-2.2999999999996135,-0.17117117117115238,-0.20495495495493588,-0.2387387387387194
candidate,train,EURUSD,2019-01-29,2019-02-04T07:00:00+00:00,2019-02-04T16:00:00+00:00,1,1.14421,1.14485,1.142773214285714,14.367857142857773,time_exit,6.399999999999739,0.3410390256027509,0.2888391747451842,0.23663932388761752
control,train,EURUSD,2019-01-29,2019-02-04T07:00:00+00:00,2019-02-04T16:00:00+00:00,1,1.14421,1.14485,1.142773214285714,14.367857142857773,time_exit,6.399999999999739,0.3410390256027509,0.2888391747451842,0.23663932388761752
candidate,train,USDJPY,2019-01-29,2019-02-04T07:00:00+00:00,2019-02-04T15:00:00+00:00,-1,109.759,109.93921428571429,109.93921428571429,18.021428571428594,stop,-18.021428571428544,-1.0832342449464893,-1.1248513674197356,-1.1664684898929816
control,train,USDJPY,2019-01-29,2019-02-04T07:00:00+00:00,2019-02-04T15:00:00+00:00,-1,109.759,109.93921428571429,109.93921428571429,18.021428571428594,stop,-18.021428571428544,-1.0832342449464893,-1.1248513674197356,-1.1664684898929816
candidate,train,EURUSD,2019-02-05,2019-02-11T07:00:00+00:00,2019-02-11T08:00:00+00:00,-1,1.1319,1.132865357142857,1.132865357142857,9.653571428571388,stop,-9.653571428571706,-1.1553829078801667,-1.2330743618202338,-1.3107658157603006
control,train,EURUSD,2019-02-05,2019-02-11T07:00:00+00:00,2019-02-11T10:00:00+00:00,1,1.1319,1.1309346428571427,1.1309346428571427,9.653571428571388,stop,-9.653571428571706,-1.1553829078801667,-1.2330743618202338,-1.3107658157603006
candidate,train,USDJPY,2019-02-05,2019-02-11T07:00:00+00:00,2019-02-11T11:00:00+00:00,-1,109.991,110.11260714285714,110.11260714285714,12.160714285714189,stop,-12.160714285714391,-1.123348017621163,-1.1850220264317362,-1.2466960352423093
control,train,USDJPY,2019-02-05,2019-02-11T07:00:00+00:00,2019-02-11T11:00:00+00:00,-1,109.991,110.11260714285714,110.11260714285714,12.160714285714189,stop,-12.160714285714391,-1.123348017621163,-1.1850220264317362,-1.2466960352423093
candidate,train,EURUSD,2019-02-12,2019-02-18T07:00:00+00:00,2019-02-18T12:00:00+00:00,-1,1.13116,1.1329,1.1329,17.400000000000038,stop,-17.400000000000748,-1.0862068965517648,-1.1293103448276267,-1.1724137931034888
control,train,EURUSD,2019-02-12,2019-02-18T07:00:00+00:00,2019-02-18T12:00:00+00:00,-1,1.13116,1.1329,1.1329,17.400000000000038,stop,-17.400000000000748,-1.0862068965517648,-1.1293103448276267,-1.1724137931034888
candidate,train,USDJPY,2019-02-12,2019-02-18T07:00:00+00:00,2019-02-18T16:00:00+00:00,-1,110.54,110.586,110.66632142857144,12.632142857142725,time_exit,-4.599999999999227,-0.4828951088492512,-0.5422674582979371,-0.6016398077466231
control,train,USDJPY,2019-02-12,2019-02-18T07:00:00+00:00,2019-02-18T16:00:00+00:00,-1,110.54,110.586,110.66632142857144,12.632142857142725,time_exit,-4.599999999999227,-0.4828951088492512,-0.5422674582979371,-0.6016398077466231
candidate,train,EURUSD,2019-02-19,2019-02-25T07:00:00+00:00,2019-02-25T09:00:00+00:00,-1,1.13394,1.1353982142857142,1.1353982142857142,14.582142857142749,stop,-14.582142857142433,-1.1028655400440643,-1.1542983100661073,-1.2057310800881502
control,train,EURUSD,2019-02-19,2019-02-25T07:00:00+00:00,2019-02-25T09:00:00+00:00,-1,1.13394,1.1353982142857142,1.1353982142857142,14.582142857142749,stop,-14.582142857142433,-1.1028655400440643,-1.1542983100661073,-1.2057310800881502
candidate,train,USDJPY,2019-02-19,2019-02-25T07:00:00+00:00,2019-02-25T15:00:00+00:00,-1,110.669,110.81042857142856,110.81042857142856,14.142857142856919,stop,-14.142857142856258,-1.1060606060605611,-1.159090909090865,-1.2121212121211689
control,train,USDJPY,2019-02-19,2019-02-25T07:00:00+00:00,2019-02-25T16:00:00+00:00,1,110.669,110.805,110.52757142857143,14.142857142856919,time_exit,13.600000000000989,0.8555555555556391,0.8025252525253352,0.7494949494950314
candidate,train,EURUSD,2019-02-26,2019-03-04T07:00:00+00:00,2019-03-04T10:00:00+00:00,1,1.13642,1.1349810714285713,1.1349810714285713,14.389285714285771,stop,-14.389285714286881,-1.1042442293373813,-1.1563663440060334,-1.2084884586746854
control,train,EURUSD,2019-02-26,2019-03-04T07:00:00+00:00,2019-03-04T10:00:00+00:00,1,1.13642,1.1349810714285713,1.1349810714285713,14.389285714285771,stop,-14.389285714286881,-1.1042442293373813,-1.1563663440060334,-1.2084884586746854
candidate,train,USDJPY,2019-02-26,2019-03-04T07:00:00+00:00,2019-03-04T16:00:00+00:00,1,111.957,111.915,111.81267857142856,14.432142857143099,time_exit,-4.199999999998738,-0.3949517446175749,-0.4469190794356883,-0.49888641425380176
control,train,USDJPY,2019-02-26,2019-03-04T07:00:00+00:00,2019-03-04T16:00:00+00:00,1,111.957,111.915,111.81267857142856,14.432142857143099,time_exit,-4.199999999998738,-0.3949517446175749,-0.4469190794356883,-0.49888641425380176
candidate,train,EURUSD,2019-03-05,2019-03-11T07:00:00+00:00,2019-03-11T09:00:00+00:00,-1,1.1233,1.124302857142857,1.124302857142857,10.028571428571702,stop,-10.028571428570832,-1.1495726495725587,-1.2243589743588814,-1.2991452991452042
control,train,EURUSD,2019-03-05,2019-03-11T07:00:00+00:00,2019-03-11T16:00:00+00:00,1,1.1233,1.1247,1.1222971428571429,10.028571428571702,time_exit,14.000000000000679,1.24643874643878,1.1716524216524573,1.0968660968661346
candidate,train,USDJPY,2019-03-05,2019-03-11T07:00:00+00:00,2019-03-11T16:00:00+00:00,1,111.114,111.087,110.93485714285714,17.914285714285988,time_exit,-2.7000000000001023,-0.23444976076555238,-0.2763157894736857,-0.318181818181819
control,train,USDJPY,2019-03-05,2019-03-11T07:00:00+00:00,2019-03-11T16:00:00+00:00,1,111.114,111.087,110.93485714285714,17.914285714285988,time_exit,-2.7000000000001023,-0.23444976076555238,-0.2763157894736857,-0.318181818181819
candidate,train,EURUSD,2019-03-12,2019-03-18T07:00:00+00:00,2019-03-18T09:00:00+00:00,-1,1.1335899999999999,1.1349282142857142,1.1349282142857142,13.382142857142501,stop,-13.382142857143453,-1.112089671737464,-1.1681345076061604,-1.224179343474857
control,train,EURUSD,2019-03-12,2019-03-18T07:00:00+00:00,2019-03-18T09:00:00+00:00,-1,1.1335899999999999,1.1349282142857142,1.1349282142857142,13.382142857142501,stop,-13.382142857143453,-1.112089671737464,-1.1681345076061604,-1.224179343474857
candidate,train,USDJPY,2019-03-12,2019-03-18T07:00:00+00:00,2019-03-18T16:00:00+00:00,-1,111.527,111.522,111.64871428571429,12.171428571428525,time_exit,0.49999999999954525,-0.08215962441318322,-0.1437793427230426,-0.205399061032902
control,train,USDJPY,2019-03-12,2019-03-18T07:00:00+00:00,2019-03-18T16:00:00+00:00,1,111.527,111.522,111.40528571428571,12.171428571428525,time_exit,-0.49999999999954525,-0.16431924882625434,-0.22593896713611375,-0.28755868544597313
candidate,train,EURUSD,2019-03-19,2019-03-25T07:00:00+00:00,2019-03-25T16:00:00+00:00,1,1.12976,1.13161,1.1282117857142857,15.482142857142932,time_exit,18.499999999999073,1.0980392156862093,1.049596309111815,1.001153402537421
control,train,EURUSD,2019-03-19,2019-03-25T07:00:00+00:00,2019-03-25T09:00:00+00:00,-1,1.12976,1.1313082142857145,1.1313082142857145,15.482142857142932,stop,-15.482142857143888,-1.0968858131488501,-1.1453287197232445,-1.1937716262976386
candidate,train,USDJPY,2019-03-19,2019-03-25T07:00:00+00:00,2019-03-25T11:00:00+00:00,-1,109.974,110.23178571428572,110.23178571428572,25.778571428571496,stop,-25.778571428571695,-1.0581878636741555,-1.0872817955112295,-1.1163757273483033
control,train,USDJPY,2019-03-19,2019-03-25T07:00:00+00:00,2019-03-25T16:00:00+00:00,1,109.974,109.966,109.71621428571429,25.778571428571496,time_exit,-0.8000000000009777,-0.08922139096706456,-0.11831532280413848,-0.14740925464121238
candidate,train,EURUSD,2019-03-26,2019-04-01T07:00:00+00:00,2019-04-01T11:00:00+00:00,-1,1.12316,1.1245721428571427,1.1245721428571427,14.12142857142854,stop,-14.121428571427508,-1.1062215477996236,-1.159332321699472,-1.2124430955993204
control,train,EURUSD,2019-03-26,2019-04-01T07:00:00+00:00,2019-04-01T11:00:00+00:00,-1,1.12316,1.1245721428571427,1.1245721428571427,14.12142857142854,stop,-14.121428571427508,-1.1062215477996236,-1.159332321699472,-1.2124430955993204
candidate,train,USDJPY,2019-03-26,2019-04-01T07:00:00+00:00,2019-04-01T15:00:00+00:00,1,111.078,110.88321428571429,110.88321428571429,19.478571428571406,stop,-19.478571428571456,-1.0770077007700796,-1.1155115511551181,-1.1540154015401567
control,train,USDJPY,2019-03-26,2019-04-01T07:00:00+00:00,2019-04-01T15:00:00+00:00,1,111.078,110.88321428571429,110.88321428571429,19.478571428571406,stop,-19.478571428571456,-1.0770077007700796,-1.1155115511551181,-1.1540154015401567
candidate,train,EURUSD,2019-04-02,2019-04-08T07:00:00+00:00,2019-04-08T13:00:00+00:00,-1,1.12288,1.1239332142857144,1.1239332142857144,10.532142857142624,stop,-10.532142857142546,-1.1424211597151535,-1.2136317395727338,-1.2848423194303142
control,train,EURUSD,2019-04-02,2019-04-08T07:00:00+00:00,2019-04-08T13:00:00+00:00,-1,1.12288,1.1239332142857144,1.1239332142857144,10.532142857142624,stop,-10.532142857142546,-1.1424211597151535,-1.2136317395727338,-1.2848423194303142
candidate,train,USDJPY,2019-04-02,2019-04-08T07:00:00+00:00,2019-04-08T16:00:00+00:00,1,111.401,111.355,111.2705,13.049999999999883,time_exit,-4.599999999999227,-0.4674329501915158,-0.5249042145593324,-0.582375478927149
control,train,USDJPY,2019-04-02,2019-04-08T07:00:00+00:00,2019-04-08T16:00:00+00:00,-1,111.401,111.355,111.5315,13.049999999999883,time_exit,4.599999999999227,0.2375478927202494,0.1800766283524328,0.12260536398461619
candidate,train,EURUSD,2019-04-09,2019-04-15T07:00:00+00:00,2019-04-15T16:00:00+00:00,1,1.13107,1.13129,1.1300232142857143,10.467857142857204,time_exit,2.1999999999988695,0.06687137495724406,-0.004776526782775998,-0.07642442852279605
control,train,EURUSD,2019-04-09,2019-04-15T07:00:00+00:00,2019-04-15T16:00:00+00:00,1,1.13107,1.13129,1.1300232142857143,10.467857142857204,time_exit,2.1999999999988695,0.06687137495724406,-0.004776526782775998,-0.07642442852279605
candidate,train,USDJPY,2019-04-09,2019-04-15T07:00:00+00:00,2019-04-15T15:00:00+00:00,-1,111.923,112.03142857142858,112.03142857142858,10.842857142857147,stop,-10.842857142857554,-1.138339920948654,-1.2075098814229623,-1.2766798418972707
control,train,USDJPY,2019-04-09,2019-04-15T07:00:00+00:00,2019-04-15T16:00:00+00:00,1,111.923,112.017,111.81457142857143,10.842857142857147,time_exit,9.399999999999409,0.728590250329326,0.6594202898550177,0.5902503293807094
candidate,train,EURUSD,2019-04-16,2019-04-22T07:00:00+00:00,2019-04-22T08:00:00+00:00,-1,1.12363,1.1242771428571428,1.1242771428571428,6.471428571428382,stop,-6.471428571428461,-1.2317880794702176,-1.3476821192053203,-1.463576158940423
control,train,EURUSD,2019-04-16,2019-04-22T07:00:00+00:00,2019-04-22T16:00:00+00:00,1,1.12363,1.12487,1.122982857142857,6.471428571428382,time_exit,12.400000000001299,1.684326710817027,1.5684326710819243,1.4525386313468216
candidate,train,USDJPY,2019-04-16,2019-04-22T07:00:00+00:00,2019-04-22T16:00:00+00:00,1,111.909,111.907,111.85403571428573,5.496428571428323,time_exit,-0.20000000000095497,-0.30929174788842684,-0.4457439896038326,-0.5821962313192384
control,train,USDJPY,2019-04-16,2019-04-22T07:00:00+00:00,2019-04-22T16:00:00+00:00,1,111.909,111.907,111.85403571428573,5.496428571428323,time_exit,-0.20000000000095497,-0.30929174788842684,-0.4457439896038326,-0.5821962313192384
candidate,train,EURUSD,2019-04-23,2019-04-29T07:00:00+00:00,2019-04-29T16:00:00+00:00,1,1.11573,1.11549,1.1144014285714288,13.285714285714011,time_exit,-2.4000000000001798,-0.2935483870967938,-0.35000000000002074,-0.4064516129032477
control,train,EURUSD,2019-04-23,2019-04-29T07:00:00+00:00,2019-04-29T16:00:00+00:00,-1,1.11573,1.11549,1.1170585714285715,13.285714285714011,time_exit,2.4000000000001798,0.06774193548388589,0.011290322580658926,-0.04516129032256805
candidate,train,USDJPY,2019-04-23,2019-04-29T07:00:00+00:00,2019-04-29T16:00:00+00:00,1,111.594,111.83,111.50335714285714,9.064285714285752,time_exit,23.60000000000042,2.438140267927538,2.3553979511426686,2.272655634357799
control,train,USDJPY,2019-04-23,2019-04-29T07:00:00+00:00,2019-04-29T16:00:00+00:00,1,111.594,111.83,111.50335714285714,9.064285714285752,time_exit,23.60000000000042,2.438140267927538,2.3553979511426686,2.272655634357799
candidate,train,EURUSD,2019-04-30,2019-05-06T07:00:00+00:00,2019-05-06T16:00:00+00:00,-1,1.11932,1.11832,1.121474642857143,21.54642857142912,time_exit,10.000000000001119,0.3944969335322812,0.3596883805735551,0.324879827614829
control,train,EURUSD,2019-04-30,2019-05-06T07:00:00+00:00,2019-05-06T16:00:00+00:00,-1,1.11932,1.11832,1.121474642857143,21.54642857142912,time_exit,10.000000000001119,0.3944969335322812,0.3596883805735551,0.324879827614829
candidate,train,USDJPY,2019-04-30,2019-05-06T07:00:00+00:00,2019-05-06T16:00:00+00:00,1,110.573,110.903,110.30096428571427,27.203571428571443,time_exit,33.00000000000125,1.1579361953525462,1.1303662859393915,1.1027963765262367
control,train,USDJPY,2019-04-30,2019-05-06T07:00:00+00:00,2019-05-06T08:00:00+00:00,-1,110.573,110.84503571428571,110.84503571428571,27.203571428571443,stop,-27.203571428572104,-1.055139818826334,-1.0827097282394886,-1.1102796376526434
candidate,train,EURUSD,2019-05-07,2019-05-13T07:00:00+00:00,2019-05-13T16:00:00+00:00,1,1.12294,1.1257,1.1218610714285715,10.789285714285977,time_exit,27.599999999998737,2.419066534260003,2.3495531281031026,2.2800397219462027
control,train,EURUSD,2019-05-07,2019-05-13T07:00:00+00:00,2019-05-13T12:00:00+00:00,-1,1.12294,1.1240189285714286,1.1240189285714286,10.789285714285977,stop,-10.789285714285501,-1.139026812313756,-1.208540218470656,-1.2780536246275558
candidate,train,USDJPY,2019-05-07,2019-05-13T07:00:00+00:00,2019-05-13T15:00:00+00:00,1,109.757,109.54689285714286,109.54689285714286,21.01071428571442,stop,-21.010714285714016,-1.0713921468638252,-1.1070882202957475,-1.1427842937276698
control,train,USDJPY,2019-05-07,2019-05-13T07:00:00+00:00,2019-05-13T16:00:00+00:00,-1,109.757,109.132,109.96710714285715,21.01071428571442,time_exit,62.5,2.903280639129677,2.8675845656977548,2.8318884922658327
candidate,train,EURUSD,2019-05-14,2019-05-20T07:00:00+00:00,2019-05-20T16:00:00+00:00,1,1.11535,1.11633,1.1142614285714285,10.885714285714466,time_exit,9.799999999999809,0.7624671916010197,0.6935695538057453,0.6246719160104708
control,train,EURUSD,2019-05-14,2019-05-20T07:00:00+00:00,2019-05-20T16:00:00+00:00,1,1.11535,1.11633,1.1142614285714285,10.885714285714466,time_exit,9.799999999999809,0.7624671916010197,0.6935695538057453,0.6246719160104708
candidate,train,USDJPY,2019-05-14,2019-05-20T07:00:00+00:00,2019-05-20T11:00:00+00:00,1,110.198,109.99710714285713,109.99710714285713,20.089285714285566,stop,-20.08928571428612,-1.0746666666666949,-1.1120000000000285,-1.149333333333362
control,train,USDJPY,2019-05-14,2019-05-20T07:00:00+00:00,2019-05-20T16:00:00+00:00,-1,110.198,109.917,110.39889285714285,20.089285714285566,time_exit,28.09999999999917,1.3240888888888573,1.2867555555555237,1.2494222222221902
candidate,train,EURUSD,2019-05-21,2019-05-27T07:00:00+00:00,2019-05-27T16:00:00+00:00,-1,1.12136,1.11959,1.1223349999999999,9.749999999999403,time_exit,17.699999999998273,1.6615384615383861,1.5846153846153044,1.5076923076922228
control,train,EURUSD,2019-05-21,2019-05-27T07:00:00+00:00,2019-05-27T09:00:00+00:00,1,1.12136,1.120385,1.120385,9.749999999999403,stop,-9.749999999999481,-1.1538461538461713,-1.2307692307692528,-1.3076923076923346
candidate,train,USDJPY,2019-05-21,2019-05-27T07:00:00+00:00,2019-05-27T09:00:00+00:00,-1,109.443,109.57414285714286,109.57414285714286,13.1142857142856,stop,-13.114285714286211,-1.1143790849673678,-1.1715686274510284,-1.228758169934689
control,train,USDJPY,2019-05-21,2019-05-27T07:00:00+00:00,2019-05-27T09:00:00+00:00,-1,109.443,109.57414285714286,109.57414285714286,13.1142857142856,stop,-13.114285714286211,-1.1143790849673678,-1.1715686274510284,-1.228758169934689
candidate,train,EURUSD,2019-05-28,2019-06-03T07:00:00+00:00,2019-06-03T16:00:00+00:00,-1,1.11842,1.11947,1.1201825,17.62500000000008,time_exit,-10.499999999999954,-0.6808510638297814,-0.723404255319143,-0.7659574468085044
control,train,EURUSD,2019-05-28,2019-06-03T07:00:00+00:00,2019-06-03T09:00:00+00:00,1,1.11842,1.1166574999999999,1.1166574999999999,17.62500000000008,stop,-17.625000000001112,-1.0851063829787815,-1.127659574468143,-1.1702127659575046
candidate,train,USDJPY,2019-05-28,2019-06-03T07:00:00+00:00,2019-06-03T09:00:00+00:00,-1,108.126,108.32335714285715,108.32335714285715,19.735714285714273,stop,-19.735714285714323,-1.0760043431053228,-1.114006514657983,-1.1520086862106431
control,train,USDJPY,2019-05-28,2019-06-03T07:00:00+00:00,2019-06-03T09:00:00+00:00,-1,108.126,108.32335714285715,108.32335714285715,19.735714285714273,stop,-19.735714285714323,-1.0760043431053228,-1.114006514657983,-1.1520086862106431
candidate,train,EURUSD,2019-06-04,2019-06-10T07:00:00+00:00,2019-06-10T16:00:00+00:00,-1,1.13106,1.13081,1.1328846428571429,18.246428571428442,time_exit,2.4999999999986144,0.054805245644864754,0.013701311411159236,-0.02740262282254628
control,train,EURUSD,2019-06-04,2019-06-10T07:00:00+00:00,2019-06-10T10:00:00+00:00,1,1.13106,1.129235357142857,1.129235357142857,18.246428571428442,stop,-18.246428571428996,-1.0822078684674414,-1.1233118027011468,-1.1644157369348525
candidate,train,USDJPY,2019-06-04,2019-06-10T07:00:00+00:00,2019-06-10T16:00:00+00:00,1,108.537,108.462,108.34596428571429,19.1035714285716,time_exit,-7.500000000000284,-0.47111609646664,-0.510375771172192,-0.5496354458777442
control,train,USDJPY,2019-06-04,2019-06-10T07:00:00+00:00,2019-06-10T16:00:00+00:00,-1,108.537,108.462,108.72803571428572,19.1035714285716,time_exit,7.500000000000284,0.3140773976444316,0.2748177229388795,0.23555804823332743
candidate,train,EURUSD,2019-06-11,2019-06-17T07:00:00+00:00,2019-06-17T09:00:00+00:00,1,1.12198,1.1207692857142857,1.1207692857142857,12.10714285714295,stop,-12.107142857142872,-1.1238938053097272,-1.1858407079645938,-1.2477876106194608
control,train,EURUSD,2019-06-11,2019-06-17T07:00:00+00:00,2019-06-17T15:00:00+00:00,-1,1.12198,1.1231907142857143,1.1231907142857143,12.10714285714295,stop,-12.107142857142872,-1.1238938053097272,-1.1858407079645938,-1.2477876106194608
candidate,train,USDJPY,2019-06-11,2019-06-17T07:00:00+00:00,2019-06-17T13:00:00+00:00,-1,108.58,108.69860714285714,108.69860714285714,11.860714285714582,stop,-11.86071428571438,-1.1264679313459598,-1.1897018970189484,-1.252935862691937
control,train,USDJPY,2019-06-11,2019-06-17T07:00:00+00:00,2019-06-17T16:00:00+00:00,1,108.58,108.552,108.46139285714285,11.860714285714582,time_exit,-2.7999999999991587,-0.36254140319172967,-0.4257753688647182,-0.4890093345377067
candidate,train,EURUSD,2019-06-18,2019-06-24T07:00:00+00:00,2019-06-24T16:00:00+00:00,1,1.13806,1.13873,1.136112142857143,19.47857142857104,time_exit,6.699999999999484,0.2669600293362458,0.2284561789512065,0.18995232856616726
control,train,EURUSD,2019-06-18,2019-06-24T07:00:00+00:00,2019-06-24T16:00:00+00:00,1,1.13806,1.13873,1.136112142857143,19.47857142857104,time_exit,6.699999999999484,0.2669600293362458,0.2284561789512065,0.18995232856616726
candidate,train,USDJPY,2019-06-18,2019-06-24T07:00:00+00:00,2019-06-24T16:00:00+00:00,1,107.402,107.425,107.23228571428571,16.971428571428604,time_exit,2.2999999999996135,0.047138047138024275,0.002946127946105165,-0.04124579124581394
control,train,USDJPY,2019-06-18,2019-06-24T07:00:00+00:00,2019-06-24T16:00:00+00:00,-1,107.402,107.425,107.5717142857143,16.971428571428604,time_exit,-2.2999999999996135,-0.2239057239057007,-0.2680976430976198,-0.3122895622895389
candidate,train,EURUSD,2019-06-25,2019-07-01T07:00:00+00:00,2019-07-01T08:00:00+00:00,1,1.13523,1.1336014285714286,1.1336014285714286,16.28571428571368,stop,-16.285714285713127,-1.092105263157864,-1.1381578947368132,-1.1842105263157623
control,train,EURUSD,2019-06-25,2019-07-01T07:00:00+00:00,2019-07-01T16:00:00+00:00,-1,1.13523,1.13456,1.1368585714285713,16.28571428571368,time_exit,6.699999999999484,0.31929824561401526,0.2732456140350662,0.2271929824561171
candidate,train,USDJPY,2019-06-25,2019-07-01T07:00:00+00:00,2019-07-01T10:00:00+00:00,-1,108.262,108.49171428571428,108.49171428571428,22.97142857142863,stop,-22.97142857142802,-1.06529850746266,-1.0979477611940032,-1.1305970149253464
control,train,USDJPY,2019-06-25,2019-07-01T07:00:00+00:00,2019-07-01T10:00:00+00:00,-1,108.262,108.49171428571428,108.49171428571428,22.97142857142863,stop,-22.97142857142802,-1.06529850746266,-1.0979477611940032,-1.1305970149253464
candidate,train,EURUSD,2019-07-02,2019-07-08T07:00:00+00:00,2019-07-08T16:00:00+00:00,-1,1.12282,1.12232,1.1238646428571428,10.446428571428727,time_exit,4.999999999999449,0.33504273504267734,0.2632478632478066,0.19145299145293587
control,train,EURUSD,2019-07-02,2019-07-08T07:00:00+00:00,2019-07-08T13:00:00+00:00,1,1.12282,1.121775357142857,1.121775357142857,10.446428571428727,stop,-10.446428571428967,-1.1435897435897644,-1.215384615384635,-1.287179487179506
candidate,train,USDJPY,2019-07-02,2019-07-08T07:00:00+00:00,2019-07-08T16:00:00+00:00,1,108.378,108.566,108.23378571428572,14.421428571428308,time_exit,18.80000000000024,1.199603764239761,1.147597820703356,1.0955918771669508
control,train,USDJPY,2019-07-02,2019-07-08T07:00:00+00:00,2019-07-08T13:00:00+00:00,-1,108.378,108.52221428571428,108.52221428571428,14.421428571428308,stop,-14.421428571428407,-1.104011887072817,-1.1560178306092221,-1.2080237741456274
candidate,train,EURUSD,2019-07-09,2019-07-15T07:00:00+00:00,2019-07-15T16:00:00+00:00,1,1.12723,1.12656,1.1261285714285714,11.014285714286023,time_exit,-6.699999999999484,-0.7444876783397507,-0.8125810635537566,-0.8806744487677625
control,train,EURUSD,2019-07-09,2019-07-15T07:00:00+00:00,2019-07-15T10:00:00+00:00,-1,1.12723,1.1283314285714285,1.1283314285714285,11.014285714286023,stop,-11.014285714285865,-1.1361867704279973,-1.2042801556420033,-1.272373540856009
candidate,train,USDJPY,2019-07-09,2019-07-15T07:00:00+00:00,2019-07-15T16:00:00+00:00,-1,108.009,107.924,108.16446428571429,15.5464285714285,time_exit,8.499999999999375,0.4502641856190751,0.4020215943027413,0.3537790029864075
control,train,USDJPY,2019-07-09,2019-07-15T07:00:00+00:00,2019-07-15T16:00:00+00:00,-1,108.009,107.924,108.16446428571429,15.5464285714285,time_exit,8.499999999999375,0.4502641856190751,0.4020215943027413,0.3537790029864075
candidate,train,EURUSD,2019-07-16,2019-07-22T07:00:00+00:00,2019-07-22T16:00:00+00:00,-1,1.12179,1.12179,1.1231603571428572,13.703571428571514,time_exit,-0.0,-0.1094605160281463,-0.16419077404221946,-0.2189210320562926
control,train,EURUSD,2019-07-16,2019-07-22T07:00:00+00:00,2019-07-22T16:00:00+00:00,1,1.12179,1.12179,1.120419642857143,13.703571428571514,time_exit,0.0,-0.1094605160281463,-0.16419077404221946,-0.2189210320562926
candidate,train,USDJPY,2019-07-16,2019-07-22T07:00:00+00:00,2019-07-22T16:00:00+00:00,1,107.933,107.922,107.75717857142858,17.582142857142912,time_exit,-1.100000000000989,-0.14787731058303366,-0.19053422709735404,-0.23319114361167445
control,train,USDJPY,2019-07-16,2019-07-22T07:00:00+00:00,2019-07-22T16:00:00+00:00,1,107.933,107.922,107.75717857142858,17.582142857142912,time_exit,-1.100000000000989,-0.14787731058303366,-0.19053422709735404,-0.23319114361167445
candidate,train,EURUSD,2019-07-23,2019-07-29T07:00:00+00:00,2019-07-29T16:00:00+00:00,-1,1.11288,1.11231,1.1140682142857143,11.88214285714314,time_exit,5.700000000001815,0.353471596032606,0.2903516681696679,0.22723174030672982
control,train,EURUSD,2019-07-23,2019-07-29T07:00:00+00:00,2019-07-29T16:00:00+00:00,-1,1.11288,1.11231,1.1140682142857143,11.88214285714314,time_exit,5.700000000001815,0.353471596032606,0.2903516681696679,0.22723174030672982
candidate,train,USDJPY,2019-07-23,2019-07-29T07:00:00+00:00,2019-07-29T16:00:00+00:00,1,108.55,108.653,108.43375,11.62499999999963,time_exit,10.300000000000864,0.7569892473119263,0.6924731182796662,0.6279569892474061
control,train,USDJPY,2019-07-23,2019-07-29T07:00:00+00:00,2019-07-29T09:00:00+00:00,-1,108.55,108.66624999999999,108.66624999999999,11.62499999999963,stop,-11.624999999999375,-1.1290322580644983,-1.1935483870967583,-1.2580645161290185
candidate,train,EURUSD,2019-07-30,2019-08-05T07:00:00+00:00,2019-08-05T11:00:00+00:00,-1,1.11255,1.1141207142857141,1.1141207142857141,15.707142857142742,stop,-15.707142857142031,-1.0954979536152352,-1.1432469304228754,-1.1909959072305154
control,train,EURUSD,2019-07-30,2019-08-05T07:00:00+00:00,2019-08-05T11:00:00+00:00,-1,1.11255,1.1141207142857141,1.1141207142857141,15.707142857142742,stop,-15.707142857142031,-1.0954979536152352,-1.1432469304228754,-1.1909959072305154
candidate,train,USDJPY,2019-07-30,2019-08-05T07:00:00+00:00,2019-08-05T12:00:00+00:00,-1,105.978,106.28174999999999,106.28174999999999,30.374999999999474,stop,-30.374999999999375,-1.0493827160493803,-1.0740740740740722,-1.0987654320987639
control,train,USDJPY,2019-07-30,2019-08-05T07:00:00+00:00,2019-08-05T12:00:00+00:00,-1,105.978,106.28174999999999,106.28174999999999,30.374999999999474,stop,-30.374999999999375,-1.0493827160493803,-1.0740740740740722,-1.0987654320987639
candidate,train,EURUSD,2019-08-06,2019-08-12T07:00:00+00:00,2019-08-12T10:00:00+00:00,1,1.12058,1.1193660714285714,1.1193660714285714,12.13928571428578,stop,-12.139285714285464,-1.123565754633689,-1.1853486319505466,-1.2471315092674042
control,train,EURUSD,2019-08-06,2019-08-12T07:00:00+00:00,2019-08-12T10:00:00+00:00,1,1.12058,1.1193660714285714,1.1193660714285714,12.13928571428578,stop,-12.139285714285464,-1.123565754633689,-1.1853486319505466,-1.2471315092674042
candidate,train,USDJPY,2019-08-06,2019-08-12T07:00:00+00:00,2019-08-12T12:00:00+00:00,1,105.455,105.2015,105.2015,25.35000000000015,stop,-25.35000000000025,-1.0591715976331397,-1.0887573964497075,-1.1183431952662755
control,train,USDJPY,2019-08-06,2019-08-12T07:00:00+00:00,2019-08-12T12:00:00+00:00,1,105.455,105.2015,105.2015,25.35000000000015,stop,-25.35000000000025,-1.0591715976331397,-1.0887573964497075,-1.1183431952662755
candidate,train,EURUSD,2019-08-13,2019-08-19T07:00:00+00:00,2019-08-19T16:00:00+00:00,1,1.10909,1.10994,1.1076275,14.624999999999222,time_exit,8.500000000000174,0.478632478632516,0.42735042735046197,0.376068376068408
control,train,EURUSD,2019-08-13,2019-08-19T07:00:00+00:00,2019-08-19T10:00:00+00:00,-1,1.10909,1.1105524999999998,1.1105524999999998,14.624999999999222,stop,-14.624999999999222,-1.102564102564108,-1.153846153846162,-1.205128205128216
candidate,train,USDJPY,2019-08-13,2019-08-19T07:00:00+00:00,2019-08-19T11:00:00+00:00,-1,106.359,106.52571428571429,106.52571428571429,16.671428571428848,stop,-16.671428571429203,-1.0899742930591458,-1.134961439588708,-1.1799485861182704
control,train,USDJPY,2019-08-13,2019-08-19T07:00:00+00:00,2019-08-19T11:00:00+00:00,-1,106.359,106.52571428571429,106.52571428571429,16.671428571428848,stop,-16.671428571429203,-1.0899742930591458,-1.134961439588708,-1.1799485861182704
candidate,train,EURUSD,2019-08-20,2019-08-26T07:00:00+00:00,2019-08-26T16:00:00+00:00,-1,1.11413,1.11113,1.1168482142857143,27.182142857142743,time_exit,30.000000000001137,1.0484824595979965,1.0208908159243661,0.9932991722507358
control,train,EURUSD,2019-08-20,2019-08-26T07:00:00+00:00,2019-08-26T11:00:00+00:00,1,1.11413,1.1114117857142858,1.1114117857142858,27.182142857142743,stop,-27.18214285714282,-1.0551832873472637,-1.082774931020894,-1.1103665746945244
candidate,train,USDJPY,2019-08-20,2019-08-26T07:00:00+00:00,2019-08-26T16:00:00+00:00,1,105.446,106.158,104.92485714285714,52.1142857142856,time_exit,71.20000000000033,1.3374451754386056,1.3230537280701846,1.3086622807017636
control,train,USDJPY,2019-08-20,2019-08-26T07:00:00+00:00,2019-08-26T11:00:00+00:00,-1,105.446,105.96714285714286,105.96714285714286,52.1142857142856,stop,-52.11428571428627,-1.028782894736855,-1.0431743421052762,-1.0575657894736972
candidate,train,EURUSD,2019-08-27,2019-09-02T07:00:00+00:00,2019-09-02T16:00:00+00:00,-1,1.09901,1.09656,1.1008935714285715,18.835714285713973,time_exit,24.500000000000632,1.2210845657945173,1.181266590822958,1.1414486158513988
control,train,EURUSD,2019-08-27,2019-09-02T07:00:00+00:00,2019-09-02T11:00:00+00:00,1,1.09901,1.0971264285714286,1.0971264285714286,18.835714285713973,stop,-18.83571428571429,-1.0796359499431354,-1.1194539249146946,-1.159271899886254
candidate,train,USDJPY,2019-08-27,2019-09-02T07:00:00+00:00,2019-09-02T16:00:00+00:00,1,106.153,106.37,105.95435714285715,19.86428571428586,time_exit,21.699999999999875,1.0169003955411584,0.9791441927364123,0.9413879899316661
control,train,USDJPY,2019-08-27,2019-09-02T07:00:00+00:00,2019-09-02T12:00:00+00:00,-1,106.153,106.35164285714286,106.35164285714286,19.86428571428586,stop,-19.864285714285757,-1.0755124056094874,-1.1132686084142334,-1.1510248112189796
candidate,train,EURUSD,2019-09-03,2019-09-09T07:00:00+00:00,2019-09-09T12:00:00+00:00,-1,1.10271,1.104032142857143,1.104032142857143,13.22142857142859,stop,-13.221428571428273,-1.113452188006459,-1.1701782820097004,-1.2269043760129417
control,train,EURUSD,2019-09-03,2019-09-09T07:00:00+00:00,2019-09-09T12:00:00+00:00,-1,1.10271,1.104032142857143,1.104032142857143,13.22142857142859,stop,-13.221428571428273,-1.113452188006459,-1.1701782820097004,-1.2269043760129417
candidate,train,USDJPY,2019-09-03,2019-09-09T07:00:00+00:00,2019-09-09T16:00:00+00:00,1,106.869,107.001,106.71075,15.82499999999989,time_exit,13.2000000000005,0.7393364928910321,0.6919431279621218,0.6445497630332114
control,train,USDJPY,2019-09-03,2019-09-09T07:00:00+00:00,2019-09-09T16:00:00+00:00,1,106.869,107.001,106.71075,15.82499999999989,time_exit,13.2000000000005,0.7393364928910321,0.6919431279621218,0.6445497630332114
candidate,train,EURUSD,2019-09-10,2019-09-16T07:00:00+00:00,2019-09-16T13:00:00+00:00,1,1.10706,1.1055364285714284,1.1055364285714284,15.235714285714417,stop,-15.23571428571513,-1.0984528832630558,-1.1476793248945603,-1.1969057665260647
control,train,EURUSD,2019-09-10,2019-09-16T07:00:00+00:00,2019-09-16T16:00:00+00:00,-1,1.10706,1.10266,1.1085835714285714,15.235714285714417,time_exit,43.999999999999595,2.7894983591185616,2.7402719174870573,2.6910454758555526
candidate,train,USDJPY,2019-09-10,2019-09-16T07:00:00+00:00,2019-09-16T16:00:00+00:00,-1,107.855,107.871,108.07603571428572,22.10357142857191,time_exit,-1.5999999999991132,-0.1402488285667689,-0.17417999676841625,-0.2081111649700636
control,train,USDJPY,2019-09-10,2019-09-16T07:00:00+00:00,2019-09-16T16:00:00+00:00,-1,107.855,107.871,108.07603571428572,22.10357142857191,time_exit,-1.5999999999991132,-0.1402488285667689,-0.17417999676841625,-0.2081111649700636
candidate,train,EURUSD,2019-09-17,2019-09-23T07:00:00+00:00,2019-09-23T10:00:00+00:00,1,1.10225,1.1009835714285714,1.1009835714285714,12.664285714286127,stop,-12.664285714285572,-1.118443316412812,-1.1776649746192398,-1.2368866328256676
control,train,EURUSD,2019-09-17,2019-09-23T07:00:00+00:00,2019-09-23T16:00:00+00:00,-1,1.10225,1.09864,1.1035164285714285,12.664285714286127,time_exit,36.09999999999891,2.732092498589785,2.672870840383357,2.6136491821769297
candidate,train,USDJPY,2019-09-17,2019-09-23T07:00:00+00:00,2019-09-23T16:00:00+00:00,-1,107.704,107.529,107.87103571428571,16.7035714285714,time_exit,17.499999999999716,0.9578789822535659,0.9129784049604293,0.8680778276672926
control,train,USDJPY,2019-09-17,2019-09-23T07:00:00+00:00,2019-09-23T10:00:00+00:00,1,107.704,107.53696428571428,107.53696428571428,16.7035714285714,stop,-16.703571428571706,-1.0898011545862918,-1.1347017318794284,-1.1796023091725651
candidate,train,EURUSD,2019-09-24,2019-09-30T07:00:00+00:00,2019-09-30T09:00:00+00:00,-1,1.09325,1.0943578571428572,1.0943578571428572,11.078571428571681,stop,-11.078571428571049,-1.1353965183751815,-1.203094777562801,-1.2707930367504203
control,train,EURUSD,2019-09-24,2019-09-30T07:00:00+00:00,2019-09-30T12:00:00+00:00,1,1.09325,1.092142142857143,1.092142142857143,11.078571428571681,stop,-11.078571428571049,-1.1353965183751815,-1.203094777562801,-1.2707930367504203
candidate,train,USDJPY,2019-09-24,2019-09-30T07:00:00+00:00,2019-09-30T16:00:00+00:00,-1,107.938,107.995,108.14917857142858,21.117857142857183,time_exit,-5.700000000000216,-0.3409436834094464,-0.3764586504312627,-0.411973617453079
control,train,USDJPY,2019-09-24,2019-09-30T07:00:00+00:00,2019-09-30T16:00:00+00:00,1,107.938,107.995,107.72682142857143,21.117857142857183,time_exit,5.700000000000216,0.19888381532218133,0.16336884830036508,0.1278538812785488
candidate,train,EURUSD,2019-10-01,2019-10-07T07:00:00+00:00,2019-10-07T15:00:00+00:00,-1,1.09799,1.0992564285714286,1.0992564285714286,12.66428571428565,stop,-12.664285714285572,-1.118443316412854,-1.177664974619284,-1.2368866328257142
control,train,EURUSD,2019-10-01,2019-10-07T07:00:00+00:00,2019-10-07T10:00:00+00:00,1,1.09799,1.0967235714285715,1.0967235714285715,12.66428571428565,stop,-12.664285714285572,-1.118443316412854,-1.177664974619284,-1.2368866328257142
candidate,train,USDJPY,2019-10-01,2019-10-07T07:00:00+00:00,2019-10-07T16:00:00+00:00,1,106.825,106.908,106.64275,18.22499999999993,time_exit,8.29999999999984,0.37311385459532875,0.331961591220843,0.29080932784635727
control,train,USDJPY,2019-10-01,2019-10-07T07:00:00+00:00,2019-10-07T16:00:00+00:00,1,106.825,106.908,106.64275,18.22499999999993,time_exit,8.29999999999984,0.37311385459532875,0.331961591220843,0.29080932784635727
candidate,train,EURUSD,2019-10-08,2019-10-14T07:00:00+00:00,2019-10-14T09:00:00+00:00,1,1.10312,1.1014978571428573,1.1014978571428573,16.221428571428497,stop,-16.221428571427943,-1.0924702774107984,-1.138705416116215,-1.1849405548216312
control,train,EURUSD,2019-10-08,2019-10-14T07:00:00+00:00,2019-10-14T16:00:00+00:00,-1,1.10312,1.10243,1.104742142857143,16.221428571428497,time_exit,6.900000000000794,0.33289299867904654,0.2866578599736302,0.24042272126821387
candidate,train,USDJPY,2019-10-08,2019-10-14T07:00:00+00:00,2019-10-14T16:00:00+00:00,-1,108.305,108.273,108.53664285714287,23.16428571428563,time_exit,3.2000000000010687,0.07338883749619195,0.041011409189068794,0.008633980881945641
control,train,USDJPY,2019-10-08,2019-10-14T07:00:00+00:00,2019-10-14T12:00:00+00:00,1,108.305,108.07335714285715,108.07335714285715,23.16428571428563,stop,-23.16428571428588,-1.0647548566142573,-1.0971322849213803,-1.1295097132285035
candidate,train,EURUSD,2019-10-15,2019-10-21T07:00:00+00:00,2019-10-21T16:00:00+00:00,1,1.11598,1.11608,1.1145475,14.32500000000011,time_exit,0.9999999999998899,-0.03490401396161301,-0.08726003490402098,-0.13961605584642897
control,train,EURUSD,2019-10-15,2019-10-21T07:00:00+00:00,2019-10-21T16:00:00+00:00,1,1.11598,1.11608,1.1145475,14.32500000000011,time_exit,0.9999999999998899,-0.03490401396161301,-0.08726003490402098,-0.13961605584642897
candidate,train,USDJPY,2019-10-15,2019-10-21T07:00:00+00:00,2019-10-21T16:00:00+00:00,1,108.483,108.523,108.34982142857143,13.31785714285709,time_exit,3.999999999999204,0.18771788683287208,0.13140252078299253,0.07508715473311298
control,train,USDJPY,2019-10-15,2019-10-21T07:00:00+00:00,2019-10-21T16:00:00+00:00,1,108.483,108.523,108.34982142857143,13.31785714285709,time_exit,3.999999999999204,0.18771788683287208,0.13140252078299253,0.07508715473311298
candidate,train,EURUSD,2019-10-22,2019-10-28T07:00:00+00:00,2019-10-28T16:00:00+00:00,1,1.10827,1.1094,1.107484642857143,7.853571428571493,time_exit,11.299999999998533,1.2478399272394576,1.1523419736241787,1.0568440200088998
control,train,EURUSD,2019-10-22,2019-10-28T07:00:00+00:00,2019-10-28T16:00:00+00:00,1,1.10827,1.1094,1.107484642857143,7.853571428571493,time_exit,11.299999999998533,1.2478399272394576,1.1523419736241787,1.0568440200088998
candidate,train,USDJPY,2019-10-22,2019-10-28T07:00:00+00:00,2019-10-28T11:00:00+00:00,1,108.766,108.67225,108.67225,9.374999999999847,stop,-9.375,-1.1600000000000188,-1.2400000000000202,-1.3200000000000216
control,train,USDJPY,2019-10-22,2019-10-28T07:00:00+00:00,2019-10-28T11:00:00+00:00,1,108.766,108.67225,108.67225,9.374999999999847,stop,-9.375,-1.1600000000000188,-1.2400000000000202,-1.3200000000000216
candidate,train,EURUSD,2019-10-29,2019-11-04T07:00:00+00:00,2019-11-04T10:00:00+00:00,1,1.11694,1.1157882142857143,1.1157882142857143,11.517857142856945,stop,-11.51785714285758,-1.1302325581395922,-1.1953488372093608,-1.2604651162791294
control,train,EURUSD,2019-10-29,2019-11-04T07:00:00+00:00,2019-11-04T10:00:00+00:00,1,1.11694,1.1157882142857143,1.1157882142857143,11.517857142856945,stop,-11.51785714285758,-1.1302325581395922,-1.1953488372093608,-1.2604651162791294
candidate,train,USDJPY,2019-10-29,2019-11-04T07:00:00+00:00,2019-11-04T10:00:00+00:00,-1,108.222,108.33428571428571,108.33428571428571,11.228571428571598,stop,-11.228571428571854,-1.1335877862595627,-1.2003816793893327,-1.2671755725191027
control,train,USDJPY,2019-10-29,2019-11-04T07:00:00+00:00,2019-11-04T16:00:00+00:00,1,108.222,108.448,108.10971428571428,11.228571428571598,time_exit,22.59999999999991,1.8791348600508542,1.8123409669210842,1.7455470737913141
candidate,train,EURUSD,2019-11-05,2019-11-11T07:00:00+00:00,2019-11-11T11:00:00+00:00,-1,1.10235,1.1030775,1.1030775,7.2750000000003165,stop,-7.27499999999992,-1.206185567010246,-1.309278350515396,-1.4123711340205463
control,train,EURUSD,2019-11-05,2019-11-11T07:00:00+00:00,2019-11-11T11:00:00+00:00,-1,1.10235,1.1030775,1.1030775,7.2750000000003165,stop,-7.27499999999992,-1.206185567010246,-1.309278350515396,-1.4123711340205463
candidate,train,USDJPY,2019-11-05,2019-11-11T07:00:00+00:00,2019-11-11T09:00:00+00:00,1,109.034,108.91892857142858,108.91892857142858,11.50714285714299,stop,-11.507142857142583,-1.1303538175046186,-1.1955307262569457,-1.2607076350092727
control,train,USDJPY,2019-11-05,2019-11-11T07:00:00+00:00,2019-11-11T09:00:00+00:00,1,109.034,108.91892857142858,108.91892857142858,11.50714285714299,stop,-11.507142857142583,-1.1303538175046186,-1.1955307262569457,-1.2607076350092727
candidate,train,EURUSD,2019-11-12,2019-11-18T07:00:00+00:00,2019-11-18T16:00:00+00:00,1,1.1061,1.10564,1.1053103571428573,7.896428571428915,time_exit,-4.60000000000127,-0.7725011307102131,-0.8674807779286622,-0.9624604251471113
control,train,EURUSD,2019-11-12,2019-11-18T07:00:00+00:00,2019-11-18T16:00:00+00:00,1,1.1061,1.10564,1.1053103571428573,7.896428571428915,time_exit,-4.60000000000127,-0.7725011307102131,-0.8674807779286622,-0.9624604251471113
candidate,train,USDJPY,2019-11-12,2019-11-18T07:00:00+00:00,2019-11-18T09:00:00+00:00,-1,108.812,108.90832142857143,108.90832142857143,9.63214285714302,stop,-9.632142857142867,-1.1557285873192251,-1.2335928809788457,-1.311457174638466
control,train,USDJPY,2019-11-12,2019-11-18T07:00:00+00:00,2019-11-18T15:00:00+00:00,1,108.812,108.71567857142857,108.71567857142857,9.63214285714302,stop,-9.632142857142867,-1.1557285873192251,-1.2335928809788457,-1.311457174638466
candidate,train,EURUSD,2019-11-19,2019-11-25T07:00:00+00:00,2019-11-25T11:00:00+00:00,1,1.1022,1.1012625,1.1012625,9.375000000000277,stop,-9.375000000000355,-1.1600000000000037,-1.2400000000000013,-1.319999999999999
control,train,EURUSD,2019-11-19,2019-11-25T07:00:00+00:00,2019-11-25T11:00:00+00:00,1,1.1022,1.1012625,1.1012625,9.375000000000277,stop,-9.375000000000355,-1.1600000000000037,-1.2400000000000013,-1.319999999999999
candidate,train,USDJPY,2019-11-19,2019-11-25T07:00:00+00:00,2019-11-25T07:00:00+00:00,-1,108.736,108.83917857142858,108.83917857142858,10.317857142857079,stop,-10.317857142857179,-1.1453790238837074,-1.218068535825556,-1.290758047767405
control,train,USDJPY,2019-11-19,2019-11-25T07:00:00+00:00,2019-11-25T07:00:00+00:00,-1,108.736,108.83917857142858,108.83917857142858,10.317857142857079,stop,-10.317857142857179,-1.1453790238837074,-1.218068535825556,-1.290758047767405
candidate,train,EURUSD,2019-11-26,2019-12-02T07:00:00+00:00,2019-12-02T15:00:00+00:00,-1,1.10186,1.1029378571428572,1.1029378571428572,10.778571428571146,stop,-10.778571428571304,-1.139165009940376,-1.2087475149105569,-1.2783300198807377
control,train,EURUSD,2019-11-26,2019-12-02T07:00:00+00:00,2019-12-02T15:00:00+00:00,-1,1.10186,1.1029378571428572,1.1029378571428572,10.778571428571146,stop,-10.778571428571304,-1.139165009940376,-1.2087475149105569,-1.2783300198807377
candidate,train,USDJPY,2019-11-26,2019-12-02T07:00:00+00:00,2019-12-02T13:00:00+00:00,1,109.639,109.52778571428571,109.52778571428571,11.12142857142808,stop,-11.121428571428282,-1.13487475915224,-1.2023121387283509,-1.2697495183044618
control,train,USDJPY,2019-11-26,2019-12-02T07:00:00+00:00,2019-12-02T13:00:00+00:00,1,109.639,109.52778571428571,109.52778571428571,11.12142857142808,stop,-11.121428571428282,-1.13487475915224,-1.2023121387283509,-1.2697495183044618
candidate,train,EURUSD,2019-12-03,2019-12-09T07:00:00+00:00,2019-12-09T16:00:00+00:00,1,1.10564,1.10751,1.104730357142857,9.096428571427973,time_exit,18.700000000000383,1.8908519827249408,1.8084020416177504,1.72595210051056
control,train,EURUSD,2019-12-03,2019-12-09T07:00:00+00:00,2019-12-09T16:00:00+00:00,1,1.10564,1.10751,1.104730357142857,9.096428571427973,time_exit,18.700000000000383,1.8908519827249408,1.8084020416177504,1.72595210051056
candidate,train,USDJPY,2019-12-03,2019-12-09T07:00:00+00:00,2019-12-09T16:00:00+00:00,-1,108.575,108.473,108.68942857142858,11.442857142856965,time_exit,10.200000000000387,0.7602996254682104,0.6947565543071607,0.6292134831461109
control,train,USDJPY,2019-12-03,2019-12-09T07:00:00+00:00,2019-12-09T11:00:00+00:00,1,108.575,108.46057142857143,108.46057142857143,11.442857142856965,stop,-11.442857142857576,-1.1310861423221528,-1.1966292134832026,-1.2621722846442522
candidate,train,EURUSD,2019-12-10,2019-12-16T07:00:00+00:00,2019-12-16T09:00:00+00:00,-1,1.11327,1.1148482142857143,1.1148482142857143,15.782142857142997,stop,-15.782142857143633,-1.0950441276307252,-1.1425661914460676,-1.19008825526141
control,train,EURUSD,2019-12-10,2019-12-16T07:00:00+00:00,2019-12-16T09:00:00+00:00,-1,1.11327,1.1148482142857143,1.1148482142857143,15.782142857142997,stop,-15.782142857143633,-1.0950441276307252,-1.1425661914460676,-1.19008825526141
candidate,train,USDJPY,2019-12-10,2019-12-16T07:00:00+00:00,2019-12-16T16:00:00+00:00,-1,109.381,109.435,109.504,12.300000000000264,time_exit,-5.400000000000205,-0.5609756097561022,-0.6219512195121984,-0.6829268292682947
control,train,USDJPY,2019-12-10,2019-12-16T07:00:00+00:00,2019-12-16T16:00:00+00:00,-1,109.381,109.435,109.504,12.300000000000264,time_exit,-5.400000000000205,-0.5609756097561022,-0.6219512195121984,-0.6829268292682947
candidate,train,EURUSD,2019-12-17,2019-12-23T07:00:00+00:00,2019-12-23T10:00:00+00:00,-1,1.10782,1.1087242857142858,1.1087242857142858,9.042857142857144,stop,-9.042857142858018,-1.1658767772512815,-1.2488151658768738,-1.3317535545024664
control,train,EURUSD,2019-12-17,2019-12-23T07:00:00+00:00,2019-12-23T10:00:00+00:00,-1,1.10782,1.1087242857142858,1.1087242857142858,9.042857142857144,stop,-9.042857142858018,-1.1658767772512815,-1.2488151658768738,-1.3317535545024664
candidate,train,USDJPY,2019-12-17,2019-12-23T07:00:00+00:00,2019-12-23T16:00:00+00:00,1,109.424,109.393,109.33217857142857,9.182142857143155,time_exit,-3.100000000000591,-0.5009723842863181,-0.5826526643329898,-0.6643329443796616
control,train,USDJPY,2019-12-17,2019-12-23T07:00:00+00:00,2019-12-23T16:00:00+00:00,1,109.424,109.393,109.33217857142857,9.182142857143155,time_exit,-3.100000000000591,-0.5009723842863181,-0.5826526643329898,-0.6643329443796616
candidate,train,EURUSD,2019-12-24,2019-12-30T07:00:00+00:00,2019-12-30T16:00:00+00:00,-1,1.11967,1.11947,1.1212557142857142,15.857142857142774,time_exit,1.9999999999997797,0.031531531531517804,-0.01576576576577974,-0.06306306306307728
control,train,EURUSD,2019-12-24,2019-12-30T07:00:00+00:00,2019-12-30T16:00:00+00:00,-1,1.11967,1.11947,1.1212557142857142,15.857142857142774,time_exit,1.9999999999997797,0.031531531531517804,-0.01576576576577974,-0.06306306306307728
candidate,train,USDJPY,2019-12-24,2019-12-30T07:00:00+00:00,2019-12-30T16:00:00+00:00,-1,109.137,109.167,109.27103571428572,13.403571428571482,time_exit,-3.0000000000001137,-0.33573141486811264,-0.39168665067946334,-0.44764188649081404
control,train,USDJPY,2019-12-24,2019-12-30T07:00:00+00:00,2019-12-30T16:00:00+00:00,-1,109.137,109.167,109.27103571428572,13.403571428571482,time_exit,-3.0000000000001137,-0.33573141486811264,-0.39168665067946334,-0.44764188649081404
candidate,train,EURUSD,2019-12-31,2020-01-06T07:00:00+00:00,2020-01-06T16:00:00+00:00,1,1.11642,1.11976,1.1151782142857143,12.417857142856656,time_exit,33.40000000000121,2.5688812194422455,2.508484325568214,2.4480874316941823
control,train,EURUSD,2019-12-31,2020-01-06T07:00:00+00:00,2020-01-06T10:00:00+00:00,-1,1.11642,1.1176617857142856,1.1176617857142856,12.417857142856656,stop,-12.417857142856814,-1.120793787748076,-1.1811906816221078,-1.2415875754961396
candidate,train,USDJPY,2019-12-31,2020-01-06T07:00:00+00:00,2020-01-06T16:00:00+00:00,-1,108.061,108.118,108.27260714285714,21.16071428571392,time_exit,-5.699999999998795,-0.34025316455691096,-0.37569620253159514,-0.4111392405062793
control,train,USDJPY,2019-12-31,2020-01-06T07:00:00+00:00,2020-01-06T16:00:00+00:00,1,108.061,108.118,107.84939285714287,21.16071428571392,time_exit,5.699999999998795,0.19848101265817433,0.16303797468349018,0.12759493670880603
candidate,train,EURUSD,2020-01-07,2020-01-13T07:00:00+00:00,2020-01-13T16:00:00+00:00,-1,1.11271,1.11187,1.1136657142857143,9.557142857142422,time_exit,8.40000000000174,0.7219730941706185,0.643497757847745,0.5650224215248714
control,train,EURUSD,2020-01-07,2020-01-13T07:00:00+00:00,2020-01-13T11:00:00+00:00,1,1.11271,1.111754285714286,1.111754285714286,9.557142857142422,stop,-9.55714285714171,-1.1569506726456724,-1.235426008968546,-1.3139013452914197
candidate,train,USDJPY,2020-01-07,2020-01-13T07:00:00+00:00,2020-01-13T16:00:00+00:00,1,109.626,109.846,109.5392142857143,8.678571428571452,time_exit,21.999999999999886,2.362139917695454,2.275720164609034,2.189300411522615
control,train,USDJPY,2020-01-07,2020-01-13T07:00:00+00:00,2020-01-13T11:00:00+00:00,-1,109.626,109.71278571428572,109.71278571428572,8.678571428571452,stop,-8.678571428571047,-1.1728395061727923,-1.259259259259212,-1.3456790123456315
candidate,train,EURUSD,2020-01-14,2020-01-20T07:00:00+00:00,2020-01-20T11:00:00+00:00,1,1.10964,1.1088396428571428,1.1088396428571428,8.003571428571284,stop,-8.003571428571998,-1.187416331994738,-1.2811244979920622,-1.3748326639893864
control,train,EURUSD,2020-01-14,2020-01-20T07:00:00+00:00,2020-01-20T11:00:00+00:00,1,1.10964,1.1088396428571428,1.1088396428571428,8.003571428571284,stop,-8.003571428571998,-1.187416331994738,-1.2811244979920622,-1.3748326639893864
candidate,train,USDJPY,2020-01-14,2020-01-20T07:00:00+00:00,2020-01-20T16:00:00+00:00,1,110.184,110.182,110.10417857142858,7.982142857142755,time_exit,-0.19999999999953388,-0.21297539149882577,-0.30693512304245113,-0.4008948545860765
control,train,USDJPY,2020-01-14,2020-01-20T07:00:00+00:00,2020-01-20T16:00:00+00:00,1,110.184,110.182,110.10417857142858,7.982142857142755,time_exit,-0.19999999999953388,-0.21297539149882577,-0.30693512304245113,-0.4008948545860765
candidate,train,EURUSD,2020-01-21,2020-01-27T07:00:00+00:00,2020-01-27T09:00:00+00:00,-1,1.10277,1.1037117857142857,1.1037117857142857,9.417857142857223,stop,-9.417857142857144,-1.1592718998862248,-1.2389078498293413,-1.3185437997724576
control,train,EURUSD,2020-01-21,2020-01-27T07:00:00+00:00,2020-01-27T11:00:00+00:00,1,1.10277,1.1018282142857143,1.1018282142857143,9.417857142857223,stop,-9.417857142857144,-1.1592718998862248,-1.2389078498293413,-1.3185437997724576
candidate,train,USDJPY,2020-01-21,2020-01-27T07:00:00+00:00,2020-01-27T11:00:00+00:00,1,109.099,108.8787142857143,108.8787142857143,22.028571428571553,stop,-22.028571428570842,-1.0680933852139751,-1.102140077820979,-1.1361867704279824
control,train,USDJPY,2020-01-21,2020-01-27T07:00:00+00:00,2020-01-27T11:00:00+00:00,1,109.099,108.8787142857143,108.8787142857143,22.028571428571553,stop,-22.028571428570842,-1.0680933852139751,-1.102140077820979,-1.1361867704279824
candidate,train,EURUSD,2020-01-28,2020-02-03T07:00:00+00:00,2020-02-03T16:00:00+00:00,-1,1.10817,1.1063,1.1095114285714287,13.414285714285331,time_exit,18.700000000000383,1.2822151224707787,1.2263045793397866,1.1703940362087948
control,train,EURUSD,2020-01-28,2020-02-03T07:00:00+00:00,2020-02-03T16:00:00+00:00,-1,1.10817,1.1063,1.1095114285714287,13.414285714285331,time_exit,18.700000000000383,1.2822151224707787,1.2263045793397866,1.1703940362087948
candidate,train,USDJPY,2020-01-28,2020-02-03T07:00:00+00:00,2020-02-03T16:00:00+00:00,-1,108.476,108.54,108.69885714285714,22.285714285714114,time_exit,-6.400000000000716,-0.35448717948721437,-0.3881410256410608,-0.42179487179490716
control,train,USDJPY,2020-01-28,2020-02-03T07:00:00+00:00,2020-02-03T16:00:00+00:00,-1,108.476,108.54,108.69885714285714,22.285714285714114,time_exit,-6.400000000000716,-0.35448717948721437,-0.3881410256410608,-0.42179487179490716
candidate,train,EURUSD,2020-02-04,2020-02-10T07:00:00+00:00,2020-02-10T16:00:00+00:00,-1,1.09567,1.09326,1.0967403571428571,10.703571428571367,time_exit,24.100000000000232,2.1114447781114785,2.041374708041408,1.9713046379713377
control,train,EURUSD,2020-02-04,2020-02-10T07:00:00+00:00,2020-02-10T16:00:00+00:00,-1,1.09567,1.09326,1.0967403571428571,10.703571428571367,time_exit,24.100000000000232,2.1114447781114785,2.041374708041408,1.9713046379713377
candidate,train,USDJPY,2020-02-04,2020-02-10T07:00:00+00:00,2020-02-10T16:00:00+00:00,1,109.732,109.738,109.56914285714285,16.285714285714242,time_exit,0.6000000000000227,-0.05526315789473559,-0.10131578947368308,-0.14736842105263057
control,train,USDJPY,2020-02-04,2020-02-10T07:00:00+00:00,2020-02-10T16:00:00+00:00,-1,109.732,109.738,109.89485714285715,16.285714285714242,time_exit,-0.6000000000000227,-0.12894736842105436,-0.17500000000000188,-0.22105263157894936
candidate,train,EURUSD,2020-02-11,2020-02-17T07:00:00+00:00,2020-02-17T16:00:00+00:00,1,1.08376,1.0836,1.0826960714285716,10.639285714284995,time_exit,-1.6000000000016001,-0.29137294394108987,-0.36186639812034943,-0.432359852299609
control,train,EURUSD,2020-02-11,2020-02-17T07:00:00+00:00,2020-02-17T11:00:00+00:00,-1,1.08376,1.0848239285714285,1.0848239285714285,10.639285714284995,stop,-10.639285714284519,-1.1409869083584743,-1.211480362537734,-1.2819738167169934
candidate,train,USDJPY,2020-02-11,2020-02-17T07:00:00+00:00,2020-02-17T16:00:00+00:00,-1,109.831,109.871,109.91939285714285,8.83928571428544,time_exit,-3.999999999999204,-0.6222222222221515,-0.707070707070639,-0.7919191919191265
control,train,USDJPY,2020-02-11,2020-02-17T07:00:00+00:00,2020-02-17T16:00:00+00:00,1,109.831,109.871,109.74260714285715,8.83928571428544,time_exit,3.999999999999204,0.28282828282820155,0.1979797979797141,0.11313131313122661
candidate,train,EURUSD,2020-02-18,2020-02-24T07:00:00+00:00,2020-02-24T11:00:00+00:00,-1,1.08212,1.0838353571428572,1.0838353571428572,17.153571428571514,stop,-17.15357142857199,-1.0874453466583658,-1.131168019987535,-1.174890693316704
control,train,EURUSD,2020-02-18,2020-02-24T07:00:00+00:00,2020-02-24T11:00:00+00:00,-1,1.08212,1.0838353571428572,1.0838353571428572,17.153571428571514,stop,-17.15357142857199,-1.0874453466583658,-1.131168019987535,-1.174890693316704
candidate,train,USDJPY,2020-02-18,2020-02-24T07:00:00+00:00,2020-02-24T10:00:00+00:00,1,111.566,111.35975,111.35975,20.624999999999666,stop,-20.624999999999716,-1.0727272727272763,-1.1090909090909133,-1.1454545454545502
control,train,USDJPY,2020-02-18,2020-02-24T07:00:00+00:00,2020-02-24T10:00:00+00:00,1,111.566,111.35975,111.35975,20.624999999999666,stop,-20.624999999999716,-1.0727272727272763,-1.1090909090909133,-1.1454545454545502
candidate,train,EURUSD,2020-02-25,2020-03-02T07:00:00+00:00,2020-03-02T10:00:00+00:00,-1,1.10526,1.108389642857143,1.108389642857143,31.296428571429242,stop,-31.296428571430113,-1.0479287915097837,-1.0718931872646618,-1.0958575830195396
control,train,EURUSD,2020-02-25,2020-03-02T07:00:00+00:00,2020-03-02T10:00:00+00:00,-1,1.10526,1.108389642857143,1.108389642857143,31.296428571429242,stop,-31.296428571430113,-1.0479287915097837,-1.0718931872646618,-1.0958575830195396
candidate,train,USDJPY,2020-02-25,2020-03-02T07:00:00+00:00,2020-03-02T16:00:00+00:00,1,108.125,107.68,107.48739285714286,63.76071428571406,time_exit,-44.49999999999932,-0.7214473757911755,-0.7332101047442926,-0.7449728336974097
control,train,USDJPY,2020-02-25,2020-03-02T07:00:00+00:00,2020-03-02T16:00:00+00:00,1,108.125,107.68,107.48739285714286,63.76071428571406,time_exit,-44.49999999999932,-0.7214473757911755,-0.7332101047442926,-0.7449728336974097
candidate,train,EURUSD,2020-03-03,2020-03-09T07:00:00+00:00,2020-03-09T16:00:00+00:00,1,1.14008,1.1400299999999999,1.132742857142857,73.37142857142915,time_exit,-0.5000000000010552,-0.02725856697820731,-0.03748052959502966,-0.047702492211852014
control,train,EURUSD,2020-03-03,2020-03-09T07:00:00+00:00,2020-03-09T16:00:00+00:00,1,1.14008,1.1400299999999999,1.132742857142857,73.37142857142915,time_exit,-0.5000000000010552,-0.02725856697820731,-0.03748052959502966,-0.047702492211852014
candidate,train,USDJPY,2020-03-03,2020-03-09T07:00:00+00:00,2020-03-09T16:00:00+00:00,-1,102.816,102.446,103.91207142857144,109.60714285714306,time_exit,37.000000000000455,0.3238840013033597,0.31704138155751416,0.3101987618116686
control,train,USDJPY,2020-03-03,2020-03-09T07:00:00+00:00,2020-03-09T15:00:00+00:00,1,102.816,101.71992857142857,101.71992857142857,109.60714285714306,stop,-109.60714285714346,-1.0136852394916946,-1.0205278592375402,-1.0273704789833857
candidate,train,EURUSD,2020-03-10,2020-03-16T07:00:00+00:00,2020-03-16T16:00:00+00:00,1,1.11331,1.11489,1.1067185714285714,65.91428571428597,time_exit,15.799999999999148,0.2169484178586772,0.20557000433462,0.19419159081056284
control,train,EURUSD,2020-03-10,2020-03-16T07:00:00+00:00,2020-03-16T16:00:00+00:00,1,1.11331,1.11489,1.1067185714285714,65.91428571428597,time_exit,15.799999999999148,0.2169484178586772,0.20557000433462,0.19419159081056284
candidate,train,USDJPY,2020-03-10,2020-03-16T07:00:00+00:00,2020-03-16T16:00:00+00:00,-1,106.783,105.767,107.9035,112.04999999999983,time_exit,101.60000000000053,0.8933511825078152,0.8866577420794349,0.8799643016510548
control,train,USDJPY,2020-03-10,2020-03-16T07:00:00+00:00,2020-03-16T16:00:00+00:00,-1,106.783,105.767,107.9035,112.04999999999983,time_exit,101.60000000000053,0.8933511825078152,0.8866577420794349,0.8799643016510548
candidate,train,EURUSD,2020-03-17,2020-03-23T07:00:00+00:00,2020-03-23T14:00:00+00:00,-1,1.07357,1.0801464285714286,1.0801464285714286,65.76428571428593,stop,-65.76428571428706,-1.0228087324861688,-1.0342130987292448,-1.0456174649723207
control,train,EURUSD,2020-03-17,2020-03-23T07:00:00+00:00,2020-03-23T12:00:00+00:00,1,1.07357,1.0669935714285712,1.0669935714285712,65.76428571428593,stop,-65.76428571428706,-1.0228087324861688,-1.0342130987292448,-1.0456174649723207
candidate,train,USDJPY,2020-03-17,2020-03-23T07:00:00+00:00,2020-03-23T16:00:00+00:00,1,110.084,110.6,109.33967857142858,74.43214285714274,time_exit,51.59999999999911,0.6730963005613826,0.6630200086368108,0.652943716712239
control,train,USDJPY,2020-03-17,2020-03-23T07:00:00+00:00,2020-03-23T13:00:00+00:00,-1,110.084,110.82832142857143,110.82832142857143,74.43214285714274,stop,-74.43214285714248,-1.02015258384914,-1.030228875773712,-1.0403051676982837
candidate,train,EURUSD,2020-03-24,2020-03-30T07:00:00+00:00,2020-03-30T16:00:00+00:00,-1,1.10802,1.10152,1.1126817857142857,46.61785714285755,time_exit,64.9999999999995,1.3621389718838355,1.3460507163104043,1.3299624607369729
control,train,EURUSD,2020-03-24,2020-03-30T07:00:00+00:00,2020-03-30T15:00:00+00:00,1,1.10802,1.1033582142857143,1.1033582142857143,46.61785714285755,stop,-46.6178571428566,-1.0321765111468422,-1.0482647667202734,-1.0643530222937045
candidate,train,USDJPY,2020-03-24,2020-03-30T07:00:00+00:00,2020-03-30T16:00:00+00:00,1,107.353,108.267,106.89067857142857,46.232142857142684,time_exit,91.40000000000015,1.9445345693317988,1.9283120896098984,1.912089609887998
control,train,USDJPY,2020-03-24,2020-03-30T07:00:00+00:00,2020-03-30T08:00:00+00:00,-1,107.353,107.81532142857142,107.81532142857142,46.232142857142684,stop,-46.23214285714283,-1.032444959443804,-1.0486674391657045,-1.0648899188876049
candidate,train,EURUSD,2020-03-31,2020-04-06T07:00:00+00:00,2020-04-06T11:00:00+00:00,1,1.08147,1.0786757142857142,1.0786757142857142,27.94285714285701,stop,-27.94285714285749,-1.0536809815951094,-1.0805214723926555,-1.1073619631902016
control,train,EURUSD,2020-03-31,2020-04-06T07:00:00+00:00,2020-04-06T11:00:00+00:00,1,1.08147,1.0786757142857142,1.0786757142857142,27.94285714285701,stop,-27.94285714285749,-1.0536809815951094,-1.0805214723926555,-1.1073619631902016
candidate,train,USDJPY,2020-03-31,2020-04-06T07:00:00+00:00,2020-04-06T09:00:00+00:00,-1,108.859,109.16767857142857,109.16767857142857,30.867857142857297,stop,-30.867857142857247,-1.048594238111765,-1.0728913571676482,-1.0971884762235313
control,train,USDJPY,2020-03-31,2020-04-06T07:00:00+00:00,2020-04-06T16:00:00+00:00,1,108.859,109.035,108.55032142857142,30.867857142857297,time_exit,17.600000000000193,0.5215781557329667,0.4972810366770835,0.47298391762120023
candidate,train,EURUSD,2020-04-07,2020-04-13T07:00:00+00:00,2020-04-13T13:00:00+00:00,1,1.09332,1.0919667857142858,1.0919667857142858,13.53214285714277,stop,-13.532142857142215,-1.1108471892319471,-1.1662707838479411,-1.2216943784639351
control,train,EURUSD,2020-04-07,2020-04-13T07:00:00+00:00,2020-04-13T13:00:00+00:00,1,1.09332,1.0919667857142858,1.0919667857142858,13.53214285714277,stop,-13.532142857142215,-1.1108471892319471,-1.1662707838479411,-1.2216943784639351
candidate,train,USDJPY,2020-04-07,2020-04-13T07:00:00+00:00,2020-04-13T16:00:00+00:00,-1,108.056,107.899,108.22817857142857,17.217857142857287,time_exit,15.699999999999648,0.8247251607550027,0.781165733250336,0.7376063057456692
control,train,USDJPY,2020-04-07,2020-04-13T07:00:00+00:00,2020-04-13T16:00:00+00:00,-1,108.056,107.899,108.22817857142857,17.217857142857287,time_exit,15.699999999999648,0.8247251607550027,0.781165733250336,0.7376063057456692
candidate,train,EURUSD,2020-04-14,2020-04-20T07:00:00+00:00,2020-04-20T09:00:00+00:00,1,1.08609,1.0841496428571429,1.0841496428571429,19.40357142857103,stop,-19.403571428571187,-1.077305356156829,-1.1159580342352395,-1.1546107123136502
control,train,EURUSD,2020-04-14,2020-04-20T07:00:00+00:00,2020-04-20T09:00:00+00:00,1,1.08609,1.0841496428571429,1.0841496428571429,19.40357142857103,stop,-19.403571428571187,-1.077305356156829,-1.1159580342352395,-1.1546107123136502
candidate,train,USDJPY,2020-04-14,2020-04-20T07:00:00+00:00,2020-04-20T16:00:00+00:00,-1,107.843,107.743,108.06317857142857,22.017857142856755,time_exit,10.000000000000853,0.38605028386054835,0.3519870235199152,0.31792376317928195
control,train,USDJPY,2020-04-14,2020-04-20T07:00:00+00:00,2020-04-20T12:00:00+00:00,1,107.843,107.62282142857144,107.62282142857144,22.017857142856755,stop,-22.0178571428562,-1.0681265206812411,-1.1021897810218744,-1.1362530413625076
candidate,train,EURUSD,2020-04-21,2020-04-27T07:00:00+00:00,2020-04-27T16:00:00+00:00,1,1.08317,1.08509,1.081180357142857,19.896428571428782,time_exit,19.200000000001438,0.8896068928379735,0.8519116855143336,0.8142164781906938
control,train,EURUSD,2020-04-21,2020-04-27T07:00:00+00:00,2020-04-27T16:00:00+00:00,1,1.08317,1.08509,1.081180357142857,19.896428571428782,time_exit,19.200000000001438,0.8896068928379735,0.8519116855143336,0.8142164781906938
candidate,train,USDJPY,2020-04-21,2020-04-27T07:00:00+00:00,2020-04-27T09:00:00+00:00,1,107.352,107.1825,107.1825,16.950000000000237,stop,-16.949999999999932,-1.0884955752212198,-1.1327433628318386,-1.1769911504424573
control,train,USDJPY,2020-04-21,2020-04-27T07:00:00+00:00,2020-04-27T16:00:00+00:00,-1,107.352,107.08,107.5215,16.950000000000237,time_exit,27.200000000000557,1.516224188790572,1.4719764011799532,1.4277286135693343
candidate,train,EURUSD,2020-04-28,2020-05-04T07:00:00+00:00,2020-05-04T16:00:00+00:00,1,1.09424,1.09346,1.0921582142857145,20.81785714285673,time_exit,-7.800000000000029,-0.44673185795163145,-0.48275862068966613,-0.5187853834277008
control,train,EURUSD,2020-04-28,2020-05-04T07:00:00+00:00,2020-05-04T16:00:00+00:00,-1,1.09424,1.09346,1.0963217857142857,20.81785714285673,time_exit,7.800000000000029,0.30262480699949273,0.26659804426145806,0.23057128152342335
candidate,train,USDJPY,2020-04-28,2020-05-04T07:00:00+00:00,2020-05-04T16:00:00+00:00,-1,106.762,106.868,106.95678571428572,19.478571428571257,time_exit,-10.599999999999454,-0.6211954528785987,-0.6596993032636375,-0.6982031536486764
control,train,USDJPY,2020-04-28,2020-05-04T07:00:00+00:00,2020-05-04T16:00:00+00:00,-1,106.762,106.868,106.95678571428572,19.478571428571257,time_exit,-10.599999999999454,-0.6211954528785987,-0.6596993032636375,-0.6982031536486764
candidate,train,EURUSD,2020-05-05,2020-05-11T07:00:00+00:00,2020-05-11T16:00:00+00:00,-1,1.08471,1.08202,1.0869707142857143,22.607142857143224,time_exit,26.900000000000812,1.1235387045813763,1.09036334913114,1.0571879936809034
control,train,EURUSD,2020-05-05,2020-05-11T07:00:00+00:00,2020-05-11T16:00:00+00:00,-1,1.08471,1.08202,1.0869707142857143,22.607142857143224,time_exit,26.900000000000812,1.1235387045813763,1.09036334913114,1.0571879936809034
candidate,train,USDJPY,2020-05-05,2020-05-11T07:00:00+00:00,2020-05-11T09:00:00+00:00,-1,106.91,107.13125,107.13125,22.12499999999967,stop,-22.124999999999773,-1.0677966101694971,-1.1016949152542435,-1.1355932203389898
control,train,USDJPY,2020-05-05,2020-05-11T07:00:00+00:00,2020-05-11T09:00:00+00:00,-1,106.91,107.13125,107.13125,22.12499999999967,stop,-22.124999999999773,-1.0677966101694971,-1.1016949152542435,-1.1355932203389898
candidate,train,EURUSD,2020-05-12,2020-05-18T07:00:00+00:00,2020-05-18T10:00:00+00:00,1,1.08236,1.0807882142857144,1.0807882142857144,15.717857142856863,stop,-15.717857142856229,-1.0954328561690139,-1.143149284253541,-1.190865712338068
control,train,EURUSD,2020-05-12,2020-05-18T07:00:00+00:00,2020-05-18T15:00:00+00:00,-1,1.08236,1.0839317857142856,1.0839317857142856,15.717857142856863,stop,-15.717857142856229,-1.0954328561690139,-1.143149284253541,-1.190865712338068
candidate,train,USDJPY,2020-05-12,2020-05-18T07:00:00+00:00,2020-05-18T16:00:00+00:00,1,107.134,107.448,106.95828571428571,17.571428571428577,time_exit,31.399999999999295,1.701626016260122,1.6589430894308537,1.6162601626015853
control,train,USDJPY,2020-05-12,2020-05-18T07:00:00+00:00,2020-05-18T16:00:00+00:00,1,107.134,107.448,106.95828571428571,17.571428571428577,time_exit,31.399999999999295,1.701626016260122,1.6589430894308537,1.6162601626015853
candidate,train,EURUSD,2020-05-19,2020-05-25T07:00:00+00:00,2020-05-25T09:00:00+00:00,1,1.08893,1.0876389285714285,1.0876389285714285,12.910714285714173,stop,-12.91071428571433,-1.1161825726141212,-1.1742738589211756,-1.23236514522823
control,train,EURUSD,2020-05-19,2020-05-25T07:00:00+00:00,2020-05-25T13:00:00+00:00,-1,1.08893,1.0902210714285714,1.0902210714285714,12.910714285714173,stop,-12.91071428571433,-1.1161825726141212,-1.1742738589211756,-1.23236514522823
candidate,train,USDJPY,2020-05-19,2020-05-25T07:00:00+00:00,2020-05-25T16:00:00+00:00,1,107.723,107.686,107.60578571428572,11.721428571428508,time_exit,-3.699999999999193,-0.4436319317488671,-0.5076173065203483,-0.5716026812918295
control,train,USDJPY,2020-05-19,2020-05-25T07:00:00+00:00,2020-05-25T16:00:00+00:00,-1,107.723,107.686,107.84021428571428,11.721428571428508,time_exit,3.699999999999193,0.18769043266294252,0.12370505789146137,0.059719683119980216
candidate,train,EURUSD,2020-05-26,2020-06-01T07:00:00+00:00,2020-06-01T12:00:00+00:00,1,1.11328,1.1108500000000001,1.1108500000000001,24.300000000000274,stop,-24.299999999999322,-1.0617283950616885,-1.0925925925925524,-1.1234567901234163
control,train,EURUSD,2020-05-26,2020-06-01T07:00:00+00:00,2020-06-01T12:00:00+00:00,1,1.11328,1.1108500000000001,1.1108500000000001,24.300000000000274,stop,-24.299999999999322,-1.0617283950616885,-1.0925925925925524,-1.1234567901234163
candidate,train,USDJPY,2020-05-26,2020-06-01T07:00:00+00:00,2020-06-01T16:00:00+00:00,-1,107.633,107.707,107.82714285714285,19.41428571428554,time_exit,-7.399999999999807,-0.45842531272994264,-0.49705665930830945,-0.5356880058866762
control,train,USDJPY,2020-05-26,2020-06-01T07:00:00+00:00,2020-06-01T16:00:00+00:00,-1,107.633,107.707,107.82714285714285,19.41428571428554,time_exit,-7.399999999999807,-0.45842531272994264,-0.49705665930830945,-0.5356880058866762
candidate,train,EURUSD,2020-06-02,2020-06-08T07:00:00+00:00,2020-06-08T11:00:00+00:00,-1,1.12896,1.1313546428571428,1.1313546428571428,23.94642857142867,stop,-23.94642857142859,-1.0626398210290793,-1.0939597315436205,-1.1252796420581617
control,train,EURUSD,2020-06-02,2020-06-08T07:00:00+00:00,2020-06-08T11:00:00+00:00,-1,1.12896,1.1313546428571428,1.1313546428571428,23.94642857142867,stop,-23.94642857142859,-1.0626398210290793,-1.0939597315436205,-1.1252796420581617
candidate,train,USDJPY,2020-06-02,2020-06-08T07:00:00+00:00,2020-06-08T13:00:00+00:00,1,109.513,109.34425,109.34425,16.87499999999988,stop,-16.875000000000284,-1.0888888888889134,-1.1333333333333584,-1.1777777777778031
control,train,USDJPY,2020-06-02,2020-06-08T07:00:00+00:00,2020-06-08T13:00:00+00:00,1,109.513,109.34425,109.34425,16.87499999999988,stop,-16.875000000000284,-1.0888888888889134,-1.1333333333333584,-1.1777777777778031
candidate,train,EURUSD,2020-06-09,2020-06-15T07:00:00+00:00,2020-06-15T09:00:00+00:00,1,1.12635,1.1230285714285713,1.1230285714285713,33.214285714285865,stop,-33.21428571428697,-1.0451612903226137,-1.067741935483904,-1.0903225806451942
control,train,EURUSD,2020-06-09,2020-06-15T07:00:00+00:00,2020-06-15T16:00:00+00:00,-1,1.12635,1.12475,1.1296714285714287,33.214285714285865,time_exit,16.00000000000046,0.4365591397849581,0.4139784946236678,0.3913978494623776
candidate,train,USDJPY,2020-06-09,2020-06-15T07:00:00+00:00,2020-06-15T10:00:00+00:00,-1,107.169,107.37310714285714,107.37310714285714,20.41071428571415,stop,-20.410714285713993,-1.0734908136482868,-1.110236220472434,-1.1469816272965812
control,train,USDJPY,2020-06-09,2020-06-15T07:00:00+00:00,2020-06-15T16:00:00+00:00,1,107.169,107.416,106.96489285714286,20.41071428571415,time_exit,24.69999999999999,1.136657917760287,1.0999125109361398,1.0631671041119926
candidate,train,EURUSD,2020-06-16,2020-06-22T07:00:00+00:00,2020-06-22T16:00:00+00:00,1,1.1192,1.12208,1.1167142857142855,24.85714285714321,time_exit,28.799999999999937,1.0982758620689475,1.0681034482758445,1.0379310344827413
control,train,EURUSD,2020-06-16,2020-06-22T07:00:00+00:00,2020-06-22T16:00:00+00:00,1,1.1192,1.12208,1.1167142857142855,24.85714285714321,time_exit,28.799999999999937,1.0982758620689475,1.0681034482758445,1.0379310344827413
candidate,train,USDJPY,2020-06-16,2020-06-22T07:00:00+00:00,2020-06-22T16:00:00+00:00,1,106.884,106.874,106.731,15.299999999999969,time_exit,-1.0000000000005116,-0.1633986928104913,-0.21241830065362866,-0.261437908496766
control,train,USDJPY,2020-06-16,2020-06-22T07:00:00+00:00,2020-06-22T16:00:00+00:00,-1,106.884,106.874,107.037,15.299999999999969,time_exit,1.0000000000005116,-0.032679738562058136,-0.0816993464051955,-0.13071895424833285
candidate,train,EURUSD,2020-06-23,2020-06-29T07:00:00+00:00,2020-06-29T08:00:00+00:00,-1,1.12394,1.125605,1.125605,16.65000000000012,stop,-16.650000000000276,-1.090090090090099,-1.1351351351351435,-1.1801801801801883
control,train,EURUSD,2020-06-23,2020-06-29T07:00:00+00:00,2020-06-29T16:00:00+00:00,1,1.12394,1.1286,1.122275,16.65000000000012,time_exit,46.60000000000108,2.708708708708754,2.6636636636637094,2.618618618618665
candidate,train,USDJPY,2020-06-23,2020-06-29T07:00:00+00:00,2020-06-29T15:00:00+00:00,-1,107.14,107.30907142857143,107.30907142857143,16.907142857142585,stop,-16.907142857142787,-1.0887198986058435,-1.1330798479087594,-1.1774397972116752
control,train,USDJPY,2020-06-23,2020-06-29T07:00:00+00:00,2020-06-29T15:00:00+00:00,-1,107.14,107.30907142857143,107.30907142857143,16.907142857142585,stop,-16.907142857142787,-1.0887198986058435,-1.1330798479087594,-1.1774397972116752
candidate,train,EURUSD,2020-06-30,2020-07-06T07:00:00+00:00,2020-07-06T16:00:00+00:00,1,1.12826,1.1329500000000001,1.1268864285714286,13.73571428571458,time_exit,46.90000000000083,3.305252210088393,3.2506500260010305,3.196047841913668
control,train,EURUSD,2020-06-30,2020-07-06T07:00:00+00:00,2020-07-06T09:00:00+00:00,-1,1.12826,1.1296335714285715,1.1296335714285715,13.73571428571458,stop,-13.735714285714185,-1.1092043681746957,-1.1638065522620582,-1.2184087363494205
candidate,train,USDJPY,2020-06-30,2020-07-06T07:00:00+00:00,2020-07-06T10:00:00+00:00,1,107.686,107.59182142857144,107.59182142857144,9.4178571428575,stop,-9.417857142857144,-1.1592718998861906,-1.2389078498293047,-1.318543799772419
control,train,USDJPY,2020-06-30,2020-07-06T07:00:00+00:00,2020-07-06T10:00:00+00:00,1,107.686,107.59182142857144,107.59182142857144,9.4178571428575,stop,-9.417857142857144,-1.1592718998861906,-1.2389078498293047,-1.318543799772419
candidate,train,EURUSD,2020-07-07,2020-07-13T07:00:00+00:00,2020-07-13T16:00:00+00:00,-1,1.13266,1.13256,1.13431,16.49999999999961,time_exit,0.9999999999998899,-0.030303030303037697,-0.07575757575758423,-0.12121212121213076
control,train,EURUSD,2020-07-07,2020-07-13T07:00:00+00:00,2020-07-13T11:00:00+00:00,1,1.13266,1.13101,1.13101,16.49999999999961,stop,-16.499999999999293,-1.090909090909074,-1.1363636363636205,-1.181818181818167
candidate,train,USDJPY,2020-07-07,2020-07-13T07:00:00+00:00,2020-07-13T09:00:00+00:00,-1,106.827,106.93446428571428,106.93446428571428,10.746428571428268,stop,-10.746428571428623,-1.139581256231343,-1.209371884346998,-1.2791625124626531
control,train,USDJPY,2020-07-07,2020-07-13T07:00:00+00:00,2020-07-13T16:00:00+00:00,1,106.827,107.197,106.71953571428571,10.746428571428268,time_exit,37.000000000000455,3.3034230641410463,3.233632436025391,3.163841807909736
candidate,train,EURUSD,2020-07-14,2020-07-20T07:00:00+00:00,2020-07-20T07:00:00+00:00,-1,1.14188,1.1439810714285714,1.1439810714285714,21.010714285714183,stop,-21.010714285714105,-1.0713921468638417,-1.1070882202957644,-1.1427842937276869
control,train,EURUSD,2020-07-14,2020-07-20T07:00:00+00:00,2020-07-20T16:00:00+00:00,1,1.14188,1.14181,1.1397789285714286,21.010714285714183,time_exit,-0.700000000000145,-0.10470848206698004,-0.1404045554989027,-0.17610062893082537
candidate,train,USDJPY,2020-07-14,2020-07-20T07:00:00+00:00,2020-07-20T16:00:00+00:00,-1,107.357,107.167,107.51042857142858,15.342857142857468,time_exit,18.999999999999773,1.1405959031656965,1.0917132216014518,1.042830540037207
control,train,USDJPY,2020-07-14,2020-07-20T07:00:00+00:00,2020-07-20T16:00:00+00:00,-1,107.357,107.167,107.51042857142858,15.342857142857468,time_exit,18.999999999999773,1.1405959031656965,1.0917132216014518,1.042830540037207
candidate,train,EURUSD,2020-07-21,2020-07-27T07:00:00+00:00,2020-07-27T12:00:00+00:00,1,1.17105,1.168415357142857,1.168415357142857,26.346428571428213,stop,-26.34642857142877,-1.0569337128914411,-1.0854005693371513,-1.1138674257828614
control,train,EURUSD,2020-07-21,2020-07-27T07:00:00+00:00,2020-07-27T12:00:00+00:00,1,1.17105,1.168415357142857,1.168415357142857,26.346428571428213,stop,-26.34642857142877,-1.0569337128914411,-1.0854005693371513,-1.1138674257828614
candidate,train,USDJPY,2020-07-21,2020-07-27T07:00:00+00:00,2020-07-27T16:00:00+00:00,-1,105.563,105.418,105.80192857142858,23.892857142857032,time_exit,14.499999999999602,0.5440956651718842,0.512705530642736,0.481315396113588
control,train,USDJPY,2020-07-21,2020-07-27T07:00:00+00:00,2020-07-27T12:00:00+00:00,1,105.563,105.32407142857143,105.32407142857143,23.892857142857032,stop,-23.892857142857338,-1.062780269058309,-1.094170403587457,-1.1255605381166054
candidate,train,EURUSD,2020-07-28,2020-08-03T07:00:00+00:00,2020-08-03T13:00:00+00:00,1,1.17727,1.1736657142857143,1.1736657142857143,36.042857142857265,stop,-36.042857142857265,-1.041617122473246,-1.062425683709869,-1.083234244946492
control,train,EURUSD,2020-07-28,2020-08-03T07:00:00+00:00,2020-08-03T13:00:00+00:00,1,1.17727,1.1736657142857143,1.1736657142857143,36.042857142857265,stop,-36.042857142857265,-1.041617122473246,-1.062425683709869,-1.083234244946492
candidate,train,USDJPY,2020-07-28,2020-08-03T07:00:00+00:00,2020-08-03T13:00:00+00:00,-1,105.822,106.13196428571429,106.13196428571429,30.99642857142858,stop,-30.99642857142868,-1.0483926719668197,-1.0725890079502278,-1.0967853439336361
control,train,USDJPY,2020-07-28,2020-08-03T07:00:00+00:00,2020-08-03T13:00:00+00:00,-1,105.822,106.13196428571429,106.13196428571429,30.99642857142858,stop,-30.99642857142868,-1.0483926719668197,-1.0725890079502278,-1.0967853439336361
candidate,train,EURUSD,2020-08-04,2020-08-10T07:00:00+00:00,2020-08-10T16:00:00+00:00,-1,1.1795,1.17675,1.1813514285714286,18.51428571428591,time_exit,27.500000000000302,1.4043209876543223,1.3638117283950635,1.3233024691358046
control,train,EURUSD,2020-08-04,2020-08-10T07:00:00+00:00,2020-08-10T09:00:00+00:00,1,1.1795,1.1776485714285714,1.1776485714285714,18.51428571428591,stop,-18.51428571428615,-1.0810185185185306,-1.1215277777777894,-1.162037037037048
candidate,train,USDJPY,2020-08-04,2020-08-10T07:00:00+00:00,2020-08-10T16:00:00+00:00,1,105.792,105.991,105.63910714285714,15.289285714285786,time_exit,19.899999999999807,1.2034571361831166,1.154403176827826,1.1053492174725355
control,train,USDJPY,2020-08-04,2020-08-10T07:00:00+00:00,2020-08-10T10:00:00+00:00,-1,105.792,105.94489285714286,105.94489285714286,15.289285714285786,stop,-15.289285714285938,-1.098107918710591,-1.1471618780658817,-1.1962158374211724
candidate,train,EURUSD,2020-08-11,2020-08-17T07:00:00+00:00,2020-08-17T16:00:00+00:00,-1,1.186,1.18569,1.1877410714285714,17.410714285713915,time_exit,3.1000000000003247,0.0918974358974565,0.048820512820532506,0.005743589743608516
control,train,EURUSD,2020-08-11,2020-08-17T07:00:00+00:00,2020-08-17T11:00:00+00:00,1,1.186,1.1842589285714284,1.1842589285714284,17.410714285713915,stop,-17.410714285714946,-1.086153846153907,-1.1292307692308312,-1.1723076923077551
candidate,train,USDJPY,2020-08-11,2020-08-17T07:00:00+00:00,2020-08-17T12:00:00+00:00,1,106.519,106.36717857142857,106.36717857142857,15.182142857143177,stop,-15.182142857143788,-1.098800282286559,-1.1482004234298184,-1.1976005645730776
control,train,USDJPY,2020-08-11,2020-08-17T07:00:00+00:00,2020-08-17T12:00:00+00:00,1,106.519,106.36717857142857,106.36717857142857,15.182142857143177,stop,-15.182142857143788,-1.098800282286559,-1.1482004234298184,-1.1976005645730776
candidate,train,EURUSD,2020-08-18,2020-08-24T07:00:00+00:00,2020-08-24T09:00:00+00:00,-1,1.17876,1.180629642857143,1.180629642857143,18.69642857142877,stop,-18.696428571429724,-1.0802292263610818,-1.1203438395415972,-1.1604584527221125
control,train,EURUSD,2020-08-18,2020-08-24T07:00:00+00:00,2020-08-24T16:00:00+00:00,1,1.17876,1.18421,1.176890357142857,18.69642857142877,time_exit,54.499999999999545,2.834765998089726,2.7946513849092107,2.7545367717286955
candidate,train,USDJPY,2020-08-18,2020-08-24T07:00:00+00:00,2020-08-24T16:00:00+00:00,-1,105.823,105.788,105.97739285714285,15.439285714285894,time_exit,3.499999999999659,0.12953967152438076,0.08096229470272968,0.03238491788107862
control,train,USDJPY,2020-08-18,2020-08-24T07:00:00+00:00,2020-08-24T16:00:00+00:00,1,105.823,105.788,105.66860714285714,15.439285714285894,time_exit,-3.499999999999659,-0.323849178810985,-0.37242655563263605,-0.42100393245428713
candidate,train,EURUSD,2020-08-25,2020-08-31T07:00:00+00:00,2020-08-31T14:00:00+00:00,-1,1.1911100000000001,1.1934135714285714,1.1934135714285714,23.03571428571365,stop,-23.035714285712938,-1.0651162790697384,-1.097674418604623,-1.1302325581395076
control,train,EURUSD,2020-08-25,2020-08-31T07:00:00+00:00,2020-08-31T11:00:00+00:00,1,1.1911100000000001,1.1888064285714288,1.1888064285714288,23.03571428571365,stop,-23.035714285712938,-1.0651162790697384,-1.097674418604623,-1.1302325581395076
candidate,train,USDJPY,2020-08-25,2020-08-31T07:00:00+00:00,2020-08-31T16:00:00+00:00,1,105.505,105.985,105.24646428571428,25.85357142857154,time_exit,48.0000000000004,1.7985909656029915,1.7695814338997176,1.7405719021964439
control,train,USDJPY,2020-08-25,2020-08-31T07:00:00+00:00,2020-08-31T16:00:00+00:00,1,105.505,105.985,105.24646428571428,25.85357142857154,time_exit,48.0000000000004,1.7985909656029915,1.7695814338997176,1.7405719021964439
candidate,train,EURUSD,2020-09-01,2020-09-07T07:00:00+00:00,2020-09-07T13:00:00+00:00,1,1.18363,1.1816189285714285,1.1816189285714285,20.110714285713996,stop,-20.11071428571487,-1.0745871070858197,-1.1118806606287077,-1.149174214171596
control,train,EURUSD,2020-09-01,2020-09-07T07:00:00+00:00,2020-09-07T16:00:00+00:00,-1,1.18363,1.18224,1.1856410714285714,20.110714285713996,time_exit,13.900000000000023,0.6165867519090849,0.5792931983661966,0.5419996448233085
candidate,train,USDJPY,2020-09-01,2020-09-07T07:00:00+00:00,2020-09-07T16:00:00+00:00,-1,106.285,106.205,106.41421428571428,12.921428571428606,time_exit,7.9999999999998295,0.5030403537866079,0.44499723604199776,0.38695411829738763
control,train,USDJPY,2020-09-01,2020-09-07T07:00:00+00:00,2020-09-07T16:00:00+00:00,-1,106.285,106.205,106.41421428571428,12.921428571428606,time_exit,7.9999999999998295,0.5030403537866079,0.44499723604199776,0.38695411829738763
candidate,train,EURUSD,2020-09-08,2020-09-14T07:00:00+00:00,2020-09-14T16:00:00+00:00,1,1.18472,1.18776,1.1829971428571429,17.22857142857224,time_exit,30.399999999999316,1.6774461028191183,1.6339137645106627,1.5903814262022071
control,train,EURUSD,2020-09-08,2020-09-14T07:00:00+00:00,2020-09-14T11:00:00+00:00,-1,1.18472,1.1864428571428571,1.1864428571428571,17.22857142857224,stop,-17.22857142857137,-1.0870646766168608,-1.1305970149253164,-1.1741293532337722
candidate,train,USDJPY,2020-09-08,2020-09-14T07:00:00+00:00,2020-09-14T16:00:00+00:00,-1,106.082,105.931,106.17639285714284,9.439285714285717,time_exit,15.099999999999625,1.440786984487285,1.361331819901587,1.281876655315889
control,train,USDJPY,2020-09-08,2020-09-14T07:00:00+00:00,2020-09-14T10:00:00+00:00,1,106.082,105.98760714285714,105.98760714285714,9.439285714285717,stop,-9.439285714285006,-1.1589103291713208,-1.2383654937570188,-1.317820658342717
candidate,train,EURUSD,2020-09-15,2020-09-21T07:00:00+00:00,2020-09-21T10:00:00+00:00,1,1.1867,1.1847478571428571,1.1847478571428571,19.52142857142894,stop,-19.521428571429578,-1.0768386388584286,-1.1152579582876265,-1.1536772777168245
control,train,EURUSD,2020-09-15,2020-09-21T07:00:00+00:00,2020-09-21T16:00:00+00:00,-1,1.1867,1.17699,1.188652142857143,19.52142857142894,time_exit,97.10000000000107,4.897182583241821,4.858763263812623,4.820343944383425
candidate,train,USDJPY,2020-09-15,2020-09-21T07:00:00+00:00,2020-09-21T16:00:00+00:00,-1,104.28,104.161,104.42014285714286,14.014285714285634,time_exit,11.899999999999977,0.7420998980632034,0.6885830784913377,0.6350662589194719
control,train,USDJPY,2020-09-15,2020-09-21T07:00:00+00:00,2020-09-21T10:00:00+00:00,1,104.28,104.13985714285714,104.13985714285714,14.014285714285634,stop,-14.014285714286245,-1.1070336391437752,-1.1605504587156408,-1.2140672782875066
candidate,train,EURUSD,2020-09-22,2020-09-28T07:00:00+00:00,2020-09-28T13:00:00+00:00,-1,1.16355,1.1652353571428573,1.1652353571428573,16.85357142857193,stop,-16.853571428572245,-1.0890019071837416,-1.1335028607756028,-1.1780038143674643
control,train,EURUSD,2020-09-22,2020-09-28T07:00:00+00:00,2020-09-28T16:00:00+00:00,1,1.16355,1.16629,1.1618646428571429,16.85357142857193,time_exit,27.399999999999647,1.5367662640389248,1.4922653104470633,1.447764356855202
candidate,train,USDJPY,2020-09-22,2020-09-28T07:00:00+00:00,2020-09-28T16:00:00+00:00,1,105.35,105.486,105.19624999999999,15.37499999999972,time_exit,13.600000000000989,0.7869918699187779,0.7382113821138989,0.68943089430902
control,train,USDJPY,2020-09-22,2020-09-28T07:00:00+00:00,2020-09-28T16:00:00+00:00,-1,105.35,105.486,105.50375,15.37499999999972,time_exit,-13.600000000000989,-0.9821138211382936,-1.0308943089431726,-1.0796747967480516
candidate,train,EURUSD,2020-09-29,2020-10-05T07:00:00+00:00,2020-10-05T16:00:00+00:00,1,1.17282,1.1764000000000001,1.1712192857142858,16.00714285714257,time_exit,35.80000000000138,2.142793395805569,2.095939312806907,2.0490852298082447
control,train,EURUSD,2020-09-29,2020-10-05T07:00:00+00:00,2020-10-05T16:00:00+00:00,1,1.17282,1.1764000000000001,1.1712192857142858,16.00714285714257,time_exit,35.80000000000138,2.142793395805569,2.095939312806907,2.0490852298082447
candidate,train,USDJPY,2020-09-29,2020-10-05T07:00:00+00:00,2020-10-05T16:00:00+00:00,1,105.53,105.585,105.38878571428572,14.121428571428396,time_exit,5.499999999999261,0.2832574607991419,0.23014668689929296,0.17703591299944405
control,train,USDJPY,2020-09-29,2020-10-05T07:00:00+00:00,2020-10-05T11:00:00+00:00,-1,105.53,105.67121428571429,105.67121428571429,14.121428571428396,stop,-14.121428571428396,-1.1062215477996977,-1.1593323216995468,-1.2124430955993957
candidate,train,EURUSD,2020-10-06,2020-10-12T07:00:00+00:00,2020-10-12T12:00:00+00:00,1,1.18167,1.180122857142857,1.180122857142857,15.471428571429534,stop,-15.47142857142969,-1.0969529085872616,-1.1454293628808874,-1.1939058171745132
control,train,EURUSD,2020-10-06,2020-10-12T07:00:00+00:00,2020-10-12T16:00:00+00:00,-1,1.18167,1.18097,1.183217142857143,15.471428571429534,time_exit,6.999999999999229,0.355493998153206,0.3070175438595802,0.2585410895659544
candidate,train,USDJPY,2020-10-06,2020-10-12T07:00:00+00:00,2020-10-12T16:00:00+00:00,-1,105.49,105.372,105.61846428571428,12.84642857142855,time_exit,11.7999999999995,0.8017792604948192,0.7433972755073296,0.6850152905198399
control,train,USDJPY,2020-10-06,2020-10-12T07:00:00+00:00,2020-10-12T16:00:00+00:00,1,105.49,105.372,105.36153571428571,12.84642857142855,time_exit,-11.7999999999995,-1.0353072004447779,-1.0936891854322677,-1.1520711704197573
candidate,train,EURUSD,2020-10-13,2020-10-19T07:00:00+00:00,2020-10-19T10:00:00+00:00,-1,1.17065,1.171915357142857,1.171915357142857,12.653571428571057,stop,-12.653571428571375,-1.118543607112645,-1.177815410668955,-1.237087214225265
control,train,EURUSD,2020-10-13,2020-10-19T07:00:00+00:00,2020-10-19T10:00:00+00:00,-1,1.17065,1.171915357142857,1.171915357142857,12.653571428571057,stop,-12.653571428571375,-1.118543607112645,-1.177815410668955,-1.237087214225265
candidate,train,USDJPY,2020-10-13,2020-10-19T07:00:00+00:00,2020-10-19T16:00:00+00:00,-1,105.429,105.339,105.52907142857143,10.00714285714298,time_exit,9.000000000000341,0.7494646680942433,0.6745182012848223,0.5995717344754015
control,train,USDJPY,2020-10-13,2020-10-19T07:00:00+00:00,2020-10-19T13:00:00+00:00,1,105.429,105.32892857142858,105.32892857142858,10.00714285714298,stop,-10.007142857142526,-1.1498929336187964,-1.2248394004282173,-1.2997858672376383
candidate,train,EURUSD,2020-10-20,2020-10-26T07:00:00+00:00,2020-10-26T10:00:00+00:00,1,1.18326,1.1817760714285714,1.1817760714285714,14.839285714286099,stop,-14.839285714285388,-1.1010830324909242,-1.1516245487364103,-1.2021660649818964
control,train,EURUSD,2020-10-20,2020-10-26T07:00:00+00:00,2020-10-26T16:00:00+00:00,-1,1.18326,1.1817,1.1847439285714285,14.839285714286099,time_exit,15.600000000000058,0.9501805054151418,0.8996389891696557,0.8490974729241696
candidate,train,USDJPY,2020-10-20,2020-10-26T07:00:00+00:00,2020-10-26T16:00:00+00:00,1,104.896,104.958,104.78275000000001,11.324999999999871,time_exit,6.199999999999761,0.41501103752757745,0.3487858719646628,0.28256070640174813
control,train,USDJPY,2020-10-20,2020-10-26T07:00:00+00:00,2020-10-26T16:00:00+00:00,1,104.896,104.958,104.78275000000001,11.324999999999871,time_exit,6.199999999999761,0.41501103752757745,0.3487858719646628,0.28256070640174813
candidate,train,EURUSD,2020-10-27,2020-11-02T07:00:00+00:00,2020-11-02T16:00:00+00:00,1,1.16307,1.1637,1.161375,16.949999999999466,time_exit,6.299999999999084,0.28318584070791947,0.23893805309729862,0.19469026548667775
control,train,EURUSD,2020-10-27,2020-11-02T07:00:00+00:00,2020-11-02T11:00:00+00:00,-1,1.16307,1.164765,1.164765,16.949999999999466,stop,-16.95000000000002,-1.0884955752212744,-1.1327433628318953,-1.1769911504425161
candidate,train,USDJPY,2020-10-27,2020-11-02T07:00:00+00:00,2020-11-02T10:00:00+00:00,-1,104.72,104.89946428571427,104.89946428571427,17.946428571428086,stop,-17.946428571427475,-1.083582089552207,-1.1253731343283275,-1.167164179104448
control,train,USDJPY,2020-10-27,2020-11-02T07:00:00+00:00,2020-11-02T10:00:00+00:00,-1,104.72,104.89946428571427,104.89946428571427,17.946428571428086,stop,-17.946428571427475,-1.083582089552207,-1.1253731343283275,-1.167164179104448
candidate,train,EURUSD,2020-11-03,2020-11-09T07:00:00+00:00,2020-11-09T15:00:00+00:00,-1,1.18869,1.1903957142857142,1.1903957142857142,17.057142857143024,stop,-17.057142857141994,-1.087939698492401,-1.1319095477386318,-1.1758793969848624
control,train,EURUSD,2020-11-03,2020-11-09T07:00:00+00:00,2020-11-09T15:00:00+00:00,-1,1.18869,1.1903957142857142,1.1903957142857142,17.057142857143024,stop,-17.057142857141994,-1.087939698492401,-1.1319095477386318,-1.1758793969848624
candidate,train,USDJPY,2020-11-03,2020-11-09T07:00:00+00:00,2020-11-09T11:00:00+00:00,-1,103.464,103.65171428571428,103.65171428571428,18.771428571428373,stop,-18.77142857142786,-1.0799086757990604,-1.119863013698604,-1.159817351598148
control,train,USDJPY,2020-11-03,2020-11-09T07:00:00+00:00,2020-11-09T11:00:00+00:00,-1,103.464,103.65171428571428,103.65171428571428,18.771428571428373,stop,-18.77142857142786,-1.0799086757990604,-1.119863013698604,-1.159817351598148
candidate,train,EURUSD,2020-11-10,2020-11-16T07:00:00+00:00,2020-11-16T10:00:00+00:00,-1,1.18517,1.186505,1.186505,13.349999999999433,stop,-13.34999999999864,-1.1123595505617432,-1.1685393258426444,-1.2247191011235457
control,train,EURUSD,2020-11-10,2020-11-16T07:00:00+00:00,2020-11-16T12:00:00+00:00,1,1.18517,1.1838350000000002,1.1838350000000002,13.349999999999433,stop,-13.34999999999864,-1.1123595505617432,-1.1685393258426444,-1.2247191011235457
candidate,train,USDJPY,2020-11-10,2020-11-16T07:00:00+00:00,2020-11-16T10:00:00+00:00,1,104.546,104.40553571428572,104.40553571428572,14.046428571428493,stop,-14.046428571428748,-1.1067887109077228,-1.160183066361575,-1.2135774218154276
control,train,USDJPY,2020-11-10,2020-11-16T07:00:00+00:00,2020-11-16T12:00:00+00:00,-1,104.546,104.6864642857143,104.6864642857143,14.046428571428493,stop,-14.046428571428748,-1.1067887109077228,-1.160183066361575,-1.2135774218154276
candidate,train,EURUSD,2020-11-17,2020-11-23T07:00:00+00:00,2020-11-23T16:00:00+00:00,1,1.18731,1.18995,1.1861217857142858,11.882142857142904,time_exit,26.399999999999757,2.0955816050495657,2.032461677186626,1.9693417493236869
control,train,EURUSD,2020-11-17,2020-11-23T07:00:00+00:00,2020-11-23T12:00:00+00:00,-1,1.18731,1.1884982142857143,1.1884982142857143,11.882142857142904,stop,-11.882142857142508,-1.1262398557258453,-1.1893597835887846,-1.252479711451724
candidate,train,USDJPY,2020-11-17,2020-11-23T07:00:00+00:00,2020-11-23T09:00:00+00:00,-1,103.748,103.82835714285714,103.82835714285714,8.035714285714134,stop,-8.03571428571388,-1.1866666666666386,-1.2799999999999736,-1.3733333333333089
control,train,USDJPY,2020-11-17,2020-11-23T07:00:00+00:00,2020-11-23T16:00:00+00:00,1,103.748,103.717,103.66764285714287,8.035714285714134,time_exit,-3.100000000000591,-0.5724444444445288,-0.665777777777864,-0.759111111111199
candidate,train,EURUSD,2020-11-24,2020-11-30T07:00:00+00:00,2020-11-30T10:00:00+00:00,-1,1.19682,1.1981024999999998,1.1981024999999998,12.824999999999564,stop,-12.824999999998532,-1.116959064327409,-1.1754385964911536,-1.2339181286548981
control,train,EURUSD,2020-11-24,2020-11-30T07:00:00+00:00,2020-11-30T16:00:00+00:00,1,1.19682,1.19864,1.1955375000000001,12.824999999999564,time_exit,18.199999999999328,1.3021442495126625,1.2436647173489177,1.1851851851851731
candidate,train,USDJPY,2020-11-24,2020-11-30T07:00:00+00:00,2020-11-30T16:00:00+00:00,1,103.878,104.171,103.7415,13.65000000000001,time_exit,29.300000000000637,2.036630036630082,1.981684981685027,1.926739926739972
control,train,USDJPY,2020-11-24,2020-11-30T07:00:00+00:00,2020-11-30T16:00:00+00:00,1,103.878,104.171,103.7415,13.65000000000001,time_exit,29.300000000000637,2.036630036630082,1.981684981685027,1.926739926739972
candidate,train,EURUSD,2020-12-01,2020-12-07T07:00:00+00:00,2020-12-07T16:00:00+00:00,-1,1.21326,1.21369,1.2152764285714286,20.164285714286013,time_exit,-4.299999999999304,-0.2876372653205422,-0.32483173928440984,-0.36202621324827755
control,train,EURUSD,2020-12-01,2020-12-07T07:00:00+00:00,2020-12-07T10:00:00+00:00,1,1.21326,1.2112435714285714,1.2112435714285714,20.164285714286013,stop,-20.164285714285857,-1.0743889479277275,-1.1115834218915952,-1.1487778958554629
candidate,train,USDJPY,2020-12-01,2020-12-07T07:00:00+00:00,2020-12-07T10:00:00+00:00,-1,104.016,104.16953571428573,104.16953571428573,15.353571428571655,stop,-15.353571428572366,-1.0976971388695493,-1.146545708304301,-1.1953942777390525
control,train,USDJPY,2020-12-01,2020-12-07T07:00:00+00:00,2020-12-07T16:00:00+00:00,1,104.016,104.035,103.86246428571428,15.353571428571655,time_exit,1.8999999999991246,0.026052570365143808,-0.022795999069607737,-0.07164456850435928
candidate,train,EURUSD,2020-12-08,2020-12-14T07:00:00+00:00,2020-12-14T16:00:00+00:00,1,1.2133,1.21712,1.2116842857142858,16.157142857142603,time_exit,38.19999999999934,2.2714412024756805,2.2250221043324436,2.1786030061892068
control,train,EURUSD,2020-12-08,2020-12-14T07:00:00+00:00,2020-12-14T16:00:00+00:00,1,1.2133,1.21712,1.2116842857142858,16.157142857142603,time_exit,38.19999999999934,2.2714412024756805,2.2250221043324436,2.1786030061892068
candidate,train,USDJPY,2020-12-08,2020-12-14T07:00:00+00:00,2020-12-14T16:00:00+00:00,-1,104.051,103.562,104.19446428571429,14.34642857142886,time_exit,48.90000000000043,3.3039581777445495,3.25168035847644,3.1994025392083305
control,train,USDJPY,2020-12-08,2020-12-14T07:00:00+00:00,2020-12-14T16:00:00+00:00,-1,104.051,103.562,104.19446428571429,14.34642857142886,time_exit,48.90000000000043,3.3039581777445495,3.25168035847644,3.1994025392083305
candidate,train,EURUSD,2020-12-15,2020-12-21T07:00:00+00:00,2020-12-21T10:00:00+00:00,-1,1.21912,1.2215789285714285,1.2215789285714285,24.58928571428574,stop,-24.58928571428487,-1.061002178649202,-1.0915032679738208,-1.1220043572984395
control,train,EURUSD,2020-12-15,2020-12-21T07:00:00+00:00,2020-12-21T12:00:00+00:00,1,1.21912,1.2166610714285715,1.2166610714285715,24.58928571428574,stop,-24.58928571428487,-1.061002178649202,-1.0915032679738208,-1.1220043572984395
candidate,train,USDJPY,2020-12-15,2020-12-21T07:00:00+00:00,2020-12-21T09:00:00+00:00,-1,103.391,103.55321428571429,103.55321428571429,16.22142857142807,stop,-16.221428571428476,-1.0924702774108601,-1.1387054161162775,-1.1849405548216951
control,train,USDJPY,2020-12-15,2020-12-21T07:00:00+00:00,2020-12-21T16:00:00+00:00,1,103.391,103.532,103.22878571428572,16.22142857142807,time_exit,14.099999999999113,0.7767503302509601,0.7305151915455426,0.6842800528401249
candidate,train,EURUSD,2020-12-29,2021-01-04T07:00:00+00:00,2021-01-04T10:00:00+00:00,-1,1.22489,1.2272653571428571,1.2272653571428571,23.75357142857074,stop,-23.75357142857082,-1.0631483987370371,-1.0947225981055542,-1.126296797474071
control,train,EURUSD,2020-12-29,2021-01-04T07:00:00+00:00,2021-01-04T10:00:00+00:00,-1,1.22489,1.2272653571428571,1.2272653571428571,23.75357142857074,stop,-23.75357142857082,-1.0631483987370371,-1.0947225981055542,-1.126296797474071
candidate,train,USDJPY,2020-12-29,2021-01-04T07:00:00+00:00,2021-01-04T10:00:00+00:00,1,102.997,102.82589285714286,102.82589285714286,17.11071428571453,stop,-17.11071428571387,-1.0876643706950133,-1.1314965560425394,-1.1753287413900653
control,train,USDJPY,2020-12-29,2021-01-04T07:00:00+00:00,2021-01-04T16:00:00+00:00,-1,102.997,103.026,103.16810714285714,17.11071428571453,time_exit,-2.899999999999636,-0.2571488207054645,-0.30098100605299055,-0.3448131914005165
candidate,train,EURUSD,2021-01-05,2021-01-11T07:00:00+00:00,2021-01-11T16:00:00+00:00,-1,1.21739,1.21446,1.2205614285714286,31.71428571428555,time_exit,29.29999999999877,0.8765765765765424,0.8529279279278936,0.8292792792792448
control,train,EURUSD,2021-01-05,2021-01-11T07:00:00+00:00,2021-01-11T16:00:00+00:00,-1,1.21739,1.21446,1.2205614285714286,31.71428571428555,time_exit,29.29999999999877,0.8765765765765424,0.8529279279278936,0.8292792792792448
candidate,train,USDJPY,2021-01-05,2021-01-11T07:00:00+00:00,2021-01-11T16:00:00+00:00,-1,104.193,104.276,104.38060714285714,18.760714285714485,time_exit,-8.29999999999984,-0.5223681705691845,-0.5623453264800922,-0.6023224823909997
control,train,USDJPY,2021-01-05,2021-01-11T07:00:00+00:00,2021-01-11T16:00:00+00:00,-1,104.193,104.276,104.38060714285714,18.760714285714485,time_exit,-8.29999999999984,-0.5223681705691845,-0.5623453264800922,-0.6023224823909997
candidate,train,EURUSD,2021-01-12,2021-01-18T07:00:00+00:00,2021-01-18T16:00:00+00:00,-1,1.20699,1.2066,1.208762142857143,17.721428571428333,time_exit,3.900000000001125,0.13542926239426117,0.0931076178960744,0.05078597339788761
control,train,EURUSD,2021-01-12,2021-01-18T07:00:00+00:00,2021-01-18T16:00:00+00:00,1,1.20699,1.2066,1.2052178571428571,17.721428571428333,time_exit,-3.900000000001125,-0.30471584038700833,-0.3470374848851951,-0.38935912938338185
candidate,train,USDJPY,2021-01-12,2021-01-18T07:00:00+00:00,2021-01-18T16:00:00+00:00,1,103.747,103.725,103.61778571428572,12.921428571428756,time_exit,-2.200000000000557,-0.28634604754011644,-0.34438916528472585,-0.4024322830293353
control,train,USDJPY,2021-01-12,2021-01-18T07:00:00+00:00,2021-01-18T16:00:00+00:00,1,103.747,103.725,103.61778571428572,12.921428571428756,time_exit,-2.200000000000557,-0.28634604754011644,-0.34438916528472585,-0.4024322830293353
candidate,train,EURUSD,2021-01-19,2021-01-25T07:00:00+00:00,2021-01-25T11:00:00+00:00,1,1.21762,1.2162410714285714,1.2162410714285714,13.789285714284931,stop,-13.789285714285171,-1.1087801087801323,-1.1631701631701898,-1.2175602175602473
control,train,EURUSD,2021-01-19,2021-01-25T07:00:00+00:00,2021-01-25T11:00:00+00:00,1,1.21762,1.2162410714285714,1.2162410714285714,13.789285714284931,stop,-13.789285714285171,-1.1087801087801323,-1.1631701631701898,-1.2175602175602473
candidate,train,USDJPY,2021-01-19,2021-01-25T07:00:00+00:00,2021-01-25T16:00:00+00:00,-1,103.766,103.772,103.8635,9.749999999999963,time_exit,-0.6000000000000227,-0.21538461538461853,-0.29230769230769577,-0.36923076923077297
control,train,USDJPY,2021-01-19,2021-01-25T07:00:00+00:00,2021-01-25T16:00:00+00:00,1,103.766,103.772,103.66850000000001,9.749999999999963,time_exit,0.6000000000000227,-0.09230769230769033,-0.16923076923076755,-0.24615384615384475
candidate,train,EURUSD,2021-01-26,2021-02-01T07:00:00+00:00,2021-02-01T10:00:00+00:00,1,1.21278,1.2110999999999998,1.2110999999999998,16.800000000000622,stop,-16.80000000000126,-1.0892857142857488,-1.1339285714286043,-1.17857142857146
control,train,EURUSD,2021-01-26,2021-02-01T07:00:00+00:00,2021-02-01T16:00:00+00:00,-1,1.21278,1.20849,1.21446,16.800000000000622,time_exit,42.89999999999905,2.464285714285566,2.4196428571427107,2.3749999999998552
candidate,train,USDJPY,2021-01-26,2021-02-01T07:00:00+00:00,2021-02-01T10:00:00+00:00,-1,104.706,104.83028571428571,104.83028571428571,12.428571428570782,stop,-12.428571428570478,-1.1206896551723957,-1.1810344827586057,-1.2413793103448156
control,train,USDJPY,2021-01-26,2021-02-01T07:00:00+00:00,2021-02-01T16:00:00+00:00,1,104.706,104.939,104.5817142857143,12.428571428570782,time_exit,23.299999999998988,1.754022988505757,1.6936781609195468,1.6333333333333369
candidate,train,EURUSD,2021-02-02,2021-02-08T07:00:00+00:00,2021-02-08T16:00:00+00:00,-1,1.2034799999999999,1.20373,1.2050132142857142,15.332142857143143,time_exit,-2.500000000000835,-0.2608898206382979,-0.3098066620079685,-0.3587235033776392
control,train,EURUSD,2021-02-02,2021-02-08T07:00:00+00:00,2021-02-08T16:00:00+00:00,-1,1.2034799999999999,1.20373,1.2050132142857142,15.332142857143143,time_exit,-2.500000000000835,-0.2608898206382979,-0.3098066620079685,-0.3587235033776392
candidate,train,USDJPY,2021-02-02,2021-02-08T07:00:00+00:00,2021-02-08T16:00:00+00:00,1,105.521,105.48,105.39135714285715,12.9642857142858,time_exit,-4.099999999999682,-0.43195592286498635,-0.4898071625344074,-0.5476584022038286
control,train,USDJPY,2021-02-02,2021-02-08T07:00:00+00:00,2021-02-08T10:00:00+00:00,-1,105.521,105.65064285714286,105.65064285714286,12.9642857142858,stop,-12.964285714285495,-1.1157024793388186,-1.1735537190082397,-1.2314049586776608
candidate,train,EURUSD,2021-02-09,2021-02-15T07:00:00+00:00,2021-02-15T16:00:00+00:00,1,1.2132100000000001,1.21269,1.211899642857143,13.10357142857115,time_exit,-5.20000000000076,-0.5113109839193929,-0.5685472880894676,-0.6257835922595425
control,train,EURUSD,2021-02-09,2021-02-15T07:00:00+00:00,2021-02-15T16:00:00+00:00,1,1.2132100000000001,1.21269,1.211899642857143,13.10357142857115,time_exit,-5.20000000000076,-0.5113109839193929,-0.5685472880894676,-0.6257835922595425
candidate,train,USDJPY,2021-02-09,2021-02-15T07:00:00+00:00,2021-02-15T09:00:00+00:00,-1,105.042,105.16135714285714,105.16135714285714,11.935714285714027,stop,-11.935714285714027,-1.1256732495511697,-1.1885098743267546,-1.2513464991023393
control,train,USDJPY,2021-02-09,2021-02-15T07:00:00+00:00,2021-02-15T16:00:00+00:00,1,105.042,105.388,104.92264285714286,11.935714285714027,time_exit,34.600000000000364,2.773189706762508,2.7103530819869235,2.6475164572113385
candidate,train,EURUSD,2021-02-16,2021-02-22T07:00:00+00:00,2021-02-22T10:00:00+00:00,1,1.21204,1.2103460714285714,1.2103460714285714,16.939285714285585,stop,-16.939285714285823,-1.0885515496521336,-1.1328273244781935,-1.1771030993042533
control,train,EURUSD,2021-02-16,2021-02-22T07:00:00+00:00,2021-02-22T13:00:00+00:00,-1,1.21204,1.2137339285714286,1.2137339285714286,16.939285714285585,stop,-16.939285714285823,-1.0885515496521336,-1.1328273244781935,-1.1771030993042533
candidate,train,USDJPY,2021-02-16,2021-02-22T07:00:00+00:00,2021-02-22T13:00:00+00:00,1,105.683,105.48960714285715,105.48960714285715,19.339285714285484,stop,-19.33928571428538,-1.0775623268698016,-1.1163434903047051,-1.1551246537396087
control,train,USDJPY,2021-02-16,2021-02-22T07:00:00+00:00,2021-02-22T16:00:00+00:00,-1,105.683,105.352,105.87639285714286,19.339285714285484,time_exit,33.10000000000031,1.6339796860572837,1.5951985226223802,1.5564173591874766
candidate,train,EURUSD,2021-02-23,2021-03-01T07:00:00+00:00,2021-03-01T10:00:00+00:00,1,1.2077499999999999,1.2052032142857143,1.2052032142857143,25.467857142856264,stop,-25.46785714285571,-1.0588977702986762,-1.088346655448025,-1.117795540597374
control,train,EURUSD,2021-02-23,2021-03-01T07:00:00+00:00,2021-03-01T16:00:00+00:00,-1,1.2077499999999999,1.20528,1.2102967857142855,25.467857142856264,time_exit,24.699999999999722,0.9109521806198494,0.8815032954705005,0.8520544103211516
candidate,train,USDJPY,2021-02-23,2021-03-01T07:00:00+00:00,2021-03-01T11:00:00+00:00,-1,106.519,106.70714285714286,106.70714285714286,18.81428571428526,stop,-18.814285714285006,-1.0797266514806263,-1.119589977220946,-1.1594533029612661
control,train,USDJPY,2021-02-23,2021-03-01T07:00:00+00:00,2021-03-01T16:00:00+00:00,1,106.519,106.647,106.33085714285716,18.81428571428526,time_exit,12.800000000000011,0.6006074411541533,0.5607441154138335,0.5208807896735136
candidate,train,EURUSD,2021-03-02,2021-03-08T07:00:00+00:00,2021-03-08T16:00:00+00:00,-1,1.19056,1.1871,1.192525,19.650000000000023,time_exit,34.600000000000186,1.6844783715012797,1.646310432569982,1.6081424936386843
control,train,EURUSD,2021-03-02,2021-03-08T07:00:00+00:00,2021-03-08T09:00:00+00:00,1,1.19056,1.188595,1.188595,19.650000000000023,stop,-19.649999999999945,-1.0763358778625913,-1.114503816793889,-1.1526717557251867
candidate,train,USDJPY,2021-03-02,2021-03-08T07:00:00+00:00,2021-03-08T16:00:00+00:00,1,108.376,108.69,108.2254642857143,15.053571428570983,time_exit,31.399999999999295,1.9862396204033335,1.9364175563463926,1.8865954922894514
control,train,USDJPY,2021-03-02,2021-03-08T07:00:00+00:00,2021-03-08T16:00:00+00:00,1,108.376,108.69,108.2254642857143,15.053571428570983,time_exit,31.399999999999295,1.9862396204033335,1.9364175563463926,1.8865954922894514
candidate,train,EURUSD,2021-03-09,2021-03-15T07:00:00+00:00,2021-03-15T16:00:00+00:00,-1,1.19429,1.1920600000000001,1.1962003571428572,19.103571428571442,time_exit,22.299999999999542,1.0888016451672964,1.049541970461744,1.0102822957561914
control,train,EURUSD,2021-03-09,2021-03-15T07:00:00+00:00,2021-03-15T16:00:00+00:00,-1,1.19429,1.1920600000000001,1.1962003571428572,19.103571428571442,time_exit,22.299999999999542,1.0888016451672964,1.049541970461744,1.0102822957561914
candidate,train,USDJPY,2021-03-09,2021-03-15T07:00:00+00:00,2021-03-15T08:00:00+00:00,-1,109.178,109.34910714285714,109.34910714285714,17.110714285714224,stop,-17.11071428571387,-1.0876643706950329,-1.1314965560425596,-1.1753287413900864
control,train,USDJPY,2021-03-09,2021-03-15T07:00:00+00:00,2021-03-15T11:00:00+00:00,1,109.178,109.00689285714286,109.00689285714286,17.110714285714224,stop,-17.11071428571387,-1.0876643706950329,-1.1314965560425596,-1.1753287413900864
candidate,train,EURUSD,2021-03-16,2021-03-22T07:00:00+00:00,2021-03-22T09:00:00+00:00,1,1.18933,1.1876853571428572,1.1876853571428572,16.446428571429017,stop,-16.446428571428306,-1.0912052117263387,-1.1368078175895295,-1.1824104234527206
control,train,EURUSD,2021-03-16,2021-03-22T07:00:00+00:00,2021-03-22T12:00:00+00:00,-1,1.18933,1.1909746428571428,1.1909746428571428,16.446428571429017,stop,-16.446428571428306,-1.0912052117263387,-1.1368078175895295,-1.1824104234527206
candidate,train,USDJPY,2021-03-16,2021-03-22T07:00:00+00:00,2021-03-22T16:00:00+00:00,-1,108.792,108.768,108.94992857142857,15.792857142857486,time_exit,2.400000000000091,0.056987788331076435,0.009497964721850872,-0.03799185888737469
control,train,USDJPY,2021-03-16,2021-03-22T07:00:00+00:00,2021-03-22T11:00:00+00:00,1,108.792,108.63407142857143,108.63407142857143,15.792857142857486,stop,-15.79285714285703,-1.0949796472184223,-1.142469470827648,-1.1899592944368735
candidate,train,EURUSD,2021-03-23,2021-03-29T07:00:00+00:00,2021-03-29T16:00:00+00:00,-1,1.17861,1.17856,1.1800307142857143,14.207142857142673,time_exit,0.4999999999988347,-0.07038712921074156,-0.12317747611873621,-0.17596782302673086
control,train,EURUSD,2021-03-23,2021-03-29T07:00:00+00:00,2021-03-29T11:00:00+00:00,1,1.17861,1.1771892857142856,1.1771892857142856,14.207142857142673,stop,-14.207142857143307,-1.105580693816034,-1.1583710407240286,-1.2111613876320233
candidate,train,USDJPY,2021-03-23,2021-03-29T07:00:00+00:00,2021-03-29T12:00:00+00:00,-1,109.53,109.68332142857143,109.68332142857143,15.332142857142983,stop,-15.332142857143083,-1.097833682739349,-1.14675052410902,-1.1956673654786911
control,train,USDJPY,2021-03-23,2021-03-29T07:00:00+00:00,2021-03-29T08:00:00+00:00,1,109.53,109.37667857142857,109.37667857142857,15.332142857142983,stop,-15.332142857143083,-1.097833682739349,-1.14675052410902,-1.1956673654786911
candidate,train,EURUSD,2021-03-30,2021-04-05T07:00:00+00:00,2021-04-05T15:00:00+00:00,-1,1.1770100000000001,1.1780675,1.1780675,10.575000000000047,stop,-10.574999999999335,-1.1418439716311377,-1.2127659574467402,-1.2836879432623427
control,train,EURUSD,2021-03-30,2021-04-05T07:00:00+00:00,2021-04-05T15:00:00+00:00,-1,1.1770100000000001,1.1780675,1.1780675,10.575000000000047,stop,-10.574999999999335,-1.1418439716311377,-1.2127659574467402,-1.2836879432623427
candidate,train,USDJPY,2021-03-30,2021-04-05T07:00:00+00:00,2021-04-05T15:00:00+00:00,1,110.554,110.44632142857144,110.44632142857144,10.767857142856789,stop,-10.767857142856485,-1.139303482587041,-1.2089552238805756,-1.2786069651741103
control,train,USDJPY,2021-03-30,2021-04-05T07:00:00+00:00,2021-04-05T08:00:00+00:00,-1,110.554,110.66167857142857,110.66167857142857,10.767857142856789,stop,-10.767857142856485,-1.139303482587041,-1.2089552238805756,-1.2786069651741103
candidate,train,EURUSD,2021-04-06,2021-04-12T07:00:00+00:00,2021-04-12T10:00:00+00:00,1,1.18926,1.1879153571428571,1.1879153571428571,13.446428571428397,stop,-13.446428571428637,-1.111553784860577,-1.1673306772908567,-1.2231075697211362
control,train,EURUSD,2021-04-06,2021-04-12T07:00:00+00:00,2021-04-12T12:00:00+00:00,-1,1.18926,1.1906046428571428,1.1906046428571428,13.446428571428397,stop,-13.446428571428637,-1.111553784860577,-1.1673306772908567,-1.2231075697211362
candidate,train,USDJPY,2021-04-06,2021-04-12T07:00:00+00:00,2021-04-12T16:00:00+00:00,-1,109.54,109.33,109.6924642857143,15.246428571428439,time_exit,21.000000000000796,1.2789880534083558,1.229796205200344,1.1806043569923323
control,train,USDJPY,2021-04-06,2021-04-12T07:00:00+00:00,2021-04-12T16:00:00+00:00,-1,109.54,109.33,109.6924642857143,15.246428571428439,time_exit,21.000000000000796,1.2789880534083558,1.229796205200344,1.1806043569923323
candidate,train,EURUSD,2021-04-13,2021-04-19T07:00:00+00:00,2021-04-19T16:00:00+00:00,1,1.19562,1.20401,1.1942635714285712,13.564285714286076,time_exit,83.90000000000119,6.074776197998872,6.019483938915146,5.964191679831419
control,train,EURUSD,2021-04-13,2021-04-19T07:00:00+00:00,2021-04-19T16:00:00+00:00,1,1.19562,1.20401,1.1942635714285712,13.564285714286076,time_exit,83.90000000000119,6.074776197998872,6.019483938915146,5.964191679831419
candidate,train,USDJPY,2021-04-13,2021-04-19T07:00:00+00:00,2021-04-19T16:00:00+00:00,-1,108.643,108.082,108.76825000000001,12.525000000000272,time_exit,56.100000000000705,4.35928143712571,4.2994011976047535,4.239520958083797
control,train,USDJPY,2021-04-13,2021-04-19T07:00:00+00:00,2021-04-19T16:00:00+00:00,-1,108.643,108.082,108.76825000000001,12.525000000000272,time_exit,56.100000000000705,4.35928143712571,4.2994011976047535,4.239520958083797
candidate,train,EURUSD,2021-04-20,2021-04-26T07:00:00+00:00,2021-04-26T16:00:00+00:00,-1,1.21101,1.20807,1.2125732142857142,15.63214285714273,time_exit,29.399999999999427,1.784784098697716,1.7368060315284215,1.688827964359127
control,train,EURUSD,2021-04-20,2021-04-26T07:00:00+00:00,2021-04-26T09:00:00+00:00,1,1.21101,1.2094467857142857,1.2094467857142857,15.63214285714273,stop,-15.63214285714265,-1.0959561343385837,-1.1439342015078782,-1.1919122686771726
candidate,train,USDJPY,2021-04-20,2021-04-26T07:00:00+00:00,2021-04-26T14:00:00+00:00,-1,107.716,107.86557142857141,107.86557142857141,14.957142857142408,stop,-14.957142857142003,-1.1002865329512654,-1.1504297994269115,-1.2005730659025577
control,train,USDJPY,2021-04-20,2021-04-26T07:00:00+00:00,2021-04-26T16:00:00+00:00,1,107.716,108.071,107.56642857142857,14.957142857142408,time_exit,35.5000000000004,2.2731614135626548,2.2230181470870085,2.1728748806113622
candidate,train,EURUSD,2021-04-27,2021-05-03T07:00:00+00:00,2021-05-03T16:00:00+00:00,1,1.20227,1.2043,1.200485,17.850000000000126,time_exit,20.299999999999763,1.0532212885153855,1.0112044817926966,0.9691876750700079
control,train,EURUSD,2021-04-27,2021-05-03T07:00:00+00:00,2021-05-03T10:00:00+00:00,-1,1.20227,1.2040549999999999,1.2040549999999999,17.850000000000126,stop,-17.849999999999255,-1.0840336134453288,-1.1260504201680175,-1.1680672268907064
candidate,train,USDJPY,2021-04-27,2021-05-03T07:00:00+00:00,2021-05-03T15:00:00+00:00,1,109.544,109.39957142857143,109.39957142857143,14.442857142856674,stop,-14.442857142856269,-1.103857566765554,-1.155786350148345,-1.207715133531136
control,train,USDJPY,2021-04-27,2021-05-03T07:00:00+00:00,2021-05-03T11:00:00+00:00,-1,109.544,109.68842857142856,109.68842857142856,14.442857142856674,stop,-14.442857142856269,-1.103857566765554,-1.155786350148345,-1.207715133531136
candidate,train,EURUSD,2021-05-04,2021-05-10T07:00:00+00:00,2021-05-10T11:00:00+00:00,-1,1.21549,1.2175214285714286,1.2175214285714286,20.31428571428676,stop,-20.31428571428684,-1.0738396624472575,-1.1107594936708842,-1.147679324894511
control,train,EURUSD,2021-05-04,2021-05-10T07:00:00+00:00,2021-05-10T11:00:00+00:00,-1,1.21549,1.2175214285714286,1.2175214285714286,20.31428571428676,stop,-20.31428571428684,-1.0738396624472575,-1.1107594936708842,-1.147679324894511
candidate,train,USDJPY,2021-05-04,2021-05-10T07:00:00+00:00,2021-05-10T16:00:00+00:00,-1,108.886,108.695,109.07992857142857,19.392857142857324,time_exit,19.10000000000025,0.9075506445672236,0.8688766114180527,0.8302025782688818
control,train,USDJPY,2021-05-04,2021-05-10T07:00:00+00:00,2021-05-10T16:00:00+00:00,-1,108.886,108.695,109.07992857142857,19.392857142857324,time_exit,19.10000000000025,0.9075506445672236,0.8688766114180527,0.8302025782688818
candidate,train,EURUSD,2021-05-11,2021-05-17T07:00:00+00:00,2021-05-17T10:00:00+00:00,-1,1.21317,1.2145114285714287,1.2145114285714287,13.414285714286283,stop,-13.414285714286045,-1.1118210862619584,-1.1677316293929463,-1.2236421725239344
control,train,EURUSD,2021-05-11,2021-05-17T07:00:00+00:00,2021-05-17T16:00:00+00:00,1,1.21317,1.21396,1.2118285714285715,13.414285714286283,time_exit,7.899999999998464,0.4771033013843168,0.42119275825332875,0.3652822151223407
candidate,train,USDJPY,2021-05-11,2021-05-17T07:00:00+00:00,2021-05-17T16:00:00+00:00,-1,109.341,109.263,109.48135714285714,14.03571428571431,time_exit,7.7999999999988745,0.4488549618319801,0.39541984732816343,0.3419847328243467
control,train,USDJPY,2021-05-11,2021-05-17T07:00:00+00:00,2021-05-17T09:00:00+00:00,1,109.341,109.20064285714285,109.20064285714285,14.03571428571431,stop,-14.035714285714107,-1.1068702290076189,-1.1603053435114357,-1.2137404580152524
candidate,train,EURUSD,2021-05-18,2021-05-24T07:00:00+00:00,2021-05-24T16:00:00+00:00,1,1.21815,1.22105,1.2165771428571428,15.728571428571934,time_exit,28.999999999999027,1.7484105358763578,1.7007266121706373,1.6530426884649168
control,train,EURUSD,2021-05-18,2021-05-24T07:00:00+00:00,2021-05-24T10:00:00+00:00,-1,1.21815,1.2197228571428573,1.2197228571428573,15.728571428571934,stop,-15.728571428572646,-1.0953678474114863,-1.1430517711172068,-1.1907356948229275
candidate,train,USDJPY,2021-05-18,2021-05-24T07:00:00+00:00,2021-05-24T11:00:00+00:00,-1,108.859,108.96946428571428,108.96946428571428,11.046428571428331,stop,-11.046428571428635,-1.1357904946654038,-1.203685741998092,-1.2715809893307803
control,train,USDJPY,2021-05-18,2021-05-24T07:00:00+00:00,2021-05-24T09:00:00+00:00,1,108.859,108.74853571428571,108.74853571428571,11.046428571428331,stop,-11.046428571428635,-1.1357904946654038,-1.203685741998092,-1.2715809893307803
candidate,train,EURUSD,2021-05-25,2021-05-31T07:00:00+00:00,2021-05-31T09:00:00+00:00,1,1.21988,1.2184057142857143,1.2184057142857143,14.742857142857373,stop,-14.742857142857613,-1.1017441860465262,-1.1526162790697814,-1.2034883720930363
control,train,EURUSD,2021-05-25,2021-05-31T07:00:00+00:00,2021-05-31T09:00:00+00:00,1,1.21988,1.2184057142857143,1.2184057142857143,14.742857142857373,stop,-14.742857142857613,-1.1017441860465262,-1.1526162790697814,-1.2034883720930363
candidate,train,USDJPY,2021-05-25,2021-05-31T07:00:00+00:00,2021-05-31T16:00:00+00:00,-1,109.69,109.643,109.83807142857142,14.807142857142757,time_exit,4.699999999999704,0.21611191509887198,0.1654606849975692,0.11480945489626639
control,train,USDJPY,2021-05-25,2021-05-31T07:00:00+00:00,2021-05-31T16:00:00+00:00,-1,109.69,109.643,109.83807142857142,14.807142857142757,time_exit,4.699999999999704,0.21611191509887198,0.1654606849975692,0.11480945489626639
candidate,train,EURUSD,2021-06-01,2021-06-07T07:00:00+00:00,2021-06-07T16:00:00+00:00,-1,1.21675,1.21633,1.2179907142857143,12.407142857143487,time_exit,4.20000000000087,0.2176165803109399,0.15716753022458715,0.09671848013823445
control,train,EURUSD,2021-06-01,2021-06-07T07:00:00+00:00,2021-06-07T09:00:00+00:00,1,1.21675,1.2155092857142857,1.2155092857142857,12.407142857143487,stop,-12.407142857142617,-1.1208981001726352,-1.181347150258988,-1.2417962003453407
candidate,train,USDJPY,2021-06-01,2021-06-07T07:00:00+00:00,2021-06-07T07:00:00+00:00,1,109.566,109.41910714285714,109.41910714285714,14.68928571428566,stop,-14.689285714285916,-1.1021152443472095,-1.1531728665208056,-1.2042304886944017
control,train,USDJPY,2021-06-01,2021-06-07T07:00:00+00:00,2021-06-07T16:00:00+00:00,-1,109.566,109.282,109.71289285714286,14.68928571428566,time_exit,28.400000000000603,1.8312667152930213,1.7802090931194252,1.729151470945829
candidate,train,EURUSD,2021-06-08,2021-06-14T07:00:00+00:00,2021-06-14T10:00:00+00:00,-1,1.20999,1.2113882142857142,1.2113882142857142,13.982142857142625,stop,-13.982142857142943,-1.1072796934866145,-1.1609195402299104,-1.2145593869732063
control,train,EURUSD,2021-06-08,2021-06-14T07:00:00+00:00,2021-06-14T10:00:00+00:00,-1,1.20999,1.2113882142857142,1.2113882142857142,13.982142857142625,stop,-13.982142857142943,-1.1072796934866145,-1.1609195402299104,-1.2145593869732063
candidate,train,USDJPY,2021-06-08,2021-06-14T07:00:00+00:00,2021-06-14T09:00:00+00:00,1,109.774,109.65475,109.65475,11.924999999999997,stop,-11.924999999999386,-1.1257861635219613,-1.1886792452829678,-1.251572327043974
control,train,USDJPY,2021-06-08,2021-06-14T07:00:00+00:00,2021-06-14T16:00:00+00:00,-1,109.774,109.755,109.89325,11.924999999999997,time_exit,1.9000000000005457,0.033542976939249125,-0.02935010482175718,-0.09224318658276348
candidate,train,EURUSD,2021-06-15,2021-06-21T07:00:00+00:00,2021-06-21T16:00:00+00:00,1,1.1856200000000001,1.1892800000000001,1.1837235714285717,18.964285714285527,time_exit,36.599999999999966,1.8508474576271352,1.8112994350282647,1.7717514124293943
control,train,EURUSD,2021-06-15,2021-06-21T07:00:00+00:00,2021-06-21T16:00:00+00:00,1,1.1856200000000001,1.1892800000000001,1.1837235714285717,18.964285714285527,time_exit,36.599999999999966,1.8508474576271352,1.8112994350282647,1.7717514124293943
candidate,train,USDJPY,2021-06-15,2021-06-21T07:00:00+00:00,2021-06-21T16:00:00+00:00,1,109.802,110.131,109.62017857142858,18.182142857142736,time_exit,32.89999999999935,1.7269691612649534,1.6857198978589423,1.6444706344529314
control,train,USDJPY,2021-06-15,2021-06-21T07:00:00+00:00,2021-06-21T16:00:00+00:00,1,109.802,110.131,109.62017857142858,18.182142857142736,time_exit,32.89999999999935,1.7269691612649534,1.6857198978589423,1.6444706344529314
candidate,train,EURUSD,2021-06-22,2021-06-28T07:00:00+00:00,2021-06-28T14:00:00+00:00,1,1.19249,1.19102,1.19102,14.699999999999951,stop,-14.700000000000824,-1.1020408163265902,-1.1530612244898557,-1.2040816326531212
control,train,EURUSD,2021-06-22,2021-06-28T07:00:00+00:00,2021-06-28T10:00:00+00:00,-1,1.19249,1.1939600000000001,1.1939600000000001,14.699999999999951,stop,-14.700000000000824,-1.1020408163265902,-1.1530612244898557,-1.2040816326531212
candidate,train,USDJPY,2021-06-22,2021-06-28T07:00:00+00:00,2021-06-28T16:00:00+00:00,1,110.632,110.851,110.49142857142859,14.057142857142527,time_exit,21.89999999999941,1.4512195121951141,1.3978658536585273,1.3445121951219408
control,train,USDJPY,2021-06-22,2021-06-28T07:00:00+00:00,2021-06-28T14:00:00+00:00,-1,110.632,110.77257142857142,110.77257142857142,14.057142857142527,stop,-14.057142857141969,-1.1067073170731336,-1.1600609756097202,-1.2134146341463068
candidate,train,EURUSD,2021-06-29,2021-07-05T07:00:00+00:00,2021-07-05T10:00:00+00:00,-1,1.1853,1.1868610714285714,1.1868610714285714,15.610714285714016,stop,-15.610714285714256,-1.0960878517501886,-1.1441317776252753,-1.192175703500362
control,train,EURUSD,2021-06-29,2021-07-05T07:00:00+00:00,2021-07-05T16:00:00+00:00,1,1.1853,1.18635,1.1837389285714286,15.610714285714016,time_exit,10.499999999999954,0.5765271105010366,0.5284831846259499,0.4804392587508633
candidate,train,USDJPY,2021-06-29,2021-07-05T07:00:00+00:00,2021-07-05T16:00:00+00:00,-1,111.119,110.925,111.25667857142857,13.76785714285726,time_exit,19.40000000000026,1.30012970168613,1.2456549935149241,1.1911802853437183
control,train,USDJPY,2021-06-29,2021-07-05T07:00:00+00:00,2021-07-05T09:00:00+00:00,1,111.119,110.98132142857143,110.98132142857143,13.76785714285726,stop,-13.767857142856599,-1.1089494163423634,-1.1634241245135692,-1.217898832684775
candidate,train,EURUSD,2021-07-06,2021-07-12T07:00:00+00:00,2021-07-12T16:00:00+00:00,-1,1.18692,1.18532,1.1880439285714286,11.239285714285831,time_exit,16.00000000000046,1.2901175722910982,1.2233873530346642,1.1566571337782303
control,train,EURUSD,2021-07-06,2021-07-12T07:00:00+00:00,2021-07-12T16:00:00+00:00,-1,1.18692,1.18532,1.1880439285714286,11.239285714285831,time_exit,16.00000000000046,1.2901175722910982,1.2233873530346642,1.1566571337782303
candidate,train,USDJPY,2021-07-06,2021-07-12T07:00:00+00:00,2021-07-12T10:00:00+00:00,1,110.154,110.02039285714285,110.02039285714285,13.360714285714284,stop,-13.360714285714437,-1.1122694466720242,-1.1684041700080308,-1.224538893344037
control,train,USDJPY,2021-07-06,2021-07-12T07:00:00+00:00,2021-07-12T16:00:00+00:00,-1,110.154,110.205,110.28760714285714,13.360714285714284,time_exit,-5.100000000000193,-0.493985565356871,-0.5501202886928774,-0.6062550120288839
candidate,train,EURUSD,2021-07-13,2021-07-19T07:00:00+00:00,2021-07-19T10:00:00+00:00,1,1.18048,1.1793453571428572,1.1793453571428572,11.346428571428914,stop,-11.346428571428202,-1.1322001888573459,-1.1983002832860503,-1.2644003777147546
control,train,EURUSD,2021-07-13,2021-07-19T07:00:00+00:00,2021-07-19T16:00:00+00:00,-1,1.18048,1.17869,1.1816146428571428,11.346428571428914,time_exit,17.899999999999583,1.4453887315076313,1.3792886370789268,1.3131885426502226
candidate,train,USDJPY,2021-07-13,2021-07-19T07:00:00+00:00,2021-07-19T16:00:00+00:00,-1,109.954,109.474,110.07539285714284,12.139285714285666,time_exit,47.99999999999898,3.8305383936451207,3.7687555163282624,3.706972639011404
control,train,USDJPY,2021-07-13,2021-07-19T07:00:00+00:00,2021-07-19T16:00:00+00:00,-1,109.954,109.474,110.07539285714284,12.139285714285666,time_exit,47.99999999999898,3.8305383936451207,3.7687555163282624,3.706972639011404
candidate,train,EURUSD,2021-07-20,2021-07-26T07:00:00+00:00,2021-07-26T11:00:00+00:00,1,1.17787,1.1768585714285715,1.1768585714285715,10.114285714285122,stop,-10.11428571428441,-1.148305084745701,-1.2224576271185867,-1.2966101694914725
control,train,EURUSD,2021-07-20,2021-07-26T07:00:00+00:00,2021-07-26T10:00:00+00:00,-1,1.17787,1.1788814285714284,1.1788814285714284,10.114285714285122,stop,-10.11428571428441,-1.148305084745701,-1.2224576271185867,-1.2966101694914725
candidate,train,USDJPY,2021-07-20,2021-07-26T07:00:00+00:00,2021-07-26T16:00:00+00:00,-1,110.326,110.366,110.44449999999999,11.849999999999941,time_exit,-4.000000000000625,-0.4641350210971015,-0.5274261603376081,-0.5907172995781148
control,train,USDJPY,2021-07-20,2021-07-26T07:00:00+00:00,2021-07-26T10:00:00+00:00,1,110.326,110.2075,110.2075,11.849999999999941,stop,-11.849999999999739,-1.1265822784809962,-1.189873417721503,-1.2531645569620096
candidate,train,EURUSD,2021-07-27,2021-08-02T07:00:00+00:00,2021-08-02T10:00:00+00:00,-1,1.18714,1.1887,1.1887,15.599999999999902,stop,-15.600000000000058,-1.0961538461538567,-1.1442307692307803,-1.1923076923077036
control,train,EURUSD,2021-07-27,2021-08-02T07:00:00+00:00,2021-08-02T16:00:00+00:00,1,1.18714,1.18736,1.18558,15.599999999999902,time_exit,2.1999999999988695,0.04487179487172269,-0.0032051282052006917,-0.05128205128212407
candidate,train,USDJPY,2021-07-27,2021-08-02T07:00:00+00:00,2021-08-02T16:00:00+00:00,-1,109.668,109.534,109.80460714285715,13.660714285714498,time_exit,13.400000000000034,0.8711111111111001,0.8162091503267872,0.7613071895424743
control,train,USDJPY,2021-07-27,2021-08-02T07:00:00+00:00,2021-08-02T16:00:00+00:00,-1,109.668,109.534,109.80460714285715,13.660714285714498,time_exit,13.400000000000034,0.8711111111111001,0.8162091503267872,0.7613071895424743
candidate,train,EURUSD,2021-08-03,2021-08-09T07:00:00+00:00,2021-08-09T16:00:00+00:00,-1,1.17591,1.17608,1.1771882142857142,12.782142857142613,time_exit,-1.7000000000000348,-0.2503492595697197,-0.30902486728137213,-0.36770047499302455
control,train,EURUSD,2021-08-03,2021-08-09T07:00:00+00:00,2021-08-09T16:00:00+00:00,-1,1.17591,1.17608,1.1771882142857142,12.782142857142613,time_exit,-1.7000000000000348,-0.2503492595697197,-0.30902486728137213,-0.36770047499302455
candidate,train,USDJPY,2021-08-03,2021-08-09T07:00:00+00:00,2021-08-09T16:00:00+00:00,-1,110.217,110.141,110.31642857142857,9.94285714285742,time_exit,7.599999999999341,0.6135057471263533,0.5380747126435969,0.46264367816084034
control,train,USDJPY,2021-08-03,2021-08-09T07:00:00+00:00,2021-08-09T16:00:00+00:00,-1,110.217,110.141,110.31642857142857,9.94285714285742,time_exit,7.599999999999341,0.6135057471263533,0.5380747126435969,0.46264367816084034
candidate,train,EURUSD,2021-08-10,2021-08-16T07:00:00+00:00,2021-08-16T16:00:00+00:00,-1,1.17901,1.17775,1.180175714285714,11.65714285714262,time_exit,12.599999999998168,0.9522058823528033,0.8878676470586845,0.8235294117645655
control,train,EURUSD,2021-08-10,2021-08-16T07:00:00+00:00,2021-08-16T16:00:00+00:00,-1,1.17901,1.17775,1.180175714285714,11.65714285714262,time_exit,12.599999999998168,0.9522058823528033,0.8878676470586845,0.8235294117645655
candidate,train,USDJPY,2021-08-10,2021-08-16T07:00:00+00:00,2021-08-16T16:00:00+00:00,1,109.38,109.312,109.20160714285714,17.839285714285936,time_exit,-6.799999999999784,-0.46526526526524736,-0.5073073073072889,-0.5493493493493304
control,train,USDJPY,2021-08-10,2021-08-16T07:00:00+00:00,2021-08-16T16:00:00+00:00,-1,109.38,109.312,109.55839285714285,17.839285714285936,time_exit,6.799999999999784,0.2970970970970813,0.2550550550550398,0.21301301301299827
candidate,train,EURUSD,2021-08-17,2021-08-23T07:00:00+00:00,2021-08-23T16:00:00+00:00,1,1.17201,1.17321,1.1705753571428572,14.346428571428824,time_exit,12.000000000000899,0.7318894697535973,0.6796116504854876,0.627333831217378
control,train,EURUSD,2021-08-17,2021-08-23T07:00:00+00:00,2021-08-23T16:00:00+00:00,1,1.17201,1.17321,1.1705753571428572,14.346428571428824,time_exit,12.000000000000899,0.7318894697535973,0.6796116504854876,0.627333831217378
candidate,train,USDJPY,2021-08-17,2021-08-23T07:00:00+00:00,2021-08-23T09:00:00+00:00,-1,109.867,109.97917857142858,109.97917857142858,11.217857142857113,stop,-11.217857142857213,-1.133715377268395,-1.2005730659025882,-1.2674307545367813
control,train,USDJPY,2021-08-17,2021-08-23T07:00:00+00:00,2021-08-23T16:00:00+00:00,1,109.867,110.04,109.75482142857143,11.217857142857113,time_exit,17.300000000000182,1.408468640560351,1.3416109519261579,1.274753263291965
candidate,train,EURUSD,2021-08-24,2021-08-30T07:00:00+00:00,2021-08-30T16:00:00+00:00,-1,1.1804000000000001,1.17864,1.1820339285714287,16.339285714285698,time_exit,17.60000000000206,0.9853551912569576,0.9394535519126952,0.8935519125684329
control,train,EURUSD,2021-08-24,2021-08-30T07:00:00+00:00,2021-08-30T15:00:00+00:00,1,1.1804000000000001,1.1787660714285715,1.1787660714285715,16.339285714285698,stop,-16.339285714286333,-1.0918032786885636,-1.137704918032826,-1.1836065573770882
candidate,train,USDJPY,2021-08-24,2021-08-30T07:00:00+00:00,2021-08-30T16:00:00+00:00,1,109.764,109.94,109.61999999999999,14.40000000000024,time_exit,17.600000000000193,1.1180555555555503,1.0659722222222179,1.0138888888888855
control,train,USDJPY,2021-08-24,2021-08-30T07:00:00+00:00,2021-08-30T16:00:00+00:00,1,109.764,109.94,109.61999999999999,14.40000000000024,time_exit,17.600000000000193,1.1180555555555503,1.0659722222222179,1.0138888888888855
candidate,train,EURUSD,2021-08-31,2021-09-06T07:00:00+00:00,2021-09-06T16:00:00+00:00,1,1.18679,1.18662,1.1855182142857144,12.717857142856717,time_exit,-1.7000000000000348,-0.25161471496771687,-0.31058691378827485,-0.36955911260883284
control,train,EURUSD,2021-08-31,2021-09-06T07:00:00+00:00,2021-09-06T16:00:00+00:00,-1,1.18679,1.18662,1.1880617857142857,12.717857142856717,time_exit,1.7000000000000348,0.01572591968548487,-0.043246279135073125,-0.10221847795563113
candidate,train,USDJPY,2021-08-31,2021-09-06T07:00:00+00:00,2021-09-06T16:00:00+00:00,1,109.826,109.836,109.7162857142857,10.97142857142843,time_exit,1.0000000000005116,-0.045572916666620625,-0.11393229166662151,-0.1822916666666224
control,train,USDJPY,2021-08-31,2021-09-06T07:00:00+00:00,2021-09-06T10:00:00+00:00,-1,109.826,109.93571428571428,109.93571428571428,10.97142857142843,stop,-10.971428571428987,-1.1367187500000526,-1.2050781250000535,-1.2734375000000544
candidate,train,EURUSD,2021-09-07,2021-09-13T07:00:00+00:00,2021-09-13T07:00:00+00:00,1,1.18052,1.17962,1.17962,9.000000000000437,stop,-9.00000000000123,-1.1666666666667467,-1.250000000000076,-1.3333333333334052
control,train,EURUSD,2021-09-07,2021-09-13T07:00:00+00:00,2021-09-13T07:00:00+00:00,1,1.18052,1.17962,1.17962,9.000000000000437,stop,-9.00000000000123,-1.1666666666667467,-1.250000000000076,-1.3333333333334052
candidate,train,USDJPY,2021-09-07,2021-09-13T07:00:00+00:00,2021-09-13T16:00:00+00:00,1,109.951,110.064,109.84439285714285,10.66071428571388,time_exit,11.299999999999955,0.9192629815745701,0.8489112227805976,0.778559463986625
control,train,USDJPY,2021-09-07,2021-09-13T07:00:00+00:00,2021-09-13T16:00:00+00:00,1,109.951,110.064,109.84439285714285,10.66071428571388,time_exit,11.299999999999955,0.9192629815745701,0.8489112227805976,0.778559463986625
candidate,train,EURUSD,2021-09-14,2021-09-20T07:00:00+00:00,2021-09-20T16:00:00+00:00,-1,1.17108,1.17142,1.1722564285714285,11.76428571428618,time_exit,-3.4000000000000696,-0.41651487553125843,-0.4802671523982869,-0.5440194292653153
control,train,EURUSD,2021-09-14,2021-09-20T07:00:00+00:00,2021-09-20T16:00:00+00:00,1,1.17108,1.17142,1.1699035714285713,11.76428571428618,time_exit,3.4000000000000696,0.16150576806314465,0.0977534911961162,0.03400121432908776
candidate,train,USDJPY,2021-09-14,2021-09-20T07:00:00+00:00,2021-09-20T16:00:00+00:00,-1,109.932,109.498,110.05060714285715,11.86071428571428,time_exit,43.39999999999975,3.532670882264359,3.4694369165913685,3.4062029509183787
control,train,USDJPY,2021-09-14,2021-09-20T07:00:00+00:00,2021-09-20T16:00:00+00:00,-1,109.932,109.498,110.05060714285715,11.86071428571428,time_exit,43.39999999999975,3.532670882264359,3.4694369165913685,3.4062029509183787
candidate,train,EURUSD,2021-09-21,2021-09-27T07:00:00+00:00,2021-09-27T16:00:00+00:00,-1,1.1722299999999999,1.17074,1.1733817857142856,11.517857142857181,time_exit,14.899999999999913,1.1634108527131668,1.0982945736433996,1.0331782945736325
control,train,EURUSD,2021-09-21,2021-09-27T07:00:00+00:00,2021-09-27T16:00:00+00:00,-1,1.1722299999999999,1.17074,1.1733817857142856,11.517857142857181,time_exit,14.899999999999913,1.1634108527131668,1.0982945736433996,1.0331782945736325
candidate,train,USDJPY,2021-09-21,2021-09-27T07:00:00+00:00,2021-09-27T09:00:00+00:00,-1,110.574,110.70675,110.70675,13.27500000000035,stop,-13.275000000000148,-1.1129943502824677,-1.169491525423709,-1.2259887005649506
control,train,USDJPY,2021-09-21,2021-09-27T07:00:00+00:00,2021-09-27T09:00:00+00:00,-1,110.574,110.70675,110.70675,13.27500000000035,stop,-13.275000000000148,-1.1129943502824677,-1.169491525423709,-1.2259887005649506
candidate,train,EURUSD,2021-09-28,2021-10-04T07:00:00+00:00,2021-10-04T16:00:00+00:00,1,1.15892,1.1632500000000001,1.1574960714285714,14.23928571428574,time_exit,43.30000000000167,2.935540506646713,2.8828693253073605,2.8301981439680075
control,train,EURUSD,2021-09-28,2021-10-04T07:00:00+00:00,2021-10-04T09:00:00+00:00,-1,1.15892,1.1603439285714285,1.1603439285714285,14.23928571428574,stop,-14.239285714285899,-1.1053423626787167,-1.1580135440180694,-1.2106847253574222
candidate,train,USDJPY,2021-09-28,2021-10-04T07:00:00+00:00,2021-10-04T16:00:00+00:00,1,111.062,111.067,110.89903571428572,16.296428571428734,time_exit,0.49999999999954525,-0.0613631382862425,-0.10738549200090344,-0.1534078457155644
control,train,USDJPY,2021-09-28,2021-10-04T07:00:00+00:00,2021-10-04T11:00:00+00:00,-1,111.062,111.22496428571428,111.22496428571428,16.296428571428734,stop,-16.296428571428123,-1.0920447074292845,-1.1380670611439454,-1.1840894148586063
candidate,train,EURUSD,2021-10-05,2021-10-11T07:00:00+00:00,2021-10-11T12:00:00+00:00,1,1.15721,1.1559285714285714,1.1559285714285714,12.814285714286397,stop,-12.814285714286555,-1.117056856187297,-1.1755852842809393,-1.2341137123745818
control,train,EURUSD,2021-10-05,2021-10-11T07:00:00+00:00,2021-10-11T09:00:00+00:00,-1,1.15721,1.1584914285714287,1.1584914285714287,12.814285714286397,stop,-12.814285714286555,-1.117056856187297,-1.1755852842809393,-1.2341137123745818
candidate,train,USDJPY,2021-10-05,2021-10-11T07:00:00+00:00,2021-10-11T11:00:00+00:00,-1,112.692,112.87210714285713,112.87210714285713,18.010714285714258,stop,-18.010714285713902,-1.0832837596668454,-1.124925639500278,-1.1665675193337104
control,train,USDJPY,2021-10-05,2021-10-11T07:00:00+00:00,2021-10-11T16:00:00+00:00,1,112.692,113.191,112.51189285714285,18.010714285714258,time_exit,49.900000000000944,2.687289311917566,2.6456474320841337,2.604005552250701
candidate,train,EURUSD,2021-10-12,2021-10-18T07:00:00+00:00,2021-10-18T16:00:00+00:00,1,1.15816,1.16013,1.1567178571428571,14.421428571428601,time_exit,19.700000000000273,1.262010896483424,1.2100049529470198,1.1579990094106158
control,train,EURUSD,2021-10-12,2021-10-18T07:00:00+00:00,2021-10-18T16:00:00+00:00,1,1.15816,1.16013,1.1567178571428571,14.421428571428601,time_exit,19.700000000000273,1.262010896483424,1.2100049529470198,1.1579990094106158
candidate,train,USDJPY,2021-10-12,2021-10-18T07:00:00+00:00,2021-10-18T15:00:00+00:00,1,114.391,114.13985714285715,114.13985714285715,25.1142857142858,stop,-25.114285714285245,-1.0597269624573156,-1.0895904436859845,-1.1194539249146533
control,train,USDJPY,2021-10-12,2021-10-18T07:00:00+00:00,2021-10-18T15:00:00+00:00,1,114.391,114.13985714285715,114.13985714285715,25.1142857142858,stop,-25.114285714285245,-1.0597269624573156,-1.0895904436859845,-1.1194539249146533
candidate,train,EURUSD,2021-10-19,2021-10-25T07:00:00+00:00,2021-10-25T16:00:00+00:00,-1,1.16637,1.15948,1.1680146428571427,16.446428571428545,time_exit,68.8999999999984,4.09815418023878,4.052551574375588,4.006948968512396
control,train,EURUSD,2021-10-19,2021-10-25T07:00:00+00:00,2021-10-25T09:00:00+00:00,1,1.16637,1.164725357142857,1.164725357142857,16.446428571428545,stop,-16.446428571428306,-1.09120521172637,-1.1368078175895624,-1.1824104234527546
candidate,train,USDJPY,2021-10-19,2021-10-25T07:00:00+00:00,2021-10-25T15:00:00+00:00,-1,113.63,113.86935714285714,113.86935714285714,23.935714285714532,stop,-23.935714285714482,-1.0626678603401942,-1.0940017905102923,-1.1253357206803904
control,train,USDJPY,2021-10-19,2021-10-25T07:00:00+00:00,2021-10-25T16:00:00+00:00,1,113.63,113.878,113.39064285714285,23.935714285714532,time_exit,24.800000000000466,0.9734407639510688,0.9421068337809707,0.9107729036108725
candidate,train,EURUSD,2021-10-26,2021-11-01T07:00:00+00:00,2021-11-01T10:00:00+00:00,-1,1.15517,1.1572464285714286,1.1572464285714286,20.764285714285663,stop,-20.764285714285347,-1.0722394220846083,-1.10835913312692,-1.1444788441692317
control,train,EURUSD,2021-10-26,2021-11-01T07:00:00+00:00,2021-11-01T16:00:00+00:00,1,1.15517,1.15723,1.1530935714285715,20.764285714285663,time_exit,20.599999999999508,0.9198486412108489,0.8837289301685372,0.8476092191262253
candidate,train,USDJPY,2021-10-26,2021-11-01T07:00:00+00:00,2021-11-01T16:00:00+00:00,-1,114.256,114.182,114.47189285714286,21.58928571428587,time_exit,7.399999999999807,0.2732837055417591,0.23854425144746658,0.203804797353174
control,train,USDJPY,2021-10-26,2021-11-01T07:00:00+00:00,2021-11-01T16:00:00+00:00,1,114.256,114.182,114.04010714285714,21.58928571428587,time_exit,-7.399999999999807,-0.4122415219189293,-0.44698097601322184,-0.4817204301075144
candidate,train,EURUSD,2021-11-02,2021-11-08T07:00:00+00:00,2021-11-08T16:00:00+00:00,1,1.1561,1.15689,1.1543139285714286,17.860714285714245,time_exit,7.900000000000684,0.3583283343331725,0.3163367326535083,0.27434513097384416
control,train,EURUSD,2021-11-02,2021-11-08T07:00:00+00:00,2021-11-08T16:00:00+00:00,1,1.1561,1.15689,1.1543139285714286,17.860714285714245,time_exit,7.900000000000684,0.3583283343331725,0.3163367326535083,0.27434513097384416
candidate,train,USDJPY,2021-11-02,2021-11-08T07:00:00+00:00,2021-11-08T11:00:00+00:00,1,113.578,113.40132142857144,113.40132142857144,17.667857142857002,stop,-17.667857142856747,-1.0848999393571723,-1.1273499090357657,-1.1697998787143593
control,train,USDJPY,2021-11-02,2021-11-08T07:00:00+00:00,2021-11-08T11:00:00+00:00,1,113.578,113.40132142857144,113.40132142857144,17.667857142857002,stop,-17.667857142856747,-1.0848999393571723,-1.1273499090357657,-1.1697998787143593
candidate,train,EURUSD,2021-11-09,2021-11-15T07:00:00+00:00,2021-11-15T16:00:00+00:00,-1,1.14555,1.14458,1.1467917857142857,12.417857142856416,time_exit,9.700000000001374,0.66033937302287,0.5999424791488371,0.5395455852748043
control,train,EURUSD,2021-11-09,2021-11-15T07:00:00+00:00,2021-11-15T10:00:00+00:00,1,1.14555,1.1443082142857144,1.1443082142857144,12.417857142856416,stop,-12.417857142856814,-1.1207937877480978,-1.1811906816221307,-1.2415875754961636
candidate,train,USDJPY,2021-11-09,2021-11-15T07:00:00+00:00,2021-11-15T16:00:00+00:00,-1,113.861,113.87,114.02675,16.575000000000273,time_exit,-0.9000000000000341,-0.14479638009049742,-0.19004524886877722,-0.23529411764705702
control,train,USDJPY,2021-11-09,2021-11-15T07:00:00+00:00,2021-11-15T16:00:00+00:00,1,113.861,113.87,113.69525,16.575000000000273,time_exit,0.9000000000000341,-0.03619909502262178,-0.08144796380090158,-0.12669683257918138
candidate,train,EURUSD,2021-11-16,2021-11-22T07:00:00+00:00,2021-11-22T16:00:00+00:00,-1,1.12782,1.12801,1.1298021428571428,19.821428571428054,time_exit,-1.8999999999991246,-0.17153153153149184,-0.20936936936933068,-0.2472072072071695
control,train,EURUSD,2021-11-16,2021-11-22T07:00:00+00:00,2021-11-22T16:00:00+00:00,-1,1.12782,1.12801,1.1298021428571428,19.821428571428054,time_exit,-1.8999999999991246,-0.17153153153149184,-0.20936936936933068,-0.2472072072071695
candidate,train,USDJPY,2021-11-16,2021-11-22T07:00:00+00:00,2021-11-22T16:00:00+00:00,1,114.14,114.151,113.93760714285713,20.239285714286126,time_exit,1.099999999999568,-0.019763543321002063,-0.056820187047840906,-0.09387683077467975
control,train,USDJPY,2021-11-16,2021-11-22T07:00:00+00:00,2021-11-22T16:00:00+00:00,-1,114.14,114.151,114.34239285714287,20.239285714286126,time_exit,-1.099999999999568,-0.1284630315863533,-0.16551967531319214,-0.202576319040031
candidate,train,EURUSD,2021-11-23,2021-11-29T07:00:00+00:00,2021-11-29T13:00:00+00:00,-1,1.12726,1.1294285714285714,1.1294285714285714,21.685714285714084,stop,-21.685714285715196,-1.0691699604743603,-1.1037549407115146,-1.138339920948669
control,train,EURUSD,2021-11-23,2021-11-29T07:00:00+00:00,2021-11-29T13:00:00+00:00,-1,1.12726,1.1294285714285714,1.1294285714285714,21.685714285714084,stop,-21.685714285715196,-1.0691699604743603,-1.1037549407115146,-1.138339920948669
candidate,train,USDJPY,2021-11-23,2021-11-29T07:00:00+00:00,2021-11-29T08:00:00+00:00,1,113.601,113.13032142857143,113.13032142857143,47.067857142857,stop,-47.06785714285644,-1.0318688823127584,-1.0478033234691437,-1.0637377646255288
control,train,USDJPY,2021-11-23,2021-11-29T07:00:00+00:00,2021-11-29T16:00:00+00:00,-1,113.601,113.778,114.07167857142856,47.067857142857,time_exit,-17.70000000000067,-0.4079216936034755,-0.4238561347598607,-0.43979057591624593
candidate,train,EURUSD,2021-11-30,2021-12-06T07:00:00+00:00,2021-12-06T12:00:00+00:00,-1,1.12881,1.1307964285714287,1.1307964285714287,19.864285714285955,stop,-19.864285714286112,-1.0755124056095,-1.113268608414246,-1.151024811218992
control,train,EURUSD,2021-11-30,2021-12-06T07:00:00+00:00,2021-12-06T12:00:00+00:00,-1,1.12881,1.1307964285714287,1.1307964285714287,19.864285714285955,stop,-19.864285714286112,-1.0755124056095,-1.113268608414246,-1.151024811218992
candidate,train,USDJPY,2021-11-30,2021-12-06T07:00:00+00:00,2021-12-06T11:00:00+00:00,-1,113.004,113.27153571428572,113.27153571428572,26.75357142857097,stop,-26.753571428571377,-1.0560672807369003,-1.084100921105343,-1.1121345614737856
control,train,USDJPY,2021-11-30,2021-12-06T07:00:00+00:00,2021-12-06T11:00:00+00:00,-1,113.004,113.27153571428572,113.27153571428572,26.75357142857097,stop,-26.753571428571377,-1.0560672807369003,-1.084100921105343,-1.1121345614737856
candidate,train,EURUSD,2021-12-07,2021-12-13T07:00:00+00:00,2021-12-13T10:00:00+00:00,1,1.12948,1.12792,1.12792,15.600000000000138,stop,-15.600000000000058,-1.0961538461538403,-1.1442307692307627,-1.1923076923076854
control,train,EURUSD,2021-12-07,2021-12-13T07:00:00+00:00,2021-12-13T10:00:00+00:00,1,1.12948,1.12792,1.12792,15.600000000000138,stop,-15.600000000000058,-1.0961538461538403,-1.1442307692307627,-1.1923076923076854
candidate,train,USDJPY,2021-12-07,2021-12-13T07:00:00+00:00,2021-12-13T16:00:00+00:00,1,113.508,113.644,113.36967857142857,13.832142857143126,time_exit,13.600000000000989,0.8747740769429928,0.8205525432481836,0.7663310095533745
control,train,USDJPY,2021-12-07,2021-12-13T07:00:00+00:00,2021-12-13T10:00:00+00:00,-1,113.508,113.64632142857143,113.64632142857143,13.832142857143126,stop,-13.832142857143026,-1.108443067389611,-1.1626646010844204,-1.2168861347792295
candidate,train,EURUSD,2021-12-14,2021-12-20T07:00:00+00:00,2021-12-20T16:00:00+00:00,1,1.12493,1.12931,1.1231214285714286,18.085714285713816,time_exit,43.8000000000005,2.3388625592417944,2.2973933649289973,2.2559241706162
control,train,EURUSD,2021-12-14,2021-12-20T07:00:00+00:00,2021-12-20T10:00:00+00:00,-1,1.12493,1.1267385714285714,1.1267385714285714,18.085714285713816,stop,-18.085714285713816,-1.0829383886255946,-1.124407582938392,-1.165876777251189
candidate,train,USDJPY,2021-12-14,2021-12-20T07:00:00+00:00,2021-12-20T16:00:00+00:00,-1,113.52,113.531,113.72442857142856,20.44285714285685,time_exit,-1.100000000000989,-0.12718378756119625,-0.16387141858845045,-0.20055904961570462
control,train,USDJPY,2021-12-14,2021-12-20T07:00:00+00:00,2021-12-20T16:00:00+00:00,-1,113.52,113.531,113.72442857142856,20.44285714285685,time_exit,-1.100000000000989,-0.12718378756119625,-0.16387141858845045,-0.20055904961570462
candidate,train,EURUSD,2021-12-21,2021-12-27T07:00:00+00:00,2021-12-27T16:00:00+00:00,-1,1.1319,1.13118,1.1336764285714285,17.764285714285993,time_exit,7.199999999998319,0.3208685162845807,0.278648974668176,0.2364294330517714
control,train,EURUSD,2021-12-21,2021-12-27T07:00:00+00:00,2021-12-27T16:00:00+00:00,1,1.1319,1.13118,1.1301235714285713,17.764285714285993,time_exit,-7.199999999998319,-0.4897466827501992,-0.5319662243666039,-0.5741857659830085
candidate,train,USDJPY,2021-12-21,2021-12-27T07:00:00+00:00,2021-12-27T16:00:00+00:00,1,114.462,114.744,114.37971428571429,8.228571428571435,time_exit,28.199999999999648,3.244791666666621,3.153645833333288,3.0624999999999547
control,train,USDJPY,2021-12-21,2021-12-27T07:00:00+00:00,2021-12-27T10:00:00+00:00,-1,114.462,114.54428571428572,114.54428571428572,8.228571428571435,stop,-8.22857142857174,-1.1822916666667036,-1.2734375000000369,-1.3645833333333701
candidate,internal_validation,EURUSD,2021-12-28,2022-01-03T07:00:00+00:00,2022-01-03T16:00:00+00:00,1,1.13406,1.13504,1.1321217857142858,19.382142857142792,time_exit,9.799999999999809,0.4282292242491163,0.389533812419376,0.35083840058963567
control,internal_validation,EURUSD,2021-12-28,2022-01-03T07:00:00+00:00,2022-01-03T16:00:00+00:00,1,1.13406,1.13504,1.1321217857142858,19.382142857142792,time_exit,9.799999999999809,0.4282292242491163,0.389533812419376,0.35083840058963567
candidate,internal_validation,USDJPY,2021-12-28,2022-01-03T07:00:00+00:00,2022-01-03T12:00:00+00:00,1,115.271,115.14307142857143,115.14307142857143,12.792857142857322,stop,-12.792857142856917,-1.1172529313232498,-1.1758793969848904,-1.2345058626465313
control,internal_validation,USDJPY,2021-12-28,2022-01-03T07:00:00+00:00,2022-01-03T12:00:00+00:00,1,115.271,115.14307142857143,115.14307142857143,12.792857142857322,stop,-12.792857142856917,-1.1172529313232498,-1.1758793969848904,-1.2345058626465313
candidate,internal_validation,EURUSD,2022-01-04,2022-01-10T07:00:00+00:00,2022-01-10T14:00:00+00:00,1,1.13344,1.1320396428571429,1.1320396428571429,14.00357142857205,stop,-14.003571428571338,-1.1071155317520485,-1.160673297628098,-1.2142310635041478
control,internal_validation,EURUSD,2022-01-04,2022-01-10T07:00:00+00:00,2022-01-10T14:00:00+00:00,1,1.13344,1.1320396428571429,1.1320396428571429,14.00357142857205,stop,-14.003571428571338,-1.1071155317520485,-1.160673297628098,-1.2142310635041478
candidate,internal_validation,USDJPY,2022-01-04,2022-01-10T07:00:00+00:00,2022-01-10T10:00:00+00:00,1,115.81,115.6624642857143,115.6624642857143,14.753571428571075,stop,-14.753571428570922,-1.1016702977487212,-1.152505446623087,-1.2033405954974528
control,internal_validation,USDJPY,2022-01-04,2022-01-10T07:00:00+00:00,2022-01-10T10:00:00+00:00,1,115.81,115.6624642857143,115.6624642857143,14.753571428571075,stop,-14.753571428570922,-1.1016702977487212,-1.152505446623087,-1.2033405954974528
candidate,internal_validation,EURUSD,2022-01-11,2022-01-17T07:00:00+00:00,2022-01-17T16:00:00+00:00,-1,1.14189,1.14017,1.1434489285714287,15.589285714286731,time_exit,17.20000000000166,1.0071019473081735,0.9589919816724378,0.9108820160367022
control,internal_validation,EURUSD,2022-01-11,2022-01-17T07:00:00+00:00,2022-01-17T14:00:00+00:00,1,1.14189,1.1403310714285715,1.1403310714285715,15.589285714286731,stop,-15.589285714285861,-1.0962199312714156,-1.1443298969071511,-1.192439862542887
candidate,internal_validation,USDJPY,2022-01-11,2022-01-17T07:00:00+00:00,2022-01-17T16:00:00+00:00,-1,114.407,114.535,114.60960714285714,20.260714285714037,time_exit,-12.800000000000011,-0.7057994006698488,-0.7428168517539318,-0.7798343028380147
control,internal_validation,USDJPY,2022-01-11,2022-01-17T07:00:00+00:00,2022-01-17T16:00:00+00:00,1,114.407,114.535,114.20439285714285,20.260714285714037,time_exit,12.800000000000011,0.557729596333517,0.5207121452494341,0.4836946941653511
candidate,internal_validation,EURUSD,2022-01-18,2022-01-24T07:00:00+00:00,2022-01-24T16:00:00+00:00,-1,1.13293,1.12959,1.1341225,11.92500000000009,time_exit,33.39999999999898,2.6750524109013623,2.6121593291403564,2.5492662473793506
control,internal_validation,EURUSD,2022-01-18,2022-01-24T07:00:00+00:00,2022-01-24T07:00:00+00:00,1,1.13293,1.1317375,1.1317375,11.92500000000009,stop,-11.924999999999297,-1.1257861635219453,-1.188679245282951,-1.251572327043957
candidate,internal_validation,USDJPY,2022-01-18,2022-01-24T07:00:00+00:00,2022-01-24T09:00:00+00:00,1,113.913,113.75346428571429,113.75346428571429,15.953571428571475,stop,-15.953571428570967,-1.0940228341168248,-1.1410342511752531,-1.1880456682336815
control,internal_validation,USDJPY,2022-01-18,2022-01-24T07:00:00+00:00,2022-01-24T16:00:00+00:00,-1,113.913,113.743,114.0725357142857,15.953571428571475,time_exit,17.00000000000017,0.9715692858741963,0.924557868815768,0.8775464517573397
candidate,internal_validation,EURUSD,2022-01-25,2022-01-31T07:00:00+00:00,2022-01-31T10:00:00+00:00,-1,1.11619,1.1178089285714286,1.1178089285714286,16.18928571428543,stop,-16.18928571428535,-1.0926538716082033,-1.1389808074123073,-1.1853077432164114
control,internal_validation,EURUSD,2022-01-25,2022-01-31T07:00:00+00:00,2022-01-31T16:00:00+00:00,1,1.11619,1.11931,1.1145710714285715,16.18928571428543,time_exit,31.200000000000117,1.834546657842528,1.788219722038424,1.7418927862343199
candidate,internal_validation,USDJPY,2022-01-25,2022-01-31T07:00:00+00:00,2022-01-31T16:00:00+00:00,-1,115.485,115.27,115.67099999999999,18.599999999999895,time_exit,21.50000000000034,1.0752688172043254,1.034946236559164,0.9946236559140025
control,internal_validation,USDJPY,2022-01-25,2022-01-31T07:00:00+00:00,2022-01-31T16:00:00+00:00,-1,115.485,115.27,115.67099999999999,18.599999999999895,time_exit,21.50000000000034,1.0752688172043254,1.034946236559164,0.9946236559140025
candidate,internal_validation,EURUSD,2022-02-01,2022-02-07T07:00:00+00:00,2022-02-07T14:00:00+00:00,-1,1.14385,1.1457228571428573,1.1457228571428573,18.72857142857136,stop,-18.728571428572316,-1.0800915331808294,-1.1201372997712185,-1.1601830663616077
control,internal_validation,EURUSD,2022-02-01,2022-02-07T07:00:00+00:00,2022-02-07T11:00:00+00:00,1,1.14385,1.1419771428571428,1.1419771428571428,18.72857142857136,stop,-18.728571428572316,-1.0800915331808294,-1.1201372997712185,-1.1601830663616077
candidate,internal_validation,USDJPY,2022-02-01,2022-02-07T07:00:00+00:00,2022-02-07T10:00:00+00:00,1,115.269,115.12767857142858,115.12767857142858,14.132142857142583,stop,-14.132142857143037,-1.1061410159211866,-1.159211523881764,-1.212282031842341
control,internal_validation,USDJPY,2022-02-01,2022-02-07T07:00:00+00:00,2022-02-07T16:00:00+00:00,-1,115.269,115.093,115.41032142857144,14.132142857142583,time_exit,17.600000000000193,1.1392469042204048,1.0861763962598276,1.0331058882992503
candidate,internal_validation,EURUSD,2022-02-08,2022-02-14T07:00:00+00:00,2022-02-14T16:00:00+00:00,-1,1.13452,1.13151,1.1373539285714287,28.339285714286277,time_exit,30.09999999999957,1.0091997479520758,0.9827347195966888,0.9562696912413018
control,internal_validation,EURUSD,2022-02-08,2022-02-14T07:00:00+00:00,2022-02-14T10:00:00+00:00,1,1.13452,1.1316860714285712,1.1316860714285712,28.339285714286277,stop,-28.339285714287232,-1.0529300567108077,-1.0793950850661946,-1.1058601134215817
candidate,internal_validation,USDJPY,2022-02-08,2022-02-14T07:00:00+00:00,2022-02-14T16:00:00+00:00,-1,115.51,115.506,115.83067857142858,32.06785714285694,time_exit,0.40000000000048885,-0.03430226083081246,-0.05769016594274044,-0.08107807105466842
control,internal_validation,USDJPY,2022-02-08,2022-02-14T07:00:00+00:00,2022-02-14T10:00:00+00:00,1,115.51,115.18932142857143,115.18932142857143,32.06785714285694,stop,-32.06785714285729,-1.0467758102238671,-1.070163715335795,-1.093551620447723
candidate,internal_validation,EURUSD,2022-02-15,2022-02-21T07:00:00+00:00,2022-02-21T14:00:00+00:00,1,1.13621,1.13408,1.13408,21.29999999999989,stop,-21.299999999999653,-1.0704225352112569,-1.1056338028168908,-1.1408450704225248
control,internal_validation,EURUSD,2022-02-15,2022-02-21T07:00:00+00:00,2022-02-21T10:00:00+00:00,-1,1.13621,1.13834,1.13834,21.29999999999989,stop,-21.299999999999653,-1.0704225352112569,-1.1056338028168908,-1.1408450704225248
candidate,internal_validation,GBPUSD,2022-02-15,2022-02-21T07:00:00+00:00,2022-02-21T15:00:00+00:00,1,1.36196,1.3596810714285714,1.3596810714285714,22.789285714286322,stop,-22.7892857142864,-1.0877605391004557,-1.1316408086506817,-1.1755210782009078
control,internal_validation,GBPUSD,2022-02-15,2022-02-21T07:00:00+00:00,2022-02-21T15:00:00+00:00,1,1.36196,1.3596810714285714,1.3596810714285714,22.789285714286322,stop,-22.7892857142864,-1.0877605391004557,-1.1316408086506817,-1.1755210782009078
candidate,internal_validation,USDJPY,2022-02-15,2022-02-21T07:00:00+00:00,2022-02-21T16:00:00+00:00,-1,114.984,114.858,115.14835714285714,16.435714285713743,time_exit,12.599999999999056,0.6753585397652843,0.6297262059973558,0.5840938722294273
control,internal_validation,USDJPY,2022-02-15,2022-02-21T07:00:00+00:00,2022-02-21T10:00:00+00:00,1,114.984,114.81964285714285,114.81964285714285,16.435714285713743,stop,-16.435714285714198,-1.0912646675358846,-1.136897001303813,-1.1825293350717416
candidate,internal_validation,EURUSD,2022-02-22,2022-02-28T07:00:00+00:00,2022-02-28T16:00:00+00:00,1,1.11461,1.12127,1.1101807142857143,44.292857142857066,time_exit,66.59999999999889,1.469762941461032,1.4528301886792225,1.4358974358974133
control,internal_validation,EURUSD,2022-02-22,2022-02-28T07:00:00+00:00,2022-02-28T16:00:00+00:00,1,1.11461,1.12127,1.1101807142857143,44.292857142857066,time_exit,66.59999999999889,1.469762941461032,1.4528301886792225,1.4358974358974133
candidate,internal_validation,GBPUSD,2022-02-22,2022-02-28T07:00:00+00:00,2022-02-28T09:00:00+00:00,-1,1.33445,1.3386425,1.3386425,41.92500000000012,stop,-41.92500000000043,-1.0477042337507527,-1.0715563506261254,-1.095408467501498
control,internal_validation,GBPUSD,2022-02-22,2022-02-28T07:00:00+00:00,2022-02-28T09:00:00+00:00,-1,1.33445,1.3386425,1.3386425,41.92500000000012,stop,-41.92500000000043,-1.0477042337507527,-1.0715563506261254,-1.095408467501498
candidate,internal_validation,USDJPY,2022-02-22,2022-02-28T07:00:00+00:00,2022-02-28T16:00:00+00:00,-1,115.576,115.324,115.82821428571428,25.221428571428262,time_exit,25.199999999999534,0.939677145284615,0.9099405267629493,0.8802039082412837
control,internal_validation,USDJPY,2022-02-22,2022-02-28T07:00:00+00:00,2022-02-28T16:00:00+00:00,-1,115.576,115.324,115.82821428571428,25.221428571428262,time_exit,25.199999999999534,0.939677145284615,0.9099405267629493,0.8802039082412837
candidate,internal_validation,EURUSD,2022-03-01,2022-03-07T07:00:00+00:00,2022-03-07T12:00:00+00:00,1,1.08794,1.0841760714285713,1.0841760714285713,37.639285714285826,stop,-37.63928571428598,-1.039851978366073,-1.0597779675491072,-1.0797039567321416
control,internal_validation,EURUSD,2022-03-01,2022-03-07T07:00:00+00:00,2022-03-07T12:00:00+00:00,1,1.08794,1.0841760714285713,1.0841760714285713,37.639285714285826,stop,-37.63928571428598,-1.039851978366073,-1.0597779675491072,-1.0797039567321416
candidate,internal_validation,GBPUSD,2022-03-01,2022-03-07T07:00:00+00:00,2022-03-07T16:00:00+00:00,-1,1.32158,1.31734,1.3254017857142857,38.21785714285724,time_exit,42.40000000000021,1.0570974675264022,1.030931688627234,1.0047659097280657
control,internal_validation,GBPUSD,2022-03-01,2022-03-07T07:00:00+00:00,2022-03-07T10:00:00+00:00,1,1.32158,1.3177582142857143,1.3177582142857143,38.21785714285724,stop,-38.21785714285708,-1.052331557798332,-1.0784973366975004,-1.1046631155966686
candidate,internal_validation,USDJPY,2022-03-01,2022-03-07T07:00:00+00:00,2022-03-07T14:00:00+00:00,-1,114.898,115.14035714285714,115.14035714285714,24.235714285714444,stop,-24.235714285714494,-1.0618921308576497,-1.0928381962864735,-1.1237842617152975
control,internal_validation,USDJPY,2022-03-01,2022-03-07T07:00:00+00:00,2022-03-07T14:00:00+00:00,-1,114.898,115.14035714285714,115.14035714285714,24.235714285714444,stop,-24.235714285714494,-1.0618921308576497,-1.0928381962864735,-1.1237842617152975
candidate,internal_validation,EURUSD,2022-03-08,2022-03-14T07:00:00+00:00,2022-03-14T16:00:00+00:00,1,1.09172,1.09426,1.0888592857142858,28.607142857142563,time_exit,25.399999999999867,0.8354556803995046,0.8092384519350848,0.783021223470665
control,internal_validation,EURUSD,2022-03-08,2022-03-14T07:00:00+00:00,2022-03-14T16:00:00+00:00,1,1.09172,1.09426,1.0888592857142858,28.607142857142563,time_exit,25.399999999999867,0.8354556803995046,0.8092384519350848,0.783021223470665
candidate,internal_validation,GBPUSD,2022-03-08,2022-03-14T07:00:00+00:00,2022-03-14T10:00:00+00:00,-1,1.30229,1.3048260714285713,1.3048260714285713,25.360714285713893,stop,-25.360714285713737,-1.0788621320940663,-1.1182931981411026,-1.157724264188139
control,internal_validation,GBPUSD,2022-03-08,2022-03-14T07:00:00+00:00,2022-03-14T10:00:00+00:00,-1,1.30229,1.3048260714285713,1.3048260714285713,25.360714285713893,stop,-25.360714285713737,-1.0788621320940663,-1.1182931981411026,-1.157724264188139
candidate,internal_validation,USDJPY,2022-03-08,2022-03-14T07:00:00+00:00,2022-03-14T16:00:00+00:00,1,117.644,118.01,117.40582142857143,23.817857142857285,time_exit,36.599999999999966,1.4736842105263055,1.4421952316689057,1.4107062528115062
control,internal_validation,USDJPY,2022-03-08,2022-03-14T07:00:00+00:00,2022-03-14T11:00:00+00:00,-1,117.644,117.88217857142858,117.88217857142858,23.817857142857285,stop,-23.81785714285769,-1.0629779577148164,-1.0944669365722162,-1.125955915429616
candidate,internal_validation,EURUSD,2022-03-15,2022-03-21T07:00:00+00:00,2022-03-21T10:00:00+00:00,-1,1.10411,1.1060889285714284,1.1060889285714284,19.789285714285462,stop,-19.78928571428451,-1.0757985923118099,-1.1136978884677389,-1.151597184623668
control,internal_validation,EURUSD,2022-03-15,2022-03-21T07:00:00+00:00,2022-03-21T10:00:00+00:00,-1,1.10411,1.1060889285714284,1.1060889285714284,19.789285714285462,stop,-19.78928571428451,-1.0757985923118099,-1.1136978884677389,-1.151597184623668
candidate,internal_validation,GBPUSD,2022-03-15,2022-03-21T07:00:00+00:00,2022-03-21T15:00:00+00:00,-1,1.3152599999999999,1.317425357142857,1.317425357142857,21.653571428570782,stop,-21.653571428570384,-1.092363516411002,-1.1385452746165123,-1.1847270328220225
control,internal_validation,GBPUSD,2022-03-15,2022-03-21T07:00:00+00:00,2022-03-21T15:00:00+00:00,-1,1.3152599999999999,1.317425357142857,1.317425357142857,21.653571428570782,stop,-21.653571428570384,-1.092363516411002,-1.1385452746165123,-1.1847270328220225
candidate,internal_validation,USDJPY,2022-03-15,2022-03-21T07:00:00+00:00,2022-03-21T13:00:00+00:00,1,119.248,119.10732142857144,119.10732142857144,14.06785714285671,stop,-14.06785714285661,-1.1066260472201028,-1.1599390708301578,-1.2132520944402128
control,internal_validation,USDJPY,2022-03-15,2022-03-21T07:00:00+00:00,2022-03-21T16:00:00+00:00,-1,119.248,119.167,119.38867857142857,14.06785714285671,time_exit,8.100000000000307,0.4691546077685054,0.41584158415845046,0.3625285605483955
candidate,internal_validation,EURUSD,2022-03-22,2022-03-28T07:00:00+00:00,2022-03-28T16:00:00+00:00,1,1.09555,1.09567,1.0936192857142857,19.307142857142775,time_exit,1.1999999999989797,-0.015538290788066232,-0.054384017758099694,-0.09322974472813315
control,internal_validation,EURUSD,2022-03-22,2022-03-28T07:00:00+00:00,2022-03-28T16:00:00+00:00,1,1.09555,1.09567,1.0936192857142857,19.307142857142775,time_exit,1.1999999999989797,-0.015538290788066232,-0.054384017758099694,-0.09322974472813315
candidate,internal_validation,GBPUSD,2022-03-22,2022-03-28T07:00:00+00:00,2022-03-28T12:00:00+00:00,1,1.31541,1.3128085714285713,1.3128085714285713,26.014285714286032,stop,-26.014285714286434,-1.07688083470622,-1.115321252059322,-1.1537616694124244
control,internal_validation,GBPUSD,2022-03-22,2022-03-28T07:00:00+00:00,2022-03-28T12:00:00+00:00,1,1.31541,1.3128085714285713,1.3128085714285713,26.014285714286032,stop,-26.014285714286434,-1.07688083470622,-1.115321252059322,-1.1537616694124244
candidate,internal_validation,USDJPY,2022-03-22,2022-03-28T07:00:00+00:00,2022-03-28T10:00:00+00:00,-1,123.079,123.44532142857142,123.44532142857142,36.63214285714252,stop,-36.63214285714247,-1.040947645510382,-1.061421468265574,-1.0818952910207658
control,internal_validation,USDJPY,2022-03-22,2022-03-28T07:00:00+00:00,2022-03-28T16:00:00+00:00,1,123.079,123.653,122.71267857142857,36.63214285714252,time_exit,57.40000000000123,1.5259822560203264,1.5055084332651347,1.485034610509943
candidate,internal_validation,EURUSD,2022-03-29,2022-04-04T07:00:00+00:00,2022-04-04T10:00:00+00:00,1,1.10479,1.1032492857142857,1.1032492857142857,15.407142857143157,stop,-15.407142857142286,-1.0973574408900668,-1.1460361613351284,-1.19471488178019
control,internal_validation,EURUSD,2022-03-29,2022-04-04T07:00:00+00:00,2022-04-04T10:00:00+00:00,1,1.10479,1.1032492857142857,1.1032492857142857,15.407142857143157,stop,-15.407142857142286,-1.0973574408900668,-1.1460361613351284,-1.19471488178019
candidate,internal_validation,GBPUSD,2022-03-29,2022-04-04T07:00:00+00:00,2022-04-04T10:00:00+00:00,-1,1.31152,1.3135460714285714,1.3135460714285714,20.260714285714503,stop,-20.260714285713632,-1.0987132028908426,-1.1480698043362854,-1.1974264057817283
control,internal_validation,GBPUSD,2022-03-29,2022-04-04T07:00:00+00:00,2022-04-04T13:00:00+00:00,1,1.31152,1.3094939285714287,1.3094939285714287,20.260714285714503,stop,-20.260714285713632,-1.0987132028908426,-1.1480698043362854,-1.1974264057817283
candidate,internal_validation,USDJPY,2022-03-29,2022-04-04T07:00:00+00:00,2022-04-04T16:00:00+00:00,-1,122.733,122.637,123.015,28.200000000000053,time_exit,9.600000000000364,0.28723404255320384,0.2606382978723528,0.23404255319150183
control,internal_validation,USDJPY,2022-03-29,2022-04-04T07:00:00+00:00,2022-04-04T16:00:00+00:00,1,122.733,122.637,122.45100000000001,28.200000000000053,time_exit,-9.600000000000364,-0.3936170212766079,-0.42021276595745893,-0.44680851063830995
candidate,internal_validation,EURUSD,2022-04-05,2022-04-11T07:00:00+00:00,2022-04-11T10:00:00+00:00,-1,1.08834,1.0908803571428571,1.0908803571428571,25.40357142857132,stop,-25.403571428570526,-1.0590468156895516,-1.0885702235343429,-1.1180936313791343
control,internal_validation,EURUSD,2022-04-05,2022-04-11T07:00:00+00:00,2022-04-11T16:00:00+00:00,1,1.08834,1.09054,1.085799642857143,25.40357142857132,time_exit,21.999999999999797,0.8069731477576224,0.7774497399128311,0.7479263320680397
candidate,internal_validation,GBPUSD,2022-04-05,2022-04-11T07:00:00+00:00,2022-04-11T09:00:00+00:00,1,1.30142,1.2994067857142857,1.2994067857142857,20.132142857143187,stop,-20.132142857143265,-1.0993436224942368,-1.1490154337413532,-1.1986872449884696
control,internal_validation,GBPUSD,2022-04-05,2022-04-11T07:00:00+00:00,2022-04-11T09:00:00+00:00,1,1.30142,1.2994067857142857,1.2994067857142857,20.132142857143187,stop,-20.132142857143265,-1.0993436224942368,-1.1490154337413532,-1.1986872449884696
candidate,internal_validation,USDJPY,2022-04-05,2022-04-11T07:00:00+00:00,2022-04-11T09:00:00+00:00,-1,124.869,125.14446428571429,125.14446428571429,27.54642857142855,stop,-27.54642857142926,-1.0544535200311422,-1.0816802800467002,-1.1089070400622585
control,internal_validation,USDJPY,2022-04-05,2022-04-11T07:00:00+00:00,2022-04-11T16:00:00+00:00,1,124.869,125.559,124.59353571428571,27.54642857142855,time_exit,68.99999999999977,2.450408401400227,2.423181641384669,2.3959548813691107
candidate,internal_validation,EURUSD,2022-04-12,2022-04-18T07:00:00+00:00,2022-04-18T14:00:00+00:00,-1,1.07932,1.080852142857143,1.080852142857143,15.321428571429024,stop,-15.321428571428708,-1.0979020979020744,-1.1468531468531218,-1.1958041958041694
control,internal_validation,EURUSD,2022-04-12,2022-04-18T07:00:00+00:00,2022-04-18T16:00:00+00:00,1,1.07932,1.08051,1.0777878571428572,15.321428571429024,time_exit,11.900000000000244,0.6787878787878746,0.6298368298368271,0.5808857808857796
candidate,internal_validation,GBPUSD,2022-04-12,2022-04-18T07:00:00+00:00,2022-04-18T10:00:00+00:00,1,1.30271,1.3009657142857143,1.3009657142857143,17.44285714285674,stop,-17.442857142857537,-1.114660114660163,-1.1719901719902215,-1.2293202293202803
control,internal_validation,GBPUSD,2022-04-12,2022-04-18T07:00:00+00:00,2022-04-18T15:00:00+00:00,-1,1.30271,1.3044542857142858,1.3044542857142858,17.44285714285674,stop,-17.442857142857537,-1.114660114660163,-1.1719901719902215,-1.2293202293202803
candidate,internal_validation,USDJPY,2022-04-12,2022-04-18T07:00:00+00:00,2022-04-18T16:00:00+00:00,1,126.67,126.523,126.41435714285714,25.564285714285973,time_exit,-14.700000000000557,-0.6336965632858494,-0.6630343671416747,-0.6923721709975001
control,internal_validation,USDJPY,2022-04-12,2022-04-18T07:00:00+00:00,2022-04-18T16:00:00+00:00,1,126.67,126.523,126.41435714285714,25.564285714285973,time_exit,-14.700000000000557,-0.6336965632858494,-0.6630343671416747,-0.6923721709975001
candidate,internal_validation,EURUSD,2022-04-19,2022-04-25T07:00:00+00:00,2022-04-25T09:00:00+00:00,1,1.07816,1.075784642857143,1.075784642857143,23.75357142857145,stop,-23.75357142857082,-1.0631483987370054,-1.0947225981055213,-1.1262967974740372
control,internal_validation,EURUSD,2022-04-19,2022-04-25T07:00:00+00:00,2022-04-25T16:00:00+00:00,-1,1.07816,1.07428,1.080535357142857,23.75357142857145,time_exit,38.800000000001056,1.5702901819275727,1.5387159825590566,1.5071417831905407
candidate,internal_validation,GBPUSD,2022-04-19,2022-04-25T07:00:00+00:00,2022-04-25T09:00:00+00:00,1,1.28053,1.2778278571428572,1.2778278571428572,27.021428571428594,stop,-27.02142857142764,-1.0740153317472552,-1.1110229976209005,-1.1480306634945456
control,internal_validation,GBPUSD,2022-04-19,2022-04-25T07:00:00+00:00,2022-04-25T16:00:00+00:00,-1,1.28053,1.2737,1.2832321428571427,27.021428571428594,time_exit,68.29999999999892,2.4536082474226384,2.4166005815489933,2.3795929156753477
candidate,internal_validation,USDJPY,2022-04-19,2022-04-25T07:00:00+00:00,2022-04-25T16:00:00+00:00,-1,128.364,128.156,128.79567857142857,43.1678571428574,time_exit,20.79999999999984,0.44709191693554423,0.42971787871266026,0.4123438404897763
control,internal_validation,USDJPY,2022-04-19,2022-04-25T07:00:00+00:00,2022-04-25T16:00:00+00:00,-1,128.364,128.156,128.79567857142857,43.1678571428574,time_exit,20.79999999999984,0.44709191693554423,0.42971787871266026,0.4123438404897763
candidate,internal_validation,EURUSD,2022-04-26,2022-05-02T07:00:00+00:00,2022-05-02T10:00:00+00:00,-1,1.05241,1.055209642857143,1.055209642857143,27.996428571428794,stop,-27.996428571428478,-1.0535782625334746,-1.0803673938002176,-1.1071565250669606
control,internal_validation,EURUSD,2022-04-26,2022-05-02T07:00:00+00:00,2022-05-02T10:00:00+00:00,-1,1.05241,1.055209642857143,1.055209642857143,27.996428571428794,stop,-27.996428571428478,-1.0535782625334746,-1.0803673938002176,-1.1071565250669606
candidate,internal_validation,GBPUSD,2022-04-26,2022-05-02T07:00:00+00:00,2022-05-02T16:00:00+00:00,-1,1.25584,1.2537099999999999,1.2590864285714287,32.4642857142857,time_exit,21.300000000001873,0.5944994499450524,0.5636963696370216,0.5328932893289908
control,internal_validation,GBPUSD,2022-04-26,2022-05-02T07:00:00+00:00,2022-05-02T16:00:00+00:00,-1,1.25584,1.2537099999999999,1.2590864285714287,32.4642857142857,time_exit,21.300000000001873,0.5944994499450524,0.5636963696370216,0.5328932893289908
candidate,internal_validation,USDJPY,2022-04-26,2022-05-02T07:00:00+00:00,2022-05-02T16:00:00+00:00,-1,130.282,130.119,130.79500000000002,51.29999999999981,time_exit,16.30000000000109,0.28849902534115296,0.2738791423002172,0.2592592592592815
control,internal_validation,USDJPY,2022-04-26,2022-05-02T07:00:00+00:00,2022-05-02T16:00:00+00:00,-1,130.282,130.119,130.79500000000002,51.29999999999981,time_exit,16.30000000000109,0.28849902534115296,0.2738791423002172,0.2592592592592815
candidate,internal_validation,EURUSD,2022-05-03,2022-05-09T07:00:00+00:00,2022-05-09T16:00:00+00:00,1,1.051,1.05624,1.0486707142857143,23.292857142856764,time_exit,52.400000000001334,2.185219257896444,2.153020545844925,2.1208218337934066
control,internal_validation,EURUSD,2022-05-03,2022-05-09T07:00:00+00:00,2022-05-09T13:00:00+00:00,-1,1.051,1.0533292857142855,1.0533292857142855,23.292857142856764,stop,-23.292857142855894,-1.0643974241029996,-1.096596136154518,-1.1287948482060364
candidate,internal_validation,GBPUSD,2022-05-03,2022-05-09T07:00:00+00:00,2022-05-09T13:00:00+00:00,-1,1.22908,1.2323017857142857,1.2323017857142857,32.21785714285694,stop,-32.21785714285774,-1.0620773750138817,-1.09311606252081,-1.1241547500277387
control,internal_validation,GBPUSD,2022-05-03,2022-05-09T07:00:00+00:00,2022-05-09T13:00:00+00:00,-1,1.22908,1.2323017857142857,1.2323017857142857,32.21785714285694,stop,-32.21785714285774,-1.0620773750138817,-1.09311606252081,-1.1241547500277387
candidate,internal_validation,USDJPY,2022-05-03,2022-05-09T07:00:00+00:00,2022-05-09T09:00:00+00:00,-1,130.961,131.22842857142857,131.22842857142857,26.74285714285633,stop,-26.742857142855314,-1.0560897435897072,-1.08413461538458,-1.1121794871794526
control,internal_validation,USDJPY,2022-05-03,2022-05-09T07:00:00+00:00,2022-05-09T15:00:00+00:00,1,130.961,130.69357142857146,130.69357142857146,26.74285714285633,stop,-26.742857142855314,-1.0560897435897072,-1.08413461538458,-1.1121794871794526
candidate,internal_validation,EURUSD,2022-05-10,2022-05-16T07:00:00+00:00,2022-05-16T16:00:00+00:00,1,1.03966,1.04234,1.037344642857143,23.153571428571567,time_exit,26.800000000000157,1.0927039950640138,1.060311584143144,1.0279191732222743
control,internal_validation,EURUSD,2022-05-10,2022-05-16T07:00:00+00:00,2022-05-16T16:00:00+00:00,1,1.03966,1.04234,1.037344642857143,23.153571428571567,time_exit,26.800000000000157,1.0927039950640138,1.060311584143144,1.0279191732222743
candidate,internal_validation,GBPUSD,2022-05-10,2022-05-16T07:00:00+00:00,2022-05-16T16:00:00+00:00,1,1.22363,1.22539,1.2201135714285714,35.16428571428579,time_exit,17.599999999999838,0.443631931748928,0.41519398740604774,0.3867560430631674
control,internal_validation,GBPUSD,2022-05-10,2022-05-16T07:00:00+00:00,2022-05-16T16:00:00+00:00,-1,1.22363,1.22539,1.2271464285714286,35.16428571428579,time_exit,-17.599999999999838,-0.5573837091204492,-0.5858216534633295,-0.6142595978062098
candidate,internal_validation,USDJPY,2022-05-10,2022-05-16T07:00:00+00:00,2022-05-16T16:00:00+00:00,1,128.91,129.297,128.54946428571427,36.05357142857183,time_exit,38.700000000000045,1.0317979197622484,1.0109955423476868,0.9901931649331255
control,internal_validation,USDJPY,2022-05-10,2022-05-16T07:00:00+00:00,2022-05-16T10:00:00+00:00,-1,128.91,129.27053571428573,129.27053571428573,36.05357142857183,stop,-36.05357142857315,-1.0416047548291596,-1.062407132243721,-1.0832095096582823
candidate,internal_validation,EURUSD,2022-05-17,2022-05-23T07:00:00+00:00,2022-05-23T11:00:00+00:00,-1,1.05925,1.0614839285714286,1.0614839285714286,22.339285714286227,stop,-22.339285714285673,-1.0671462829735947,-1.1007194244604046,-1.1342925659472143
control,internal_validation,EURUSD,2022-05-17,2022-05-23T07:00:00+00:00,2022-05-23T16:00:00+00:00,1,1.05925,1.0649,1.0570160714285715,22.339285714286227,time_exit,56.499999999999325,2.462030375699354,2.428457234212544,2.394884092725734
candidate,internal_validation,GBPUSD,2022-05-17,2022-05-23T07:00:00+00:00,2022-05-23T16:00:00+00:00,1,1.2543199999999999,1.25674,1.2510735714285712,32.46428571428594,time_exit,24.200000000000887,0.6838283828383064,0.6530253025302758,0.6222222222222452
control,internal_validation,GBPUSD,2022-05-17,2022-05-23T07:00:00+00:00,2022-05-23T12:00:00+00:00,-1,1.2543199999999999,1.2575664285714285,1.2575664285714285,32.46428571428594,stop,-32.4642857142865,-1.0616061606160783,-1.0924092409241088,-1.1232123212321394
candidate,internal_validation,USDJPY,2022-05-17,2022-05-23T07:00:00+00:00,2022-05-23T16:00:00+00:00,1,127.383,127.822,127.04325,33.974999999999916,time_exit,43.900000000000716,1.2479764532744906,1.2259013980868527,1.2038263428992146
control,internal_validation,USDJPY,2022-05-17,2022-05-23T07:00:00+00:00,2022-05-23T08:00:00+00:00,-1,127.383,127.72274999999999,127.72274999999999,33.974999999999916,stop,-33.97499999999951,-1.0441501103752642,-1.0662251655629023,-1.0883002207505401
candidate,internal_validation,EURUSD,2022-05-24,2022-05-30T07:00:00+00:00,2022-05-30T16:00:00+00:00,1,1.07449,1.07527,1.0724575,20.324999999999925,time_exit,7.800000000000029,0.3099630996309989,0.27306273062730874,0.23616236162361853
control,internal_validation,EURUSD,2022-05-24,2022-05-30T07:00:00+00:00,2022-05-30T16:00:00+00:00,1,1.07449,1.07527,1.0724575,20.324999999999925,time_exit,7.800000000000029,0.3099630996309989,0.27306273062730874,0.23616236162361853
candidate,internal_validation,GBPUSD,2022-05-24,2022-05-30T07:00:00+00:00,2022-05-30T10:00:00+00:00,1,1.26456,1.262135357142857,1.262135357142857,24.246428571428734,stop,-24.246428571428336,-1.0824863750183953,-1.123729562527601,-1.1649727500368068
control,internal_validation,GBPUSD,2022-05-24,2022-05-30T07:00:00+00:00,2022-05-30T16:00:00+00:00,-1,1.26456,1.26318,1.2669846428571427,24.246428571428734,time_exit,13.799999999999368,0.4866696126086023,0.4454264250993965,0.4041832375901907
candidate,internal_validation,USDJPY,2022-05-24,2022-05-30T07:00:00+00:00,2022-05-30T16:00:00+00:00,1,126.983,127.731,126.73935714285714,24.364285714285728,time_exit,74.79999999999905,3.00850190559949,2.977719143946016,2.946936382292542
control,internal_validation,USDJPY,2022-05-24,2022-05-30T07:00:00+00:00,2022-05-30T10:00:00+00:00,-1,126.983,127.22664285714286,127.22664285714286,24.364285714285728,stop,-24.364285714285927,-1.0615655233069563,-1.0923482849604302,-1.1231310466139044
candidate,internal_validation,EURUSD,2022-05-31,2022-06-06T07:00:00+00:00,2022-06-06T11:00:00+00:00,-1,1.0725,1.0742871428571428,1.0742871428571428,17.871428571428122,stop,-17.87142857142765,-1.083932853717002,-1.1258992805755164,-1.1678657074340306
control,internal_validation,EURUSD,2022-05-31,2022-06-06T07:00:00+00:00,2022-06-06T16:00:00+00:00,1,1.0725,1.07226,1.0707128571428572,17.871428571428122,time_exit,-2.4000000000001798,-0.21822541966428413,-0.26019184652279836,-0.3021582733813126
candidate,internal_validation,GBPUSD,2022-05-31,2022-06-06T07:00:00+00:00,2022-06-06T16:00:00+00:00,1,1.24952,1.2556,1.2469335714285714,25.864285714285767,time_exit,60.80000000000085,2.2734051367025967,2.234741784037587,2.196078431372577
control,internal_validation,GBPUSD,2022-05-31,2022-06-06T07:00:00+00:00,2022-06-06T16:00:00+00:00,1,1.24952,1.2556,1.2469335714285714,25.864285714285767,time_exit,60.80000000000085,2.2734051367025967,2.234741784037587,2.196078431372577
candidate,internal_validation,USDJPY,2022-05-31,2022-06-06T07:00:00+00:00,2022-06-06T08:00:00+00:00,-1,130.493,130.7407142857143,130.7407142857143,24.771428571428395,stop,-24.77142857142951,-1.0605536332180385,-1.0908304498270354,-1.121107266436032
control,internal_validation,USDJPY,2022-05-31,2022-06-06T07:00:00+00:00,2022-06-06T16:00:00+00:00,1,130.493,130.791,130.2452857142857,24.771428571428395,time_exit,29.800000000000182,1.142445213379485,1.1121683967704883,1.0818915801614915
candidate,internal_validation,EURUSD,2022-06-07,2022-06-13T07:00:00+00:00,2022-06-13T16:00:00+00:00,-1,1.04915,1.04654,1.0513303571428572,21.80357142857129,time_exit,26.100000000000012,1.128255528255536,1.0938574938575014,1.0594594594594668
control,internal_validation,EURUSD,2022-06-07,2022-06-13T07:00:00+00:00,2022-06-13T10:00:00+00:00,1,1.04915,1.046969642857143,1.046969642857143,21.80357142857129,stop,-21.803571428571367,-1.068796068796073,-1.1031941031941075,-1.137592137592142
candidate,internal_validation,GBPUSD,2022-06-07,2022-06-13T07:00:00+00:00,2022-06-13T16:00:00+00:00,-1,1.22898,1.21948,1.231970357142857,29.903571428572008,time_exit,95.00000000000064,3.1099964170547802,3.0765555953660195,3.0431147736772584
control,internal_validation,GBPUSD,2022-06-07,2022-06-13T07:00:00+00:00,2022-06-13T16:00:00+00:00,-1,1.22898,1.21948,1.231970357142857,29.903571428572008,time_exit,95.00000000000064,3.1099964170547802,3.0765555953660195,3.0431147736772584
candidate,internal_validation,USDJPY,2022-06-07,2022-06-13T07:00:00+00:00,2022-06-13T09:00:00+00:00,1,134.91,134.6034642857143,134.6034642857143,30.653571428571325,stop,-30.653571428570103,-1.0489339391820645,-1.0734009087731167,-1.0978678783641689
control,internal_validation,USDJPY,2022-06-07,2022-06-13T07:00:00+00:00,2022-06-13T16:00:00+00:00,-1,134.91,134.044,135.2165357142857,30.653571428571325,time_exit,86.59999999999854,2.776185482931338,2.7517185133402857,2.7272515437492335
candidate,internal_validation,EURUSD,2022-06-14,2022-06-20T07:00:00+00:00,2022-06-20T16:00:00+00:00,-1,1.05286,1.05172,1.0555525,26.924999999999866,time_exit,11.399999999999189,0.36768802228409425,0.3398328690807515,0.31197771587740875
control,internal_validation,EURUSD,2022-06-14,2022-06-20T07:00:00+00:00,2022-06-20T16:00:00+00:00,-1,1.05286,1.05172,1.0555525,26.924999999999866,time_exit,11.399999999999189,0.36768802228409425,0.3398328690807515,0.31197771587740875
candidate,internal_validation,GBPUSD,2022-06-14,2022-06-20T07:00:00+00:00,2022-06-20T16:00:00+00:00,-1,1.22493,1.22624,1.2290764285714286,41.464285714284706,time_exit,-13.099999999999223,-0.36416881998276357,-0.38828596037897434,-0.4124031007751851
control,internal_validation,GBPUSD,2022-06-14,2022-06-20T07:00:00+00:00,2022-06-20T16:00:00+00:00,1,1.22493,1.22624,1.2207835714285715,41.464285714284706,time_exit,13.099999999999223,0.2677002583979206,0.24358311800170984,0.2194659776054991
candidate,internal_validation,USDJPY,2022-06-14,2022-06-20T07:00:00+00:00,2022-06-20T16:00:00+00:00,-1,134.848,134.945,135.24914285714289,40.11428571428632,time_exit,-9.699999999997999,-0.2792022792022251,-0.29789886039880603,-0.31659544159538694
control,internal_validation,USDJPY,2022-06-14,2022-06-20T07:00:00+00:00,2022-06-20T16:00:00+00:00,-1,134.848,134.945,135.24914285714289,40.11428571428632,time_exit,-9.699999999997999,-0.2792022792022251,-0.29789886039880603,-0.31659544159538694
candidate,internal_validation,EURUSD,2022-06-21,2022-06-27T07:00:00+00:00,2022-06-27T16:00:00+00:00,1,1.05564,1.05682,1.0534392857142856,22.007142857143098,time_exit,11.800000000001809,0.46802986043500083,0.4339500162285747,0.3998701720221486
control,internal_validation,EURUSD,2022-06-21,2022-06-27T07:00:00+00:00,2022-06-27T16:00:00+00:00,1,1.05564,1.05682,1.0534392857142856,22.007142857143098,time_exit,11.800000000001809,0.46802986043500083,0.4339500162285747,0.3998701720221486
candidate,internal_validation,GBPUSD,2022-06-21,2022-06-27T07:00:00+00:00,2022-06-27T15:00:00+00:00,1,1.22752,1.2241546428571428,1.2241546428571428,33.65357142857136,stop,-33.65357142857128,-1.0594290565637248,-1.0891435848455884,-1.118858113127452
control,internal_validation,GBPUSD,2022-06-21,2022-06-27T07:00:00+00:00,2022-06-27T15:00:00+00:00,1,1.22752,1.2241546428571428,1.2241546428571428,33.65357142857136,stop,-33.65357142857128,-1.0594290565637248,-1.0891435848455884,-1.118858113127452
candidate,internal_validation,USDJPY,2022-06-21,2022-06-27T07:00:00+00:00,2022-06-27T16:00:00+00:00,1,134.833,135.418,134.45478571428572,37.821428571429195,time_exit,58.500000000000796,1.5070821529745004,1.487252124645889,1.4674220963172773
control,internal_validation,USDJPY,2022-06-21,2022-06-27T07:00:00+00:00,2022-06-27T12:00:00+00:00,-1,134.833,135.21121428571428,135.21121428571428,37.821428571429195,stop,-37.82142857142787,-1.0396600566571883,-1.0594900849857998,-1.0793201133144112
candidate,internal_validation,EURUSD,2022-06-28,2022-07-04T07:00:00+00:00,2022-07-04T12:00:00+00:00,-1,1.04261,1.0451942857142857,1.0451942857142857,25.842857142857056,stop,-25.842857142857056,-1.0580431177446106,-1.0870646766169156,-1.116086235489221
control,internal_validation,EURUSD,2022-06-28,2022-07-04T07:00:00+00:00,2022-07-04T16:00:00+00:00,1,1.04261,1.04511,1.0400257142857143,25.842857142857056,time_exit,24.999999999999467,0.9093421779988768,0.8803206191265716,0.8512990602542664
candidate,internal_validation,GBPUSD,2022-06-28,2022-07-04T07:00:00+00:00,2022-07-04T10:00:00+00:00,-1,1.20879,1.2123578571428573,1.2123578571428573,35.6785714285713,stop,-35.67857142857233,-1.0560560560560852,-1.0840840840841133,-1.1121121121121413
control,internal_validation,GBPUSD,2022-06-28,2022-07-04T07:00:00+00:00,2022-07-04T16:00:00+00:00,1,1.20879,1.21534,1.2052221428571428,35.6785714285713,time_exit,65.50000000000055,1.7797797797798016,1.7517517517517736,1.7237237237237453
candidate,internal_validation,USDJPY,2022-06-28,2022-07-04T07:00:00+00:00,2022-07-04T12:00:00+00:00,-1,135.171,135.53282142857142,135.53282142857142,36.18214285714265,stop,-36.18214285714316,-1.0414569144210981,-1.0621853716316403,-1.0829138288421822
control,internal_validation,USDJPY,2022-06-28,2022-07-04T07:00:00+00:00,2022-07-04T12:00:00+00:00,-1,135.171,135.53282142857142,135.53282142857142,36.18214285714265,stop,-36.18214285714316,-1.0414569144210981,-1.0621853716316403,-1.0829138288421822
candidate,internal_validation,EURUSD,2022-07-05,2022-07-11T07:00:00+00:00,2022-07-11T16:00:00+00:00,-1,1.01496,1.00809,1.0172828571428572,23.22857142857158,time_exit,68.70000000000154,2.8929889298893463,2.8607011070111175,2.828413284132889
control,internal_validation,EURUSD,2022-07-05,2022-07-11T07:00:00+00:00,2022-07-11T16:00:00+00:00,-1,1.01496,1.00809,1.0172828571428572,23.22857142857158,time_exit,68.70000000000154,2.8929889298893463,2.8607011070111175,2.828413284132889
candidate,internal_validation,GBPUSD,2022-07-05,2022-07-11T07:00:00+00:00,2022-07-11T16:00:00+00:00,-1,1.19858,1.19227,1.2015928571428571,30.12857142857111,time_exit,63.10000000000038,2.0279753437648513,1.9947842579421864,1.9615931721195212
control,internal_validation,GBPUSD,2022-07-05,2022-07-11T07:00:00+00:00,2022-07-11T16:00:00+00:00,-1,1.19858,1.19227,1.2015928571428571,30.12857142857111,time_exit,63.10000000000038,2.0279753437648513,1.9947842579421864,1.9615931721195212
candidate,internal_validation,USDJPY,2022-07-05,2022-07-11T07:00:00+00:00,2022-07-11T14:00:00+00:00,-1,137.019,137.36453571428572,137.36453571428572,34.55357142857258,stop,-34.55357142857167,-1.0434108527131505,-1.065116279069739,-1.0868217054263274
control,internal_validation,USDJPY,2022-07-05,2022-07-11T07:00:00+00:00,2022-07-11T14:00:00+00:00,-1,137.019,137.36453571428572,137.36453571428572,34.55357142857258,stop,-34.55357142857167,-1.0434108527131505,-1.065116279069739,-1.0868217054263274
candidate,internal_validation,EURUSD,2022-07-12,2022-07-18T07:00:00+00:00,2022-07-18T16:00:00+00:00,1,1.01043,1.01366,1.0081039285714284,23.26071428571441,time_exit,32.30000000000066,1.3241209887916687,1.2918777828957684,1.259634576999868
control,internal_validation,EURUSD,2022-07-12,2022-07-18T07:00:00+00:00,2022-07-18T16:00:00+00:00,1,1.01043,1.01366,1.0081039285714284,23.26071428571441,time_exit,32.30000000000066,1.3241209887916687,1.2918777828957684,1.259634576999868
candidate,internal_validation,GBPUSD,2022-07-12,2022-07-18T07:00:00+00:00,2022-07-18T16:00:00+00:00,1,1.1898,1.19794,1.1872510714285713,25.48928571428617,time_exit,81.40000000000036,3.115034328149041,3.0758021577693304,3.0365699873896195
control,internal_validation,GBPUSD,2022-07-12,2022-07-18T07:00:00+00:00,2022-07-18T10:00:00+00:00,-1,1.1898,1.1923489285714286,1.1923489285714286,25.48928571428617,stop,-25.489285714286325,-1.0784643407594274,-1.1176965111391381,-1.1569286815188489
candidate,internal_validation,USDJPY,2022-07-12,2022-07-18T07:00:00+00:00,2022-07-18T10:00:00+00:00,1,138.331,138.0865,138.0865,24.44999999999981,stop,-24.449999999998795,-1.0613496932514928,-1.0920245398772597,-1.1226993865030268
control,internal_validation,USDJPY,2022-07-12,2022-07-18T07:00:00+00:00,2022-07-18T10:00:00+00:00,1,138.331,138.0865,138.0865,24.44999999999981,stop,-24.449999999998795,-1.0613496932514928,-1.0920245398772597,-1.1226993865030268
candidate,internal_validation,EURUSD,2022-07-19,2022-07-25T07:00:00+00:00,2022-07-25T11:00:00+00:00,1,1.02071,1.0179585714285715,1.0179585714285715,27.514285714285634,stop,-27.51428571428516,-1.0545171339563693,-1.0817757009345623,-1.1090342679127556
control,internal_validation,EURUSD,2022-07-19,2022-07-25T07:00:00+00:00,2022-07-25T12:00:00+00:00,-1,1.02071,1.0234614285714285,1.0234614285714285,27.514285714285634,stop,-27.51428571428516,-1.0545171339563693,-1.0817757009345623,-1.1090342679127556
candidate,internal_validation,GBPUSD,2022-07-19,2022-07-25T07:00:00+00:00,2022-07-25T16:00:00+00:00,1,1.19859,1.20706,1.1951067857142859,34.832142857142664,time_exit,84.69999999999978,2.374243822413623,2.3455347072695645,2.316825592125506
control,internal_validation,GBPUSD,2022-07-19,2022-07-25T07:00:00+00:00,2022-07-25T16:00:00+00:00,1,1.19859,1.20706,1.1951067857142859,34.832142857142664,time_exit,84.69999999999978,2.374243822413623,2.3455347072695645,2.316825592125506
candidate,internal_validation,USDJPY,2022-07-19,2022-07-25T07:00:00+00:00,2022-07-25T15:00:00+00:00,-1,136.268,136.6775,136.6775,40.95000000000003,stop,-40.95000000000084,-1.0366300366300565,-1.0549450549450747,-1.073260073260093
control,internal_validation,USDJPY,2022-07-19,2022-07-25T07:00:00+00:00,2022-07-25T15:00:00+00:00,-1,136.268,136.6775,136.6775,40.95000000000003,stop,-40.95000000000084,-1.0366300366300565,-1.0549450549450747,-1.073260073260093
candidate,internal_validation,EURUSD,2022-07-26,2022-08-01T07:00:00+00:00,2022-08-01T16:00:00+00:00,1,1.02256,1.0236,1.0197871428571428,27.728571428570845,time_exit,10.40000000000152,0.32096857290062825,0.29392065945395074,0.2668727460072732
control,internal_validation,EURUSD,2022-07-26,2022-08-01T07:00:00+00:00,2022-08-01T11:00:00+00:00,-1,1.02256,1.025332857142857,1.025332857142857,27.728571428570845,stop,-27.728571428571325,-1.0540958268933724,-1.08114374034005,-1.1081916537867273
candidate,internal_validation,GBPUSD,2022-07-26,2022-08-01T07:00:00+00:00,2022-08-01T16:00:00+00:00,1,1.21825,1.22477,1.2144614285714286,37.885714285714585,time_exit,65.1999999999986,1.6681749622925592,1.6417797888385623,1.6153846153845657
control,internal_validation,GBPUSD,2022-07-26,2022-08-01T07:00:00+00:00,2022-08-01T16:00:00+00:00,1,1.21825,1.22477,1.2144614285714286,37.885714285714585,time_exit,65.1999999999986,1.6681749622925592,1.6417797888385623,1.6153846153845657
candidate,internal_validation,USDJPY,2022-07-26,2022-08-01T07:00:00+00:00,2022-08-01T16:00:00+00:00,-1,132.584,132.056,133.08832142857145,50.43214285714339,time_exit,52.79999999999916,1.0172084130018846,1.002336944975541,0.9874654769491974
control,internal_validation,USDJPY,2022-07-26,2022-08-01T07:00:00+00:00,2022-08-01T16:00:00+00:00,-1,132.584,132.056,133.08832142857145,50.43214285714339,time_exit,52.79999999999916,1.0172084130018846,1.002336944975541,0.9874654769491974
candidate,internal_validation,EURUSD,2022-08-02,2022-08-08T07:00:00+00:00,2022-08-08T16:00:00+00:00,1,1.01856,1.01988,1.0166496428571428,19.103571428571204,time_exit,13.199999999999878,0.6124509254066189,0.573191250701066,0.5339315759955131
control,internal_validation,EURUSD,2022-08-02,2022-08-08T07:00:00+00:00,2022-08-08T16:00:00+00:00,1,1.01856,1.01988,1.0166496428571428,19.103571428571204,time_exit,13.199999999999878,0.6124509254066189,0.573191250701066,0.5339315759955131
candidate,internal_validation,GBPUSD,2022-08-02,2022-08-08T07:00:00+00:00,2022-08-08T16:00:00+00:00,1,1.2079,1.21212,1.2053425,25.574999999999346,time_exit,42.200000000001125,1.5718475073314626,1.532746823069487,1.4936461388075113
control,internal_validation,GBPUSD,2022-08-02,2022-08-08T07:00:00+00:00,2022-08-08T10:00:00+00:00,-1,1.2079,1.2104575,1.2104575,25.574999999999346,stop,-25.574999999999903,-1.078201368523973,-1.1173020527859485,-1.1564027370479242
candidate,internal_validation,USDJPY,2022-08-02,2022-08-08T07:00:00+00:00,2022-08-08T14:00:00+00:00,1,135.117,134.70299999999997,134.70299999999997,41.400000000000354,stop,-41.40000000000157,-1.036231884058,-1.0543478260869854,-1.0724637681159708
control,internal_validation,USDJPY,2022-08-02,2022-08-08T07:00:00+00:00,2022-08-08T16:00:00+00:00,-1,135.117,134.848,135.531,41.400000000000354,time_exit,26.899999999997704,0.6135265700482485,0.5954106280192631,0.5772946859902778
candidate,internal_validation,EURUSD,2022-08-09,2022-08-15T07:00:00+00:00,2022-08-15T09:00:00+00:00,1,1.0252,1.0232617857142856,1.0232617857142856,19.382142857142554,stop,-19.382142857142792,-1.0773908236594938,-1.1160862354892347,-1.1547816473189754
control,internal_validation,EURUSD,2022-08-09,2022-08-15T07:00:00+00:00,2022-08-15T09:00:00+00:00,1,1.0252,1.0232617857142856,1.0232617857142856,19.382142857142554,stop,-19.382142857142792,-1.0773908236594938,-1.1160862354892347,-1.1547816473189754
candidate,internal_validation,GBPUSD,2022-08-09,2022-08-15T07:00:00+00:00,2022-08-15T16:00:00+00:00,-1,1.21222,1.20892,1.214557857142857,23.378571428570424,time_exit,33.0000000000008,1.3260006110602807,1.2832263978002727,1.2404521845402647
control,internal_validation,GBPUSD,2022-08-09,2022-08-15T07:00:00+00:00,2022-08-15T10:00:00+00:00,1,1.21222,1.2098821428571431,1.2098821428571431,23.378571428570424,stop,-23.378571428569472,-1.085548426519975,-1.128322639779983,-1.171096853039991
candidate,internal_validation,USDJPY,2022-08-09,2022-08-15T07:00:00+00:00,2022-08-15T15:00:00+00:00,1,133.187,132.88357142857143,132.88357142857143,30.34285714285707,stop,-30.342857142858293,-1.049435028248628,-1.074152542372922,-1.0988700564972156
control,internal_validation,USDJPY,2022-08-09,2022-08-15T07:00:00+00:00,2022-08-15T10:00:00+00:00,-1,133.187,133.4904285714286,133.4904285714286,30.34285714285707,stop,-30.342857142858293,-1.049435028248628,-1.074152542372922,-1.0988700564972156
candidate,internal_validation,EURUSD,2022-08-16,2022-08-22T07:00:00+00:00,2022-08-22T16:00:00+00:00,-1,1.00429,1.00062,1.0058564285714284,15.664285714285558,time_exit,36.6999999999984,2.2471500227997376,2.199270405836673,2.151390788873608
control,internal_validation,EURUSD,2022-08-16,2022-08-22T07:00:00+00:00,2022-08-22T16:00:00+00:00,-1,1.00429,1.00062,1.0058564285714284,15.664285714285558,time_exit,36.6999999999984,2.2471500227997376,2.199270405836673,2.151390788873608
candidate,internal_validation,GBPUSD,2022-08-16,2022-08-22T07:00:00+00:00,2022-08-22T16:00:00+00:00,-1,1.18302,1.18185,1.1855914285714286,25.714285714285733,time_exit,11.699999999998933,0.3772222222221805,0.33833333333329163,0.29944444444440277
control,internal_validation,GBPUSD,2022-08-16,2022-08-22T07:00:00+00:00,2022-08-22T10:00:00+00:00,1,1.18302,1.1804485714285713,1.1804485714285713,25.714285714285733,stop,-25.71428571428669,-1.0777777777778148,-1.1166666666667038,-1.1555555555555925
candidate,internal_validation,USDJPY,2022-08-16,2022-08-22T07:00:00+00:00,2022-08-22T09:00:00+00:00,1,137.24,136.95350000000002,136.95350000000002,28.649999999999153,stop,-28.649999999998954,-1.052356020942403,-1.078534031413608,-1.1047120418848129
control,internal_validation,USDJPY,2022-08-16,2022-08-22T07:00:00+00:00,2022-08-22T16:00:00+00:00,-1,137.24,137.183,137.5265,28.649999999999153,time_exit,5.700000000001637,0.14659685863880492,0.12041884816759997,0.094240837696395
candidate,internal_validation,EURUSD,2022-08-23,2022-08-29T07:00:00+00:00,2022-08-29T12:00:00+00:00,-1,0.99241,0.9955289285714285,0.9955289285714285,31.18928571428533,stop,-31.189285714284807,-1.0480934386808496,-1.0721401580212826,-1.0961868773617158
control,internal_validation,EURUSD,2022-08-23,2022-08-29T07:00:00+00:00,2022-08-29T16:00:00+00:00,1,0.99241,1.00085,0.9892910714285715,31.18928571428533,time_exit,84.40000000000002,2.6579640444292103,2.633917325088777,2.609870605748344
candidate,internal_validation,GBPUSD,2022-08-23,2022-08-29T07:00:00+00:00,2022-08-29T15:00:00+00:00,-1,1.16678,1.1709885714285713,1.1709885714285713,42.085714285714026,stop,-42.085714285713394,-1.0475220638153282,-1.0712830957229997,-1.0950441276306713
control,internal_validation,GBPUSD,2022-08-23,2022-08-29T07:00:00+00:00,2022-08-29T16:00:00+00:00,1,1.16678,1.17169,1.1625714285714286,42.085714285714026,time_exit,49.099999999999696,1.1191446028513234,1.095383570943652,1.0716225390359804
candidate,internal_validation,USDJPY,2022-08-23,2022-08-29T07:00:00+00:00,2022-08-29T16:00:00+00:00,-1,138.584,138.503,139.09732142857143,51.332142857143424,time_exit,8.100000000001728,0.12857441035277697,0.1139636819036016,0.09935295345442623
control,internal_validation,USDJPY,2022-08-23,2022-08-29T07:00:00+00:00,2022-08-29T16:00:00+00:00,-1,138.584,138.503,139.09732142857143,51.332142857143424,time_exit,8.100000000001728,0.12857441035277697,0.1139636819036016,0.09935295345442623
candidate,internal_validation,EURUSD,2022-08-30,2022-09-05T07:00:00+00:00,2022-09-05T16:00:00+00:00,1,0.99128,0.99236,0.9876757142857143,36.04285714285691,time_exit,10.799999999999699,0.2580261593341194,0.23721759809749615,0.21640903686087296
control,internal_validation,EURUSD,2022-08-30,2022-09-05T07:00:00+00:00,2022-09-05T16:00:00+00:00,-1,0.99128,0.99236,0.9948842857142858,36.04285714285691,time_exit,-10.799999999999699,-0.34126040428061216,-0.3620689655172354,-0.38287752675385855
candidate,internal_validation,GBPUSD,2022-08-30,2022-09-05T07:00:00+00:00,2022-09-05T12:00:00+00:00,-1,1.14725,1.1511735714285716,1.1511735714285716,39.235714285714394,stop,-39.23571428571471,-1.0509739668669293,-1.0764609503003901,-1.1019479337338507
control,internal_validation,GBPUSD,2022-08-30,2022-09-05T07:00:00+00:00,2022-09-05T16:00:00+00:00,1,1.14725,1.14909,1.1433264285714286,39.235714285714394,time_exit,18.399999999998418,0.41798652830871513,0.3924995448752544,0.3670125614417937
candidate,internal_validation,USDJPY,2022-08-30,2022-09-05T07:00:00+00:00,2022-09-05T16:00:00+00:00,1,140.348,140.586,140.04403571428574,30.39642857142846,time_exit,23.799999999999955,0.7336388203501364,0.708964868993069,0.6842909176360015
control,internal_validation,USDJPY,2022-08-30,2022-09-05T07:00:00+00:00,2022-09-05T16:00:00+00:00,1,140.348,140.586,140.04403571428574,30.39642857142846,time_exit,23.799999999999955,0.7336388203501364,0.708964868993069,0.6842909176360015
candidate,internal_validation,EURUSD,2022-09-06,2022-09-12T07:00:00+00:00,2022-09-12T09:00:00+00:00,-1,1.00811,1.0109310714285715,1.0109310714285715,28.210714285714488,stop,-28.210714285714644,-1.0531712875047525,-1.079756931257126,-1.1063425750094997
control,internal_validation,EURUSD,2022-09-06,2022-09-12T07:00:00+00:00,2022-09-12T16:00:00+00:00,1,1.00811,1.01416,1.0052889285714286,28.210714285714488,time_exit,60.499999999998884,2.0914039751866778,2.0648183314343043,2.0382326876819308
candidate,internal_validation,GBPUSD,2022-09-06,2022-09-12T07:00:00+00:00,2022-09-12T09:00:00+00:00,-1,1.16109,1.1642003571428572,1.1642003571428572,31.10357142857154,stop,-31.10357142857234,-1.0643012975083501,-1.0964519462625124,-1.1286025950166745
control,internal_validation,GBPUSD,2022-09-06,2022-09-12T07:00:00+00:00,2022-09-12T09:00:00+00:00,-1,1.16109,1.1642003571428572,1.1642003571428572,31.10357142857154,stop,-31.10357142857234,-1.0643012975083501,-1.0964519462625124,-1.1286025950166745
candidate,internal_validation,USDJPY,2022-09-06,2022-09-12T07:00:00+00:00,2022-09-12T14:00:00+00:00,1,142.95,142.52485714285712,142.52485714285712,42.51428571428622,stop,-42.514285714287325,-1.0352822580645418,-1.0529233870967996,-1.0705645161290576
control,internal_validation,USDJPY,2022-09-06,2022-09-12T07:00:00+00:00,2022-09-12T14:00:00+00:00,1,142.95,142.52485714285712,142.52485714285712,42.51428571428622,stop,-42.514285714287325,-1.0352822580645418,-1.0529233870967996,-1.0705645161290576
candidate,internal_validation,EURUSD,2022-09-13,2022-09-19T07:00:00+00:00,2022-09-19T09:00:00+00:00,1,0.9998,0.997085,0.997085,27.15000000000015,stop,-27.15000000000023,-1.055248618784533,-1.082872928176798,-1.110497237569063
control,internal_validation,EURUSD,2022-09-13,2022-09-19T07:00:00+00:00,2022-09-19T16:00:00+00:00,-1,0.9998,0.9983,1.002515,27.15000000000015,time_exit,15.000000000000568,0.49723756906079164,0.46961325966852663,0.44198895027626156
candidate,internal_validation,GBPUSD,2022-09-13,2022-09-19T07:00:00+00:00,2022-09-19T11:00:00+00:00,1,1.14016,1.136959642857143,1.136959642857143,32.00357142857126,stop,-32.003571428571576,-1.0624930253320042,-1.0937395379980015,-1.1249860506639988
control,internal_validation,GBPUSD,2022-09-13,2022-09-19T07:00:00+00:00,2022-09-19T16:00:00+00:00,-1,1.14016,1.13715,1.1433603571428572,32.00357142857126,time_exit,30.09999999999957,0.8780270059145097,0.8467804932485123,0.8155339805825151
candidate,internal_validation,USDJPY,2022-09-13,2022-09-19T07:00:00+00:00,2022-09-19T16:00:00+00:00,1,143.177,143.478,142.88921428571427,28.778571428571503,time_exit,30.100000000001614,0.9937949863490235,0.9677339290146975,0.9416728716803714
control,internal_validation,USDJPY,2022-09-13,2022-09-19T07:00:00+00:00,2022-09-19T16:00:00+00:00,1,143.177,143.478,142.88921428571427,28.778571428571503,time_exit,30.100000000001614,0.9937949863490235,0.9677339290146975,0.9416728716803714
candidate,internal_validation,EURUSD,2022-09-20,2022-09-26T07:00:00+00:00,2022-09-26T10:00:00+00:00,-1,0.9634,0.9695125,0.9695125,61.12499999999981,stop,-61.12499999999965,-1.024539877300611,-1.0368098159509178,-1.0490797546012247
control,internal_validation,EURUSD,2022-09-20,2022-09-26T07:00:00+00:00,2022-09-26T16:00:00+00:00,1,0.9634,0.96696,0.9572875000000001,61.12499999999981,time_exit,35.60000000000007,0.5578732106339498,0.545603271983643,0.5333333333333362
candidate,internal_validation,GBPUSD,2022-09-20,2022-09-26T07:00:00+00:00,2022-09-26T16:00:00+00:00,1,1.04985,1.08804,1.0348521428571429,149.97857142857166,time_exit,381.89999999999947,2.5330285278849285,2.5263609087012355,2.5196932895175426
control,internal_validation,GBPUSD,2022-09-20,2022-09-26T07:00:00+00:00,2022-09-26T16:00:00+00:00,1,1.04985,1.08804,1.0348521428571429,149.97857142857166,time_exit,381.89999999999947,2.5330285278849285,2.5263609087012355,2.5196932895175426
candidate,internal_validation,USDJPY,2022-09-20,2022-09-26T07:00:00+00:00,2022-09-26T14:00:00+00:00,-1,143.965,144.35832142857143,144.35832142857143,39.332142857143076,stop,-39.33214285714257,-1.0381367474802377,-1.0572051212203628,-1.076273494960488
control,internal_validation,USDJPY,2022-09-20,2022-09-26T07:00:00+00:00,2022-09-26T14:00:00+00:00,-1,143.965,144.35832142857143,144.35832142857143,39.332142857143076,stop,-39.33214285714257,-1.0381367474802377,-1.0572051212203628,-1.076273494960488
candidate,internal_validation,EURUSD,2022-09-27,2022-10-03T07:00:00+00:00,2022-10-03T16:00:00+00:00,-1,0.98056,0.97656,0.9838771428571429,33.17142857142879,time_exit,40.000000000000036,1.1606373815676074,1.1380275624461607,1.1154177433247137
control,internal_validation,EURUSD,2022-09-27,2022-10-03T07:00:00+00:00,2022-10-03T12:00:00+00:00,1,0.98056,0.9772428571428571,0.9772428571428571,33.17142857142879,stop,-33.171428571429075,-1.0452196382429024,-1.0678294573643492,-1.0904392764857962
candidate,internal_validation,GBPUSD,2022-09-27,2022-10-03T07:00:00+00:00,2022-10-03T08:00:00+00:00,-1,1.11181,1.1172871428571427,1.1172871428571427,54.77142857142815,stop,-54.77142857142736,-1.0365153886280505,-1.054773082942083,-1.0730307772561154
control,internal_validation,GBPUSD,2022-09-27,2022-10-03T07:00:00+00:00,2022-10-03T08:00:00+00:00,-1,1.11181,1.1172871428571427,1.1172871428571427,54.77142857142815,stop,-54.77142857142736,-1.0365153886280505,-1.054773082942083,-1.0730307772561154
candidate,internal_validation,USDJPY,2022-09-27,2022-10-03T07:00:00+00:00,2022-10-03T07:00:00+00:00,-1,144.846,145.05878571428573,145.05878571428573,21.278571428571627,stop,-21.278571428572945,-1.070493454179316,-1.1057401812689431,-1.1409869083585702
control,internal_validation,USDJPY,2022-09-27,2022-10-03T07:00:00+00:00,2022-10-03T16:00:00+00:00,1,144.846,144.928,144.63321428571427,21.278571428571627,time_exit,8.199999999999363,0.3148707620006385,0.27962403491101145,0.2443773078213844
candidate,internal_validation,EURUSD,2022-10-04,2022-10-10T07:00:00+00:00,2022-10-10T10:00:00+00:00,1,0.97377,0.9711975,0.9711975,25.72500000000009,stop,-25.724999999999774,-1.0583090379008622,-1.0874635568512994,-1.1166180758017366
control,internal_validation,EURUSD,2022-10-04,2022-10-10T07:00:00+00:00,2022-10-10T10:00:00+00:00,1,0.97377,0.9711975,0.9711975,25.72500000000009,stop,-25.724999999999774,-1.0583090379008622,-1.0874635568512994,-1.1166180758017366
candidate,internal_validation,GBPUSD,2022-10-04,2022-10-10T07:00:00+00:00,2022-10-10T11:00:00+00:00,1,1.10793,1.1039432142857144,1.1039432142857144,39.86785714285686,stop,-39.867857142856785,-1.0501657260593014,-1.0752485890889532,-1.100331452118605
control,internal_validation,GBPUSD,2022-10-04,2022-10-10T07:00:00+00:00,2022-10-10T11:00:00+00:00,1,1.10793,1.1039432142857144,1.1039432142857144,39.86785714285686,stop,-39.867857142856785,-1.0501657260593014,-1.0752485890889532,-1.100331452118605
candidate,internal_validation,USDJPY,2022-10-04,2022-10-10T07:00:00+00:00,2022-10-10T16:00:00+00:00,-1,145.44,145.511,145.61957142857145,17.957142857143637,time_exit,-7.099999999999795,-0.478918058870294,-0.520684168655495,-0.5624502784406961
control,internal_validation,USDJPY,2022-10-04,2022-10-10T07:00:00+00:00,2022-10-10T16:00:00+00:00,-1,145.44,145.511,145.61957142857145,17.957142857143637,time_exit,-7.099999999999795,-0.478918058870294,-0.520684168655495,-0.5624502784406961
candidate,internal_validation,EURUSD,2022-10-11,2022-10-17T07:00:00+00:00,2022-10-17T13:00:00+00:00,-1,0.97399,0.9766814285714286,0.9766814285714286,26.91428571428563,stop,-26.91428571428567,-1.0557324840764348,-1.0835987261146514,-1.111464968152868
control,internal_validation,EURUSD,2022-10-11,2022-10-17T07:00:00+00:00,2022-10-17T13:00:00+00:00,-1,0.97399,0.9766814285714286,0.9766814285714286,26.91428571428563,stop,-26.91428571428567,-1.0557324840764348,-1.0835987261146514,-1.111464968152868
candidate,internal_validation,GBPUSD,2022-10-11,2022-10-17T07:00:00+00:00,2022-10-17T16:00:00+00:00,1,1.1234,1.13384,1.1175907142857142,58.09285714285731,time_exit,104.40000000000005,1.7626951924259149,1.7454813721873805,1.7282675519488462
control,internal_validation,GBPUSD,2022-10-11,2022-10-17T07:00:00+00:00,2022-10-17T08:00:00+00:00,-1,1.1234,1.1292092857142857,1.1292092857142857,58.09285714285731,stop,-58.09285714285739,-1.03442764047707,-1.0516414607156044,-1.0688552809541385
candidate,internal_validation,USDJPY,2022-10-11,2022-10-17T07:00:00+00:00,2022-10-17T16:00:00+00:00,1,148.653,148.691,148.30242857142855,35.057142857143674,time_exit,3.8000000000010914,0.06560717196416978,0.04421352893238544,0.0228198859006011
control,internal_validation,USDJPY,2022-10-11,2022-10-17T07:00:00+00:00,2022-10-17T16:00:00+00:00,1,148.653,148.691,148.30242857142855,35.057142857143674,time_exit,3.8000000000010914,0.06560717196416978,0.04421352893238544,0.0228198859006011
candidate,internal_validation,EURUSD,2022-10-18,2022-10-24T07:00:00+00:00,2022-10-24T16:00:00+00:00,1,0.98345,0.98435,0.9783917857142858,50.58214285714294,time_exit,8.999999999999009,0.1482736708324309,0.13344630374918587,0.11861893666594081
control,internal_validation,EURUSD,2022-10-18,2022-10-24T07:00:00+00:00,2022-10-24T16:00:00+00:00,1,0.98345,0.98435,0.9783917857142858,50.58214285714294,time_exit,8.999999999999009,0.1482736708324309,0.13344630374918587,0.11861893666594081
candidate,internal_validation,GBPUSD,2022-10-18,2022-10-24T07:00:00+00:00,2022-10-24T16:00:00+00:00,1,1.13057,1.13246,1.1221185714285715,84.51428571428553,time_exit,18.899999999999473,0.19996619337389548,0.18813387423934508,0.17630155510479467
control,internal_validation,GBPUSD,2022-10-18,2022-10-24T07:00:00+00:00,2022-10-24T16:00:00+00:00,-1,1.13057,1.13246,1.1390214285714286,84.51428571428553,time_exit,-18.899999999999473,-0.24729546991209705,-0.25912778904664746,-0.27096010818119787
candidate,internal_validation,USDJPY,2022-10-18,2022-10-24T07:00:00+00:00,2022-10-24T16:00:00+00:00,-1,148.879,149.067,151.16339285714284,228.43928571428566,time_exit,-18.80000000000166,-0.08886387442741063,-0.09214702249738858,-0.09543017056736654
control,internal_validation,USDJPY,2022-10-18,2022-10-24T07:00:00+00:00,2022-10-24T16:00:00+00:00,1,148.879,149.067,146.59460714285714,228.43928571428566,time_exit,18.80000000000166,0.0757312821474988,0.07244813407752085,0.0691649860075429
candidate,internal_validation,EURUSD,2022-10-25,2022-10-31T07:00:00+00:00,2022-10-31T16:00:00+00:00,-1,0.99608,0.98901,0.9984435714285714,23.63571428571413,time_exit,70.7000000000002,2.927772741009396,2.8960411000302484,2.8643094590511002
control,internal_validation,EURUSD,2022-10-25,2022-10-31T07:00:00+00:00,2022-10-31T09:00:00+00:00,1,0.99608,0.9937164285714285,0.9937164285714285,23.63571428571413,stop,-23.63571428571465,-1.0634632819583179,-1.095194922937466,-1.126926563916614
candidate,internal_validation,GBPUSD,2022-10-25,2022-10-31T07:00:00+00:00,2022-10-31T10:00:00+00:00,1,1.15975,1.1562003571428572,1.1562003571428572,35.496428571428446,stop,-35.49642857142876,-1.0563436965489577,-1.084515544823432,-1.1126873930979064
control,internal_validation,GBPUSD,2022-10-25,2022-10-31T07:00:00+00:00,2022-10-31T16:00:00+00:00,-1,1.15975,1.14798,1.163299642857143,35.496428571428446,time_exit,117.70000000000057,3.2594828453567035,3.231310997082229,3.2031391488077547
candidate,internal_validation,USDJPY,2022-10-25,2022-10-31T07:00:00+00:00,2022-10-31T10:00:00+00:00,-1,147.969,148.3187142857143,148.3187142857143,34.971428571429286,stop,-34.9714285714299,-1.0428921568627616,-1.0643382352941337,-1.0857843137255059
control,internal_validation,USDJPY,2022-10-25,2022-10-31T07:00:00+00:00,2022-10-31T10:00:00+00:00,-1,147.969,148.3187142857143,148.3187142857143,34.971428571429286,stop,-34.9714285714299,-1.0428921568627616,-1.0643382352941337,-1.0857843137255059
candidate,internal_validation,EURUSD,2022-11-01,2022-11-07T07:00:00+00:00,2022-11-07T10:00:00+00:00,-1,0.99391,0.9981517857142856,0.9981517857142856,42.41785714285727,stop,-42.41785714285684,-1.035362465268997,-1.0530436979035005,-1.0707249305380042
control,internal_validation,EURUSD,2022-11-01,2022-11-07T07:00:00+00:00,2022-11-07T16:00:00+00:00,1,0.99391,0.99938,0.9896682142857143,42.41785714285727,time_exit,54.700000000000855,1.2541887682074762,1.2365075355729724,1.218826302938469
candidate,internal_validation,GBPUSD,2022-11-01,2022-11-07T07:00:00+00:00,2022-11-07T16:00:00+00:00,1,1.13299,1.14702,1.127812857142857,51.7714285714292,time_exit,140.29999999999987,2.671357615894005,2.652041942604822,2.632726269315639
control,internal_validation,GBPUSD,2022-11-01,2022-11-07T07:00:00+00:00,2022-11-07T10:00:00+00:00,-1,1.13299,1.138167142857143,1.138167142857143,51.7714285714292,stop,-51.77142857142991,-1.0386313465783796,-1.0579470198675627,-1.0772626931567457
candidate,internal_validation,USDJPY,2022-11-01,2022-11-07T07:00:00+00:00,2022-11-07T11:00:00+00:00,1,147.189,146.7102857142857,146.7102857142857,47.87142857142876,stop,-47.871428571428964,-1.0313339301701026,-1.047000895255152,-1.062667860340201
control,internal_validation,USDJPY,2022-11-01,2022-11-07T07:00:00+00:00,2022-11-07T16:00:00+00:00,-1,147.189,146.325,147.66771428571428,47.87142857142876,time_exit,86.40000000000043,1.773500447627576,1.7578334825425268,1.7421665174574776
candidate,internal_validation,EURUSD,2022-11-08,2022-11-14T07:00:00+00:00,2022-11-14T10:00:00+00:00,-1,1.03124,1.0344757142857142,1.0344757142857142,32.35714285714262,stop,-32.35714285714231,-1.0463576158940304,-1.0695364238410505,-1.0927152317880704
control,internal_validation,EURUSD,2022-11-08,2022-11-14T07:00:00+00:00,2022-11-14T13:00:00+00:00,1,1.03124,1.0280042857142857,1.0280042857142857,32.35714285714262,stop,-32.35714285714231,-1.0463576158940304,-1.0695364238410505,-1.0927152317880704
candidate,internal_validation,GBPUSD,2022-11-08,2022-11-14T07:00:00+00:00,2022-11-14T16:00:00+00:00,1,1.17655,1.17584,1.171890357142857,46.596428571429314,time_exit,-7.099999999999884,-0.1952939373035891,-0.216754809534753,-0.23821568176591693
control,internal_validation,GBPUSD,2022-11-08,2022-11-14T07:00:00+00:00,2022-11-14T16:00:00+00:00,1,1.17655,1.17584,1.171890357142857,46.596428571429314,time_exit,-7.099999999999884,-0.1952939373035891,-0.216754809534753,-0.23821568176591693
candidate,internal_validation,USDJPY,2022-11-08,2022-11-14T07:00:00+00:00,2022-11-14T11:00:00+00:00,-1,139.35,139.99596428571428,139.99596428571428,64.59642857142822,stop,-64.59642857142853,-1.0232210980262115,-1.034831647039315,-1.0464421960524184
control,internal_validation,USDJPY,2022-11-08,2022-11-14T07:00:00+00:00,2022-11-14T16:00:00+00:00,1,139.35,140.485,138.7040357142857,64.59642857142822,time_exit,113.50000000000193,1.733841985956804,1.7222314369437004,1.710620887930597
candidate,internal_validation,EURUSD,2022-11-15,2022-11-21T07:00:00+00:00,2022-11-21T09:00:00+00:00,1,1.02811,1.0253264285714287,1.0253264285714287,27.835714285714168,stop,-27.835714285713298,-1.0538876058506232,-1.0808314087759505,-1.1077752117012778
control,internal_validation,EURUSD,2022-11-15,2022-11-21T07:00:00+00:00,2022-11-21T16:00:00+00:00,-1,1.02811,1.02544,1.0308935714285714,27.835714285714168,time_exit,26.700000000001722,0.9053117782910588,0.8783679753657315,0.8514241724404042
candidate,internal_validation,GBPUSD,2022-11-15,2022-11-21T07:00:00+00:00,2022-11-21T11:00:00+00:00,1,1.18349,1.1798589285714285,1.1798589285714285,36.31071428571402,stop,-36.31071428571442,-1.055080161306198,-1.0826202419592916,-1.110160322612385
control,internal_validation,GBPUSD,2022-11-15,2022-11-21T07:00:00+00:00,2022-11-21T11:00:00+00:00,1,1.18349,1.1798589285714285,1.1798589285714285,36.31071428571402,stop,-36.31071428571442,-1.055080161306198,-1.0826202419592916,-1.110160322612385
candidate,internal_validation,USDJPY,2022-11-15,2022-11-21T07:00:00+00:00,2022-11-21T08:00:00+00:00,-1,140.433,140.71907142857143,140.71907142857143,28.60714285714272,stop,-28.60714285714323,-1.052434456928857,-1.0786516853932766,-1.1048689138576964
control,internal_validation,USDJPY,2022-11-15,2022-11-21T07:00:00+00:00,2022-11-21T08:00:00+00:00,-1,140.433,140.71907142857143,140.71907142857143,28.60714285714272,stop,-28.60714285714323,-1.052434456928857,-1.0786516853932766,-1.1048689138576964
candidate,internal_validation,EURUSD,2022-11-22,2022-11-28T07:00:00+00:00,2022-11-28T16:00:00+00:00,1,1.03622,1.04629,1.0334267857142856,27.932142857142892,time_exit,100.70000000000023,3.5514640071602135,3.5246132208157563,3.497762434471299
control,internal_validation,EURUSD,2022-11-22,2022-11-28T07:00:00+00:00,2022-11-28T16:00:00+00:00,1,1.03622,1.04629,1.0334267857142856,27.932142857142892,time_exit,100.70000000000023,3.5514640071602135,3.5246132208157563,3.497762434471299
candidate,internal_validation,GBPUSD,2022-11-22,2022-11-28T07:00:00+00:00,2022-11-28T16:00:00+00:00,1,1.20554,1.20755,1.2020803571428573,34.59642857142802,time_exit,20.099999999998452,0.5231753896974963,0.4942706720346488,0.4653659543718012
control,internal_validation,GBPUSD,2022-11-22,2022-11-28T07:00:00+00:00,2022-11-28T10:00:00+00:00,-1,1.20554,1.2089996428571428,1.2089996428571428,34.59642857142802,stop,-34.5964285714273,-1.0578094353256744,-1.086714152988522,-1.1156188706513697
candidate,internal_validation,USDJPY,2022-11-22,2022-11-28T07:00:00+00:00,2022-11-28T09:00:00+00:00,1,138.507,138.1367142857143,138.1367142857143,37.028571428570395,stop,-37.02857142856999,-1.0405092592592495,-1.0607638888888797,-1.08101851851851
control,internal_validation,USDJPY,2022-11-22,2022-11-28T07:00:00+00:00,2022-11-28T09:00:00+00:00,1,138.507,138.1367142857143,138.1367142857143,37.028571428570395,stop,-37.02857142856999,-1.0405092592592495,-1.0607638888888797,-1.08101851851851
candidate,internal_validation,EURUSD,2022-11-29,2022-12-05T07:00:00+00:00,2022-12-05T09:00:00+00:00,1,1.05812,1.0552164285714285,1.0552164285714285,29.03571428571442,stop,-29.035714285714498,-1.0516605166051685,-1.0774907749077514,-1.1033210332103343
control,internal_validation,EURUSD,2022-11-29,2022-12-05T07:00:00+00:00,2022-12-05T16:00:00+00:00,-1,1.05812,1.05657,1.0610235714285714,29.03571428571442,time_exit,15.499999999999403,0.4821648216481937,0.4563345633456108,0.4305043050430279
candidate,internal_validation,GBPUSD,2022-11-29,2022-12-05T07:00:00+00:00,2022-12-05T16:00:00+00:00,-1,1.23421,1.22622,1.2381678571428572,39.578571428571394,time_exit,79.89999999999941,1.968236780364542,1.9429705829272563,1.9177043854899705
control,internal_validation,GBPUSD,2022-11-29,2022-12-05T07:00:00+00:00,2022-12-05T16:00:00+00:00,-1,1.23421,1.22622,1.2381678571428572,39.578571428571394,time_exit,79.89999999999941,1.968236780364542,1.9429705829272563,1.9177043854899705
candidate,internal_validation,USDJPY,2022-11-29,2022-12-05T07:00:00+00:00,2022-12-05T09:00:00+00:00,-1,134.304,134.78667857142858,134.78667857142858,48.2678571428577,stop,-48.267857142857906,-1.0310765815760305,-1.0466148723640436,-1.0621531631520569
control,internal_validation,USDJPY,2022-11-29,2022-12-05T07:00:00+00:00,2022-12-05T16:00:00+00:00,1,134.304,135.648,133.82132142857142,48.2678571428577,time_exit,134.3999999999994,2.753385127635916,2.7378468368479028,2.7223085460598897
candidate,internal_validation,EURUSD,2022-12-06,2022-12-12T07:00:00+00:00,2022-12-12T10:00:00+00:00,-1,1.05163,1.0538157142857143,1.0538157142857143,21.857142857143064,stop,-21.857142857142353,-1.068627450980359,-1.1029411764705548,-1.1372549019607505
control,internal_validation,EURUSD,2022-12-06,2022-12-12T07:00:00+00:00,2022-12-12T10:00:00+00:00,-1,1.05163,1.0538157142857143,1.0538157142857143,21.857142857143064,stop,-21.857142857142353,-1.068627450980359,-1.1029411764705548,-1.1372549019607505
candidate,internal_validation,GBPUSD,2022-12-06,2022-12-12T07:00:00+00:00,2022-12-12T16:00:00+00:00,1,1.22318,1.22932,1.2200439285714284,31.3607142857149,time_exit,61.40000000000034,1.8940895114451395,1.862202482632932,1.8303154538207245
control,internal_validation,GBPUSD,2022-12-06,2022-12-12T07:00:00+00:00,2022-12-12T10:00:00+00:00,-1,1.22318,1.2263160714285715,1.2263160714285715,31.3607142857149,stop,-31.360714285715297,-1.063774057624428,-1.0956610864366354,-1.127548115248843
candidate,internal_validation,USDJPY,2022-12-06,2022-12-12T07:00:00+00:00,2022-12-12T16:00:00+00:00,-1,136.933,137.014,137.32321428571427,39.02142857142823,time_exit,-8.100000000001728,-0.24601867105990366,-0.26523887973645516,-0.28445908841300666
control,internal_validation,USDJPY,2022-12-06,2022-12-12T07:00:00+00:00,2022-12-12T16:00:00+00:00,1,136.933,137.014,136.5427857142857,39.02142857142823,time_exit,8.100000000001728,0.1691378363536976,0.1499176276771461,0.13069741900059456
candidate,internal_validation,EURUSD,2022-12-13,2022-12-19T07:00:00+00:00,2022-12-19T16:00:00+00:00,1,1.06065,1.06067,1.0583057142857144,23.442857142857033,time_exit,0.1999999999990898,-0.05545399146865578,-0.08744667885439633,-0.11943936624013689
control,internal_validation,EURUSD,2022-12-13,2022-12-19T07:00:00+00:00,2022-12-19T08:00:00+00:00,-1,1.06065,1.0629942857142858,1.0629942857142858,23.442857142857033,stop,-23.442857142856877,-1.0639853747714745,-1.095978062157215,-1.1279707495429556
candidate,internal_validation,GBPUSD,2022-12-13,2022-12-19T07:00:00+00:00,2022-12-19T11:00:00+00:00,-1,1.21826,1.2220014285714285,1.2220014285714285,37.41428571428578,stop,-37.41428571428562,-1.0534555173730387,-1.0801832760595602,-1.1069110347460818
control,internal_validation,GBPUSD,2022-12-13,2022-12-19T07:00:00+00:00,2022-12-19T11:00:00+00:00,-1,1.21826,1.2220014285714285,1.2220014285714285,37.41428571428578,stop,-37.41428571428562,-1.0534555173730387,-1.0801832760595602,-1.1069110347460818
candidate,internal_validation,USDJPY,2022-12-13,2022-12-19T07:00:00+00:00,2022-12-19T16:00:00+00:00,1,136.146,136.671,135.6215357142857,52.44642857142868,time_exit,52.50000000000057,0.9724208375893857,0.9581205311542478,0.94382022471911
control,internal_validation,USDJPY,2022-12-13,2022-12-19T07:00:00+00:00,2022-12-19T15:00:00+00:00,-1,136.146,136.67046428571427,136.67046428571427,52.44642857142868,stop,-52.44642857142878,-1.0286006128702776,-1.0429009193054155,-1.0572012257405534
candidate,internal_validation,EURUSD,2022-12-20,2022-12-26T07:00:00+00:00,2022-12-26T16:00:00+00:00,-1,1.06272,1.06273,1.0648575000000002,21.375000000000618,time_exit,-0.09999999999843467,-0.07485380116951525,-0.10994152046775985,-0.14502923976600446
control,internal_validation,EURUSD,2022-12-20,2022-12-26T07:00:00+00:00,2022-12-26T16:00:00+00:00,-1,1.06272,1.06273,1.0648575000000002,21.375000000000618,time_exit,-0.09999999999843467,-0.07485380116951525,-0.10994152046775985,-0.14502923976600446
candidate,internal_validation,GBPUSD,2022-12-20,2022-12-26T07:00:00+00:00,2022-12-26T16:00:00+00:00,-1,1.20685,1.2073800000000001,1.2094332142857143,25.832142857142937,time_exit,-5.300000000001415,-0.28259366791101753,-0.32130512926868365,-0.3600165906263498
control,internal_validation,GBPUSD,2022-12-20,2022-12-26T07:00:00+00:00,2022-12-26T16:00:00+00:00,1,1.20685,1.2073800000000001,1.2042667857142857,25.832142857142937,time_exit,5.300000000001415,0.127747822480353,0.08903636112268687,0.050324899765020734
candidate,internal_validation,USDJPY,2022-12-20,2022-12-26T07:00:00+00:00,2022-12-26T10:00:00+00:00,-1,132.528,132.77271428571427,132.77271428571427,24.47142857142818,stop,-24.471428571428078,-1.061295971978981,-1.0919439579684735,-1.1225919439579661
control,internal_validation,USDJPY,2022-12-20,2022-12-26T07:00:00+00:00,2022-12-26T10:00:00+00:00,-1,132.528,132.77271428571427,132.77271428571427,24.47142857142818,stop,-24.471428571428078,-1.061295971978981,-1.0919439579684735,-1.1225919439579661
candidate,internal_validation,EURUSD,2022-12-27,2023-01-02T07:00:00+00:00,2023-01-02T09:00:00+00:00,1,1.06971,1.0669264285714286,1.0669264285714286,27.835714285714168,stop,-27.835714285713298,-1.0538876058506232,-1.0808314087759505,-1.1077752117012778
control,internal_validation,EURUSD,2022-12-27,2023-01-02T07:00:00+00:00,2023-01-02T09:00:00+00:00,1,1.06971,1.0669264285714286,1.0669264285714286,27.835714285714168,stop,-27.835714285713298,-1.0538876058506232,-1.0808314087759505,-1.1077752117012778
candidate,internal_validation,GBPUSD,2022-12-27,2023-01-02T07:00:00+00:00,2023-01-02T16:00:00+00:00,-1,1.20627,1.20499,1.2103660714285713,40.96071428571403,time_exit,12.799999999999478,0.2636672770075746,0.23925364024761278,0.21484000348765098
control,internal_validation,GBPUSD,2022-12-27,2023-01-02T07:00:00+00:00,2023-01-02T16:00:00+00:00,-1,1.20627,1.20499,1.2103660714285713,40.96071428571403,time_exit,12.799999999999478,0.2636672770075746,0.23925364024761278,0.21484000348765098
candidate,internal_validation,USDJPY,2022-12-27,2023-01-02T07:00:00+00:00,2023-01-02T16:00:00+00:00,1,130.921,130.624,130.51321428571427,40.778571428572164,time_exit,-29.699999999999704,-0.7651077246452759,-0.7834997372569413,-0.8018917498686068
control,internal_validation,USDJPY,2022-12-27,2023-01-02T07:00:00+00:00,2023-01-02T16:00:00+00:00,1,130.921,130.624,130.51321428571427,40.778571428572164,time_exit,-29.699999999999704,-0.7651077246452759,-0.7834997372569413,-0.8018917498686068
candidate,internal_validation,EURUSD,2023-01-03,2023-01-09T07:00:00+00:00,2023-01-09T15:00:00+00:00,-1,1.06766,1.07075,1.07075,30.899999999999974,stop,-30.90000000000037,-1.0485436893204014,-1.0728155339805956,-1.0970873786407898
control,internal_validation,EURUSD,2023-01-03,2023-01-09T07:00:00+00:00,2023-01-09T16:00:00+00:00,1,1.06766,1.07252,1.06457,30.899999999999974,time_exit,48.599999999998644,1.5242718446601515,1.4999999999999574,1.4757281553397632
candidate,internal_validation,GBPUSD,2023-01-03,2023-01-09T07:00:00+00:00,2023-01-09T16:00:00+00:00,-1,1.21418,1.21683,1.219142857142857,49.6285714285711,time_exit,-26.500000000000412,-0.5742659758203921,-0.5944156591825108,-0.6145653425446296
control,internal_validation,GBPUSD,2023-01-03,2023-01-09T07:00:00+00:00,2023-01-09T16:00:00+00:00,-1,1.21418,1.21683,1.219142857142857,49.6285714285711,time_exit,-26.500000000000412,-0.5742659758203921,-0.5944156591825108,-0.6145653425446296
candidate,internal_validation,USDJPY,2023-01-03,2023-01-09T07:00:00+00:00,2023-01-09T09:00:00+00:00,-1,131.703,132.28639285714286,132.28639285714286,58.33928571428534,stop,-58.33928571428544,-1.0257116620753004,-1.0385674931129496,-1.0514233241505988
control,internal_validation,USDJPY,2023-01-03,2023-01-09T07:00:00+00:00,2023-01-09T09:00:00+00:00,-1,131.703,132.28639285714286,132.28639285714286,58.33928571428534,stop,-58.33928571428544,-1.0257116620753004,-1.0385674931129496,-1.0514233241505988
candidate,internal_validation,EURUSD,2023-01-10,2023-01-16T07:00:00+00:00,2023-01-16T09:00:00+00:00,1,1.08529,1.0827475000000002,1.0827475000000002,25.42499999999932,stop,-25.42499999999892,-1.0589970501474786,-1.0884955752212258,-1.1179941002949727
control,internal_validation,EURUSD,2023-01-10,2023-01-16T07:00:00+00:00,2023-01-16T16:00:00+00:00,-1,1.08529,1.08158,1.0878325,25.42499999999932,time_exit,37.10000000000102,1.4001966568339026,1.3706981317601554,1.3411996066864083
candidate,internal_validation,GBPUSD,2023-01-10,2023-01-16T07:00:00+00:00,2023-01-16T09:00:00+00:00,1,1.22582,1.222472857142857,1.222472857142857,33.471428571429215,stop,-33.471428571429925,-1.0597524541186714,-1.0896286811779965,-1.1195049082373216
control,internal_validation,GBPUSD,2023-01-10,2023-01-16T07:00:00+00:00,2023-01-16T16:00:00+00:00,-1,1.22582,1.21932,1.229167142857143,33.471428571429215,time_exit,64.9999999999995,1.882202304737465,1.8523260776781398,1.822449850618815
candidate,internal_validation,USDJPY,2023-01-10,2023-01-16T07:00:00+00:00,2023-01-16T16:00:00+00:00,1,127.669,128.429,127.19425,47.47499999999982,time_exit,76.00000000000051,1.5692469720905908,1.553449183780954,1.5376513954713174
control,internal_validation,USDJPY,2023-01-10,2023-01-16T07:00:00+00:00,2023-01-16T09:00:00+00:00,-1,127.669,128.14374999999998,128.14374999999998,47.47499999999982,stop,-47.4749999999986,-1.0315955766192477,-1.0473933649288845,-1.0631911532385212
candidate,internal_validation,EURUSD,2023-01-17,2023-01-23T07:00:00+00:00,2023-01-23T09:00:00+00:00,-1,1.08948,1.0916335714285714,1.0916335714285714,21.535714285713812,stop,-21.535714285714214,-1.0696517412935524,-1.1044776119403195,-1.1393034825870865
control,internal_validation,EURUSD,2023-01-17,2023-01-23T07:00:00+00:00,2023-01-23T09:00:00+00:00,-1,1.08948,1.0916335714285714,1.0916335714285714,21.535714285713812,stop,-21.535714285714214,-1.0696517412935524,-1.1044776119403195,-1.1393034825870865
candidate,internal_validation,GBPUSD,2023-01-17,2023-01-23T07:00:00+00:00,2023-01-23T09:00:00+00:00,1,1.2425,1.2396060714285713,1.2396060714285713,28.93928571428569,stop,-28.939285714286722,-1.0691102060965432,-1.103665309144797,-1.1382204121930508
control,internal_validation,GBPUSD,2023-01-17,2023-01-23T07:00:00+00:00,2023-01-23T09:00:00+00:00,1,1.2425,1.2396060714285713,1.2396060714285713,28.93928571428569,stop,-28.939285714286722,-1.0691102060965432,-1.103665309144797,-1.1382204121930508
candidate,internal_validation,USDJPY,2023-01-17,2023-01-23T07:00:00+00:00,2023-01-23T08:00:00+00:00,-1,129.592,130.01339285714286,130.01339285714286,42.13928571428533,stop,-42.139285714284824,-1.035596236969223,-1.0533943554538405,-1.071192473938458
control,internal_validation,USDJPY,2023-01-17,2023-01-23T07:00:00+00:00,2023-01-23T16:00:00+00:00,1,129.592,130.499,129.17060714285716,42.13928571428533,time_exit,90.69999999999823,2.116789558437133,2.0989914399525156,2.081193321467898
candidate,internal_validation,EURUSD,2023-01-24,2023-01-30T07:00:00+00:00,2023-01-30T09:00:00+00:00,1,1.08763,1.0856457142857143,1.0856457142857143,19.842857142857007,stop,-19.842857142857717,-1.0755939524838376,-1.1133909287257386,-1.1511879049676395
control,internal_validation,EURUSD,2023-01-24,2023-01-30T07:00:00+00:00,2023-01-30T09:00:00+00:00,1,1.08763,1.0856457142857143,1.0856457142857143,19.842857142857007,stop,-19.842857142857717,-1.0755939524838376,-1.1133909287257386,-1.1511879049676395
candidate,internal_validation,GBPUSD,2023-01-24,2023-01-30T07:00:00+00:00,2023-01-30T09:00:00+00:00,1,1.24034,1.2377289285714286,1.2377289285714286,26.110714285714526,stop,-26.11071428571421,-1.0765969087675977,-1.1148953631514025,-1.1531938175352074
control,internal_validation,GBPUSD,2023-01-24,2023-01-30T07:00:00+00:00,2023-01-30T16:00:00+00:00,-1,1.24034,1.23747,1.2429510714285714,26.110714285714526,time_exit,28.69999999999928,1.0225687320475627,0.9842702776637577,0.9459718232799529
candidate,internal_validation,USDJPY,2023-01-24,2023-01-30T07:00:00+00:00,2023-01-30T16:00:00+00:00,1,129.484,130.137,129.14414285714287,33.985714285713954,time_exit,65.29999999999916,1.8772593526691823,1.8551912568305944,1.8331231609920067
control,internal_validation,USDJPY,2023-01-24,2023-01-30T07:00:00+00:00,2023-01-30T16:00:00+00:00,1,129.484,130.137,129.14414285714287,33.985714285713954,time_exit,65.29999999999916,1.8772593526691823,1.8551912568305944,1.8331231609920067
candidate,internal_validation,EURUSD,2023-01-31,2023-02-06T07:00:00+00:00,2023-02-06T16:00:00+00:00,-1,1.07963,1.07581,1.0824317857142858,28.017857142857743,time_exit,38.200000000001566,1.3098789037603848,1.2831102613129666,1.2563416188655485
control,internal_validation,EURUSD,2023-01-31,2023-02-06T07:00:00+00:00,2023-02-06T11:00:00+00:00,1,1.07963,1.0768282142857144,1.0768282142857144,28.017857142857743,stop,-28.017857142856872,-1.0535372848948052,-1.0803059273422235,-1.1070745697896416
candidate,internal_validation,GBPUSD,2023-01-31,2023-02-06T07:00:00+00:00,2023-02-06T16:00:00+00:00,-1,1.20594,1.2049400000000001,1.2092903571428573,33.50357142857157,time_exit,9.999999999998899,0.23878051380446458,0.2089329495789024,0.17908538535334023
control,internal_validation,GBPUSD,2023-01-31,2023-02-06T07:00:00+00:00,2023-02-06T12:00:00+00:00,1,1.20594,1.2025896428571428,1.2025896428571428,33.50357142857157,stop,-33.50357142857252,-1.0596951284511529,-1.0895426926767149,-1.1193902569022771
candidate,internal_validation,USDJPY,2023-01-31,2023-02-06T07:00:00+00:00,2023-02-06T16:00:00+00:00,1,131.682,132.554,131.06614285714284,61.585714285714175,time_exit,87.20000000000141,1.3915564834145464,1.3793783344931825,1.3672001855718183
control,internal_validation,USDJPY,2023-01-31,2023-02-06T07:00:00+00:00,2023-02-06T16:00:00+00:00,1,131.682,132.554,131.06614285714284,61.585714285714175,time_exit,87.20000000000141,1.3915564834145464,1.3793783344931825,1.3672001855718183
candidate,internal_validation,EURUSD,2023-02-07,2023-02-13T07:00:00+00:00,2023-02-13T09:00:00+00:00,-1,1.0667200000000001,1.0684975,1.0684975,17.774999999999874,stop,-17.774999999999874,-1.084388185654009,-1.1265822784810136,-1.1687763713080181
control,internal_validation,EURUSD,2023-02-07,2023-02-13T07:00:00+00:00,2023-02-13T16:00:00+00:00,1,1.0667200000000001,1.06807,1.0649425000000001,17.774999999999874,time_exit,13.499999999999623,0.675105485232051,0.6329113924050466,0.5907172995780421
candidate,internal_validation,GBPUSD,2023-02-07,2023-02-13T07:00:00+00:00,2023-02-13T14:00:00+00:00,-1,1.20443,1.206820357142857,1.206820357142857,23.903571428571485,stop,-23.9035714285718,-1.083669505453472,-1.1255042581802013,-1.1673390109069306
control,internal_validation,GBPUSD,2023-02-07,2023-02-13T07:00:00+00:00,2023-02-13T16:00:00+00:00,1,1.20443,1.20883,1.2020396428571427,23.903571428571485,time_exit,44.00000000000181,1.7570596145227073,1.715224861795978,1.6733901090692487
candidate,internal_validation,USDJPY,2023-02-07,2023-02-13T07:00:00+00:00,2023-02-13T16:00:00+00:00,1,132.138,132.711,131.78892857142858,34.907142857142354,time_exit,57.30000000000075,1.5985267034991237,1.5770411295273616,1.5555555555555995
control,internal_validation,USDJPY,2023-02-07,2023-02-13T07:00:00+00:00,2023-02-13T16:00:00+00:00,1,132.138,132.711,131.78892857142858,34.907142857142354,time_exit,57.30000000000075,1.5985267034991237,1.5770411295273616,1.5555555555555995
candidate,internal_validation,EURUSD,2023-02-14,2023-02-20T07:00:00+00:00,2023-02-20T16:00:00+00:00,-1,1.06867,1.06805,1.0706757142857142,20.057142857142694,time_exit,6.200000000000649,0.23433048433051862,0.1969373219373559,0.15954415954419324
control,internal_validation,EURUSD,2023-02-14,2023-02-20T07:00:00+00:00,2023-02-20T16:00:00+00:00,1,1.06867,1.06805,1.0666642857142858,20.057142857142694,time_exit,-6.200000000000649,-0.38390313390316944,-0.42129629629633214,-0.4586894586894948
candidate,internal_validation,GBPUSD,2023-02-14,2023-02-20T07:00:00+00:00,2023-02-20T16:00:00+00:00,-1,1.20325,1.20381,1.2063025,30.52500000000085,time_exit,-5.60000000000116,-0.24897624897628,-0.2817362817363119,-0.3144963144963437
control,internal_validation,GBPUSD,2023-02-14,2023-02-20T07:00:00+00:00,2023-02-20T16:00:00+00:00,1,1.20325,1.20381,1.2001974999999998,30.52500000000085,time_exit,5.60000000000116,0.11793611793615263,0.08517608517612078,0.052416052416088946
candidate,internal_validation,USDJPY,2023-02-14,2023-02-20T07:00:00+00:00,2023-02-20T16:00:00+00:00,1,134.065,134.062,133.74914285714286,31.58571428571345,time_exit,-0.2999999999985903,-0.056987788331028785,-0.08073270013564271,-0.10447761194025663
control,internal_validation,USDJPY,2023-02-14,2023-02-20T07:00:00+00:00,2023-02-20T16:00:00+00:00,-1,134.065,134.062,134.38085714285714,31.58571428571345,time_exit,0.2999999999985903,-0.03799185888742691,-0.06173677069204084,-0.08548168249665476
candidate,internal_validation,EURUSD,2023-02-21,2023-02-27T07:00:00+00:00,2023-02-27T12:00:00+00:00,-1,1.0549,1.0565339285714286,1.0565339285714286,16.33928571428641,stop,-16.339285714286333,-1.091803278688516,-1.1377049180327763,-1.1836065573770365
control,internal_validation,EURUSD,2023-02-21,2023-02-27T07:00:00+00:00,2023-02-27T16:00:00+00:00,1,1.0549,1.05829,1.0532660714285713,16.33928571428641,time_exit,33.90000000000004,1.9829508196720491,1.9370491803277887,1.8911475409835283
candidate,internal_validation,GBPUSD,2023-02-21,2023-02-27T07:00:00+00:00,2023-02-27T10:00:00+00:00,-1,1.1948699999999999,1.197095357142857,1.197095357142857,22.253571428572094,stop,-22.253571428572094,-1.0898732145722971,-1.1348098218584457,-1.1797464291445943
control,internal_validation,GBPUSD,2023-02-21,2023-02-27T07:00:00+00:00,2023-02-27T10:00:00+00:00,-1,1.1948699999999999,1.197095357142857,1.197095357142857,22.253571428572094,stop,-22.253571428572094,-1.0898732145722971,-1.1348098218584457,-1.1797464291445943
candidate,internal_validation,USDJPY,2023-02-21,2023-02-27T07:00:00+00:00,2023-02-27T10:00:00+00:00,1,136.308,136.0112142857143,136.0112142857143,29.678571428570933,stop,-29.67857142857042,-1.050541516245471,-1.075812274368215,-1.101083032490959
control,internal_validation,USDJPY,2023-02-21,2023-02-27T07:00:00+00:00,2023-02-27T16:00:00+00:00,-1,136.308,136.068,136.6047857142857,29.678571428570933,time_exit,23.999999999998067,0.758122743682258,0.7328519855595139,0.7075812274367698
candidate,internal_validation,EURUSD,2023-02-28,2023-03-06T07:00:00+00:00,2023-03-06T16:00:00+00:00,-1,1.0642800000000001,1.06547,1.0662578571428571,19.778571428570867,time_exit,-11.899999999998023,-0.6775009028529348,-0.7154207295051569,-0.753340556157379
control,internal_validation,EURUSD,2023-02-28,2023-03-06T07:00:00+00:00,2023-03-06T13:00:00+00:00,1,1.0642800000000001,1.062302142857143,1.062302142857143,19.778571428570867,stop,-19.778571428570313,-1.075839653304416,-1.1137594799566382,-1.1516793066088604
candidate,internal_validation,GBPUSD,2023-02-28,2023-03-06T07:00:00+00:00,2023-03-06T16:00:00+00:00,-1,1.2034,1.20111,1.206115,27.150000000000862,time_exit,22.900000000001253,0.7697974217311451,0.732965009208126,0.696132596685107
control,internal_validation,GBPUSD,2023-02-28,2023-03-06T07:00:00+00:00,2023-03-06T16:00:00+00:00,-1,1.2034,1.20111,1.206115,27.150000000000862,time_exit,22.900000000001253,0.7697974217311451,0.732965009208126,0.696132596685107
candidate,internal_validation,USDJPY,2023-02-28,2023-03-06T07:00:00+00:00,2023-03-06T16:00:00+00:00,1,135.653,135.874,135.3115357142857,34.14642857142809,time_exit,22.100000000000364,0.6032841752954904,0.5813199456124025,0.5593557159293147
control,internal_validation,USDJPY,2023-02-28,2023-03-06T07:00:00+00:00,2023-03-06T16:00:00+00:00,1,135.653,135.874,135.3115357142857,34.14642857142809,time_exit,22.100000000000364,0.6032841752954904,0.5813199456124025,0.5593557159293147
candidate,internal_validation,EURUSD,2023-03-07,2023-03-13T07:00:00+00:00,2023-03-13T11:00:00+00:00,1,1.0718,1.067724285714286,1.067724285714286,40.75714285714269,stop,-40.75714285714182,-1.0368033648790536,-1.055205047318591,-1.0736067297581284
control,internal_validation,EURUSD,2023-03-07,2023-03-13T07:00:00+00:00,2023-03-13T16:00:00+00:00,-1,1.0718,1.06992,1.0758757142857143,40.75714285714269,time_exit,18.800000000001038,0.4244654749386883,0.40606379249915087,0.3876621100596135
candidate,internal_validation,GBPUSD,2023-03-07,2023-03-13T07:00:00+00:00,2023-03-13T16:00:00+00:00,-1,1.2116,1.20956,1.2168928571428572,52.9285714285713,time_exit,20.400000000000418,0.3476383265857037,0.32874493927126375,0.30985155195682373
control,internal_validation,GBPUSD,2023-03-07,2023-03-13T07:00:00+00:00,2023-03-13T12:00:00+00:00,1,1.2116,1.2063071428571428,1.2063071428571428,52.9285714285713,stop,-52.9285714285721,-1.0377867746288951,-1.056680161943335,-1.075573549257775
candidate,internal_validation,USDJPY,2023-03-07,2023-03-13T07:00:00+00:00,2023-03-13T16:00:00+00:00,-1,134.153,133.042,135.05932142857142,90.63214285714258,time_exit,111.099999999999,1.2092839973204008,1.2010087874847228,1.1927335776490449
control,internal_validation,USDJPY,2023-03-07,2023-03-13T07:00:00+00:00,2023-03-13T11:00:00+00:00,1,134.153,133.24667857142856,133.24667857142856,90.63214285714258,stop,-90.6321428571431,-1.0165504196713617,-1.0248256295070397,-1.0331008393427177
candidate,internal_validation,EURUSD,2023-03-14,2023-03-20T07:00:00+00:00,2023-03-20T09:00:00+00:00,1,1.06697,1.0644403571428571,1.0644403571428571,25.296428571427995,stop,-25.296428571428553,-1.0592969080898158,-1.0889453621347127,-1.1185938161796096
control,internal_validation,EURUSD,2023-03-14,2023-03-20T07:00:00+00:00,2023-03-20T12:00:00+00:00,-1,1.06697,1.0694996428571428,1.0694996428571428,25.296428571427995,stop,-25.296428571428553,-1.0592969080898158,-1.0889453621347127,-1.1185938161796096
candidate,internal_validation,GBPUSD,2023-03-14,2023-03-20T07:00:00+00:00,2023-03-20T16:00:00+00:00,1,1.2181,1.2258,1.2149349999999999,31.6500000000006,time_exit,77.0000000000004,2.3696682464454653,2.3380726698261927,2.30647709320692
control,internal_validation,GBPUSD,2023-03-14,2023-03-20T07:00:00+00:00,2023-03-20T10:00:00+00:00,-1,1.2181,1.221265,1.221265,31.6500000000006,stop,-31.650000000000844,-1.0631911532385532,-1.0947867298578258,-1.1263823064770986
candidate,internal_validation,USDJPY,2023-03-14,2023-03-20T07:00:00+00:00,2023-03-20T16:00:00+00:00,-1,131.817,131.582,132.4194642857143,60.246428571428766,time_exit,23.500000000001364,0.36516687414786664,0.352718003438281,0.34026913272869547
control,internal_validation,USDJPY,2023-03-14,2023-03-20T07:00:00+00:00,2023-03-20T08:00:00+00:00,1,131.817,131.21453571428572,131.21453571428572,60.246428571428766,stop,-60.24642857142908,-1.0248977414191764,-1.037346612128762,-1.0497954828383476
candidate,internal_validation,EURUSD,2023-03-21,2023-03-27T07:00:00+00:00,2023-03-27T16:00:00+00:00,-1,1.0771600000000001,1.0773,1.0790553571428572,18.95357142857141,time_exit,-1.3999999999980695,-0.1530054644807726,-0.19257584322582633,-0.23214622197088008
control,internal_validation,EURUSD,2023-03-21,2023-03-27T07:00:00+00:00,2023-03-27T09:00:00+00:00,1,1.0771600000000001,1.075264642857143,1.075264642857143,18.95357142857141,stop,-18.95357142857046,-1.0791407574900573,-1.118711136235111,-1.1582815149801646
candidate,internal_validation,GBPUSD,2023-03-21,2023-03-27T07:00:00+00:00,2023-03-27T09:00:00+00:00,1,1.22445,1.2223725,1.2223725,20.77500000000002,stop,-20.774999999999544,-1.0962695547532864,-1.1444043321299409,-1.1925391095065954
control,internal_validation,GBPUSD,2023-03-21,2023-03-27T07:00:00+00:00,2023-03-27T11:00:00+00:00,-1,1.22445,1.2265275,1.2265275,20.77500000000002,stop,-20.774999999999544,-1.0962695547532864,-1.1444043321299409,-1.1925391095065954
candidate,internal_validation,USDJPY,2023-03-21,2023-03-27T07:00:00+00:00,2023-03-27T16:00:00+00:00,1,130.592,131.71,130.19535714285715,39.6642857142857,time_exit,111.7999999999995,2.7808391860255606,2.76193048802448,2.7430217900233993
control,internal_validation,USDJPY,2023-03-21,2023-03-27T07:00:00+00:00,2023-03-27T16:00:00+00:00,1,130.592,131.71,130.19535714285715,39.6642857142857,time_exit,111.7999999999995,2.7808391860255606,2.76193048802448,2.7430217900233993
candidate,internal_validation,EURUSD,2023-03-28,2023-04-03T07:00:00+00:00,2023-04-03T16:00:00+00:00,1,1.079,1.08653,1.0762753571428572,27.246428571428876,time_exit,75.30000000000037,2.7086118757373012,2.681085332284687,2.653558788832072
control,internal_validation,EURUSD,2023-03-28,2023-04-03T07:00:00+00:00,2023-04-03T10:00:00+00:00,-1,1.079,1.0817246428571428,1.0817246428571428,27.246428571428876,stop,-27.246428571428005,-1.0550530869051975,-1.0825796303578121,-1.110106173810427
candidate,internal_validation,GBPUSD,2023-03-28,2023-04-03T07:00:00+00:00,2023-04-03T16:00:00+00:00,1,1.22767,1.2386,1.224507142857143,31.628571428570943,time_exit,109.29999999999883,3.392502258355932,3.3608852755194367,3.329268292682941
control,internal_validation,GBPUSD,2023-03-28,2023-04-03T07:00:00+00:00,2023-04-03T10:00:00+00:00,-1,1.22767,1.230832857142857,1.230832857142857,31.628571428570943,stop,-31.62857142857023,-1.0632339656729684,-1.094850948509464,-1.1264679313459594
candidate,internal_validation,USDJPY,2023-03-28,2023-04-03T07:00:00+00:00,2023-04-03T16:00:00+00:00,-1,133.446,133.102,133.91057142857142,46.45714285714239,time_exit,34.39999999999941,0.7081795817958124,0.6920356703566979,0.6758917589175834
control,internal_validation,USDJPY,2023-03-28,2023-04-03T07:00:00+00:00,2023-04-03T16:00:00+00:00,-1,133.446,133.102,133.91057142857142,46.45714285714239,time_exit,34.39999999999941,0.7081795817958124,0.6920356703566979,0.6758917589175834
candidate,internal_validation,EURUSD,2023-04-04,2023-04-10T07:00:00+00:00,2023-04-10T15:00:00+00:00,1,1.08992,1.0885464285714286,1.0885464285714286,13.735714285714343,stop,-13.735714285714185,-1.109204368174715,-1.1638065522620782,-1.2184087363494416
control,internal_validation,EURUSD,2023-04-04,2023-04-10T07:00:00+00:00,2023-04-10T15:00:00+00:00,1,1.08992,1.0885464285714286,1.0885464285714286,13.735714285714343,stop,-13.735714285714185,-1.109204368174715,-1.1638065522620782,-1.2184087363494416
candidate,internal_validation,GBPUSD,2023-04-04,2023-04-10T07:00:00+00:00,2023-04-10T15:00:00+00:00,1,1.24084,1.2389167857142855,1.2389167857142855,19.232142857143234,stop,-19.23214285714403,-1.1039925719591852,-1.155988857938757,-1.207985143918329
control,internal_validation,GBPUSD,2023-04-04,2023-04-10T07:00:00+00:00,2023-04-10T11:00:00+00:00,-1,1.24084,1.2427632142857143,1.2427632142857143,19.232142857143234,stop,-19.23214285714403,-1.1039925719591852,-1.155988857938757,-1.207985143918329
candidate,internal_validation,USDJPY,2023-04-04,2023-04-10T07:00:00+00:00,2023-04-10T15:00:00+00:00,-1,132.707,133.0080714285714,133.0080714285714,30.107142857142577,stop,-30.107142857141866,-1.0498220640569165,-1.0747330960853863,-1.0996441281138563
control,internal_validation,USDJPY,2023-04-04,2023-04-10T07:00:00+00:00,2023-04-10T10:00:00+00:00,1,132.707,132.40592857142857,132.40592857142857,30.107142857142577,stop,-30.107142857141866,-1.0498220640569165,-1.0747330960853863,-1.0996441281138563
candidate,internal_validation,EURUSD,2023-04-11,2023-04-17T07:00:00+00:00,2023-04-17T10:00:00+00:00,-1,1.09763,1.0997557142857144,1.0997557142857144,21.25714285714318,stop,-21.257142857142863,-1.0705645161290163,-1.1058467741935318,-1.1411290322580474
control,internal_validation,EURUSD,2023-04-11,2023-04-17T07:00:00+00:00,2023-04-17T15:00:00+00:00,1,1.09763,1.0955042857142858,1.0955042857142858,21.25714285714318,stop,-21.257142857142863,-1.0705645161290163,-1.1058467741935318,-1.1411290322580474
candidate,internal_validation,GBPUSD,2023-04-11,2023-04-17T07:00:00+00:00,2023-04-17T11:00:00+00:00,1,1.24035,1.2377807142857145,1.2377807142857145,25.692857142857026,stop,-25.692857142856074,-1.0778426466499493,-1.1167639699749425,-1.1556852932999357
control,internal_validation,GBPUSD,2023-04-11,2023-04-17T07:00:00+00:00,2023-04-17T15:00:00+00:00,-1,1.24035,1.2429192857142857,1.2429192857142857,25.692857142857026,stop,-25.692857142856074,-1.0778426466499493,-1.1167639699749425,-1.1556852932999357
candidate,internal_validation,USDJPY,2023-04-11,2023-04-17T07:00:00+00:00,2023-04-17T16:00:00+00:00,1,133.986,134.071,133.6945714285714,29.14285714285713,time_exit,8.500000000000796,0.24019607843139995,0.21446078431375287,0.18872549019610582
control,internal_validation,USDJPY,2023-04-11,2023-04-17T07:00:00+00:00,2023-04-17T16:00:00+00:00,-1,133.986,134.071,134.27742857142857,29.14285714285713,time_exit,-8.500000000000796,-0.3431372549019882,-0.3688725490196353,-0.39460784313728237
candidate,internal_validation,EURUSD,2023-04-18,2023-04-24T07:00:00+00:00,2023-04-24T16:00:00+00:00,1,1.09816,1.10231,1.096504642857143,16.553571428571388,time_exit,41.49999999999876,2.4163969795037064,2.3710895361380104,2.3257820927723145
control,internal_validation,EURUSD,2023-04-18,2023-04-24T07:00:00+00:00,2023-04-24T16:00:00+00:00,1,1.09816,1.10231,1.096504642857143,16.553571428571388,time_exit,41.49999999999876,2.4163969795037064,2.3710895361380104,2.3257820927723145
candidate,internal_validation,GBPUSD,2023-04-18,2023-04-24T07:00:00+00:00,2023-04-24T12:00:00+00:00,-1,1.24348,1.245725714285714,1.245725714285714,22.45714285714224,stop,-22.457142857141843,-1.0890585241730126,-1.1335877862595278,-1.1781170483460432
control,internal_validation,GBPUSD,2023-04-18,2023-04-24T07:00:00+00:00,2023-04-24T10:00:00+00:00,1,1.24348,1.2412342857142857,1.2412342857142857,22.45714285714224,stop,-22.457142857141843,-1.0890585241730126,-1.1335877862595278,-1.1781170483460432
candidate,internal_validation,USDJPY,2023-04-18,2023-04-24T07:00:00+00:00,2023-04-24T13:00:00+00:00,-1,134.364,134.63710714285713,134.63710714285713,27.310714285713743,stop,-27.310714285712834,-1.0549234994115018,-1.0823852491172692,-1.1098469988230368
control,internal_validation,USDJPY,2023-04-18,2023-04-24T07:00:00+00:00,2023-04-24T16:00:00+00:00,1,134.364,134.503,134.09089285714288,27.310714285713743,time_exit,13.899999999998158,0.45403426180195544,0.4265725120961879,0.3991107623904204
candidate,internal_validation,EURUSD,2023-04-25,2023-05-01T07:00:00+00:00,2023-05-01T15:00:00+00:00,-1,1.10141,1.1033717857142857,1.1033717857142857,19.61785714285743,stop,-19.617857142857353,-1.0764609503003773,-1.1146914254505678,-1.1529219006007583
control,internal_validation,EURUSD,2023-04-25,2023-05-01T07:00:00+00:00,2023-05-01T11:00:00+00:00,1,1.10141,1.0994482142857143,1.0994482142857143,19.61785714285743,stop,-19.617857142857353,-1.0764609503003773,-1.1146914254505678,-1.1529219006007583
candidate,internal_validation,GBPUSD,2023-04-25,2023-05-01T07:00:00+00:00,2023-05-01T09:00:00+00:00,1,1.25689,1.2545307142857143,1.2545307142857143,23.59285714285778,stop,-23.59285714285786,-1.0847714199212848,-1.1271571298819254,-1.169542839842566
control,internal_validation,GBPUSD,2023-04-25,2023-05-01T07:00:00+00:00,2023-05-01T09:00:00+00:00,1,1.25689,1.2545307142857143,1.2545307142857143,23.59285714285778,stop,-23.59285714285786,-1.0847714199212848,-1.1271571298819254,-1.169542839842566
candidate,internal_validation,USDJPY,2023-04-25,2023-05-01T07:00:00+00:00,2023-05-01T16:00:00+00:00,-1,136.879,136.751,137.22839285714284,34.93928571428506,time_exit,12.79999999999859,0.3234181743841014,0.30195236634975575,0.28048655831541003
control,internal_validation,USDJPY,2023-04-25,2023-05-01T07:00:00+00:00,2023-05-01T16:00:00+00:00,-1,136.879,136.751,137.22839285714284,34.93928571428506,time_exit,12.79999999999859,0.3234181743841014,0.30195236634975575,0.28048655831541003
candidate,internal_validation,EURUSD,2023-05-02,2023-05-08T07:00:00+00:00,2023-05-08T16:00:00+00:00,1,1.10391,1.10371,1.1019246428571428,19.85357142857207,time_exit,-1.9999999999997797,-0.17629069976612818,-0.21406727828744376,-0.2518438568087593
control,internal_validation,EURUSD,2023-05-02,2023-05-08T07:00:00+00:00,2023-05-08T16:00:00+00:00,1,1.10391,1.10371,1.1019246428571428,19.85357142857207,time_exit,-1.9999999999997797,-0.17629069976612818,-0.21406727828744376,-0.2518438568087593
candidate,internal_validation,GBPUSD,2023-05-02,2023-05-08T07:00:00+00:00,2023-05-08T13:00:00+00:00,-1,1.2646,1.2667,1.2667,20.99999999999935,stop,-20.999999999999908,-1.0952380952381247,-1.1428571428571739,-1.1904761904762229
control,internal_validation,GBPUSD,2023-05-02,2023-05-08T07:00:00+00:00,2023-05-08T13:00:00+00:00,-1,1.2646,1.2667,1.2667,20.99999999999935,stop,-20.999999999999908,-1.0952380952381247,-1.1428571428571739,-1.1904761904762229
candidate,internal_validation,USDJPY,2023-05-02,2023-05-08T07:00:00+00:00,2023-05-08T16:00:00+00:00,1,134.862,135.057,134.59617857142857,26.58214285714341,time_exit,19.499999999999318,0.6771463119709397,0.6489318823054828,0.620717452640026
control,internal_validation,USDJPY,2023-05-02,2023-05-08T07:00:00+00:00,2023-05-08T14:00:00+00:00,-1,134.862,135.12782142857142,135.12782142857142,26.58214285714341,stop,-26.5821428571428,-1.0564288593308908,-1.0846432889963478,-1.1128577186618045
candidate,internal_validation,EURUSD,2023-05-09,2023-05-15T07:00:00+00:00,2023-05-15T10:00:00+00:00,-1,1.08599,1.0874878571428572,1.0874878571428572,14.978571428571302,stop,-14.978571428572174,-1.100143061516511,-1.1502145922747375,-1.200286123032964
control,internal_validation,EURUSD,2023-05-09,2023-05-15T07:00:00+00:00,2023-05-15T10:00:00+00:00,-1,1.08599,1.0874878571428572,1.0874878571428572,14.978571428571302,stop,-14.978571428572174,-1.100143061516511,-1.1502145922747375,-1.200286123032964
candidate,internal_validation,GBPUSD,2023-05-09,2023-05-15T07:00:00+00:00,2023-05-15T16:00:00+00:00,1,1.24579,1.25075,1.2437210714285714,20.68928571428565,time_exit,49.600000000000755,2.3007077507336877,2.2523735542897034,2.204039357845719
control,internal_validation,GBPUSD,2023-05-09,2023-05-15T07:00:00+00:00,2023-05-15T09:00:00+00:00,-1,1.24579,1.2478589285714285,1.2478589285714285,20.68928571428565,stop,-20.689285714285965,-1.096668392887984,-1.1450025893319682,-1.1933367857759523
candidate,internal_validation,USDJPY,2023-05-09,2023-05-15T07:00:00+00:00,2023-05-15T16:00:00+00:00,-1,136.133,135.893,136.424,29.100000000000087,time_exit,24.00000000000091,0.7731958762886888,0.7474226804124001,0.7216494845361116
control,internal_validation,USDJPY,2023-05-09,2023-05-15T07:00:00+00:00,2023-05-15T16:00:00+00:00,-1,136.133,135.893,136.424,29.100000000000087,time_exit,24.00000000000091,0.7731958762886888,0.7474226804124001,0.7216494845361116
candidate,internal_validation,EURUSD,2023-05-16,2023-05-22T07:00:00+00:00,2023-05-22T10:00:00+00:00,1,1.0821,1.0802442857142858,1.0802442857142858,18.557142857143575,stop,-18.55714285714294,-1.080831408775944,-1.1212471131639334,-1.1616628175519226
control,internal_validation,EURUSD,2023-05-16,2023-05-22T07:00:00+00:00,2023-05-22T10:00:00+00:00,1,1.0821,1.0802442857142858,1.0802442857142858,18.557142857143575,stop,-18.55714285714294,-1.080831408775944,-1.1212471131639334,-1.1616628175519226
candidate,internal_validation,GBPUSD,2023-05-16,2023-05-22T07:00:00+00:00,2023-05-22T16:00:00+00:00,-1,1.24583,1.24599,1.2483392857142857,25.092857142857376,time_exit,-1.5999999999993797,-0.14346712211782195,-0.18331910048389047,-0.22317107884995896
control,internal_validation,GBPUSD,2023-05-16,2023-05-22T07:00:00+00:00,2023-05-22T09:00:00+00:00,1,1.24583,1.2433207142857143,1.2433207142857143,25.092857142857376,stop,-25.092857142856584,-1.0797039567321054,-1.119555935098174,-1.1594079134642425
candidate,internal_validation,USDJPY,2023-05-16,2023-05-22T07:00:00+00:00,2023-05-22T16:00:00+00:00,1,137.697,138.42,137.29275,40.424999999999656,time_exit,72.29999999999848,1.7513914656771572,1.7328385899814243,1.714285714285691
control,internal_validation,USDJPY,2023-05-16,2023-05-22T07:00:00+00:00,2023-05-22T16:00:00+00:00,1,137.697,138.42,137.29275,40.424999999999656,time_exit,72.29999999999848,1.7513914656771572,1.7328385899814243,1.714285714285691
candidate,internal_validation,EURUSD,2023-05-23,2023-05-29T07:00:00+00:00,2023-05-29T16:00:00+00:00,-1,1.07305,1.07147,1.0745810714285715,15.310714285713955,time_exit,15.800000000001369,0.9339864707255586,0.8850011663168802,0.8360158619082017
control,internal_validation,EURUSD,2023-05-23,2023-05-29T07:00:00+00:00,2023-05-29T16:00:00+00:00,-1,1.07305,1.07147,1.0745810714285715,15.310714285713955,time_exit,15.800000000001369,0.9339864707255586,0.8850011663168802,0.8360158619082017
candidate,internal_validation,GBPUSD,2023-05-23,2023-05-29T07:00:00+00:00,2023-05-29T09:00:00+00:00,-1,1.23472,1.2365907142857142,1.2365907142857142,18.70714285714241,stop,-18.7071428571417,-1.106911034746051,-1.1603665521190953,-1.2138220694921398
control,internal_validation,GBPUSD,2023-05-23,2023-05-29T07:00:00+00:00,2023-05-29T16:00:00+00:00,1,1.23472,1.23466,1.2328492857142859,18.70714285714241,time_exit,-0.5999999999994898,-0.13898434516988822,-0.19243986254293263,-0.24589537991597707
candidate,internal_validation,USDJPY,2023-05-23,2023-05-29T07:00:00+00:00,2023-05-29T09:00:00+00:00,1,140.594,140.3065357142857,140.3065357142857,28.746428571428794,stop,-28.746428571429306,-1.0521803950801516,-1.0782705926202185,-1.1043607901602854
control,internal_validation,USDJPY,2023-05-23,2023-05-29T07:00:00+00:00,2023-05-29T09:00:00+00:00,1,140.594,140.3065357142857,140.3065357142857,28.746428571428794,stop,-28.746428571429306,-1.0521803950801516,-1.0782705926202185,-1.1043607901602854
candidate,internal_validation,EURUSD,2023-05-30,2023-06-05T07:00:00+00:00,2023-06-05T16:00:00+00:00,-1,1.07025,1.06788,1.071672857142857,14.228571428571145,time_exit,23.699999999999832,1.5602409638554409,1.507530120481946,1.454819277108451
control,internal_validation,EURUSD,2023-05-30,2023-06-05T07:00:00+00:00,2023-06-05T10:00:00+00:00,1,1.07025,1.0688271428571428,1.0688271428571428,14.228571428571145,stop,-14.228571428571701,-1.1054216867470292,-1.158132530120524,-1.2108433734940192
candidate,internal_validation,GBPUSD,2023-05-30,2023-06-05T07:00:00+00:00,2023-06-05T16:00:00+00:00,-1,1.24394,1.23759,1.2462285714285715,22.885714285715046,time_exit,63.500000000000774,2.6872659176029408,2.6435705368289097,2.5998751560548787
control,internal_validation,GBPUSD,2023-05-30,2023-06-05T07:00:00+00:00,2023-06-05T09:00:00+00:00,1,1.24394,1.2416514285714286,1.2416514285714286,22.885714285715046,stop,-22.885714285714176,-1.087390761548024,-1.131086142322055,-1.174781523096086
candidate,internal_validation,USDJPY,2023-05-30,2023-06-05T07:00:00+00:00,2023-06-05T16:00:00+00:00,1,140.043,140.166,139.80385714285714,23.914285714286013,time_exit,12.299999999999045,0.45161290322576086,0.4202508960573025,0.3888888888888441
control,internal_validation,USDJPY,2023-05-30,2023-06-05T07:00:00+00:00,2023-06-05T09:00:00+00:00,-1,140.043,140.28214285714287,140.28214285714287,23.914285714286013,stop,-23.91428571428662,-1.062724014336942,-1.0940860215054005,-1.125448028673859
candidate,internal_validation,EURUSD,2023-06-06,2023-06-12T07:00:00+00:00,2023-06-12T09:00:00+00:00,-1,1.07409,1.0752985714285714,1.0752985714285714,12.085714285713763,stop,-12.085714285714477,-1.1241134751773694,-1.1861702127660245,-1.2482269503546797
control,internal_validation,EURUSD,2023-06-06,2023-06-12T07:00:00+00:00,2023-06-12T16:00:00+00:00,1,1.07409,1.07662,1.0728814285714285,12.085714285713763,time_exit,25.299999999999212,1.9692671394799255,1.9072104018912701,1.845153664302615
candidate,internal_validation,GBPUSD,2023-06-06,2023-06-12T07:00:00+00:00,2023-06-12T15:00:00+00:00,1,1.25705,1.2553646428571428,1.2553646428571428,16.85357142857145,stop,-16.853571428572245,-1.1186692095783475,-1.1780038143674978,-1.2373384191566479
control,internal_validation,GBPUSD,2023-06-06,2023-06-12T07:00:00+00:00,2023-06-12T15:00:00+00:00,1,1.25705,1.2553646428571428,1.2553646428571428,16.85357142857145,stop,-16.853571428572245,-1.1186692095783475,-1.1780038143674978,-1.2373384191566479
candidate,internal_validation,USDJPY,2023-06-06,2023-06-12T07:00:00+00:00,2023-06-12T11:00:00+00:00,1,139.433,139.2160357142857,139.2160357142857,21.696428571428328,stop,-21.696428571428328,-1.0691358024691366,-1.103703703703705,-1.138271604938273
control,internal_validation,USDJPY,2023-06-06,2023-06-12T07:00:00+00:00,2023-06-12T11:00:00+00:00,1,139.433,139.2160357142857,139.2160357142857,21.696428571428328,stop,-21.696428571428328,-1.0691358024691366,-1.103703703703705,-1.138271604938273
candidate,internal_validation,EURUSD,2023-06-13,2023-06-19T07:00:00+00:00,2023-06-19T12:00:00+00:00,1,1.09369,1.0920657142857144,1.0920657142857144,16.242857142856494,stop,-16.242857142856337,-1.0923482849604162,-1.1385224274406291,-1.184696569920842
control,internal_validation,EURUSD,2023-06-13,2023-06-19T07:00:00+00:00,2023-06-19T16:00:00+00:00,-1,1.09369,1.0926,1.0953142857142857,16.242857142856494,time_exit,10.900000000000354,0.5787159190853571,0.5325417766051442,0.4863676341249313
candidate,internal_validation,GBPUSD,2023-06-13,2023-06-19T07:00:00+00:00,2023-06-19T16:00:00+00:00,1,1.28167,1.28086,1.2796975,19.725000000000513,time_exit,-8.099999999999774,-0.5120405576679093,-0.5627376425855253,-0.6134347275031412
control,internal_validation,GBPUSD,2023-06-13,2023-06-19T07:00:00+00:00,2023-06-19T16:00:00+00:00,-1,1.28167,1.28086,1.2836425000000002,19.725000000000513,time_exit,8.099999999999774,0.3092522179974456,0.25855513307982975,0.20785804816221382
candidate,internal_validation,USDJPY,2023-06-13,2023-06-19T07:00:00+00:00,2023-06-19T10:00:00+00:00,-1,141.53,141.85839285714286,141.85839285714286,32.83928571428599,stop,-32.83928571428589,-1.0456769983686751,-1.0685154975530142,-1.0913539967373536
control,internal_validation,USDJPY,2023-06-13,2023-06-19T07:00:00+00:00,2023-06-19T10:00:00+00:00,-1,141.53,141.85839285714286,141.85839285714286,32.83928571428599,stop,-32.83928571428589,-1.0456769983686751,-1.0685154975530142,-1.0913539967373536
candidate,internal_validation,EURUSD,2023-06-20,2023-06-26T07:00:00+00:00,2023-06-26T11:00:00+00:00,1,1.09061,1.0891453571428573,1.0891453571428573,14.64642857142817,stop,-14.646428571427617,-1.1024140453547564,-1.1536210680321537,-1.2048280907095508
control,internal_validation,EURUSD,2023-06-20,2023-06-26T07:00:00+00:00,2023-06-26T16:00:00+00:00,-1,1.09061,1.09173,1.0920746428571428,14.64642857142817,time_exit,-11.200000000000099,-0.8671055840039319,-0.9183126066813291,-0.9695196293587263
candidate,internal_validation,GBPUSD,2023-06-20,2023-06-26T07:00:00+00:00,2023-06-26T09:00:00+00:00,1,1.27314,1.2711921428571427,1.2711921428571427,19.478571428571758,stop,-19.47857142857279,-1.102676934360154,-1.1540154015402042,-1.2053538687202547
control,internal_validation,GBPUSD,2023-06-20,2023-06-26T07:00:00+00:00,2023-06-26T09:00:00+00:00,1,1.27314,1.2711921428571427,1.2711921428571427,19.478571428571758,stop,-19.47857142857279,-1.102676934360154,-1.1540154015402042,-1.2053538687202547
candidate,internal_validation,USDJPY,2023-06-20,2023-06-26T07:00:00+00:00,2023-06-26T10:00:00+00:00,1,143.437,143.13860714285715,143.13860714285715,29.83928571428568,stop,-29.83928571428578,-1.0502692998204701,-1.0754039497307035,-1.100538599640937
control,internal_validation,USDJPY,2023-06-20,2023-06-26T07:00:00+00:00,2023-06-26T10:00:00+00:00,1,143.437,143.13860714285715,143.13860714285715,29.83928571428568,stop,-29.83928571428578,-1.0502692998204701,-1.0754039497307035,-1.100538599640937
candidate,internal_validation,EURUSD,2023-06-27,2023-07-03T07:00:00+00:00,2023-07-03T16:00:00+00:00,-1,1.09126,1.09089,1.0926121428571427,13.521428571428414,time_exit,3.6999999999998145,0.16270470153194802,0.10723718964605199,0.05176967776015593
control,internal_validation,EURUSD,2023-06-27,2023-07-03T07:00:00+00:00,2023-07-03T09:00:00+00:00,1,1.09126,1.089907857142857,1.089907857142857,13.521428571428414,stop,-13.521428571428018,-1.1109350237717628,-1.1664025356576588,-1.2218700475435549
candidate,internal_validation,GBPUSD,2023-06-27,2023-07-03T07:00:00+00:00,2023-07-03T16:00:00+00:00,-1,1.26999,1.2694,1.272095357142857,21.053571428571132,time_exit,5.899999999998684,0.1852417302798383,0.1377438507208894,0.09024597116194047
control,internal_validation,GBPUSD,2023-06-27,2023-07-03T07:00:00+00:00,2023-07-03T16:00:00+00:00,-1,1.26999,1.2694,1.272095357142857,21.053571428571132,time_exit,5.899999999998684,0.1852417302798383,0.1377438507208894,0.09024597116194047
candidate,internal_validation,USDJPY,2023-06-27,2023-07-03T07:00:00+00:00,2023-07-03T08:00:00+00:00,1,144.614,144.38139285714286,144.38139285714286,23.260714285714204,stop,-23.260714285714812,-1.0644864117918273,-1.096729617687728,-1.1289728235836285
control,internal_validation,USDJPY,2023-06-27,2023-07-03T07:00:00+00:00,2023-07-03T10:00:00+00:00,-1,144.614,144.84660714285715,144.84660714285715,23.260714285714204,stop,-23.260714285714812,-1.0644864117918273,-1.096729617687728,-1.1289728235836285
candidate,internal_validation,EURUSD,2023-07-11,2023-07-17T07:00:00+00:00,2023-07-17T16:00:00+00:00,1,1.12265,1.12355,1.1211221428571427,15.278571428571837,time_exit,9.00000000000123,0.4908835904629004,0.4417952314166184,0.3927068723703364
control,internal_validation,EURUSD,2023-07-11,2023-07-17T07:00:00+00:00,2023-07-17T10:00:00+00:00,-1,1.12265,1.1241778571428571,1.1241778571428571,15.278571428571837,stop,-15.278571428571919,-1.0981767180925694,-1.1472650771388513,-1.1963534361851333
candidate,internal_validation,GBPUSD,2023-07-11,2023-07-17T07:00:00+00:00,2023-07-17T09:00:00+00:00,1,1.30877,1.3069689285714285,1.3069689285714285,18.010714285714034,stop,-18.010714285714435,-1.1110450128891771,-1.1665675193337546,-1.222090025778332
control,internal_validation,GBPUSD,2023-07-11,2023-07-17T07:00:00+00:00,2023-07-17T10:00:00+00:00,-1,1.30877,1.3105710714285714,1.3105710714285714,18.010714285714034,stop,-18.010714285714435,-1.1110450128891771,-1.1665675193337546,-1.222090025778332
candidate,internal_validation,USDJPY,2023-07-11,2023-07-17T07:00:00+00:00,2023-07-17T15:00:00+00:00,-1,138.662,139.02092857142858,139.02092857142858,35.89285714285708,stop,-35.89285714285779,-1.0417910447761394,-1.062686567164199,-1.0835820895522588
control,internal_validation,USDJPY,2023-07-11,2023-07-17T07:00:00+00:00,2023-07-17T12:00:00+00:00,1,138.662,138.30307142857143,138.30307142857143,35.89285714285708,stop,-35.89285714285779,-1.0417910447761394,-1.062686567164199,-1.0835820895522588
candidate,internal_validation,EURUSD,2023-07-18,2023-07-24T07:00:00+00:00,2023-07-24T10:00:00+00:00,1,1.11256,1.1112539285714285,1.1112539285714285,13.06071428571468,stop,-13.060714285715314,-1.114848236259274,-1.1722723543888867,-1.2296964725184993
control,internal_validation,EURUSD,2023-07-18,2023-07-24T07:00:00+00:00,2023-07-24T10:00:00+00:00,1,1.11256,1.1112539285714285,1.1112539285714285,13.06071428571468,stop,-13.060714285715314,-1.114848236259274,-1.1722723543888867,-1.2296964725184993
candidate,internal_validation,GBPUSD,2023-07-18,2023-07-24T07:00:00+00:00,2023-07-24T10:00:00+00:00,1,1.28619,1.2844114285714285,1.2844114285714285,17.78571428571399,stop,-17.78571428571407,-1.1124497991967937,-1.1686746987951881,-1.2248995983935826
control,internal_validation,GBPUSD,2023-07-18,2023-07-24T07:00:00+00:00,2023-07-24T10:00:00+00:00,1,1.28619,1.2844114285714285,1.2844114285714285,17.78571428571399,stop,-17.78571428571407,-1.1124497991967937,-1.1686746987951881,-1.2248995983935826
candidate,internal_validation,USDJPY,2023-07-18,2023-07-24T07:00:00+00:00,2023-07-24T16:00:00+00:00,-1,141.411,140.986,141.66771428571428,25.671428571429033,time_exit,42.50000000000114,1.5971062882582236,1.5678909293266716,1.5386755703951196
control,internal_validation,USDJPY,2023-07-18,2023-07-24T07:00:00+00:00,2023-07-24T16:00:00+00:00,-1,141.411,140.986,141.66771428571428,25.671428571429033,time_exit,42.50000000000114,1.5971062882582236,1.5678909293266716,1.5386755703951196
candidate,internal_validation,EURUSD,2023-07-25,2023-07-31T07:00:00+00:00,2023-07-31T11:00:00+00:00,-1,1.10124,1.1030807142857142,1.1030807142857142,18.407142857142826,stop,-18.407142857141956,-1.0814901047729446,-1.1222351571594407,-1.1629802095459367
control,internal_validation,EURUSD,2023-07-25,2023-07-31T07:00:00+00:00,2023-07-31T16:00:00+00:00,1,1.10124,1.10283,1.0993992857142858,18.407142857142826,time_exit,15.899999999999803,0.7823050058207124,0.7415599534342164,0.7008149010477204
candidate,internal_validation,GBPUSD,2023-07-25,2023-07-31T07:00:00+00:00,2023-07-31T14:00:00+00:00,-1,1.28503,1.2871867857142856,1.2871867857142856,21.56785714285736,stop,-21.567857142856806,-1.0927305845338366,-1.1390958768007677,-1.1854611690676988
control,internal_validation,GBPUSD,2023-07-25,2023-07-31T07:00:00+00:00,2023-07-31T16:00:00+00:00,1,1.28503,1.28538,1.2828732142857142,21.56785714285736,time_exit,3.5000000000007248,0.06954793840043032,0.023182646133499175,-0.023182646133431968
candidate,internal_validation,USDJPY,2023-07-25,2023-07-31T07:00:00+00:00,2023-07-31T16:00:00+00:00,1,141.743,142.264,141.3005,44.249999999999645,time_exit,52.1000000000015,1.1435028248588002,1.1265536723164271,1.109604519774054
control,internal_validation,USDJPY,2023-07-25,2023-07-31T07:00:00+00:00,2023-07-31T10:00:00+00:00,-1,141.743,142.1855,142.1855,44.249999999999645,stop,-44.249999999999545,-1.033898305084744,-1.0508474576271167,-1.0677966101694898
candidate,internal_validation,EURUSD,2023-08-01,2023-08-07T07:00:00+00:00,2023-08-07T16:00:00+00:00,-1,1.09955,1.09957,1.1013875,18.375000000000234,time_exit,-0.1999999999990898,-0.09251700680267037,-0.1333333333332821,-0.17414965986389383
control,internal_validation,EURUSD,2023-08-01,2023-08-07T07:00:00+00:00,2023-08-07T16:00:00+00:00,-1,1.09955,1.09957,1.1013875,18.375000000000234,time_exit,-0.1999999999990898,-0.09251700680267037,-0.1333333333332821,-0.17414965986389383
candidate,internal_validation,GBPUSD,2023-08-01,2023-08-07T07:00:00+00:00,2023-08-07T15:00:00+00:00,-1,1.27372,1.2763364285714285,1.2763364285714285,26.164285714285594,stop,-26.164285714285196,-1.0764400764400617,-1.1146601146601,-1.1528801528801385
control,internal_validation,GBPUSD,2023-08-01,2023-08-07T07:00:00+00:00,2023-08-07T16:00:00+00:00,1,1.27372,1.2772000000000001,1.2711035714285714,26.164285714285594,time_exit,34.800000000001496,1.2536172536173167,1.2153972153972783,1.1771771771772397
candidate,internal_validation,USDJPY,2023-08-01,2023-08-07T07:00:00+00:00,2023-08-07T16:00:00+00:00,1,142.184,142.012,141.88528571428571,29.871428571428687,time_exit,-17.199999999999704,-0.6260162601625893,-0.6511238641798058,-0.6762314681970224
control,internal_validation,USDJPY,2023-08-01,2023-08-07T07:00:00+00:00,2023-08-07T16:00:00+00:00,1,142.184,142.012,141.88528571428571,29.871428571428687,time_exit,-17.199999999999704,-0.6260162601625893,-0.6511238641798058,-0.6762314681970224
candidate,internal_validation,EURUSD,2023-08-08,2023-08-14T07:00:00+00:00,2023-08-14T10:00:00+00:00,-1,1.0931899999999999,1.094875357142857,1.094875357142857,16.853571428571215,stop,-16.853571428572245,-1.0890019071837875,-1.1335028607756508,-1.1780038143675142
control,internal_validation,EURUSD,2023-08-08,2023-08-14T07:00:00+00:00,2023-08-14T10:00:00+00:00,-1,1.0931899999999999,1.094875357142857,1.094875357142857,16.853571428571215,stop,-16.853571428572245,-1.0890019071837875,-1.1335028607756508,-1.1780038143675142
candidate,internal_validation,GBPUSD,2023-08-08,2023-08-14T07:00:00+00:00,2023-08-14T10:00:00+00:00,-1,1.26698,1.2693264285714285,1.2693264285714285,23.464285714285747,stop,-23.46428571428527,-1.0852359208523388,-1.1278538812785184,-1.170471841704698
control,internal_validation,GBPUSD,2023-08-08,2023-08-14T07:00:00+00:00,2023-08-14T15:00:00+00:00,1,1.26698,1.2646335714285715,1.2646335714285715,23.464285714285747,stop,-23.46428571428527,-1.0852359208523388,-1.1278538812785184,-1.170471841704698
candidate,internal_validation,USDJPY,2023-08-08,2023-08-14T07:00:00+00:00,2023-08-14T15:00:00+00:00,-1,144.916,145.192,145.192,27.600000000000534,stop,-27.600000000001046,-1.054347826086974,-1.0815217391304517,-1.1086956521739295
control,internal_validation,USDJPY,2023-08-08,2023-08-14T07:00:00+00:00,2023-08-14T16:00:00+00:00,1,144.916,145.348,144.64,27.600000000000534,time_exit,43.20000000000164,1.5108695652174213,1.4836956521739437,1.456521739130466
candidate,internal_validation,EURUSD,2023-08-15,2023-08-21T07:00:00+00:00,2023-08-21T12:00:00+00:00,-1,1.08804,1.0893889285714284,1.0893889285714284,13.489285714285348,stop,-13.489285714285426,-1.1111993645750684,-1.1667990468625997,-1.222398729150131
control,internal_validation,EURUSD,2023-08-15,2023-08-21T07:00:00+00:00,2023-08-21T16:00:00+00:00,1,1.08804,1.08983,1.0866910714285714,13.489285714285348,time_exit,17.900000000001803,1.2157797193541513,1.16018003706662,1.1045803547790887
candidate,internal_validation,GBPUSD,2023-08-15,2023-08-21T07:00:00+00:00,2023-08-21T14:00:00+00:00,-1,1.2736399999999999,1.2755599999999998,1.2755599999999998,19.20000000000017,stop,-19.199999999999218,-1.1041666666666161,-1.156249999999949,-1.208333333333282
control,internal_validation,GBPUSD,2023-08-15,2023-08-21T07:00:00+00:00,2023-08-21T11:00:00+00:00,1,1.2736399999999999,1.27172,1.27172,19.20000000000017,stop,-19.199999999999218,-1.1041666666666161,-1.156249999999949,-1.208333333333282
candidate,internal_validation,USDJPY,2023-08-15,2023-08-21T07:00:00+00:00,2023-08-21T16:00:00+00:00,1,145.421,146.091,145.1182142857143,30.278571428571055,time_exit,67.00000000000159,2.1632460485964464,2.138476055673587,2.1137060627507274
control,internal_validation,USDJPY,2023-08-15,2023-08-21T07:00:00+00:00,2023-08-21T12:00:00+00:00,-1,145.421,145.7237857142857,145.7237857142857,30.278571428571055,stop,-30.278571428570444,-1.0495399858456989,-1.0743099787685582,-1.0990799716914177
candidate,internal_validation,EURUSD,2023-08-22,2023-08-28T07:00:00+00:00,2023-08-28T16:00:00+00:00,-1,1.08095,1.08102,1.0831935714285714,22.43571428571448,time_exit,-0.700000000000145,-0.09805794333015524,-0.13148678764725144,-0.1649156319643476
control,internal_validation,EURUSD,2023-08-22,2023-08-28T07:00:00+00:00,2023-08-28T16:00:00+00:00,1,1.08095,1.08102,1.0787064285714287,22.43571428571448,time_exit,0.700000000000145,-0.03565743393822946,-0.06908627825532564,-0.10251512257242182
candidate,internal_validation,GBPUSD,2023-08-22,2023-08-28T07:00:00+00:00,2023-08-28T12:00:00+00:00,1,1.2599,1.2567339285714285,1.2567339285714285,31.660714285715436,stop,-31.66071428571504,-1.0631697687535104,-1.0947546531302719,-1.1263395375070333
control,internal_validation,GBPUSD,2023-08-22,2023-08-28T07:00:00+00:00,2023-08-28T12:00:00+00:00,1,1.2599,1.2567339285714285,1.2567339285714285,31.660714285715436,stop,-31.66071428571504,-1.0631697687535104,-1.0947546531302719,-1.1263395375070333
candidate,internal_validation,USDJPY,2023-08-22,2023-08-28T07:00:00+00:00,2023-08-28T16:00:00+00:00,1,146.468,146.429,146.17367857142855,29.432142857142708,time_exit,-3.8999999999987267,-0.18347287950487212,-0.20895522388055482,-0.23443756825623752
control,internal_validation,USDJPY,2023-08-22,2023-08-28T07:00:00+00:00,2023-08-28T16:00:00+00:00,1,146.468,146.429,146.17367857142855,29.432142857142708,time_exit,-3.8999999999987267,-0.18347287950487212,-0.20895522388055482,-0.23443756825623752
candidate,internal_validation,EURUSD,2023-08-29,2023-09-04T07:00:00+00:00,2023-09-04T10:00:00+00:00,-1,1.07859,1.0802496428571429,1.0802496428571429,16.596428571428813,stop,-16.59642857142929,-1.0903808908973804,-1.1355713363460564,-1.1807617817947322
control,internal_validation,EURUSD,2023-08-29,2023-09-04T07:00:00+00:00,2023-09-04T10:00:00+00:00,-1,1.07859,1.0802496428571429,1.0802496428571429,16.596428571428813,stop,-16.59642857142929,-1.0903808908973804,-1.1355713363460564,-1.1807617817947322
candidate,internal_validation,GBPUSD,2023-08-29,2023-09-04T07:00:00+00:00,2023-09-04T10:00:00+00:00,-1,1.2603,1.2625832142857143,1.2625832142857143,22.832142857142554,stop,-22.83214285714319,-1.087595807914936,-1.13139371187239,-1.175191615829844
control,internal_validation,GBPUSD,2023-08-29,2023-09-04T07:00:00+00:00,2023-09-04T10:00:00+00:00,-1,1.2603,1.2625832142857143,1.2625832142857143,22.832142857142554,stop,-22.83214285714319,-1.087595807914936,-1.13139371187239,-1.175191615829844
candidate,internal_validation,USDJPY,2023-08-29,2023-09-04T07:00:00+00:00,2023-09-04T10:00:00+00:00,-1,146.156,146.4277142857143,146.4277142857143,27.17142857142889,stop,-27.1714285714296,-1.0552050473186374,-1.0828075709779432,-1.1104100946372488
control,internal_validation,USDJPY,2023-08-29,2023-09-04T07:00:00+00:00,2023-09-04T16:00:00+00:00,1,146.156,146.449,145.8842857142857,27.17142857142889,time_exit,29.300000000000637,1.023133543638287,0.9955310199789812,0.9679284963196756
candidate,internal_validation,EURUSD,2023-09-05,2023-09-11T07:00:00+00:00,2023-09-11T08:00:00+00:00,-1,1.07228,1.0739782142857142,1.0739782142857142,16.98214285714277,stop,-16.982142857142613,-1.0883280757097704,-1.1324921135646602,-1.1766561514195502
control,internal_validation,EURUSD,2023-09-05,2023-09-11T07:00:00+00:00,2023-09-11T08:00:00+00:00,-1,1.07228,1.0739782142857142,1.0739782142857142,16.98214285714277,stop,-16.982142857142613,-1.0883280757097704,-1.1324921135646602,-1.1766561514195502
candidate,internal_validation,GBPUSD,2023-09-05,2023-09-11T07:00:00+00:00,2023-09-11T08:00:00+00:00,-1,1.25015,1.2524503571428574,1.2524503571428574,23.00357142857177,stop,-23.003571428572567,-1.0869430212700224,-1.1304145319050163,-1.1738860425400102
control,internal_validation,GBPUSD,2023-09-05,2023-09-11T07:00:00+00:00,2023-09-11T16:00:00+00:00,1,1.25015,1.2527,1.2478496428571428,23.00357142857177,time_exit,25.499999999998302,1.0215804999222833,0.9781089892872894,0.9346374786522954
candidate,internal_validation,USDJPY,2023-09-05,2023-09-11T07:00:00+00:00,2023-09-11T08:00:00+00:00,1,146.466,146.01364285714286,146.01364285714286,45.23571428571437,stop,-45.23571428571529,-1.0331596399810719,-1.0497394599715977,-1.0663192799621235
control,internal_validation,USDJPY,2023-09-05,2023-09-11T07:00:00+00:00,2023-09-11T08:00:00+00:00,1,146.466,146.01364285714286,146.01364285714286,45.23571428571437,stop,-45.23571428571529,-1.0331596399810719,-1.0497394599715977,-1.0663192799621235
candidate,internal_validation,EURUSD,2023-09-12,2023-09-18T07:00:00+00:00,2023-09-18T16:00:00+00:00,1,1.06642,1.0657,1.0650314285714284,13.88571428571485,time_exit,-7.199999999998319,-0.6265432098763967,-0.6805555555554069,-0.7345679012344171
control,internal_validation,EURUSD,2023-09-12,2023-09-18T07:00:00+00:00,2023-09-18T16:00:00+00:00,-1,1.06642,1.0657,1.0678085714285714,13.88571428571485,time_exit,7.199999999998319,0.4104938271603561,0.35648148148134595,0.3024691358023358
candidate,internal_validation,GBPUSD,2023-09-12,2023-09-18T07:00:00+00:00,2023-09-18T13:00:00+00:00,-1,1.23878,1.2406314285714286,1.2406314285714286,18.514285714286387,stop,-18.51428571428615,-1.1080246913580079,-1.1620370370370183,-1.2160493827160286
control,internal_validation,GBPUSD,2023-09-12,2023-09-18T07:00:00+00:00,2023-09-18T13:00:00+00:00,-1,1.23878,1.2406314285714286,1.2406314285714286,18.514285714286387,stop,-18.51428571428615,-1.1080246913580079,-1.1620370370370183,-1.2160493827160286
candidate,internal_validation,USDJPY,2023-09-12,2023-09-18T07:00:00+00:00,2023-09-18T16:00:00+00:00,-1,147.736,147.732,147.89049999999997,15.44999999999947,time_exit,0.39999999999906777,-0.07119741100329903,-0.11974110032368904,-0.16828478964407906
control,internal_validation,USDJPY,2023-09-12,2023-09-18T07:00:00+00:00,2023-09-18T16:00:00+00:00,-1,147.736,147.732,147.89049999999997,15.44999999999947,time_exit,0.39999999999906777,-0.07119741100329903,-0.11974110032368904,-0.16828478964407906
candidate,internal_validation,EURUSD,2023-09-19,2023-09-25T07:00:00+00:00,2023-09-25T16:00:00+00:00,-1,1.06482,1.06222,1.0660842857142858,12.642857142856464,time_exit,26.000000000001577,1.9378531073448617,1.8785310734465535,1.819209039548245
control,internal_validation,EURUSD,2023-09-19,2023-09-25T07:00:00+00:00,2023-09-25T16:00:00+00:00,-1,1.06482,1.06222,1.0660842857142858,12.642857142856464,time_exit,26.000000000001577,1.9378531073448617,1.8785310734465535,1.819209039548245
candidate,internal_validation,GBPUSD,2023-09-19,2023-09-25T07:00:00+00:00,2023-09-25T16:00:00+00:00,-1,1.22388,1.22168,1.2255353571428573,16.553571428571388,time_exit,21.999999999999797,1.2081984897518785,1.147788565264284,1.0873786407766894
control,internal_validation,GBPUSD,2023-09-19,2023-09-25T07:00:00+00:00,2023-09-25T11:00:00+00:00,1,1.22388,1.2222246428571428,1.2222246428571428,16.553571428571388,stop,-16.5535714285725,-1.1208198489752563,-1.1812297734628507,-1.2416396979504454
candidate,internal_validation,USDJPY,2023-09-19,2023-09-25T07:00:00+00:00,2023-09-25T11:00:00+00:00,-1,148.368,148.55464285714285,148.55464285714285,18.66428571428622,stop,-18.66428571428571,-1.0803673938002003,-1.120551090700314,-1.1607347876004277
control,internal_validation,USDJPY,2023-09-19,2023-09-25T07:00:00+00:00,2023-09-25T11:00:00+00:00,-1,148.368,148.55464285714285,148.55464285714285,18.66428571428622,stop,-18.66428571428571,-1.0803673938002003,-1.120551090700314,-1.1607347876004277
candidate,internal_validation,EURUSD,2023-09-26,2023-10-02T07:00:00+00:00,2023-10-02T09:00:00+00:00,-1,1.05697,1.0585417857142858,1.0585417857142858,15.717857142857577,stop,-15.717857142858449,-1.0954328561691054,-1.1431492842536302,-1.1908657123381552
control,internal_validation,EURUSD,2023-09-26,2023-10-02T07:00:00+00:00,2023-10-02T12:00:00+00:00,1,1.05697,1.0553982142857141,1.0553982142857141,15.717857142857577,stop,-15.717857142858449,-1.0954328561691054,-1.1431492842536302,-1.1908657123381552
candidate,internal_validation,GBPUSD,2023-09-26,2023-10-02T07:00:00+00:00,2023-10-02T10:00:00+00:00,-1,1.21903,1.2214632142857145,1.2214632142857145,24.33214285714382,stop,-24.332142857144134,-1.0821958021429718,-1.1232937032144512,-1.1643916042859304
control,internal_validation,GBPUSD,2023-09-26,2023-10-02T07:00:00+00:00,2023-10-02T12:00:00+00:00,1,1.21903,1.2165967857142856,1.2165967857142856,24.33214285714382,stop,-24.332142857144134,-1.0821958021429718,-1.1232937032144512,-1.1643916042859304
candidate,internal_validation,USDJPY,2023-09-26,2023-10-02T07:00:00+00:00,2023-10-02T16:00:00+00:00,1,149.78,149.804,149.53667857142858,24.33214285714332,time_exit,2.400000000000091,0.03698811096433593,0.006164685160725769,-0.024658740642884387
control,internal_validation,USDJPY,2023-09-26,2023-10-02T07:00:00+00:00,2023-10-02T16:00:00+00:00,1,149.78,149.804,149.53667857142858,24.33214285714332,time_exit,2.400000000000091,0.03698811096433593,0.006164685160725769,-0.024658740642884387
candidate,internal_validation,EURUSD,2023-10-03,2023-10-09T07:00:00+00:00,2023-10-09T10:00:00+00:00,1,1.05523,1.0522310714285712,1.0522310714285712,29.989285714285906,stop,-29.98928571428694,-1.0500178635227209,-1.075026795284064,-1.100035727045407
control,internal_validation,EURUSD,2023-10-03,2023-10-09T07:00:00+00:00,2023-10-09T10:00:00+00:00,1,1.05523,1.0522310714285712,1.0522310714285712,29.989285714285906,stop,-29.98928571428694,-1.0500178635227209,-1.075026795284064,-1.100035727045407
candidate,internal_validation,GBPUSD,2023-10-03,2023-10-09T07:00:00+00:00,2023-10-09T16:00:00+00:00,-1,1.21984,1.21834,1.2233500000000002,35.10000000000037,time_exit,15.000000000000568,0.3703703703703827,0.3418803418803545,0.31339031339032625
control,internal_validation,GBPUSD,2023-10-03,2023-10-09T07:00:00+00:00,2023-10-09T16:00:00+00:00,-1,1.21984,1.21834,1.2233500000000002,35.10000000000037,time_exit,15.000000000000568,0.3703703703703827,0.3418803418803545,0.31339031339032625
candidate,internal_validation,USDJPY,2023-10-03,2023-10-09T07:00:00+00:00,2023-10-09T16:00:00+00:00,1,149.155,149.065,148.93042857142856,22.457142857143197,time_exit,-9.000000000000341,-0.4675572519084051,-0.50095419847329,-0.534351145038175
control,internal_validation,USDJPY,2023-10-03,2023-10-09T07:00:00+00:00,2023-10-09T16:00:00+00:00,1,149.155,149.065,148.93042857142856,22.457142857143197,time_exit,-9.000000000000341,-0.4675572519084051,-0.50095419847329,-0.534351145038175
candidate,internal_validation,EURUSD,2023-10-10,2023-10-16T07:00:00+00:00,2023-10-16T16:00:00+00:00,1,1.05235,1.05419,1.0507696428571427,15.80357142857171,time_exit,18.400000000000638,1.0693785310734676,1.0219209039548245,0.9744632768361813
control,internal_validation,EURUSD,2023-10-10,2023-10-16T07:00:00+00:00,2023-10-16T11:00:00+00:00,-1,1.05235,1.053930357142857,1.053930357142857,15.80357142857171,stop,-15.803571428572027,-1.0949152542373066,-1.1423728813559497,-1.189830508474593
candidate,internal_validation,GBPUSD,2023-10-10,2023-10-16T07:00:00+00:00,2023-10-16T16:00:00+00:00,1,1.21561,1.21761,1.2135807142857145,20.292857142857095,time_exit,20.000000000000018,0.8870116156283029,0.8377331925378416,0.7884547694473805
control,internal_validation,GBPUSD,2023-10-10,2023-10-16T07:00:00+00:00,2023-10-16T10:00:00+00:00,-1,1.21561,1.2176392857142857,1.2176392857142857,20.292857142857095,stop,-20.292857142856224,-1.0985568461808795,-1.1478352692713407,-1.197113692361802
candidate,internal_validation,USDJPY,2023-10-10,2023-10-16T07:00:00+00:00,2023-10-16T16:00:00+00:00,-1,149.477,149.451,149.64596428571429,16.89642857142855,time_exit,2.600000000001046,0.0651025153245177,0.020714436694206927,-0.023673641936103842
control,internal_validation,USDJPY,2023-10-10,2023-10-16T07:00:00+00:00,2023-10-16T16:00:00+00:00,-1,149.477,149.451,149.64596428571429,16.89642857142855,time_exit,2.600000000001046,0.0651025153245177,0.020714436694206927,-0.023673641936103842
candidate,internal_validation,EURUSD,2023-10-17,2023-10-23T07:00:00+00:00,2023-10-23T10:00:00+00:00,-1,1.05752,1.058917142857143,1.058917142857143,13.971428571428506,stop,-13.971428571428746,-1.1073619631902016,-1.161042944785294,-1.2147239263803862
control,internal_validation,EURUSD,2023-10-17,2023-10-23T07:00:00+00:00,2023-10-23T16:00:00+00:00,1,1.05752,1.06098,1.0561228571428571,13.971428571428506,time_exit,34.600000000000186,2.3691206543967525,2.31543967280166,2.261758691206568
candidate,internal_validation,GBPUSD,2023-10-17,2023-10-23T07:00:00+00:00,2023-10-23T09:00:00+00:00,-1,1.21477,1.2165314285714286,1.2165314285714286,17.61428571428596,stop,-17.614285714286915,-1.1135442011354948,-1.170316301703215,-1.2270884022709352
control,internal_validation,GBPUSD,2023-10-17,2023-10-23T07:00:00+00:00,2023-10-23T09:00:00+00:00,-1,1.21477,1.2165314285714286,1.2165314285714286,17.61428571428596,stop,-17.614285714286915,-1.1135442011354948,-1.170316301703215,-1.2270884022709352
candidate,internal_validation,USDJPY,2023-10-17,2023-10-23T07:00:00+00:00,2023-10-23T16:00:00+00:00,-1,149.938,149.94,150.05082142857142,11.282142857143437,time_exit,-0.20000000000095497,-0.15068059512511647,-0.21715732826851286,-0.2836340614119092
control,internal_validation,USDJPY,2023-10-17,2023-10-23T07:00:00+00:00,2023-10-23T16:00:00+00:00,-1,149.938,149.94,150.05082142857142,11.282142857143437,time_exit,-0.20000000000095497,-0.15068059512511647,-0.21715732826851286,-0.2836340614119092
candidate,internal_validation,EURUSD,2023-10-24,2023-10-30T07:00:00+00:00,2023-10-30T11:00:00+00:00,-1,1.05609,1.0578192857142856,1.0578192857142856,17.29285714285671,stop,-17.292857142856555,-1.086741016109039,-1.130111524163563,-1.173482032218087
control,internal_validation,EURUSD,2023-10-24,2023-10-30T07:00:00+00:00,2023-10-30T16:00:00+00:00,1,1.05609,1.06096,1.0543607142857143,17.29285714285671,time_exit,48.6999999999993,2.729450640231337,2.686080132176813,2.642709624122289
candidate,internal_validation,GBPUSD,2023-10-24,2023-10-30T07:00:00+00:00,2023-10-30T11:00:00+00:00,-1,1.21159,1.2134864285714286,1.2134864285714286,18.96428571428624,stop,-18.964285714286877,-1.1054613935970174,-1.1581920903955094,-1.2109227871940014
control,internal_validation,GBPUSD,2023-10-24,2023-10-30T07:00:00+00:00,2023-10-30T11:00:00+00:00,-1,1.21159,1.2134864285714286,1.2134864285714286,18.96428571428624,stop,-18.964285714286877,-1.1054613935970174,-1.1581920903955094,-1.2109227871940014
candidate,internal_validation,USDJPY,2023-10-24,2023-10-30T07:00:00+00:00,2023-10-30T13:00:00+00:00,-1,149.56,149.74632142857143,149.74632142857143,18.632142857142295,stop,-18.632142857143208,-1.080506037952898,-1.1207590569293224,-1.1610120759057467
control,internal_validation,USDJPY,2023-10-24,2023-10-30T07:00:00+00:00,2023-10-30T09:00:00+00:00,1,149.56,149.37367857142857,149.37367857142857,18.632142857142295,stop,-18.632142857143208,-1.080506037952898,-1.1207590569293224,-1.1610120759057467
candidate,internal_validation,EURUSD,2023-10-31,2023-11-06T07:00:00+00:00,2023-11-06T10:00:00+00:00,-1,1.07357,1.0754074999999998,1.0754074999999998,18.375,stop,-18.374999999999364,-1.08163265306119,-1.1224489795918022,-1.1632653061224143
control,internal_validation,EURUSD,2023-10-31,2023-11-06T07:00:00+00:00,2023-11-06T10:00:00+00:00,-1,1.07357,1.0754074999999998,1.0754074999999998,18.375,stop,-18.374999999999364,-1.08163265306119,-1.1224489795918022,-1.1632653061224143
candidate,internal_validation,GBPUSD,2023-10-31,2023-11-06T07:00:00+00:00,2023-11-06T16:00:00+00:00,1,1.23727,1.2385,1.2350189285714286,22.510714285714254,time_exit,12.299999999998423,0.45755989211479653,0.41313660161820753,0.36871331112161854
control,internal_validation,GBPUSD,2023-10-31,2023-11-06T07:00:00+00:00,2023-11-06T09:00:00+00:00,-1,1.23727,1.2395210714285716,1.2395210714285716,22.510714285714254,stop,-22.51071428571505,-1.0888465809932133,-1.1332698714898024,-1.1776931619863913
candidate,internal_validation,USDJPY,2023-10-31,2023-11-06T07:00:00+00:00,2023-11-06T16:00:00+00:00,1,149.549,149.81,149.27514285714287,27.385714285714712,time_exit,26.099999999999568,0.8982785602503615,0.8708920187793133,0.8435054773082653
control,internal_validation,USDJPY,2023-10-31,2023-11-06T07:00:00+00:00,2023-11-06T15:00:00+00:00,-1,149.549,149.82285714285715,149.82285714285715,27.385714285714712,stop,-27.385714285713902,-1.0547730829420665,-1.0821596244131146,-1.1095461658841628
candidate,internal_validation,EURUSD,2023-11-07,2023-11-13T07:00:00+00:00,2023-11-13T14:00:00+00:00,1,1.06843,1.067044642857143,1.067044642857143,13.853571428571307,stop,-13.853571428570355,-1.1082753286928944,-1.1624129930393758,-1.2165506573858573
control,internal_validation,EURUSD,2023-11-07,2023-11-13T07:00:00+00:00,2023-11-13T11:00:00+00:00,-1,1.06843,1.069815357142857,1.069815357142857,13.853571428571307,stop,-13.853571428570355,-1.1082753286928944,-1.1624129930393758,-1.2165506573858573
candidate,internal_validation,GBPUSD,2023-11-07,2023-11-13T07:00:00+00:00,2023-11-13T16:00:00+00:00,1,1.22276,1.22466,1.2207478571428572,20.12142857142883,time_exit,19.000000000000128,0.8448704295349618,0.795172168974082,0.7454739084132024
control,internal_validation,GBPUSD,2023-11-07,2023-11-13T07:00:00+00:00,2023-11-13T11:00:00+00:00,-1,1.22276,1.224772142857143,1.224772142857143,20.12142857142883,stop,-20.121428571429067,-1.0993965211217713,-1.1490947816826511,-1.1987930422435307
candidate,internal_validation,USDJPY,2023-11-07,2023-11-13T07:00:00+00:00,2023-11-13T16:00:00+00:00,-1,151.764,151.807,151.91357142857143,14.957142857143019,time_exit,-4.2999999999977945,-0.38777459407816733,-0.4379178605538115,-0.48806112702945564
control,internal_validation,USDJPY,2023-11-07,2023-11-13T07:00:00+00:00,2023-11-13T16:00:00+00:00,1,151.764,151.807,151.6144285714286,14.957142857143019,time_exit,4.2999999999977945,0.18720152817559074,0.13705826169994656,0.08691499522430242
candidate,internal_validation,EURUSD,2023-11-14,2023-11-20T07:00:00+00:00,2023-11-20T16:00:00+00:00,1,1.09221,1.09266,1.0904185714285715,17.91428571428531,time_exit,4.500000000000615,0.16746411483257398,0.12559808612443907,0.08373205741630414
control,internal_validation,EURUSD,2023-11-14,2023-11-20T07:00:00+00:00,2023-11-20T16:00:00+00:00,1,1.09221,1.09266,1.0904185714285715,17.91428571428531,time_exit,4.500000000000615,0.16746411483257398,0.12559808612443907,0.08373205741630414
candidate,internal_validation,GBPUSD,2023-11-14,2023-11-20T07:00:00+00:00,2023-11-20T13:00:00+00:00,1,1.24857,1.2463532142857143,1.2463532142857143,22.167857142857248,stop,-22.167857142856295,-1.0902207185435364,-1.135331077815326,-1.180441437087116
control,internal_validation,GBPUSD,2023-11-14,2023-11-20T07:00:00+00:00,2023-11-20T11:00:00+00:00,-1,1.24857,1.2507867857142856,1.2507867857142856,22.167857142857248,stop,-22.167857142856295,-1.0902207185435364,-1.135331077815326,-1.180441437087116
candidate,internal_validation,USDJPY,2023-11-14,2023-11-20T07:00:00+00:00,2023-11-20T16:00:00+00:00,-1,148.956,148.515,149.33946428571429,38.34642857142835,time_exit,44.10000000000025,1.110924839340611,1.0913663034367271,1.0718077675328432
control,internal_validation,USDJPY,2023-11-14,2023-11-20T07:00:00+00:00,2023-11-20T11:00:00+00:00,1,148.956,148.5725357142857,148.5725357142857,38.34642857142835,stop,-38.34642857142967,-1.0391170718078022,-1.0586756077116861,-1.07823414361557
candidate,internal_validation,EURUSD,2023-11-21,2023-11-27T07:00:00+00:00,2023-11-27T16:00:00+00:00,1,1.09475,1.0944,1.0931439285714286,16.06071428571387,time_exit,-3.4999999999985043,-0.31131865688228094,-0.35801645541463706,-0.4047142539469932
control,internal_validation,EURUSD,2023-11-21,2023-11-27T07:00:00+00:00,2023-11-27T16:00:00+00:00,1,1.09475,1.0944,1.0931439285714286,16.06071428571387,time_exit,-3.4999999999985043,-0.31131865688228094,-0.35801645541463706,-0.4047142539469932
candidate,internal_validation,GBPUSD,2023-11-21,2023-11-27T07:00:00+00:00,2023-11-27T16:00:00+00:00,1,1.26071,1.26255,1.2588403571428572,18.696428571428058,time_exit,18.400000000000638,0.8771728748806695,0.8236867239733137,0.7702005730659579
control,internal_validation,GBPUSD,2023-11-21,2023-11-27T07:00:00+00:00,2023-11-27T09:00:00+00:00,-1,1.26071,1.2625796428571427,1.2625796428571427,18.696428571428058,stop,-18.696428571427504,-1.106972301814682,-1.1604584527220378,-1.2139446036293937
candidate,internal_validation,USDJPY,2023-11-21,2023-11-27T07:00:00+00:00,2023-11-27T11:00:00+00:00,-1,149.007,149.23489285714285,149.23489285714285,22.789285714285818,stop,-22.7892857142848,-1.065820404325296,-1.0987306064879663,-1.1316408086506364
control,internal_validation,USDJPY,2023-11-21,2023-11-27T07:00:00+00:00,2023-11-27T11:00:00+00:00,-1,149.007,149.23489285714285,149.23489285714285,22.789285714285818,stop,-22.7892857142848,-1.065820404325296,-1.0987306064879663,-1.1316408086506364
candidate,internal_validation,EURUSD,2023-11-28,2023-12-04T07:00:00+00:00,2023-12-04T16:00:00+00:00,1,1.08717,1.08546,1.0845835714285714,25.864285714285767,time_exit,-17.099999999998783,-0.7191383595691313,-0.7481358740678884,-0.7771333885666456
control,internal_validation,EURUSD,2023-11-28,2023-12-04T07:00:00+00:00,2023-12-04T16:00:00+00:00,1,1.08717,1.08546,1.0845835714285714,25.864285714285767,time_exit,-17.099999999998783,-0.7191383595691313,-0.7481358740678884,-0.7771333885666456
candidate,internal_validation,GBPUSD,2023-11-28,2023-12-04T07:00:00+00:00,2023-12-04T16:00:00+00:00,1,1.26739,1.26569,1.263982857142857,34.0714285714291,time_exit,-17.000000000000348,-0.5576519916142573,-0.5870020964360598,-0.6163522012578623
control,internal_validation,GBPUSD,2023-11-28,2023-12-04T07:00:00+00:00,2023-12-04T16:00:00+00:00,-1,1.26739,1.26569,1.270797142857143,34.0714285714291,time_exit,17.000000000000348,0.44025157232704737,0.4109014675052449,0.3815513626834424
candidate,internal_validation,USDJPY,2023-11-28,2023-12-04T07:00:00+00:00,2023-12-04T16:00:00+00:00,1,146.798,146.656,146.32314285714287,47.48571428571446,time_exit,-14.19999999999959,-0.3306257521058867,-0.34641997593260143,-0.3622141997593162
control,internal_validation,USDJPY,2023-11-28,2023-12-04T07:00:00+00:00,2023-12-04T16:00:00+00:00,1,146.798,146.656,146.32314285714287,47.48571428571446,time_exit,-14.19999999999959,-0.3306257521058867,-0.34641997593260143,-0.3622141997593162
candidate,internal_validation,EURUSD,2023-12-05,2023-12-11T07:00:00+00:00,2023-12-11T16:00:00+00:00,-1,1.07631,1.07638,1.078007142857143,16.971428571428177,time_exit,-0.6999999999979245,-0.12962962962951036,-0.17382154882143055,-0.21801346801335078
control,internal_validation,EURUSD,2023-12-05,2023-12-11T07:00:00+00:00,2023-12-11T16:00:00+00:00,1,1.07631,1.07638,1.0746128571428573,16.971428571428177,time_exit,0.6999999999979245,-0.047138047138170526,-0.09132996633009074,-0.13552188552201097
candidate,internal_validation,GBPUSD,2023-12-05,2023-12-11T07:00:00+00:00,2023-12-11T10:00:00+00:00,-1,1.25369,1.25567,1.25567,19.800000000000054,stop,-19.800000000000928,-1.101010101010145,-1.1515151515151953,-1.2020202020202455
control,internal_validation,GBPUSD,2023-12-05,2023-12-11T07:00:00+00:00,2023-12-11T16:00:00+00:00,1,1.25369,1.25811,1.2517099999999999,19.800000000000054,time_exit,44.200000000000905,2.131313131313171,2.080808080808121,2.0303030303030707
candidate,internal_validation,USDJPY,2023-12-05,2023-12-11T07:00:00+00:00,2023-12-11T16:00:00+00:00,1,145.605,146.289,145.2027857142857,40.22142857142907,time_exit,68.39999999999975,1.6632924880127595,1.6446457112413158,1.6259989344698722
control,internal_validation,USDJPY,2023-12-05,2023-12-11T07:00:00+00:00,2023-12-11T09:00:00+00:00,-1,145.605,146.00721428571427,146.00721428571427,40.22142857142907,stop,-40.221428571427964,-1.0372935535428596,-1.0559403303143031,-1.0745871070857467
candidate,internal_validation,EURUSD,2023-12-12,2023-12-18T07:00:00+00:00,2023-12-18T09:00:00+00:00,-1,1.09129,1.0928157142857144,1.0928157142857144,15.257142857142888,stop,-15.257142857143524,-1.0983146067416145,-1.147471910112401,-1.1966292134831873
control,internal_validation,EURUSD,2023-12-12,2023-12-18T07:00:00+00:00,2023-12-18T16:00:00+00:00,1,1.09129,1.09214,1.0897642857142857,15.257142857142888,time_exit,8.500000000000174,0.4588014981273513,0.4096441947565649,0.36048689138577844
candidate,internal_validation,GBPUSD,2023-12-12,2023-12-18T07:00:00+00:00,2023-12-18T16:00:00+00:00,-1,1.26956,1.26673,1.2720146428571428,24.546428571428557,time_exit,28.300000000001102,1.0714389640623183,1.0306998399534866,0.9899607158446548
control,internal_validation,GBPUSD,2023-12-12,2023-12-18T07:00:00+00:00,2023-12-18T11:00:00+00:00,1,1.26956,1.2671053571428572,1.2671053571428572,24.546428571428557,stop,-24.54642857142808,-1.081478248217644,-1.1222173723264757,-1.1629564964353074
candidate,internal_validation,USDJPY,2023-12-12,2023-12-18T07:00:00+00:00,2023-12-18T16:00:00+00:00,1,142.161,142.819,141.7797857142857,38.1214285714282,time_exit,65.7999999999987,1.6867153831740505,1.6670414090312733,1.6473674348884964
control,internal_validation,USDJPY,2023-12-12,2023-12-18T07:00:00+00:00,2023-12-18T10:00:00+00:00,-1,142.161,142.5422142857143,142.5422142857143,38.1214285714282,stop,-38.121428571429306,-1.0393479482855832,-1.0590219224283601,-1.0786958965711373
