arm,split,previous_trade_date,trade_date,publication_date,symbol,oi_change,direction,entry_time_utc,exit_time_utc,entry_price,exit_price,stop_price,stop_distance_pips,exit_reason,gross_pips,net_r_x1,net_r_x1_5,net_r_x2
candidate,train,2017-12-28,2017-12-29,2018-01-02,GBPUSD,0.04385307346326828,1,2018-01-02T17:00:00+00:00,2018-01-02T20:00:00+00:00,1.3547500000000001,1.35839,1.3525535714285715,21.964285714286625,time_exit,36.399999999998656,1.5661788617884917,1.5206504065039408,1.4751219512193898
control,train,2017-12-28,2017-12-29,2018-01-02,GBPUSD,,1,2018-01-02T17:00:00+00:00,2018-01-02T20:00:00+00:00,1.3547500000000001,1.35839,1.3525535714285715,21.964285714286625,time_exit,36.399999999998656,1.5661788617884917,1.5206504065039408,1.4751219512193898
candidate,train,2017-12-29,2018-01-02,2018-01-03,EURUSD,0.01956212820036307,1,2018-01-03T17:00:00+00:00,2018-01-03T20:00:00+00:00,1.20172,1.20272,1.1997389285714286,19.810714285713935,time_exit,10.000000000001119,0.42906075356054724,0.39120245177579804,0.35334414999104885
control,train,2017-12-29,2018-01-02,2018-01-03,GBPUSD,,1,2018-01-03T17:00:00+00:00,2018-01-03T17:00:00+00:00,1.3533,1.3509674999999999,1.3509674999999999,23.324999999999832,stop,-23.325000000000706,-1.0857449088960724,-1.12861736334409,-1.1714898177921074
candidate,train,2018-01-02,2018-01-03,2018-01-04,EURUSD,0.01419355076279527,-1,2018-01-04T17:00:00+00:00,2018-01-04T20:00:00+00:00,1.20822,1.20743,1.2103810714285714,21.610714285714305,time_exit,7.900000000000684,0.29614939679394975,0.26144438935716247,0.2267393819203752
control,train,2018-01-02,2018-01-03,2018-01-04,GBPUSD,,-1,2018-01-04T17:00:00+00:00,2018-01-04T20:00:00+00:00,1.35462,1.35462,1.3565228571428571,19.028571428571187,time_exit,-0.0,-0.10510510510510644,-0.15765765765765966,-0.21021021021021288
candidate,train,2018-01-03,2018-01-04,2018-01-05,EURUSD,0.05068594862783038,1,2018-01-05T17:00:00+00:00,2018-01-05T20:00:00+00:00,1.203,1.20471,1.2010125,19.874999999999353,time_exit,17.099999999998783,0.7849056603773228,0.7471698113207178,0.7094339622641128
control,train,2018-01-03,2018-01-04,2018-01-05,EURUSD,,1,2018-01-05T17:00:00+00:00,2018-01-05T20:00:00+00:00,1.203,1.20471,1.2010125,19.874999999999353,time_exit,17.099999999998783,0.7849056603773228,0.7471698113207178,0.7094339622641128
candidate,train,2018-01-04,2018-01-05,2018-01-08,USDJPY,0.046239158010216386,1,2018-01-08T17:00:00+00:00,2018-01-08T20:00:00+00:00,112.978,113.083,112.83346428571427,14.453571428571774,time_exit,10.500000000000398,0.6226834692364841,0.570793180133446,0.518902891030408
control,train,2018-01-04,2018-01-05,2018-01-08,USDJPY,,1,2018-01-08T17:00:00+00:00,2018-01-08T20:00:00+00:00,112.978,113.083,112.83346428571427,14.453571428571774,time_exit,10.500000000000398,0.6226834692364841,0.570793180133446,0.518902891030408
candidate,train,2018-01-05,2018-01-08,2018-01-09,GBPUSD,0.006160694283460222,-1,2018-01-09T17:00:00+00:00,2018-01-09T20:00:00+00:00,1.35098,1.3526500000000001,1.3533157142857144,23.357142857142897,time_exit,-16.700000000000603,-0.8006116207951315,-0.8434250764526238,-0.886238532110116
control,train,2018-01-05,2018-01-08,2018-01-09,EURUSD,,-1,2018-01-09T17:00:00+00:00,2018-01-09T20:00:00+00:00,1.19177,1.19213,1.1937017857142858,19.317857142856898,time_exit,-3.5999999999991594,-0.264004437049322,-0.30282861896834634,-0.3416528008873707
candidate,train,2018-01-09,2018-01-10,2018-01-11,USDJPY,0.03279432867147847,-1,2018-01-11T17:00:00+00:00,2018-01-11T20:00:00+00:00,111.467,111.345,111.71064285714286,24.364285714285415,time_exit,12.199999999999989,0.4391673995895681,0.40838463793609364,0.3776018762826192
control,train,2018-01-09,2018-01-10,2018-01-11,USDJPY,,-1,2018-01-11T17:00:00+00:00,2018-01-11T20:00:00+00:00,111.467,111.345,111.71064285714286,24.364285714285415,time_exit,12.199999999999989,0.4391673995895681,0.40838463793609364,0.3776018762826192
candidate,train,2018-01-10,2018-01-11,2018-01-12,EURUSD,0.009182659902798873,1,2018-01-12T17:00:00+00:00,2018-01-12T20:00:00+00:00,1.21379,1.21346,1.2104107142857141,33.792857142857514,time_exit,-3.2999999999994145,-0.1420418516169754,-0.16423589093213053,-0.18642993024728563
control,train,2018-01-10,2018-01-11,2018-01-12,EURUSD,,1,2018-01-12T17:00:00+00:00,2018-01-12T20:00:00+00:00,1.21379,1.21346,1.2104107142857141,33.792857142857514,time_exit,-3.2999999999994145,-0.1420418516169754,-0.16423589093213053,-0.18642993024728563
candidate,train,2018-01-11,2018-01-12,2018-01-16,GBPUSD,0.08716246059184574,1,2018-01-16T17:00:00+00:00,2018-01-16T20:00:00+00:00,1.37542,1.3772,1.3726760714285715,27.439285714285855,time_exit,17.799999999998928,0.5758167382532444,0.5393726408954417,0.5029285435376389
control,train,2018-01-11,2018-01-12,2018-01-16,GBPUSD,,1,2018-01-16T17:00:00+00:00,2018-01-16T20:00:00+00:00,1.37542,1.3772,1.3726760714285715,27.439285714285855,time_exit,17.799999999998928,0.5758167382532444,0.5393726408954417,0.5029285435376389
candidate,train,2018-01-12,2018-01-16,2018-01-17,GBPUSD,0.03016166540584453,1,2018-01-17T17:00:00+00:00,2018-01-17T20:00:00+00:00,1.37987,1.38495,1.377017857142857,28.521428571428903,time_exit,50.799999999999734,1.7109942399198306,1.675932882544424,1.6408715251690174
control,train,2018-01-12,2018-01-16,2018-01-17,EURUSD,,1,2018-01-17T17:00:00+00:00,2018-01-17T20:00:00+00:00,1.22216,1.22517,1.2185760714285714,35.83928571428616,time_exit,30.100000000001792,0.7980069755854909,0.7770802192327259,0.7561534628799608
candidate,train,2018-01-16,2018-01-17,2018-01-18,GBPUSD,0.03706624963169469,1,2018-01-18T17:00:00+00:00,2018-01-18T20:00:00+00:00,1.38842,1.38769,1.3850128571428573,34.07142857142814,time_exit,-7.299999999998974,-0.2729559748427406,-0.3023060796645439,-0.3316561844863472
control,train,2018-01-16,2018-01-17,2018-01-18,GBPUSD,,1,2018-01-18T17:00:00+00:00,2018-01-18T20:00:00+00:00,1.38842,1.38769,1.3850128571428573,34.07142857142814,time_exit,-7.299999999998974,-0.2729559748427406,-0.3023060796645439,-0.3316561844863472
candidate,train,2018-01-17,2018-01-18,2018-01-19,EURUSD,0.007871904323765389,-1,2018-01-19T17:00:00+00:00,2018-01-19T20:00:00+00:00,1.22508,1.22324,1.228047857142857,29.678571428571725,time_exit,18.399999999998418,0.5694344163657653,0.5441636582430218,0.5188929001202784
control,train,2018-01-17,2018-01-18,2018-01-19,GBPUSD,,1,2018-01-19T17:00:00+00:00,2018-01-19T20:00:00+00:00,1.38761,1.38593,1.3837592857142857,38.5071428571427,time_exit,-16.799999999999038,-0.48822110925614465,-0.5141903171953026,-0.5401595251344605
candidate,train,2018-01-18,2018-01-19,2018-01-22,USDJPY,0.0164441536147395,-1,2018-01-22T17:00:00+00:00,2018-01-22T18:00:00+00:00,110.865,111.0462857142857,111.0462857142857,18.128571428571355,stop,-18.128571428570694,-1.0827423167848338,-1.124113475177269,-1.1654846335697042
control,train,2018-01-18,2018-01-19,2018-01-22,USDJPY,,-1,2018-01-22T17:00:00+00:00,2018-01-22T18:00:00+00:00,110.865,111.0462857142857,111.0462857142857,18.128571428571355,stop,-18.128571428570694,-1.0827423167848338,-1.124113475177269,-1.1654846335697042
candidate,train,2018-01-19,2018-01-22,2018-01-23,GBPUSD,0.011938636106542777,1,2018-01-23T17:00:00+00:00,2018-01-23T20:00:00+00:00,1.39931,1.39792,1.3959457142857143,33.64285714285677,time_exit,-13.900000000000023,-0.4726114649681588,-0.5023354564755902,-0.5320594479830215
control,train,2018-01-19,2018-01-22,2018-01-23,GBPUSD,,1,2018-01-23T17:00:00+00:00,2018-01-23T20:00:00+00:00,1.39931,1.39792,1.3959457142857143,33.64285714285677,time_exit,-13.900000000000023,-0.4726114649681588,-0.5023354564755902,-0.5320594479830215
candidate,train,2018-01-22,2018-01-23,2018-01-24,GBPUSD,0.01880594704754368,1,2018-01-24T17:00:00+00:00,2018-01-24T20:00:00+00:00,1.42149,1.41952,1.4168399999999999,46.50000000000058,time_exit,-19.700000000000273,-0.4666666666666667,-0.48817204301075245,-0.5096774193548382
control,train,2018-01-22,2018-01-23,2018-01-24,USDJPY,,-1,2018-01-24T17:00:00+00:00,2018-01-24T20:00:00+00:00,109.204,109.21,109.51385714285713,30.985714285714394,time_exit,-0.6000000000000227,-0.0677731673582301,-0.09197786998616915,-0.1161825726141082
candidate,train,2018-01-23,2018-01-24,2018-01-25,USDJPY,0.029997928319867473,-1,2018-01-25T17:00:00+00:00,2018-01-25T20:00:00+00:00,108.849,108.663,109.18896428571429,33.996428571428744,time_exit,18.600000000000705,0.5029940119760661,0.4809328710999237,0.4588717302237814
control,train,2018-01-23,2018-01-24,2018-01-25,GBPUSD,,1,2018-01-25T17:00:00+00:00,2018-01-25T20:00:00+00:00,1.42965,1.42553,1.4238042857142859,58.45714285714327,time_exit,-41.20000000000123,-0.7390029325513355,-0.7561094819159493,-0.773216031280563
candidate,train,2018-01-24,2018-01-25,2018-01-26,USDJPY,0.029236896093969955,-1,2018-01-26T17:00:00+00:00,2018-01-26T20:00:00+00:00,108.702,108.458,109.09521428571429,39.321428571428896,time_exit,24.399999999999977,0.5823796548592135,0.5633060853769248,0.5442325158946362
control,train,2018-01-24,2018-01-25,2018-01-26,EURUSD,,1,2018-01-26T17:00:00+00:00,2018-01-26T20:00:00+00:00,1.24413,1.24389,1.2402696428571427,38.60357142857191,time_exit,-2.4000000000001798,-0.10102692200943998,-0.12045517624202369,-0.1398834304746074
candidate,train,2018-01-25,2018-01-26,2018-01-29,GBPUSD,0.01986284563030316,-1,2018-01-29T17:00:00+00:00,2018-01-29T20:00:00+00:00,1.40839,1.40689,1.412232142857143,38.421428571428805,time_exit,15.000000000000568,0.3383528536902897,0.31232571109873014,0.2862985685071705
control,train,2018-01-25,2018-01-26,2018-01-29,GBPUSD,,-1,2018-01-29T17:00:00+00:00,2018-01-29T20:00:00+00:00,1.40839,1.40689,1.412232142857143,38.421428571428805,time_exit,15.000000000000568,0.3383528536902897,0.31232571109873014,0.2862985685071705
candidate,train,2018-01-26,2018-01-29,2018-01-30,GBPUSD,0.006424461919656288,-1,2018-01-30T17:00:00+00:00,2018-01-30T20:00:00+00:00,1.4133,1.41424,1.4182435714285715,49.43571428571411,time_exit,-9.399999999999409,-0.23060251408754845,-0.25083080479698355,-0.2710590955064187
control,train,2018-01-26,2018-01-29,2018-01-30,GBPUSD,,-1,2018-01-30T17:00:00+00:00,2018-01-30T20:00:00+00:00,1.4133,1.41424,1.4182435714285715,49.43571428571411,time_exit,-9.399999999999409,-0.23060251408754845,-0.25083080479698355,-0.2710590955064187
candidate,train,2018-01-29,2018-01-30,2018-01-31,USDJPY,0.010630246719526726,-1,2018-01-31T17:00:00+00:00,2018-01-31T17:00:00+00:00,108.922,109.18299999999999,109.18299999999999,26.099999999999923,stop,-26.099999999999568,-1.0574712643678026,-1.0862068965517109,-1.114942528735619
control,train,2018-01-29,2018-01-30,2018-01-31,GBPUSD,,1,2018-01-31T17:00:00+00:00,2018-01-31T20:00:00+00:00,1.41758,1.41836,1.4132428571428572,43.37142857142841,time_exit,7.800000000000029,0.13372859025033054,0.11067193675889436,0.08761528326745818
candidate,train,2018-01-30,2018-01-31,2018-02-01,USDJPY,0.0009715821812597003,1,2018-02-01T17:00:00+00:00,2018-02-01T20:00:00+00:00,109.471,109.566,109.2357142857143,23.52857142857141,time_exit,9.499999999999886,0.34001214329082724,0.30813600485731174,0.27625986642379624
control,train,2018-01-30,2018-01-31,2018-02-01,USDJPY,,1,2018-02-01T17:00:00+00:00,2018-02-01T20:00:00+00:00,109.471,109.566,109.2357142857143,23.52857142857141,time_exit,9.499999999999886,0.34001214329082724,0.30813600485731174,0.27625986642379624
candidate,train,2018-01-31,2018-02-01,2018-02-02,USDJPY,0.01851887375169281,1,2018-02-02T17:00:00+00:00,2018-02-02T19:00:00+00:00,110.416,110.12692857142856,110.12692857142856,28.907142857142787,stop,-28.907142857143242,-1.051890289103055,-1.0778354336545748,-1.1037805782060945
control,train,2018-01-31,2018-02-01,2018-02-02,EURUSD,,1,2018-02-02T17:00:00+00:00,2018-02-02T20:00:00+00:00,1.24279,1.24694,1.239897142857143,28.928571428571335,time_exit,41.49999999999876,1.3827160493826776,1.3567901234567517,1.3308641975308255
candidate,train,2018-02-01,2018-02-02,2018-02-05,EURUSD,0.0002963600692058588,-1,2018-02-05T17:00:00+00:00,2018-02-05T20:00:00+00:00,1.24072,1.24284,1.243324642857143,26.04642857142815,time_exit,-21.199999999998997,-0.8715206362264941,-0.9003153709035823,-0.9291101055806703
control,train,2018-02-01,2018-02-02,2018-02-05,GBPUSD,,-1,2018-02-05T17:00:00+00:00,2018-02-05T20:00:00+00:00,1.3991500000000001,1.4031799999999999,1.4035835714285716,44.33571428571401,time_exit,-40.29999999999756,-0.9540840985983076,-0.9766392782342026,-0.9991944578700978
candidate,train,2018-02-02,2018-02-05,2018-02-06,GBPUSD,0.0028785186160293907,-1,2018-02-06T17:00:00+00:00,2018-02-06T18:00:00+00:00,1.3877,1.3929810714285713,1.3929810714285713,52.81071428571434,stop,-52.81071428571371,-1.0378711029958627,-1.0568066544938002,-1.0757422059917374
control,train,2018-02-02,2018-02-05,2018-02-06,GBPUSD,,-1,2018-02-06T17:00:00+00:00,2018-02-06T18:00:00+00:00,1.3877,1.3929810714285713,1.3929810714285713,52.81071428571434,stop,-52.81071428571371,-1.0378711029958627,-1.0568066544938002,-1.0757422059917374
candidate,train,2018-02-07,2018-02-08,2018-02-09,USDJPY,0.020806325379783663,-1,2018-02-09T17:00:00+00:00,2018-02-09T20:00:00+00:00,108.903,108.413,109.25957142857143,35.65714285714289,time_exit,49.00000000000091,1.3321314102564346,1.3110977564102808,1.290064102564127
control,train,2018-02-07,2018-02-08,2018-02-09,USDJPY,,-1,2018-02-09T17:00:00+00:00,2018-02-09T20:00:00+00:00,108.903,108.413,109.25957142857143,35.65714285714289,time_exit,49.00000000000091,1.3321314102564346,1.3110977564102808,1.290064102564127
candidate,train,2018-02-08,2018-02-09,2018-02-12,USDJPY,0.018038916564113272,-1,2018-02-12T17:00:00+00:00,2018-02-12T18:00:00+00:00,108.539,108.70903571428572,108.70903571428572,17.00357142857116,stop,-17.003571428571718,-1.0882167611846594,-1.1323251417769724,-1.1764335223692857
control,train,2018-02-08,2018-02-09,2018-02-12,GBPUSD,,-1,2018-02-12T17:00:00+00:00,2018-02-12T20:00:00+00:00,1.38297,1.38166,1.386894642857143,39.24642857142827,time_exit,13.099999999999223,0.2828282828282652,0.2573482573482396,0.23186823186821387
candidate,train,2018-02-12,2018-02-13,2018-02-14,USDJPY,0.02347218787172145,-1,2018-02-14T17:00:00+00:00,2018-02-14T20:00:00+00:00,107.37,107.05,107.7489642857143,37.89642857142849,time_exit,32.00000000000074,0.8048251814155335,0.7850343982659717,0.7652436151164098
control,train,2018-02-12,2018-02-13,2018-02-14,USDJPY,,-1,2018-02-14T17:00:00+00:00,2018-02-14T20:00:00+00:00,107.37,107.05,107.7489642857143,37.89642857142849,time_exit,32.00000000000074,0.8048251814155335,0.7850343982659717,0.7652436151164098
candidate,train,2018-02-13,2018-02-14,2018-02-15,USDJPY,0.006282939403005727,-1,2018-02-15T17:00:00+00:00,2018-02-15T19:00:00+00:00,106.354,106.71775,106.71775,36.37499999999996,stop,-36.3749999999996,-1.0412371134020522,-1.061855670103083,-1.082474226804114
control,train,2018-02-13,2018-02-14,2018-02-15,GBPUSD,,1,2018-02-15T17:00:00+00:00,2018-02-15T17:00:00+00:00,1.40924,1.4055725000000001,1.4055725000000001,36.67499999999951,stop,-36.67499999999934,-1.0545330606680263,-1.0817995910020417,-1.109066121336057
candidate,train,2018-02-14,2018-02-15,2018-02-16,EURUSD,0.022590342704049915,1,2018-02-16T17:00:00+00:00,2018-02-16T20:00:00+00:00,1.24437,1.24405,1.2412532142857142,31.167857142857684,time_exit,-3.1999999999987594,-0.15079637905346965,-0.17485963103009353,-0.19892288300671737
control,train,2018-02-14,2018-02-15,2018-02-16,GBPUSD,,1,2018-02-16T17:00:00+00:00,2018-02-16T20:00:00+00:00,1.4037600000000001,1.40438,1.400224285714286,35.357142857142286,time_exit,6.199999999998429,0.11878787878783628,0.09050505050500754,0.0622222222221788
candidate,train,2018-02-15,2018-02-16,2018-02-20,EURUSD,0.00915501283023068,-1,2018-02-20T17:00:00+00:00,2018-02-20T20:00:00+00:00,1.23457,1.23444,1.2376696428571428,30.996428571427984,time_exit,1.2999999999996348,-0.006452356262254099,-0.030648692245662783,-0.05484502822907147
control,train,2018-02-15,2018-02-16,2018-02-20,USDJPY,,-1,2018-02-20T17:00:00+00:00,2018-02-20T20:00:00+00:00,107.18,107.265,107.40907142857144,22.907142857143214,time_exit,-8.499999999999375,-0.4365450576862771,-0.46928593701274995,-0.5020268163392227
candidate,train,2018-02-16,2018-02-20,2018-02-21,USDJPY,0.01384798778970664,1,2018-02-21T17:00:00+00:00,2018-02-21T20:00:00+00:00,107.527,107.648,107.25164285714285,27.535714285714363,time_exit,12.099999999999511,0.3849546044098385,0.35771725032423546,0.33047989623863244
control,train,2018-02-16,2018-02-20,2018-02-21,USDJPY,,1,2018-02-21T17:00:00+00:00,2018-02-21T20:00:00+00:00,107.527,107.648,107.25164285714285,27.535714285714363,time_exit,12.099999999999511,0.3849546044098385,0.35771725032423546,0.33047989623863244
candidate,train,2018-02-21,2018-02-22,2018-02-23,GBPUSD,0.011734729159684765,-1,2018-02-23T17:00:00+00:00,2018-02-23T20:00:00+00:00,1.39822,1.39821,1.4022496428571427,40.29642857142753,time_exit,0.10000000000065512,-0.04715058051935037,-0.07196667552954333,-0.0967827705397363
control,train,2018-02-21,2018-02-22,2018-02-23,USDJPY,,-1,2018-02-23T17:00:00+00:00,2018-02-23T20:00:00+00:00,106.773,106.563,106.99542857142858,22.24285714285738,time_exit,20.999999999999375,0.8766859344893653,0.8429672447013117,0.8092485549132581
candidate,train,2018-02-22,2018-02-23,2018-02-26,GBPUSD,0.01559452141223483,1,2018-02-26T17:00:00+00:00,2018-02-26T20:00:00+00:00,1.39626,1.39659,1.3924875,37.72500000000019,time_exit,3.2999999999994145,0.03445990722331101,0.007952286282290602,-0.018555334658729807
control,train,2018-02-22,2018-02-23,2018-02-26,EURUSD,,-1,2018-02-26T17:00:00+00:00,2018-02-26T20:00:00+00:00,1.2303600000000001,1.23076,1.2329357142857145,25.75714285714316,time_exit,-3.9999999999995595,-0.21353300055461155,-0.24265113699387908,-0.2717692734331466
candidate,train,2018-02-23,2018-02-26,2018-02-27,GBPUSD,0.011275568049450957,-1,2018-02-27T17:00:00+00:00,2018-02-27T19:00:00+00:00,1.38972,1.39281,1.39281,30.899999999999736,stop,-30.90000000000037,-1.0647249190938723,-1.0970873786407982,-1.129449838187724
control,train,2018-02-23,2018-02-26,2018-02-27,USDJPY,,1,2018-02-27T17:00:00+00:00,2018-02-27T20:00:00+00:00,107.203,107.38,106.97789285714286,22.51071428571397,time_exit,17.69999999999925,0.7196573060447173,0.6863398381722752,0.653022370299833
candidate,train,2018-02-26,2018-02-27,2018-02-28,EURUSD,0.012350210707317233,-1,2018-02-28T17:00:00+00:00,2018-02-28T20:00:00+00:00,1.22083,1.22086,1.223305,24.750000000000128,time_exit,-0.2999999999997449,-0.07272727272726205,-0.10303030303029219,-0.13333333333332234
control,train,2018-02-26,2018-02-27,2018-02-28,EURUSD,,-1,2018-02-28T17:00:00+00:00,2018-02-28T20:00:00+00:00,1.22083,1.22086,1.223305,24.750000000000128,time_exit,-0.2999999999997449,-0.07272727272726205,-0.10303030303029219,-0.13333333333332234
candidate,train,2018-02-27,2018-02-28,2018-03-01,GBPUSD,0.03187143850248386,-1,2018-03-01T17:00:00+00:00,2018-03-01T20:00:00+00:00,1.37351,1.37352,1.3766289285714286,31.18928571428544,time_exit,-0.10000000000065512,-0.06733081415323355,-0.09939310660714429,-0.13145539906105502
control,train,2018-02-27,2018-02-28,2018-03-01,GBPUSD,,-1,2018-03-01T17:00:00+00:00,2018-03-01T20:00:00+00:00,1.37351,1.37352,1.3766289285714286,31.18928571428544,time_exit,-0.10000000000065512,-0.06733081415323355,-0.09939310660714429,-0.13145539906105502
candidate,train,2018-02-28,2018-03-01,2018-03-02,USDJPY,0.016649128081779985,1,2018-03-02T17:00:00+00:00,2018-03-02T20:00:00+00:00,105.358,105.581,105.0079642857143,35.003571428571384,time_exit,22.299999999999898,0.5942250790735618,0.5727986940108131,0.5513723089480643
control,train,2018-02-28,2018-03-01,2018-03-02,GBPUSD,,-1,2018-03-02T17:00:00+00:00,2018-03-02T20:00:00+00:00,1.37702,1.37716,1.3803478571428571,33.27857142857105,time_exit,-1.40000000000029,-0.10216784717751579,-0.13221721399442962,-0.16226658081134346
candidate,train,2018-03-01,2018-03-02,2018-03-05,USDJPY,0.031111604007245663,-1,2018-03-05T17:00:00+00:00,2018-03-05T19:00:00+00:00,105.799,106.01403571428573,106.01403571428573,21.503571428571334,stop,-21.503571428571888,-1.0697558545092438,-1.1046337817638527,-1.1395117090184619
control,train,2018-03-01,2018-03-02,2018-03-05,USDJPY,,-1,2018-03-05T17:00:00+00:00,2018-03-05T19:00:00+00:00,105.799,106.01403571428573,106.01403571428573,21.503571428571334,stop,-21.503571428571888,-1.0697558545092438,-1.1046337817638527,-1.1395117090184619
candidate,train,2018-03-05,2018-03-06,2018-03-07,GBPUSD,0.00827390607943368,1,2018-03-07T17:00:00+00:00,2018-03-07T20:00:00+00:00,1.38835,1.38868,1.3853564285714286,29.935714285714365,time_exit,3.2999999999994145,0.043426389883063125,0.010021474588384137,-0.023383440706294847
control,train,2018-03-05,2018-03-06,2018-03-07,EURUSD,,1,2018-03-07T17:00:00+00:00,2018-03-07T18:00:00+00:00,1.24099,1.2385760714285716,1.2385760714285716,24.139285714285172,stop,-24.139285714284142,-1.0621393697292085,-1.0932090545938342,-1.12427873945846
candidate,train,2018-03-06,2018-03-07,2018-03-08,USDJPY,0.005999783791575064,-1,2018-03-08T17:00:00+00:00,2018-03-08T20:00:00+00:00,106.127,106.135,106.30067857142856,17.367857142857396,time_exit,-0.8000000000009777,-0.1324285420522855,-0.17561176228670805,-0.21879498252113064
control,train,2018-03-06,2018-03-07,2018-03-08,USDJPY,,-1,2018-03-08T17:00:00+00:00,2018-03-08T20:00:00+00:00,106.127,106.135,106.30067857142856,17.367857142857396,time_exit,-0.8000000000009777,-0.1324285420522855,-0.17561176228670805,-0.21879498252113064
candidate,train,2018-03-07,2018-03-08,2018-03-09,GBPUSD,0.017856410887030716,-1,2018-03-09T17:00:00+00:00,2018-03-09T17:00:00+00:00,1.38599,1.3886139285714287,1.3886139285714287,26.239285714285842,stop,-26.239285714286797,-1.0762215870423661,-1.1143323805635312,-1.152443174084696
control,train,2018-03-07,2018-03-08,2018-03-09,EURUSD,,-1,2018-03-09T17:00:00+00:00,2018-03-09T20:00:00+00:00,1.23126,1.23176,1.2335335714285716,22.7357142857143,time_exit,-4.999999999999449,-0.28589381087022375,-0.3188815582783293,-0.3518693056864348
candidate,train,2018-03-08,2018-03-09,2018-03-12,GBPUSD,0.01512687953365921,1,2018-03-12T17:00:00+00:00,2018-03-12T20:00:00+00:00,1.38949,1.38997,1.38706,24.299999999999322,time_exit,4.8000000000003595,0.11522633744857769,0.07407407407409093,0.03292181069960419
control,train,2018-03-08,2018-03-09,2018-03-12,USDJPY,,1,2018-03-12T17:00:00+00:00,2018-03-12T20:00:00+00:00,106.423,106.534,106.18535714285714,23.764285714285748,time_exit,11.10000000000042,0.4039675383228305,0.37240757439136074,0.340847610459891
candidate,train,2018-03-09,2018-03-12,2018-03-13,USDJPY,0.003551199734463051,-1,2018-03-13T17:00:00+00:00,2018-03-13T20:00:00+00:00,106.875,106.614,107.16835714285713,29.335714285713976,time_exit,26.099999999999568,0.8385682980277516,0.8130021913805636,0.7874360847333756
control,train,2018-03-09,2018-03-12,2018-03-13,GBPUSD,,1,2018-03-13T17:00:00+00:00,2018-03-13T20:00:00+00:00,1.39682,1.3971,1.3939421428571428,28.778571428570828,time_exit,2.80000000000058,0.02779846115663527,-0.006949615289133634,-0.04169769173490254
candidate,train,2018-03-12,2018-03-13,2018-03-14,EURUSD,0.05019924277101806,1,2018-03-14T17:00:00+00:00,2018-03-14T20:00:00+00:00,1.23631,1.23753,1.2337332142857143,25.76785714285704,time_exit,12.199999999999989,0.41524601524601645,0.38613998613998723,0.357033957033958
control,train,2018-03-12,2018-03-13,2018-03-14,GBPUSD,,1,2018-03-14T17:00:00+00:00,2018-03-14T17:00:00+00:00,1.39616,1.3932435714285716,1.3932435714285716,29.164285714284787,stop,-29.164285714284865,-1.0685770266960617,-1.1028655400440912,-1.1371540533921207
candidate,train,2018-03-13,2018-03-14,2018-03-15,USDJPY,0.04837120644235515,-1,2018-03-15T17:00:00+00:00,2018-03-15T18:00:00+00:00,106.015,106.23453571428571,106.23453571428571,21.95357142857104,stop,-21.953571428571195,-1.068326012689125,-1.102489019033684,-1.1366520253782428
control,train,2018-03-13,2018-03-14,2018-03-15,USDJPY,,-1,2018-03-15T17:00:00+00:00,2018-03-15T18:00:00+00:00,106.015,106.23453571428571,106.23453571428571,21.95357142857104,stop,-21.953571428571195,-1.068326012689125,-1.102489019033684,-1.1366520253782428
candidate,train,2018-03-14,2018-03-15,2018-03-16,GBPUSD,0.06296545077538629,-1,2018-03-16T17:00:00+00:00,2018-03-16T18:00:00+00:00,1.38945,1.3923450000000002,1.3923450000000002,28.950000000000045,stop,-28.95000000000092,-1.069084628670151,-1.1036269430052115,-1.1381692573402717
control,train,2018-03-14,2018-03-15,2018-03-16,EURUSD,,-1,2018-03-16T17:00:00+00:00,2018-03-16T18:00:00+00:00,1.22615,1.2283078571428572,1.2283078571428572,21.57857142857148,stop,-21.578571428571003,-1.0695134061568794,-1.1042701092353302,-1.139026812313781
candidate,train,2018-03-15,2018-03-16,2018-03-19,USDJPY,0.03839030524751341,1,2018-03-19T17:00:00+00:00,2018-03-19T17:00:00+00:00,106.041,105.83046428571429,105.83046428571429,21.053571428571466,stop,-21.05357142857116,-1.0712468193384077,-1.1068702290076189,-1.14249363867683
control,train,2018-03-15,2018-03-16,2018-03-19,EURUSD,,-1,2018-03-19T17:00:00+00:00,2018-03-19T19:00:00+00:00,1.23236,1.234465357142857,1.234465357142857,21.053571428571605,stop,-21.053571428570894,-1.071246819338388,-1.106870229007599,-1.1424936386768099
candidate,train,2018-03-16,2018-03-19,2018-03-20,GBPUSD,0.041432279914749515,1,2018-03-20T17:00:00+00:00,2018-03-20T20:00:00+00:00,1.4010799999999999,1.40076,1.3981657142857142,29.142857142856787,time_exit,-3.1999999999987594,-0.17843137254897923,-0.2127450980391757,-0.24705882352937222
control,train,2018-03-16,2018-03-19,2018-03-20,GBPUSD,,1,2018-03-20T17:00:00+00:00,2018-03-20T20:00:00+00:00,1.4010799999999999,1.40076,1.3981657142857142,29.142857142856787,time_exit,-3.1999999999987594,-0.17843137254897923,-0.2127450980391757,-0.24705882352937222
candidate,train,2018-03-20,2018-03-21,2018-03-22,USDJPY,0.004585966047198298,-1,2018-03-22T17:00:00+00:00,2018-03-22T18:00:00+00:00,105.423,105.69075000000001,105.69075000000001,26.77499999999995,stop,-26.77500000000066,-1.056022408963612,-1.084033613445405,-1.1120448179271976
control,train,2018-03-20,2018-03-21,2018-03-22,GBPUSD,,1,2018-03-22T17:00:00+00:00,2018-03-22T20:00:00+00:00,1.41021,1.41035,1.4064364285714286,37.735714285714074,time_exit,1.40000000000029,-0.0159000567859095,-0.042400151429104804,-0.06890024607230011
candidate,train,2018-03-21,2018-03-22,2018-03-23,GBPUSD,0.04550431133968158,1,2018-03-23T17:00:00+00:00,2018-03-23T20:00:00+00:00,1.41618,1.41512,1.4135485714285714,26.3142857142861,time_exit,-10.600000000000609,-0.478827361563534,-0.5168295331161936,-0.5548317046688532
control,train,2018-03-21,2018-03-22,2018-03-23,USDJPY,,-1,2018-03-23T17:00:00+00:00,2018-03-23T20:00:00+00:00,105.134,105.031,105.39864285714286,26.464285714285552,time_exit,10.299999999999443,0.33252361673412406,0.30418353576246393,0.27584345479080385
candidate,train,2018-03-22,2018-03-23,2018-03-26,GBPUSD,0.019625046699346838,1,2018-03-26T17:00:00+00:00,2018-03-26T20:00:00+00:00,1.42062,1.42221,1.4178814285714287,27.3857142857136,time_exit,15.899999999999803,0.5075639019301046,0.471048513302039,0.4345331246739734
control,train,2018-03-22,2018-03-23,2018-03-26,USDJPY,,-1,2018-03-26T17:00:00+00:00,2018-03-26T20:00:00+00:00,105.174,105.129,105.38807142857144,21.40714285714276,time_exit,4.5000000000001705,0.14014014014014875,0.10510510510511355,0.07007007007007836
candidate,train,2018-03-23,2018-03-26,2018-03-27,EURUSD,0.039858785103589645,1,2018-03-27T17:00:00+00:00,2018-03-27T20:00:00+00:00,1.23906,1.24134,1.236579642857143,24.803571428570958,time_exit,22.800000000000598,0.8587473002160231,0.828509719222502,0.7982721382289809
control,train,2018-03-23,2018-03-26,2018-03-27,EURUSD,,1,2018-03-27T17:00:00+00:00,2018-03-27T20:00:00+00:00,1.23906,1.24134,1.236579642857143,24.803571428570958,time_exit,22.800000000000598,0.8587473002160231,0.828509719222502,0.7982721382289809
candidate,train,2018-03-29,2018-04-02,2018-04-03,USDJPY,0.01925199924607557,-1,2018-04-03T17:00:00+00:00,2018-04-03T20:00:00+00:00,106.464,106.44,106.70378571428571,23.97857142857127,time_exit,2.400000000000091,0.0375335120643472,0.006255585344061028,-0.02502234137622515
control,train,2018-03-29,2018-04-02,2018-04-03,USDJPY,,-1,2018-04-03T17:00:00+00:00,2018-04-03T20:00:00+00:00,106.464,106.44,106.70378571428571,23.97857142857127,time_exit,2.400000000000091,0.0375335120643472,0.006255585344061028,-0.02502234137622515
candidate,train,2018-04-02,2018-04-03,2018-04-04,EURUSD,0.002604737213661501,-1,2018-04-04T17:00:00+00:00,2018-04-04T20:00:00+00:00,1.22962,1.22937,1.2318624999999999,22.42500000000012,time_exit,2.4999999999986144,0.04459308807128691,0.011148272017775388,-0.022296544035736134
control,train,2018-04-02,2018-04-03,2018-04-04,USDJPY,,1,2018-04-04T17:00:00+00:00,2018-04-04T20:00:00+00:00,106.32,106.616,106.07775,24.224999999999955,time_exit,29.600000000000648,1.1599587203302661,1.1289989680082848,1.0980392156863032
candidate,train,2018-04-03,2018-04-04,2018-04-05,USDJPY,0.01869165150976193,1,2018-04-05T17:00:00+00:00,2018-04-05T20:00:00+00:00,107.13,107.43,106.92824999999999,20.175000000000104,time_exit,30.000000000001137,1.4126394052045101,1.3754646840149192,1.3382899628253282
control,train,2018-04-03,2018-04-04,2018-04-05,EURUSD,,1,2018-04-05T17:00:00+00:00,2018-04-05T17:00:00+00:00,1.22556,1.2232210714285714,1.2232210714285714,23.38928571428597,stop,-23.38928571428589,-1.064131928538704,-1.096197892808058,-1.1282638570774117
candidate,train,2018-04-04,2018-04-05,2018-04-06,USDJPY,0.02848822653542582,1,2018-04-06T17:00:00+00:00,2018-04-06T18:00:00+00:00,107.215,106.9917142857143,106.9917142857143,22.32857142857146,stop,-22.328571428570854,-1.0671785028790515,-1.1007677543185908,-1.13435700575813
control,train,2018-04-04,2018-04-05,2018-04-06,GBPUSD,,-1,2018-04-06T17:00:00+00:00,2018-04-06T17:00:00+00:00,1.40738,1.4099235714285714,1.4099235714285714,25.43571428571391,stop,-25.435714285713118,-1.0786295984273782,-1.1179443976410826,-1.1572591968547872
candidate,train,2018-04-05,2018-04-06,2018-04-09,GBPUSD,0.024336257344094836,1,2018-04-09T17:00:00+00:00,2018-04-09T20:00:00+00:00,1.41456,1.41345,1.4118867857142858,26.732142857142648,time_exit,-11.099999999999444,-0.49004676018702376,-0.5274549098196226,-0.5648630594522214
control,train,2018-04-05,2018-04-06,2018-04-09,GBPUSD,,1,2018-04-09T17:00:00+00:00,2018-04-09T20:00:00+00:00,1.41456,1.41345,1.4118867857142858,26.732142857142648,time_exit,-11.099999999999444,-0.49004676018702376,-0.5274549098196226,-0.5648630594522214
candidate,train,2018-04-06,2018-04-09,2018-04-10,GBPUSD,0.020804707143386558,1,2018-04-10T17:00:00+00:00,2018-04-10T19:00:00+00:00,1.4178,1.4151557142857143,1.4151557142857143,26.442857142856944,stop,-26.442857142856546,-1.0756347920043074,-1.1134521880064687,-1.15126958400863
control,train,2018-04-06,2018-04-09,2018-04-10,GBPUSD,,1,2018-04-10T17:00:00+00:00,2018-04-10T19:00:00+00:00,1.4178,1.4151557142857143,1.4151557142857143,26.442857142856944,stop,-26.442857142856546,-1.0756347920043074,-1.1134521880064687,-1.15126958400863
candidate,train,2018-04-09,2018-04-10,2018-04-11,GBPUSD,0.023340892081187725,1,2018-04-11T17:00:00+00:00,2018-04-11T20:00:00+00:00,1.4194499999999999,1.4176,1.4168582142857142,25.917857142856594,time_exit,-18.499999999999073,-0.7909604519773821,-0.8295438886592074,-0.8681273253410327
control,train,2018-04-09,2018-04-10,2018-04-11,USDJPY,,1,2018-04-11T17:00:00+00:00,2018-04-11T17:00:00+00:00,106.898,106.72432142857143,106.72432142857143,17.36785714285709,stop,-17.367857142856735,-1.0863664404688262,-1.1295496607032496,-1.172732880937673
candidate,train,2018-04-10,2018-04-11,2018-04-12,GBPUSD,0.01331179286217199,1,2018-04-12T17:00:00+00:00,2018-04-12T20:00:00+00:00,1.41956,1.42269,1.4167485714285712,28.114285714286233,time_exit,31.30000000000077,1.0421747967479758,1.0066056910569194,0.9710365853658632
control,train,2018-04-10,2018-04-11,2018-04-12,USDJPY,,-1,2018-04-12T17:00:00+00:00,2018-04-12T20:00:00+00:00,107.372,107.217,107.5625,19.05000000000021,time_exit,15.500000000000114,0.7349081364829375,0.6955380577427804,0.6561679790026234
candidate,train,2018-04-11,2018-04-12,2018-04-13,GBPUSD,0.0499245933426693,1,2018-04-13T17:00:00+00:00,2018-04-13T20:00:00+00:00,1.42578,1.4249100000000001,1.4233275,24.52500000000032,time_exit,-8.699999999999264,-0.4362895005096483,-0.47706422018345,-0.5178389398572517
control,train,2018-04-11,2018-04-12,2018-04-13,GBPUSD,,1,2018-04-13T17:00:00+00:00,2018-04-13T20:00:00+00:00,1.42578,1.4249100000000001,1.4233275,24.52500000000032,time_exit,-8.699999999999264,-0.4362895005096483,-0.47706422018345,-0.5178389398572517
candidate,train,2018-04-12,2018-04-13,2018-04-16,GBPUSD,0.011496493595103852,1,2018-04-16T17:00:00+00:00,2018-04-16T20:00:00+00:00,1.43322,1.43245,1.4303217857142856,28.982142857142637,time_exit,-7.699999999999374,-0.3346888478126735,-0.3691928527418173,-0.40369685767096114
control,train,2018-04-12,2018-04-13,2018-04-16,GBPUSD,,1,2018-04-16T17:00:00+00:00,2018-04-16T20:00:00+00:00,1.43322,1.43245,1.4303217857142856,28.982142857142637,time_exit,-7.699999999999374,-0.3346888478126735,-0.3691928527418173,-0.40369685767096114
candidate,train,2018-04-13,2018-04-16,2018-04-17,GBPUSD,0.03369680985951207,1,2018-04-17T17:00:00+00:00,2018-04-17T20:00:00+00:00,1.43052,1.42876,1.4277,28.19999999999989,time_exit,-17.599999999999838,-0.6950354609929048,-0.7304964539007064,-0.7659574468085079
control,train,2018-04-13,2018-04-16,2018-04-17,GBPUSD,,1,2018-04-17T17:00:00+00:00,2018-04-17T20:00:00+00:00,1.43052,1.42876,1.4277,28.19999999999989,time_exit,-17.599999999999838,-0.6950354609929048,-0.7304964539007064,-0.7659574468085079
candidate,train,2018-04-16,2018-04-17,2018-04-18,GBPUSD,0.01396861844623043,-1,2018-04-18T17:00:00+00:00,2018-04-18T20:00:00+00:00,1.42319,1.42134,1.4266657142857142,34.75714285714288,time_exit,18.499999999999073,0.4747225647348682,0.44595150020548063,0.41718043567609303
control,train,2018-04-16,2018-04-17,2018-04-18,GBPUSD,,-1,2018-04-18T17:00:00+00:00,2018-04-18T20:00:00+00:00,1.42319,1.42134,1.4266657142857142,34.75714285714288,time_exit,18.499999999999073,0.4747225647348682,0.44595150020548063,0.41718043567609303
candidate,train,2018-04-17,2018-04-18,2018-04-19,USDJPY,0.005363072573936645,1,2018-04-19T17:00:00+00:00,2018-04-19T20:00:00+00:00,107.386,107.273,107.24189285714286,14.410714285713969,time_exit,-11.299999999999955,-0.8882280049566459,-0.9402726146220746,-0.9923172242875032
control,train,2018-04-17,2018-04-18,2018-04-19,GBPUSD,,-1,2018-04-19T17:00:00+00:00,2018-04-19T20:00:00+00:00,1.42228,1.41926,1.4255210714285713,32.41071428571416,time_exit,30.200000000000227,0.8700826446281096,0.8392286501377514,0.8083746556473931
candidate,train,2018-04-18,2018-04-19,2018-04-20,USDJPY,0.01915159832095581,1,2018-04-20T17:00:00+00:00,2018-04-20T18:00:00+00:00,107.79,107.6085,107.6085,18.15000000000018,stop,-18.149999999999977,-1.0826446280991615,-1.123966942148748,-1.1652892561983343
control,train,2018-04-18,2018-04-19,2018-04-20,EURUSD,,-1,2018-04-20T17:00:00+00:00,2018-04-20T19:00:00+00:00,1.22665,1.2289439285714288,1.2289439285714288,22.93928571428635,stop,-22.939285714287383,-1.0653900046707578,-1.0980850070061143,-1.1307800093414706
candidate,train,2018-04-20,2018-04-23,2018-04-24,USDJPY,0.03185502780196958,1,2018-04-24T17:00:00+00:00,2018-04-24T19:00:00+00:00,109.081,108.9117142857143,108.9117142857143,16.92857142857126,stop,-16.92857142857065,-1.0886075949366736,-1.1329113924050285,-1.1772151898733834
control,train,2018-04-20,2018-04-23,2018-04-24,USDJPY,,1,2018-04-24T17:00:00+00:00,2018-04-24T19:00:00+00:00,109.081,108.9117142857143,108.9117142857143,16.92857142857126,stop,-16.92857142857065,-1.0886075949366736,-1.1329113924050285,-1.1772151898733834
candidate,train,2018-04-23,2018-04-24,2018-04-25,USDJPY,0.008427203376075276,1,2018-04-25T17:00:00+00:00,2018-04-25T20:00:00+00:00,109.106,109.238,108.8915,21.450000000000102,time_exit,13.2000000000005,0.5454545454545662,0.5104895104895314,0.47552447552449656
control,train,2018-04-23,2018-04-24,2018-04-25,GBPUSD,,1,2018-04-25T17:00:00+00:00,2018-04-25T20:00:00+00:00,1.39443,1.39374,1.3921039285714287,23.260714285714172,time_exit,-6.900000000000794,-0.3826193766313887,-0.4256103178259229,-0.46860125902045713
candidate,train,2018-04-24,2018-04-25,2018-04-26,USDJPY,0.014988121527397702,1,2018-04-26T17:00:00+00:00,2018-04-26T20:00:00+00:00,109.189,109.203,109.01114285714286,17.78571428571425,time_exit,1.4000000000010004,-0.005622489959783119,-0.04779116465857838,-0.08995983935737366
control,train,2018-04-24,2018-04-25,2018-04-26,EURUSD,,-1,2018-04-26T17:00:00+00:00,2018-04-26T20:00:00+00:00,1.21733,1.21255,1.2204414285714287,31.114285714285426,time_exit,47.80000000000006,1.488062442607913,1.4639577594123203,1.4398530762167279
candidate,train,2018-04-25,2018-04-26,2018-04-27,EURUSD,0.006704256343257997,-1,2018-04-27T17:00:00+00:00,2018-04-27T17:00:00+00:00,1.20829,1.2108175,1.2108175,25.275000000000237,stop,-25.27500000000016,-1.0593471810088984,-1.089020771513349,-1.1186943620178
control,train,2018-04-25,2018-04-26,2018-04-27,EURUSD,,-1,2018-04-27T17:00:00+00:00,2018-04-27T17:00:00+00:00,1.20829,1.2108175,1.2108175,25.275000000000237,stop,-25.27500000000016,-1.0593471810088984,-1.089020771513349,-1.1186943620178
candidate,train,2018-04-26,2018-04-27,2018-04-30,GBPUSD,0.04545307093425599,-1,2018-04-30T17:00:00+00:00,2018-04-30T17:00:00+00:00,1.37414,1.3768464285714286,1.3768464285714286,27.064285714286015,stop,-27.06428571428665,-1.073898126154681,-1.1108471892320095,-1.1477962523093383
control,train,2018-04-26,2018-04-27,2018-04-30,GBPUSD,,-1,2018-04-30T17:00:00+00:00,2018-04-30T17:00:00+00:00,1.37414,1.3768464285714286,1.3768464285714286,27.064285714286015,stop,-27.06428571428665,-1.073898126154681,-1.1108471892320095,-1.1477962523093383
candidate,train,2018-04-27,2018-04-30,2018-05-01,USDJPY,0.01912518657927187,1,2018-05-01T17:00:00+00:00,2018-05-01T17:00:00+00:00,109.724,109.60421428571429,109.60421428571429,11.978571428571072,stop,-11.978571428571172,-1.1252236135957185,-1.187835420393574,-1.250447227191429
control,train,2018-04-27,2018-04-30,2018-05-01,GBPUSD,,-1,2018-05-01T17:00:00+00:00,2018-05-01T20:00:00+00:00,1.36229,1.36264,1.3653939285714287,31.039285714286123,time_exit,-3.5000000000007248,-0.17719479921760242,-0.20941203543898043,-0.24162927166035844
candidate,train,2018-04-30,2018-05-01,2018-05-02,USDJPY,0.021166986124289133,1,2018-05-02T17:00:00+00:00,2018-05-02T20:00:00+00:00,109.871,109.86,109.7285,14.250000000000135,time_exit,-1.099999999999568,-0.18245614035084515,-0.23508771929821307,-0.287719298245581
control,train,2018-04-30,2018-05-01,2018-05-02,GBPUSD,,-1,2018-05-02T17:00:00+00:00,2018-05-02T20:00:00+00:00,1.3603,1.36007,1.3638646428571428,35.646428571428,time_exit,2.300000000001745,0.008415990381774369,-0.019637310890643675,-0.047690612163061724
candidate,train,2018-05-01,2018-05-02,2018-05-03,USDJPY,0.01395601174849248,1,2018-05-03T17:00:00+00:00,2018-05-03T17:00:00+00:00,109.338,109.13357142857141,109.13357142857141,20.44285714285731,stop,-20.442857142857918,-1.0733752620545365,-1.1100628930817897,-1.1467505241090432
control,train,2018-05-01,2018-05-02,2018-05-03,EURUSD,,-1,2018-05-03T17:00:00+00:00,2018-05-03T20:00:00+00:00,1.19709,1.1988,1.2000149999999998,29.249999999999396,time_exit,-17.100000000001003,-0.6358974358974834,-0.6615384615385095,-0.6871794871795357
candidate,train,2018-05-02,2018-05-03,2018-05-04,USDJPY,0.011279282160406856,-1,2018-05-04T17:00:00+00:00,2018-05-04T20:00:00+00:00,109.186,108.964,109.41442857142857,22.842857142856893,time_exit,22.20000000000084,0.9061913696060505,0.8733583489681515,0.8405253283302524
control,train,2018-05-02,2018-05-03,2018-05-04,USDJPY,,-1,2018-05-04T17:00:00+00:00,2018-05-04T20:00:00+00:00,109.186,108.964,109.41442857142857,22.842857142856893,time_exit,22.20000000000084,0.9061913696060505,0.8733583489681515,0.8405253283302524
candidate,train,2018-05-03,2018-05-04,2018-05-07,USDJPY,0.011281190515285866,-1,2018-05-07T17:00:00+00:00,2018-05-07T20:00:00+00:00,109.365,109.078,109.55807142857142,19.307142857142626,time_exit,28.699999999999193,1.408805031446516,1.3699593044764822,1.3311135775064484
control,train,2018-05-03,2018-05-04,2018-05-07,GBPUSD,,-1,2018-05-07T17:00:00+00:00,2018-05-07T17:00:00+00:00,1.35379,1.3563057142857142,1.3563057142857142,25.157142857142322,stop,-25.157142857141768,-1.079500283929565,-1.1192504258943587,-1.1590005678591522
candidate,train,2018-05-07,2018-05-08,2018-05-09,GBPUSD,0.00999298737727905,-1,2018-05-09T17:00:00+00:00,2018-05-09T20:00:00+00:00,1.3585,1.35561,1.3619457142857143,34.45714285714211,time_exit,28.900000000000592,0.7806799336650424,0.7516583747927367,0.7226368159204308
control,train,2018-05-07,2018-05-08,2018-05-09,EURUSD,,-1,2018-05-09T17:00:00+00:00,2018-05-09T20:00:00+00:00,1.1878199999999999,1.18549,1.1902264285714286,24.06428571428587,time_exit,23.299999999999432,0.9059067972691899,0.8747402790145151,0.8435737607598404
candidate,train,2018-05-09,2018-05-10,2018-05-11,GBPUSD,0.032035538090254834,-1,2018-05-11T17:00:00+00:00,2018-05-11T20:00:00+00:00,1.35654,1.35514,1.3595732142857144,30.33214285714244,time_exit,14.000000000000679,0.39561992228897164,0.3626515954315592,0.32968326857414676
control,train,2018-05-09,2018-05-10,2018-05-11,GBPUSD,,-1,2018-05-11T17:00:00+00:00,2018-05-11T20:00:00+00:00,1.35654,1.35514,1.3595732142857144,30.33214285714244,time_exit,14.000000000000679,0.39561992228897164,0.3626515954315592,0.32968326857414676
candidate,train,2018-05-11,2018-05-14,2018-05-15,USDJPY,0.015757639029355452,1,2018-05-15T17:00:00+00:00,2018-05-15T20:00:00+00:00,110.32,110.286,110.11074999999998,20.925000000000487,time_exit,-3.3999999999991815,-0.23416965352444766,-0.27001194743125684,-0.30585424133806605
control,train,2018-05-11,2018-05-14,2018-05-15,GBPUSD,,1,2018-05-15T17:00:00+00:00,2018-05-15T20:00:00+00:00,1.34596,1.35172,1.3427853571428572,31.746428571429096,time_exit,57.59999999999987,1.75137810777362,1.7198785015186986,1.6883788952637773
candidate,train,2018-05-14,2018-05-15,2018-05-16,USDJPY,0.052680601770366264,1,2018-05-16T17:00:00+00:00,2018-05-16T20:00:00+00:00,110.206,110.083,110.02728571428571,17.871428571428943,time_exit,-12.300000000000466,-0.7721822541966528,-0.814148681055165,-0.8561151079136773
control,train,2018-05-14,2018-05-15,2018-05-16,EURUSD,,-1,2018-05-16T17:00:00+00:00,2018-05-16T20:00:00+00:00,1.17985,1.18125,1.1830985714285716,32.48571428571395,time_exit,-13.999999999998458,-0.4771328056288054,-0.5002198768689111,-0.5233069481090169
candidate,train,2018-05-16,2018-05-17,2018-05-18,USDJPY,0.024012455957520773,1,2018-05-18T17:00:00+00:00,2018-05-18T17:00:00+00:00,110.92,110.75510714285714,110.75510714285714,16.489285714285426,stop,-16.489285714285984,-1.0909681611436353,-1.136452241715436,-1.1819363222872366
control,train,2018-05-16,2018-05-17,2018-05-18,USDJPY,,1,2018-05-18T17:00:00+00:00,2018-05-18T17:00:00+00:00,110.92,110.75510714285714,110.75510714285714,16.489285714285426,stop,-16.489285714285984,-1.0909681611436353,-1.136452241715436,-1.1819363222872366
candidate,train,2018-05-17,2018-05-18,2018-05-21,EURUSD,0.0075532485427847185,-1,2018-05-21T17:00:00+00:00,2018-05-21T20:00:00+00:00,1.17649,1.1771099999999999,1.1788910714285714,24.010714285714567,time_exit,-6.199999999998429,-0.3206901680796571,-0.3519262234120976,-0.3831622787445381
control,train,2018-05-17,2018-05-18,2018-05-21,GBPUSD,,-1,2018-05-21T17:00:00+00:00,2018-05-21T20:00:00+00:00,1.34261,1.34093,1.3454996428571429,28.896428571428267,time_exit,16.80000000000126,0.5121740205166724,0.4775676677790623,0.44296131504145225
candidate,train,2018-05-18,2018-05-21,2018-05-22,USDJPY,0.032093770882623884,1,2018-05-22T17:00:00+00:00,2018-05-22T20:00:00+00:00,110.952,110.94,110.75539285714285,19.66071428571437,time_exit,-1.2000000000000455,-0.1373297002724813,-0.17547683923705878,-0.21362397820163628
control,train,2018-05-18,2018-05-21,2018-05-22,GBPUSD,,-1,2018-05-22T17:00:00+00:00,2018-05-22T20:00:00+00:00,1.3450199999999999,1.34321,1.3479867857142855,29.667857142857375,time_exit,18.099999999998673,0.5426748525339584,0.5089683399542068,0.475261827374455
candidate,train,2018-05-21,2018-05-22,2018-05-23,USDJPY,0.024177836885638015,-1,2018-05-23T17:00:00+00:00,2018-05-23T20:00:00+00:00,110.076,110.252,110.41671428571428,34.0714285714288,time_exit,-17.600000000000193,-0.560587002096438,-0.58259958071279,-0.6046121593291421
control,train,2018-05-21,2018-05-22,2018-05-23,GBPUSD,,1,2018-05-23T17:00:00+00:00,2018-05-23T20:00:00+00:00,1.33477,1.3336999999999999,1.3311625,36.07499999999961,time_exit,-10.700000000001264,-0.3520443520443909,-0.3797643797644189,-0.4074844074844469
candidate,train,2018-05-22,2018-05-23,2018-05-24,GBPUSD,0.043059380793673,-1,2018-05-24T17:00:00+00:00,2018-05-24T20:00:00+00:00,1.33921,1.33861,1.3427082142857143,34.98214285714316,time_exit,5.999999999999339,0.11434405308829049,0.08575803981621315,0.0571720265441358
control,train,2018-05-22,2018-05-23,2018-05-24,GBPUSD,,-1,2018-05-24T17:00:00+00:00,2018-05-24T20:00:00+00:00,1.33921,1.33861,1.3427082142857143,34.98214285714316,time_exit,5.999999999999339,0.11434405308829049,0.08575803981621315,0.0571720265441358
candidate,train,2018-05-24,2018-05-25,2018-05-29,GBPUSD,0.02811127379209366,-1,2018-05-29T17:00:00+00:00,2018-05-29T20:00:00+00:00,1.32687,1.32433,1.3307560714285713,38.86071428571431,time_exit,25.399999999999867,0.6021505376344048,0.5764176086756694,0.550684679716934
control,train,2018-05-24,2018-05-25,2018-05-29,EURUSD,,-1,2018-05-29T17:00:00+00:00,2018-05-29T20:00:00+00:00,1.15781,1.15464,1.1614346428571427,36.24642857142788,time_exit,31.69999999999895,0.8331855355207279,0.8124938417577953,0.7918021479948626
candidate,train,2018-05-25,2018-05-29,2018-05-30,GBPUSD,0.03409335072229136,-1,2018-05-30T17:00:00+00:00,2018-05-30T20:00:00+00:00,1.32951,1.32917,1.3325217857142857,30.117857142856508,time_exit,3.4000000000000696,0.04648405075299748,0.013281157358000933,-0.019921736036995617
control,train,2018-05-25,2018-05-29,2018-05-30,EURUSD,,-1,2018-05-30T17:00:00+00:00,2018-05-30T18:00:00+00:00,1.16161,1.165035357142857,1.165035357142857,34.25357142857148,stop,-34.25357142857077,-1.0437910541132103,-1.065686581169826,-1.0875821082264414
candidate,train,2018-05-29,2018-05-30,2018-05-31,GBPUSD,0.07257791737134567,1,2018-05-31T17:00:00+00:00,2018-05-31T20:00:00+00:00,1.32922,1.32925,1.3258396428571428,33.80357142857115,time_exit,0.2999999999997449,-0.050290544109886454,-0.07987321711569757,-0.1094558901215087
control,train,2018-05-29,2018-05-30,2018-05-31,EURUSD,,1,2018-05-31T17:00:00+00:00,2018-05-31T20:00:00+00:00,1.16485,1.16705,1.1611932142857142,36.56785714285737,time_exit,21.999999999999797,0.5606016212520664,0.5400918058404052,0.5195819904287441
candidate,train,2018-05-30,2018-05-31,2018-06-01,GBPUSD,0.02074604676307601,1,2018-06-01T17:00:00+00:00,2018-06-01T20:00:00+00:00,1.33151,1.33471,1.3284264285714285,30.835714285714793,time_exit,32.00000000000092,0.9728978457262124,0.9404679175353396,0.9080379893444669
control,train,2018-05-30,2018-05-31,2018-06-01,USDJPY,,-1,2018-06-01T17:00:00+00:00,2018-06-01T20:00:00+00:00,109.715,109.49,109.97707142857143,26.207142857142834,time_exit,22.500000000000853,0.8013082583810635,0.7726901062960266,0.7440719542109898
candidate,train,2018-05-31,2018-06-01,2018-06-04,EURUSD,0.016708598171762512,-1,2018-06-04T17:00:00+00:00,2018-06-04T20:00:00+00:00,1.17167,1.16854,1.1744653571428572,27.95357142857113,time_exit,31.30000000000077,1.0660534048805808,1.0392232017376137,1.0123929985946467
control,train,2018-05-31,2018-06-01,2018-06-04,USDJPY,,1,2018-06-04T17:00:00+00:00,2018-06-04T20:00:00+00:00,109.574,109.688,109.39410714285714,17.989285714285735,time_exit,11.400000000000432,0.5503275759380818,0.5086360929124714,0.4669446098868609
candidate,train,2018-06-01,2018-06-04,2018-06-05,EURUSD,0.020895954420379503,1,2018-06-05T17:00:00+00:00,2018-06-05T20:00:00+00:00,1.1663000000000001,1.17151,1.1640350000000002,22.650000000000407,time_exit,52.09999999999937,2.2339955849888944,2.200883002207438,2.167770419425982
control,train,2018-06-01,2018-06-04,2018-06-05,GBPUSD,,-1,2018-06-05T17:00:00+00:00,2018-06-05T19:00:00+00:00,1.33528,1.338337857142857,1.338337857142857,30.578571428570726,stop,-30.57857142857001,-1.065405279140366,-1.0981079187105607,-1.1308105582807553
candidate,train,2018-06-04,2018-06-05,2018-06-06,GBPUSD,0.05839658045608642,1,2018-06-06T17:00:00+00:00,2018-06-06T19:00:00+00:00,1.34352,1.3409635714285715,1.3409635714285715,25.564285714285226,stop,-25.564285714285706,-1.0782341436155554,-1.1173512154233236,-1.1564682872310919
control,train,2018-06-04,2018-06-05,2018-06-06,GBPUSD,,1,2018-06-06T17:00:00+00:00,2018-06-06T19:00:00+00:00,1.34352,1.3409635714285715,1.3409635714285715,25.564285714285226,stop,-25.564285714285706,-1.0782341436155554,-1.1173512154233236,-1.1564682872310919
candidate,train,2018-06-05,2018-06-06,2018-06-07,GBPUSD,0.04294604076177744,1,2018-06-07T17:00:00+00:00,2018-06-07T20:00:00+00:00,1.33869,1.34121,1.3347996428571427,38.90357142857174,time_exit,25.200000000000777,0.5963462774258851,0.5706416965023564,0.5449371155788277
control,train,2018-06-05,2018-06-06,2018-06-07,EURUSD,,1,2018-06-07T17:00:00+00:00,2018-06-07T20:00:00+00:00,1.18122,1.18079,1.1788349999999999,23.84999999999994,time_exit,-4.299999999999304,-0.24318658280919575,-0.274633123689699,-0.3060796645702022
candidate,train,2018-06-06,2018-06-07,2018-06-08,USDJPY,0.07761082568680466,-1,2018-06-08T17:00:00+00:00,2018-06-08T20:00:00+00:00,109.497,109.495,109.70003571428572,20.303571428571384,time_exit,0.19999999999953388,-0.06402814423924913,-0.10096745822341807,-0.13790677220758701
control,train,2018-06-06,2018-06-07,2018-06-08,USDJPY,,-1,2018-06-08T17:00:00+00:00,2018-06-08T20:00:00+00:00,109.497,109.495,109.70003571428572,20.303571428571384,time_exit,0.19999999999953388,-0.06402814423924913,-0.10096745822341807,-0.13790677220758701
candidate,train,2018-06-07,2018-06-08,2018-06-11,USDJPY,0.014052604223481424,-1,2018-06-11T17:00:00+00:00,2018-06-11T20:00:00+00:00,109.901,110.011,110.08324999999999,18.224999999999778,time_exit,-10.999999999999943,-0.6858710562414319,-0.7270233196159179,-0.7681755829904041
control,train,2018-06-07,2018-06-08,2018-06-11,EURUSD,,-1,2018-06-11T17:00:00+00:00,2018-06-11T20:00:00+00:00,1.18059,1.17882,1.1830007142857144,24.107142857142815,time_exit,17.700000000000493,0.6720000000000216,0.6408888888889105,0.6097777777777993
candidate,train,2018-06-08,2018-06-11,2018-06-12,USDJPY,0.050736238633703135,1,2018-06-12T17:00:00+00:00,2018-06-12T20:00:00+00:00,110.224,110.258,109.9945,22.95000000000011,time_exit,3.3999999999991815,0.08278867102392908,0.05010893246183773,0.017429193899746384
control,train,2018-06-08,2018-06-11,2018-06-12,USDJPY,,1,2018-06-12T17:00:00+00:00,2018-06-12T20:00:00+00:00,110.224,110.258,109.9945,22.95000000000011,time_exit,3.3999999999991815,0.08278867102392908,0.05010893246183773,0.017429193899746384
candidate,train,2018-06-11,2018-06-12,2018-06-13,GBPUSD,0.06482467978312845,1,2018-06-13T17:00:00+00:00,2018-06-13T20:00:00+00:00,1.33504,1.33857,1.3327107142857144,23.292857142856526,time_exit,35.30000000000033,1.4296228150874486,1.386691199018757,1.343759582950065
control,train,2018-06-11,2018-06-12,2018-06-13,USDJPY,,1,2018-06-13T17:00:00+00:00,2018-06-13T20:00:00+00:00,110.4,110.399,110.26232142857144,13.76785714285726,time_exit,-0.10000000000047748,-0.11621271076527365,-0.1706874189364794,-0.22516212710768518
candidate,train,2018-06-12,2018-06-13,2018-06-14,USDJPY,0.064011201062665,1,2018-06-14T17:00:00+00:00,2018-06-14T20:00:00+00:00,110.345,110.438,110.13853571428572,20.646428571428185,time_exit,9.300000000000352,0.37778930980801584,0.3414634146341698,0.30513751946032375
control,train,2018-06-12,2018-06-13,2018-06-14,EURUSD,,1,2018-06-14T17:00:00+00:00,2018-06-14T20:00:00+00:00,1.16519,1.1633499999999999,1.1616232142857141,35.66785714285742,time_exit,-18.400000000000638,-0.5579253028937754,-0.5789526384299724,-0.5999799739661692
candidate,train,2018-06-13,2018-06-14,2018-06-15,USDJPY,0.04402080697314781,1,2018-06-15T17:00:00+00:00,2018-06-15T20:00:00+00:00,110.639,110.59,110.37907142857142,25.992857142857318,time_exit,-4.899999999999238,-0.2462214894201394,-0.2750755702115654,-0.30392965100299146
control,train,2018-06-13,2018-06-14,2018-06-15,EURUSD,,-1,2018-06-15T17:00:00+00:00,2018-06-15T20:00:00+00:00,1.15985,1.1605,1.1630942857142856,32.442857142856994,time_exit,-6.500000000000394,-0.24658740642889923,-0.2697049757816074,-0.29282254513431555
candidate,train,2018-06-14,2018-06-15,2018-06-18,USDJPY,0.047432575826946044,1,2018-06-18T17:00:00+00:00,2018-06-18T20:00:00+00:00,110.431,110.462,110.25121428571428,17.978571428571094,time_exit,3.100000000000591,0.08899483512121054,0.04727850615815851,0.005562177195106485
control,train,2018-06-14,2018-06-15,2018-06-18,EURUSD,,-1,2018-06-18T17:00:00+00:00,2018-06-18T20:00:00+00:00,1.16042,1.16046,1.1626132142857142,21.932142857142367,time_exit,-0.40000000000040004,-0.08663084188244975,-0.12082722683604114,-0.15502361178963253
candidate,train,2018-06-15,2018-06-18,2018-06-19,USDJPY,0.017057580261134797,-1,2018-06-19T17:00:00+00:00,2018-06-19T20:00:00+00:00,109.855,109.951,110.11396428571429,25.896428571428437,time_exit,-9.599999999998943,-0.42863053371944837,-0.4575920562680625,-0.48655357881667666
control,train,2018-06-15,2018-06-18,2018-06-19,GBPUSD,,-1,2018-06-19T17:00:00+00:00,2018-06-19T20:00:00+00:00,1.31665,1.31725,1.3197464285714287,30.964285714285634,time_exit,-5.999999999999339,-0.2583621683967498,-0.2906574394463462,-0.3229527104959426
candidate,train,2018-06-18,2018-06-19,2018-06-20,GBPUSD,0.035179332707849786,-1,2018-06-20T17:00:00+00:00,2018-06-20T20:00:00+00:00,1.31925,1.31954,1.3219435714285714,26.935714285713985,time_exit,-2.8999999999990145,-0.18191461150884902,-0.21904004242902977,-0.2561654733492105
control,train,2018-06-18,2018-06-19,2018-06-20,GBPUSD,,-1,2018-06-20T17:00:00+00:00,2018-06-20T20:00:00+00:00,1.31925,1.31954,1.3219435714285714,26.935714285713985,time_exit,-2.8999999999990145,-0.18191461150884902,-0.21904004242902977,-0.2561654733492105
candidate,train,2018-06-20,2018-06-21,2018-06-22,EURUSD,0.011369915460311963,1,2018-06-22T17:00:00+00:00,2018-06-22T17:00:00+00:00,1.165,1.1622142857142859,1.1622142857142859,27.857142857142644,stop,-27.857142857141692,-1.0538461538461201,-1.0807692307691972,-1.1076923076922742
control,train,2018-06-20,2018-06-21,2018-06-22,GBPUSD,,1,2018-06-22T17:00:00+00:00,2018-06-22T20:00:00+00:00,1.32756,1.32521,1.3248032142857145,27.567857142857175,time_exit,-23.500000000000743,-0.924990283715533,-0.9612644124886901,-0.9975385412618473
candidate,train,2018-06-21,2018-06-22,2018-06-25,USDJPY,0.0008901826498852738,-1,2018-06-25T17:00:00+00:00,2018-06-25T20:00:00+00:00,109.524,109.542,109.73003571428572,20.6035714285713,time_exit,-1.8000000000000682,-0.16016640665627055,-0.19656786271451313,-0.23296931877275567
control,train,2018-06-21,2018-06-22,2018-06-25,EURUSD,,1,2018-06-25T17:00:00+00:00,2018-06-25T20:00:00+00:00,1.16798,1.16917,1.1653067857142858,26.732142857143124,time_exit,11.900000000000244,0.38904475617902995,0.36098864395458136,0.3329325317301327
candidate,train,2018-06-22,2018-06-25,2018-06-26,USDJPY,0.025110686973344176,-1,2018-06-26T17:00:00+00:00,2018-06-26T17:00:00+00:00,109.774,109.97917857142858,109.97917857142858,20.517857142857054,stop,-20.517857142857565,-1.0731070496083803,-1.109660574412558,-1.1462140992167358
control,train,2018-06-22,2018-06-25,2018-06-26,EURUSD,,1,2018-06-26T17:00:00+00:00,2018-06-26T20:00:00+00:00,1.16645,1.1657899999999999,1.1642707142857143,21.79285714285669,time_exit,-6.6000000000010495,-0.3716814159292594,-0.40609636184863085,-0.44051130776800224
candidate,train,2018-06-26,2018-06-27,2018-06-28,GBPUSD,0.0431761113796314,-1,2018-06-28T17:00:00+00:00,2018-06-28T20:00:00+00:00,1.30877,1.30946,1.3122285714285715,34.58571428571438,time_exit,-6.900000000000794,-0.25733168112352495,-0.2862453531598735,-0.315159025196222
control,train,2018-06-26,2018-06-27,2018-06-28,GBPUSD,,-1,2018-06-28T17:00:00+00:00,2018-06-28T20:00:00+00:00,1.30877,1.30946,1.3122285714285715,34.58571428571438,time_exit,-6.900000000000794,-0.25733168112352495,-0.2862453531598735,-0.315159025196222
candidate,train,2018-06-27,2018-06-28,2018-06-29,GBPUSD,0.045237005520428974,-1,2018-06-29T17:00:00+00:00,2018-06-29T17:00:00+00:00,1.31589,1.319690357142857,1.319690357142857,38.00357142857084,stop,-38.003571428570915,-1.0526266328352627,-1.078939949252893,-1.1052532656705234
control,train,2018-06-27,2018-06-28,2018-06-29,GBPUSD,,-1,2018-06-29T17:00:00+00:00,2018-06-29T17:00:00+00:00,1.31589,1.319690357142857,1.319690357142857,38.00357142857084,stop,-38.003571428570915,-1.0526266328352627,-1.078939949252893,-1.1052532656705234
candidate,train,2018-06-28,2018-06-29,2018-07-02,USDJPY,0.054024402617827594,1,2018-07-02T17:00:00+00:00,2018-07-02T20:00:00+00:00,110.811,110.842,110.61482142857143,19.617857142857332,time_exit,3.09999999999917,0.08155834698703136,0.04332787183684059,0.0050973966866498
control,train,2018-06-28,2018-06-29,2018-07-02,GBPUSD,,1,2018-07-02T17:00:00+00:00,2018-07-02T20:00:00+00:00,1.31131,1.31239,1.3083678571428572,29.421428571428375,time_exit,10.799999999999699,0.29910172371934113,0.26511289147850575,0.23112405923767035
candidate,train,2018-06-29,2018-07-02,2018-07-03,USDJPY,0.03301906658564313,1,2018-07-03T17:00:00+00:00,2018-07-03T20:00:00+00:00,110.635,110.55,110.41289285714286,22.21071428571406,time_exit,-8.500000000000796,-0.45023315645606227,-0.4840006431902642,-0.5177681299244662
control,train,2018-06-29,2018-07-02,2018-07-03,EURUSD,,-1,2018-07-03T17:00:00+00:00,2018-07-03T20:00:00+00:00,1.16562,1.16498,1.1680092857142859,23.892857142857125,time_exit,6.40000000000196,0.20508221225718232,0.17369207772803433,0.1423019431988863
candidate,train,2018-07-03,2018-07-05,2018-07-06,USDJPY,0.011470881153371915,1,2018-07-06T17:00:00+00:00,2018-07-06T20:00:00+00:00,110.39,110.471,110.20196428571428,18.80357142857123,time_exit,8.100000000000307,0.350997150997171,0.3111111111111307,0.2712250712250904
control,train,2018-07-03,2018-07-05,2018-07-06,GBPUSD,,1,2018-07-06T17:00:00+00:00,2018-07-06T20:00:00+00:00,1.32694,1.32633,1.324147857142857,27.921428571428063,time_exit,-6.099999999999994,-0.29009976976209256,-0.3259145561524744,-0.3617293425428562
candidate,train,2018-07-06,2018-07-09,2018-07-10,USDJPY,0.022514501632754147,1,2018-07-10T17:00:00+00:00,2018-07-10T20:00:00+00:00,111.273,111.272,111.12803571428572,14.49642857142851,time_exit,-0.0999999999990564,-0.11037201281097257,-0.1621088938161465,-0.2138457748213204
control,train,2018-07-06,2018-07-09,2018-07-10,GBPUSD,,-1,2018-07-10T17:00:00+00:00,2018-07-10T20:00:00+00:00,1.3260399999999999,1.32505,1.3296657142857142,36.25714285714295,time_exit,9.899999999998244,0.21788810086677526,0.190307328605152,0.16272655634352876
candidate,train,2018-07-09,2018-07-10,2018-07-11,USDJPY,0.07564300092679499,1,2018-07-11T17:00:00+00:00,2018-07-11T20:00:00+00:00,111.195,111.891,110.99024999999999,20.474999999999866,time_exit,69.60000000000122,3.326007326007407,3.28937728937737,3.2527472527473336
control,train,2018-07-09,2018-07-10,2018-07-11,USDJPY,,1,2018-07-11T17:00:00+00:00,2018-07-11T20:00:00+00:00,111.195,111.891,110.99024999999999,20.474999999999866,time_exit,69.60000000000122,3.326007326007407,3.28937728937737,3.2527472527473336
candidate,train,2018-07-10,2018-07-11,2018-07-12,USDJPY,0.08082210575419158,1,2018-07-12T17:00:00+00:00,2018-07-12T20:00:00+00:00,112.522,112.438,112.29807142857143,22.39285714285733,time_exit,-8.400000000000318,-0.44210526315790527,-0.4755980861244121,-0.509090909090919
control,train,2018-07-10,2018-07-11,2018-07-12,USDJPY,,1,2018-07-12T17:00:00+00:00,2018-07-12T20:00:00+00:00,112.522,112.438,112.29807142857143,22.39285714285733,time_exit,-8.400000000000318,-0.44210526315790527,-0.4755980861244121,-0.509090909090919
candidate,train,2018-07-11,2018-07-12,2018-07-13,USDJPY,0.03904195143747913,1,2018-07-13T17:00:00+00:00,2018-07-13T20:00:00+00:00,112.512,112.437,112.31292857142857,19.907142857143207,time_exit,-7.500000000000284,-0.452099031216368,-0.4897739504843975,-0.527448869752427
control,train,2018-07-11,2018-07-12,2018-07-13,USDJPY,,1,2018-07-13T17:00:00+00:00,2018-07-13T20:00:00+00:00,112.512,112.437,112.31292857142857,19.907142857143207,time_exit,-7.500000000000284,-0.452099031216368,-0.4897739504843975,-0.527448869752427
candidate,train,2018-07-12,2018-07-13,2018-07-16,USDJPY,0.027332124653644874,-1,2018-07-16T17:00:00+00:00,2018-07-16T20:00:00+00:00,112.334,112.331,112.47714285714287,14.314285714285546,time_exit,0.30000000000001137,-0.0838323353293415,-0.13622754491018044,-0.1886227544910194
control,train,2018-07-12,2018-07-13,2018-07-16,EURUSD,,-1,2018-07-16T17:00:00+00:00,2018-07-16T20:00:00+00:00,1.17181,1.17056,1.1737021428571428,18.92142857142834,time_exit,12.499999999999734,0.5813514533786265,0.5417138542846283,0.50207625519063
candidate,train,2018-07-13,2018-07-16,2018-07-17,USDJPY,0.016824910571580753,-1,2018-07-17T17:00:00+00:00,2018-07-17T20:00:00+00:00,112.761,112.873,112.92471428571429,16.371428571428787,time_exit,-11.200000000000898,-0.7757417102967288,-0.8215532286213355,-0.8673647469459422
control,train,2018-07-13,2018-07-16,2018-07-17,EURUSD,,1,2018-07-17T17:00:00+00:00,2018-07-17T18:00:00+00:00,1.16858,1.1665517857142857,1.1665517857142857,20.282142857142503,stop,-20.282142857142027,-1.073956682514505,-1.1109350237717692,-1.1479133650290336
candidate,train,2018-07-16,2018-07-17,2018-07-18,GBPUSD,0.0652143168279864,-1,2018-07-18T17:00:00+00:00,2018-07-18T19:00:00+00:00,1.3039,1.307067142857143,1.307067142857143,31.671428571428127,stop,-31.67142857142924,-1.063148398737068,-1.0947225981055846,-1.126296797474101
control,train,2018-07-16,2018-07-17,2018-07-18,GBPUSD,,-1,2018-07-18T17:00:00+00:00,2018-07-18T19:00:00+00:00,1.3039,1.307067142857143,1.307067142857143,31.671428571428127,stop,-31.67142857142924,-1.063148398737068,-1.0947225981055846,-1.126296797474101
candidate,train,2018-07-17,2018-07-18,2018-07-19,GBPUSD,0.04672887269714665,-1,2018-07-19T17:00:00+00:00,2018-07-19T20:00:00+00:00,1.29799,1.29894,1.3012878571428572,32.97857142857146,time_exit,-9.500000000000064,-0.34871128438380056,-0.37903400476500043,-0.40935672514620036
control,train,2018-07-17,2018-07-18,2018-07-19,GBPUSD,,-1,2018-07-19T17:00:00+00:00,2018-07-19T20:00:00+00:00,1.29799,1.29894,1.3012878571428572,32.97857142857146,time_exit,-9.500000000000064,-0.34871128438380056,-0.37903400476500043,-0.40935672514620036
candidate,train,2018-07-18,2018-07-19,2018-07-20,USDJPY,0.029366089791121652,1,2018-07-20T17:00:00+00:00,2018-07-20T17:00:00+00:00,111.854,111.56825,111.56825,28.57499999999986,stop,-28.574999999999307,-1.052493438320191,-1.078740157480296,-1.104986876640401
control,train,2018-07-18,2018-07-19,2018-07-20,GBPUSD,,-1,2018-07-20T17:00:00+00:00,2018-07-20T20:00:00+00:00,1.31018,1.31185,1.3136910714285714,35.11071428571496,time_exit,-16.700000000000603,-0.5326009561590955,-0.5610822907130569,-0.5895636252670183
candidate,train,2018-07-19,2018-07-20,2018-07-23,EURUSD,0.012542884255091424,1,2018-07-23T17:00:00+00:00,2018-07-23T20:00:00+00:00,1.17019,1.1699,1.1676860714285715,25.039285714286073,time_exit,-2.900000000001235,-0.17572386250182973,-0.20567679361008773,-0.23562972471834576
control,train,2018-07-19,2018-07-20,2018-07-23,GBPUSD,,1,2018-07-23T17:00:00+00:00,2018-07-23T20:00:00+00:00,1.31118,1.31055,1.3086557142857143,25.24285714285741,time_exit,-6.299999999999084,-0.32880588568190705,-0.36842105263153874,-0.4080362195811705
candidate,train,2018-07-23,2018-07-24,2018-07-25,EURUSD,0.0020392315062276456,-1,2018-07-25T17:00:00+00:00,2018-07-25T20:00:00+00:00,1.16962,1.16782,1.171489642857143,18.69642857142877,time_exit,18.000000000000238,0.8825214899713502,0.8424068767908348,0.8022922636103195
control,train,2018-07-23,2018-07-24,2018-07-25,GBPUSD,,1,2018-07-25T17:00:00+00:00,2018-07-25T20:00:00+00:00,1.3153299999999999,1.31501,1.3127939285714285,25.36071428571342,time_exit,-3.1999999999987594,-0.20504154344454334,-0.2444726094915803,-0.2839036755386173
candidate,train,2018-07-24,2018-07-25,2018-07-26,EURUSD,0.0003160314501615691,-1,2018-07-26T17:00:00+00:00,2018-07-26T20:00:00+00:00,1.16816,1.16629,1.170359642857143,21.996428571429455,time_exit,18.700000000000383,0.781945120961181,0.7478486767332233,0.7137522325052655
control,train,2018-07-24,2018-07-25,2018-07-26,USDJPY,,-1,2018-07-26T17:00:00+00:00,2018-07-26T20:00:00+00:00,111.055,111.09,111.23317857142858,17.817857142856802,time_exit,-3.499999999999659,-0.2806173581879999,-0.3227099619162027,-0.36480256564440555
candidate,train,2018-07-25,2018-07-26,2018-07-27,EURUSD,0.0006560108503390616,-1,2018-07-27T17:00:00+00:00,2018-07-27T20:00:00+00:00,1.16541,1.16576,1.167264642857143,18.54642857142874,time_exit,-3.4999999999985043,-0.2695936838050392,-0.31003273637580714,-0.3504717889465751
control,train,2018-07-25,2018-07-26,2018-07-27,GBPUSD,,-1,2018-07-27T17:00:00+00:00,2018-07-27T20:00:00+00:00,1.31154,1.31124,1.3139089285714285,23.68928571428579,time_exit,2.9999999999996696,0.04221317654152067,-1.394733366439993e-14,-0.04221317654154856
candidate,train,2018-07-26,2018-07-27,2018-07-30,GBPUSD,0.00600293523929607,-1,2018-07-30T17:00:00+00:00,2018-07-30T20:00:00+00:00,1.31342,1.31378,1.3156271428571429,22.071428571428758,time_exit,-3.5999999999991594,-0.25372168284785623,-0.2990291262135516,-0.344336569579247
control,train,2018-07-26,2018-07-27,2018-07-30,USDJPY,,-1,2018-07-30T17:00:00+00:00,2018-07-30T20:00:00+00:00,110.968,110.935,111.11735714285714,14.935714285714042,time_exit,3.300000000000125,0.12051649928265022,0.07030129124821612,0.020086083213782014
candidate,train,2018-07-27,2018-07-30,2018-07-31,EURUSD,0.01718185272928685,1,2018-07-31T17:00:00+00:00,2018-07-31T20:00:00+00:00,1.17053,1.17046,1.1683153571428573,22.1464285714283,time_exit,-0.700000000000145,-0.09933881631995617,-0.13320432188357534,-0.16706982744719454
control,train,2018-07-27,2018-07-30,2018-07-31,EURUSD,,1,2018-07-31T17:00:00+00:00,2018-07-31T20:00:00+00:00,1.17053,1.17046,1.1683153571428573,22.1464285714283,time_exit,-0.700000000000145,-0.09933881631995617,-0.13320432188357534,-0.16706982744719454
candidate,train,2018-07-30,2018-07-31,2018-08-01,USDJPY,0.05215050330928506,1,2018-08-01T17:00:00+00:00,2018-08-01T18:00:00+00:00,111.951,111.78332142857141,111.78332142857141,16.767857142857423,stop,-16.767857142858134,-1.0894568690096256,-1.1341853035144172,-1.1789137380192087
control,train,2018-07-30,2018-07-31,2018-08-01,USDJPY,,1,2018-08-01T17:00:00+00:00,2018-08-01T18:00:00+00:00,111.951,111.78332142857141,111.78332142857141,16.767857142857423,stop,-16.767857142858134,-1.0894568690096256,-1.1341853035144172,-1.1789137380192087
candidate,train,2018-07-31,2018-08-01,2018-08-02,GBPUSD,0.015865760952366026,-1,2018-08-02T17:00:00+00:00,2018-08-02T20:00:00+00:00,1.30558,1.30329,1.3086849999999999,31.049999999999528,time_exit,22.899999999999032,0.6731078904991739,0.6409017713365325,0.6086956521738911
control,train,2018-07-31,2018-08-01,2018-08-02,EURUSD,,-1,2018-08-02T17:00:00+00:00,2018-08-02T20:00:00+00:00,1.16247,1.16089,1.1644189285714284,19.48928571428492,time_exit,15.799999999999148,0.733736485248291,0.6952538024555462,0.6567711196628014
candidate,train,2018-08-01,2018-08-02,2018-08-03,GBPUSD,0.06631431423148726,-1,2018-08-03T17:00:00+00:00,2018-08-03T20:00:00+00:00,1.3002099999999999,1.30193,1.3030985714285714,28.885714285714624,time_exit,-17.20000000000166,-0.6646884272997529,-0.6993076162216121,-0.7339268051434712
control,train,2018-08-01,2018-08-02,2018-08-03,GBPUSD,,-1,2018-08-03T17:00:00+00:00,2018-08-03T20:00:00+00:00,1.3002099999999999,1.30193,1.3030985714285714,28.885714285714624,time_exit,-17.20000000000166,-0.6646884272997529,-0.6993076162216121,-0.7339268051434712
candidate,train,2018-08-02,2018-08-03,2018-08-06,USDJPY,0.010445215425967325,-1,2018-08-06T17:00:00+00:00,2018-08-06T20:00:00+00:00,111.485,111.417,111.61903571428572,13.403571428571482,time_exit,6.799999999999784,0.3954169997335288,0.33946176392217814,0.28350652811082744
control,train,2018-08-02,2018-08-03,2018-08-06,USDJPY,,-1,2018-08-06T17:00:00+00:00,2018-08-06T20:00:00+00:00,111.485,111.417,111.61903571428572,13.403571428571482,time_exit,6.799999999999784,0.3954169997335288,0.33946176392217814,0.28350652811082744
candidate,train,2018-08-03,2018-08-06,2018-08-07,GBPUSD,0.030520611573446876,-1,2018-08-07T17:00:00+00:00,2018-08-07T20:00:00+00:00,1.29489,1.29486,1.2968925000000002,20.025000000000336,time_exit,0.30000000000196536,-0.08489388264659206,-0.1348314606740569,-0.18476903870152173
control,train,2018-08-03,2018-08-06,2018-08-07,GBPUSD,,-1,2018-08-07T17:00:00+00:00,2018-08-07T20:00:00+00:00,1.29489,1.29486,1.2968925000000002,20.025000000000336,time_exit,0.30000000000196536,-0.08489388264659206,-0.1348314606740569,-0.18476903870152173
candidate,train,2018-08-06,2018-08-07,2018-08-08,GBPUSD,0.03179052340976951,1,2018-08-08T17:00:00+00:00,2018-08-08T20:00:00+00:00,1.28736,1.28796,1.2846214285714286,27.38571428571455,time_exit,5.999999999999339,0.1460615545122332,0.10954616588416886,0.07303077725610453
control,train,2018-08-06,2018-08-07,2018-08-08,EURUSD,,1,2018-08-08T17:00:00+00:00,2018-08-08T20:00:00+00:00,1.1588,1.15944,1.156702142857143,20.97857142857183,time_exit,6.399999999999739,0.23357167177390206,0.197820905686058,0.16207013959821395
candidate,train,2018-08-07,2018-08-08,2018-08-09,GBPUSD,0.04316091718655435,-1,2018-08-09T17:00:00+00:00,2018-08-09T20:00:00+00:00,1.2880099999999999,1.28479,1.2911171428571429,31.07142857142919,time_exit,32.199999999997786,0.9719540229884152,0.9397701149424388,0.9075862068964624
control,train,2018-08-07,2018-08-08,2018-08-09,GBPUSD,,-1,2018-08-09T17:00:00+00:00,2018-08-09T20:00:00+00:00,1.2880099999999999,1.28479,1.2911171428571429,31.07142857142919,time_exit,32.199999999997786,0.9719540229884152,0.9397701149424388,0.9075862068964624
candidate,train,2018-08-08,2018-08-09,2018-08-10,GBPUSD,0.02685348362443518,-1,2018-08-10T17:00:00+00:00,2018-08-10T17:00:00+00:00,1.27414,1.2777785714285714,1.2777785714285714,36.38571428571404,stop,-36.385714285713796,-1.0549666274047838,-1.0824499411071788,-1.109933254809574
control,train,2018-08-08,2018-08-09,2018-08-10,EURUSD,,-1,2018-08-10T17:00:00+00:00,2018-08-10T20:00:00+00:00,1.14236,1.14016,1.1461646428571428,38.046428571428734,time_exit,21.999999999999797,0.5388153571763746,0.519102600206507,0.4993898432366395
candidate,train,2018-08-09,2018-08-10,2018-08-13,GBPUSD,0.02514443500424801,-1,2018-08-13T17:00:00+00:00,2018-08-13T20:00:00+00:00,1.27832,1.2744900000000001,1.2813221428571426,30.021428571428025,time_exit,38.29999999999778,1.2091363311919539,1.1758267903877657,1.1425172495835776
control,train,2018-08-09,2018-08-10,2018-08-13,EURUSD,,-1,2018-08-13T17:00:00+00:00,2018-08-13T20:00:00+00:00,1.14276,1.13934,1.1461896428571428,34.29642857142795,time_exit,34.19999999999978,0.9534520462355622,0.9315838800374987,0.9097157138394353
candidate,train,2018-08-10,2018-08-13,2018-08-14,GBPUSD,0.011955129931750186,-1,2018-08-14T17:00:00+00:00,2018-08-14T20:00:00+00:00,1.27702,1.27119,1.279782142857143,27.621428571428478,time_exit,58.30000000000002,2.0382725627101186,2.0020687871735268,1.9658650116369352
control,train,2018-08-10,2018-08-13,2018-08-14,EURUSD,,-1,2018-08-14T17:00:00+00:00,2018-08-14T20:00:00+00:00,1.1381999999999999,1.13413,1.1409449999999999,27.450000000000212,time_exit,40.69999999999796,1.428051001821408,1.4007285974498236,1.373406193078239
candidate,train,2018-08-13,2018-08-14,2018-08-15,GBPUSD,0.030540040294180226,-1,2018-08-15T17:00:00+00:00,2018-08-15T18:00:00+00:00,1.26702,1.2699460714285715,1.2699460714285715,29.26071428571446,stop,-29.26071428571486,-1.0683510313682545,-1.1025265470523749,-1.1367020627364952
control,train,2018-08-13,2018-08-14,2018-08-15,EURUSD,,-1,2018-08-15T17:00:00+00:00,2018-08-15T17:00:00+00:00,1.13021,1.1324257142857141,1.1324257142857141,22.15714285714313,stop,-22.157142857142098,-1.0676982591875737,-1.1015473887813836,-1.1353965183751937
candidate,train,2018-08-14,2018-08-15,2018-08-16,USDJPY,0.006968156275086956,-1,2018-08-16T17:00:00+00:00,2018-08-16T18:00:00+00:00,110.648,110.87567857142857,110.87567857142857,22.767857142857295,stop,-22.76785714285694,-1.0658823529411605,-1.0988235294117485,-1.1317647058823364
control,train,2018-08-14,2018-08-15,2018-08-16,USDJPY,,-1,2018-08-16T17:00:00+00:00,2018-08-16T18:00:00+00:00,110.648,110.87567857142857,110.87567857142857,22.767857142857295,stop,-22.76785714285694,-1.0658823529411605,-1.0988235294117485,-1.1317647058823364
candidate,train,2018-08-15,2018-08-16,2018-08-17,GBPUSD,0.02083761572534648,1,2018-08-17T17:00:00+00:00,2018-08-17T20:00:00+00:00,1.27255,1.27283,1.270152142857143,23.9785714285715,time_exit,2.7999999999983594,0.033363121834903184,-0.008340780458811321,-0.050044682752525826
control,train,2018-08-15,2018-08-16,2018-08-17,EURUSD,,1,2018-08-17T17:00:00+00:00,2018-08-17T20:00:00+00:00,1.14107,1.14091,1.138754642857143,23.15357142857109,time_exit,-1.5999999999993797,-0.1338886318062377,-0.16628104272710814,-0.1986734536479786
candidate,train,2018-08-16,2018-08-17,2018-08-20,USDJPY,0.031747923653286714,-1,2018-08-20T17:00:00+00:00,2018-08-20T20:00:00+00:00,110.408,110.309,110.543,13.500000000000206,time_exit,9.900000000000375,0.6222222222222406,0.5666666666666859,0.5111111111111311
control,train,2018-08-16,2018-08-17,2018-08-20,USDJPY,,-1,2018-08-20T17:00:00+00:00,2018-08-20T20:00:00+00:00,110.408,110.309,110.543,13.500000000000206,time_exit,9.900000000000375,0.6222222222222406,0.5666666666666859,0.5111111111111311
candidate,train,2018-08-17,2018-08-20,2018-08-21,GBPUSD,0.027191596169935828,1,2018-08-21T17:00:00+00:00,2018-08-21T20:00:00+00:00,1.2864900000000001,1.28786,1.283874642857143,26.153571428571475,time_exit,13.699999999998713,0.4473576403112978,0.40912194455819123,0.37088624880508464
control,train,2018-08-17,2018-08-20,2018-08-21,GBPUSD,,1,2018-08-21T17:00:00+00:00,2018-08-21T20:00:00+00:00,1.2864900000000001,1.28786,1.283874642857143,26.153571428571475,time_exit,13.699999999998713,0.4473576403112978,0.40912194455819123,0.37088624880508464
candidate,train,2018-08-20,2018-08-21,2018-08-22,GBPUSD,0.008303543146748638,1,2018-08-22T17:00:00+00:00,2018-08-22T20:00:00+00:00,1.29189,1.29085,1.2896517857142857,22.382142857141982,time_exit,-10.399999999999299,-0.554013084410394,-0.5986915589596219,-0.6433700335088497
control,train,2018-08-20,2018-08-21,2018-08-22,EURUSD,,1,2018-08-22T17:00:00+00:00,2018-08-22T20:00:00+00:00,1.16011,1.15896,1.1577817857142856,23.282142857142883,time_exit,-11.499999999999844,-0.5583678478294144,-0.590581377511881,-0.6227949071943476
candidate,train,2018-08-21,2018-08-22,2018-08-23,USDJPY,0.018190052874386575,1,2018-08-23T17:00:00+00:00,2018-08-23T20:00:00+00:00,111.057,111.258,110.87100000000001,18.59999999999974,time_exit,20.09999999999934,0.9999999999999786,0.9596774193548168,0.9193548387096548
control,train,2018-08-21,2018-08-22,2018-08-23,EURUSD,,1,2018-08-23T17:00:00+00:00,2018-08-23T19:00:00+00:00,1.15785,1.155105,1.155105,27.449999999999495,stop,-27.449999999999974,-1.054644808743188,-1.081967213114773,-1.1092896174863582
candidate,train,2018-08-22,2018-08-23,2018-08-24,EURUSD,0.001144682200567182,-1,2018-08-24T17:00:00+00:00,2018-08-24T17:00:00+00:00,1.15903,1.1611717857142858,1.1611717857142858,21.417857142857564,stop,-21.417857142858043,-1.0700350175087754,-1.1050525262631519,-1.1400700350175283
control,train,2018-08-22,2018-08-23,2018-08-24,GBPUSD,,-1,2018-08-24T17:00:00+00:00,2018-08-24T17:00:00+00:00,1.2843499999999999,1.286625714285714,1.286625714285714,22.75714285714254,stop,-22.757142857141588,-1.087884494664115,-1.1318267419961936,-1.175768989328272
candidate,train,2018-08-24,2018-08-27,2018-08-28,GBPUSD,0.0012215362660543683,1,2018-08-28T17:00:00+00:00,2018-08-28T17:00:00+00:00,1.292,1.2895292857142857,1.2895292857142857,24.707142857142944,stop,-24.70714285714326,-1.0809482509395905,-1.1214223764093791,-1.161896501879168
control,train,2018-08-24,2018-08-27,2018-08-28,EURUSD,,1,2018-08-28T17:00:00+00:00,2018-08-28T17:00:00+00:00,1.17311,1.1707678571428572,1.1707678571428572,23.421428571428798,stop,-23.421428571428482,-1.0640439158279822,-1.0960658737419802,-1.128087831655978
candidate,train,2018-08-27,2018-08-28,2018-08-29,GBPUSD,0.008102654277713395,-1,2018-08-29T17:00:00+00:00,2018-08-29T17:00:00+00:00,1.29672,1.3001410714285715,1.3001410714285715,34.210714285715014,stop,-34.21071428571398,-1.0584612172460277,-1.0876918258690567,-1.1169224344920856
control,train,2018-08-27,2018-08-28,2018-08-29,EURUSD,,1,2018-08-29T17:00:00+00:00,2018-08-29T20:00:00+00:00,1.1689,1.17046,1.1667485714285715,21.514285714286057,time_exit,15.600000000000058,0.6553784860557692,0.6205179282868454,0.5856573705179217
candidate,train,2018-08-28,2018-08-29,2018-08-30,USDJPY,0.02692326383826593,1,2018-08-30T17:00:00+00:00,2018-08-30T18:00:00+00:00,111.346,111.19032142857144,111.19032142857144,15.567857142857175,stop,-15.567857142856667,-1.0963523743977648,-1.1445285615966636,-1.1927047487955622
control,train,2018-08-28,2018-08-29,2018-08-30,GBPUSD,,1,2018-08-30T17:00:00+00:00,2018-08-30T20:00:00+00:00,1.30045,1.3008,1.2976964285714288,27.53571428571387,time_exit,3.4999999999985043,0.054474708171152735,0.0181582360570147,-0.018158236057123335
candidate,train,2018-08-29,2018-08-30,2018-08-31,EURUSD,0.0023695434679584793,-1,2018-08-31T17:00:00+00:00,2018-08-31T20:00:00+00:00,1.16354,1.15944,1.1657342857142858,21.942857142857196,time_exit,40.99999999999992,1.8001302083333255,1.7659505208333255,1.7317708333333255
control,train,2018-08-29,2018-08-30,2018-08-31,USDJPY,,-1,2018-08-31T17:00:00+00:00,2018-08-31T18:00:00+00:00,110.796,110.98510714285715,110.98510714285715,18.910714285714292,stop,-18.910714285713937,-1.0793201133144288,-1.1189801699716526,-1.1586402266288764
candidate,train,2018-08-30,2018-08-31,2018-09-04,USDJPY,0.01606514084507049,-1,2018-09-04T17:00:00+00:00,2018-09-04T17:00:00+00:00,111.267,111.47228571428572,111.47228571428572,20.528571428571546,stop,-20.528571428572207,-1.0730688935282156,-1.1096033402923071,-1.1461377870563987
control,train,2018-08-30,2018-08-31,2018-09-04,EURUSD,,-1,2018-09-04T17:00:00+00:00,2018-09-04T18:00:00+00:00,1.15418,1.1561482142857142,1.1561482142857142,19.68214285714333,stop,-19.682142857142537,-1.0762112139357227,-1.1143168209036043,-1.1524224278714859
candidate,train,2018-08-31,2018-09-04,2018-09-05,GBPUSD,0.01900894973898226,-1,2018-09-05T17:00:00+00:00,2018-09-05T20:00:00+00:00,1.29663,1.29021,1.3011460714285714,45.16071428571395,time_exit,64.1999999999987,1.3773032819295978,1.3551601423487356,1.3330170027678734
control,train,2018-08-31,2018-09-04,2018-09-05,GBPUSD,,-1,2018-09-05T17:00:00+00:00,2018-09-05T20:00:00+00:00,1.29663,1.29021,1.3011460714285714,45.16071428571395,time_exit,64.1999999999987,1.3773032819295978,1.3551601423487356,1.3330170027678734
candidate,train,2018-09-04,2018-09-05,2018-09-06,USDJPY,0.017635016415288085,1,2018-09-06T17:00:00+00:00,2018-09-06T17:00:00+00:00,111.178,111.00335714285714,111.00335714285714,17.46428571428536,stop,-17.464285714285666,-1.0858895705521665,-1.128834355828241,-1.1717791411043155
control,train,2018-09-04,2018-09-05,2018-09-06,GBPUSD,,1,2018-09-06T17:00:00+00:00,2018-09-06T17:00:00+00:00,1.29486,1.2921246428571427,1.2921246428571427,27.35357142857172,stop,-27.3535714285722,-1.073116594855742,-1.1096748922836044,-1.1462331897114666
candidate,train,2018-09-05,2018-09-06,2018-09-07,USDJPY,0.01488998833089572,-1,2018-09-07T17:00:00+00:00,2018-09-07T20:00:00+00:00,111.048,111.0,111.24417857142856,19.617857142856717,time_exit,4.800000000000182,0.168214090660854,0.129983615510662,0.09175314036047003
control,train,2018-09-05,2018-09-06,2018-09-07,USDJPY,,-1,2018-09-07T17:00:00+00:00,2018-09-07T20:00:00+00:00,111.048,111.0,111.24417857142856,19.617857142856717,time_exit,4.800000000000182,0.168214090660854,0.129983615510662,0.09175314036047003
candidate,train,2018-09-07,2018-09-10,2018-09-11,EURUSD,0.0025019663801872927,1,2018-09-11T17:00:00+00:00,2018-09-11T20:00:00+00:00,1.15797,1.15876,1.1555849999999999,23.84999999999994,time_exit,7.900000000000684,0.2683438155136562,0.23689727463315297,0.20545073375264974
control,train,2018-09-07,2018-09-10,2018-09-11,GBPUSD,,1,2018-09-11T17:00:00+00:00,2018-09-11T20:00:00+00:00,1.29891,1.30061,1.2945160714285715,43.9392857142857,time_exit,17.000000000000348,0.3413801511826464,0.3186214744371372,0.29586279769162793
candidate,train,2018-09-10,2018-09-11,2018-09-12,GBPUSD,0.11068675014490914,-1,2018-09-12T17:00:00+00:00,2018-09-12T18:00:00+00:00,1.30032,1.3034175,1.3034175,30.974999999999753,stop,-30.974999999999753,-1.064568200161421,-1.0968523002421315,-1.1291364003228421
control,train,2018-09-10,2018-09-11,2018-09-12,USDJPY,,1,2018-09-12T17:00:00+00:00,2018-09-12T20:00:00+00:00,111.28,111.306,111.14510714285714,13.48928571428526,time_exit,2.599999999999625,0.08154620068835196,0.025946518400820295,-0.029653163886711364
candidate,train,2018-09-11,2018-09-12,2018-09-13,USDJPY,0.08972987429794066,-1,2018-09-13T17:00:00+00:00,2018-09-13T17:00:00+00:00,111.594,111.76971428571429,111.76971428571429,17.571428571428577,stop,-17.571428571429237,-1.0853658536585742,-1.1280487804878425,-1.1707317073171106
control,train,2018-09-11,2018-09-12,2018-09-13,GBPUSD,,1,2018-09-13T17:00:00+00:00,2018-09-13T20:00:00+00:00,1.311,1.31078,1.3080471428571427,29.528571428571457,time_exit,-2.1999999999988695,-0.14223512336716043,-0.17610062893077916,-0.20996613449439788
candidate,train,2018-09-12,2018-09-13,2018-09-14,GBPUSD,0.16326008078779886,1,2018-09-14T17:00:00+00:00,2018-09-14T20:00:00+00:00,1.30884,1.30727,1.3058807142857143,29.5928571428564,time_exit,-15.700000000000713,-0.598117306299822,-0.63190924450885,-0.6657011827178781
control,train,2018-09-12,2018-09-13,2018-09-14,USDJPY,,1,2018-09-14T17:00:00+00:00,2018-09-14T20:00:00+00:00,112.012,112.015,111.84817857142858,16.382142857142817,time_exit,0.30000000000001137,-0.07325049051667705,-0.11903204708960065,-0.16481360366252423
candidate,train,2018-09-13,2018-09-14,2018-09-17,USDJPY,0.018105615331815095,1,2018-09-17T17:00:00+00:00,2018-09-17T20:00:00+00:00,111.976,111.976,111.84014285714285,13.585714285714445,time_exit,0.0,-0.11041009463722268,-0.16561514195583402,-0.22082018927444536
control,train,2018-09-13,2018-09-14,2018-09-17,EURUSD,,-1,2018-09-17T17:00:00+00:00,2018-09-17T20:00:00+00:00,1.16933,1.16957,1.1711825,18.52499999999955,time_exit,-2.4000000000001798,-0.2105263157894885,-0.25101214574900366,-0.2914979757085188
candidate,train,2018-09-14,2018-09-17,2018-09-18,USDJPY,0.013291958744474641,-1,2018-09-18T17:00:00+00:00,2018-09-18T20:00:00+00:00,112.249,112.344,112.4872857142857,23.828571428571163,time_exit,-9.499999999999886,-0.4616306954436455,-0.4931055155875307,-0.5245803357314159
control,train,2018-09-14,2018-09-17,2018-09-18,GBPUSD,,1,2018-09-18T17:00:00+00:00,2018-09-18T18:00:00+00:00,1.31668,1.3141417857142856,1.3141417857142856,25.382142857143556,stop,-25.382142857144352,-1.0787955536795002,-1.1181933305192344,-1.1575911073589689
candidate,train,2018-09-17,2018-09-18,2018-09-19,USDJPY,0.05447086764751252,1,2018-09-19T17:00:00+00:00,2018-09-19T20:00:00+00:00,112.282,112.204,112.12471428571428,15.728571428571314,time_exit,-7.800000000000296,-0.5912806539509767,-0.6389645776566992,-0.6866485013624216
control,train,2018-09-17,2018-09-18,2018-09-19,USDJPY,,1,2018-09-19T17:00:00+00:00,2018-09-19T20:00:00+00:00,112.282,112.204,112.12471428571428,15.728571428571314,time_exit,-7.800000000000296,-0.5912806539509767,-0.6389645776566992,-0.6866485013624216
candidate,train,2018-09-19,2018-09-20,2018-09-21,USDJPY,0.022432907714657002,1,2018-09-21T17:00:00+00:00,2018-09-21T20:00:00+00:00,112.659,112.585,112.48221428571429,17.678571428571793,time_exit,-7.400000000001228,-0.5034343434344025,-0.5458585858586441,-0.5882828282828856
control,train,2018-09-19,2018-09-20,2018-09-21,GBPUSD,,1,2018-09-21T17:00:00+00:00,2018-09-21T20:00:00+00:00,1.30695,1.30819,1.303035,39.15000000000026,time_exit,12.399999999999078,0.2656449553001024,0.24010217113662874,0.2145593869731551
candidate,train,2018-09-20,2018-09-21,2018-09-24,USDJPY,0.009487202496684777,1,2018-09-24T17:00:00+00:00,2018-09-24T17:00:00+00:00,112.591,112.47378571428571,112.47378571428571,11.721428571428357,stop,-11.721428571428305,-1.1279707495429596,-1.1919561243144416,-1.2559414990859235
control,train,2018-09-20,2018-09-21,2018-09-24,GBPUSD,,-1,2018-09-24T17:00:00+00:00,2018-09-24T20:00:00+00:00,1.31451,1.31226,1.317092142857143,25.821428571428818,time_exit,22.500000000000853,0.7939142461964294,0.7551867219917271,0.7164591977870248
candidate,train,2018-09-21,2018-09-24,2018-09-25,USDJPY,0.027576806641348428,1,2018-09-25T17:00:00+00:00,2018-09-25T20:00:00+00:00,112.831,112.917,112.681,14.999999999999908,time_exit,8.599999999999852,0.4733333333333264,0.42333333333332607,0.3733333333333258
control,train,2018-09-21,2018-09-24,2018-09-25,GBPUSD,,1,2018-09-25T17:00:00+00:00,2018-09-25T20:00:00+00:00,1.31494,1.31687,1.3123974999999999,25.425000000000267,time_exit,19.299999999999873,0.6804326450344028,0.6411012782694081,0.6017699115044135
candidate,train,2018-09-24,2018-09-25,2018-09-26,USDJPY,0.03571823350458736,1,2018-09-26T17:00:00+00:00,2018-09-26T20:00:00+00:00,113.017,112.918,112.89357142857143,12.342857142856849,time_exit,-9.899999999998954,-0.9236111111110484,-0.9843749999999387,-1.045138888888829
control,train,2018-09-24,2018-09-25,2018-09-26,GBPUSD,,1,2018-09-26T17:00:00+00:00,2018-09-26T20:00:00+00:00,1.31572,1.31778,1.3135289285714287,21.910714285714132,time_exit,20.599999999999508,0.848899755501206,0.8032599837000647,0.7576202118989234
candidate,train,2018-09-25,2018-09-26,2018-09-27,USDJPY,0.03630542214797794,1,2018-09-27T17:00:00+00:00,2018-09-27T20:00:00+00:00,113.065,113.437,112.88864285714286,17.635714285713988,time_exit,37.19999999999999,2.024301336573545,1.9817739975698991,1.9392466585662533
control,train,2018-09-25,2018-09-26,2018-09-27,EURUSD,,-1,2018-09-27T17:00:00+00:00,2018-09-27T20:00:00+00:00,1.1682,1.16727,1.1712771428571427,30.771428571428416,time_exit,9.299999999998754,0.2534818941503786,0.2291086350974537,0.20473537604452877
candidate,train,2018-09-26,2018-09-27,2018-09-28,USDJPY,0.0686565560227288,1,2018-09-28T17:00:00+00:00,2018-09-28T20:00:00+00:00,113.506,113.493,113.30607142857143,19.99285714285668,time_exit,-1.300000000000523,-0.1400500178635521,-0.17756341550556798,-0.21507681314758384
control,train,2018-09-26,2018-09-27,2018-09-28,EURUSD,,-1,2018-09-28T17:00:00+00:00,2018-09-28T17:00:00+00:00,1.15798,1.1601046428571429,1.1601046428571429,21.24642857142835,stop,-21.246428571428666,-1.0706001008573025,-1.1059001512859463,-1.1412002017145901
candidate,train,2018-09-27,2018-09-28,2018-10-01,EURUSD,0.0141716406553829,-1,2018-10-01T17:00:00+00:00,2018-10-01T20:00:00+00:00,1.16021,1.1568100000000001,1.1624889285714286,22.789285714286557,time_exit,33.99999999999847,1.4261087603822655,1.3931985582195963,1.360288356056927
control,train,2018-09-27,2018-09-28,2018-10-01,EURUSD,,-1,2018-10-01T17:00:00+00:00,2018-10-01T20:00:00+00:00,1.16021,1.1568100000000001,1.1624889285714286,22.789285714286557,time_exit,33.99999999999847,1.4261087603822655,1.3931985582195963,1.360288356056927
candidate,train,2018-09-28,2018-10-01,2018-10-02,USDJPY,0.06604873175334403,1,2018-10-02T17:00:00+00:00,2018-10-02T18:00:00+00:00,113.739,113.55139285714286,113.55139285714286,18.760714285714034,stop,-18.76071428571464,-1.0799543118218495,-1.119931467732758,-1.1599086236436666
control,train,2018-09-28,2018-10-01,2018-10-02,USDJPY,,1,2018-10-02T17:00:00+00:00,2018-10-02T18:00:00+00:00,113.739,113.55139285714286,113.55139285714286,18.760714285714034,stop,-18.76071428571464,-1.0799543118218495,-1.119931467732758,-1.1599086236436666
candidate,train,2018-10-01,2018-10-02,2018-10-03,USDJPY,0.010829385120008306,-1,2018-10-03T17:00:00+00:00,2018-10-03T17:00:00+00:00,113.898,114.05067857142856,114.05067857142856,15.26785714285711,stop,-15.267857142856656,-1.098245614035058,-1.147368421052602,-1.196491228070146
control,train,2018-10-01,2018-10-02,2018-10-03,GBPUSD,,-1,2018-10-03T17:00:00+00:00,2018-10-03T20:00:00+00:00,1.30024,1.29878,1.3026378571428572,23.978571428571737,time_exit,14.600000000000168,0.5254691689008045,0.48376526660709046,0.4420613643133764
candidate,train,2018-10-02,2018-10-03,2018-10-04,USDJPY,0.02122070563996914,1,2018-10-04T17:00:00+00:00,2018-10-04T17:00:00+00:00,114.05,113.82896428571428,113.82896428571428,22.103571428571453,stop,-22.10357142857191,-1.0678623364033168,-1.101793504604965,-1.1357246728066128
control,train,2018-10-02,2018-10-03,2018-10-04,USDJPY,,1,2018-10-04T17:00:00+00:00,2018-10-04T17:00:00+00:00,114.05,113.82896428571428,113.82896428571428,22.103571428571453,stop,-22.10357142857191,-1.0678623364033168,-1.101793504604965,-1.1357246728066128
candidate,train,2018-10-03,2018-10-04,2018-10-05,GBPUSD,0.0019354162098257355,1,2018-10-05T17:00:00+00:00,2018-10-05T20:00:00+00:00,1.30874,1.30938,1.305907142857143,28.328571428571923,time_exit,6.399999999999739,0.15532022188601935,0.12002017145737649,0.08472012102873365
control,train,2018-10-03,2018-10-04,2018-10-05,USDJPY,,-1,2018-10-05T17:00:00+00:00,2018-10-05T20:00:00+00:00,113.71,113.635,113.89342857142856,18.34285714285687,time_exit,7.499999999998863,0.3271028037382606,0.2862149532709703,0.24532710280367998
candidate,train,2018-10-04,2018-10-05,2018-10-08,GBPUSD,0.02294223998477496,1,2018-10-08T17:00:00+00:00,2018-10-08T20:00:00+00:00,1.30528,1.3073000000000001,1.3028789285714286,24.01071428571409,time_exit,20.200000000001328,0.7579949427339601,0.7163468689573719,0.6746987951807837
control,train,2018-10-04,2018-10-05,2018-10-08,GBPUSD,,1,2018-10-08T17:00:00+00:00,2018-10-08T20:00:00+00:00,1.30528,1.3073000000000001,1.3028789285714286,24.01071428571409,time_exit,20.200000000001328,0.7579949427339601,0.7163468689573719,0.6746987951807837
candidate,train,2018-10-05,2018-10-08,2018-10-09,EURUSD,0.004470975966172297,-1,2018-10-09T17:00:00+00:00,2018-10-09T17:00:00+00:00,1.14459,1.146890357142857,1.146890357142857,23.003571428570822,stop,-23.003571428570346,-1.065207265952473,-1.0978108989287196,-1.1304145319049665
control,train,2018-10-05,2018-10-08,2018-10-09,USDJPY,,-1,2018-10-09T17:00:00+00:00,2018-10-09T20:00:00+00:00,113.239,113.076,113.4627142857143,22.37142857142881,time_exit,16.30000000000109,0.6615581098340135,0.6280332056194545,0.5945083014048955
candidate,train,2018-10-08,2018-10-09,2018-10-10,GBPUSD,0.00785109723871158,1,2018-10-10T17:00:00+00:00,2018-10-10T20:00:00+00:00,1.31808,1.32099,1.3155685714285714,25.11428571428561,time_exit,29.100000000001902,1.079067121729318,1.0392491467577591,0.9994311717862004
control,train,2018-10-08,2018-10-09,2018-10-10,GBPUSD,,1,2018-10-10T17:00:00+00:00,2018-10-10T20:00:00+00:00,1.31808,1.32099,1.3155685714285714,25.11428571428561,time_exit,29.100000000001902,1.079067121729318,1.0392491467577591,0.9994311717862004
candidate,train,2018-10-09,2018-10-10,2018-10-11,GBPUSD,0.008469182246541918,1,2018-10-11T17:00:00+00:00,2018-10-11T18:00:00+00:00,1.32188,1.3189035714285713,1.3189035714285713,29.764285714285624,stop,-29.764285714286576,-1.0671946244300778,-1.1007919366451007,-1.1343892488601235
control,train,2018-10-09,2018-10-10,2018-10-11,GBPUSD,,1,2018-10-11T17:00:00+00:00,2018-10-11T18:00:00+00:00,1.32188,1.3189035714285713,1.3189035714285713,29.764285714285624,stop,-29.764285714286576,-1.0671946244300778,-1.1007919366451007,-1.1343892488601235
candidate,train,2018-10-10,2018-10-11,2018-10-12,EURUSD,0.008124085988540974,1,2018-10-12T17:00:00+00:00,2018-10-12T20:00:00+00:00,1.15441,1.15623,1.152255357142857,21.546428571428173,time_exit,18.20000000000155,0.7750704458810741,0.7402618929223465,0.7054533399636188
control,train,2018-10-10,2018-10-11,2018-10-12,USDJPY,,-1,2018-10-12T17:00:00+00:00,2018-10-12T20:00:00+00:00,112.184,111.984,112.38114285714286,19.71428571428575,time_exit,20.000000000000284,0.938405797101462,0.9003623188405925,0.862318840579723
candidate,train,2018-10-12,2018-10-15,2018-10-16,GBPUSD,0.00579332666222987,1,2018-10-16T17:00:00+00:00,2018-10-16T19:00:00+00:00,1.32207,1.3190839285714286,1.3190839285714286,29.86071428571435,stop,-29.86071428571435,-1.0669776342542756,-1.1004664513814135,-1.1339552685085512
control,train,2018-10-12,2018-10-15,2018-10-16,EURUSD,,1,2018-10-16T17:00:00+00:00,2018-10-16T17:00:00+00:00,1.16006,1.157855,1.157855,22.050000000000523,stop,-22.050000000000125,-1.068027210884334,-1.10204081632651,-1.1360544217686863
candidate,train,2018-10-15,2018-10-16,2018-10-17,GBPUSD,0.0049649880278572756,1,2018-10-17T17:00:00+00:00,2018-10-17T20:00:00+00:00,1.31294,1.3141,1.3100503571428572,28.896428571428743,time_exit,11.600000000000499,0.33222098628106833,0.29761463354345885,0.26300828080584937
control,train,2018-10-15,2018-10-16,2018-10-17,USDJPY,,1,2018-10-17T17:00:00+00:00,2018-10-17T20:00:00+00:00,112.096,112.289,111.93646428571428,15.953571428571777,time_exit,19.299999999999784,1.1157376315199978,1.0687262144615703,1.021714797403143
candidate,train,2018-10-16,2018-10-17,2018-10-18,EURUSD,0.0024982457326918617,-1,2018-10-18T17:00:00+00:00,2018-10-18T18:00:00+00:00,1.14914,1.1509496428571429,1.1509496428571429,18.09642857142841,stop,-18.096428571428014,-1.082889283599742,-1.1243339253996238,-1.1657785671995058
control,train,2018-10-16,2018-10-17,2018-10-18,EURUSD,,-1,2018-10-18T17:00:00+00:00,2018-10-18T18:00:00+00:00,1.14914,1.1509496428571429,1.1509496428571429,18.09642857142841,stop,-18.096428571428014,-1.082889283599742,-1.1243339253996238,-1.1657785671995058
candidate,train,2018-10-17,2018-10-18,2018-10-19,GBPUSD,0.0297460435708623,-1,2018-10-19T17:00:00+00:00,2018-10-19T19:00:00+00:00,1.30525,1.3076928571428572,1.3076928571428572,24.428571428571114,stop,-24.42857142857191,-1.0818713450292734,-1.1228070175438938,-1.1637426900585142
control,train,2018-10-17,2018-10-18,2018-10-19,GBPUSD,,-1,2018-10-19T17:00:00+00:00,2018-10-19T19:00:00+00:00,1.30525,1.3076928571428572,1.3076928571428572,24.428571428571114,stop,-24.42857142857191,-1.0818713450292734,-1.1228070175438938,-1.1637426900585142
candidate,train,2018-10-18,2018-10-19,2018-10-22,GBPUSD,0.0036543232777610513,1,2018-10-22T17:00:00+00:00,2018-10-22T20:00:00+00:00,1.2971,1.29698,1.2942435714285714,28.564285714285614,time_exit,-1.1999999999989797,-0.11202800700171511,-0.14703675918976225,-0.1820455113778094
control,train,2018-10-18,2018-10-19,2018-10-22,EURUSD,,1,2018-10-22T17:00:00+00:00,2018-10-22T19:00:00+00:00,1.14796,1.1457260714285715,1.1457260714285715,22.33928571428599,stop,-22.339285714285673,-1.067146282973606,-1.1007194244604164,-1.1342925659472265
candidate,train,2018-10-19,2018-10-22,2018-10-23,GBPUSD,0.023486413181593502,-1,2018-10-23T17:00:00+00:00,2018-10-23T20:00:00+00:00,1.29978,1.29947,1.3030221428571427,32.42142857142852,time_exit,3.1000000000003247,0.03392817801278821,0.003084379819353488,-0.027759418374081236
control,train,2018-10-19,2018-10-22,2018-10-23,GBPUSD,,-1,2018-10-23T17:00:00+00:00,2018-10-23T20:00:00+00:00,1.29978,1.29947,1.3030221428571427,32.42142857142852,time_exit,3.1000000000003247,0.03392817801278821,0.003084379819353488,-0.027759418374081236
candidate,train,2018-10-22,2018-10-23,2018-10-24,EURUSD,0.013748704464915606,1,2018-10-24T17:00:00+00:00,2018-10-24T20:00:00+00:00,1.13935,1.13931,1.1368546428571429,24.95357142857194,time_exit,-0.40000000000040004,-0.07614140546731088,-0.10619722341492727,-0.13625304136254365
control,train,2018-10-22,2018-10-23,2018-10-24,USDJPY,,-1,2018-10-24T17:00:00+00:00,2018-10-24T20:00:00+00:00,112.603,112.547,112.78235714285714,17.935714285714052,time_exit,5.5999999999997385,0.2285941855834213,0.1867781760254757,0.14496216646753013
candidate,train,2018-10-23,2018-10-24,2018-10-25,EURUSD,0.028375408387529832,-1,2018-10-25T17:00:00+00:00,2018-10-25T20:00:00+00:00,1.13802,1.13717,1.1403707142857145,23.507142857143645,time_exit,8.500000000000174,0.29778182923123414,0.26587663324217414,0.23397143725311412
control,train,2018-10-23,2018-10-24,2018-10-25,GBPUSD,,-1,2018-10-25T17:00:00+00:00,2018-10-25T20:00:00+00:00,1.28426,1.28225,1.2870542857142857,27.942857142856777,time_exit,20.100000000000673,0.6477505112474763,0.6119631901840812,0.576175869120686
candidate,train,2018-10-24,2018-10-25,2018-10-26,GBPUSD,0.017170766680109306,-1,2018-10-26T17:00:00+00:00,2018-10-26T18:00:00+00:00,1.28076,1.2831557142857142,1.2831557142857142,23.957142857143264,stop,-23.957142857142788,-1.0834824090637831,-1.1252236135956846,-1.166964818127586
control,train,2018-10-24,2018-10-25,2018-10-26,GBPUSD,,-1,2018-10-26T17:00:00+00:00,2018-10-26T18:00:00+00:00,1.28076,1.2831557142857142,1.2831557142857142,23.957142857143264,stop,-23.957142857142788,-1.0834824090637831,-1.1252236135956846,-1.166964818127586
candidate,train,2018-10-26,2018-10-29,2018-10-30,EURUSD,0.0049870372681017905,-1,2018-10-30T17:00:00+00:00,2018-10-30T20:00:00+00:00,1.13729,1.13481,1.1393535714285714,20.635714285715057,time_exit,24.799999999998157,1.1291104188299135,1.0927656628589906,1.056420906888068
control,train,2018-10-26,2018-10-29,2018-10-30,USDJPY,,1,2018-10-30T17:00:00+00:00,2018-10-30T20:00:00+00:00,112.725,112.87,112.53824999999999,18.674999999999947,time_exit,14.500000000001023,0.6961178045515962,0.655957161981315,0.6157965194110337
candidate,train,2018-10-29,2018-10-30,2018-10-31,GBPUSD,0.028985379563104763,-1,2018-10-31T17:00:00+00:00,2018-10-31T17:00:00+00:00,1.27685,1.279769642857143,1.279769642857143,29.196428571428804,stop,-29.196428571429678,-1.0685015290520172,-1.1027522935780107,-1.1370030581040045
control,train,2018-10-29,2018-10-30,2018-10-31,GBPUSD,,-1,2018-10-31T17:00:00+00:00,2018-10-31T17:00:00+00:00,1.27685,1.279769642857143,1.279769642857143,29.196428571428804,stop,-29.196428571429678,-1.0685015290520172,-1.1027522935780107,-1.1370030581040045
candidate,train,2018-10-30,2018-10-31,2018-11-01,USDJPY,0.009908877665930627,1,2018-11-01T17:00:00+00:00,2018-11-01T20:00:00+00:00,112.709,112.665,112.52878571428572,18.021428571428594,time_exit,-4.399999999999693,-0.32738803012285217,-0.36900515259609823,-0.41062227506934434
control,train,2018-10-30,2018-10-31,2018-11-01,GBPUSD,,1,2018-11-01T17:00:00+00:00,2018-11-01T20:00:00+00:00,1.29488,1.3002099999999999,1.2903875,44.925000000000026,time_exit,53.29999999999835,1.141903171953218,1.1196438508625113,1.0973845297718046
candidate,train,2018-10-31,2018-11-01,2018-11-02,GBPUSD,0.030654551485157056,1,2018-11-02T17:00:00+00:00,2018-11-02T18:00:00+00:00,1.2984,1.2956185714285715,1.2956185714285715,27.814285714285933,stop,-27.814285714284903,-1.0719054956342715,-1.107858243451426,-1.14381099126858
control,train,2018-10-31,2018-11-01,2018-11-02,GBPUSD,,1,2018-11-02T17:00:00+00:00,2018-11-02T18:00:00+00:00,1.2984,1.2956185714285715,1.2956185714285715,27.814285714285933,stop,-27.814285714284903,-1.0719054956342715,-1.107858243451426,-1.14381099126858
candidate,train,2018-11-01,2018-11-02,2018-11-05,USDJPY,0.004119149104307329,1,2018-11-05T17:00:00+00:00,2018-11-05T20:00:00+00:00,113.148,113.165,113.00839285714285,13.96071428571441,time_exit,1.7000000000010118,0.014325914556224817,-0.03939626502934646,-0.09311844461491774
control,train,2018-11-01,2018-11-02,2018-11-05,USDJPY,,1,2018-11-05T17:00:00+00:00,2018-11-05T20:00:00+00:00,113.148,113.165,113.00839285714285,13.96071428571441,time_exit,1.7000000000010118,0.014325914556224817,-0.03939626502934646,-0.09311844461491774
candidate,train,2018-11-02,2018-11-05,2018-11-06,EURUSD,0.012071283730777482,1,2018-11-06T17:00:00+00:00,2018-11-06T20:00:00+00:00,1.14167,1.14112,1.1396932142857144,19.767857142857224,time_exit,-5.5000000000005045,-0.3541102077687684,-0.3920505871725623,-0.42999096657635616
control,train,2018-11-02,2018-11-05,2018-11-06,GBPUSD,,1,2018-11-06T17:00:00+00:00,2018-11-06T20:00:00+00:00,1.30675,1.30831,1.3035678571428573,31.821428571428633,time_exit,15.600000000000058,0.42738496071829507,0.395959595959597,0.364534231200899
candidate,train,2018-11-05,2018-11-06,2018-11-07,USDJPY,0.0337526515712101,1,2018-11-07T17:00:00+00:00,2018-11-07T20:00:00+00:00,113.229,113.329,112.89439285714286,33.46071428571433,time_exit,9.999999999999432,0.2540292453836949,0.23161490020277914,0.20920055502186338
control,train,2018-11-05,2018-11-06,2018-11-07,GBPUSD,,1,2018-11-07T17:00:00+00:00,2018-11-07T20:00:00+00:00,1.31452,1.31505,1.3103060714285713,42.13928571428676,time_exit,5.300000000001415,0.07831172133234793,0.054580896686192065,0.0308500720400362
candidate,train,2018-11-06,2018-11-07,2018-11-08,USDJPY,0.01887359700694824,-1,2018-11-08T17:00:00+00:00,2018-11-08T17:00:00+00:00,113.669,113.79103571428571,113.79103571428571,12.203571428571536,stop,-12.203571428571536,-1.1229148375768208,-1.184372256365231,-1.2458296751536413
control,train,2018-11-06,2018-11-07,2018-11-08,GBPUSD,,1,2018-11-08T17:00:00+00:00,2018-11-08T20:00:00+00:00,1.31016,1.30902,1.307184642857143,29.753571428571266,time_exit,-11.399999999999189,-0.45036610250867765,-0.4839755131436556,-0.5175849237786335
candidate,train,2018-11-07,2018-11-08,2018-11-09,USDJPY,0.039090053253523216,1,2018-11-09T17:00:00+00:00,2018-11-09T17:00:00+00:00,113.852,113.71442857142857,113.71442857142857,13.757142857143073,stop,-13.757142857143378,-1.1090342679127931,-1.1635514018691786,-1.218068535825564
control,train,2018-11-07,2018-11-08,2018-11-09,EURUSD,,-1,2018-11-09T17:00:00+00:00,2018-11-09T20:00:00+00:00,1.13407,1.13318,1.1361528571428572,20.828571428571795,time_exit,8.899999999998354,0.3552812071329737,0.3192729766802994,0.28326474622762515
candidate,train,2018-11-08,2018-11-09,2018-11-12,USDJPY,0.01671376992873652,-1,2018-11-12T17:00:00+00:00,2018-11-12T20:00:00+00:00,113.822,113.785,113.96364285714286,14.16428571428559,time_exit,3.700000000000614,0.15532022188607597,0.1023701462431103,0.04942007060014463
control,train,2018-11-08,2018-11-09,2018-11-12,GBPUSD,,-1,2018-11-12T17:00:00+00:00,2018-11-12T20:00:00+00:00,1.29026,1.28497,1.294124642857143,38.646428571428615,time_exit,52.90000000000017,1.3170686627853276,1.2911930505498597,1.2653174383143917
candidate,train,2018-11-12,2018-11-13,2018-11-14,USDJPY,0.01236314563698504,1,2018-11-14T17:00:00+00:00,2018-11-14T18:00:00+00:00,113.909,113.77100000000002,113.77100000000002,13.799999999999812,stop,-13.799999999999102,-1.1086956521738631,-1.1630434782608203,-1.2173913043477775
control,train,2018-11-12,2018-11-13,2018-11-14,GBPUSD,,1,2018-11-14T17:00:00+00:00,2018-11-14T19:00:00+00:00,1.29944,1.2941782142857141,1.2941782142857141,52.617857142857844,stop,-52.617857142858156,-1.03800990972647,-1.0570148645897017,-1.0760198194529338
candidate,train,2018-11-14,2018-11-15,2018-11-16,GBPUSD,0.01435703992914017,-1,2018-11-16T17:00:00+00:00,2018-11-16T20:00:00+00:00,1.28718,1.28194,1.2913617857142856,41.81785714285727,time_exit,52.39999999999911,1.2052267486548558,1.181313519514878,1.1574002903749006
control,train,2018-11-14,2018-11-15,2018-11-16,GBPUSD,,-1,2018-11-16T17:00:00+00:00,2018-11-16T20:00:00+00:00,1.28718,1.28194,1.2913617857142856,41.81785714285727,time_exit,52.39999999999911,1.2052267486548558,1.181313519514878,1.1574002903749006
candidate,train,2018-11-15,2018-11-16,2018-11-19,EURUSD,0.013372900522924391,1,2018-11-19T17:00:00+00:00,2018-11-19T20:00:00+00:00,1.14274,1.14573,1.140816785714286,19.23214285714252,time_exit,29.89999999999826,1.4766945218198055,1.4376973073351251,1.3987000928504447
control,train,2018-11-15,2018-11-16,2018-11-19,EURUSD,,1,2018-11-19T17:00:00+00:00,2018-11-19T20:00:00+00:00,1.14274,1.14573,1.140816785714286,19.23214285714252,time_exit,29.89999999999826,1.4766945218198055,1.4376973073351251,1.3987000928504447
candidate,train,2018-11-16,2018-11-19,2018-11-20,USDJPY,0.009319714266639911,-1,2018-11-20T17:00:00+00:00,2018-11-20T17:00:00+00:00,112.392,112.56160714285714,112.56160714285714,16.960714285714573,stop,-16.960714285714573,-1.08843967150979,-1.132659507264685,-1.17687934301958
control,train,2018-11-16,2018-11-19,2018-11-20,EURUSD,,1,2018-11-20T17:00:00+00:00,2018-11-20T19:00:00+00:00,1.13979,1.1375742857142859,1.1375742857142859,22.15714285714194,stop,-22.157142857142098,-1.0676982591876307,-1.1015473887814426,-1.1353965183752543
candidate,train,2018-11-19,2018-11-20,2018-11-21,EURUSD,0.02837682293546262,-1,2018-11-21T17:00:00+00:00,2018-11-21T20:00:00+00:00,1.13931,1.13957,1.1422178571428572,29.07857142857184,time_exit,-2.5999999999992696,-0.14099729796116178,-0.1667894866125984,-0.19258167526403502
control,train,2018-11-19,2018-11-20,2018-11-21,EURUSD,,-1,2018-11-21T17:00:00+00:00,2018-11-21T20:00:00+00:00,1.13931,1.13957,1.1422178571428572,29.07857142857184,time_exit,-2.5999999999992696,-0.14099729796116178,-0.1667894866125984,-0.19258167526403502
candidate,train,2018-11-20,2018-11-21,2018-11-23,USDJPY,0.00323910877597422,1,2018-11-23T17:00:00+00:00,2018-11-23T20:00:00+00:00,112.799,112.827,112.6852142857143,11.378571428571098,time_exit,2.7999999999991587,0.11424984306333177,0.0483364720652131,-0.017576898932905583
control,train,2018-11-20,2018-11-21,2018-11-23,USDJPY,,1,2018-11-23T17:00:00+00:00,2018-11-23T20:00:00+00:00,112.799,112.827,112.6852142857143,11.378571428571098,time_exit,2.7999999999991587,0.11424984306333177,0.0483364720652131,-0.017576898932905583
candidate,train,2018-11-21,2018-11-23,2018-11-26,EURUSD,0.0030283576306937565,-1,2018-11-26T17:00:00+00:00,2018-11-26T20:00:00+00:00,1.13528,1.13385,1.1373178571428573,20.37857142857099,time_exit,14.300000000000423,0.6281107606029085,0.5913073957238331,0.5545040308447576
control,train,2018-11-21,2018-11-23,2018-11-26,EURUSD,,-1,2018-11-26T17:00:00+00:00,2018-11-26T20:00:00+00:00,1.13528,1.13385,1.1373178571428573,20.37857142857099,time_exit,14.300000000000423,0.6281107606029085,0.5913073957238331,0.5545040308447576
candidate,train,2018-11-23,2018-11-26,2018-11-27,USDJPY,0.027762868337716684,1,2018-11-27T17:00:00+00:00,2018-11-27T20:00:00+00:00,113.699,113.776,113.55317857142857,14.582142857142902,time_exit,7.699999999999818,0.42517756551553854,0.37374479549349604,0.3223120254714536
control,train,2018-11-23,2018-11-26,2018-11-27,USDJPY,,1,2018-11-27T17:00:00+00:00,2018-11-27T20:00:00+00:00,113.699,113.776,113.55317857142857,14.582142857142902,time_exit,7.699999999999818,0.42517756551553854,0.37374479549349604,0.3223120254714536
candidate,train,2018-11-26,2018-11-27,2018-11-28,USDJPY,0.008777999730175567,1,2018-11-28T17:00:00+00:00,2018-11-28T19:00:00+00:00,113.918,113.81664285714287,113.81664285714287,10.135714285714263,stop,-10.13571428571396,-1.147991543340351,-1.2219873150105414,-1.2959830866807318
control,train,2018-11-26,2018-11-27,2018-11-28,GBPUSD,,-1,2018-11-28T17:00:00+00:00,2018-11-28T19:00:00+00:00,1.2779,1.2804060714285714,1.2804060714285714,25.060714285714308,stop,-25.060714285713992,-1.0798061849793232,-1.1197092774689912,-1.1596123699586591
candidate,train,2018-11-27,2018-11-28,2018-11-29,EURUSD,0.011432389295126466,1,2018-11-29T17:00:00+00:00,2018-11-29T20:00:00+00:00,1.13836,1.1372200000000001,1.1357660714285716,25.939285714285543,time_exit,-11.399999999999189,-0.4973151590251682,-0.526228831061517,-0.5551425030978658
control,train,2018-11-27,2018-11-28,2018-11-29,GBPUSD,,1,2018-11-29T17:00:00+00:00,2018-11-29T20:00:00+00:00,1.27793,1.27777,1.2750125,29.175000000000093,time_exit,-1.5999999999993797,-0.1233933161953511,-0.1576692373607323,-0.19194515852611352
candidate,train,2018-11-28,2018-11-29,2018-11-30,GBPUSD,0.005200071664853256,-1,2018-11-30T17:00:00+00:00,2018-11-30T18:00:00+00:00,1.27423,1.2769717857142857,1.2769717857142857,27.41785714285762,stop,-27.417857142857383,-1.0729451608701217,-1.1094177413051867,-1.1458903217402518
control,train,2018-11-28,2018-11-29,2018-11-30,EURUSD,,1,2018-11-30T17:00:00+00:00,2018-11-30T17:00:00+00:00,1.1338,1.1319089285714286,1.1319089285714286,18.910714285713514,stop,-18.91071428571367,-1.0793201133144592,-1.1189801699716846,-1.15864022662891
candidate,train,2018-11-29,2018-11-30,2018-12-03,EURUSD,0.019256537593588918,-1,2018-12-03T17:00:00+00:00,2018-12-03T20:00:00+00:00,1.13418,1.13529,1.136690357142857,25.10357142857078,time_exit,-11.099999999999444,-0.5019206145966617,-0.5317968416559882,-0.5616730687153145
control,train,2018-11-29,2018-11-30,2018-12-03,EURUSD,,-1,2018-12-03T17:00:00+00:00,2018-12-03T20:00:00+00:00,1.13418,1.13529,1.136690357142857,25.10357142857078,time_exit,-11.099999999999444,-0.5019206145966617,-0.5317968416559882,-0.5616730687153145
candidate,train,2018-11-30,2018-12-03,2018-12-04,GBPUSD,0.026859845422219975,-1,2018-12-04T17:00:00+00:00,2018-12-04T20:00:00+00:00,1.27525,1.27159,1.279402857142857,41.52857142857109,time_exit,36.599999999999966,0.8331613347093283,0.8090815273477869,0.7850017199862457
control,train,2018-11-30,2018-12-03,2018-12-04,EURUSD,,1,2018-12-04T17:00:00+00:00,2018-12-04T17:00:00+00:00,1.1388,1.1361889285714286,1.1361889285714286,26.110714285714288,stop,-26.11071428571421,-1.0574476815757048,-1.0861715223635589,-1.1148953631514127
candidate,train,2018-12-03,2018-12-04,2018-12-05,USDJPY,0.016087674469599023,-1,2018-12-05T17:00:00+00:00,2018-12-05T20:00:00+00:00,113.153,113.141,113.31596428571429,16.296428571428734,time_exit,1.2000000000000455,-0.01840894148586159,-0.06443129520052253,-0.11045364891518349
control,train,2018-12-03,2018-12-04,2018-12-05,USDJPY,,-1,2018-12-05T17:00:00+00:00,2018-12-05T20:00:00+00:00,113.153,113.141,113.31596428571429,16.296428571428734,time_exit,1.2000000000000455,-0.01840894148586159,-0.06443129520052253,-0.11045364891518349
candidate,train,2018-12-05,2018-12-06,2018-12-07,GBPUSD,0.009448209264435015,1,2018-12-07T17:00:00+00:00,2018-12-07T19:00:00+00:00,1.27555,1.2725467857142856,1.2725467857142856,30.032142857143334,stop,-30.03214285714373,-1.066595314543953,-1.099892971815923,-1.133190629087893
control,train,2018-12-05,2018-12-06,2018-12-07,USDJPY,,-1,2018-12-07T17:00:00+00:00,2018-12-07T20:00:00+00:00,112.818,112.721,112.97732142857143,15.93214285714265,time_exit,9.69999999999942,0.5146828065455878,0.4676081596054393,0.4205335126652907
candidate,train,2018-12-06,2018-12-07,2018-12-10,GBPUSD,0.0062581123678842054,-1,2018-12-10T17:00:00+00:00,2018-12-10T20:00:00+00:00,1.26371,1.25622,1.2681167857142859,44.06785714285773,time_exit,74.90000000000218,1.654266958424535,1.631574681902937,1.6088824053813393
control,train,2018-12-06,2018-12-07,2018-12-10,GBPUSD,,-1,2018-12-10T17:00:00+00:00,2018-12-10T20:00:00+00:00,1.26371,1.25622,1.2681167857142859,44.06785714285773,time_exit,74.90000000000218,1.654266958424535,1.631574681902937,1.6088824053813393
candidate,train,2018-12-07,2018-12-10,2018-12-11,GBPUSD,0.10121159073110064,-1,2018-12-11T17:00:00+00:00,2018-12-11T20:00:00+00:00,1.25692,1.25145,1.2601942857142858,32.7428571428573,time_exit,54.700000000000855,1.609511343804556,1.5789703315881514,1.5484293193717467
control,train,2018-12-07,2018-12-10,2018-12-11,GBPUSD,,-1,2018-12-11T17:00:00+00:00,2018-12-11T20:00:00+00:00,1.25692,1.25145,1.2601942857142858,32.7428571428573,time_exit,54.700000000000855,1.609511343804556,1.5789703315881514,1.5484293193717467
candidate,train,2018-12-10,2018-12-11,2018-12-12,EURUSD,0.05967946338935559,-1,2018-12-12T17:00:00+00:00,2018-12-12T20:00:00+00:00,1.1363699999999999,1.13763,1.138545,21.750000000000224,time_exit,-12.600000000000389,-0.6482758620689767,-0.682758620689666,-0.7172413793103554
control,train,2018-12-10,2018-12-11,2018-12-12,GBPUSD,,-1,2018-12-12T17:00:00+00:00,2018-12-12T17:00:00+00:00,1.26227,1.2665567857142859,1.2665567857142859,42.86785714285772,stop,-42.867857142858675,-1.0466550029159594,-1.0699825043739277,-1.0933100058318963
candidate,train,2018-12-11,2018-12-12,2018-12-13,USDJPY,0.07602624408499792,-1,2018-12-13T17:00:00+00:00,2018-12-13T18:00:00+00:00,113.543,113.66064285714286,113.66064285714286,11.764285714285247,stop,-11.76428571428545,-1.1275045537340842,-1.1912568306011178,-1.2550091074681513
control,train,2018-12-11,2018-12-12,2018-12-13,GBPUSD,,1,2018-12-13T17:00:00+00:00,2018-12-13T20:00:00+00:00,1.26319,1.26287,1.2598846428571429,33.05357142857099,time_exit,-3.20000000000098,-0.15732036736902147,-0.18757428417075067,-0.21782820097247985
candidate,train,2018-12-12,2018-12-13,2018-12-14,USDJPY,0.19626481868898193,1,2018-12-14T17:00:00+00:00,2018-12-14T17:00:00+00:00,113.628,113.49889285714286,113.49889285714286,12.910714285714267,stop,-12.91071428571371,-1.1161825726140648,-1.1742738589211188,-1.232365145228173
control,train,2018-12-12,2018-12-13,2018-12-14,USDJPY,,1,2018-12-14T17:00:00+00:00,2018-12-14T17:00:00+00:00,113.628,113.49889285714286,113.49889285714286,12.910714285714267,stop,-12.91071428571371,-1.1161825726140648,-1.1742738589211188,-1.232365145228173
candidate,train,2018-12-13,2018-12-14,2018-12-17,GBPUSD,0.02540083407960858,-1,2018-12-17T17:00:00+00:00,2018-12-17T20:00:00+00:00,1.2609,1.26146,1.2635560714285714,26.560714285713903,time_exit,-5.60000000000116,-0.2861368831518563,-0.3237864730402527,-0.3614360629286491
control,train,2018-12-13,2018-12-14,2018-12-17,GBPUSD,,-1,2018-12-17T17:00:00+00:00,2018-12-17T20:00:00+00:00,1.2609,1.26146,1.2635560714285714,26.560714285713903,time_exit,-5.60000000000116,-0.2861368831518563,-0.3237864730402527,-0.3614360629286491
candidate,train,2018-12-14,2018-12-17,2018-12-18,USDJPY,0.014709483867017648,-1,2018-12-18T17:00:00+00:00,2018-12-18T20:00:00+00:00,112.56,112.586,112.73967857142858,17.96785714285767,time_exit,-2.599999999999625,-0.2281852514410378,-0.2699264559729388,-0.31166766050483974
control,train,2018-12-14,2018-12-17,2018-12-18,USDJPY,,-1,2018-12-18T17:00:00+00:00,2018-12-18T20:00:00+00:00,112.56,112.586,112.73967857142858,17.96785714285767,time_exit,-2.599999999999625,-0.2281852514410378,-0.2699264559729388,-0.31166766050483974
candidate,train,2018-12-17,2018-12-18,2018-12-19,USDJPY,0.01642707374835961,-1,2018-12-19T17:00:00+00:00,2018-12-19T20:00:00+00:00,112.193,112.197,112.34610714285715,15.31071428571461,time_exit,-0.40000000000048885,-0.12409610450201204,-0.1730814089106884,-0.22206671331936476
control,train,2018-12-17,2018-12-18,2018-12-19,USDJPY,,-1,2018-12-19T17:00:00+00:00,2018-12-19T20:00:00+00:00,112.193,112.197,112.34610714285715,15.31071428571461,time_exit,-0.40000000000048885,-0.12409610450201204,-0.1730814089106884,-0.22206671331936476
candidate,train,2018-12-19,2018-12-20,2018-12-21,USDJPY,0.05097924935009668,-1,2018-12-21T17:00:00+00:00,2018-12-21T17:00:00+00:00,111.02,111.24285714285713,111.24285714285713,22.28571428571442,stop,-22.28571428571371,-1.06730769230766,-1.100961538461506,-1.134615384615352
control,train,2018-12-19,2018-12-20,2018-12-21,USDJPY,,-1,2018-12-21T17:00:00+00:00,2018-12-21T17:00:00+00:00,111.02,111.24285714285713,111.24285714285713,22.28571428571442,stop,-22.28571428571371,-1.06730769230766,-1.100961538461506,-1.134615384615352
candidate,train,2018-12-21,2018-12-24,2018-12-26,USDJPY,0.009032936513286405,-1,2018-12-26T17:00:00+00:00,2018-12-26T19:00:00+00:00,110.576,110.76446428571428,110.76446428571428,18.84642857142873,stop,-18.84642857142893,-1.0795906765207604,-1.1193860147811352,-1.15918135304151
control,train,2018-12-21,2018-12-24,2018-12-26,USDJPY,,-1,2018-12-26T17:00:00+00:00,2018-12-26T19:00:00+00:00,110.576,110.76446428571428,110.76446428571428,18.84642857142873,stop,-18.84642857142893,-1.0795906765207604,-1.1193860147811352,-1.15918135304151
candidate,train,2018-12-26,2018-12-27,2018-12-28,EURUSD,0.0035070753320571857,1,2018-12-28T17:00:00+00:00,2018-12-28T20:00:00+00:00,1.14536,1.14399,1.142837857142857,25.221428571428692,time_exit,-13.699999999998713,-0.6026621353723618,-0.632398753894027,-0.6621353724156921
control,train,2018-12-26,2018-12-27,2018-12-28,EURUSD,,1,2018-12-28T17:00:00+00:00,2018-12-28T20:00:00+00:00,1.14536,1.14399,1.142837857142857,25.221428571428692,time_exit,-13.699999999998713,-0.6026621353723618,-0.632398753894027,-0.6621353724156921
candidate,train,2018-12-27,2018-12-28,2018-12-31,GBPUSD,0.009019031158389312,1,2018-12-31T17:00:00+00:00,2018-12-31T17:00:00+00:00,1.2799800000000001,1.2769414285714287,1.2769414285714287,30.385714285714215,stop,-30.38571428571446,-1.065820404325349,-1.0987306064880196,-1.13164080865069
control,train,2018-12-27,2018-12-28,2018-12-31,GBPUSD,,1,2018-12-31T17:00:00+00:00,2018-12-31T17:00:00+00:00,1.2799800000000001,1.2769414285714287,1.2769414285714287,30.385714285714215,stop,-30.38571428571446,-1.065820404325349,-1.0987306064880196,-1.13164080865069
candidate,train,2018-12-28,2018-12-31,2019-01-02,USDJPY,0.004136739914665233,-1,2019-01-02T17:00:00+00:00,2019-01-02T20:00:00+00:00,109.333,109.438,109.63032142857142,29.73214285714276,time_exit,-10.500000000000398,-0.4036036036036183,-0.4288288288288436,-0.4540540540540689
control,train,2018-12-28,2018-12-31,2019-01-02,USDJPY,,-1,2019-01-02T17:00:00+00:00,2019-01-02T20:00:00+00:00,109.333,109.438,109.63032142857142,29.73214285714276,time_exit,-10.500000000000398,-0.4036036036036183,-0.4288288288288436,-0.4540540540540689
candidate,train,2018-12-31,2019-01-02,2019-01-03,USDJPY,0.039740519146653774,-1,2019-01-03T17:00:00+00:00,2019-01-03T18:00:00+00:00,107.645,108.12992857142856,108.12992857142856,48.49285714285695,stop,-48.49285714285685,-1.0309323906319026,-1.046398585947855,-1.0618647812638073
control,train,2018-12-31,2019-01-02,2019-01-03,GBPUSD,,-1,2019-01-03T17:00:00+00:00,2019-01-03T18:00:00+00:00,1.25765,1.2608267857142856,1.2608267857142856,31.767857142856617,stop,-31.767857142857014,-1.0629567172568994,-1.0944350758853427,-1.1259134345137862
candidate,train,2019-01-02,2019-01-03,2019-01-04,USDJPY,0.020940708755608828,-1,2019-01-04T17:00:00+00:00,2019-01-04T20:00:00+00:00,108.475,108.445,108.85557142857142,38.05714285714292,time_exit,3.0000000000001137,0.039414414414417336,0.019707207207210163,2.987266756949365e-15
control,train,2019-01-02,2019-01-03,2019-01-04,USDJPY,,-1,2019-01-04T17:00:00+00:00,2019-01-04T20:00:00+00:00,108.475,108.445,108.85557142857142,38.05714285714292,time_exit,3.0000000000001137,0.039414414414417336,0.019707207207210163,2.987266756949365e-15
candidate,train,2019-01-03,2019-01-04,2019-01-07,EURUSD,0.004548649147398276,1,2019-01-07T17:00:00+00:00,2019-01-07T20:00:00+00:00,1.14685,1.14686,1.1448721428571427,19.778571428571578,time_exit,0.10000000000065512,-0.07078367641744558,-0.10870350306966631,-0.14662332972188705
control,train,2019-01-03,2019-01-04,2019-01-07,GBPUSD,,1,2019-01-07T17:00:00+00:00,2019-01-07T20:00:00+00:00,1.2776100000000001,1.27735,1.2750578571428572,25.521428571428043,time_exit,-2.60000000000149,-0.18024069409466048,-0.21942345368044355,-0.2586062132662266
candidate,train,2019-01-04,2019-01-07,2019-01-08,EURUSD,0.018164975894031432,1,2019-01-08T17:00:00+00:00,2019-01-08T20:00:00+00:00,1.14382,1.1454,1.141182142857143,26.378571428570805,time_exit,15.799999999999148,0.5421066883292521,0.513674519360933,0.4852423503926139
control,train,2019-01-04,2019-01-07,2019-01-08,EURUSD,,1,2019-01-08T17:00:00+00:00,2019-01-08T20:00:00+00:00,1.14382,1.1454,1.141182142857143,26.378571428570805,time_exit,15.799999999999148,0.5421066883292521,0.513674519360933,0.4852423503926139
candidate,train,2019-01-07,2019-01-08,2019-01-09,USDJPY,0.008395387783836306,-1,2019-01-09T17:00:00+00:00,2019-01-09T20:00:00+00:00,108.446,108.316,108.64807142857143,20.207142857142962,time_exit,12.999999999999545,0.5691056910568851,0.5319901025096955,0.49487451396250587
control,train,2019-01-07,2019-01-08,2019-01-09,GBPUSD,,-1,2019-01-09T17:00:00+00:00,2019-01-09T20:00:00+00:00,1.27806,1.27752,1.2812753571428572,32.153571428572,time_exit,5.399999999999849,0.10574253026768199,0.07464178607130355,0.04354104187492512
candidate,train,2019-01-08,2019-01-09,2019-01-10,EURUSD,0.026214093740775768,1,2019-01-10T17:00:00+00:00,2019-01-10T19:00:00+00:00,1.15256,1.150202857142857,1.150202857142857,23.57142857142883,stop,-23.571428571429465,-1.06363636363639,-1.0954545454545714,-1.127272727272753
control,train,2019-01-08,2019-01-09,2019-01-10,EURUSD,,1,2019-01-10T17:00:00+00:00,2019-01-10T19:00:00+00:00,1.15256,1.150202857142857,1.150202857142857,23.57142857142883,stop,-23.571428571429465,-1.06363636363639,-1.0954545454545714,-1.127272727272753
candidate,train,2019-01-10,2019-01-11,2019-01-14,GBPUSD,0.019817555706899803,1,2019-01-14T17:00:00+00:00,2019-01-14T20:00:00+00:00,1.28454,1.28887,1.281155357142857,33.84642857142881,time_exit,43.29999999999945,1.2202173683654918,1.190672153635092,1.1611269389046923
control,train,2019-01-10,2019-01-11,2019-01-14,GBPUSD,,1,2019-01-14T17:00:00+00:00,2019-01-14T20:00:00+00:00,1.28454,1.28887,1.281155357142857,33.84642857142881,time_exit,43.29999999999945,1.2202173683654918,1.190672153635092,1.1611269389046923
candidate,train,2019-01-11,2019-01-14,2019-01-15,GBPUSD,0.003795253816416988,1,2019-01-15T17:00:00+00:00,2019-01-15T18:00:00+00:00,1.28363,1.2797492857142858,1.2797492857142858,38.807142857143006,stop,-38.807142857142374,-1.0515369041045297,-1.077305356156803,-1.1030738082090759
control,train,2019-01-11,2019-01-14,2019-01-15,GBPUSD,,1,2019-01-15T17:00:00+00:00,2019-01-15T18:00:00+00:00,1.28363,1.2797492857142858,1.2797492857142858,38.807142857143006,stop,-38.807142857142374,-1.0515369041045297,-1.077305356156803,-1.1030738082090759
candidate,train,2019-01-14,2019-01-15,2019-01-16,GBPUSD,0.027998369572856285,-1,2019-01-16T17:00:00+00:00,2019-01-16T20:00:00+00:00,1.28836,1.28525,1.2925439285714284,41.83928571428527,time_exit,31.09999999999946,0.6955185659410957,0.6716175842936349,0.6477166026461741
control,train,2019-01-14,2019-01-15,2019-01-16,GBPUSD,,-1,2019-01-16T17:00:00+00:00,2019-01-16T20:00:00+00:00,1.28836,1.28525,1.2925439285714284,41.83928571428527,time_exit,31.09999999999946,0.6955185659410957,0.6716175842936349,0.6477166026461741
candidate,train,2019-01-15,2019-01-16,2019-01-17,EURUSD,0.010983961455196978,1,2019-01-17T17:00:00+00:00,2019-01-17T20:00:00+00:00,1.13866,1.13859,1.1369403571428571,17.196428571428697,time_exit,-0.700000000000145,-0.12793354101766066,-0.17154724818276937,-0.2151609553478781
control,train,2019-01-15,2019-01-16,2019-01-17,GBPUSD,,1,2019-01-17T17:00:00+00:00,2019-01-17T17:00:00+00:00,1.29138,1.2882717857142856,1.2882717857142856,31.08214285714331,stop,-31.082142857143946,-1.0643456279444066,-1.0965184419165996,-1.1286912558887927
candidate,train,2019-01-16,2019-01-17,2019-01-18,EURUSD,0.0015860488556296293,-1,2019-01-18T17:00:00+00:00,2019-01-18T20:00:00+00:00,1.13745,1.13577,1.138877142857143,14.271428571428807,time_exit,16.80000000000126,1.0720720720721426,1.019519519519591,0.9669669669670392
control,train,2019-01-16,2019-01-17,2019-01-18,GBPUSD,,1,2019-01-18T17:00:00+00:00,2019-01-18T20:00:00+00:00,1.2906900000000001,1.28856,1.2876332142857143,30.567857142858035,time_exit,-21.300000000001873,-0.7622385792733186,-0.7949526813880506,-0.8276667835027828
candidate,train,2019-01-18,2019-01-22,2019-01-23,EURUSD,0.007526204249957091,1,2019-01-23T17:00:00+00:00,2019-01-23T20:00:00+00:00,1.13625,1.13923,1.1349032142857143,13.467857142856397,time_exit,29.799999999999827,2.1012993900823096,2.0456112437020364,1.9899230973217625
control,train,2019-01-18,2019-01-22,2019-01-23,GBPUSD,,1,2019-01-23T17:00:00+00:00,2019-01-23T20:00:00+00:00,1.30505,1.30659,1.301669642857143,33.80357142857091,time_exit,15.399999999998748,0.39640781827783483,0.36682514527202353,0.3372424722662122
candidate,train,2019-01-22,2019-01-23,2019-01-24,EURUSD,0.005936950457825496,1,2019-01-24T17:00:00+00:00,2019-01-24T17:00:00+00:00,1.13773,1.1350514285714286,1.1350514285714286,26.78571428571348,stop,-26.78571428571308,-1.0559999999999867,-1.0839999999999876,-1.1119999999999886
control,train,2019-01-22,2019-01-23,2019-01-24,GBPUSD,,1,2019-01-24T17:00:00+00:00,2019-01-24T19:00:00+00:00,1.305,1.302237857142857,1.302237857142857,27.621428571428716,stop,-27.62142857142935,-1.072407551073206,-1.1086113266097974,-1.144815102146389
candidate,train,2019-01-23,2019-01-24,2019-01-25,USDJPY,0.00010695343150368686,1,2019-01-25T17:00:00+00:00,2019-01-25T20:00:00+00:00,109.622,109.766,109.42699999999999,19.500000000000227,time_exit,14.400000000000546,0.6615384615384818,0.6230769230769438,0.5846153846154057
control,train,2019-01-23,2019-01-24,2019-01-25,EURUSD,,-1,2019-01-25T17:00:00+00:00,2019-01-25T17:00:00+00:00,1.13786,1.139782142857143,1.139782142857143,19.221428571428877,stop,-19.221428571429833,-1.078037904124909,-1.1170568561873389,-1.1560758082497686
candidate,train,2019-01-24,2019-01-25,2019-01-28,USDJPY,0.015511450084824352,1,2019-01-28T17:00:00+00:00,2019-01-28T20:00:00+00:00,109.251,109.257,109.08235714285715,16.864285714285998,time_exit,0.6000000000000227,-0.053367217280810966,-0.09783989834815457,-0.14231257941549816
control,train,2019-01-24,2019-01-25,2019-01-28,GBPUSD,,1,2019-01-28T17:00:00+00:00,2019-01-28T20:00:00+00:00,1.3170600000000001,1.31677,1.3140535714285715,30.064285714285926,time_exit,-2.900000000001235,-0.1629840817296669,-0.19624613922550893,-0.22950819672135092
candidate,train,2019-01-25,2019-01-28,2019-01-29,GBPUSD,0.024406551384112074,-1,2019-01-29T17:00:00+00:00,2019-01-29T20:00:00+00:00,1.31747,1.31358,1.3202642857142857,27.942857142856536,time_exit,38.89999999999949,1.320552147239274,1.2847648261758786,1.2489775051124832
control,train,2019-01-25,2019-01-28,2019-01-29,USDJPY,,-1,2019-01-29T17:00:00+00:00,2019-01-29T20:00:00+00:00,109.436,109.376,109.56585714285714,12.985714285714018,time_exit,6.000000000000227,0.3465346534653712,0.28877887788781226,0.2310231023102533
candidate,train,2019-01-29,2019-01-30,2019-01-31,EURUSD,0.001810045658638737,-1,2019-01-31T17:00:00+00:00,2019-01-31T20:00:00+00:00,1.1476899999999999,1.14496,1.1495232142857141,18.332142857142813,time_exit,27.29999999999899,1.4073641145528415,1.366452367036769,1.3255406195206962
control,train,2019-01-29,2019-01-30,2019-01-31,GBPUSD,,-1,2019-01-31T17:00:00+00:00,2019-01-31T17:00:00+00:00,1.3106900000000001,1.3135539285714286,1.3135539285714286,28.639285714285627,stop,-28.639285714284757,-1.0698341439081878,-1.104751215862297,-1.139668287816406
candidate,train,2019-01-30,2019-01-31,2019-02-01,EURUSD,0.005318162727076636,1,2019-02-01T17:00:00+00:00,2019-02-01T17:00:00+00:00,1.14706,1.1454067857142858,1.1454067857142858,16.532142857142915,stop,-16.532142857141885,-1.0907323395981228,-1.1360985093972151,-1.1814646791963077
control,train,2019-01-30,2019-01-31,2019-02-01,USDJPY,,-1,2019-02-01T17:00:00+00:00,2019-02-01T17:00:00+00:00,109.131,109.27446428571429,109.27446428571429,14.34642857142886,stop,-14.34642857142876,-1.104555638536212,-1.1568334578043216,-1.209111277072431
candidate,train,2019-01-31,2019-02-01,2019-02-04,GBPUSD,0.004272402303558076,-1,2019-02-04T17:00:00+00:00,2019-02-04T17:00:00+00:00,1.30567,1.3080067857142859,1.3080067857142859,23.367857142857016,stop,-23.367857142857495,-1.0855876509246734,-1.1283814763869997,-1.171175301849326
control,train,2019-01-31,2019-02-01,2019-02-04,USDJPY,,1,2019-02-04T17:00:00+00:00,2019-02-04T17:00:00+00:00,110.119,109.97285714285714,109.97285714285714,14.614285714285607,stop,-14.614285714286268,-1.1026392961877292,-1.1539589442815712,-1.2052785923754132
candidate,train,2019-02-01,2019-02-04,2019-02-05,GBPUSD,0.012631780330873088,-1,2019-02-05T17:00:00+00:00,2019-02-05T20:00:00+00:00,1.29629,1.29453,1.29857,22.80000000000044,time_exit,17.599999999999838,0.6842105263157692,0.6403508771929629,0.5964912280701568
control,train,2019-02-01,2019-02-04,2019-02-05,GBPUSD,,-1,2019-02-05T17:00:00+00:00,2019-02-05T20:00:00+00:00,1.29629,1.29453,1.29857,22.80000000000044,time_exit,17.599999999999838,0.6842105263157692,0.6403508771929629,0.5964912280701568
candidate,train,2019-02-04,2019-02-05,2019-02-06,USDJPY,0.006705490674932424,1,2019-02-06T17:00:00+00:00,2019-02-06T20:00:00+00:00,109.732,109.746,109.5385,19.349999999999973,time_exit,1.3999999999995794,-0.005167958656352495,-0.04392764857883317,-0.08268733850131384
control,train,2019-02-04,2019-02-05,2019-02-06,GBPUSD,,-1,2019-02-06T17:00:00+00:00,2019-02-06T20:00:00+00:00,1.29672,1.29514,1.2990075,22.87499999999974,time_exit,15.800000000001369,0.6032786885246568,0.5595628415301208,0.5158469945355848
candidate,train,2019-02-05,2019-02-06,2019-02-07,EURUSD,0.0023456912452932688,-1,2019-02-07T17:00:00+00:00,2019-02-07T20:00:00+00:00,1.13462,1.13487,1.1362614285714285,16.414285714285715,time_exit,-2.500000000000835,-0.2436901653612345,-0.28938207136645644,-0.3350739773716784
control,train,2019-02-05,2019-02-06,2019-02-07,EURUSD,,-1,2019-02-07T17:00:00+00:00,2019-02-07T20:00:00+00:00,1.13462,1.13487,1.1362614285714285,16.414285714285715,time_exit,-2.500000000000835,-0.2436901653612345,-0.28938207136645644,-0.3350739773716784
candidate,train,2019-02-06,2019-02-07,2019-02-08,EURUSD,0.013413862131503862,-1,2019-02-08T17:00:00+00:00,2019-02-08T20:00:00+00:00,1.13374,1.13293,1.1349732142857143,12.332142857143474,time_exit,8.099999999999774,0.5351867940920487,0.47437011294522297,0.41355343179839715
control,train,2019-02-06,2019-02-07,2019-02-08,EURUSD,,-1,2019-02-08T17:00:00+00:00,2019-02-08T20:00:00+00:00,1.13374,1.13293,1.1349732142857143,12.332142857143474,time_exit,8.099999999999774,0.5351867940920487,0.47437011294522297,0.41355343179839715
candidate,train,2019-02-07,2019-02-08,2019-02-11,EURUSD,0.005790886529013495,-1,2019-02-11T17:00:00+00:00,2019-02-11T20:00:00+00:00,1.12913,1.12702,1.1306921428571428,15.621428571428135,time_exit,21.100000000000563,1.2546867855510542,1.206675811614153,1.1586648376772517
control,train,2019-02-07,2019-02-08,2019-02-11,GBPUSD,,-1,2019-02-11T17:00:00+00:00,2019-02-11T20:00:00+00:00,1.28738,1.28503,1.2900628571428572,26.82857142857185,time_exit,23.500000000000743,0.8013844515442111,0.7641107561235514,0.7268370607028917
candidate,train,2019-02-08,2019-02-11,2019-02-12,EURUSD,0.007745735462524772,-1,2019-02-12T17:00:00+00:00,2019-02-12T18:00:00+00:00,1.1295,1.1311875,1.1311875,16.8750000000004,stop,-16.87500000000064,-1.0888888888889008,-1.1333333333333442,-1.1777777777777876
control,train,2019-02-08,2019-02-11,2019-02-12,GBPUSD,,-1,2019-02-12T17:00:00+00:00,2019-02-12T20:00:00+00:00,1.28898,1.28877,1.2914582142857143,24.78214285714272,time_exit,2.100000000000435,0.004035163568255068,-0.03631647211412014,-0.07666810779649534
candidate,train,2019-02-11,2019-02-12,2019-02-13,GBPUSD,0.01403889934197533,1,2019-02-13T17:00:00+00:00,2019-02-13T18:00:00+00:00,1.29041,1.2867960714285716,1.2867960714285716,36.13928571428551,stop,-36.13928571428504,-1.0553414369008667,-1.0830121553513066,-1.1106828738017465
control,train,2019-02-11,2019-02-12,2019-02-13,EURUSD,,1,2019-02-13T17:00:00+00:00,2019-02-13T19:00:00+00:00,1.12978,1.1279157142857144,1.1279157142857144,18.64285714285699,stop,-18.642857142856517,-1.080459770114918,-1.1206896551723895,-1.160919540229861
candidate,train,2019-02-12,2019-02-13,2019-02-14,USDJPY,0.009298020942070329,1,2019-02-14T17:00:00+00:00,2019-02-14T20:00:00+00:00,110.612,110.585,110.43746428571428,17.45357142857133,time_exit,-2.7000000000001023,-0.24063842848373956,-0.2836095764272635,-0.32658072437078733
control,train,2019-02-12,2019-02-13,2019-02-14,EURUSD,,-1,2019-02-14T17:00:00+00:00,2019-02-14T20:00:00+00:00,1.12955,1.12963,1.131959642857143,24.096428571428937,time_exit,-0.7999999999985796,-0.0954498295538154,-0.12657477397355704,-0.15769971839329866
candidate,train,2019-02-13,2019-02-14,2019-02-15,GBPUSD,0.018924097577056154,-1,2019-02-15T17:00:00+00:00,2019-02-15T17:00:00+00:00,1.28202,1.2846867857142856,1.2846867857142856,26.667857142857464,stop,-26.66785714285691,-1.0749966519351597,-1.11249497790275,-1.1499933038703403
control,train,2019-02-13,2019-02-14,2019-02-15,GBPUSD,,-1,2019-02-15T17:00:00+00:00,2019-02-15T17:00:00+00:00,1.28202,1.2846867857142856,1.2846867857142856,26.667857142857464,stop,-26.66785714285691,-1.0749966519351597,-1.11249497790275,-1.1499933038703403
candidate,train,2019-02-14,2019-02-15,2019-02-19,EURUSD,0.013872039270152348,-1,2019-02-19T17:00:00+00:00,2019-02-19T18:00:00+00:00,1.13193,1.1341350000000001,1.1341350000000001,22.04999999999981,stop,-22.050000000000125,-1.0680272108843687,-1.1020408163265458,-1.136054421768723
control,train,2019-02-14,2019-02-15,2019-02-19,GBPUSD,,1,2019-02-19T17:00:00+00:00,2019-02-19T20:00:00+00:00,1.29914,1.30596,1.2963307142857143,28.092857142857284,time_exit,68.20000000000049,2.3564708873633413,2.320874650394107,2.2852784134248725
candidate,train,2019-02-15,2019-02-19,2019-02-20,GBPUSD,0.033388964646978714,1,2019-02-20T17:00:00+00:00,2019-02-20T20:00:00+00:00,1.30258,1.30865,1.3002292857142859,23.507142857142693,time_exit,60.700000000000195,2.4971133394105394,2.4545730780917907,2.4120328167730425
control,train,2019-02-15,2019-02-19,2019-02-20,GBPUSD,,1,2019-02-20T17:00:00+00:00,2019-02-20T20:00:00+00:00,1.30258,1.30865,1.3002292857142859,23.507142857142693,time_exit,60.700000000000195,2.4971133394105394,2.4545730780917907,2.4120328167730425
candidate,train,2019-02-20,2019-02-21,2019-02-22,USDJPY,0.007101801551955722,1,2019-02-22T17:00:00+00:00,2019-02-22T19:00:00+00:00,110.685,110.57239285714286,110.57239285714286,11.260714285714613,stop,-11.260714285714357,-1.1332064700285176,-1.1998097050427878,-1.266412940057058
control,train,2019-02-20,2019-02-21,2019-02-22,GBPUSD,,-1,2019-02-22T17:00:00+00:00,2019-02-22T17:00:00+00:00,1.30199,1.3046482142857143,1.3046482142857143,26.582142857142376,stop,-26.58214285714333,-1.075238479107924,-1.112857718661868,-1.1504769582158119
candidate,train,2019-02-21,2019-02-22,2019-02-25,EURUSD,0.014894728276707792,1,2019-02-25T17:00:00+00:00,2019-02-25T19:00:00+00:00,1.13517,1.133777142857143,1.133777142857143,13.928571428570606,stop,-13.928571428569736,-1.1076923076922516,-1.1615384615384086,-1.2153846153845655
control,train,2019-02-21,2019-02-22,2019-02-25,GBPUSD,,1,2019-02-25T17:00:00+00:00,2019-02-25T20:00:00+00:00,1.30648,1.3082099999999999,1.3038560714285716,26.239285714285607,time_exit,17.299999999997873,0.5830951408737474,0.544984347352582,0.5068735538314169
candidate,train,2019-02-22,2019-02-25,2019-02-26,USDJPY,0.012976847878306996,1,2019-02-26T17:00:00+00:00,2019-02-26T20:00:00+00:00,110.745,110.716,110.60325,14.174999999999926,time_exit,-2.9000000000010573,-0.31040564373905327,-0.36331569664910646,-0.41622574955915964
control,train,2019-02-22,2019-02-25,2019-02-26,USDJPY,,1,2019-02-26T17:00:00+00:00,2019-02-26T20:00:00+00:00,110.745,110.716,110.60325,14.174999999999926,time_exit,-2.9000000000010573,-0.31040564373905327,-0.36331569664910646,-0.41622574955915964
candidate,train,2019-02-25,2019-02-26,2019-02-27,GBPUSD,0.03880356114812078,1,2019-02-27T17:00:00+00:00,2019-02-27T19:00:00+00:00,1.33237,1.3293132142857143,1.3293132142857143,30.567857142857083,stop,-30.567857142858035,-1.0654282042294971,-1.0981423063442304,-1.1308564084589634
control,train,2019-02-25,2019-02-26,2019-02-27,GBPUSD,,1,2019-02-27T17:00:00+00:00,2019-02-27T19:00:00+00:00,1.33237,1.3293132142857143,1.3293132142857143,30.567857142857083,stop,-30.567857142858035,-1.0654282042294971,-1.0981423063442304,-1.1308564084589634
candidate,train,2019-02-26,2019-02-27,2019-02-28,GBPUSD,0.02700736789497915,1,2019-02-28T17:00:00+00:00,2019-02-28T17:00:00+00:00,1.32983,1.3270110714285717,1.3270110714285717,28.18928571428506,stop,-28.18928571428403,-1.0709489421005605,-1.106423413150859,-1.1418978842011576
control,train,2019-02-26,2019-02-27,2019-02-28,GBPUSD,,1,2019-02-28T17:00:00+00:00,2019-02-28T17:00:00+00:00,1.32983,1.3270110714285717,1.3270110714285717,28.18928571428506,stop,-28.18928571428403,-1.0709489421005605,-1.106423413150859,-1.1418978842011576
candidate,train,2019-02-27,2019-02-28,2019-03-01,USDJPY,0.039627467217324686,1,2019-03-01T17:00:00+00:00,2019-03-01T17:00:00+00:00,111.865,111.71317857142857,111.71317857142857,15.182142857143027,stop,-15.182142857142367,-1.0988002822864762,-1.148200423429736,-1.197600564572996
control,train,2019-02-27,2019-02-28,2019-03-01,USDJPY,,1,2019-03-01T17:00:00+00:00,2019-03-01T17:00:00+00:00,111.865,111.71317857142857,111.71317857142857,15.182142857143027,stop,-15.182142857142367,-1.0988002822864762,-1.148200423429736,-1.197600564572996
candidate,train,2019-02-28,2019-03-01,2019-03-04,USDJPY,0.03715410636056116,1,2019-03-04T17:00:00+00:00,2019-03-04T17:00:00+00:00,111.946,111.84367857142857,111.84367857142857,10.232142857142989,stop,-10.23214285714289,-1.1465968586387318,-1.2198952879581026,-1.2931937172774735
control,train,2019-02-28,2019-03-01,2019-03-04,USDJPY,,1,2019-03-04T17:00:00+00:00,2019-03-04T17:00:00+00:00,111.946,111.84367857142857,111.84367857142857,10.232142857142989,stop,-10.23214285714289,-1.1465968586387318,-1.2198952879581026,-1.2931937172774735
candidate,train,2019-03-01,2019-03-04,2019-03-05,EURUSD,0.008690142120032496,-1,2019-03-05T17:00:00+00:00,2019-03-05T20:00:00+00:00,1.13206,1.12969,1.1335867857142858,15.267857142857721,time_exit,23.699999999999832,1.454035087719232,1.40491228070169,1.3557894736841483
control,train,2019-03-01,2019-03-04,2019-03-05,EURUSD,,-1,2019-03-05T17:00:00+00:00,2019-03-05T20:00:00+00:00,1.13206,1.12969,1.1335867857142858,15.267857142857721,time_exit,23.699999999999832,1.454035087719232,1.40491228070169,1.3557894736841483
candidate,train,2019-03-04,2019-03-05,2019-03-06,EURUSD,0.013713766490173196,-1,2019-03-06T17:00:00+00:00,2019-03-06T18:00:00+00:00,1.13096,1.1323871428571428,1.1323871428571428,14.271428571428093,stop,-14.27142857142849,-1.1051051051051366,-1.157657657657691,-1.2102102102102452
control,train,2019-03-04,2019-03-05,2019-03-06,EURUSD,,-1,2019-03-06T17:00:00+00:00,2019-03-06T18:00:00+00:00,1.13096,1.1323871428571428,1.1323871428571428,14.271428571428093,stop,-14.27142857142849,-1.1051051051051366,-1.157657657657691,-1.2102102102102452
candidate,train,2019-03-05,2019-03-06,2019-03-07,USDJPY,0.006111424888850303,-1,2019-03-07T17:00:00+00:00,2019-03-07T20:00:00+00:00,111.584,111.619,111.71128571428572,12.728571428571605,time_exit,-3.499999999999659,-0.3928170594836939,-0.451739618406252,-0.5106621773288101
control,train,2019-03-05,2019-03-06,2019-03-07,USDJPY,,-1,2019-03-07T17:00:00+00:00,2019-03-07T20:00:00+00:00,111.584,111.619,111.71128571428572,12.728571428571605,time_exit,-3.499999999999659,-0.3928170594836939,-0.451739618406252,-0.5106621773288101
candidate,train,2019-03-06,2019-03-07,2019-03-08,EURUSD,0.024817134467954416,-1,2019-03-08T17:00:00+00:00,2019-03-08T18:00:00+00:00,1.12256,1.1242057142857143,1.1242057142857143,16.4571428571429,stop,-16.457142857142504,-1.0911458333333088,-1.1367187499999754,-1.182291666666642
control,train,2019-03-06,2019-03-07,2019-03-08,EURUSD,,-1,2019-03-08T17:00:00+00:00,2019-03-08T18:00:00+00:00,1.12256,1.1242057142857143,1.1242057142857143,16.4571428571429,stop,-16.457142857142504,-1.0911458333333088,-1.1367187499999754,-1.182291666666642
candidate,train,2019-03-08,2019-03-11,2019-03-12,EURUSD,0.02705394464854627,1,2019-03-12T17:00:00+00:00,2019-03-12T20:00:00+00:00,1.12711,1.12891,1.125205,19.050000000000374,time_exit,18.000000000000238,0.86614173228346,0.8267716535433034,0.7874015748031467
control,train,2019-03-08,2019-03-11,2019-03-12,GBPUSD,,1,2019-03-12T17:00:00+00:00,2019-03-12T19:00:00+00:00,1.31232,1.305205714285714,1.305205714285714,71.14285714285762,stop,-71.1428571428585,-1.028112449799209,-1.0421686746988073,-1.0562248995984056
candidate,train,2019-03-12,2019-03-13,2019-03-14,USDJPY,0.05363998293757999,-1,2019-03-14T17:00:00+00:00,2019-03-14T18:00:00+00:00,111.603,111.78117857142857,111.78117857142857,17.81785714285726,stop,-17.817857142857463,-1.084185207456415,-1.1262778111846166,-1.1683704149128185
control,train,2019-03-12,2019-03-13,2019-03-14,GBPUSD,,1,2019-03-14T17:00:00+00:00,2019-03-14T20:00:00+00:00,1.3247,1.32559,1.3192367857142857,54.632142857143194,time_exit,8.900000000000574,0.12629927436753277,0.10799503170557302,0.08969078904361327
candidate,train,2019-03-13,2019-03-14,2019-03-15,USDJPY,0.04035915503139953,1,2019-03-15T17:00:00+00:00,2019-03-15T20:00:00+00:00,111.483,111.489,111.30792857142858,17.507142857142405,time_exit,0.6000000000000227,-0.05140758873929011,-0.09424724602203297,-0.1370869033047758
control,train,2019-03-13,2019-03-14,2019-03-15,GBPUSD,,1,2019-03-15T17:00:00+00:00,2019-03-15T20:00:00+00:00,1.32725,1.32842,1.3236467857142857,36.03214285714291,time_exit,11.699999999998933,0.26920408365543635,0.24145108534043988,0.21369808702544338
candidate,train,2019-03-14,2019-03-15,2019-03-18,EURUSD,0.00632690882134912,1,2019-03-18T17:00:00+00:00,2019-03-18T17:00:00+00:00,1.1344,1.1331464285714286,1.1331464285714286,12.535714285714333,stop,-12.535714285715205,-1.1196581196581887,-1.1794871794872483,-1.239316239316308
control,train,2019-03-14,2019-03-15,2019-03-18,GBPUSD,,1,2019-03-18T17:00:00+00:00,2019-03-18T17:00:00+00:00,1.3239,1.3204467857142859,1.3204467857142859,34.53214285714307,stop,-34.53214285714212,-1.0579170545040573,-1.0868755817560998,-1.115834109008142
candidate,train,2019-03-18,2019-03-19,2019-03-20,USDJPY,0.009789927476678617,-1,2019-03-20T17:00:00+00:00,2019-03-20T20:00:00+00:00,111.412,111.497,111.52267857142857,11.067857142857155,time_exit,-8.499999999999375,-0.9035172636333726,-0.9712810584058797,-1.039044853178387
control,train,2019-03-18,2019-03-19,2019-03-20,GBPUSD,,1,2019-03-20T17:00:00+00:00,2019-03-20T20:00:00+00:00,1.31907,1.3173,1.3152182142857143,38.517857142856585,time_exit,-17.700000000000493,-0.5114510894761445,-0.5374130737135115,-0.5633750579508786
candidate,train,2019-03-20,2019-03-21,2019-03-22,GBPUSD,0.029563361094335994,-1,2019-03-22T17:00:00+00:00,2019-03-22T20:00:00+00:00,1.3184,1.31999,1.3226964285714287,42.964285714285495,time_exit,-15.899999999999803,-0.41662510390689694,-0.43990024937655625,-0.46317539484621556
control,train,2019-03-20,2019-03-21,2019-03-22,GBPUSD,,-1,2019-03-22T17:00:00+00:00,2019-03-22T20:00:00+00:00,1.3184,1.31999,1.3226964285714287,42.964285714285495,time_exit,-15.899999999999803,-0.41662510390689694,-0.43990024937655625,-0.46317539484621556
candidate,train,2019-03-21,2019-03-22,2019-03-25,GBPUSD,0.0009139520925409705,1,2019-03-25T17:00:00+00:00,2019-03-25T20:00:00+00:00,1.32046,1.31824,1.3161796428571428,42.80357142857112,time_exit,-22.199999999998887,-0.5653733833958897,-0.5887359198998531,-0.6120984564038165
control,train,2019-03-21,2019-03-22,2019-03-25,GBPUSD,,1,2019-03-25T17:00:00+00:00,2019-03-25T20:00:00+00:00,1.32046,1.31824,1.3161796428571428,42.80357142857112,time_exit,-22.199999999998887,-0.5653733833958897,-0.5887359198998531,-0.6120984564038165
candidate,train,2019-03-22,2019-03-25,2019-03-26,EURUSD,0.001831501831501825,1,2019-03-26T17:00:00+00:00,2019-03-26T17:00:00+00:00,1.12974,1.128080357142857,1.128080357142857,16.596428571428813,stop,-16.59642857142929,-1.0903808908973804,-1.1355713363460564,-1.1807617817947322
control,train,2019-03-22,2019-03-25,2019-03-26,USDJPY,,-1,2019-03-26T17:00:00+00:00,2019-03-26T20:00:00+00:00,110.576,110.458,110.78235714285714,20.635714285714158,time_exit,11.7999999999995,0.4991346486673378,0.46278989269641335,0.42644513672548895
candidate,train,2019-03-25,2019-03-26,2019-03-27,EURUSD,0.002219312548380259,-1,2019-03-27T17:00:00+00:00,2019-03-27T20:00:00+00:00,1.12515,1.12534,1.1272135714285716,20.635714285714577,time_exit,-1.8999999999991246,-0.1647628937348116,-0.20110764970573528,-0.23745240567665896
control,train,2019-03-25,2019-03-26,2019-03-27,USDJPY,,1,2019-03-27T17:00:00+00:00,2019-03-27T20:00:00+00:00,110.378,110.489,110.15075,22.72499999999995,time_exit,11.10000000000042,0.4224422442244419,0.38943894389440875,0.3564356435643757
candidate,train,2019-03-26,2019-03-27,2019-03-28,GBPUSD,0.0038682148852826614,-1,2019-03-28T17:00:00+00:00,2019-03-28T20:00:00+00:00,1.30924,1.30704,1.313509642857143,42.696428571428264,time_exit,21.999999999999797,0.46842325386867284,0.4450020911752389,0.42158092848180506
control,train,2019-03-26,2019-03-27,2019-03-28,EURUSD,,-1,2019-03-28T17:00:00+00:00,2019-03-28T20:00:00+00:00,1.12338,1.12349,1.1253225000000002,19.42500000000069,time_exit,-1.100000000000545,-0.13384813384815716,-0.1724581724581944,-0.21106821106823162
candidate,train,2019-03-27,2019-03-28,2019-03-29,GBPUSD,0.036602955829785344,-1,2019-03-29T17:00:00+00:00,2019-03-29T20:00:00+00:00,1.29987,1.29923,1.305380357142857,55.1035714285708,time_exit,6.399999999999739,0.07984963380646451,0.06170198975953969,0.04355434571261486
control,train,2019-03-27,2019-03-28,2019-03-29,GBPUSD,,-1,2019-03-29T17:00:00+00:00,2019-03-29T20:00:00+00:00,1.29987,1.29923,1.305380357142857,55.1035714285708,time_exit,6.399999999999739,0.07984963380646451,0.06170198975953969,0.04355434571261486
candidate,train,2019-03-28,2019-03-29,2019-04-01,EURUSD,0.0061613396964264044,-1,2019-04-01T17:00:00+00:00,2019-04-01T20:00:00+00:00,1.12347,1.12059,1.1249732142857143,15.032142857142366,time_exit,28.799999999999937,1.8161083392730415,1.7662152530292765,1.7163221667855115
control,train,2019-03-28,2019-03-29,2019-04-01,GBPUSD,,-1,2019-04-01T17:00:00+00:00,2019-04-01T17:00:00+00:00,1.31122,1.3141235714285715,1.3141235714285715,29.03571428571513,stop,-29.035714285714498,-1.0688806888068643,-1.1033210332103074,-1.1377613776137503
candidate,train,2019-03-29,2019-04-01,2019-04-02,USDJPY,0.016913250973529026,1,2019-04-02T17:00:00+00:00,2019-04-02T18:00:00+00:00,111.379,111.25825,111.25825,12.075000000000102,stop,-12.075000000000102,-1.124223602484471,-1.1863354037267064,-1.248447204968942
control,train,2019-03-29,2019-04-01,2019-04-02,GBPUSD,,1,2019-04-02T17:00:00+00:00,2019-04-02T20:00:00+00:00,1.30503,1.30755,1.301480357142857,35.49642857142892,time_exit,25.200000000000777,0.6535868799678191,0.625415031693345,0.5972431834188711
candidate,train,2019-04-01,2019-04-02,2019-04-03,EURUSD,0.009280347891575502,-1,2019-04-03T17:00:00+00:00,2019-04-03T20:00:00+00:00,1.12379,1.12439,1.1254721428571428,16.821428571427905,time_exit,-5.999999999999339,-0.44585987261144333,-0.4904458598725916,-0.5350318471337399
control,train,2019-04-01,2019-04-02,2019-04-03,GBPUSD,,-1,2019-04-03T17:00:00+00:00,2019-04-03T18:00:00+00:00,1.31345,1.316795,1.316795,33.449999999999314,stop,-33.449999999999314,-1.0597907324364735,-1.0896860986547103,-1.1195814648729472
candidate,train,2019-04-02,2019-04-03,2019-04-04,USDJPY,0.04889554712651001,1,2019-04-04T17:00:00+00:00,2019-04-04T20:00:00+00:00,111.569,111.545,111.44471428571428,12.428571428571544,time_exit,-2.400000000000091,-0.31379310344828026,-0.3741379310344866,-0.4344827586206929
control,train,2019-04-02,2019-04-03,2019-04-04,GBPUSD,,1,2019-04-04T17:00:00+00:00,2019-04-04T17:00:00+00:00,1.31118,1.3087917857142857,1.3087917857142857,23.882142857143005,stop,-23.882142857143407,-1.0837445790339628,-1.1256168685509358,-1.1674891580679088
candidate,train,2019-04-03,2019-04-04,2019-04-05,USDJPY,0.02062175221077589,1,2019-04-05T17:00:00+00:00,2019-04-05T20:00:00+00:00,111.715,111.728,111.58996428571429,12.503571428571448,time_exit,1.2999999999991019,-0.015995429877249754,-0.07597829191666697,-0.13596115395608419
control,train,2019-04-03,2019-04-04,2019-04-05,GBPUSD,,-1,2019-04-05T17:00:00+00:00,2019-04-05T20:00:00+00:00,1.30202,1.3014000000000001,1.3050767857142855,30.567857142856845,time_exit,6.199999999998429,0.13739922888182868,0.10468512676709532,0.07197102465236198
candidate,train,2019-04-04,2019-04-05,2019-04-08,USDJPY,0.011927730932304259,1,2019-04-08T17:00:00+00:00,2019-04-08T20:00:00+00:00,111.308,111.452,111.17182142857143,13.617857142856693,time_exit,14.399999999999125,0.947285601888244,0.8922108575924121,0.8371361132965802
control,train,2019-04-04,2019-04-05,2019-04-08,GBPUSD,,-1,2019-04-08T17:00:00+00:00,2019-04-08T20:00:00+00:00,1.30466,1.30586,1.3070707142857143,24.10714285714329,time_exit,-12.000000000000899,-0.5807407407407675,-0.6222222222222483,-0.663703703703729
candidate,train,2019-04-05,2019-04-08,2019-04-09,EURUSD,0.0007874949023767286,1,2019-04-09T17:00:00+00:00,2019-04-09T20:00:00+00:00,1.12788,1.12698,1.126575,13.049999999999608,time_exit,-8.999999999999009,-0.8045977011493735,-0.8620689655171914,-0.9195402298850092
control,train,2019-04-05,2019-04-08,2019-04-09,EURUSD,,1,2019-04-09T17:00:00+00:00,2019-04-09T20:00:00+00:00,1.12788,1.12698,1.126575,13.049999999999608,time_exit,-8.999999999999009,-0.8045977011493735,-0.8620689655171914,-0.9195402298850092
candidate,train,2019-04-08,2019-04-09,2019-04-10,GBPUSD,0.006766949092805952,-1,2019-04-10T17:00:00+00:00,2019-04-10T18:00:00+00:00,1.30689,1.3094282142857143,1.3094282142857143,25.382142857142842,stop,-25.38214285714213,-1.078795553679443,-1.1181933305191785,-1.157591107358914
control,train,2019-04-08,2019-04-09,2019-04-10,USDJPY,,-1,2019-04-10T17:00:00+00:00,2019-04-10T20:00:00+00:00,111.064,110.868,111.20585714285713,14.185714285714113,time_exit,19.599999999999795,1.2759315206445128,1.223061430010071,1.1701913393756294
candidate,train,2019-04-09,2019-04-10,2019-04-11,USDJPY,0.0035505669453670397,-1,2019-04-11T17:00:00+00:00,2019-04-11T17:00:00+00:00,111.33,111.44914285714286,111.44914285714286,11.914285714285658,stop,-11.914285714286166,-1.1258992805755828,-1.1888489208633528,-1.2517985611511229
control,train,2019-04-09,2019-04-10,2019-04-11,GBPUSD,,1,2019-04-11T17:00:00+00:00,2019-04-11T20:00:00+00:00,1.30799,1.30661,1.3052225,27.67499999999978,time_exit,-13.799999999999368,-0.5709123757904063,-0.6070460704606866,-0.643179765130967
candidate,train,2019-04-10,2019-04-11,2019-04-12,USDJPY,0.05835005225915735,1,2019-04-12T17:00:00+00:00,2019-04-12T20:00:00+00:00,111.908,112.023,111.785,12.299999999999807,time_exit,11.499999999999488,0.8130081300812719,0.7520325203251734,0.6910569105690749
control,train,2019-04-10,2019-04-11,2019-04-12,USDJPY,,1,2019-04-12T17:00:00+00:00,2019-04-12T20:00:00+00:00,111.908,112.023,111.785,12.299999999999807,time_exit,11.499999999999488,0.8130081300812719,0.7520325203251734,0.6910569105690749
candidate,train,2019-04-11,2019-04-12,2019-04-15,USDJPY,0.08564520523065755,1,2019-04-15T17:00:00+00:00,2019-04-15T20:00:00+00:00,112.024,111.966,111.91407142857143,10.992857142856797,time_exit,-5.8000000000006935,-0.6640675763483621,-0.732293697206064,-0.8005198180637659
control,train,2019-04-11,2019-04-12,2019-04-15,USDJPY,,1,2019-04-15T17:00:00+00:00,2019-04-15T20:00:00+00:00,112.024,111.966,111.91407142857143,10.992857142856797,time_exit,-5.8000000000006935,-0.6640675763483621,-0.732293697206064,-0.8005198180637659
candidate,train,2019-04-12,2019-04-15,2019-04-16,GBPUSD,0.023996860856093205,1,2019-04-16T17:00:00+00:00,2019-04-16T18:00:00+00:00,1.30687,1.3046221428571427,1.3046221428571427,22.478571428572142,stop,-22.478571428572458,-1.0889736256752576,-1.1334604385128793,-1.177947251350501
control,train,2019-04-12,2019-04-15,2019-04-16,GBPUSD,,1,2019-04-16T17:00:00+00:00,2019-04-16T18:00:00+00:00,1.30687,1.3046221428571427,1.3046221428571427,22.478571428572142,stop,-22.478571428572458,-1.0889736256752576,-1.1334604385128793,-1.177947251350501
candidate,train,2019-04-15,2019-04-16,2019-04-17,USDJPY,0.03550052024848305,1,2019-04-17T17:00:00+00:00,2019-04-17T20:00:00+00:00,111.952,111.998,111.82267857142857,12.93214285714279,time_exit,4.600000000000648,0.2397127865231113,0.1817177575255965,0.1237227285280817
control,train,2019-04-15,2019-04-16,2019-04-17,GBPUSD,,-1,2019-04-17T17:00:00+00:00,2019-04-17T20:00:00+00:00,1.30437,1.30363,1.3064325,20.625000000000465,time_exit,7.399999999999629,0.2618181818181579,0.21333333333331053,0.16484848484846315
candidate,train,2019-04-16,2019-04-17,2019-04-18,GBPUSD,0.007902995911320598,-1,2019-04-18T17:00:00+00:00,2019-04-18T20:00:00+00:00,1.30178,1.298,1.3039110714285713,21.310714285714482,time_exit,37.799999999998946,1.679906150494321,1.6329813976872154,1.5860566448801101
control,train,2019-04-16,2019-04-17,2019-04-18,GBPUSD,,-1,2019-04-18T17:00:00+00:00,2019-04-18T20:00:00+00:00,1.30178,1.298,1.3039110714285713,21.310714285714482,time_exit,37.799999999998946,1.679906150494321,1.6329813976872154,1.5860566448801101
candidate,train,2019-04-17,2019-04-18,2019-04-22,GBPUSD,0.005172024592014157,-1,2019-04-22T17:00:00+00:00,2019-04-22T20:00:00+00:00,1.29856,1.29839,1.2995446428571427,9.846428571428127,time_exit,1.7000000000000348,-0.03046789989118391,-0.13202756619514205,-0.2335872324991002
control,train,2019-04-17,2019-04-18,2019-04-22,EURUSD,,-1,2019-04-22T17:00:00+00:00,2019-04-22T18:00:00+00:00,1.12511,1.125802142857143,1.125802142857143,6.921428571428713,stop,-6.921428571429189,-1.2167182662539344,-1.325077399380867,-1.4334365325077998
candidate,train,2019-04-18,2019-04-22,2019-04-23,USDJPY,0.02185336806847782,-1,2019-04-23T17:00:00+00:00,2019-04-23T20:00:00+00:00,111.917,111.789,112.04621428571429,12.921428571429061,time_exit,12.800000000000011,0.874516307352096,0.8164731896074879,0.7584300718628798
control,train,2019-04-18,2019-04-22,2019-04-23,EURUSD,,1,2019-04-23T17:00:00+00:00,2019-04-23T17:00:00+00:00,1.12101,1.1194617857142857,1.1194617857142857,15.482142857143176,stop,-15.482142857143888,-1.096885813148833,-1.1453287197232265,-1.19377162629762
candidate,train,2019-04-22,2019-04-23,2019-04-24,GBPUSD,0.038156492917176266,-1,2019-04-24T17:00:00+00:00,2019-04-24T20:00:00+00:00,1.29493,1.29214,1.2968821428571427,19.521428571428466,time_exit,27.89999999999848,1.3267471642882573,1.2755214050493253,1.2242956458103935
control,train,2019-04-22,2019-04-23,2019-04-24,EURUSD,,-1,2019-04-24T17:00:00+00:00,2019-04-24T17:00:00+00:00,1.11923,1.1209014285714285,1.1209014285714285,16.71428571428625,stop,-16.71428571428546,-1.0897435897435395,-1.1346153846153328,-1.1794871794871262
candidate,train,2019-04-23,2019-04-24,2019-04-25,USDJPY,0.03348848426383699,1,2019-04-25T17:00:00+00:00,2019-04-25T17:00:00+00:00,111.577,111.4075,111.4075,16.949999999999932,stop,-16.949999999999932,-1.0884955752212393,-1.1327433628318588,-1.1769911504424786
control,train,2019-04-23,2019-04-24,2019-04-25,EURUSD,,-1,2019-04-25T17:00:00+00:00,2019-04-25T20:00:00+00:00,1.11414,1.11361,1.1158960714285713,17.56071428571466,time_exit,5.299999999999194,0.21639210900950817,0.17368314012604355,0.13097417124257896
candidate,train,2019-04-24,2019-04-25,2019-04-26,GBPUSD,0.024544654557886014,-1,2019-04-26T17:00:00+00:00,2019-04-26T17:00:00+00:00,1.29196,1.2941500000000001,1.2941500000000001,21.90000000000025,stop,-21.900000000001363,-1.0913242009132917,-1.1369863013699122,-1.1826484018265326
control,train,2019-04-24,2019-04-25,2019-04-26,USDJPY,,-1,2019-04-26T17:00:00+00:00,2019-04-26T20:00:00+00:00,111.567,111.57,111.74967857142856,18.267857142857277,time_exit,-0.30000000000001137,-0.09853372434017585,-0.13958944281524885,-0.18064516129032188
candidate,train,2019-04-25,2019-04-26,2019-04-29,GBPUSD,0.017981388336196336,1,2019-04-29T17:00:00+00:00,2019-04-29T20:00:00+00:00,1.29084,1.29321,1.2892403571428572,15.99642857142845,time_exit,23.699999999999832,1.3565528019647242,1.2940388479571328,1.2315248939495411
control,train,2019-04-25,2019-04-26,2019-04-29,GBPUSD,,1,2019-04-29T17:00:00+00:00,2019-04-29T20:00:00+00:00,1.29084,1.29321,1.2892403571428572,15.99642857142845,time_exit,23.699999999999832,1.3565528019647242,1.2940388479571328,1.2315248939495411
candidate,train,2019-04-26,2019-04-29,2019-04-30,USDJPY,0.02302870143159441,1,2019-04-30T17:00:00+00:00,2019-04-30T20:00:00+00:00,111.272,111.319,111.12650000000001,14.550000000000502,time_exit,4.699999999999704,0.21993127147763533,0.16838487972505978,0.11683848797248425
control,train,2019-04-26,2019-04-29,2019-04-30,USDJPY,,1,2019-04-30T17:00:00+00:00,2019-04-30T20:00:00+00:00,111.272,111.319,111.12650000000001,14.550000000000502,time_exit,4.699999999999704,0.21993127147763533,0.16838487972505978,0.11683848797248425
candidate,train,2019-04-29,2019-04-30,2019-05-01,EURUSD,0.005520337933938357,1,2019-05-01T17:00:00+00:00,2019-05-01T20:00:00+00:00,1.12346,1.12419,1.1224967857142856,9.632142857143153,time_exit,7.300000000001194,0.6021505376345141,0.5242862439748948,0.4464219503152753
control,train,2019-04-29,2019-04-30,2019-05-01,GBPUSD,,1,2019-05-01T17:00:00+00:00,2019-05-01T20:00:00+00:00,1.3070599999999999,1.30802,1.3053564285714285,17.03571428571407,time_exit,9.600000000000719,0.44612159329145246,0.38742138364784584,0.3287211740042392
candidate,train,2019-04-30,2019-05-01,2019-05-02,EURUSD,0.005557571032704711,1,2019-05-02T17:00:00+00:00,2019-05-02T20:00:00+00:00,1.1185,1.11783,1.1167664285714285,17.33571428571461,time_exit,-6.699999999999484,-0.47301194890807846,-0.5162752369179664,-0.5595385249278544
control,train,2019-04-30,2019-05-01,2019-05-02,GBPUSD,,1,2019-05-02T17:00:00+00:00,2019-05-02T20:00:00+00:00,1.30271,1.3023799999999999,1.300117142857143,25.928571428570233,time_exit,-3.300000000001635,-0.20440771349869508,-0.2429752066116445,-0.28154269972459395
candidate,train,2019-05-01,2019-05-02,2019-05-03,USDJPY,0.0002779721928531931,1,2019-05-03T17:00:00+00:00,2019-05-03T17:00:00+00:00,111.34,111.23714285714287,111.23714285714287,10.285714285713913,stop,-10.285714285713254,-1.1458333333332746,-1.2187499999999438,-1.2916666666666132
control,train,2019-05-01,2019-05-02,2019-05-03,EURUSD,,-1,2019-05-03T17:00:00+00:00,2019-05-03T17:00:00+00:00,1.11667,1.118164642857143,1.118164642857143,14.94642857142871,stop,-14.946428571429582,-1.1003584229391254,-1.150537634408659,-1.2007168458781927
candidate,train,2019-05-02,2019-05-03,2019-05-06,GBPUSD,0.030219990313288703,1,2019-05-06T17:00:00+00:00,2019-05-06T20:00:00+00:00,1.30938,1.30975,1.3070582142857143,23.217857142856275,time_exit,3.6999999999998145,0.07321950469158066,0.030149207814175575,-0.012921089063229514
control,train,2019-05-02,2019-05-03,2019-05-06,GBPUSD,,1,2019-05-06T17:00:00+00:00,2019-05-06T20:00:00+00:00,1.30938,1.30975,1.3070582142857143,23.217857142856275,time_exit,3.6999999999998145,0.07321950469158066,0.030149207814175575,-0.012921089063229514
candidate,train,2019-05-06,2019-05-07,2019-05-08,USDJPY,0.009779608114269145,-1,2019-05-08T17:00:00+00:00,2019-05-08T20:00:00+00:00,110.128,110.134,110.32407142857143,19.607142857142993,time_exit,-0.6000000000000227,-0.10710382513661244,-0.14535519125683075,-0.18360655737704906
control,train,2019-05-06,2019-05-07,2019-05-08,USDJPY,,-1,2019-05-08T17:00:00+00:00,2019-05-08T20:00:00+00:00,110.128,110.134,110.32407142857143,19.607142857142993,time_exit,-0.6000000000000227,-0.10710382513661244,-0.14535519125683075,-0.18360655737704906
candidate,train,2019-05-07,2019-05-08,2019-05-09,USDJPY,0.001245342369921243,-1,2019-05-09T17:00:00+00:00,2019-05-09T19:00:00+00:00,109.63,109.83571428571427,109.83571428571427,20.57142857142844,stop,-20.57142857142793,-1.0729166666666423,-1.1093749999999758,-1.1458333333333093
control,train,2019-05-07,2019-05-08,2019-05-09,GBPUSD,,-1,2019-05-09T17:00:00+00:00,2019-05-09T17:00:00+00:00,1.29962,1.3018571428571428,1.3018571428571428,22.371428571429057,stop,-22.371428571428265,-1.089399744572121,-1.1340996168581992,-1.1787994891442775
candidate,train,2019-05-08,2019-05-09,2019-05-10,EURUSD,0.007271373667921743,1,2019-05-10T17:00:00+00:00,2019-05-10T20:00:00+00:00,1.12452,1.12362,1.1230307142857143,14.892857142856691,time_exit,-8.999999999999009,-0.7050359712229765,-0.7553956834531937,-0.8057553956834111
control,train,2019-05-08,2019-05-09,2019-05-10,USDJPY,,-1,2019-05-10T17:00:00+00:00,2019-05-10T20:00:00+00:00,109.649,109.679,109.86778571428572,21.878571428571295,time_exit,-3.0000000000001137,-0.20568070519099568,-0.23996082272282743,-0.27424094025465917
candidate,train,2019-05-10,2019-05-13,2019-05-14,GBPUSD,0.008830007731942091,-1,2019-05-14T17:00:00+00:00,2019-05-14T20:00:00+00:00,1.29131,1.29157,1.2935010714285713,21.91071428571437,time_exit,-2.60000000000149,-0.20994295028531576,-0.2555827220864566,-0.3012224938875974
control,train,2019-05-10,2019-05-13,2019-05-14,GBPUSD,,-1,2019-05-14T17:00:00+00:00,2019-05-14T20:00:00+00:00,1.29131,1.29157,1.2935010714285713,21.91071428571437,time_exit,-2.60000000000149,-0.20994295028531576,-0.2555827220864566,-0.3012224938875974
candidate,train,2019-05-13,2019-05-14,2019-05-15,GBPUSD,0.016919351306789565,-1,2019-05-15T17:00:00+00:00,2019-05-15T17:00:00+00:00,1.28366,1.2858564285714287,1.2858564285714287,21.96428571428639,stop,-21.964285714286547,-1.09105691056911,-1.1365853658536615,-1.182113821138213
control,train,2019-05-13,2019-05-14,2019-05-15,USDJPY,,1,2019-05-15T17:00:00+00:00,2019-05-15T20:00:00+00:00,109.342,109.432,109.14732142857143,19.467857142857067,time_exit,9.000000000000341,0.3852504127683184,0.3467253714914883,0.30820033021465826
candidate,train,2019-05-14,2019-05-15,2019-05-16,GBPUSD,0.04230079864211844,-1,2019-05-16T17:00:00+00:00,2019-05-16T20:00:00+00:00,1.27936,1.27949,1.2811889285714286,18.28928571428634,time_exit,-1.2999999999996348,-0.18043350908023162,-0.2351103300136412,-0.28978715094705076
control,train,2019-05-14,2019-05-15,2019-05-16,GBPUSD,,-1,2019-05-16T17:00:00+00:00,2019-05-16T20:00:00+00:00,1.27936,1.27949,1.2811889285714286,18.28928571428634,time_exit,-1.2999999999996348,-0.18043350908023162,-0.2351103300136412,-0.28978715094705076
candidate,train,2019-05-15,2019-05-16,2019-05-17,GBPUSD,0.040183020197846586,-1,2019-05-17T17:00:00+00:00,2019-05-17T20:00:00+00:00,1.2751700000000001,1.27299,1.2771028571428573,19.328571428571724,time_exit,21.800000000000708,1.02439024390246,0.9726533628972871,0.9209164818921142
control,train,2019-05-15,2019-05-16,2019-05-17,GBPUSD,,-1,2019-05-17T17:00:00+00:00,2019-05-17T20:00:00+00:00,1.2751700000000001,1.27299,1.2771028571428573,19.328571428571724,time_exit,21.800000000000708,1.02439024390246,0.9726533628972871,0.9209164818921142
candidate,train,2019-05-16,2019-05-17,2019-05-20,GBPUSD,0.04592107953383762,-1,2019-05-20T17:00:00+00:00,2019-05-20T20:00:00+00:00,1.2731,1.27221,1.274762857142857,16.62857142857188,time_exit,8.899999999998354,0.41494845360813715,0.3548109965634652,0.2946735395187933
control,train,2019-05-16,2019-05-17,2019-05-20,GBPUSD,,-1,2019-05-20T17:00:00+00:00,2019-05-20T20:00:00+00:00,1.2731,1.27221,1.274762857142857,16.62857142857188,time_exit,8.899999999998354,0.41494845360813715,0.3548109965634652,0.2946735395187933
candidate,train,2019-05-17,2019-05-20,2019-05-21,GBPUSD,0.036270008824547784,-1,2019-05-21T17:00:00+00:00,2019-05-21T17:00:00+00:00,1.27272,1.2748392857142858,1.2748392857142858,21.192857142857044,stop,-21.19285714285768,-1.0943714189417224,-1.1415571284125685,-1.1887428378834148
control,train,2019-05-17,2019-05-20,2019-05-21,GBPUSD,,-1,2019-05-21T17:00:00+00:00,2019-05-21T17:00:00+00:00,1.27272,1.2748392857142858,1.2748392857142858,21.192857142857044,stop,-21.19285714285768,-1.0943714189417224,-1.1415571284125685,-1.1887428378834148
candidate,train,2019-05-20,2019-05-21,2019-05-22,GBPUSD,0.02542847903417056,1,2019-05-22T17:00:00+00:00,2019-05-22T20:00:00+00:00,1.26339,1.26738,1.2610082142857144,23.81785714285711,time_exit,39.89999999999938,1.5912430649272515,1.5492577597840516,1.5072724546408518
control,train,2019-05-20,2019-05-21,2019-05-22,USDJPY,,1,2019-05-22T17:00:00+00:00,2019-05-22T20:00:00+00:00,110.364,110.246,110.2284642857143,13.553571428571434,time_exit,-11.80000000000092,-0.981291172595588,-1.0366271409750345,-1.0919631093544813
candidate,train,2019-05-21,2019-05-22,2019-05-23,GBPUSD,0.036203471076117655,-1,2019-05-23T17:00:00+00:00,2019-05-23T17:00:00+00:00,1.26428,1.266557857142857,1.266557857142857,22.778571428570775,stop,-22.778571428569983,-1.0878018187519276,-1.1317027281279088,-1.17560363750389
control,train,2019-05-21,2019-05-22,2019-05-23,GBPUSD,,-1,2019-05-23T17:00:00+00:00,2019-05-23T17:00:00+00:00,1.26428,1.266557857142857,1.266557857142857,22.778571428570775,stop,-22.778571428569983,-1.0878018187519276,-1.1317027281279088,-1.17560363750389
candidate,train,2019-05-22,2019-05-23,2019-05-24,EURUSD,0.03968775567686467,1,2019-05-24T17:00:00+00:00,2019-05-24T20:00:00+00:00,1.1196,1.12049,1.1180796428571427,15.203571428572062,time_exit,8.900000000000574,0.4867277425417135,0.43739722809492204,0.3880667136481306
control,train,2019-05-22,2019-05-23,2019-05-24,USDJPY,,-1,2019-05-24T17:00:00+00:00,2019-05-24T20:00:00+00:00,109.57,109.37,109.73585714285714,16.58571428571446,time_exit,19.999999999998863,1.11541774332464,1.0701981050817462,1.0249784668388526
candidate,train,2019-05-23,2019-05-24,2019-05-28,GBPUSD,0.013843672092682224,1,2019-05-28T17:00:00+00:00,2019-05-28T19:00:00+00:00,1.2681,1.2657975,1.2657975,23.025000000000247,stop,-23.02500000000096,-1.0868621064061104,-1.13029315960915,-1.1737242128121899
control,train,2019-05-23,2019-05-24,2019-05-28,GBPUSD,,1,2019-05-28T17:00:00+00:00,2019-05-28T19:00:00+00:00,1.2681,1.2657975,1.2657975,23.025000000000247,stop,-23.02500000000096,-1.0868621064061104,-1.13029315960915,-1.1737242128121899
candidate,train,2019-05-24,2019-05-28,2019-05-29,GBPUSD,0.0336399841853019,-1,2019-05-29T17:00:00+00:00,2019-05-29T20:00:00+00:00,1.26516,1.26184,1.2670992857142858,19.392857142856432,time_exit,33.199999999999896,1.6088397790055784,1.5572744014733482,1.505709023941118
control,train,2019-05-24,2019-05-28,2019-05-29,GBPUSD,,-1,2019-05-29T17:00:00+00:00,2019-05-29T20:00:00+00:00,1.26516,1.26184,1.2670992857142858,19.392857142856432,time_exit,33.199999999999896,1.6088397790055784,1.5572744014733482,1.505709023941118
candidate,train,2019-05-28,2019-05-29,2019-05-30,GBPUSD,0.018374001184817468,-1,2019-05-30T17:00:00+00:00,2019-05-30T20:00:00+00:00,1.26087,1.2610700000000001,1.2626496428571428,17.796428571428823,time_exit,-2.000000000002,-0.22476419827424127,-0.2809552478427735,-0.3371462974113057
control,train,2019-05-28,2019-05-29,2019-05-30,GBPUSD,,-1,2019-05-30T17:00:00+00:00,2019-05-30T20:00:00+00:00,1.26087,1.2610700000000001,1.2626496428571428,17.796428571428823,time_exit,-2.000000000002,-0.22476419827424127,-0.2809552478427735,-0.3371462974113057
candidate,train,2019-05-29,2019-05-30,2019-05-31,GBPUSD,0.038297346073159266,-1,2019-05-31T17:00:00+00:00,2019-05-31T17:00:00+00:00,1.2589000000000001,1.2613267857142858,1.2613267857142858,24.26785714285697,stop,-24.26785714285673,-1.0824135393671726,-1.1236203090507637,-1.1648270787343549
control,train,2019-05-29,2019-05-30,2019-05-31,USDJPY,,1,2019-05-31T17:00:00+00:00,2019-05-31T17:00:00+00:00,108.795,108.56689285714286,108.56689285714286,22.810714285714337,stop,-22.810714285714084,-1.0657585720995661,-1.0986378581493546,-1.1315171441991432
candidate,train,2019-05-30,2019-05-31,2019-06-03,USDJPY,0.05021014223652642,-1,2019-06-03T17:00:00+00:00,2019-06-03T18:00:00+00:00,108.213,108.41603571428571,108.41603571428571,20.303571428571235,stop,-20.303571428571843,-1.0738786279683683,-1.1108179419525375,-1.1477572559367069
control,train,2019-05-30,2019-05-31,2019-06-03,USDJPY,,-1,2019-06-03T17:00:00+00:00,2019-06-03T18:00:00+00:00,108.213,108.41603571428571,108.41603571428571,20.303571428571235,stop,-20.303571428571843,-1.0738786279683683,-1.1108179419525375,-1.1477572559367069
candidate,train,2019-06-04,2019-06-05,2019-06-06,EURUSD,0.019476285461847986,-1,2019-06-06T17:00:00+00:00,2019-06-06T17:00:00+00:00,1.1255,1.1281785714285713,1.1281785714285713,26.78571428571419,stop,-26.78571428571308,-1.0559999999999587,-1.083999999999959,-1.111999999999959
control,train,2019-06-04,2019-06-05,2019-06-06,USDJPY,,1,2019-06-06T17:00:00+00:00,2019-06-06T18:00:00+00:00,108.232,108.06742857142856,108.06742857142856,16.457142857143175,stop,-16.45714285714348,-1.0911458333333501,-1.136718750000016,-1.1822916666666816
candidate,train,2019-06-05,2019-06-06,2019-06-07,USDJPY,0.003641001994167281,-1,2019-06-07T17:00:00+00:00,2019-06-07T20:00:00+00:00,108.085,108.119,108.28460714285714,19.960714285713976,time_exit,-3.4000000000006025,-0.24548219717305242,-0.28305600286280075,-0.320629808552549
control,train,2019-06-05,2019-06-06,2019-06-07,EURUSD,,1,2019-06-07T17:00:00+00:00,2019-06-07T20:00:00+00:00,1.13187,1.13395,1.130028214285714,18.417857142857663,time_exit,20.800000000000818,1.0478960636028847,1.0071747139810125,0.9664533643591406
candidate,train,2019-06-06,2019-06-07,2019-06-10,GBPUSD,0.015433581551765663,1,2019-06-10T17:00:00+00:00,2019-06-10T20:00:00+00:00,1.26702,1.26882,1.2646403571428573,23.79642857142864,time_exit,18.000000000000238,0.6723698033918737,0.6303466906798821,0.5883235779678907
control,train,2019-06-06,2019-06-07,2019-06-10,EURUSD,,1,2019-06-10T17:00:00+00:00,2019-06-10T20:00:00+00:00,1.13003,1.13158,1.1285417857142859,14.882142857142096,time_exit,15.499999999999403,0.9407247420206464,0.8903287736981096,0.8399328053755728
candidate,train,2019-06-07,2019-06-10,2019-06-11,EURUSD,0.04727775494189301,-1,2019-06-11T17:00:00+00:00,2019-06-11T20:00:00+00:00,1.13147,1.13291,1.1331799999999999,17.099999999999493,time_exit,-14.400000000001079,-0.9298245614035994,-0.9736842105264077,-1.0175438596492161
control,train,2019-06-07,2019-06-10,2019-06-11,GBPUSD,,-1,2019-06-11T17:00:00+00:00,2019-06-11T20:00:00+00:00,1.27134,1.27268,1.2735889285714284,22.489285714285543,time_exit,-13.400000000001189,-0.6847705256471917,-0.7292361441957071,-0.7737017627442226
candidate,train,2019-06-10,2019-06-11,2019-06-12,USDJPY,0.03318644749593158,-1,2019-06-12T17:00:00+00:00,2019-06-12T20:00:00+00:00,108.47,108.492,108.62342857142858,15.342857142857014,time_exit,-2.200000000000557,-0.241154562383651,-0.2900372439478972,-0.33891992551214345
control,train,2019-06-10,2019-06-11,2019-06-12,GBPUSD,,1,2019-06-12T17:00:00+00:00,2019-06-12T18:00:00+00:00,1.2733400000000001,1.2714660714285715,1.2714660714285715,18.739285714285955,stop,-18.739285714286513,-1.1067276538974935,-1.1600914808462255,-1.2134553077949575
candidate,train,2019-06-11,2019-06-12,2019-06-13,EURUSD,0.01733563541861094,-1,2019-06-13T17:00:00+00:00,2019-06-13T20:00:00+00:00,1.12718,1.12758,1.128647857142857,14.678571428571237,time_exit,-3.9999999999995595,-0.37469586374693353,-0.4257907542578831,-0.47688564476883266
control,train,2019-06-11,2019-06-12,2019-06-13,GBPUSD,,-1,2019-06-13T17:00:00+00:00,2019-06-13T20:00:00+00:00,1.26885,1.26784,1.270995,21.44999999999968,time_exit,10.099999999999554,0.37762237762236245,0.33100233100231513,0.2843822843822678
candidate,train,2019-06-12,2019-06-13,2019-06-14,USDJPY,0.026702068732991302,-1,2019-06-14T17:00:00+00:00,2019-06-14T19:00:00+00:00,108.363,108.51117857142857,108.51117857142857,14.817857142857093,stop,-14.81785714285735,-1.1012292118582967,-1.1518438177874364,-1.202458423716576
control,train,2019-06-12,2019-06-13,2019-06-14,EURUSD,,-1,2019-06-14T17:00:00+00:00,2019-06-14T20:00:00+00:00,1.12411,1.12081,1.1258221428571429,17.121428571428687,time_exit,32.999999999998586,1.8397997496870138,1.795994993742083,1.752190237797152
candidate,train,2019-06-13,2019-06-14,2019-06-17,GBPUSD,0.11628508004781168,-1,2019-06-17T17:00:00+00:00,2019-06-17T20:00:00+00:00,1.25865,1.25573,1.26024,15.900000000000437,time_exit,29.200000000000337,1.7106918238993452,1.6477987421383407,1.5849056603773362
control,train,2019-06-13,2019-06-14,2019-06-17,GBPUSD,,-1,2019-06-17T17:00:00+00:00,2019-06-17T20:00:00+00:00,1.25865,1.25573,1.26024,15.900000000000437,time_exit,29.200000000000337,1.7106918238993452,1.6477987421383407,1.5849056603773362
candidate,train,2019-06-14,2019-06-17,2019-06-18,GBPUSD,0.0027327600463038504,-1,2019-06-18T17:00:00+00:00,2019-06-18T18:00:00+00:00,1.25285,1.2551096428571429,1.2551096428571429,22.59642857142839,stop,-22.59642857142863,-1.088509562193784,-1.1327643432906707,-1.1770191243875574
control,train,2019-06-14,2019-06-17,2019-06-18,GBPUSD,,-1,2019-06-18T17:00:00+00:00,2019-06-18T18:00:00+00:00,1.25285,1.2551096428571429,1.2551096428571429,22.59642857142839,stop,-22.59642857142863,-1.088509562193784,-1.1327643432906707,-1.1770191243875574
candidate,train,2019-06-17,2019-06-18,2019-06-19,USDJPY,0.021512381912389245,-1,2019-06-19T17:00:00+00:00,2019-06-19T20:00:00+00:00,108.452,108.353,108.58121428571428,12.9214285714283,time_exit,9.900000000000375,0.6500829187396778,0.5920398009950663,0.5339966832504548
control,train,2019-06-17,2019-06-18,2019-06-19,EURUSD,,-1,2019-06-19T17:00:00+00:00,2019-06-19T17:00:00+00:00,1.12037,1.1213825000000002,1.1213825000000002,10.12500000000043,stop,-10.125000000000828,-1.1481481481481812,-1.222222222222252,-1.296296296296323
candidate,train,2019-06-19,2019-06-20,2019-06-21,USDJPY,0.06713103641718488,-1,2019-06-21T17:00:00+00:00,2019-06-21T20:00:00+00:00,107.582,107.483,107.79446428571428,21.246428571428467,time_exit,9.899999999998954,0.3953605648007596,0.36006051437211595,0.3247604639434723
control,train,2019-06-19,2019-06-20,2019-06-21,USDJPY,,-1,2019-06-21T17:00:00+00:00,2019-06-21T20:00:00+00:00,107.582,107.483,107.79446428571428,21.246428571428467,time_exit,9.899999999998954,0.3953605648007596,0.36006051437211595,0.3247604639434723
candidate,train,2019-06-20,2019-06-21,2019-06-24,EURUSD,0.015765885458185025,1,2019-06-24T17:00:00+00:00,2019-06-24T20:00:00+00:00,1.13847,1.13887,1.1370010714285714,14.689285714285596,time_exit,3.9999999999995595,0.17019207391195776,0.11913445173836144,0.06807682956476512
control,train,2019-06-20,2019-06-21,2019-06-24,EURUSD,,1,2019-06-24T17:00:00+00:00,2019-06-24T20:00:00+00:00,1.13847,1.13887,1.1370010714285714,14.689285714285596,time_exit,3.9999999999995595,0.17019207391195776,0.11913445173836144,0.06807682956476512
candidate,train,2019-06-21,2019-06-24,2019-06-25,USDJPY,0.02305568609022557,-1,2019-06-25T17:00:00+00:00,2019-06-25T19:00:00+00:00,107.014,107.23696428571428,107.23696428571428,22.296428571428454,stop,-22.29642857142835,-1.0672753483901927,-1.1009130225852914,-1.1345506967803902
control,train,2019-06-21,2019-06-24,2019-06-25,EURUSD,,1,2019-06-25T17:00:00+00:00,2019-06-25T19:00:00+00:00,1.1390500000000001,1.1375264285714286,1.1375264285714286,15.235714285714174,stop,-15.23571428571513,-1.0984528832630733,-1.1476793248945785,-1.1969057665260838
candidate,train,2019-06-24,2019-06-25,2019-06-26,EURUSD,0.0023085543375256368,-1,2019-06-26T17:00:00+00:00,2019-06-26T17:00:00+00:00,1.135,1.1366028571428572,1.1366028571428572,16.028571428571755,stop,-16.02857142857239,-1.0935828877005724,-1.140374331550839,-1.1871657754011053
control,train,2019-06-24,2019-06-25,2019-06-26,GBPUSD,,-1,2019-06-26T17:00:00+00:00,2019-06-26T20:00:00+00:00,1.26777,1.26972,1.2700403571428571,22.703571428571472,time_exit,-19.499999999998963,-0.9469875727543964,-0.9910335063708821,-1.0350794399873677
candidate,train,2019-06-25,2019-06-26,2019-06-27,USDJPY,0.010927591272258175,1,2019-06-27T17:00:00+00:00,2019-06-27T18:00:00+00:00,107.905,107.71117857142858,107.71117857142858,19.382142857142682,stop,-19.382142857142526,-1.077390823659473,-1.1160862354892136,-1.154781647318954
control,train,2019-06-25,2019-06-26,2019-06-27,USDJPY,,1,2019-06-27T17:00:00+00:00,2019-06-27T18:00:00+00:00,107.905,107.71117857142858,107.71117857142858,19.382142857142682,stop,-19.382142857142526,-1.077390823659473,-1.1160862354892136,-1.154781647318954
candidate,train,2019-06-26,2019-06-27,2019-06-28,GBPUSD,0.012417317381856474,-1,2019-06-28T17:00:00+00:00,2019-06-28T17:00:00+00:00,1.27116,1.2730553571428571,1.2730553571428571,18.95357142857141,stop,-18.95357142857046,-1.1055210099867598,-1.1582815149801646,-1.2110420199735696
control,train,2019-06-26,2019-06-27,2019-06-28,GBPUSD,,-1,2019-06-28T17:00:00+00:00,2019-06-28T17:00:00+00:00,1.27116,1.2730553571428571,1.2730553571428571,18.95357142857141,stop,-18.95357142857046,-1.1055210099867598,-1.1582815149801646,-1.2110420199735696
candidate,train,2019-06-27,2019-06-28,2019-07-01,GBPUSD,0.0092365025827299,1,2019-07-01T17:00:00+00:00,2019-07-01T20:00:00+00:00,1.26515,1.26346,1.2628957142857142,22.542857142856846,time_exit,-16.899999999999693,-0.8384030418250925,-0.8827629911280082,-0.9271229404309238
control,train,2019-06-27,2019-06-28,2019-07-01,GBPUSD,,1,2019-07-01T17:00:00+00:00,2019-07-01T20:00:00+00:00,1.26515,1.26346,1.2628957142857142,22.542857142856846,time_exit,-16.899999999999693,-0.8384030418250925,-0.8827629911280082,-0.9271229404309238
candidate,train,2019-06-28,2019-07-01,2019-07-02,GBPUSD,0.041595191242527196,-1,2019-07-02T17:00:00+00:00,2019-07-02T20:00:00+00:00,1.26362,1.26144,1.26542,18.000000000000156,time_exit,21.800000000000708,1.1000000000000298,1.0444444444444747,0.9888888888889196
control,train,2019-06-28,2019-07-01,2019-07-02,EURUSD,,-1,2019-07-02T17:00:00+00:00,2019-07-02T20:00:00+00:00,1.12988,1.13061,1.13138,15.00000000000025,time_exit,-7.299999999998974,-0.5866666666665885,-0.6366666666665877,-0.6866666666665868
candidate,train,2019-07-01,2019-07-02,2019-07-03,USDJPY,0.01586411345244776,-1,2019-07-03T17:00:00+00:00,2019-07-03T20:00:00+00:00,107.73,107.826,107.88717857142858,15.717857142857433,time_exit,-9.599999999998943,-0.7062031356509081,-0.7539195637354335,-0.8016359918199588
control,train,2019-07-01,2019-07-02,2019-07-03,USDJPY,,-1,2019-07-03T17:00:00+00:00,2019-07-03T20:00:00+00:00,107.73,107.826,107.88717857142858,15.717857142857433,time_exit,-9.599999999998943,-0.7062031356509081,-0.7539195637354335,-0.8016359918199588
candidate,train,2019-07-02,2019-07-03,2019-07-05,GBPUSD,0.027660549030769088,-1,2019-07-05T17:00:00+00:00,2019-07-05T20:00:00+00:00,1.24982,1.25106,1.2518310714285714,20.110714285714238,time_exit,-12.400000000001299,-0.716036228023508,-0.7657609660806916,-0.8154857041378751
control,train,2019-07-02,2019-07-03,2019-07-05,GBPUSD,,-1,2019-07-05T17:00:00+00:00,2019-07-05T20:00:00+00:00,1.24982,1.25106,1.2518310714285714,20.110714285714238,time_exit,-12.400000000001299,-0.716036228023508,-0.7657609660806916,-0.8154857041378751
candidate,train,2019-07-03,2019-07-05,2019-07-08,GBPUSD,0.04659676574826155,-1,2019-07-08T17:00:00+00:00,2019-07-08T20:00:00+00:00,1.25052,1.25169,1.2523103571428573,17.903571428571667,time_exit,-11.699999999998933,-0.7652104528225914,-0.8210652304008871,-0.8769200079791827
control,train,2019-07-03,2019-07-05,2019-07-08,USDJPY,,1,2019-07-08T17:00:00+00:00,2019-07-08T20:00:00+00:00,108.634,108.678,108.50157142857142,13.242857142857034,time_exit,4.399999999999693,0.2189859762675083,0.16235167206038809,0.10571736785326788
candidate,train,2019-07-05,2019-07-08,2019-07-09,GBPUSD,0.0015587723324113067,1,2019-07-09T17:00:00+00:00,2019-07-09T19:00:00+00:00,1.24708,1.24489,1.24489,21.900000000000013,stop,-21.899999999999142,-1.0913242009132023,-1.1369863013698231,-1.1826484018264443
control,train,2019-07-05,2019-07-08,2019-07-09,USDJPY,,1,2019-07-09T17:00:00+00:00,2019-07-09T20:00:00+00:00,108.843,108.805,108.7037142857143,13.928571428571093,time_exit,-3.7999999999996703,-0.380512820512806,-0.43435897435896115,-0.4882051282051163
candidate,train,2019-07-08,2019-07-09,2019-07-10,GBPUSD,0.02008388582940457,-1,2019-07-10T17:00:00+00:00,2019-07-10T20:00:00+00:00,1.25026,1.2513,1.2524960714285713,22.360714285714465,time_exit,-10.40000000000152,-0.5545440025555658,-0.599265293084235,-0.6439865836129042
control,train,2019-07-08,2019-07-09,2019-07-10,GBPUSD,,-1,2019-07-10T17:00:00+00:00,2019-07-10T20:00:00+00:00,1.25026,1.2513,1.2524960714285713,22.360714285714465,time_exit,-10.40000000000152,-0.5545440025555658,-0.599265293084235,-0.6439865836129042
candidate,train,2019-07-09,2019-07-10,2019-07-11,EURUSD,0.008267504471123122,1,2019-07-11T17:00:00+00:00,2019-07-11T20:00:00+00:00,1.12571,1.12543,1.1241575,15.525000000000121,time_exit,-2.80000000000058,-0.27697262479874696,-0.3252818035427079,-0.37359098228666887
control,train,2019-07-09,2019-07-10,2019-07-11,EURUSD,,1,2019-07-11T17:00:00+00:00,2019-07-11T20:00:00+00:00,1.12571,1.12543,1.1241575,15.525000000000121,time_exit,-2.80000000000058,-0.27697262479874696,-0.3252818035427079,-0.37359098228666887
candidate,train,2019-07-10,2019-07-11,2019-07-12,EURUSD,0.0044677315710826004,-1,2019-07-12T17:00:00+00:00,2019-07-12T19:00:00+00:00,1.12485,1.1261892857142857,1.1261892857142857,13.392857142857094,stop,-13.39285714285765,-1.1120000000000418,-1.1680000000000421,-1.2240000000000424
control,train,2019-07-10,2019-07-11,2019-07-12,GBPUSD,,1,2019-07-12T17:00:00+00:00,2019-07-12T20:00:00+00:00,1.25464,1.25667,1.2526107142857144,20.292857142856622,time_exit,20.299999999999763,0.9017951425554497,0.8525167194649873,0.8032382963745249
candidate,train,2019-07-11,2019-07-12,2019-07-15,USDJPY,0.015945902725424288,-1,2019-07-15T17:00:00+00:00,2019-07-15T20:00:00+00:00,107.866,107.864,108.02071428571429,15.471428571428902,time_exit,0.19999999999953388,-0.08402585410898493,-0.1325023084026127,-0.18097876269624047
control,train,2019-07-11,2019-07-12,2019-07-15,USDJPY,,-1,2019-07-15T17:00:00+00:00,2019-07-15T20:00:00+00:00,107.866,107.864,108.02071428571429,15.471428571428902,time_exit,0.19999999999953388,-0.08402585410898493,-0.1325023084026127,-0.18097876269624047
candidate,train,2019-07-12,2019-07-15,2019-07-16,EURUSD,0.0053857108229304895,-1,2019-07-16T17:00:00+00:00,2019-07-16T20:00:00+00:00,1.12182,1.12123,1.1231207142857143,13.007142857143139,time_exit,5.9000000000009045,0.3382756727073659,0.2806150466777131,0.22295442064806031
control,train,2019-07-12,2019-07-15,2019-07-16,GBPUSD,,-1,2019-07-16T17:00:00+00:00,2019-07-16T20:00:00+00:00,1.24222,1.24169,1.2447775,25.575000000000536,time_exit,5.300000000001415,0.12903225806456875,0.08993157380259498,0.05083088954062121
candidate,train,2019-07-15,2019-07-16,2019-07-17,GBPUSD,0.04808612732538475,-1,2019-07-17T17:00:00+00:00,2019-07-17T19:00:00+00:00,1.24213,1.2441239285714285,1.2441239285714285,19.939285714285255,stop,-19.939285714285493,-1.1003044957908077,-1.1504567436862057,-1.2006089915816036
control,train,2019-07-15,2019-07-16,2019-07-17,GBPUSD,,-1,2019-07-17T17:00:00+00:00,2019-07-17T19:00:00+00:00,1.24213,1.2441239285714285,1.2441239285714285,19.939285714285255,stop,-19.939285714285493,-1.1003044957908077,-1.1504567436862057,-1.2006089915816036
candidate,train,2019-07-16,2019-07-17,2019-07-18,GBPUSD,0.002907089723360068,1,2019-07-18T17:00:00+00:00,2019-07-18T20:00:00+00:00,1.24781,1.24785,1.245539642857143,22.703571428571,time_exit,0.3999999999981796,-0.07047349378645873,-0.11451942740294534,-0.15856536101943192
control,train,2019-07-16,2019-07-17,2019-07-18,GBPUSD,,1,2019-07-18T17:00:00+00:00,2019-07-18T20:00:00+00:00,1.24781,1.24785,1.245539642857143,22.703571428571,time_exit,0.3999999999981796,-0.07047349378645873,-0.11451942740294534,-0.15856536101943192
candidate,train,2019-07-17,2019-07-18,2019-07-19,USDJPY,0.03960366084259892,-1,2019-07-19T17:00:00+00:00,2019-07-19T20:00:00+00:00,107.648,107.729,107.80142857142857,15.34285714285732,time_exit,-8.100000000000307,-0.6256983240223591,-0.6745810055866044,-0.7234636871508496
control,train,2019-07-17,2019-07-18,2019-07-19,GBPUSD,,1,2019-07-19T17:00:00+00:00,2019-07-19T17:00:00+00:00,1.25321,1.250755357142857,1.250755357142857,24.546428571429267,stop,-24.5464285714303,-1.0814782482177032,-1.1222173723265336,-1.162956496435364
candidate,train,2019-07-19,2019-07-22,2019-07-23,USDJPY,0.011626359981078416,1,2019-07-23T17:00:00+00:00,2019-07-23T17:00:00+00:00,108.219,108.07403571428571,108.07403571428571,14.49642857142851,stop,-14.496428571428055,-1.1034737620103166,-1.1552106430154903,-1.2069475240206642
control,train,2019-07-19,2019-07-22,2019-07-23,GBPUSD,,-1,2019-07-23T17:00:00+00:00,2019-07-23T20:00:00+00:00,1.24452,1.24386,1.2469360714285715,24.160714285714356,time_exit,6.6000000000010495,0.19039172209908206,0.14900221729494323,0.1076127124908044
candidate,train,2019-07-22,2019-07-23,2019-07-24,EURUSD,0.017953051360766192,-1,2019-07-24T17:00:00+00:00,2019-07-24T20:00:00+00:00,1.11487,1.11453,1.1163110714285716,14.410714285714482,time_exit,3.4000000000000696,0.13184634448575272,0.07980173482032593,0.027757125154899125
control,train,2019-07-22,2019-07-23,2019-07-24,EURUSD,,-1,2019-07-24T17:00:00+00:00,2019-07-24T20:00:00+00:00,1.11487,1.11453,1.1163110714285716,14.410714285714482,time_exit,3.4000000000000696,0.13184634448575272,0.07980173482032593,0.027757125154899125
candidate,train,2019-07-23,2019-07-24,2019-07-25,USDJPY,0.016233790061573883,-1,2019-07-25T17:00:00+00:00,2019-07-25T19:00:00+00:00,108.486,108.61714285714287,108.61714285714287,13.114285714286058,stop,-13.114285714286211,-1.114379084967329,-1.1715686274509876,-1.2287581699346461
control,train,2019-07-23,2019-07-24,2019-07-25,GBPUSD,,1,2019-07-25T17:00:00+00:00,2019-07-25T17:00:00+00:00,1.24969,1.2472835714285715,1.2472835714285715,24.06428571428563,stop,-24.06428571428476,-1.083110715345764,-1.1246660730186642,-1.1662214306915644
candidate,train,2019-07-24,2019-07-25,2019-07-26,GBPUSD,0.016655812046216578,-1,2019-07-26T17:00:00+00:00,2019-07-26T20:00:00+00:00,1.24074,1.23822,1.2426910714285713,19.510714285714112,time_exit,25.199999999998557,1.1890902434559132,1.1378363536517757,1.0865824638476385
control,train,2019-07-24,2019-07-25,2019-07-26,USDJPY,,1,2019-07-26T17:00:00+00:00,2019-07-26T20:00:00+00:00,108.678,108.706,108.56464285714286,11.335714285714207,time_exit,2.80000000000058,0.11468178954006454,0.04851921865159528,-0.01764335223687399
candidate,train,2019-07-25,2019-07-26,2019-07-29,GBPUSD,0.027142772406429705,-1,2019-07-29T17:00:00+00:00,2019-07-29T20:00:00+00:00,1.22517,1.22176,1.2281025,29.324999999999882,time_exit,34.10000000000135,1.0946291560102808,1.0605285592498372,1.0264279624893937
control,train,2019-07-25,2019-07-26,2019-07-29,GBPUSD,,-1,2019-07-29T17:00:00+00:00,2019-07-29T20:00:00+00:00,1.22517,1.22176,1.2281025,29.324999999999882,time_exit,34.10000000000135,1.0946291560102808,1.0605285592498372,1.0264279624893937
candidate,train,2019-07-26,2019-07-29,2019-07-30,GBPUSD,0.050082964708237476,-1,2019-07-30T17:00:00+00:00,2019-07-30T20:00:00+00:00,1.21768,1.21654,1.2216217857142857,39.41785714285677,time_exit,11.400000000001409,0.23847059889466518,0.21310138624630034,0.1877321735979355
control,train,2019-07-26,2019-07-29,2019-07-30,GBPUSD,,-1,2019-07-30T17:00:00+00:00,2019-07-30T20:00:00+00:00,1.21768,1.21654,1.2216217857142857,39.41785714285677,time_exit,11.400000000001409,0.23847059889466518,0.21310138624630034,0.1877321735979355
candidate,train,2019-07-29,2019-07-30,2019-07-31,GBPUSD,0.012857551382544186,-1,2019-07-31T17:00:00+00:00,2019-07-31T20:00:00+00:00,1.22275,1.22131,1.2250889285714286,23.389285714285254,time_exit,14.400000000001079,0.5301572759200444,0.487402656894238,0.4446480378684317
control,train,2019-07-29,2019-07-30,2019-07-31,GBPUSD,,-1,2019-07-31T17:00:00+00:00,2019-07-31T20:00:00+00:00,1.22275,1.22131,1.2250889285714286,23.389285714285254,time_exit,14.400000000001079,0.5301572759200444,0.487402656894238,0.4446480378684317
candidate,train,2019-07-30,2019-07-31,2019-08-01,GBPUSD,0.04911588511031084,1,2019-08-01T17:00:00+00:00,2019-08-01T20:00:00+00:00,1.21063,1.2144,1.2071307142857144,34.99285714285729,time_exit,37.69999999999829,1.0202082057562236,0.9916309450907819,0.96305368442534
control,train,2019-07-30,2019-07-31,2019-08-01,GBPUSD,,1,2019-08-01T17:00:00+00:00,2019-08-01T20:00:00+00:00,1.21063,1.2144,1.2071307142857144,34.99285714285729,time_exit,37.69999999999829,1.0202082057562236,0.9916309450907819,0.96305368442534
candidate,train,2019-07-31,2019-08-01,2019-08-02,USDJPY,0.029859841560024414,-1,2019-08-02T17:00:00+00:00,2019-08-02T20:00:00+00:00,106.76,106.612,107.09803571428571,33.803571428571594,time_exit,14.800000000001035,0.39344955097731343,0.37126254622295535,0.3490755414685973
control,train,2019-07-31,2019-08-01,2019-08-02,GBPUSD,,-1,2019-08-02T17:00:00+00:00,2019-08-02T20:00:00+00:00,1.21355,1.21451,1.2171125,35.62500000000048,time_exit,-9.600000000000719,-0.32561403508773507,-0.3536842105263312,-0.3817543859649273
candidate,train,2019-08-01,2019-08-02,2019-08-05,USDJPY,0.0453197405004635,-1,2019-08-05T17:00:00+00:00,2019-08-05T20:00:00+00:00,106.116,105.901,106.49207142857142,37.60714285714276,time_exit,21.50000000000034,0.5318138651472089,0.5118708452041889,0.4919278252611689
control,train,2019-08-01,2019-08-02,2019-08-05,USDJPY,,-1,2019-08-05T17:00:00+00:00,2019-08-05T20:00:00+00:00,106.116,105.901,106.49207142857142,37.60714285714276,time_exit,21.50000000000034,0.5318138651472089,0.5118708452041889,0.4919278252611689
candidate,train,2019-08-02,2019-08-05,2019-08-06,USDJPY,0.03526635612813456,-1,2019-08-06T17:00:00+00:00,2019-08-06T20:00:00+00:00,106.521,106.414,106.93092857142858,40.992857142857375,time_exit,10.699999999999932,0.22442934309112791,0.206133472730438,0.1878376023697481
control,train,2019-08-02,2019-08-05,2019-08-06,EURUSD,,1,2019-08-06T17:00:00+00:00,2019-08-06T20:00:00+00:00,1.11732,1.11974,1.1150892857142858,22.30714285714316,time_exit,24.199999999998667,1.0176112712135033,0.9839897534421299,0.9503682356707567
candidate,train,2019-08-05,2019-08-06,2019-08-07,GBPUSD,0.02992010209177165,-1,2019-08-07T17:00:00+00:00,2019-08-07T20:00:00+00:00,1.21631,1.21547,1.2194632142857142,31.532142857142208,time_exit,8.399999999999519,0.2029674934873601,0.1712538226299577,0.1395401517725553
control,train,2019-08-05,2019-08-06,2019-08-07,USDJPY,,1,2019-08-07T17:00:00+00:00,2019-08-07T20:00:00+00:00,105.688,105.811,105.38446428571429,30.353571428571563,time_exit,12.300000000000466,0.35580656547830536,0.3310977762089797,0.30638898693965394
candidate,train,2019-08-06,2019-08-07,2019-08-08,USDJPY,0.0007224634049505241,-1,2019-08-08T17:00:00+00:00,2019-08-08T20:00:00+00:00,106.115,106.212,106.3315357142857,21.653571428571286,time_exit,-9.700000000000841,-0.5172356919017411,-0.5518720105558729,-0.5865083292100047
control,train,2019-08-06,2019-08-07,2019-08-08,USDJPY,,-1,2019-08-08T17:00:00+00:00,2019-08-08T20:00:00+00:00,106.115,106.212,106.3315357142857,21.653571428571286,time_exit,-9.700000000000841,-0.5172356919017411,-0.5518720105558729,-0.5865083292100047
candidate,train,2019-08-07,2019-08-08,2019-08-09,USDJPY,0.004429210676934359,1,2019-08-09T17:00:00+00:00,2019-08-09T17:00:00+00:00,105.797,105.63767857142858,105.63767857142858,15.932142857142345,stop,-15.932142857141685,-1.0941492938802575,-1.141223940820407,-1.1882985877605563
control,train,2019-08-07,2019-08-08,2019-08-09,USDJPY,,1,2019-08-09T17:00:00+00:00,2019-08-09T17:00:00+00:00,105.797,105.63767857142858,105.63767857142858,15.932142857142345,stop,-15.932142857141685,-1.0941492938802575,-1.141223940820407,-1.1882985877605563
candidate,train,2019-08-08,2019-08-09,2019-08-12,USDJPY,0.025655138474289796,-1,2019-08-12T17:00:00+00:00,2019-08-12T20:00:00+00:00,105.316,105.329,105.496,17.999999999999922,time_exit,-1.2999999999991019,-0.15555555555550635,-0.19722222222217317,-0.23888888888884002
control,train,2019-08-08,2019-08-09,2019-08-12,USDJPY,,-1,2019-08-12T17:00:00+00:00,2019-08-12T20:00:00+00:00,105.316,105.329,105.496,17.999999999999922,time_exit,-1.2999999999991019,-0.15555555555550635,-0.19722222222217317,-0.23888888888884002
candidate,train,2019-08-12,2019-08-13,2019-08-14,EURUSD,0.03499878906668008,-1,2019-08-14T17:00:00+00:00,2019-08-14T20:00:00+00:00,1.11572,1.11442,1.1174567857142859,17.3678571428572,time_exit,13.000000000000789,0.6621427102611989,0.6189594900267759,0.5757762697923527
control,train,2019-08-12,2019-08-13,2019-08-14,USDJPY,,1,2019-08-14T17:00:00+00:00,2019-08-14T17:00:00+00:00,106.108,105.80767857142857,105.80767857142857,30.032142857143285,stop,-30.03214285714364,-1.0499464859079668,-1.0749197288619443,-1.0998929718159218
candidate,train,2019-08-13,2019-08-14,2019-08-15,USDJPY,0.014555081849029872,-1,2019-08-15T17:00:00+00:00,2019-08-15T20:00:00+00:00,106.26,106.109,106.64753571428572,38.75357142857133,time_exit,15.100000000001046,0.3509353976592298,0.3315823426412591,0.31222928762328833
control,train,2019-08-13,2019-08-14,2019-08-15,USDJPY,,-1,2019-08-15T17:00:00+00:00,2019-08-15T20:00:00+00:00,106.26,106.109,106.64753571428572,38.75357142857133,time_exit,15.100000000001046,0.3509353976592298,0.3315823426412591,0.31222928762328833
candidate,train,2019-08-14,2019-08-15,2019-08-16,GBPUSD,0.01976404228929174,1,2019-08-16T17:00:00+00:00,2019-08-16T20:00:00+00:00,1.21566,1.21553,1.2133660714285714,22.939285714285873,time_exit,-1.2999999999996348,-0.14385801027555525,-0.18745134672269803,-0.2310446831698408
control,train,2019-08-14,2019-08-15,2019-08-16,GBPUSD,,1,2019-08-16T17:00:00+00:00,2019-08-16T20:00:00+00:00,1.21566,1.21553,1.2133660714285714,22.939285714285873,time_exit,-1.2999999999996348,-0.14385801027555525,-0.18745134672269803,-0.2310446831698408
candidate,train,2019-08-15,2019-08-16,2019-08-19,EURUSD,0.0028691820375013055,-1,2019-08-19T17:00:00+00:00,2019-08-19T20:00:00+00:00,1.10953,1.10933,1.110725714285714,11.957142857142443,time_exit,1.9999999999997797,0.041816009557928066,-0.020908004778991667,-0.0836320191159114
control,train,2019-08-15,2019-08-16,2019-08-19,GBPUSD,,1,2019-08-19T17:00:00+00:00,2019-08-19T20:00:00+00:00,1.21159,1.21365,1.2094342857142857,21.55714285714253,time_exit,20.599999999999508,0.8628230616302089,0.8164347249834223,0.7700463883366356
candidate,train,2019-08-16,2019-08-19,2019-08-20,GBPUSD,2.547900529958902e-05,-1,2019-08-20T17:00:00+00:00,2019-08-20T19:00:00+00:00,1.21336,1.2164767857142857,1.2164767857142857,31.167857142857446,stop,-31.167857142857525,-1.0641686719376666,-1.0962530079064987,-1.1283373438753308
control,train,2019-08-16,2019-08-19,2019-08-20,USDJPY,,1,2019-08-20T17:00:00+00:00,2019-08-20T20:00:00+00:00,106.295,106.311,106.13310714285714,16.18928571428582,time_exit,1.6000000000005343,0.006176924773913397,-0.040150011030189545,-0.08647694683429248
candidate,train,2019-08-19,2019-08-20,2019-08-21,USDJPY,0.02168587659672272,-1,2019-08-21T17:00:00+00:00,2019-08-21T18:00:00+00:00,106.414,106.53217857142857,106.53217857142857,11.817857142856932,stop,-11.817857142857235,-1.126926563916619,-1.1903898458749158,-1.2538531278332126
control,train,2019-08-19,2019-08-20,2019-08-21,GBPUSD,,1,2019-08-21T17:00:00+00:00,2019-08-21T17:00:00+00:00,1.21373,1.2115850000000001,1.2115850000000001,21.449999999999445,stop,-21.449999999998415,-1.0932400932400477,-1.1398601398600954,-1.1864801864801433
candidate,train,2019-08-20,2019-08-21,2019-08-22,EURUSD,0.00021879343693242959,1,2019-08-22T17:00:00+00:00,2019-08-22T17:00:00+00:00,1.10959,1.1076742857142858,1.1076742857142858,19.15714285714346,stop,-19.15714285714243,-1.0782997762862971,-1.1174496644294727,-1.1565995525726482
control,train,2019-08-20,2019-08-21,2019-08-22,GBPUSD,,-1,2019-08-22T17:00:00+00:00,2019-08-22T20:00:00+00:00,1.22497,1.22534,1.228950357142857,39.803571428571445,time_exit,-3.700000000002035,-0.14320323014809952,-0.16832660385828344,-0.19344997756846738
candidate,train,2019-08-21,2019-08-22,2019-08-23,GBPUSD,0.009058720574719903,1,2019-08-23T17:00:00+00:00,2019-08-23T20:00:00+00:00,1.22292,1.22678,1.2204492857142857,24.707142857142465,time_exit,38.599999999999746,1.481352992194289,1.4408788667244994,1.4004047412547098
control,train,2019-08-21,2019-08-22,2019-08-23,GBPUSD,,1,2019-08-23T17:00:00+00:00,2019-08-23T20:00:00+00:00,1.22292,1.22678,1.2204492857142857,24.707142857142465,time_exit,38.599999999999746,1.481352992194289,1.4408788667244994,1.4004047412547098
candidate,train,2019-08-22,2019-08-23,2019-08-26,USDJPY,0.0648418902879726,-1,2019-08-26T17:00:00+00:00,2019-08-26T20:00:00+00:00,105.998,106.119,106.4735,47.54999999999971,time_exit,-12.099999999999511,-0.2860147213459431,-0.3017875920084037,-0.3175604626708644
control,train,2019-08-22,2019-08-23,2019-08-26,USDJPY,,-1,2019-08-26T17:00:00+00:00,2019-08-26T20:00:00+00:00,105.998,106.119,106.4735,47.54999999999971,time_exit,-12.099999999999511,-0.2860147213459431,-0.3017875920084037,-0.3175604626708644
candidate,train,2019-08-23,2019-08-26,2019-08-27,GBPUSD,0.008817817718600685,-1,2019-08-27T17:00:00+00:00,2019-08-27T20:00:00+00:00,1.22877,1.22965,1.2314164285714284,26.46428571428565,time_exit,-8.799999999999919,-0.40809716599190077,-0.44588394062078074,-0.4836707152496607
control,train,2019-08-23,2019-08-26,2019-08-27,USDJPY,,1,2019-08-27T17:00:00+00:00,2019-08-27T19:00:00+00:00,105.989,105.76217857142858,105.76217857142858,22.682142857142903,stop,-22.68214285714265,-1.0661313179026812,-1.0991969768540275,-1.1322626358053736
candidate,train,2019-08-26,2019-08-27,2019-08-28,USDJPY,0.012388586085283704,-1,2019-08-28T17:00:00+00:00,2019-08-28T20:00:00+00:00,105.84,105.959,106.01635714285715,17.635714285714144,time_exit,-11.899999999999977,-0.7598217901984657,-0.8023491292021113,-0.8448764682057568
control,train,2019-08-26,2019-08-27,2019-08-28,GBPUSD,,1,2019-08-28T17:00:00+00:00,2019-08-28T20:00:00+00:00,1.22153,1.22346,1.2176632142857142,38.667857142857564,time_exit,19.299999999999873,0.4474000184723295,0.42153874572826405,0.39567747298419853
candidate,train,2019-08-27,2019-08-28,2019-08-29,EURUSD,0.008882323490947197,-1,2019-08-29T17:00:00+00:00,2019-08-29T17:00:00+00:00,1.10631,1.1073460714285712,1.1073460714285712,10.36071428571388,stop,-10.360714285713168,-1.1447776628748076,-1.2171664943122458,-1.2895553257496841
control,train,2019-08-27,2019-08-28,2019-08-29,GBPUSD,,-1,2019-08-29T17:00:00+00:00,2019-08-29T20:00:00+00:00,1.21937,1.21973,1.222027142857143,26.5714285714285,time_exit,-3.5999999999991594,-0.21075268817201195,-0.2483870967741626,-0.2860215053763132
candidate,train,2019-08-28,2019-08-29,2019-08-30,EURUSD,0.007900313031271144,-1,2019-08-30T17:00:00+00:00,2019-08-30T20:00:00+00:00,1.1044100000000001,1.09872,1.1055714285714286,11.61428571428591,time_exit,56.900000000001945,4.7699876998770865,4.70541205412063,4.640836408364173
control,train,2019-08-28,2019-08-29,2019-08-30,USDJPY,,1,2019-08-30T17:00:00+00:00,2019-08-30T20:00:00+00:00,106.167,106.359,106.00575,16.125000000000256,time_exit,19.199999999999307,1.0976744186045908,1.0511627906976146,1.0046511627906387
candidate,train,2019-08-29,2019-08-30,2019-09-03,EURUSD,0.011651808613801773,-1,2019-09-03T17:00:00+00:00,2019-09-03T17:00:00+00:00,1.09467,1.0967260714285716,1.0967260714285716,20.560714285714802,stop,-20.560714285715598,-1.0729546638874783,-1.109431995831198,-1.1459093277749177
control,train,2019-08-29,2019-08-30,2019-09-03,EURUSD,,-1,2019-09-03T17:00:00+00:00,2019-09-03T17:00:00+00:00,1.09467,1.0967260714285716,1.0967260714285716,20.560714285714802,stop,-20.560714285715598,-1.0729546638874783,-1.109431995831198,-1.1459093277749177
candidate,train,2019-08-30,2019-09-03,2019-09-04,USDJPY,0.030762766942170394,-1,2019-09-04T17:00:00+00:00,2019-09-04T20:00:00+00:00,106.258,106.297,106.41560714285714,15.760714285714478,time_exit,-3.900000000000148,-0.3426240652617319,-0.39021074099252673,-0.4377974167233215
control,train,2019-08-30,2019-09-03,2019-09-04,GBPUSD,,-1,2019-09-04T17:00:00+00:00,2019-09-04T19:00:00+00:00,1.21768,1.2211632142857143,1.2211632142857143,34.832142857142664,stop,-34.83214285714187,-1.057418230288094,-1.0861273454321523,-1.1148364605762107
candidate,train,2019-09-03,2019-09-04,2019-09-05,USDJPY,0.042181220663257246,1,2019-09-05T17:00:00+00:00,2019-09-05T20:00:00+00:00,106.859,106.938,106.62960714285714,22.939285714285923,time_exit,7.900000000000773,0.27899735326174685,0.24630235092638986,0.21360734859103284
control,train,2019-09-03,2019-09-04,2019-09-05,GBPUSD,,1,2019-09-05T17:00:00+00:00,2019-09-05T20:00:00+00:00,1.23448,1.23154,1.230619642857143,38.6035714285712,time_exit,-29.399999999999427,-0.8133962438708383,-0.839300582847617,-0.8652049218243958
candidate,train,2019-09-04,2019-09-05,2019-09-06,EURUSD,0.010218378851732268,1,2019-09-06T17:00:00+00:00,2019-09-06T19:00:00+00:00,1.105,1.1035042857142856,1.1035042857142856,14.957142857142824,stop,-14.95714285714378,-1.1002865329513536,-1.1504297994269983,-1.2005730659026432
control,train,2019-09-04,2019-09-05,2019-09-06,GBPUSD,,1,2019-09-06T17:00:00+00:00,2019-09-06T19:00:00+00:00,1.2315,1.228479642857143,1.228479642857143,30.20357142857136,stop,-30.203571428570886,-1.0662173347522605,-1.0993260021283986,-1.1324346695045369
candidate,train,2019-09-05,2019-09-06,2019-09-09,GBPUSD,0.014058195749338642,-1,2019-09-09T17:00:00+00:00,2019-09-09T20:00:00+00:00,1.23658,1.23469,1.2400846428571428,35.046428571428585,time_exit,18.899999999999473,0.48221746662588916,0.4536838887190309,0.4251503108121727
control,train,2019-09-05,2019-09-06,2019-09-09,GBPUSD,,-1,2019-09-09T17:00:00+00:00,2019-09-09T20:00:00+00:00,1.23658,1.23469,1.2400846428571428,35.046428571428585,time_exit,18.899999999999473,0.48221746662588916,0.4536838887190309,0.4251503108121727
candidate,train,2019-09-06,2019-09-09,2019-09-10,EURUSD,0.01759970545024281,1,2019-09-10T17:00:00+00:00,2019-09-10T20:00:00+00:00,1.10396,1.1041,1.1027085714285714,12.514285714286096,time_exit,1.40000000000029,-0.007990867579885267,-0.0679223744291985,-0.12785388127851174
control,train,2019-09-06,2019-09-09,2019-09-10,GBPUSD,,1,2019-09-10T17:00:00+00:00,2019-09-10T20:00:00+00:00,1.23684,1.23444,1.2337371428571429,31.028571428571535,time_exit,-23.999999999999577,-0.8379373848986944,-0.870165745856337,-0.9023941068139796
candidate,train,2019-09-09,2019-09-10,2019-09-11,GBPUSD,0.04097328069047834,-1,2019-09-11T17:00:00+00:00,2019-09-11T20:00:00+00:00,1.23266,1.23169,1.2353053571428572,26.453571428571774,time_exit,9.700000000001374,0.2910760091805531,0.2532739300662023,0.21547185095185148
control,train,2019-09-09,2019-09-10,2019-09-11,USDJPY,,1,2019-09-11T17:00:00+00:00,2019-09-11T20:00:00+00:00,107.729,107.763,107.59067857142857,13.832142857142365,time_exit,3.4000000000006025,0.13736121869356768,0.08313968499875553,0.028918151303943377
candidate,train,2019-09-10,2019-09-11,2019-09-12,USDJPY,0.07075406331043488,1,2019-09-12T17:00:00+00:00,2019-09-12T20:00:00+00:00,107.764,108.029,107.5875357142857,17.646428571428935,time_exit,26.500000000000057,1.4167172637117733,1.3742157458004203,1.331714227889067
control,train,2019-09-10,2019-09-11,2019-09-12,EURUSD,,-1,2019-09-12T17:00:00+00:00,2019-09-12T18:00:00+00:00,1.10354,1.1071571428571427,1.1071571428571427,36.17142857142834,stop,-36.17142857142763,-1.0414691943127767,-1.062203791469175,-1.0829383886255732
candidate,train,2019-09-11,2019-09-12,2019-09-13,USDJPY,0.01093300300133726,1,2019-09-13T17:00:00+00:00,2019-09-13T20:00:00+00:00,108.056,108.119,107.9045,15.150000000000016,time_exit,6.300000000000239,0.31683168316833227,0.2673267326732828,0.21782178217823334
control,train,2019-09-11,2019-09-12,2019-09-13,EURUSD,,1,2019-09-13T17:00:00+00:00,2019-09-13T20:00:00+00:00,1.10684,1.10758,1.1048032142857143,20.367857142857115,time_exit,7.399999999999629,0.28967210240222663,0.25284937752058534,0.21602665263894402
candidate,train,2019-09-12,2019-09-13,2019-09-16,USDJPY,0.022928033651354873,1,2019-09-16T17:00:00+00:00,2019-09-16T20:00:00+00:00,107.947,107.966,107.76325,18.375000000000647,time_exit,1.8999999999991246,0.02176870748294479,-0.01904761904766602,-0.059863945578276824
control,train,2019-09-12,2019-09-13,2019-09-16,GBPUSD,,1,2019-09-16T17:00:00+00:00,2019-09-16T17:00:00+00:00,1.244,1.241219642857143,1.241219642857143,27.803571428570628,stop,-27.803571428570706,-1.0719332048811867,-1.1078998073217785,-1.1438664097623705
candidate,train,2019-09-13,2019-09-16,2019-09-17,USDJPY,0.01504207490047449,-1,2019-09-17T17:00:00+00:00,2019-09-17T20:00:00+00:00,108.227,108.072,108.40721428571429,18.021428571428594,time_exit,15.500000000000114,0.7768529528339332,0.7352358303606872,0.6936187078874411
control,train,2019-09-13,2019-09-16,2019-09-17,EURUSD,,-1,2019-09-17T17:00:00+00:00,2019-09-17T18:00:00+00:00,1.10327,1.1051139285714284,1.1051139285714284,18.439285714285656,stop,-18.439285714284548,-1.0813480534572324,-1.1220220801858787,-1.162696106914525
candidate,train,2019-09-16,2019-09-17,2019-09-18,EURUSD,0.004585685799965766,1,2019-09-18T17:00:00+00:00,2019-09-18T20:00:00+00:00,1.10551,1.10632,1.1042339285714287,12.76071428571438,time_exit,8.099999999999774,0.5172124265323043,0.4584382871536313,0.39966414777495834
control,train,2019-09-16,2019-09-17,2019-09-18,GBPUSD,,1,2019-09-18T17:00:00+00:00,2019-09-18T20:00:00+00:00,1.24781,1.2478799999999999,1.2452342857142857,25.757142857142682,time_exit,0.6999999999979245,-0.05047143649481193,-0.08929561841383604,-0.12811980033286016
candidate,train,2019-09-19,2019-09-20,2019-09-23,USDJPY,0.06942980027459389,-1,2019-09-23T17:00:00+00:00,2019-09-23T20:00:00+00:00,107.423,107.492,107.57032142857143,14.732142857142858,time_exit,-6.9000000000002615,-0.5701818181818359,-0.6210909090909268,-0.6720000000000177
control,train,2019-09-19,2019-09-20,2019-09-23,EURUSD,,-1,2019-09-23T17:00:00+00:00,2019-09-23T20:00:00+00:00,1.09891,1.09872,1.100697142857143,17.87142857142884,time_exit,1.900000000001345,0.022382094324615295,-0.019584332533897263,-0.06155075939240982
candidate,train,2019-09-20,2019-09-23,2019-09-24,GBPUSD,0.00311153662039243,-1,2019-09-24T17:00:00+00:00,2019-09-24T20:00:00+00:00,1.24891,1.2487,1.25191,30.000000000000266,time_exit,2.100000000000435,0.003333333333347799,-0.02999999999998524,-0.06333333333331828
control,train,2019-09-20,2019-09-23,2019-09-24,GBPUSD,,-1,2019-09-24T17:00:00+00:00,2019-09-24T20:00:00+00:00,1.24891,1.2487,1.25191,30.000000000000266,time_exit,2.100000000000435,0.003333333333347799,-0.02999999999998524,-0.06333333333331828
candidate,train,2019-09-23,2019-09-24,2019-09-25,USDJPY,0.0121717441653304,-1,2019-09-25T17:00:00+00:00,2019-09-25T17:00:00+00:00,107.543,107.73596428571429,107.73596428571429,19.296428571428134,stop,-19.296428571428237,-1.0777345918933996,-1.1166018878400967,-1.155469183786794
control,train,2019-09-23,2019-09-24,2019-09-25,GBPUSD,,1,2019-09-25T17:00:00+00:00,2019-09-25T17:00:00+00:00,1.23837,1.2355060714285715,1.2355060714285715,28.639285714285865,stop,-28.639285714284757,-1.0698341439081789,-1.1047512158622876,-1.1396682878163964
candidate,train,2019-09-24,2019-09-25,2019-09-26,USDJPY,0.02550111593784532,1,2019-09-26T17:00:00+00:00,2019-09-26T20:00:00+00:00,107.539,107.808,107.40528571428572,13.371428571428318,time_exit,26.900000000000546,1.8995726495727263,1.8434829059829818,1.787393162393237
control,train,2019-09-24,2019-09-25,2019-09-26,GBPUSD,,-1,2019-09-26T17:00:00+00:00,2019-09-26T20:00:00+00:00,1.23592,1.23344,1.2386114285714285,26.914285714285512,time_exit,24.799999999998157,0.8471337579617213,0.8099787685774323,0.7728237791931433
candidate,train,2019-09-26,2019-09-27,2019-09-30,USDJPY,0.04308787028638528,1,2019-09-30T17:00:00+00:00,2019-09-30T20:00:00+00:00,108.023,108.144,107.87053571428571,15.246428571428439,time_exit,12.100000000000932,0.6952447880066261,0.6460529397986144,0.5968610915906027
control,train,2019-09-26,2019-09-27,2019-09-30,GBPUSD,,-1,2019-09-30T17:00:00+00:00,2019-09-30T17:00:00+00:00,1.23131,1.2336767857142856,1.2336767857142856,23.667857142857557,stop,-23.66785714285724,-1.0845027916100651,-1.1267541874151044,-1.1690055832201436
candidate,train,2019-09-27,2019-09-30,2019-10-01,USDJPY,0.01038766692057247,1,2019-10-01T17:00:00+00:00,2019-10-01T17:00:00+00:00,108.388,108.21357142857143,108.21357142857143,17.442857142857296,stop,-17.442857142857804,-1.0859950859951144,-1.128992628992657,-1.1719901719901995
control,train,2019-09-27,2019-09-30,2019-10-01,EURUSD,,-1,2019-10-01T17:00:00+00:00,2019-10-01T17:00:00+00:00,1.08855,1.0900039285714285,1.0900039285714285,14.539285714285565,stop,-14.539285714285644,-1.1031687546057545,-1.1547531319086288,-1.2063375092115034
candidate,train,2019-09-30,2019-10-01,2019-10-02,GBPUSD,0.09372038359893287,1,2019-10-02T17:00:00+00:00,2019-10-02T20:00:00+00:00,1.22878,1.23086,1.2254907142857143,32.89285714285756,time_exit,20.800000000000818,0.5715526601520263,0.5411509229098986,0.5107491856677708
control,train,2019-09-30,2019-10-01,2019-10-02,USDJPY,,-1,2019-10-02T17:00:00+00:00,2019-10-02T20:00:00+00:00,107.416,107.11,107.60221428571428,18.621428571428414,time_exit,30.59999999999974,1.56271576524741,1.5224395857307238,1.4821634062140376
candidate,train,2019-10-02,2019-10-03,2019-10-04,GBPUSD,0.028325889779701408,1,2019-10-04T17:00:00+00:00,2019-10-04T20:00:00+00:00,1.22888,1.23287,1.2260139285714284,28.660714285714338,time_exit,39.89999999999938,1.3223676012460819,1.2874766355139948,1.2525856697819076
control,train,2019-10-02,2019-10-03,2019-10-04,GBPUSD,,1,2019-10-04T17:00:00+00:00,2019-10-04T20:00:00+00:00,1.22888,1.23287,1.2260139285714284,28.660714285714338,time_exit,39.89999999999938,1.3223676012460819,1.2874766355139948,1.2525856697819076
candidate,train,2019-10-03,2019-10-04,2019-10-07,USDJPY,0.014105914718019363,1,2019-10-07T17:00:00+00:00,2019-10-07T20:00:00+00:00,106.946,107.123,106.81946428571429,12.653571428571247,time_exit,17.70000000000067,1.2802709568163289,1.2209991532600197,1.1617273497037106
control,train,2019-10-03,2019-10-04,2019-10-07,GBPUSD,,-1,2019-10-07T17:00:00+00:00,2019-10-07T20:00:00+00:00,1.23239,1.23153,1.2346303571428572,22.40357142857165,time_exit,8.60000000000083,0.29459588713537604,0.24996014666032468,0.2053244061852733
candidate,train,2019-10-04,2019-10-07,2019-10-08,USDJPY,0.012024333507402396,1,2019-10-08T17:00:00+00:00,2019-10-08T20:00:00+00:00,106.924,107.146,106.74132142857144,18.267857142857277,time_exit,22.19999999999942,1.1331378299119834,1.0920821114369104,1.0510263929618373
control,train,2019-10-04,2019-10-07,2019-10-08,USDJPY,,1,2019-10-08T17:00:00+00:00,2019-10-08T20:00:00+00:00,106.924,107.146,106.74132142857144,18.267857142857277,time_exit,22.19999999999942,1.1331378299119834,1.0920821114369104,1.0510263929618373
candidate,train,2019-10-07,2019-10-08,2019-10-09,GBPUSD,0.012771957437738735,-1,2019-10-09T17:00:00+00:00,2019-10-09T20:00:00+00:00,1.2221899999999999,1.22028,1.2252532142857142,30.63214285714322,time_exit,19.099999999998563,0.5582371458551406,0.5255916987291063,0.49294625160307187
control,train,2019-10-07,2019-10-08,2019-10-09,GBPUSD,,-1,2019-10-09T17:00:00+00:00,2019-10-09T20:00:00+00:00,1.2221899999999999,1.22028,1.2252532142857142,30.63214285714322,time_exit,19.099999999998563,0.5582371458551406,0.5255916987291063,0.49294625160307187
candidate,train,2019-10-08,2019-10-09,2019-10-10,EURUSD,0.0008330760312957874,1,2019-10-10T17:00:00+00:00,2019-10-10T18:00:00+00:00,1.10192,1.1002753571428572,1.1002753571428572,16.446428571428545,stop,-16.446428571428306,-1.09120521172637,-1.1368078175895624,-1.1824104234527546
control,train,2019-10-08,2019-10-09,2019-10-10,USDJPY,,1,2019-10-10T17:00:00+00:00,2019-10-10T20:00:00+00:00,107.852,107.899,107.6135,23.849999999999994,time_exit,4.699999999999704,0.13417190775680105,0.10272536687629791,0.07127882599579476
candidate,train,2019-10-09,2019-10-10,2019-10-11,USDJPY,0.019970225721221535,1,2019-10-11T17:00:00+00:00,2019-10-11T19:00:00+00:00,108.468,108.27589285714286,108.27589285714286,19.2107142857142,stop,-19.210714285713948,-1.0780814277746664,-1.1171221416620063,-1.1561628555493462
control,train,2019-10-09,2019-10-10,2019-10-11,GBPUSD,,1,2019-10-11T17:00:00+00:00,2019-10-11T20:00:00+00:00,1.26829,1.2665899999999999,1.2617757142857142,65.1428571428571,time_exit,-17.000000000000348,-0.29166666666667224,-0.3070175438596547,-0.32236842105263713
candidate,train,2019-10-10,2019-10-11,2019-10-14,USDJPY,0.043629191321499006,1,2019-10-14T17:00:00+00:00,2019-10-14T20:00:00+00:00,108.342,108.367,108.17978571428571,16.221428571428525,time_exit,2.5000000000005684,0.061646851607256706,0.015411712901840458,-0.03082342580357579
control,train,2019-10-10,2019-10-11,2019-10-14,GBPUSD,,1,2019-10-14T17:00:00+00:00,2019-10-14T19:00:00+00:00,1.2601200000000001,1.2558557142857145,1.2558557142857145,42.64285714285696,stop,-42.642857142856094,-1.0469011725292932,-1.0703517587939497,-1.0938023450586065
candidate,train,2019-10-14,2019-10-15,2019-10-16,USDJPY,0.020523378109675416,1,2019-10-16T17:00:00+00:00,2019-10-16T20:00:00+00:00,108.672,108.666,108.48835714285714,18.364285714285852,time_exit,-0.6000000000000227,-0.1143523920653446,-0.15519253208868153,-0.19603267211201844
control,train,2019-10-14,2019-10-15,2019-10-16,GBPUSD,,1,2019-10-16T17:00:00+00:00,2019-10-16T17:00:00+00:00,1.28449,1.2773810714285714,1.2773810714285714,71.08928571428562,stop,-71.0892857142853,-1.0281336347651298,-1.042200452147697,-1.0562672695302642
candidate,train,2019-10-15,2019-10-16,2019-10-17,EURUSD,0.008652373512149092,1,2019-10-17T17:00:00+00:00,2019-10-17T20:00:00+00:00,1.11236,1.1126,1.1100660714285715,22.939285714285873,time_exit,2.4000000000001798,0.03923400280243634,0.006539000467079253,-0.02615600186827783
control,train,2019-10-15,2019-10-16,2019-10-17,GBPUSD,,1,2019-10-17T17:00:00+00:00,2019-10-17T20:00:00+00:00,1.28365,1.2848600000000001,1.27624,74.10000000000012,time_exit,12.100000000001554,0.13630229419705178,0.12280701754388042,0.10931174089070905
candidate,train,2019-10-16,2019-10-17,2019-10-18,EURUSD,0.01301657995967509,1,2019-10-18T17:00:00+00:00,2019-10-18T20:00:00+00:00,1.11395,1.11582,1.1125635714285715,13.864285714285185,time_exit,18.700000000000383,1.2405976300876587,1.1865018031943027,1.1324059763009466
control,train,2019-10-16,2019-10-17,2019-10-18,EURUSD,,1,2019-10-18T17:00:00+00:00,2019-10-18T20:00:00+00:00,1.11395,1.11582,1.1125635714285715,13.864285714285185,time_exit,18.700000000000383,1.2405976300876587,1.1865018031943027,1.1324059763009466
candidate,train,2019-10-17,2019-10-18,2019-10-21,USDJPY,0.014184710840404735,-1,2019-10-21T17:00:00+00:00,2019-10-21T20:00:00+00:00,108.498,108.573,108.61007142857143,11.20714285714308,time_exit,-7.499999999998863,-0.8030592734224448,-0.8699808795409903,-0.9369024856595358
control,train,2019-10-17,2019-10-18,2019-10-21,GBPUSD,,1,2019-10-21T17:00:00+00:00,2019-10-21T20:00:00+00:00,1.2993000000000001,1.29755,1.2953871428571428,39.128571428571775,time_exit,-17.500000000001403,-0.49835706462215634,-0.5239138371668804,-0.5494706097116046
candidate,train,2019-10-18,2019-10-21,2019-10-22,EURUSD,0.003283010373626105,-1,2019-10-22T17:00:00+00:00,2019-10-22T20:00:00+00:00,1.11341,1.11403,1.1146260714285714,12.16071428571449,time_exit,-6.200000000000649,-0.6331864904552557,-0.6948604992658273,-0.756534508076399
control,train,2019-10-18,2019-10-21,2019-10-22,GBPUSD,,1,2019-10-22T17:00:00+00:00,2019-10-22T20:00:00+00:00,1.29239,1.29497,1.2886635714285715,37.264285714285506,time_exit,25.800000000000267,0.6386812344259261,0.6118458884416437,0.5850105424573614
candidate,train,2019-10-21,2019-10-22,2019-10-23,EURUSD,0.005342865563235044,-1,2019-10-23T17:00:00+00:00,2019-10-23T20:00:00+00:00,1.11227,1.1120700000000001,1.1135214285714286,12.514285714284906,time_exit,1.9999999999997797,0.03995433789952836,-0.01997716894979058,-0.07990867579910953
control,train,2019-10-21,2019-10-22,2019-10-23,GBPUSD,,-1,2019-10-23T17:00:00+00:00,2019-10-23T20:00:00+00:00,1.28868,1.2873999999999999,1.2921021428571429,34.22142857142842,time_exit,12.800000000001699,0.31559173450224265,0.28637027760389144,0.25714882070554024
candidate,train,2019-10-22,2019-10-23,2019-10-24,GBPUSD,0.021754898000842626,-1,2019-10-24T17:00:00+00:00,2019-10-24T20:00:00+00:00,1.28633,1.28502,1.2894917857142858,31.617857142857535,time_exit,13.099999999999223,0.3510674347678464,0.31943973794191205,0.28781204111597775
control,train,2019-10-22,2019-10-23,2019-10-24,GBPUSD,,-1,2019-10-24T17:00:00+00:00,2019-10-24T20:00:00+00:00,1.28633,1.28502,1.2894917857142858,31.617857142857535,time_exit,13.099999999999223,0.3510674347678464,0.31943973794191205,0.28781204111597775
candidate,train,2019-10-24,2019-10-25,2019-10-28,EURUSD,0.0042538025984024674,-1,2019-10-28T17:00:00+00:00,2019-10-28T19:00:00+00:00,1.10917,1.1102510714285714,1.1102510714285714,10.810714285713738,stop,-10.810714285713896,-1.1387512388503684,-1.2081268582755456,-1.2775024777007224
control,train,2019-10-24,2019-10-25,2019-10-28,EURUSD,,-1,2019-10-28T17:00:00+00:00,2019-10-28T19:00:00+00:00,1.10917,1.1102510714285714,1.1102510714285714,10.810714285713738,stop,-10.810714285713896,-1.1387512388503684,-1.2081268582755456,-1.2775024777007224
candidate,train,2019-10-25,2019-10-28,2019-10-29,USDJPY,0.03510771685854319,1,2019-10-29T17:00:00+00:00,2019-10-29T17:00:00+00:00,108.939,108.84203571428571,108.84203571428571,9.696428571428584,stop,-9.696428571427873,-1.1546961325966116,-1.232044198894954,-1.3093922651932965
control,train,2019-10-25,2019-10-28,2019-10-29,GBPUSD,,1,2019-10-29T17:00:00+00:00,2019-10-29T20:00:00+00:00,1.2876699999999999,1.28565,1.2845874999999998,30.824999999999957,time_exit,-20.199999999999108,-0.7201946472019185,-0.7526358475263306,-0.7850770478507426
candidate,train,2019-10-28,2019-10-29,2019-10-30,EURUSD,0.022844570052066082,1,2019-10-30T17:00:00+00:00,2019-10-30T20:00:00+00:00,1.11119,1.1116,1.109835714285714,13.542857142857601,time_exit,4.100000000000215,0.19198312236287854,0.13660337552743737,0.08122362869199622
control,train,2019-10-28,2019-10-29,2019-10-30,GBPUSD,,-1,2019-10-30T17:00:00+00:00,2019-10-30T20:00:00+00:00,1.28614,1.28658,1.2884757142857144,23.357142857143376,time_exit,-4.3999999999999595,-0.27400611620794324,-0.31681957186543463,-0.35963302752292603
candidate,train,2019-10-29,2019-10-30,2019-10-31,EURUSD,0.01296594029955922,1,2019-10-31T17:00:00+00:00,2019-10-31T20:00:00+00:00,1.11425,1.11459,1.112405,18.449999999999537,time_exit,3.4000000000000696,0.10298102981030446,0.0623306233062384,0.021680216802172338
control,train,2019-10-29,2019-10-30,2019-10-31,GBPUSD,,1,2019-10-31T17:00:00+00:00,2019-10-31T20:00:00+00:00,1.2933,1.29367,1.2907564285714284,25.43571428571486,time_exit,3.700000000002035,0.06683515866337533,0.027520359449672196,-0.011794439764030934
candidate,train,2019-10-30,2019-10-31,2019-11-01,EURUSD,0.01960637142998367,1,2019-11-01T17:00:00+00:00,2019-11-01T20:00:00+00:00,1.11654,1.11618,1.1148160714285715,17.239285714285884,time_exit,-3.60000000000138,-0.2958359229335762,-0.3393412057179139,-0.3828464885022515
control,train,2019-10-30,2019-10-31,2019-11-01,USDJPY,,-1,2019-11-01T17:00:00+00:00,2019-11-01T18:00:00+00:00,108.063,108.20625000000001,108.20625000000001,14.325000000000493,stop,-14.325000000000898,-1.1047120418848415,-1.157068062827248,-1.2094240837696546
candidate,train,2019-11-01,2019-11-04,2019-11-05,USDJPY,0.03595229187934734,1,2019-11-05T17:00:00+00:00,2019-11-05T20:00:00+00:00,108.85,109.122,108.74446428571427,10.553571428571573,time_exit,27.200000000000557,2.435194585448412,2.364128595600697,2.2930626057529824
control,train,2019-11-01,2019-11-04,2019-11-05,GBPUSD,,-1,2019-11-05T17:00:00+00:00,2019-11-05T20:00:00+00:00,1.28871,1.28702,1.2908475,21.374999999999904,time_exit,16.899999999999693,0.6970760233918016,0.6502923976608073,0.6035087719298129
candidate,train,2019-11-04,2019-11-05,2019-11-06,USDJPY,0.08425195404550156,1,2019-11-06T17:00:00+00:00,2019-11-06T18:00:00+00:00,108.997,108.88525,108.88525,11.174999999999764,stop,-11.175000000000068,-1.134228187919493,-1.201342281879226,-1.268456375838959
control,train,2019-11-04,2019-11-05,2019-11-06,EURUSD,,-1,2019-11-06T17:00:00+00:00,2019-11-06T20:00:00+00:00,1.10823,1.10659,1.1093367857142857,11.067857142856852,time_exit,16.40000000000086,1.346240722813924,1.2784769280414148,1.2107131332689058
candidate,train,2019-11-05,2019-11-06,2019-11-07,USDJPY,0.01960551867407312,-1,2019-11-07T17:00:00+00:00,2019-11-07T17:00:00+00:00,109.157,109.32660714285714,109.32660714285714,16.96071428571412,stop,-16.960714285714573,-1.0884396715098192,-1.1326595072647154,-1.1768793430196116
control,train,2019-11-05,2019-11-06,2019-11-07,USDJPY,,-1,2019-11-07T17:00:00+00:00,2019-11-07T17:00:00+00:00,109.157,109.32660714285714,109.32660714285714,16.96071428571412,stop,-16.960714285714573,-1.0884396715098192,-1.1326595072647154,-1.1768793430196116
candidate,train,2019-11-06,2019-11-07,2019-11-08,USDJPY,0.026104962434322365,1,2019-11-08T17:00:00+00:00,2019-11-08T20:00:00+00:00,109.143,109.184,109.00896428571428,13.403571428571325,time_exit,4.099999999999682,0.19397815081266093,0.1380229150013096,0.08206767918995823
control,train,2019-11-06,2019-11-07,2019-11-08,USDJPY,,1,2019-11-08T17:00:00+00:00,2019-11-08T20:00:00+00:00,109.143,109.184,109.00896428571428,13.403571428571325,time_exit,4.099999999999682,0.19397815081266093,0.1380229150013096,0.08206767918995823
candidate,train,2019-11-07,2019-11-08,2019-11-11,EURUSD,0.009398281205725612,-1,2019-11-11T17:00:00+00:00,2019-11-11T20:00:00+00:00,1.10361,1.10388,1.1045582142857142,9.482142857142646,time_exit,-2.6999999999999247,-0.4429378531073465,-0.5220338983050884,-0.6011299435028303
control,train,2019-11-07,2019-11-08,2019-11-11,GBPUSD,,-1,2019-11-11T17:00:00+00:00,2019-11-11T20:00:00+00:00,1.28823,1.28578,1.2906396428571427,24.096428571427985,time_exit,24.500000000000632,0.9337483325923122,0.8922484066993217,0.8507484808063313
candidate,train,2019-11-08,2019-11-11,2019-11-12,GBPUSD,0.019158575415700208,1,2019-11-12T17:00:00+00:00,2019-11-12T20:00:00+00:00,1.28439,1.28568,1.2824367857142858,19.532142857142347,time_exit,12.900000000000134,0.55805448893767,0.5068568294021045,0.45565916986653915
control,train,2019-11-08,2019-11-11,2019-11-12,GBPUSD,,1,2019-11-12T17:00:00+00:00,2019-11-12T20:00:00+00:00,1.28439,1.28568,1.2824367857142858,19.532142857142347,time_exit,12.900000000000134,0.55805448893767,0.5068568294021045,0.45565916986653915
candidate,train,2019-11-11,2019-11-12,2019-11-13,GBPUSD,0.009213590407451955,-1,2019-11-13T17:00:00+00:00,2019-11-13T18:00:00+00:00,1.28243,1.2846157142857142,1.2846157142857142,21.85714285714283,stop,-21.857142857142353,-1.0915032679738346,-1.1372549019607627,-1.183006535947691
control,train,2019-11-11,2019-11-12,2019-11-13,EURUSD,,-1,2019-11-13T17:00:00+00:00,2019-11-13T20:00:00+00:00,1.10122,1.0999,1.1023310714285715,11.110714285714511,time_exit,13.199999999999878,1.053037608485985,0.9855351976856007,0.9180327868852163
candidate,train,2019-11-12,2019-11-13,2019-11-14,USDJPY,0.006588914927244005,-1,2019-11-14T17:00:00+00:00,2019-11-14T20:00:00+00:00,108.66,108.338,108.79982142857143,13.982142857143387,time_exit,32.20000000000027,2.1956577266921458,2.142017879948853,2.0883780332055597
control,train,2019-11-12,2019-11-13,2019-11-14,USDJPY,,-1,2019-11-14T17:00:00+00:00,2019-11-14T20:00:00+00:00,108.66,108.338,108.79982142857143,13.982142857143387,time_exit,32.20000000000027,2.1956577266921458,2.142017879948853,2.0883780332055597
candidate,train,2019-11-13,2019-11-14,2019-11-15,GBPUSD,0.01659659955812387,1,2019-11-15T17:00:00+00:00,2019-11-15T20:00:00+00:00,1.2904499999999999,1.29081,1.2887142857142855,17.357142857143558,time_exit,3.60000000000138,0.09218106995892351,0.034567901234646,-0.023045267489631507
control,train,2019-11-13,2019-11-14,2019-11-15,USDJPY,,-1,2019-11-15T17:00:00+00:00,2019-11-15T18:00:00+00:00,108.717,108.83710714285714,108.83710714285714,12.010714285714082,stop,-12.010714285713675,-1.1248884924174527,-1.1873327386261958,-1.2497769848349392
candidate,train,2019-11-14,2019-11-15,2019-11-18,GBPUSD,0.015358690192875502,1,2019-11-18T17:00:00+00:00,2019-11-18T20:00:00+00:00,1.29597,1.29664,1.2939492857142858,20.2071428571432,time_exit,6.699999999999484,0.23259102156236006,0.18310357016610782,0.13361611876985555
control,train,2019-11-14,2019-11-15,2019-11-18,USDJPY,,1,2019-11-18T17:00:00+00:00,2019-11-18T18:00:00+00:00,108.67,108.53414285714287,108.53414285714287,13.58571428571399,stop,-13.58571428571338,-1.1104100946371813,-1.1656151419557945,-1.2208201892744077
candidate,train,2019-11-15,2019-11-18,2019-11-19,GBPUSD,0.01631909611624005,1,2019-11-19T17:00:00+00:00,2019-11-19T19:00:00+00:00,1.29406,1.2923532142857144,1.2923532142857144,17.0678571428569,stop,-17.06785714285619,-1.1171793262188343,-1.1757689893282721,-1.2343586524377101
control,train,2019-11-15,2019-11-18,2019-11-19,GBPUSD,,1,2019-11-19T17:00:00+00:00,2019-11-19T19:00:00+00:00,1.29406,1.2923532142857144,1.2923532142857144,17.0678571428569,stop,-17.06785714285619,-1.1171793262188343,-1.1757689893282721,-1.2343586524377101
candidate,train,2019-11-18,2019-11-19,2019-11-20,EURUSD,0.0037860107939375887,-1,2019-11-20T17:00:00+00:00,2019-11-20T20:00:00+00:00,1.10785,1.10666,1.1090403571428573,11.903571428572091,time_exit,11.900000000000244,0.8736873687368455,0.8106810681067861,0.7476747674767266
control,train,2019-11-18,2019-11-19,2019-11-20,GBPUSD,,-1,2019-11-20T17:00:00+00:00,2019-11-20T20:00:00+00:00,1.29187,1.29209,1.2940021428571429,21.3214285714286,time_exit,-2.1999999999988695,-0.19698492462306227,-0.24388609715237544,-0.2907872696816886
candidate,train,2019-11-19,2019-11-20,2019-11-21,USDJPY,0.007682736662519174,1,2019-11-21T17:00:00+00:00,2019-11-21T20:00:00+00:00,108.59,108.607,108.42575000000001,16.424999999999862,time_exit,1.6999999999995907,0.012176560121740785,-0.033485540334880604,-0.079147640791502
control,train,2019-11-19,2019-11-20,2019-11-21,EURUSD,,-1,2019-11-21T17:00:00+00:00,2019-11-21T20:00:00+00:00,1.10803,1.10626,1.1091132142857143,10.832142857142449,time_exit,17.700000000000493,1.4955489614244342,1.4263105835807126,1.3570722057369908
candidate,train,2019-11-20,2019-11-21,2019-11-22,GBPUSD,0.011131261618737343,-1,2019-11-22T17:00:00+00:00,2019-11-22T20:00:00+00:00,1.28458,1.28271,1.2869382142857142,23.582142857142472,time_exit,18.700000000000383,0.7081629562320436,0.665757988793,0.6233530213539564
control,train,2019-11-20,2019-11-21,2019-11-22,GBPUSD,,-1,2019-11-22T17:00:00+00:00,2019-11-22T20:00:00+00:00,1.28458,1.28271,1.2869382142857142,23.582142857142472,time_exit,18.700000000000383,0.7081629562320436,0.665757988793,0.6233530213539564
candidate,train,2019-11-21,2019-11-22,2019-11-25,USDJPY,0.007638515330822937,1,2019-11-25T17:00:00+00:00,2019-11-25T20:00:00+00:00,108.837,108.961,108.75117857142857,8.582142857142877,time_exit,12.399999999999523,1.2700790678318183,1.1826883062837537,1.0952975447356887
control,train,2019-11-21,2019-11-22,2019-11-25,GBPUSD,,-1,2019-11-25T17:00:00+00:00,2019-11-25T20:00:00+00:00,1.28976,1.28881,1.2915396428571428,17.796428571428823,time_exit,9.500000000000064,0.42143287176399524,0.36524182219546303,0.3090507726269308
candidate,train,2019-11-22,2019-11-25,2019-11-26,USDJPY,0.038468930172966154,1,2019-11-26T17:00:00+00:00,2019-11-26T20:00:00+00:00,109.026,109.074,108.89689285714286,12.91071428571366,time_exit,4.800000000000182,0.25560165975106386,0.19751037344400707,0.1394190871369503
control,train,2019-11-22,2019-11-25,2019-11-26,GBPUSD,,1,2019-11-26T17:00:00+00:00,2019-11-26T20:00:00+00:00,1.28508,1.28609,1.2830132142857142,20.66785714285717,time_exit,10.099999999999554,0.3919129082425907,0.3435285985830089,0.29514428892342714
candidate,train,2019-11-25,2019-11-26,2019-11-27,USDJPY,0.012389089376227291,1,2019-11-27T17:00:00+00:00,2019-11-27T20:00:00+00:00,109.279,109.423,109.19757142857142,8.142857142857501,time_exit,14.400000000000546,1.5842105263157868,1.4921052631578962,1.4000000000000055
control,train,2019-11-25,2019-11-26,2019-11-27,GBPUSD,,-1,2019-11-27T17:00:00+00:00,2019-11-27T20:00:00+00:00,1.28727,1.28833,1.2894407142857143,21.707142857142557,time_exit,-10.600000000000609,-0.5804540967423856,-0.6265218821981282,-0.6725896676538708
candidate,train,2019-11-26,2019-11-27,2019-11-29,USDJPY,0.08178799203802245,1,2019-11-29T17:00:00+00:00,2019-11-29T17:00:00+00:00,109.565,109.48635714285714,109.48635714285714,7.8642857142853515,stop,-7.864285714285302,-1.1907356948228907,-1.2861035422343392,-1.3814713896457878
control,train,2019-11-26,2019-11-27,2019-11-29,USDJPY,,1,2019-11-29T17:00:00+00:00,2019-11-29T17:00:00+00:00,109.565,109.48635714285714,109.48635714285714,7.8642857142853515,stop,-7.864285714285302,-1.1907356948228907,-1.2861035422343392,-1.3814713896457878
candidate,train,2019-11-27,2019-11-29,2019-12-02,USDJPY,0.02856230901742851,-1,2019-12-02T17:00:00+00:00,2019-12-02T20:00:00+00:00,109.528,109.033,109.63246428571429,10.446428571428054,time_exit,49.500000000000455,4.594871794872066,4.52307692307719,4.451282051282315
control,train,2019-11-27,2019-11-29,2019-12-02,GBPUSD,,1,2019-12-02T17:00:00+00:00,2019-12-02T20:00:00+00:00,1.29238,1.29332,1.2906592857142858,17.20714285714353,time_exit,9.399999999999409,0.4300539643004885,0.3719385637193367,0.313823163138185
candidate,train,2019-11-29,2019-12-02,2019-12-03,EURUSD,0.01669306292593964,1,2019-12-03T17:00:00+00:00,2019-12-03T20:00:00+00:00,1.10822,1.10882,1.1070617857142857,11.582142857143555,time_exit,5.999999999999339,0.38852913968539593,0.32377428307115375,0.2590194264569116
control,train,2019-11-29,2019-12-02,2019-12-03,EURUSD,,1,2019-12-03T17:00:00+00:00,2019-12-03T20:00:00+00:00,1.10822,1.10882,1.1070617857142857,11.582142857143555,time_exit,5.999999999999339,0.38852913968539593,0.32377428307115375,0.2590194264569116
candidate,train,2019-12-02,2019-12-03,2019-12-04,GBPUSD,0.051902622022499845,1,2019-12-04T17:00:00+00:00,2019-12-04T20:00:00+00:00,1.30905,1.3090899999999999,1.3064142857142858,26.35714285714281,time_exit,0.3999999999981796,-0.060704607046139634,-0.09864498644993373,-0.13658536585372785
control,train,2019-12-02,2019-12-03,2019-12-04,GBPUSD,,1,2019-12-04T17:00:00+00:00,2019-12-04T20:00:00+00:00,1.30905,1.3090899999999999,1.3064142857142858,26.35714285714281,time_exit,0.3999999999981796,-0.060704607046139634,-0.09864498644993373,-0.13658536585372785
candidate,train,2019-12-03,2019-12-04,2019-12-05,GBPUSD,0.03626783178960169,1,2019-12-05T17:00:00+00:00,2019-12-05T17:00:00+00:00,1.31502,1.3130914285714288,1.3130914285714288,19.28571428571359,stop,-19.285714285712796,-1.1037037037036663,-1.1555555555555201,-1.2074074074073737
control,train,2019-12-03,2019-12-04,2019-12-05,GBPUSD,,1,2019-12-05T17:00:00+00:00,2019-12-05T17:00:00+00:00,1.31502,1.3130914285714288,1.3130914285714288,19.28571428571359,stop,-19.285714285712796,-1.1037037037036663,-1.1555555555555201,-1.2074074074073737
candidate,train,2019-12-04,2019-12-05,2019-12-06,GBPUSD,0.027740286006711745,1,2019-12-06T17:00:00+00:00,2019-12-06T20:00:00+00:00,1.31236,1.31323,1.3100039285714284,23.560714285715424,time_exit,8.699999999999264,0.2843716840987878,0.24192814915866556,0.19948461421854333
control,train,2019-12-04,2019-12-05,2019-12-06,GBPUSD,,1,2019-12-06T17:00:00+00:00,2019-12-06T20:00:00+00:00,1.31236,1.31323,1.3100039285714284,23.560714285715424,time_exit,8.699999999999264,0.2843716840987878,0.24192814915866556,0.19948461421854333
candidate,train,2019-12-05,2019-12-06,2019-12-09,EURUSD,0.02093588726483331,-1,2019-12-09T17:00:00+00:00,2019-12-09T20:00:00+00:00,1.10722,1.10567,1.1080835714285715,8.635714285714238,time_exit,15.500000000001624,1.6211745244005278,1.5343258891647953,1.4474772539290628
control,train,2019-12-05,2019-12-06,2019-12-09,EURUSD,,-1,2019-12-09T17:00:00+00:00,2019-12-09T20:00:00+00:00,1.10722,1.10567,1.1080835714285715,8.635714285714238,time_exit,15.500000000001624,1.6211745244005278,1.5343258891647953,1.4474772539290628
candidate,train,2019-12-06,2019-12-09,2019-12-10,EURUSD,0.051441370298740186,1,2019-12-10T17:00:00+00:00,2019-12-10T20:00:00+00:00,1.10804,1.10864,1.1071185714285712,9.214285714286603,time_exit,6.00000000000156,0.488372093023378,0.4069767441861765,0.32558139534897507
control,train,2019-12-06,2019-12-09,2019-12-10,GBPUSD,,1,2019-12-10T17:00:00+00:00,2019-12-10T17:00:00+00:00,1.31769,1.3155042857142858,1.3155042857142858,21.85714285714283,stop,-21.857142857142353,-1.0915032679738346,-1.1372549019607627,-1.183006535947691
candidate,train,2019-12-09,2019-12-10,2019-12-11,GBPUSD,0.04566353102011589,1,2019-12-11T17:00:00+00:00,2019-12-11T20:00:00+00:00,1.3182,1.31715,1.3158342857142857,23.657142857142965,time_exit,-10.499999999999954,-0.528381642512073,-0.5706521739130389,-0.612922705314005
control,train,2019-12-09,2019-12-10,2019-12-11,GBPUSD,,1,2019-12-11T17:00:00+00:00,2019-12-11T20:00:00+00:00,1.3182,1.31715,1.3158342857142857,23.657142857142965,time_exit,-10.499999999999954,-0.528381642512073,-0.5706521739130389,-0.612922705314005
candidate,train,2019-12-10,2019-12-11,2019-12-12,GBPUSD,0.05768894042389272,-1,2019-12-12T17:00:00+00:00,2019-12-12T20:00:00+00:00,1.31491,1.31091,1.3182367857142858,33.2678571428574,time_exit,40.000000000000036,1.1422436929683228,1.112184648416525,1.082125603864727
control,train,2019-12-10,2019-12-11,2019-12-12,GBPUSD,,-1,2019-12-12T17:00:00+00:00,2019-12-12T20:00:00+00:00,1.31491,1.31091,1.3182367857142858,33.2678571428574,time_exit,40.000000000000036,1.1422436929683228,1.112184648416525,1.082125603864727
candidate,train,2019-12-11,2019-12-12,2019-12-13,USDJPY,0.025528777941035363,1,2019-12-13T17:00:00+00:00,2019-12-13T20:00:00+00:00,109.314,109.319,109.15392857142857,16.007142857142703,time_exit,0.5000000000009663,-0.06247211066482198,-0.10932619366348374,-0.1561802766621455
control,train,2019-12-11,2019-12-12,2019-12-13,GBPUSD,,-1,2019-12-13T17:00:00+00:00,2019-12-13T20:00:00+00:00,1.33289,1.3321,1.3387324999999999,58.42499999999973,time_exit,7.899999999998464,0.10098416773638838,0.08386820710309777,0.06675224646980714
candidate,train,2019-12-12,2019-12-13,2019-12-16,EURUSD,0.017898225978125515,1,2019-12-16T17:00:00+00:00,2019-12-16T17:00:00+00:00,1.11502,1.1138242857142857,1.1138242857142857,11.957142857142921,stop,-11.95714285714189,-1.125448028673748,-1.1881720430106653,-1.2508960573475827
control,train,2019-12-12,2019-12-13,2019-12-16,GBPUSD,,1,2019-12-16T17:00:00+00:00,2019-12-16T20:00:00+00:00,1.33437,1.33261,1.3305578571428571,38.12142857142923,time_exit,-17.599999999999838,-0.514146524264555,-0.540378489788257,-0.566610455311959
candidate,train,2019-12-13,2019-12-16,2019-12-17,GBPUSD,0.006048722004347917,1,2019-12-17T17:00:00+00:00,2019-12-17T18:00:00+00:00,1.31592,1.3111607142857142,1.3111607142857142,47.59285714285728,stop,-47.59285714285743,-1.0420231127119948,-1.0630346690679906,-1.0840462254239862
control,train,2019-12-13,2019-12-16,2019-12-17,USDJPY,,1,2019-12-17T17:00:00+00:00,2019-12-17T18:00:00+00:00,109.57,109.49339285714285,109.49339285714285,7.660714285714171,stop,-7.660714285714221,-1.1958041958042052,-1.2937062937063046,-1.3916083916084039
candidate,train,2019-12-16,2019-12-17,2019-12-18,GBPUSD,0.021188615650788112,-1,2019-12-18T17:00:00+00:00,2019-12-18T20:00:00+00:00,1.30714,1.30829,1.3111557142857142,40.157142857142574,time_exit,-11.499999999999844,-0.33617929562433146,-0.3610814656705785,-0.3859836357168256
control,train,2019-12-16,2019-12-17,2019-12-18,GBPUSD,,-1,2019-12-18T17:00:00+00:00,2019-12-18T20:00:00+00:00,1.30714,1.30829,1.3111557142857142,40.157142857142574,time_exit,-11.499999999999844,-0.33617929562433146,-0.3610814656705785,-0.3859836357168256
candidate,train,2019-12-18,2019-12-19,2019-12-20,GBPUSD,0.018632838227054194,-1,2019-12-20T17:00:00+00:00,2019-12-20T17:00:00+00:00,1.30368,1.3062589285714286,1.3062589285714286,25.78928571428599,stop,-25.78928571428607,-1.077551585652959,-1.1163273784794367,-1.1551031713059148
control,train,2019-12-18,2019-12-19,2019-12-20,GBPUSD,,-1,2019-12-20T17:00:00+00:00,2019-12-20T17:00:00+00:00,1.30368,1.3062589285714286,1.3062589285714286,25.78928571428599,stop,-25.78928571428607,-1.077551585652959,-1.1163273784794367,-1.1551031713059148
candidate,train,2019-12-19,2019-12-20,2019-12-23,USDJPY,0.0009667220162410395,1,2019-12-23T17:00:00+00:00,2019-12-23T20:00:00+00:00,109.357,109.384,109.29057142857143,6.642857142857649,time_exit,2.7000000000001023,0.18064516129032424,0.06774193548388122,-0.0451612903225618
control,train,2019-12-19,2019-12-20,2019-12-23,EURUSD,,-1,2019-12-23T17:00:00+00:00,2019-12-23T20:00:00+00:00,1.10871,1.10907,1.1097128571428572,10.028571428570753,time_exit,-3.5999999999991594,-0.508547008546959,-0.5833333333332887,-0.6581196581196186
candidate,train,2019-12-20,2019-12-23,2019-12-24,EURUSD,0.00018763956854050967,1,2019-12-24T17:00:00+00:00,2019-12-24T20:00:00+00:00,1.10812,1.10877,1.1072082142857143,9.117857142856922,time_exit,6.500000000000394,0.5483744614179963,0.46611829220530326,0.38386212299261036
control,train,2019-12-20,2019-12-23,2019-12-24,GBPUSD,,-1,2019-12-24T17:00:00+00:00,2019-12-24T20:00:00+00:00,1.29545,1.29664,1.2974439285714285,19.939285714285013,time_exit,-11.900000000000244,-0.6971162457460515,-0.7472684936414499,-0.7974207415368484
candidate,train,2019-12-23,2019-12-24,2019-12-26,EURUSD,0.004428206037888627,-1,2019-12-26T17:00:00+00:00,2019-12-26T18:00:00+00:00,1.10908,1.1100217857142858,1.1100217857142858,9.417857142856747,stop,-9.417857142857144,-1.1592718998862832,-1.238907849829404,-1.3185437997725244
control,train,2019-12-23,2019-12-24,2019-12-26,GBPUSD,,1,2019-12-26T17:00:00+00:00,2019-12-26T20:00:00+00:00,1.29894,1.30087,1.2969267857142857,20.13214285714342,time_exit,19.299999999999873,0.8593223345750982,0.8096505233279824,0.7599787120808665
candidate,train,2019-12-24,2019-12-26,2019-12-27,USDJPY,0.024625366551986883,1,2019-12-27T17:00:00+00:00,2019-12-27T20:00:00+00:00,109.45,109.477,109.38014285714286,6.985714285714296,time_exit,2.7000000000001023,0.17177914110430886,0.06441717791412498,-0.042944785276058904
control,train,2019-12-24,2019-12-26,2019-12-27,GBPUSD,,1,2019-12-27T17:00:00+00:00,2019-12-27T20:00:00+00:00,1.31039,1.30921,1.3070760714285714,33.139285714286316,time_exit,-11.799999999999589,-0.4164241836404585,-0.44659984912165207,-0.4767755146028456
candidate,train,2019-12-26,2019-12-27,2019-12-30,EURUSD,0.019076734717960786,1,2019-12-30T17:00:00+00:00,2019-12-30T20:00:00+00:00,1.12059,1.12105,1.1188971428571428,16.92857142857147,time_exit,4.60000000000127,0.1831223628692729,0.13881856540091855,0.09451476793256423
control,train,2019-12-26,2019-12-27,2019-12-30,GBPUSD,,1,2019-12-30T17:00:00+00:00,2019-12-30T17:00:00+00:00,1.31429,1.311280357142857,1.311280357142857,30.09642857142852,stop,-30.096428571428913,-1.0664530675210766,-1.0996796012816084,-1.1329061350421399
candidate,train,2019-12-27,2019-12-30,2019-12-31,GBPUSD,0.014019914272529688,1,2019-12-31T17:00:00+00:00,2019-12-31T20:00:00+00:00,1.32142,1.32621,1.3185721428571429,28.47857142857243,time_exit,47.900000000000716,1.6117381489841671,1.5766240280912664,1.5415099071983658
control,train,2019-12-27,2019-12-30,2019-12-31,USDJPY,,-1,2019-12-31T17:00:00+00:00,2019-12-31T18:00:00+00:00,108.619,108.72764285714285,108.72764285714285,10.864285714285515,stop,-10.864285714285415,-1.1380670611439776,-1.207100591715971,-1.2761341222879643
candidate,train,2019-12-30,2019-12-31,2020-01-02,EURUSD,0.0012726642840859004,1,2020-01-02T17:00:00+00:00,2020-01-02T20:00:00+00:00,1.1173899999999999,1.11698,1.1158739285714285,15.160714285714162,time_exit,-4.099999999997994,-0.36937573616005914,-0.4188457008243705,-0.46831566548868186
control,train,2019-12-30,2019-12-31,2020-01-02,GBPUSD,,1,2020-01-02T17:00:00+00:00,2020-01-02T19:00:00+00:00,1.3147199999999999,1.3116514285714285,1.3116514285714285,30.685714285714283,stop,-30.685714285714205,-1.0651769087523253,-1.0977653631284892,-1.130353817504653
candidate,train,2020-01-02,2020-01-03,2020-01-06,GBPUSD,0.0046473200454404395,-1,2020-01-06T17:00:00+00:00,2020-01-06T18:00:00+00:00,1.31362,1.3166682142857142,1.3166682142857142,30.482142857143185,stop,-30.482142857142236,-1.065612185120062,-1.0984182776801084,-1.131224370240155
control,train,2020-01-02,2020-01-03,2020-01-06,USDJPY,,-1,2020-01-06T17:00:00+00:00,2020-01-06T17:00:00+00:00,108.139,108.29510714285713,108.29510714285713,15.610714285714067,stop,-15.610714285713811,-1.0960878517501564,-1.144131777625243,-1.1921757035003295
candidate,train,2020-01-03,2020-01-06,2020-01-07,EURUSD,0.006898971846985402,1,2020-01-07T17:00:00+00:00,2020-01-07T20:00:00+00:00,1.11457,1.11424,1.1128932142857144,16.767857142856844,time_exit,-3.300000000001635,-0.28626198083077353,-0.33099041533556667,-0.3757188498403598
control,train,2020-01-03,2020-01-06,2020-01-07,GBPUSD,,1,2020-01-07T17:00:00+00:00,2020-01-07T20:00:00+00:00,1.3106200000000001,1.31272,1.307254642857143,33.65357142857184,time_exit,20.999999999999908,0.5645760373553974,0.5348615090735342,0.5051469807916711
candidate,train,2020-01-07,2020-01-08,2020-01-09,USDJPY,0.1757125231338681,1,2020-01-09T17:00:00+00:00,2020-01-09T20:00:00+00:00,109.485,109.509,109.36189285714285,12.3107142857146,time_exit,2.400000000000091,0.07310704960836062,0.012184508268066259,-0.0487380330722281
control,train,2020-01-07,2020-01-08,2020-01-09,USDJPY,,1,2020-01-09T17:00:00+00:00,2020-01-09T20:00:00+00:00,109.485,109.509,109.36189285714285,12.3107142857146,time_exit,2.400000000000091,0.07310704960836062,0.012184508268066259,-0.0487380330722281
candidate,train,2020-01-08,2020-01-09,2020-01-10,USDJPY,0.08503381728695625,1,2020-01-10T17:00:00+00:00,2020-01-10T18:00:00+00:00,109.591,109.4935,109.4935,9.749999999999812,stop,-9.749999999999659,-1.153846153846141,-1.2307692307692195,-1.307692307692298
control,train,2020-01-08,2020-01-09,2020-01-10,GBPUSD,,-1,2020-01-10T17:00:00+00:00,2020-01-10T20:00:00+00:00,1.30648,1.30612,1.3093182142857145,28.382142857142988,time_exit,3.60000000000138,0.05637347426706736,0.021140052850180644,-0.014093368566706068
candidate,train,2020-01-10,2020-01-13,2020-01-14,EURUSD,0.021782301657271574,1,2020-01-14T17:00:00+00:00,2020-01-14T20:00:00+00:00,1.11217,1.1131,1.110934642857143,12.353571428571946,time_exit,9.299999999998754,0.6313963573285803,0.5706851691238994,0.5099739809192186
control,train,2020-01-10,2020-01-13,2020-01-14,GBPUSD,,-1,2020-01-14T17:00:00+00:00,2020-01-14T20:00:00+00:00,1.30022,1.30212,1.3028010714285714,25.810714285714702,time_exit,-19.000000000000128,-0.8136156081361479,-0.8523592085235833,-0.8911028089110187
candidate,train,2020-01-13,2020-01-14,2020-01-15,GBPUSD,0.0015557893994855299,1,2020-01-15T17:00:00+00:00,2020-01-15T20:00:00+00:00,1.30311,1.30329,1.3007635714285715,23.46428571428551,time_exit,1.80000000000069,-0.008523592085206592,-0.051141552511386565,-0.09375951293756654
control,train,2020-01-13,2020-01-14,2020-01-15,GBPUSD,,1,2020-01-15T17:00:00+00:00,2020-01-15T20:00:00+00:00,1.30311,1.30329,1.3007635714285715,23.46428571428551,time_exit,1.80000000000069,-0.008523592085206592,-0.051141552511386565,-0.09375951293756654
candidate,train,2020-01-14,2020-01-15,2020-01-16,USDJPY,0.023347504671125563,-1,2020-01-16T17:00:00+00:00,2020-01-16T18:00:00+00:00,110.06,110.14625,110.14625,8.624999999999769,stop,-8.624999999999261,-1.1739130434782066,-1.2608695652173394,-1.3478260869564722
control,train,2020-01-14,2020-01-15,2020-01-16,EURUSD,,1,2020-01-16T17:00:00+00:00,2020-01-16T18:00:00+00:00,1.11414,1.112795357142857,1.112795357142857,13.446428571429113,stop,-13.446428571428637,-1.111553784860518,-1.1673306772907945,-1.2231075697210712
candidate,train,2020-01-15,2020-01-16,2020-01-17,USDJPY,0.03736848790194536,1,2020-01-17T17:00:00+00:00,2020-01-17T17:00:00+00:00,110.148,110.04792857142857,110.04792857142857,10.00714285714298,stop,-10.007142857142526,-1.1498929336187964,-1.2248394004282173,-1.2997858672376383
control,train,2020-01-15,2020-01-16,2020-01-17,GBPUSD,,1,2020-01-17T17:00:00+00:00,2020-01-17T20:00:00+00:00,1.30312,1.30236,1.3000867857142857,30.332142857142916,time_exit,-7.600000000000939,-0.3164959378311854,-0.34946426468859737,-0.3824325915460093
candidate,train,2020-01-16,2020-01-17,2020-01-21,EURUSD,0.005077538682277671,-1,2020-01-21T17:00:00+00:00,2020-01-21T20:00:00+00:00,1.1103,1.10916,1.1114817857142858,11.817857142857482,time_exit,11.400000000001409,0.8377153218495965,0.7742520398913028,0.7107887579330091
control,train,2020-01-16,2020-01-17,2020-01-21,GBPUSD,,-1,2020-01-21T17:00:00+00:00,2020-01-21T20:00:00+00:00,1.30607,1.30456,1.3085867857142857,25.167857142856676,time_exit,15.100000000001224,0.5205051795090692,0.4807719596992203,0.4410387398893714
candidate,train,2020-01-17,2020-01-21,2020-01-22,USDJPY,0.03952555042686168,-1,2020-01-22T17:00:00+00:00,2020-01-22T20:00:00+00:00,109.883,109.868,109.98939285714286,10.639285714286117,time_exit,1.5000000000000568,5.3427852571418736e-15,-0.07049345417924677,-0.1409869083584989
control,train,2020-01-17,2020-01-21,2020-01-22,USDJPY,,-1,2020-01-22T17:00:00+00:00,2020-01-22T20:00:00+00:00,109.883,109.868,109.98939285714286,10.639285714286117,time_exit,1.5000000000000568,5.3427852571418736e-15,-0.07049345417924677,-0.1409869083584989
candidate,train,2020-01-21,2020-01-22,2020-01-23,GBPUSD,0.01756702598830584,1,2020-01-23T17:00:00+00:00,2020-01-23T20:00:00+00:00,1.3118,1.311,1.3095114285714287,22.885714285714098,time_exit,-8.00000000000134,-0.4369538077403867,-0.4806491885144195,-0.5243445692884523
control,train,2020-01-21,2020-01-22,2020-01-23,GBPUSD,,1,2020-01-23T17:00:00+00:00,2020-01-23T20:00:00+00:00,1.3118,1.311,1.3095114285714287,22.885714285714098,time_exit,-8.00000000000134,-0.4369538077403867,-0.4806491885144195,-0.5243445692884523
candidate,train,2020-01-22,2020-01-23,2020-01-24,EURUSD,0.016009404464697008,-1,2020-01-24T17:00:00+00:00,2020-01-24T20:00:00+00:00,1.1031,1.1027,1.1043642857142857,12.642857142857178,time_exit,3.9999999999995595,0.1977401129943149,0.13841807909600998,0.07909604519770505
control,train,2020-01-22,2020-01-23,2020-01-24,USDJPY,,-1,2020-01-24T17:00:00+00:00,2020-01-24T20:00:00+00:00,109.457,109.318,109.56092857142856,10.392857142857437,time_exit,13.89999999999958,1.1931271477662488,1.1209621993126426,1.0487972508590364
candidate,train,2020-01-23,2020-01-24,2020-01-27,EURUSD,0.0009065426134668986,-1,2020-01-27T17:00:00+00:00,2020-01-27T20:00:00+00:00,1.10171,1.10152,1.1028746428571428,11.646428571428979,time_exit,1.8999999999991246,0.0343452928548761,-0.03005213124815752,-0.09444955535119115
control,train,2020-01-23,2020-01-24,2020-01-27,GBPUSD,,-1,2020-01-27T17:00:00+00:00,2020-01-27T20:00:00+00:00,1.3058100000000001,1.30578,1.308165,23.54999999999988,time_exit,0.30000000000196536,-0.07218683651796362,-0.11464968152857954,-0.15711252653919547
candidate,train,2020-01-24,2020-01-27,2020-01-28,GBPUSD,0.01742223659478137,-1,2020-01-28T17:00:00+00:00,2020-01-28T20:00:00+00:00,1.29973,1.29987,1.3019425000000002,22.12500000000077,time_exit,-1.40000000000029,-0.15367231638418855,-0.1988700564971813,-0.24406779661017408
control,train,2020-01-24,2020-01-27,2020-01-28,USDJPY,,-1,2020-01-28T17:00:00+00:00,2020-01-28T17:00:00+00:00,109.008,109.17471428571429,109.17471428571429,16.671428571428542,stop,-16.671428571429203,-1.0899742930591658,-1.1349614395887289,-1.179948586118292
candidate,train,2020-01-27,2020-01-28,2020-01-29,GBPUSD,0.009008919525616221,-1,2020-01-29T17:00:00+00:00,2020-01-29T20:00:00+00:00,1.30085,1.30122,1.3025932142857142,17.432142857141674,time_exit,-3.6999999999998145,-0.32698217578366245,-0.3843474697807981,-0.4417127637779337
control,train,2020-01-27,2020-01-28,2020-01-29,GBPUSD,,-1,2020-01-29T17:00:00+00:00,2020-01-29T20:00:00+00:00,1.30085,1.30122,1.3025932142857142,17.432142857141674,time_exit,-3.6999999999998145,-0.32698217578366245,-0.3843474697807981,-0.4417127637779337
candidate,train,2020-01-28,2020-01-29,2020-01-30,EURUSD,0.0042463412028630465,-1,2020-01-30T17:00:00+00:00,2020-01-30T19:00:00+00:00,1.10257,1.1036435714285715,1.1036435714285715,10.735714285713959,stop,-10.735714285714515,-1.1397205588822916,-1.2095808383234115,-1.2794411177645313
control,train,2020-01-28,2020-01-29,2020-01-30,GBPUSD,,1,2020-01-30T17:00:00+00:00,2020-01-30T20:00:00+00:00,1.30806,1.3094700000000001,1.3050257142857142,30.3428571428568,time_exit,14.100000000001334,0.39877589453865486,0.3658192090395961,0.33286252354053736
candidate,train,2020-01-29,2020-01-30,2020-01-31,GBPUSD,0.031026646355168275,1,2020-01-31T17:00:00+00:00,2020-01-31T20:00:00+00:00,1.31475,1.3195700000000001,1.3123714285714287,23.785714285714043,time_exit,48.200000000000465,1.9423423423423818,1.9003003003003391,1.8582582582582967
control,train,2020-01-29,2020-01-30,2020-01-31,GBPUSD,,1,2020-01-31T17:00:00+00:00,2020-01-31T20:00:00+00:00,1.31475,1.3195700000000001,1.3123714285714287,23.785714285714043,time_exit,48.200000000000465,1.9423423423423818,1.9003003003003391,1.8582582582582967
candidate,train,2020-01-30,2020-01-31,2020-02-03,USDJPY,0.03402075397346649,-1,2020-02-03T17:00:00+00:00,2020-02-03T17:00:00+00:00,108.625,108.79214285714286,108.79214285714286,16.714285714285893,stop,-16.714285714286348,-1.089743589743616,-1.1346153846154103,-1.1794871794872048
control,train,2020-01-30,2020-01-31,2020-02-03,GBPUSD,,1,2020-02-03T17:00:00+00:00,2020-02-03T19:00:00+00:00,1.30266,1.2996996428571428,1.2996996428571428,29.603571428571705,stop,-29.603571428571396,-1.067559416093607,-1.1013391241404158,-1.1351188321872245
candidate,train,2020-01-31,2020-02-03,2020-02-04,GBPUSD,0.009696173865052948,-1,2020-02-04T17:00:00+00:00,2020-02-04T20:00:00+00:00,1.30217,1.30311,1.3057753571428572,36.053571428571146,time_exit,-9.399999999999409,-0.31619613670132335,-0.34393263992073914,-0.3716691431401549
control,train,2020-01-31,2020-02-03,2020-02-04,GBPUSD,,-1,2020-02-04T17:00:00+00:00,2020-02-04T20:00:00+00:00,1.30217,1.30311,1.3057753571428572,36.053571428571146,time_exit,-9.399999999999409,-0.31619613670132335,-0.34393263992073914,-0.3716691431401549
candidate,train,2020-02-03,2020-02-04,2020-02-05,EURUSD,0.005240900650973268,-1,2020-02-05T17:00:00+00:00,2020-02-05T20:00:00+00:00,1.10028,1.1001,1.1015582142857143,12.782142857143329,time_exit,1.7999999999984695,0.023470243084539915,-0.035205364627109215,-0.09388097233875835
control,train,2020-02-03,2020-02-04,2020-02-05,USDJPY,,1,2020-02-05T17:00:00+00:00,2020-02-05T20:00:00+00:00,109.808,109.762,109.62114285714287,18.68571428571413,time_exit,-4.600000000000648,-0.3264525993884166,-0.366590214067316,-0.40672782874621544
candidate,train,2020-02-04,2020-02-05,2020-02-06,GBPUSD,0.07432367521039085,-1,2020-02-06T17:00:00+00:00,2020-02-06T20:00:00+00:00,1.2953299999999999,1.29336,1.297652857142857,23.228571428571108,time_exit,19.699999999998052,0.7619926199261259,0.7189421894218203,0.6758917589175146
control,train,2020-02-04,2020-02-05,2020-02-06,EURUSD,,-1,2020-02-06T17:00:00+00:00,2020-02-06T20:00:00+00:00,1.09882,1.09749,1.099957857142857,11.378571428571746,time_exit,13.299999999998313,1.0370370370368598,0.9711236660387449,0.90521029504063
candidate,train,2020-02-05,2020-02-06,2020-02-07,USDJPY,0.019851168421821663,1,2020-02-07T17:00:00+00:00,2020-02-07T20:00:00+00:00,109.577,109.805,109.40557142857142,17.142857142857082,time_exit,22.800000000000864,1.2425000000000548,1.1987500000000546,1.1550000000000544
control,train,2020-02-05,2020-02-06,2020-02-07,GBPUSD,,-1,2020-02-07T17:00:00+00:00,2020-02-07T20:00:00+00:00,1.29513,1.29005,1.2971142857142857,19.84285714285676,time_exit,50.799999999999734,2.4593232541397025,2.4089272858171675,2.3585313174946325
candidate,train,2020-02-06,2020-02-07,2020-02-10,GBPUSD,0.005064458934157301,-1,2020-02-10T17:00:00+00:00,2020-02-10T20:00:00+00:00,1.294,1.29093,1.2965060714285714,25.060714285713836,time_exit,30.700000000001282,1.145218754453542,1.105315661963873,1.0654125694742045
control,train,2020-02-06,2020-02-07,2020-02-10,GBPUSD,,-1,2020-02-10T17:00:00+00:00,2020-02-10T20:00:00+00:00,1.294,1.29093,1.2965060714285714,25.060714285713836,time_exit,30.700000000001282,1.145218754453542,1.105315661963873,1.0654125694742045
candidate,train,2020-02-07,2020-02-10,2020-02-11,GBPUSD,0.008524126193401482,1,2020-02-11T17:00:00+00:00,2020-02-11T18:00:00+00:00,1.29643,1.2940792857142858,1.2940792857142858,23.507142857142693,stop,-23.50714285714206,-1.0850805226374698,-1.1276207839562182,-1.1701610452749667
control,train,2020-02-07,2020-02-10,2020-02-11,EURUSD,,-1,2020-02-11T17:00:00+00:00,2020-02-11T20:00:00+00:00,1.09201,1.09217,1.0933107142857141,13.00714285714266,time_exit,-1.6000000000016001,-0.2383305875893633,-0.2959912136190182,-0.35365183964867314
candidate,train,2020-02-10,2020-02-11,2020-02-12,GBPUSD,0.006039231301610881,1,2020-02-12T17:00:00+00:00,2020-02-12T20:00:00+00:00,1.29606,1.29656,1.2939857142857143,20.742857142856952,time_exit,4.999999999999449,0.1446280991735285,0.09641873278234349,0.04820936639115847
control,train,2020-02-10,2020-02-11,2020-02-12,GBPUSD,,1,2020-02-12T17:00:00+00:00,2020-02-12T20:00:00+00:00,1.29606,1.29656,1.2939857142857143,20.742857142856952,time_exit,4.999999999999449,0.1446280991735285,0.09641873278234349,0.04820936639115847
candidate,train,2020-02-11,2020-02-12,2020-02-13,USDJPY,0.029143493917475727,1,2020-02-13T17:00:00+00:00,2020-02-13T20:00:00+00:00,109.726,109.767,109.58917857142858,13.682142857142566,time_exit,4.099999999999682,0.19002871312971192,0.13521273818844215,0.08039676324717239
control,train,2020-02-11,2020-02-12,2020-02-13,EURUSD,,-1,2020-02-13T17:00:00+00:00,2020-02-13T20:00:00+00:00,1.0855299999999999,1.08424,1.08694,14.100000000000302,time_exit,12.899999999997913,0.8085106382977071,0.755319148936006,0.702127659574305
candidate,train,2020-02-12,2020-02-13,2020-02-14,GBPUSD,0.03721258855126841,1,2020-02-14T17:00:00+00:00,2020-02-14T20:00:00+00:00,1.30217,1.30401,1.2999232142857142,22.46785714285778,time_exit,18.399999999998418,0.7299316483864928,0.6854236210458488,0.6409155937052047
control,train,2020-02-12,2020-02-13,2020-02-14,GBPUSD,,1,2020-02-14T17:00:00+00:00,2020-02-14T20:00:00+00:00,1.30217,1.30401,1.2999232142857142,22.46785714285778,time_exit,18.399999999998418,0.7299316483864928,0.6854236210458488,0.6409155937052047
candidate,train,2020-02-13,2020-02-14,2020-02-18,EURUSD,4.816940215368604e-06,1,2020-02-18T17:00:00+00:00,2020-02-18T20:00:00+00:00,1.08078,1.08042,1.0792682142857144,15.11785714285745,time_exit,-3.60000000000138,-0.3373493975904459,-0.3869596031184392,-0.4365698086464325
control,train,2020-02-13,2020-02-14,2020-02-18,GBPUSD,,-1,2020-02-18T17:00:00+00:00,2020-02-18T20:00:00+00:00,1.30256,1.30037,1.3050971428571427,25.37142857142849,time_exit,21.899999999999142,0.7843468468468157,0.744932432432401,0.7055180180179865
candidate,train,2020-02-14,2020-02-18,2020-02-19,USDJPY,0.027463195084949987,1,2020-02-19T17:00:00+00:00,2020-02-19T20:00:00+00:00,110.83,111.254,110.64453571428571,18.546428571428514,time_exit,42.40000000000066,2.2052763335259424,2.164837280955174,2.124398228384406
control,train,2020-02-14,2020-02-18,2020-02-19,EURUSD,,-1,2020-02-19T17:00:00+00:00,2020-02-19T20:00:00+00:00,1.07869,1.07919,1.0799189285714283,12.289285714285336,time_exit,-5.00000000000167,-0.5289160127871326,-0.5899447834933246,-0.6509735541995165
candidate,train,2020-02-18,2020-02-19,2020-02-20,USDJPY,0.10952124006671249,1,2020-02-20T17:00:00+00:00,2020-02-20T18:00:00+00:00,112.134,111.83614285714286,111.83614285714286,29.785714285714448,stop,-29.785714285713993,-1.0503597122302002,-1.0755395683453082,-1.100719424460416
control,train,2020-02-18,2020-02-19,2020-02-20,USDJPY,,1,2020-02-20T17:00:00+00:00,2020-02-20T18:00:00+00:00,112.134,111.83614285714286,111.83614285714286,29.785714285714448,stop,-29.785714285713993,-1.0503597122302002,-1.0755395683453082,-1.100719424460416
candidate,train,2020-02-19,2020-02-20,2020-02-21,USDJPY,0.012639983730276194,1,2020-02-21T17:00:00+00:00,2020-02-21T17:00:00+00:00,111.719,111.48692857142856,111.48692857142856,23.207142857142976,stop,-23.207142857143026,-1.064635272391507,-1.0969529085872594,-1.1292705447830116
control,train,2020-02-19,2020-02-20,2020-02-21,USDJPY,,1,2020-02-21T17:00:00+00:00,2020-02-21T17:00:00+00:00,111.719,111.48692857142856,111.48692857142856,23.207142857142976,stop,-23.207142857143026,-1.064635272391507,-1.0969529085872594,-1.1292705447830116
candidate,train,2020-02-20,2020-02-21,2020-02-24,USDJPY,0.029461330911694672,-1,2020-02-24T17:00:00+00:00,2020-02-24T20:00:00+00:00,110.749,110.368,110.99714285714285,24.81428571428559,time_exit,38.10000000000002,1.4749568221070894,1.4447322970639116,1.4145077720207335
control,train,2020-02-20,2020-02-21,2020-02-24,GBPUSD,,1,2020-02-24T17:00:00+00:00,2020-02-24T20:00:00+00:00,1.29204,1.29361,1.2893507142857143,26.892857142856318,time_exit,15.699999999998493,0.5094289508631734,0.472244355909653,0.4350597609561326
candidate,train,2020-02-21,2020-02-24,2020-02-25,EURUSD,0.0010053651543964204,1,2020-02-25T17:00:00+00:00,2020-02-25T20:00:00+00:00,1.08358,1.08825,1.0819289285714286,16.5107142857142,time_exit,46.69999999999952,2.7376162664936037,2.6921912178239085,2.6467661691542133
control,train,2020-02-21,2020-02-24,2020-02-25,USDJPY,,-1,2020-02-25T17:00:00+00:00,2020-02-25T20:00:00+00:00,110.394,110.026,110.63967857142858,24.56785714285767,time_exit,36.80000000000092,1.4368367495275542,1.4063090565489245,1.3757813635702945
candidate,train,2020-02-24,2020-02-25,2020-02-26,USDJPY,0.12732005977920258,-1,2020-02-26T17:00:00+00:00,2020-02-26T20:00:00+00:00,110.585,110.453,110.85821428571427,27.321428571428086,time_exit,13.19999999999908,0.42823529411762096,0.4007843137254636,0.37333333333330626
control,train,2020-02-24,2020-02-25,2020-02-26,GBPUSD,,1,2020-02-26T17:00:00+00:00,2020-02-26T20:00:00+00:00,1.2923499999999999,1.29077,1.2895524999999999,27.97499999999937,time_exit,-15.799999999999148,-0.6362823949955156,-0.6720285969615576,-0.7077747989275994
candidate,train,2020-02-25,2020-02-26,2020-02-27,USDJPY,0.02726806207818866,1,2020-02-27T17:00:00+00:00,2020-02-27T20:00:00+00:00,109.94,110.173,109.67085714285714,26.914285714285718,time_exit,23.30000000000041,0.8099787685775098,0.7821125265392932,0.7542462845010767
control,train,2020-02-25,2020-02-26,2020-02-27,GBPUSD,,-1,2020-02-27T17:00:00+00:00,2020-02-27T20:00:00+00:00,1.28824,1.28836,1.2915817857142857,33.41785714285696,time_exit,-1.1999999999989797,-0.09575718713259797,-0.12568130811154438,-0.1556054290904908
candidate,train,2020-02-26,2020-02-27,2020-02-28,EURUSD,0.09960263227778832,1,2020-02-28T17:00:00+00:00,2020-02-28T20:00:00+00:00,1.09661,1.10012,1.0935050000000002,31.049999999999294,time_exit,35.09999999999902,1.0821256038647273,1.057971014492746,1.0338164251207649
control,train,2020-02-26,2020-02-27,2020-02-28,EURUSD,,1,2020-02-28T17:00:00+00:00,2020-02-28T20:00:00+00:00,1.09661,1.10012,1.0935050000000002,31.049999999999294,time_exit,35.09999999999902,1.0821256038647273,1.057971014492746,1.0338164251207649
candidate,train,2020-02-27,2020-02-28,2020-03-02,USDJPY,0.1460390579138453,-1,2020-03-02T17:00:00+00:00,2020-03-02T18:00:00+00:00,107.56,108.01235714285714,108.01235714285714,45.235714285714224,stop,-45.23571428571387,-1.0331596399810439,-1.0497394599715697,-1.0663192799620955
control,train,2020-02-27,2020-02-28,2020-03-02,USDJPY,,-1,2020-03-02T17:00:00+00:00,2020-03-02T18:00:00+00:00,107.56,108.01235714285714,108.01235714285714,45.235714285714224,stop,-45.23571428571387,-1.0331596399810439,-1.0497394599715697,-1.0663192799620955
candidate,train,2020-02-28,2020-03-02,2020-03-03,EURUSD,0.09730883427942283,1,2020-03-03T17:00:00+00:00,2020-03-03T20:00:00+00:00,1.11255,1.1159,1.1094996428571426,30.50357142857237,time_exit,33.49999999999964,1.0490574874136076,1.0244702025523509,0.999882917691094
control,train,2020-02-28,2020-03-02,2020-03-03,EURUSD,,1,2020-03-03T17:00:00+00:00,2020-03-03T20:00:00+00:00,1.11255,1.1159,1.1094996428571426,30.50357142857237,time_exit,33.49999999999964,1.0490574874136076,1.0244702025523509,0.999882917691094
candidate,train,2020-03-02,2020-03-03,2020-03-04,USDJPY,0.18531624037060013,-1,2020-03-04T17:00:00+00:00,2020-03-04T17:00:00+00:00,107.151,107.41392857142857,107.41392857142857,26.29285714285738,stop,-26.29285714285743,-1.0570497147514277,-1.0855745721271406,-1.1140994295028535
control,train,2020-03-02,2020-03-03,2020-03-04,USDJPY,,-1,2020-03-04T17:00:00+00:00,2020-03-04T17:00:00+00:00,107.151,107.41392857142857,107.41392857142857,26.29285714285738,stop,-26.29285714285743,-1.0570497147514277,-1.0855745721271406,-1.1140994295028535
candidate,train,2020-03-04,2020-03-05,2020-03-06,EURUSD,0.044640006291533973,1,2020-03-06T17:00:00+00:00,2020-03-06T17:00:00+00:00,1.13487,1.1312517857142856,1.1312517857142856,36.182142857143184,stop,-36.18214285714405,-1.0414569144211074,-1.0621853716316492,-1.082913828842191
control,train,2020-03-04,2020-03-05,2020-03-06,USDJPY,,-1,2020-03-06T17:00:00+00:00,2020-03-06T17:00:00+00:00,105.163,105.60325,105.60325,44.02500000000056,stop,-44.0250000000006,-1.034071550255537,-1.0511073253833052,-1.0681431005110733
candidate,train,2020-03-05,2020-03-06,2020-03-09,EURUSD,0.027148742162985906,1,2020-03-09T17:00:00+00:00,2020-03-09T20:00:00+00:00,1.1434,1.14624,1.1348510714285713,85.48928571428597,time_exit,28.399999999999537,0.31465931403266273,0.30588628483100844,0.2971132556293541
control,train,2020-03-05,2020-03-06,2020-03-09,EURUSD,,1,2020-03-09T17:00:00+00:00,2020-03-09T20:00:00+00:00,1.1434,1.14624,1.1348510714285713,85.48928571428597,time_exit,28.399999999999537,0.31465931403266273,0.30588628483100844,0.2971132556293541
candidate,train,2020-03-06,2020-03-09,2020-03-10,EURUSD,0.020146968499839435,1,2020-03-10T17:00:00+00:00,2020-03-10T18:00:00+00:00,1.13707,1.1323342857142857,1.1323342857142857,47.357142857142634,stop,-47.357142857142875,-1.0316742081448016,-1.0475113122172,-1.063348416289598
control,train,2020-03-06,2020-03-09,2020-03-10,USDJPY,,-1,2020-03-10T17:00:00+00:00,2020-03-10T20:00:00+00:00,103.888,104.376,104.81510714285714,92.71071428571452,time_exit,-48.799999999999955,-0.542547863939287,-0.5506375438190975,-0.5587272236989079
candidate,train,2020-03-09,2020-03-10,2020-03-11,GBPUSD,0.14558224141788512,-1,2020-03-11T17:00:00+00:00,2020-03-11T20:00:00+00:00,1.29339,1.28494,1.2987385714285715,53.485714285714245,time_exit,84.50000000000068,1.5424679487179627,1.5237713675213815,1.5050747863248002
control,train,2020-03-09,2020-03-10,2020-03-11,USDJPY,,1,2020-03-11T17:00:00+00:00,2020-03-11T20:00:00+00:00,104.609,104.744,103.96989285714285,63.91071428571418,time_exit,13.500000000000512,0.18776194467729249,0.1760268231349622,0.16429170159263193
candidate,train,2020-03-10,2020-03-11,2020-03-12,EURUSD,0.08291376135711914,-1,2020-03-12T17:00:00+00:00,2020-03-12T20:00:00+00:00,1.11448,1.11853,1.120777857142857,62.978571428571726,time_exit,-40.50000000000109,-0.6668935011908954,-0.678802313712161,-0.6907111262334267
control,train,2020-03-10,2020-03-11,2020-03-12,GBPUSD,,-1,2020-03-12T17:00:00+00:00,2020-03-12T20:00:00+00:00,1.2624900000000001,1.26207,1.2686935714285716,62.03571428571459,time_exit,4.20000000000087,0.03546344271734257,0.019343696027647777,0.003223949337952979
candidate,train,2020-03-11,2020-03-12,2020-03-13,GBPUSD,0.028611317607383002,-1,2020-03-13T17:00:00+00:00,2020-03-13T20:00:00+00:00,1.25155,1.23478,1.2578510714285713,63.01071428571288,time_exit,167.6999999999995,2.6297115003117892,2.6138411834722493,2.597970866632709
control,train,2020-03-11,2020-03-12,2020-03-13,GBPUSD,,-1,2020-03-13T17:00:00+00:00,2020-03-13T20:00:00+00:00,1.25155,1.23478,1.2578510714285713,63.01071428571288,time_exit,167.6999999999995,2.6297115003117892,2.6138411834722493,2.597970866632709
candidate,train,2020-03-12,2020-03-13,2020-03-16,EURUSD,0.0984482843150607,-1,2020-03-16T17:00:00+00:00,2020-03-16T19:00:00+00:00,1.1102,1.1167035714285716,1.1167035714285716,65.03571428571426,stop,-65.03571428571497,-1.0230642504118725,-1.0345963756178034,-1.0461285008237342
control,train,2020-03-12,2020-03-13,2020-03-16,GBPUSD,,-1,2020-03-16T17:00:00+00:00,2020-03-16T20:00:00+00:00,1.22802,1.22336,1.2372235714285713,92.03571428571415,time_exit,46.599999999998865,0.48459448971671326,0.47372914241364766,0.46286379511058207
candidate,train,2020-03-13,2020-03-16,2020-03-17,GBPUSD,0.02689234579629507,-1,2020-03-17T17:00:00+00:00,2020-03-17T20:00:00+00:00,1.20458,1.2088,1.210679642857143,60.996428571428496,time_exit,-42.200000000001125,-0.7246325897300973,-0.7410269922126782,-0.7574213946952592
control,train,2020-03-13,2020-03-16,2020-03-17,USDJPY,,-1,2020-03-17T17:00:00+00:00,2020-03-17T20:00:00+00:00,107.292,107.392,107.95296428571429,66.09642857142855,time_exit,-9.999999999999432,-0.17398822067325023,-0.18533527854324539,-0.1966823364132405
candidate,train,2020-03-18,2020-03-19,2020-03-20,GBPUSD,0.12457730732373573,-1,2020-03-20T17:00:00+00:00,2020-03-20T20:00:00+00:00,1.18749,1.16255,1.2013885714285715,138.98571428571458,time_exit,249.3999999999996,1.7800390584849353,1.7728440744166858,1.7656490903484363
control,train,2020-03-18,2020-03-19,2020-03-20,USDJPY,,1,2020-03-20T17:00:00+00:00,2020-03-20T20:00:00+00:00,110.891,110.94,110.15225000000001,73.87499999999964,time_exit,4.899999999999238,0.046023688663272486,0.035871404399313044,0.025719120135353605
candidate,train,2020-03-19,2020-03-20,2020-03-23,USDJPY,0.1411778656126481,1,2020-03-23T17:00:00+00:00,2020-03-23T20:00:00+00:00,110.785,111.221,110.12424999999999,66.07500000000017,time_exit,43.600000000000705,0.6371547483919878,0.625804010594031,0.6144532727960741
control,train,2020-03-19,2020-03-20,2020-03-23,GBPUSD,,1,2020-03-23T17:00:00+00:00,2020-03-23T17:00:00+00:00,1.1614200000000001,1.1525400000000001,1.1525400000000001,88.80000000000005,stop,-88.79999999999998,-1.0225225225225216,-1.0337837837837829,-1.0450450450450441
candidate,train,2020-03-20,2020-03-23,2020-03-24,EURUSD,0.0012289528872626576,1,2020-03-24T17:00:00+00:00,2020-03-24T20:00:00+00:00,1.07847,1.07562,1.07229,61.80000000000018,time_exit,-28.500000000000192,-0.48543689320388517,-0.49757281553398225,-0.5097087378640792
control,train,2020-03-20,2020-03-23,2020-03-24,EURUSD,,1,2020-03-24T17:00:00+00:00,2020-03-24T20:00:00+00:00,1.07847,1.07562,1.07229,61.80000000000018,time_exit,-28.500000000000192,-0.48543689320388517,-0.49757281553398225,-0.5097087378640792
candidate,train,2020-03-23,2020-03-24,2020-03-25,USDJPY,0.22026342941897203,1,2020-03-25T17:00:00+00:00,2020-03-25T19:00:00+00:00,111.583,111.19128571428571,111.19128571428571,39.171428571428635,stop,-39.171428571428635,-1.0382932166301968,-1.0574398249452952,-1.0765864332603938
control,train,2020-03-23,2020-03-24,2020-03-25,GBPUSD,,1,2020-03-25T17:00:00+00:00,2020-03-25T20:00:00+00:00,1.16972,1.1807699999999999,1.1610392857142857,86.80714285714295,time_exit,110.49999999999781,1.2498971447378981,1.2383773553854749,1.2268575660330518
candidate,train,2020-03-30,2020-03-31,2020-04-01,USDJPY,0.0077755806548915896,-1,2020-04-01T17:00:00+00:00,2020-04-01T20:00:00+00:00,107.198,107.079,107.60825,41.02499999999993,time_exit,11.899999999999977,0.2535039609993905,0.23522242535039597,0.2169408897014014
control,train,2020-03-30,2020-03-31,2020-04-01,EURUSD,,-1,2020-04-01T17:00:00+00:00,2020-04-01T20:00:00+00:00,1.09293,1.0925,1.0965396428571428,36.0964285714288,time_exit,4.299999999999304,0.07757000098939351,0.05679232215294366,0.03601464331649381
candidate,train,2020-03-31,2020-04-01,2020-04-02,USDJPY,0.02024510292992776,-1,2020-04-02T17:00:00+00:00,2020-04-02T17:00:00+00:00,107.262,107.56285714285714,107.56285714285714,30.08571428571436,stop,-30.085714285714005,-1.049857549857538,-1.0747863247863128,-1.0997150997150877
control,train,2020-03-31,2020-04-01,2020-04-02,USDJPY,,-1,2020-04-02T17:00:00+00:00,2020-04-02T17:00:00+00:00,107.262,107.56285714285714,107.56285714285714,30.08571428571436,stop,-30.085714285714005,-1.049857549857538,-1.0747863247863128,-1.0997150997150877
candidate,train,2020-04-01,2020-04-02,2020-04-03,USDJPY,0.008157377904181473,1,2020-04-03T17:00:00+00:00,2020-04-03T20:00:00+00:00,108.469,108.484,108.16139285714286,30.76071428571393,time_exit,1.5000000000000568,1.8479225915507288e-15,-0.024381748519677986,-0.048763497039357825
control,train,2020-04-01,2020-04-02,2020-04-03,USDJPY,,1,2020-04-03T17:00:00+00:00,2020-04-03T20:00:00+00:00,108.469,108.484,108.16139285714286,30.76071428571393,time_exit,1.5000000000000568,1.8479225915507288e-15,-0.024381748519677986,-0.048763497039357825
candidate,train,2020-04-06,2020-04-07,2020-04-08,EURUSD,0.014156523136012122,1,2020-04-08T17:00:00+00:00,2020-04-08T20:00:00+00:00,1.08803,1.08634,1.0849892857142858,30.40714285714222,time_exit,-16.899999999999693,-0.605120977214003,-0.6297862344374003,-0.6544514916607976
control,train,2020-04-06,2020-04-07,2020-04-08,EURUSD,,1,2020-04-08T17:00:00+00:00,2020-04-08T20:00:00+00:00,1.08803,1.08634,1.0849892857142858,30.40714285714222,time_exit,-16.899999999999693,-0.605120977214003,-0.6297862344374003,-0.6544514916607976
candidate,train,2020-04-08,2020-04-09,2020-04-13,USDJPY,0.03378926125877513,-1,2020-04-13T17:00:00+00:00,2020-04-13T20:00:00+00:00,107.832,107.577,108.04714285714284,21.514285714285663,time_exit,25.499999999999545,1.1155378486055592,1.0806772908366349,1.0458167330677104
control,train,2020-04-08,2020-04-09,2020-04-13,EURUSD,,1,2020-04-13T17:00:00+00:00,2020-04-13T20:00:00+00:00,1.09106,1.09168,1.0886182142857141,24.417857142857,time_exit,6.200000000000649,0.19248208278487489,0.1617668568085693,0.13105163083226373
candidate,train,2020-04-09,2020-04-13,2020-04-14,USDJPY,0.01085324345969041,-1,2020-04-14T17:00:00+00:00,2020-04-14T20:00:00+00:00,107.278,107.086,107.45789285714287,17.98928571428543,time_exit,19.200000000000728,0.9839189994044634,0.9422275163788523,0.9005360333532411
control,train,2020-04-09,2020-04-13,2020-04-14,USDJPY,,-1,2020-04-14T17:00:00+00:00,2020-04-14T20:00:00+00:00,107.278,107.086,107.45789285714287,17.98928571428543,time_exit,19.200000000000728,0.9839189994044634,0.9422275163788523,0.9005360333532411
candidate,train,2020-04-13,2020-04-14,2020-04-15,USDJPY,0.024320599473480087,-1,2020-04-15T17:00:00+00:00,2020-04-15T20:00:00+00:00,107.837,107.369,108.09853571428572,26.153571428571155,time_exit,46.80000000000035,1.732077017615763,1.7034002458009325,1.6747234739861023
control,train,2020-04-13,2020-04-14,2020-04-15,GBPUSD,,1,2020-04-15T17:00:00+00:00,2020-04-15T20:00:00+00:00,1.2473,1.25384,1.2432114285714286,40.88571428571497,time_exit,65.3999999999999,1.5506638714185603,1.5262054507337248,1.5017470300488895
candidate,train,2020-04-14,2020-04-15,2020-04-16,GBPUSD,0.014787948245436944,-1,2020-04-16T17:00:00+00:00,2020-04-16T20:00:00+00:00,1.25051,1.24388,1.2545985714285715,40.88571428571378,time_exit,66.29999999999913,1.5726764500349386,1.5482180293501027,1.5237596086652665
control,train,2020-04-14,2020-04-15,2020-04-16,GBPUSD,,-1,2020-04-16T17:00:00+00:00,2020-04-16T20:00:00+00:00,1.25051,1.24388,1.2545985714285715,40.88571428571378,time_exit,66.29999999999913,1.5726764500349386,1.5482180293501027,1.5237596086652665
candidate,train,2020-04-15,2020-04-16,2020-04-17,USDJPY,0.010662826538950121,1,2020-04-17T17:00:00+00:00,2020-04-17T20:00:00+00:00,107.339,107.597,107.08742857142856,25.1571428571433,time_exit,25.799999999999557,0.9659284497444288,0.9361158432708347,0.9063032367972408
control,train,2020-04-15,2020-04-16,2020-04-17,GBPUSD,,-1,2020-04-17T17:00:00+00:00,2020-04-17T20:00:00+00:00,1.25043,1.24976,1.2549332142857141,45.03214285714311,time_exit,6.699999999999484,0.10436989451977542,0.08216353398365055,0.059957173447525686
candidate,train,2020-04-16,2020-04-17,2020-04-20,GBPUSD,0.0018835045998513156,1,2020-04-20T17:00:00+00:00,2020-04-20T20:00:00+00:00,1.2436,1.24648,1.2402592857142858,33.40714285714284,time_exit,28.799999999999937,0.802223647637373,0.7722899294419485,0.7423562112465241
control,train,2020-04-16,2020-04-17,2020-04-20,GBPUSD,,1,2020-04-20T17:00:00+00:00,2020-04-20T20:00:00+00:00,1.2436,1.24648,1.2402592857142858,33.40714285714284,time_exit,28.799999999999937,0.802223647637373,0.7722899294419485,0.7423562112465241
candidate,train,2020-04-17,2020-04-20,2020-04-21,USDJPY,0.010186363236270868,1,2020-04-21T17:00:00+00:00,2020-04-21T20:00:00+00:00,107.694,107.779,107.47339285714285,22.060714285714255,time_exit,8.499999999999375,0.3173061356645342,0.28330904970047394,0.24931196373641365
control,train,2020-04-17,2020-04-20,2020-04-21,GBPUSD,,-1,2020-04-21T17:00:00+00:00,2020-04-21T20:00:00+00:00,1.23293,1.22699,1.2372264285714287,42.964285714286454,time_exit,59.40000000000056,1.3359933499584273,1.3127182044887684,1.2894430590191097
candidate,train,2020-04-20,2020-04-21,2020-04-22,GBPUSD,0.02121219893810755,-1,2020-04-22T17:00:00+00:00,2020-04-22T20:00:00+00:00,1.2325,1.23098,1.2365542857142855,40.542857142856526,time_exit,15.199999999999658,0.32558139534883374,0.3009161381254366,0.2762508809020395
control,train,2020-04-20,2020-04-21,2020-04-22,GBPUSD,,-1,2020-04-22T17:00:00+00:00,2020-04-22T20:00:00+00:00,1.2325,1.23098,1.2365542857142855,40.542857142856526,time_exit,15.199999999999658,0.32558139534883374,0.3009161381254366,0.2762508809020395
candidate,train,2020-04-21,2020-04-22,2020-04-23,USDJPY,0.02398360042401948,1,2020-04-23T17:00:00+00:00,2020-04-23T17:00:00+00:00,107.827,107.61314285714286,107.61314285714286,21.385714285714386,stop,-21.385714285713675,-1.0701402805610887,-1.1052104208416496,-1.1402805611222107
control,train,2020-04-21,2020-04-22,2020-04-23,GBPUSD,,1,2020-04-23T17:00:00+00:00,2020-04-23T20:00:00+00:00,1.23411,1.23604,1.2302742857142859,38.35714285714268,time_exit,19.299999999999873,0.4510242085661068,0.4249534450651756,0.3988826815642444
candidate,train,2020-04-22,2020-04-23,2020-04-24,GBPUSD,0.017557598244861694,1,2020-04-24T17:00:00+00:00,2020-04-24T20:00:00+00:00,1.23313,1.23307,1.2297057142857144,34.242857142857375,time_exit,-0.5999999999994898,-0.07592824363786527,-0.10513141426781919,-0.13433458489777308
control,train,2020-04-22,2020-04-23,2020-04-24,GBPUSD,,1,2020-04-24T17:00:00+00:00,2020-04-24T20:00:00+00:00,1.23313,1.23307,1.2297057142857144,34.242857142857375,time_exit,-0.5999999999994898,-0.07592824363786527,-0.10513141426781919,-0.13433458489777308
candidate,train,2020-04-23,2020-04-24,2020-04-27,USDJPY,0.02448005301124989,-1,2020-04-27T17:00:00+00:00,2020-04-27T17:00:00+00:00,107.123,107.32507142857143,107.32507142857143,20.207142857143268,stop,-20.207142857142912,-1.0742311770943604,-1.1113467656415497,-1.1484623541887387
control,train,2020-04-23,2020-04-24,2020-04-27,GBPUSD,,-1,2020-04-27T17:00:00+00:00,2020-04-27T20:00:00+00:00,1.24252,1.2402,1.2461135714285714,35.935714285714184,time_exit,23.200000000000998,0.5899423573842473,0.5621148876963123,0.5342874180083775
candidate,train,2020-04-24,2020-04-27,2020-04-28,USDJPY,0.033736852550109164,-1,2020-04-28T17:00:00+00:00,2020-04-28T17:00:00+00:00,106.74,106.94517857142857,106.94517857142857,20.51785714285721,stop,-20.517857142857565,-1.073107049608372,-1.1096605744125496,-1.1462140992167271
control,train,2020-04-24,2020-04-27,2020-04-28,GBPUSD,,1,2020-04-28T17:00:00+00:00,2020-04-28T20:00:00+00:00,1.24529,1.24281,1.2414725,38.17500000000053,time_exit,-24.800000000000377,-0.7020301244269811,-0.7282252783235099,-0.7544204322200387
candidate,train,2020-04-27,2020-04-28,2020-04-29,USDJPY,0.02300150025241221,-1,2020-04-29T17:00:00+00:00,2020-04-29T20:00:00+00:00,106.532,106.681,106.71789285714286,18.589285714285708,time_exit,-14.900000000000091,-0.8822286263208505,-0.922574447646499,-0.9629202689721473
control,train,2020-04-27,2020-04-28,2020-04-29,USDJPY,,-1,2020-04-29T17:00:00+00:00,2020-04-29T20:00:00+00:00,106.532,106.681,106.71789285714286,18.589285714285708,time_exit,-14.900000000000091,-0.8822286263208505,-0.922574447646499,-0.9629202689721473
candidate,train,2020-04-28,2020-04-29,2020-04-30,USDJPY,0.0057687763243858825,-1,2020-04-30T17:00:00+00:00,2020-04-30T17:00:00+00:00,106.568,106.79546428571429,106.79546428571429,22.74642857142847,stop,-22.746428571429078,-1.0659444182760516,-1.0989166274140638,-1.1318888365520763
control,train,2020-04-28,2020-04-29,2020-04-30,USDJPY,,-1,2020-04-30T17:00:00+00:00,2020-04-30T17:00:00+00:00,106.568,106.79546428571429,106.79546428571429,22.74642857142847,stop,-22.746428571429078,-1.0659444182760516,-1.0989166274140638,-1.1318888365520763
candidate,train,2020-04-29,2020-04-30,2020-05-01,EURUSD,0.014688091438750162,1,2020-05-01T17:00:00+00:00,2020-05-01T20:00:00+00:00,1.09759,1.09874,1.0956410714285714,19.489285714286112,time_exit,11.499999999999844,0.5131024372365584,0.47461975444381593,0.4361370716510734
control,train,2020-04-29,2020-04-30,2020-05-01,GBPUSD,,1,2020-05-01T17:00:00+00:00,2020-05-01T20:00:00+00:00,1.25195,1.2513,1.2486499999999998,33.00000000000017,time_exit,-6.499999999998174,-0.2575757575757009,-0.28787878787873106,-0.3181818181817612
candidate,train,2020-04-30,2020-05-01,2020-05-04,USDJPY,0.017858007065769677,-1,2020-05-04T17:00:00+00:00,2020-05-04T17:00:00+00:00,106.892,107.02732142857143,107.02732142857143,13.532142857142915,stop,-13.532142857143015,-1.1108471892319942,-1.1662707838479875,-1.221694378463981
control,train,2020-04-30,2020-05-01,2020-05-04,GBPUSD,,-1,2020-05-04T17:00:00+00:00,2020-05-04T20:00:00+00:00,1.24302,1.2432699999999999,1.246995,39.75000000000014,time_exit,-2.4999999999986144,-0.11320754716977606,-0.13836477987417847,-0.1635220125785809
candidate,train,2020-05-01,2020-05-04,2020-05-05,GBPUSD,0.012676491157328273,-1,2020-05-05T17:00:00+00:00,2020-05-05T20:00:00+00:00,1.24712,1.2441,1.2502496428571428,31.29642857142876,time_exit,30.200000000000227,0.9010612803834321,0.8691087527102611,0.83715622503709
control,train,2020-05-01,2020-05-04,2020-05-05,EURUSD,,-1,2020-05-05T17:00:00+00:00,2020-05-05T20:00:00+00:00,1.08784,1.084,1.0910435714285713,32.03571428571385,time_exit,38.399999999998435,1.15183946488291,1.1284280936454514,1.105016722407993
candidate,train,2020-05-04,2020-05-05,2020-05-06,USDJPY,0.021462110474450347,-1,2020-05-06T17:00:00+00:00,2020-05-06T20:00:00+00:00,106.057,106.008,106.24117857142858,18.41785714285723,time_exit,4.900000000000659,0.18460345161919336,0.14388210199732038,0.10316075237544738
control,train,2020-05-04,2020-05-05,2020-05-06,EURUSD,,-1,2020-05-06T17:00:00+00:00,2020-05-06T20:00:00+00:00,1.0812,1.08074,1.0835335714285714,23.335714285714904,time_exit,4.599999999999049,0.13284358738899768,0.10070400979487548,0.06856443220075328
candidate,train,2020-05-05,2020-05-06,2020-05-07,GBPUSD,0.030324663231733773,-1,2020-05-07T17:00:00+00:00,2020-05-07T18:00:00+00:00,1.22911,1.2334835714285712,1.2334835714285712,43.73571428571413,stop,-43.7357142857131,-1.0457292177037165,-1.0685938265555868,-1.0914584354074568
control,train,2020-05-05,2020-05-06,2020-05-07,GBPUSD,,-1,2020-05-07T17:00:00+00:00,2020-05-07T18:00:00+00:00,1.22911,1.2334835714285712,1.2334835714285712,43.73571428571413,stop,-43.7357142857131,-1.0457292177037165,-1.0685938265555868,-1.0914584354074568
candidate,train,2020-05-06,2020-05-07,2020-05-08,USDJPY,0.005402315094363841,1,2020-05-08T17:00:00+00:00,2020-05-08T17:00:00+00:00,106.624,106.45192857142857,106.45192857142857,17.207142857142646,stop,-17.2071428571428,-1.087173100871741,-1.130759651307607,-1.174346201743473
control,train,2020-05-06,2020-05-07,2020-05-08,USDJPY,,1,2020-05-08T17:00:00+00:00,2020-05-08T17:00:00+00:00,106.624,106.45192857142857,106.45192857142857,17.207142857142646,stop,-17.2071428571428,-1.087173100871741,-1.130759651307607,-1.174346201743473
candidate,train,2020-05-07,2020-05-08,2020-05-11,USDJPY,0.00914928281634353,1,2020-05-11T17:00:00+00:00,2020-05-11T20:00:00+00:00,107.473,107.672,107.26825,20.475000000000016,time_exit,19.899999999999807,0.8986568986568886,0.862026862026852,0.8253968253968154
control,train,2020-05-07,2020-05-08,2020-05-11,GBPUSD,,1,2020-05-11T17:00:00+00:00,2020-05-11T20:00:00+00:00,1.23496,1.23428,1.2309142857142858,40.457142857142635,time_exit,-6.800000000000139,-0.21751412429378994,-0.24223163841808387,-0.2669491525423778
candidate,train,2020-05-08,2020-05-11,2020-05-12,GBPUSD,0.023602046870364823,-1,2020-05-12T17:00:00+00:00,2020-05-12T20:00:00+00:00,1.23408,1.22911,1.2381182142857143,40.382142857143094,time_exit,49.70000000000141,1.1812151764394019,1.1564517555496876,1.1316883346599735
control,train,2020-05-08,2020-05-11,2020-05-12,USDJPY,,1,2020-05-12T17:00:00+00:00,2020-05-12T20:00:00+00:00,107.335,107.362,107.15424999999999,18.07499999999982,time_exit,2.7000000000001023,0.06639004149378225,0.024896265560171882,-0.016597510373438488
candidate,train,2020-05-11,2020-05-12,2020-05-13,GBPUSD,0.005790118760830021,-1,2020-05-13T17:00:00+00:00,2020-05-13T20:00:00+00:00,1.22715,1.22263,1.231115357142857,39.65357142857142,time_exit,45.199999999998575,1.0894352877600293,1.0642168783211388,1.0389984688822484
control,train,2020-05-11,2020-05-12,2020-05-13,GBPUSD,,-1,2020-05-13T17:00:00+00:00,2020-05-13T20:00:00+00:00,1.22715,1.22263,1.231115357142857,39.65357142857142,time_exit,45.199999999998575,1.0894352877600293,1.0642168783211388,1.0389984688822484
candidate,train,2020-05-12,2020-05-13,2020-05-14,GBPUSD,0.03933103622153111,-1,2020-05-14T17:00:00+00:00,2020-05-14T20:00:00+00:00,1.2192,1.21962,1.2228010714285715,36.01071428571443,time_exit,-4.199999999998649,-0.17217098085883317,-0.19994049390058652,-0.22771000694233984
control,train,2020-05-12,2020-05-13,2020-05-14,GBPUSD,,-1,2020-05-14T17:00:00+00:00,2020-05-14T20:00:00+00:00,1.2192,1.21962,1.2228010714285715,36.01071428571443,time_exit,-4.199999999998649,-0.17217098085883317,-0.19994049390058652,-0.22771000694233984
candidate,train,2020-05-13,2020-05-14,2020-05-15,GBPUSD,0.013232219385692412,-1,2020-05-15T17:00:00+00:00,2020-05-15T20:00:00+00:00,1.2157,1.21188,1.2192678571428572,35.67857142857154,time_exit,38.19999999999934,1.0146146146145931,0.9865865865865652,0.9585585585585372
control,train,2020-05-13,2020-05-14,2020-05-15,EURUSD,,-1,2020-05-15T17:00:00+00:00,2020-05-15T20:00:00+00:00,1.08376,1.08067,1.0859628571428572,22.028571428571095,time_exit,30.90000000000037,1.3346303501945895,1.3005836575875853,1.2665369649805809
candidate,train,2020-05-14,2020-05-15,2020-05-18,USDJPY,0.016465817066440902,1,2020-05-18T17:00:00+00:00,2020-05-18T18:00:00+00:00,107.479,107.33682142857143,107.33682142857143,14.217857142856971,stop,-14.217857142857326,-1.1055011303692803,-1.1582516955539077,-1.2110022607385353
control,train,2020-05-14,2020-05-15,2020-05-18,GBPUSD,,-1,2020-05-18T17:00:00+00:00,2020-05-18T18:00:00+00:00,1.21889,1.2221214285714286,1.2221214285714286,32.314285714285674,stop,-32.31428571428552,-1.0618921308576434,-1.0928381962864675,-1.1237842617152916
candidate,train,2020-05-15,2020-05-18,2020-05-19,GBPUSD,0.020494222821961783,1,2020-05-19T17:00:00+00:00,2020-05-19T20:00:00+00:00,1.22515,1.22489,1.2215264285714285,36.23571428571472,time_exit,-2.5999999999992696,-0.12694657993295683,-0.15454366252708227,-0.1821407451212077
control,train,2020-05-15,2020-05-18,2020-05-19,EURUSD,,1,2020-05-19T17:00:00+00:00,2020-05-19T20:00:00+00:00,1.09342,1.09293,1.0909353571428573,24.846428571428856,time_exit,-4.900000000001015,-0.2575822912175167,-0.28776771596956463,-0.31795314072161257
candidate,train,2020-05-19,2020-05-20,2020-05-21,USDJPY,0.01235282244499758,-1,2020-05-21T17:00:00+00:00,2020-05-21T20:00:00+00:00,107.724,107.649,107.87828571428572,15.428571428571402,time_exit,7.500000000000284,0.388888888888908,0.3402777777777968,0.2916666666666856
control,train,2020-05-19,2020-05-20,2020-05-21,EURUSD,,1,2020-05-21T17:00:00+00:00,2020-05-21T17:00:00+00:00,1.0986,1.0962557142857143,1.0962557142857143,23.442857142857033,stop,-23.442857142856877,-1.0639853747714745,-1.095978062157215,-1.1279707495429556
candidate,train,2020-05-20,2020-05-21,2020-05-22,GBPUSD,0.023764321875832772,1,2020-05-22T17:00:00+00:00,2020-05-22T20:00:00+00:00,1.21797,1.21688,1.2149560714285714,30.139285714285457,time_exit,-10.900000000000354,-0.42801279772486434,-0.4611920843702017,-0.49437137101553913
control,train,2020-05-20,2020-05-21,2020-05-22,EURUSD,,-1,2020-05-22T17:00:00+00:00,2020-05-22T20:00:00+00:00,1.0896,1.08879,1.0915564285714285,19.564285714285887,time_exit,8.099999999999774,0.33734939759034693,0.2990142387732607,0.2606790799561745
candidate,train,2020-05-21,2020-05-22,2020-05-26,USDJPY,0.018424388054183893,-1,2020-05-26T17:00:00+00:00,2020-05-26T20:00:00+00:00,107.616,107.561,107.77146428571429,15.5464285714285,time_exit,5.499999999999261,0.25729382035373266,0.20905122903739887,0.16080863772106507
control,train,2020-05-21,2020-05-22,2020-05-26,EURUSD,,-1,2020-05-26T17:00:00+00:00,2020-05-26T20:00:00+00:00,1.09793,1.09762,1.1000739285714287,21.439285714286036,time_exit,3.1000000000003247,0.07462935199068535,0.0396468432450587,0.004664334499432034
candidate,train,2020-05-22,2020-05-26,2020-05-27,USDJPY,0.017494733430562404,-1,2020-05-27T17:00:00+00:00,2020-05-27T20:00:00+00:00,107.764,107.739,107.93575,17.175000000000246,time_exit,2.4999999999991473,0.058224163027605996,0.014556040756864267,-0.029112081513877466
control,train,2020-05-22,2020-05-26,2020-05-27,GBPUSD,,1,2020-05-27T17:00:00+00:00,2020-05-27T17:00:00+00:00,1.22573,1.2217035714285713,1.2217035714285713,40.26428571428566,stop,-40.26428571428653,-1.0496718112471388,-1.0745077168706976,-1.099343622494256
candidate,train,2020-05-26,2020-05-27,2020-05-28,EURUSD,0.01739518927473105,-1,2020-05-28T17:00:00+00:00,2020-05-28T18:00:00+00:00,1.10388,1.1065221428571428,1.1065221428571428,26.421428571428944,stop,-26.42142857142815,-1.0567721005676902,-1.0851581508515504,-1.1135442011354104
control,train,2020-05-26,2020-05-27,2020-05-28,GBPUSD,,-1,2020-05-28T17:00:00+00:00,2020-05-28T17:00:00+00:00,1.2285,1.2317667857142856,1.2317667857142856,32.6678571428568,stop,-32.66785714285625,-1.0612222586640265,-1.0918333879960482,-1.12244451732807
candidate,train,2020-05-27,2020-05-28,2020-05-29,EURUSD,0.0156040301005409,1,2020-05-29T17:00:00+00:00,2020-05-29T18:00:00+00:00,1.11194,1.1094617857142857,1.1094617857142857,24.782142857142958,stop,-24.78214285714264,-1.0605274535235494,-1.0907911802853305,-1.1210549070471116
control,train,2020-05-27,2020-05-28,2020-05-29,EURUSD,,1,2020-05-29T17:00:00+00:00,2020-05-29T18:00:00+00:00,1.11194,1.1094617857142857,1.1094617857142857,24.782142857142958,stop,-24.78214285714264,-1.0605274535235494,-1.0907911802853305,-1.1210549070471116
candidate,train,2020-05-28,2020-05-29,2020-06-01,USDJPY,0.024673384161526313,1,2020-06-01T17:00:00+00:00,2020-06-01T20:00:00+00:00,107.655,107.576,107.47017857142858,18.482142857143103,time_exit,-7.900000000000773,-0.5085990338164602,-0.5491787439613872,-0.5897584541063142
control,train,2020-05-28,2020-05-29,2020-06-01,GBPUSD,,-1,2020-06-01T17:00:00+00:00,2020-06-01T17:00:00+00:00,1.24231,1.2463032142857144,1.2463032142857144,39.93214285714323,stop,-39.93214285714419,-1.0500849655666098,-1.0751274483499025,-1.1001699311331954
candidate,train,2020-05-29,2020-06-01,2020-06-02,GBPUSD,0.00742794020482318,1,2020-06-02T17:00:00+00:00,2020-06-02T20:00:00+00:00,1.25638,1.25383,1.2519517857142857,44.28214285714296,time_exit,-25.500000000000522,-0.6210178240180764,-0.643600290346006,-0.6661827566739356
control,train,2020-05-29,2020-06-01,2020-06-02,GBPUSD,,1,2020-06-02T17:00:00+00:00,2020-06-02T20:00:00+00:00,1.25638,1.25383,1.2519517857142857,44.28214285714296,time_exit,-25.500000000000522,-0.6210178240180764,-0.643600290346006,-0.6661827566739356
candidate,train,2020-06-01,2020-06-02,2020-06-03,EURUSD,0.015604780920842165,1,2020-06-03T17:00:00+00:00,2020-06-03T20:00:00+00:00,1.12147,1.12364,1.1186928571428572,27.771428571428984,time_exit,21.700000000000053,0.727366255144024,0.7003600823045182,0.6733539094650125
control,train,2020-06-01,2020-06-02,2020-06-03,USDJPY,,1,2020-06-03T17:00:00+00:00,2020-06-03T20:00:00+00:00,108.675,108.906,108.44892857142857,22.607142857143003,time_exit,23.100000000000875,0.9554502369668572,0.9222748815166204,0.8890995260663836
candidate,train,2020-06-02,2020-06-03,2020-06-04,EURUSD,0.024883375233763383,1,2020-06-04T17:00:00+00:00,2020-06-04T20:00:00+00:00,1.12683,1.13289,1.1234989285714285,33.310714285714354,time_exit,60.59999999999954,1.7742039240913303,1.7516886458668208,1.7291733676423113
control,train,2020-06-02,2020-06-03,2020-06-04,EURUSD,,1,2020-06-04T17:00:00+00:00,2020-06-04T20:00:00+00:00,1.12683,1.13289,1.1234989285714285,33.310714285714354,time_exit,60.59999999999954,1.7742039240913303,1.7516886458668208,1.7291733676423113
candidate,train,2020-06-03,2020-06-04,2020-06-05,USDJPY,0.008183626226728746,1,2020-06-05T17:00:00+00:00,2020-06-05T20:00:00+00:00,109.69,109.752,109.45664285714285,23.33571428571441,time_exit,6.199999999999761,0.20140801958982646,0.1692684419957036,0.1371288644015807
control,train,2020-06-03,2020-06-04,2020-06-05,EURUSD,,1,2020-06-05T17:00:00+00:00,2020-06-05T20:00:00+00:00,1.12967,1.12906,1.126202857142857,34.67142857142898,time_exit,-6.099999999999994,-0.21920065925010024,-0.24083230325504437,-0.2624639472599885
candidate,train,2020-06-04,2020-06-05,2020-06-08,USDJPY,0.019662376301662343,1,2020-06-08T17:00:00+00:00,2020-06-08T17:00:00+00:00,108.93,108.70596428571429,108.70596428571429,22.40357142857121,stop,-22.403571428571922,-1.06695361071261,-1.1004304160688994,-1.1339072214251884
control,train,2020-06-04,2020-06-05,2020-06-08,GBPUSD,,1,2020-06-08T17:00:00+00:00,2020-06-08T20:00:00+00:00,1.2696,1.26977,1.2658767857142859,37.23214285714268,time_exit,1.7000000000000348,-0.008057553956833637,-0.03491606714628221,-0.06177458033573078
candidate,train,2020-06-08,2020-06-09,2020-06-10,GBPUSD,0.01692686935086285,1,2020-06-10T17:00:00+00:00,2020-06-10T20:00:00+00:00,1.2751700000000001,1.27549,1.271084642857143,40.8535714285719,time_exit,3.1999999999987594,0.029373196957745325,0.004895532826265581,-0.019582131305214162
control,train,2020-06-08,2020-06-09,2020-06-10,USDJPY,,-1,2020-06-10T17:00:00+00:00,2020-06-10T20:00:00+00:00,107.271,107.223,107.46053571428571,18.953571428571333,time_exit,4.800000000000182,0.17410966647824677,0.13453928773319287,0.09496890898813896
candidate,train,2020-06-09,2020-06-10,2020-06-11,EURUSD,0.06497003329261819,1,2020-06-11T17:00:00+00:00,2020-06-11T20:00:00+00:00,1.13778,1.13615,1.1344457142857143,33.34285714285742,time_exit,-16.300000000000203,-0.5338474721508157,-0.556341045415597,-0.5788346186803783
control,train,2020-06-09,2020-06-10,2020-06-11,USDJPY,,-1,2020-06-11T17:00:00+00:00,2020-06-11T20:00:00+00:00,106.817,106.672,107.06407142857142,24.70714285714283,time_exit,14.499999999999602,0.5261636311072408,0.4958080370048991,0.4654524429025574
candidate,train,2020-06-10,2020-06-11,2020-06-12,GBPUSD,0.03971917382488099,-1,2020-06-12T17:00:00+00:00,2020-06-12T20:00:00+00:00,1.25872,1.25034,1.2631139285714286,43.93928571428523,time_exit,83.80000000000054,1.8616597577826874,1.838901081037178,1.8161424042916685
control,train,2020-06-10,2020-06-11,2020-06-12,GBPUSD,,-1,2020-06-12T17:00:00+00:00,2020-06-12T20:00:00+00:00,1.25872,1.25034,1.2631139285714286,43.93928571428523,time_exit,83.80000000000054,1.8616597577826874,1.838901081037178,1.8161424042916685
candidate,train,2020-06-11,2020-06-12,2020-06-15,GBPUSD,0.04495918147338718,-1,2020-06-15T17:00:00+00:00,2020-06-15T20:00:00+00:00,1.25687,1.2563900000000001,1.261532857142857,46.628571428571426,time_exit,4.799999999998139,0.06004901960780323,0.038602941176430684,0.01715686274505813
control,train,2020-06-11,2020-06-12,2020-06-15,EURUSD,,-1,2020-06-15T17:00:00+00:00,2020-06-15T20:00:00+00:00,1.12772,1.12852,1.1306664285714285,29.46428571428556,time_exit,-7.999999999999119,-0.32242424242421425,-0.3478787878787598,-0.3733333333333054
candidate,train,2020-06-12,2020-06-15,2020-06-16,GBPUSD,0.009064520818385935,1,2020-06-16T17:00:00+00:00,2020-06-16T17:00:00+00:00,1.26223,1.2578810714285713,1.2578810714285713,43.48928571428585,stop,-43.48928571428656,-1.0459883386712816,-1.0689825080069144,-1.091976677342547
control,train,2020-06-12,2020-06-15,2020-06-16,GBPUSD,,1,2020-06-16T17:00:00+00:00,2020-06-16T17:00:00+00:00,1.26223,1.2578810714285713,1.2578810714285713,43.48928571428585,stop,-43.48928571428656,-1.0459883386712816,-1.0689825080069144,-1.091976677342547
candidate,train,2020-06-15,2020-06-16,2020-06-17,EURUSD,0.004339357405796829,-1,2020-06-17T17:00:00+00:00,2020-06-17T20:00:00+00:00,1.12199,1.12308,1.1249064285714285,29.164285714285498,time_exit,-10.900000000000354,-0.42517756551556757,-0.4508939505265891,-0.47661033553761056
control,train,2020-06-15,2020-06-16,2020-06-17,GBPUSD,,1,2020-06-17T17:00:00+00:00,2020-06-17T20:00:00+00:00,1.25396,1.25411,1.2499432142857143,40.1678571428574,time_exit,1.500000000000945,-0.012447763848113674,-0.03734329154438808,-0.06223881924066248
candidate,train,2020-06-17,2020-06-18,2020-06-19,GBPUSD,0.02635004793069573,-1,2020-06-19T17:00:00+00:00,2020-06-19T20:00:00+00:00,1.23769,1.23674,1.24126,35.70000000000002,time_exit,9.500000000000064,0.21008403361344707,0.18207282913165437,0.15406162464986167
control,train,2020-06-17,2020-06-18,2020-06-19,GBPUSD,,-1,2020-06-19T17:00:00+00:00,2020-06-19T20:00:00+00:00,1.23769,1.23674,1.24126,35.70000000000002,time_exit,9.500000000000064,0.21008403361344707,0.18207282913165437,0.15406162464986167
candidate,train,2020-06-18,2020-06-19,2020-06-22,EURUSD,0.0011741892482253213,-1,2020-06-22T17:00:00+00:00,2020-06-22T17:00:00+00:00,1.12442,1.1265832142857144,1.1265832142857144,21.63214285714373,stop,-21.63214285714421,-1.0693412580485582,-1.1040118870728264,-1.1386825160970944
control,train,2020-06-18,2020-06-19,2020-06-22,GBPUSD,,-1,2020-06-22T17:00:00+00:00,2020-06-22T19:00:00+00:00,1.24305,1.2469832142857142,1.2469832142857142,39.33214285714311,stop,-39.33214285714248,-1.0508489966403178,-1.0762734949604846,-1.1016979932806517
candidate,train,2020-06-19,2020-06-22,2020-06-23,EURUSD,0.003149345553576044,1,2020-06-23T17:00:00+00:00,2020-06-23T20:00:00+00:00,1.13289,1.13085,1.1299864285714285,29.03571428571442,time_exit,-20.400000000000418,-0.7542435424354352,-0.7800738007380181,-0.805904059040601
control,train,2020-06-19,2020-06-22,2020-06-23,GBPUSD,,1,2020-06-23T17:00:00+00:00,2020-06-23T20:00:00+00:00,1.24829,1.25153,1.2436432142857141,46.4678571428568,time_exit,32.40000000000131,0.6542156636692361,0.6326954115748542,0.6111751594804724
candidate,train,2020-06-22,2020-06-23,2020-06-24,USDJPY,0.09117065140233493,-1,2020-06-24T17:00:00+00:00,2020-06-24T20:00:00+00:00,106.85,106.826,107.03139285714285,18.139285714285236,time_exit,2.400000000000091,0.0496160661547612,0.008269344359131044,-0.033077377436499106
control,train,2020-06-22,2020-06-23,2020-06-24,GBPUSD,,1,2020-06-24T17:00:00+00:00,2020-06-24T18:00:00+00:00,1.24673,1.2426060714285714,1.2426060714285714,41.2392857142861,stop,-41.239285714285145,-1.048497445223844,-1.0727461678357777,-1.0969948904477114
candidate,train,2020-06-23,2020-06-24,2020-06-25,GBPUSD,0.018702883458977526,-1,2020-06-25T17:00:00+00:00,2020-06-25T20:00:00+00:00,1.24163,1.24196,1.2451592857142857,35.29285714285734,time_exit,-3.2999999999994145,-0.1501720299534333,-0.1785063752276691,-0.2068407205019049
control,train,2020-06-23,2020-06-24,2020-06-25,GBPUSD,,-1,2020-06-25T17:00:00+00:00,2020-06-25T20:00:00+00:00,1.24163,1.24196,1.2451592857142857,35.29285714285734,time_exit,-3.2999999999994145,-0.1501720299534333,-0.1785063752276691,-0.2068407205019049
candidate,train,2020-06-24,2020-06-25,2020-06-26,GBPUSD,0.041879027660199464,-1,2020-06-26T17:00:00+00:00,2020-06-26T20:00:00+00:00,1.2357,1.23471,1.2386292857142858,29.292857142857052,time_exit,9.900000000000464,0.269690319434301,0.23555230431603705,0.2014142891977731
control,train,2020-06-24,2020-06-25,2020-06-26,EURUSD,,-1,2020-06-26T17:00:00+00:00,2020-06-26T19:00:00+00:00,1.12071,1.1229021428571428,1.1229021428571428,21.92142857142849,stop,-21.921428571427537,-1.0684261974584124,-1.1026392961876403,-1.136852394916868
candidate,train,2020-06-25,2020-06-26,2020-06-29,GBPUSD,0.02417709974297333,-1,2020-06-29T17:00:00+00:00,2020-06-29T20:00:00+00:00,1.22995,1.22827,1.2330025000000002,30.525000000000375,time_exit,16.80000000000126,0.4848484848485201,0.45208845208848775,0.4193284193284554
control,train,2020-06-25,2020-06-26,2020-06-29,GBPUSD,,-1,2020-06-29T17:00:00+00:00,2020-06-29T20:00:00+00:00,1.22995,1.22827,1.2330025000000002,30.525000000000375,time_exit,16.80000000000126,0.4848484848485201,0.45208845208848775,0.4193284193284554
candidate,train,2020-06-26,2020-06-29,2020-06-30,GBPUSD,0.0113876161024129,-1,2020-06-30T17:00:00+00:00,2020-06-30T17:00:00+00:00,1.23018,1.2330557142857144,1.2330557142857144,28.75714285714259,stop,-28.757142857143148,-1.0695479384004174,-1.1043219076006165,-1.1390958768008157
control,train,2020-06-26,2020-06-29,2020-06-30,GBPUSD,,-1,2020-06-30T17:00:00+00:00,2020-06-30T17:00:00+00:00,1.23018,1.2330557142857144,1.2330557142857144,28.75714285714259,stop,-28.757142857143148,-1.0695479384004174,-1.1043219076006165,-1.1390958768008157
candidate,train,2020-06-29,2020-06-30,2020-07-01,EURUSD,0.00031224339113578026,1,2020-07-01T17:00:00+00:00,2020-07-01T20:00:00+00:00,1.12387,1.12642,1.1216457142857141,22.242857142857023,time_exit,25.500000000000522,1.0789980732177558,1.0452793834297016,1.0115606936416475
control,train,2020-06-29,2020-06-30,2020-07-01,GBPUSD,,1,2020-07-01T17:00:00+00:00,2020-07-01T20:00:00+00:00,1.24258,1.24809,1.2393785714285714,32.01428571428585,time_exit,55.099999999999035,1.6586345381525733,1.6273984828201327,1.596162427487692
candidate,train,2020-06-30,2020-07-01,2020-07-02,EURUSD,0.008648684072107393,1,2020-07-02T17:00:00+00:00,2020-07-02T17:00:00+00:00,1.12734,1.1251285714285715,1.1251285714285715,22.114285714285465,stop,-22.11428571428531,-1.0678294573643348,-1.1017441860465058,-1.1356589147286766
control,train,2020-06-30,2020-07-01,2020-07-02,GBPUSD,,1,2020-07-02T17:00:00+00:00,2020-07-02T17:00:00+00:00,1.2505899999999999,1.247632857142857,1.247632857142857,29.571428571428882,stop,-29.571428571428804,-1.0676328502415426,-1.101449275362315,-1.1352657004830877
candidate,train,2020-07-02,2020-07-06,2020-07-07,EURUSD,0.021304418523051094,1,2020-07-07T17:00:00+00:00,2020-07-07T20:00:00+00:00,1.12854,1.12901,1.1262214285714285,23.185714285715108,time_exit,4.699999999999704,0.1380160197165566,0.10566851509548567,0.07332101047441472
control,train,2020-07-02,2020-07-06,2020-07-07,EURUSD,,1,2020-07-07T17:00:00+00:00,2020-07-07T20:00:00+00:00,1.12854,1.12901,1.1262214285714285,23.185714285715108,time_exit,4.699999999999704,0.1380160197165566,0.10566851509548567,0.07332101047441472
candidate,train,2020-07-06,2020-07-07,2020-07-08,GBPUSD,0.011135421271452506,1,2020-07-08T17:00:00+00:00,2020-07-08T20:00:00+00:00,1.25877,1.26024,1.2551014285714286,36.685714285714575,time_exit,14.700000000000824,0.3461838006230727,0.31892523364487974,0.29166666666668684
control,train,2020-07-06,2020-07-07,2020-07-08,GBPUSD,,1,2020-07-08T17:00:00+00:00,2020-07-08T20:00:00+00:00,1.25877,1.26024,1.2551014285714286,36.685714285714575,time_exit,14.700000000000824,0.3461838006230727,0.31892523364487974,0.29166666666668684
candidate,train,2020-07-07,2020-07-08,2020-07-09,EURUSD,0.014775759394136445,1,2020-07-09T17:00:00+00:00,2020-07-09T17:00:00+00:00,1.13262,1.1300517857142858,1.1300517857142858,25.68214285714267,stop,-25.682142857141876,-1.0584063412598779,-1.0876095118898321,-1.1168126825197864
control,train,2020-07-07,2020-07-08,2020-07-09,EURUSD,,1,2020-07-09T17:00:00+00:00,2020-07-09T17:00:00+00:00,1.13262,1.1300517857142858,1.1300517857142858,25.68214285714267,stop,-25.682142857141876,-1.0584063412598779,-1.0876095118898321,-1.1168126825197864
candidate,train,2020-07-09,2020-07-10,2020-07-13,USDJPY,0.021615612648221427,-1,2020-07-13T17:00:00+00:00,2020-07-13T20:00:00+00:00,107.263,107.171,107.37485714285715,11.185714285714255,time_exit,9.199999999999875,0.6883780332056101,0.6213282247764912,0.5542784163473722
control,train,2020-07-09,2020-07-10,2020-07-13,USDJPY,,-1,2020-07-13T17:00:00+00:00,2020-07-13T20:00:00+00:00,107.263,107.171,107.37485714285715,11.185714285714255,time_exit,9.199999999999875,0.6883780332056101,0.6213282247764912,0.5542784163473722
candidate,train,2020-07-10,2020-07-13,2020-07-14,EURUSD,0.015662640545571316,1,2020-07-14T17:00:00+00:00,2020-07-14T20:00:00+00:00,1.13896,1.14031,1.1366725,22.87499999999974,time_exit,13.499999999999623,0.5245901639344157,0.4918032786885137,0.4590163934426117
control,train,2020-07-10,2020-07-13,2020-07-14,EURUSD,,1,2020-07-14T17:00:00+00:00,2020-07-14T20:00:00+00:00,1.13896,1.14031,1.1366725,22.87499999999974,time_exit,13.499999999999623,0.5245901639344157,0.4918032786885137,0.4590163934426117
candidate,train,2020-07-13,2020-07-14,2020-07-15,EURUSD,0.01244602530954797,1,2020-07-15T17:00:00+00:00,2020-07-15T19:00:00+00:00,1.14277,1.1404503571428573,1.1404503571428573,23.196428571428275,stop,-23.196428571428118,-1.0646651270207792,-1.0969976905311722,-1.1293302540415653
control,train,2020-07-13,2020-07-14,2020-07-15,GBPUSD,,-1,2020-07-15T17:00:00+00:00,2020-07-15T20:00:00+00:00,1.26053,1.2585,1.2635964285714285,30.664285714286052,time_exit,20.299999999999763,0.5967854647099787,0.564174237130198,0.5315630095504174
candidate,train,2020-07-14,2020-07-15,2020-07-16,USDJPY,0.04047410847472577,-1,2020-07-16T17:00:00+00:00,2020-07-16T20:00:00+00:00,107.129,107.19,107.27825,14.92499999999955,time_exit,-6.099999999999284,-0.5092127303182253,-0.5594639865996339,-0.6097152428810424
control,train,2020-07-14,2020-07-15,2020-07-16,GBPUSD,,1,2020-07-16T17:00:00+00:00,2020-07-16T20:00:00+00:00,1.25889,1.25871,1.255425,34.65000000000027,time_exit,-1.80000000000069,-0.10966810966812873,-0.13852813852815737,-0.16738816738818602
candidate,train,2020-07-15,2020-07-16,2020-07-17,EURUSD,0.007886844756007427,1,2020-07-17T17:00:00+00:00,2020-07-17T20:00:00+00:00,1.1430500000000001,1.14352,1.1411525000000002,18.974999999999884,time_exit,4.699999999999704,0.16864295125163237,0.12911725955202738,0.0895915678524224
control,train,2020-07-15,2020-07-16,2020-07-17,USDJPY,,1,2020-07-17T17:00:00+00:00,2020-07-17T19:00:00+00:00,107.165,107.05485714285714,107.05485714285714,11.014285714285776,stop,-11.014285714286132,-1.136186770428047,-1.2042801556420544,-1.272373540856062
candidate,train,2020-07-16,2020-07-17,2020-07-20,EURUSD,0.005730761131898188,1,2020-07-20T17:00:00+00:00,2020-07-20T20:00:00+00:00,1.1418300000000001,1.14384,1.1390325000000001,27.974999999999604,time_exit,20.099999999998452,0.6648793565683188,0.6380697050937875,0.6112600536192563
control,train,2020-07-16,2020-07-17,2020-07-20,GBPUSD,,-1,2020-07-20T17:00:00+00:00,2020-07-20T20:00:00+00:00,1.26275,1.2650299999999999,1.2660521428571427,33.021428571427926,time_exit,-22.799999999998377,-0.7510274713389229,-0.7813108371187202,-0.8115942028985175
candidate,train,2020-07-17,2020-07-20,2020-07-21,GBPUSD,0.03770827074619287,1,2020-07-21T17:00:00+00:00,2020-07-21T20:00:00+00:00,1.27142,1.27429,1.2678714285714285,35.48571428571409,time_exit,28.69999999999928,0.752415458937182,0.7242351046698711,0.6960547504025602
control,train,2020-07-17,2020-07-20,2020-07-21,GBPUSD,,1,2020-07-21T17:00:00+00:00,2020-07-21T20:00:00+00:00,1.27142,1.27429,1.2678714285714285,35.48571428571409,time_exit,28.69999999999928,0.752415458937182,0.7242351046698711,0.6960547504025602
candidate,train,2020-07-20,2020-07-21,2020-07-22,USDJPY,0.024501252701024434,-1,2020-07-22T17:00:00+00:00,2020-07-22T20:00:00+00:00,107.169,107.185,107.32617857142857,15.717857142857433,time_exit,-1.6000000000005343,-0.1972279027494055,-0.24494433083393086,-0.2926607589184562
control,train,2020-07-20,2020-07-21,2020-07-22,GBPUSD,,1,2020-07-22T17:00:00+00:00,2020-07-22T20:00:00+00:00,1.2717399999999999,1.2736399999999999,1.268287857142857,34.52142857142872,time_exit,19.000000000000128,0.492447755017589,0.4634802400165546,0.43451272501552013
candidate,train,2020-07-21,2020-07-22,2020-07-23,EURUSD,0.029097030934440493,1,2020-07-23T17:00:00+00:00,2020-07-23T20:00:00+00:00,1.15858,1.16204,1.156092142857143,24.878571428571448,time_exit,34.600000000000186,1.3304622451909338,1.3003158196956712,1.2701693942004084
control,train,2020-07-21,2020-07-22,2020-07-23,EURUSD,,1,2020-07-23T17:00:00+00:00,2020-07-23T20:00:00+00:00,1.15858,1.16204,1.156092142857143,24.878571428571448,time_exit,34.600000000000186,1.3304622451909338,1.3003158196956712,1.2701693942004084
candidate,train,2020-07-22,2020-07-23,2020-07-24,USDJPY,0.011550371666867454,-1,2020-07-24T17:00:00+00:00,2020-07-24T20:00:00+00:00,105.794,105.696,106.06421428571429,27.02142857142833,time_exit,9.799999999999898,0.3071636267512546,0.2794078773460204,0.2516521279407862
control,train,2020-07-22,2020-07-23,2020-07-24,EURUSD,,1,2020-07-24T17:00:00+00:00,2020-07-24T20:00:00+00:00,1.16121,1.16348,1.1584532142857142,27.56785714285765,time_exit,22.699999999999942,0.7690115299909152,0.7418059334110478,0.7146003368311805
candidate,train,2020-07-23,2020-07-24,2020-07-27,USDJPY,0.1361391513894823,-1,2020-07-27T17:00:00+00:00,2020-07-27T20:00:00+00:00,105.184,105.297,105.45625,27.22499999999981,time_exit,-11.299999999999955,-0.4701561065197445,-0.4977043158861359,-0.5252525252525273
control,train,2020-07-23,2020-07-24,2020-07-27,USDJPY,,-1,2020-07-27T17:00:00+00:00,2020-07-27T20:00:00+00:00,105.184,105.297,105.45625,27.22499999999981,time_exit,-11.299999999999955,-0.4701561065197445,-0.4977043158861359,-0.5252525252525273
candidate,train,2020-07-24,2020-07-27,2020-07-28,GBPUSD,0.030317188392254613,1,2020-07-28T17:00:00+00:00,2020-07-28T20:00:00+00:00,1.29193,1.29474,1.288024642857143,39.05357142857129,time_exit,28.099999999999792,0.6683127572016432,0.6427069044352964,0.6171010516689498
control,train,2020-07-24,2020-07-27,2020-07-28,EURUSD,,1,2020-07-28T17:00:00+00:00,2020-07-28T20:00:00+00:00,1.1732,1.17347,1.1697660714285714,34.33928571428562,time_exit,2.6999999999999247,0.03494539781591054,0.01310452418096508,-0.008736349453980375
candidate,train,2020-07-28,2020-07-29,2020-07-30,USDJPY,0.041167872407349204,-1,2020-07-30T17:00:00+00:00,2020-07-30T20:00:00+00:00,105.076,104.951,105.28246428571428,20.646428571428643,time_exit,12.5,0.5327797958830633,0.49645390070921813,0.4601280055353729
control,train,2020-07-28,2020-07-29,2020-07-30,EURUSD,,1,2020-07-30T17:00:00+00:00,2020-07-30T20:00:00+00:00,1.17874,1.18034,1.1759296428571426,28.103571428572113,time_exit,16.00000000000046,0.5159486592959752,0.4892616596772188,0.46257466005846226
candidate,train,2020-07-29,2020-07-30,2020-07-31,USDJPY,0.03203487821059614,-1,2020-07-31T17:00:00+00:00,2020-07-31T19:00:00+00:00,105.679,106.04189285714286,106.04189285714286,36.28928571428541,stop,-36.28928571428531,-1.0413345143194543,-1.062001771479183,-1.0826690286389113
control,train,2020-07-29,2020-07-30,2020-07-31,GBPUSD,,1,2020-07-31T17:00:00+00:00,2020-07-31T17:00:00+00:00,1.3161,1.3126596428571429,1.3126596428571429,34.403571428571276,stop,-34.40357142857175,-1.05813349942906,-1.0872002491435833,-1.1162669988581064
candidate,train,2020-07-30,2020-07-31,2020-08-03,EURUSD,0.010297406407016929,-1,2020-08-03T17:00:00+00:00,2020-08-03T20:00:00+00:00,1.17232,1.1749,1.1757860714285715,34.66071428571463,time_exit,-25.800000000000267,-0.7876352395672332,-0.8092735703245746,-0.8309119010819159
control,train,2020-07-30,2020-07-31,2020-08-03,USDJPY,,1,2020-08-03T17:00:00+00:00,2020-08-03T20:00:00+00:00,106.367,106.091,106.01632142857143,35.0678571428571,time_exit,-27.600000000001046,-0.8298197372441494,-0.8512068438741525,-0.8725939505041556
candidate,train,2020-07-31,2020-08-03,2020-08-04,EURUSD,0.009393268181759451,-1,2020-08-04T17:00:00+00:00,2020-08-04T17:00:00+00:00,1.17242,1.1751757142857142,1.1751757142857142,27.55714285714258,stop,-27.557142857141947,-1.054432348367007,-1.0816485225505221,-1.1088646967340372
control,train,2020-07-31,2020-08-03,2020-08-04,EURUSD,,-1,2020-08-04T17:00:00+00:00,2020-08-04T17:00:00+00:00,1.17242,1.1751757142857142,1.1751757142857142,27.55714285714258,stop,-27.557142857141947,-1.054432348367007,-1.0816485225505221,-1.1088646967340372
candidate,train,2020-08-03,2020-08-04,2020-08-05,EURUSD,0.004650791887742978,1,2020-08-05T17:00:00+00:00,2020-08-05T20:00:00+00:00,1.18913,1.18732,1.18598,31.500000000000103,time_exit,-18.100000000000893,-0.6222222222222485,-0.6460317460317723,-0.669841269841296
control,train,2020-08-03,2020-08-04,2020-08-05,USDJPY,,-1,2020-08-05T17:00:00+00:00,2020-08-05T19:00:00+00:00,105.376,105.60635714285715,105.60635714285715,23.035714285714345,stop,-23.035714285714448,-1.0651162790697717,-1.0976744186046554,-1.130232558139539
candidate,train,2020-08-04,2020-08-05,2020-08-06,GBPUSD,0.0117850070721357,1,2020-08-06T17:00:00+00:00,2020-08-06T17:00:00+00:00,1.31683,1.313389642857143,1.313389642857143,34.403571428570565,stop,-34.403571428569535,-1.0581334994290175,-1.0872002491435413,-1.116266998858065
control,train,2020-08-04,2020-08-05,2020-08-06,EURUSD,,1,2020-08-06T17:00:00+00:00,2020-08-06T17:00:00+00:00,1.18563,1.1823160714285714,1.1823160714285714,33.13928571428537,stop,-33.13928571428537,-1.0452634982217917,-1.0678952473326875,-1.0905269964435833
candidate,train,2020-08-05,2020-08-06,2020-08-07,GBPUSD,0.026186442099612517,1,2020-08-07T17:00:00+00:00,2020-08-07T20:00:00+00:00,1.30398,1.30417,1.29999,39.899999999999935,time_exit,1.900000000001345,-0.0025062656641266943,-0.027568922305730745,-0.0526315789473348
control,train,2020-08-05,2020-08-06,2020-08-07,GBPUSD,,1,2020-08-07T17:00:00+00:00,2020-08-07T20:00:00+00:00,1.30398,1.30417,1.29999,39.899999999999935,time_exit,1.900000000001345,-0.0025062656641266943,-0.027568922305730745,-0.0526315789473348
candidate,train,2020-08-07,2020-08-10,2020-08-11,GBPUSD,0.007539310515176867,1,2020-08-11T17:00:00+00:00,2020-08-11T18:00:00+00:00,1.31114,1.3078807142857143,1.3078807142857143,32.59285714285703,stop,-32.592857142856865,-1.0613631382862103,-1.092044707429318,-1.1227262765724257
control,train,2020-08-07,2020-08-10,2020-08-11,GBPUSD,,1,2020-08-11T17:00:00+00:00,2020-08-11T18:00:00+00:00,1.31114,1.3078807142857143,1.3078807142857143,32.59285714285703,stop,-32.592857142856865,-1.0613631382862103,-1.092044707429318,-1.1227262765724257
candidate,train,2020-08-10,2020-08-11,2020-08-12,EURUSD,0.0020219411768036544,1,2020-08-12T17:00:00+00:00,2020-08-12T20:00:00+00:00,1.17813,1.17913,1.175277857142857,28.521428571428665,time_exit,10.000000000001119,0.29802153769099743,0.2717255196594423,0.24542950162788718
control,train,2020-08-10,2020-08-11,2020-08-12,USDJPY,,1,2020-08-12T17:00:00+00:00,2020-08-12T20:00:00+00:00,106.821,106.824,106.63435714285714,18.664285714286066,time_exit,0.30000000000001137,-0.06429391504018188,-0.10447761194029592,-0.14466130884040998
candidate,train,2020-08-11,2020-08-12,2020-08-13,GBPUSD,0.008380512098980386,-1,2020-08-13T17:00:00+00:00,2020-08-13T20:00:00+00:00,1.31147,1.30792,1.314430357142857,29.603571428571474,time_exit,35.49999999999942,1.131620219568081,1.097840511521272,1.064060803474463
control,train,2020-08-11,2020-08-12,2020-08-13,GBPUSD,,-1,2020-08-13T17:00:00+00:00,2020-08-13T20:00:00+00:00,1.31147,1.30792,1.314430357142857,29.603571428571474,time_exit,35.49999999999942,1.131620219568081,1.097840511521272,1.064060803474463
candidate,train,2020-08-12,2020-08-13,2020-08-14,GBPUSD,0.005254502870874367,1,2020-08-14T17:00:00+00:00,2020-08-14T17:00:00+00:00,1.31238,1.309541785714286,1.309541785714286,28.38214285714251,stop,-28.3821428571418,-1.0704668428337496,-1.1057002642506368,-1.1409336856675243
control,train,2020-08-12,2020-08-13,2020-08-14,GBPUSD,,1,2020-08-14T17:00:00+00:00,2020-08-14T17:00:00+00:00,1.31238,1.309541785714286,1.309541785714286,28.38214285714251,stop,-28.3821428571418,-1.0704668428337496,-1.1057002642506368,-1.1409336856675243
candidate,train,2020-08-13,2020-08-14,2020-08-17,GBPUSD,0.007793738571019393,1,2020-08-17T17:00:00+00:00,2020-08-17T20:00:00+00:00,1.31021,1.31023,1.3074960714285715,27.139285714285553,time_exit,0.1999999999990898,-0.06632451638376864,-0.10317146993028814,-0.14001842347680762
control,train,2020-08-13,2020-08-14,2020-08-17,USDJPY,,-1,2020-08-17T17:00:00+00:00,2020-08-17T20:00:00+00:00,106.148,105.984,106.31139285714285,16.339285714285776,time_exit,16.400000000000148,0.9119125683060165,0.8660109289617545,0.8201092896174923
candidate,train,2020-08-14,2020-08-17,2020-08-18,USDJPY,0.007623674105481815,-1,2020-08-18T17:00:00+00:00,2020-08-18T20:00:00+00:00,105.331,105.334,105.54507142857143,21.407142857142446,time_exit,-0.30000000000001137,-0.08408408408408623,-0.11911911911912193,-0.15415415415415765
control,train,2020-08-14,2020-08-17,2020-08-18,USDJPY,,-1,2020-08-18T17:00:00+00:00,2020-08-18T20:00:00+00:00,105.331,105.334,105.54507142857143,21.407142857142446,time_exit,-0.30000000000001137,-0.08408408408408623,-0.11911911911912193,-0.15415415415415765
candidate,train,2020-08-17,2020-08-18,2020-08-19,USDJPY,0.02940705184029202,-1,2020-08-19T17:00:00+00:00,2020-08-19T17:00:00+00:00,105.42,105.63182142857143,105.63182142857143,21.182142857142594,stop,-21.182142857142594,-1.0708143651997986,-1.1062215477996977,-1.1416287303995971
control,train,2020-08-17,2020-08-18,2020-08-19,GBPUSD,,1,2020-08-19T17:00:00+00:00,2020-08-19T17:00:00+00:00,1.3215,1.3184378571428572,1.3184378571428572,30.621428571427195,stop,-30.6214285714268,-1.0653137392115601,-1.0979706088173464,-1.130627478423133
candidate,train,2020-08-18,2020-08-19,2020-08-20,USDJPY,0.007830371282773196,1,2020-08-20T17:00:00+00:00,2020-08-20T19:00:00+00:00,105.963,105.77207142857142,105.77207142857142,19.09285714285726,stop,-19.092857142857156,-1.0785634118967393,-1.1178451178451116,-1.1571268237934842
control,train,2020-08-18,2020-08-19,2020-08-20,GBPUSD,,-1,2020-08-20T17:00:00+00:00,2020-08-20T17:00:00+00:00,1.3100800000000001,1.313854642857143,1.313854642857143,37.74642857142867,stop,-37.746428571427955,-1.0529851452360486,-1.0794777178540824,-1.1059702904721163
candidate,train,2020-08-20,2020-08-21,2020-08-24,EURUSD,0.005814887305465755,-1,2020-08-24T17:00:00+00:00,2020-08-24T20:00:00+00:00,1.1825700000000001,1.17993,1.184694642857143,21.246428571428588,time_exit,26.400000000001977,1.1719616742310555,1.1366616238024119,1.1013615733737685
control,train,2020-08-20,2020-08-21,2020-08-24,GBPUSD,,-1,2020-08-24T17:00:00+00:00,2020-08-24T20:00:00+00:00,1.3085499999999999,1.30687,1.3119721428571427,34.22142857142913,time_exit,16.799999999999038,0.43247756209556076,0.40325610519721017,0.3740346482988596
candidate,train,2020-08-24,2020-08-25,2020-08-26,GBPUSD,0.0053198197681751935,1,2020-08-26T17:00:00+00:00,2020-08-26T20:00:00+00:00,1.31867,1.32135,1.3155960714285715,30.739285714285824,time_exit,26.800000000000157,0.8067851748576762,0.7742535145811572,0.7417218543046382
control,train,2020-08-24,2020-08-25,2020-08-26,USDJPY,,1,2020-08-26T17:00:00+00:00,2020-08-26T18:00:00+00:00,106.266,106.07732142857144,106.07732142857144,18.8678571428574,stop,-18.867857142856792,-1.0795002839295522,-1.1192504258943443,-1.1590005678591366
candidate,train,2020-08-25,2020-08-26,2020-08-27,GBPUSD,0.03229172606489139,1,2020-08-27T17:00:00+00:00,2020-08-27T17:00:00+00:00,1.32028,1.3162857142857143,1.3162857142857143,39.94285714285712,stop,-39.94285714285617,-1.0500715307582023,-1.0751072961373151,-1.1001430615164283
control,train,2020-08-25,2020-08-26,2020-08-27,GBPUSD,,1,2020-08-27T17:00:00+00:00,2020-08-27T17:00:00+00:00,1.32028,1.3162857142857143,1.3162857142857143,39.94285714285712,stop,-39.94285714285617,-1.0500715307582023,-1.0751072961373151,-1.1001430615164283
candidate,train,2020-08-26,2020-08-27,2020-08-28,GBPUSD,0.011638761993669755,-1,2020-08-28T17:00:00+00:00,2020-08-28T17:00:00+00:00,1.32891,1.3327392857142857,1.3327392857142857,38.29285714285726,stop,-38.29285714285646,-1.0522290617421914,-1.0783435926132974,-1.1044581234844035
control,train,2020-08-26,2020-08-27,2020-08-28,USDJPY,,1,2020-08-28T17:00:00+00:00,2020-08-28T20:00:00+00:00,105.465,105.399,105.06364285714287,40.13571428571407,time_exit,-6.60000000000025,-0.2018152696209363,-0.2205018686599113,-0.2391884676988863
candidate,train,2020-08-27,2020-08-28,2020-08-31,USDJPY,0.04652520794432191,-1,2020-08-31T17:00:00+00:00,2020-08-31T20:00:00+00:00,106.08,105.816,106.30467857142857,22.467857142856623,time_exit,26.39999999999958,1.1082498807820766,1.0748688602765917,1.041487839771107
control,train,2020-08-27,2020-08-28,2020-08-31,GBPUSD,,1,2020-08-31T17:00:00+00:00,2020-08-31T20:00:00+00:00,1.33178,1.33772,1.328825,29.54999999999969,time_exit,59.40000000000056,1.942470389170936,1.9086294416244043,1.8747884940778727
candidate,train,2020-08-31,2020-09-01,2020-09-02,GBPUSD,0.030903236140492396,1,2020-09-02T17:00:00+00:00,2020-09-02T20:00:00+00:00,1.33122,1.33277,1.3276039285714285,36.16071428571494,time_exit,15.499999999999403,0.3733333333333101,0.3456790123456563,0.31802469135800243
control,train,2020-08-31,2020-09-01,2020-09-02,USDJPY,,1,2020-09-02T17:00:00+00:00,2020-09-02T20:00:00+00:00,106.204,106.17,106.0195,18.44999999999994,time_exit,-3.3999999999991815,-0.2655826558265148,-0.30623306233057995,-0.3468834688346451
candidate,train,2020-09-01,2020-09-02,2020-09-03,GBPUSD,0.015751912732260287,-1,2020-09-03T17:00:00+00:00,2020-09-03T20:00:00+00:00,1.32918,1.32618,1.3330253571428572,38.4535714285714,time_exit,30.000000000001137,0.7281508312436449,0.7021454444135157,0.6761400575833866
control,train,2020-09-01,2020-09-02,2020-09-03,EURUSD,,-1,2020-09-03T17:00:00+00:00,2020-09-03T20:00:00+00:00,1.18437,1.1833,1.1871471428571427,27.771428571428984,time_exit,10.699999999999044,0.3312757201645697,0.3042695473250639,0.27726337448555816
candidate,train,2020-09-02,2020-09-03,2020-09-04,USDJPY,0.00015750511891643448,-1,2020-09-04T17:00:00+00:00,2020-09-04T20:00:00+00:00,106.451,106.253,106.59649999999999,14.549999999999741,time_exit,19.79999999999933,1.2577319587628628,1.2061855670102846,1.1546391752577063
control,train,2020-09-02,2020-09-03,2020-09-04,GBPUSD,,-1,2020-09-04T17:00:00+00:00,2020-09-04T19:00:00+00:00,1.32001,1.3237589285714284,1.3237589285714284,37.4892857142858,stop,-37.489285714285,-1.053348575783536,-1.0800228636753144,-1.106697151567093
candidate,train,2020-09-04,2020-09-08,2020-09-09,USDJPY,0.05265643447461632,-1,2020-09-09T17:00:00+00:00,2020-09-09T20:00:00+00:00,106.175,106.248,106.32039285714285,14.539285714285402,time_exit,-7.30000000000075,-0.6052566936871194,-0.6568410709899944,-0.7084254482928696
control,train,2020-09-04,2020-09-08,2020-09-09,GBPUSD,,-1,2020-09-09T17:00:00+00:00,2020-09-09T20:00:00+00:00,1.30016,1.30128,1.305262142857143,51.02142857142857,time_exit,-11.200000000000099,-0.25871482570348786,-0.2783144337113277,-0.2979140417191675
candidate,train,2020-09-08,2020-09-09,2020-09-10,USDJPY,0.03001213944528014,1,2020-09-10T17:00:00+00:00,2020-09-10T20:00:00+00:00,106.13,106.173,106.00453571428571,12.546428571428336,time_exit,4.300000000000637,0.2231710788500407,0.16339311130093623,0.10361514375183178
control,train,2020-09-08,2020-09-09,2020-09-10,USDJPY,,1,2020-09-10T17:00:00+00:00,2020-09-10T20:00:00+00:00,106.13,106.173,106.00453571428571,12.546428571428336,time_exit,4.300000000000637,0.2231710788500407,0.16339311130093623,0.10361514375183178
candidate,train,2020-09-09,2020-09-10,2020-09-11,EURUSD,0.15759350304089725,1,2020-09-11T17:00:00+00:00,2020-09-11T20:00:00+00:00,1.18399,1.18371,1.1818300000000002,21.599999999999476,time_exit,-2.80000000000058,-0.19907407407410574,-0.2337962962963288,-0.2685185185185519
control,train,2020-09-09,2020-09-10,2020-09-11,GBPUSD,,-1,2020-09-11T17:00:00+00:00,2020-09-11T20:00:00+00:00,1.27948,1.2788300000000001,1.2839307142857141,44.50714285714277,time_exit,6.499999999998174,0.10110736639379644,0.07863906275072145,0.056170759107646455
candidate,train,2020-09-10,2020-09-11,2020-09-14,USDJPY,0.04097422515222271,-1,2020-09-14T17:00:00+00:00,2020-09-14T20:00:00+00:00,105.683,105.649,105.82517857142858,14.217857142856818,time_exit,3.4000000000006025,0.1336347651344338,0.08088419994980559,0.02813363476517741
control,train,2020-09-10,2020-09-11,2020-09-14,GBPUSD,,-1,2020-09-14T17:00:00+00:00,2020-09-14T20:00:00+00:00,1.28945,1.28678,1.2927414285714285,32.91428571428556,time_exit,26.699999999999502,0.7504340277777661,0.7200520833333215,0.689670138888877
candidate,train,2020-09-11,2020-09-14,2020-09-15,USDJPY,0.05932171443650036,-1,2020-09-15T17:00:00+00:00,2020-09-15T18:00:00+00:00,105.356,105.50224999999999,105.50224999999999,14.624999999999641,stop,-14.624999999999488,-1.1025641025640947,-1.153846153846147,-1.2051282051281997
control,train,2020-09-11,2020-09-14,2020-09-15,GBPUSD,,1,2020-09-15T17:00:00+00:00,2020-09-15T17:00:00+00:00,1.2888600000000001,1.285337142857143,1.285337142857143,35.22857142857192,stop,-35.228571428571605,-1.0567721005677113,-1.0851581508515715,-1.1135442011354315
candidate,train,2020-09-14,2020-09-15,2020-09-16,USDJPY,0.014874739039665963,-1,2020-09-16T17:00:00+00:00,2020-09-16T20:00:00+00:00,104.836,104.902,105.02414285714286,18.814285714285717,time_exit,-6.60000000000025,-0.4305239179954574,-0.47038724373577634,-0.5102505694760953
control,train,2020-09-14,2020-09-15,2020-09-16,GBPUSD,,1,2020-09-16T17:00:00+00:00,2020-09-16T20:00:00+00:00,1.2973,1.29779,1.2939764285714286,33.235714285714096,time_exit,4.900000000001015,0.08725553406407573,0.05716741886957739,0.02707930367507904
candidate,train,2020-09-16,2020-09-17,2020-09-18,USDJPY,0.06748474449533326,-1,2020-09-18T17:00:00+00:00,2020-09-18T20:00:00+00:00,104.4,104.375,104.58235714285715,18.23571428571396,time_exit,2.5000000000005684,0.05483744614182612,0.013709361535479908,-0.0274187230708663
control,train,2020-09-16,2020-09-17,2020-09-18,GBPUSD,,-1,2020-09-18T17:00:00+00:00,2020-09-18T20:00:00+00:00,1.29432,1.2951,1.297902857142857,35.828571428570854,time_exit,-7.800000000000029,-0.27352472089314717,-0.3014354066985702,-0.3293460925039933
candidate,train,2020-09-17,2020-09-18,2020-09-21,USDJPY,0.04835824629432728,-1,2020-09-21T17:00:00+00:00,2020-09-21T20:00:00+00:00,104.595,104.741,104.84678571428572,25.178571428571217,time_exit,-14.60000000000008,-0.6394326241134837,-0.6692198581560371,-0.6990070921985906
control,train,2020-09-17,2020-09-18,2020-09-21,USDJPY,,-1,2020-09-21T17:00:00+00:00,2020-09-21T20:00:00+00:00,104.595,104.741,104.84678571428572,25.178571428571217,time_exit,-14.60000000000008,-0.6394326241134837,-0.6692198581560371,-0.6990070921985906
candidate,train,2020-09-18,2020-09-21,2020-09-22,GBPUSD,0.0312535439584265,-1,2020-09-22T17:00:00+00:00,2020-09-22T20:00:00+00:00,1.27627,1.27207,1.2823042857142857,60.34285714285707,time_exit,41.999999999999815,0.6628787878787856,0.6463068181818159,0.6297348484848462
control,train,2020-09-18,2020-09-21,2020-09-22,GBPUSD,,-1,2020-09-22T17:00:00+00:00,2020-09-22T20:00:00+00:00,1.27627,1.27207,1.2823042857142857,60.34285714285707,time_exit,41.999999999999815,0.6628787878787856,0.6463068181818159,0.6297348484848462
candidate,train,2020-09-22,2020-09-23,2020-09-24,GBPUSD,0.016380016380016293,1,2020-09-24T17:00:00+00:00,2020-09-24T20:00:00+00:00,1.27416,1.2751700000000001,1.2698882142857142,42.717857142857454,time_exit,10.100000000001774,0.18961625282171057,0.16620683889310947,0.14279742496450834
control,train,2020-09-22,2020-09-23,2020-09-24,USDJPY,,1,2020-09-24T17:00:00+00:00,2020-09-24T20:00:00+00:00,105.468,105.458,105.30503571428572,16.29642857142843,time_exit,-1.0000000000005116,-0.15340784571557076,-0.19943019943023257,-0.2454525531448944
candidate,train,2020-09-23,2020-09-24,2020-09-25,GBPUSD,0.017772763900080646,-1,2020-09-25T17:00:00+00:00,2020-09-25T20:00:00+00:00,1.27153,1.27024,1.2750860714285714,35.560714285713864,time_exit,12.900000000000134,0.3065180275183362,0.2783971075625259,0.25027618760671555
control,train,2020-09-23,2020-09-24,2020-09-25,EURUSD,,-1,2020-09-25T17:00:00+00:00,2020-09-25T20:00:00+00:00,1.16341,1.16192,1.165452142857143,20.421428571428656,time_exit,14.899999999999913,0.6561734872332914,0.6194473592165024,0.5827212311997135
candidate,train,2020-09-24,2020-09-25,2020-09-28,GBPUSD,0.021509735118632856,-1,2020-09-28T17:00:00+00:00,2020-09-28T20:00:00+00:00,1.28678,1.28513,1.2910067857142857,42.267857142857366,time_exit,16.499999999999293,0.3430502746091914,0.3193916349809702,0.29573299535274894
control,train,2020-09-24,2020-09-25,2020-09-28,GBPUSD,,-1,2020-09-28T17:00:00+00:00,2020-09-28T20:00:00+00:00,1.28678,1.28513,1.2910067857142857,42.267857142857366,time_exit,16.499999999999293,0.3430502746091914,0.3193916349809702,0.29573299535274894
candidate,train,2020-09-28,2020-09-29,2020-09-30,EURUSD,0.009097991250808679,1,2020-09-30T17:00:00+00:00,2020-09-30T20:00:00+00:00,1.16957,1.17214,1.166980357142857,25.896428571429308,time_exit,25.699999999999612,0.9344917942352363,0.9055302716866231,0.87656874913801
control,train,2020-09-28,2020-09-29,2020-09-30,EURUSD,,1,2020-09-30T17:00:00+00:00,2020-09-30T20:00:00+00:00,1.16957,1.17214,1.166980357142857,25.896428571429308,time_exit,25.699999999999612,0.9344917942352363,0.9055302716866231,0.87656874913801
candidate,train,2020-09-29,2020-09-30,2020-10-01,USDJPY,0.010580907620780344,-1,2020-10-01T17:00:00+00:00,2020-10-01T20:00:00+00:00,105.705,105.552,105.84235714285714,13.735714285714248,time_exit,15.299999999999159,1.0046801872074298,0.9500780031200662,0.8954758190327025
control,train,2020-09-29,2020-09-30,2020-10-01,GBPUSD,,1,2020-10-01T17:00:00+00:00,2020-10-01T20:00:00+00:00,1.28688,1.28938,1.2808564285714286,60.23571428571399,time_exit,24.999999999999467,0.3818332740424453,0.3652318273449473,0.3486303806474493
candidate,train,2020-09-30,2020-10-01,2020-10-02,GBPUSD,0.019427531228422668,-1,2020-10-02T17:00:00+00:00,2020-10-02T20:00:00+00:00,1.2928,1.29306,1.2978035714285714,50.03571428571425,time_exit,-2.60000000000149,-0.0919343326195873,-0.1119200571020998,-0.1319057815846123
control,train,2020-09-30,2020-10-01,2020-10-02,EURUSD,,1,2020-10-02T17:00:00+00:00,2020-10-02T20:00:00+00:00,1.17122,1.17174,1.168345357142857,28.746428571427995,time_exit,5.20000000000076,0.12871164119769332,0.1026214436576257,0.07653124611755809
candidate,train,2020-10-01,2020-10-02,2020-10-05,USDJPY,0.014463338932985348,-1,2020-10-05T17:00:00+00:00,2020-10-05T17:00:00+00:00,105.546,105.64692857142857,105.64692857142857,10.092857142856763,stop,-10.092857142856815,-1.1486199575371656,-1.222929936305746,-1.2972399150743263
control,train,2020-10-01,2020-10-02,2020-10-05,GBPUSD,,1,2020-10-05T17:00:00+00:00,2020-10-05T20:00:00+00:00,1.29726,1.29789,1.2941860714285716,30.739285714285824,time_exit,6.299999999999084,0.1398861391890019,0.1073544789124829,0.07482281863596389
candidate,train,2020-10-02,2020-10-05,2020-10-06,EURUSD,0.008764266329603254,1,2020-10-06T17:00:00+00:00,2020-10-06T20:00:00+00:00,1.17797,1.17809,1.1759664285714284,20.035714285714693,time_exit,1.2000000000012,-0.014973262032025359,-0.0524064171122385,-0.08983957219245164
control,train,2020-10-02,2020-10-05,2020-10-06,EURUSD,,1,2020-10-06T17:00:00+00:00,2020-10-06T20:00:00+00:00,1.17797,1.17809,1.1759664285714284,20.035714285714693,time_exit,1.2000000000012,-0.014973262032025359,-0.0524064171122385,-0.08983957219245164
candidate,train,2020-10-05,2020-10-06,2020-10-07,USDJPY,0.014675222026524937,-1,2020-10-07T17:00:00+00:00,2020-10-07T20:00:00+00:00,105.988,105.959,106.12246428571429,13.44642857142837,time_exit,2.899999999999636,0.10411686586982842,0.0483399734395487,-0.007436918990731018
control,train,2020-10-05,2020-10-06,2020-10-07,GBPUSD,,-1,2020-10-07T17:00:00+00:00,2020-10-07T18:00:00+00:00,1.28742,1.2910114285714287,1.2910114285714287,35.91428571428618,stop,-35.9142857142869,-1.0556881463802898,-1.0835322195704247,-1.1113762927605595
candidate,train,2020-10-06,2020-10-07,2020-10-08,EURUSD,0.001248957924676386,-1,2020-10-08T17:00:00+00:00,2020-10-08T20:00:00+00:00,1.17444,1.17545,1.1761039285714285,16.639285714285997,time_exit,-10.100000000001774,-0.697145310152488,-0.7422193603778575,-0.787293410603227
control,train,2020-10-06,2020-10-07,2020-10-08,GBPUSD,,-1,2020-10-08T17:00:00+00:00,2020-10-08T20:00:00+00:00,1.29306,1.29382,1.2964703571428573,34.10357142857193,time_exit,-7.599999999998719,-0.28149544454912573,-0.3108178866896636,-0.3401403288302014
candidate,train,2020-10-07,2020-10-08,2020-10-09,GBPUSD,0.003912738787375414,1,2020-10-09T17:00:00+00:00,2020-10-09T20:00:00+00:00,1.2969,1.30194,1.2940810714285713,28.18928571428625,time_exit,50.400000000001555,1.7169643988344327,1.6814899277841358,1.6460154567338388
control,train,2020-10-07,2020-10-08,2020-10-09,GBPUSD,,1,2020-10-09T17:00:00+00:00,2020-10-09T20:00:00+00:00,1.2969,1.30194,1.2940810714285713,28.18928571428625,time_exit,50.400000000001555,1.7169643988344327,1.6814899277841358,1.6460154567338388
candidate,train,2020-10-08,2020-10-09,2020-10-12,GBPUSD,0.012384061015415337,1,2020-10-12T17:00:00+00:00,2020-10-12T20:00:00+00:00,1.30432,1.30622,1.3019264285714285,23.935714285714077,time_exit,19.000000000000128,0.7102357505222437,0.668457176962112,0.6266786034019803
control,train,2020-10-08,2020-10-09,2020-10-12,GBPUSD,,1,2020-10-12T17:00:00+00:00,2020-10-12T20:00:00+00:00,1.30432,1.30622,1.3019264285714285,23.935714285714077,time_exit,19.000000000000128,0.7102357505222437,0.668457176962112,0.6266786034019803
candidate,train,2020-10-09,2020-10-12,2020-10-13,USDJPY,0.02764735925568118,-1,2020-10-13T17:00:00+00:00,2020-10-13T20:00:00+00:00,105.586,105.54,105.70867857142856,12.267857142856798,time_exit,4.599999999999227,0.2526928675399732,0.1915574963609322,0.13042212518189117
control,train,2020-10-09,2020-10-12,2020-10-13,GBPUSD,,1,2020-10-13T17:00:00+00:00,2020-10-13T20:00:00+00:00,1.29766,1.29566,1.2941907142857143,34.692857142856504,time_exit,-20.000000000000018,-0.6341362981264277,-0.6629606753139925,-0.6917850525015574
candidate,train,2020-10-13,2020-10-14,2020-10-15,USDJPY,0.03057264095707768,-1,2020-10-15T17:00:00+00:00,2020-10-15T19:00:00+00:00,105.276,105.39878571428572,105.39878571428572,12.278571428572198,stop,-12.278571428572604,-1.122164048865645,-1.1832460732984509,-1.244328097731257
control,train,2020-10-13,2020-10-14,2020-10-15,GBPUSD,,1,2020-10-15T17:00:00+00:00,2020-10-15T17:00:00+00:00,1.29429,1.2898371428571427,1.2898371428571427,44.528571428571716,stop,-44.52857142857258,-1.0449149823548476,-1.0673724735322616,-1.0898299647096756
candidate,train,2020-10-14,2020-10-15,2020-10-16,GBPUSD,0.01991532068370705,-1,2020-10-16T17:00:00+00:00,2020-10-16T20:00:00+00:00,1.29047,1.29236,1.2950985714285714,46.28571428571395,time_exit,-18.899999999999473,-0.45154320987653507,-0.47314814814814016,-0.4947530864197453
control,train,2020-10-14,2020-10-15,2020-10-16,GBPUSD,,-1,2020-10-16T17:00:00+00:00,2020-10-16T20:00:00+00:00,1.29047,1.29236,1.2950985714285714,46.28571428571395,time_exit,-18.899999999999473,-0.45154320987653507,-0.47314814814814016,-0.4947530864197453
candidate,train,2020-10-15,2020-10-16,2020-10-19,USDJPY,0.004714225869830724,1,2020-10-19T17:00:00+00:00,2020-10-19T20:00:00+00:00,105.377,105.414,105.27596428571428,10.103571428571254,time_exit,3.700000000000614,0.21774478614357815,0.14351360904919722,0.06928243195481629
control,train,2020-10-15,2020-10-16,2020-10-19,EURUSD,,1,2020-10-19T17:00:00+00:00,2020-10-19T20:00:00+00:00,1.17828,1.17816,1.1762957142857142,19.84285714285676,time_exit,-1.1999999999989797,-0.13606911447079353,-0.1738660907126949,-0.21166306695459627
candidate,train,2020-10-16,2020-10-19,2020-10-20,EURUSD,0.002842536585365929,1,2020-10-20T17:00:00+00:00,2020-10-20T20:00:00+00:00,1.18195,1.18263,1.179955,19.949999999999132,time_exit,6.800000000000139,0.26566416040102103,0.22807017543861338,0.19047619047620573
control,train,2020-10-16,2020-10-19,2020-10-20,EURUSD,,1,2020-10-20T17:00:00+00:00,2020-10-20T20:00:00+00:00,1.18195,1.18263,1.179955,19.949999999999132,time_exit,6.800000000000139,0.26566416040102103,0.22807017543861338,0.19047619047620573
candidate,train,2020-10-19,2020-10-20,2020-10-21,EURUSD,0.0067741101975886675,1,2020-10-21T17:00:00+00:00,2020-10-21T20:00:00+00:00,1.18605,1.18733,1.1839103571428573,21.39642857142814,time_exit,12.799999999999478,0.5281255216157432,0.4930729427474401,0.45802036387913697
control,train,2020-10-19,2020-10-20,2020-10-21,EURUSD,,1,2020-10-21T17:00:00+00:00,2020-10-21T20:00:00+00:00,1.18605,1.18733,1.1839103571428573,21.39642857142814,time_exit,12.799999999999478,0.5281255216157432,0.4930729427474401,0.45802036387913697
candidate,train,2020-10-20,2020-10-21,2020-10-22,USDJPY,0.09548580867998191,-1,2020-10-22T17:00:00+00:00,2020-10-22T18:00:00+00:00,104.719,104.87199999999999,104.87199999999999,15.29999999999982,stop,-15.299999999999159,-1.0980392156862324,-1.1470588235293704,-1.1960784313725081
control,train,2020-10-20,2020-10-21,2020-10-22,GBPUSD,,1,2020-10-22T17:00:00+00:00,2020-10-22T17:00:00+00:00,1.3102,1.3070907142857144,1.3070907142857144,31.092857142856477,stop,-31.092857142855923,-1.0643234550884282,-1.0964851826326512,-1.1286469101768744
candidate,train,2020-10-22,2020-10-23,2020-10-26,EURUSD,0.008105505113271239,1,2020-10-26T17:00:00+00:00,2020-10-26T20:00:00+00:00,1.18124,1.18157,1.1793435714285716,18.964285714285293,time_exit,3.2999999999994145,0.09491525423725937,0.055367231638388435,0.0158192090395175
control,train,2020-10-22,2020-10-23,2020-10-26,GBPUSD,,-1,2020-10-26T17:00:00+00:00,2020-10-26T20:00:00+00:00,1.29996,1.30227,1.303385357142857,34.253571428571014,time_exit,-23.100000000000342,-0.7327703054947535,-0.7619643415702413,-0.791158377645729
candidate,train,2020-10-23,2020-10-26,2020-10-27,GBPUSD,0.009902362292026234,-1,2020-10-27T17:00:00+00:00,2020-10-27T17:00:00+00:00,1.30431,1.3068439285714286,1.3068439285714286,25.33928571428542,stop,-25.339285714285342,-1.0789288231148675,-1.1183932346723027,-1.157857646229738
control,train,2020-10-23,2020-10-26,2020-10-27,EURUSD,,-1,2020-10-27T17:00:00+00:00,2020-10-27T20:00:00+00:00,1.1824,1.18251,1.1841967857142857,17.967857142857092,time_exit,-1.100000000000545,-0.14470284237729172,-0.18644404690919406,-0.22818525144109636
candidate,train,2020-10-26,2020-10-27,2020-10-28,USDJPY,0.015823200882623567,-1,2020-10-28T17:00:00+00:00,2020-10-28T20:00:00+00:00,104.287,104.319,104.45682142857143,16.982142857143096,time_exit,-3.1999999999996476,-0.2767613038906168,-0.32092534174550574,-0.3650893796003947
control,train,2020-10-26,2020-10-27,2020-10-28,USDJPY,,-1,2020-10-28T17:00:00+00:00,2020-10-28T20:00:00+00:00,104.287,104.319,104.45682142857143,16.982142857143096,time_exit,-3.1999999999996476,-0.2767613038906168,-0.32092534174550574,-0.3650893796003947
candidate,train,2020-10-27,2020-10-28,2020-10-29,USDJPY,0.0481989409176089,-1,2020-10-29T17:00:00+00:00,2020-10-29T17:00:00+00:00,104.453,104.62689285714286,104.62689285714286,17.38928571428546,stop,-17.389285714286018,-1.0862600123228923,-1.1293900184843224,-1.1725200246457523
control,train,2020-10-27,2020-10-28,2020-10-29,GBPUSD,,-1,2020-10-29T17:00:00+00:00,2020-10-29T20:00:00+00:00,1.29251,1.29058,1.2961292857142857,36.19285714285706,time_exit,19.299999999999873,0.4779948687586319,0.4503651075587108,0.4227353463587897
candidate,train,2020-10-28,2020-10-29,2020-10-30,GBPUSD,0.059350061360752715,-1,2020-10-30T17:00:00+00:00,2020-10-30T20:00:00+00:00,1.29346,1.29416,1.296927142857143,34.67142857142898,time_exit,-6.999999999999229,-0.2595797280593072,-0.28842192006589934,-0.3172641120724915
control,train,2020-10-28,2020-10-29,2020-10-30,EURUSD,,-1,2020-10-30T17:00:00+00:00,2020-10-30T20:00:00+00:00,1.16777,1.16458,1.1700264285714286,22.564285714285557,time_exit,31.90000000000026,1.347261791706257,1.314023425134557,1.2807850585628568
candidate,train,2020-10-29,2020-10-30,2020-11-02,USDJPY,0.005605327200278065,-1,2020-11-02T17:00:00+00:00,2020-11-02T20:00:00+00:00,104.802,104.849,104.93635714285715,13.435714285714035,time_exit,-4.699999999999704,-0.4614566719829744,-0.5172780435938208,-0.5730994152046671
control,train,2020-10-29,2020-10-30,2020-11-02,GBPUSD,,1,2020-11-02T17:00:00+00:00,2020-11-02T20:00:00+00:00,1.29097,1.29046,1.2872757142857143,36.94285714285697,time_exit,-5.1000000000001044,-0.19218870843001146,-0.2192575406032521,-0.24632637277649275
candidate,train,2020-11-03,2020-11-04,2020-11-05,EURUSD,0.005252565780465401,1,2020-11-05T17:00:00+00:00,2020-11-05T19:00:00+00:00,1.18279,1.1795425,1.1795425,32.4750000000003,stop,-32.4750000000007,-1.0461893764434298,-1.0692840646651387,-1.0923787528868474
control,train,2020-11-03,2020-11-04,2020-11-05,GBPUSD,,-1,2020-11-05T17:00:00+00:00,2020-11-05T20:00:00+00:00,1.30873,1.31,1.3138064285714286,50.7642857142864,time_exit,-12.700000000001044,-0.28957365977207233,-0.30927254819193983,-0.3289714366118073
candidate,train,2020-11-04,2020-11-05,2020-11-06,USDJPY,0.051931933239703465,-1,2020-11-06T17:00:00+00:00,2020-11-06T20:00:00+00:00,103.57,103.285,103.85221428571428,28.22142857142873,time_exit,28.49999999999966,0.9567198177676363,0.9301442672740905,0.9035687167805446
control,train,2020-11-04,2020-11-05,2020-11-06,GBPUSD,,1,2020-11-06T17:00:00+00:00,2020-11-06T20:00:00+00:00,1.31121,1.31542,1.3068246428571428,43.853571428570625,time_exit,42.10000000000047,0.9144067106442167,0.8916035507777778,0.8688003909113386
candidate,train,2020-11-06,2020-11-09,2020-11-10,GBPUSD,0.028588688253746497,-1,2020-11-10T17:00:00+00:00,2020-11-10T20:00:00+00:00,1.32562,1.32363,1.3300214285714287,44.01428571428571,time_exit,19.899999999999363,0.4066861408633416,0.38396624472572394,0.3612463485881063
control,train,2020-11-06,2020-11-09,2020-11-10,USDJPY,,1,2020-11-10T17:00:00+00:00,2020-11-10T20:00:00+00:00,105.404,105.294,105.12392857142858,28.007142857142448,time_exit,-10.999999999999943,-0.4463147156337714,-0.4730935985717978,-0.4998724815098242
candidate,train,2020-11-09,2020-11-10,2020-11-11,EURUSD,0.0064855354147059785,1,2020-11-11T17:00:00+00:00,2020-11-11T20:00:00+00:00,1.17524,1.17729,1.1728217857142857,24.182142857143074,time_exit,20.499999999998852,0.7857037365233541,0.7546891153447989,0.7236744941662435
control,train,2020-11-09,2020-11-10,2020-11-11,GBPUSD,,1,2020-11-11T17:00:00+00:00,2020-11-11T20:00:00+00:00,1.32093,1.32016,1.3168682142857142,40.61785714285726,time_exit,-7.699999999999374,-0.2388112195550705,-0.2634309329112649,-0.28805064626745935
candidate,train,2020-11-12,2020-11-13,2020-11-16,GBPUSD,0.015035504559648416,1,2020-11-16T17:00:00+00:00,2020-11-16T20:00:00+00:00,1.31846,1.31965,1.3150817857142858,33.782142857142205,time_exit,11.900000000000244,0.2930542340628102,0.2634527962786887,0.23385135849456717
control,train,2020-11-12,2020-11-13,2020-11-16,GBPUSD,,1,2020-11-16T17:00:00+00:00,2020-11-16T20:00:00+00:00,1.31846,1.31965,1.3150817857142858,33.782142857142205,time_exit,11.900000000000244,0.2930542340628102,0.2634527962786887,0.23385135849456717
candidate,train,2020-11-13,2020-11-16,2020-11-17,GBPUSD,0.015410773852837512,1,2020-11-17T17:00:00+00:00,2020-11-17T20:00:00+00:00,1.32559,1.3241100000000001,1.3227239285714287,28.660714285713862,time_exit,-14.799999999999258,-0.5861682242990482,-0.621059190031136,-0.6559501557632237
control,train,2020-11-13,2020-11-16,2020-11-17,EURUSD,,1,2020-11-17T17:00:00+00:00,2020-11-17T20:00:00+00:00,1.18714,1.1863,1.1853228571428573,18.171428571428425,time_exit,-8.40000000000174,-0.5448113207548171,-0.5860849056604778,-0.6273584905661385
candidate,train,2020-11-16,2020-11-17,2020-11-18,USDJPY,0.009685793353415129,-1,2020-11-18T17:00:00+00:00,2020-11-18T20:00:00+00:00,103.862,103.825,104.03332142857143,17.1321428571432,time_exit,3.699999999999193,0.12841359182817627,0.08463623097764558,0.04085887012711487
control,train,2020-11-16,2020-11-17,2020-11-18,GBPUSD,,1,2020-11-18T17:00:00+00:00,2020-11-18T20:00:00+00:00,1.32935,1.32885,1.3271160714285715,22.339285714286703,time_exit,-4.999999999999449,-0.31334932054352665,-0.3581135091926054,-0.40287769784168415
candidate,train,2020-11-17,2020-11-18,2020-11-19,USDJPY,0.01593557854396832,-1,2020-11-19T17:00:00+00:00,2020-11-19T20:00:00+00:00,103.986,103.823,104.16160714285715,17.560714285714393,time_exit,16.30000000000109,0.8427903193004433,0.8000813504169781,0.7573723815335128
control,train,2020-11-17,2020-11-18,2020-11-19,GBPUSD,,1,2020-11-19T17:00:00+00:00,2020-11-19T20:00:00+00:00,1.32206,1.32355,1.3185082142857143,35.51785714285763,time_exit,14.899999999999913,0.3631975867269911,0.335042735042728,0.30688788335846495
candidate,train,2020-11-18,2020-11-19,2020-11-20,USDJPY,0.016139236728700768,-1,2020-11-20T17:00:00+00:00,2020-11-20T20:00:00+00:00,103.775,103.835,103.88932142857144,11.43214285714248,time_exit,-5.999999999998806,-0.6560449859418104,-0.7216494845360019,-0.7872539831301933
control,train,2020-11-18,2020-11-19,2020-11-20,GBPUSD,,-1,2020-11-20T17:00:00+00:00,2020-11-20T20:00:00+00:00,1.32815,1.32776,1.3309335714285715,27.835714285715117,time_exit,3.8999999999989043,0.06825763407745411,0.03233256351035228,-0.0035925070567495443
candidate,train,2020-11-19,2020-11-20,2020-11-23,USDJPY,0.02837658447188196,1,2020-11-23T17:00:00+00:00,2020-11-23T20:00:00+00:00,104.042,104.339,103.919,12.300000000000264,time_exit,29.699999999999704,2.2926829268291953,2.231707317073099,2.1707317073170027
control,train,2020-11-19,2020-11-20,2020-11-23,GBPUSD,,1,2020-11-23T17:00:00+00:00,2020-11-23T17:00:00+00:00,1.33527,1.3319464285714284,1.3319464285714284,33.235714285714565,stop,-33.23571428571537,-1.06017623038902,-1.090264345583518,-1.1203524607780158
candidate,train,2020-11-20,2020-11-23,2020-11-24,GBPUSD,0.028835710797355585,1,2020-11-24T17:00:00+00:00,2020-11-24T20:00:00+00:00,1.33252,1.33427,1.3293346428571429,31.853571428570987,time_exit,17.500000000001403,0.48660163695486636,0.45520798295778103,0.42381432896069576
control,train,2020-11-20,2020-11-23,2020-11-24,USDJPY,,1,2020-11-24T17:00:00+00:00,2020-11-24T20:00:00+00:00,104.686,104.627,104.49453571428572,19.146428571428785,time_exit,-5.900000000001171,-0.3864950568924277,-0.4256668531990864,-0.4648386495057452
candidate,train,2020-11-23,2020-11-24,2020-11-25,USDJPY,0.013231028458019711,1,2020-11-25T17:00:00+00:00,2020-11-25T20:00:00+00:00,104.316,104.338,104.17189285714285,14.410714285714576,time_exit,2.199999999999136,0.04857496902100474,-0.003469640644421721,-0.05551425030984818
control,train,2020-11-23,2020-11-24,2020-11-25,EURUSD,,1,2020-11-25T17:00:00+00:00,2020-11-25T20:00:00+00:00,1.19074,1.19157,1.1884267857142856,23.13214285714214,time_exit,8.300000000001084,0.29396325459323186,0.2615408368072188,0.22911841902120575
candidate,train,2020-11-24,2020-11-25,2020-11-27,USDJPY,0.04324291143266912,-1,2020-11-27T17:00:00+00:00,2020-11-27T20:00:00+00:00,104.079,104.027,104.22471428571427,14.571428571428413,time_exit,5.19999999999925,0.2539215686274022,0.20245098039210757,0.1509803921568129
control,train,2020-11-24,2020-11-25,2020-11-27,EURUSD,,1,2020-11-27T17:00:00+00:00,2020-11-27T20:00:00+00:00,1.19432,1.19568,1.1928864285714287,14.33571428571399,time_exit,13.600000000000279,0.8440458395615714,0.791728948679657,0.7394120577977427
candidate,train,2020-11-25,2020-11-27,2020-11-30,USDJPY,0.0229424539706653,-1,2020-11-30T17:00:00+00:00,2020-11-30T20:00:00+00:00,104.252,104.286,104.4325357142857,18.053571428571452,time_exit,-3.4000000000006025,-0.27141444114741187,-0.31295746785364326,-0.35450049455987465
control,train,2020-11-25,2020-11-27,2020-11-30,GBPUSD,,-1,2020-11-30T17:00:00+00:00,2020-11-30T20:00:00+00:00,1.33716,1.33528,1.3403335714285713,31.735714285714025,time_exit,18.799999999998818,0.5293720459148894,0.49786180508662,0.46635156425835056
candidate,train,2020-11-30,2020-12-01,2020-12-02,GBPUSD,0.02347499478333459,1,2020-12-02T17:00:00+00:00,2020-12-02T20:00:00+00:00,1.33073,1.33517,1.3262985714285713,44.314285714285546,time_exit,44.39999999999999,0.9568020631850453,0.9342359767891716,0.9116698903932979
control,train,2020-11-30,2020-12-01,2020-12-02,EURUSD,,1,2020-12-02T17:00:00+00:00,2020-12-02T20:00:00+00:00,1.20825,1.20933,1.2058210714285715,24.28928571428568,time_exit,10.799999999999699,0.38288486987206577,0.35200705778560787,0.32112924569914997
candidate,train,2020-12-01,2020-12-02,2020-12-03,GBPUSD,0.03616840531448573,-1,2020-12-03T17:00:00+00:00,2020-12-03T17:00:00+00:00,1.34571,1.3485278571428572,1.3485278571428572,28.178571428571416,stop,-28.178571428572052,-1.0709759188846868,-1.1064638783270189,-1.141951837769351
control,train,2020-12-01,2020-12-02,2020-12-03,GBPUSD,,-1,2020-12-03T17:00:00+00:00,2020-12-03T17:00:00+00:00,1.34571,1.3485278571428572,1.3485278571428572,28.178571428571416,stop,-28.178571428572052,-1.0709759188846868,-1.1064638783270189,-1.141951837769351
candidate,train,2020-12-02,2020-12-03,2020-12-04,GBPUSD,0.03289892238976311,1,2020-12-04T17:00:00+00:00,2020-12-04T17:00:00+00:00,1.35181,1.3469842857142855,1.3469842857142855,48.25714285714353,stop,-48.25714285714433,-1.0414446417998977,-1.0621669626998382,-1.0828892835997788
control,train,2020-12-02,2020-12-03,2020-12-04,GBPUSD,,1,2020-12-04T17:00:00+00:00,2020-12-04T17:00:00+00:00,1.35181,1.3469842857142855,1.3469842857142855,48.25714285714353,stop,-48.25714285714433,-1.0414446417998977,-1.0621669626998382,-1.0828892835997788
candidate,train,2020-12-03,2020-12-04,2020-12-07,EURUSD,0.020436210628282492,-1,2020-12-07T17:00:00+00:00,2020-12-07T20:00:00+00:00,1.21508,1.21333,1.2173814285714284,23.014285714285176,time_exit,17.499999999999183,0.69522036002481,0.6626319056486454,0.6300434512724807
control,train,2020-12-03,2020-12-04,2020-12-07,USDJPY,,1,2020-12-07T17:00:00+00:00,2020-12-07T20:00:00+00:00,104.04,103.984,103.87360714285715,16.639285714285837,time_exit,-5.60000000000116,-0.42670100880023826,-0.4717750590256082,-0.516849109250978
candidate,train,2020-12-04,2020-12-07,2020-12-08,GBPUSD,0.05238889751151121,-1,2020-12-08T17:00:00+00:00,2020-12-08T18:00:00+00:00,1.33208,1.3369142857142857,1.3369142857142857,48.3428571428572,stop,-48.34285714285791,-1.0413711583924496,-1.0620567375886671,-1.0827423167848846
control,train,2020-12-04,2020-12-07,2020-12-08,GBPUSD,,-1,2020-12-08T17:00:00+00:00,2020-12-08T18:00:00+00:00,1.33208,1.3369142857142857,1.3369142857142857,48.3428571428572,stop,-48.34285714285791,-1.0413711583924496,-1.0620567375886671,-1.0827423167848846
candidate,train,2020-12-07,2020-12-08,2020-12-09,GBPUSD,0.009180682467600398,-1,2020-12-09T17:00:00+00:00,2020-12-09T20:00:00+00:00,1.34235,1.33712,1.3456275,32.77499999999941,time_exit,52.299999999998455,1.5347063310449844,1.5041952707856399,1.4736842105262953
control,train,2020-12-07,2020-12-08,2020-12-09,EURUSD,,-1,2020-12-09T17:00:00+00:00,2020-12-09T20:00:00+00:00,1.20991,1.20722,1.2120175,21.07500000000008,time_exit,26.900000000000812,1.2052194543298085,1.169632265717709,1.1340450771056094
candidate,train,2020-12-08,2020-12-09,2020-12-10,USDJPY,0.1994786764173484,1,2020-12-10T17:00:00+00:00,2020-12-10T20:00:00+00:00,104.258,104.302,104.11614285714285,14.185714285714266,time_exit,4.400000000001114,0.2044310171199177,0.15156092648547653,0.09869083585103537
control,train,2020-12-08,2020-12-09,2020-12-10,EURUSD,,-1,2020-12-10T17:00:00+00:00,2020-12-10T20:00:00+00:00,1.21524,1.212,1.2179250000000001,26.850000000000563,time_exit,32.40000000000131,1.1508379888268405,1.1229050279329862,1.094972067039132
candidate,train,2020-12-09,2020-12-10,2020-12-11,USDJPY,0.14606509028819792,-1,2020-12-11T17:00:00+00:00,2020-12-11T20:00:00+00:00,103.988,103.914,104.12021428571428,13.221428571428667,time_exit,7.399999999999807,0.4462452728254819,0.3895191788222408,0.3327930848189997
control,train,2020-12-09,2020-12-10,2020-12-11,GBPUSD,,-1,2020-12-11T17:00:00+00:00,2020-12-11T17:00:00+00:00,1.3205,1.3254521428571429,1.3254521428571429,49.521428571428736,stop,-49.521428571428494,-1.040386557046007,-1.0605798355690126,-1.0807731140920185
candidate,train,2020-12-10,2020-12-11,2020-12-14,EURUSD,0.04261758834826623,-1,2020-12-14T17:00:00+00:00,2020-12-14T20:00:00+00:00,1.21643,1.21576,1.2182482142857143,18.182142857142782,time_exit,6.699999999999484,0.28599489294831304,0.24474562954230222,0.20349636613629146
control,train,2020-12-10,2020-12-11,2020-12-14,GBPUSD,,-1,2020-12-14T17:00:00+00:00,2020-12-14T20:00:00+00:00,1.33816,1.33342,1.3423589285714286,41.989285714285536,time_exit,47.399999999999665,1.081228204473927,1.0574126052564394,1.0335970060389519
candidate,train,2020-12-11,2020-12-14,2020-12-15,USDJPY,0.00281932718048572,1,2020-12-15T17:00:00+00:00,2020-12-15T20:00:00+00:00,103.784,103.733,103.652,13.200000000000145,time_exit,-5.100000000000193,-0.5000000000000091,-0.5568181818181903,-0.6136363636363715
control,train,2020-12-11,2020-12-14,2020-12-15,GBPUSD,,1,2020-12-15T17:00:00+00:00,2020-12-15T20:00:00+00:00,1.33676,1.34291,1.3325889285714285,41.71071428571371,time_exit,61.500000000000995,1.426491994177627,1.4025173388132977,1.3785426834489682
candidate,train,2020-12-14,2020-12-15,2020-12-16,GBPUSD,0.01543235269919263,1,2020-12-16T17:00:00+00:00,2020-12-16T19:00:00+00:00,1.3511199999999999,1.3470732142857142,1.3470732142857142,40.467857142857234,stop,-40.467857142856275,-1.0494219398111138,-1.0741329097166825,-1.0988438796222513
control,train,2020-12-14,2020-12-15,2020-12-16,GBPUSD,,1,2020-12-16T17:00:00+00:00,2020-12-16T19:00:00+00:00,1.3511199999999999,1.3470732142857142,1.3470732142857142,40.467857142857234,stop,-40.467857142856275,-1.0494219398111138,-1.0741329097166825,-1.0988438796222513
candidate,train,2020-12-16,2020-12-17,2020-12-18,USDJPY,0.039692409207420676,-1,2020-12-18T17:00:00+00:00,2020-12-18T20:00:00+00:00,103.35,103.333,103.53996428571428,18.99642857142853,time_exit,1.6999999999995907,0.01052829479223266,-0.02895281067872061,-0.06843391614967388
control,train,2020-12-16,2020-12-17,2020-12-18,GBPUSD,,1,2020-12-18T17:00:00+00:00,2020-12-18T20:00:00+00:00,1.34906,1.35061,1.3449564285714284,41.035714285714285,time_exit,15.500000000001624,0.32898172323763747,0.30461270670151913,0.28024369016540074
candidate,train,2020-12-21,2020-12-22,2020-12-23,EURUSD,0.016078949003514253,-1,2020-12-23T17:00:00+00:00,2020-12-23T20:00:00+00:00,1.22068,1.2187000000000001,1.2234882142857142,28.082142857142927,time_exit,19.799999999998708,0.6516596718809138,0.6249523082792351,0.5982449446775565
control,train,2020-12-21,2020-12-22,2020-12-23,EURUSD,,-1,2020-12-23T17:00:00+00:00,2020-12-23T20:00:00+00:00,1.22068,1.2187000000000001,1.2234882142857142,28.082142857142927,time_exit,19.799999999998708,0.6516596718809138,0.6249523082792351,0.5982449446775565
candidate,train,2020-12-22,2020-12-23,2020-12-24,EURUSD,0.003985210573336451,1,2020-12-24T17:00:00+00:00,2020-12-24T20:00:00+00:00,1.21889,1.21834,1.2172914285714287,15.985714285714092,time_exit,-5.5000000000005045,-0.43789097408404043,-0.48480786416446997,-0.5317247542448995
control,train,2020-12-22,2020-12-23,2020-12-24,GBPUSD,,1,2020-12-24T17:00:00+00:00,2020-12-24T17:00:00+00:00,1.35826,1.3540771428571428,1.3540771428571428,41.82857142857162,stop,-41.82857142857266,-1.0478142076502979,-1.0717213114754343,-1.0956284153005709
candidate,train,2020-12-28,2020-12-29,2020-12-30,USDJPY,0.0013334568969067817,-1,2020-12-30T17:00:00+00:00,2020-12-30T17:00:00+00:00,103.024,103.17485714285715,103.17485714285715,15.085714285714147,stop,-15.085714285714857,-1.0994318181818663,-1.1491477272727757,-1.1988636363636853
control,train,2020-12-28,2020-12-29,2020-12-30,GBPUSD,,1,2020-12-30T17:00:00+00:00,2020-12-30T20:00:00+00:00,1.36037,1.35988,1.3568525,35.174999999999905,time_exit,-4.900000000001015,-0.19616204690834493,-0.22459132906897047,-0.25302061122959596
candidate,train,2020-12-29,2020-12-30,2020-12-31,USDJPY,0.06750955057046348,-1,2020-12-31T17:00:00+00:00,2020-12-31T17:00:00+00:00,103.049,103.15903571428572,103.15903571428572,11.00357142857159,stop,-11.00357142857149,-1.136319376825695,-1.2044790652385469,-1.2726387536513988
control,train,2020-12-29,2020-12-30,2020-12-31,GBPUSD,,1,2020-12-31T17:00:00+00:00,2020-12-31T20:00:00+00:00,1.36595,1.36503,1.36241,35.40000000000018,time_exit,-9.200000000000319,-0.3163841807909678,-0.3446327683615891,-0.37288135593221045
candidate,train,2020-12-31,2021-01-04,2021-01-05,GBPUSD,0.015235476593344677,-1,2021-01-05T17:00:00+00:00,2021-01-05T19:00:00+00:00,1.35989,1.3637953571428572,1.3637953571428572,39.053571428572,stop,-39.05357142857113,-1.0512117055326702,-1.0768175582990165,-1.1024234110653628
control,train,2020-12-31,2021-01-04,2021-01-05,GBPUSD,,-1,2021-01-05T17:00:00+00:00,2021-01-05T19:00:00+00:00,1.35989,1.3637953571428572,1.3637953571428572,39.053571428572,stop,-39.05357142857113,-1.0512117055326702,-1.0768175582990165,-1.1024234110653628
candidate,train,2021-01-04,2021-01-05,2021-01-06,USDJPY,0.00752582438444982,-1,2021-01-06T17:00:00+00:00,2021-01-06T17:00:00+00:00,103.206,103.39178571428572,103.39178571428572,18.57857142857122,stop,-18.578571428571422,-1.0807381776240026,-1.1211072664359985,-1.1614763552479943
control,train,2021-01-04,2021-01-05,2021-01-06,GBPUSD,,1,2021-01-06T17:00:00+00:00,2021-01-06T20:00:00+00:00,1.35776,1.36049,1.3529771428571429,47.828571428572396,time_exit,27.29999999999899,0.528972520907973,0.5080645161290009,0.4871565113500288
candidate,train,2021-01-05,2021-01-06,2021-01-07,EURUSD,0.00047652767200645485,-1,2021-01-07T17:00:00+00:00,2021-01-07T20:00:00+00:00,1.22592,1.22657,1.2286692857142856,27.492857142857396,time_exit,-6.500000000000394,-0.2909846713432177,-0.318264484281643,-0.3455442972200683
control,train,2021-01-05,2021-01-06,2021-01-07,USDJPY,,1,2021-01-07T17:00:00+00:00,2021-01-07T20:00:00+00:00,103.818,103.88,103.61035714285714,20.764285714285894,time_exit,6.199999999999761,0.22635018919847297,0.19023047815616162,0.15411076711385027
candidate,train,2021-01-06,2021-01-07,2021-01-08,GBPUSD,0.0091283636796049,-1,2021-01-08T17:00:00+00:00,2021-01-08T20:00:00+00:00,1.35846,1.35791,1.362063214285714,36.032142857141956,time_exit,5.5000000000005045,0.09713549410250429,0.06938249578750706,0.04162949747250984
control,train,2021-01-06,2021-01-07,2021-01-08,USDJPY,,1,2021-01-08T17:00:00+00:00,2021-01-08T20:00:00+00:00,103.887,103.986,103.66510714285714,22.18928571428569,time_exit,9.900000000000375,0.37856108160310764,0.3447609850314031,0.3109608884596986
candidate,train,2021-01-07,2021-01-08,2021-01-11,EURUSD,0.003553473151866715,-1,2021-01-11T17:00:00+00:00,2021-01-11T18:00:00+00:00,1.21375,1.2163535714285716,1.2163535714285716,26.03571428571475,stop,-26.03571428571483,-1.0576131687242818,-1.0864197530864212,-1.1152263374485607
control,train,2021-01-07,2021-01-08,2021-01-11,EURUSD,,-1,2021-01-11T17:00:00+00:00,2021-01-11T18:00:00+00:00,1.21375,1.2163535714285716,1.2163535714285716,26.03571428571475,stop,-26.03571428571483,-1.0576131687242818,-1.0864197530864212,-1.1152263374485607
candidate,train,2021-01-08,2021-01-11,2021-01-12,GBPUSD,0.008266692492874705,-1,2021-01-12T17:00:00+00:00,2021-01-12T18:00:00+00:00,1.3599999999999999,1.3635475,1.3635475,35.47499999999973,stop,-35.475000000000364,-1.0563777307963538,-1.0845665961945217,-1.1127554615926896
control,train,2021-01-08,2021-01-11,2021-01-12,EURUSD,,-1,2021-01-12T17:00:00+00:00,2021-01-12T19:00:00+00:00,1.21512,1.217655,1.217655,25.350000000000016,stop,-25.34999999999954,-1.0591715976331173,-1.0887573964496853,-1.1183431952662533
candidate,train,2021-01-11,2021-01-12,2021-01-13,GBPUSD,0.04923465362158752,1,2021-01-13T17:00:00+00:00,2021-01-13T19:00:00+00:00,1.36472,1.3618421428571428,1.3618421428571428,28.778571428571063,stop,-28.778571428571542,-1.0694961528915539,-1.1042442293373225,-1.138992305783091
control,train,2021-01-11,2021-01-12,2021-01-13,GBPUSD,,1,2021-01-13T17:00:00+00:00,2021-01-13T19:00:00+00:00,1.36472,1.3618421428571428,1.3618421428571428,28.778571428571063,stop,-28.778571428571542,-1.0694961528915539,-1.1042442293373225,-1.138992305783091
candidate,train,2021-01-12,2021-01-13,2021-01-14,GBPUSD,0.008023436018492536,1,2021-01-14T17:00:00+00:00,2021-01-14T20:00:00+00:00,1.36511,1.36889,1.3620585714285716,30.514285714285304,time_exit,37.799999999998946,1.1732209737827528,1.1404494382022279,1.1076779026217032
control,train,2021-01-12,2021-01-13,2021-01-14,USDJPY,,-1,2021-01-14T17:00:00+00:00,2021-01-14T20:00:00+00:00,104.089,103.65,104.2459642857143,15.69642857142891,time_exit,43.899999999999295,2.7012514220704316,2.6534698521045623,2.605688282138693
candidate,train,2021-01-13,2021-01-14,2021-01-15,EURUSD,0.002690396741483303,1,2021-01-15T17:00:00+00:00,2021-01-15T20:00:00+00:00,1.20973,1.20938,1.2077328571428572,19.97142857142856,time_exit,-3.5000000000007248,-0.2503576537911666,-0.28791130185983616,-0.3254649499285057
control,train,2021-01-13,2021-01-14,2021-01-15,GBPUSD,,1,2021-01-15T17:00:00+00:00,2021-01-15T20:00:00+00:00,1.35999,1.36051,1.3571410714285714,28.48928571428536,time_exit,5.20000000000076,0.11232292841923328,0.07722201328823121,0.04212109815722914
candidate,train,2021-01-14,2021-01-15,2021-01-19,USDJPY,0.013024617045124254,1,2021-01-19T17:00:00+00:00,2021-01-19T18:00:00+00:00,103.997,103.84914285714285,103.84914285714285,14.785714285714391,stop,-14.785714285714846,-1.1014492753623488,-1.152173913043508,-1.202898550724667
control,train,2021-01-14,2021-01-15,2021-01-19,GBPUSD,,-1,2021-01-19T17:00:00+00:00,2021-01-19T20:00:00+00:00,1.3615,1.36257,1.3637285714285714,22.285714285714686,time_exit,-10.700000000001264,-0.5698717948718414,-0.6147435897436354,-0.6596153846154295
candidate,train,2021-01-19,2021-01-20,2021-01-21,USDJPY,0.016612780821490647,-1,2021-01-21T17:00:00+00:00,2021-01-21T20:00:00+00:00,103.572,103.55,103.72628571428572,15.428571428571402,time_exit,2.200000000000557,0.04537037037040655,-0.00324074074070464,-0.05185185185181584
control,train,2021-01-19,2021-01-20,2021-01-21,USDJPY,,-1,2021-01-21T17:00:00+00:00,2021-01-21T20:00:00+00:00,103.572,103.55,103.72628571428572,15.428571428571402,time_exit,2.200000000000557,0.04537037037040655,-0.00324074074070464,-0.05185185185181584
candidate,train,2021-01-20,2021-01-21,2021-01-22,GBPUSD,0.028220908303859593,1,2021-01-22T17:00:00+00:00,2021-01-22T20:00:00+00:00,1.36618,1.36789,1.3630525,31.274999999999807,time_exit,17.100000000001003,0.4828137490008344,0.45083932853720515,0.41886490807357585
control,train,2021-01-20,2021-01-21,2021-01-22,GBPUSD,,1,2021-01-22T17:00:00+00:00,2021-01-22T20:00:00+00:00,1.36618,1.36789,1.3630525,31.274999999999807,time_exit,17.100000000001003,0.4828137490008344,0.45083932853720515,0.41886490807357585
candidate,train,2021-01-21,2021-01-22,2021-01-25,USDJPY,0.003983344254851584,1,2021-01-25T17:00:00+00:00,2021-01-25T17:00:00+00:00,103.907,103.7915,103.7915,11.54999999999988,stop,-11.549999999999727,-1.129870129870118,-1.1948051948051837,-1.2597402597402492
control,train,2021-01-21,2021-01-22,2021-01-25,GBPUSD,,-1,2021-01-25T17:00:00+00:00,2021-01-25T20:00:00+00:00,1.36581,1.36697,1.36872,29.099999999999604,time_exit,-11.600000000000499,-0.46735395189005785,-0.5017182130584432,-0.5360824742268285
candidate,train,2021-01-22,2021-01-25,2021-01-26,GBPUSD,0.004661633165328638,-1,2021-01-26T17:00:00+00:00,2021-01-26T20:00:00+00:00,1.37246,1.37316,1.375645357142857,31.853571428571225,time_exit,-6.999999999999229,-0.2825428859737415,-0.31393653997082654,-0.34533019396791165
control,train,2021-01-22,2021-01-25,2021-01-26,EURUSD,,-1,2021-01-26T17:00:00+00:00,2021-01-26T20:00:00+00:00,1.21596,1.21573,1.2180267857142857,20.667857142856697,time_exit,2.2999999999995246,0.03870744772764329,0.0024192154829561436,-0.033869016761731006
candidate,train,2021-01-25,2021-01-26,2021-01-27,GBPUSD,0.02178554196162419,1,2021-01-27T17:00:00+00:00,2021-01-27T20:00:00+00:00,1.3678,1.37126,1.364565357142857,32.34642857142897,time_exit,34.600000000000186,1.0078392403665606,0.9769239262448871,0.9460086121232136
control,train,2021-01-25,2021-01-26,2021-01-27,GBPUSD,,1,2021-01-27T17:00:00+00:00,2021-01-27T20:00:00+00:00,1.3678,1.37126,1.364565357142857,32.34642857142897,time_exit,34.600000000000186,1.0078392403665606,0.9769239262448871,0.9460086121232136
candidate,train,2021-01-26,2021-01-27,2021-01-28,USDJPY,0.007372477802599198,1,2021-01-28T17:00:00+00:00,2021-01-28T20:00:00+00:00,104.352,104.274,104.20896428571429,14.303571428571058,time_exit,-7.800000000000296,-0.6501872659176405,-0.7026217228464808,-0.7550561797753211
control,train,2021-01-26,2021-01-27,2021-01-28,EURUSD,,-1,2021-01-28T17:00:00+00:00,2021-01-28T20:00:00+00:00,1.21295,1.21252,1.2156017857142858,26.517857142857192,time_exit,4.299999999999304,0.10558922558919916,0.07730639730637093,0.0490235690235427
candidate,train,2021-01-27,2021-01-28,2021-01-29,USDJPY,0.028060309948888085,1,2021-01-29T17:00:00+00:00,2021-01-29T20:00:00+00:00,104.765,104.703,104.58853571428573,17.64642857142802,time_exit,-6.199999999999761,-0.4363489172232342,-0.4788504351345895,-0.5213519530459448
control,train,2021-01-27,2021-01-28,2021-01-29,USDJPY,,1,2021-01-29T17:00:00+00:00,2021-01-29T20:00:00+00:00,104.765,104.703,104.58853571428573,17.64642857142802,time_exit,-6.199999999999761,-0.4363489172232342,-0.4788504351345895,-0.5213519530459448
candidate,train,2021-01-28,2021-01-29,2021-02-01,GBPUSD,0.021163715678727213,-1,2021-02-01T17:00:00+00:00,2021-02-01T20:00:00+00:00,1.3675899999999999,1.36756,1.3708310714285712,32.41071428571345,time_exit,0.29999999999752447,-0.052451790633686546,-0.08330578512404546,-0.11415977961440438
control,train,2021-01-28,2021-01-29,2021-02-01,USDJPY,,1,2021-02-01T17:00:00+00:00,2021-02-01T20:00:00+00:00,104.974,104.996,104.83878571428572,13.521428571428117,time_exit,2.199999999999136,0.05176967776010688,-0.0036978341257903843,-0.05916534601168765
candidate,train,2021-01-29,2021-02-01,2021-02-02,GBPUSD,0.028006206848893322,-1,2021-02-02T17:00:00+00:00,2021-02-02T18:00:00+00:00,1.36154,1.3646192857142858,1.3646192857142858,30.7928571428576,stop,-30.7928571428584,-1.0649501275806326,-1.097425191370936,-1.1299002551612394
control,train,2021-01-29,2021-02-01,2021-02-02,EURUSD,,-1,2021-02-02T17:00:00+00:00,2021-02-02T20:00:00+00:00,1.20232,1.20191,1.204669642857143,23.49642857142905,time_exit,4.100000000000215,0.1106551147590888,0.0787353701170466,0.04681562547500438
candidate,train,2021-02-03,2021-02-04,2021-02-05,GBPUSD,0.027693135531181357,1,2021-02-05T17:00:00+00:00,2021-02-05T20:00:00+00:00,1.3719999999999999,1.37331,1.369435,25.650000000000315,time_exit,13.100000000001444,0.4327485380117469,0.3937621832359189,0.3547758284600909
control,train,2021-02-03,2021-02-04,2021-02-05,EURUSD,,-1,2021-02-05T17:00:00+00:00,2021-02-05T19:00:00+00:00,1.20211,1.2041371428571428,1.2041371428571428,20.27142857142886,stop,-20.27142857142783,-1.0739957716701385,-1.110993657505233,-1.1479915433403276
candidate,train,2021-02-04,2021-02-05,2021-02-08,USDJPY,0.006351739379209409,-1,2021-02-08T17:00:00+00:00,2021-02-08T20:00:00+00:00,105.371,105.187,105.50160714285714,13.06071428571483,time_exit,18.39999999999975,1.2939567951872388,1.2365326770576268,1.1791085589280148
control,train,2021-02-04,2021-02-05,2021-02-08,EURUSD,,1,2021-02-08T17:00:00+00:00,2021-02-08T18:00:00+00:00,1.20564,1.2037660714285714,1.2037660714285714,18.739285714285717,stop,-18.739285714286513,-1.0800457404231414,-1.1200686106346909,-1.1600914808462404
candidate,train,2021-02-05,2021-02-08,2021-02-09,GBPUSD,0.005852346391053143,1,2021-02-09T17:00:00+00:00,2021-02-09T20:00:00+00:00,1.37887,1.37976,1.3764110714285716,24.58928571428574,time_exit,8.900000000000574,0.28061002178651545,0.2399419026870238,0.19927378358753223
control,train,2021-02-05,2021-02-08,2021-02-09,USDJPY,,-1,2021-02-09T17:00:00+00:00,2021-02-09T20:00:00+00:00,104.6,104.563,104.76617857142857,16.61785714285686,time_exit,3.699999999999193,0.13238770685574563,0.08725553406399762,0.04212336127224959
candidate,train,2021-02-08,2021-02-09,2021-02-10,GBPUSD,0.024935553039246328,1,2021-02-10T17:00:00+00:00,2021-02-10T20:00:00+00:00,1.38432,1.3851499999999999,1.3820785714285715,22.414285714284816,time_exit,8.299999999998864,0.28107074569785734,0.2364563416188243,0.19184193753979129
control,train,2021-02-08,2021-02-09,2021-02-10,USDJPY,,-1,2021-02-10T17:00:00+00:00,2021-02-10T20:00:00+00:00,104.661,104.632,104.84742857142857,18.642857142856936,time_exit,2.899999999999636,0.07509578544059435,0.034865900383122636,-0.005363984674349075
candidate,train,2021-02-09,2021-02-10,2021-02-11,GBPUSD,0.014832400921442446,1,2021-02-11T17:00:00+00:00,2021-02-11T20:00:00+00:00,1.38135,1.38114,1.3791525,21.97499999999979,time_exit,-2.100000000000435,-0.18657565415246755,-0.23208191126282066,-0.2775881683731738
control,train,2021-02-09,2021-02-10,2021-02-11,GBPUSD,,1,2021-02-11T17:00:00+00:00,2021-02-11T20:00:00+00:00,1.38135,1.38114,1.3791525,21.97499999999979,time_exit,-2.100000000000435,-0.18657565415246755,-0.23208191126282066,-0.2775881683731738
candidate,train,2021-02-10,2021-02-11,2021-02-12,EURUSD,0.0024204431158836304,-1,2021-02-12T17:00:00+00:00,2021-02-12T17:00:00+00:00,1.2092,1.210919642857143,1.210919642857143,17.196428571429177,stop,-17.19642857142878,-1.0872274143301919,-1.1308411214952994,-1.1744548286604068
control,train,2021-02-10,2021-02-11,2021-02-12,GBPUSD,,-1,2021-02-12T17:00:00+00:00,2021-02-12T17:00:00+00:00,1.38201,1.3843992857142857,1.3843992857142857,23.892857142857366,stop,-23.892857142857604,-1.0837070254110706,-1.1255605381166007,-1.167414050822131
candidate,train,2021-02-11,2021-02-12,2021-02-16,GBPUSD,0.004316979734499959,1,2021-02-16T17:00:00+00:00,2021-02-16T20:00:00+00:00,1.38696,1.39133,1.3840007142857143,29.592857142857593,time_exit,43.69999999999985,1.4091238233164107,1.375331885107384,1.3415399468983573
control,train,2021-02-11,2021-02-12,2021-02-16,GBPUSD,,1,2021-02-16T17:00:00+00:00,2021-02-16T20:00:00+00:00,1.38696,1.39133,1.3840007142857143,29.592857142857593,time_exit,43.69999999999985,1.4091238233164107,1.375331885107384,1.3415399468983573
candidate,train,2021-02-12,2021-02-16,2021-02-17,USDJPY,0.05309956656830317,1,2021-02-17T17:00:00+00:00,2021-02-17T20:00:00+00:00,105.921,105.791,105.70317857142858,21.78214285714272,time_exit,-13.000000000000966,-0.6656828988359232,-0.7001147729136412,-0.7345466469913591
control,train,2021-02-12,2021-02-16,2021-02-17,USDJPY,,1,2021-02-17T17:00:00+00:00,2021-02-17T20:00:00+00:00,105.921,105.791,105.70317857142858,21.78214285714272,time_exit,-13.000000000000966,-0.6656828988359232,-0.7001147729136412,-0.7345466469913591
candidate,train,2021-02-16,2021-02-17,2021-02-18,USDJPY,0.004513046518279884,-1,2021-02-18T17:00:00+00:00,2021-02-18T20:00:00+00:00,105.835,105.651,105.99271428571429,15.771428571428661,time_exit,18.39999999999975,1.0715579710144707,1.0240036231883842,0.9764492753622974
control,train,2021-02-16,2021-02-17,2021-02-18,EURUSD,,-1,2021-02-18T17:00:00+00:00,2021-02-18T20:00:00+00:00,1.20705,1.20819,1.2089153571428572,18.653571428571823,time_exit,-11.400000000001409,-0.6915565766801298,-0.7317633543940865,-0.7719701321080431
candidate,train,2021-02-17,2021-02-18,2021-02-19,GBPUSD,0.020881506716325715,1,2021-02-19T17:00:00+00:00,2021-02-19T20:00:00+00:00,1.4019599999999999,1.40232,1.3991057142857142,28.542857142856903,time_exit,3.60000000000138,0.05605605605610487,0.021021021021069543,-0.014014014013965789
control,train,2021-02-17,2021-02-18,2021-02-19,GBPUSD,,1,2021-02-19T17:00:00+00:00,2021-02-19T20:00:00+00:00,1.4019599999999999,1.40232,1.3991057142857142,28.542857142856903,time_exit,3.60000000000138,0.05605605605610487,0.021021021021069543,-0.014014014013965789
candidate,train,2021-02-18,2021-02-19,2021-02-22,GBPUSD,0.01882333955783011,1,2021-02-22T17:00:00+00:00,2021-02-22T20:00:00+00:00,1.4047,1.4082,1.4017589285714287,29.41071428571402,time_exit,34.999999999998366,1.1220400728596995,1.0880388585306162,1.0540376442015327
control,train,2021-02-18,2021-02-19,2021-02-22,GBPUSD,,1,2021-02-22T17:00:00+00:00,2021-02-22T20:00:00+00:00,1.4047,1.4082,1.4017589285714287,29.41071428571402,time_exit,34.999999999998366,1.1220400728596995,1.0880388585306162,1.0540376442015327
candidate,train,2021-02-19,2021-02-22,2021-02-23,EURUSD,0.011539740653550679,1,2021-02-23T17:00:00+00:00,2021-02-23T20:00:00+00:00,1.21422,1.2146,1.2124360714285716,17.83928571428577,time_exit,3.7999999999982492,0.1289289289288304,0.08688688688678849,0.044844844844746566
control,train,2021-02-19,2021-02-22,2021-02-23,GBPUSD,,1,2021-02-23T17:00:00+00:00,2021-02-23T20:00:00+00:00,1.40685,1.40917,1.4040428571428571,28.07142857142881,time_exit,23.200000000000998,0.7552162849873064,0.7195928753180956,0.6839694656488846
candidate,train,2021-02-22,2021-02-23,2021-02-24,GBPUSD,0.007638896806485107,1,2021-02-24T17:00:00+00:00,2021-02-24T20:00:00+00:00,1.4116900000000001,1.41012,1.4066853571428573,50.04642857142884,time_exit,-15.700000000000713,-0.35367159066582265,-0.37365303646615083,-0.393634482266479
control,train,2021-02-22,2021-02-23,2021-02-24,EURUSD,,-1,2021-02-24T17:00:00+00:00,2021-02-24T20:00:00+00:00,1.21322,1.21418,1.2153017857142856,20.817857142856965,time_exit,-9.600000000000719,-0.5331960885229418,-0.569222851260976,-0.6052496139990103
candidate,train,2021-02-23,2021-02-24,2021-02-25,USDJPY,0.020306507138921237,1,2021-02-25T17:00:00+00:00,2021-02-25T20:00:00+00:00,106.101,106.321,105.91767857142857,18.332142857143147,time_exit,21.999999999999886,1.118254432105957,1.0773426845898852,1.0364309370738134
control,train,2021-02-23,2021-02-24,2021-02-25,USDJPY,,1,2021-02-25T17:00:00+00:00,2021-02-25T20:00:00+00:00,106.101,106.321,105.91767857142857,18.332142857143147,time_exit,21.999999999999886,1.118254432105957,1.0773426845898852,1.0364309370738134
candidate,train,2021-02-24,2021-02-25,2021-02-26,EURUSD,0.02697898254648834,1,2021-02-26T17:00:00+00:00,2021-02-26T18:00:00+00:00,1.21249,1.2095135714285714,1.2095135714285714,29.764285714285624,stop,-29.764285714286576,-1.0503959683225663,-1.0755939524838334,-1.1007919366451007
control,train,2021-02-24,2021-02-25,2021-02-26,EURUSD,,1,2021-02-26T17:00:00+00:00,2021-02-26T18:00:00+00:00,1.21249,1.2095135714285714,1.2095135714285714,29.764285714285624,stop,-29.764285714286576,-1.0503959683225663,-1.0755939524838334,-1.1007919366451007
candidate,train,2021-02-25,2021-02-26,2021-03-01,USDJPY,0.007688683286215969,1,2021-03-01T17:00:00+00:00,2021-03-01T20:00:00+00:00,106.636,106.781,106.48364285714285,15.235714285713797,time_exit,14.500000000001023,0.8532583216128465,0.80403187998134,0.7548054383498335
control,train,2021-02-25,2021-02-26,2021-03-01,EURUSD,,-1,2021-03-01T17:00:00+00:00,2021-03-01T20:00:00+00:00,1.20408,1.20408,1.2063975,23.174999999999322,time_exit,-0.0,-0.06472491909385303,-0.09708737864077954,-0.12944983818770606
candidate,train,2021-03-01,2021-03-02,2021-03-03,USDJPY,0.01369320371718552,-1,2021-03-03T17:00:00+00:00,2021-03-03T20:00:00+00:00,107.054,106.955,107.19157142857144,13.757142857142924,time_exit,9.900000000000375,0.6105919003115508,0.5560747663551647,0.5015576323987787
control,train,2021-03-01,2021-03-02,2021-03-03,GBPUSD,,1,2021-03-03T17:00:00+00:00,2021-03-03T20:00:00+00:00,1.39514,1.3971,1.391585,35.54999999999999,time_exit,19.599999999999618,0.4950773558368389,0.4669479606188361,0.43881856540083325
candidate,train,2021-03-02,2021-03-03,2021-03-04,USDJPY,0.008903393428598694,1,2021-03-04T17:00:00+00:00,2021-03-04T20:00:00+00:00,107.447,107.789,107.31296428571429,13.403571428571482,time_exit,34.199999999999875,2.439648281374881,2.3836930455635303,2.3277378097521795
control,train,2021-03-02,2021-03-03,2021-03-04,USDJPY,,1,2021-03-04T17:00:00+00:00,2021-03-04T20:00:00+00:00,107.447,107.789,107.31296428571429,13.403571428571482,time_exit,34.199999999999875,2.439648281374881,2.3836930455635303,2.3277378097521795
candidate,train,2021-03-03,2021-03-04,2021-03-05,USDJPY,0.04326570776542504,1,2021-03-05T17:00:00+00:00,2021-03-05T20:00:00+00:00,108.318,108.282,108.036,28.199999999999747,time_exit,-3.6000000000001364,-0.18085106382979368,-0.207446808510645,-0.2340425531914963
control,train,2021-03-03,2021-03-04,2021-03-05,USDJPY,,1,2021-03-05T17:00:00+00:00,2021-03-05T20:00:00+00:00,108.318,108.282,108.036,28.199999999999747,time_exit,-3.6000000000001364,-0.18085106382979368,-0.207446808510645,-0.2340425531914963
candidate,train,2021-03-04,2021-03-05,2021-03-08,USDJPY,0.016200242828043665,1,2021-03-08T17:00:00+00:00,2021-03-08T20:00:00+00:00,108.814,108.882,108.64792857142857,16.60714285714252,time_exit,6.800000000001205,0.3191397849463156,0.273978494623734,0.2288172043011525
control,train,2021-03-04,2021-03-05,2021-03-08,GBPUSD,,-1,2021-03-08T17:00:00+00:00,2021-03-08T20:00:00+00:00,1.38279,1.38379,1.3866085714285714,38.18571428571418,time_exit,-10.000000000001119,-0.31425364758701113,-0.3404414515525929,-0.36662925551817477
candidate,train,2021-03-05,2021-03-08,2021-03-09,USDJPY,0.01124677235407101,1,2021-03-09T17:00:00+00:00,2021-03-09T20:00:00+00:00,108.661,108.526,108.40010714285715,26.089285714285587,time_exit,-13.500000000000512,-0.5749486652977637,-0.6036960985626508,-0.6324435318275381
control,train,2021-03-05,2021-03-08,2021-03-09,USDJPY,,1,2021-03-09T17:00:00+00:00,2021-03-09T20:00:00+00:00,108.661,108.526,108.40010714285715,26.089285714285587,time_exit,-13.500000000000512,-0.5749486652977637,-0.6036960985626508,-0.6324435318275381
candidate,train,2021-03-08,2021-03-09,2021-03-10,GBPUSD,0.10147441981368743,1,2021-03-10T17:00:00+00:00,2021-03-10T20:00:00+00:00,1.39121,1.39042,1.3875725,36.3750000000004,time_exit,-7.900000000000684,-0.2721649484536241,-0.2996563573883317,-0.32714776632303927
control,train,2021-03-08,2021-03-09,2021-03-10,GBPUSD,,1,2021-03-10T17:00:00+00:00,2021-03-10T20:00:00+00:00,1.39121,1.39042,1.3875725,36.3750000000004,time_exit,-7.900000000000684,-0.2721649484536241,-0.2996563573883317,-0.32714776632303927
candidate,train,2021-03-09,2021-03-10,2021-03-11,EURUSD,0.02970735055362761,1,2021-03-11T17:00:00+00:00,2021-03-11T20:00:00+00:00,1.19368,1.19722,1.1913839285714287,22.960714285714587,time_exit,35.39999999999876,1.4764349043396374,1.4437704153055735,1.4111059262715095
control,train,2021-03-09,2021-03-10,2021-03-11,EURUSD,,1,2021-03-11T17:00:00+00:00,2021-03-11T20:00:00+00:00,1.19368,1.19722,1.1913839285714287,22.960714285714587,time_exit,35.39999999999876,1.4764349043396374,1.4437704153055735,1.4111059262715095
candidate,train,2021-03-10,2021-03-11,2021-03-12,GBPUSD,0.0869158771959826,1,2021-03-12T17:00:00+00:00,2021-03-12T20:00:00+00:00,1.38893,1.39215,1.3854392857142857,34.907142857142915,time_exit,32.2,0.8651524452629411,0.8365050133005921,0.807857581338243
control,train,2021-03-10,2021-03-11,2021-03-12,GBPUSD,,1,2021-03-12T17:00:00+00:00,2021-03-12T20:00:00+00:00,1.38893,1.39215,1.3854392857142857,34.907142857142915,time_exit,32.2,0.8651524452629411,0.8365050133005921,0.807857581338243
candidate,train,2021-03-11,2021-03-12,2021-03-15,EURUSD,0.001343073756087776,-1,2021-03-15T17:00:00+00:00,2021-03-15T20:00:00+00:00,1.19278,1.19276,1.1949442857142856,21.64285714285714,time_exit,0.1999999999990898,-0.06006600660070213,-0.09471947194723679,-0.12937293729377145
control,train,2021-03-11,2021-03-12,2021-03-15,USDJPY,,1,2021-03-15T17:00:00+00:00,2021-03-15T20:00:00+00:00,109.185,109.144,109.00510714285714,17.989285714285735,time_exit,-4.099999999999682,-0.3112964065912069,-0.3529878896168173,-0.39467937264242775
candidate,train,2021-03-12,2021-03-15,2021-03-16,GBPUSD,0.016727373835673465,-1,2021-03-16T17:00:00+00:00,2021-03-16T20:00:00+00:00,1.38891,1.3892,1.391925,30.150000000000293,time_exit,-2.8999999999990145,-0.16252072968487452,-0.19568822553893722,-0.22885572139299992
control,train,2021-03-12,2021-03-15,2021-03-16,GBPUSD,,-1,2021-03-16T17:00:00+00:00,2021-03-16T20:00:00+00:00,1.38891,1.3892,1.391925,30.150000000000293,time_exit,-2.8999999999990145,-0.16252072968487452,-0.19568822553893722,-0.22885572139299992
candidate,train,2021-03-15,2021-03-16,2021-03-17,USDJPY,0.017661583699319472,-1,2021-03-17T17:00:00+00:00,2021-03-17T20:00:00+00:00,109.223,109.251,109.34717857142857,12.41785714285675,time_exit,-2.80000000000058,-0.3462755248778258,-0.40667241875185706,-0.4670693126258883
control,train,2021-03-15,2021-03-16,2021-03-17,EURUSD,,-1,2021-03-17T17:00:00+00:00,2021-03-17T20:00:00+00:00,1.19077,1.1914500000000001,1.1925882142857143,18.182142857142544,time_exit,-6.800000000000139,-0.4564918483598662,-0.49774111176587754,-0.5389903751718889
candidate,train,2021-03-17,2021-03-18,2021-03-19,USDJPY,0.015476859904013374,-1,2021-03-19T17:00:00+00:00,2021-03-19T20:00:00+00:00,108.915,108.871,109.13153571428572,21.653571428571286,time_exit,4.400000000001114,0.13392709879602793,0.09929078014189607,0.06465446148776423
control,train,2021-03-17,2021-03-18,2021-03-19,GBPUSD,,1,2021-03-19T17:00:00+00:00,2021-03-19T20:00:00+00:00,1.38528,1.38805,1.3814014285714287,38.78571428571429,time_exit,27.69999999999939,0.6626151012891186,0.6368324125230045,0.6110497237568903
candidate,train,2021-03-18,2021-03-19,2021-03-22,USDJPY,0.026496249315862253,-1,2021-03-22T17:00:00+00:00,2021-03-22T20:00:00+00:00,108.762,108.759,108.9230357142857,16.103571428570973,time_exit,0.30000000000001137,-0.07451763140386035,-0.1210911510312735,-0.16766467065868668
control,train,2021-03-18,2021-03-19,2021-03-22,GBPUSD,,-1,2021-03-22T17:00:00+00:00,2021-03-22T19:00:00+00:00,1.38371,1.3869103571428572,1.3869103571428572,32.00357142857173,stop,-32.003571428571576,-1.0624930253319886,-1.0937395379979855,-1.1249860506639824
candidate,train,2021-03-19,2021-03-22,2021-03-23,EURUSD,0.0064448047607890135,1,2021-03-23T17:00:00+00:00,2021-03-23T20:00:00+00:00,1.18737,1.18571,1.1853278571428572,20.42142857142841,time_exit,-16.599999999999948,-0.8863238894718477,-0.9230500174886371,-0.9597761455054264
control,train,2021-03-19,2021-03-22,2021-03-23,EURUSD,,1,2021-03-23T17:00:00+00:00,2021-03-23T20:00:00+00:00,1.18737,1.18571,1.1853278571428572,20.42142857142841,time_exit,-16.599999999999948,-0.8863238894718477,-0.9230500174886371,-0.9597761455054264
candidate,train,2021-03-22,2021-03-23,2021-03-24,GBPUSD,0.014069752114278522,-1,2021-03-24T17:00:00+00:00,2021-03-24T20:00:00+00:00,1.3719299999999999,1.3712,1.3753542857142855,34.242857142857375,time_exit,7.299999999998974,0.15477680433872576,0.12557363370877186,0.09637046307881794
control,train,2021-03-22,2021-03-23,2021-03-24,GBPUSD,,-1,2021-03-24T17:00:00+00:00,2021-03-24T20:00:00+00:00,1.3719299999999999,1.3712,1.3753542857142855,34.242857142857375,time_exit,7.299999999998974,0.15477680433872576,0.12557363370877186,0.09637046307881794
candidate,train,2021-03-23,2021-03-24,2021-03-25,USDJPY,0.008961209607612375,1,2021-03-25T17:00:00+00:00,2021-03-25T20:00:00+00:00,109.097,109.127,108.95825,13.874999999999257,time_exit,3.0000000000001137,0.10810810810812209,0.05405405405406514,8.193645961918711e-15
control,train,2021-03-23,2021-03-24,2021-03-25,GBPUSD,,-1,2021-03-25T17:00:00+00:00,2021-03-25T20:00:00+00:00,1.37189,1.37375,1.3750335714285715,31.435714285714198,time_exit,-18.599999999999728,-0.6553056123608203,-0.6871165644171712,-0.718927516473522
candidate,train,2021-03-24,2021-03-25,2021-03-26,USDJPY,0.007239846932477478,1,2021-03-26T17:00:00+00:00,2021-03-26T20:00:00+00:00,109.69,109.679,109.52810714285714,16.189285714285667,time_exit,-1.099999999999568,-0.16060004412086504,-0.20692697992496842,-0.2532539157290718
control,train,2021-03-24,2021-03-25,2021-03-26,EURUSD,,-1,2021-03-26T17:00:00+00:00,2021-03-26T20:00:00+00:00,1.17902,1.17904,1.1805264285714285,15.064285714285434,time_exit,-0.20000000000131024,-0.11284969179714929,-0.16263632053114738,-0.21242294926514546
candidate,train,2021-03-25,2021-03-26,2021-03-29,USDJPY,0.03512405556610876,1,2021-03-29T17:00:00+00:00,2021-03-29T20:00:00+00:00,109.734,109.742,109.56696428571428,16.7035714285714,time_exit,0.8000000000009777,-0.04190720547353572,-0.08680778276667242,-0.13170836005980913
control,train,2021-03-25,2021-03-26,2021-03-29,USDJPY,,1,2021-03-29T17:00:00+00:00,2021-03-29T20:00:00+00:00,109.734,109.742,109.56696428571428,16.7035714285714,time_exit,0.8000000000009777,-0.04190720547353572,-0.08680778276667242,-0.13170836005980913
candidate,train,2021-03-26,2021-03-29,2021-03-30,GBPUSD,0.01803486206495175,-1,2021-03-30T17:00:00+00:00,2021-03-30T20:00:00+00:00,1.37195,1.3718,1.3751621428571428,32.121428571427984,time_exit,1.500000000000945,-0.015565932844089166,-0.046697798532326334,-0.0778296642205635
control,train,2021-03-26,2021-03-29,2021-03-30,EURUSD,,-1,2021-03-30T17:00:00+00:00,2021-03-30T20:00:00+00:00,1.17188,1.1718600000000001,1.173839642857143,19.59642857142848,time_exit,0.1999999999990898,-0.06633861855299009,-0.10461089848738064,-0.1428831784217712
candidate,train,2021-03-29,2021-03-30,2021-03-31,USDJPY,0.005239498315011248,1,2021-03-31T17:00:00+00:00,2021-03-31T17:00:00+00:00,110.731,110.4667857142857,110.4667857142857,26.421428571428507,stop,-26.421428571428862,-1.0567721005677346,-1.085158150851595,-1.1135442011354557
control,train,2021-03-29,2021-03-30,2021-03-31,GBPUSD,,-1,2021-03-31T17:00:00+00:00,2021-03-31T19:00:00+00:00,1.37815,1.3811489285714285,1.3811489285714285,29.989285714285195,stop,-29.98928571428472,-1.0666904846969008,-1.1000357270453591,-1.1333809693938175
candidate,train,2021-03-30,2021-03-31,2021-04-01,GBPUSD,0.005227888748238874,1,2021-04-01T17:00:00+00:00,2021-04-01T20:00:00+00:00,1.38145,1.38175,1.3786975000000001,27.525000000000226,time_exit,2.9999999999996696,0.036330608537680706,-1.2003719241723665e-14,-0.036330608537704714
control,train,2021-03-30,2021-03-31,2021-04-01,GBPUSD,,1,2021-04-01T17:00:00+00:00,2021-04-01T20:00:00+00:00,1.38145,1.38175,1.3786975000000001,27.525000000000226,time_exit,2.9999999999996696,0.036330608537680706,-1.2003719241723665e-14,-0.036330608537704714
candidate,train,2021-03-31,2021-04-01,2021-04-02,GBPUSD,0.011539720257829567,1,2021-04-02T17:00:00+00:00,2021-04-02T20:00:00+00:00,1.38297,1.3819,1.3812567857142857,17.13214285714375,time_exit,-10.700000000001264,-0.7412966437357033,-0.7996664582030756,-0.858036272670448
control,train,2021-03-31,2021-04-01,2021-04-02,EURUSD,,1,2021-04-02T17:00:00+00:00,2021-04-02T20:00:00+00:00,1.1767400000000001,1.17593,1.175242142857143,14.978571428571538,time_exit,-8.100000000001994,-0.6409155937054217,-0.6909871244636474,-0.7410586552218731
candidate,train,2021-04-01,2021-04-02,2021-04-05,USDJPY,0.0032929202215237208,1,2021-04-05T17:00:00+00:00,2021-04-05T17:00:00+00:00,110.256,110.12517857142856,110.12517857142856,13.082142857143047,stop,-13.082142857143708,-1.1146601146601636,-1.17199017199022,-1.2293202293202765
control,train,2021-04-01,2021-04-02,2021-04-05,EURUSD,,-1,2021-04-05T17:00:00+00:00,2021-04-05T17:00:00+00:00,1.17967,1.181434642857143,1.181434642857143,17.646428571428796,stop,-17.646428571429507,-1.0850030358227472,-1.1275045537341006,-1.1700060716454541
candidate,train,2021-04-02,2021-04-05,2021-04-06,GBPUSD,0.02739550844386973,1,2021-04-06T17:00:00+00:00,2021-04-06T20:00:00+00:00,1.38435,1.38212,1.3810864285714286,32.63571428571446,time_exit,-22.299999999999542,-0.7445830597504746,-0.775224337929507,-0.8058656161085395
control,train,2021-04-02,2021-04-05,2021-04-06,GBPUSD,,1,2021-04-06T17:00:00+00:00,2021-04-06T20:00:00+00:00,1.38435,1.38212,1.3810864285714286,32.63571428571446,time_exit,-22.299999999999542,-0.7445830597504746,-0.775224337929507,-0.8058656161085395
candidate,train,2021-04-05,2021-04-06,2021-04-07,EURUSD,0.003912686945995558,1,2021-04-07T17:00:00+00:00,2021-04-07T20:00:00+00:00,1.18915,1.18824,1.1874185714285714,17.314285714285422,time_exit,-9.099999999999664,-0.6122112211221031,-0.6555280528052722,-0.6988448844884413
control,train,2021-04-05,2021-04-06,2021-04-07,GBPUSD,,-1,2021-04-07T17:00:00+00:00,2021-04-07T17:00:00+00:00,1.3738299999999999,1.3776442857142854,1.3776442857142854,38.14285714285651,stop,-38.142857142855476,-1.0524344569288127,-1.0786516853932324,-1.1048689138576524
candidate,train,2021-04-06,2021-04-07,2021-04-08,GBPUSD,0.03472587828512075,-1,2021-04-08T17:00:00+00:00,2021-04-08T20:00:00+00:00,1.3756,1.37396,1.3785239285714286,29.239285714285753,time_exit,16.399999999998638,0.4924880908757314,0.458287529009358,0.4240869671429845
control,train,2021-04-06,2021-04-07,2021-04-08,GBPUSD,,-1,2021-04-08T17:00:00+00:00,2021-04-08T20:00:00+00:00,1.3756,1.37396,1.3785239285714286,29.239285714285753,time_exit,16.399999999998638,0.4924880908757314,0.458287529009358,0.4240869671429845
candidate,train,2021-04-07,2021-04-08,2021-04-09,USDJPY,0.006455338418989154,-1,2021-04-09T17:00:00+00:00,2021-04-09T20:00:00+00:00,109.76,109.636,109.95982142857143,19.98214285714265,time_exit,12.400000000000944,0.5454870420018402,0.5079535299374965,0.470420017873153
control,train,2021-04-07,2021-04-08,2021-04-09,USDJPY,,-1,2021-04-09T17:00:00+00:00,2021-04-09T20:00:00+00:00,109.76,109.636,109.95982142857143,19.98214285714265,time_exit,12.400000000000944,0.5454870420018402,0.5079535299374965,0.470420017873153
candidate,train,2021-04-08,2021-04-09,2021-04-12,GBPUSD,0.014979670447250237,-1,2021-04-12T17:00:00+00:00,2021-04-12T20:00:00+00:00,1.37472,1.37424,1.3777510714285714,30.31071428571421,time_exit,4.8000000000003595,0.09237657593968454,0.05938494167551572,0.026393307411346913
control,train,2021-04-08,2021-04-09,2021-04-12,USDJPY,,1,2021-04-12T17:00:00+00:00,2021-04-12T20:00:00+00:00,109.435,109.404,109.25382142857143,18.117857142856863,time_exit,-3.100000000000591,-0.2538931598659936,-0.29528878375718287,-0.33668440764837215
candidate,train,2021-04-12,2021-04-13,2021-04-14,GBPUSD,0.01872351495485125,-1,2021-04-14T17:00:00+00:00,2021-04-14T20:00:00+00:00,1.37791,1.37957,1.3809507142857143,30.40714285714222,time_exit,-16.599999999999948,-0.6116983791402507,-0.6445853887714471,-0.6774723984026435
control,train,2021-04-12,2021-04-13,2021-04-14,EURUSD,,1,2021-04-14T17:00:00+00:00,2021-04-14T20:00:00+00:00,1.19573,1.19849,1.194197857142857,15.321428571428072,time_exit,27.600000000000957,1.7034965034966214,1.654545454545571,1.6055944055945204
candidate,train,2021-04-13,2021-04-14,2021-04-15,GBPUSD,0.031523842804150215,1,2021-04-15T17:00:00+00:00,2021-04-15T20:00:00+00:00,1.37847,1.37859,1.3755075,29.625000000000423,time_exit,1.1999999999989797,-0.027004219409316757,-0.06075949367091965,-0.09451476793252254
control,train,2021-04-13,2021-04-14,2021-04-15,GBPUSD,,1,2021-04-15T17:00:00+00:00,2021-04-15T20:00:00+00:00,1.37847,1.37859,1.3755075,29.625000000000423,time_exit,1.1999999999989797,-0.027004219409316757,-0.06075949367091965,-0.09451476793252254
candidate,train,2021-04-14,2021-04-15,2021-04-16,EURUSD,0.0009399959104074984,-1,2021-04-16T17:00:00+00:00,2021-04-16T20:00:00+00:00,1.19784,1.19807,1.1998114285714285,19.714285714285445,time_exit,-2.2999999999995246,-0.19275362318838432,-0.2307971014492544,-0.2688405797101245
control,train,2021-04-14,2021-04-15,2021-04-16,USDJPY,,-1,2021-04-16T17:00:00+00:00,2021-04-16T20:00:00+00:00,108.862,108.782,109.02378571428571,16.178571428571786,time_exit,7.9999999999998295,0.4017660044149916,0.3554083885209529,0.3090507726269142
candidate,train,2021-04-15,2021-04-16,2021-04-19,GBPUSD,0.02498770290211505,1,2021-04-19T17:00:00+00:00,2021-04-19T20:00:00+00:00,1.39629,1.39856,1.392707142857143,35.828571428570854,time_exit,22.699999999999942,0.5777511961722565,0.5498405103668333,0.5219298245614102
control,train,2021-04-15,2021-04-16,2021-04-19,GBPUSD,,1,2021-04-19T17:00:00+00:00,2021-04-19T20:00:00+00:00,1.39629,1.39856,1.392707142857143,35.828571428570854,time_exit,22.699999999999942,0.5777511961722565,0.5498405103668333,0.5219298245614102
candidate,train,2021-04-16,2021-04-19,2021-04-20,GBPUSD,0.03722686118309504,1,2021-04-20T17:00:00+00:00,2021-04-20T20:00:00+00:00,1.39565,1.39392,1.3931825,24.67500000000011,time_exit,-17.300000000000093,-0.7821681864235058,-0.822695035460993,-0.8632218844984801
control,train,2021-04-16,2021-04-19,2021-04-20,GBPUSD,,1,2021-04-20T17:00:00+00:00,2021-04-20T20:00:00+00:00,1.39565,1.39392,1.3931825,24.67500000000011,time_exit,-17.300000000000093,-0.7821681864235058,-0.822695035460993,-0.8632218844984801
candidate,train,2021-04-19,2021-04-20,2021-04-21,GBPUSD,0.014860921759622059,-1,2021-04-21T17:00:00+00:00,2021-04-21T17:00:00+00:00,1.3906,1.3933846428571428,1.3933846428571428,27.84642857142805,stop,-27.846428571427495,-1.0718224958317115,-1.1077337437475774,-1.143644991663443
control,train,2021-04-19,2021-04-20,2021-04-21,GBPUSD,,-1,2021-04-21T17:00:00+00:00,2021-04-21T17:00:00+00:00,1.3906,1.3933846428571428,1.3933846428571428,27.84642857142805,stop,-27.846428571427495,-1.0718224958317115,-1.1077337437475774,-1.143644991663443
candidate,train,2021-04-20,2021-04-21,2021-04-22,EURUSD,0.00026547684770372726,-1,2021-04-22T17:00:00+00:00,2021-04-22T20:00:00+00:00,1.20303,1.20088,1.2053528571428571,23.228571428571342,time_exit,21.500000000000963,0.8610086100861455,0.8287207872079166,0.7964329643296877
control,train,2021-04-20,2021-04-21,2021-04-22,GBPUSD,,-1,2021-04-22T17:00:00+00:00,2021-04-22T20:00:00+00:00,1.3848,1.38431,1.3877175000000002,29.175000000000328,time_exit,4.900000000001015,0.0994001713796395,0.06512425021425855,0.030848329048877618
candidate,train,2021-04-22,2021-04-23,2021-04-26,EURUSD,0.010935111390401042,1,2021-04-26T17:00:00+00:00,2021-04-26T20:00:00+00:00,1.20667,1.2089,1.2048742857142858,17.95714285714202,time_exit,22.300000000001763,1.1583134447097783,1.1165473349245734,1.0747812251393687
control,train,2021-04-22,2021-04-23,2021-04-26,EURUSD,,1,2021-04-26T17:00:00+00:00,2021-04-26T20:00:00+00:00,1.20667,1.2089,1.2048742857142858,17.95714285714202,time_exit,22.300000000001763,1.1583134447097783,1.1165473349245734,1.0747812251393687
candidate,train,2021-04-23,2021-04-26,2021-04-27,GBPUSD,0.008036313652782567,1,2021-04-27T17:00:00+00:00,2021-04-27T20:00:00+00:00,1.39009,1.3905699999999999,1.3871735714285716,29.164285714285498,time_exit,4.799999999998139,0.09600783737441645,0.06171932402638779,0.027430810678359126
control,train,2021-04-23,2021-04-26,2021-04-27,GBPUSD,,1,2021-04-27T17:00:00+00:00,2021-04-27T20:00:00+00:00,1.39009,1.3905699999999999,1.3871735714285716,29.164285714285498,time_exit,4.799999999998139,0.09600783737441645,0.06171932402638779,0.027430810678359126
candidate,train,2021-04-26,2021-04-27,2021-04-28,GBPUSD,0.02272438987264702,1,2021-04-28T17:00:00+00:00,2021-04-28T20:00:00+00:00,1.3895,1.39146,1.3868803571428572,26.19642857142842,time_exit,19.599999999999618,0.6718473074301188,0.6336741649624976,0.5955010224948764
control,train,2021-04-26,2021-04-27,2021-04-28,USDJPY,,1,2021-04-28T17:00:00+00:00,2021-04-28T17:00:00+00:00,108.897,108.73114285714286,108.73114285714286,16.58571428571446,stop,-16.585714285714914,-1.0904392764858146,-1.1356589147287082,-1.1808785529716017
candidate,train,2021-04-27,2021-04-28,2021-04-29,GBPUSD,0.00961210505100607,1,2021-04-29T17:00:00+00:00,2021-04-29T20:00:00+00:00,1.39435,1.39423,1.3916017857142857,27.482142857142804,time_exit,-1.1999999999989797,-0.11643924626377077,-0.15282651072121073,-0.1892137751786507
control,train,2021-04-27,2021-04-28,2021-04-29,EURUSD,,1,2021-04-29T17:00:00+00:00,2021-04-29T20:00:00+00:00,1.21065,1.21178,1.2087739285714285,18.76071428571467,time_exit,11.300000000000754,0.522368170569228,0.4823910146583208,0.44241385874741357
candidate,train,2021-04-28,2021-04-29,2021-04-30,GBPUSD,0.0301710635422745,1,2021-04-30T17:00:00+00:00,2021-04-30T17:00:00+00:00,1.38765,1.3852200000000001,1.3852200000000001,24.300000000000274,stop,-24.299999999999322,-1.082304526748931,-1.1234567901234163,-1.1646090534979014
control,train,2021-04-28,2021-04-29,2021-04-30,GBPUSD,,1,2021-04-30T17:00:00+00:00,2021-04-30T17:00:00+00:00,1.38765,1.3852200000000001,1.3852200000000001,24.300000000000274,stop,-24.299999999999322,-1.082304526748931,-1.1234567901234163,-1.1646090534979014
candidate,train,2021-04-30,2021-05-03,2021-05-04,EURUSD,0.009242141428263295,1,2021-05-04T17:00:00+00:00,2021-05-04T18:00:00+00:00,1.2024,1.200657857142857,1.200657857142857,17.421428571428986,stop,-17.421428571429143,-1.086100861008617,-1.129151291512921,-1.172201722017225
control,train,2021-04-30,2021-05-03,2021-05-04,GBPUSD,,1,2021-05-04T17:00:00+00:00,2021-05-04T20:00:00+00:00,1.38533,1.3887399999999999,1.3825025,28.275000000000144,time_exit,34.09999999999913,1.1352785145888227,1.0999115826701669,1.064544650751511
candidate,train,2021-05-03,2021-05-04,2021-05-05,USDJPY,0.016496355224178583,1,2021-05-05T17:00:00+00:00,2021-05-05T20:00:00+00:00,109.258,109.298,109.1032857142857,15.471428571428447,time_exit,4.000000000000625,0.1615881809788044,0.1131117266851752,0.06463527239154601
control,train,2021-05-03,2021-05-04,2021-05-05,EURUSD,,-1,2021-05-05T17:00:00+00:00,2021-05-05T20:00:00+00:00,1.1998199999999999,1.19939,1.201542857142857,17.22857142857224,time_exit,4.299999999999304,0.16252072968486075,0.11898839137640509,0.07545605306794943
candidate,train,2021-05-04,2021-05-05,2021-05-06,GBPUSD,0.020677602209800083,1,2021-05-06T17:00:00+00:00,2021-05-06T20:00:00+00:00,1.38951,1.38862,1.3861210714285714,33.88928571428624,time_exit,-8.900000000000574,-0.32163557803773984,-0.3511434292338612,-0.3806512804299826
control,train,2021-05-04,2021-05-05,2021-05-06,EURUSD,,-1,2021-05-06T17:00:00+00:00,2021-05-06T20:00:00+00:00,1.20622,1.20499,1.2082364285714287,20.164285714284823,time_exit,12.300000000000644,0.535600425079758,0.4984059511158882,0.4612114771520183
candidate,train,2021-05-05,2021-05-06,2021-05-07,GBPUSD,0.02384357384261193,-1,2021-05-07T17:00:00+00:00,2021-05-07T17:00:00+00:00,1.39418,1.39712,1.39712,29.40000000000014,stop,-29.399999999999427,-1.0680272108843292,-1.1020408163265056,-1.1360544217686823
control,train,2021-05-05,2021-05-06,2021-05-07,EURUSD,,1,2021-05-07T17:00:00+00:00,2021-05-07T20:00:00+00:00,1.21211,1.2151,1.2093403571428571,27.696428571428253,time_exit,29.90000000000048,1.0254029658285269,0.9983236621534782,0.9712443584784296
candidate,train,2021-05-06,2021-05-07,2021-05-10,GBPUSD,0.055326931870141705,1,2021-05-10T17:00:00+00:00,2021-05-10T20:00:00+00:00,1.41114,1.41426,1.407615,35.2500000000004,time_exit,31.200000000000117,0.8283687943262351,0.7999999999999943,0.7716312056737534
control,train,2021-05-06,2021-05-07,2021-05-10,EURUSD,,1,2021-05-10T17:00:00+00:00,2021-05-10T20:00:00+00:00,1.21593,1.2159200000000001,1.2138610714285714,20.689285714286363,time_exit,-0.09999999999843467,-0.07733471431029651,-0.11358536164328346,-0.14983600897627042
candidate,train,2021-05-07,2021-05-10,2021-05-11,GBPUSD,0.028542769639847032,1,2021-05-11T17:00:00+00:00,2021-05-11T20:00:00+00:00,1.41538,1.41643,1.4121078571428571,32.72142857142906,time_exit,10.499999999999954,0.25976860947390873,0.22920759659462517,0.19864658371534163
control,train,2021-05-07,2021-05-10,2021-05-11,GBPUSD,,1,2021-05-11T17:00:00+00:00,2021-05-11T20:00:00+00:00,1.41538,1.41643,1.4121078571428571,32.72142857142906,time_exit,10.499999999999954,0.25976860947390873,0.22920759659462517,0.19864658371534163
candidate,train,2021-05-10,2021-05-11,2021-05-12,USDJPY,0.0065438889585904825,-1,2021-05-12T17:00:00+00:00,2021-05-12T18:00:00+00:00,109.237,109.44785714285713,109.44785714285713,21.085714285714175,stop,-21.085714285713664,-1.07113821138209,-1.106707317073147,-1.1422764227642042
control,train,2021-05-10,2021-05-11,2021-05-12,USDJPY,,-1,2021-05-12T17:00:00+00:00,2021-05-12T18:00:00+00:00,109.237,109.44785714285713,109.44785714285713,21.085714285714175,stop,-21.085714285713664,-1.07113821138209,-1.106707317073147,-1.1422764227642042
candidate,train,2021-05-11,2021-05-12,2021-05-13,USDJPY,0.06545299481729328,1,2021-05-13T17:00:00+00:00,2021-05-13T20:00:00+00:00,109.53,109.465,109.30607142857143,22.392857142857178,time_exit,-6.499999999999773,-0.35725677830939917,-0.3907496012759063,-0.42424242424241343
control,train,2021-05-11,2021-05-12,2021-05-13,USDJPY,,1,2021-05-13T17:00:00+00:00,2021-05-13T20:00:00+00:00,109.53,109.465,109.30607142857143,22.392857142857178,time_exit,-6.499999999999773,-0.35725677830939917,-0.3907496012759063,-0.42424242424241343
candidate,train,2021-05-12,2021-05-13,2021-05-14,USDJPY,0.011563540980376485,-1,2021-05-14T17:00:00+00:00,2021-05-14T17:00:00+00:00,109.282,109.43982142857142,109.43982142857142,15.782142857142542,stop,-15.78214285714239,-1.095044127630678,-1.1425661914460217,-1.1900882552613654
control,train,2021-05-12,2021-05-13,2021-05-14,GBPUSD,,-1,2021-05-14T17:00:00+00:00,2021-05-14T20:00:00+00:00,1.41064,1.40968,1.4132810714285713,26.410714285713876,time_exit,9.599999999998499,0.28776200135221264,0.2498985801216509,0.2120351588910891
candidate,train,2021-05-13,2021-05-14,2021-05-17,EURUSD,0.027035807941333534,1,2021-05-17T17:00:00+00:00,2021-05-17T20:00:00+00:00,1.21467,1.21559,1.2127489285714284,19.21071428571476,time_exit,9.200000000000319,0.40081799591002715,0.36177728202268844,0.32273656813534973
control,train,2021-05-13,2021-05-14,2021-05-17,GBPUSD,,1,2021-05-17T17:00:00+00:00,2021-05-17T20:00:00+00:00,1.41001,1.41388,1.407364642857143,26.45357142857082,time_exit,38.7000000000004,1.3873363034967392,1.3495342243823871,1.311732145268035
candidate,train,2021-05-14,2021-05-17,2021-05-18,EURUSD,0.005126423535791735,1,2021-05-18T17:00:00+00:00,2021-05-18T20:00:00+00:00,1.22118,1.22167,1.219368214285714,18.1178571428576,time_exit,4.900000000001015,0.1876601616401065,0.14626453774891887,0.10486891385773127
control,train,2021-05-14,2021-05-17,2021-05-18,GBPUSD,,1,2021-05-18T17:00:00+00:00,2021-05-18T20:00:00+00:00,1.41956,1.41925,1.4169703571428571,25.896428571428597,time_exit,-3.1000000000003247,-0.19693835333058743,-0.23555371672873937,-0.27416908012689134
candidate,train,2021-05-17,2021-05-18,2021-05-19,GBPUSD,0.03264102015083381,1,2021-05-19T17:00:00+00:00,2021-05-19T17:00:00+00:00,1.41754,1.4147575,1.4147575,27.825000000000287,stop,-27.82500000000132,-1.0718778077269007,-1.1078167115903326,-1.1437556154537643
control,train,2021-05-17,2021-05-18,2021-05-19,EURUSD,,1,2021-05-19T17:00:00+00:00,2021-05-19T20:00:00+00:00,1.22289,1.22108,1.2206346428571428,22.553571428571203,time_exit,-18.100000000000893,-0.869041963578829,-0.9022961203484255,-0.9355502771180221
candidate,train,2021-05-18,2021-05-19,2021-05-20,USDJPY,0.0015918948704893854,-1,2021-05-20T17:00:00+00:00,2021-05-20T20:00:00+00:00,108.834,108.79,108.98957142857144,15.557142857142836,time_exit,4.399999999999693,0.1864095500458942,0.13820018365470957,0.08999081726352492
control,train,2021-05-18,2021-05-19,2021-05-20,GBPUSD,,-1,2021-05-20T17:00:00+00:00,2021-05-20T18:00:00+00:00,1.4144,1.4171942857142859,1.4171942857142859,27.94285714285701,stop,-27.94285714285749,-1.0715746421268069,-1.1073619631902016,-1.1431492842535966
candidate,train,2021-05-19,2021-05-20,2021-05-21,GBPUSD,0.011027912556809127,1,2021-05-21T17:00:00+00:00,2021-05-21T19:00:00+00:00,1.4171,1.4143432142857144,1.4143432142857144,27.56785714285646,stop,-27.567857142856145,-1.0725482575463046,-1.1088223863194626,-1.1450965150926207
control,train,2021-05-19,2021-05-20,2021-05-21,GBPUSD,,1,2021-05-21T17:00:00+00:00,2021-05-21T19:00:00+00:00,1.4171,1.4143432142857144,1.4143432142857144,27.56785714285646,stop,-27.567857142856145,-1.0725482575463046,-1.1088223863194626,-1.1450965150926207
candidate,train,2021-05-20,2021-05-21,2021-05-24,GBPUSD,0.005161539225944534,-1,2021-05-24T17:00:00+00:00,2021-05-24T20:00:00+00:00,1.41627,1.4156900000000001,1.4190589285714286,27.88928571428547,time_exit,5.799999999998029,0.13625304136246094,0.10039697784600525,0.06454091432954956
control,train,2021-05-20,2021-05-21,2021-05-24,EURUSD,,-1,2021-05-24T17:00:00+00:00,2021-05-24T20:00:00+00:00,1.22221,1.22152,1.2239832142857143,17.73214285714293,time_exit,6.900000000000794,0.30453172205442425,0.26223564954687156,0.21993957703931882
candidate,train,2021-05-21,2021-05-24,2021-05-25,EURUSD,0.010668453260764377,1,2021-05-25T17:00:00+00:00,2021-05-25T19:00:00+00:00,1.22477,1.2228510714285714,1.2228510714285714,19.189285714285337,stop,-19.18928571428502,-1.0781686208821737,-1.1172529313232689,-1.156337241764364
control,train,2021-05-21,2021-05-24,2021-05-25,EURUSD,,1,2021-05-25T17:00:00+00:00,2021-05-25T19:00:00+00:00,1.22477,1.2228510714285714,1.2228510714285714,19.189285714285337,stop,-19.18928571428502,-1.0781686208821737,-1.1172529313232689,-1.156337241764364
candidate,train,2021-05-24,2021-05-25,2021-05-26,EURUSD,0.008809061373666882,1,2021-05-26T17:00:00+00:00,2021-05-26T18:00:00+00:00,1.22282,1.2210789285714285,1.2210789285714285,17.410714285713915,stop,-17.410714285714946,-1.086153846153907,-1.1292307692308312,-1.1723076923077551
control,train,2021-05-24,2021-05-25,2021-05-26,EURUSD,,1,2021-05-26T17:00:00+00:00,2021-05-26T18:00:00+00:00,1.22282,1.2210789285714285,1.2210789285714285,17.410714285713915,stop,-17.410714285714946,-1.086153846153907,-1.1292307692308312,-1.1723076923077551
candidate,train,2021-05-25,2021-05-26,2021-05-27,USDJPY,0.011080440868424635,1,2021-05-27T17:00:00+00:00,2021-05-27T20:00:00+00:00,109.47,109.876,109.31453571428571,15.546428571428958,time_exit,40.60000000000059,2.5150470939581653,2.466804502641833,2.4185619113255004
control,train,2021-05-25,2021-05-26,2021-05-27,EURUSD,,-1,2021-05-27T17:00:00+00:00,2021-05-27T20:00:00+00:00,1.21974,1.21877,1.221939642857143,21.996428571428265,time_exit,9.700000000001374,0.37278779022575365,0.3386913459977941,0.30459490176983456
candidate,train,2021-05-26,2021-05-27,2021-05-28,USDJPY,0.058602952091441285,1,2021-05-28T17:00:00+00:00,2021-05-28T18:00:00+00:00,110.017,109.84364285714285,109.84364285714285,17.335714285714385,stop,-17.335714285714232,-1.0865265760197682,-1.1297898640296566,-1.1730531520395453
control,train,2021-05-26,2021-05-27,2021-05-28,USDJPY,,1,2021-05-28T17:00:00+00:00,2021-05-28T18:00:00+00:00,110.017,109.84364285714285,109.84364285714285,17.335714285714385,stop,-17.335714285714232,-1.0865265760197682,-1.1297898640296566,-1.1730531520395453
candidate,train,2021-05-27,2021-05-28,2021-06-01,USDJPY,0.017052694472049268,-1,2021-06-01T17:00:00+00:00,2021-06-01T20:00:00+00:00,109.545,109.434,109.6967142857143,15.171428571428692,time_exit,11.10000000000042,0.6327683615819436,0.5833333333333565,0.5338983050847692
control,train,2021-05-27,2021-05-28,2021-06-01,GBPUSD,,1,2021-06-01T17:00:00+00:00,2021-06-01T20:00:00+00:00,1.41788,1.41609,1.41473,31.499999999999382,time_exit,-17.899999999999583,-0.631746031746031,-0.6634920634920632,-0.6952380952380957
candidate,train,2021-05-28,2021-06-01,2021-06-02,GBPUSD,0.04145754883063102,-1,2021-06-02T17:00:00+00:00,2021-06-02T20:00:00+00:00,1.4169100000000001,1.41744,1.419475,25.64999999999984,time_exit,-5.299999999999194,-0.28460038986351816,-0.32358674463934683,-0.36257309941517557
control,train,2021-05-28,2021-06-01,2021-06-02,GBPUSD,,-1,2021-06-02T17:00:00+00:00,2021-06-02T20:00:00+00:00,1.4169100000000001,1.41744,1.419475,25.64999999999984,time_exit,-5.299999999999194,-0.28460038986351816,-0.32358674463934683,-0.36257309941517557
candidate,train,2021-06-01,2021-06-02,2021-06-03,USDJPY,0.005023668018243166,1,2021-06-03T17:00:00+00:00,2021-06-03T20:00:00+00:00,110.097,110.275,109.94614285714286,15.085714285714147,time_exit,17.80000000000115,1.0804924242425102,1.0307765151516008,0.9810606060606912
control,train,2021-06-01,2021-06-02,2021-06-03,EURUSD,,-1,2021-06-03T17:00:00+00:00,2021-06-03T20:00:00+00:00,1.21447,1.21204,1.2163557142857142,18.85714285714292,time_exit,24.299999999999322,1.209090909090869,1.169318181818142,1.1295454545454147
candidate,train,2021-06-02,2021-06-03,2021-06-04,USDJPY,0.03706546635799257,1,2021-06-04T17:00:00+00:00,2021-06-04T20:00:00+00:00,109.506,109.494,109.33339285714285,17.26071428571418,time_exit,-1.2000000000000455,-0.1564245810055902,-0.1998758535071423,-0.24332712600869438
control,train,2021-06-02,2021-06-03,2021-06-04,EURUSD,,-1,2021-06-04T17:00:00+00:00,2021-06-04T20:00:00+00:00,1.21801,1.21614,1.2201303571428572,21.20357142857164,time_exit,18.700000000000383,0.8111840997136701,0.7758127000168539,0.7404413003200376
candidate,train,2021-06-04,2021-06-07,2021-06-08,GBPUSD,0.03861235031697574,1,2021-06-08T17:00:00+00:00,2021-06-08T20:00:00+00:00,1.4123999999999999,1.4148100000000001,1.4100246428571426,23.753571428572165,time_exit,24.100000000002453,0.930386408059013,0.8882874755676595,0.8461885430763062
control,train,2021-06-04,2021-06-07,2021-06-08,EURUSD,,1,2021-06-08T17:00:00+00:00,2021-06-08T20:00:00+00:00,1.21827,1.2178200000000001,1.2167389285714285,15.310714285714193,time_exit,-4.499999999998394,-0.39188243526931665,-0.44086773967799436,-0.4898530440866721
candidate,train,2021-06-07,2021-06-08,2021-06-09,EURUSD,0.006721136154863583,-1,2021-06-09T17:00:00+00:00,2021-06-09T20:00:00+00:00,1.22149,1.21762,1.2227178571428572,12.278571428572407,time_exit,38.7000000000004,3.029668411867156,2.968586387434351,2.907504363001546
control,train,2021-06-07,2021-06-08,2021-06-09,GBPUSD,,-1,2021-06-09T17:00:00+00:00,2021-06-09T20:00:00+00:00,1.41424,1.41137,1.4167578571428572,25.178571428571747,time_exit,28.69999999999928,1.0604255319148517,1.0207092198581147,0.9809929078013775
candidate,train,2021-06-08,2021-06-09,2021-06-10,EURUSD,0.059705067003468004,-1,2021-06-10T17:00:00+00:00,2021-06-10T20:00:00+00:00,1.21822,1.21767,1.2205160714285714,22.96071428571435,time_exit,5.5000000000005045,0.17421060818169826,0.14154611914763396,0.10888163011356966
control,train,2021-06-08,2021-06-09,2021-06-10,GBPUSD,,-1,2021-06-10T17:00:00+00:00,2021-06-10T20:00:00+00:00,1.41527,1.41654,1.4182046428571429,29.346428571428127,time_exit,-12.699999999998823,-0.5009127418765648,-0.5349884386028644,-0.5690641353291641
candidate,train,2021-06-09,2021-06-10,2021-06-11,GBPUSD,0.13939404060139493,1,2021-06-11T17:00:00+00:00,2021-06-11T20:00:00+00:00,1.41244,1.4105400000000001,1.4102017857142857,22.382142857142938,time_exit,-18.999999999997907,-0.9382479655336513,-0.9829264400828772,-1.0276049146321031
control,train,2021-06-09,2021-06-10,2021-06-11,GBPUSD,,1,2021-06-11T17:00:00+00:00,2021-06-11T20:00:00+00:00,1.41244,1.4105400000000001,1.4102017857142857,22.382142857142938,time_exit,-18.999999999997907,-0.9382479655336513,-0.9829264400828772,-1.0276049146321031
candidate,train,2021-06-10,2021-06-11,2021-06-14,USDJPY,0.025497607304078684,1,2021-06-14T17:00:00+00:00,2021-06-14T20:00:00+00:00,109.911,110.016,109.78146428571428,12.953571428571614,time_exit,10.500000000000398,0.6947890818858768,0.636889991728723,0.5789909015715692
control,train,2021-06-10,2021-06-11,2021-06-14,EURUSD,,-1,2021-06-14T17:00:00+00:00,2021-06-14T20:00:00+00:00,1.21217,1.21221,1.213762142857143,15.921428571429388,time_exit,-0.40000000000040004,-0.11933602512339271,-0.16644235082998518,-0.21354867653657766
candidate,train,2021-06-11,2021-06-14,2021-06-15,USDJPY,0.028246377610049,1,2021-06-15T17:00:00+00:00,2021-06-15T20:00:00+00:00,110.1,110.109,109.97496428571428,12.503571428571291,time_exit,0.9000000000000341,-0.04798628963153165,-0.10796915167094961,-0.16795201371036758
control,train,2021-06-11,2021-06-14,2021-06-15,USDJPY,,1,2021-06-15T17:00:00+00:00,2021-06-15T20:00:00+00:00,110.1,110.109,109.97496428571428,12.503571428571291,time_exit,0.9000000000000341,-0.04798628963153165,-0.10796915167094961,-0.16795201371036758
candidate,train,2021-06-14,2021-06-15,2021-06-16,USDJPY,0.013127086269067778,1,2021-06-16T17:00:00+00:00,2021-06-16T20:00:00+00:00,109.932,109.889,109.83321428571429,9.878571428571245,time_exit,-4.300000000000637,-0.5871294287780942,-0.6630513376718049,-0.7389732465655157
control,train,2021-06-14,2021-06-15,2021-06-16,GBPUSD,,-1,2021-06-16T17:00:00+00:00,2021-06-16T20:00:00+00:00,1.41098,1.4102700000000001,1.412747857142857,17.67857142857186,time_exit,7.099999999997664,0.2884848484847093,0.2319191919190541,0.17535353535339893
candidate,train,2021-06-17,2021-06-18,2021-06-21,GBPUSD,0.040079070020492935,-1,2021-06-21T17:00:00+00:00,2021-06-21T19:00:00+00:00,1.38988,1.3931746428571428,1.3931746428571428,32.9464285714284,stop,-32.946428571427596,-1.0607046070460464,-1.0910569105690817,-1.1214092140921172
control,train,2021-06-17,2021-06-18,2021-06-21,GBPUSD,,-1,2021-06-21T17:00:00+00:00,2021-06-21T19:00:00+00:00,1.38988,1.3931746428571428,1.3931746428571428,32.9464285714284,stop,-32.946428571427596,-1.0607046070460464,-1.0910569105690817,-1.1214092140921172
candidate,train,2021-06-18,2021-06-21,2021-06-22,USDJPY,0.02169075476026605,-1,2021-06-22T17:00:00+00:00,2021-06-22T20:00:00+00:00,110.666,110.702,110.83314285714285,16.714285714285282,time_exit,-3.6000000000001364,-0.3051282051282212,-0.35000000000001724,-0.39487179487181323
control,train,2021-06-18,2021-06-21,2021-06-22,GBPUSD,,1,2021-06-22T17:00:00+00:00,2021-06-22T20:00:00+00:00,1.38934,1.39389,1.3865457142857143,27.942857142856777,time_exit,45.50000000000054,1.5567484662577085,1.5209611451943132,1.485173824130918
candidate,train,2021-06-21,2021-06-22,2021-06-23,USDJPY,0.06966352684936727,1,2021-06-23T17:00:00+00:00,2021-06-23T20:00:00+00:00,110.704,110.957,110.51114285714286,19.285714285714107,time_exit,25.30000000000001,1.234074074074086,1.195185185185197,1.1562962962963077
control,train,2021-06-21,2021-06-22,2021-06-23,USDJPY,,1,2021-06-23T17:00:00+00:00,2021-06-23T20:00:00+00:00,110.704,110.957,110.51114285714286,19.285714285714107,time_exit,25.30000000000001,1.234074074074086,1.195185185185197,1.1562962962963077
candidate,train,2021-06-22,2021-06-23,2021-06-24,USDJPY,0.01631575632898108,1,2021-06-24T17:00:00+00:00,2021-06-24T20:00:00+00:00,110.722,110.885,110.57167857142856,15.032142857142919,time_exit,16.30000000000109,0.984556901876999,0.9346638156332358,0.8847707293894727
control,train,2021-06-22,2021-06-23,2021-06-24,USDJPY,,1,2021-06-24T17:00:00+00:00,2021-06-24T20:00:00+00:00,110.722,110.885,110.57167857142856,15.032142857142919,time_exit,16.30000000000109,0.984556901876999,0.9346638156332358,0.8847707293894727
candidate,train,2021-06-23,2021-06-24,2021-06-25,USDJPY,0.014029670403436834,-1,2021-06-25T17:00:00+00:00,2021-06-25T17:00:00+00:00,110.536,110.66039285714285,110.66039285714285,12.439285714285273,stop,-12.43928571428512,-1.1205857019810428,-1.1808785529715704,-1.241171403962098
control,train,2021-06-23,2021-06-24,2021-06-25,GBPUSD,,-1,2021-06-25T17:00:00+00:00,2021-06-25T20:00:00+00:00,1.39269,1.39021,1.3948275,21.375000000001098,time_exit,24.800000000000377,1.0666666666666296,1.0198830409356379,0.973099415204646
candidate,train,2021-06-24,2021-06-25,2021-06-28,EURUSD,0.0004559200350884307,1,2021-06-28T17:00:00+00:00,2021-06-28T20:00:00+00:00,1.19263,1.19227,1.190689642857143,19.40357142857103,time_exit,-3.60000000000138,-0.2628382109332626,-0.3014908890116731,-0.3401435670900836
control,train,2021-06-24,2021-06-25,2021-06-28,GBPUSD,,-1,2021-06-28T17:00:00+00:00,2021-06-28T20:00:00+00:00,1.39124,1.38837,1.3942528571428572,30.128571428571583,time_exit,28.69999999999928,0.886201991465121,0.8530109056424564,0.8198198198197918
candidate,train,2021-06-25,2021-06-28,2021-06-29,EURUSD,0.00552190591560664,-1,2021-06-29T17:00:00+00:00,2021-06-29T18:00:00+00:00,1.18916,1.1909589285714286,1.1909589285714286,17.989285714285565,stop,-17.98928571428604,-1.0833829660512482,-1.125074449076859,-1.1667659321024697
control,train,2021-06-25,2021-06-28,2021-06-29,USDJPY,,-1,2021-06-29T17:00:00+00:00,2021-06-29T20:00:00+00:00,110.59,110.527,110.74985714285715,15.985714285714334,time_exit,6.300000000000239,0.30026809651475933,0.2533512064343305,0.20643431635390172
candidate,train,2021-06-28,2021-06-29,2021-06-30,USDJPY,0.008627353968892137,-1,2021-06-30T17:00:00+00:00,2021-06-30T17:00:00+00:00,110.68,110.82014285714287,110.82014285714287,14.014285714286093,stop,-14.014285714286245,-1.107033639143739,-1.1605504587156028,-1.2140672782874669
control,train,2021-06-28,2021-06-29,2021-06-30,GBPUSD,,-1,2021-06-30T17:00:00+00:00,2021-06-30T20:00:00+00:00,1.384,1.38006,1.3867257142857143,27.257142857143467,time_exit,39.39999999999832,1.372117400419195,1.3354297693919421,1.2987421383646893
candidate,train,2021-06-29,2021-06-30,2021-07-01,USDJPY,0.06565904306415682,1,2021-07-01T17:00:00+00:00,2021-07-01T20:00:00+00:00,111.393,111.571,111.24664285714286,14.63571428571413,time_exit,17.799999999999727,1.1137140068325946,1.0624694973157565,1.0112249877989183
control,train,2021-06-29,2021-06-30,2021-07-01,USDJPY,,1,2021-07-01T17:00:00+00:00,2021-07-01T20:00:00+00:00,111.393,111.571,111.24664285714286,14.63571428571413,time_exit,17.799999999999727,1.1137140068325946,1.0624694973157565,1.0112249877989183
candidate,train,2021-06-30,2021-07-01,2021-07-02,USDJPY,0.049616893142435226,1,2021-07-02T17:00:00+00:00,2021-07-02T20:00:00+00:00,111.247,111.218,111.07985714285715,16.714285714285435,time_exit,-2.899999999999636,-0.2632478632478459,-0.3081196581196415,-0.35299145299143714
control,train,2021-06-30,2021-07-01,2021-07-02,USDJPY,,1,2021-07-02T17:00:00+00:00,2021-07-02T20:00:00+00:00,111.247,111.218,111.07985714285715,16.714285714285435,time_exit,-2.899999999999636,-0.2632478632478459,-0.3081196581196415,-0.35299145299143714
candidate,train,2021-07-01,2021-07-02,2021-07-06,EURUSD,0.00027923834143939175,-1,2021-07-06T17:00:00+00:00,2021-07-06T20:00:00+00:00,1.18327,1.18146,1.1851578571428572,18.878571428571632,time_exit,18.100000000000893,0.8793038214150964,0.8395762391222479,0.7998486568293992
control,train,2021-07-01,2021-07-02,2021-07-06,GBPUSD,,1,2021-07-06T17:00:00+00:00,2021-07-06T17:00:00+00:00,1.38439,1.3818764285714287,1.3818764285714287,25.135714285714325,stop,-25.135714285713373,-1.079568059107663,-1.1193520886615136,-1.1591361182153639
candidate,train,2021-07-02,2021-07-06,2021-07-07,GBPUSD,0.034995397627607394,-1,2021-07-07T17:00:00+00:00,2021-07-07T20:00:00+00:00,1.38095,1.37967,1.3837282142857141,27.782142857143103,time_exit,12.799999999999478,0.38873891245659176,0.3527445687106093,0.31675022496462685
control,train,2021-07-02,2021-07-06,2021-07-07,USDJPY,,-1,2021-07-07T17:00:00+00:00,2021-07-07T20:00:00+00:00,110.697,110.672,110.90132142857144,20.43214285714312,time_exit,2.5000000000005684,0.048942492571256,0.012235623142834865,-0.02447124628558627
candidate,train,2021-07-06,2021-07-07,2021-07-08,GBPUSD,0.01485608170844932,1,2021-07-08T17:00:00+00:00,2021-07-08T18:00:00+00:00,1.37874,1.3758075,1.3758075,29.32499999999965,stop,-29.325000000000045,-1.0682011935209008,-1.1023017902813446,-1.1364023870417883
control,train,2021-07-06,2021-07-07,2021-07-08,GBPUSD,,1,2021-07-08T17:00:00+00:00,2021-07-08T18:00:00+00:00,1.37874,1.3758075,1.3758075,29.32499999999965,stop,-29.325000000000045,-1.0682011935209008,-1.1023017902813446,-1.1364023870417883
candidate,train,2021-07-07,2021-07-08,2021-07-09,GBPUSD,0.007958641519417053,-1,2021-07-09T17:00:00+00:00,2021-07-09T20:00:00+00:00,1.3853900000000001,1.38582,1.3881307142857144,27.407142857142784,time_exit,-4.299999999999304,-0.22986708365908393,-0.266353922335133,-0.3028407610111821
control,train,2021-07-07,2021-07-08,2021-07-09,USDJPY,,-1,2021-07-09T17:00:00+00:00,2021-07-09T20:00:00+00:00,110.142,110.199,110.34803571428571,20.603571428571602,time_exit,-5.700000000000216,-0.3494539781591339,-0.38585543421737595,-0.42225689027561797
candidate,train,2021-07-08,2021-07-09,2021-07-12,USDJPY,0.008736248727308826,1,2021-07-12T17:00:00+00:00,2021-07-12T20:00:00+00:00,110.335,110.378,110.16046428571428,17.45357142857133,time_exit,4.300000000000637,0.16042561898919228,0.1174544710456684,0.07448332310214453
control,train,2021-07-08,2021-07-09,2021-07-12,GBPUSD,,1,2021-07-12T17:00:00+00:00,2021-07-12T20:00:00+00:00,1.38792,1.3881299999999999,1.3853035714285715,26.164285714286304,time_exit,2.0999999999982144,0.00382200382193549,-0.034398034398101865,-0.07261807261813923
candidate,train,2021-07-09,2021-07-12,2021-07-13,USDJPY,0.0013293682054513756,1,2021-07-13T17:00:00+00:00,2021-07-13T20:00:00+00:00,110.416,110.421,110.25142857142856,16.457142857143026,time_exit,0.5000000000009663,-0.06076388888882955,-0.10633680555549574,-0.15190972222216195
control,train,2021-07-09,2021-07-12,2021-07-13,GBPUSD,,1,2021-07-13T17:00:00+00:00,2021-07-13T20:00:00+00:00,1.38357,1.38418,1.3809192857142858,26.5071428571426,time_exit,6.099999999999994,0.154675289679333,0.11694960926973953,0.07922392886014606
candidate,train,2021-07-12,2021-07-13,2021-07-14,GBPUSD,0.011072599421738216,-1,2021-07-14T17:00:00+00:00,2021-07-14T20:00:00+00:00,1.38801,1.38541,1.3906178571428571,26.078571428571216,time_exit,25.999999999999357,0.9202958093672795,0.8819501506436418,0.8436044919200041
control,train,2021-07-12,2021-07-13,2021-07-14,EURUSD,,-1,2021-07-14T17:00:00+00:00,2021-07-14T20:00:00+00:00,1.18225,1.18322,1.1838432142857143,15.93214285714303,time_exit,-9.699999999999154,-0.7029813943061487,-0.7500560412462961,-0.7971306881864435
candidate,train,2021-07-14,2021-07-15,2021-07-16,GBPUSD,0.009456556918821857,-1,2021-07-16T17:00:00+00:00,2021-07-16T20:00:00+00:00,1.38035,1.37781,1.3836810714285714,33.310714285714354,time_exit,25.399999999999867,0.7024766806046906,0.672456309638678,0.6424359386726655
control,train,2021-07-14,2021-07-15,2021-07-16,EURUSD,,-1,2021-07-16T17:00:00+00:00,2021-07-16T20:00:00+00:00,1.18021,1.1811099999999999,1.1818546428571428,16.44642857142878,time_exit,-8.999999999999009,-0.6384364820846222,-0.6840390879478139,-0.7296416938110054
candidate,train,2021-07-15,2021-07-16,2021-07-19,GBPUSD,0.01545394130883393,-1,2021-07-19T17:00:00+00:00,2021-07-19T20:00:00+00:00,1.37155,1.367,1.3747653571428573,32.153571428571524,time_exit,45.50000000000054,1.3528823725424985,1.3217816283461197,1.2906808841497408
control,train,2021-07-15,2021-07-16,2021-07-19,GBPUSD,,-1,2021-07-19T17:00:00+00:00,2021-07-19T20:00:00+00:00,1.37155,1.367,1.3747653571428573,32.153571428571524,time_exit,45.50000000000054,1.3528823725424985,1.3217816283461197,1.2906808841497408
candidate,train,2021-07-16,2021-07-19,2021-07-20,GBPUSD,0.060128707812598714,-1,2021-07-20T17:00:00+00:00,2021-07-20T20:00:00+00:00,1.36136,1.36293,1.3651464285714285,37.864285714286105,time_exit,-15.700000000000713,-0.4674589700056733,-0.49386908130542784,-0.5202791926051823
control,train,2021-07-16,2021-07-19,2021-07-20,GBPUSD,,-1,2021-07-20T17:00:00+00:00,2021-07-20T20:00:00+00:00,1.36136,1.36293,1.3651464285714285,37.864285714286105,time_exit,-15.700000000000713,-0.4674589700056733,-0.49386908130542784,-0.5202791926051823
candidate,train,2021-07-19,2021-07-20,2021-07-21,GBPUSD,0.02838623034976462,-1,2021-07-21T17:00:00+00:00,2021-07-21T20:00:00+00:00,1.36776,1.36982,1.3711692857142859,34.09285714285757,time_exit,-20.599999999999508,-0.6628954535931053,-0.6922271108317389,-0.7215587680703726
control,train,2021-07-19,2021-07-20,2021-07-21,USDJPY,,1,2021-07-21T17:00:00+00:00,2021-07-21T20:00:00+00:00,110.227,110.307,110.05632142857144,17.06785714285703,time_exit,7.9999999999998295,0.3808328102113338,0.3368905628792557,0.29294831554717754
candidate,train,2021-07-20,2021-07-21,2021-07-22,USDJPY,0.012343825239601758,1,2021-07-22T17:00:00+00:00,2021-07-22T20:00:00+00:00,110.172,110.125,110.01289285714286,15.910714285714434,time_exit,-4.699999999999704,-0.3896745230078341,-0.4368125701458808,-0.4839506172839275
control,train,2021-07-20,2021-07-21,2021-07-22,GBPUSD,,1,2021-07-22T17:00:00+00:00,2021-07-22T20:00:00+00:00,1.37668,1.37659,1.373707857142857,29.721428571428916,time_exit,-0.8999999999992347,-0.09757269887043696,-0.131218457101631,-0.16486421533282503
candidate,train,2021-07-21,2021-07-22,2021-07-23,EURUSD,0.0026191507958075455,-1,2021-07-23T17:00:00+00:00,2021-07-23T20:00:00+00:00,1.17648,1.17683,1.1781267857142856,16.467857142857255,time_exit,-3.5000000000007248,-0.303621774018693,-0.34916504012149036,-0.3947083062242877
control,train,2021-07-21,2021-07-22,2021-07-23,GBPUSD,,1,2021-07-23T17:00:00+00:00,2021-07-23T20:00:00+00:00,1.37512,1.37588,1.3727532142857142,23.667857142857795,time_exit,7.600000000000939,0.2366078165082571,0.1943564207032183,0.15210502489817945
candidate,train,2021-07-22,2021-07-23,2021-07-26,USDJPY,0.014369214534165842,1,2021-07-26T17:00:00+00:00,2021-07-26T20:00:00+00:00,110.312,110.321,110.15128571428572,16.07142857142842,time_exit,0.9000000000000341,-0.03733333333333156,-0.08399999999999867,-0.13066666666666577
control,train,2021-07-22,2021-07-23,2021-07-26,USDJPY,,1,2021-07-26T17:00:00+00:00,2021-07-26T20:00:00+00:00,110.312,110.321,110.15128571428572,16.07142857142842,time_exit,0.9000000000000341,-0.03733333333333156,-0.08399999999999867,-0.13066666666666577
candidate,train,2021-07-23,2021-07-26,2021-07-27,USDJPY,0.00569656690941045,-1,2021-07-27T17:00:00+00:00,2021-07-27T20:00:00+00:00,109.903,109.624,110.05600000000001,15.300000000000274,time_exit,27.900000000001057,1.7254901960784697,1.6764705882353332,1.6274509803921968
control,train,2021-07-23,2021-07-26,2021-07-27,GBPUSD,,1,2021-07-27T17:00:00+00:00,2021-07-27T20:00:00+00:00,1.38161,1.38848,1.3790792857142857,25.307142857142594,time_exit,68.69999999999932,2.635619531470506,2.5961049957663,2.556590460062094
candidate,train,2021-07-26,2021-07-27,2021-07-28,GBPUSD,0.007341513514688369,1,2021-07-28T17:00:00+00:00,2021-07-28T20:00:00+00:00,1.38496,1.3884699999999999,1.3822825,26.77499999999936,time_exit,35.09999999999902,1.2362278244631115,1.1988795518207205,1.1615312791783292
control,train,2021-07-26,2021-07-27,2021-07-28,USDJPY,,-1,2021-07-28T17:00:00+00:00,2021-07-28T20:00:00+00:00,110.202,110.045,110.36421428571428,16.221428571428376,time_exit,15.699999999999648,0.875385292822534,0.8291501541171172,0.7829150154117006
candidate,train,2021-07-28,2021-07-29,2021-07-30,GBPUSD,0.023736826553727886,1,2021-07-30T17:00:00+00:00,2021-07-30T17:00:00+00:00,1.3952499999999999,1.392840357142857,1.392840357142857,24.0964285714287,stop,-24.096428571429573,-1.0829998517860149,-1.124499777679004,-1.1659997035719933
control,train,2021-07-28,2021-07-29,2021-07-30,GBPUSD,,1,2021-07-30T17:00:00+00:00,2021-07-30T17:00:00+00:00,1.3952499999999999,1.392840357142857,1.392840357142857,24.0964285714287,stop,-24.096428571429573,-1.0829998517860149,-1.124499777679004,-1.1659997035719933
candidate,train,2021-07-29,2021-07-30,2021-08-02,EURUSD,8.635784307875483e-05,-1,2021-08-02T17:00:00+00:00,2021-08-02T20:00:00+00:00,1.18812,1.1869399999999999,1.1897828571428573,16.62857142857188,time_exit,11.800000000001809,0.6194158075602294,0.5743127147767255,0.5292096219932215
control,train,2021-07-29,2021-07-30,2021-08-02,GBPUSD,,-1,2021-08-02T17:00:00+00:00,2021-08-02T20:00:00+00:00,1.39084,1.38951,1.39324,23.999999999999975,time_exit,13.300000000000534,0.47083333333335603,0.42916666666668934,0.38750000000002266
candidate,train,2021-07-30,2021-08-02,2021-08-03,EURUSD,0.0014039381731236755,1,2021-08-03T17:00:00+00:00,2021-08-03T18:00:00+00:00,1.18692,1.185399642857143,1.185399642857143,15.203571428571346,stop,-15.203571428570317,-1.09866102889352,-1.1479915433403136,-1.1973220577871075
control,train,2021-07-30,2021-08-02,2021-08-03,USDJPY,,-1,2021-08-03T17:00:00+00:00,2021-08-03T18:00:00+00:00,108.904,109.05207142857142,109.05207142857142,14.807142857143063,stop,-14.807142857142708,-1.1013024602025796,-1.1519536903038812,-1.202604920405183
candidate,train,2021-08-02,2021-08-03,2021-08-04,EURUSD,0.0032172458650807645,-1,2021-08-04T17:00:00+00:00,2021-08-04T20:00:00+00:00,1.18922,1.18382,1.1910242857142856,18.042857142858058,time_exit,53.999999999998494,2.9097387173394367,2.868171021377443,2.82660332541545
control,train,2021-08-02,2021-08-03,2021-08-04,GBPUSD,,1,2021-08-04T17:00:00+00:00,2021-08-04T17:00:00+00:00,1.39482,1.3923792857142856,1.3923792857142856,24.407142857142404,stop,-24.407142857143516,-1.0819432250512615,-1.1229148375768696,-1.1638864501024777
candidate,train,2021-08-03,2021-08-04,2021-08-05,GBPUSD,0.009669759222443064,-1,2021-08-05T17:00:00+00:00,2021-08-05T17:00:00+00:00,1.39111,1.3939225,1.3939225,28.12499999999916,stop,-28.124999999998845,-1.071111111111102,-1.1066666666666587,-1.1422222222222154
control,train,2021-08-03,2021-08-04,2021-08-05,USDJPY,,1,2021-08-05T17:00:00+00:00,2021-08-05T20:00:00+00:00,109.696,109.738,109.52757142857143,16.842857142856868,time_exit,4.200000000000159,0.16030534351146244,0.11577608142494772,0.071246819338433
candidate,train,2021-08-04,2021-08-05,2021-08-06,EURUSD,0.004642926014959192,1,2021-08-06T17:00:00+00:00,2021-08-06T17:00:00+00:00,1.17741,1.1758242857142858,1.1758242857142858,15.857142857142538,stop,-15.857142857143014,-1.0945945945946265,-1.1418918918919247,-1.189189189189223
control,train,2021-08-04,2021-08-05,2021-08-06,GBPUSD,,1,2021-08-06T17:00:00+00:00,2021-08-06T17:00:00+00:00,1.38873,1.3866160714285716,1.3866160714285716,21.139285714285503,stop,-21.139285714284473,-1.0946105761107818,-1.141915864166197,-1.1892211522216123
candidate,train,2021-08-05,2021-08-06,2021-08-09,USDJPY,0.051376876642818425,1,2021-08-09T17:00:00+00:00,2021-08-09T20:00:00+00:00,110.105,110.272,109.99207142857144,11.292857142856707,time_exit,16.70000000000016,1.3459835547122734,1.2795698924731818,1.21315623023409
control,train,2021-08-05,2021-08-06,2021-08-09,EURUSD,,-1,2021-08-09T17:00:00+00:00,2021-08-09T20:00:00+00:00,1.17614,1.17422,1.1775232142857144,13.83214285714307,time_exit,19.199999999999218,1.279628195197445,1.2254066615026356,1.1711851278078262
candidate,train,2021-08-06,2021-08-09,2021-08-10,EURUSD,0.00550310503558582,-1,2021-08-10T17:00:00+00:00,2021-08-10T20:00:00+00:00,1.17163,1.17157,1.172910357142857,12.80357142857109,time_exit,0.5999999999994898,-0.07029288702933041,-0.12887029288707255,-0.18744769874481468
control,train,2021-08-06,2021-08-09,2021-08-10,GBPUSD,,-1,2021-08-10T17:00:00+00:00,2021-08-10T17:00:00+00:00,1.38435,1.3861457142857143,1.3861457142857143,17.95714285714345,stop,-17.95714285714345,-1.1113762927605373,-1.167064439140806,-1.2227525855210746
candidate,train,2021-08-09,2021-08-10,2021-08-11,USDJPY,0.05007946696008303,1,2021-08-11T17:00:00+00:00,2021-08-11T20:00:00+00:00,110.517,110.416,110.38757142857142,12.942857142857278,time_exit,-10.099999999999909,-0.8962472406180851,-0.9541942604856343,-1.0121412803531833
control,train,2021-08-09,2021-08-10,2021-08-11,USDJPY,,1,2021-08-11T17:00:00+00:00,2021-08-11T20:00:00+00:00,110.517,110.416,110.38757142857142,12.942857142857278,time_exit,-10.099999999999909,-0.8962472406180851,-0.9541942604856343,-1.0121412803531833
candidate,train,2021-08-10,2021-08-11,2021-08-12,USDJPY,0.01858939841563223,-1,2021-08-12T17:00:00+00:00,2021-08-12T20:00:00+00:00,110.485,110.401,110.5969642857143,11.19642857142874,time_exit,8.400000000000318,0.6162679425837512,0.5492822966507379,0.48229665071772454
control,train,2021-08-10,2021-08-11,2021-08-12,GBPUSD,,1,2021-08-12T17:00:00+00:00,2021-08-12T19:00:00+00:00,1.3838300000000001,1.3820160714285714,1.3820160714285714,18.139285714286068,stop,-18.139285714287023,-1.1102579247883948,-1.1653868871825657,-1.2205158495767368
candidate,train,2021-08-11,2021-08-12,2021-08-13,USDJPY,0.005019740821351482,-1,2021-08-13T17:00:00+00:00,2021-08-13T20:00:00+00:00,110.108,109.672,110.20207142857143,9.407142857143011,time_exit,43.600000000000705,4.475322703113138,4.395596051632501,4.315869400151865
control,train,2021-08-11,2021-08-12,2021-08-13,GBPUSD,,-1,2021-08-13T17:00:00+00:00,2021-08-13T18:00:00+00:00,1.3838599999999999,1.3854671428571428,1.3854671428571428,16.071428571428942,stop,-16.07142857142918,-1.1244444444444563,-1.1866666666666772,-1.248888888888898
candidate,train,2021-08-12,2021-08-13,2021-08-16,GBPUSD,0.0011151969895399905,1,2021-08-16T17:00:00+00:00,2021-08-16T20:00:00+00:00,1.38315,1.38456,1.3807832142857144,23.66785714285732,time_exit,14.099999999999113,0.5112418892409426,0.46899049343590293,0.42673909763086326
control,train,2021-08-12,2021-08-13,2021-08-16,USDJPY,,-1,2021-08-16T17:00:00+00:00,2021-08-16T20:00:00+00:00,109.169,109.239,109.34717857142857,17.817857142857108,time_exit,-7.000000000000739,-0.4770495089196656,-0.5191421126478677,-0.5612347163760698
candidate,train,2021-08-13,2021-08-16,2021-08-17,GBPUSD,0.00025706647167700325,-1,2021-08-17T17:00:00+00:00,2021-08-17T20:00:00+00:00,1.3755899999999999,1.37268,1.3779964285714283,24.06428571428563,time_exit,29.09999999999968,1.12615019293558,1.0845948352626797,1.0430394775897796
control,train,2021-08-13,2021-08-16,2021-08-17,USDJPY,,-1,2021-08-17T17:00:00+00:00,2021-08-17T17:00:00+00:00,109.438,109.62560714285715,109.62560714285715,18.760714285714183,stop,-18.76071428571464,-1.0799543118218409,-1.1199314677327492,-1.1599086236436575
candidate,train,2021-08-16,2021-08-17,2021-08-18,GBPUSD,0.02366117066540263,-1,2021-08-18T17:00:00+00:00,2021-08-18T20:00:00+00:00,1.37705,1.37489,1.379135,20.849999999999557,time_exit,21.600000000001618,0.940047961630793,0.8920863309353483,0.8441247002399037
control,train,2021-08-16,2021-08-17,2021-08-18,GBPUSD,,-1,2021-08-18T17:00:00+00:00,2021-08-18T20:00:00+00:00,1.37705,1.37489,1.379135,20.849999999999557,time_exit,21.600000000001618,0.940047961630793,0.8920863309353483,0.8441247002399037
candidate,train,2021-08-17,2021-08-18,2021-08-19,GBPUSD,0.0058748047310868134,1,2021-08-19T17:00:00+00:00,2021-08-19T17:00:00+00:00,1.36907,1.3666410714285715,1.3666410714285715,24.28928571428568,stop,-24.289285714285125,-1.0823408322305317,-1.123511248345809,-1.164681664461086
control,train,2021-08-17,2021-08-18,2021-08-19,USDJPY,,1,2021-08-19T17:00:00+00:00,2021-08-19T20:00:00+00:00,109.729,109.776,109.48739285714285,24.16071428571424,time_exit,4.699999999999704,0.13244641537323268,0.10140428677012839,0.07036215816702412
candidate,train,2021-08-18,2021-08-19,2021-08-20,GBPUSD,0.07453423039164031,-1,2021-08-20T17:00:00+00:00,2021-08-20T20:00:00+00:00,1.36296,1.36277,1.3651553571428572,21.953571428571315,time_exit,1.8999999999991246,-0.004555067512647674,-0.05010574263872567,-0.09565641776480367
control,train,2021-08-18,2021-08-19,2021-08-20,GBPUSD,,-1,2021-08-20T17:00:00+00:00,2021-08-20T20:00:00+00:00,1.36296,1.36277,1.3651553571428572,21.953571428571315,time_exit,1.8999999999991246,-0.004555067512647674,-0.05010574263872567,-0.09565641776480367
candidate,train,2021-08-19,2021-08-20,2021-08-23,GBPUSD,0.03647841594788659,-1,2021-08-23T17:00:00+00:00,2021-08-23T18:00:00+00:00,1.36975,1.3720417857142857,1.3720417857142857,22.917857142856924,stop,-22.917857142856768,-1.0872681938600532,-1.1309022907900832,-1.1745363877201134
control,train,2021-08-19,2021-08-20,2021-08-23,GBPUSD,,-1,2021-08-23T17:00:00+00:00,2021-08-23T18:00:00+00:00,1.36975,1.3720417857142857,1.3720417857142857,22.917857142856924,stop,-22.917857142856768,-1.0872681938600532,-1.1309022907900832,-1.1745363877201134
candidate,train,2021-08-24,2021-08-25,2021-08-26,USDJPY,0.0016247621985705507,1,2021-08-26T17:00:00+00:00,2021-08-26T18:00:00+00:00,110.171,110.00996428571429,110.00996428571429,16.103571428571733,stop,-16.103571428571684,-1.0931470392548188,-1.13972055888223,-1.1862940785096407
control,train,2021-08-24,2021-08-25,2021-08-26,USDJPY,,1,2021-08-26T17:00:00+00:00,2021-08-26T18:00:00+00:00,110.171,110.00996428571429,110.00996428571429,16.103571428571733,stop,-16.103571428571684,-1.0931470392548188,-1.13972055888223,-1.1862940785096407
candidate,train,2021-08-25,2021-08-26,2021-08-27,USDJPY,0.012217282835230936,1,2021-08-27T17:00:00+00:00,2021-08-27T17:00:00+00:00,110.152,110.00885714285714,110.00885714285714,14.314285714286306,stop,-14.314285714286257,-1.1047904191616689,-1.157185628742505,-1.209580838323341
control,train,2021-08-25,2021-08-26,2021-08-27,GBPUSD,,-1,2021-08-27T17:00:00+00:00,2021-08-27T17:00:00+00:00,1.3740700000000001,1.376419642857143,1.376419642857143,23.4964285714281,stop,-23.496428571427863,-1.0851193190454391,-1.1276789785681638,-1.1702386380908885
candidate,train,2021-08-26,2021-08-27,2021-08-30,GBPUSD,0.011556176577136146,1,2021-08-30T17:00:00+00:00,2021-08-30T20:00:00+00:00,1.37451,1.37549,1.3724860714285714,20.239285714285316,time_exit,9.80000000000203,0.38538909475923966,0.3359802364567859,0.28657137815433215
control,train,2021-08-26,2021-08-27,2021-08-30,GBPUSD,,1,2021-08-30T17:00:00+00:00,2021-08-30T20:00:00+00:00,1.37451,1.37549,1.3724860714285714,20.239285714285316,time_exit,9.80000000000203,0.38538909475923966,0.3359802364567859,0.28657137815433215
candidate,train,2021-08-27,2021-08-30,2021-08-31,EURUSD,0.0034126620049816925,-1,2021-08-31T17:00:00+00:00,2021-08-31T20:00:00+00:00,1.18208,1.1807,1.183655,15.74999999999993,time_exit,13.799999999999368,0.7809523809523443,0.7333333333332964,0.6857142857142486
control,train,2021-08-27,2021-08-30,2021-08-31,GBPUSD,,-1,2021-08-31T17:00:00+00:00,2021-08-31T17:00:00+00:00,1.37802,1.380477857142857,1.380477857142857,24.578571428571625,stop,-24.578571428570672,-1.0813716942748808,-1.1220575414123404,-1.1627433885498002
candidate,train,2021-08-30,2021-08-31,2021-09-01,USDJPY,0.004680445677836209,1,2021-09-01T17:00:00+00:00,2021-09-01T20:00:00+00:00,109.937,110.039,109.76514285714285,17.18571428571443,time_exit,10.200000000000387,0.5062344139651056,0.46259351620949496,0.4189526184538843
control,train,2021-08-30,2021-08-31,2021-09-01,EURUSD,,1,2021-09-01T17:00:00+00:00,2021-09-01T20:00:00+00:00,1.18437,1.18481,1.1827360714285713,16.339285714285698,time_exit,4.3999999999999595,0.17748633879781192,0.13158469945354956,0.08568306010928722
candidate,train,2021-08-31,2021-09-01,2021-09-02,GBPUSD,0.015061001695780174,1,2021-09-02T17:00:00+00:00,2021-09-02T20:00:00+00:00,1.3816899999999999,1.38317,1.3799071428571426,17.828571428572126,time_exit,14.800000000001479,0.7179487179487728,0.6618589743590314,0.60576923076929
control,train,2021-08-31,2021-09-01,2021-09-02,EURUSD,,1,2021-09-02T17:00:00+00:00,2021-09-02T20:00:00+00:00,1.18588,1.1865,1.1846510714285714,12.289285714285812,time_exit,6.200000000000649,0.3824469630921742,0.3214181923859846,0.260389421679795
candidate,train,2021-09-01,2021-09-02,2021-09-03,GBPUSD,0.009135086552279237,1,2021-09-03T17:00:00+00:00,2021-09-03T20:00:00+00:00,1.38523,1.38744,1.3830978571428572,21.3214285714286,time_exit,22.100000000000453,0.9427135678392159,0.8958123953099028,0.8489112227805895
control,train,2021-09-01,2021-09-02,2021-09-03,GBPUSD,,1,2021-09-03T17:00:00+00:00,2021-09-03T20:00:00+00:00,1.38523,1.38744,1.3830978571428572,21.3214285714286,time_exit,22.100000000000453,0.9427135678392159,0.8958123953099028,0.8489112227805895
candidate,train,2021-09-03,2021-09-07,2021-09-08,USDJPY,0.08352317880794713,1,2021-09-08T17:00:00+00:00,2021-09-08T20:00:00+00:00,110.318,110.28,110.17367857142857,14.432142857142644,time_exit,-3.7999999999996703,-0.36723583271465715,-0.41920316753277226,-0.47117050235088737
control,train,2021-09-03,2021-09-07,2021-09-08,GBPUSD,,-1,2021-09-08T17:00:00+00:00,2021-09-08T19:00:00+00:00,1.37629,1.3781832142857142,1.3781832142857142,18.9321428571427,stop,-18.932142857142065,-1.1056404451989863,-1.1584606677984963,-1.2112808903980063
candidate,train,2021-09-07,2021-09-08,2021-09-09,USDJPY,0.10971322396890204,1,2021-09-09T17:00:00+00:00,2021-09-09T19:00:00+00:00,109.863,109.73496428571428,109.73496428571428,12.803571428571658,stop,-12.803571428571558,-1.1171548117154713,-1.1757322175732108,-1.2343096234309503
control,train,2021-09-07,2021-09-08,2021-09-09,EURUSD,,-1,2021-09-09T17:00:00+00:00,2021-09-09T20:00:00+00:00,1.18154,1.18315,1.183312142857143,17.721428571428333,time_exit,-16.099999999998893,-0.9931479242240541,-1.0354695687222408,-1.0777912132204277
candidate,train,2021-09-08,2021-09-09,2021-09-10,USDJPY,0.07966407141566756,-1,2021-09-10T17:00:00+00:00,2021-09-10T20:00:00+00:00,109.876,109.927,109.99385714285715,11.785714285714224,time_exit,-5.100000000000193,-0.5600000000000194,-0.6236363636363833,-0.6872727272727472
control,train,2021-09-08,2021-09-09,2021-09-10,GBPUSD,,1,2021-09-10T17:00:00+00:00,2021-09-10T17:00:00+00:00,1.3869799999999999,1.3850792857142855,1.3850792857142855,19.00714285714319,stop,-19.007142857143666,-1.1052236001503426,-1.1578354002255014,-1.21044720030066
candidate,train,2021-09-09,2021-09-10,2021-09-13,EURUSD,0.017004549748623754,-1,2021-09-13T17:00:00+00:00,2021-09-13T18:00:00+00:00,1.18,1.1815267857142857,1.1815267857142857,15.267857142857482,stop,-15.267857142857721,-1.0982456140351013,-1.147368421052644,-1.1964912280701867
control,train,2021-09-09,2021-09-10,2021-09-13,USDJPY,,1,2021-09-13T17:00:00+00:00,2021-09-13T20:00:00+00:00,109.952,110.0,109.84367857142857,10.832142857142657,time_exit,4.800000000000182,0.30464886251238643,0.23541048466866607,0.16617210682494568
candidate,train,2021-09-10,2021-09-13,2021-09-14,EURUSD,0.025950522640643126,-1,2021-09-14T17:00:00+00:00,2021-09-14T20:00:00+00:00,1.18274,1.18219,1.1845957142857142,18.55714285714238,time_exit,5.499999999998284,0.21555042340253047,0.17513471901453867,0.13471901462654687
control,train,2021-09-10,2021-09-13,2021-09-14,GBPUSD,,-1,2021-09-14T17:00:00+00:00,2021-09-14T20:00:00+00:00,1.38798,1.38487,1.3908878571428571,29.078571428571603,time_exit,31.09999999999946,1.0007369196757308,0.9663473348071484,0.931957749938566
candidate,train,2021-09-13,2021-09-14,2021-09-15,GBPUSD,0.020569115973188223,1,2021-09-15T17:00:00+00:00,2021-09-15T17:00:00+00:00,1.38502,1.3828385714285714,1.3828385714285714,21.814285714285642,stop,-21.814285714285564,-1.0916830386378487,-1.1375245579567748,-1.183366077275701
control,train,2021-09-13,2021-09-14,2021-09-15,USDJPY,,-1,2021-09-15T17:00:00+00:00,2021-09-15T20:00:00+00:00,109.307,109.391,109.49600000000001,18.90000000000011,time_exit,-8.400000000000318,-0.5238095238095376,-0.5634920634920771,-0.6031746031746166
candidate,train,2021-09-16,2021-09-17,2021-09-20,GBPUSD,0.013501620473848952,-1,2021-09-20T17:00:00+00:00,2021-09-20T20:00:00+00:00,1.36823,1.36435,1.3710457142857144,28.157142857143178,time_exit,38.800000000001056,1.3069507864028638,1.2714358193810478,1.235920852359232
control,train,2021-09-16,2021-09-17,2021-09-20,GBPUSD,,-1,2021-09-20T17:00:00+00:00,2021-09-20T20:00:00+00:00,1.36823,1.36435,1.3710457142857144,28.157142857143178,time_exit,38.800000000001056,1.3069507864028638,1.2714358193810478,1.235920852359232
candidate,train,2021-09-17,2021-09-20,2021-09-21,GBPUSD,0.06217737989400485,-1,2021-09-21T17:00:00+00:00,2021-09-21T20:00:00+00:00,1.36652,1.3661400000000001,1.3688053571428571,22.85357142857079,time_exit,3.7999999999982492,0.07876230661033347,0.035005469604550095,-0.008751367401233284
control,train,2021-09-17,2021-09-20,2021-09-21,GBPUSD,,-1,2021-09-21T17:00:00+00:00,2021-09-21T20:00:00+00:00,1.36652,1.3661400000000001,1.3688053571428571,22.85357142857079,time_exit,3.7999999999982492,0.07876230661033347,0.035005469604550095,-0.008751367401233284
candidate,train,2021-09-20,2021-09-21,2021-09-22,GBPUSD,0.03797616189666697,1,2021-09-22T17:00:00+00:00,2021-09-22T20:00:00+00:00,1.3634,1.36531,1.3611542857142858,22.45714285714224,time_exit,19.100000000000783,0.7614503816794451,0.7169211195929298,0.6723918575064146
control,train,2021-09-20,2021-09-21,2021-09-22,GBPUSD,,1,2021-09-22T17:00:00+00:00,2021-09-22T20:00:00+00:00,1.3634,1.36531,1.3611542857142858,22.45714285714224,time_exit,19.100000000000783,0.7614503816794451,0.7169211195929298,0.6723918575064146
candidate,train,2021-09-21,2021-09-22,2021-09-23,GBPUSD,0.016558733810071447,-1,2021-09-23T17:00:00+00:00,2021-09-23T20:00:00+00:00,1.37336,1.37447,1.376590357142857,32.303571428571075,time_exit,-11.100000000001664,-0.4055279159757331,-0.43648424543952563,-0.4674405749033181
control,train,2021-09-21,2021-09-22,2021-09-23,USDJPY,,1,2021-09-23T17:00:00+00:00,2021-09-23T20:00:00+00:00,110.06,110.176,109.9115,14.85000000000041,time_exit,11.599999999999966,0.680134680134659,0.62962962962961,0.5791245791245608
candidate,train,2021-09-22,2021-09-23,2021-09-24,USDJPY,0.015632141877685246,1,2021-09-24T17:00:00+00:00,2021-09-24T20:00:00+00:00,110.683,110.75,110.52925,15.375000000000025,time_exit,6.6999999999993065,0.3382113821137755,0.2894308943088975,0.24065040650401956
control,train,2021-09-22,2021-09-23,2021-09-24,GBPUSD,,1,2021-09-24T17:00:00+00:00,2021-09-24T20:00:00+00:00,1.3688,1.36788,1.366325,24.74999999999965,time_exit,-9.200000000000319,-0.45252525252527187,-0.4929292929293128,-0.5333333333333538
candidate,train,2021-09-23,2021-09-24,2021-09-27,USDJPY,0.06353576534124006,1,2021-09-27T17:00:00+00:00,2021-09-27T20:00:00+00:00,110.828,110.997,110.64360714285715,18.439285714285905,time_exit,16.899999999999693,0.8351733488281754,0.7944993220995297,0.7538252953708839
control,train,2021-09-23,2021-09-24,2021-09-27,GBPUSD,,-1,2021-09-27T17:00:00+00:00,2021-09-27T20:00:00+00:00,1.37181,1.37065,1.3748142857142858,30.04285714285768,time_exit,11.600000000000499,0.31954350927247877,0.2862577270565973,0.25297194484071583
candidate,train,2021-09-24,2021-09-27,2021-09-28,USDJPY,0.044720465973017376,1,2021-09-28T17:00:00+00:00,2021-09-28T17:00:00+00:00,111.536,111.32846428571429,111.32846428571429,20.753571428570794,stop,-20.75357142857115,-1.072276716572038,-1.1084150748580484,-1.1445534331440588
control,train,2021-09-24,2021-09-27,2021-09-28,GBPUSD,,1,2021-09-28T17:00:00+00:00,2021-09-28T20:00:00+00:00,1.3548,1.35296,1.3511078571428572,36.9214285714285,time_exit,-18.400000000000638,-0.5525246662797629,-0.5796092087444564,-0.6066937512091498
candidate,train,2021-09-27,2021-09-28,2021-09-29,GBPUSD,0.10224164109397726,-1,2021-09-29T17:00:00+00:00,2021-09-29T20:00:00+00:00,1.34476,1.34242,1.3480064285714286,32.46428571428594,time_exit,23.400000000000087,0.6591859185918573,0.6283828382838267,0.5975797579757961
control,train,2021-09-27,2021-09-28,2021-09-29,GBPUSD,,-1,2021-09-29T17:00:00+00:00,2021-09-29T20:00:00+00:00,1.34476,1.34242,1.3480064285714286,32.46428571428594,time_exit,23.400000000000087,0.6591859185918573,0.6283828382838267,0.5975797579757961
candidate,train,2021-09-28,2021-09-29,2021-09-30,USDJPY,0.046681659670942954,1,2021-09-30T17:00:00+00:00,2021-09-30T17:00:00+00:00,111.785,111.58657142857142,111.58657142857142,19.84285714285734,stop,-19.842857142857895,-1.0755939524838285,-1.1133909287257286,-1.151187904967629
control,train,2021-09-28,2021-09-29,2021-09-30,GBPUSD,,-1,2021-09-30T17:00:00+00:00,2021-09-30T18:00:00+00:00,1.3479700000000001,1.3511810714285717,1.3511810714285717,32.11071428571482,stop,-32.110714285715765,-1.0622845067289797,-1.0934267600934546,-1.1245690134579298
candidate,train,2021-09-29,2021-09-30,2021-10-01,GBPUSD,0.04899380718277202,1,2021-10-01T17:00:00+00:00,2021-10-01T20:00:00+00:00,1.35635,1.35611,1.3530714285714285,32.78571428571401,time_exit,-2.4000000000001798,-0.13420479302832905,-0.16470588235294806,-0.19520697167756706
control,train,2021-09-29,2021-09-30,2021-10-01,USDJPY,,-1,2021-10-01T17:00:00+00:00,2021-10-01T20:00:00+00:00,110.947,110.999,111.18560714285715,23.860714285714323,time_exit,-5.19999999999925,-0.2807962879808093,-0.3122287082771721,-0.34366112857353487
candidate,train,2021-09-30,2021-10-01,2021-10-04,EURUSD,0.008851039538429584,1,2021-10-04T17:00:00+00:00,2021-10-04T20:00:00+00:00,1.16294,1.16191,1.1614860714285715,14.539285714285802,time_exit,-10.300000000000864,-0.8115942028986053,-0.863178580201479,-0.9147629575043527
control,train,2021-09-30,2021-10-01,2021-10-04,GBPUSD,,1,2021-10-04T17:00:00+00:00,2021-10-04T20:00:00+00:00,1.36218,1.36077,1.3591767857142856,30.032142857143093,time_exit,-14.099999999999113,-0.5360922820786914,-0.5693899393506617,-0.6026875966226319
candidate,train,2021-10-01,2021-10-04,2021-10-05,EURUSD,0.004737455198426055,1,2021-10-05T17:00:00+00:00,2021-10-05T20:00:00+00:00,1.15947,1.16051,1.1580428571428572,14.271428571428093,time_exit,10.399999999999299,0.6236236236235954,0.571071071071041,0.5185185185184867
control,train,2021-10-01,2021-10-04,2021-10-05,GBPUSD,,1,2021-10-05T17:00:00+00:00,2021-10-05T20:00:00+00:00,1.36238,1.36413,1.3597807142857141,25.99285714285756,time_exit,17.500000000001403,0.5963176696895196,0.5578455619676186,0.5193734542457176
candidate,train,2021-10-04,2021-10-05,2021-10-06,USDJPY,0.016510111713782916,1,2021-10-06T17:00:00+00:00,2021-10-06T20:00:00+00:00,111.31,111.387,111.11553571428571,19.4464285714287,time_exit,7.699999999999818,0.31882460973368915,0.28025711662074176,0.24168962350779435
control,train,2021-10-04,2021-10-05,2021-10-06,USDJPY,,1,2021-10-06T17:00:00+00:00,2021-10-06T20:00:00+00:00,111.31,111.387,111.11553571428571,19.4464285714287,time_exit,7.699999999999818,0.31882460973368915,0.28025711662074176,0.24168962350779435
candidate,train,2021-10-05,2021-10-06,2021-10-07,EURUSD,0.005336659432880753,-1,2021-10-07T17:00:00+00:00,2021-10-07T20:00:00+00:00,1.15561,1.15556,1.1569835714285714,13.735714285713629,time_exit,0.5000000000010552,-0.07280291211641132,-0.12740509620377743,-0.18200728029114355
control,train,2021-10-05,2021-10-06,2021-10-07,GBPUSD,,-1,2021-10-07T17:00:00+00:00,2021-10-07T17:00:00+00:00,1.36086,1.3634142857142857,1.3634142857142857,25.542857142858182,stop,-25.54285714285731,-1.0782997762863162,-1.1174496644294913,-1.1565995525726664
candidate,train,2021-10-06,2021-10-07,2021-10-08,USDJPY,0.01337901336547187,1,2021-10-08T17:00:00+00:00,2021-10-08T20:00:00+00:00,111.856,112.197,111.65382142857143,20.217857142856843,time_exit,34.10000000000082,1.6124359653772062,1.575340045928345,1.538244126479484
control,train,2021-10-06,2021-10-07,2021-10-08,GBPUSD,,1,2021-10-08T17:00:00+00:00,2021-10-08T20:00:00+00:00,1.36273,1.36172,1.3602207142857143,25.092857142857376,time_exit,-10.099999999999554,-0.48220893822941124,-0.5220609165954798,-0.5619128949615483
candidate,train,2021-10-07,2021-10-08,2021-10-11,USDJPY,0.048560165697868696,1,2021-10-11T17:00:00+00:00,2021-10-11T20:00:00+00:00,113.102,113.402,112.8755,22.649999999999743,time_exit,29.999999999999716,1.258278145695366,1.2251655629139087,1.1920529801324513
control,train,2021-10-07,2021-10-08,2021-10-11,USDJPY,,1,2021-10-11T17:00:00+00:00,2021-10-11T20:00:00+00:00,113.102,113.402,112.8755,22.649999999999743,time_exit,29.999999999999716,1.258278145695366,1.2251655629139087,1.1920529801324513
candidate,train,2021-10-08,2021-10-11,2021-10-12,GBPUSD,0.015293354342385657,-1,2021-10-12T17:00:00+00:00,2021-10-12T20:00:00+00:00,1.35952,1.3587099999999999,1.3623485714285715,28.285714285714025,time_exit,8.100000000001994,0.21565656565663816,0.18030303030310246,0.1449494949495668
control,train,2021-10-08,2021-10-11,2021-10-12,USDJPY,,1,2021-10-12T17:00:00+00:00,2021-10-12T20:00:00+00:00,113.498,113.641,113.2207142857143,27.728571428571364,time_exit,14.300000000000068,0.4616177228232905,0.4345698093766135,0.40752189592993643
candidate,train,2021-10-11,2021-10-12,2021-10-13,USDJPY,0.032100083459369655,1,2021-10-13T17:00:00+00:00,2021-10-13T17:00:00+00:00,113.424,113.23103571428572,113.23103571428572,19.296428571428898,stop,-19.296428571428237,-1.077734591893357,-1.1166018878400525,-1.1554691837867483
control,train,2021-10-11,2021-10-12,2021-10-13,EURUSD,,-1,2021-10-13T17:00:00+00:00,2021-10-13T20:00:00+00:00,1.15644,1.15779,1.158110357142857,16.703571428570708,time_exit,-13.500000000001844,-0.8980115458628817,-0.9429121231560202,-0.9878127004491588
candidate,train,2021-10-12,2021-10-13,2021-10-14,USDJPY,0.03816599622362693,-1,2021-10-14T17:00:00+00:00,2021-10-14T20:00:00+00:00,113.563,113.642,113.75425,19.124999999999964,time_exit,-7.899999999999352,-0.49150326797382327,-0.5307189542483332,-0.569934640522843
control,train,2021-10-12,2021-10-13,2021-10-14,GBPUSD,,1,2021-10-14T17:00:00+00:00,2021-10-14T18:00:00+00:00,1.37013,1.3678575000000002,1.3678575000000002,22.724999999999472,stop,-22.724999999998996,-1.088008800880069,-1.132013201320114,-1.1760176017601591
candidate,train,2021-10-13,2021-10-14,2021-10-15,USDJPY,0.0170687732782957,1,2021-10-15T17:00:00+00:00,2021-10-15T17:00:00+00:00,114.387,114.17860714285715,114.17860714285715,20.83928571428595,stop,-20.839285714285438,-1.0719794344472755,-1.1079691516709254,-1.1439588688945754
control,train,2021-10-13,2021-10-14,2021-10-15,GBPUSD,,1,2021-10-15T17:00:00+00:00,2021-10-15T20:00:00+00:00,1.3755,1.37581,1.3729639285714283,25.360714285715083,time_exit,3.1000000000003247,0.04337417265175063,0.003943106604716243,-0.03548795944231815
candidate,train,2021-10-15,2021-10-18,2021-10-19,USDJPY,0.018163062729909196,-1,2021-10-19T17:00:00+00:00,2021-10-19T20:00:00+00:00,114.174,114.29,114.3812142857143,20.721428571428845,time_exit,-11.599999999999966,-0.6321957945535922,-0.6683902102723094,-0.7045846259910267
control,train,2021-10-15,2021-10-18,2021-10-19,EURUSD,,1,2021-10-19T17:00:00+00:00,2021-10-19T17:00:00+00:00,1.16553,1.163792142857143,1.163792142857143,17.37857142857037,stop,-17.378571428570133,-1.0863131935881543,-1.1294697903822384,-1.1726263871763223
candidate,train,2021-10-18,2021-10-19,2021-10-20,USDJPY,0.020266782891944946,1,2021-10-20T17:00:00+00:00,2021-10-20T20:00:00+00:00,114.258,114.097,114.05528571428572,20.271428571428377,time_exit,-16.100000000000136,-0.868217054263581,-0.9052149400986764,-0.942212825933772
control,train,2021-10-18,2021-10-19,2021-10-20,GBPUSD,,1,2021-10-20T17:00:00+00:00,2021-10-20T20:00:00+00:00,1.37853,1.38293,1.3757517857142858,27.782142857142865,time_exit,43.999999999999595,1.5117624373312615,1.4757680935852788,1.439773749839296
candidate,train,2021-10-20,2021-10-21,2021-10-22,EURUSD,0.00033605781971024484,-1,2021-10-22T17:00:00+00:00,2021-10-22T20:00:00+00:00,1.16446,1.16324,1.1657682142857144,13.082142857142914,time_exit,12.199999999999989,0.8179088179088134,0.7605787605787564,0.7032487032486994
control,train,2021-10-20,2021-10-21,2021-10-22,USDJPY,,-1,2021-10-22T17:00:00+00:00,2021-10-22T20:00:00+00:00,113.75,113.467,113.96514285714285,21.514285714285663,time_exit,28.300000000000125,1.245683930942904,1.2108233731739795,1.1759628154050552
candidate,train,2021-10-21,2021-10-22,2021-10-25,EURUSD,0.004842342675660749,-1,2021-10-25T17:00:00+00:00,2021-10-25T20:00:00+00:00,1.16116,1.1605699999999999,1.1633607142857143,22.007142857142625,time_exit,5.9000000000009045,0.1999350860110786,0.16585524180465175,0.1317753975982249
control,train,2021-10-21,2021-10-22,2021-10-25,GBPUSD,,-1,2021-10-25T17:00:00+00:00,2021-10-25T20:00:00+00:00,1.37589,1.37588,1.3787357142857144,28.457142857143,time_exit,0.10000000000065512,-0.06676706827306901,-0.10190763052206482,-0.13704819277106062
candidate,train,2021-10-22,2021-10-25,2021-10-26,EURUSD,0.009851571037647666,-1,2021-10-26T17:00:00+00:00,2021-10-26T20:00:00+00:00,1.16111,1.1587,1.1625960714285715,14.860714285714337,time_exit,24.100000000000232,1.5207882720499983,1.4703196347032068,1.4198509973564155
control,train,2021-10-22,2021-10-25,2021-10-26,EURUSD,,-1,2021-10-26T17:00:00+00:00,2021-10-26T20:00:00+00:00,1.16111,1.1587,1.1625960714285715,14.860714285714337,time_exit,24.100000000000232,1.5207882720499983,1.4703196347032068,1.4198509973564155
candidate,train,2021-10-25,2021-10-26,2021-10-27,USDJPY,0.02205219481750298,1,2021-10-27T17:00:00+00:00,2021-10-27T20:00:00+00:00,113.507,113.729,113.25917857142858,24.782142857143036,time_exit,22.19999999999942,0.8352788586251327,0.8050151318633517,0.7747514051015707
control,train,2021-10-25,2021-10-26,2021-10-27,USDJPY,,1,2021-10-27T17:00:00+00:00,2021-10-27T20:00:00+00:00,113.507,113.729,113.25917857142858,24.782142857143036,time_exit,22.19999999999942,0.8352788586251327,0.8050151318633517,0.7747514051015707
candidate,train,2021-10-27,2021-10-28,2021-10-29,GBPUSD,0.02395424585160688,1,2021-10-29T17:00:00+00:00,2021-10-29T17:00:00+00:00,1.37533,1.3727510714285713,1.3727510714285713,25.789285714285036,stop,-25.78928571428607,-1.0775515856529987,-1.116327378479478,-1.1551031713059574
control,train,2021-10-27,2021-10-28,2021-10-29,EURUSD,,1,2021-10-29T17:00:00+00:00,2021-10-29T17:00:00+00:00,1.16191,1.1600414285714287,1.1600414285714287,18.685714285714177,stop,-18.685714285713306,-1.080275229357752,-1.1204128440366514,-1.1605504587155506
candidate,train,2021-10-28,2021-10-29,2021-11-01,USDJPY,0.012798574534722107,1,2021-11-01T17:00:00+00:00,2021-11-01T20:00:00+00:00,114.175,114.086,113.98010714285714,19.489285714285742,time_exit,-8.899999999999864,-0.5336265347260322,-0.5721092175187754,-0.6105919003115186
control,train,2021-10-28,2021-10-29,2021-11-01,EURUSD,,-1,2021-11-01T17:00:00+00:00,2021-11-01T20:00:00+00:00,1.15838,1.15945,1.1600021428571428,16.221428571428497,time_exit,-10.700000000001264,-0.7520915896081836,-0.7983267283135999,-0.8445618670190161
candidate,train,2021-10-29,2021-11-01,2021-11-02,GBPUSD,0.013930545571722464,-1,2021-11-02T17:00:00+00:00,2021-11-02T20:00:00+00:00,1.3625099999999999,1.36193,1.3651971428571428,26.871428571428563,time_exit,5.799999999998029,0.1414141414140681,0.10419989367350456,0.06698564593294103
control,train,2021-10-29,2021-11-01,2021-11-02,EURUSD,,1,2021-11-02T17:00:00+00:00,2021-11-02T20:00:00+00:00,1.15914,1.1583,1.1574514285714286,16.885714285714283,time_exit,-8.399999999999519,-0.5862944162436264,-0.6307106598984488,-0.6751269035532711
candidate,train,2021-11-01,2021-11-02,2021-11-03,GBPUSD,0.02598093142647606,-1,2021-11-03T17:00:00+00:00,2021-11-03T20:00:00+00:00,1.36601,1.36582,1.3682075,21.975000000000506,time_exit,1.8999999999991246,-0.004550625711074998,-0.050056882821426625,-0.09556313993177824
control,train,2021-11-01,2021-11-02,2021-11-03,GBPUSD,,-1,2021-11-03T17:00:00+00:00,2021-11-03T20:00:00+00:00,1.36601,1.36582,1.3682075,21.975000000000506,time_exit,1.8999999999991246,-0.004550625711074998,-0.050056882821426625,-0.09556313993177824
candidate,train,2021-11-03,2021-11-04,2021-11-05,GBPUSD,0.17838858451728723,-1,2021-11-05T17:00:00+00:00,2021-11-05T17:00:00+00:00,1.34639,1.3494982142857141,1.3494982142857141,31.082142857142593,stop,-31.082142857141726,-1.0643456279443597,-1.0965184419165535,-1.1286912558887472
control,train,2021-11-03,2021-11-04,2021-11-05,GBPUSD,,-1,2021-11-05T17:00:00+00:00,2021-11-05T17:00:00+00:00,1.34639,1.3494982142857141,1.3494982142857141,31.082142857142593,stop,-31.082142857141726,-1.0643456279443597,-1.0965184419165535,-1.1286912558887472
candidate,train,2021-11-08,2021-11-09,2021-11-10,GBPUSD,0.005882289626073733,1,2021-11-10T17:00:00+00:00,2021-11-10T17:00:00+00:00,1.35218,1.349339642857143,1.349339642857143,28.403571428570512,stop,-28.403571428570196,-1.0704136803721778,-1.105620520558272,-1.1408273607443666
control,train,2021-11-08,2021-11-09,2021-11-10,USDJPY,,-1,2021-11-10T17:00:00+00:00,2021-11-10T17:00:00+00:00,113.651,113.86046428571429,113.86046428571429,20.946428571428402,stop,-20.94642857142901,-1.0716112531969606,-1.1074168797954262,-1.1432225063938921
candidate,train,2021-11-09,2021-11-10,2021-11-11,EURUSD,0.01756663944984682,-1,2021-11-11T17:00:00+00:00,2021-11-11T20:00:00+00:00,1.14689,1.1451,1.1490317857142855,21.417857142856853,time_exit,17.899999999999583,0.7657161914290388,0.7306986826746611,0.6956811739202834
control,train,2021-11-09,2021-11-10,2021-11-11,USDJPY,,1,2021-11-11T17:00:00+00:00,2021-11-11T20:00:00+00:00,113.966,114.088,113.78642857142857,17.957142857142422,time_exit,12.199999999999989,0.595863166268908,0.5540970564837041,0.5123309466985002
candidate,train,2021-11-10,2021-11-11,2021-11-12,GBPUSD,0.06505988388401107,-1,2021-11-12T17:00:00+00:00,2021-11-12T17:00:00+00:00,1.3384,1.340665,1.340665,22.65000000000017,stop,-22.649999999999615,-1.0883002207505268,-1.1324503311258023,-1.176600441501078
control,train,2021-11-10,2021-11-11,2021-11-12,GBPUSD,,-1,2021-11-12T17:00:00+00:00,2021-11-12T17:00:00+00:00,1.3384,1.340665,1.340665,22.65000000000017,stop,-22.649999999999615,-1.0883002207505268,-1.1324503311258023,-1.176600441501078
candidate,train,2021-11-11,2021-11-12,2021-11-15,GBPUSD,0.04029973862315028,1,2021-11-15T17:00:00+00:00,2021-11-15T20:00:00+00:00,1.34279,1.34227,1.3405357142857142,22.542857142856846,time_exit,-5.199999999998539,-0.319391634980928,-0.3637515842838437,-0.40811153358675933
control,train,2021-11-11,2021-11-12,2021-11-15,GBPUSD,,1,2021-11-15T17:00:00+00:00,2021-11-15T20:00:00+00:00,1.34279,1.34227,1.3405357142857142,22.542857142856846,time_exit,-5.199999999998539,-0.319391634980928,-0.3637515842838437,-0.40811153358675933
candidate,train,2021-11-12,2021-11-15,2021-11-16,GBPUSD,0.011425732737208039,1,2021-11-16T17:00:00+00:00,2021-11-16T20:00:00+00:00,1.34246,1.34288,1.3393710714285714,30.889285714285617,time_exit,4.20000000000087,0.07122210660194768,0.03884842178289335,0.006474736963839021
control,train,2021-11-12,2021-11-15,2021-11-16,EURUSD,,-1,2021-11-16T17:00:00+00:00,2021-11-16T20:00:00+00:00,1.1344,1.13274,1.1362535714285715,18.535714285714622,time_exit,16.599999999999948,0.8146435452793659,0.7741811175337019,0.7337186897880378
candidate,train,2021-11-15,2021-11-16,2021-11-17,USDJPY,0.05180244758877195,1,2021-11-17T17:00:00+00:00,2021-11-17T18:00:00+00:00,114.547,114.36035714285714,114.36035714285714,18.664285714285914,stop,-18.66428571428571,-1.0803673938002178,-1.1205510907003322,-1.1607347876004466
control,train,2021-11-15,2021-11-16,2021-11-17,EURUSD,,-1,2021-11-17T17:00:00+00:00,2021-11-17T20:00:00+00:00,1.13181,1.13192,1.1345025,26.92499999999915,time_exit,-1.100000000000545,-0.09656453110494435,-0.12441968430828786,-0.15227483751163134
candidate,train,2021-11-17,2021-11-18,2021-11-19,GBPUSD,0.00976599938071665,1,2021-11-19T17:00:00+00:00,2021-11-19T20:00:00+00:00,1.34519,1.34558,1.3416917857142858,34.98214285714365,time_exit,3.8999999999989043,0.05431342521691487,0.02572741194483793,-0.0028586013272390146
control,train,2021-11-17,2021-11-18,2021-11-19,EURUSD,,1,2021-11-19T17:00:00+00:00,2021-11-19T20:00:00+00:00,1.13072,1.1298300000000001,1.1277178571428572,30.02142857142826,time_exit,-8.899999999998354,-0.3464192243634986,-0.37140137996663947,-0.39638353556978034
candidate,train,2021-11-18,2021-11-19,2021-11-22,GBPUSD,0.01692885791051757,-1,2021-11-22T17:00:00+00:00,2021-11-22T20:00:00+00:00,1.34199,1.33938,1.3446417857142858,26.517857142857668,time_exit,26.100000000000012,0.9088215488215313,0.8711111111110943,0.8334006734006574
control,train,2021-11-18,2021-11-19,2021-11-22,EURUSD,,-1,2021-11-22T17:00:00+00:00,2021-11-22T20:00:00+00:00,1.12577,1.12485,1.1282139285714285,24.439285714285706,time_exit,9.200000000000319,0.31506649130499637,0.28437819669736814,0.25368990208973985
candidate,train,2021-11-19,2021-11-22,2021-11-23,USDJPY,0.059972517513762424,1,2021-11-23T17:00:00+00:00,2021-11-23T20:00:00+00:00,115.037,114.995,114.74514285714287,29.185714285714326,time_exit,-4.200000000000159,-0.19530102790015202,-0.22099853157122396,-0.24669603524229586
control,train,2021-11-19,2021-11-22,2021-11-23,USDJPY,,1,2021-11-23T17:00:00+00:00,2021-11-23T20:00:00+00:00,115.037,114.995,114.74514285714287,29.185714285714326,time_exit,-4.200000000000159,-0.19530102790015202,-0.22099853157122396,-0.24669603524229586
candidate,train,2021-11-22,2021-11-23,2021-11-24,GBPUSD,0.006749389958984553,-1,2021-11-24T17:00:00+00:00,2021-11-24T20:00:00+00:00,1.33389,1.33236,1.3365075,26.17499999999971,time_exit,15.300000000000313,0.5081184336198838,0.4699140401146304,0.43170964660937683
control,train,2021-11-22,2021-11-23,2021-11-24,GBPUSD,,-1,2021-11-24T17:00:00+00:00,2021-11-24T20:00:00+00:00,1.33389,1.33236,1.3365075,26.17499999999971,time_exit,15.300000000000313,0.5081184336198838,0.4699140401146304,0.43170964660937683
candidate,train,2021-11-23,2021-11-24,2021-11-26,GBPUSD,0.018133998434137766,-1,2021-11-26T17:00:00+00:00,2021-11-26T20:00:00+00:00,1.33365,1.33339,1.3362385714285714,25.885714285714478,time_exit,2.5999999999992696,0.023178807946991477,-0.015452538631374682,-0.05408388520974084
control,train,2021-11-23,2021-11-24,2021-11-26,EURUSD,,-1,2021-11-26T17:00:00+00:00,2021-11-26T17:00:00+00:00,1.12936,1.1320482142857142,1.1320482142857142,26.88214285714292,stop,-26.882142857143076,-1.0557991231566417,-1.08369868473496,-1.1115982463132779
candidate,train,2021-11-24,2021-11-26,2021-11-29,GBPUSD,0.04308626000948568,1,2021-11-29T17:00:00+00:00,2021-11-29T20:00:00+00:00,1.33011,1.33011,1.3278117857142857,22.982142857142584,time_exit,0.0,-0.08702408702408806,-0.13053613053613208,-0.17404817404817613
control,train,2021-11-24,2021-11-26,2021-11-29,USDJPY,,-1,2021-11-29T17:00:00+00:00,2021-11-29T20:00:00+00:00,113.932,113.772,114.31225,38.02500000000006,time_exit,15.999999999999659,0.3813280736357563,0.36160420775804436,0.34188034188033234
candidate,train,2021-11-26,2021-11-29,2021-11-30,GBPUSD,0.02487131719979163,-1,2021-11-30T17:00:00+00:00,2021-11-30T20:00:00+00:00,1.3357999999999999,1.32642,1.338398214285714,25.982142857142254,time_exit,93.79999999999943,3.53319587628872,3.494707903780128,3.456219931271536
control,train,2021-11-26,2021-11-29,2021-11-30,USDJPY,,1,2021-11-30T17:00:00+00:00,2021-11-30T20:00:00+00:00,112.622,113.106,112.25846428571428,36.353571428571435,time_exit,48.399999999999466,1.2901070832105166,1.269476372924634,1.2488456626387512
candidate,train,2021-12-01,2021-12-02,2021-12-03,GBPUSD,0.005719880222091911,-1,2021-12-03T17:00:00+00:00,2021-12-03T20:00:00+00:00,1.32462,1.32365,1.327445357142857,28.253571428570478,time_exit,9.699999999999154,0.27253191758309137,0.23713816205281585,0.20174440652254036
control,train,2021-12-01,2021-12-02,2021-12-03,USDJPY,,1,2021-12-03T17:00:00+00:00,2021-12-03T17:00:00+00:00,113.397,113.15592857142857,113.15592857142857,24.10714285714255,stop,-24.10714285714306,-1.0622222222222442,-1.0933333333333557,-1.1244444444444672
candidate,train,2021-12-02,2021-12-03,2021-12-06,GBPUSD,0.026301249725937392,-1,2021-12-06T17:00:00+00:00,2021-12-06T20:00:00+00:00,1.32458,1.3254000000000001,1.3268460714285715,22.660714285714523,time_exit,-8.20000000000043,-0.4501182033097069,-0.49424743892830375,-0.5383766745469006
control,train,2021-12-02,2021-12-03,2021-12-06,GBPUSD,,-1,2021-12-06T17:00:00+00:00,2021-12-06T20:00:00+00:00,1.32458,1.3254000000000001,1.3268460714285715,22.660714285714523,time_exit,-8.20000000000043,-0.4501182033097069,-0.49424743892830375,-0.5383766745469006
candidate,train,2021-12-03,2021-12-06,2021-12-07,EURUSD,0.004775060202347969,-1,2021-12-07T17:00:00+00:00,2021-12-07T20:00:00+00:00,1.12456,1.12438,1.1265464285714286,19.864285714285955,time_exit,1.80000000000069,0.015102481121933147,-0.022653721682812888,-0.06040992448755893
control,train,2021-12-03,2021-12-06,2021-12-07,USDJPY,,1,2021-12-07T17:00:00+00:00,2021-12-07T20:00:00+00:00,113.652,113.731,113.46385714285714,18.814285714286022,time_exit,7.899999999999352,0.340167046317348,0.30030372057702975,0.2604403948367115
candidate,train,2021-12-06,2021-12-07,2021-12-08,GBPUSD,0.050131984258839024,-1,2021-12-08T17:00:00+00:00,2021-12-08T18:00:00+00:00,1.32012,1.3233867857142856,1.3233867857142856,32.6678571428568,stop,-32.66785714285625,-1.0612222586640265,-1.0918333879960482,-1.12244451732807
control,train,2021-12-06,2021-12-07,2021-12-08,EURUSD,,-1,2021-12-08T17:00:00+00:00,2021-12-08T17:00:00+00:00,1.13037,1.1326189285714285,1.1326189285714285,22.489285714285543,stop,-22.489285714284435,-1.066698427822724,-1.1000476417341105,-1.1333968556454972
candidate,train,2021-12-07,2021-12-08,2021-12-09,GBPUSD,0.07443232604690775,1,2021-12-09T17:00:00+00:00,2021-12-09T20:00:00+00:00,1.31981,1.32118,1.3174925,23.17500000000004,time_exit,13.700000000000934,0.5048543689320782,0.4617044228695109,0.4185544768069436
control,train,2021-12-07,2021-12-08,2021-12-09,EURUSD,,1,2021-12-09T17:00:00+00:00,2021-12-09T17:00:00+00:00,1.13023,1.1287835714285714,1.1287835714285714,14.464285714285548,stop,-14.464285714286262,-1.1037037037037543,-1.1555555555556067,-1.2074074074074592
candidate,train,2021-12-08,2021-12-09,2021-12-10,GBPUSD,0.14349656686221368,-1,2021-12-10T17:00:00+00:00,2021-12-10T17:00:00+00:00,1.32085,1.3232864285714288,1.3232864285714288,24.36428571428617,stop,-24.364285714286726,-1.0820873644092854,-1.1231310466139168,-1.1641747288185482
control,train,2021-12-08,2021-12-09,2021-12-10,EURUSD,,-1,2021-12-10T17:00:00+00:00,2021-12-10T17:00:00+00:00,1.12859,1.1305496428571429,1.1305496428571429,19.59642857142872,stop,-19.59642857142896,-1.0765445598687924,-1.1148168398031824,-1.1530891197375726
candidate,train,2021-12-09,2021-12-10,2021-12-13,USDJPY,0.0266645226586959,-1,2021-12-13T17:00:00+00:00,2021-12-13T20:00:00+00:00,113.519,113.47,113.64885714285715,12.985714285714778,time_exit,4.900000000000659,0.2618261826183027,0.2040704070407471,0.14631463146319154
control,train,2021-12-09,2021-12-10,2021-12-13,GBPUSD,,1,2021-12-13T17:00:00+00:00,2021-12-13T17:00:00+00:00,1.32616,1.3238607142857144,1.3238607142857144,22.99285714285718,stop,-22.99285714285615,-1.0869835352593524,-1.130475302889051,-1.1739670705187495
candidate,train,2021-12-10,2021-12-13,2021-12-14,EURUSD,0.013803948977808789,-1,2021-12-14T17:00:00+00:00,2021-12-14T20:00:00+00:00,1.13008,1.12719,1.1317996428571429,17.196428571428935,time_exit,28.900000000000592,1.5933541017653174,1.5497403946002093,1.5061266874351011
control,train,2021-12-10,2021-12-13,2021-12-14,GBPUSD,,-1,2021-12-14T17:00:00+00:00,2021-12-14T20:00:00+00:00,1.32392,1.32277,1.3261817857142857,22.6178571428571,time_exit,11.499999999999844,0.4200221064266479,0.375809253118579,0.33159639981051003
candidate,train,2021-12-13,2021-12-14,2021-12-15,USDJPY,0.009677062596770591,1,2021-12-15T17:00:00+00:00,2021-12-15T20:00:00+00:00,113.787,113.906,113.65403571428573,13.296428571428265,time_exit,11.899999999999977,0.7821649207628419,0.7257587966693677,0.6693526725758934
control,train,2021-12-13,2021-12-14,2021-12-15,EURUSD,,-1,2021-12-15T17:00:00+00:00,2021-12-15T20:00:00+00:00,1.12584,1.12599,1.1275071428571428,16.671428571428116,time_exit,-1.500000000000945,-0.17994858611831352,-0.22493573264787775,-0.26992287917744195
candidate,train,2021-12-15,2021-12-16,2021-12-17,EURUSD,0.004258255832876312,1,2021-12-17T17:00:00+00:00,2021-12-17T17:00:00+00:00,1.13067,1.1284339285714287,1.1284339285714287,22.36071428571399,stop,-22.360714285714067,-1.0670819357930088,-1.1006229036895112,-1.1341638715860138
control,train,2021-12-15,2021-12-16,2021-12-17,GBPUSD,,1,2021-12-17T17:00:00+00:00,2021-12-17T18:00:00+00:00,1.3282,1.3257175,1.3257175,24.825000000000383,stop,-24.82499999999943,-1.0805639476333944,-1.1208459214501107,-1.1611278952668271
candidate,train,2021-12-16,2021-12-17,2021-12-20,GBPUSD,0.016670057843792607,-1,2021-12-20T17:00:00+00:00,2021-12-20T20:00:00+00:00,1.3226,1.3210899999999999,1.324900357142857,23.0035714285713,time_exit,15.100000000001224,0.5694767893184852,0.5260052786834905,0.4825337680484956
control,train,2021-12-16,2021-12-17,2021-12-20,GBPUSD,,-1,2021-12-20T17:00:00+00:00,2021-12-20T20:00:00+00:00,1.3226,1.3210899999999999,1.324900357142857,23.0035714285713,time_exit,15.100000000001224,0.5694767893184852,0.5260052786834905,0.4825337680484956
candidate,train,2021-12-17,2021-12-20,2021-12-21,USDJPY,0.020148547966692076,-1,2021-12-21T17:00:00+00:00,2021-12-21T17:00:00+00:00,113.864,114.0035,114.0035,13.949999999999768,stop,-13.949999999999818,-1.1075268817204356,-1.1612903225806515,-1.2150537634408674
control,train,2021-12-17,2021-12-20,2021-12-21,GBPUSD,,-1,2021-12-21T17:00:00+00:00,2021-12-21T20:00:00+00:00,1.32449,1.32487,1.3266210714285713,21.310714285714482,time_exit,-3.8000000000004697,-0.2721635662812329,-0.3190883190883382,-0.3660130718954435
candidate,train,2021-12-20,2021-12-21,2021-12-22,USDJPY,0.03876069777169788,1,2021-12-22T17:00:00+00:00,2021-12-22T20:00:00+00:00,114.216,114.207,114.07896428571428,13.703571428571692,time_exit,-0.9000000000000341,-0.1751368256450343,-0.22986708365910674,-0.2845973416731792
control,train,2021-12-20,2021-12-21,2021-12-22,USDJPY,,1,2021-12-22T17:00:00+00:00,2021-12-22T20:00:00+00:00,114.216,114.207,114.07896428571428,13.703571428571692,time_exit,-0.9000000000000341,-0.1751368256450343,-0.22986708365910674,-0.2845973416731792
candidate,train,2021-12-21,2021-12-22,2021-12-23,USDJPY,0.014654745514603107,1,2021-12-23T17:00:00+00:00,2021-12-23T20:00:00+00:00,114.366,114.412,114.24128571428571,12.47142857142859,time_exit,4.600000000000648,0.24856815578470223,0.18843069874002877,0.12829324169535533
control,train,2021-12-21,2021-12-22,2021-12-23,GBPUSD,,1,2021-12-23T17:00:00+00:00,2021-12-23T20:00:00+00:00,1.34082,1.34175,1.3385025,23.1749999999998,time_exit,9.300000000000974,0.31499460625678694,0.2718446601942191,0.22869471413165132
candidate,train,2021-12-22,2021-12-23,2021-12-27,GBPUSD,0.01229576078801986,1,2021-12-27T17:00:00+00:00,2021-12-27T20:00:00+00:00,1.34242,1.34392,1.340467857142857,19.521428571429176,time_exit,15.000000000000568,0.665934870106119,0.614709110867189,0.563483351628259
control,train,2021-12-22,2021-12-23,2021-12-27,GBPUSD,,1,2021-12-27T17:00:00+00:00,2021-12-27T20:00:00+00:00,1.34242,1.34392,1.340467857142857,19.521428571429176,time_exit,15.000000000000568,0.665934870106119,0.614709110867189,0.563483351628259
candidate,train,2021-12-23,2021-12-27,2021-12-28,USDJPY,0.06894631025574371,1,2021-12-28T17:00:00+00:00,2021-12-28T20:00:00+00:00,114.805,114.746,114.68189285714286,12.3107142857146,time_exit,-5.900000000001171,-0.6011024078909994,-0.6620249492312938,-0.7229474905715881
control,train,2021-12-23,2021-12-27,2021-12-28,USDJPY,,1,2021-12-28T17:00:00+00:00,2021-12-28T20:00:00+00:00,114.805,114.746,114.68189285714286,12.3107142857146,time_exit,-5.900000000001171,-0.6011024078909994,-0.6620249492312938,-0.7229474905715881
candidate,train,2021-12-27,2021-12-28,2021-12-29,USDJPY,0.011458715869502756,-1,2021-12-29T17:00:00+00:00,2021-12-29T18:00:00+00:00,114.812,114.95396428571429,114.95396428571429,14.196428571428907,stop,-14.196428571429465,-1.1056603773585274,-1.1584905660377713,-1.2113207547170155
control,train,2021-12-27,2021-12-28,2021-12-29,EURUSD,,-1,2021-12-29T17:00:00+00:00,2021-12-29T17:00:00+00:00,1.13464,1.1367035714285714,1.1367035714285714,20.63571428571339,stop,-20.63571428571276,-1.072689511941821,-1.1090342679127467,-1.1453790238836725
candidate,train,2021-12-28,2021-12-29,2021-12-30,EURUSD,0.020208395833271497,1,2021-12-30T17:00:00+00:00,2021-12-30T17:00:00+00:00,1.13337,1.1310471428571427,1.1310471428571427,23.22857142857182,stop,-23.22857142857293,-1.0645756457565043,-1.0968634686347325,-1.129151291512961
control,train,2021-12-28,2021-12-29,2021-12-30,GBPUSD,,1,2021-12-30T17:00:00+00:00,2021-12-30T19:00:00+00:00,1.35104,1.3485232142857142,1.3485232142857142,25.16785714285739,stop,-25.167857142858185,-1.079466439619727,-1.119199659429575,-1.1589328792394227
candidate,train,2021-12-29,2021-12-30,2021-12-31,USDJPY,0.02551037755553076,1,2021-12-31T17:00:00+00:00,2021-12-31T20:00:00+00:00,115.086,115.021,114.99492857142857,9.107142857142948,time_exit,-6.499999999999773,-0.8784313725489858,-0.9607843137254556,-1.0431372549019253
control,train,2021-12-29,2021-12-30,2021-12-31,EURUSD,,-1,2021-12-31T17:00:00+00:00,2021-12-31T17:00:00+00:00,1.13436,1.1365360714285715,1.1365360714285715,21.76071428571362,stop,-21.760714285714577,-1.06893156080753,-1.103397341211273,-1.1378631216150161
candidate,internal_validation,2021-12-30,2021-12-31,2022-01-03,USDJPY,0.001918258505463566,-1,2022-01-03T17:00:00+00:00,2022-01-03T20:00:00+00:00,115.303,115.318,115.45,14.7,time_exit,-1.5000000000000568,-0.20408163265306511,-0.2551020408163304,-0.30612244897959573
control,internal_validation,2021-12-30,2021-12-31,2022-01-03,EURUSD,,1,2022-01-03T17:00:00+00:00,2022-01-03T19:00:00+00:00,1.13066,1.12829,1.12829,23.69999999999991,stop,-23.699999999999832,-1.0632911392405033,-1.0949367088607564,-1.1265822784810098
candidate,internal_validation,2021-12-31,2022-01-03,2022-01-04,USDJPY,0.03451927349740469,1,2022-01-04T17:00:00+00:00,2022-01-04T18:00:00+00:00,116.24,116.01521428571428,116.01521428571428,22.47857142857157,stop,-22.47857142857157,-1.0667302192564343,-1.1000953288846513,-1.1334604385128686
control,internal_validation,2021-12-31,2022-01-03,2022-01-04,EURUSD,,-1,2022-01-04T17:00:00+00:00,2022-01-04T17:00:00+00:00,1.12846,1.1303457142857143,1.1303457142857143,18.85714285714292,stop,-18.857142857142684,-1.0795454545454417,-1.1193181818181688,-1.1590909090908958
candidate,internal_validation,2022-01-03,2022-01-04,2022-01-05,USDJPY,0.06961377469886121,1,2022-01-05T17:00:00+00:00,2022-01-05T20:00:00+00:00,115.729,115.97,115.49789285714286,23.110714285714252,time_exit,24.099999999999966,0.9779014062741461,0.9454489259774377,0.9129964456807292
control,internal_validation,2022-01-03,2022-01-04,2022-01-05,USDJPY,,1,2022-01-05T17:00:00+00:00,2022-01-05T20:00:00+00:00,115.729,115.97,115.49789285714286,23.110714285714252,time_exit,24.099999999999966,0.9779014062741461,0.9454489259774377,0.9129964456807292
candidate,internal_validation,2022-01-04,2022-01-05,2022-01-06,EURUSD,0.0002197163741783914,1,2022-01-06T17:00:00+00:00,2022-01-06T17:00:00+00:00,1.13264,1.130377142857143,1.130377142857143,22.62857142857122,stop,-22.62857142857122,-1.0662878787878793,-1.099431818181819,-1.132575757575759
control,internal_validation,2022-01-04,2022-01-05,2022-01-06,GBPUSD,,1,2022-01-06T17:00:00+00:00,2022-01-06T20:00:00+00:00,1.35343,1.35303,1.350445,29.84999999999976,time_exit,-3.9999999999995595,-0.201005025125615,-0.2345058626465533,-0.26800670016749156
candidate,internal_validation,2022-01-05,2022-01-06,2022-01-07,USDJPY,0.0178909503975766,-1,2022-01-07T17:00:00+00:00,2022-01-07T20:00:00+00:00,115.692,115.622,115.84682142857142,15.482142857142936,time_exit,6.999999999999318,0.3552479815455135,0.3068050749711193,0.2583621683967251
control,internal_validation,2022-01-05,2022-01-06,2022-01-07,GBPUSD,,-1,2022-01-07T17:00:00+00:00,2022-01-07T20:00:00+00:00,1.35629,1.35795,1.3586782142857143,23.882142857143005,time_exit,-16.599999999999948,-0.7788245850156951,-0.820696874532668,-0.862569164049641
candidate,internal_validation,2022-01-06,2022-01-07,2022-01-10,USDJPY,0.00840780162829824,-1,2022-01-10T17:00:00+00:00,2022-01-10T20:00:00+00:00,115.354,115.086,115.54696428571428,19.296428571428436,time_exit,26.800000000000068,1.311123449935234,1.2722561539885373,1.2333888580418408
control,internal_validation,2022-01-06,2022-01-07,2022-01-10,EURUSD,,1,2022-01-10T17:00:00+00:00,2022-01-10T20:00:00+00:00,1.12974,1.13284,1.1278682142857144,18.71785714285677,time_exit,31.000000000001027,1.5760351078039405,1.535966418622486,1.4958977294410312
candidate,internal_validation,2022-01-10,2022-01-11,2022-01-12,GBPUSD,0.0198582859003118,1,2022-01-12T17:00:00+00:00,2022-01-12T20:00:00+00:00,1.36865,1.37073,1.366532857142857,21.17142857142833,time_exit,20.800000000000818,0.8879892037787263,0.8407557354926258,0.7935222672065254
control,internal_validation,2022-01-10,2022-01-11,2022-01-12,GBPUSD,,1,2022-01-12T17:00:00+00:00,2022-01-12T20:00:00+00:00,1.36865,1.37073,1.366532857142857,21.17142857142833,time_exit,20.800000000000818,0.8879892037787263,0.8407557354926258,0.7935222672065254
candidate,internal_validation,2022-01-11,2022-01-12,2022-01-13,EURUSD,0.021056226147415646,1,2022-01-13T17:00:00+00:00,2022-01-13T17:00:00+00:00,1.14737,1.1455014285714284,1.1455014285714284,18.685714285714653,stop,-18.685714285715527,-1.0802752293578433,-1.1204128440367416,-1.1605504587156399
control,internal_validation,2022-01-11,2022-01-12,2022-01-13,USDJPY,,-1,2022-01-13T17:00:00+00:00,2022-01-13T20:00:00+00:00,114.306,114.059,114.51396428571428,20.796428571428752,time_exit,24.69999999999999,1.1155761634896,1.079512278894031,1.043448394298462
candidate,internal_validation,2022-01-14,2022-01-18,2022-01-19,EURUSD,0.004181318625729347,-1,2022-01-19T17:00:00+00:00,2022-01-19T20:00:00+00:00,1.13438,1.13439,1.1360439285714286,16.639285714285283,time_exit,-0.10000000000065512,-0.09615797381416506,-0.1412320240395365,-0.18630607426490792
control,internal_validation,2022-01-14,2022-01-18,2022-01-19,EURUSD,,-1,2022-01-19T17:00:00+00:00,2022-01-19T20:00:00+00:00,1.13438,1.13439,1.1360439285714286,16.639285714285283,time_exit,-0.10000000000065512,-0.09615797381416506,-0.1412320240395365,-0.18630607426490792
candidate,internal_validation,2022-01-18,2022-01-19,2022-01-20,GBPUSD,0.005901493781774736,1,2022-01-20T17:00:00+00:00,2022-01-20T19:00:00+00:00,1.3649499999999999,1.3629357142857141,1.3629357142857141,20.14285714285754,stop,-20.142857142857462,-1.0992907801418381,-1.1489361702127592,-1.1985815602836802
control,internal_validation,2022-01-18,2022-01-19,2022-01-20,GBPUSD,,1,2022-01-20T17:00:00+00:00,2022-01-20T19:00:00+00:00,1.3649499999999999,1.3629357142857141,1.3629357142857141,20.14285714285754,stop,-20.142857142857462,-1.0992907801418381,-1.1489361702127592,-1.1985815602836802
candidate,internal_validation,2022-01-19,2022-01-20,2022-01-21,EURUSD,0.004822842460068255,-1,2022-01-21T17:00:00+00:00,2022-01-21T20:00:00+00:00,1.13501,1.13457,1.13687,18.599999999999806,time_exit,4.3999999999999595,0.1559139784946231,0.11559139784946139,0.07526881720429968
control,internal_validation,2022-01-19,2022-01-20,2022-01-21,USDJPY,,-1,2022-01-21T17:00:00+00:00,2022-01-21T20:00:00+00:00,113.673,113.642,113.88364285714286,21.064285714286108,time_exit,3.100000000000591,0.07595795184811074,0.040352661919321985,0.004747371990533233
candidate,internal_validation,2022-01-21,2022-01-24,2022-01-25,USDJPY,0.026883752232547353,1,2022-01-25T17:00:00+00:00,2022-01-25T20:00:00+00:00,113.878,113.843,113.66735714285714,21.064285714285802,time_exit,-3.499999999999659,-0.2373685995252456,-0.2729738894540349,-0.30857917938282414
control,internal_validation,2022-01-21,2022-01-24,2022-01-25,GBPUSD,,-1,2022-01-25T17:00:00+00:00,2022-01-25T17:00:00+00:00,1.34681,1.3492003571428572,1.3492003571428572,23.903571428571485,stop,-23.9035714285718,-1.083669505453472,-1.1255042581802013,-1.1673390109069306
candidate,internal_validation,2022-01-26,2022-01-27,2022-01-28,GBPUSD,0.023011827307890087,-1,2022-01-28T17:00:00+00:00,2022-01-28T20:00:00+00:00,1.34211,1.3388499999999999,1.3447049999999998,25.9499999999999,time_exit,32.600000000000406,1.179190751445107,1.1406551059730452,1.1021194605009834
control,internal_validation,2022-01-26,2022-01-27,2022-01-28,GBPUSD,,-1,2022-01-28T17:00:00+00:00,2022-01-28T20:00:00+00:00,1.34211,1.3388499999999999,1.3447049999999998,25.9499999999999,time_exit,32.600000000000406,1.179190751445107,1.1406551059730452,1.1021194605009834
candidate,internal_validation,2022-01-27,2022-01-28,2022-01-31,GBPUSD,0.005813413468105377,1,2022-01-31T17:00:00+00:00,2022-01-31T20:00:00+00:00,1.34269,1.34363,1.3402021428571427,24.878571428571924,time_exit,9.40000000000163,0.29744473155331824,0.25724949755963544,0.21705426356595264
control,internal_validation,2022-01-27,2022-01-28,2022-01-31,GBPUSD,,1,2022-01-31T17:00:00+00:00,2022-01-31T20:00:00+00:00,1.34269,1.34363,1.3402021428571427,24.878571428571924,time_exit,9.40000000000163,0.29744473155331824,0.25724949755963544,0.21705426356595264
candidate,internal_validation,2022-01-28,2022-01-31,2022-02-01,EURUSD,0.0028974728005048966,1,2022-02-01T17:00:00+00:00,2022-02-01T18:00:00+00:00,1.12636,1.1243392857142858,1.1243392857142858,20.207142857142724,stop,-20.207142857142646,-1.0742311770943762,-1.1113467656415663,-1.1484623541887564
control,internal_validation,2022-01-28,2022-01-31,2022-02-01,EURUSD,,1,2022-02-01T17:00:00+00:00,2022-02-01T18:00:00+00:00,1.12636,1.1243392857142858,1.1243392857142858,20.207142857142724,stop,-20.207142857142646,-1.0742311770943762,-1.1113467656415663,-1.1484623541887564
candidate,internal_validation,2022-01-31,2022-02-01,2022-02-02,GBPUSD,0.010952433263759165,1,2022-02-02T17:00:00+00:00,2022-02-02T20:00:00+00:00,1.35559,1.35776,1.3536260714285715,19.639285714286146,time_exit,21.700000000000053,1.0030914711765582,0.95217312238587,0.901254773595182
control,internal_validation,2022-01-31,2022-02-01,2022-02-02,GBPUSD,,1,2022-02-02T17:00:00+00:00,2022-02-02T20:00:00+00:00,1.35559,1.35776,1.3536260714285715,19.639285714286146,time_exit,21.700000000000053,1.0030914711765582,0.95217312238587,0.901254773595182
candidate,internal_validation,2022-02-01,2022-02-02,2022-02-03,GBPUSD,0.02259119606202531,1,2022-02-03T17:00:00+00:00,2022-02-03T20:00:00+00:00,1.35935,1.36079,1.3558860714285714,34.63928571428615,time_exit,14.399999999998858,0.35797504897408355,0.3291060934116548,0.30023713784922607
control,internal_validation,2022-02-01,2022-02-02,2022-02-03,GBPUSD,,1,2022-02-03T17:00:00+00:00,2022-02-03T20:00:00+00:00,1.35935,1.36079,1.3558860714285714,34.63928571428615,time_exit,14.399999999998858,0.35797504897408355,0.3291060934116548,0.30023713784922607
candidate,internal_validation,2022-02-02,2022-02-03,2022-02-04,GBPUSD,0.04536905192017504,1,2022-02-04T17:00:00+00:00,2022-02-04T20:00:00+00:00,1.35304,1.35349,1.3502532142857144,27.867857142856998,time_exit,4.500000000000615,0.08970908624890116,0.053825451749349516,0.017941817249797876
control,internal_validation,2022-02-02,2022-02-03,2022-02-04,EURUSD,,1,2022-02-04T17:00:00+00:00,2022-02-04T20:00:00+00:00,1.14157,1.14542,1.1386321428571429,29.378571428571192,time_exit,38.50000000000131,1.2594213469487539,1.2338925358619557,1.2083637247751575
candidate,internal_validation,2022-02-03,2022-02-04,2022-02-07,USDJPY,0.00877835048907949,1,2022-02-07T17:00:00+00:00,2022-02-07T20:00:00+00:00,115.063,115.163,114.88342857142858,17.957142857142728,time_exit,9.999999999999432,0.47334924423227087,0.4315831344470677,0.3898170246618646
control,internal_validation,2022-02-03,2022-02-04,2022-02-07,GBPUSD,,-1,2022-02-07T17:00:00+00:00,2022-02-07T20:00:00+00:00,1.35291,1.35167,1.3554835714285716,25.73571428571421,time_exit,12.400000000001299,0.404107688037798,0.36525117957263,0.32639467110746195
candidate,internal_validation,2022-02-04,2022-02-07,2022-02-08,EURUSD,0.010977555945244077,-1,2022-02-08T17:00:00+00:00,2022-02-08T20:00:00+00:00,1.14086,1.14206,1.1428657142857144,20.057142857143173,time_exit,-12.000000000000899,-0.6730769230769573,-0.7104700854701191,-0.7478632478632808
control,internal_validation,2022-02-04,2022-02-07,2022-02-08,EURUSD,,-1,2022-02-08T17:00:00+00:00,2022-02-08T20:00:00+00:00,1.14086,1.14206,1.1428657142857144,20.057142857143173,time_exit,-12.000000000000899,-0.6730769230769573,-0.7104700854701191,-0.7478632478632808
candidate,internal_validation,2022-02-07,2022-02-08,2022-02-09,GBPUSD,0.019494964058412778,1,2022-02-09T17:00:00+00:00,2022-02-09T19:00:00+00:00,1.35582,1.3535432142857142,1.3535432142857142,22.76785714285713,stop,-22.767857142858006,-1.0878431372549404,-1.1317647058823914,-1.1756862745098424
control,internal_validation,2022-02-07,2022-02-08,2022-02-09,USDJPY,,1,2022-02-09T17:00:00+00:00,2022-02-09T20:00:00+00:00,115.46,115.44,115.30614285714285,15.385714285714208,time_exit,-1.999999999999602,-0.22748375116060668,-0.2762302692664565,-0.32497678737230634
candidate,internal_validation,2022-02-08,2022-02-09,2022-02-10,USDJPY,0.012682966551983865,-1,2022-02-10T17:00:00+00:00,2022-02-10T20:00:00+00:00,116.172,116.016,116.38060714285714,20.860714285714316,time_exit,15.59999999999917,0.6759116589624656,0.6399589111453111,0.6040061633281566
control,internal_validation,2022-02-08,2022-02-09,2022-02-10,EURUSD,,1,2022-02-10T17:00:00+00:00,2022-02-10T20:00:00+00:00,1.14074,1.14645,1.1386089285714287,21.310714285714006,time_exit,57.099999999998815,2.609016256075058,2.5738226914697284,2.538629126864399
candidate,internal_validation,2022-02-09,2022-02-10,2022-02-11,USDJPY,0.024208949823094184,1,2022-02-11T17:00:00+00:00,2022-02-11T20:00:00+00:00,115.916,115.886,115.76085714285713,15.5142857142861,time_exit,-3.0000000000001137,-0.2900552486187847,-0.33839779005524756,-0.38674033149171044
control,internal_validation,2022-02-09,2022-02-10,2022-02-11,GBPUSD,,1,2022-02-11T17:00:00+00:00,2022-02-11T20:00:00+00:00,1.3569499999999999,1.36011,1.3536810714285712,32.68928571428647,time_exit,31.600000000000517,0.9054954659674372,0.8749044029279973,0.8443133398885574
candidate,internal_validation,2022-02-11,2022-02-14,2022-02-15,EURUSD,0.012521672124831351,-1,2022-02-15T17:00:00+00:00,2022-02-15T17:00:00+00:00,1.13218,1.1345146428571429,1.1345146428571429,23.346428571428305,stop,-23.3464285714291,-1.0642496558054502,-1.0963744837081582,-1.1284993116108661
control,internal_validation,2022-02-11,2022-02-14,2022-02-15,EURUSD,,-1,2022-02-15T17:00:00+00:00,2022-02-15T17:00:00+00:00,1.13218,1.1345146428571429,1.1345146428571429,23.346428571428305,stop,-23.3464285714291,-1.0642496558054502,-1.0963744837081582,-1.1284993116108661
candidate,internal_validation,2022-02-14,2022-02-15,2022-02-16,USDJPY,0.004523408639710569,1,2022-02-16T17:00:00+00:00,2022-02-16T20:00:00+00:00,115.443,115.454,115.28582142857142,15.717857142856978,time_exit,1.099999999999568,-0.025448761645108415,-0.07316518972963516,-0.1208816178141619
control,internal_validation,2022-02-14,2022-02-15,2022-02-16,EURUSD,,1,2022-02-16T17:00:00+00:00,2022-02-16T20:00:00+00:00,1.13651,1.13742,1.1344914285714285,20.18571428571425,time_exit,9.100000000001884,0.3765038924275533,0.3393489030432645,0.3021939136589757
candidate,internal_validation,2022-02-15,2022-02-16,2022-02-17,GBPUSD,0.0010148970567984694,1,2022-02-17T17:00:00+00:00,2022-02-17T20:00:00+00:00,1.3616,1.36237,1.3583010714285713,32.989285714286765,time_exit,7.7000000000015945,0.17278337122446635,0.14247049907983161,0.11215762693519686
control,internal_validation,2022-02-15,2022-02-16,2022-02-17,GBPUSD,,1,2022-02-17T17:00:00+00:00,2022-02-17T20:00:00+00:00,1.3616,1.36237,1.3583010714285713,32.989285714286765,time_exit,7.7000000000015945,0.17278337122446635,0.14247049907983161,0.11215762693519686
candidate,internal_validation,2022-02-16,2022-02-17,2022-02-18,USDJPY,0.014430665163472467,-1,2022-02-18T17:00:00+00:00,2022-02-18T20:00:00+00:00,115.033,115.073,115.21128571428571,17.828571428571138,time_exit,-3.999999999999204,-0.3084935897435501,-0.3505608974358585,-0.3926282051281669
control,internal_validation,2022-02-16,2022-02-17,2022-02-18,GBPUSD,,1,2022-02-18T17:00:00+00:00,2022-02-18T17:00:00+00:00,1.36084,1.3587710714285715,1.3587710714285715,20.68928571428517,stop,-20.689285714285965,-1.0966683928880092,-1.1450025893319946,-1.19333678577598
candidate,internal_validation,2022-02-18,2022-02-22,2022-02-23,EURUSD,0.004290869415644272,1,2022-02-23T17:00:00+00:00,2022-02-23T18:00:00+00:00,1.13338,1.131409642857143,1.131409642857143,19.703571428571802,stop,-19.703571428570932,-1.0761283306144187,-1.1141924959216503,-1.1522566612288816
control,internal_validation,2022-02-18,2022-02-22,2022-02-23,USDJPY,,-1,2022-02-23T17:00:00+00:00,2022-02-23T20:00:00+00:00,115.146,115.079,115.28132142857143,13.53214285714261,time_exit,6.700000000000728,0.38427025600428355,0.3288466613882889,0.27342306677229417
candidate,internal_validation,2022-02-22,2022-02-23,2022-02-24,GBPUSD,0.0032719944848067506,-1,2022-02-24T17:00:00+00:00,2022-02-24T19:00:00+00:00,1.33318,1.3375289285714287,1.3375289285714287,43.48928571428632,stop,-43.48928571428656,-1.0459883386712705,-1.0689825080069029,-1.0919766773425352
control,internal_validation,2022-02-22,2022-02-23,2022-02-24,GBPUSD,,-1,2022-02-24T17:00:00+00:00,2022-02-24T19:00:00+00:00,1.33318,1.3375289285714287,1.3375289285714287,43.48928571428632,stop,-43.48928571428656,-1.0459883386712705,-1.0689825080069029,-1.0919766773425352
candidate,internal_validation,2022-02-23,2022-02-24,2022-02-25,USDJPY,0.04010583913479082,1,2022-02-25T17:00:00+00:00,2022-02-25T20:00:00+00:00,115.627,115.752,115.41732142857143,20.967857142857227,time_exit,12.5,0.524612502129107,0.48884346789303157,0.4530744336569561
control,internal_validation,2022-02-23,2022-02-24,2022-02-25,GBPUSD,,-1,2022-02-25T17:00:00+00:00,2022-02-25T17:00:00+00:00,1.33721,1.3407328571428572,1.3407328571428572,35.22857142857192,stop,-35.228571428571605,-1.0567721005677113,-1.0851581508515715,-1.1135442011354315
candidate,internal_validation,2022-02-24,2022-02-25,2022-02-28,USDJPY,0.0156440641964819,1,2022-02-28T17:00:00+00:00,2022-02-28T19:00:00+00:00,115.28,115.10300000000001,115.10300000000001,17.69999999999986,stop,-17.69999999999925,-1.0847457627118307,-1.1271186440677632,-1.1694915254236957
control,internal_validation,2022-02-24,2022-02-25,2022-02-28,EURUSD,,1,2022-02-28T17:00:00+00:00,2022-02-28T20:00:00+00:00,1.1222,1.1205,1.1181714285714288,40.28571428571366,time_exit,-17.000000000000348,-0.45921985815604416,-0.4778368794326402,-0.49645390070923623
candidate,internal_validation,2022-02-25,2022-02-28,2022-03-01,GBPUSD,0.03400992618987009,1,2022-03-01T17:00:00+00:00,2022-03-01T17:00:00+00:00,1.33941,1.3366864285714286,1.3366864285714286,27.23571428571452,stop,-27.235714285713808,-1.0734329923944133,-1.110149488591633,-1.1468659847888527
control,internal_validation,2022-02-25,2022-02-28,2022-03-01,USDJPY,,-1,2022-03-01T17:00:00+00:00,2022-03-01T20:00:00+00:00,114.882,114.841,115.06060714285715,17.860714285714153,time_exit,4.100000000001103,0.14557088582289826,0.10357928414323388,0.0615876824635695
candidate,internal_validation,2022-02-28,2022-03-01,2022-03-02,GBPUSD,0.08835112765761055,-1,2022-03-02T17:00:00+00:00,2022-03-02T18:00:00+00:00,1.33379,1.3371371428571428,1.3371371428571428,33.471428571428504,stop,-33.47142857142771,-1.0597524541186276,-1.0896286811779534,-1.119504908237279
control,internal_validation,2022-02-28,2022-03-01,2022-03-02,EURUSD,,-1,2022-03-02T17:00:00+00:00,2022-03-02T18:00:00+00:00,1.10935,1.1125846428571429,1.1125846428571429,32.34642857142803,stop,-32.346428571428106,-1.046372971182514,-1.0695594567737696,-1.0927459423650254
candidate,internal_validation,2022-03-01,2022-03-02,2022-03-03,GBPUSD,0.027012509718001176,1,2022-03-03T17:00:00+00:00,2022-03-03T18:00:00+00:00,1.33627,1.3334264285714286,1.3334264285714286,28.435714285714294,stop,-28.435714285715008,-1.070334086912861,-1.105501130369279,-1.140668173825697
control,internal_validation,2022-03-01,2022-03-02,2022-03-03,USDJPY,,1,2022-03-03T17:00:00+00:00,2022-03-03T20:00:00+00:00,115.6,115.565,115.46392857142857,13.607142857142815,time_exit,-3.499999999999659,-0.3674540682414459,-0.42257217847766654,-0.4776902887138872
candidate,internal_validation,2022-03-02,2022-03-03,2022-03-04,EURUSD,0.008036115408722067,-1,2022-03-04T17:00:00+00:00,2022-03-04T20:00:00+00:00,1.09089,1.09259,1.0946710714285715,37.81071428571456,time_exit,-17.000000000000348,-0.4892793048077888,-0.509114952299996,-0.5289505997922034
control,internal_validation,2022-03-02,2022-03-03,2022-03-04,EURUSD,,-1,2022-03-04T17:00:00+00:00,2022-03-04T20:00:00+00:00,1.09089,1.09259,1.0946710714285715,37.81071428571456,time_exit,-17.000000000000348,-0.4892793048077888,-0.509114952299996,-0.5289505997922034
candidate,internal_validation,2022-03-03,2022-03-04,2022-03-07,EURUSD,0.023064085266403245,-1,2022-03-07T17:00:00+00:00,2022-03-07T20:00:00+00:00,1.08912,1.08748,1.0944150000000001,52.95000000000002,time_exit,16.40000000000086,0.28139754485365165,0.2672332389046431,0.25306893295563465
control,internal_validation,2022-03-03,2022-03-04,2022-03-07,EURUSD,,-1,2022-03-07T17:00:00+00:00,2022-03-07T20:00:00+00:00,1.08912,1.08748,1.0944150000000001,52.95000000000002,time_exit,16.40000000000086,0.28139754485365165,0.2672332389046431,0.25306893295563465
candidate,internal_validation,2022-03-04,2022-03-07,2022-03-08,GBPUSD,0.03775726765707521,-1,2022-03-08T17:00:00+00:00,2022-03-08T20:00:00+00:00,1.31256,1.31337,1.3160967857142856,35.367857142856884,time_exit,-8.099999999999774,-0.285570029284051,-0.31384428960920524,-0.3421185499343594
control,internal_validation,2022-03-04,2022-03-07,2022-03-08,GBPUSD,,-1,2022-03-08T17:00:00+00:00,2022-03-08T20:00:00+00:00,1.31256,1.31337,1.3160967857142856,35.367857142856884,time_exit,-8.099999999999774,-0.285570029284051,-0.31384428960920524,-0.3421185499343594
candidate,internal_validation,2022-03-07,2022-03-08,2022-03-09,GBPUSD,0.06539090130833691,1,2022-03-09T17:00:00+00:00,2022-03-09T20:00:00+00:00,1.3165499999999999,1.31824,1.3133764285714284,31.73571428571473,time_exit,16.900000000001913,0.46950258834126457,0.43799234751299587,0.4064821066847271
control,internal_validation,2022-03-07,2022-03-08,2022-03-09,EURUSD,,1,2022-03-09T17:00:00+00:00,2022-03-09T20:00:00+00:00,1.1031,1.10919,1.0995942857142857,35.05714285714271,time_exit,60.89999999999929,1.6943765281173464,1.6729828850855615,1.6515892420537766
candidate,internal_validation,2022-03-08,2022-03-09,2022-03-10,GBPUSD,0.05649527210746319,1,2022-03-10T17:00:00+00:00,2022-03-10T19:00:00+00:00,1.31328,1.3095567857142858,1.3095567857142858,37.23214285714291,stop,-37.232142857142044,-1.0537170263788735,-1.0805755395683219,-1.1074340527577704
control,internal_validation,2022-03-08,2022-03-09,2022-03-10,EURUSD,,1,2022-03-10T17:00:00+00:00,2022-03-10T20:00:00+00:00,1.10167,1.09906,1.0969385714285713,47.31428571428569,time_exit,-26.100000000000012,-0.5833333333333339,-0.5991847826086962,-0.6150362318840585
candidate,internal_validation,2022-03-09,2022-03-10,2022-03-11,USDJPY,0.0715266885087662,1,2022-03-11T17:00:00+00:00,2022-03-11T20:00:00+00:00,116.899,117.198,116.66114285714286,23.785714285713965,time_exit,29.89999999999924,1.193993993993978,1.1624624624624462,1.1309309309309141
control,internal_validation,2022-03-09,2022-03-10,2022-03-11,EURUSD,,-1,2022-03-11T17:00:00+00:00,2022-03-11T20:00:00+00:00,1.09818,1.09163,1.102032857142857,38.52857142857165,time_exit,65.49999999999834,1.6611049314052122,1.641638857990307,1.6221727845754017
candidate,internal_validation,2022-03-10,2022-03-11,2022-03-14,USDJPY,0.05141642016639314,1,2022-03-14T17:00:00+00:00,2022-03-14T20:00:00+00:00,117.905,117.972,117.671,23.400000000000126,time_exit,6.6999999999993065,0.22222222222219137,0.19017094017090952,0.15811965811962764
control,internal_validation,2022-03-10,2022-03-11,2022-03-14,USDJPY,,1,2022-03-14T17:00:00+00:00,2022-03-14T20:00:00+00:00,117.905,117.972,117.671,23.400000000000126,time_exit,6.6999999999993065,0.22222222222219137,0.19017094017090952,0.15811965811962764
candidate,internal_validation,2022-03-11,2022-03-14,2022-03-15,USDJPY,0.03801112983016908,1,2022-03-15T17:00:00+00:00,2022-03-15T20:00:00+00:00,118.123,118.34,117.81367857142858,30.932142857142708,time_exit,21.699999999999875,0.6530423738598305,0.628795751068005,0.6045491282761795
control,internal_validation,2022-03-11,2022-03-14,2022-03-15,USDJPY,,1,2022-03-15T17:00:00+00:00,2022-03-15T20:00:00+00:00,118.123,118.34,117.81367857142858,30.932142857142708,time_exit,21.699999999999875,0.6530423738598305,0.628795751068005,0.6045491282761795
candidate,internal_validation,2022-03-14,2022-03-15,2022-03-16,USDJPY,0.021218338168008666,1,2022-03-16T17:00:00+00:00,2022-03-16T20:00:00+00:00,118.415,118.595,118.24903571428572,16.596428571428643,time_exit,17.99999999999926,0.9941897998708357,0.9489993544221593,0.9038089089734829
control,internal_validation,2022-03-14,2022-03-15,2022-03-16,USDJPY,,1,2022-03-16T17:00:00+00:00,2022-03-16T20:00:00+00:00,118.415,118.595,118.24903571428572,16.596428571428643,time_exit,17.99999999999926,0.9941897998708357,0.9489993544221593,0.9038089089734829
candidate,internal_validation,2022-03-16,2022-03-17,2022-03-18,USDJPY,0.0286592849339824,-1,2022-03-18T17:00:00+00:00,2022-03-18T20:00:00+00:00,119.216,119.164,119.41582142857142,19.98214285714265,time_exit,5.19999999999925,0.1851653261840573,0.14763181411971374,0.11009830205537019
control,internal_validation,2022-03-16,2022-03-17,2022-03-18,EURUSD,,1,2022-03-18T17:00:00+00:00,2022-03-18T20:00:00+00:00,1.10297,1.10586,1.100315,26.55000000000026,time_exit,28.900000000000592,1.032015065913383,1.003766478342762,0.9755178907721408
candidate,internal_validation,2022-03-17,2022-03-18,2022-03-21,USDJPY,0.021528214810153212,1,2022-03-21T17:00:00+00:00,2022-03-21T20:00:00+00:00,119.139,119.373,119.01792857142857,12.107142857142808,time_exit,23.400000000000887,1.8088495575222046,1.746902654867337,1.6849557522124694
control,internal_validation,2022-03-17,2022-03-18,2022-03-21,USDJPY,,1,2022-03-21T17:00:00+00:00,2022-03-21T20:00:00+00:00,119.139,119.373,119.01792857142857,12.107142857142808,time_exit,23.400000000000887,1.8088495575222046,1.746902654867337,1.6849557522124694
candidate,internal_validation,2022-03-18,2022-03-21,2022-03-22,USDJPY,0.011880620513215367,1,2022-03-22T17:00:00+00:00,2022-03-22T20:00:00+00:00,120.765,120.819,120.40746428571428,35.75357142857146,time_exit,5.400000000000205,0.10908001198682013,0.08810308660474044,0.06712616122266074
control,internal_validation,2022-03-18,2022-03-21,2022-03-22,EURUSD,,-1,2022-03-22T17:00:00+00:00,2022-03-22T20:00:00+00:00,1.10337,1.10233,1.1062767857142857,29.067857142856294,time_exit,10.399999999999299,0.3061801204078973,0.28037842486790393,0.2545767293279106
candidate,internal_validation,2022-03-21,2022-03-22,2022-03-23,USDJPY,0.0494801686122468,1,2022-03-23T17:00:00+00:00,2022-03-23T20:00:00+00:00,120.969,121.066,120.672,29.699999999999605,time_exit,9.700000000000841,0.2760942760943081,0.2508417508417825,0.22558922558925693
control,internal_validation,2022-03-21,2022-03-22,2022-03-23,USDJPY,,1,2022-03-23T17:00:00+00:00,2022-03-23T20:00:00+00:00,120.969,121.066,120.672,29.699999999999605,time_exit,9.700000000000841,0.2760942760943081,0.2508417508417825,0.22558922558925693
candidate,internal_validation,2022-03-22,2022-03-23,2022-03-24,GBPUSD,0.032250318058032246,-1,2022-03-24T17:00:00+00:00,2022-03-24T20:00:00+00:00,1.3192,1.3171300000000001,1.3223467857142857,31.46785714285727,time_exit,20.699999999997942,0.5942571785267736,0.5624787197820229,0.5307002610372722
control,internal_validation,2022-03-22,2022-03-23,2022-03-24,GBPUSD,,-1,2022-03-24T17:00:00+00:00,2022-03-24T20:00:00+00:00,1.3192,1.3171300000000001,1.3223467857142857,31.46785714285727,time_exit,20.699999999997942,0.5942571785267736,0.5624787197820229,0.5307002610372722
candidate,internal_validation,2022-03-23,2022-03-24,2022-03-25,USDJPY,0.03532253609955771,1,2022-03-25T17:00:00+00:00,2022-03-25T20:00:00+00:00,122.018,122.103,121.57817857142857,43.98214285714275,time_exit,8.499999999999375,0.15915550142101745,0.14210312626876406,0.12505075111651065
control,internal_validation,2022-03-23,2022-03-24,2022-03-25,USDJPY,,1,2022-03-25T17:00:00+00:00,2022-03-25T20:00:00+00:00,122.018,122.103,121.57817857142857,43.98214285714275,time_exit,8.499999999999375,0.15915550142101745,0.14210312626876406,0.12505075111651065
candidate,internal_validation,2022-03-24,2022-03-25,2022-03-28,GBPUSD,0.13170449689565888,1,2022-03-28T17:00:00+00:00,2022-03-28T20:00:00+00:00,1.30817,1.309,1.3045260714285714,36.43928571428629,time_exit,8.299999999998864,0.17289032637456178,0.1454474174262137,0.1180045084778656
control,internal_validation,2022-03-24,2022-03-25,2022-03-28,GBPUSD,,1,2022-03-28T17:00:00+00:00,2022-03-28T20:00:00+00:00,1.30817,1.309,1.3045260714285714,36.43928571428629,time_exit,8.299999999998864,0.17289032637456178,0.1454474174262137,0.1180045084778656
candidate,internal_validation,2022-03-25,2022-03-28,2022-03-29,EURUSD,0.017122134834899105,1,2022-03-29T17:00:00+00:00,2022-03-29T19:00:00+00:00,1.11297,1.1085128571428573,1.1085128571428573,44.57142857142818,stop,-44.57142857142715,-1.0336538461538234,-1.0504807692307465,-1.0673076923076699
control,internal_validation,2022-03-25,2022-03-28,2022-03-29,USDJPY,,1,2022-03-29T17:00:00+00:00,2022-03-29T20:00:00+00:00,122.276,122.66,121.52889285714285,74.71071428571443,time_exit,38.400000000000034,0.49390506238347864,0.48386634160332664,0.47382762082317464
candidate,internal_validation,2022-03-29,2022-03-30,2022-03-31,EURUSD,0.00815257961432847,1,2022-03-31T17:00:00+00:00,2022-03-31T20:00:00+00:00,1.10929,1.10816,1.1062825,30.075000000000273,time_exit,-11.300000000000754,-0.4256026600166463,-0.4505403158769952,-0.47547797173734413
control,internal_validation,2022-03-29,2022-03-30,2022-03-31,EURUSD,,1,2022-03-31T17:00:00+00:00,2022-03-31T20:00:00+00:00,1.10929,1.10816,1.1062825,30.075000000000273,time_exit,-11.300000000000754,-0.4256026600166463,-0.4505403158769952,-0.47547797173734413
candidate,internal_validation,2022-03-30,2022-03-31,2022-04-01,GBPUSD,0.040401225968236254,-1,2022-04-01T17:00:00+00:00,2022-04-01T20:00:00+00:00,1.30997,1.31048,1.312252142857143,22.821428571428676,time_exit,-5.1000000000001044,-0.3111111111111143,-0.3549295774647917,-0.3987480438184691
control,internal_validation,2022-03-30,2022-03-31,2022-04-01,EURUSD,,-1,2022-04-01T17:00:00+00:00,2022-04-01T20:00:00+00:00,1.10453,1.10403,1.1070660714285714,25.360714285714607,time_exit,4.999999999999449,0.13800873116460124,0.1084354316293249,0.07886213209404855
candidate,internal_validation,2022-03-31,2022-04-01,2022-04-04,USDJPY,0.03006892435727937,1,2022-04-04T17:00:00+00:00,2022-04-04T20:00:00+00:00,122.759,122.747,122.48867857142858,27.032142857142816,time_exit,-1.2000000000000455,-0.09988109393579256,-0.12762584225129003,-0.15537059056678748
control,internal_validation,2022-03-31,2022-04-01,2022-04-04,USDJPY,,1,2022-04-04T17:00:00+00:00,2022-04-04T20:00:00+00:00,122.759,122.747,122.48867857142858,27.032142857142816,time_exit,-1.2000000000000455,-0.09988109393579256,-0.12762584225129003,-0.15537059056678748
candidate,internal_validation,2022-04-01,2022-04-04,2022-04-05,GBPUSD,0.007475888346459403,-1,2022-04-05T17:00:00+00:00,2022-04-05T20:00:00+00:00,1.3161,1.30849,1.3185964285714284,24.964285714285104,time_exit,76.10000000000116,2.9682403433477584,2.9281831187411766,2.888125894134595
control,internal_validation,2022-04-01,2022-04-04,2022-04-05,EURUSD,,-1,2022-04-05T17:00:00+00:00,2022-04-05T20:00:00+00:00,1.0969,1.09142,1.0990085714285713,21.085714285714438,time_exit,54.799999999999294,2.527777777777726,2.492208672086669,2.4566395663956127
candidate,internal_validation,2022-04-04,2022-04-05,2022-04-06,USDJPY,0.017316544587057336,1,2022-04-06T17:00:00+00:00,2022-04-06T20:00:00+00:00,123.861,123.748,123.55875,30.22500000000013,time_exit,-11.299999999999955,-0.4234904880066137,-0.4483043837882513,-0.47311827956988894
control,internal_validation,2022-04-04,2022-04-05,2022-04-06,USDJPY,,1,2022-04-06T17:00:00+00:00,2022-04-06T20:00:00+00:00,123.861,123.748,123.55875,30.22500000000013,time_exit,-11.299999999999955,-0.4234904880066137,-0.4483043837882513,-0.47311827956988894
candidate,internal_validation,2022-04-05,2022-04-06,2022-04-07,GBPUSD,0.013047346466011467,-1,2022-04-07T17:00:00+00:00,2022-04-07T20:00:00+00:00,1.30691,1.30545,1.3093303571428572,24.20357142857131,time_exit,14.600000000000168,0.5205843293492791,0.4792681127342575,0.4379518961192359
control,internal_validation,2022-04-05,2022-04-06,2022-04-07,USDJPY,,1,2022-04-07T17:00:00+00:00,2022-04-07T20:00:00+00:00,123.945,123.92,123.72632142857142,21.867857142857417,time_exit,-2.4999999999991473,-0.1829168708149187,-0.21721378409272327,-0.25151069737052784
candidate,internal_validation,2022-04-06,2022-04-07,2022-04-08,GBPUSD,0.015244723378694758,-1,2022-04-08T17:00:00+00:00,2022-04-08T17:00:00+00:00,1.29843,1.30101,1.30101,25.800000000001297,stop,-25.800000000000267,-1.0775193798449174,-1.116279069767396,-1.1550387596898748
control,internal_validation,2022-04-06,2022-04-07,2022-04-08,EURUSD,,-1,2022-04-08T17:00:00+00:00,2022-04-08T17:00:00+00:00,1.084,1.0864321428571428,1.0864321428571428,24.32142857142851,stop,-24.321428571427717,-1.0616740088105403,-1.0925110132158267,-1.123348017621113
candidate,internal_validation,2022-04-07,2022-04-08,2022-04-11,GBPUSD,0.020597776190961925,-1,2022-04-11T17:00:00+00:00,2022-04-11T20:00:00+00:00,1.3026,1.30248,1.3056053571428572,30.053571428571566,time_exit,1.1999999999989797,-0.02661913250151927,-0.059893048128375925,-0.09316696375523258
control,internal_validation,2022-04-07,2022-04-08,2022-04-11,USDJPY,,1,2022-04-11T17:00:00+00:00,2022-04-11T20:00:00+00:00,125.549,125.512,125.16639285714287,38.26071428571411,time_exit,-3.700000000000614,-0.13590964249044887,-0.15551199477272282,-0.1751143470549968
candidate,internal_validation,2022-04-08,2022-04-11,2022-04-12,USDJPY,0.020198740815018157,1,2022-04-12T17:00:00+00:00,2022-04-12T20:00:00+00:00,125.275,125.238,124.87610714285715,39.889285714285705,time_exit,-3.700000000000614,-0.13036082012715303,-0.14916286149164404,-0.16796490285613505
control,internal_validation,2022-04-08,2022-04-11,2022-04-12,USDJPY,,1,2022-04-12T17:00:00+00:00,2022-04-12T20:00:00+00:00,125.275,125.238,124.87610714285715,39.889285714285705,time_exit,-3.700000000000614,-0.13036082012715303,-0.14916286149164404,-0.16796490285613505
candidate,internal_validation,2022-04-11,2022-04-12,2022-04-13,EURUSD,0.0034102449256530054,-1,2022-04-13T17:00:00+00:00,2022-04-13T17:00:00+00:00,1.08168,1.0840467857142857,1.0840467857142857,23.66785714285732,stop,-23.66785714285724,-1.0633770937075562,-1.095065640561336,-1.1267541874151157
control,internal_validation,2022-04-11,2022-04-12,2022-04-13,EURUSD,,-1,2022-04-13T17:00:00+00:00,2022-04-13T17:00:00+00:00,1.08168,1.0840467857142857,1.0840467857142857,23.66785714285732,stop,-23.66785714285724,-1.0633770937075562,-1.095065640561336,-1.1267541874151157
candidate,internal_validation,2022-04-12,2022-04-13,2022-04-14,GBPUSD,0.022493957059576353,1,2022-04-14T17:00:00+00:00,2022-04-14T20:00:00+00:00,1.30375,1.30572,1.3006439285714286,31.060714285713885,time_exit,19.700000000000273,0.5698516729907026,0.5376566632172171,0.5054616534437315
control,internal_validation,2022-04-12,2022-04-13,2022-04-14,GBPUSD,,1,2022-04-14T17:00:00+00:00,2022-04-14T20:00:00+00:00,1.30375,1.30572,1.3006439285714286,31.060714285713885,time_exit,19.700000000000273,0.5698516729907026,0.5376566632172171,0.5054616534437315
candidate,internal_validation,2022-04-13,2022-04-14,2022-04-18,EURUSD,0.0014608729527487707,-1,2022-04-18T17:00:00+00:00,2022-04-18T20:00:00+00:00,1.08007,1.07728,1.0819878571428572,19.178571428571694,time_exit,27.900000000000702,1.3765363128491797,1.3374301675977835,1.2983240223463874
control,internal_validation,2022-04-13,2022-04-14,2022-04-18,EURUSD,,-1,2022-04-18T17:00:00+00:00,2022-04-18T20:00:00+00:00,1.08007,1.07728,1.0819878571428572,19.178571428571694,time_exit,27.900000000000702,1.3765363128491797,1.3374301675977835,1.2983240223463874
candidate,internal_validation,2022-04-14,2022-04-18,2022-04-19,USDJPY,0.01578785454992926,1,2022-04-19T17:00:00+00:00,2022-04-19T20:00:00+00:00,128.674,128.754,128.21135714285714,46.26428571428538,time_exit,7.999999999998408,0.14049714373935213,0.124285934846346,0.10807472595333986
control,internal_validation,2022-04-14,2022-04-18,2022-04-19,USDJPY,,1,2022-04-19T17:00:00+00:00,2022-04-19T20:00:00+00:00,128.674,128.754,128.21135714285714,46.26428571428538,time_exit,7.999999999998408,0.14049714373935213,0.124285934846346,0.10807472595333986
candidate,internal_validation,2022-04-18,2022-04-19,2022-04-20,USDJPY,0.01990357125551201,1,2022-04-20T17:00:00+00:00,2022-04-20T20:00:00+00:00,127.906,127.889,127.28221428571429,62.37857142857146,time_exit,-1.7000000000010118,-0.05129966792627292,-0.06332302759648933,-0.07534638726670576
control,internal_validation,2022-04-18,2022-04-19,2022-04-20,USDJPY,,1,2022-04-20T17:00:00+00:00,2022-04-20T20:00:00+00:00,127.906,127.889,127.28221428571429,62.37857142857146,time_exit,-1.7000000000010118,-0.05129966792627292,-0.06332302759648933,-0.07534638726670576
candidate,internal_validation,2022-04-19,2022-04-20,2022-04-21,EURUSD,0.00631881706552595,1,2022-04-21T17:00:00+00:00,2022-04-21T18:00:00+00:00,1.08719,1.0838750000000001,1.0838750000000001,33.14999999999973,stop,-33.149999999999565,-1.045248868778276,-1.0678733031674164,-1.090497737556557
control,internal_validation,2022-04-19,2022-04-20,2022-04-21,USDJPY,,-1,2022-04-21T17:00:00+00:00,2022-04-21T20:00:00+00:00,128.433,128.597,128.88192857142857,44.89285714285711,time_exit,-16.40000000000157,-0.3987271280827719,-0.41543357199685305,-0.4321400159109342
candidate,internal_validation,2022-04-20,2022-04-21,2022-04-22,EURUSD,0.0057353585661750195,1,2022-04-22T17:00:00+00:00,2022-04-22T17:00:00+00:00,1.08061,1.078105,1.078105,25.04999999999995,stop,-25.049999999999795,-1.059880239520952,-1.089820359281431,-1.1197604790419102
control,internal_validation,2022-04-20,2022-04-21,2022-04-22,USDJPY,,1,2022-04-22T17:00:00+00:00,2022-04-22T20:00:00+00:00,128.426,128.892,128.00096428571428,42.50357142857081,time_exit,46.60000000000082,1.0610873035879684,1.0434417275859516,1.0257961515839347
candidate,internal_validation,2022-04-21,2022-04-22,2022-04-25,GBPUSD,0.08912639479972007,-1,2022-04-25T17:00:00+00:00,2022-04-25T20:00:00+00:00,1.27317,1.27297,1.2770014285714286,38.31428571428621,time_exit,1.9999999999997797,-5.7489848493638986e-15,-0.026099925428789902,-0.05219985085757406
control,internal_validation,2022-04-21,2022-04-22,2022-04-25,GBPUSD,,-1,2022-04-25T17:00:00+00:00,2022-04-25T20:00:00+00:00,1.27317,1.27297,1.2770014285714286,38.31428571428621,time_exit,1.9999999999997797,-5.7489848493638986e-15,-0.026099925428789902,-0.05219985085757406
candidate,internal_validation,2022-04-22,2022-04-25,2022-04-26,EURUSD,0.0021197190572630475,-1,2022-04-26T17:00:00+00:00,2022-04-26T20:00:00+00:00,1.06743,1.06591,1.070132142857143,27.021428571428828,time_exit,15.200000000001879,0.5070050224690047,0.479249273063771,0.45149352365853734
control,internal_validation,2022-04-22,2022-04-25,2022-04-26,USDJPY,,-1,2022-04-26T17:00:00+00:00,2022-04-26T20:00:00+00:00,127.154,127.526,127.60903571428571,45.50357142857112,time_exit,-37.19999999999999,-0.8504826936661227,-0.8669649164115902,-0.8834471391570577
candidate,internal_validation,2022-04-25,2022-04-26,2022-04-27,GBPUSD,0.012600466683951206,-1,2022-04-27T17:00:00+00:00,2022-04-27T20:00:00+00:00,1.25619,1.25674,1.2603428571428572,41.52857142857204,time_exit,-5.5000000000005045,-0.18059855521156779,-0.20467836257310854,-0.22875816993464929
control,internal_validation,2022-04-25,2022-04-26,2022-04-27,GBPUSD,,-1,2022-04-27T17:00:00+00:00,2022-04-27T20:00:00+00:00,1.25619,1.25674,1.2603428571428572,41.52857142857204,time_exit,-5.5000000000005045,-0.18059855521156779,-0.20467836257310854,-0.22875816993464929
candidate,internal_validation,2022-04-26,2022-04-27,2022-04-28,USDJPY,0.031152870715796865,1,2022-04-28T17:00:00+00:00,2022-04-28T20:00:00+00:00,130.896,130.962,130.07732142857142,81.86785714285642,time_exit,6.60000000000025,0.062295511058765546,0.053134406491300475,0.0439733019238354
control,internal_validation,2022-04-26,2022-04-27,2022-04-28,EURUSD,,-1,2022-04-28T17:00:00+00:00,2022-04-28T20:00:00+00:00,1.05083,1.05125,1.0554660714285713,46.36071428571467,time_exit,-4.20000000000087,-0.12294892535245591,-0.13912641553040817,-0.15530390570836042
candidate,internal_validation,2022-04-27,2022-04-28,2022-04-29,USDJPY,0.029913937268018165,1,2022-04-29T17:00:00+00:00,2022-04-29T17:00:00+00:00,130.067,129.60832142857143,129.60832142857143,45.86785714285813,stop,-45.867857142857815,-1.0327026395701864,-1.049053959355283,-1.0654052791403796
control,internal_validation,2022-04-27,2022-04-28,2022-04-29,USDJPY,,1,2022-04-29T17:00:00+00:00,2022-04-29T17:00:00+00:00,130.067,129.60832142857143,129.60832142857143,45.86785714285813,stop,-45.867857142857815,-1.0327026395701864,-1.049053959355283,-1.0654052791403796
candidate,internal_validation,2022-04-28,2022-04-29,2022-05-02,EURUSD,0.012901236524590631,1,2022-05-02T17:00:00+00:00,2022-05-02T20:00:00+00:00,1.05232,1.05095,1.0496092857142856,27.10714285714296,time_exit,-13.699999999998713,-0.5607378129116763,-0.5884057971013995,-0.6160737812911228
control,internal_validation,2022-04-28,2022-04-29,2022-05-02,USDJPY,,-1,2022-05-02T17:00:00+00:00,2022-05-02T20:00:00+00:00,130.142,130.175,130.51089285714284,36.889285714285236,time_exit,-3.300000000001546,-0.13011908219580312,-0.1504501887888908,-0.17078129538197848
candidate,internal_validation,2022-04-29,2022-05-02,2022-05-03,GBPUSD,0.0012524542577918574,-1,2022-05-03T17:00:00+00:00,2022-05-03T20:00:00+00:00,1.25385,1.24881,1.2577885714285713,39.38571428571442,time_exit,50.39999999999933,1.228871962277817,1.2034820457018287,1.1780921291258404
control,internal_validation,2022-04-29,2022-05-02,2022-05-03,GBPUSD,,-1,2022-05-03T17:00:00+00:00,2022-05-03T20:00:00+00:00,1.25385,1.24881,1.2577885714285713,39.38571428571442,time_exit,50.39999999999933,1.228871962277817,1.2034820457018287,1.1780921291258404
candidate,internal_validation,2022-05-02,2022-05-03,2022-05-04,USDJPY,0.009044255076503971,-1,2022-05-04T17:00:00+00:00,2022-05-04T20:00:00+00:00,130.069,130.006,130.23935714285713,17.03571428571493,time_exit,6.299999999998818,0.2817610062892281,0.23773584905652537,0.19371069182382264
control,internal_validation,2022-05-02,2022-05-03,2022-05-04,GBPUSD,,-1,2022-05-04T17:00:00+00:00,2022-05-04T20:00:00+00:00,1.24856,1.2494399999999999,1.251512857142857,29.528571428571702,time_exit,-8.799999999999919,-0.3657474600870766,-0.39961296565069504,-0.4334784712143135
candidate,internal_validation,2022-05-03,2022-05-04,2022-05-05,GBPUSD,0.012336671257864085,1,2022-05-05T17:00:00+00:00,2022-05-05T20:00:00+00:00,1.2386,1.2338,1.2321157142857142,64.84285714285753,time_exit,-47.999999999999154,-0.7710949548358493,-0.7865168539325665,-0.8019387530292839
control,internal_validation,2022-05-03,2022-05-04,2022-05-05,EURUSD,,1,2022-05-05T17:00:00+00:00,2022-05-05T18:00:00+00:00,1.05565,1.0523328571428572,1.0523328571428572,33.171428571428436,stop,-33.17142857142796,-1.04521963824288,-1.067829457364327,-1.0904392764857742
candidate,internal_validation,2022-05-04,2022-05-05,2022-05-06,GBPUSD,0.019434148206983748,-1,2022-05-06T17:00:00+00:00,2022-05-06T20:00:00+00:00,1.23236,1.23571,1.2381082142857143,57.48214285714307,time_exit,-33.50000000000186,-0.6175831003417511,-0.6349798073936306,-0.6523765144455099
control,internal_validation,2022-05-04,2022-05-05,2022-05-06,GBPUSD,,-1,2022-05-06T17:00:00+00:00,2022-05-06T20:00:00+00:00,1.23236,1.23571,1.2381082142857143,57.48214285714307,time_exit,-33.50000000000186,-0.6175831003417511,-0.6349798073936306,-0.6523765144455099
candidate,internal_validation,2022-05-06,2022-05-09,2022-05-10,EURUSD,0.005720118777172711,1,2022-05-10T17:00:00+00:00,2022-05-10T20:00:00+00:00,1.05439,1.05339,1.0515303571428571,28.59642857142892,time_exit,-9.999999999998899,-0.4021481203946113,-0.42837517172469713,-0.454602223054783
control,internal_validation,2022-05-06,2022-05-09,2022-05-10,USDJPY,,-1,2022-05-10T17:00:00+00:00,2022-05-10T20:00:00+00:00,130.09,130.247,130.51953571428572,42.95357142857159,time_exit,-15.700000000001069,-0.40043236052218184,-0.41789307391704333,-0.4353537873119048
candidate,internal_validation,2022-05-09,2022-05-10,2022-05-11,EURUSD,0.0019574618103039843,-1,2022-05-11T17:00:00+00:00,2022-05-11T20:00:00+00:00,1.05606,1.05307,1.0590546428571428,29.946428571428484,time_exit,29.90000000000048,0.9483601669648369,0.9233154442456956,0.8982707215265542
control,internal_validation,2022-05-09,2022-05-10,2022-05-11,EURUSD,,-1,2022-05-11T17:00:00+00:00,2022-05-11T20:00:00+00:00,1.05606,1.05307,1.0590546428571428,29.946428571428484,time_exit,29.90000000000048,0.9483601669648369,0.9233154442456956,0.8982707215265542
candidate,internal_validation,2022-05-10,2022-05-11,2022-05-12,EURUSD,0.0015592213257211718,-1,2022-05-12T17:00:00+00:00,2022-05-12T20:00:00+00:00,1.0399,1.0358,1.0438396428571428,39.39642857142853,time_exit,40.99999999999992,1.0026289547638465,0.9835916961290898,0.9645544374943332
control,internal_validation,2022-05-10,2022-05-11,2022-05-12,USDJPY,,-1,2022-05-12T17:00:00+00:00,2022-05-12T20:00:00+00:00,127.948,128.401,128.512,56.400000000000716,time_exit,-45.30000000000172,-0.829787234042573,-0.8430851063829985,-0.8563829787234238
candidate,internal_validation,2022-05-13,2022-05-16,2022-05-17,USDJPY,0.008774643412537753,-1,2022-05-17T17:00:00+00:00,2022-05-17T20:00:00+00:00,129.592,129.357,129.9162142857143,32.421428571428685,time_exit,23.500000000001364,0.6785635602556026,0.6554307116105267,0.6322978629654508
control,internal_validation,2022-05-13,2022-05-16,2022-05-17,GBPUSD,,1,2022-05-17T17:00:00+00:00,2022-05-17T20:00:00+00:00,1.24756,1.24809,1.242855357142857,47.04642857142869,time_exit,5.299999999999194,0.07014347529034935,0.04888787671751103,0.027632278144672697
candidate,internal_validation,2022-05-16,2022-05-17,2022-05-18,EURUSD,0.007589047527583936,1,2022-05-18T17:00:00+00:00,2022-05-18T18:00:00+00:00,1.0518,1.0493517857142858,1.0493517857142858,24.48214285714266,stop,-24.482142857142897,-1.0612691466083253,-1.091903719912483,-1.122538293216641
control,internal_validation,2022-05-16,2022-05-17,2022-05-18,GBPUSD,,1,2022-05-18T17:00:00+00:00,2022-05-18T20:00:00+00:00,1.23947,1.2382900000000001,1.2352967857142858,41.73214285714242,time_exit,-11.799999999999589,-0.3306803594351669,-0.3546427043217739,-0.3786050492083809
candidate,internal_validation,2022-05-18,2022-05-19,2022-05-20,EURUSD,0.0011464906923617235,1,2022-05-20T17:00:00+00:00,2022-05-20T20:00:00+00:00,1.05626,1.05489,1.0536564285714285,26.03571428571427,time_exit,-13.699999999998713,-0.5838134430726533,-0.6126200274347932,-0.6414266117969332
control,internal_validation,2022-05-18,2022-05-19,2022-05-20,GBPUSD,,1,2022-05-20T17:00:00+00:00,2022-05-20T18:00:00+00:00,1.24889,1.2456725,1.2456725,32.175000000000004,stop,-32.17500000000095,-1.0621600621600915,-1.0932400932401225,-1.1243201243201537
candidate,internal_validation,2022-05-19,2022-05-20,2022-05-23,GBPUSD,0.0037868606213928846,-1,2022-05-23T17:00:00+00:00,2022-05-23T20:00:00+00:00,1.25841,1.25683,1.261865357142857,34.55357142857107,time_exit,15.800000000001369,0.3993798449612841,0.3704392764858316,0.34149870801037907
control,internal_validation,2022-05-19,2022-05-20,2022-05-23,EURUSD,,-1,2022-05-23T17:00:00+00:00,2022-05-23T20:00:00+00:00,1.0665499999999999,1.06773,1.0695949999999999,30.45000000000012,time_exit,-11.800000000001809,-0.43678160919546,-0.4614121510673811,-0.48604269293930213
candidate,internal_validation,2022-05-20,2022-05-23,2022-05-24,EURUSD,0.013743654009099826,1,2022-05-24T17:00:00+00:00,2022-05-24T20:00:00+00:00,1.07342,1.07308,1.070285,31.350000000000065,time_exit,-3.4000000000000696,-0.15629984051036871,-0.18022328548644523,-0.20414673046252174
control,internal_validation,2022-05-20,2022-05-23,2022-05-24,EURUSD,,1,2022-05-24T17:00:00+00:00,2022-05-24T20:00:00+00:00,1.07342,1.07308,1.070285,31.350000000000065,time_exit,-3.4000000000000696,-0.15629984051036871,-0.18022328548644523,-0.20414673046252174
candidate,internal_validation,2022-05-23,2022-05-24,2022-05-25,USDJPY,0.000552358062952063,-1,2022-05-25T17:00:00+00:00,2022-05-25T20:00:00+00:00,127.173,127.465,127.52582142857143,35.28214285714293,time_exit,-29.20000000000016,-0.8701285555218167,-0.8913857677902649,-0.912642980058713
control,internal_validation,2022-05-23,2022-05-24,2022-05-25,USDJPY,,-1,2022-05-25T17:00:00+00:00,2022-05-25T20:00:00+00:00,127.173,127.465,127.52582142857143,35.28214285714293,time_exit,-29.20000000000016,-0.8701285555218167,-0.8913857677902649,-0.912642980058713
candidate,internal_validation,2022-05-24,2022-05-25,2022-05-26,USDJPY,0.01117170116647559,1,2022-05-26T17:00:00+00:00,2022-05-26T20:00:00+00:00,127.086,127.353,126.66985714285714,41.61428571428618,time_exit,26.69999999999959,0.6055612770339689,0.5875386199793863,0.5695159629248036
control,internal_validation,2022-05-24,2022-05-25,2022-05-26,USDJPY,,1,2022-05-26T17:00:00+00:00,2022-05-26T20:00:00+00:00,127.086,127.353,126.66985714285714,41.61428571428618,time_exit,26.69999999999959,0.6055612770339689,0.5875386199793863,0.5695159629248036
candidate,internal_validation,2022-05-25,2022-05-26,2022-05-27,EURUSD,0.005741293574592188,1,2022-05-27T17:00:00+00:00,2022-05-27T17:00:00+00:00,1.07444,1.0717228571428572,1.0717228571428572,27.171428571428624,stop,-27.171428571428624,-1.0552050473186119,-1.082807570977918,-1.1104100946372237
control,internal_validation,2022-05-25,2022-05-26,2022-05-27,EURUSD,,1,2022-05-27T17:00:00+00:00,2022-05-27T17:00:00+00:00,1.07444,1.0717228571428572,1.0717228571428572,27.171428571428624,stop,-27.171428571428624,-1.0552050473186119,-1.082807570977918,-1.1104100946372237
candidate,internal_validation,2022-05-27,2022-05-31,2022-06-01,USDJPY,0.012589105809444723,1,2022-06-01T17:00:00+00:00,2022-06-01T20:00:00+00:00,129.367,130.134,129.05896428571427,30.80357142857143,time_exit,76.69999999999959,2.441275362318827,2.4169275362318707,2.392579710144914
control,internal_validation,2022-05-27,2022-05-31,2022-06-01,USDJPY,,1,2022-06-01T17:00:00+00:00,2022-06-01T20:00:00+00:00,129.367,130.134,129.05896428571427,30.80357142857143,time_exit,76.69999999999959,2.441275362318827,2.4169275362318707,2.392579710144914
candidate,internal_validation,2022-05-31,2022-06-01,2022-06-02,GBPUSD,0.011145175691585685,-1,2022-06-02T17:00:00+00:00,2022-06-02T17:00:00+00:00,1.25305,1.2559171428571427,1.2559171428571427,28.671428571428457,stop,-28.67142857142735,-1.0697558545091794,-1.1046337817637883,-1.1395117090183973
control,internal_validation,2022-05-31,2022-06-01,2022-06-02,USDJPY,,1,2022-06-02T17:00:00+00:00,2022-06-02T20:00:00+00:00,129.941,129.781,129.65310714285715,28.789285714286144,time_exit,-15.999999999999659,-0.6078650291526897,-0.6339163875449483,-0.659967745937207
candidate,internal_validation,2022-06-01,2022-06-02,2022-06-03,GBPUSD,0.00850997323539171,1,2022-06-03T17:00:00+00:00,2022-06-03T17:00:00+00:00,1.25684,1.2543275,1.2543275,25.125000000000206,stop,-25.124999999999176,-1.0796019900497096,-1.1194029850745848,-1.1592039800994602
control,internal_validation,2022-06-01,2022-06-02,2022-06-03,GBPUSD,,1,2022-06-03T17:00:00+00:00,2022-06-03T17:00:00+00:00,1.25684,1.2543275,1.2543275,25.125000000000206,stop,-25.124999999999176,-1.0796019900497096,-1.1194029850745848,-1.1592039800994602
candidate,internal_validation,2022-06-02,2022-06-03,2022-06-06,USDJPY,0.04777964444221561,1,2022-06-06T17:00:00+00:00,2022-06-06T20:00:00+00:00,130.946,131.673,130.67225,27.37499999999946,time_exit,72.70000000000039,2.600913242009198,2.5735159817352247,2.5461187214612515
control,internal_validation,2022-06-02,2022-06-03,2022-06-06,USDJPY,,1,2022-06-06T17:00:00+00:00,2022-06-06T20:00:00+00:00,130.946,131.673,130.67225,27.37499999999946,time_exit,72.70000000000039,2.600913242009198,2.5735159817352247,2.5461187214612515
candidate,internal_validation,2022-06-03,2022-06-06,2022-06-07,USDJPY,0.043379241302015314,1,2022-06-07T17:00:00+00:00,2022-06-07T20:00:00+00:00,132.554,132.59,132.13657142857144,41.74285714285699,time_exit,3.6000000000001364,0.05030800821355581,0.03234086242300133,0.014373716632446852
control,internal_validation,2022-06-03,2022-06-06,2022-06-07,USDJPY,,1,2022-06-07T17:00:00+00:00,2022-06-07T20:00:00+00:00,132.554,132.59,132.13657142857144,41.74285714285699,time_exit,3.6000000000001364,0.05030800821355581,0.03234086242300133,0.014373716632446852
candidate,internal_validation,2022-06-06,2022-06-07,2022-06-08,EURUSD,0.049976164778474,1,2022-06-08T17:00:00+00:00,2022-06-08T20:00:00+00:00,1.0741,1.07284,1.0715907142857144,25.092857142857376,time_exit,-12.600000000000389,-0.5619128949615816,-0.591801878736133,-0.6216908625106844
control,internal_validation,2022-06-06,2022-06-07,2022-06-08,USDJPY,,1,2022-06-08T17:00:00+00:00,2022-06-08T17:00:00+00:00,134.091,133.61764285714287,133.61764285714287,47.335714285714346,stop,-47.33571428571395,-1.0316885468537715,-1.0475328202806615,-1.0633770937075515
candidate,internal_validation,2022-06-07,2022-06-08,2022-06-09,GBPUSD,0.1072552643585718,-1,2022-06-09T17:00:00+00:00,2022-06-09T20:00:00+00:00,1.25518,1.25144,1.2584317857142857,32.51785714285773,time_exit,37.39999999999854,1.0886326194398037,1.0578802855573222,1.0271279516748406
control,internal_validation,2022-06-07,2022-06-08,2022-06-09,USDJPY,,1,2022-06-09T17:00:00+00:00,2022-06-09T20:00:00+00:00,133.705,134.156,133.15160714285716,55.33928571428564,time_exit,45.09999999999934,0.7878670538883402,0.7743142949338387,0.7607615359793373
candidate,internal_validation,2022-06-08,2022-06-09,2022-06-10,EURUSD,0.061068433844158054,-1,2022-06-10T17:00:00+00:00,2022-06-10T20:00:00+00:00,1.05265,1.05166,1.0556007142857144,29.507142857143226,time_exit,9.900000000000464,0.2846768336964537,0.25925925925927173,0.23384168482208978
control,internal_validation,2022-06-08,2022-06-09,2022-06-10,EURUSD,,-1,2022-06-10T17:00:00+00:00,2022-06-10T20:00:00+00:00,1.05265,1.05166,1.0556007142857144,29.507142857143226,time_exit,9.900000000000464,0.2846768336964537,0.25925925925927173,0.23384168482208978
candidate,internal_validation,2022-06-09,2022-06-10,2022-06-13,GBPUSD,0.008735974521917322,-1,2022-06-13T17:00:00+00:00,2022-06-13T20:00:00+00:00,1.21786,1.21733,1.2218532142857144,39.93214285714348,time_exit,5.299999999999194,0.08264019318484571,0.057597710401553016,0.032555227618260324
control,internal_validation,2022-06-09,2022-06-10,2022-06-13,GBPUSD,,-1,2022-06-13T17:00:00+00:00,2022-06-13T20:00:00+00:00,1.21786,1.21733,1.2218532142857144,39.93214285714348,time_exit,5.299999999999194,0.08264019318484571,0.057597710401553016,0.032555227618260324
candidate,internal_validation,2022-06-10,2022-06-13,2022-06-14,GBPUSD,0.013527636281251976,-1,2022-06-14T17:00:00+00:00,2022-06-14T20:00:00+00:00,1.20543,1.19946,1.2105214285714285,50.91428571428524,time_exit,59.70000000000031,1.1332772166105665,1.11363636363638,1.0939955106621935
control,internal_validation,2022-06-10,2022-06-13,2022-06-14,GBPUSD,,-1,2022-06-14T17:00:00+00:00,2022-06-14T20:00:00+00:00,1.20543,1.19946,1.2105214285714285,50.91428571428524,time_exit,59.70000000000031,1.1332772166105665,1.11363636363638,1.0939955106621935
candidate,internal_validation,2022-06-13,2022-06-14,2022-06-15,GBPUSD,0.028723987251409788,-1,2022-06-15T17:00:00+00:00,2022-06-15T20:00:00+00:00,1.20766,1.2064300000000001,1.2121760714285714,45.16071428571442,time_exit,12.299999999998423,0.22807433768284302,0.20593119810198107,0.18378805852111915
control,internal_validation,2022-06-13,2022-06-14,2022-06-15,GBPUSD,,-1,2022-06-15T17:00:00+00:00,2022-06-15T20:00:00+00:00,1.20766,1.2064300000000001,1.2121760714285714,45.16071428571442,time_exit,12.299999999998423,0.22807433768284302,0.20593119810198107,0.18378805852111915
candidate,internal_validation,2022-06-15,2022-06-16,2022-06-17,EURUSD,0.003616519987530209,1,2022-06-17T17:00:00+00:00,2022-06-17T17:00:00+00:00,1.04844,1.0450960714285715,1.0450960714285715,33.439285714285916,stop,-33.43928571428511,-1.0448574174943686,-1.0672861262415647,-1.089714834988761
control,internal_validation,2022-06-15,2022-06-16,2022-06-17,GBPUSD,,1,2022-06-17T17:00:00+00:00,2022-06-17T20:00:00+00:00,1.22273,1.21877,1.2168489285714286,58.810714285715115,time_exit,-39.600000000001856,-0.7073541021437029,-0.7243578065221565,-0.7413615109006102
candidate,internal_validation,2022-06-17,2022-06-21,2022-06-22,USDJPY,0.018666106403342875,1,2022-06-22T17:00:00+00:00,2022-06-22T20:00:00+00:00,135.844,136.237,135.39335714285713,45.0642857142856,time_exit,39.30000000000007,0.8388017118402318,0.8221588207322907,0.8055159296243497
control,internal_validation,2022-06-17,2022-06-21,2022-06-22,USDJPY,,1,2022-06-22T17:00:00+00:00,2022-06-22T20:00:00+00:00,135.844,136.237,135.39335714285713,45.0642857142856,time_exit,39.30000000000007,0.8388017118402318,0.8221588207322907,0.8055159296243497
candidate,internal_validation,2022-06-21,2022-06-22,2022-06-23,EURUSD,0.006547653608578896,1,2022-06-23T17:00:00+00:00,2022-06-23T18:00:00+00:00,1.05438,1.0504875,1.0504875,38.92500000000045,stop,-38.925000000000765,-1.0385356454720693,-1.0578034682081,-1.0770712909441305
control,internal_validation,2022-06-21,2022-06-22,2022-06-23,EURUSD,,1,2022-06-23T17:00:00+00:00,2022-06-23T18:00:00+00:00,1.05438,1.0504875,1.0504875,38.92500000000045,stop,-38.925000000000765,-1.0385356454720693,-1.0578034682081,-1.0770712909441305
candidate,internal_validation,2022-06-22,2022-06-23,2022-06-24,GBPUSD,0.008061982575144233,-1,2022-06-24T17:00:00+00:00,2022-06-24T17:00:00+00:00,1.22713,1.2308135714285715,1.2308135714285715,36.835714285714836,stop,-36.83571428571452,-1.054295132829155,-1.0814426992437367,-1.1085902656583184
control,internal_validation,2022-06-22,2022-06-23,2022-06-24,USDJPY,,-1,2022-06-24T17:00:00+00:00,2022-06-24T20:00:00+00:00,135.09,135.165,135.54814285714286,45.81428571428613,time_exit,-7.499999999998863,-0.19644527595881345,-0.21281571562204996,-0.2291861552852865
candidate,internal_validation,2022-06-24,2022-06-27,2022-06-28,EURUSD,0.006773018869612679,1,2022-06-28T17:00:00+00:00,2022-06-28T17:00:00+00:00,1.05329,1.0506671428571428,1.0506671428571428,26.228571428571488,stop,-26.2285714285726,-1.0571895424837023,-1.0857843137255323,-1.1143790849673625
control,internal_validation,2022-06-24,2022-06-27,2022-06-28,EURUSD,,1,2022-06-28T17:00:00+00:00,2022-06-28T17:00:00+00:00,1.05329,1.0506671428571428,1.0506671428571428,26.228571428571488,stop,-26.2285714285726,-1.0571895424837023,-1.0857843137255323,-1.1143790849673625
candidate,internal_validation,2022-06-27,2022-06-28,2022-06-29,USDJPY,0.025992350109661277,1,2022-06-29T17:00:00+00:00,2022-06-29T18:00:00+00:00,136.979,136.57057142857144,136.57057142857144,40.84285714285727,stop,-40.84285714285727,-1.036726128016789,-1.0550891920251835,-1.073452256033578
control,internal_validation,2022-06-27,2022-06-28,2022-06-29,GBPUSD,,-1,2022-06-29T17:00:00+00:00,2022-06-29T18:00:00+00:00,1.21088,1.2149942857142857,1.2149942857142857,41.142857142857366,stop,-41.142857142857366,-1.048611111111111,-1.0729166666666663,-1.0972222222222217
candidate,internal_validation,2022-06-28,2022-06-29,2022-06-30,USDJPY,0.01664756648034249,1,2022-06-30T17:00:00+00:00,2022-06-30T20:00:00+00:00,135.904,135.668,135.54464285714286,35.935714285714425,time_exit,-23.599999999999,-0.698469489167133,-0.7193400914330841,-0.740210693699035
control,internal_validation,2022-06-28,2022-06-29,2022-06-30,EURUSD,,-1,2022-06-30T17:00:00+00:00,2022-06-30T17:00:00+00:00,1.04167,1.0447460714285717,1.0447460714285717,30.760714285714773,stop,-30.760714285715807,-1.048763497039392,-1.073145245559071,-1.0975269940787502
candidate,internal_validation,2022-06-29,2022-06-30,2022-07-01,GBPUSD,0.009432486683292662,1,2022-07-01T17:00:00+00:00,2022-07-01T20:00:00+00:00,1.2010399999999999,1.20458,1.1971035714285714,39.36428571428547,time_exit,35.400000000000986,0.8484848484848787,0.8230811105062903,0.7976773725277019
control,internal_validation,2022-06-29,2022-06-30,2022-07-01,USDJPY,,-1,2022-07-01T17:00:00+00:00,2022-07-01T20:00:00+00:00,135.435,135.278,135.95828571428572,52.32857142857097,time_exit,15.700000000001069,0.2713622713622942,0.2570297570297797,0.24269724269726525
candidate,internal_validation,2022-06-30,2022-07-01,2022-07-05,GBPUSD,0.0272367679150185,-1,2022-07-05T17:00:00+00:00,2022-07-05T20:00:00+00:00,1.19542,1.19241,1.1995514285714286,41.31428571428588,time_exit,30.09999999999957,0.6801521438450768,0.6559474412171378,0.6317427385891987
control,internal_validation,2022-06-30,2022-07-01,2022-07-05,GBPUSD,,-1,2022-07-05T17:00:00+00:00,2022-07-05T20:00:00+00:00,1.19542,1.19241,1.1995514285714286,41.31428571428588,time_exit,30.09999999999957,0.6801521438450768,0.6559474412171378,0.6317427385891987
candidate,internal_validation,2022-07-01,2022-07-05,2022-07-06,GBPUSD,0.00957005962432067,-1,2022-07-06T17:00:00+00:00,2022-07-06T20:00:00+00:00,1.19107,1.1909399999999999,1.1958207142857142,47.50714285714267,time_exit,1.3000000000018552,-0.014734626371935147,-0.03578409261761257,-0.056833558863289994
control,internal_validation,2022-07-01,2022-07-05,2022-07-06,EURUSD,,-1,2022-07-06T17:00:00+00:00,2022-07-06T20:00:00+00:00,1.01772,1.01729,1.0212342857142855,35.14285714285684,time_exit,4.299999999999304,0.07967479674794838,0.058333333333314044,0.03699186991867971
candidate,internal_validation,2022-07-05,2022-07-06,2022-07-07,GBPUSD,0.018630807860715137,-1,2022-07-07T17:00:00+00:00,2022-07-07T20:00:00+00:00,1.20062,1.20079,1.2048725,42.52500000000023,time_exit,-1.7000000000000348,-0.08700764256319846,-0.11052322163433295,-0.13403880070546745
control,internal_validation,2022-07-05,2022-07-06,2022-07-07,EURUSD,,-1,2022-07-07T17:00:00+00:00,2022-07-07T20:00:00+00:00,1.01847,1.01551,1.0215739285714285,31.039285714285885,time_exit,29.600000000000737,0.9053043378207528,0.8811414106547192,0.8569784834886854
candidate,internal_validation,2022-07-06,2022-07-07,2022-07-08,USDJPY,0.020735662855696946,1,2022-07-08T17:00:00+00:00,2022-07-08T20:00:00+00:00,136.265,136.172,135.75639285714283,50.86071428571444,time_exit,-9.299999999998931,-0.21234463871916942,-0.22709079418577988,-0.24183694965239033
control,internal_validation,2022-07-06,2022-07-07,2022-07-08,GBPUSD,,1,2022-07-08T17:00:00+00:00,2022-07-08T20:00:00+00:00,1.19823,1.20188,1.1930496428571427,51.803571428571544,time_exit,36.50000000000153,0.6659772492244334,0.6466735608411174,0.6273698724578013
candidate,internal_validation,2022-07-07,2022-07-08,2022-07-11,USDJPY,0.013544455562466862,1,2022-07-11T17:00:00+00:00,2022-07-11T20:00:00+00:00,137.439,137.399,137.00657142857142,43.242857142856856,time_exit,-3.999999999999204,-0.12718863561280042,-0.1445325404690939,-0.16187644532538736
control,internal_validation,2022-07-07,2022-07-08,2022-07-11,USDJPY,,1,2022-07-11T17:00:00+00:00,2022-07-11T20:00:00+00:00,137.439,137.399,137.00657142857142,43.242857142856856,time_exit,-3.999999999999204,-0.12718863561280042,-0.1445325404690939,-0.16187644532538736
candidate,internal_validation,2022-07-08,2022-07-11,2022-07-12,USDJPY,0.01520899020309785,1,2022-07-12T17:00:00+00:00,2022-07-12T20:00:00+00:00,136.585,136.682,136.23775,34.72500000000015,time_exit,9.699999999997999,0.23614110871124444,0.2145428365730156,0.19294456443478675
control,internal_validation,2022-07-08,2022-07-11,2022-07-12,GBPUSD,,-1,2022-07-12T17:00:00+00:00,2022-07-12T20:00:00+00:00,1.18765,1.19106,1.1917128571428572,40.62857142857161,time_exit,-34.09999999999913,-0.8885372714486384,-0.9131504922643907,-0.9377637130801431
candidate,internal_validation,2022-07-11,2022-07-12,2022-07-13,EURUSD,0.0033613964579559674,-1,2022-07-13T17:00:00+00:00,2022-07-13T17:00:00+00:00,1.00211,1.0061728571428572,1.0061728571428572,40.62857142857185,stop,-40.628571428571455,-1.0369198312236185,-1.0553797468354327,-1.0738396624472468
control,internal_validation,2022-07-11,2022-07-12,2022-07-13,USDJPY,,-1,2022-07-13T17:00:00+00:00,2022-07-13T20:00:00+00:00,137.617,137.219,137.97732142857143,36.03214285714346,time_exit,39.79999999999961,1.0629398354643385,1.0421250867280916,1.0213103379918445
candidate,internal_validation,2022-07-13,2022-07-14,2022-07-15,USDJPY,0.04347067039106145,1,2022-07-15T17:00:00+00:00,2022-07-15T17:00:00+00:00,138.765,138.41871428571426,138.41871428571426,34.62857142857142,stop,-34.62857142857274,-1.0433168316832064,-1.0649752475247907,-1.086633663366375
control,internal_validation,2022-07-13,2022-07-14,2022-07-15,USDJPY,,1,2022-07-15T17:00:00+00:00,2022-07-15T17:00:00+00:00,138.765,138.41871428571426,138.41871428571426,34.62857142857142,stop,-34.62857142857274,-1.0433168316832064,-1.0649752475247907,-1.086633663366375
candidate,internal_validation,2022-07-15,2022-07-18,2022-07-19,EURUSD,0.006774481908423224,1,2022-07-19T17:00:00+00:00,2022-07-19T20:00:00+00:00,1.02415,1.02404,1.0200635714285713,40.86428571428602,time_exit,-1.0999999999983245,-0.06362524034255597,-0.08197867505676663,-0.1003321097709773
control,internal_validation,2022-07-15,2022-07-18,2022-07-19,GBPUSD,,1,2022-07-19T17:00:00+00:00,2022-07-19T20:00:00+00:00,1.20166,1.20076,1.1981071428571428,35.528571428571276,time_exit,-8.999999999999009,-0.30960997185361233,-0.33775633293121604,-0.3659026940088197
candidate,internal_validation,2022-07-18,2022-07-19,2022-07-20,EURUSD,0.009479649366137322,1,2022-07-20T17:00:00+00:00,2022-07-20T20:00:00+00:00,1.02157,1.01904,1.0175810714285716,39.88928571428558,time_exit,-25.300000000001432,-0.6718596114245167,-0.6906616527890077,-0.7094636941534989
control,internal_validation,2022-07-18,2022-07-19,2022-07-20,EURUSD,,1,2022-07-20T17:00:00+00:00,2022-07-20T20:00:00+00:00,1.02157,1.01904,1.0175810714285716,39.88928571428558,time_exit,-25.300000000001432,-0.6718596114245167,-0.6906616527890077,-0.7094636941534989
candidate,internal_validation,2022-07-20,2022-07-21,2022-07-22,USDJPY,0.007321683682358193,-1,2022-07-22T17:00:00+00:00,2022-07-22T20:00:00+00:00,136.026,136.018,136.52957142857144,50.357142857143344,time_exit,0.8000000000009777,-0.013900709219838606,-0.028794326241115057,-0.04368794326239151
control,internal_validation,2022-07-20,2022-07-21,2022-07-22,USDJPY,,-1,2022-07-22T17:00:00+00:00,2022-07-22T20:00:00+00:00,136.026,136.018,136.52957142857144,50.357142857143344,time_exit,0.8000000000009777,-0.013900709219838606,-0.028794326241115057,-0.04368794326239151
candidate,internal_validation,2022-07-21,2022-07-22,2022-07-25,GBPUSD,0.004024829353420634,1,2022-07-25T17:00:00+00:00,2022-07-25T17:00:00+00:00,1.2068699999999999,1.2030557142857141,1.2030557142857141,38.142857142857224,stop,-38.1428571428577,-1.0524344569288513,-1.0786516853932708,-1.1048689138576901
control,internal_validation,2022-07-21,2022-07-22,2022-07-25,USDJPY,,-1,2022-07-25T17:00:00+00:00,2022-07-25T20:00:00+00:00,136.537,136.702,136.89164285714287,35.46428571428574,time_exit,-16.499999999999204,-0.5075528700906117,-0.5287009063443882,-0.5498489425981645
candidate,internal_validation,2022-07-22,2022-07-25,2022-07-26,EURUSD,0.0005309850062020782,-1,2022-07-26T17:00:00+00:00,2022-07-26T20:00:00+00:00,1.01439,1.0127,1.0177864285714284,33.96428571428578,time_exit,16.899999999999693,0.4534174553101899,0.43133543638274513,0.40925341745530036
control,internal_validation,2022-07-22,2022-07-25,2022-07-26,USDJPY,,1,2022-07-26T17:00:00+00:00,2022-07-26T20:00:00+00:00,136.401,136.623,136.104,29.699999999999605,time_exit,22.199999999998,0.6969696969696388,0.6717171717171133,0.6464646464645877
candidate,internal_validation,2022-07-25,2022-07-26,2022-07-27,EURUSD,0.007252943880310392,-1,2022-07-27T17:00:00+00:00,2022-07-27T20:00:00+00:00,1.01344,1.01111,1.015820714285714,23.807142857142516,time_exit,23.299999999999432,0.915691569156905,0.884188418841873,0.852685268526841
control,internal_validation,2022-07-25,2022-07-26,2022-07-27,EURUSD,,-1,2022-07-27T17:00:00+00:00,2022-07-27T20:00:00+00:00,1.01344,1.01111,1.015820714285714,23.807142857142516,time_exit,23.299999999999432,0.915691569156905,0.884188418841873,0.852685268526841
candidate,internal_validation,2022-07-27,2022-07-28,2022-07-29,USDJPY,0.051828429424327416,-1,2022-07-29T17:00:00+00:00,2022-07-29T20:00:00+00:00,134.106,133.312,134.87078571428572,76.47857142857148,time_exit,79.39999999999827,1.01858597179413,1.0087793032595265,0.9989726347249229
control,internal_validation,2022-07-27,2022-07-28,2022-07-29,USDJPY,,-1,2022-07-29T17:00:00+00:00,2022-07-29T20:00:00+00:00,134.106,133.312,134.87078571428572,76.47857142857148,time_exit,79.39999999999827,1.01858597179413,1.0087793032595265,0.9989726347249229
candidate,internal_validation,2022-07-28,2022-07-29,2022-08-01,GBPUSD,0.015621927896044552,1,2022-08-01T17:00:00+00:00,2022-08-01T20:00:00+00:00,1.22603,1.2276799999999999,1.2223121428571428,37.178571428571374,time_exit,16.499999999999293,0.39000960614791624,0.36311239193081724,0.3362151777137183
control,internal_validation,2022-07-28,2022-07-29,2022-08-01,USDJPY,,-1,2022-08-01T17:00:00+00:00,2022-08-01T20:00:00+00:00,131.948,131.763,132.58035714285714,63.23571428571415,time_exit,18.500000000000227,0.2688354230204492,0.2569750367107237,0.2451146504009981
candidate,internal_validation,2022-07-29,2022-08-01,2022-08-02,USDJPY,0.028632319434457543,-1,2022-08-02T17:00:00+00:00,2022-08-02T18:00:00+00:00,131.403,132.01007142857142,132.01007142857142,60.707142857143126,stop,-60.707142857143026,-1.024708789269324,-1.037063183903987,-1.0494175785386497
control,internal_validation,2022-07-29,2022-08-01,2022-08-02,USDJPY,,-1,2022-08-02T17:00:00+00:00,2022-08-02T18:00:00+00:00,131.403,132.01007142857142,132.01007142857142,60.707142857143126,stop,-60.707142857143026,-1.024708789269324,-1.037063183903987,-1.0494175785386497
candidate,internal_validation,2022-08-01,2022-08-02,2022-08-03,GBPUSD,0.01460241781396765,-1,2022-08-03T17:00:00+00:00,2022-08-03T20:00:00+00:00,1.21444,1.21426,1.2180957142857143,36.557142857143255,time_exit,1.80000000000069,-0.005470887065240935,-0.03282532239153997,-0.06017975771783901
control,internal_validation,2022-08-01,2022-08-02,2022-08-03,EURUSD,,-1,2022-08-03T17:00:00+00:00,2022-08-03T20:00:00+00:00,1.01698,1.015,1.0197635714285713,27.835714285714406,time_exit,19.800000000000928,0.6574287913780136,0.6304849884526865,0.6035411855273595
candidate,internal_validation,2022-08-02,2022-08-03,2022-08-04,EURUSD,0.002918482798351274,-1,2022-08-04T17:00:00+00:00,2022-08-04T18:00:00+00:00,1.01917,1.0216782142857141,1.0216782142857141,25.082142857142784,stop,-25.082142857142387,-1.0598035027765755,-1.0897052541648713,-1.1196070055531668
control,internal_validation,2022-08-02,2022-08-03,2022-08-04,USDJPY,,1,2022-08-04T17:00:00+00:00,2022-08-04T20:00:00+00:00,133.441,133.086,132.92885714285714,51.21428571428572,time_exit,-35.49999999999898,-0.7224546722454471,-0.7370990237098822,-0.7517433751743174
candidate,internal_validation,2022-08-03,2022-08-04,2022-08-05,GBPUSD,0.006898576251284316,1,2022-08-05T17:00:00+00:00,2022-08-05T20:00:00+00:00,1.2049,1.20772,1.2009303571428571,39.69642857142883,time_exit,28.199999999998226,0.6600089968510531,0.6348178137651334,0.6096266306792135
control,internal_validation,2022-08-03,2022-08-04,2022-08-05,USDJPY,,-1,2022-08-05T17:00:00+00:00,2022-08-05T18:00:00+00:00,134.875,135.47221428571427,135.47221428571427,59.72142857142809,stop,-59.72142857142728,-1.0251166128453402,-1.0376749192680168,-1.0502332256906937
candidate,internal_validation,2022-08-04,2022-08-05,2022-08-08,GBPUSD,0.010265924551638772,-1,2022-08-08T17:00:00+00:00,2022-08-08T20:00:00+00:00,1.21231,1.2077,1.2155735714285714,32.635714285713966,time_exit,46.10000000000003,1.3512803676953522,1.3206390895163194,1.2899978113372865
control,internal_validation,2022-08-04,2022-08-05,2022-08-08,USDJPY,,1,2022-08-08T17:00:00+00:00,2022-08-08T20:00:00+00:00,134.453,134.624,133.99132142857144,46.1678571428568,time_exit,17.099999999999227,0.3378974239962726,0.3216523555349125,0.30540728707355247
candidate,internal_validation,2022-08-05,2022-08-08,2022-08-09,USDJPY,0.017711759314174902,-1,2022-08-09T17:00:00+00:00,2022-08-09T20:00:00+00:00,135.024,135.033,135.339,31.499999999999673,time_exit,-0.899999999998613,-0.07619047619043295,-0.09999999999995701,-0.12380952380948106
control,internal_validation,2022-08-05,2022-08-08,2022-08-09,USDJPY,,-1,2022-08-09T17:00:00+00:00,2022-08-09T20:00:00+00:00,135.024,135.033,135.339,31.499999999999673,time_exit,-0.899999999998613,-0.07619047619043295,-0.09999999999995701,-0.12380952380948106
candidate,internal_validation,2022-08-08,2022-08-09,2022-08-10,EURUSD,0.00011554982941963665,1,2022-08-10T17:00:00+00:00,2022-08-10T20:00:00+00:00,1.03222,1.03253,1.0291449999999998,30.750000000000657,time_exit,3.1000000000003247,0.0520325203252127,0.027642276422774198,0.0032520325203356936
control,internal_validation,2022-08-08,2022-08-09,2022-08-10,USDJPY,,1,2022-08-10T17:00:00+00:00,2022-08-10T17:00:00+00:00,132.592,132.0621785714286,132.0621785714286,52.982142857141866,stop,-52.98214285714096,-1.028311425682491,-1.042467138523745,-1.0566228513649991
candidate,internal_validation,2022-08-09,2022-08-10,2022-08-11,GBPUSD,0.019248065398007164,1,2022-08-11T17:00:00+00:00,2022-08-11T18:00:00+00:00,1.22424,1.2207685714285714,1.2207685714285714,34.714285714285694,stop,-34.714285714285694,-1.0576131687242798,-1.0864197530864197,-1.1152263374485598
control,internal_validation,2022-08-09,2022-08-10,2022-08-11,USDJPY,,-1,2022-08-11T17:00:00+00:00,2022-08-11T17:00:00+00:00,132.107,132.5759642857143,132.5759642857143,46.896428571429595,stop,-46.89642857142928,-1.0319853781128554,-1.0479780671692864,-1.0639707562257172
candidate,internal_validation,2022-08-11,2022-08-12,2022-08-15,USDJPY,0.004250820824990731,1,2022-08-15T17:00:00+00:00,2022-08-15T20:00:00+00:00,132.739,133.136,132.36078571428573,37.82142857142827,time_exit,39.699999999999136,1.010009442870618,0.9901794145420058,0.9703493862133937
control,internal_validation,2022-08-11,2022-08-12,2022-08-15,GBPUSD,,-1,2022-08-15T17:00:00+00:00,2022-08-15T20:00:00+00:00,1.20879,1.20846,1.2123610714285715,35.710714285714126,time_exit,3.2999999999994145,0.03640364036402017,0.008400840083992044,-0.019601960196036085
candidate,internal_validation,2022-08-12,2022-08-15,2022-08-16,USDJPY,0.021810883140053416,-1,2022-08-16T17:00:00+00:00,2022-08-16T20:00:00+00:00,134.511,134.399,134.89810714285713,38.71071428571429,time_exit,11.199999999999477,0.2505766214595307,0.2312021404188443,0.2118276593781579
control,internal_validation,2022-08-12,2022-08-15,2022-08-16,EURUSD,,-1,2022-08-16T17:00:00+00:00,2022-08-16T20:00:00+00:00,1.01762,1.01659,1.0201496428571428,25.296428571428475,time_exit,10.299999999998644,0.3478751941267301,0.3182267400818338,0.28857828603693747
candidate,internal_validation,2022-08-15,2022-08-16,2022-08-17,GBPUSD,0.010265940970839438,-1,2022-08-17T17:00:00+00:00,2022-08-17T20:00:00+00:00,1.20663,1.20396,1.2102278571428573,35.97857142857113,time_exit,26.700000000001722,0.6865197538217729,0.658725431804699,0.6309311097876251
control,internal_validation,2022-08-15,2022-08-16,2022-08-17,USDJPY,,1,2022-08-17T17:00:00+00:00,2022-08-17T20:00:00+00:00,135.298,135.399,134.91314285714287,38.48571428571412,time_exit,10.099999999999909,0.22345953971789023,0.20397178916109726,0.18448403860430432
candidate,internal_validation,2022-08-16,2022-08-17,2022-08-18,GBPUSD,0.005444351977574424,-1,2022-08-18T17:00:00+00:00,2022-08-18T20:00:00+00:00,1.20074,1.19369,1.2046560714285712,39.1607142857139,time_exit,70.5,1.7492020063839662,1.7236662106703315,1.698130414956697
control,internal_validation,2022-08-16,2022-08-17,2022-08-18,USDJPY,,1,2022-08-18T17:00:00+00:00,2022-08-18T20:00:00+00:00,135.004,135.641,134.62675,37.72500000000016,time_exit,63.700000000000045,1.6487740225314722,1.6288933068257068,1.6090125911199415
candidate,internal_validation,2022-08-17,2022-08-18,2022-08-19,GBPUSD,0.028629553959216292,-1,2022-08-19T17:00:00+00:00,2022-08-19T20:00:00+00:00,1.18268,1.18254,1.186475,37.95,time_exit,1.40000000000029,-0.015810276679834256,-0.04216073781290408,-0.0685111989459739
control,internal_validation,2022-08-17,2022-08-18,2022-08-19,GBPUSD,,-1,2022-08-19T17:00:00+00:00,2022-08-19T20:00:00+00:00,1.18268,1.18254,1.186475,37.95,time_exit,1.40000000000029,-0.015810276679834256,-0.04216073781290408,-0.0685111989459739
candidate,internal_validation,2022-08-18,2022-08-19,2022-08-22,GBPUSD,0.014183165696135536,-1,2022-08-22T17:00:00+00:00,2022-08-22T20:00:00+00:00,1.17789,1.17751,1.181074285714286,31.842857142857582,time_exit,3.8000000000004697,0.056527590847927835,0.025123373710198342,-0.006280843427531149
control,internal_validation,2022-08-18,2022-08-19,2022-08-22,USDJPY,,1,2022-08-22T17:00:00+00:00,2022-08-22T20:00:00+00:00,137.354,137.454,136.97910714285715,37.48928571428597,time_exit,9.999999999999432,0.22673144708010143,0.2067257311612676,0.18672001524243378
candidate,internal_validation,2022-08-19,2022-08-22,2022-08-23,USDJPY,0.033780345055728134,1,2022-08-23T17:00:00+00:00,2022-08-23T17:00:00+00:00,136.803,136.36617857142858,136.36617857142858,43.68214285714253,stop,-43.682142857142026,-1.0343389747363145,-1.0515084621044775,-1.0686779494726404
control,internal_validation,2022-08-19,2022-08-22,2022-08-23,EURUSD,,-1,2022-08-23T17:00:00+00:00,2022-08-23T20:00:00+00:00,0.99977,0.99792,1.0032050000000001,34.35000000000033,time_exit,18.50000000000018,0.4949053857350806,0.47307132459970963,0.4512372634643387
candidate,internal_validation,2022-08-22,2022-08-23,2022-08-24,GBPUSD,0.01774961030437283,1,2022-08-24T17:00:00+00:00,2022-08-24T20:00:00+00:00,1.17663,1.17852,1.1732753571428571,33.54642857142828,time_exit,18.899999999999473,0.5037794101990731,0.473969977642914,0.4441605450867549
control,internal_validation,2022-08-22,2022-08-23,2022-08-24,USDJPY,,-1,2022-08-24T17:00:00+00:00,2022-08-24T20:00:00+00:00,137.101,137.074,137.5345,43.34999999999991,time_exit,2.6999999999986812,0.027681660899623615,0.010380622837339842,-0.006920415224943931
candidate,internal_validation,2022-08-23,2022-08-24,2022-08-25,EURUSD,0.00610716771050801,-1,2022-08-25T17:00:00+00:00,2022-08-25T17:00:00+00:00,0.99629,0.9994507142857143,0.9994507142857143,31.6071428571427,stop,-31.607142857142943,-1.047457627118652,-1.0711864406779743,-1.0949152542372964
control,internal_validation,2022-08-23,2022-08-24,2022-08-25,USDJPY,,1,2022-08-25T17:00:00+00:00,2022-08-25T20:00:00+00:00,136.895,136.644,136.48614285714288,40.8857142857137,time_exit,-25.100000000000477,-0.6505939902166527,-0.6689378057302797,-0.6872816212439069
candidate,internal_validation,2022-08-24,2022-08-25,2022-08-26,GBPUSD,0.012288307268454757,1,2022-08-26T17:00:00+00:00,2022-08-26T17:00:00+00:00,1.1871,1.1838535714285714,1.1838535714285714,32.4642857142857,stop,-32.4642857142865,-1.061606160616086,-1.092409240924117,-1.1232123212321479
control,internal_validation,2022-08-24,2022-08-25,2022-08-26,USDJPY,,-1,2022-08-26T17:00:00+00:00,2022-08-26T17:00:00+00:00,136.704,136.99928571428572,136.99928571428572,29.528571428571432,stop,-29.528571428571126,-1.0507982583454178,-1.0761973875181319,-1.101596516690846
candidate,internal_validation,2022-08-25,2022-08-26,2022-08-29,GBPUSD,0.01997974809187797,-1,2022-08-29T17:00:00+00:00,2022-08-29T20:00:00+00:00,1.17202,1.17224,1.1757142857142857,36.94285714285697,time_exit,-2.1999999999988695,-0.11368909512758013,-0.1407579273008208,-0.16782675947406142
control,internal_validation,2022-08-25,2022-08-26,2022-08-29,USDJPY,,1,2022-08-29T17:00:00+00:00,2022-08-29T20:00:00+00:00,138.502,138.737,138.10567857142857,39.632142857143606,time_exit,23.499999999998522,0.5551049833287799,0.5361809498062066,0.5172569162836332
candidate,internal_validation,2022-08-26,2022-08-29,2022-08-30,USDJPY,0.020777750492181335,1,2022-08-30T17:00:00+00:00,2022-08-30T20:00:00+00:00,138.372,138.69,138.03932142857144,33.267857142856116,time_exit,31.799999999998363,0.9107890499194636,0.8882447665056142,0.865700483091765
control,internal_validation,2022-08-26,2022-08-29,2022-08-30,USDJPY,,1,2022-08-30T17:00:00+00:00,2022-08-30T20:00:00+00:00,138.372,138.69,138.03932142857144,33.267857142856116,time_exit,31.799999999998363,0.9107890499194636,0.8882447665056142,0.865700483091765
candidate,internal_validation,2022-08-29,2022-08-30,2022-08-31,GBPUSD,0.02125868238265638,-1,2022-08-31T17:00:00+00:00,2022-08-31T17:00:00+00:00,1.16103,1.1646182142857144,1.1646182142857144,35.88214285714336,stop,-35.8821428571443,-1.055738031253136,-1.0836070468796908,-1.1114760625062456
control,internal_validation,2022-08-29,2022-08-30,2022-08-31,GBPUSD,,-1,2022-08-31T17:00:00+00:00,2022-08-31T17:00:00+00:00,1.16103,1.1646182142857144,1.1646182142857144,35.88214285714336,stop,-35.8821428571443,-1.055738031253136,-1.0836070468796908,-1.1114760625062456
candidate,internal_validation,2022-08-30,2022-08-31,2022-09-01,USDJPY,0.06038568162042934,1,2022-09-01T17:00:00+00:00,2022-09-01T20:00:00+00:00,139.491,140.046,139.1304642857143,36.05357142857122,time_exit,55.49999999999784,1.4977711738483888,1.476968796433827,1.4561664190192651
control,internal_validation,2022-08-30,2022-08-31,2022-09-01,EURUSD,,1,2022-09-01T17:00:00+00:00,2022-09-01T17:00:00+00:00,0.998,0.9952410714285714,0.9952410714285714,27.589285714286124,stop,-27.589285714285648,-1.054368932038817,-1.081553398058234,-1.108737864077651
candidate,internal_validation,2022-08-31,2022-09-01,2022-09-02,USDJPY,0.03719620175867133,1,2022-09-02T17:00:00+00:00,2022-09-02T20:00:00+00:00,140.135,140.23,139.75614285714283,37.88571428571491,time_exit,9.499999999999886,0.21116138763196937,0.19136500754147198,0.17156862745097456
control,internal_validation,2022-08-31,2022-09-01,2022-09-02,USDJPY,,1,2022-09-02T17:00:00+00:00,2022-09-02T20:00:00+00:00,140.135,140.23,139.75614285714283,37.88571428571491,time_exit,9.499999999999886,0.21116138763196937,0.19136500754147198,0.17156862745097456
candidate,internal_validation,2022-09-02,2022-09-06,2022-09-07,USDJPY,0.05002071753599435,1,2022-09-07T17:00:00+00:00,2022-09-07T17:00:00+00:00,144.864,144.28071428571428,144.28071428571428,58.32857142857161,stop,-58.32857142857222,-1.0257163850110318,-1.0385745775165423,-1.051432770022053
control,internal_validation,2022-09-02,2022-09-06,2022-09-07,USDJPY,,1,2022-09-07T17:00:00+00:00,2022-09-07T17:00:00+00:00,144.864,144.28071428571428,144.28071428571428,58.32857142857161,stop,-58.32857142857222,-1.0257163850110318,-1.0385745775165423,-1.051432770022053
candidate,internal_validation,2022-09-07,2022-09-08,2022-09-09,USDJPY,0.031797284677824944,-1,2022-09-09T17:00:00+00:00,2022-09-09T20:00:00+00:00,142.561,142.552,143.32739285714288,76.63928571428622,time_exit,0.9000000000014552,-0.007828882986140614,-0.01761498671884012,-0.027401090451539618
control,internal_validation,2022-09-07,2022-09-08,2022-09-09,USDJPY,,-1,2022-09-09T17:00:00+00:00,2022-09-09T20:00:00+00:00,142.561,142.552,143.32739285714288,76.63928571428622,time_exit,0.9000000000014552,-0.007828882986140614,-0.01761498671884012,-0.027401090451539618
candidate,internal_validation,2022-09-09,2022-09-12,2022-09-13,EURUSD,0.021381861399525137,1,2022-09-13T17:00:00+00:00,2022-09-13T19:00:00+00:00,1.00324,0.9990614285714285,0.9990614285714285,41.7857142857142,stop,-41.785714285713645,-1.0358974358974227,-1.0538461538461408,-1.0717948717948587
control,internal_validation,2022-09-09,2022-09-12,2022-09-13,GBPUSD,,1,2022-09-13T17:00:00+00:00,2022-09-13T20:00:00+00:00,1.15659,1.15241,1.1513485714285714,52.41428571428532,time_exit,-41.80000000000072,-0.8356500408830945,-0.8547288089397858,-0.8738075769964772
candidate,internal_validation,2022-09-12,2022-09-13,2022-09-14,GBPUSD,0.1246044049464563,-1,2022-09-14T17:00:00+00:00,2022-09-14T20:00:00+00:00,1.1568,1.15655,1.1608232142857142,40.232142857142826,time_exit,2.500000000000835,0.01242787394587074,-0.012427873945829235,-0.03728362183752921
control,internal_validation,2022-09-12,2022-09-13,2022-09-14,USDJPY,,1,2022-09-14T17:00:00+00:00,2022-09-14T20:00:00+00:00,142.891,142.933,142.17914285714284,71.18571428571465,time_exit,4.200000000000159,0.037928958458761826,0.02739313666466194,0.01685731487056205
candidate,internal_validation,2022-09-13,2022-09-14,2022-09-15,EURUSD,0.10118749447505682,-1,2022-09-15T17:00:00+00:00,2022-09-15T20:00:00+00:00,0.99986,1.00056,1.0025825,27.225000000000286,time_exit,-6.999999999999229,-0.31221303948573514,-0.33976124885212605,-0.36730945821851696
control,internal_validation,2022-09-13,2022-09-14,2022-09-15,USDJPY,,-1,2022-09-15T17:00:00+00:00,2022-09-15T20:00:00+00:00,143.266,143.499,143.74182142857143,47.582142857143495,time_exit,-23.30000000000041,-0.5212039330481139,-0.5369661487652945,-0.5527283644824751
candidate,internal_validation,2022-09-14,2022-09-15,2022-09-16,USDJPY,0.01379001776341271,1,2022-09-16T17:00:00+00:00,2022-09-16T20:00:00+00:00,143.143,143.031,142.70210714285713,44.089285714285815,time_exit,-11.199999999999477,-0.28805184285134433,-0.30506277845280233,-0.3220737140542604
control,internal_validation,2022-09-14,2022-09-15,2022-09-16,GBPUSD,,-1,2022-09-16T17:00:00+00:00,2022-09-16T17:00:00+00:00,1.13955,1.1436428571428572,1.1436428571428572,40.928571428571445,stop,-40.9285714285712,-1.0488656195462418,-1.0732984293193657,-1.0977312390924896
candidate,internal_validation,2022-09-15,2022-09-16,2022-09-19,GBPUSD,0.0009485813129481713,-1,2022-09-19T17:00:00+00:00,2022-09-19T17:00:00+00:00,1.13841,1.141287857142857,1.141287857142857,28.778571428571063,stop,-28.778571428571542,-1.0694961528915539,-1.1042442293373225,-1.138992305783091
control,internal_validation,2022-09-15,2022-09-16,2022-09-19,GBPUSD,,-1,2022-09-19T17:00:00+00:00,2022-09-19T17:00:00+00:00,1.13841,1.141287857142857,1.141287857142857,28.778571428571063,stop,-28.778571428571542,-1.0694961528915539,-1.1042442293373225,-1.138992305783091
candidate,internal_validation,2022-09-16,2022-09-19,2022-09-20,USDJPY,0.009234561231725058,1,2022-09-20T17:00:00+00:00,2022-09-20T20:00:00+00:00,143.737,143.601,143.40324999999999,33.3750000000004,time_exit,-13.599999999999568,-0.4524344569288206,-0.4749063670411799,-0.49737827715353916
control,internal_validation,2022-09-16,2022-09-19,2022-09-20,GBPUSD,,1,2022-09-20T17:00:00+00:00,2022-09-20T20:00:00+00:00,1.13969,1.13835,1.1357000000000002,39.89999999999969,time_exit,-13.400000000001189,-0.38596491228073454,-0.4110275689223387,-0.43609022556394295
candidate,internal_validation,2022-09-19,2022-09-20,2022-09-21,GBPUSD,0.011149371025519939,-1,2022-09-21T17:00:00+00:00,2022-09-21T20:00:00+00:00,1.13326,1.13143,1.1363960714285715,31.360714285714185,time_exit,18.299999999999983,0.5197585696389944,0.48787154082678613,0.45598451201457785
control,internal_validation,2022-09-19,2022-09-20,2022-09-21,USDJPY,,1,2022-09-21T17:00:00+00:00,2022-09-21T20:00:00+00:00,144.034,144.394,143.68471428571428,34.92857142857011,time_exit,36.000000000001364,0.9877300613497696,0.966257668711732,0.9447852760736943
candidate,internal_validation,2022-09-21,2022-09-22,2022-09-23,GBPUSD,0.02928310299687964,-1,2022-09-23T17:00:00+00:00,2022-09-23T20:00:00+00:00,1.10152,1.08965,1.1082453571428572,67.25357142857165,time_exit,118.70000000000047,1.735223833041263,1.72035473421486,1.7054856353884567
control,internal_validation,2022-09-21,2022-09-22,2022-09-23,USDJPY,,-1,2022-09-23T17:00:00+00:00,2022-09-23T20:00:00+00:00,143.096,143.191,143.76607142857142,67.00714285714245,time_exit,-9.499999999999886,-0.16416160324059198,-0.1753544398251779,-0.18654727640976385
candidate,internal_validation,2022-09-22,2022-09-23,2022-09-26,GBPUSD,0.003049486467903817,-1,2022-09-26T17:00:00+00:00,2022-09-26T20:00:00+00:00,1.08653,1.06809,1.107419642857143,208.8964285714291,time_exit,184.40000000000012,0.8731599733292285,0.868372912071941,0.8635858508146536
control,internal_validation,2022-09-22,2022-09-23,2022-09-26,GBPUSD,,-1,2022-09-26T17:00:00+00:00,2022-09-26T20:00:00+00:00,1.08653,1.06809,1.107419642857143,208.8964285714291,time_exit,184.40000000000012,0.8731599733292285,0.868372912071941,0.8635858508146536
candidate,internal_validation,2022-09-23,2022-09-26,2022-09-27,EURUSD,0.0033304081806768693,-1,2022-09-27T17:00:00+00:00,2022-09-27T20:00:00+00:00,0.96239,0.95813,0.9658592857142857,34.6928571428571,time_exit,42.599999999999305,1.1846819024088757,1.1630636195182025,1.1414453366275292
control,internal_validation,2022-09-23,2022-09-26,2022-09-27,GBPUSD,,-1,2022-09-27T17:00:00+00:00,2022-09-27T20:00:00+00:00,1.07793,1.06754,1.0846242857142858,66.94285714285701,time_exit,103.90000000000121,1.5221937686726632,1.5072556551430003,1.4923175416133374
candidate,internal_validation,2022-09-26,2022-09-27,2022-09-28,USDJPY,0.008100836042539639,1,2022-09-28T17:00:00+00:00,2022-09-28T19:00:00+00:00,144.487,144.13460714285713,144.13460714285713,35.23928571428558,stop,-35.239285714285984,-1.042566129522663,-1.0638491942839887,-1.0851322590453143
control,internal_validation,2022-09-26,2022-09-27,2022-09-28,EURUSD,,-1,2022-09-28T17:00:00+00:00,2022-09-28T18:00:00+00:00,0.96049,0.9654121428571427,0.9654121428571427,49.22142857142807,stop,-49.22142857142764,-1.03047453199825,-1.0457117979973796,-1.060949063996509
candidate,internal_validation,2022-09-29,2022-09-30,2022-10-03,USDJPY,0.0018640405140133431,1,2022-10-03T17:00:00+00:00,2022-10-03T17:00:00+00:00,144.913,144.56682142857144,144.56682142857144,34.617857142858,stop,-34.61785714285668,-1.0433302383162715,-1.0649953574744264,-1.0866604766325811
control,internal_validation,2022-09-29,2022-09-30,2022-10-03,GBPUSD,,1,2022-10-03T17:00:00+00:00,2022-10-03T20:00:00+00:00,1.12203,1.1276,1.1140382142857144,79.91785714285659,time_exit,55.699999999998525,0.6719399383295209,0.6594270903159355,0.6469142423023501
candidate,internal_validation,2022-10-03,2022-10-04,2022-10-05,USDJPY,0.004325323780201007,-1,2022-10-05T17:00:00+00:00,2022-10-05T20:00:00+00:00,144.604,144.745,144.96978571428573,36.57857142857099,time_exit,-14.099999999999113,-0.42647920328059014,-0.44698301113061967,-0.4674868189806492
control,internal_validation,2022-10-03,2022-10-04,2022-10-05,GBPUSD,,1,2022-10-05T17:00:00+00:00,2022-10-05T18:00:00+00:00,1.1295,1.1231046428571427,1.1231046428571427,63.95357142857121,stop,-63.95357142857216,-1.0312726866588635,-1.0469090299882877,-1.0625453733177121
candidate,internal_validation,2022-10-04,2022-10-05,2022-10-06,USDJPY,0.003045097023941512,1,2022-10-06T17:00:00+00:00,2022-10-06T20:00:00+00:00,144.779,144.941,144.57660714285714,20.23928571428643,time_exit,16.200000000000614,0.7263102170460607,0.6892535733192224,0.6521969295923842
control,internal_validation,2022-10-04,2022-10-05,2022-10-06,GBPUSD,,-1,2022-10-06T17:00:00+00:00,2022-10-06T20:00:00+00:00,1.12307,1.1144,1.1284067857142859,53.367857142858,time_exit,86.69999999999955,1.5870976376898542,1.5683597671150036,1.5496218965401527
candidate,internal_validation,2022-10-05,2022-10-06,2022-10-07,EURUSD,0.0038766246581520836,-1,2022-10-07T17:00:00+00:00,2022-10-07T17:00:00+00:00,0.97487,0.9783478571428571,0.9783478571428571,34.77857142857123,stop,-34.77857142857088,-1.0431300061614195,-1.0646950092421343,-1.0862600123228492
control,internal_validation,2022-10-05,2022-10-06,2022-10-07,GBPUSD,,-1,2022-10-07T17:00:00+00:00,2022-10-07T20:00:00+00:00,1.11154,1.10977,1.11802,64.80000000000008,time_exit,17.700000000000493,0.24228395061729124,0.22685185185185916,0.2114197530864271
candidate,internal_validation,2022-10-06,2022-10-07,2022-10-10,EURUSD,0.008013518131052777,-1,2022-10-10T17:00:00+00:00,2022-10-10T17:00:00+00:00,0.96999,0.9730339285714287,0.9730339285714287,30.439285714286118,stop,-30.439285714286555,-1.0492784230904748,-1.073917634635705,-1.0985568461809352
control,internal_validation,2022-10-06,2022-10-07,2022-10-10,GBPUSD,,-1,2022-10-10T17:00:00+00:00,2022-10-10T20:00:00+00:00,1.10492,1.1026799999999999,1.1098957142857142,49.757142857142895,time_exit,22.400000000000198,0.40999138673557645,0.38989376973873463,0.36979615274189287
candidate,internal_validation,2022-10-07,2022-10-10,2022-10-11,USDJPY,0.013063022418361214,1,2022-10-11T17:00:00+00:00,2022-10-11T19:00:00+00:00,145.748,145.52889285714284,145.52889285714284,21.91071428571476,stop,-21.91071428571547,-1.0684596577017424,-1.1026894865525974,-1.1369193154034525
control,internal_validation,2022-10-07,2022-10-10,2022-10-11,GBPUSD,,-1,2022-10-11T17:00:00+00:00,2022-10-11T18:00:00+00:00,1.1062400000000001,1.1117610714285715,1.1117610714285715,55.21071428571364,stop,-55.21071428571389,-1.0362248528365403,-1.0543372792548082,-1.072449705673076
candidate,internal_validation,2022-10-10,2022-10-11,2022-10-12,GBPUSD,0.042461962347513094,1,2022-10-12T17:00:00+00:00,2022-10-12T20:00:00+00:00,1.10404,1.10628,1.0962882142857142,77.51785714285681,time_exit,22.400000000000198,0.2631651693158295,0.2502649159179949,0.2373646625201602
control,internal_validation,2022-10-10,2022-10-11,2022-10-12,GBPUSD,,1,2022-10-12T17:00:00+00:00,2022-10-12T20:00:00+00:00,1.10404,1.10628,1.0962882142857142,77.51785714285681,time_exit,22.400000000000198,0.2631651693158295,0.2502649159179949,0.2373646625201602
candidate,internal_validation,2022-10-11,2022-10-12,2022-10-13,USDJPY,0.04735493139391567,1,2022-10-13T17:00:00+00:00,2022-10-13T20:00:00+00:00,147.236,147.213,146.8754642857143,36.05357142857153,time_exit,-2.2999999999996135,-0.10539871223376808,-0.12620108964832968,-0.1470034670628913
control,internal_validation,2022-10-11,2022-10-12,2022-10-13,USDJPY,,1,2022-10-13T17:00:00+00:00,2022-10-13T20:00:00+00:00,147.236,147.213,146.8754642857143,36.05357142857153,time_exit,-2.2999999999996135,-0.10539871223376808,-0.12620108964832968,-0.1470034670628913
candidate,internal_validation,2022-10-12,2022-10-13,2022-10-14,USDJPY,0.004831953239162301,1,2022-10-14T17:00:00+00:00,2022-10-14T20:00:00+00:00,147.972,148.845,147.66353571428573,30.846428571429385,time_exit,87.29999999999905,2.781521361583779,2.7572073636678365,2.7328933657518943
control,internal_validation,2022-10-12,2022-10-13,2022-10-14,GBPUSD,,1,2022-10-14T17:00:00+00:00,2022-10-14T20:00:00+00:00,1.11845,1.11611,1.1102975,81.52499999999999,time_exit,-23.400000000000087,-0.3115608708984985,-0.32382704691812436,-0.3360932229377503
candidate,internal_validation,2022-10-13,2022-10-14,2022-10-17,USDJPY,0.03290093653655979,1,2022-10-17T17:00:00+00:00,2022-10-17T20:00:00+00:00,148.763,148.829,148.51892857142857,24.407142857142766,time_exit,6.60000000000025,0.20895522388060805,0.17822651448640248,0.14749780509219693
control,internal_validation,2022-10-13,2022-10-14,2022-10-17,GBPUSD,,-1,2022-10-17T17:00:00+00:00,2022-10-17T17:00:00+00:00,1.13434,1.1403635714285714,1.1403635714285714,60.23571428571421,stop,-60.235714285714614,-1.0332028933950026,-1.0498043400925006,-1.0664057867899983
candidate,internal_validation,2022-10-14,2022-10-17,2022-10-18,EURUSD,0.009321566722834573,1,2022-10-18T17:00:00+00:00,2022-10-18T20:00:00+00:00,0.98527,0.98559,0.9816067857142857,36.63214285714291,time_exit,3.1999999999998696,0.04640733157843061,0.025933508823239068,0.00545968606804752
control,internal_validation,2022-10-14,2022-10-17,2022-10-18,GBPUSD,,1,2022-10-18T17:00:00+00:00,2022-10-18T20:00:00+00:00,1.13114,1.13123,1.1247425,63.97500000000016,time_exit,0.8999999999992347,-0.017194216490828643,-0.032825322391571085,-0.04845642829231352
candidate,internal_validation,2022-10-17,2022-10-18,2022-10-19,USDJPY,0.007822467314349657,1,2022-10-19T17:00:00+00:00,2022-10-19T20:00:00+00:00,149.762,149.838,149.55789285714286,20.410714285713993,time_exit,7.599999999999341,0.29886264216970077,0.26211723534555326,0.22537182852140575
control,internal_validation,2022-10-17,2022-10-18,2022-10-19,GBPUSD,,-1,2022-10-19T17:00:00+00:00,2022-10-19T20:00:00+00:00,1.12385,1.11936,1.1282460714285714,43.96071428571394,time_exit,44.90000000000105,0.9758713136729538,0.9531237306036547,0.9303761475343557
candidate,internal_validation,2022-10-18,2022-10-19,2022-10-20,USDJPY,0.04043366045550223,1,2022-10-20T17:00:00+00:00,2022-10-20T17:00:00+00:00,149.894,149.69085714285714,149.69085714285714,20.314285714285575,stop,-20.314285714286484,-1.0738396624473026,-1.1107594936709315,-1.1476793248945605
control,internal_validation,2022-10-18,2022-10-19,2022-10-20,GBPUSD,,-1,2022-10-20T17:00:00+00:00,2022-10-20T17:00:00+00:00,1.12494,1.1299992857142858,1.1299992857142858,50.59285714285742,stop,-50.592857142857106,-1.0395312720598553,-1.059296908089786,-1.0790625441197166
candidate,internal_validation,2022-10-19,2022-10-20,2022-10-21,USDJPY,0.012457732692650048,1,2022-10-21T17:00:00+00:00,2022-10-21T17:00:00+00:00,151.339,150.92832142857142,150.92832142857142,41.06785714285773,stop,-41.06785714285763,-1.0365249152100153,-1.054787372815024,-1.073049830420033
control,internal_validation,2022-10-19,2022-10-20,2022-10-21,GBPUSD,,1,2022-10-21T17:00:00+00:00,2022-10-21T20:00:00+00:00,1.11842,1.12601,1.1126910714285714,57.28928571428562,time_exit,75.89999999999985,1.2899445171747392,1.2724892463063395,1.2550339754379398
candidate,internal_validation,2022-10-20,2022-10-21,2022-10-24,USDJPY,0.02944457797181088,-1,2022-10-24T17:00:00+00:00,2022-10-24T20:00:00+00:00,148.856,148.957,149.53475,67.8750000000004,time_exit,-10.099999999999909,-0.17090239410681166,-0.18195211786371768,-0.19300184162062367
control,internal_validation,2022-10-20,2022-10-21,2022-10-24,USDJPY,,-1,2022-10-24T17:00:00+00:00,2022-10-24T20:00:00+00:00,148.856,148.957,149.53475,67.8750000000004,time_exit,-10.099999999999909,-0.17090239410681166,-0.18195211786371768,-0.19300184162062367
candidate,internal_validation,2022-10-21,2022-10-24,2022-10-25,GBPUSD,0.008368526858763659,1,2022-10-25T17:00:00+00:00,2022-10-25T20:00:00+00:00,1.14858,1.14695,1.1430942857142856,54.857142857143,time_exit,-16.300000000000203,-0.3335937500000028,-0.3518229166666694,-0.37005208333333606
control,internal_validation,2022-10-21,2022-10-24,2022-10-25,USDJPY,,1,2022-10-25T17:00:00+00:00,2022-10-25T20:00:00+00:00,147.774,148.034,147.43467857142858,33.93214285714288,time_exit,25.99999999999909,0.7220292600778593,0.6999263235448627,0.6778233870118663
candidate,internal_validation,2022-10-24,2022-10-25,2022-10-26,EURUSD,0.02137404813790056,1,2022-10-26T17:00:00+00:00,2022-10-26T20:00:00+00:00,1.00136,1.00764,0.9978221428571429,35.3785714285716,time_exit,62.80000000000063,1.732687260246325,1.711487987078548,1.690288713910771
control,internal_validation,2022-10-24,2022-10-25,2022-10-26,GBPUSD,,1,2022-10-26T17:00:00+00:00,2022-10-26T20:00:00+00:00,1.15651,1.1610800000000001,1.1508892857142856,56.207142857143275,time_exit,45.70000000000185,0.7774812555598187,0.7596899224806475,0.7418985894014761
candidate,internal_validation,2022-10-25,2022-10-26,2022-10-27,EURUSD,0.016665592884872016,1,2022-10-27T17:00:00+00:00,2022-10-27T20:00:00+00:00,1.00057,0.99779,0.9970246428571428,35.45357142857221,time_exit,-27.800000000000047,-0.8264329606124541,-0.8475873879318855,-0.8687418152513169
control,internal_validation,2022-10-25,2022-10-26,2022-10-27,USDJPY,,-1,2022-10-27T17:00:00+00:00,2022-10-27T20:00:00+00:00,146.194,146.126,146.83010714285712,63.61071428571381,time_exit,6.799999999998363,0.08331929706358726,0.07152883049798164,0.05973836393237603
candidate,internal_validation,2022-10-27,2022-10-28,2022-10-31,EURUSD,0.0026968381897085614,-1,2022-10-31T17:00:00+00:00,2022-10-31T20:00:00+00:00,0.98898,0.98869,0.9919242857142857,29.442857142857324,time_exit,2.9000000000001247,0.047549733139256735,0.02207666181465718,-0.0033964095099423717
control,internal_validation,2022-10-27,2022-10-28,2022-10-31,USDJPY,,1,2022-10-31T17:00:00+00:00,2022-10-31T20:00:00+00:00,148.766,148.629,148.40439285714285,36.16071428571459,time_exit,-13.700000000000045,-0.4203456790123434,-0.44108641975308394,-0.46182716049382455
candidate,internal_validation,2022-10-28,2022-10-31,2022-11-01,USDJPY,0.009554841600777797,1,2022-11-01T17:00:00+00:00,2022-11-01T20:00:00+00:00,148.089,148.23,147.46596428571428,62.3035714285717,time_exit,14.099999999999113,0.20223559759241824,0.1901977644023925,0.17815993121236676
control,internal_validation,2022-10-28,2022-10-31,2022-11-01,GBPUSD,,-1,2022-11-01T17:00:00+00:00,2022-11-01T20:00:00+00:00,1.14678,1.14853,1.1514096428571428,46.296428571428535,time_exit,-17.500000000001403,-0.42119879657489756,-0.4427987348607882,-0.4643986731466788
candidate,internal_validation,2022-10-31,2022-11-01,2022-11-02,EURUSD,0.0026327886664716527,-1,2022-11-02T17:00:00+00:00,2022-11-02T20:00:00+00:00,0.98735,0.98799,0.989897857142857,25.47857142857145,time_exit,-6.4000000000008495,-0.3100644799551775,-0.33950098121674177,-0.3689374824783061
control,internal_validation,2022-10-31,2022-11-01,2022-11-02,USDJPY,,-1,2022-11-02T17:00:00+00:00,2022-11-02T20:00:00+00:00,146.914,147.043,147.32971428571426,41.57142857142852,time_exit,-12.90000000000191,-0.346391752577366,-0.36443298969076804,-0.38247422680417015
candidate,internal_validation,2022-11-01,2022-11-02,2022-11-03,GBPUSD,0.0038241388507067597,-1,2022-11-03T17:00:00+00:00,2022-11-03T20:00:00+00:00,1.12228,1.11768,1.128445,61.64999999999944,time_exit,45.999999999999375,0.7137064071370605,0.6974858069748543,0.6812652068126481
control,internal_validation,2022-11-01,2022-11-02,2022-11-03,USDJPY,,-1,2022-11-03T17:00:00+00:00,2022-11-03T18:00:00+00:00,147.864,148.32032142857145,148.32032142857145,45.63214285714362,stop,-45.63214285714423,-1.0328715660953405,-1.0493073491430038,-1.0657431321906674
candidate,internal_validation,2022-11-02,2022-11-03,2022-11-04,GBPUSD,0.021913205557394955,-1,2022-11-04T17:00:00+00:00,2022-11-04T20:00:00+00:00,1.13132,1.13328,1.1375610714285715,62.41071428571419,time_exit,-19.599999999999618,-0.34609442060085277,-0.3621173104434851,-0.3781402002861175
control,internal_validation,2022-11-02,2022-11-03,2022-11-04,GBPUSD,,-1,2022-11-04T17:00:00+00:00,2022-11-04T20:00:00+00:00,1.13132,1.13328,1.1375610714285715,62.41071428571419,time_exit,-19.599999999999618,-0.34609442060085277,-0.3621173104434851,-0.3781402002861175
candidate,internal_validation,2022-11-04,2022-11-07,2022-11-08,EURUSD,0.001195500976101993,1,2022-11-08T17:00:00+00:00,2022-11-08T20:00:00+00:00,1.0011,1.00883,0.9987460714285715,23.53928571428588,time_exit,77.29999999999792,3.2201486876041976,3.1882870581094322,3.156425428614667
control,internal_validation,2022-11-04,2022-11-07,2022-11-08,GBPUSD,,1,2022-11-08T17:00:00+00:00,2022-11-08T20:00:00+00:00,1.147,1.15782,1.1426971428571429,43.0285714285714,time_exit,108.20000000000051,2.4681274900398544,2.444887118193905,2.4216467463479554
candidate,internal_validation,2022-11-08,2022-11-09,2022-11-10,GBPUSD,0.000690796817280015,-1,2022-11-10T17:00:00+00:00,2022-11-10T20:00:00+00:00,1.1658,1.16438,1.1726303571428571,68.30357142857117,time_exit,14.199999999999768,0.17861437908496458,0.16397385620914753,0.1493333333333305
control,internal_validation,2022-11-08,2022-11-09,2022-11-10,GBPUSD,,-1,2022-11-10T17:00:00+00:00,2022-11-10T20:00:00+00:00,1.1658,1.16438,1.1726303571428571,68.30357142857117,time_exit,14.199999999999768,0.17861437908496458,0.16397385620914753,0.1493333333333305
candidate,internal_validation,2022-11-09,2022-11-10,2022-11-11,EURUSD,0.021595534172551334,1,2022-11-11T17:00:00+00:00,2022-11-11T20:00:00+00:00,1.02877,1.0342,1.0240064285714285,47.6357142857147,time_exit,54.30000000000046,1.1084120557804769,1.092667566351777,1.0769230769230773
control,internal_validation,2022-11-09,2022-11-10,2022-11-11,USDJPY,,-1,2022-11-11T17:00:00+00:00,2022-11-11T20:00:00+00:00,139.423,138.775,140.37507142857143,95.20714285714371,time_exit,64.79999999999961,0.6648660814764699,0.6569885212694027,0.6491109610623353
candidate,internal_validation,2022-11-10,2022-11-11,2022-11-14,EURUSD,0.005229320614184463,1,2022-11-14T17:00:00+00:00,2022-11-14T20:00:00+00:00,1.03133,1.03356,1.0273817857142857,39.48214285714243,time_exit,22.299999999999542,0.5268204432383479,0.507824513794657,0.48882858435096616
control,internal_validation,2022-11-10,2022-11-11,2022-11-14,USDJPY,,-1,2022-11-14T17:00:00+00:00,2022-11-14T20:00:00+00:00,140.577,140.256,141.2415,66.45000000000029,time_exit,32.099999999999795,0.46049661399548025,0.4492099322799047,0.4379232505643291
candidate,internal_validation,2022-11-14,2022-11-15,2022-11-16,EURUSD,0.001001943829622709,1,2022-11-16T17:00:00+00:00,2022-11-16T20:00:00+00:00,1.03883,1.03838,1.0345464285714285,42.83571428571489,time_exit,-4.499999999998394,-0.14007003501746929,-0.15757878939465764,-0.17508754377184596
control,internal_validation,2022-11-14,2022-11-15,2022-11-16,GBPUSD,,1,2022-11-16T17:00:00+00:00,2022-11-16T20:00:00+00:00,1.18506,1.1895,1.1791264285714287,59.33571428571427,time_exit,44.39999999999999,0.7145780666907429,0.6977248104008668,0.6808715541109908
candidate,internal_validation,2022-11-17,2022-11-18,2022-11-21,USDJPY,0.0013331706807011567,-1,2022-11-21T17:00:00+00:00,2022-11-21T18:00:00+00:00,141.498,141.96342857142855,141.96342857142855,46.542857142857386,stop,-46.542857142856064,-1.0322283609576142,-1.0483425414364353,-1.0644567219152568
control,internal_validation,2022-11-17,2022-11-18,2022-11-21,GBPUSD,,1,2022-11-21T17:00:00+00:00,2022-11-21T17:00:00+00:00,1.18182,1.178072142857143,1.178072142857143,37.478571428570966,stop,-37.4785714285708,-1.0533638269487289,-1.0800457404230956,-1.1067276538974622
candidate,internal_validation,2022-11-18,2022-11-21,2022-11-22,EURUSD,0.013297036959480701,-1,2022-11-22T17:00:00+00:00,2022-11-22T19:00:00+00:00,1.02651,1.02909,1.02909,25.799999999999393,stop,-25.800000000000267,-1.0581395348837561,-1.0872093023256173,-1.1162790697674785
control,internal_validation,2022-11-18,2022-11-21,2022-11-22,USDJPY,,1,2022-11-22T17:00:00+00:00,2022-11-22T20:00:00+00:00,141.374,141.234,140.97092857142857,40.30714285714347,time_exit,-13.999999999998636,-0.3845472266524501,-0.40315435052273163,-0.4217614743930131
candidate,internal_validation,2022-11-21,2022-11-22,2022-11-23,GBPUSD,0.0016625440979685102,1,2022-11-23T17:00:00+00:00,2022-11-23T20:00:00+00:00,1.20196,1.20294,1.197810357142857,41.496428571428496,time_exit,9.799999999999809,0.18796798347533786,0.16386952405542216,0.13977106463550645
control,internal_validation,2022-11-21,2022-11-22,2022-11-23,GBPUSD,,1,2022-11-23T17:00:00+00:00,2022-11-23T20:00:00+00:00,1.20196,1.20294,1.197810357142857,41.496428571428496,time_exit,9.799999999999809,0.18796798347533786,0.16386952405542216,0.13977106463550645
candidate,internal_validation,2022-11-22,2022-11-23,2022-11-25,GBPUSD,0.007561241105083605,1,2022-11-25T17:00:00+00:00,2022-11-25T20:00:00+00:00,1.20827,1.20951,1.204345357142857,39.24642857142898,time_exit,12.400000000001299,0.26499226499229533,0.23951223951227013,0.2140322140322449
control,internal_validation,2022-11-22,2022-11-23,2022-11-25,GBPUSD,,1,2022-11-25T17:00:00+00:00,2022-11-25T20:00:00+00:00,1.20827,1.20951,1.204345357142857,39.24642857142898,time_exit,12.400000000001299,0.26499226499229533,0.23951223951227013,0.2140322140322449
candidate,internal_validation,2022-11-23,2022-11-25,2022-11-28,EURUSD,0.011369723081606109,1,2022-11-28T17:00:00+00:00,2022-11-28T18:00:00+00:00,1.04301,1.038752142857143,1.038752142857143,42.57857142857154,stop,-42.57857142857091,-1.035228988424746,-1.0528434826371265,-1.0704579768495068
control,internal_validation,2022-11-23,2022-11-25,2022-11-28,USDJPY,,-1,2022-11-28T17:00:00+00:00,2022-11-28T20:00:00+00:00,138.498,138.799,139.09446428571428,59.64642857142803,time_exit,-30.100000000001614,-0.5297886354110851,-0.5423627327705247,-0.5549368301299644
candidate,internal_validation,2022-11-25,2022-11-28,2022-11-29,USDJPY,0.002738896277471259,-1,2022-11-29T17:00:00+00:00,2022-11-29T20:00:00+00:00,138.585,138.466,139.20214285714286,61.71428571428561,time_exit,11.899999999999977,0.16851851851851843,0.15636574074074064,0.14421296296296285
control,internal_validation,2022-11-25,2022-11-28,2022-11-29,GBPUSD,,-1,2022-11-29T17:00:00+00:00,2022-11-29T20:00:00+00:00,1.19692,1.19713,1.2029917857142858,60.71785714285689,time_exit,-2.100000000000435,-0.06752543968002626,-0.08399505911417726,-0.10046467854832826
candidate,internal_validation,2022-11-28,2022-11-29,2022-11-30,GBPUSD,0.017224815641702085,-1,2022-11-30T17:00:00+00:00,2022-11-30T20:00:00+00:00,1.20047,1.19422,1.204445,39.74999999999966,time_exit,62.499999999998664,1.5220125786163317,1.496855345911929,1.4716981132075262
control,internal_validation,2022-11-28,2022-11-29,2022-11-30,USDJPY,,-1,2022-11-30T17:00:00+00:00,2022-11-30T17:00:00+00:00,139.29,139.7835,139.7835,49.35000000000024,stop,-49.35000000000116,-1.0303951367781339,-1.0455927051671916,-1.0607902735562493
candidate,internal_validation,2022-11-29,2022-11-30,2022-12-01,USDJPY,0.009491564027541699,1,2022-12-01T17:00:00+00:00,2022-12-01T20:00:00+00:00,135.84,135.432,135.22403571428572,61.59642857142852,time_exit,-40.800000000001546,-0.6867281266307441,-0.698904157244764,-0.7110801878587838
control,internal_validation,2022-11-29,2022-11-30,2022-12-01,USDJPY,,1,2022-12-01T17:00:00+00:00,2022-12-01T20:00:00+00:00,135.84,135.432,135.22403571428572,61.59642857142852,time_exit,-40.800000000001546,-0.6867281266307441,-0.698904157244764,-0.7110801878587838
candidate,internal_validation,2022-11-30,2022-12-01,2022-12-02,EURUSD,0.029467724057547162,1,2022-12-02T17:00:00+00:00,2022-12-02T20:00:00+00:00,1.04707,1.05256,1.0432814285714285,37.88571428571435,time_exit,54.89999999999995,1.4095022624434352,1.3897058823529376,1.3699095022624397
control,internal_validation,2022-11-30,2022-12-01,2022-12-02,USDJPY,,-1,2022-12-02T17:00:00+00:00,2022-12-02T20:00:00+00:00,135.479,134.655,136.26167857142858,78.26785714285754,time_exit,82.40000000000123,1.0336299338352832,1.0240474560803208,1.0144649783253585
candidate,internal_validation,2022-12-02,2022-12-05,2022-12-06,GBPUSD,0.004685647284925265,-1,2022-12-06T17:00:00+00:00,2022-12-06T18:00:00+00:00,1.21831,1.22257,1.22257,42.60000000000026,stop,-42.599999999999305,-1.046948356807489,-1.0704225352112449,-1.0938967136150006
control,internal_validation,2022-12-02,2022-12-05,2022-12-06,USDJPY,,1,2022-12-06T17:00:00+00:00,2022-12-06T20:00:00+00:00,136.529,136.835,135.98117857142856,54.782142857142546,time_exit,30.60000000000116,0.5311949931547278,0.5175044005476478,0.5038138079405677
candidate,internal_validation,2022-12-05,2022-12-06,2022-12-07,GBPUSD,0.010463922501162681,-1,2022-12-07T17:00:00+00:00,2022-12-07T20:00:00+00:00,1.22064,1.22242,1.2253864285714284,47.46428571428548,time_exit,-17.80000000000115,-0.4171557562077012,-0.43822422874344247,-0.4592927012791837
control,internal_validation,2022-12-05,2022-12-06,2022-12-07,USDJPY,,1,2022-12-07T17:00:00+00:00,2022-12-07T20:00:00+00:00,136.682,136.344,136.0942142857143,58.778571428571325,time_exit,-33.799999999999386,-0.6005589986632547,-0.6133187507594997,-0.6260785028557447
candidate,internal_validation,2022-12-06,2022-12-07,2022-12-08,EURUSD,0.020380463388855574,1,2022-12-08T17:00:00+00:00,2022-12-08T20:00:00+00:00,1.0539,1.05442,1.051209642857143,26.90357142857187,time_exit,5.199999999998539,0.13752820921274048,0.10965086950744424,0.081773529802148
control,internal_validation,2022-12-06,2022-12-07,2022-12-08,USDJPY,,-1,2022-12-08T17:00:00+00:00,2022-12-08T20:00:00+00:00,136.532,136.564,137.01960714285715,48.76071428571446,time_exit,-3.1999999999982265,-0.09638907199879139,-0.11177030689222135,-0.1271515417856513
candidate,internal_validation,2022-12-09,2022-12-12,2022-12-13,EURUSD,0.036342735261732706,-1,2022-12-13T17:00:00+00:00,2022-12-13T20:00:00+00:00,1.06456,1.06145,1.0682135714285714,36.53571428571478,time_exit,31.09999999999946,0.8101661779080876,0.7896383186705512,0.7691104594330149
control,internal_validation,2022-12-09,2022-12-12,2022-12-13,USDJPY,,1,2022-12-13T17:00:00+00:00,2022-12-13T20:00:00+00:00,134.979,135.324,134.33614285714287,64.2857142857152,time_exit,34.499999999999886,0.5133333333333242,0.5016666666666577,0.4899999999999913
candidate,internal_validation,2022-12-12,2022-12-13,2022-12-14,USDJPY,0.0750759418205218,-1,2022-12-14T17:00:00+00:00,2022-12-14T20:00:00+00:00,134.937,135.091,135.37992857142856,44.29285714285608,time_exit,-15.399999999999636,-0.3815513626834391,-0.3984841154652489,-0.4154168682470587
control,internal_validation,2022-12-12,2022-12-13,2022-12-14,USDJPY,,-1,2022-12-14T17:00:00+00:00,2022-12-14T20:00:00+00:00,134.937,135.091,135.37992857142856,44.29285714285608,time_exit,-15.399999999999636,-0.3815513626834391,-0.3984841154652489,-0.4154168682470587
candidate,internal_validation,2022-12-13,2022-12-14,2022-12-15,EURUSD,0.019653150724697754,1,2022-12-15T17:00:00+00:00,2022-12-15T17:00:00+00:00,1.0699,1.0665614285714287,1.0665614285714287,33.38571428571437,stop,-33.38571428571413,-1.0449293966623803,-1.067394094993574,-1.0898587933247679
control,internal_validation,2022-12-13,2022-12-14,2022-12-15,GBPUSD,,1,2022-12-15T17:00:00+00:00,2022-12-15T17:00:00+00:00,1.23014,1.2254107142857142,1.2254107142857142,47.29285714285698,stop,-47.29285714285769,-1.0422896843377285,-1.0634345265065852,-1.084579368675442
candidate,internal_validation,2022-12-14,2022-12-15,2022-12-16,EURUSD,0.11715601355877059,-1,2022-12-16T17:00:00+00:00,2022-12-16T20:00:00+00:00,1.06437,1.06052,1.0675885714285716,32.18571428571412,time_exit,38.50000000000131,1.1495783399911694,1.1262760763427007,1.102973812694232
control,internal_validation,2022-12-14,2022-12-15,2022-12-16,USDJPY,,1,2022-12-16T17:00:00+00:00,2022-12-16T20:00:00+00:00,136.757,136.428,136.30282142857143,45.41785714285628,time_exit,-32.90000000000077,-0.7574113391523473,-0.7739246677675871,-0.7904379963828267
candidate,internal_validation,2022-12-16,2022-12-19,2022-12-20,GBPUSD,0.0041645644688741434,1,2022-12-20T17:00:00+00:00,2022-12-20T20:00:00+00:00,1.2162,1.21424,1.2102910714285715,59.089285714285275,time_exit,-19.599999999999618,-0.3655485040797787,-0.38247204593532425,-0.39939558779086987
control,internal_validation,2022-12-16,2022-12-19,2022-12-20,USDJPY,,1,2022-12-20T17:00:00+00:00,2022-12-20T18:00:00+00:00,132.296,131.09814285714285,131.09814285714285,119.78571428571496,stop,-119.78571428571456,-1.0125223613595673,-1.0187835420393525,-1.025044722719138
candidate,internal_validation,2022-12-19,2022-12-20,2022-12-21,USDJPY,0.044610493401228135,-1,2022-12-21T17:00:00+00:00,2022-12-21T20:00:00+00:00,132.232,132.344,132.75989285714286,52.789285714285626,time_exit,-11.199999999999477,-0.2405791218456031,-0.2547865503010527,-0.26899397875650227
control,internal_validation,2022-12-19,2022-12-20,2022-12-21,USDJPY,,-1,2022-12-21T17:00:00+00:00,2022-12-21T20:00:00+00:00,132.232,132.344,132.75989285714286,52.789285714285626,time_exit,-11.199999999999477,-0.2405791218456031,-0.2547865503010527,-0.26899397875650227
candidate,internal_validation,2022-12-21,2022-12-22,2022-12-23,EURUSD,0.001448855803694471,-1,2022-12-23T17:00:00+00:00,2022-12-23T20:00:00+00:00,1.06102,1.06206,1.0636,25.799999999999393,time_exit,-10.399999999999299,-0.46124031007750305,-0.4903100775193642,-0.5193798449612254
control,internal_validation,2022-12-21,2022-12-22,2022-12-23,GBPUSD,,-1,2022-12-23T17:00:00+00:00,2022-12-23T17:00:00+00:00,1.20391,1.2075796428571428,1.2075796428571428,36.696428571428214,stop,-36.69642857142774,-1.0545012165449996,-1.081751824817506,-1.1090024330900123
candidate,internal_validation,2022-12-22,2022-12-23,2022-12-27,GBPUSD,0.017018791692094082,1,2022-12-27T17:00:00+00:00,2022-12-27T20:00:00+00:00,1.20209,1.20139,1.1988028571428573,32.87142857142861,time_exit,-7.0000000000014495,-0.2737940026076057,-0.30421555845289033,-0.33463711429817494
control,internal_validation,2022-12-22,2022-12-23,2022-12-27,USDJPY,,1,2022-12-27T17:00:00+00:00,2022-12-27T17:00:00+00:00,133.463,133.18367857142857,133.18367857142857,27.93214285714285,stop,-27.93214285714214,-1.053701572688889,-1.0805523590333463,-1.1074031453778035
candidate,internal_validation,2022-12-23,2022-12-27,2022-12-28,GBPUSD,0.01121979732980205,-1,2022-12-28T17:00:00+00:00,2022-12-28T20:00:00+00:00,1.21087,1.20441,1.2144132142857142,35.43214285714278,time_exit,64.5999999999991,1.766757383328272,1.7385344219332513,1.7103114605382306
control,internal_validation,2022-12-23,2022-12-27,2022-12-28,USDJPY,,1,2022-12-28T17:00:00+00:00,2022-12-28T20:00:00+00:00,134.034,134.175,133.56032142857143,47.367857142857666,time_exit,14.100000000001955,0.2660031667044039,0.25016964487676324,0.2343361230491226
candidate,internal_validation,2022-12-27,2022-12-28,2022-12-29,GBPUSD,0.004931248976919322,1,2022-12-29T17:00:00+00:00,2022-12-29T20:00:00+00:00,1.20426,1.20686,1.201314642857143,29.45357142857121,time_exit,25.999999999999357,0.8148417606402171,0.7808900206135404,0.7469382805868638
control,internal_validation,2022-12-27,2022-12-28,2022-12-29,USDJPY,,1,2022-12-29T17:00:00+00:00,2022-12-29T20:00:00+00:00,133.042,133.03,132.63475,40.72500000000048,time_exit,-1.2000000000000455,-0.06629834254143681,-0.08471454880294671,-0.10313075506445663
candidate,internal_validation,2022-12-28,2022-12-29,2022-12-30,EURUSD,0.003793855642477917,1,2022-12-30T17:00:00+00:00,2022-12-30T17:00:00+00:00,1.06885,1.0660835714285715,1.0660835714285715,27.66428571428566,stop,-27.66428571428614,-1.0542215336948277,-1.0813323005422328,-1.108443067389638
control,internal_validation,2022-12-28,2022-12-29,2022-12-30,USDJPY,,-1,2022-12-30T17:00:00+00:00,2022-12-30T17:00:00+00:00,131.787,132.23710714285716,132.23710714285716,45.010714285714215,stop,-45.010714285714926,-1.0333253987146076,-1.0499880980719034,-1.0666507974291994
candidate,internal_validation,2022-12-29,2022-12-30,2023-01-03,GBPUSD,0.02991577261155931,1,2023-01-03T17:00:00+00:00,2023-01-03T18:00:00+00:00,1.20298,1.1966339285714285,1.1966339285714285,63.460714285713934,stop,-63.460714285714644,-1.0315155608081603,-1.047273341212235,-1.0630311216163095
control,internal_validation,2022-12-29,2022-12-30,2023-01-03,USDJPY,,-1,2023-01-03T17:00:00+00:00,2023-01-03T17:00:00+00:00,130.186,130.92078571428573,130.92078571428573,73.47857142857208,stop,-73.47857142857208,-1.0204141149023036,-1.0306211723534555,-1.0408282298046074
candidate,internal_validation,2022-12-30,2023-01-03,2023-01-04,USDJPY,0.01968971280421905,-1,2023-01-04T17:00:00+00:00,2023-01-04T17:00:00+00:00,131.007,131.5652142857143,131.5652142857143,55.821428571428655,stop,-55.821428571428555,-1.0268714011516296,-1.0403071017274454,-1.0537428023032611
control,internal_validation,2022-12-30,2023-01-03,2023-01-04,EURUSD,,-1,2023-01-04T17:00:00+00:00,2023-01-04T20:00:00+00:00,1.06242,1.06074,1.0653299999999999,29.100000000000314,time_exit,16.799999999999038,0.5257731958762499,0.49999999999996153,0.4742268041236732
candidate,internal_validation,2023-01-03,2023-01-04,2023-01-05,USDJPY,0.01762413052165801,1,2023-01-05T17:00:00+00:00,2023-01-05T19:00:00+00:00,133.744,133.17914285714286,133.17914285714286,56.485714285714494,stop,-56.485714285713584,-1.026555386949908,-1.0398330804248699,-1.053110773899832
control,internal_validation,2023-01-03,2023-01-04,2023-01-05,USDJPY,,1,2023-01-05T17:00:00+00:00,2023-01-05T19:00:00+00:00,133.744,133.17914285714286,133.17914285714286,56.485714285714494,stop,-56.485714285713584,-1.026555386949908,-1.0398330804248699,-1.053110773899832
candidate,internal_validation,2023-01-04,2023-01-05,2023-01-06,GBPUSD,0.032624322993599186,-1,2023-01-06T17:00:00+00:00,2023-01-06T17:00:00+00:00,1.1902300000000001,1.1946367857142859,1.1946367857142859,44.06785714285773,stop,-44.067857142857655,-1.045384553043194,-1.0680768295647918,-1.0907691060863898
control,internal_validation,2023-01-04,2023-01-05,2023-01-06,GBPUSD,,-1,2023-01-06T17:00:00+00:00,2023-01-06T17:00:00+00:00,1.1902300000000001,1.1946367857142859,1.1946367857142859,44.06785714285773,stop,-44.067857142857655,-1.045384553043194,-1.0680768295647918,-1.0907691060863898
candidate,internal_validation,2023-01-05,2023-01-06,2023-01-09,EURUSD,0.028927975616008128,1,2023-01-09T17:00:00+00:00,2023-01-09T20:00:00+00:00,1.07281,1.07503,1.0698378571428573,29.721428571428675,time_exit,22.199999999998887,0.6964671953856847,0.671232876712289,0.6459985580388933
control,internal_validation,2023-01-05,2023-01-06,2023-01-09,GBPUSD,,1,2023-01-09T17:00:00+00:00,2023-01-09T20:00:00+00:00,1.21879,1.21948,1.2143017857142857,44.88214285714284,time_exit,6.899999999998574,0.10917482294896166,0.08689424683692219,0.06461367072488271
candidate,internal_validation,2023-01-06,2023-01-09,2023-01-10,EURUSD,0.014021942297665513,1,2023-01-10T17:00:00+00:00,2023-01-10T20:00:00+00:00,1.07405,1.07334,1.0715867857142856,24.632142857142924,time_exit,-7.099999999999884,-0.34913730607509946,-0.37958532695374225,-0.4100333478323851
control,internal_validation,2023-01-06,2023-01-09,2023-01-10,EURUSD,,1,2023-01-10T17:00:00+00:00,2023-01-10T20:00:00+00:00,1.07405,1.07334,1.0715867857142856,24.632142857142924,time_exit,-7.099999999999884,-0.34913730607509946,-0.37958532695374225,-0.4100333478323851
candidate,internal_validation,2023-01-09,2023-01-10,2023-01-11,EURUSD,0.0018781977356909785,-1,2023-01-11T17:00:00+00:00,2023-01-11T20:00:00+00:00,1.07699,1.07467,1.0793739285714283,23.83928571428535,time_exit,23.199999999998777,0.9102621722846068,0.878801498127303,0.8473408239699991
control,internal_validation,2023-01-09,2023-01-10,2023-01-11,GBPUSD,,-1,2023-01-11T17:00:00+00:00,2023-01-11T20:00:00+00:00,1.21488,1.21208,1.2180417857142856,31.617857142857062,time_exit,27.999999999999137,0.8223201174742772,0.7906924206483426,0.7590647238224077
candidate,internal_validation,2023-01-10,2023-01-11,2023-01-12,GBPUSD,0.008159198089938702,-1,2023-01-12T17:00:00+00:00,2023-01-12T18:00:00+00:00,1.21159,1.2178814285714286,1.2178814285714286,62.91428571428558,stop,-62.914285714286144,-1.0317892824704902,-1.047683923705731,-1.0635785649409717
control,internal_validation,2023-01-10,2023-01-11,2023-01-12,GBPUSD,,-1,2023-01-12T17:00:00+00:00,2023-01-12T18:00:00+00:00,1.21159,1.2178814285714286,1.2178814285714286,62.91428571428558,stop,-62.914285714286144,-1.0317892824704902,-1.047683923705731,-1.0635785649409717
candidate,internal_validation,2023-01-11,2023-01-12,2023-01-13,USDJPY,0.030473694956782094,-1,2023-01-13T17:00:00+00:00,2023-01-13T20:00:00+00:00,127.673,127.709,128.30717857142858,63.4178571428568,time_exit,-3.6000000000001364,-0.08041898969420769,-0.09224531170806144,-0.10407163372191519
control,internal_validation,2023-01-11,2023-01-12,2023-01-13,USDJPY,,-1,2023-01-13T17:00:00+00:00,2023-01-13T20:00:00+00:00,127.673,127.709,128.30717857142858,63.4178571428568,time_exit,-3.6000000000001364,-0.08041898969420769,-0.09224531170806144,-0.10407163372191519
candidate,internal_validation,2023-01-12,2023-01-13,2023-01-17,GBPUSD,0.01703749962228418,-1,2023-01-17T17:00:00+00:00,2023-01-17T20:00:00+00:00,1.22903,1.22622,1.2334067857142859,43.76785714285744,time_exit,28.099999999999792,0.5963280293757562,0.5734802121582941,0.550632394940832
control,internal_validation,2023-01-12,2023-01-13,2023-01-17,USDJPY,,-1,2023-01-17T17:00:00+00:00,2023-01-17T20:00:00+00:00,128.29,128.244,128.87392857142856,58.39285714285732,time_exit,4.599999999999227,0.053088685015277116,0.04024464831802945,0.027400611620781782
candidate,internal_validation,2023-01-13,2023-01-17,2023-01-18,GBPUSD,0.005130109683329609,1,2023-01-18T17:00:00+00:00,2023-01-18T18:00:00+00:00,1.24116,1.236305357142857,1.236305357142857,48.546428571429246,stop,-48.54642857142988,-1.0411976752740506,-1.0617965129110694,-1.082395350548088
control,internal_validation,2023-01-13,2023-01-17,2023-01-18,USDJPY,,1,2023-01-18T17:00:00+00:00,2023-01-18T20:00:00+00:00,128.129,128.813,126.91646428571427,121.25357142857168,time_exit,68.39999999999975,0.5517363258814142,0.5455509410621158,0.5393655562428173
candidate,internal_validation,2023-01-17,2023-01-18,2023-01-19,EURUSD,0.00602962258930928,1,2023-01-19T17:00:00+00:00,2023-01-19T20:00:00+00:00,1.08104,1.08164,1.0783260714285714,27.139285714285553,time_exit,5.999999999999339,0.1658112909593134,0.13817607579942376,0.11054086063953415
control,internal_validation,2023-01-17,2023-01-18,2023-01-19,GBPUSD,,1,2023-01-19T17:00:00+00:00,2023-01-19T20:00:00+00:00,1.2353,1.23727,1.2319153571428572,33.846428571428575,time_exit,19.700000000000273,0.5229503007280865,0.4934050859976866,0.46385987126728667
candidate,internal_validation,2023-01-18,2023-01-19,2023-01-20,EURUSD,0.011589595679954545,1,2023-01-20T17:00:00+00:00,2023-01-20T20:00:00+00:00,1.08219,1.08437,1.0796882142857143,25.017857142857125,time_exit,21.800000000000708,0.8114204139900361,0.7814418272662672,0.7514632405424985
control,internal_validation,2023-01-18,2023-01-19,2023-01-20,GBPUSD,,1,2023-01-20T17:00:00+00:00,2023-01-20T20:00:00+00:00,1.2361900000000001,1.2386300000000001,1.2331010714285715,30.88928571428586,time_exit,24.399999999999977,0.7251705399468105,0.6927968551277564,0.6604231703087023
candidate,internal_validation,2023-01-19,2023-01-20,2023-01-23,EURUSD,0.0026495837669093802,1,2023-01-23T17:00:00+00:00,2023-01-23T20:00:00+00:00,1.08619,1.08624,1.0832832142857143,29.06785714285677,time_exit,0.5000000000010552,-0.034402260719954315,-0.06020395625994727,-0.08600565179994023
control,internal_validation,2023-01-19,2023-01-20,2023-01-23,USDJPY,,1,2023-01-23T17:00:00+00:00,2023-01-23T20:00:00+00:00,130.63,130.646,130.11989285714284,51.01071428571454,time_exit,1.5999999999991132,0.0019603724707520525,-0.01274242106001872,-0.027445214590789493
candidate,internal_validation,2023-01-20,2023-01-23,2023-01-24,EURUSD,0.007958881060457612,1,2023-01-24T17:00:00+00:00,2023-01-24T20:00:00+00:00,1.08424,1.08833,1.0817050000000001,25.34999999999954,time_exit,40.89999999999927,1.5542406311637074,1.5246548323471387,1.4950690335305703
control,internal_validation,2023-01-20,2023-01-23,2023-01-24,USDJPY,,1,2023-01-24T17:00:00+00:00,2023-01-24T17:00:00+00:00,131.07,130.61142857142858,130.61142857142858,45.85714285714256,stop,-45.85714285714175,-1.0327102803738144,-1.0490654205607304,-1.0654205607476464
candidate,internal_validation,2023-01-23,2023-01-24,2023-01-25,EURUSD,0.0009665727979901728,1,2023-01-25T17:00:00+00:00,2023-01-25T20:00:00+00:00,1.08939,1.08993,1.0868957142857143,24.942857142857108,time_exit,5.399999999999849,0.15635738831614537,0.12628865979380857,0.09621993127147176
control,internal_validation,2023-01-23,2023-01-24,2023-01-25,USDJPY,,-1,2023-01-25T17:00:00+00:00,2023-01-25T20:00:00+00:00,129.698,129.613,130.11767857142857,41.96785714285716,time_exit,8.500000000000796,0.16679431537743358,0.1489234958727106,0.1310526763679876
candidate,internal_validation,2023-01-24,2023-01-25,2023-01-26,USDJPY,0.00923715620134935,-1,2023-01-26T17:00:00+00:00,2023-01-26T20:00:00+00:00,130.318,130.339,130.83657142857143,51.85714285714289,time_exit,-2.0999999999986585,-0.06942148760327987,-0.08388429752063524,-0.09834710743799059
control,internal_validation,2023-01-24,2023-01-25,2023-01-26,GBPUSD,,1,2023-01-26T17:00:00+00:00,2023-01-26T20:00:00+00:00,1.23744,1.23748,1.2339610714285716,34.78928571428571,time_exit,0.3999999999981796,-0.04599117133769734,-0.07473565342372547,-0.1034801355097536
candidate,internal_validation,2023-01-25,2023-01-26,2023-01-27,EURUSD,0.0007081664114370056,-1,2023-01-27T17:00:00+00:00,2023-01-27T20:00:00+00:00,1.08653,1.0866500000000001,1.088740357142857,22.10357142857135,time_exit,-1.2000000000012,-0.12215220552598784,-0.15608337372763603,-0.19001454192928424
control,internal_validation,2023-01-25,2023-01-26,2023-01-27,USDJPY,,1,2023-01-27T17:00:00+00:00,2023-01-27T20:00:00+00:00,129.883,129.914,129.47339285714287,40.96071428571406,time_exit,3.099999999997749,0.03906181881588387,0.02075159124591255,0.002441363675941222
candidate,internal_validation,2023-01-26,2023-01-27,2023-01-30,EURUSD,0.007486689761590837,1,2023-01-30T17:00:00+00:00,2023-01-30T18:00:00+00:00,1.08914,1.0866725,1.0866725,24.674999999999873,stop,-24.67500000000067,-1.0607902735562635,-1.0911854103343792,-1.1215805471124949
control,internal_validation,2023-01-26,2023-01-27,2023-01-30,USDJPY,,-1,2023-01-30T17:00:00+00:00,2023-01-30T20:00:00+00:00,130.266,130.417,130.72575,45.974999999999966,time_exit,-15.100000000001046,-0.36106579662862553,-0.37737901033172505,-0.39369222403482457
candidate,internal_validation,2023-01-27,2023-01-30,2023-01-31,EURUSD,0.013144131545281823,-1,2023-01-31T17:00:00+00:00,2023-01-31T20:00:00+00:00,1.08476,1.08652,1.087405357142857,26.45357142857106,time_exit,-17.599999999999838,-0.7220197110841136,-0.7503712704198774,-0.7787228297556413
control,internal_validation,2023-01-27,2023-01-30,2023-01-31,USDJPY,,1,2023-01-31T17:00:00+00:00,2023-01-31T20:00:00+00:00,129.845,130.195,129.51082142857143,33.41785714285683,time_exit,34.99999999999943,1.0024580527946916,0.9800149620604816,0.9575718713262716
candidate,internal_validation,2023-01-30,2023-01-31,2023-02-01,GBPUSD,0.005247568387500179,-1,2023-02-01T17:00:00+00:00,2023-02-01T20:00:00+00:00,1.23393,1.23023,1.2357021428571429,17.721428571428092,time_exit,37.00000000000036,1.9750100765820973,1.9185812172511807,1.8621523579202643
control,internal_validation,2023-01-30,2023-01-31,2023-02-01,GBPUSD,,-1,2023-02-01T17:00:00+00:00,2023-02-01T20:00:00+00:00,1.23393,1.23023,1.2357021428571429,17.721428571428092,time_exit,37.00000000000036,1.9750100765820973,1.9185812172511807,1.8621523579202643
candidate,internal_validation,2023-01-31,2023-02-01,2023-02-02,EURUSD,0.006949429037520494,1,2023-02-02T17:00:00+00:00,2023-02-02T20:00:00+00:00,1.09056,1.09084,1.0872899999999999,32.700000000000585,time_exit,2.80000000000058,0.03975535168197421,0.016819571865460854,-0.006116207951052496
control,internal_validation,2023-01-31,2023-02-01,2023-02-02,USDJPY,,-1,2023-02-02T17:00:00+00:00,2023-02-02T20:00:00+00:00,128.678,128.49,129.14492857142855,46.692857142856276,time_exit,18.799999999998818,0.3705063484778766,0.3544439345265225,0.33838152057516835
candidate,internal_validation,2023-02-01,2023-02-02,2023-02-03,GBPUSD,0.019528267564423718,-1,2023-02-03T17:00:00+00:00,2023-02-03T20:00:00+00:00,1.21319,1.20744,1.2180446428571428,48.54642857142852,time_exit,57.49999999999922,1.1432354888545426,1.1226366512175234,1.1020378135805045
control,internal_validation,2023-02-01,2023-02-02,2023-02-03,USDJPY,,-1,2023-02-03T17:00:00+00:00,2023-02-03T17:00:00+00:00,130.332,130.79399999999998,130.79399999999998,46.199999999999825,stop,-46.19999999999891,-1.0324675324675128,-1.0487012987012791,-1.0649350649350453
candidate,internal_validation,2023-02-02,2023-02-03,2023-02-06,USDJPY,0.005928308553786232,1,2023-02-06T17:00:00+00:00,2023-02-06T20:00:00+00:00,132.59,132.773,132.08203571428572,50.79642857142903,time_exit,18.299999999999272,0.3307319130984851,0.31596709554944497,0.3012022780004048
control,internal_validation,2023-02-02,2023-02-03,2023-02-06,USDJPY,,1,2023-02-06T17:00:00+00:00,2023-02-06T20:00:00+00:00,132.59,132.773,132.08203571428572,50.79642857142903,time_exit,18.299999999999272,0.3307319130984851,0.31596709554944497,0.3012022780004048
candidate,internal_validation,2023-02-03,2023-02-06,2023-02-07,GBPUSD,0.010123978400834899,-1,2023-02-07T17:00:00+00:00,2023-02-07T17:00:00+00:00,1.19771,1.200789285714286,1.200789285714286,30.7928571428576,stop,-30.7928571428584,-1.0649501275806326,-1.097425191370936,-1.1299002551612394
control,internal_validation,2023-02-03,2023-02-06,2023-02-07,USDJPY,,1,2023-02-07T17:00:00+00:00,2023-02-07T17:00:00+00:00,131.988,131.60892857142858,131.60892857142858,37.90714285714267,stop,-37.90714285714216,-1.0395703787450405,-1.0593555681175675,-1.0791407574900944
candidate,internal_validation,2023-02-06,2023-02-07,2023-02-08,GBPUSD,0.016840613130088,1,2023-02-08T17:00:00+00:00,2023-02-08T20:00:00+00:00,1.20681,1.2083599999999999,1.2035635714285713,32.4642857142857,time_exit,15.499999999999403,0.4158415841583976,0.3850385038503668,0.354235423542336
control,internal_validation,2023-02-06,2023-02-07,2023-02-08,USDJPY,,-1,2023-02-08T17:00:00+00:00,2023-02-08T20:00:00+00:00,131.381,131.263,131.80025,41.92500000000042,time_exit,11.7999999999995,0.24567680381632429,0.22778771615979496,0.20989862850326563
candidate,internal_validation,2023-02-07,2023-02-08,2023-02-09,GBPUSD,0.025726108490450317,-1,2023-02-09T17:00:00+00:00,2023-02-09T20:00:00+00:00,1.21759,1.2142,1.2206124999999999,30.22499999999936,time_exit,33.90000000000004,1.0554177005790146,1.022332506203497,0.9892473118279793
control,internal_validation,2023-02-07,2023-02-08,2023-02-09,USDJPY,,1,2023-02-09T17:00:00+00:00,2023-02-09T20:00:00+00:00,130.672,131.153,130.19339285714284,47.860714285715034,time_exit,48.099999999999454,0.9736586821878698,0.9579882098350606,0.9423177374822513
candidate,internal_validation,2023-02-08,2023-02-09,2023-02-10,EURUSD,0.00041512378991415133,1,2023-02-10T17:00:00+00:00,2023-02-10T18:00:00+00:00,1.06975,1.0671935714285714,1.0671935714285714,25.564285714286182,stop,-25.564285714285706,-1.0586756077116315,-1.0880134115674567,-1.1173512154232819
control,internal_validation,2023-02-08,2023-02-09,2023-02-10,GBPUSD,,1,2023-02-10T17:00:00+00:00,2023-02-10T17:00:00+00:00,1.21107,1.2076414285714288,1.2076414285714288,34.28571428571408,stop,-34.28571428571336,-1.0583333333333127,-1.0874999999999797,-1.1166666666666465
candidate,internal_validation,2023-02-09,2023-02-10,2023-02-13,USDJPY,0.010494834478867787,1,2023-02-13T17:00:00+00:00,2023-02-13T20:00:00+00:00,132.57,132.577,132.15192857142856,41.80714285714271,time_exit,0.7000000000005002,-0.019135486075504932,-0.037075004271302024,-0.05501452246709911
control,internal_validation,2023-02-09,2023-02-10,2023-02-13,GBPUSD,,-1,2023-02-13T17:00:00+00:00,2023-02-13T20:00:00+00:00,1.21156,1.21354,1.214797857142857,32.37857142857109,time_exit,-19.800000000000928,-0.6732848003530028,-0.7041694242224052,-0.7350540480918077
candidate,internal_validation,2023-02-10,2023-02-13,2023-02-14,USDJPY,0.041867529551607996,1,2023-02-14T17:00:00+00:00,2023-02-14T20:00:00+00:00,132.739,133.083,132.20392857142858,53.50714285714285,time_exit,34.39999999999941,0.6148711787478197,0.6008543585635987,0.5868375383793776
control,internal_validation,2023-02-10,2023-02-13,2023-02-14,USDJPY,,1,2023-02-14T17:00:00+00:00,2023-02-14T20:00:00+00:00,132.739,133.083,132.20392857142858,53.50714285714285,time_exit,34.39999999999941,0.6148711787478197,0.6008543585635987,0.5868375383793776
candidate,internal_validation,2023-02-13,2023-02-14,2023-02-15,EURUSD,0.012221792068013437,1,2023-02-15T17:00:00+00:00,2023-02-15T20:00:00+00:00,1.06695,1.06669,1.0645007142857144,24.4928571428563,time_exit,-2.60000000000149,-0.16739574219895842,-0.1980169145524153,-0.22863808690587217
control,internal_validation,2023-02-13,2023-02-14,2023-02-15,USDJPY,,1,2023-02-15T17:00:00+00:00,2023-02-15T20:00:00+00:00,134.143,134.292,133.74453571428572,39.84642857142851,time_exit,14.900000000000091,0.336291117683968,0.31746885363449234,0.2986465895850166
candidate,internal_validation,2023-02-14,2023-02-15,2023-02-16,GBPUSD,0.05376740754403753,-1,2023-02-16T17:00:00+00:00,2023-02-16T17:00:00+00:00,1.19815,1.2016439285714287,1.2016439285714287,34.93928571428503,stop,-34.93928571428606,-1.0572421547582846,-1.0858632321374124,-1.11448430951654
control,internal_validation,2023-02-14,2023-02-15,2023-02-16,GBPUSD,,-1,2023-02-16T17:00:00+00:00,2023-02-16T17:00:00+00:00,1.19815,1.2016439285714287,1.2016439285714287,34.93928571428503,stop,-34.93928571428606,-1.0572421547582846,-1.0858632321374124,-1.11448430951654
candidate,internal_validation,2023-02-15,2023-02-16,2023-02-17,EURUSD,0.0006600089272883469,1,2023-02-17T17:00:00+00:00,2023-02-17T20:00:00+00:00,1.06405,1.06785,1.0618578571428572,21.92142857142849,time_exit,38.000000000000256,1.6650374714891023,1.6308243727598744,1.5966112740306466
control,internal_validation,2023-02-15,2023-02-16,2023-02-17,USDJPY,,-1,2023-02-17T17:00:00+00:00,2023-02-17T20:00:00+00:00,134.603,134.267,134.93525,33.22499999999938,time_exit,33.60000000000127,0.9661399548533294,0.9435665914221777,0.9209932279910261
candidate,internal_validation,2023-02-16,2023-02-17,2023-02-21,EURUSD,0.007060868857959202,-1,2023-02-21T17:00:00+00:00,2023-02-21T17:00:00+00:00,1.06487,1.0672603571428572,1.0672603571428572,23.903571428571485,stop,-23.9035714285718,-1.0627521290901072,-1.0941281936351541,-1.1255042581802013
control,internal_validation,2023-02-16,2023-02-17,2023-02-21,USDJPY,,1,2023-02-21T17:00:00+00:00,2023-02-21T17:00:00+00:00,135.162,134.82353571428573,134.82353571428573,33.84642857142879,stop,-33.84642857142808,-1.0443178220955787,-1.0664767331433784,-1.0886356441911782
candidate,internal_validation,2023-02-17,2023-02-21,2023-02-22,USDJPY,0.03602991919146947,1,2023-02-22T17:00:00+00:00,2023-02-22T20:00:00+00:00,134.531,134.739,134.21160714285713,31.939285714286264,time_exit,20.79999999999984,0.6042714972604117,0.580789444258064,0.5573073912557162
control,internal_validation,2023-02-17,2023-02-21,2023-02-22,GBPUSD,,1,2023-02-22T17:00:00+00:00,2023-02-22T17:00:00+00:00,1.21036,1.2071746428571428,1.2071746428571428,31.8535714285717,stop,-31.853571428572813,-1.062787307994204,-1.0941809619912888,-1.1255746159883733
candidate,internal_validation,2023-02-21,2023-02-22,2023-02-23,USDJPY,0.022346608794679756,-1,2023-02-23T17:00:00+00:00,2023-02-23T20:00:00+00:00,134.874,134.808,135.12835714285714,25.43571428571363,time_exit,6.60000000000025,0.20050547598990548,0.1710193765796267,0.14153327716934794
control,internal_validation,2023-02-21,2023-02-22,2023-02-23,GBPUSD,,-1,2023-02-23T17:00:00+00:00,2023-02-23T20:00:00+00:00,1.2057,1.19986,1.208615357142857,29.153571428571144,time_exit,58.400000000000674,1.9345828739434452,1.9002817591572143,1.8659806443709834
candidate,internal_validation,2023-02-22,2023-02-23,2023-02-24,USDJPY,0.01594699397849908,1,2023-02-24T17:00:00+00:00,2023-02-24T20:00:00+00:00,136.182,136.454,135.7182857142857,46.37142857142799,time_exit,27.200000000001978,0.554220579174418,0.5380468268638818,0.5218730745533455
control,internal_validation,2023-02-22,2023-02-23,2023-02-24,GBPUSD,,-1,2023-02-24T17:00:00+00:00,2023-02-24T20:00:00+00:00,1.19465,1.19456,1.1978525,32.02500000000021,time_exit,0.8999999999992347,-0.034348165495730144,-0.06557377049182674,-0.09679937548792333
candidate,internal_validation,2023-02-23,2023-02-24,2023-02-27,USDJPY,0.04829508722388587,1,2023-02-27T17:00:00+00:00,2023-02-27T20:00:00+00:00,135.958,136.182,135.62382142857143,33.417857142857144,time_exit,22.399999999998954,0.6254141284599452,0.6029710377257355,0.5805279469915258
control,internal_validation,2023-02-23,2023-02-24,2023-02-27,USDJPY,,1,2023-02-27T17:00:00+00:00,2023-02-27T20:00:00+00:00,135.958,136.182,135.62382142857143,33.417857142857144,time_exit,22.399999999998954,0.6254141284599452,0.6029710377257355,0.5805279469915258
candidate,internal_validation,2023-02-24,2023-02-27,2023-02-28,EURUSD,0.0026600172541659806,1,2023-02-28T17:00:00+00:00,2023-02-28T17:00:00+00:00,1.06355,1.0612721428571428,1.0612721428571428,22.778571428571247,stop,-22.778571428572203,-1.0658513640640124,-1.0987770460959976,-1.1317027281279828
control,internal_validation,2023-02-24,2023-02-27,2023-02-28,GBPUSD,,1,2023-02-28T17:00:00+00:00,2023-02-28T18:00:00+00:00,1.21325,1.2100132142857143,1.2100132142857143,32.36785714285698,stop,-32.3678571428565,-1.061789694361676,-1.0926845415425213,-1.1235793887233667
candidate,internal_validation,2023-02-27,2023-02-28,2023-03-01,EURUSD,0.011954045544372516,1,2023-03-01T17:00:00+00:00,2023-03-01T20:00:00+00:00,1.06662,1.06653,1.0637667857142856,28.532142857143736,time_exit,-0.8999999999992347,-0.08411565903113845,-0.1104018024783776,-0.13668794592561673
control,internal_validation,2023-02-27,2023-02-28,2023-03-01,GBPUSD,,1,2023-03-01T17:00:00+00:00,2023-03-01T17:00:00+00:00,1.20116,1.1969471428571428,1.1969471428571428,42.12857142857145,stop,-42.1285714285724,-1.0474737199050752,-1.0712105798576015,-1.0949474398101278
candidate,internal_validation,2023-02-28,2023-03-01,2023-03-02,EURUSD,0.00816444241134473,1,2023-03-02T17:00:00+00:00,2023-03-02T20:00:00+00:00,1.05994,1.05798,1.0575775,23.625000000000608,time_exit,-19.600000000001838,-0.8931216931217479,-0.9248677248677789,-0.9566137566138099
control,internal_validation,2023-02-28,2023-03-01,2023-03-02,GBPUSD,,-1,2023-03-02T17:00:00+00:00,2023-03-02T20:00:00+00:00,1.19386,1.19336,1.1977096428571428,38.49642857142835,time_exit,4.999999999999449,0.07792930698579187,0.05195287132385648,0.025976435661921086
candidate,internal_validation,2023-03-01,2023-03-02,2023-03-03,USDJPY,0.036457270804826525,1,2023-03-03T17:00:00+00:00,2023-03-03T20:00:00+00:00,136.015,136.111,135.67,34.5000000000006,time_exit,9.600000000000364,0.23478260869565865,0.2130434782608764,0.19130434782609418
control,internal_validation,2023-03-01,2023-03-02,2023-03-03,USDJPY,,1,2023-03-03T17:00:00+00:00,2023-03-03T20:00:00+00:00,136.015,136.111,135.67,34.5000000000006,time_exit,9.600000000000364,0.23478260869565865,0.2130434782608764,0.19130434782609418
candidate,internal_validation,2023-03-02,2023-03-03,2023-03-06,EURUSD,0.010139337685949101,1,2023-03-06T17:00:00+00:00,2023-03-06T20:00:00+00:00,1.06688,1.06852,1.0646428571428572,22.37142857142858,time_exit,16.399999999998638,0.6660280970625186,0.6325031928479593,0.5989782886333999
control,internal_validation,2023-03-02,2023-03-03,2023-03-06,USDJPY,,-1,2023-03-06T17:00:00+00:00,2023-03-06T20:00:00+00:00,135.912,135.925,136.29310714285714,38.110714285713556,time_exit,-1.300000000000523,-0.07347015275046026,-0.09314965795147273,-0.11282916315248519
candidate,internal_validation,2023-03-03,2023-03-06,2023-03-07,EURUSD,0.018535183694090573,1,2023-03-07T17:00:00+00:00,2023-03-07T17:00:00+00:00,1.06479,1.0627242857142856,1.0627242857142856,20.657142857142578,stop,-20.657142857143374,-1.072614107883857,-1.1089211618257662,-1.1452282157676754
control,internal_validation,2023-03-03,2023-03-06,2023-03-07,EURUSD,,1,2023-03-07T17:00:00+00:00,2023-03-07T17:00:00+00:00,1.06479,1.0627242857142856,1.0627242857142856,20.657142857142578,stop,-20.657142857143374,-1.072614107883857,-1.1089211618257662,-1.1452282157676754
candidate,internal_validation,2023-03-06,2023-03-07,2023-03-08,USDJPY,0.04310183313447258,1,2023-03-08T17:00:00+00:00,2023-03-08T20:00:00+00:00,136.817,137.202,136.47028571428572,34.671428571428464,time_exit,38.49999999999909,1.0671611042438995,1.045529460238955,1.0238978162340107
control,internal_validation,2023-03-06,2023-03-07,2023-03-08,GBPUSD,,-1,2023-03-08T17:00:00+00:00,2023-03-08T20:00:00+00:00,1.1837,1.18312,1.1861225,24.22500000000002,time_exit,5.800000000000249,0.1568627450980494,0.11558307533540751,0.07430340557276566
candidate,internal_validation,2023-03-07,2023-03-08,2023-03-09,GBPUSD,0.04837298614133245,-1,2023-03-09T17:00:00+00:00,2023-03-09T20:00:00+00:00,1.19178,1.19248,1.1948335714285714,30.535714285714253,time_exit,-6.999999999999229,-0.2947368421052382,-0.3274853801169342,-0.3602339181286301
control,internal_validation,2023-03-07,2023-03-08,2023-03-09,USDJPY,,1,2023-03-09T17:00:00+00:00,2023-03-09T20:00:00+00:00,136.164,136.229,135.73874999999998,42.52499999999933,time_exit,6.500000000002615,0.11757789535573647,0.09994121105238522,0.08230452674903398
candidate,internal_validation,2023-03-08,2023-03-09,2023-03-10,GBPUSD,0.07013587247245101,1,2023-03-10T17:00:00+00:00,2023-03-10T20:00:00+00:00,1.20798,1.20599,1.203129642857143,48.503571428570865,time_exit,-19.900000000001583,-0.4515131433620878,-0.4721301818717707,-0.4927472203814536
control,internal_validation,2023-03-08,2023-03-09,2023-03-10,USDJPY,,-1,2023-03-10T17:00:00+00:00,2023-03-10T20:00:00+00:00,134.835,134.74,135.59132142857143,75.63214285714282,time_exit,9.499999999999886,0.10577513339944133,0.09585871464324357,0.0859422958870458
candidate,internal_validation,2023-03-09,2023-03-10,2023-03-13,USDJPY,0.008214914883575286,-1,2023-03-13T17:00:00+00:00,2023-03-13T20:00:00+00:00,132.787,133.174,133.78782142857142,100.08214285714234,time_exit,-38.700000000000045,-0.40167005673910966,-0.4091639010812572,-0.4166577454234048
control,internal_validation,2023-03-09,2023-03-10,2023-03-13,USDJPY,,-1,2023-03-13T17:00:00+00:00,2023-03-13T20:00:00+00:00,132.787,133.174,133.78782142857142,100.08214285714234,time_exit,-38.700000000000045,-0.40167005673910966,-0.4091639010812572,-0.4166577454234048
candidate,internal_validation,2023-03-10,2023-03-13,2023-03-14,USDJPY,0.01920197998692985,-1,2023-03-14T17:00:00+00:00,2023-03-14T20:00:00+00:00,134.502,134.384,135.19232142857143,69.03214285714208,time_exit,11.800000000002342,0.14920585648510987,0.1383413523721189,0.12747684825912792
control,internal_validation,2023-03-10,2023-03-13,2023-03-14,USDJPY,,-1,2023-03-14T17:00:00+00:00,2023-03-14T20:00:00+00:00,134.502,134.384,135.19232142857143,69.03214285714208,time_exit,11.800000000002342,0.14920585648510987,0.1383413523721189,0.12747684825912792
candidate,internal_validation,2023-03-16,2023-03-17,2023-03-20,USDJPY,0.011814835212614838,-1,2023-03-20T17:00:00+00:00,2023-03-20T20:00:00+00:00,131.746,131.631,132.4459642857143,69.99642857142905,time_exit,11.50000000000091,0.1428644318587803,0.13214959946937277,0.12143476707996523
control,internal_validation,2023-03-16,2023-03-17,2023-03-20,USDJPY,,-1,2023-03-20T17:00:00+00:00,2023-03-20T20:00:00+00:00,131.746,131.631,132.4459642857143,69.99642857142905,time_exit,11.50000000000091,0.1428644318587803,0.13214959946937277,0.12143476707996523
candidate,internal_validation,2023-03-17,2023-03-20,2023-03-21,GBPUSD,0.014792002425441542,1,2023-03-21T17:00:00+00:00,2023-03-21T17:00:00+00:00,1.22186,1.2192671428571429,1.2192671428571429,25.928571428571427,stop,-25.928571428570635,-1.0771349862258648,-1.1157024793388124,-1.15426997245176
control,internal_validation,2023-03-17,2023-03-20,2023-03-21,GBPUSD,,1,2023-03-21T17:00:00+00:00,2023-03-21T17:00:00+00:00,1.22186,1.2192671428571429,1.2192671428571429,25.928571428571427,stop,-25.928571428570635,-1.0771349862258648,-1.1157024793388124,-1.15426997245176
candidate,internal_validation,2023-03-20,2023-03-21,2023-03-22,EURUSD,0.005017080146560771,1,2023-03-22T17:00:00+00:00,2023-03-22T20:00:00+00:00,1.07953,1.07934,1.0776132142857144,19.167857142857336,time_exit,-1.900000000001345,-0.17738028693876784,-0.2165082914105394,-0.2556362958823109
control,internal_validation,2023-03-20,2023-03-21,2023-03-22,USDJPY,,1,2023-03-22T17:00:00+00:00,2023-03-22T20:00:00+00:00,132.525,132.493,132.13007142857143,39.492857142856906,time_exit,-3.2000000000010687,-0.11900886236211856,-0.13799963827096295,-0.15699041417980736
candidate,internal_validation,2023-03-21,2023-03-22,2023-03-23,USDJPY,0.00868249493176343,1,2023-03-23T17:00:00+00:00,2023-03-23T18:00:00+00:00,131.243,130.7860357142857,130.7860357142857,45.69642857142873,stop,-45.69642857142924,-1.0328253223915702,-1.0492379835873498,-1.0656506447831293
control,internal_validation,2023-03-21,2023-03-22,2023-03-23,GBPUSD,,1,2023-03-23T17:00:00+00:00,2023-03-23T20:00:00+00:00,1.23146,1.23,1.227365,40.94999999999991,time_exit,-14.600000000000168,-0.40537240537241037,-0.42979242979243487,-0.4542124542124593
candidate,internal_validation,2023-03-22,2023-03-23,2023-03-24,USDJPY,0.02689558185866625,-1,2023-03-24T17:00:00+00:00,2023-03-24T20:00:00+00:00,130.466,130.697,131.0124285714286,54.642857142857395,time_exit,-23.099999999999454,-0.4501960784313605,-0.46392156862743883,-0.4776470588235172
control,internal_validation,2023-03-22,2023-03-23,2023-03-24,USDJPY,,-1,2023-03-24T17:00:00+00:00,2023-03-24T20:00:00+00:00,130.466,130.697,131.0124285714286,54.642857142857395,time_exit,-23.099999999999454,-0.4501960784313605,-0.46392156862743883,-0.4776470588235172
candidate,internal_validation,2023-03-24,2023-03-27,2023-03-28,GBPUSD,0.014017034269001583,1,2023-03-28T17:00:00+00:00,2023-03-28T20:00:00+00:00,1.23083,1.23443,1.228259642857143,25.70357142857138,time_exit,35.99999999999825,1.3227733777962385,1.2838682784492883,1.2449631791023381
control,internal_validation,2023-03-24,2023-03-27,2023-03-28,USDJPY,,1,2023-03-28T17:00:00+00:00,2023-03-28T20:00:00+00:00,130.933,130.96,130.4700357142857,46.29642857142886,time_exit,2.7000000000015234,0.025919925943101475,0.00971997222868362,-0.006479981485734238
candidate,internal_validation,2023-03-27,2023-03-28,2023-03-29,GBPUSD,0.013245402380421378,1,2023-03-29T17:00:00+00:00,2023-03-29T20:00:00+00:00,1.2326,1.23091,1.229672857142857,29.271428571428345,time_exit,-16.899999999999693,-0.6456808199121468,-0.6798438262567054,-0.714006832601264
control,internal_validation,2023-03-27,2023-03-28,2023-03-29,USDJPY,,-1,2023-03-29T17:00:00+00:00,2023-03-29T20:00:00+00:00,132.369,132.649,132.82264285714285,45.36428571428551,time_exit,-28.000000000000114,-0.6502912927098149,-0.6668241221854881,-0.6833569516611614
candidate,internal_validation,2023-03-28,2023-03-29,2023-03-30,GBPUSD,0.029301262200521316,-1,2023-03-30T17:00:00+00:00,2023-03-30T20:00:00+00:00,1.23783,1.23861,1.2405910714285713,27.610714285713886,time_exit,-7.800000000000029,-0.35493467856681515,-0.3911525029103676,-0.42737032725392005
control,internal_validation,2023-03-28,2023-03-29,2023-03-30,USDJPY,,1,2023-03-30T17:00:00+00:00,2023-03-30T20:00:00+00:00,132.676,132.387,132.32232142857143,35.36785714285701,time_exit,-28.899999999998727,-0.8595375138846486,-0.8807432091285141,-0.9019489043723797
candidate,internal_validation,2023-03-29,2023-03-30,2023-03-31,GBPUSD,0.029755134972247355,1,2023-03-31T17:00:00+00:00,2023-03-31T17:00:00+00:00,1.2387,1.2356839285714285,1.2356839285714285,30.160714285714892,stop,-30.160714285714096,-1.0663114268797826,-1.0994671403196874,-1.132622853759592
control,internal_validation,2023-03-29,2023-03-30,2023-03-31,EURUSD,,1,2023-03-31T17:00:00+00:00,2023-03-31T17:00:00+00:00,1.08918,1.0867007142857144,1.0867007142857144,24.79285714285779,stop,-24.79285714285684,-1.0605012964563127,-1.0907519446844882,-1.1210025929126637
candidate,internal_validation,2023-03-30,2023-03-31,2023-04-03,USDJPY,0.005178117658340087,1,2023-04-03T17:00:00+00:00,2023-04-03T17:00:00+00:00,132.85,132.43460714285715,132.43460714285715,41.53928571428551,stop,-41.5392857142848,-1.03611039463501,-1.0541655919525237,-1.0722207892700375
control,internal_validation,2023-03-30,2023-03-31,2023-04-03,GBPUSD,,-1,2023-04-03T17:00:00+00:00,2023-04-03T17:00:00+00:00,1.23886,1.2417689285714286,1.2417689285714286,29.089285714285005,stop,-29.089285714285484,-1.068753836709656,-1.1031307550644756,-1.1375076734192953
candidate,internal_validation,2023-03-31,2023-04-03,2023-04-04,USDJPY,0.028821845933699075,-1,2023-04-04T17:00:00+00:00,2023-04-04T20:00:00+00:00,132.705,131.621,133.13507142857145,43.00714285714267,time_exit,108.40000000000032,2.485633615678477,2.4681946520511726,2.450755688423868
control,internal_validation,2023-03-31,2023-04-03,2023-04-04,GBPUSD,,1,2023-04-04T17:00:00+00:00,2023-04-04T20:00:00+00:00,1.24802,1.24941,1.2446996428571429,33.2035714285715,time_exit,13.900000000000023,0.3583951812412606,0.3282779391201463,0.298160696999032
candidate,internal_validation,2023-04-03,2023-04-04,2023-04-05,USDJPY,0.03724631129965106,-1,2023-04-05T17:00:00+00:00,2023-04-05T20:00:00+00:00,131.085,131.186,131.49567857142858,41.06785714285713,time_exit,-10.099999999999909,-0.28245934429080577,-0.30072180189581493,-0.31898425950082404
control,internal_validation,2023-04-03,2023-04-04,2023-04-05,GBPUSD,,1,2023-04-05T17:00:00+00:00,2023-04-05T17:00:00+00:00,1.24791,1.2448521428571429,1.2448521428571429,30.578571428571674,stop,-30.578571428572232,-1.0654052791404054,-1.098107918710599,-1.1308105582807928
candidate,internal_validation,2023-04-04,2023-04-05,2023-04-06,GBPUSD,0.011622998964771147,-1,2023-04-06T17:00:00+00:00,2023-04-06T18:00:00+00:00,1.24221,1.2449475,1.2449475,27.37499999999972,stop,-27.375000000000593,-1.0730593607306262,-1.1095890410959235,-1.1461187214612207
control,internal_validation,2023-04-04,2023-04-05,2023-04-06,EURUSD,,-1,2023-04-06T17:00:00+00:00,2023-04-06T17:00:00+00:00,1.08968,1.0916439285714286,1.0916439285714286,19.63928571428567,stop,-19.639285714285748,-1.076377523186038,-1.114566284779055,-1.152755046372072
candidate,internal_validation,2023-04-05,2023-04-06,2023-04-07,EURUSD,0.0026773046329127137,1,2023-04-07T17:00:00+00:00,2023-04-07T20:00:00+00:00,1.08987,1.091,1.0884814285714284,13.885714285714611,time_exit,11.300000000000754,0.7057613168724657,0.6517489711934547,0.5977366255144436
control,internal_validation,2023-04-05,2023-04-06,2023-04-07,USDJPY,,1,2023-04-07T17:00:00+00:00,2023-04-07T20:00:00+00:00,132.211,132.147,131.90457142857144,30.642857142856684,time_exit,-6.400000000002137,-0.2578088578089314,-0.28228438228445624,-0.3067599067599811
candidate,internal_validation,2023-04-07,2023-04-10,2023-04-11,USDJPY,0.050118297453676686,1,2023-04-11T17:00:00+00:00,2023-04-11T20:00:00+00:00,133.269,133.725,132.89389285714287,37.51071428571433,time_exit,45.599999999998886,1.1756640959725482,1.1556698086260757,1.1356755212796035
control,internal_validation,2023-04-07,2023-04-10,2023-04-11,USDJPY,,1,2023-04-11T17:00:00+00:00,2023-04-11T20:00:00+00:00,133.269,133.725,132.89389285714287,37.51071428571433,time_exit,45.599999999998886,1.1756640959725482,1.1556698086260757,1.1356755212796035
candidate,internal_validation,2023-04-10,2023-04-11,2023-04-12,EURUSD,0.006788266016251487,1,2023-04-12T17:00:00+00:00,2023-04-12T20:00:00+00:00,1.09746,1.09961,1.0949507142857144,25.092857142857138,time_exit,21.499999999998742,0.7970395673213277,0.7671505835467761,0.7372615997722244
control,internal_validation,2023-04-10,2023-04-11,2023-04-12,EURUSD,,1,2023-04-12T17:00:00+00:00,2023-04-12T20:00:00+00:00,1.09746,1.09961,1.0949507142857144,25.092857142857138,time_exit,21.499999999998742,0.7970395673213277,0.7671505835467761,0.7372615997722244
candidate,internal_validation,2023-04-11,2023-04-12,2023-04-13,GBPUSD,0.013709995873690595,1,2023-04-13T17:00:00+00:00,2023-04-13T17:00:00+00:00,1.25284,1.2504678571428571,1.2504678571428571,23.72142857142886,stop,-23.721428571428227,-1.0843119542306257,-1.126467931345952,-1.1686239084612782
control,internal_validation,2023-04-11,2023-04-12,2023-04-13,EURUSD,,1,2023-04-13T17:00:00+00:00,2023-04-13T20:00:00+00:00,1.10646,1.10557,1.1040064285714286,24.535714285714437,time_exit,-8.900000000000574,-0.42387190684135995,-0.4544395924308794,-0.48500727802039884
candidate,internal_validation,2023-04-12,2023-04-13,2023-04-14,GBPUSD,0.023871529677467418,1,2023-04-14T17:00:00+00:00,2023-04-14T17:00:00+00:00,1.24687,1.2440457142857142,1.2440457142857142,28.24285714285708,stop,-28.242857142857236,-1.0708143651998034,-1.1062215477997024,-1.141628730399601
control,internal_validation,2023-04-12,2023-04-13,2023-04-14,USDJPY,,-1,2023-04-14T17:00:00+00:00,2023-04-14T17:00:00+00:00,133.051,133.45546428571427,133.45546428571427,40.446428571429244,stop,-40.44642857142833,-1.0370860927152086,-1.055629139072824,-1.0741721854304396
candidate,internal_validation,2023-04-13,2023-04-14,2023-04-17,USDJPY,0.015151428424239999,1,2023-04-17T17:00:00+00:00,2023-04-17T20:00:00+00:00,134.316,134.455,133.9325357142857,38.346428571429875,time_exit,13.900000000001,0.32336779361089335,0.3038092577070103,0.28425072180312716
control,internal_validation,2023-04-13,2023-04-14,2023-04-17,USDJPY,,1,2023-04-17T17:00:00+00:00,2023-04-17T20:00:00+00:00,134.316,134.455,133.9325357142857,38.346428571429875,time_exit,13.900000000001,0.32336779361089335,0.3038092577070103,0.28425072180312716
candidate,internal_validation,2023-04-14,2023-04-17,2023-04-18,USDJPY,0.006388497321680342,1,2023-04-18T17:00:00+00:00,2023-04-18T20:00:00+00:00,134.151,134.089,133.85485714285716,29.614285714284904,time_exit,-6.200000000001182,-0.2600096478533997,-0.2853352629040516,-0.31066087795470354
control,internal_validation,2023-04-14,2023-04-17,2023-04-18,USDJPY,,1,2023-04-18T17:00:00+00:00,2023-04-18T20:00:00+00:00,134.151,134.089,133.85485714285716,29.614285714284904,time_exit,-6.200000000001182,-0.2600096478533997,-0.2853352629040516,-0.31066087795470354
candidate,internal_validation,2023-04-17,2023-04-18,2023-04-19,GBPUSD,0.006206502429883409,1,2023-04-19T17:00:00+00:00,2023-04-19T20:00:00+00:00,1.24488,1.24523,1.2413667857142856,35.132142857142966,time_exit,3.5000000000007248,0.04269594388535139,0.014231981295130883,-0.014231981295089624
control,internal_validation,2023-04-17,2023-04-18,2023-04-19,GBPUSD,,1,2023-04-19T17:00:00+00:00,2023-04-19T20:00:00+00:00,1.24488,1.24523,1.2413667857142856,35.132142857142966,time_exit,3.5000000000007248,0.04269594388535139,0.014231981295130883,-0.014231981295089624
candidate,internal_validation,2023-04-18,2023-04-19,2023-04-20,USDJPY,0.00746520360668268,1,2023-04-20T17:00:00+00:00,2023-04-20T20:00:00+00:00,134.261,134.152,133.93582142857142,32.51785714285741,time_exit,-10.900000000000887,-0.38132894014280283,-0.4043931905546643,-0.4274574409665257
control,internal_validation,2023-04-18,2023-04-19,2023-04-20,USDJPY,,1,2023-04-20T17:00:00+00:00,2023-04-20T20:00:00+00:00,134.261,134.152,133.93582142857142,32.51785714285741,time_exit,-10.900000000000887,-0.38132894014280283,-0.4043931905546643,-0.4274574409665257
candidate,internal_validation,2023-04-19,2023-04-20,2023-04-21,GBPUSD,0.016898249934042653,-1,2023-04-21T17:00:00+00:00,2023-04-21T17:00:00+00:00,1.23809,1.2409046428571429,1.2409046428571429,28.146428571428824,stop,-28.14642857142946,-1.071056972465445,-1.1065854586981565,-1.1421139449308677
control,internal_validation,2023-04-19,2023-04-20,2023-04-21,USDJPY,,-1,2023-04-21T17:00:00+00:00,2023-04-21T20:00:00+00:00,134.301,134.131,134.68671428571426,38.5714285714279,time_exit,16.99999999999875,0.4018518518518264,0.3824074074073816,0.36296296296293684
candidate,internal_validation,2023-04-20,2023-04-21,2023-04-24,USDJPY,0.010995033965021772,-1,2023-04-24T17:00:00+00:00,2023-04-24T20:00:00+00:00,134.605,134.382,134.91142857142856,30.642857142857288,time_exit,22.299999999998477,0.6787878787878259,0.6543123543123015,0.6298368298367771
control,internal_validation,2023-04-20,2023-04-21,2023-04-24,GBPUSD,,-1,2023-04-24T17:00:00+00:00,2023-04-24T20:00:00+00:00,1.24482,1.24675,1.2475682142857143,27.482142857142566,time_exit,-19.299999999999873,-0.7750487329434733,-0.8114359974009137,-0.8478232618583539
candidate,internal_validation,2023-04-21,2023-04-24,2023-04-25,GBPUSD,0.011225006820750671,1,2023-04-25T17:00:00+00:00,2023-04-25T20:00:00+00:00,1.24085,1.2399499999999999,1.2383225,25.275000000000002,time_exit,-9.00000000000123,-0.43521266073199716,-0.4747774480712652,-0.5143422354105333
control,internal_validation,2023-04-21,2023-04-24,2023-04-25,EURUSD,,1,2023-04-25T17:00:00+00:00,2023-04-25T17:00:00+00:00,1.09989,1.0978714285714286,1.0978714285714286,20.18571428571354,stop,-20.18571428571425,-1.0743099787686154,-1.1114649681529056,-1.1486199575371956
candidate,internal_validation,2023-04-24,2023-04-25,2023-04-26,USDJPY,0.01357388789422953,-1,2023-04-26T17:00:00+00:00,2023-04-26T18:00:00+00:00,133.168,133.57225,133.57225,40.42500000000026,stop,-40.424999999999045,-1.0371057513914355,-1.0556586270871682,-1.074211502782901
control,internal_validation,2023-04-24,2023-04-25,2023-04-26,GBPUSD,,-1,2023-04-26T17:00:00+00:00,2023-04-26T20:00:00+00:00,1.24947,1.24675,1.2524057142857143,29.357142857142716,time_exit,27.200000000000557,0.8583941605839647,0.824330900243332,0.7902676399026992
candidate,internal_validation,2023-04-25,2023-04-26,2023-04-27,GBPUSD,0.008896543686302882,1,2023-04-27T17:00:00+00:00,2023-04-27T20:00:00+00:00,1.2457799999999999,1.24659,1.2428785714285713,29.014285714285702,time_exit,8.100000000001994,0.210241260462895,0.175775480059153,0.141309699655411
control,internal_validation,2023-04-25,2023-04-26,2023-04-27,EURUSD,,1,2023-04-27T17:00:00+00:00,2023-04-27T20:00:00+00:00,1.101,1.10086,1.098312857142857,26.8714285714288,time_exit,-1.40000000000029,-0.1079213184476441,-0.13583200425306652,-0.16374269005848893
candidate,internal_validation,2023-04-26,2023-04-27,2023-04-28,USDJPY,0.020008255306206646,1,2023-04-28T17:00:00+00:00,2023-04-28T20:00:00+00:00,136.22,136.075,135.44085714285714,77.91428571428624,time_exit,-14.500000000001023,-0.2053538687202171,-0.21497983131647666,-0.22460579391273622
control,internal_validation,2023-04-26,2023-04-27,2023-04-28,EURUSD,,-1,2023-04-28T17:00:00+00:00,2023-04-28T17:00:00+00:00,1.10009,1.1030267857142857,1.1030267857142857,29.367857142857076,stop,-29.367857142856835,-1.0510762495439538,-1.076614374315935,-1.1021524990879161
candidate,internal_validation,2023-04-27,2023-04-28,2023-05-01,USDJPY,0.06071626341795877,1,2023-05-01T17:00:00+00:00,2023-05-01T20:00:00+00:00,136.822,137.476,136.53475,28.724999999999824,time_exit,65.39999999999964,2.2245430809399487,2.1984334203655362,2.1723237597911234
control,internal_validation,2023-04-27,2023-04-28,2023-05-01,USDJPY,,1,2023-05-01T17:00:00+00:00,2023-05-01T20:00:00+00:00,136.822,137.476,136.53475,28.724999999999824,time_exit,65.39999999999964,2.2245430809399487,2.1984334203655362,2.1723237597911234
candidate,internal_validation,2023-04-28,2023-05-01,2023-05-02,USDJPY,0.00014557429057626692,1,2023-05-02T17:00:00+00:00,2023-05-02T17:00:00+00:00,137.395,137.07175,137.07175,32.32499999999996,stop,-32.32500000000016,-1.04640371229699,-1.069605568445482,-1.0928074245939738
control,internal_validation,2023-04-28,2023-05-01,2023-05-02,USDJPY,,1,2023-05-02T17:00:00+00:00,2023-05-02T17:00:00+00:00,137.395,137.07175,137.07175,32.32499999999996,stop,-32.32500000000016,-1.04640371229699,-1.069605568445482,-1.0928074245939738
candidate,internal_validation,2023-05-01,2023-05-02,2023-05-03,USDJPY,0.019423810479823223,-1,2023-05-03T17:00:00+00:00,2023-05-03T20:00:00+00:00,135.436,135.385,135.81239285714287,37.639285714285464,time_exit,5.100000000001614,0.09564474807860886,0.07571875889557428,0.0557927697125397
control,internal_validation,2023-05-01,2023-05-02,2023-05-03,USDJPY,,-1,2023-05-03T17:00:00+00:00,2023-05-03T20:00:00+00:00,135.436,135.385,135.81239285714287,37.639285714285464,time_exit,5.100000000001614,0.09564474807860886,0.07571875889557428,0.0557927697125397
candidate,internal_validation,2023-05-02,2023-05-03,2023-05-04,EURUSD,0.007615216063795449,1,2023-05-04T17:00:00+00:00,2023-05-04T17:00:00+00:00,1.1024,1.0990860714285715,1.0990860714285715,33.13928571428537,stop,-33.13928571428537,-1.0452634982217917,-1.0678952473326875,-1.0905269964435833
control,internal_validation,2023-05-02,2023-05-03,2023-05-04,USDJPY,,-1,2023-05-04T17:00:00+00:00,2023-05-04T20:00:00+00:00,134.285,133.754,134.68839285714284,40.33928571428526,time_exit,53.10000000000059,1.2791500664010915,1.2605577689243317,1.2419654714475719
candidate,internal_validation,2023-05-03,2023-05-04,2023-05-05,GBPUSD,0.01773589298108713,1,2023-05-05T17:00:00+00:00,2023-05-05T20:00:00+00:00,1.25965,1.26475,1.2567892857142855,28.607142857143273,time_exit,51.000000000001044,1.712858926342084,1.6779026217228585,1.6429463171036331
control,internal_validation,2023-05-03,2023-05-04,2023-05-05,USDJPY,,-1,2023-05-05T17:00:00+00:00,2023-05-05T20:00:00+00:00,134.842,134.663,135.20178571428573,35.97857142857086,time_exit,17.900000000000205,0.45582688108002084,0.4349811395672153,0.4141353980544097
candidate,internal_validation,2023-05-04,2023-05-05,2023-05-08,EURUSD,0.006789509959598039,1,2023-05-08T17:00:00+00:00,2023-05-08T17:00:00+00:00,1.10435,1.1025510714285713,1.1025510714285713,17.98928571428628,stop,-17.98928571428604,-1.083382966051205,-1.1250744490768143,-1.1667659321024235
control,internal_validation,2023-05-04,2023-05-05,2023-05-08,USDJPY,,1,2023-05-08T17:00:00+00:00,2023-05-08T19:00:00+00:00,134.935,134.67089285714286,134.67089285714286,26.41071428571493,stop,-26.41071428571422,-1.0567951318458135,-1.0851926977687336,-1.113590263691654
candidate,internal_validation,2023-05-05,2023-05-08,2023-05-09,GBPUSD,0.021496163682864555,-1,2023-05-09T17:00:00+00:00,2023-05-09T20:00:00+00:00,1.26089,1.26114,1.2634678571428573,25.77857142857116,time_exit,-2.4999999999986144,-0.17456359102239197,-0.21335550013849103,-0.25214740925459006
control,internal_validation,2023-05-05,2023-05-08,2023-05-09,GBPUSD,,-1,2023-05-09T17:00:00+00:00,2023-05-09T20:00:00+00:00,1.26089,1.26114,1.2634678571428573,25.77857142857116,time_exit,-2.4999999999986144,-0.17456359102239197,-0.21335550013849103,-0.25214740925459006
candidate,internal_validation,2023-05-08,2023-05-09,2023-05-10,GBPUSD,0.012239038903702593,-1,2023-05-10T17:00:00+00:00,2023-05-10T20:00:00+00:00,1.2637800000000001,1.26202,1.266724285714286,29.442857142857324,time_exit,17.60000000000206,0.5298398835517406,0.49587578845227454,0.46191169335280846
control,internal_validation,2023-05-08,2023-05-09,2023-05-10,EURUSD,,-1,2023-05-10T17:00:00+00:00,2023-05-10T20:00:00+00:00,1.0986,1.09704,1.1008596428571429,22.596428571429104,time_exit,15.600000000000058,0.6239924134660856,0.5908013276434215,0.5576102418207576
candidate,internal_validation,2023-05-09,2023-05-10,2023-05-11,GBPUSD,0.025901160873293305,1,2023-05-11T17:00:00+00:00,2023-05-11T20:00:00+00:00,1.25085,1.25129,1.2473475,35.02499999999988,time_exit,4.3999999999999595,0.06852248394004191,0.03997144896502396,0.01142041399000602
control,internal_validation,2023-05-09,2023-05-10,2023-05-11,USDJPY,,-1,2023-05-11T17:00:00+00:00,2023-05-11T20:00:00+00:00,134.284,134.415,134.71310714285715,42.91071428571546,time_exit,-13.100000000000023,-0.3402413649604573,-0.35771951727006984,-0.3751976695796823
candidate,internal_validation,2023-05-10,2023-05-11,2023-05-12,EURUSD,0.0006096831285309356,-1,2023-05-12T17:00:00+00:00,2023-05-12T20:00:00+00:00,1.08891,1.08518,1.090757142857143,18.471428571428724,time_exit,37.30000000000011,1.9381283836040115,1.8975251353441511,1.8569218870842907
control,internal_validation,2023-05-10,2023-05-11,2023-05-12,GBPUSD,,-1,2023-05-12T17:00:00+00:00,2023-05-12T20:00:00+00:00,1.25103,1.2451699999999999,1.2535928571428572,25.628571428570652,time_exit,58.600000000001984,2.2084726867337006,2.169453734671269,2.1304347826088375
candidate,internal_validation,2023-05-11,2023-05-12,2023-05-15,USDJPY,0.006160674104995323,1,2023-05-15T17:00:00+00:00,2023-05-15T20:00:00+00:00,136.044,136.087,135.71025,33.37500000000071,time_exit,4.2999999999977945,0.08389513108607445,0.06142322097371538,0.03895131086135631
control,internal_validation,2023-05-11,2023-05-12,2023-05-15,USDJPY,,1,2023-05-15T17:00:00+00:00,2023-05-15T20:00:00+00:00,136.044,136.087,135.71025,33.37500000000071,time_exit,4.2999999999977945,0.08389513108607445,0.06142322097371538,0.03895131086135631
candidate,internal_validation,2023-05-12,2023-05-15,2023-05-16,USDJPY,0.01031802338135046,1,2023-05-16T17:00:00+00:00,2023-05-16T20:00:00+00:00,136.279,136.591,136.00385714285713,27.514285714285535,time_exit,31.200000000001182,1.0794392523364986,1.0521806853583053,1.024922118380112
control,internal_validation,2023-05-12,2023-05-15,2023-05-16,GBPUSD,,1,2023-05-16T17:00:00+00:00,2023-05-16T18:00:00+00:00,1.25152,1.248265,1.248265,32.55000000000055,stop,-32.550000000000075,-1.0614439324116587,-1.0921658986174954,-1.122887864823332
candidate,internal_validation,2023-05-15,2023-05-16,2023-05-17,USDJPY,0.023946550241449982,1,2023-05-17T17:00:00+00:00,2023-05-17T20:00:00+00:00,137.346,137.466,137.04589285714286,30.010714285713846,time_exit,12.000000000000455,0.34987504462693925,0.3248839700107304,0.2998928953945215
control,internal_validation,2023-05-15,2023-05-16,2023-05-17,USDJPY,,1,2023-05-17T17:00:00+00:00,2023-05-17T20:00:00+00:00,137.346,137.466,137.04589285714286,30.010714285713846,time_exit,12.000000000000455,0.34987504462693925,0.3248839700107304,0.2998928953945215
candidate,internal_validation,2023-05-16,2023-05-17,2023-05-18,USDJPY,0.034771675769156296,1,2023-05-18T17:00:00+00:00,2023-05-18T20:00:00+00:00,138.382,138.58,138.0252142857143,35.678571428570955,time_exit,19.80000000000075,0.5129129129129407,0.49189189189191945,0.4708708708708982
control,internal_validation,2023-05-16,2023-05-17,2023-05-18,USDJPY,,1,2023-05-18T17:00:00+00:00,2023-05-18T20:00:00+00:00,138.382,138.58,138.0252142857143,35.678571428570955,time_exit,19.80000000000075,0.5129129129129407,0.49189189189191945,0.4708708708708982
candidate,internal_validation,2023-05-17,2023-05-18,2023-05-19,USDJPY,0.0413160826801906,1,2023-05-19T17:00:00+00:00,2023-05-19T18:00:00+00:00,138.543,138.19275000000002,138.19275000000002,35.02499999999975,stop,-35.02499999999884,-1.042826552462501,-1.0642398286937647,-1.0856531049250282
control,internal_validation,2023-05-17,2023-05-18,2023-05-19,USDJPY,,1,2023-05-19T17:00:00+00:00,2023-05-19T18:00:00+00:00,138.543,138.19275000000002,138.19275000000002,35.02499999999975,stop,-35.02499999999884,-1.042826552462501,-1.0642398286937647,-1.0856531049250282
candidate,internal_validation,2023-05-18,2023-05-19,2023-05-22,USDJPY,0.003352903466819157,-1,2023-05-22T17:00:00+00:00,2023-05-22T20:00:00+00:00,138.594,138.55,138.90921428571428,31.52142857142865,time_exit,4.399999999998272,0.09200090641281601,0.06820756854741838,0.04441423068202075
control,internal_validation,2023-05-18,2023-05-19,2023-05-22,USDJPY,,-1,2023-05-22T17:00:00+00:00,2023-05-22T20:00:00+00:00,138.594,138.55,138.90921428571428,31.52142857142865,time_exit,4.399999999998272,0.09200090641281601,0.06820756854741838,0.04441423068202075
candidate,internal_validation,2023-05-19,2023-05-22,2023-05-23,USDJPY,0.012286604705038728,1,2023-05-23T17:00:00+00:00,2023-05-23T20:00:00+00:00,138.498,138.642,138.0795,41.84999999999977,time_exit,14.400000000000546,0.30824372759858104,0.29032258064517596,0.27240143369177083
control,internal_validation,2023-05-19,2023-05-22,2023-05-23,USDJPY,,1,2023-05-23T17:00:00+00:00,2023-05-23T20:00:00+00:00,138.498,138.642,138.0795,41.84999999999977,time_exit,14.400000000000546,0.30824372759858104,0.29032258064517596,0.27240143369177083
candidate,internal_validation,2023-05-22,2023-05-23,2023-05-24,USDJPY,0.028080117333478594,1,2023-05-24T17:00:00+00:00,2023-05-24T20:00:00+00:00,138.837,139.309,138.5262857142857,31.071428571427717,time_exit,47.20000000000084,1.470804597701217,1.4466666666667336,1.42252873563225
control,internal_validation,2023-05-22,2023-05-23,2023-05-24,EURUSD,,-1,2023-05-24T17:00:00+00:00,2023-05-24T20:00:00+00:00,1.07695,1.07561,1.0791282142857144,21.782142857142816,time_exit,13.400000000001189,0.5463190686998425,0.5118871946221247,0.47745532054440704
candidate,internal_validation,2023-05-23,2023-05-24,2023-05-25,USDJPY,0.009147082076400803,1,2023-05-25T17:00:00+00:00,2023-05-25T20:00:00+00:00,139.651,139.931,139.31585714285717,33.51428571428556,time_exit,28.000000000000114,0.7907075873827861,0.7683290707587451,0.7459505541347041
control,internal_validation,2023-05-23,2023-05-24,2023-05-25,USDJPY,,1,2023-05-25T17:00:00+00:00,2023-05-25T20:00:00+00:00,139.651,139.931,139.31585714285717,33.51428571428556,time_exit,28.000000000000114,0.7907075873827861,0.7683290707587451,0.7459505541347041
candidate,internal_validation,2023-05-24,2023-05-25,2023-05-26,USDJPY,0.03341619908789317,1,2023-05-26T17:00:00+00:00,2023-05-26T20:00:00+00:00,140.352,140.593,140.0109642857143,34.10357142857135,time_exit,24.099999999998545,0.662687192376124,0.6406953607707202,0.6187035291653163
control,internal_validation,2023-05-24,2023-05-25,2023-05-26,GBPUSD,,-1,2023-05-26T17:00:00+00:00,2023-05-26T20:00:00+00:00,1.23475,1.23435,1.2376289285714286,28.789285714285423,time_exit,3.9999999999995595,0.06947028904600946,0.034735144522997086,-1.5302098862170282e-14
candidate,internal_validation,2023-05-25,2023-05-26,2023-05-30,USDJPY,0.023789053731836374,1,2023-05-30T17:00:00+00:00,2023-05-30T20:00:00+00:00,139.938,139.922,139.46442857142856,47.357142857143025,time_exit,-1.5999999999991132,-0.06546003016589357,-0.0812971342382917,-0.09713423831068983
control,internal_validation,2023-05-25,2023-05-26,2023-05-30,USDJPY,,1,2023-05-30T17:00:00+00:00,2023-05-30T20:00:00+00:00,139.938,139.922,139.46442857142856,47.357142857143025,time_exit,-1.5999999999991132,-0.06546003016589357,-0.0812971342382917,-0.09713423831068983
candidate,internal_validation,2023-05-26,2023-05-30,2023-05-31,GBPUSD,0.018304125523685988,1,2023-05-31T17:00:00+00:00,2023-05-31T17:00:00+00:00,1.23969,1.2367778571428572,1.2367778571428572,29.121428571428787,stop,-29.121428571428076,-1.0686779494726266,-1.103016924208952,-1.1373558989452774
control,internal_validation,2023-05-26,2023-05-30,2023-05-31,USDJPY,,-1,2023-05-31T17:00:00+00:00,2023-05-31T17:00:00+00:00,139.634,140.02807142857142,140.02807142857142,39.407142857143135,stop,-39.40714285714364,-1.0380641653072447,-1.0570962479608608,-1.0761283306144767
candidate,internal_validation,2023-05-30,2023-05-31,2023-06-01,USDJPY,0.0183676991477717,-1,2023-06-01T17:00:00+00:00,2023-06-01T20:00:00+00:00,138.813,138.794,139.21875,40.575000000000074,time_exit,1.8999999999977035,0.00985828712255583,-0.008626001232342473,-0.027110289587240776
control,internal_validation,2023-05-30,2023-05-31,2023-06-01,EURUSD,,-1,2023-06-01T17:00:00+00:00,2023-06-01T19:00:00+00:00,1.0731,1.0754892857142857,1.0754892857142857,23.892857142857125,stop,-23.892857142857604,-1.0627802690583161,-1.0941704035874642,-1.125560538116612
candidate,internal_validation,2023-05-31,2023-06-01,2023-06-02,GBPUSD,0.017480051326937307,1,2023-06-02T17:00:00+00:00,2023-06-02T17:00:00+00:00,1.252,1.24966,1.24966,23.39999999999985,stop,-23.400000000000087,-1.0854700854700963,-1.1282051282051393,-1.1709401709401823
control,internal_validation,2023-05-31,2023-06-01,2023-06-02,GBPUSD,,1,2023-06-02T17:00:00+00:00,2023-06-02T17:00:00+00:00,1.252,1.24966,1.24966,23.39999999999985,stop,-23.400000000000087,-1.0854700854700963,-1.1282051282051393,-1.1709401709401823
candidate,internal_validation,2023-06-01,2023-06-02,2023-06-05,USDJPY,0.03516223105774574,1,2023-06-05T17:00:00+00:00,2023-06-05T17:00:00+00:00,139.586,139.33325000000002,139.33325000000002,25.27500000000009,stop,-25.27499999999918,-1.059347181008866,-1.0890207715133169,-1.1186943620177678
control,internal_validation,2023-06-01,2023-06-02,2023-06-05,USDJPY,,1,2023-06-05T17:00:00+00:00,2023-06-05T17:00:00+00:00,139.586,139.33325000000002,139.33325000000002,25.27500000000009,stop,-25.27499999999918,-1.059347181008866,-1.0890207715133169,-1.1186943620177678
candidate,internal_validation,2023-06-05,2023-06-06,2023-06-07,GBPUSD,0.027494558368656108,-1,2023-06-07T17:00:00+00:00,2023-06-07T20:00:00+00:00,1.24988,1.24341,1.2524460714285715,25.660714285714434,time_exit,64.70000000000198,2.4434237995825265,2.404453723034162,2.3654836464857976
control,internal_validation,2023-06-05,2023-06-06,2023-06-07,EURUSD,,-1,2023-06-07T17:00:00+00:00,2023-06-07T20:00:00+00:00,1.07373,1.06933,1.075489285714286,17.59285714285749,time_exit,44.00000000000181,2.41575314656928,2.373122208688647,2.330491270808015
candidate,internal_validation,2023-06-06,2023-06-07,2023-06-08,USDJPY,0.07608345793897509,1,2023-06-08T17:00:00+00:00,2023-06-08T20:00:00+00:00,139.011,138.916,138.68935714285715,32.16428571428551,time_exit,-9.499999999999886,-0.3419942260715065,-0.36531201421274584,-0.38862980235398514
control,internal_validation,2023-06-06,2023-06-07,2023-06-08,USDJPY,,1,2023-06-08T17:00:00+00:00,2023-06-08T20:00:00+00:00,139.011,138.916,138.68935714285715,32.16428571428551,time_exit,-9.499999999999886,-0.3419942260715065,-0.36531201421274584,-0.38862980235398514
candidate,internal_validation,2023-06-07,2023-06-08,2023-06-09,GBPUSD,0.030865572634340754,1,2023-06-09T17:00:00+00:00,2023-06-09T20:00:00+00:00,1.25757,1.25823,1.255524642857143,20.45357142857172,time_exit,6.599999999998829,0.22489959839351384,0.17600838135143315,0.1271171643093525
control,internal_validation,2023-06-07,2023-06-08,2023-06-09,USDJPY,,-1,2023-06-09T17:00:00+00:00,2023-06-09T20:00:00+00:00,139.505,139.36,139.79567857142857,29.06785714285769,time_exit,14.499999999998181,0.4472293893598012,0.4214276938198091,0.3956259982798169
candidate,internal_validation,2023-06-08,2023-06-09,2023-06-12,GBPUSD,0.006518920476373369,1,2023-06-12T17:00:00+00:00,2023-06-12T18:00:00+00:00,1.25224,1.2501217857142857,1.2501217857142857,21.18214285714245,stop,-21.182142857143482,-1.094419153599781,-1.1416287303996469,-1.188838307199513
control,internal_validation,2023-06-08,2023-06-09,2023-06-12,USDJPY,,1,2023-06-12T17:00:00+00:00,2023-06-12T20:00:00+00:00,139.662,139.719,139.34164285714286,32.035714285714384,time_exit,5.699999999998795,0.13110367892972788,0.10769230769226974,0.08428093645481162
candidate,internal_validation,2023-06-09,2023-06-12,2023-06-13,USDJPY,0.0375288080879459,1,2023-06-13T17:00:00+00:00,2023-06-13T20:00:00+00:00,139.753,139.896,139.37210714285712,38.08928571428548,time_exit,14.300000000000068,0.3360525082044108,0.3163619315518087,0.2966713548992066
control,internal_validation,2023-06-09,2023-06-12,2023-06-13,GBPUSD,,-1,2023-06-13T17:00:00+00:00,2023-06-13T18:00:00+00:00,1.25854,1.260979642857143,1.260979642857143,24.39642857142876,stop,-24.39642857142932,-1.0819792124140173,-1.1229688186210145,-1.1639584248280117
candidate,internal_validation,2023-06-12,2023-06-13,2023-06-14,GBPUSD,0.1851126114559094,1,2023-06-14T17:00:00+00:00,2023-06-14T20:00:00+00:00,1.26836,1.26949,1.2662524999999998,21.07500000000103,time_exit,11.300000000000754,0.4412811387900498,0.3938315539739193,0.34638196915778874
control,internal_validation,2023-06-12,2023-06-13,2023-06-14,GBPUSD,,1,2023-06-14T17:00:00+00:00,2023-06-14T20:00:00+00:00,1.26836,1.26949,1.2662524999999998,21.07500000000103,time_exit,11.300000000000754,0.4412811387900498,0.3938315539739193,0.34638196915778874
candidate,internal_validation,2023-06-13,2023-06-14,2023-06-15,USDJPY,0.13695225224157204,-1,2023-06-15T17:00:00+00:00,2023-06-15T20:00:00+00:00,140.422,140.317,140.92375,50.17500000000052,time_exit,10.499999999998977,0.17937219730939477,0.16442451420027684,0.14947683109115892
control,internal_validation,2023-06-13,2023-06-14,2023-06-15,GBPUSD,,1,2023-06-15T17:00:00+00:00,2023-06-15T20:00:00+00:00,1.2720500000000001,1.27736,1.2687125000000001,33.37499999999954,time_exit,53.099999999999255,1.5310861423220963,1.5011235955056164,1.4711610486891367
candidate,internal_validation,2023-06-14,2023-06-15,2023-06-16,GBPUSD,0.03280766324615492,1,2023-06-16T17:00:00+00:00,2023-06-16T20:00:00+00:00,1.28315,1.2827,1.2802764285714285,28.735714285714597,time_exit,-4.500000000000615,-0.22619935371615119,-0.26099925428786347,-0.29579915485957575
control,internal_validation,2023-06-14,2023-06-15,2023-06-16,USDJPY,,1,2023-06-16T17:00:00+00:00,2023-06-16T20:00:00+00:00,141.122,141.854,140.58125,54.07500000000027,time_exit,73.19999999999993,1.3259361997225996,1.3120665742024886,1.2981969486823777
candidate,internal_validation,2023-06-15,2023-06-16,2023-06-20,USDJPY,0.025233177594262468,1,2023-06-20T17:00:00+00:00,2023-06-20T20:00:00+00:00,141.577,141.271,141.14982142857144,42.71785714285678,time_exit,-30.60000000000116,-0.7514421871081348,-0.768999247554586,-0.7865563080010372
control,internal_validation,2023-06-15,2023-06-16,2023-06-20,USDJPY,,1,2023-06-20T17:00:00+00:00,2023-06-20T20:00:00+00:00,141.577,141.271,141.14982142857144,42.71785714285678,time_exit,-30.60000000000116,-0.7514421871081348,-0.768999247554586,-0.7865563080010372
candidate,internal_validation,2023-06-16,2023-06-20,2023-06-21,GBPUSD,0.020516888095710284,-1,2023-06-21T17:00:00+00:00,2023-06-21T17:00:00+00:00,1.27194,1.275407142857143,1.275407142857143,34.67142857142827,stop,-34.671428571428905,-1.0576843840132037,-1.0865265760197964,-1.1153687680263893
control,internal_validation,2023-06-16,2023-06-20,2023-06-21,GBPUSD,,-1,2023-06-21T17:00:00+00:00,2023-06-21T17:00:00+00:00,1.27194,1.275407142857143,1.275407142857143,34.67142857142827,stop,-34.671428571428905,-1.0576843840132037,-1.0865265760197964,-1.1153687680263893
candidate,internal_validation,2023-06-21,2023-06-22,2023-06-23,USDJPY,0.0200900660928629,1,2023-06-23T17:00:00+00:00,2023-06-23T20:00:00+00:00,143.28,143.866,142.83642857142857,44.35714285714332,time_exit,58.60000000000127,1.287278582930772,1.2703703703703857,1.2534621578099994
control,internal_validation,2023-06-21,2023-06-22,2023-06-23,USDJPY,,1,2023-06-23T17:00:00+00:00,2023-06-23T20:00:00+00:00,143.28,143.866,142.83642857142857,44.35714285714332,time_exit,58.60000000000127,1.287278582930772,1.2703703703703857,1.2534621578099994
candidate,internal_validation,2023-06-22,2023-06-23,2023-06-26,USDJPY,8.976111303771184e-05,1,2023-06-26T17:00:00+00:00,2023-06-26T20:00:00+00:00,143.459,143.575,143.07735714285712,38.16428571428645,time_exit,11.599999999998545,0.2646453303387178,0.24499344937296857,0.22534156840721936
control,internal_validation,2023-06-22,2023-06-23,2023-06-26,USDJPY,,1,2023-06-26T17:00:00+00:00,2023-06-26T20:00:00+00:00,143.459,143.575,143.07735714285712,38.16428571428645,time_exit,11.599999999998545,0.2646453303387178,0.24499344937296857,0.22534156840721936
candidate,internal_validation,2023-06-23,2023-06-26,2023-06-27,GBPUSD,0.0054481700635546915,1,2023-06-27T17:00:00+00:00,2023-06-27T20:00:00+00:00,1.27516,1.27497,1.2724664285714287,26.935714285713985,time_exit,-1.900000000001345,-0.1447891805887548,-0.18191461150893556,-0.2190400424291163
control,internal_validation,2023-06-23,2023-06-26,2023-06-27,USDJPY,,-1,2023-06-27T17:00:00+00:00,2023-06-27T17:00:00+00:00,143.48,143.79864285714285,143.79864285714285,31.8642857142853,stop,-31.86428571428621,-1.047074646940177,-1.0706119704102515,-1.0941492938803257
candidate,internal_validation,2023-06-26,2023-06-27,2023-06-28,USDJPY,0.02345974262612449,1,2023-06-28T17:00:00+00:00,2023-06-28T20:00:00+00:00,144.403,144.182,144.09732142857143,30.567857142856624,time_exit,-22.100000000000364,-0.7720528099077245,-0.7965883864937747,-0.8211239630798248
control,internal_validation,2023-06-26,2023-06-27,2023-06-28,EURUSD,,1,2023-06-28T17:00:00+00:00,2023-06-28T17:00:00+00:00,1.09348,1.0914475000000001,1.0914475000000001,20.324999999999925,stop,-20.324999999998816,-1.0738007380073258,-1.110701107011016,-1.1476014760147062
candidate,internal_validation,2023-06-28,2023-06-29,2023-06-30,USDJPY,0.03959136622013748,1,2023-06-30T17:00:00+00:00,2023-06-30T20:00:00+00:00,144.506,144.327,144.17975,32.62500000000017,time_exit,-17.900000000000205,-0.5946360153256737,-0.6176245210728,-0.6406130268199263
control,internal_validation,2023-06-28,2023-06-29,2023-06-30,USDJPY,,1,2023-06-30T17:00:00+00:00,2023-06-30T20:00:00+00:00,144.506,144.327,144.17975,32.62500000000017,time_exit,-17.900000000000205,-0.5946360153256737,-0.6176245210728,-0.6406130268199263
candidate,internal_validation,2023-06-29,2023-06-30,2023-07-03,USDJPY,0.0032921653347608437,-1,2023-07-03T17:00:00+00:00,2023-07-03T17:00:00+00:00,144.151,144.47532142857145,144.47532142857145,32.43214285714302,stop,-32.43214285714373,-1.0462504129501373,-1.069375619425195,-1.0925008259002527
control,internal_validation,2023-06-29,2023-06-30,2023-07-03,GBPUSD,,1,2023-07-03T17:00:00+00:00,2023-07-03T20:00:00+00:00,1.26958,1.26972,1.2670535714285713,25.264285714285403,time_exit,1.40000000000029,-0.02374893977946295,-0.06333050607858699,-0.10291207237771102
candidate,internal_validation,2023-06-30,2023-07-03,2023-07-05,USDJPY,0.011338041320014813,1,2023-07-05T17:00:00+00:00,2023-07-05T20:00:00+00:00,144.142,144.637,143.86675,27.525000000000787,time_exit,49.500000000000455,1.743869209809231,1.716621253405962,1.689373297002693
control,internal_validation,2023-06-30,2023-07-03,2023-07-05,USDJPY,,1,2023-07-05T17:00:00+00:00,2023-07-05T20:00:00+00:00,144.142,144.637,143.86675,27.525000000000787,time_exit,49.500000000000455,1.743869209809231,1.716621253405962,1.689373297002693
candidate,internal_validation,2023-07-03,2023-07-05,2023-07-06,GBPUSD,0.006967585580127222,1,2023-07-06T17:00:00+00:00,2023-07-06T17:00:00+00:00,1.27339,1.2699260714285714,1.2699260714285714,34.63928571428592,stop,-34.639285714286316,-1.0577379111248695,-1.0866068666872983,-1.1154758222497272
control,internal_validation,2023-07-03,2023-07-05,2023-07-06,EURUSD,,-1,2023-07-06T17:00:00+00:00,2023-07-06T20:00:00+00:00,1.08815,1.0872600000000001,1.090625,24.750000000000604,time_exit,8.899999999998354,0.2989898989898252,0.2686868686867956,0.23838383838376606
candidate,internal_validation,2023-07-05,2023-07-06,2023-07-07,USDJPY,0.015943249667770942,-1,2023-07-07T17:00:00+00:00,2023-07-07T20:00:00+00:00,142.638,142.107,143.15207142857142,51.407142857142276,time_exit,53.10000000000059,1.0037515631513358,0.9891621508962294,0.9745727386411229
control,internal_validation,2023-07-05,2023-07-06,2023-07-07,USDJPY,,-1,2023-07-07T17:00:00+00:00,2023-07-07T20:00:00+00:00,142.638,142.107,143.15207142857142,51.407142857142276,time_exit,53.10000000000059,1.0037515631513358,0.9891621508962294,0.9745727386411229
candidate,internal_validation,2023-07-06,2023-07-07,2023-07-10,EURUSD,0.008767469817420936,1,2023-07-10T17:00:00+00:00,2023-07-10T20:00:00+00:00,1.09672,1.09893,1.094935,17.850000000000364,time_exit,22.100000000000453,1.1540616246498618,1.1120448179271736,1.0700280112044853
control,internal_validation,2023-07-06,2023-07-07,2023-07-10,USDJPY,,-1,2023-07-10T17:00:00+00:00,2023-07-10T20:00:00+00:00,141.717,141.481,142.20975,49.27499999999928,time_exit,23.60000000000184,0.44850329781841025,0.43328259766620303,0.4180618975139958
candidate,internal_validation,2023-07-07,2023-07-10,2023-07-11,GBPUSD,0.013025758504035645,-1,2023-07-11T17:00:00+00:00,2023-07-11T20:00:00+00:00,1.29033,1.29223,1.2934746428571429,31.446428571428797,time_exit,-19.000000000000128,-0.6678023850085172,-0.6996024985803512,-0.731402612152185
control,internal_validation,2023-07-07,2023-07-10,2023-07-11,USDJPY,,-1,2023-07-11T17:00:00+00:00,2023-07-11T20:00:00+00:00,140.833,140.336,141.30775,47.47499999999921,time_exit,49.69999999999857,1.0152711953659688,0.9994734070563318,0.983675618746695
candidate,internal_validation,2023-07-10,2023-07-11,2023-07-12,GBPUSD,0.049460951880094584,1,2023-07-12T17:00:00+00:00,2023-07-12T20:00:00+00:00,1.29913,1.29961,1.2958546428571427,32.75357142857141,time_exit,4.8000000000003595,0.0854868607567442,0.054955839057910905,0.024424817359077613
control,internal_validation,2023-07-10,2023-07-11,2023-07-12,USDJPY,,-1,2023-07-12T17:00:00+00:00,2023-07-12T20:00:00+00:00,138.818,138.403,139.29767857142858,47.96785714285657,time_exit,41.500000000002046,0.8338917429827046,0.8182562728017797,0.8026208026208548
candidate,internal_validation,2023-07-11,2023-07-12,2023-07-13,EURUSD,0.03204149805817336,1,2023-07-13T17:00:00+00:00,2023-07-13T20:00:00+00:00,1.11943,1.12058,1.117260357142857,21.696428571429156,time_exit,11.499999999999844,0.46090534979421904,0.4263374485596521,0.3917695473250851
control,internal_validation,2023-07-11,2023-07-12,2023-07-13,USDJPY,,-1,2023-07-13T17:00:00+00:00,2023-07-13T20:00:00+00:00,138.151,138.069,138.64514285714287,49.41428571428596,time_exit,8.200000000002206,0.13558832032383697,0.12041052327266619,0.1052327262214954
candidate,internal_validation,2023-07-12,2023-07-13,2023-07-14,GBPUSD,0.017145079042338196,1,2023-07-14T17:00:00+00:00,2023-07-14T17:00:00+00:00,1.31228,1.3095007142857142,1.3095007142857142,27.79285714285651,stop,-27.79285714285651,-1.071960935492163,-1.1079414032382446,-1.1439218709843262
control,internal_validation,2023-07-12,2023-07-13,2023-07-14,GBPUSD,,1,2023-07-14T17:00:00+00:00,2023-07-14T17:00:00+00:00,1.31228,1.3095007142857142,1.3095007142857142,27.79285714285651,stop,-27.79285714285651,-1.071960935492163,-1.1079414032382446,-1.1439218709843262
candidate,internal_validation,2023-07-13,2023-07-14,2023-07-17,GBPUSD,0.018910825641311524,-1,2023-07-17T17:00:00+00:00,2023-07-17T20:00:00+00:00,1.30737,1.30748,1.3100914285714285,27.21428571428557,time_exit,-1.100000000000545,-0.11391076115487628,-0.15065616797902345,-0.18740157480317063
control,internal_validation,2023-07-13,2023-07-14,2023-07-17,USDJPY,,1,2023-07-17T17:00:00+00:00,2023-07-17T20:00:00+00:00,139.138,138.813,138.68135714285714,45.66428571428571,time_exit,-32.500000000001705,-0.7445643672767464,-0.7609885812607914,-0.7774127952448364
candidate,internal_validation,2023-07-14,2023-07-17,2023-07-18,GBPUSD,0.02711480214948714,-1,2023-07-18T17:00:00+00:00,2023-07-18T20:00:00+00:00,1.30746,1.30349,1.3107557142857145,32.9571428571437,time_exit,39.70000000000029,1.1439098396185317,1.1135674035543799,1.0832249674902281
control,internal_validation,2023-07-14,2023-07-17,2023-07-18,GBPUSD,,-1,2023-07-18T17:00:00+00:00,2023-07-18T20:00:00+00:00,1.30746,1.30349,1.3107557142857145,32.9571428571437,time_exit,39.70000000000029,1.1439098396185317,1.1135674035543799,1.0832249674902281
candidate,internal_validation,2023-07-17,2023-07-18,2023-07-19,GBPUSD,0.019158108617153724,-1,2023-07-19T17:00:00+00:00,2023-07-19T20:00:00+00:00,1.29019,1.29086,1.2942764285714285,40.86428571428554,time_exit,-6.699999999999484,-0.21289984268483358,-0.2373710889704481,-0.2618423352560626
control,internal_validation,2023-07-17,2023-07-18,2023-07-19,GBPUSD,,-1,2023-07-19T17:00:00+00:00,2023-07-19T20:00:00+00:00,1.29019,1.29086,1.2942764285714285,40.86428571428554,time_exit,-6.699999999999484,-0.21289984268483358,-0.2373710889704481,-0.2618423352560626
candidate,internal_validation,2023-07-18,2023-07-19,2023-07-20,EURUSD,0.0016110166497231848,-1,2023-07-20T17:00:00+00:00,2023-07-20T20:00:00+00:00,1.11834,1.11242,1.1204142857142856,20.742857142857428,time_exit,59.19999999999925,2.7816804407712756,2.7455234159778876,2.7093663911844996
control,internal_validation,2023-07-18,2023-07-19,2023-07-20,GBPUSD,,-1,2023-07-20T17:00:00+00:00,2023-07-20T20:00:00+00:00,1.2873700000000001,1.28531,1.290327142857143,29.57142857142864,time_exit,20.600000000001728,0.6289855072464338,0.5951690821256609,0.561352657004888
candidate,internal_validation,2023-07-20,2023-07-21,2023-07-24,USDJPY,0.0019282564758016374,1,2023-07-24T17:00:00+00:00,2023-07-24T20:00:00+00:00,141.156,141.294,140.781,37.50000000000061,time_exit,13.800000000000523,0.3280000000000086,0.30800000000000893,0.28800000000000925
control,internal_validation,2023-07-20,2023-07-21,2023-07-24,USDJPY,,1,2023-07-24T17:00:00+00:00,2023-07-24T20:00:00+00:00,141.156,141.294,140.781,37.50000000000061,time_exit,13.800000000000523,0.3280000000000086,0.30800000000000893,0.28800000000000925
candidate,internal_validation,2023-07-26,2023-07-27,2023-07-28,USDJPY,0.025265773233652533,1,2023-07-28T17:00:00+00:00,2023-07-28T20:00:00+00:00,140.538,140.861,139.27189285714286,126.61071428571466,time_exit,32.29999999999791,0.24326535217622602,0.23734168288622012,0.2314180135962142
control,internal_validation,2023-07-26,2023-07-27,2023-07-28,EURUSD,,-1,2023-07-28T17:00:00+00:00,2023-07-28T20:00:00+00:00,1.1017,1.10255,1.1050524999999998,33.52499999999981,time_exit,-8.500000000000174,-0.2982848620432582,-0.3206562266965022,-0.3430275913497462
candidate,internal_validation,2023-07-28,2023-07-31,2023-08-01,USDJPY,0.014574806029070242,1,2023-08-01T17:00:00+00:00,2023-08-01T20:00:00+00:00,143.171,143.393,142.83682142857143,33.41785714285653,time_exit,22.20000000000084,0.6194293042642237,0.5969862135300136,0.5745431227958036
control,internal_validation,2023-07-28,2023-07-31,2023-08-01,USDJPY,,1,2023-08-01T17:00:00+00:00,2023-08-01T20:00:00+00:00,143.171,143.393,142.83682142857143,33.41785714285653,time_exit,22.20000000000084,0.6194293042642237,0.5969862135300136,0.5745431227958036
candidate,internal_validation,2023-08-01,2023-08-02,2023-08-03,EURUSD,0.018043350433989858,-1,2023-08-03T17:00:00+00:00,2023-08-03T17:00:00+00:00,1.09186,1.0943232142857142,1.0943232142857142,24.63214285714245,stop,-24.63214285714166,-1.0608960417572546,-1.0913440626358981,-1.1217920835145414
control,internal_validation,2023-08-01,2023-08-02,2023-08-03,GBPUSD,,-1,2023-08-03T17:00:00+00:00,2023-08-03T17:00:00+00:00,1.26574,1.2696100000000001,1.2696100000000001,38.70000000000016,stop,-38.7000000000004,-1.0516795865633135,-1.0775193798449672,-1.1033591731266208
candidate,internal_validation,2023-08-03,2023-08-04,2023-08-07,EURUSD,0.008047279272329844,1,2023-08-07T17:00:00+00:00,2023-08-07T20:00:00+00:00,1.09928,1.10006,1.0973203571428571,19.59642857142848,time_exit,7.800000000000029,0.3214871514488822,0.2832148715144916,0.24494259158010107
control,internal_validation,2023-08-03,2023-08-04,2023-08-07,EURUSD,,1,2023-08-07T17:00:00+00:00,2023-08-07T20:00:00+00:00,1.09928,1.10006,1.0973203571428571,19.59642857142848,time_exit,7.800000000000029,0.3214871514488822,0.2832148715144916,0.24494259158010107
candidate,internal_validation,2023-08-04,2023-08-07,2023-08-08,EURUSD,0.011353476254814199,-1,2023-08-08T17:00:00+00:00,2023-08-08T20:00:00+00:00,1.0937999999999999,1.09484,1.096212857142857,24.128571428572243,time_exit,-10.40000000000152,-0.4931912374186372,-0.5242747187685474,-0.5553582001184575
control,internal_validation,2023-08-04,2023-08-07,2023-08-08,USDJPY,,1,2023-08-08T17:00:00+00:00,2023-08-08T20:00:00+00:00,143.093,143.312,142.67535714285714,41.76428571428537,time_exit,21.90000000000225,0.4884556182658352,0.4704976911237109,0.45253976398158663
candidate,internal_validation,2023-08-07,2023-08-08,2023-08-09,USDJPY,0.01962349497771565,1,2023-08-09T17:00:00+00:00,2023-08-09T20:00:00+00:00,143.4,143.638,143.1642857142857,23.57142857142906,time_exit,23.799999999999955,0.9460606060605845,0.9142424242424034,0.8824242424242222
control,internal_validation,2023-08-07,2023-08-08,2023-08-09,USDJPY,,1,2023-08-09T17:00:00+00:00,2023-08-09T20:00:00+00:00,143.4,143.638,143.1642857142857,23.57142857142906,time_exit,23.799999999999955,0.9460606060605845,0.9142424242424034,0.8824242424242222
candidate,internal_validation,2023-08-08,2023-08-09,2023-08-10,USDJPY,0.01110821155184416,1,2023-08-10T17:00:00+00:00,2023-08-10T20:00:00+00:00,144.138,144.45,143.814,32.40000000000032,time_exit,31.19999999999834,0.9166666666666065,0.8935185185184585,0.8703703703703106
control,internal_validation,2023-08-08,2023-08-09,2023-08-10,USDJPY,,1,2023-08-10T17:00:00+00:00,2023-08-10T20:00:00+00:00,144.138,144.45,143.814,32.40000000000032,time_exit,31.19999999999834,0.9166666666666065,0.8935185185184585,0.8703703703703106
candidate,internal_validation,2023-08-09,2023-08-10,2023-08-11,USDJPY,0.028940870807057983,1,2023-08-11T17:00:00+00:00,2023-08-11T17:00:00+00:00,144.781,144.57378571428572,144.57378571428572,20.721428571429158,stop,-20.721428571428646,-1.0723888314374086,-1.1085832471561252,-1.1447776628748418
control,internal_validation,2023-08-09,2023-08-10,2023-08-11,USDJPY,,1,2023-08-11T17:00:00+00:00,2023-08-11T17:00:00+00:00,144.781,144.57378571428572,144.57378571428572,20.721428571429158,stop,-20.721428571428646,-1.0723888314374086,-1.1085832471561252,-1.1447776628748418
candidate,internal_validation,2023-08-10,2023-08-11,2023-08-14,USDJPY,0.019987291076161595,1,2023-08-14T17:00:00+00:00,2023-08-14T17:00:00+00:00,145.531,145.23357142857142,145.23357142857142,29.742857142857865,stop,-29.74285714285827,-1.0504322766570728,-1.0756484149856025,-1.1008645533141321
control,internal_validation,2023-08-10,2023-08-11,2023-08-14,EURUSD,,-1,2023-08-14T17:00:00+00:00,2023-08-14T17:00:00+00:00,1.08815,1.0902596428571427,1.0902596428571427,21.096428571428316,stop,-21.096428571427683,-1.0711020822752375,-1.1066531234128714,-1.142204164550505
candidate,internal_validation,2023-08-11,2023-08-14,2023-08-15,GBPUSD,0.014858180601686977,1,2023-08-15T17:00:00+00:00,2023-08-15T20:00:00+00:00,1.27267,1.27234,1.2692746428571429,33.95357142857119,time_exit,-3.2999999999994145,-0.15609550857261456,-0.18554749132216772,-0.2149994740717209
control,internal_validation,2023-08-11,2023-08-14,2023-08-15,USDJPY,,1,2023-08-15T17:00:00+00:00,2023-08-15T20:00:00+00:00,145.33,145.558,145.01564285714286,31.435714285714567,time_exit,22.799999999998022,0.6775732788002037,0.6537150647579407,0.6298568507156779
candidate,internal_validation,2023-08-14,2023-08-15,2023-08-16,GBPUSD,0.017164734358665168,1,2023-08-16T17:00:00+00:00,2023-08-16T20:00:00+00:00,1.27407,1.2732999999999999,1.2714085714285714,26.614285714285444,time_exit,-7.7000000000015945,-0.3644659151906165,-0.4020397208803646,-0.4396135265701127
control,internal_validation,2023-08-14,2023-08-15,2023-08-16,USDJPY,,1,2023-08-16T17:00:00+00:00,2023-08-16T20:00:00+00:00,145.818,145.916,145.5849642857143,23.30357142857155,time_exit,9.799999999998477,0.35616858237541166,0.32398467432943484,0.29180076628345797
candidate,internal_validation,2023-08-15,2023-08-16,2023-08-17,GBPUSD,0.021291765239653815,1,2023-08-17T17:00:00+00:00,2023-08-17T20:00:00+00:00,1.27622,1.27597,1.2733914285714285,28.2857142857145,time_exit,-2.4999999999986144,-0.1590909090908589,-0.194444444444394,-0.22979797979792907
control,internal_validation,2023-08-15,2023-08-16,2023-08-17,USDJPY,,1,2023-08-17T17:00:00+00:00,2023-08-17T20:00:00+00:00,145.889,146.131,145.6216785714286,26.73214285714321,time_exit,24.199999999999022,0.8491649966599388,0.8211088844354903,0.7930527722110419
candidate,internal_validation,2023-08-16,2023-08-17,2023-08-18,GBPUSD,0.0284182086872955,1,2023-08-18T17:00:00+00:00,2023-08-18T20:00:00+00:00,1.27434,1.2744900000000001,1.2713464285714287,29.935714285714127,time_exit,1.500000000000945,-0.016702457647308058,-0.05010737294198731,-0.08351228823666657
control,internal_validation,2023-08-16,2023-08-17,2023-08-18,GBPUSD,,1,2023-08-18T17:00:00+00:00,2023-08-18T20:00:00+00:00,1.27434,1.2744900000000001,1.2713464285714287,29.935714285714127,time_exit,1.500000000000945,-0.016702457647308058,-0.05010737294198731,-0.08351228823666657
candidate,internal_validation,2023-08-17,2023-08-18,2023-08-21,EURUSD,0.0037010529812060433,-1,2023-08-21T17:00:00+00:00,2023-08-21T20:00:00+00:00,1.08874,1.0901399999999999,1.090582857142857,18.42857142857059,time_exit,-13.999999999998458,-0.8410852713177841,-0.8817829457363906,-0.9224806201549971
control,internal_validation,2023-08-17,2023-08-18,2023-08-21,USDJPY,,-1,2023-08-21T17:00:00+00:00,2023-08-21T20:00:00+00:00,146.136,146.185,146.44789285714285,31.189285714286342,time_exit,-4.900000000000659,-0.2051986717050439,-0.22924539104547628,-0.25329211038590865
candidate,internal_validation,2023-08-18,2023-08-21,2023-08-22,GBPUSD,0.003496025640460365,1,2023-08-22T17:00:00+00:00,2023-08-22T20:00:00+00:00,1.2723,1.2735,1.2695957142857144,27.04285714285683,time_exit,12.000000000000899,0.36978341257267355,0.33280507131540954,0.2958267300581455
control,internal_validation,2023-08-18,2023-08-21,2023-08-22,USDJPY,,1,2023-08-22T17:00:00+00:00,2023-08-22T18:00:00+00:00,146.061,145.76646428571428,145.76646428571428,29.45357142857229,stop,-29.4535714285729,-1.0509276100400338,-1.0763914150600404,-1.1018552200800469
candidate,internal_validation,2023-08-21,2023-08-22,2023-08-23,GBPUSD,0.00353217175844156,-1,2023-08-23T17:00:00+00:00,2023-08-23T18:00:00+00:00,1.26782,1.2715314285714285,1.2715314285714285,37.11428571428619,stop,-37.11428571428588,-1.0538876058506452,-1.080831408775972,-1.107775211701299
control,internal_validation,2023-08-21,2023-08-22,2023-08-23,EURUSD,,-1,2023-08-23T17:00:00+00:00,2023-08-23T18:00:00+00:00,1.08376,1.08607,1.08607,23.10000000000074,stop,-23.100000000000342,-1.0649350649350455,-1.097402597402577,-1.1298701298701084
candidate,internal_validation,2023-08-22,2023-08-23,2023-08-24,GBPUSD,0.019866389990631506,-1,2023-08-24T17:00:00+00:00,2023-08-24T20:00:00+00:00,1.26453,1.26233,1.2675792857142858,30.49285714285826,time_exit,21.999999999999797,0.6558913094401193,0.623096743968113,0.5903021784961067
control,internal_validation,2023-08-22,2023-08-23,2023-08-24,USDJPY,,-1,2023-08-24T17:00:00+00:00,2023-08-24T20:00:00+00:00,145.715,145.902,146.01928571428573,30.428571428571466,time_exit,-18.69999999999834,-0.6638497652581606,-0.6884976525821043,-0.7131455399060479
candidate,internal_validation,2023-08-23,2023-08-24,2023-08-25,EURUSD,0.0029987461966634044,-1,2023-08-25T17:00:00+00:00,2023-08-25T17:00:00+00:00,1.08081,1.0827192857142858,1.0827192857142858,19.092857142857323,stop,-19.092857142857245,-1.0785634118967404,-1.1178451178451125,-1.1571268237934849
control,internal_validation,2023-08-23,2023-08-24,2023-08-25,USDJPY,,1,2023-08-25T17:00:00+00:00,2023-08-25T17:00:00+00:00,146.103,145.84725,145.84725,25.575000000000614,stop,-25.575000000000614,-1.0586510263929605,-1.0879765395894407,-1.117302052785921
candidate,internal_validation,2023-08-24,2023-08-25,2023-08-28,USDJPY,0.005737365200360722,1,2023-08-28T17:00:00+00:00,2023-08-28T20:00:00+00:00,146.549,146.495,146.3447857142857,20.421428571428635,time_exit,-5.400000000000205,-0.33788037775446855,-0.37460650577125754,-0.4113326337880465
control,internal_validation,2023-08-24,2023-08-25,2023-08-28,USDJPY,,1,2023-08-28T17:00:00+00:00,2023-08-28T20:00:00+00:00,146.549,146.495,146.3447857142857,20.421428571428635,time_exit,-5.400000000000205,-0.33788037775446855,-0.37460650577125754,-0.4113326337880465
candidate,internal_validation,2023-08-25,2023-08-28,2023-08-29,USDJPY,0.0019190523517480518,1,2023-08-29T17:00:00+00:00,2023-08-29T17:00:00+00:00,147.123,146.87839285714284,146.87839285714284,24.460714285714452,stop,-24.460714285714857,-1.0613228208497751,-1.0919842312746546,-1.1226456416995338
control,internal_validation,2023-08-25,2023-08-28,2023-08-29,USDJPY,,1,2023-08-29T17:00:00+00:00,2023-08-29T17:00:00+00:00,147.123,146.87839285714284,146.87839285714284,24.460714285714452,stop,-24.460714285714857,-1.0613228208497751,-1.0919842312746546,-1.1226456416995338
candidate,internal_validation,2023-08-29,2023-08-30,2023-08-31,USDJPY,0.012265967537728129,1,2023-08-31T17:00:00+00:00,2023-08-31T17:00:00+00:00,146.144,145.81389285714286,145.81389285714286,33.010714285714165,stop,-33.01071428571447,-1.0454397922752448,-1.0681596884128626,-1.0908795845504802
control,internal_validation,2023-08-29,2023-08-30,2023-08-31,GBPUSD,,1,2023-08-31T17:00:00+00:00,2023-08-31T20:00:00+00:00,1.26757,1.26628,1.2652460714285716,23.23928571428546,time_exit,-12.900000000000134,-0.6411556785000896,-0.6841862609497597,-0.7272168433994297
candidate,internal_validation,2023-08-31,2023-09-01,2023-09-05,EURUSD,0.007819459961888153,-1,2023-09-05T17:00:00+00:00,2023-09-05T20:00:00+00:00,1.07292,1.07296,1.0750810714285715,21.610714285714547,time_exit,-0.3999999999981796,-0.08791935217310921,-0.12262435960989611,-0.157329367046683
control,internal_validation,2023-08-31,2023-09-01,2023-09-05,GBPUSD,,-1,2023-09-05T17:00:00+00:00,2023-09-05T20:00:00+00:00,1.25611,1.2576800000000001,1.2592675,31.57500000000011,time_exit,-15.700000000000713,-0.560570071258928,-0.5922406967537814,-0.6239113222486349
candidate,internal_validation,2023-09-01,2023-09-05,2023-09-06,USDJPY,0.07929928110776951,1,2023-09-06T17:00:00+00:00,2023-09-06T20:00:00+00:00,147.145,147.592,146.8252857142857,31.971428571428362,time_exit,44.70000000000027,1.3512064343163712,1.3277479892761566,1.3042895442359421
control,internal_validation,2023-09-01,2023-09-05,2023-09-06,USDJPY,,1,2023-09-06T17:00:00+00:00,2023-09-06T20:00:00+00:00,147.145,147.592,146.8252857142857,31.971428571428362,time_exit,44.70000000000027,1.3512064343163712,1.3277479892761566,1.3042895442359421
candidate,internal_validation,2023-09-05,2023-09-06,2023-09-07,GBPUSD,0.015217612748072318,-1,2023-09-07T17:00:00+00:00,2023-09-07T18:00:00+00:00,1.24551,1.2480417857142856,1.2480417857142856,25.317857142857424,stop,-25.317857142856948,-1.0789956270277699,-1.1184934405416642,-1.1579912540555586
control,internal_validation,2023-09-05,2023-09-06,2023-09-07,GBPUSD,,-1,2023-09-07T17:00:00+00:00,2023-09-07T18:00:00+00:00,1.24551,1.2480417857142856,1.2480417857142856,25.317857142857424,stop,-25.317857142856948,-1.0789956270277699,-1.1184934405416642,-1.1579912540555586
candidate,internal_validation,2023-09-06,2023-09-07,2023-09-08,GBPUSD,0.011019644282741492,-1,2023-09-08T17:00:00+00:00,2023-09-08T20:00:00+00:00,1.24954,1.24621,1.2520289285714286,24.889285714285567,time_exit,33.30000000000055,1.2575692351844177,1.2173913043478555,1.1772133735112933
control,internal_validation,2023-09-06,2023-09-07,2023-09-08,USDJPY,,-1,2023-09-08T17:00:00+00:00,2023-09-08T20:00:00+00:00,147.464,147.765,147.81285714285715,34.88571428571459,time_exit,-30.099999999998772,-0.9058149058148627,-0.927313677313634,-0.9488124488124053
candidate,internal_validation,2023-09-07,2023-09-08,2023-09-11,USDJPY,0.0008246247957179875,1,2023-09-11T17:00:00+00:00,2023-09-11T20:00:00+00:00,146.437,146.474,145.90985714285716,52.71428571428619,time_exit,3.6999999999977717,0.041734417344130796,0.02750677506770816,0.013279132791285522
control,internal_validation,2023-09-07,2023-09-08,2023-09-11,USDJPY,,1,2023-09-11T17:00:00+00:00,2023-09-11T20:00:00+00:00,146.437,146.474,145.90985714285716,52.71428571428619,time_exit,3.6999999999977717,0.041734417344130796,0.02750677506770816,0.013279132791285522
candidate,internal_validation,2023-09-08,2023-09-11,2023-09-12,GBPUSD,0.03133103881204402,1,2023-09-12T17:00:00+00:00,2023-09-12T20:00:00+00:00,1.24692,1.2478,1.244385,25.34999999999954,time_exit,8.799999999999919,0.26824457593688533,0.2287968441814605,0.18934911242603575
control,internal_validation,2023-09-08,2023-09-11,2023-09-12,USDJPY,,-1,2023-09-12T17:00:00+00:00,2023-09-12T20:00:00+00:00,147.208,147.175,147.47403571428572,26.60357142857147,time_exit,3.299999999998704,0.06766008860244815,0.03946838501807446,0.011276681433700763
candidate,internal_validation,2023-09-11,2023-09-12,2023-09-13,USDJPY,0.03228029561714463,1,2023-09-13T17:00:00+00:00,2023-09-13T20:00:00+00:00,147.415,147.345,147.142,27.299999999999415,time_exit,-6.999999999999318,-0.31135531135529304,-0.3388278388278211,-0.3663003663003492
control,internal_validation,2023-09-11,2023-09-12,2023-09-13,USDJPY,,1,2023-09-13T17:00:00+00:00,2023-09-13T20:00:00+00:00,147.415,147.345,147.142,27.299999999999415,time_exit,-6.999999999999318,-0.31135531135529304,-0.3388278388278211,-0.3663003663003492
candidate,internal_validation,2023-09-12,2023-09-13,2023-09-14,GBPUSD,0.07138403716290376,1,2023-09-14T17:00:00+00:00,2023-09-14T20:00:00+00:00,1.24213,1.24145,1.2393614285714285,27.68571428571438,time_exit,-6.800000000000139,-0.3178534571723466,-0.35397316821465813,-0.39009287925696967
control,internal_validation,2023-09-12,2023-09-13,2023-09-14,EURUSD,,1,2023-09-14T17:00:00+00:00,2023-09-14T20:00:00+00:00,1.06644,1.06487,1.0639628571428572,24.771428571428842,time_exit,-15.700000000000713,-0.6943483275663419,-0.7246251441753381,-0.7549019607843342
candidate,internal_validation,2023-09-13,2023-09-14,2023-09-15,EURUSD,0.06365113759479946,-1,2023-09-15T17:00:00+00:00,2023-09-15T17:00:00+00:00,1.06624,1.0678964285714287,1.0678964285714287,16.56428571428574,stop,-16.564285714286697,-1.0905562742562025,-1.1358344113842749,-1.1811125485123473
control,internal_validation,2023-09-13,2023-09-14,2023-09-15,EURUSD,,-1,2023-09-15T17:00:00+00:00,2023-09-15T17:00:00+00:00,1.06624,1.0678964285714287,1.0678964285714287,16.56428571428574,stop,-16.564285714286697,-1.0905562742562025,-1.1358344113842749,-1.1811125485123473
candidate,internal_validation,2023-09-15,2023-09-18,2023-09-19,GBPUSD,0.0071867018303919394,-1,2023-09-19T17:00:00+00:00,2023-09-19T20:00:00+00:00,1.24011,1.23868,1.2421307142857143,20.207142857142724,time_exit,14.300000000000423,0.6086956521739381,0.5592082007776846,0.5097207493814312
control,internal_validation,2023-09-15,2023-09-18,2023-09-19,USDJPY,,-1,2023-09-19T17:00:00+00:00,2023-09-19T20:00:00+00:00,147.71,147.829,147.89257142857144,18.257142857142938,time_exit,-11.899999999999977,-0.7339593114240957,-0.7750391236306683,-0.8161189358372408
candidate,internal_validation,2023-09-18,2023-09-19,2023-09-20,USDJPY,0.04282566170580693,1,2023-09-20T17:00:00+00:00,2023-09-20T19:00:00+00:00,147.712,147.5212857142857,147.5212857142857,19.07142857142889,stop,-19.071428571427873,-1.0786516853932038,-1.1179775280898323,-1.157303370786461
control,internal_validation,2023-09-18,2023-09-19,2023-09-20,USDJPY,,1,2023-09-20T17:00:00+00:00,2023-09-20T19:00:00+00:00,147.712,147.5212857142857,147.5212857142857,19.07142857142889,stop,-19.071428571427873,-1.0786516853932038,-1.1179775280898323,-1.157303370786461
candidate,internal_validation,2023-09-20,2023-09-21,2023-09-22,GBPUSD,0.06640393211756801,-1,2023-09-22T17:00:00+00:00,2023-09-22T20:00:00+00:00,1.22723,1.22511,1.2298839285714285,26.539285714285192,time_exit,21.200000000001218,0.7234557932984049,0.6857758040641153,0.6480958148298258
control,internal_validation,2023-09-20,2023-09-21,2023-09-22,GBPUSD,,-1,2023-09-22T17:00:00+00:00,2023-09-22T20:00:00+00:00,1.22723,1.22511,1.2298839285714285,26.539285714285192,time_exit,21.200000000001218,0.7234557932984049,0.6857758040641153,0.6480958148298258
candidate,internal_validation,2023-09-21,2023-09-22,2023-09-25,GBPUSD,0.03145214016442477,-1,2023-09-25T17:00:00+00:00,2023-09-25T20:00:00+00:00,1.2214,1.2211400000000001,1.2233842857142858,19.84285714285676,time_exit,2.5999999999992696,0.030237580993484288,-0.020158387329050877,-0.07055435565158605
control,internal_validation,2023-09-21,2023-09-22,2023-09-25,USDJPY,,1,2023-09-25T17:00:00+00:00,2023-09-25T20:00:00+00:00,148.795,148.85,148.64446428571426,15.053571428571136,time_exit,5.500000000000682,0.2657176749703945,0.21589561091345402,0.16607354685651354
candidate,internal_validation,2023-09-22,2023-09-25,2023-09-26,USDJPY,0.020735373189804784,1,2023-09-26T17:00:00+00:00,2023-09-26T20:00:00+00:00,148.884,148.926,148.64335714285713,24.064285714285205,time_exit,4.200000000000159,0.1121994657168389,0.08103294746216327,0.049866429207487635
control,internal_validation,2023-09-22,2023-09-25,2023-09-26,EURUSD,,-1,2023-09-26T17:00:00+00:00,2023-09-26T20:00:00+00:00,1.05922,1.05693,1.0610275,18.075000000000173,time_exit,22.900000000001253,1.1839557399723954,1.1424619640387859,1.1009681881051763
candidate,internal_validation,2023-09-25,2023-09-26,2023-09-27,USDJPY,0.011065662154374767,1,2023-09-27T17:00:00+00:00,2023-09-27T20:00:00+00:00,149.38,149.617,149.20246428571429,17.753571428571544,time_exit,23.699999999999477,1.250452625226275,1.2082076041037648,1.1659625829812545
control,internal_validation,2023-09-25,2023-09-26,2023-09-27,GBPUSD,,-1,2023-09-27T17:00:00+00:00,2023-09-27T20:00:00+00:00,1.21417,1.21241,1.2164157142857144,22.457142857143428,time_exit,17.599999999999838,0.6946564885495935,0.6501272264630806,0.6055979643765678
candidate,internal_validation,2023-09-26,2023-09-27,2023-09-28,GBPUSD,0.034356086706546884,-1,2023-09-28T17:00:00+00:00,2023-09-28T18:00:00+00:00,1.21899,1.2221603571428572,1.2221603571428572,31.70357142857191,stop,-31.70357142857183,-1.06308437535203,-1.0946265630280463,-1.1261687507040625
control,internal_validation,2023-09-26,2023-09-27,2023-09-28,USDJPY,,1,2023-09-28T17:00:00+00:00,2023-09-28T20:00:00+00:00,149.322,149.287,149.1069642857143,21.503571428571178,time_exit,-3.499999999999659,-0.23251951503071264,-0.2673974422853219,-0.30227536953993117
candidate,internal_validation,2023-09-27,2023-09-28,2023-09-29,GBPUSD,0.04135745108771749,1,2023-09-29T17:00:00+00:00,2023-09-29T17:00:00+00:00,1.22187,1.2189353571428572,1.2189353571428572,29.346428571428362,stop,-29.34642857142844,-1.0681513934526015,-1.1022270901789009,-1.1363027869052003
control,internal_validation,2023-09-27,2023-09-28,2023-09-29,GBPUSD,,1,2023-09-29T17:00:00+00:00,2023-09-29T17:00:00+00:00,1.22187,1.2189353571428572,1.2189353571428572,29.346428571428362,stop,-29.34642857142844,-1.0681513934526015,-1.1022270901789009,-1.1363027869052003
candidate,internal_validation,2023-09-29,2023-10-02,2023-10-03,USDJPY,0.010314537094691767,1,2023-10-03T17:00:00+00:00,2023-10-03T17:00:00+00:00,149.891,149.74935714285715,149.74935714285715,14.164285714285441,stop,-14.16428571428412,-1.105900151285839,-1.1588502269288055,-1.2118003025717716
control,internal_validation,2023-09-29,2023-10-02,2023-10-03,GBPUSD,,-1,2023-10-03T17:00:00+00:00,2023-10-03T20:00:00+00:00,1.20961,1.20754,1.2122114285714285,26.01428571428532,time_exit,20.700000000000163,0.7188358045030374,0.6803953871499342,0.6419549697968309
candidate,internal_validation,2023-10-02,2023-10-03,2023-10-04,GBPUSD,0.008474753429411175,-1,2023-10-04T17:00:00+00:00,2023-10-04T20:00:00+00:00,1.21473,1.21518,1.2183685714285715,36.38571428571427,time_exit,-4.499999999998394,-0.17864153906552327,-0.20612485276791825,-0.23360816647031324
control,internal_validation,2023-10-02,2023-10-03,2023-10-04,USDJPY,,-1,2023-10-04T17:00:00+00:00,2023-10-04T20:00:00+00:00,148.933,148.882,149.20974999999999,27.674999999999372,time_exit,5.099999999998772,0.1300813008129667,0.10298102981025607,0.07588075880754543
candidate,internal_validation,2023-10-04,2023-10-05,2023-10-06,EURUSD,0.0032187284011109263,1,2023-10-06T17:00:00+00:00,2023-10-06T20:00:00+00:00,1.0512,1.05791,1.0486799999999998,25.20000000000022,time_exit,67.09999999999994,2.603174603174578,2.5734126984126737,2.543650793650769
control,internal_validation,2023-10-04,2023-10-05,2023-10-06,USDJPY,,-1,2023-10-06T17:00:00+00:00,2023-10-06T20:00:00+00:00,149.371,149.294,149.64807142857143,27.707142857142387,time_exit,7.699999999999818,0.22376901263211893,0.19670018045887794,0.16963134828563695
candidate,internal_validation,2023-10-09,2023-10-10,2023-10-11,EURUSD,0.003331450910348588,1,2023-10-11T17:00:00+00:00,2023-10-11T19:00:00+00:00,1.06291,1.0606632142857144,1.0606632142857144,22.46785714285707,stop,-22.46785714285604,-1.0667620410109224,-1.1001430615164065,-1.1335240820218906
control,internal_validation,2023-10-09,2023-10-10,2023-10-11,GBPUSD,,1,2023-10-11T17:00:00+00:00,2023-10-11T18:00:00+00:00,1.23305,1.2303714285714284,1.2303714285714284,26.785714285714427,stop,-26.7857142857153,-1.0746666666666989,-1.112000000000032,-1.149333333333365
candidate,internal_validation,2023-10-10,2023-10-11,2023-10-12,EURUSD,0.005362363104847612,-1,2023-10-12T17:00:00+00:00,2023-10-12T20:00:00+00:00,1.05496,1.05485,1.0570567857142856,20.967857142857238,time_exit,1.0999999999983245,-0.019076818259320154,-0.05484585249539562,-0.09061488673147108
control,internal_validation,2023-10-10,2023-10-11,2023-10-12,USDJPY,,1,2023-10-12T17:00:00+00:00,2023-10-12T20:00:00+00:00,149.591,149.737,149.35646428571428,23.453571428571657,time_exit,14.599999999998658,0.5585503273944858,0.526572255215409,0.49459418303633207
candidate,internal_validation,2023-10-11,2023-10-12,2023-10-13,USDJPY,0.02951780426811501,1,2023-10-13T17:00:00+00:00,2023-10-13T20:00:00+00:00,149.638,149.572,149.46057142857146,17.742857142856295,time_exit,-6.60000000000025,-0.4565217391304707,-0.49879227053143893,-0.5410628019324071
control,internal_validation,2023-10-11,2023-10-12,2023-10-13,GBPUSD,,-1,2023-10-13T17:00:00+00:00,2023-10-13T20:00:00+00:00,1.21677,1.21368,1.2195117857142856,27.417857142856903,time_exit,30.89999999999815,1.054057574573343,1.0175849941382769,0.9811124137032107
candidate,internal_validation,2023-10-12,2023-10-13,2023-10-16,EURUSD,0.008252803028130584,-1,2023-10-16T17:00:00+00:00,2023-10-16T17:00:00+00:00,1.053,1.0545449999999998,1.0545449999999998,15.44999999999963,stop,-15.449999999999076,-1.0970873786407431,-1.1456310679611326,-1.1941747572815222
control,internal_validation,2023-10-12,2023-10-13,2023-10-16,GBPUSD,,-1,2023-10-16T17:00:00+00:00,2023-10-16T17:00:00+00:00,1.21607,1.2183692857142856,1.2183692857142856,22.99285714285694,stop,-22.99285714285615,-1.0869835352593635,-1.1304753028890626,-1.1739670705187617
candidate,internal_validation,2023-10-13,2023-10-16,2023-10-17,GBPUSD,0.005959172758067455,1,2023-10-17T17:00:00+00:00,2023-10-17T20:00:00+00:00,1.21486,1.21914,1.2118707142857144,29.892857142857892,time_exit,42.79999999999839,1.3648745519712382,1.331421744324883,1.2979689366785279
control,internal_validation,2023-10-13,2023-10-16,2023-10-17,GBPUSD,,1,2023-10-17T17:00:00+00:00,2023-10-17T20:00:00+00:00,1.21486,1.21914,1.2118707142857144,29.892857142857892,time_exit,42.79999999999839,1.3648745519712382,1.331421744324883,1.2979689366785279
candidate,internal_validation,2023-10-16,2023-10-17,2023-10-18,USDJPY,0.026989076578730842,1,2023-10-18T17:00:00+00:00,2023-10-18T20:00:00+00:00,149.711,149.821,149.5642142857143,14.678571428571175,time_exit,10.999999999998522,0.64720194647193,0.5961070559609801,0.5450121654500304
control,internal_validation,2023-10-16,2023-10-17,2023-10-18,EURUSD,,1,2023-10-18T17:00:00+00:00,2023-10-18T18:00:00+00:00,1.05506,1.0530542857142857,1.0530542857142857,20.057142857143173,stop,-20.057142857143884,-1.074786324786359,-1.1121794871795208,-1.1495726495726826
candidate,internal_validation,2023-10-17,2023-10-18,2023-10-19,GBPUSD,0.0024520383959840686,-1,2023-10-19T17:00:00+00:00,2023-10-19T19:00:00+00:00,1.21447,1.21687,1.21687,23.999999999999975,stop,-23.999999999999577,-1.0833333333333168,-1.1249999999999836,-1.1666666666666503
control,internal_validation,2023-10-17,2023-10-18,2023-10-19,EURUSD,,-1,2023-10-19T17:00:00+00:00,2023-10-19T19:00:00+00:00,1.05754,1.059127857142857,1.059127857142857,15.878571428571489,stop,-15.878571428571409,-1.0944669365721944,-1.141700404858294,-1.1889338731443937
candidate,internal_validation,2023-10-18,2023-10-19,2023-10-20,GBPUSD,0.015945876357308375,1,2023-10-20T17:00:00+00:00,2023-10-20T20:00:00+00:00,1.21447,1.2154,1.2117175,27.524999999999753,time_exit,9.300000000000974,0.2652134423251967,0.22888283378750338,0.19255222524981006
control,internal_validation,2023-10-18,2023-10-19,2023-10-20,EURUSD,,1,2023-10-20T17:00:00+00:00,2023-10-20T20:00:00+00:00,1.05789,1.05895,1.0560439285714285,18.460714285714367,time_exit,10.600000000000609,0.49293867285745,0.45231185916041017,0.4116850454633703
candidate,internal_validation,2023-10-19,2023-10-20,2023-10-23,GBPUSD,0.014345390510980716,-1,2023-10-23T17:00:00+00:00,2023-10-23T17:00:00+00:00,1.21732,1.2197875,1.2197875,24.674999999999635,stop,-24.67500000000067,-1.0810536980750178,-1.1215805471125058,-1.1621073961499937
control,internal_validation,2023-10-19,2023-10-20,2023-10-23,GBPUSD,,-1,2023-10-23T17:00:00+00:00,2023-10-23T17:00:00+00:00,1.21732,1.2197875,1.2197875,24.674999999999635,stop,-24.67500000000067,-1.0810536980750178,-1.1215805471125058,-1.1621073961499937
candidate,internal_validation,2023-10-20,2023-10-23,2023-10-24,EURUSD,0.011827434937616621,1,2023-10-24T17:00:00+00:00,2023-10-24T18:00:00+00:00,1.06115,1.0588078571428572,1.0588078571428572,23.421428571428798,stop,-23.421428571428482,-1.0640439158279822,-1.0960658737419802,-1.128087831655978
control,internal_validation,2023-10-20,2023-10-23,2023-10-24,GBPUSD,,1,2023-10-24T17:00:00+00:00,2023-10-24T19:00:00+00:00,1.21872,1.215722142857143,1.215722142857143,29.978571428571318,stop,-29.978571428570522,-1.0667143197521776,-1.1000714796282796,-1.1334286395043818
candidate,internal_validation,2023-10-24,2023-10-25,2023-10-26,USDJPY,0.0052301255230124966,1,2023-10-26T17:00:00+00:00,2023-10-26T20:00:00+00:00,150.253,150.421,149.93371428571427,31.928571428571622,time_exit,16.800000000000637,0.47919463087250025,0.45570469798659435,0.43221476510068846
control,internal_validation,2023-10-24,2023-10-25,2023-10-26,GBPUSD,,-1,2023-10-26T17:00:00+00:00,2023-10-26T20:00:00+00:00,1.21218,1.21044,1.2148092857142858,26.292857142857148,time_exit,17.400000000000748,0.5857104047813377,0.5476772616137203,0.5096441184461028
candidate,internal_validation,2023-10-26,2023-10-27,2023-10-30,USDJPY,0.020632361485745543,-1,2023-10-30T17:00:00+00:00,2023-10-30T20:00:00+00:00,149.086,149.04,149.35160714285715,26.560714285713516,time_exit,4.600000000002069,0.11671372865410845,0.08847653623781074,0.06023934382151302
control,internal_validation,2023-10-26,2023-10-27,2023-10-30,USDJPY,,-1,2023-10-30T17:00:00+00:00,2023-10-30T20:00:00+00:00,149.086,149.04,149.35160714285715,26.560714285713516,time_exit,4.600000000002069,0.11671372865410845,0.08847653623781074,0.06023934382151302
candidate,internal_validation,2023-10-27,2023-10-30,2023-10-31,USDJPY,0.02907877622575361,-1,2023-10-31T17:00:00+00:00,2023-10-31T18:00:00+00:00,151.258,151.69835714285716,151.69835714285716,44.03571428571474,stop,-44.035714285715244,-1.0340632603406437,-1.0510948905109598,-1.068126520681276
control,internal_validation,2023-10-27,2023-10-30,2023-10-31,USDJPY,,-1,2023-10-31T17:00:00+00:00,2023-10-31T18:00:00+00:00,151.258,151.69835714285716,151.69835714285716,44.03571428571474,stop,-44.035714285715244,-1.0340632603406437,-1.0510948905109598,-1.068126520681276
candidate,internal_validation,2023-10-30,2023-10-31,2023-11-01,USDJPY,0.016420108588134363,1,2023-11-01T17:00:00+00:00,2023-11-01T20:00:00+00:00,151.055,151.083,150.81725,23.774999999999636,time_exit,2.7999999999991587,0.054679284963162086,0.023133543638240467,-0.008412197686681151
control,internal_validation,2023-10-30,2023-10-31,2023-11-01,USDJPY,,1,2023-11-01T17:00:00+00:00,2023-11-01T20:00:00+00:00,151.055,151.083,150.81725,23.774999999999636,time_exit,2.7999999999991587,0.054679284963162086,0.023133543638240467,-0.008412197686681151
candidate,internal_validation,2023-10-31,2023-11-01,2023-11-02,EURUSD,0.004168392113557351,-1,2023-11-02T17:00:00+00:00,2023-11-02T20:00:00+00:00,1.06396,1.06283,1.0661007142857144,21.407142857143445,time_exit,11.300000000000754,0.4577911244578138,0.4227560894227797,0.3877210543877456
control,internal_validation,2023-10-31,2023-11-01,2023-11-02,USDJPY,,-1,2023-11-02T17:00:00+00:00,2023-11-02T20:00:00+00:00,150.288,150.408,150.60771428571428,31.971428571428362,time_exit,-11.999999999997613,-0.4222520107237887,-0.4457104557640033,-0.46916890080421797
candidate,internal_validation,2023-11-01,2023-11-02,2023-11-03,EURUSD,0.008864915639395177,1,2023-11-03T17:00:00+00:00,2023-11-03T20:00:00+00:00,1.07199,1.07366,1.0694035714285715,25.864285714285767,time_exit,16.700000000000603,0.587682960508169,0.5586854460094118,0.5296879315106546
control,internal_validation,2023-11-01,2023-11-02,2023-11-03,EURUSD,,1,2023-11-03T17:00:00+00:00,2023-11-03T20:00:00+00:00,1.07199,1.07366,1.0694035714285715,25.864285714285767,time_exit,16.700000000000603,0.587682960508169,0.5586854460094118,0.5296879315106546
candidate,internal_validation,2023-11-02,2023-11-03,2023-11-06,EURUSD,0.0019316965717708356,1,2023-11-06T17:00:00+00:00,2023-11-06T20:00:00+00:00,1.07391,1.07355,1.0724367857142856,14.732142857143259,time_exit,-3.5999999999991594,-0.3461818181817517,-0.3970909090908412,-0.44799999999993073
control,internal_validation,2023-11-02,2023-11-03,2023-11-06,GBPUSD,,1,2023-11-06T17:00:00+00:00,2023-11-06T20:00:00+00:00,1.23912,1.23709,1.236609642857143,25.10357142857149,time_exit,-20.299999999999763,-0.888319817897271,-0.9281547873097051,-0.9679897567221392
candidate,internal_validation,2023-11-06,2023-11-07,2023-11-08,USDJPY,0.009224074289932771,1,2023-11-08T17:00:00+00:00,2023-11-08T20:00:00+00:00,150.844,150.911,150.68189285714286,16.210714285714644,time_exit,6.700000000000728,0.3207755012117584,0.27450980392160745,0.22824410663145644
control,internal_validation,2023-11-06,2023-11-07,2023-11-08,GBPUSD,,-1,2023-11-08T17:00:00+00:00,2023-11-08T20:00:00+00:00,1.22809,1.22922,1.230187857142857,20.97857142857111,time_exit,-11.300000000000754,-0.6339802519578256,-0.6816479400749526,-0.7293156281920796
candidate,internal_validation,2023-11-07,2023-11-08,2023-11-09,USDJPY,0.020651102624122286,1,2023-11-09T17:00:00+00:00,2023-11-09T20:00:00+00:00,150.854,151.08,150.64464285714288,20.935714285714063,time_exit,22.59999999999991,1.007847151142961,0.9720232002729504,0.9361992494029397
control,internal_validation,2023-11-07,2023-11-08,2023-11-09,USDJPY,,1,2023-11-09T17:00:00+00:00,2023-11-09T20:00:00+00:00,150.854,151.08,150.64464285714288,20.935714285714063,time_exit,22.59999999999991,1.007847151142961,0.9720232002729504,0.9361992494029397
candidate,internal_validation,2023-11-08,2023-11-09,2023-11-10,USDJPY,0.021021621376948296,1,2023-11-10T17:00:00+00:00,2023-11-10T20:00:00+00:00,151.489,151.558,151.35003571428572,13.896428571429148,time_exit,6.89999999999884,0.38858905165757196,0.3346183500384532,0.2806476484193344
control,internal_validation,2023-11-08,2023-11-09,2023-11-10,GBPUSD,,-1,2023-11-10T17:00:00+00:00,2023-11-10T20:00:00+00:00,1.21999,1.22168,1.2223021428571428,23.121428571428257,time_exit,-16.900000000001913,-0.8174235403152005,-0.860673463083196,-0.9039233858511917
candidate,internal_validation,2023-11-09,2023-11-10,2023-11-13,USDJPY,0.03474569696432339,1,2023-11-13T17:00:00+00:00,2023-11-13T17:00:00+00:00,151.886,151.7452142857143,151.7452142857143,14.078571428571049,stop,-14.07857142856983,-1.1065449010653654,-1.1598173515980912,-1.2130898021308172
control,internal_validation,2023-11-09,2023-11-10,2023-11-13,GBPUSD,,-1,2023-11-13T17:00:00+00:00,2023-11-13T17:00:00+00:00,1.2239200000000001,1.225729642857143,1.225729642857143,18.09642857142865,stop,-18.096428571428014,-1.1105190447996487,-1.1657785671994905,-1.2210380895993325
candidate,internal_validation,2023-11-10,2023-11-13,2023-11-14,USDJPY,0.01566304635004956,1,2023-11-14T17:00:00+00:00,2023-11-14T20:00:00+00:00,150.79,150.605,150.56371428571427,22.628571428572286,time_exit,-18.500000000000227,-0.8838383838383604,-0.9169823232322986,-0.9501262626262367
control,internal_validation,2023-11-10,2023-11-13,2023-11-14,GBPUSD,,1,2023-11-14T17:00:00+00:00,2023-11-14T20:00:00+00:00,1.24588,1.24925,1.2421042857142859,37.75714285714279,time_exit,33.69999999999873,0.8395762391221775,0.8130911842602782,0.7866061293983787
candidate,internal_validation,2023-11-13,2023-11-14,2023-11-15,EURUSD,0.020721491100933465,1,2023-11-15T17:00:00+00:00,2023-11-15T20:00:00+00:00,1.08361,1.08541,1.0814424999999999,21.67500000000044,time_exit,18.000000000000238,0.7612456747404799,0.7266435986159131,0.6920415224913464
control,internal_validation,2023-11-13,2023-11-14,2023-11-15,GBPUSD,,1,2023-11-15T17:00:00+00:00,2023-11-15T20:00:00+00:00,1.2409,1.2422900000000001,1.238085357142857,28.146428571428824,time_exit,13.900000000002244,0.4227889861693438,0.38726049993663253,0.35173201370392126
candidate,internal_validation,2023-11-14,2023-11-15,2023-11-16,EURUSD,0.003798329303081216,-1,2023-11-16T17:00:00+00:00,2023-11-16T20:00:00+00:00,1.08763,1.08599,1.0896453571428573,20.15357142857166,time_exit,16.40000000000086,0.7393230551125629,0.7021088073719998,0.6648945596314367
control,internal_validation,2023-11-14,2023-11-15,2023-11-16,GBPUSD,,-1,2023-11-16T17:00:00+00:00,2023-11-16T20:00:00+00:00,1.24323,1.24254,1.2461946428571429,29.64642857142866,time_exit,6.900000000000794,0.16528129141069972,0.1315504156126032,0.09781953981450668
candidate,internal_validation,2023-11-16,2023-11-17,2023-11-20,GBPUSD,0.0007959316928560778,1,2023-11-20T17:00:00+00:00,2023-11-20T20:00:00+00:00,1.24936,1.25006,1.2466610714285715,26.98928571428576,time_exit,6.999999999999229,0.18525870054251445,0.14820696043400586,0.11115522032549725
control,internal_validation,2023-11-16,2023-11-17,2023-11-20,USDJPY,,-1,2023-11-20T17:00:00+00:00,2023-11-20T20:00:00+00:00,148.421,148.354,148.9157857142857,49.47857142857138,time_exit,6.699999999997885,0.10509600115485848,0.08993792406520927,0.07477984697556005
candidate,internal_validation,2023-11-17,2023-11-20,2023-11-21,GBPUSD,0.012624771411155145,1,2023-11-21T17:00:00+00:00,2023-11-21T20:00:00+00:00,1.25452,1.2547,1.2520589285714285,24.610714285715407,time_exit,1.7999999999984695,-0.008126541866264112,-0.04875925119727372,-0.08939196052828334
control,internal_validation,2023-11-17,2023-11-20,2023-11-21,USDJPY,,-1,2023-11-21T17:00:00+00:00,2023-11-21T20:00:00+00:00,147.538,147.963,148.03417857142858,49.61785714285745,time_exit,-42.499999999998295,-0.8867775138558588,-0.9018930396602206,-0.9170085654645824
candidate,internal_validation,2023-11-20,2023-11-21,2023-11-22,EURUSD,0.00864813017607502,-1,2023-11-22T17:00:00+00:00,2023-11-22T20:00:00+00:00,1.08746,1.0878700000000001,1.0898567857142858,23.96785714285667,time_exit,-4.100000000000215,-0.23364625242141127,-0.2649381612278491,-0.2962300700342869
control,internal_validation,2023-11-20,2023-11-21,2023-11-22,GBPUSD,,1,2023-11-22T17:00:00+00:00,2023-11-22T17:00:00+00:00,1.24823,1.2454507142857143,1.2454507142857143,27.79285714285722,stop,-27.79285714285651,-1.0719609354921356,-1.1079414032382162,-1.1439218709842969
candidate,internal_validation,2023-11-21,2023-11-22,2023-11-24,EURUSD,0.009783006601951527,-1,2023-11-24T17:00:00+00:00,2023-11-24T20:00:00+00:00,1.09367,1.09406,1.0953660714285713,16.960714285713816,time_exit,-3.900000000001125,-0.31838281743532465,-0.36260265319022167,-0.40682248894511863
control,internal_validation,2023-11-21,2023-11-22,2023-11-24,USDJPY,,1,2023-11-24T17:00:00+00:00,2023-11-24T20:00:00+00:00,149.517,149.526,149.29714285714286,21.985714285712987,time_exit,0.9000000000014552,-0.027290448343015347,-0.06140350877186726,-0.09551656920071919
candidate,internal_validation,2023-11-22,2023-11-24,2023-11-27,GBPUSD,0.0340461087074484,1,2023-11-27T17:00:00+00:00,2023-11-27T20:00:00+00:00,1.26146,1.26037,1.2592003571428572,22.59642857142815,time_exit,-10.900000000000354,-0.5708866761498603,-0.6151414572467476,-0.6593962383436348
control,internal_validation,2023-11-22,2023-11-24,2023-11-27,GBPUSD,,1,2023-11-27T17:00:00+00:00,2023-11-27T20:00:00+00:00,1.26146,1.26037,1.2592003571428572,22.59642857142815,time_exit,-10.900000000000354,-0.5708866761498603,-0.6151414572467476,-0.6593962383436348
candidate,internal_validation,2023-11-27,2023-11-28,2023-11-29,EURUSD,0.013475552830688242,1,2023-11-29T17:00:00+00:00,2023-11-29T20:00:00+00:00,1.09769,1.09761,1.0955578571428572,21.32142857142884,time_exit,-0.8000000000008001,-0.1078726968174566,-0.1430485762144411,-0.17822445561142558
control,internal_validation,2023-11-27,2023-11-28,2023-11-29,USDJPY,,-1,2023-11-29T17:00:00+00:00,2023-11-29T20:00:00+00:00,147.403,147.266,147.87335714285715,47.03571428571444,time_exit,13.700000000000045,0.25937737281700846,0.24343204252088096,0.22748671222475345
candidate,internal_validation,2023-11-28,2023-11-29,2023-11-30,USDJPY,0.016497943506809554,-1,2023-11-30T17:00:00+00:00,2023-11-30T20:00:00+00:00,148.367,148.211,148.81142857142856,44.442857142856795,time_exit,15.599999999997749,0.31726133076176477,0.3003857280616682,0.2835101253615716
control,internal_validation,2023-11-28,2023-11-29,2023-11-30,USDJPY,,-1,2023-11-30T17:00:00+00:00,2023-11-30T20:00:00+00:00,148.367,148.211,148.81142857142856,44.442857142856795,time_exit,15.599999999997749,0.31726133076176477,0.3003857280616682,0.2835101253615716
candidate,internal_validation,2023-11-29,2023-11-30,2023-12-01,EURUSD,0.0052964745685259995,-1,2023-12-01T17:00:00+00:00,2023-12-01T18:00:00+00:00,1.08454,1.0867010714285714,1.0867010714285714,21.61071428571407,stop,-21.610714285713595,-1.0694100148735532,-1.1041150223103409,-1.1388200297471285
control,internal_validation,2023-11-29,2023-11-30,2023-12-01,USDJPY,,1,2023-12-01T17:00:00+00:00,2023-12-01T17:00:00+00:00,148.073,147.68353571428574,147.68353571428574,38.94642857142817,stop,-38.94642857142685,-1.03851444291606,-1.0577716643741069,-1.077028885832154
candidate,internal_validation,2023-11-30,2023-12-01,2023-12-04,EURUSD,0.01228830906021483,-1,2023-12-04T17:00:00+00:00,2023-12-04T20:00:00+00:00,1.08398,1.08258,1.0862460714285713,22.660714285714523,time_exit,13.999999999998458,0.5516154452323927,0.5185185185184451,0.4854215918044974
control,internal_validation,2023-11-30,2023-12-01,2023-12-04,USDJPY,,-1,2023-12-04T17:00:00+00:00,2023-12-04T17:00:00+00:00,146.761,147.13717857142856,147.13717857142856,37.61785714285771,stop,-37.61785714285679,-1.0398746795784428,-1.0598120193676763,-1.0797493591569098
candidate,internal_validation,2023-12-01,2023-12-04,2023-12-05,EURUSD,0.013725681144365787,-1,2023-12-05T17:00:00+00:00,2023-12-05T17:00:00+00:00,1.08096,1.0832560714285713,1.0832560714285713,22.960714285714587,stop,-22.960714285713557,-1.065328978068083,-1.097993467102147,-1.130657956136211
control,internal_validation,2023-12-01,2023-12-04,2023-12-05,GBPUSD,,-1,2023-12-05T17:00:00+00:00,2023-12-05T17:00:00+00:00,1.26086,1.2634164285714287,1.2634164285714287,25.564285714285944,stop,-25.564285714285706,-1.078234143615525,-1.1173512154232923,-1.1564682872310594
candidate,internal_validation,2023-12-04,2023-12-05,2023-12-06,EURUSD,0.014224301260053585,-1,2023-12-06T17:00:00+00:00,2023-12-06T20:00:00+00:00,1.07946,1.07812,1.0812053571428573,17.45357142857205,time_exit,13.400000000001189,0.6818088807039522,0.63883773276043,0.5958665848169079
control,internal_validation,2023-12-04,2023-12-05,2023-12-06,EURUSD,,-1,2023-12-06T17:00:00+00:00,2023-12-06T20:00:00+00:00,1.07946,1.07812,1.0812053571428573,17.45357142857205,time_exit,13.400000000001189,0.6818088807039522,0.63883773276043,0.5958665848169079
candidate,internal_validation,2023-12-06,2023-12-07,2023-12-08,USDJPY,0.020771276898500002,-1,2023-12-08T17:00:00+00:00,2023-12-08T20:00:00+00:00,144.269,144.806,145.1189642857143,84.9964285714288,time_exit,-53.700000000000614,-0.6494390520610165,-0.658262952224889,-0.6670868523887613
control,internal_validation,2023-12-06,2023-12-07,2023-12-08,USDJPY,,-1,2023-12-08T17:00:00+00:00,2023-12-08T20:00:00+00:00,144.269,144.806,145.1189642857143,84.9964285714288,time_exit,-53.700000000000614,-0.6494390520610165,-0.658262952224889,-0.6670868523887613
candidate,internal_validation,2023-12-07,2023-12-08,2023-12-11,EURUSD,0.005605506047103859,-1,2023-12-11T17:00:00+00:00,2023-12-11T20:00:00+00:00,1.07531,1.07441,1.0769407142857144,16.307142857142868,time_exit,8.999999999999009,0.4599211563731321,0.4139290407358128,0.3679369250984935
control,internal_validation,2023-12-07,2023-12-08,2023-12-11,USDJPY,,1,2023-12-11T17:00:00+00:00,2023-12-11T20:00:00+00:00,146.262,146.464,145.78564285714288,47.63571428571396,time_exit,20.199999999999818,0.39256260308891777,0.37681811366021767,0.3610736242315176
candidate,internal_validation,2023-12-08,2023-12-11,2023-12-12,GBPUSD,0.040843042892881876,-1,2023-12-12T17:00:00+00:00,2023-12-12T17:00:00+00:00,1.25265,1.2558942857142859,1.2558942857142859,32.442857142857235,stop,-32.4428571428581,-1.061646851607248,-1.0924702774108588,-1.1232937032144694
control,internal_validation,2023-12-08,2023-12-11,2023-12-12,USDJPY,,1,2023-12-12T17:00:00+00:00,2023-12-12T20:00:00+00:00,145.665,145.663,145.2042857142857,46.071428571428996,time_exit,-0.1999999999981128,-0.03689922480616025,-0.05317829457360196,-0.06945736434104367
candidate,internal_validation,2023-12-11,2023-12-12,2023-12-13,EURUSD,0.04711780826220435,1,2023-12-13T17:00:00+00:00,2023-12-13T20:00:00+00:00,1.0790899999999999,1.07841,1.0774635714285714,16.264285714285442,time_exit,-6.799999999997919,-0.5103205972769996,-0.5564339042598726,-0.6025472112427456
control,internal_validation,2023-12-11,2023-12-12,2023-12-13,USDJPY,,-1,2023-12-13T17:00:00+00:00,2023-12-13T20:00:00+00:00,145.249,145.176,145.59025,34.12500000000003,time_exit,7.30000000000075,0.1699633699633918,0.14798534798536986,0.1260073260073479
candidate,internal_validation,2023-12-12,2023-12-13,2023-12-14,GBPUSD,0.05491878298505681,-1,2023-12-14T17:00:00+00:00,2023-12-14T19:00:00+00:00,1.27457,1.2785932142857142,1.2785932142857142,40.232142857142584,stop,-40.23214285714172,-1.0497114957833786,-1.0745672436750788,-1.099422991566779
control,internal_validation,2023-12-12,2023-12-13,2023-12-14,USDJPY,,-1,2023-12-14T17:00:00+00:00,2023-12-14T20:00:00+00:00,141.687,141.597,142.5135,82.64999999999938,time_exit,9.000000000000341,0.09074410163339863,0.08166969147005919,0.07259528130671973
candidate,internal_validation,2023-12-13,2023-12-14,2023-12-15,EURUSD,0.030144398324466026,1,2023-12-15T17:00:00+00:00,2023-12-15T20:00:00+00:00,1.09198,1.09103,1.0892275,27.525000000000226,time_exit,-9.500000000000064,-0.3996366939146221,-0.42688465031789163,-0.4541326067211612
control,internal_validation,2023-12-13,2023-12-14,2023-12-15,USDJPY,,-1,2023-12-15T17:00:00+00:00,2023-12-15T20:00:00+00:00,141.825,142.039,142.40249999999997,57.749999999999545,time_exit,-21.399999999999864,-0.3965367965367973,-0.4095238095238104,-0.4225108225108235
candidate,internal_validation,2023-12-21,2023-12-22,2023-12-26,EURUSD,0.011845836555813394,1,2023-12-26T17:00:00+00:00,2023-12-26T20:00:00+00:00,1.10266,1.10353,1.101570357142857,10.896428571428823,time_exit,8.699999999999264,0.6607669616518346,0.5919370698130948,0.523107177974355
control,internal_validation,2023-12-21,2023-12-22,2023-12-26,GBPUSD,,1,2023-12-26T17:00:00+00:00,2023-12-26T20:00:00+00:00,1.2708,1.27069,1.269275357142857,15.246428571428533,time_exit,-1.0999999999983245,-0.2033263059263371,-0.26891543687035224,-0.33450456781436744
candidate,internal_validation,2023-12-22,2023-12-26,2023-12-27,GBPUSD,0.007095216191352449,-1,2023-12-27T17:00:00+00:00,2023-12-27T18:00:00+00:00,1.2772000000000001,1.2795367857142859,1.2795367857142859,23.367857142858206,stop,-23.367857142857495,-1.085587650924618,-1.1283814763869422,-1.1711753018492663
control,internal_validation,2023-12-22,2023-12-26,2023-12-27,EURUSD,,1,2023-12-27T17:00:00+00:00,2023-12-27T20:00:00+00:00,1.11045,1.11053,1.108695,17.549999999999827,time_exit,0.8000000000008001,-0.03988603988599469,-0.08262108262103784,-0.125356125356081
candidate,internal_validation,2023-12-26,2023-12-27,2023-12-28,USDJPY,0.02065304997030637,-1,2023-12-28T17:00:00+00:00,2023-12-28T18:00:00+00:00,140.76,141.13542857142855,141.13542857142855,37.54285714285675,stop,-37.54285714285572,-1.0399543378995166,-1.0599315068492885,-1.0799086757990604
control,internal_validation,2023-12-26,2023-12-27,2023-12-28,GBPUSD,,1,2023-12-28T17:00:00+00:00,2023-12-28T18:00:00+00:00,1.2772299999999999,1.2745546428571428,1.2745546428571428,26.753571428571597,stop,-26.75357142857049,-1.0747563743158037,-1.1121345614737264,-1.149512748631649
